"team_id","pos_team","division","conference","season","player_id","passer_player_name","plays","games","team_games","playsgame","TEPA","EPAplay","EPAgame","yards","yardsplay","yardsgame","success","comp","att","comppct","passing_td","sacked","sack_yds","pass_int","detmer","detmergame","dropbacks","sack_adj_yards","yardsdropback","TEPA_rank","EPAgame_rank","EPAplay_rank","success_rank","comppct_rank","yards_rank","yardsplay_rank","yardsgame_rank","sack_adj_yards_rank","yardsdropback_rank","detmer_rank","detmergame_rank","fbs_class"
"103","Boston College","fbs","ACC",2016,530463,"Bobby Wolford",1,1,11,1,1.52674575865259,1.52674575865259,1.52674575865259,1,1,1,1,1,1,1,1,0,0,0,0.00125,0.00125,1,1,1,NA,NA,NA,NA,NA,NA,NA,NA,NA,NA,NA,NA,"P5"
"103","Boston College","fbs","ACC",2016,530944,"Patrick Towles",227,11,11,20.6363636363636,-0.607603872096398,-0.00267666904007224,-0.0552367156451271,1405,6.18942731277533,127.727272727273,0.374449339207048,117,227,0.515418502202643,7,0,0,0,0.279403409090909,0.124179292929293,227,1405,6.18942731277533,111,111,111,104,112,102,101,112,102,101,110,109,"P5"
"103","Boston College","fbs","ACC",2016,3122790,"Darius Wade",14,5,11,2.8,-5.51628696354707,-0.39402049739622,-1.10325739270941,67,4.78571428571429,13.4,0.214285714285714,6,14,0.428571428571429,0,0,0,0,0,0,14,67,4.78571428571429,NA,NA,NA,NA,NA,NA,NA,NA,NA,NA,NA,NA,"P5"
"103","Boston College","fbs","ACC",2016,3929118,"Jeff Smith",1,1,11,1,0.916103875386884,0.916103875386884,0.916103875386884,5,5,5,1,1,1,1,0,0,0,0,0,0,1,5,5,NA,NA,NA,NA,NA,NA,NA,NA,NA,NA,NA,NA,"P5"
"103","Boston College","fbs","ACC",2016,3939936,"Davon Jones",2,2,11,1,1.82853268203232,0.914266341016161,0.914266341016161,14,7,7,0.5,1,2,0.5,1,0,0,0,0.00875,0.00583333333333333,2,14,7,NA,NA,NA,NA,NA,NA,NA,NA,NA,NA,NA,NA,"P5"
"113","Massachusetts","fbs","FBS Independents",2016,537087,"Bernard Davis",1,1,11,1,-0.637325932570648,-0.637325932570648,-0.637325932570648,0,0,0,0,0,1,0,0,0,0,0,0,0,1,0,0,NA,NA,NA,NA,NA,NA,NA,NA,NA,NA,NA,NA,"G5"
"113","Massachusetts","fbs","FBS Independents",2016,3116772,"Andrew Ford",313,9,11,34.7777777777778,110.112976698627,0.351798647599446,12.2347751887363,2300,7.3482428115016,255.555555555556,0.466453674121406,197,313,0.629392971246006,23,0,0,0,0.612268518518518,0.459201388888889,313,2300,7.3482428115016,27,11,16,42,29,47,58,26,47,58,24,13,"G5"
"113","Massachusetts","fbs","FBS Independents",2016,3125927,"Ross Comis",62,4,11,15.5,-3.24068003710686,-0.0522690328565622,-0.810170009276715,370,5.96774193548387,92.5,0.32258064516129,28,62,0.451612903225806,1,0,0,0,0.115625,0.04625,62,370,5.96774193548387,NA,NA,NA,NA,NA,NA,NA,NA,NA,NA,NA,NA,"G5"
"113","Massachusetts","fbs","FBS Independents",2016,3125943,"Andrew Libby",1,1,11,1,-2.55502763315676,-2.55502763315676,-2.55502763315676,0,0,0,0,0,1,0,0,0,0,0,0,0,1,0,0,NA,NA,NA,NA,NA,NA,NA,NA,NA,NA,NA,NA,"G5"
"113","Massachusetts","fbs","FBS Independents",2016,3125956,"Randall West",4,1,11,4,0.0773141125832558,0.019328528145814,0.0773141125832558,36,9,36,0.5,2,4,0.5,0,0,0,0,0,0,4,36,9,NA,NA,NA,NA,NA,NA,NA,NA,NA,NA,NA,NA,"G5"
"12","Arizona","fbs","Pac-12",2016,552092,"Nate Phillips",1,1,9,1,5.41337791011341,5.41337791011341,5.41337791011341,64,64,64,1,1,1,1,1,0,0,0,0.08,0.08,1,64,64,NA,NA,NA,NA,NA,NA,NA,NA,NA,NA,NA,NA,"P5"
"12","Arizona","fbs","Pac-12",2016,552097,"Anu Solomon",27,3,9,9,8.07989540694304,0.299255385442335,2.69329846898101,204,7.55555555555556,68,0.407407407407407,15,27,0.555555555555556,1,0,0,0,0.085,0.0425,27,204,7.55555555555556,NA,NA,NA,NA,NA,NA,NA,NA,NA,NA,NA,NA,"P5"
"12","Arizona","fbs","Pac-12",2016,3133993,"Brandon Dawkins",123,8,9,15.375,20.5398388070372,0.166990559406807,2.56747985087965,939,7.63414634146341,117.375,0.422764227642276,71,123,0.577235772357724,6,0,0,0,0.251517857142857,0.125758928571429,123,939,7.63414634146341,NA,NA,NA,NA,NA,NA,NA,NA,NA,NA,NA,NA,"P5"
"12","Arizona","fbs","Pac-12",2016,3134011,"Zach Werlinger",5,1,9,5,-3.77392057557338,-0.754784115114676,-3.77392057557338,0,0,0,0,0,5,0,0,0,0,0,0,0,5,0,0,NA,NA,NA,NA,NA,NA,NA,NA,NA,NA,NA,NA,"P5"
"12","Arizona","fbs","Pac-12",2016,3893608,"Matt Morin",7,1,9,7,6.79926145917395,0.971323065596279,6.79926145917395,84,12,84,0.571428571428571,4,7,0.571428571428571,1,0,0,0,0.105,0.105,7,84,12,NA,NA,NA,NA,NA,NA,NA,NA,NA,NA,NA,NA,"P5"
"12","Arizona","fbs","Pac-12",2016,4039602,"Khalil Tate",42,6,9,7,1.15852553427011,0.0275839412921454,0.193087589045018,243,5.78571428571429,40.5,0.357142857142857,18,42,0.428571428571429,3,0,0,0,0.0759375,0.03375,42,243,5.78571428571429,NA,NA,NA,NA,NA,NA,NA,NA,NA,NA,NA,NA,"P5"
"120","Maryland","fbs","Big Ten",2016,534317,"Perry Hills",138,9,11,15.3333333333333,43.899661012867,0.318113485600485,4.87774011254077,1052,7.6231884057971,116.888888888889,0.463768115942029,91,138,0.659420289855073,9,0,0,0,0.263,0.146111111111111,138,1052,7.6231884057971,NA,NA,NA,NA,NA,NA,NA,NA,NA,NA,NA,NA,"P5"
"120","Maryland","fbs","Big Ten",2016,534328,"Caleb Rowe",34,3,11,11.3333333333333,7.08449504867389,0.208367501431585,2.36149834955796,296,8.70588235294118,98.6666666666667,0.441176470588235,19,34,0.558823529411765,0,0,0,0,0,0,34,296,8.70588235294118,NA,NA,NA,NA,NA,NA,NA,NA,NA,NA,NA,NA,"P5"
"120","Maryland","fbs","Big Ten",2016,3915416,"D.J. Moore",4,4,11,1,14.4880543517291,3.62201358793228,3.62201358793228,136,34,34,0.75,3,4,0.75,2,0,0,0,0.0566666666666667,0.0283333333333333,4,136,34,NA,NA,NA,NA,NA,NA,NA,NA,NA,NA,NA,NA,"P5"
"120","Maryland","fbs","Big Ten",2016,4036210,"Tyrrell Pigrome",63,7,11,9,1.34954605741962,0.0214213659907876,0.192792293917088,262,4.15873015873016,37.4285714285714,0.349206349206349,33,63,0.523809523809524,2,0,0,0,0.0623809523809524,0.0207936507936508,63,262,4.15873015873016,NA,NA,NA,NA,NA,NA,NA,NA,NA,NA,NA,NA,"P5"
"120","Maryland","fbs","Big Ten",2016,4036215,"Max Bortenschlager",28,1,11,28,-4.65394725619239,-0.166212402006871,-4.65394725619239,99,3.53571428571429,99,0.25,13,28,0.464285714285714,0,0,0,0,0,0,28,99,3.53571428571429,NA,NA,NA,NA,NA,NA,NA,NA,NA,NA,NA,NA,"P5"
"120","Maryland","fbs","Big Ten",2016,4036234,"Wade Lees",1,1,11,1,2.63360686667451,2.63360686667451,2.63360686667451,5,5,5,1,1,1,1,0,0,0,0,0,0,1,5,5,NA,NA,NA,NA,NA,NA,NA,NA,NA,NA,NA,NA,"P5"
"127","Michigan State","fbs","Big Ten",2016,535578,"Tyler O'Connor",231,10,11,23.1,55.5296654545761,0.240388162141022,5.55296654545761,1619,7.00865800865801,161.9,0.428571428571429,136,231,0.588744588744589,8,0,0,0,0.359777777777778,0.179888888888889,231,1619,7.00865800865801,63,67,53,72,79,88,72,98,88,72,94,97,"P5"
"127","Michigan State","fbs","Big Ten",2016,535872,"Monty Madaris",1,1,11,1,3.19809341685668,3.19809341685668,3.19809341685668,20,20,20,1,1,1,1,1,0,0,0,0.025,0.025,1,20,20,NA,NA,NA,NA,NA,NA,NA,NA,NA,NA,NA,NA,"P5"
"127","Michigan State","fbs","Big Ten",2016,550476,"R.J. Shelton",5,4,11,1.25,14.1213413013281,2.82426826026562,3.53033532533202,155,31,38.75,1,5,5,1,2,0,0,0,0.0645833333333333,0.0322916666666667,5,155,31,NA,NA,NA,NA,NA,NA,NA,NA,NA,NA,NA,NA,"P5"
"127","Michigan State","fbs","Big Ten",2016,550477,"Damion Terry",45,6,11,7.5,5.29668993568161,0.117704220792925,0.882781655946935,253,5.62222222222222,42.1666666666667,0.333333333333333,22,45,0.488888888888889,1,0,0,0,0.0527083333333333,0.0150595238095238,45,253,5.62222222222222,NA,NA,NA,NA,NA,NA,NA,NA,NA,NA,NA,NA,"P5"
"127","Michigan State","fbs","Big Ten",2016,550478,"Delton Williams",1,1,11,1,2.31165141229503,2.31165141229503,2.31165141229503,24,24,24,1,1,1,1,1,0,0,0,0.03,0.03,1,24,24,NA,NA,NA,NA,NA,NA,NA,NA,NA,NA,NA,NA,"P5"
"127","Michigan State","fbs","Big Ten",2016,3134677,"Colar Kuhns",1,1,11,1,0.0236937630481835,0.0236937630481835,0.0236937630481835,5,5,5,0,1,1,1,0,0,0,0,0,0,1,5,5,NA,NA,NA,NA,NA,NA,NA,NA,NA,NA,NA,NA,"P5"
"127","Michigan State","fbs","Big Ten",2016,3929824,"Brian Lewerke",55,4,11,13.75,4.06378651141419,0.073887027480258,1.01594662785355,363,6.6,90.75,0.345454545454545,30,55,0.545454545454545,1,0,0,0,0.1134375,0.045375,55,363,6.6,NA,NA,NA,NA,NA,NA,NA,NA,NA,NA,NA,NA,"P5"
"127","Michigan State","fbs","Big Ten",2016,4036509,"Donnie Corley",2,2,11,1,6.34815102281722,3.17407551140861,3.17407551140861,43,21.5,21.5,1,2,2,1,2,0,0,0,0.0358333333333333,0.026875,2,43,21.5,NA,NA,NA,NA,NA,NA,NA,NA,NA,NA,NA,NA,"P5"
"130","Michigan","fbs","Big Ten",2016,535165,"Amara Darboh",2,2,12,1,4.96771076735077,2.48385538367539,2.48385538367539,39,19.5,19.5,1,2,2,1,2,0,0,0,0.0325,0.024375,2,39,19.5,NA,NA,NA,NA,NA,NA,NA,NA,NA,NA,NA,NA,"P5"
"130","Michigan","fbs","Big Ten",2016,535167,"Jehu Chesson",2,2,12,1,8.05629945014557,4.02814972507278,4.02814972507278,63,31.5,31.5,1,2,2,1,2,0,0,0,0.0525,0.039375,2,63,31.5,NA,NA,NA,NA,NA,NA,NA,NA,NA,NA,NA,NA,"P5"
"130","Michigan","fbs","Big Ten",2016,545550,"John O'Korn",31,6,12,5.16666666666667,-5.93968985802689,-0.191602898646029,-0.989948309671149,153,4.93548387096774,25.5,0.32258064516129,18,31,0.580645161290323,0,0,0,0,0,0,31,153,4.93548387096774,NA,NA,NA,NA,NA,NA,NA,NA,NA,NA,NA,NA,"P5"
"130","Michigan","fbs","Big Ten",2016,546706,"Shane Morris",5,2,12,2.5,1.49669428497045,0.299338856994089,0.748347142485223,45,9,22.5,0.6,4,5,0.8,0,0,0,0,0,0,5,45,9,NA,NA,NA,NA,NA,NA,NA,NA,NA,NA,NA,NA,"P5"
"130","Michigan","fbs","Big Ten",2016,546728,"Khalid Hill",2,2,12,1,3.85419235943985,1.92709617971993,1.92709617971993,19,9.5,9.5,1,2,2,1,2,0,0,0,0.0158333333333333,0.011875,2,19,9.5,NA,NA,NA,NA,NA,NA,NA,NA,NA,NA,NA,NA,"P5"
"130","Michigan","fbs","Big Ten",2016,546731,"Jake Butt",2,2,12,1,4.93888651868777,2.46944325934389,2.46944325934389,22,11,11,1,2,2,1,2,0,0,0,0.0183333333333333,0.01375,2,22,11,NA,NA,NA,NA,NA,NA,NA,NA,NA,NA,NA,NA,"P5"
"130","Michigan","fbs","Big Ten",2016,3115966,"Wilton Speight",270,11,12,24.5454545454545,62.7397653796219,0.232369501406007,5.70361503451108,2189,8.10740740740741,199,0.47037037037037,171,270,0.633333333333333,7,0,0,0,0.4353125,0.193472222222222,270,2189,8.10740740740741,57,64,55,36,25,54,29,69,54,29,72,91,"P5"
"130","Michigan","fbs","Big Ten",2016,3929922,"Tyrone Wheatley",1,1,12,1,2.24927791566309,2.24927791566309,2.24927791566309,21,21,21,1,1,1,1,1,0,0,0,0.02625,0.02625,1,21,21,NA,NA,NA,NA,NA,NA,NA,NA,NA,NA,NA,NA,"P5"
"130","Michigan","fbs","Big Ten",2016,3929923,"Grant Perry",1,1,12,1,2.75768862582379,2.75768862582379,2.75768862582379,12,12,12,1,1,1,1,1,0,0,0,0.015,0.015,1,12,12,NA,NA,NA,NA,NA,NA,NA,NA,NA,NA,NA,NA,"P5"
"130","Michigan","fbs","Big Ten",2016,4046519,"Kekoa Crawford",1,1,12,1,1.91811820396414,1.91811820396414,1.91811820396414,9,9,9,1,1,1,1,1,0,0,0,0.01125,0.01125,1,9,9,NA,NA,NA,NA,NA,NA,NA,NA,NA,NA,NA,NA,"P5"
"135","Minnesota","fbs","Big Ten",2016,530731,"Mitch Leidner",244,10,11,24.4,27.5434314300499,0.112882915696926,2.75434314300499,1745,7.1516393442623,174.5,0.430327868852459,142,244,0.581967213114754,3,0,0,0,0.3271875,0.100673076923077,244,1745,7.1516393442623,88,92,87,69,85.5,80,64,90,80,64,104,114,"P5"
"135","Minnesota","fbs","Big Ten",2016,545472,"Conor Rhoda",15,1,11,15,2.74254339612295,0.182836226408197,2.74254339612295,82,5.46666666666667,82,0.466666666666667,7,15,0.466666666666667,1,0,0,0,0.1025,0.1025,15,82,5.46666666666667,NA,NA,NA,NA,NA,NA,NA,NA,NA,NA,NA,NA,"P5"
"142","Missouri","fbs","SEC",2016,550100,"J'Mon Moore",2,1,11,2,7.76535562030498,3.88267781015249,7.76535562030498,85,42.5,85,1,2,2,1,2,0,0,0,0.141666666666667,0.141666666666667,2,85,42.5,NA,NA,NA,NA,NA,NA,NA,NA,NA,NA,NA,NA,"P5"
"142","Missouri","fbs","SEC",2016,550104,"Jason Reese",1,1,11,1,2.28427396127126,2.28427396127126,2.28427396127126,15,15,15,1,1,1,1,1,0,0,0,0.01875,0.01875,1,15,15,NA,NA,NA,NA,NA,NA,NA,NA,NA,NA,NA,NA,"P5"
"142","Missouri","fbs","SEC",2016,559579,"Marvin Zanders",10,4,11,2.5,2.67165952833864,0.267165952833865,0.667914882084661,97,9.7,24.25,0.5,8,10,0.8,0,0,0,0,0,0,10,97,9.7,NA,NA,NA,NA,NA,NA,NA,NA,NA,NA,NA,NA,"P5"
"142","Missouri","fbs","SEC",2016,3924327,"Drew Lock",386,11,11,35.0909090909091,42.3331570823714,0.109671391405107,3.84846882567012,2900,7.51295336787565,263.636363636364,0.398963730569948,209,386,0.541450777202073,16,0,0,0,0.620320855614973,0.390572390572391,386,2900,7.51295336787565,76,78,90,96,103,19,49,20,19,49,20,26,"P5"
"145","Ole Miss","fbs","SEC",2016,534580,"Chad Kelly",286,8,11,35.75,90.4932602023967,0.316410000707681,11.3116575252996,2415,8.44405594405594,301.875,0.506993006993007,178,286,0.622377622377622,9,0,0,0,0.67921875,0.399540441176471,286,2415,8.44405594405594,36,16,26,11,38,41,20,8,41,20,11,22,"P5"
"145","Ole Miss","fbs","SEC",2016,550113,"Eugene Brazley",1,1,11,1,1.66981308712354,1.66981308712354,1.66981308712354,5,5,5,1,1,1,1,1,0,0,0,0.00625,0.00625,1,5,5,NA,NA,NA,NA,NA,NA,NA,NA,NA,NA,NA,NA,"P5"
"145","Ole Miss","fbs","SEC",2016,550117,"Evan Engram",3,3,11,1,8.85677193563839,2.95225731187946,2.95225731187946,42,14,14,1,3,3,1,3,0,0,0,0.02625,0.0175,3,42,14,NA,NA,NA,NA,NA,NA,NA,NA,NA,NA,NA,NA,"P5"
"145","Ole Miss","fbs","SEC",2016,550549,"Damore'ea Stringfellow",2,2,11,1,4.62720624865254,2.31360312432627,2.31360312432627,9,4.5,4.5,1,2,2,1,2,0,0,0,0.0075,0.005625,2,9,4.5,NA,NA,NA,NA,NA,NA,NA,NA,NA,NA,NA,NA,"P5"
"145","Ole Miss","fbs","SEC",2016,3128741,"Markell Pack",1,1,11,1,2.45097570658198,2.45097570658198,2.45097570658198,37,37,37,1,1,1,1,0,0,0,0,0,0,1,37,37,NA,NA,NA,NA,NA,NA,NA,NA,NA,NA,NA,NA,"P5"
"145","Ole Miss","fbs","SEC",2016,3930064,"DaMarkus Lodge",1,1,11,1,3.61449171233917,3.61449171233917,3.61449171233917,55,55,55,1,1,1,1,1,0,0,0,0.06875,0.06875,1,55,55,NA,NA,NA,NA,NA,NA,NA,NA,NA,NA,NA,NA,"P5"
"145","Ole Miss","fbs","SEC",2016,3930065,"Jason Pellerin",16,3,11,5.33333333333333,-5.79407578061124,-0.362129736288202,-1.93135859353708,76,4.75,25.3333333333333,0.4375,8,16,0.5,0,0,0,0,0,0,16,76,4.75,NA,NA,NA,NA,NA,NA,NA,NA,NA,NA,NA,NA,"P5"
"145","Ole Miss","fbs","SEC",2016,3930066,"Van Jefferson",2,2,11,1,6.87573213882328,3.43786606941164,3.43786606941164,52,26,26,1,2,2,1,2,0,0,0,0.0433333333333333,0.0325,2,52,26,NA,NA,NA,NA,NA,NA,NA,NA,NA,NA,NA,NA,"P5"
"145","Ole Miss","fbs","SEC",2016,4035292,"Shea Patterson",127,3,11,42.3333333333333,8.97102497368121,0.0706379919187497,2.99034165789374,842,6.62992125984252,280.666666666667,0.385826771653543,70,127,0.551181102362205,4,0,0,0,0.561333333333333,0.400952380952381,127,842,6.62992125984252,NA,NA,NA,NA,NA,NA,NA,NA,NA,NA,NA,NA,"P5"
"145","Ole Miss","fbs","SEC",2016,4047650,"D.K. Metcalf",1,1,11,1,1.35203587349944,1.35203587349944,1.35203587349944,3,3,3,1,1,1,1,1,0,0,0,0.00375,0.00375,1,3,3,NA,NA,NA,NA,NA,NA,NA,NA,NA,NA,NA,NA,"P5"
"150","Duke","fbs","ACC",2016,3116573,"Davis Koppenhaver",1,1,10,1,1.75633411134467,1.75633411134467,1.75633411134467,2,2,2,1,1,1,1,1,0,0,0,0.0025,0.0025,1,2,2,NA,NA,NA,NA,NA,NA,NA,NA,NA,NA,NA,NA,"P5"
"150","Duke","fbs","ACC",2016,3917792,"Daniel Jones",390,10,10,39,85.9951368909195,0.220500351002358,8.59951368909195,2604,6.67692307692308,260.4,0.469230769230769,252,390,0.646153846153846,12,0,0,0,0.600923076923077,0.355090909090909,390,2604,6.67692307692308,38,37,58,37,18,34,88,24,34,88,27,42,"P5"
"150","Duke","fbs","ACC",2016,3917796,"Austin Parker",1,1,10,1,-2.62987817272934,-2.62987817272934,-2.62987817272934,0,0,0,0,0,1,0,0,0,0,0,0,0,1,0,0,NA,NA,NA,NA,NA,NA,NA,NA,NA,NA,NA,NA,"P5"
"151","East Carolina","fbs","American Athletic",2016,530434,"James Summers",1,1,11,1,2.49013777980306,2.49013777980306,2.49013777980306,31,31,31,1,1,1,1,1,0,0,0,0.03875,0.03875,1,31,31,NA,NA,NA,NA,NA,NA,NA,NA,NA,NA,NA,NA,"G5"
"151","East Carolina","fbs","American Athletic",2016,530738,"Philip Nelson",307,9,11,34.1111111111111,79.6090098637442,0.259312735712522,8.84544554041602,2200,7.16612377850163,244.444444444444,0.439739413680782,206,307,0.671009771986971,11,0,0,0,0.560185185185185,0.336111111111111,307,2200,7.16612377850163,43,36,46,61,9,53,63,36,53,63,39,46,"G5"
"151","East Carolina","fbs","American Athletic",2016,552940,"Zay Jones",3,3,11,1,10.2902044551712,3.43006815172375,3.43006815172375,11,3.66666666666667,3.66666666666667,1,3,3,1,3,0,0,0,0.006875,0.00458333333333333,3,11,3.66666666666667,NA,NA,NA,NA,NA,NA,NA,NA,NA,NA,NA,NA,"G5"
"151","East Carolina","fbs","American Athletic",2016,4038524,"Gardner Minshew",196,7,11,28,59.3073116894991,0.302588324946424,8.47247309849987,1338,6.8265306122449,191.142857142857,0.413265306122449,117,196,0.596938775510204,6,0,0,0,0.409591836734694,0.220549450549451,196,1338,6.8265306122449,62,40,31,81,71,104,79,77,104,79,83,79,"G5"
"152","NC State","fbs","ACC",2016,546288,"Ryan Finley",341,11,11,31,70.8135518658554,0.207664374973183,6.43759562416867,2567,7.52785923753666,233.363636363636,0.439882697947214,205,341,0.601173020527859,11,0,0,0,0.534791666666667,0.291704545454545,341,2567,7.52785923753666,52,59,63,60,69,36,48,44,36,48,46,55,"P5"
"152","NC State","fbs","ACC",2016,549942,"Gavin Locklear",3,3,11,1,5.53666125288066,1.84555375096022,1.84555375096022,66,22,22,0.666666666666667,2,3,0.666666666666667,0,0,0,0,0,0,3,66,22,NA,NA,NA,NA,NA,NA,NA,NA,NA,NA,NA,NA,"P5"
"152","NC State","fbs","ACC",2016,3116715,"Jalan McClendon",17,6,11,2.83333333333333,0.328273825309503,0.0193102250182061,0.0547123042182506,88,5.17647058823529,14.6666666666667,0.352941176470588,10,17,0.588235294117647,1,0,0,0,0.0183333333333333,0.00523809523809524,17,88,5.17647058823529,NA,NA,NA,NA,NA,NA,NA,NA,NA,NA,NA,NA,"P5"
"152","NC State","fbs","ACC",2016,3116721,"Jaylen Samuels",1,1,11,1,4.61958300605458,4.61958300605458,4.61958300605458,59,59,59,1,1,1,1,1,0,0,0,0.07375,0.07375,1,59,59,NA,NA,NA,NA,NA,NA,NA,NA,NA,NA,NA,NA,"P5"
"152","NC State","fbs","ACC",2016,3916433,"Jakobi Meyers",2,2,11,1,0.155565417600469,0.0777827088002347,0.0777827088002347,27,13.5,13.5,0.5,1,2,0.5,0,0,0,0,0,0,2,27,13.5,NA,NA,NA,NA,NA,NA,NA,NA,NA,NA,NA,NA,"P5"
"152","NC State","fbs","ACC",2016,4036163,"Kelvin Harmon",1,1,11,1,4.39636347298799,4.39636347298799,4.39636347298799,14,14,14,1,1,1,1,1,0,0,0,0.0175,0.0175,1,14,14,NA,NA,NA,NA,NA,NA,NA,NA,NA,NA,NA,NA,"P5"
"153","North Carolina","fbs","ACC",2016,545238,"Mitch Trubisky",349,10,10,34.9,106.707069863059,0.305750916513062,10.6707069863059,2676,7.6676217765043,267.6,0.461318051575931,238,349,0.681948424068768,16,0,0,0,0.629647058823529,0.411692307692308,349,2676,7.6676217765043,30,22,29,45,8,32,40,18,32,40,19,19,"P5"
"153","North Carolina","fbs","ACC",2016,545251,"Bug Howard",2,2,10,1,7.04010924462974,3.52005462231487,3.52005462231487,59,29.5,29.5,1,2,2,1,2,0,0,0,0.0491666666666667,0.036875,2,59,29.5,NA,NA,NA,NA,NA,NA,NA,NA,NA,NA,NA,NA,"P5"
"153","North Carolina","fbs","ACC",2016,545256,"Ryan Switzer",1,1,10,1,-2.86148785063624,-2.86148785063624,-2.86148785063624,0,0,0,0,0,1,0,0,0,0,0,0,0,1,0,0,NA,NA,NA,NA,NA,NA,NA,NA,NA,NA,NA,NA,"P5"
"153","North Carolina","fbs","ACC",2016,3116680,"Austin Proehl",2,2,10,1,4.44582501225986,2.22291250612993,2.22291250612993,54,27,27,1,2,2,1,1,0,0,0,0.03375,0.0225,2,54,27,NA,NA,NA,NA,NA,NA,NA,NA,NA,NA,NA,NA,"P5"
"153","North Carolina","fbs","ACC",2016,3116684,"Thomas Jackson",2,2,10,1,5.67968000082969,2.83984000041484,2.83984000041484,26,13,13,1,2,2,1,2,0,0,0,0.0216666666666667,0.01625,2,26,13,NA,NA,NA,NA,NA,NA,NA,NA,NA,NA,NA,NA,"P5"
"153","North Carolina","fbs","ACC",2016,3895833,"Carl Tucker",1,1,10,1,4.36124628623462,4.36124628623462,4.36124628623462,54,54,54,1,1,1,1,1,0,0,0,0.0675,0.0675,1,54,54,NA,NA,NA,NA,NA,NA,NA,NA,NA,NA,NA,NA,"P5"
"153","North Carolina","fbs","ACC",2016,3895838,"Nathan Elliott",2,1,10,2,-1.13096519541304,-0.565482597706522,-1.13096519541304,16,8,16,0.5,2,2,1,0,0,0,0,0,0,2,16,8,NA,NA,NA,NA,NA,NA,NA,NA,NA,NA,NA,NA,"P5"
"154","Wake Forest","fbs","ACC",2016,3124092,"John Wolford",248,10,11,24.8,2.67510027161293,0.0107866946436005,0.267510027161293,1436,5.79032258064516,143.6,0.407258064516129,143,248,0.576612903225806,6,0,0,0,0.307714285714286,0.134625,248,1436,5.79032258064516,108,108,109,88,88,100,110,106,100,110,107,107,"P5"
"154","Wake Forest","fbs","ACC",2016,3700815,"Kendall Hinton",14,2,11,7,3.00017946194291,0.214298532995922,1.50008973097145,150,10.7142857142857,75,0.285714285714286,9,14,0.642857142857143,0,0,0,0,0,0,14,150,10.7142857142857,NA,NA,NA,NA,NA,NA,NA,NA,NA,NA,NA,NA,"P5"
"154","Wake Forest","fbs","ACC",2016,3919543,"Kyle Kearns",24,3,11,8,-7.70231470675246,-0.320929779448019,-2.56743823558415,146,6.08333333333333,48.6666666666667,0.166666666666667,9,24,0.375,0,0,0,0,0,0,24,146,6.08333333333333,NA,NA,NA,NA,NA,NA,NA,NA,NA,NA,NA,NA,"P5"
"158","Nebraska","fbs","Big Ten",2016,533182,"Ryker Fyfe",61,7,12,8.71428571428571,-3.91472662166493,-0.0641758462568021,-0.559246660237847,311,5.0983606557377,44.4285714285714,0.360655737704918,30,61,0.491803278688525,1,0,0,0,0.0555357142857143,0.0138839285714286,61,311,5.0983606557377,NA,NA,NA,NA,NA,NA,NA,NA,NA,NA,NA,NA,"P5"
"158","Nebraska","fbs","Big Ten",2016,533270,"Tommy Armstrong Jr.",282,11,12,25.6363636363636,82.4536906899402,0.292388974077802,7.49579006272183,2077,7.36524822695035,188.818181818182,0.429078014184397,149,282,0.528368794326241,12,0,0,0,0.435734265734266,0.246284584980237,282,2077,7.36524822695035,39,47,35,71,111,61,57,79,61,57,71,70,"P5"
"158","Nebraska","fbs","Big Ten",2016,533292,"Alonzo Moore",1,1,12,1,5.33663249726006,5.33663249726006,5.33663249726006,63,63,63,1,1,1,1,1,0,0,0,0.07875,0.07875,1,63,63,NA,NA,NA,NA,NA,NA,NA,NA,NA,NA,NA,NA,"P5"
"158","Nebraska","fbs","Big Ten",2016,533303,"Jordan Westerkamp",1,1,12,1,2.79954637383263,2.79954637383263,2.79954637383263,4,4,4,1,1,1,1,1,0,0,0,0.005,0.005,1,4,4,NA,NA,NA,NA,NA,NA,NA,NA,NA,NA,NA,NA,"P5"
"158","Nebraska","fbs","Big Ten",2016,3121398,"De'Mornay Pierson-El",1,1,12,1,4.23438694009538,4.23438694009538,4.23438694009538,40,40,40,1,1,1,1,1,0,0,0,0.05,0.05,1,40,40,NA,NA,NA,NA,NA,NA,NA,NA,NA,NA,NA,NA,"P5"
"164","Rutgers","fbs","Big Ten",2016,545502,"Zach Allen",12,2,11,6,-10.275153615884,-0.856262801323668,-5.13757680794201,-1,-0.0833333333333333,-0.5,0,1,12,0.0833333333333333,0,0,0,0,0,0,12,-1,-0.0833333333333333,NA,NA,NA,NA,NA,NA,NA,NA,NA,NA,NA,NA,"P5"
"164","Rutgers","fbs","Big Ten",2016,547541,"Justin Goodwin",1,1,11,1,2.39545780281711,2.39545780281711,2.39545780281711,3,3,3,1,1,1,1,1,0,0,0,0.00375,0.00375,1,3,3,NA,NA,NA,NA,NA,NA,NA,NA,NA,NA,NA,NA,"P5"
"164","Rutgers","fbs","Big Ten",2016,547542,"Janarion Grant",1,1,11,1,2.90883295695463,2.90883295695463,2.90883295695463,21,21,21,1,1,1,1,1,0,0,0,0.02625,0.02625,1,21,21,NA,NA,NA,NA,NA,NA,NA,NA,NA,NA,NA,NA,"P5"
"164","Rutgers","fbs","Big Ten",2016,547549,"Chris Laviano",121,6,11,20.1666666666667,-13.1634017919066,-0.108788444561211,-2.1939002986511,600,4.95867768595041,100,0.305785123966942,58,121,0.479338842975207,1,0,0,0,0.125,0.0357142857142857,121,600,4.95867768595041,NA,NA,NA,NA,NA,NA,NA,NA,NA,NA,NA,NA,"P5"
"164","Rutgers","fbs","Big Ten",2016,547556,"Andre Patton",1,1,11,1,3.68483665610284,3.68483665610284,3.68483665610284,37,37,37,1,1,1,1,1,0,0,0,0.04625,0.04625,1,37,37,NA,NA,NA,NA,NA,NA,NA,NA,NA,NA,NA,NA,"P5"
"164","Rutgers","fbs","Big Ten",2016,3127375,"Giovanni Rescigno",157,6,11,26.1666666666667,-9.03894301287745,-0.0575728854323404,-1.50649050214624,852,5.42675159235669,142,0.369426751592357,85,157,0.54140127388535,3,0,0,0,0.26625,0.118333333333333,157,852,5.42675159235669,114,114,114,108,104,114,114,107,114,114,112,110,"P5"
"164","Rutgers","fbs","Big Ten",2016,4038727,"Tylin Oden",8,4,11,2,-5.18699993851339,-0.648374992314174,-1.29674998462835,2,0.25,0.5,0,1,8,0.125,0,0,0,0,0,0,8,2,0.25,NA,NA,NA,NA,NA,NA,NA,NA,NA,NA,NA,NA,"P5"
"166","New Mexico State","fbs","Sun Belt",2016,3068222,"Conner Cramer",35,2,11,17.5,-6.22821639853478,-0.177949039958137,-3.11410819926739,134,3.82857142857143,67,0.257142857142857,16,35,0.457142857142857,1,0,0,0,0.08375,0.0558333333333333,35,134,3.82857142857143,NA,NA,NA,NA,NA,NA,NA,NA,NA,NA,NA,NA,"G5"
"166","New Mexico State","fbs","Sun Belt",2016,3124971,"Nick Jeanty",9,3,11,3,-2.92827064067055,-0.32536340451895,-0.976090213556849,44,4.88888888888889,14.6666666666667,0.222222222222222,6,9,0.666666666666667,1,0,0,0,0.0183333333333333,0.00916666666666667,9,44,4.88888888888889,NA,NA,NA,NA,NA,NA,NA,NA,NA,NA,NA,NA,"G5"
"166","New Mexico State","fbs","Sun Belt",2016,3124981,"Tyler Rogers",359,10,11,35.9,29.4147165223486,0.0819351435162914,2.94147165223486,2247,6.25905292479109,224.7,0.373259052924791,201,359,0.559888579387187,12,0,0,0,0.518538461538462,0.306409090909091,359,2247,6.25905292479109,86,91,97,106,99,52,98,52,52,98,52,53,"G5"
"166","New Mexico State","fbs","Sun Belt",2016,3918470,"Clayton Granch",1,1,11,1,2.96350022454314,2.96350022454314,2.96350022454314,19,19,19,1,1,1,1,1,0,0,0,0.02375,0.02375,1,19,19,NA,NA,NA,NA,NA,NA,NA,NA,NA,NA,NA,NA,"G5"
"166","New Mexico State","fbs","Sun Belt",2016,4040783,"Tyrian Taylor",2,2,11,1,8.21724969411361,4.1086248470568,4.1086248470568,85,42.5,42.5,1,2,2,1,2,0,0,0,0.0708333333333333,0.053125,2,85,42.5,NA,NA,NA,NA,NA,NA,NA,NA,NA,NA,NA,NA,"G5"
"166","New Mexico State","fbs","Sun Belt",2016,4040788,"Johnathan Boone",1,1,11,1,1.96712421248414,1.96712421248414,1.96712421248414,9,9,9,1,1,1,1,1,0,0,0,0.01125,0.01125,1,9,9,NA,NA,NA,NA,NA,NA,NA,NA,NA,NA,NA,NA,"G5"
"167","New Mexico","fbs","Mountain West",2016,534863,"Austin Apodaca",78,7,11,11.1428571428571,10.25693420979,0.131499156535769,1.46527631568429,482,6.17948717948718,68.8571428571429,0.358974358974359,41,78,0.525641025641026,3,0,0,0,0.129107142857143,0.0516428571428571,78,482,6.17948717948718,NA,NA,NA,NA,NA,NA,NA,NA,NA,NA,NA,NA,"G5"
"167","New Mexico","fbs","Mountain West",2016,551028,"Lamar Jordan",67,10,11,6.7,27.6095869651058,0.412083387538893,2.76095869651058,604,9.01492537313433,60.4,0.417910447761194,37,67,0.552238805970149,6,0,0,0,0.129428571428571,0.056625,67,604,9.01492537313433,NA,NA,NA,NA,NA,NA,NA,NA,NA,NA,NA,NA,"G5"
"167","New Mexico","fbs","Mountain West",2016,3124662,"JaJuan Lawson",3,2,11,1.5,-1.06452451547748,-0.354841505159161,-0.532262257738742,39,13,19.5,0.333333333333333,2,3,0.666666666666667,0,0,0,0,0,0,3,39,13,NA,NA,NA,NA,NA,NA,NA,NA,NA,NA,NA,NA,"G5"
"183","Syracuse","fbs","ACC",2016,545266,"Sean Avant",1,1,11,1,-1.13820050334626,-1.13820050334626,-1.13820050334626,0,0,0,0,0,1,0,0,0,0,0,0,0,1,0,0,NA,NA,NA,NA,NA,NA,NA,NA,NA,NA,NA,NA,"P5"
"183","Syracuse","fbs","ACC",2016,545269,"Brisly Estime",1,1,11,1,3.69715067593078,3.69715067593078,3.69715067593078,23,23,23,1,1,1,1,0,0,0,0,0,0,1,23,23,NA,NA,NA,NA,NA,NA,NA,NA,NA,NA,NA,NA,"P5"
"183","Syracuse","fbs","ACC",2016,545284,"Austin Wilson",25,1,11,25,0.754298869201497,0.0301719547680599,0.754298869201497,116,4.64,116,0.4,17,25,0.68,0,0,0,0,0,0,25,116,4.64,NA,NA,NA,NA,NA,NA,NA,NA,NA,NA,NA,NA,"P5"
"183","Syracuse","fbs","ACC",2016,3123996,"Ervin Philips",1,1,11,1,0.477819862259772,0.477819862259772,0.477819862259772,10,10,10,1,1,1,1,0,0,0,0,0,0,1,10,10,NA,NA,NA,NA,NA,NA,NA,NA,NA,NA,NA,NA,"P5"
"183","Syracuse","fbs","ACC",2016,3892833,"Zack Mahoney",122,7,11,17.4285714285714,42.2622935626094,0.34641224231647,6.0374705089442,764,6.26229508196721,109.142857142857,0.401639344262295,73,122,0.598360655737705,7,0,0,0,0.23875,0.136428571428571,122,764,6.26229508196721,NA,NA,NA,NA,NA,NA,NA,NA,NA,NA,NA,NA,"P5"
"183","Syracuse","fbs","ACC",2016,3916447,"Eric Dungey",305,8,11,38.125,93.8998356718746,0.307868313678277,11.7374794589843,2310,7.57377049180328,288.75,0.485245901639344,193,305,0.632786885245902,13,0,0,0,0.6703125,0.446875,305,2310,7.57377049180328,33,13,27,23,26,45,46,11,45,46,12,16,"P5"
"183","Syracuse","fbs","ACC",2016,3916451,"Dontae Strickland",1,1,11,1,6.66981659679634,6.66981659679634,6.66981659679634,84,84,84,1,1,1,1,1,0,0,0,0.105,0.105,1,84,84,NA,NA,NA,NA,NA,NA,NA,NA,NA,NA,NA,NA,"P5"
"183","Syracuse","fbs","ACC",2016,4037125,"Moe Neal",1,1,11,1,-0.579071740055754,-0.579071740055754,-0.579071740055754,0,0,0,0,0,1,0,0,0,0,0,0,0,1,0,0,NA,NA,NA,NA,NA,NA,NA,NA,NA,NA,NA,NA,"P5"
"189","Bowling Green","fbs","Mid-American",2016,531801,"James Knapke",72,4,10,18,-20.2630383777911,-0.281431088580432,-5.06575959444778,321,4.45833333333333,80.25,0.291666666666667,36,72,0.5,0,0,0,0,0,0,72,321,4.45833333333333,NA,NA,NA,NA,NA,NA,NA,NA,NA,NA,NA,NA,"G5"
"189","Bowling Green","fbs","Mid-American",2016,547066,"Ronnie Moore",2,2,10,1,-1.89722004140615,-0.948610020703075,-0.948610020703075,-5,-2.5,-2.5,0,1,2,0.5,0,0,0,0,0,0,2,-5,-2.5,NA,NA,NA,NA,NA,NA,NA,NA,NA,NA,NA,NA,"G5"
"189","Bowling Green","fbs","Mid-American",2016,3914395,"James Morgan",273,9,10,30.3333333333333,37.6549756331805,0.137930313674654,4.1838861814645,1735,6.35531135531135,192.777777777778,0.454212454212454,157,273,0.575091575091575,11,0,0,0,0.441782407407407,0.265069444444444,273,1735,6.35531135531135,81,75,79,52,89,81,94,74,81,94,70,63,"G5"
"189","Bowling Green","fbs","Mid-American",2016,4046740,"Josh Cleveland",1,1,10,1,-0.544841111276892,-0.544841111276892,-0.544841111276892,0,0,0,0,0,1,0,0,0,0,0,0,0,1,0,0,NA,NA,NA,NA,NA,NA,NA,NA,NA,NA,NA,NA,"G5"
"193","Miami (OH)","fbs","Mid-American",2016,3125968,"Gus Ragland",149,6,11,24.8333333333333,67.8739816104512,0.455530077922491,11.3123302684085,1274,8.5503355704698,212.333333333333,0.516778523489933,93,149,0.624161073825503,15,0,0,0,0.49765625,0.379166666666667,149,1274,8.5503355704698,NA,NA,NA,NA,NA,NA,NA,NA,NA,NA,NA,NA,"G5"
"193","Miami (OH)","fbs","Mid-American",2016,3915317,"Billy Bahl",100,4,11,25,40.8911522556212,0.408911522556212,10.2227880639053,890,8.9,222.5,0.51,56,100,0.56,6,0,0,0,0.476785714285714,0.33375,100,890,8.9,NA,NA,NA,NA,NA,NA,NA,NA,NA,NA,NA,NA,"G5"
"193","Miami (OH)","fbs","Mid-American",2016,4038970,"Noah Wezensky",51,2,11,25.5,14.0484635690126,0.275460069980639,7.02423178450629,307,6.01960784313725,153.5,0.470588235294118,28,51,0.549019607843137,2,0,0,0,0.255833333333333,0.191875,51,307,6.01960784313725,NA,NA,NA,NA,NA,NA,NA,NA,NA,NA,NA,NA,"G5"
"194","Ohio State","fbs","Big Ten",2016,545624,"J.T. Barrett",323,12,12,26.9166666666667,42.8261510132478,0.132588702827392,3.56884591777065,2157,6.67801857585139,179.75,0.43343653250774,196,323,0.606811145510836,13,0,0,0,0.417276785714286,0.233675,323,2157,6.67801857585139,75,86,81,65,62,56,87,85,56,87,79,74,"P5"
"194","Ohio State","fbs","Big Ten",2016,549830,"Dontre Wilson",1,1,12,1,2.02248253397057,2.02248253397057,2.02248253397057,8,8,8,1,1,1,1,1,0,0,0,0.01,0.01,1,8,8,NA,NA,NA,NA,NA,NA,NA,NA,NA,NA,NA,NA,"P5"
"194","Ohio State","fbs","Big Ten",2016,3121409,"Noah Brown",5,2,12,2.5,14.4522025357722,2.89044050715444,7.2261012678861,76,15.2,38,1,5,5,1,5,0,0,0,0.0791666666666667,0.0678571428571429,5,76,15.2,NA,NA,NA,NA,NA,NA,NA,NA,NA,NA,NA,NA,"P5"
"194","Ohio State","fbs","Big Ten",2016,3121422,"Terry McLaurin",1,1,12,1,2.84616396045468,2.84616396045468,2.84616396045468,7,7,7,1,1,1,1,1,0,0,0,0.00875,0.00875,1,7,7,NA,NA,NA,NA,NA,NA,NA,NA,NA,NA,NA,NA,"P5"
"194","Ohio State","fbs","Big Ten",2016,3121427,"Curtis Samuel",3,2,12,1.5,8.18030588448816,2.72676862816272,4.09015294224408,112,37.3333333333333,56,1,3,3,1,3,0,0,0,0.105,0.084,3,112,37.3333333333333,NA,NA,NA,NA,NA,NA,NA,NA,NA,NA,NA,NA,"P5"
"194","Ohio State","fbs","Big Ten",2016,3915511,"Joe Burrow",27,4,12,6.75,4.51519186774741,0.167229328435089,1.12879796693685,201,7.44444444444444,50.25,0.592592592592593,21,27,0.777777777777778,1,0,0,0,0.0628125,0.025125,27,201,7.44444444444444,NA,NA,NA,NA,NA,NA,NA,NA,NA,NA,NA,NA,"P5"
"194","Ohio State","fbs","Big Ten",2016,4040628,"Binjimen Victor",1,1,12,1,2.29099358499868,2.29099358499868,2.29099358499868,25,25,25,1,1,1,1,1,0,0,0,0.03125,0.03125,1,25,25,NA,NA,NA,NA,NA,NA,NA,NA,NA,NA,NA,NA,"P5"
"195","Ohio","fbs","Mid-American",2016,532440,"Greg Windham",206,8,12,25.75,15.4508859238088,0.0750043006010134,1.9313607404761,1379,6.69417475728155,172.375,0.402912621359223,118,206,0.572815533980582,8,0,0,0,0.383055555555556,0.21546875,206,1379,6.69417475728155,101,99,100,94,91,103,86,92,103,86,91,81,"G5"
"195","Ohio","fbs","Mid-American",2016,550696,"Mason Morgan",1,1,12,1,1.55916809397351,1.55916809397351,1.55916809397351,4,4,4,1,1,1,1,1,0,0,0,0.005,0.005,1,4,4,NA,NA,NA,NA,NA,NA,NA,NA,NA,NA,NA,NA,"G5"
"195","Ohio","fbs","Mid-American",2016,3920819,"Quinton Maxwell",145,8,12,18.125,20.1599430926998,0.139034090294481,2.51999288658747,1100,7.58620689655172,137.5,0.406896551724138,79,145,0.544827586206897,6,0,0,0,0.294642857142857,0.147321428571429,145,1100,7.58620689655172,NA,NA,NA,NA,NA,NA,NA,NA,NA,NA,NA,NA,"G5"
"197","Oklahoma State","fbs","Big 12",2016,534645,"Austin Hays",1,1,11,1,1.01599655052324,1.01599655052324,1.01599655052324,22,22,22,1,1,1,1,0,0,0,0,0,0,1,22,22,NA,NA,NA,NA,NA,NA,NA,NA,NA,NA,NA,NA,"P5"
"197","Oklahoma State","fbs","Big 12",2016,534663,"Zac Veatch",1,1,11,1,2.12350080220647,2.12350080220647,2.12350080220647,18,18,18,1,1,1,1,1,0,0,0,0.0225,0.0225,1,18,18,NA,NA,NA,NA,NA,NA,NA,NA,NA,NA,NA,NA,"P5"
"197","Oklahoma State","fbs","Big 12",2016,3116407,"Mason Rudolph",385,11,11,35,135.360712533032,0.351586266319563,12.3055193211847,3531,9.17142857142857,321,0.477922077922078,241,385,0.625974025974026,21,0,0,0,0.766022727272727,0.526640625,385,3531,9.17142857142857,7,9,17,27,33,5,9,5,5,9,6,6,"P5"
"197","Oklahoma State","fbs","Big 12",2016,3122424,"Taylor Cornelius",1,1,11,1,0.905158486283518,0.905158486283518,0.905158486283518,10,10,10,1,1,1,1,0,0,0,0,0,0,1,10,10,NA,NA,NA,NA,NA,NA,NA,NA,NA,NA,NA,NA,"P5"
"197","Oklahoma State","fbs","Big 12",2016,3919596,"Chris Carson",1,1,11,1,-0.862806839726342,-0.862806839726342,-0.862806839726342,0,0,0,0,0,1,0,0,0,0,0,0,0,1,0,0,NA,NA,NA,NA,NA,NA,NA,NA,NA,NA,NA,NA,"P5"
"197","Oklahoma State","fbs","Big 12",2016,3919609,"Jalen McCleskey",2,2,11,1,0.368028705697493,0.184014352848747,0.184014352848747,26,13,13,0.5,1,2,0.5,1,0,0,0,0.01625,0.0108333333333333,2,26,13,NA,NA,NA,NA,NA,NA,NA,NA,NA,NA,NA,NA,"P5"
"197","Oklahoma State","fbs","Big 12",2016,4038460,"Dillon Stoner",2,2,11,1,3.88138880444005,1.94069440222003,1.94069440222003,2,1,1,0.5,1,2,0.5,1,0,0,0,0.00125,0.000833333333333333,2,2,1,NA,NA,NA,NA,NA,NA,NA,NA,NA,NA,NA,NA,"P5"
"2","Auburn","fbs","SEC",2016,550019,"Jeremy Johnson",18,2,11,9,-6.47269419782518,-0.359594122101399,-3.23634709891259,72,4,36,0.222222222222222,8,18,0.444444444444444,0,0,0,0,0,0,18,72,4,NA,NA,NA,NA,NA,NA,NA,NA,NA,NA,NA,NA,"P5"
"2","Auburn","fbs","SEC",2016,559704,"Stanton Truitt",1,1,11,1,5.13101212087712,5.13101212087712,5.13101212087712,45,45,45,1,1,1,1,1,0,0,0,0.05625,0.05625,1,45,45,NA,NA,NA,NA,NA,NA,NA,NA,NA,NA,NA,NA,"P5"
"2","Auburn","fbs","SEC",2016,3121585,"Sean White",193,10,11,19.3,36.2063500950933,0.187597668886494,3.62063500950933,1599,8.28497409326425,159.9,0.455958549222798,128,193,0.663212435233161,8,0,0,0,0.355333333333333,0.177666666666667,193,1599,8.28497409326425,82,85,69,48,12,89,24,99,89,24,96,98,"P5"
"2","Auburn","fbs","SEC",2016,3843217,"Chandler Cox",1,1,11,1,-1.15766339231974,-1.15766339231974,-1.15766339231974,-3,-3,-3,0,1,1,1,0,0,0,0,0,0,1,-3,-3,NA,NA,NA,NA,NA,NA,NA,NA,NA,NA,NA,NA,"P5"
"2","Auburn","fbs","SEC",2016,3916925,"Kerryon Johnson",2,1,11,2,0.544625238265109,0.272312619132554,0.544625238265109,10,5,10,0.5,2,2,1,0,0,0,0,0,0,2,10,5,NA,NA,NA,NA,NA,NA,NA,NA,NA,NA,NA,NA,"P5"
"2","Auburn","fbs","SEC",2016,4035496,"John Franklin III",19,6,11,3.16666666666667,3.57217726948839,0.188009329973073,0.595362878248065,179,9.42105263157895,29.8333333333333,0.368421052631579,11,19,0.578947368421053,1,0,0,0,0.0372916666666667,0.0106547619047619,19,179,9.42105263157895,NA,NA,NA,NA,NA,NA,NA,NA,NA,NA,NA,NA,"P5"
"2005","Air Force","fbs","Mountain West",2016,554520,"Jalen Robinette",1,1,10,1,-1.51210640458365,-1.51210640458365,-1.51210640458365,0,0,0,0,0,1,0,0,0,0,0,0,0,1,0,0,NA,NA,NA,NA,NA,NA,NA,NA,NA,NA,NA,NA,"G5"
"2005","Air Force","fbs","Mountain West",2016,554528,"Nate Romine",90,7,10,12.8571428571429,36.7530627631765,0.408367364035294,5.25043753759664,940,10.4444444444444,134.285714285714,0.411111111111111,38,90,0.422222222222222,6,0,0,0,0.287755102040816,0.154945054945055,90,940,10.4444444444444,NA,NA,NA,NA,NA,NA,NA,NA,NA,NA,NA,NA,"G5"
"2005","Air Force","fbs","Mountain West",2016,3935204,"Ronald Cleveland",1,1,10,1,5.17886145141784,5.17886145141784,5.17886145141784,33,33,33,1,1,1,1,1,0,0,0,0.04125,0.04125,1,33,33,NA,NA,NA,NA,NA,NA,NA,NA,NA,NA,NA,NA,"G5"
"2005","Air Force","fbs","Mountain West",2016,3935209,"Timothy McVey",1,1,10,1,5.89822133426401,5.89822133426401,5.89822133426401,49,49,49,1,1,1,1,1,0,0,0,0.06125,0.06125,1,49,49,NA,NA,NA,NA,NA,NA,NA,NA,NA,NA,NA,NA,"G5"
"2005","Air Force","fbs","Mountain West",2016,4038186,"Arion Worthman",19,3,10,6.33333333333333,16.1780947444393,0.851478670759966,5.39269824814645,273,14.3684210526316,91,0.526315789473684,12,19,0.631578947368421,2,0,0,0,0.151666666666667,0.091,19,273,14.3684210526316,NA,NA,NA,NA,NA,NA,NA,NA,NA,NA,NA,NA,"G5"
"2006","Akron","fbs","Mid-American",2016,531900,"Tyrell Goodman",33,2,11,16.5,10.0003324462962,0.303040377160491,5.0001662231481,270,8.18181818181818,135,0.363636363636364,16,33,0.484848484848485,1,0,0,0,0.16875,0.1125,33,270,8.18181818181818,NA,NA,NA,NA,NA,NA,NA,NA,NA,NA,NA,NA,"G5"
"2006","Akron","fbs","Mid-American",2016,546646,"Tra'Von Chapman",106,6,11,17.6666666666667,2.46230953961937,0.023229335279428,0.410384923269895,682,6.43396226415094,113.666666666667,0.358490566037736,52,106,0.490566037735849,5,0,0,0,0.236805555555556,0.129166666666667,106,682,6.43396226415094,NA,NA,NA,NA,NA,NA,NA,NA,NA,NA,NA,NA,"G5"
"2006","Akron","fbs","Mid-American",2016,550351,"Jerome Lane",1,1,11,1,7.59691828256548,7.59691828256548,7.59691828256548,91,91,91,1,1,1,1,1,0,0,0,0.11375,0.11375,1,91,91,NA,NA,NA,NA,NA,NA,NA,NA,NA,NA,NA,NA,"G5"
"2006","Akron","fbs","Mid-American",2016,550353,"Manny Morgan",1,1,11,1,2.10693674147285,2.10693674147285,2.10693674147285,14,14,14,1,1,1,1,1,0,0,0,0.0175,0.0175,1,14,14,NA,NA,NA,NA,NA,NA,NA,NA,NA,NA,NA,NA,"G5"
"2006","Akron","fbs","Mid-American",2016,550357,"Thomas Woodson",203,7,11,29,51.3596594935713,0.253003248736804,7.33709421336733,1548,7.6256157635468,221.142857142857,0.467980295566502,121,203,0.596059113300493,10,0,0,0,0.502597402597403,0.325210084033613,203,1548,7.6256157635468,67,49,49,38.5,73,95,44,55,95,44,58,49,"G5"
"2006","Akron","fbs","Mid-American",2016,3125355,"JoJo Natson",1,1,11,1,3.78781173441427,3.78781173441427,3.78781173441427,27,27,27,1,1,1,1,1,0,0,0,0.03375,0.03375,1,27,27,NA,NA,NA,NA,NA,NA,NA,NA,NA,NA,NA,NA,"G5"
"201","Oklahoma","fbs","Big 12",2016,535602,"Geno Lewis",1,1,12,1,4.30282012928125,4.30282012928125,4.30282012928125,10,10,10,1,1,1,1,1,0,0,0,0.0125,0.0125,1,10,10,NA,NA,NA,NA,NA,NA,NA,NA,NA,NA,NA,NA,"P5"
"201","Oklahoma","fbs","Big 12",2016,550373,"Baker Mayfield",310,12,12,25.8333333333333,208.410335499898,0.67229140483838,17.3675279583248,3296,10.6322580645161,274.666666666667,0.57741935483871,223,310,0.719354838709677,27,0,0,0,0.662142857142857,0.475384615384615,310,3296,10.6322580645161,2,3,1,1,1,8,1,15,8,1,13,10,"P5"
"201","Oklahoma","fbs","Big 12",2016,3116365,"Mark Andrews",1,1,12,1,3.01243179174227,3.01243179174227,3.01243179174227,5,5,5,1,1,1,1,1,0,0,0,0.00625,0.00625,1,5,5,NA,NA,NA,NA,NA,NA,NA,NA,NA,NA,NA,NA,"P5"
"201","Oklahoma","fbs","Big 12",2016,3116375,"Dimitri Flowers",1,1,12,1,2.53839693386268,2.53839693386268,2.53839693386268,34,34,34,1,1,1,1,1,0,0,0,0.0425,0.0425,1,34,34,NA,NA,NA,NA,NA,NA,NA,NA,NA,NA,NA,NA,"P5"
"201","Oklahoma","fbs","Big 12",2016,3116385,"Joe Mixon",4,2,12,2,14.9099253113231,3.72748132783078,7.45496265566156,140,35,70,1,4,4,1,4,0,0,0,0.14,0.116666666666667,4,140,35,NA,NA,NA,NA,NA,NA,NA,NA,NA,NA,NA,NA,"P5"
"201","Oklahoma","fbs","Big 12",2016,3122413,"Nick Basquine",1,1,12,1,4.59883251060537,4.59883251060537,4.59883251060537,23,23,23,1,1,1,1,1,0,0,0,0.02875,0.02875,1,23,23,NA,NA,NA,NA,NA,NA,NA,NA,NA,NA,NA,NA,"P5"
"201","Oklahoma","fbs","Big 12",2016,3708008,"A.D. Miller",1,1,12,1,4.38793256410873,4.38793256410873,4.38793256410873,35,35,35,1,1,1,1,1,0,0,0,0.04375,0.04375,1,35,35,NA,NA,NA,NA,NA,NA,NA,NA,NA,NA,NA,NA,"P5"
"201","Oklahoma","fbs","Big 12",2016,3892889,"Dede Westbrook",5,4,12,1.25,10.4766733647027,2.09533467294054,2.61916834117567,141,28.2,35.25,0.6,3,5,0.6,3,0,0,0,0.06609375,0.0377678571428571,5,141,28.2,NA,NA,NA,NA,NA,NA,NA,NA,NA,NA,NA,NA,"P5"
"201","Oklahoma","fbs","Big 12",2016,4037642,"Austin Kendall",22,2,12,11,5.09702908074862,0.231683140034028,2.54851454037431,143,6.5,71.5,0.590909090909091,16,22,0.727272727272727,2,0,0,0,0.119166666666667,0.089375,22,143,6.5,NA,NA,NA,NA,NA,NA,NA,NA,NA,NA,NA,NA,"P5"
"202","Tulsa","fbs","American Athletic",2016,532264,"Josh Atkinson",1,1,11,1,3.48168220963081,3.48168220963081,3.48168220963081,11,11,11,1,1,1,1,1,0,0,0,0.01375,0.01375,1,11,11,NA,NA,NA,NA,NA,NA,NA,NA,NA,NA,NA,NA,"G5"
"202","Tulsa","fbs","American Athletic",2016,532273,"Dane Evans",351,11,11,31.9090909090909,113.421995212508,0.323139587500022,10.3110904738643,2678,7.62962962962963,243.454545454545,0.487179487179487,206,351,0.586894586894587,22,0,0,0,0.582173913043478,0.405757575757576,351,2678,7.62962962962963,22,25,24,20,81,31,43,37,31,43,34,21,"G5"
"202","Tulsa","fbs","American Athletic",2016,3126281,"Justin Hobbs",1,1,11,1,4.03690076214147,4.03690076214147,4.03690076214147,38,38,38,1,1,1,1,1,0,0,0,0.0475,0.0475,1,38,38,NA,NA,NA,NA,NA,NA,NA,NA,NA,NA,NA,NA,"G5"
"202","Tulsa","fbs","American Athletic",2016,3917007,"Chad President",2,1,11,2,-1.65860329946583,-0.829301649732913,-1.65860329946583,9,4.5,9,0,1,2,0.5,0,0,0,0,0,0,2,9,4.5,NA,NA,NA,NA,NA,NA,NA,NA,NA,NA,NA,NA,"G5"
"2026","App State","fbs","Sun Belt",2016,548447,"Taylor Lamb",253,11,11,23,50.5274850797374,0.199713379761808,4.59340773452158,1939,7.66403162055336,176.272727272727,0.478260869565217,166,253,0.656126482213439,12,0,0,0,0.406783216783217,0.229920948616601,253,1939,7.66403162055336,68,71,66,26,16,69,42,88,69,42,85,76,"G5"
"2026","App State","fbs","Sun Belt",2016,3123654,"J.P. Caruso",6,3,11,2,-0.404778330356793,-0.0674630550594654,-0.134926110118931,46,7.66666666666667,15.3333333333333,0.333333333333333,6,6,1,1,0,0,0,0.0191666666666667,0.00958333333333333,6,46,7.66666666666667,NA,NA,NA,NA,NA,NA,NA,NA,NA,NA,NA,NA,"G5"
"2026","App State","fbs","Sun Belt",2016,3917153,"Collin Reed",1,1,11,1,1.80681127987318,1.80681127987318,1.80681127987318,8,8,8,1,1,1,1,1,0,0,0,0.01,0.01,1,8,8,NA,NA,NA,NA,NA,NA,NA,NA,NA,NA,NA,NA,"G5"
"2032","Arkansas State","fbs","Sun Belt",2016,530450,"Chad Voytik",56,5,11,11.2,-6.71281466068373,-0.119871690369352,-1.34256293213675,363,6.48214285714286,72.6,0.232142857142857,32,56,0.571428571428571,1,0,0,0,0.09075,0.03025,56,363,6.48214285714286,NA,NA,NA,NA,NA,NA,NA,NA,NA,NA,NA,NA,"G5"
"2032","Arkansas State","fbs","Sun Belt",2016,531088,"Kendall Sanders",1,1,11,1,3.48540661934513,3.48540661934513,3.48540661934513,8,8,8,1,1,1,1,1,0,0,0,0.01,0.01,1,8,8,NA,NA,NA,NA,NA,NA,NA,NA,NA,NA,NA,NA,"G5"
"2032","Arkansas State","fbs","Sun Belt",2016,545514,"Cameron Echols-Luper",3,3,11,1,8.13716503106354,2.71238834368785,2.71238834368785,66,22,22,0.666666666666667,2,3,0.666666666666667,1,0,0,0,0.0275,0.01375,3,66,22,NA,NA,NA,NA,NA,NA,NA,NA,NA,NA,NA,NA,"G5"
"2032","Arkansas State","fbs","Sun Belt",2016,3116379,"Justice Hansen",267,11,11,24.2727272727273,61.5011929380957,0.230341546584628,5.59101753982689,2061,7.71910112359551,187.363636363636,0.430711610486891,161,267,0.602996254681648,10,0,0,0,0.425826446280992,0.223051948051948,267,2061,7.71910112359551,59,66,56,68,65,62,38,80,62,38,75,77,"G5"
"2032","Arkansas State","fbs","Sun Belt",2016,3917166,"Omar Bayless",1,1,11,1,3.63608566234805,3.63608566234805,3.63608566234805,8,8,8,1,1,1,1,1,0,0,0,0.01,0.01,1,8,8,NA,NA,NA,NA,NA,NA,NA,NA,NA,NA,NA,NA,"G5"
"2032","Arkansas State","fbs","Sun Belt",2016,3917190,"Warren Wand",1,1,11,1,-0.806531871567879,-0.806531871567879,-0.806531871567879,0,0,0,0,0,1,0,0,0,0,0,0,0,1,0,0,NA,NA,NA,NA,NA,NA,NA,NA,NA,NA,NA,NA,"G5"
"2032","Arkansas State","fbs","Sun Belt",2016,4036486,"Justin McInnis",1,1,11,1,3.83734973608897,3.83734973608897,3.83734973608897,6,6,6,1,1,1,1,1,0,0,0,0.0075,0.0075,1,6,6,NA,NA,NA,NA,NA,NA,NA,NA,NA,NA,NA,NA,"G5"
"204","Oregon State","fbs","Pac-12",2016,550720,"Darell Garretson",112,5,11,22.4,-15.9708869614759,-0.142597205013178,-3.19417739229518,437,3.90178571428571,87.4,0.330357142857143,57,112,0.508928571428571,3,0,0,0,0.163875,0.0819375,112,437,3.90178571428571,NA,NA,NA,NA,NA,NA,NA,NA,NA,NA,NA,NA,"P5"
"204","Oregon State","fbs","Pac-12",2016,552116,"Hunter Jarmon",1,1,11,1,4.3944844987376,4.3944844987376,4.3944844987376,14,14,14,1,1,1,1,1,0,0,0,0.0175,0.0175,1,14,14,NA,NA,NA,NA,NA,NA,NA,NA,NA,NA,NA,NA,"P5"
"204","Oregon State","fbs","Pac-12",2016,3127332,"Marcus McMaryion",164,7,11,23.4285714285714,24.1010146382809,0.146957406330981,3.44300209118299,1244,7.58536585365854,177.714285714286,0.335365853658537,100,164,0.609756097560976,9,0,0,0,0.399857142857143,0.249910714285714,164,1244,7.58536585365854,90,87,77,114,59,107,45,87,107,45,88,68,"P5"
"204","Oregon State","fbs","Pac-12",2016,3860070,"Seth Collins",2,2,11,1,-1.55348861675703,-0.776744308378515,-0.776744308378515,0,0,0,0,0,2,0,0,0,0,0,0,0,2,0,0,NA,NA,NA,NA,NA,NA,NA,NA,NA,NA,NA,NA,"P5"
"204","Oregon State","fbs","Pac-12",2016,4042803,"Conor Blount",40,3,11,13.3333333333333,5.53446626805258,0.138361656701315,1.84482208935086,211,5.275,70.3333333333333,0.425,24,40,0.6,0,0,0,0,0,0,40,211,5.275,NA,NA,NA,NA,NA,NA,NA,NA,NA,NA,NA,NA,"P5"
"2050","Ball State","fbs","Mid-American",2016,546005,"Jack Milas",35,1,11,35,-10.8329453153155,-0.309512723294729,-10.8329453153155,184,5.25714285714286,184,0.4,19,35,0.542857142857143,0,0,0,0,0,0,35,184,5.25714285714286,NA,NA,NA,NA,NA,NA,NA,NA,NA,NA,NA,NA,"G5"
"2050","Ball State","fbs","Mid-American",2016,3125731,"Corey Lacanaria",1,1,11,1,0.445754279934923,0.445754279934923,0.445754279934923,10,10,10,1,1,1,1,0,0,0,0,0,0,1,10,10,NA,NA,NA,NA,NA,NA,NA,NA,NA,NA,NA,NA,"G5"
"2050","Ball State","fbs","Mid-American",2016,3915468,"Riley Neal",341,10,11,34.1,48.0901667268541,0.141026881896933,4.80901667268541,2294,6.72727272727273,229.4,0.457478005865103,213,341,0.624633431085044,10,0,0,0,0.521363636363636,0.28675,341,2294,6.72727272727273,71,70,78,47,35,48.5,84,50,48.5,84,51,57,"G5"
"2050","Ball State","fbs","Mid-American",2016,4047728,"Damon Hazelton",2,2,11,1,7.99947258808076,3.99973629404038,3.99973629404038,23,11.5,11.5,1,2,2,1,2,0,0,0,0.0191666666666667,0.014375,2,23,11.5,NA,NA,NA,NA,NA,NA,NA,NA,NA,NA,NA,NA,"G5"
"2084","Buffalo","fbs","Mid-American",2016,531222,"Grant Rohach",75,6,11,12.5,12.8302441308984,0.171069921745312,2.1383740218164,576,7.68,96,0.466666666666667,43,75,0.573333333333333,2,0,0,0,0.16,0.06,75,576,7.68,NA,NA,NA,NA,NA,NA,NA,NA,NA,NA,NA,NA,"G5"
"2084","Buffalo","fbs","Mid-American",2016,531953,"Jordan Johnson",1,1,11,1,0.226992205288911,0.226992205288911,0.226992205288911,6,6,6,1,1,1,1,0,0,0,0,0,0,1,6,6,NA,NA,NA,NA,NA,NA,NA,NA,NA,NA,NA,NA,"G5"
"2084","Buffalo","fbs","Mid-American",2016,3916564,"Tyree Jackson",277,9,11,30.7777777777778,11.0127589229351,0.0397572524293685,1.22363988032612,1647,5.94584837545126,183,0.368231046931408,151,277,0.545126353790614,8,0,0,0,0.406666666666667,0.215294117647059,277,1647,5.94584837545126,104,105,105,109,102,86,106,83,86,106,86,82,"G5"
"2084","Buffalo","fbs","Mid-American",2016,4040826,"Drew Anderson",1,1,11,1,-1.19579768096481,-1.19579768096481,-1.19579768096481,0,0,0,0,0,1,0,0,0,0,0,0,0,1,0,0,NA,NA,NA,NA,NA,NA,NA,NA,NA,NA,NA,NA,"G5"
"21","San Diego State","fbs","Mountain West",2016,547571,"Donnel Pumphrey",1,1,12,1,-1.26079826059146,-1.26079826059146,-1.26079826059146,0,0,0,0,0,1,0,0,0,0,0,0,0,1,0,0,NA,NA,NA,NA,NA,NA,NA,NA,NA,NA,NA,NA,"G5"
"21","San Diego State","fbs","Mountain West",2016,547588,"David Wells",1,1,12,1,2.35759538600911,2.35759538600911,2.35759538600911,4,4,4,1,1,1,1,1,0,0,0,0.005,0.005,1,4,4,NA,NA,NA,NA,NA,NA,NA,NA,NA,NA,NA,NA,"G5"
"21","San Diego State","fbs","Mountain West",2016,3139921,"Christian Chapman",203,12,12,16.9166666666667,67.8577399523352,0.334274581045986,5.6548116626946,1567,7.7192118226601,130.583333333333,0.467980295566502,125,203,0.61576354679803,15,0,0,0,0.3060546875,0.181365740740741,203,1567,7.7192118226601,53,65,23,38.5,50,91.5,37,110,91.5,37,108,96,"G5"
"21","San Diego State","fbs","Mountain West",2016,3921648,"Ryan Agnew",1,1,12,1,0.513190732467215,0.513190732467215,0.513190732467215,21,21,21,1,1,1,1,0,0,0,0,0,0,1,21,21,NA,NA,NA,NA,NA,NA,NA,NA,NA,NA,NA,NA,"G5"
"21","San Diego State","fbs","Mountain West",2016,3933327,"Kahale Warring",1,1,12,1,2.73987552714898,2.73987552714898,2.73987552714898,12,12,12,1,1,1,1,1,0,0,0,0.015,0.015,1,12,12,NA,NA,NA,NA,NA,NA,NA,NA,NA,NA,NA,NA,"G5"
"2116","UCF","fbs","American Athletic",2016,531755,"Nick Patti",16,2,10,8,-10.244551886329,-0.640284492895565,-5.12227594316452,89,5.5625,44.5,0.3125,7,16,0.4375,0,0,0,0,0,0,16,89,5.5625,NA,NA,NA,NA,NA,NA,NA,NA,NA,NA,NA,NA,"G5"
"2116","UCF","fbs","American Athletic",2016,551182,"Dontravious Wilson",1,1,10,1,-0.77798905586926,-0.77798905586926,-0.77798905586926,0,0,0,0,0,1,0,0,0,0,0,0,0,1,0,0,NA,NA,NA,NA,NA,NA,NA,NA,NA,NA,NA,NA,"G5"
"2116","UCF","fbs","American Athletic",2016,551184,"Justin Holman",41,3,10,13.6666666666667,-9.65294454342133,-0.235437671790764,-3.21764818114044,240,5.85365853658537,80,0.292682926829268,17,41,0.414634146341463,0,0,0,0,0,0,41,240,5.85365853658537,NA,NA,NA,NA,NA,NA,NA,NA,NA,NA,NA,NA,"G5"
"2116","UCF","fbs","American Athletic",2016,551185,"Pete DiNovo",1,1,10,1,-0.966943118867538,-0.966943118867538,-0.966943118867538,0,0,0,0,0,1,0,0,0,0,0,0,0,1,0,0,NA,NA,NA,NA,NA,NA,NA,NA,NA,NA,NA,NA,"G5"
"2116","UCF","fbs","American Athletic",2016,3929047,"Tristan Payton",1,1,10,1,-0.583022238425789,-0.583022238425789,-0.583022238425789,0,0,0,0,0,1,0,0,0,0,0,0,0,1,0,0,NA,NA,NA,NA,NA,NA,NA,NA,NA,NA,NA,NA,"G5"
"2116","UCF","fbs","American Athletic",2016,4042113,"McKenzie Milton",246,8,10,30.75,9.88070376403819,0.0401654624554398,1.23508797050477,1545,6.28048780487805,193.125,0.426829268292683,144,246,0.585365853658537,8,0,0,0,0.429166666666667,0.24140625,246,1545,6.28048780487805,105,104,104,74,82,96,97,73,96,97,74,72,"G5"
"2117","Central Michigan","fbs","Mid-American",2016,512963,"Jesse Kroll",1,1,11,1,-0.718634149804349,-0.718634149804349,-0.718634149804349,0,0,0,0,0,1,0,0,0,0,0,0,0,1,0,0,NA,NA,NA,NA,NA,NA,NA,NA,NA,NA,NA,NA,"G5"
"2117","Central Michigan","fbs","Mid-American",2016,531455,"Cooper Rush",369,11,11,33.5454545454545,101.680695145059,0.275557439417505,9.24369955864175,2856,7.73983739837398,259.636363636364,0.439024390243902,229,369,0.62059620596206,15,0,0,0,0.608522727272727,0.374475524475525,369,2856,7.73983739837398,31,31,42,63,41,21,36,25,21,36,25,35,"G5"
"2117","Central Michigan","fbs","Mid-American",2016,546533,"Corey Willis",2,2,11,1,9.50155930239945,4.75077965119973,4.75077965119973,18,9,9,1,2,2,1,2,0,0,0,0.015,0.01125,2,18,9,NA,NA,NA,NA,NA,NA,NA,NA,NA,NA,NA,NA,"G5"
"2117","Central Michigan","fbs","Mid-American",2016,3915484,"Brandon Childress",1,1,11,1,-0.603456746420411,-0.603456746420411,-0.603456746420411,0,0,0,0,0,1,0,0,0,0,0,0,0,1,0,0,NA,NA,NA,NA,NA,NA,NA,NA,NA,NA,NA,NA,"G5"
"2117","Central Michigan","fbs","Mid-American",2016,3915486,"Tyler Conklin",2,1,11,2,7.55415115238138,3.77707557619069,7.55415115238138,29,14.5,29,1,2,2,1,2,0,0,0,0.0483333333333333,0.0483333333333333,2,29,14.5,NA,NA,NA,NA,NA,NA,NA,NA,NA,NA,NA,NA,"G5"
"2117","Central Michigan","fbs","Mid-American",2016,4039274,"Jonathan Ward",1,1,11,1,-0.76855343801867,-0.76855343801867,-0.76855343801867,0,0,0,0,0,1,0,0,0,0,0,0,0,1,0,0,NA,NA,NA,NA,NA,NA,NA,NA,NA,NA,NA,NA,"G5"
"2117","Central Michigan","fbs","Mid-American",2016,4047758,"Jack Sheldon",1,1,11,1,3.28761182269758,3.28761182269758,3.28761182269758,18,18,18,1,1,1,1,0,0,0,0,0,0,1,18,18,NA,NA,NA,NA,NA,NA,NA,NA,NA,NA,NA,NA,"G5"
"213","Penn State","fbs","Big Ten",2016,552330,"DaeSean Hamilton",1,1,13,1,1.89392972466123,1.89392972466123,1.89392972466123,4,4,4,1,1,1,1,1,0,0,0,0.005,0.005,1,4,4,NA,NA,NA,NA,NA,NA,NA,NA,NA,NA,NA,NA,"P5"
"213","Penn State","fbs","Big Ten",2016,3116165,"Chris Godwin",3,2,13,1.5,9.58781304938009,3.1959376831267,4.79390652469005,91,30.3333333333333,45.5,1,3,3,1,3,0,0,0,0.0853125,0.06825,3,91,30.3333333333333,NA,NA,NA,NA,NA,NA,NA,NA,NA,NA,NA,NA,"P5"
"213","Penn State","fbs","Big Ten",2016,3116172,"Trace McSorley",346,13,13,26.6153846153846,118.65288446802,0.342927411757283,9.12714495907846,3244,9.3757225433526,249.538461538462,0.442196531791907,201,346,0.580924855491329,20,0,0,0,0.594139194139194,0.378088578088578,346,3244,9.3757225433526,18,33,21,57,87,9,7,32,9,7,29,32,"P5"
"213","Penn State","fbs","Big Ten",2016,3791110,"Tommy Stevens",3,2,13,1.5,-0.35093185084906,-0.116977283616353,-0.17546592542453,36,12,18,0.333333333333333,2,3,0.666666666666667,0,0,0,0,0,0,3,36,12,NA,NA,NA,NA,NA,NA,NA,NA,NA,NA,NA,NA,"P5"
"213","Penn State","fbs","Big Ten",2016,4045163,"Miles Sanders",1,1,13,1,2.7746687727262,2.7746687727262,2.7746687727262,21,21,21,1,1,1,1,1,0,0,0,0.02625,0.02625,1,21,21,NA,NA,NA,NA,NA,NA,NA,NA,NA,NA,NA,NA,"P5"
"2132","Cincinnati","fbs","American Athletic",2016,534259,"Gunner Kiel",125,5,11,25,4.10631314494435,0.0328505051595548,0.821262628988869,804,6.432,160.8,0.384,66,125,0.528,6,0,0,0,0.344571428571429,0.219272727272727,125,804,6.432,NA,NA,NA,NA,NA,NA,NA,NA,NA,NA,NA,NA,"G5"
"2132","Cincinnati","fbs","American Athletic",2016,552212,"Tyler Cogswell",1,1,11,1,2.52192707268646,2.52192707268646,2.52192707268646,29,29,29,1,1,1,1,1,0,0,0,0.03625,0.03625,1,29,29,NA,NA,NA,NA,NA,NA,NA,NA,NA,NA,NA,NA,"G5"
"2132","Cincinnati","fbs","American Athletic",2016,3125813,"Hayden Moore",212,6,11,35.3333333333333,22.5964349578798,0.10658695734849,3.76607249297997,1423,6.7122641509434,237.166666666667,0.419811320754717,124,212,0.584905660377358,8,0,0,0,0.527037037037037,0.338809523809524,212,1423,6.7122641509434,96,82,91,79,83,101,85,40,101,85,49,44,"G5"
"2132","Cincinnati","fbs","American Athletic",2016,3914166,"Ross Trail",64,3,11,21.3333333333333,23.9142715836438,0.373660493494434,7.97142386121459,490,7.65625,163.333333333333,0.546875,46,64,0.71875,1,0,0,0,0.204166666666667,0.102083333333333,64,490,7.65625,NA,NA,NA,NA,NA,NA,NA,NA,NA,NA,NA,NA,"G5"
"2132","Cincinnati","fbs","American Athletic",2016,4037481,"Devin Gray",1,1,11,1,5.91741298506596,5.91741298506596,5.91741298506596,61,61,61,1,1,1,1,1,0,0,0,0.07625,0.07625,1,61,61,NA,NA,NA,NA,NA,NA,NA,NA,NA,NA,NA,NA,"G5"
"218","Temple","fbs","American Athletic",2016,547197,"Keith Kirkwood",1,1,12,1,3.25974023741647,3.25974023741647,3.25974023741647,8,8,8,1,1,1,1,1,0,0,0,0.01,0.01,1,8,8,NA,NA,NA,NA,NA,NA,NA,NA,NA,NA,NA,NA,"G5"
"218","Temple","fbs","American Athletic",2016,549759,"P.J. Walker",311,12,12,25.9166666666667,109.101905879713,0.350809986751487,9.09182548997604,2758,8.86816720257235,229.833333333333,0.45016077170418,190,311,0.610932475884244,16,0,0,0,0.54078431372549,0.328333333333333,311,2758,8.86816720257235,28,34,18,53,57,26,11,49,26,11,44,47,"G5"
"218","Temple","fbs","American Athletic",2016,3138735,"Frank Nutile",2,1,12,2,-1.81007457163373,-0.905037285816863,-1.81007457163373,0,0,0,0,0,2,0,0,0,0,0,0,0,2,0,0,NA,NA,NA,NA,NA,NA,NA,NA,NA,NA,NA,NA,"G5"
"218","Temple","fbs","American Athletic",2016,3914214,"Logan Marchi",4,1,12,4,0.500567716357278,0.125141929089319,0.500567716357278,29,7.25,29,0.5,2,4,0.5,0,0,0,0,0,0,4,29,7.25,NA,NA,NA,NA,NA,NA,NA,NA,NA,NA,NA,NA,"G5"
"2199","Eastern Michigan","fbs","Mid-American",2016,552782,"Brogan Roback",319,9,11,35.4444444444444,76.4019034042773,0.239504399386449,8.48910037825303,2352,7.3730407523511,261.333333333333,0.467084639498433,191,319,0.598746081504702,15,0,0,0,0.6125,0.408333333333333,319,2352,7.3730407523511,46,39,54,40,70,44,56,23,44,56,23,20,"G5"
"2199","Eastern Michigan","fbs","Mid-American",2016,552969,"Todd Porter",112,4,11,28,45.3950711714944,0.405313135459772,11.3487677928736,893,7.97321428571429,223.25,0.5,72,112,0.642857142857143,4,0,0,0,0.4465,0.2790625,112,893,7.97321428571429,NA,NA,NA,NA,NA,NA,NA,NA,NA,NA,NA,NA,"G5"
"2199","Eastern Michigan","fbs","Mid-American",2016,3916616,"Isaac Holder",1,1,11,1,4.7841728662055,4.7841728662055,4.7841728662055,64,64,64,1,1,1,1,0,0,0,0,0,0,1,64,64,NA,NA,NA,NA,NA,NA,NA,NA,NA,NA,NA,NA,"G5"
"2199","Eastern Michigan","fbs","Mid-American",2016,4039319,"Antoine Porter",1,1,11,1,6.17633007190847,6.17633007190847,6.17633007190847,29,29,29,1,1,1,1,1,0,0,0,0.03625,0.03625,1,29,29,NA,NA,NA,NA,NA,NA,NA,NA,NA,NA,NA,NA,"G5"
"221","Pittsburgh","fbs","ACC",2016,532065,"Nathan Peterman",250,11,11,22.7272727272727,135.055974839077,0.540223899356306,12.2778158944615,2427,9.708,220.636363636364,0.492,153,250,0.612,24,0,0,0,0.529527272727273,0.378233766233766,250,2427,9.708,8,10,2,19,56,40,3,56,40,3,48,31,"P5"
"221","Pittsburgh","fbs","ACC",2016,546672,"Ryan Winslow",2,2,11,1,-5.40211487414552,-2.70105743707276,-2.70105743707276,0,0,0,0,0,2,0,0,0,0,0,0,0,2,0,0,NA,NA,NA,NA,NA,NA,NA,NA,NA,NA,NA,NA,"P5"
"221","Pittsburgh","fbs","ACC",2016,3123954,"Brian O'Neill",1,1,11,1,-0.73893567807582,-0.73893567807582,-0.73893567807582,0,0,0,0,0,1,0,0,0,0,0,0,0,1,0,0,NA,NA,NA,NA,NA,NA,NA,NA,NA,NA,NA,NA,"P5"
"221","Pittsburgh","fbs","ACC",2016,3895797,"Tre Tipton",1,1,11,1,1.28560744343914,1.28560744343914,1.28560744343914,11,11,11,1,1,1,1,0,0,0,0,0,0,1,11,11,NA,NA,NA,NA,NA,NA,NA,NA,NA,NA,NA,NA,"P5"
"2226","Florida Atlantic","fbs","Conference USA",2016,3122713,"Jason Driskel",267,10,10,26.7,48.602217450357,0.182030776967629,4.8602217450357,1983,7.42696629213483,198.3,0.438202247191011,166,267,0.621722846441948,7,0,0,0,0.43378125,0.204132352941176,267,1983,7.42696629213483,70,69,72,64,39,66,52,70,66,52,73,87,"G5"
"2226","Florida Atlantic","fbs","Conference USA",2016,3122733,"Kamrin Solomon",1,1,10,1,-0.614233978460279,-0.614233978460279,-0.614233978460279,0,0,0,0,0,1,0,0,0,0,0,0,0,1,0,0,NA,NA,NA,NA,NA,NA,NA,NA,NA,NA,NA,NA,"G5"
"2226","Florida Atlantic","fbs","Conference USA",2016,3919110,"Daniel Parr",31,8,10,3.875,-11.3974305625552,-0.367659050405008,-1.42467882031941,82,2.64516129032258,10.25,0.193548387096774,13,31,0.419354838709677,0,0,0,0,0,0,31,82,2.64516129032258,NA,NA,NA,NA,NA,NA,NA,NA,NA,NA,NA,NA,"G5"
"2229","Florida International","fbs","Conference USA",2016,546561,"A.J. Branisel",1,1,12,1,0.77049395810061,0.77049395810061,0.77049395810061,1,1,1,1,1,1,1,1,0,0,0,0.00125,0.00125,1,1,1,NA,NA,NA,NA,NA,NA,NA,NA,NA,NA,NA,NA,"G5"
"2229","Florida International","fbs","Conference USA",2016,3128843,"Alex McGough",272,9,12,30.2222222222222,51.9854742746181,0.191123067186096,5.7761638082909,1859,6.83455882352941,206.555555555556,0.419117647058824,164,272,0.602941176470588,10,0,0,0,0.469444444444444,0.271783625730994,272,1859,6.83455882352941,66,62,68,80,66.5,72,78,65,72,78,63,62,"G5"
"2229","Florida International","fbs","Conference USA",2016,3128852,"Thomas Owens",2,1,12,2,5.29814996213629,2.64907498106815,5.29814996213629,31,15.5,31,1,2,2,1,2,0,0,0,0.0516666666666667,0.0516666666666667,2,31,15.5,NA,NA,NA,NA,NA,NA,NA,NA,NA,NA,NA,NA,"G5"
"2229","Florida International","fbs","Conference USA",2016,3914306,"Christian Alexander",34,4,12,8.5,15.9858957143632,0.470173403363623,3.99647392859079,216,6.35294117647059,54,0.441176470588235,20,34,0.588235294117647,4,0,0,0,0.108,0.0675,34,216,6.35294117647059,NA,NA,NA,NA,NA,NA,NA,NA,NA,NA,NA,NA,"G5"
"2229","Florida International","fbs","Conference USA",2016,3914307,"Maurice Alexander",81,7,12,11.5714285714286,28.0723170957848,0.346571815997343,4.01033101368354,613,7.5679012345679,87.5714285714286,0.493827160493827,51,81,0.62962962962963,2,0,0,0,0.145952380952381,0.0486507936507937,81,613,7.5679012345679,NA,NA,NA,NA,NA,NA,NA,NA,NA,NA,NA,NA,"G5"
"2247","Georgia State","fbs","Sun Belt",2016,545837,"Robert Davis",1,1,11,1,4.75890758433041,4.75890758433041,4.75890758433041,58,58,58,1,1,1,1,1,0,0,0,0.0725,0.0725,1,58,58,NA,NA,NA,NA,NA,NA,NA,NA,NA,NA,NA,NA,"G5"
"2247","Georgia State","fbs","Sun Belt",2016,550226,"Conner Manning",357,10,11,35.7,71.5353837918769,0.200379226307778,7.15353837918769,2552,7.1484593837535,255.2,0.406162464985994,204,357,0.571428571428571,13,0,0,0,0.592428571428571,0.360608695652174,357,2552,7.1484593837535,51,53,65,90,92.5,37,65,27,37,65,30,38,"G5"
"2247","Georgia State","fbs","Sun Belt",2016,3124853,"Glenn Smith",1,1,11,1,-0.781549021277012,-0.781549021277012,-0.781549021277012,0,0,0,0,0,1,0,0,0,0,0,0,0,1,0,0,NA,NA,NA,NA,NA,NA,NA,NA,NA,NA,NA,NA,"G5"
"2247","Georgia State","fbs","Sun Belt",2016,3917540,"Aaron Winchester",29,3,11,9.66666666666667,-1.15514843169194,-0.0398327045411015,-0.385049477230648,152,5.24137931034483,50.6666666666667,0.310344827586207,16,29,0.551724137931034,0,0,0,0,0,0,29,152,5.24137931034483,NA,NA,NA,NA,NA,NA,NA,NA,NA,NA,NA,NA,"G5"
"2247","Georgia State","fbs","Sun Belt",2016,3917555,"Ari Werts",1,1,11,1,2.28182224323993,2.28182224323993,2.28182224323993,11,11,11,1,1,1,1,1,0,0,0,0.01375,0.01375,1,11,11,NA,NA,NA,NA,NA,NA,NA,NA,NA,NA,NA,NA,"G5"
"2247","Georgia State","fbs","Sun Belt",2016,4036536,"Jawan Nobles",1,1,11,1,5.46709200250358,5.46709200250358,5.46709200250358,63,63,63,1,1,1,1,1,0,0,0,0.07875,0.07875,1,63,63,NA,NA,NA,NA,NA,NA,NA,NA,NA,NA,NA,NA,"G5"
"228","Clemson","fbs","ACC",2016,537012,"Nick Schuessler",19,3,12,6.33333333333333,8.27328738675867,0.435436178250456,2.75776246225289,185,9.73684210526316,61.6666666666667,0.578947368421053,13,19,0.684210526315789,0,0,0,0,0,0,19,185,9.73684210526316,NA,NA,NA,NA,NA,NA,NA,NA,NA,NA,NA,NA,"P5"
"228","Clemson","fbs","ACC",2016,546644,"Mike Williams",4,4,12,1,9.52406992448349,2.38101748112087,2.38101748112087,42,10.5,10.5,0.75,4,4,1,4,0,0,0,0.021,0.013125,4,42,10.5,NA,NA,NA,NA,NA,NA,NA,NA,NA,NA,NA,NA,"P5"
"228","Clemson","fbs","ACC",2016,546740,"Jordan Leggett",2,2,12,1,7.78034555945269,3.89017277972635,3.89017277972635,65,32.5,32.5,1,2,2,1,2,0,0,0,0.0541666666666667,0.040625,2,65,32.5,NA,NA,NA,NA,NA,NA,NA,NA,NA,NA,NA,NA,"P5"
"228","Clemson","fbs","ACC",2016,3122839,"Artavis Scott",1,1,12,1,2.75447381330597,2.75447381330597,2.75447381330597,5,5,5,1,1,1,1,1,0,0,0,0.00625,0.00625,1,5,5,NA,NA,NA,NA,NA,NA,NA,NA,NA,NA,NA,NA,"P5"
"228","Clemson","fbs","ACC",2016,3122840,"Deshaun Watson",441,12,12,36.75,118.501814809743,0.268711598208035,9.87515123414529,3507,7.95238095238095,292.25,0.530612244897959,301,441,0.682539682539683,24,0,0,0,0.7014,0.487083333333333,441,3507,7.95238095238095,19,28,44,8.5,7,6,34,10,6,34,9,9,"P5"
"228","Clemson","fbs","ACC",2016,3728240,"Kelly Bryant",4,1,12,4,-0.656728201234791,-0.164182050308698,-0.656728201234791,21,5.25,21,0.25,2,4,0.5,0,0,0,0,0,0,4,21,5.25,NA,NA,NA,NA,NA,NA,NA,NA,NA,NA,NA,NA,"P5"
"228","Clemson","fbs","ACC",2016,3728241,"Tucker Israel",1,1,12,1,-0.378139261279103,-0.378139261279103,-0.378139261279103,3,3,3,0,1,1,1,0,0,0,0,0,0,1,3,3,NA,NA,NA,NA,NA,NA,NA,NA,NA,NA,NA,NA,"P5"
"228","Clemson","fbs","ACC",2016,3728254,"Deon Cain",4,2,12,2,11.6774922827521,2.91937307068802,5.83874614137605,128,32,64,1,4,4,1,4,0,0,0,0.128,0.106666666666667,4,128,32,NA,NA,NA,NA,NA,NA,NA,NA,NA,NA,NA,NA,"P5"
"2294","Iowa","fbs","Big Ten",2016,535844,"C.J. Beathard",247,11,11,22.4545454545455,41.4387700725284,0.167768299888779,3.7671609156844,1685,6.82186234817814,153.181818181818,0.408906882591093,150,247,0.607287449392713,12,0,0,0,0.353496503496504,0.199802371541502,247,1685,6.82186234817814,78,81,74,86,61,83,80,104,83,80,97,88,"P5"
"2294","Iowa","fbs","Big Ten",2016,545428,"George Kittle",1,1,11,1,0.284217866478226,0.284217866478226,0.284217866478226,1,1,1,1,1,1,1,1,0,0,0,0.00125,0.00125,1,1,1,NA,NA,NA,NA,NA,NA,NA,NA,NA,NA,NA,NA,"P5"
"2294","Iowa","fbs","Big Ten",2016,4036149,"Nathan Stanley",6,3,11,2,-3.85235093646365,-0.642058489410609,-1.28411697882122,17,2.83333333333333,5.66666666666667,0,3,6,0.5,0,0,0,0,0,0,6,17,2.83333333333333,NA,NA,NA,NA,NA,NA,NA,NA,NA,NA,NA,NA,"P5"
"23","San José State","fbs","Mountain West",2016,536355,"Tim Crawley",1,1,11,1,-0.938721183207344,-0.938721183207344,-0.938721183207344,0,0,0,0,0,1,0,0,0,0,0,0,0,1,0,0,NA,NA,NA,NA,NA,NA,NA,NA,NA,NA,NA,NA,"G5"
"23","San José State","fbs","Mountain West",2016,3120351,"Rahshead Johnson",1,1,11,1,2.3857008441519,2.3857008441519,2.3857008441519,12,12,12,1,1,1,1,1,0,0,0,0.015,0.015,1,12,12,NA,NA,NA,NA,NA,NA,NA,NA,NA,NA,NA,NA,"G5"
"23","San José State","fbs","Mountain West",2016,3125293,"Justin Holmes",1,1,11,1,2.62804964821513,2.62804964821513,2.62804964821513,11,11,11,1,1,1,1,1,0,0,0,0.01375,0.01375,1,11,11,NA,NA,NA,NA,NA,NA,NA,NA,NA,NA,NA,NA,"G5"
"23","San José State","fbs","Mountain West",2016,3914864,"Kenny Potter",276,10,11,27.6,66.903641801505,0.242404499280815,6.6903641801505,2017,7.30797101449275,201.7,0.420289855072464,167,276,0.605072463768116,11,0,0,0,0.462229166666667,0.264130952380952,276,2017,7.30797101449275,55,57,52,77,63,64,61,68,64,61,66,64,"G5"
"23","San José State","fbs","Mountain West",2016,3921685,"Josh Love",54,4,11,13.5,18.0383487783143,0.334043495894709,4.50958719457857,392,7.25925925925926,98,0.425925925925926,31,54,0.574074074074074,2,0,0,0,0.163333333333333,0.0816666666666667,54,392,7.25925925925926,NA,NA,NA,NA,NA,NA,NA,NA,NA,NA,NA,NA,"G5"
"2305","Kansas","fbs","Big 12",2016,545417,"Montell Cozart",156,6,11,26,-6.41281076167046,-0.0411077612927593,-1.06880179361174,780,5,130,0.352564102564103,92,156,0.58974358974359,2,0,0,0,0.216666666666667,0.08125,156,780,5,113,113,113,111,76,115,115,111,115,115,115,115,"P5"
"2305","Kansas","fbs","Big 12",2016,549873,"LaQuvionte Gonzalez",1,1,11,1,9.19569347129915,9.19569347129915,9.19569347129915,95,95,95,1,1,1,1,1,0,0,0,0.11875,0.11875,1,95,95,NA,NA,NA,NA,NA,NA,NA,NA,NA,NA,NA,NA,"P5"
"2305","Kansas","fbs","Big 12",2016,3880416,"Chase Harrell",1,1,11,1,3.64237873581891,3.64237873581891,3.64237873581891,18,18,18,1,1,1,1,1,0,0,0,0.0225,0.0225,1,18,18,NA,NA,NA,NA,NA,NA,NA,NA,NA,NA,NA,NA,"P5"
"2305","Kansas","fbs","Big 12",2016,3917957,"Carter Stanley",143,8,11,17.875,-22.6458753579287,-0.15836276474076,-2.83073441974109,752,5.25874125874126,94,0.335664335664336,87,143,0.608391608391608,2,0,0,0,0.156666666666667,0.047,143,752,5.25874125874126,NA,NA,NA,NA,NA,NA,NA,NA,NA,NA,NA,NA,"P5"
"2305","Kansas","fbs","Big 12",2016,3917958,"Ryan Willis",100,5,11,20,4.94571161323755,0.0494571161323755,0.98914232264751,639,6.39,127.8,0.34,64,100,0.64,0,0,0,0,0,0,100,639,6.39,NA,NA,NA,NA,NA,NA,NA,NA,NA,NA,NA,NA,"P5"
"2305","Kansas","fbs","Big 12",2016,3917960,"Steven Sims Jr.",4,2,11,2,17.7197152506489,4.42992881266221,8.85985762532443,147,36.75,73.5,1,4,4,1,3,0,0,0,0.1378125,0.11025,4,147,36.75,NA,NA,NA,NA,NA,NA,NA,NA,NA,NA,NA,NA,"P5"
"2305","Kansas","fbs","Big 12",2016,3917964,"Taylor Martin",1,1,11,1,6.47391781771145,6.47391781771145,6.47391781771145,45,45,45,1,1,1,1,1,0,0,0,0.05625,0.05625,1,45,45,NA,NA,NA,NA,NA,NA,NA,NA,NA,NA,NA,NA,"P5"
"2306","Kansas State","fbs","Big 12",2016,517248,"Joe Hubener",38,4,11,9.5,11.5736957487511,0.304570940756608,2.89342393718777,276,7.26315789473684,69,0.473684210526316,22,38,0.578947368421053,1,0,0,0,0.08625,0.0345,38,276,7.26315789473684,NA,NA,NA,NA,NA,NA,NA,NA,NA,NA,NA,NA,"P5"
"2306","Kansas State","fbs","Big 12",2016,550448,"Jesse Ertz",232,11,11,21.0909090909091,40.7985313804937,0.175855738709025,3.7089573982267,1466,6.31896551724138,133.272727272727,0.431034482758621,131,232,0.564655172413793,6,0,0,0,0.285584415584416,0.117593582887701,232,1466,6.31896551724138,79,83,73,67,96,98,96,109,98,96,109,111,"P5"
"2306","Kansas State","fbs","Big 12",2016,3886634,"Alex Delton",1,1,11,1,-1.52573626697182,-1.52573626697182,-1.52573626697182,0,0,0,0,0,1,0,0,0,0,0,0,0,1,0,0,NA,NA,NA,NA,NA,NA,NA,NA,NA,NA,NA,NA,"P5"
"2309","Kent State","fbs","Mid-American",2016,531855,"Brice Fackler",1,1,10,1,3.36398553363234,3.36398553363234,3.36398553363234,10,10,10,1,1,1,1,1,0,0,0,0.0125,0.0125,1,10,10,NA,NA,NA,NA,NA,NA,NA,NA,NA,NA,NA,NA,"G5"
"2309","Kent State","fbs","Mid-American",2016,531864,"Colin Reardon",2,2,10,1,-1.1069735016954,-0.5534867508477,-0.5534867508477,3,1.5,1.5,0,1,2,0.5,0,0,0,0,0,0,2,3,1.5,NA,NA,NA,NA,NA,NA,NA,NA,NA,NA,NA,NA,"G5"
"2309","Kent State","fbs","Mid-American",2016,536075,"Ernest Calhoun",1,1,10,1,5.59162018463762,5.59162018463762,5.59162018463762,57,57,57,1,1,1,1,1,0,0,0,0.07125,0.07125,1,57,57,NA,NA,NA,NA,NA,NA,NA,NA,NA,NA,NA,NA,"G5"
"2309","Kent State","fbs","Mid-American",2016,550339,"Nick Holley",143,7,10,20.4285714285714,1.85661743925936,0.0129833387360794,0.265231062751337,858,6,122.571428571429,0.370629370629371,72,143,0.503496503496504,4,0,0,0,0.245142857142857,0.111428571428571,143,858,6,109,109,108,107,114,113,105,114,113,105,113,112,"G5"
"2309","Kent State","fbs","Mid-American",2016,3125858,"George Bollas",29,5,10,5.8,11.8461575469483,0.408488191274078,2.36923150938965,264,9.10344827586207,52.8,0.413793103448276,17,29,0.586206896551724,0,0,0,0,0,0,29,264,9.10344827586207,NA,NA,NA,NA,NA,NA,NA,NA,NA,NA,NA,NA,"G5"
"2309","Kent State","fbs","Mid-American",2016,3915266,"Mylik Mitchell",19,2,10,9.5,-10.0659047269035,-0.529784459310711,-5.03295236345176,75,3.94736842105263,37.5,0.210526315789474,8,19,0.421052631578947,0,0,0,0,0,0,19,75,3.94736842105263,NA,NA,NA,NA,NA,NA,NA,NA,NA,NA,NA,NA,"G5"
"2309","Kent State","fbs","Mid-American",2016,4038918,"Justin Agner",13,1,10,13,2.35043629504681,0.180802791926677,2.35043629504681,64,4.92307692307692,64,0.538461538461538,8,13,0.615384615384615,0,0,0,0,0,0,13,64,4.92307692307692,NA,NA,NA,NA,NA,NA,NA,NA,NA,NA,NA,NA,"G5"
"2309","Kent State","fbs","Mid-American",2016,4038930,"Kavious Price",1,1,10,1,-0.90483274355535,-0.90483274355535,-0.90483274355535,0,0,0,0,0,1,0,0,0,0,0,0,0,1,0,0,NA,NA,NA,NA,NA,NA,NA,NA,NA,NA,NA,NA,"G5"
"2348","Louisiana Tech","fbs","Conference USA",2016,531316,"Ryan Higgins",397,11,11,36.0909090909091,195.051837493056,0.491314452123568,17.7319852266415,3793,9.55415617128464,344.818181818182,0.556675062972292,265,397,0.667506297229219,32,0,0,0,0.835922865013774,0.641522198731501,397,3793,9.55415617128464,3,2,4,2,11,3,6,2,3,6,2,2,"G5"
"2348","Louisiana Tech","fbs","Conference USA",2016,545677,"Trent Taylor",1,1,11,1,2.43158562310616,2.43158562310616,2.43158562310616,5,5,5,1,1,1,1,1,0,0,0,0.00625,0.00625,1,5,5,NA,NA,NA,NA,NA,NA,NA,NA,NA,NA,NA,NA,"G5"
"235","Memphis","fbs","American Athletic",2016,546539,"Riley Ferguson",353,11,11,32.0909090909091,127.564168717986,0.3613715827705,11.596742610726,3025,8.56940509915014,275,0.495750708215297,228,353,0.645892351274788,24,0,0,0,0.66,0.471428571428571,353,3025,8.56940509915014,14,14,15,15,19,15,16,14,15,16,14,11,"G5"
"235","Memphis","fbs","American Athletic",2016,549623,"Anthony Miller",1,1,11,1,2.32130376477363,2.32130376477363,2.32130376477363,3,3,3,1,1,1,1,1,0,0,0,0.00375,0.00375,1,3,3,NA,NA,NA,NA,NA,NA,NA,NA,NA,NA,NA,NA,"G5"
"235","Memphis","fbs","American Athletic",2016,556625,"Spencer Smith",1,1,11,1,4.20287129607228,4.20287129607228,4.20287129607228,12,12,12,1,1,1,1,0,0,0,0,0,0,1,12,12,NA,NA,NA,NA,NA,NA,NA,NA,NA,NA,NA,NA,"G5"
"235","Memphis","fbs","American Athletic",2016,3126208,"Jason Stewart",27,4,11,6.75,13.8431552713719,0.512709454495256,3.46078881784298,201,7.44444444444444,50.25,0.481481481481481,20,27,0.740740740740741,2,0,0,0,0.08375,0.041875,27,201,7.44444444444444,NA,NA,NA,NA,NA,NA,NA,NA,NA,NA,NA,NA,"G5"
"238","Vanderbilt","fbs","SEC",2016,3122154,"Khari Blasingame",1,1,11,1,-3.01375343806143,-3.01375343806143,-3.01375343806143,0,0,0,0,0,1,0,0,0,0,0,0,0,1,0,0,NA,NA,NA,NA,NA,NA,NA,NA,NA,NA,NA,NA,"P5"
"238","Vanderbilt","fbs","SEC",2016,3122157,"Wade Freebeck",12,3,11,4,-2.45606206657802,-0.204671838881502,-0.818687355526006,77,6.41666666666667,25.6666666666667,0.416666666666667,6,12,0.5,0,0,0,0,0,0,12,77,6.41666666666667,NA,NA,NA,NA,NA,NA,NA,NA,NA,NA,NA,NA,"P5"
"238","Vanderbilt","fbs","SEC",2016,3122168,"Trent Sherfield",1,1,11,1,-0.839429003649012,-0.839429003649012,-0.839429003649012,0,0,0,0,0,1,0,0,0,0,0,0,0,1,0,0,NA,NA,NA,NA,NA,NA,NA,NA,NA,NA,NA,NA,"P5"
"238","Vanderbilt","fbs","SEC",2016,3915776,"Kyle Shurmur",296,11,11,26.9090909090909,59.5188923437636,0.201077338999201,5.4108083948876,2089,7.05743243243243,189.909090909091,0.439189189189189,168,296,0.567567567567568,7,0,0,0,0.415426136363636,0.184633838383838,296,2089,7.05743243243243,61,68,64,62,94,59,68,78,59,68,80,95,"P5"
"239","Baylor","fbs","Big 12",2016,535511,"Seth Russell",239,8,11,29.875,23.8463209625697,0.0997754015170282,2.98079012032122,1624,6.79497907949791,203,0.397489539748954,127,239,0.531380753138075,5,0,0,0,0.422916666666667,0.195192307692308,239,1624,6.79497907949791,92,90,92,97,109,87,82,67,87,82,76,89,"P5"
"239","Baylor","fbs","Big 12",2016,3124822,"Jordan Feuerbacher",1,1,11,1,2.46161865225874,2.46161865225874,2.46161865225874,22,22,22,1,1,1,1,1,0,0,0,0.0275,0.0275,1,22,22,NA,NA,NA,NA,NA,NA,NA,NA,NA,NA,NA,NA,"P5"
"239","Baylor","fbs","Big 12",2016,3128348,"KD Cannon",4,3,11,1.33333333333333,13.7620197368672,3.4405049342168,4.58733991228906,112,28,37.3333333333333,1,4,4,1,4,0,0,0,0.0746666666666667,0.0533333333333333,4,112,28,NA,NA,NA,NA,NA,NA,NA,NA,NA,NA,NA,NA,"P5"
"239","Baylor","fbs","Big 12",2016,3128359,"Chris Platt",2,1,11,2,11.9570947290515,5.97854736452574,11.9570947290515,104,52,104,1,2,2,1,2,0,0,0,0.173333333333333,0.173333333333333,2,104,52,NA,NA,NA,NA,NA,NA,NA,NA,NA,NA,NA,NA,"P5"
"239","Baylor","fbs","Big 12",2016,3128362,"Ishmael Zamora",5,4,11,1.25,12.2844424820879,2.45688849641757,3.07111062052196,100,20,25,0.8,4,5,0.8,4,0,0,0,0.05,0.03125,5,100,20,NA,NA,NA,NA,NA,NA,NA,NA,NA,NA,NA,NA,"P5"
"239","Baylor","fbs","Big 12",2016,3892773,"Blake Lynch",1,1,11,1,-0.588096809347677,-0.588096809347677,-0.588096809347677,0,0,0,0,0,1,0,0,0,0,0,0,0,1,0,0,NA,NA,NA,NA,NA,NA,NA,NA,NA,NA,NA,NA,"P5"
"239","Baylor","fbs","Big 12",2016,4035409,"Zach Smith",144,8,11,18,42.051497296696,0.292024286782611,5.25643716208699,1094,7.59722222222222,136.75,0.465277777777778,83,144,0.576388888888889,9,0,0,0,0.3076875,0.180992647058824,144,1094,7.59722222222222,NA,NA,NA,NA,NA,NA,NA,NA,NA,NA,NA,NA,"P5"
"2390","Miami","fbs","ACC",2016,550046,"Stacy Coley",3,2,11,1.5,12.3880043303658,4.12933477678859,6.19400216518289,63,21,31.5,1,3,3,1,3,0,0,0,0.0590625,0.04725,3,63,21,NA,NA,NA,NA,NA,NA,NA,NA,NA,NA,NA,NA,"P5"
"2390","Miami","fbs","ACC",2016,3123047,"Malik Rosier",1,1,11,1,1.13139970015442,1.13139970015442,1.13139970015442,17,17,17,1,1,1,1,0,0,0,0,0,0,1,17,17,NA,NA,NA,NA,NA,NA,NA,NA,NA,NA,NA,NA,"P5"
"2390","Miami","fbs","ACC",2016,3123048,"Brad Kaaya",356,11,11,32.3636363636364,89.3954581716321,0.251110837560764,8.12685983378474,2986,8.3876404494382,271.454545454545,0.466292134831461,219,356,0.615168539325843,14,0,0,0,0.633393939393939,0.380036363636364,356,2986,8.3876404494382,37,43,50,43,51,17,21,16,17,21,17,30,"P5"
"2390","Miami","fbs","ACC",2016,3123050,"Christopher Herndon IV",1,1,11,1,4.33095588704415,4.33095588704415,4.33095588704415,35,35,35,1,1,1,1,1,0,0,0,0.04375,0.04375,1,35,35,NA,NA,NA,NA,NA,NA,NA,NA,NA,NA,NA,NA,"P5"
"2390","Miami","fbs","ACC",2016,3123075,"Braxton Berrios",1,1,11,1,4.81488085193614,4.81488085193614,4.81488085193614,25,25,25,1,1,1,1,1,0,0,0,0.03125,0.03125,1,25,25,NA,NA,NA,NA,NA,NA,NA,NA,NA,NA,NA,NA,"P5"
"2393","Middle Tennessee","fbs","Conference USA",2016,531103,"Dennis Andrews",3,1,11,3,6.10005950421977,2.03335316807326,6.10005950421977,73,24.3333333333333,73,0.666666666666667,2,3,0.666666666666667,0,0,0,0,0,0,3,73,24.3333333333333,NA,NA,NA,NA,NA,NA,NA,NA,NA,NA,NA,NA,"G5"
"2393","Middle Tennessee","fbs","Conference USA",2016,536203,"I'Tavius Mathers",1,1,11,1,0.991413384667483,0.991413384667483,0.991413384667483,34,34,34,1,1,1,1,0,0,0,0,0,0,1,34,34,NA,NA,NA,NA,NA,NA,NA,NA,NA,NA,NA,NA,"G5"
"2393","Middle Tennessee","fbs","Conference USA",2016,545683,"Brent Stockstill",268,8,11,33.5,80.4583284321702,0.30021764340362,10.0572910540213,2027,7.5634328358209,253.375,0.440298507462687,158,268,0.58955223880597,20,0,0,0,0.603273809523809,0.452455357142857,268,2027,7.5634328358209,40,27,32,59,77,63,47,29,63,47,26,14,"G5"
"2393","Middle Tennessee","fbs","Conference USA",2016,3122899,"Richie James",8,3,11,2.66666666666667,4.96675071964524,0.620843839955655,1.65558357321508,81,10.125,27,0.75,7,8,0.875,1,0,0,0,0.03375,0.016875,8,81,10.125,NA,NA,NA,NA,NA,NA,NA,NA,NA,NA,NA,NA,"G5"
"2393","Middle Tennessee","fbs","Conference USA",2016,3914460,"John Urzua",106,4,11,26.5,14.5104360192765,0.136890905842231,3.62760900481913,709,6.68867924528302,177.25,0.39622641509434,68,106,0.641509433962264,7,0,0,0,0.387734375,0.281988636363636,106,709,6.68867924528302,NA,NA,NA,NA,NA,NA,NA,NA,NA,NA,NA,NA,"G5"
"24","Stanford","fbs","Pac-12",2016,546469,"Ryan Burns",147,9,12,16.3333333333333,39.3184041348252,0.2674721369716,4.36871157053614,1057,7.19047619047619,117.444444444444,0.482993197278912,95,147,0.646258503401361,4,0,0,0,0.234888888888889,0.0903418803418803,147,1057,7.19047619047619,NA,NA,NA,NA,NA,NA,NA,NA,NA,NA,NA,NA,"P5"
"24","Stanford","fbs","Pac-12",2016,3117245,"Keller Chryst",128,10,12,12.8,10.3878167276703,0.0811548181849245,1.03878167276703,831,6.4921875,83.1,0.421875,74,128,0.578125,9,0,0,0,0.186975,0.0984078947368421,128,831,6.4921875,NA,NA,NA,NA,NA,NA,NA,NA,NA,NA,NA,NA,"P5"
"24","Stanford","fbs","Pac-12",2016,3931397,"JJ Arcega-Whiteside",1,1,12,1,7,7,7,1,1,1,1,1,1,1,1,0,0,0,0.00125,0.00125,1,1,1,NA,NA,NA,NA,NA,NA,NA,NA,NA,NA,NA,NA,"P5"
"242","Rice","fbs","Conference USA",2016,536503,"Tyler Stehling",270,10,11,27,17.6219510808811,0.0652664854847449,1.76219510808811,1591,5.89259259259259,159.1,0.374074074074074,166,270,0.614814814814815,6,0,0,0,0.340928571428571,0.14915625,270,1591,5.89259259259259,99,100,101,105,53,90,108,100,90,108,102,103,"G5"
"242","Rice","fbs","Conference USA",2016,547720,"Temi Alaka",1,1,11,1,2.46337353799697,2.46337353799697,2.46337353799697,24,24,24,1,1,1,1,1,0,0,0,0.03,0.03,1,24,24,NA,NA,NA,NA,NA,NA,NA,NA,NA,NA,NA,NA,"G5"
"242","Rice","fbs","Conference USA",2016,3123856,"Samuel Stewart",1,1,11,1,3.74709651861055,3.74709651861055,3.74709651861055,13,13,13,1,1,1,1,1,0,0,0,0.01625,0.01625,1,13,13,NA,NA,NA,NA,NA,NA,NA,NA,NA,NA,NA,NA,"G5"
"242","Rice","fbs","Conference USA",2016,3916372,"J.T. Granato",17,3,11,5.66666666666667,1.65657174014856,0.0974453964793269,0.552190580049519,96,5.64705882352941,32,0.411764705882353,8,17,0.470588235294118,0,0,0,0,0,0,17,96,5.64705882352941,NA,NA,NA,NA,NA,NA,NA,NA,NA,NA,NA,NA,"G5"
"242","Rice","fbs","Conference USA",2016,3916383,"Jackson Tyner",66,3,11,22,-6.37919412500381,-0.0966544564394517,-2.12639804166794,318,4.81818181818182,106,0.409090909090909,32,66,0.484848484848485,2,0,0,0,0.176666666666667,0.106,66,318,4.81818181818182,NA,NA,NA,NA,NA,NA,NA,NA,NA,NA,NA,NA,"G5"
"2426","Navy","fbs","American Athletic",2016,551208,"Will Worth",109,11,12,9.90909090909091,81.5206800780698,0.747896147505228,7.41097091618817,1268,11.6330275229358,115.272727272727,0.541284403669725,67,109,0.614678899082569,5,0,0,0,0.240151515151515,0.0900568181818182,109,1268,11.6330275229358,NA,NA,NA,NA,NA,NA,NA,NA,NA,NA,NA,NA,"G5"
"2426","Navy","fbs","American Athletic",2016,3125154,"Darryl Bonner",1,1,12,1,2.72358903805844,2.72358903805844,2.72358903805844,17,17,17,1,1,1,1,1,0,0,0,0.02125,0.02125,1,17,17,NA,NA,NA,NA,NA,NA,NA,NA,NA,NA,NA,NA,"G5"
"2426","Navy","fbs","American Athletic",2016,3125183,"Brandon Colon",1,1,12,1,2.51121188772375,2.51121188772375,2.51121188772375,34,34,34,1,1,1,1,1,0,0,0,0.0425,0.0425,1,34,34,NA,NA,NA,NA,NA,NA,NA,NA,NA,NA,NA,NA,"G5"
"2426","Navy","fbs","American Athletic",2016,3916251,"Zach Abey",19,2,12,9.5,5.95658777863441,0.313504619928127,2.97829388931721,193,10.1578947368421,96.5,0.473684210526316,13,19,0.684210526315789,0,0,0,0,0,0,19,193,10.1578947368421,NA,NA,NA,NA,NA,NA,NA,NA,NA,NA,NA,NA,"G5"
"2429","Charlotte","fbs","Conference USA",2016,550050,"Kevin Olsen",117,4,10,29.25,-12.9163695596202,-0.110396321022395,-3.22909238990504,542,4.63247863247863,135.5,0.273504273504274,54,117,0.461538461538462,2,0,0,0,0.225833333333333,0.112916666666667,117,542,4.63247863247863,NA,NA,NA,NA,NA,NA,NA,NA,NA,NA,NA,NA,"G5"
"2429","Charlotte","fbs","Conference USA",2016,551918,"Lee McNeill",4,1,10,4,-2.83314648804256,-0.70828662201064,-2.83314648804256,3,0.75,3,0.25,2,4,0.5,0,0,0,0,0,0,4,3,0.75,NA,NA,NA,NA,NA,NA,NA,NA,NA,NA,NA,NA,"G5"
"2429","Charlotte","fbs","Conference USA",2016,551919,"Matt Johnson",7,5,10,1.4,-0.640418354195605,-0.0914883363136579,-0.128083670839121,36,5.14285714285714,7.2,0.428571428571429,4,7,0.571428571428571,0,0,0,0,0,0,7,36,5.14285714285714,NA,NA,NA,NA,NA,NA,NA,NA,NA,NA,NA,NA,"G5"
"2429","Charlotte","fbs","Conference USA",2016,3139889,"Hasaan Klugh",210,9,10,23.3333333333333,19.6711207248888,0.0936720034518514,2.1856800805432,1272,6.05714285714286,141.333333333333,0.352380952380952,112,210,0.533333333333333,10,0,0,0,0.321212121212121,0.185964912280702,210,1272,6.05714285714286,98,97,93,112,108,106,104,108,106,104,105,94,"G5"
"2433","UL Monroe","fbs","Sun Belt",2016,3124944,"Garrett Smith",142,5,11,28.4,20.7263037163,0.145959885326057,4.14526074326001,1035,7.2887323943662,207,0.380281690140845,84,142,0.591549295774648,7,0,0,0,0.4528125,0.301875,142,1035,7.2887323943662,NA,NA,NA,NA,NA,NA,NA,NA,NA,NA,NA,NA,"G5"
"2433","UL Monroe","fbs","Sun Belt",2016,3918231,"Will Collins",37,4,11,9.25,4.45559073180224,0.12042137112979,1.11389768295056,233,6.2972972972973,58.25,0.378378378378378,19,37,0.513513513513513,2,0,0,0,0.0970833333333333,0.0485416666666667,37,233,6.2972972972973,NA,NA,NA,NA,NA,NA,NA,NA,NA,NA,NA,NA,"G5"
"2433","UL Monroe","fbs","Sun Belt",2016,4036585,"Caleb Evans",135,6,11,22.5,15.3141409603642,0.113438081187883,2.55235682672736,813,6.02222222222222,135.5,0.362962962962963,73,135,0.540740740740741,3,0,0,0,0.2540625,0.112916666666667,135,813,6.02222222222222,NA,NA,NA,NA,NA,NA,NA,NA,NA,NA,NA,NA,"G5"
"2439","UNLV","fbs","Mountain West",2016,545618,"Johnny Stanton",87,3,11,29,3.2598915428446,0.037470017733846,1.08663051428153,461,5.29885057471264,153.666666666667,0.367816091954023,40,87,0.459770114942529,3,0,0,0,0.288125,0.192083333333333,87,461,5.29885057471264,NA,NA,NA,NA,NA,NA,NA,NA,NA,NA,NA,NA,"G5"
"2439","UNLV","fbs","Mountain West",2016,551230,"Kurt Palandech",92,6,11,15.3333333333333,14.9224337947239,0.162200367333956,2.48707229912066,604,6.56521739130435,100.666666666667,0.358695652173913,46,92,0.5,3,0,0,0,0.18875,0.0838888888888889,92,604,6.56521739130435,NA,NA,NA,NA,NA,NA,NA,NA,NA,NA,NA,NA,"G5"
"2439","UNLV","fbs","Mountain West",2016,3921707,"Dalton Sneed",85,5,11,17,18.3089008335019,0.215398833335316,3.66178016670037,626,7.36470588235294,125.2,0.388235294117647,38,85,0.447058823529412,5,0,0,0,0.260833333333333,0.1565,85,626,7.36470588235294,NA,NA,NA,NA,NA,NA,NA,NA,NA,NA,NA,NA,"G5"
"2439","UNLV","fbs","Mountain West",2016,4036896,"Allan Cui III",1,1,11,1,-0.773952009065721,-0.773952009065721,-0.773952009065721,0,0,0,0,0,1,0,0,0,0,0,0,0,1,0,0,NA,NA,NA,NA,NA,NA,NA,NA,NA,NA,NA,NA,"G5"
"2440","Nevada","fbs","Mountain West",2016,536228,"Tyler Stewart",140,6,10,23.3333333333333,34.6439248484169,0.24745660606012,5.77398747473614,920,6.57142857142857,153.333333333333,0.471428571428571,88,140,0.628571428571429,7,0,0,0,0.335416666666667,0.206410256410256,140,920,6.57142857142857,84,63,51,33,31,111,89,103,111,89,103,85,"G5"
"2440","Nevada","fbs","Mountain West",2016,3122611,"Ty Gangi",123,8,10,15.375,39.4300989464217,0.32056991013351,4.92876236830271,980,7.96747967479675,122.5,0.422764227642276,71,123,0.577235772357724,6,0,0,0,0.2625,0.13125,123,980,7.96747967479675,NA,NA,NA,NA,NA,NA,NA,NA,NA,NA,NA,NA,"G5"
"2440","Nevada","fbs","Mountain West",2016,3124610,"Andrew Celis",3,2,10,1.5,1.82290846510881,0.607636155036269,0.911454232554403,36,12,18,0.333333333333333,1,3,0.333333333333333,1,0,0,0,0.0225,0.015,3,36,12,NA,NA,NA,NA,NA,NA,NA,NA,NA,NA,NA,NA,"G5"
"245","Texas A&M","fbs","SEC",2016,534449,"Trevor Knight",256,9,11,28.4444444444444,22.4997872283974,0.0878897938609274,2.49997635871082,1567,6.12109375,174.111111111111,0.39453125,131,256,0.51171875,8,0,0,0,0.386913580246914,0.20483660130719,256,1567,6.12109375,97,95,96,99,113,91.5,102,91,91.5,102,90,86,"P5"
"245","Texas A&M","fbs","SEC",2016,550539,"Jake Hubenak",88,5,11,17.6,15.7310756887174,0.178762223735425,3.14621513774348,811,9.21590909090909,162.2,0.386363636363636,53,88,0.602272727272727,4,0,0,0,0.3244,0.180222222222222,88,811,9.21590909090909,NA,NA,NA,NA,NA,NA,NA,NA,NA,NA,NA,NA,"P5"
"245","Texas A&M","fbs","SEC",2016,559679,"Speedy Noil",1,1,11,1,1.23959646530834,1.23959646530834,1.23959646530834,1,1,1,1,1,1,1,1,0,0,0,0.00125,0.00125,1,1,1,NA,NA,NA,NA,NA,NA,NA,NA,NA,NA,NA,NA,"P5"
"245","Texas A&M","fbs","SEC",2016,559694,"Josh Reynolds",4,4,11,1,15.7372789613479,3.93431974033697,3.93431974033697,150,37.5,37.5,1,4,4,1,4,0,0,0,0.075,0.046875,4,150,37.5,NA,NA,NA,NA,NA,NA,NA,NA,NA,NA,NA,NA,"P5"
"245","Texas A&M","fbs","SEC",2016,3895856,"Christian Kirk",3,3,11,1,1.36869855282137,0.456232850940457,0.456232850940457,9,3,3,0.333333333333333,1,3,0.333333333333333,1,0,0,0,0.00375,0.001875,3,9,3,NA,NA,NA,NA,NA,NA,NA,NA,NA,NA,NA,NA,"P5"
"2459","Northern Illinois","fbs","Mid-American",2016,532480,"Drew Hare",54,2,11,27,10.9266026684107,0.202344493859457,5.46330133420534,407,7.53703703703704,203.5,0.5,35,54,0.648148148148148,3,0,0,0,0.3815625,0.30525,54,407,7.53703703703704,NA,NA,NA,NA,NA,NA,NA,NA,NA,NA,NA,NA,"G5"
"2459","Northern Illinois","fbs","Mid-American",2016,532644,"Anthony Maddie",140,5,11,28,19.1294019869826,0.136638585621304,3.82588039739652,962,6.87142857142857,192.4,0.457142857142857,87,140,0.621428571428571,6,0,0,0,0.412285714285714,0.262363636363636,140,962,6.87142857142857,NA,NA,NA,NA,NA,NA,NA,NA,NA,NA,NA,NA,"G5"
"2459","Northern Illinois","fbs","Mid-American",2016,547867,"Aregeros Turner",1,1,11,1,2.75700596862637,2.75700596862637,2.75700596862637,11,11,11,1,1,1,1,1,0,0,0,0.01375,0.01375,1,11,11,NA,NA,NA,NA,NA,NA,NA,NA,NA,NA,NA,NA,"G5"
"2459","Northern Illinois","fbs","Mid-American",2016,3126013,"Ryan Graham",101,5,11,20.2,20.0417418277623,0.198433087403587,4.00834836555246,571,5.65346534653465,114.2,0.405940594059406,58,101,0.574257425742574,6,0,0,0,0.244714285714286,0.155727272727273,101,571,5.65346534653465,NA,NA,NA,NA,NA,NA,NA,NA,NA,NA,NA,NA,"G5"
"2459","Northern Illinois","fbs","Mid-American",2016,3921977,"Daniel Santacaterina",25,2,11,12.5,17.2452082569273,0.689808330277092,8.62260412846365,296,11.84,148,0.48,13,25,0.52,1,0,0,0,0.185,0.123333333333333,25,296,11.84,NA,NA,NA,NA,NA,NA,NA,NA,NA,NA,NA,NA,"G5"
"248","Houston","fbs","American Athletic",2016,530860,"Chance Allen",2,2,11,1,9.65711036058199,4.828555180291,4.828555180291,67,33.5,33.5,1,2,2,1,2,0,0,0,0.0558333333333333,0.041875,2,67,33.5,NA,NA,NA,NA,NA,NA,NA,NA,NA,NA,NA,NA,"G5"
"248","Houston","fbs","American Athletic",2016,545552,"Greg Ward Jr.",416,11,11,37.8181818181818,120.405411425183,0.289436085156689,10.9459464931984,3124,7.50961538461539,284,0.497596153846154,284,416,0.682692307692308,13,0,0,0,0.659285714285714,0.384583333333333,416,3124,7.50961538461539,17,20,36,13,6,14,50,13,14,50,15,27,"G5"
"248","Houston","fbs","American Athletic",2016,545553,"Tyler McCloskey",1,1,11,1,2.0381553576622,2.0381553576622,2.0381553576622,2,2,2,1,1,1,1,1,0,0,0,0.0025,0.0025,1,2,2,NA,NA,NA,NA,NA,NA,NA,NA,NA,NA,NA,NA,"G5"
"248","Houston","fbs","American Athletic",2016,553532,"Kyle Postma",20,3,11,6.66666666666667,-0.137292885982289,-0.00686464429911447,-0.0457642953274298,85,4.25,28.3333333333333,0.35,15,20,0.75,0,0,0,0,0,0,20,85,4.25,NA,NA,NA,NA,NA,NA,NA,NA,NA,NA,NA,NA,"G5"
"248","Houston","fbs","American Athletic",2016,553536,"Linell Bonner",2,2,11,1,1.60188834435642,0.800944172178212,0.800944172178212,5,2.5,2.5,0.5,1,2,0.5,1,0,0,0,0.003125,0.00208333333333333,2,5,2.5,NA,NA,NA,NA,NA,NA,NA,NA,NA,NA,NA,NA,"G5"
"248","Houston","fbs","American Athletic",2016,3125112,"Duke Catalon",2,1,11,2,4.25239923271835,2.12619961635917,4.25239923271835,26,13,26,1,2,2,1,2,0,0,0,0.0433333333333333,0.0433333333333333,2,26,13,NA,NA,NA,NA,NA,NA,NA,NA,NA,NA,NA,NA,"G5"
"248","Houston","fbs","American Athletic",2016,3126197,"Steven Dunbar",2,2,11,1,7.37550502067236,3.68775251033618,3.68775251033618,37,18.5,18.5,1,2,2,1,2,0,0,0,0.0308333333333333,0.023125,2,37,18.5,NA,NA,NA,NA,NA,NA,NA,NA,NA,NA,NA,NA,"G5"
"248","Houston","fbs","American Athletic",2016,4039300,"D'Eriq King",3,2,11,1.5,5.43176686987807,1.81058895662602,2.71588343493903,63,21,31.5,0.666666666666667,2,3,0.666666666666667,2,0,0,0,0.0525,0.039375,3,63,21,NA,NA,NA,NA,NA,NA,NA,NA,NA,NA,NA,NA,"G5"
"248","Houston","fbs","American Athletic",2016,4044162,"Dillon Birden",1,1,11,1,2.63546483509132,2.63546483509132,2.63546483509132,19,19,19,1,1,1,1,1,0,0,0,0.02375,0.02375,1,19,19,NA,NA,NA,NA,NA,NA,NA,NA,NA,NA,NA,NA,"G5"
"248","Houston","fbs","American Athletic",2016,4044165,"Dane Roy",1,1,11,1,3.92106131006697,3.92106131006697,3.92106131006697,15,15,15,1,1,1,1,0,0,0,0,0,0,1,15,15,NA,NA,NA,NA,NA,NA,NA,NA,NA,NA,NA,NA,"G5"
"2483","Oregon","fbs","Pac-12",2016,530868,"Evan Baylis",1,1,11,1,0.867069711879626,0.867069711879626,0.867069711879626,1,1,1,1,1,1,1,1,0,0,0,0.00125,0.00125,1,1,1,NA,NA,NA,NA,NA,NA,NA,NA,NA,NA,NA,NA,"P5"
"2483","Oregon","fbs","Pac-12",2016,530869,"Pharaoh Brown",2,2,11,1,6.66264628918523,3.33132314459261,3.33132314459261,32,16,16,1,2,2,1,2,0,0,0,0.0266666666666667,0.02,2,32,16,NA,NA,NA,NA,NA,NA,NA,NA,NA,NA,NA,NA,"P5"
"2483","Oregon","fbs","Pac-12",2016,533805,"Dakota Prukop",111,5,11,22.2,42.4913911748847,0.382805325899862,8.49827823497695,939,8.45945945945946,187.8,0.477477477477477,73,111,0.657657657657658,5,0,0,0,0.39125,0.23475,111,939,8.45945945945946,NA,NA,NA,NA,NA,NA,NA,NA,NA,NA,NA,NA,"P5"
"2483","Oregon","fbs","Pac-12",2016,550664,"Johnny Mundt",1,1,11,1,2.85968416479475,2.85968416479475,2.85968416479475,12,12,12,1,1,1,1,1,0,0,0,0.015,0.015,1,12,12,NA,NA,NA,NA,NA,NA,NA,NA,NA,NA,NA,NA,"P5"
"2483","Oregon","fbs","Pac-12",2016,550666,"Darren Carrington II",1,1,11,1,4.82013099784531,4.82013099784531,4.82013099784531,17,17,17,1,1,1,1,1,0,0,0,0.02125,0.02125,1,17,17,NA,NA,NA,NA,NA,NA,NA,NA,NA,NA,NA,NA,"P5"
"2483","Oregon","fbs","Pac-12",2016,3117314,"Jalen Brown",1,1,11,1,3.27581039637409,3.27581039637409,3.27581039637409,33,33,33,1,1,1,1,1,0,0,0,0.04125,0.04125,1,33,33,NA,NA,NA,NA,NA,NA,NA,NA,NA,NA,NA,NA,"P5"
"2483","Oregon","fbs","Pac-12",2016,3122667,"Charles Nelson",2,1,11,2,7.99119240186591,3.99559620093296,7.99119240186591,48,24,48,1,2,2,1,2,0,0,0,0.08,0.08,2,48,24,NA,NA,NA,NA,NA,NA,NA,NA,NA,NA,NA,NA,"P5"
"2483","Oregon","fbs","Pac-12",2016,3886835,"Taj Griffin",1,1,11,1,3.63876203562205,3.63876203562205,3.63876203562205,21,21,21,1,1,1,1,1,0,0,0,0.02625,0.02625,1,21,21,NA,NA,NA,NA,NA,NA,NA,NA,NA,NA,NA,NA,"P5"
"2483","Oregon","fbs","Pac-12",2016,3886841,"Tony Brooks-James",1,1,11,1,3.86241020801104,3.86241020801104,3.86241020801104,18,18,18,1,1,1,1,1,0,0,0,0.0225,0.0225,1,18,18,NA,NA,NA,NA,NA,NA,NA,NA,NA,NA,NA,NA,"P5"
"2483","Oregon","fbs","Pac-12",2016,4038941,"Justin Herbert",240,8,11,30,61.3870885176396,0.255779535490165,7.67338606470495,1756,7.31666666666667,219.5,0.4125,151,240,0.629166666666667,9,0,0,0,0.493875,0.290514705882353,240,1756,7.31666666666667,60,46,48,83,30,77.5,59,57,77.5,59,60,56,"P5"
"249","North Texas","fbs","Conference USA",2016,535754,"Alec Morris",127,4,11,31.75,4.12943573621674,0.0325152420174547,1.03235893405419,763,6.00787401574803,190.75,0.393700787401575,72,127,0.566929133858268,4,0,0,0,0.3815,0.2384375,127,763,6.00787401574803,NA,NA,NA,NA,NA,NA,NA,NA,NA,NA,NA,NA,"G5"
"249","North Texas","fbs","Conference USA",2016,547164,"Quinn Shanbour",1,1,11,1,-0.656815520268488,-0.656815520268488,-0.656815520268488,0,0,0,0,0,1,0,0,0,0,0,0,0,1,0,0,NA,NA,NA,NA,NA,NA,NA,NA,NA,NA,NA,NA,"G5"
"249","North Texas","fbs","Conference USA",2016,4039073,"Mason Fine",231,9,11,25.6666666666667,28.6688252287398,0.124107468522683,3.18542502541553,1461,6.32467532467532,162.333333333333,0.41991341991342,142,231,0.614718614718615,6,0,0,0,0.347857142857143,0.162333333333333,231,1461,6.32467532467532,87,89,84,78,54,99,95,97,99,95,98,100,"G5"
"25","California","fbs","Pac-12",2016,550386,"Davis Webb",591,12,12,49.25,108.448645224584,0.183500245726877,9.03738710204868,4047,6.84771573604061,337.25,0.455160744500846,366,591,0.619289340101523,26,0,0,0,0.811898148148148,0.576875,591,4047,6.84771573604061,29,35,71,51,46,2,77,3,2,77,3,5,"P5"
"25","California","fbs","Pac-12",2016,554399,"Chad Hansen",2,1,12,2,6.28051851864014,3.14025925932007,6.28051851864014,51,25.5,51,1,2,2,1,2,0,0,0,0.085,0.085,2,51,25.5,NA,NA,NA,NA,NA,NA,NA,NA,NA,NA,NA,NA,"P5"
"25","California","fbs","Pac-12",2016,559719,"Vic Wharton III",1,1,12,1,2.42639140734036,2.42639140734036,2.42639140734036,13,13,13,1,1,1,1,1,0,0,0,0.01625,0.01625,1,13,13,NA,NA,NA,NA,NA,NA,NA,NA,NA,NA,NA,NA,"P5"
"25","California","fbs","Pac-12",2016,3127200,"Tre Watson",3,2,12,1.5,12.5099779377844,4.16999264592814,6.25498896889221,50,16.6666666666667,25,1,3,3,1,3,0,0,0,0.046875,0.0375,3,50,16.6666666666667,NA,NA,NA,NA,NA,NA,NA,NA,NA,NA,NA,NA,"P5"
"25","California","fbs","Pac-12",2016,3863748,"Dylan Klumph",1,1,12,1,3.14585635302617,3.14585635302617,3.14585635302617,11,11,11,1,1,1,1,0,0,0,0,0,0,1,11,11,NA,NA,NA,NA,NA,NA,NA,NA,NA,NA,NA,NA,"P5"
"25","California","fbs","Pac-12",2016,4035847,"Melquise Stovall",2,2,12,1,6.33603937047397,3.16801968523699,3.16801968523699,30,15,15,1,2,2,1,2,0,0,0,0.025,0.01875,2,30,15,NA,NA,NA,NA,NA,NA,NA,NA,NA,NA,NA,NA,"P5"
"25","California","fbs","Pac-12",2016,4035851,"Demetris Robertson",1,1,12,1,3.25694992332414,3.25694992332414,3.25694992332414,10,10,10,1,1,1,1,1,0,0,0,0.0125,0.0125,1,10,10,NA,NA,NA,NA,NA,NA,NA,NA,NA,NA,NA,NA,"P5"
"25","California","fbs","Pac-12",2016,4035853,"Jordan Veasy",1,1,12,1,3.3512020552787,3.3512020552787,3.3512020552787,33,33,33,1,1,1,1,1,0,0,0,0.04125,0.04125,1,33,33,NA,NA,NA,NA,NA,NA,NA,NA,NA,NA,NA,NA,"P5"
"2509","Purdue","fbs","Big Ten",2016,534791,"Bilal Marshall",5,4,11,1.25,-0.033465949315387,-0.00669318986307741,-0.00836648732884676,22,4.4,5.5,0.6,3,5,0.6,0,0,0,0,0,0,5,22,4.4,NA,NA,NA,NA,NA,NA,NA,NA,NA,NA,NA,NA,"P5"
"2509","Purdue","fbs","Big Ten",2016,534794,"Cameron Posey",1,1,11,1,1.18457957267187,1.18457957267187,1.18457957267187,1,1,1,1,1,1,1,1,0,0,0,0.00125,0.00125,1,1,1,NA,NA,NA,NA,NA,NA,NA,NA,NA,NA,NA,NA,"P5"
"2509","Purdue","fbs","Big Ten",2016,550190,"DeAngelo Yancey",4,3,11,1.33333333333333,21.2867935908261,5.32169839770652,7.0955978636087,182,45.5,60.6666666666667,1,4,4,1,4,0,0,0,0.121333333333333,0.0866666666666667,4,182,45.5,NA,NA,NA,NA,NA,NA,NA,NA,NA,NA,NA,NA,"P5"
"2509","Purdue","fbs","Big Ten",2016,3116188,"David Blough",450,11,11,40.9090909090909,93.9242303882382,0.208720511973863,8.53856639893074,2924,6.49777777777778,265.818181818182,0.424444444444444,265,450,0.588888888888889,19,0,0,0,0.631318181818182,0.420878787878788,450,2924,6.49777777777778,32,38,62,75,78,18,90,19,18,90,18,17,"P5"
"2509","Purdue","fbs","Big Ten",2016,3791146,"Elijah Sindelar",28,4,11,7,5.44912012761677,0.194611433129171,1.36228003190419,159,5.67857142857143,39.75,0.428571428571429,13,28,0.464285714285714,0,0,0,0,0,0,28,159,5.67857142857143,NA,NA,NA,NA,NA,NA,NA,NA,NA,NA,NA,NA,"P5"
"251","Texas","fbs","Big 12",2016,547338,"Tyrone Swoopes",8,4,12,2,3.27040100416595,0.408800125520744,0.817600251041488,66,8.25,16.5,0.375,5,8,0.625,0,0,0,0,0,0,8,66,8.25,NA,NA,NA,NA,NA,NA,NA,NA,NA,NA,NA,NA,"P5"
"251","Texas","fbs","Big 12",2016,550543,"Jacorey Warrick",1,1,12,1,6.16093710268071,6.16093710268071,6.16093710268071,75,75,75,1,1,1,1,1,0,0,0,0.09375,0.09375,1,75,75,NA,NA,NA,NA,NA,NA,NA,NA,NA,NA,NA,NA,"P5"
"251","Texas","fbs","Big 12",2016,3125107,"Andrew Beck",2,2,12,1,6.87447105357389,3.43723552678695,3.43723552678695,46,23,23,1,2,2,1,2,0,0,0,0.0383333333333333,0.02875,2,46,23,NA,NA,NA,NA,NA,NA,NA,NA,NA,NA,NA,NA,"P5"
"251","Texas","fbs","Big 12",2016,3125115,"Armanti Foreman",1,1,12,1,3.64533866788488,3.64533866788488,3.64533866788488,40,40,40,1,1,1,1,1,0,0,0,0.05,0.05,1,40,40,NA,NA,NA,NA,NA,NA,NA,NA,NA,NA,NA,NA,"P5"
"251","Texas","fbs","Big 12",2016,4039034,"Shane Buechele",374,12,12,31.1666666666667,71.6502913197776,0.191578319036839,5.97085760998147,2766,7.39572192513369,230.5,0.475935828877005,230,374,0.614973262032086,17,0,0,0,0.544236111111111,0.337801724137931,374,2766,7.39572192513369,50,60,67,29,52,24,55,47,24,55,42,45,"P5"
"252","BYU","fbs","FBS Independents",2016,482594,"Taysom Hill",298,10,10,29.8,7.44377083682837,0.0249790967678804,0.744377083682837,1756,5.89261744966443,175.6,0.429530201342282,176,298,0.590604026845638,5,0,0,0,0.365833333333333,0.146333333333333,298,1756,5.89261744966443,106,106,106,70,75,77.5,107,89,77.5,107,92,105,"G5"
"252","BYU","fbs","FBS Independents",2016,545796,"Tanner Mangum",5,2,10,2.5,3.41854896149536,0.683709792299073,1.70927448074768,24,4.8,12,0.6,3,5,0.6,2,0,0,0,0.02,0.015,5,24,4.8,NA,NA,NA,NA,NA,NA,NA,NA,NA,NA,NA,NA,"G5"
"252","BYU","fbs","FBS Independents",2016,554838,"Mitchell Juergens",2,2,10,1,6.64871417544783,3.32435708772392,3.32435708772392,19,9.5,9.5,1,2,2,1,1,0,0,0,0.011875,0.00791666666666667,2,19,9.5,NA,NA,NA,NA,NA,NA,NA,NA,NA,NA,NA,NA,"G5"
"252","BYU","fbs","FBS Independents",2016,3932350,"Moroni Laulu-Pututau",1,1,10,1,3.78833610366997,3.78833610366997,3.78833610366997,15,15,15,1,1,1,1,1,0,0,0,0.01875,0.01875,1,15,15,NA,NA,NA,NA,NA,NA,NA,NA,NA,NA,NA,NA,"G5"
"252","BYU","fbs","FBS Independents",2016,4046671,"Hunter Marshall",1,1,10,1,2.88638714761271,2.88638714761271,2.88638714761271,1,1,1,1,1,1,1,1,0,0,0,0.00125,0.00125,1,1,1,NA,NA,NA,NA,NA,NA,NA,NA,NA,NA,NA,NA,"G5"
"254","Utah","fbs","Pac-12",2016,546876,"Troy Williams",324,11,11,29.4545454545455,40.3740955318652,0.124611405962547,3.67037232107865,2263,6.98456790123457,205.727272727273,0.410493827160494,175,324,0.540123456790123,13,0,0,0,0.477581168831169,0.278589015151515,324,2263,6.98456790123457,80,84,83,85,105,50,73,66,50,73,61,58,"P5"
"254","Utah","fbs","Pac-12",2016,4035671,"Tyler Huntley",2,1,11,2,-1.6648139164041,-0.832406958202049,-1.6648139164041,-2,-1,-2,0,1,2,0.5,0,0,0,0,0,0,2,-2,-1,NA,NA,NA,NA,NA,NA,NA,NA,NA,NA,NA,NA,"P5"
"254","Utah","fbs","Pac-12",2016,4035680,"Demari Simpkins",1,1,11,1,-0.48751089140171,-0.48751089140171,-0.48751089140171,0,0,0,0,0,1,0,0,0,0,0,0,0,1,0,0,NA,NA,NA,NA,NA,NA,NA,NA,NA,NA,NA,NA,"P5"
"2567","SMU","fbs","American Athletic",2016,532113,"Matt Davis",16,1,11,16,7.29799145581211,0.456124465988257,7.29799145581211,155,9.6875,155,0.5,8,16,0.5,2,0,0,0,0.258333333333333,0.258333333333333,16,155,9.6875,NA,NA,NA,NA,NA,NA,NA,NA,NA,NA,NA,NA,"G5"
"2567","SMU","fbs","American Athletic",2016,545339,"Jeremiah Gaines",2,2,11,1,5.08709235570719,2.54354617785359,2.54354617785359,50,25,25,1,2,2,1,2,0,0,0,0.0416666666666667,0.03125,2,50,25,NA,NA,NA,NA,NA,NA,NA,NA,NA,NA,NA,NA,"G5"
"2567","SMU","fbs","American Athletic",2016,3128413,"Darrel Colbert Jr.",10,3,11,3.33333333333333,-1.12184698199624,-0.112184698199624,-0.373948993998746,38,3.8,12.6666666666667,0.3,4,10,0.4,0,0,0,0,0,0,10,38,3.8,NA,NA,NA,NA,NA,NA,NA,NA,NA,NA,NA,NA,"G5"
"2567","SMU","fbs","American Athletic",2016,3128429,"Courtland Sutton",1,1,11,1,0.537031180090529,0.537031180090529,0.537031180090529,2,2,2,1,1,1,1,1,0,0,0,0.0025,0.0025,1,2,2,NA,NA,NA,NA,NA,NA,NA,NA,NA,NA,NA,NA,"G5"
"2567","SMU","fbs","American Athletic",2016,3916204,"James Proche",4,3,11,1.33333333333333,9.27172023501634,2.31793005875408,3.09057341167211,44,11,14.6666666666667,0.75,3,4,0.75,2,0,0,0,0.0244444444444444,0.0146666666666667,4,44,11,NA,NA,NA,NA,NA,NA,NA,NA,NA,NA,NA,NA,"G5"
"2567","SMU","fbs","American Athletic",2016,3916205,"Alex Honey",1,1,11,1,3.34525460654768,3.34525460654768,3.34525460654768,45,45,45,1,1,1,1,1,0,0,0,0.05625,0.05625,1,45,45,NA,NA,NA,NA,NA,NA,NA,NA,NA,NA,NA,NA,"G5"
"2567","SMU","fbs","American Athletic",2016,3916208,"Ben Hicks",367,11,11,33.3636363636364,79.9553329532818,0.217861942651994,7.26866663211653,2574,7.01362397820164,234,0.408719346049046,208,367,0.566757493188011,13,0,0,0,0.543214285714286,0.316875,367,2574,7.01362397820164,42,51,59,87,95,35,71,42,35,71,43,51,"G5"
"2567","SMU","fbs","American Athletic",2016,4046729,"Ke'Mon Freeman",4,3,11,1.33333333333333,2.95274942835214,0.738187357088035,0.984249809450713,43,10.75,14.3333333333333,0.25,1,4,0.25,1,0,0,0,0.0179166666666667,0.00895833333333333,4,43,10.75,NA,NA,NA,NA,NA,NA,NA,NA,NA,NA,NA,NA,"G5"
"2572","Southern Miss","fbs","Conference USA",2016,531796,"D.J. Thompson",1,1,11,1,-0.878712687998478,-0.878712687998478,-0.878712687998478,0,0,0,0,0,1,0,0,0,0,0,0,0,1,0,0,NA,NA,NA,NA,NA,NA,NA,NA,NA,NA,NA,NA,"G5"
"2572","Southern Miss","fbs","Conference USA",2016,552862,"Parker Adamson",30,2,11,15,5.70102840657963,0.190034280219321,2.85051420328981,163,5.43333333333333,81.5,0.4,14,30,0.466666666666667,0,0,0,0,0,0,30,163,5.43333333333333,NA,NA,NA,NA,NA,NA,NA,NA,NA,NA,NA,NA,"G5"
"2572","Southern Miss","fbs","Conference USA",2016,552880,"Nick Mullens",314,9,11,34.8888888888889,118.158224149075,0.376300076907881,13.1286915721194,2700,8.59872611464968,300,0.455414012738854,202,314,0.643312101910828,19,0,0,0,0.7125,0.508928571428571,314,2700,8.59872611464968,20,7,13,50,20,28,15,9,28,15,7,8,"G5"
"2572","Southern Miss","fbs","Conference USA",2016,4039277,"Allenzae Staggers",1,1,11,1,2.92422887369577,2.92422887369577,2.92422887369577,47,47,47,1,1,1,1,0,0,0,0,0,0,1,47,47,NA,NA,NA,NA,NA,NA,NA,NA,NA,NA,NA,NA,"G5"
"2572","Southern Miss","fbs","Conference USA",2016,4050370,"Keon Howard",46,2,11,23,14.3224711344437,0.31135806814008,7.16123556722184,365,7.93478260869565,182.5,0.326086956521739,22,46,0.478260869565217,1,0,0,0,0.228125,0.152083333333333,46,365,7.93478260869565,NA,NA,NA,NA,NA,NA,NA,NA,NA,NA,NA,NA,"G5"
"2579","South Carolina","fbs","SEC",2016,538939,"Sean Kelly",1,1,11,1,6.03427185550848,6.03427185550848,6.03427185550848,36,36,36,1,1,1,1,0,0,0,0,0,0,1,36,36,NA,NA,NA,NA,NA,NA,NA,NA,NA,NA,NA,NA,"P5"
"2579","South Carolina","fbs","SEC",2016,548144,"Perry Orth",88,4,11,22,15.8629107628087,0.180260349577372,3.96572769070217,661,7.51136363636364,165.25,0.420454545454545,57,88,0.647727272727273,0,0,0,0,0,0,88,661,7.51136363636364,NA,NA,NA,NA,NA,NA,NA,NA,NA,NA,NA,NA,"P5"
"2579","South Carolina","fbs","SEC",2016,3126486,"Deebo Samuel",1,1,11,1,4.96827299198116,4.96827299198116,4.96827299198116,33,33,33,1,1,1,1,1,0,0,0,0.04125,0.04125,1,33,33,NA,NA,NA,NA,NA,NA,NA,NA,NA,NA,NA,NA,"P5"
"2579","South Carolina","fbs","SEC",2016,3924365,"Hayden Hurst",1,1,11,1,1.53926128877743,1.53926128877743,1.53926128877743,9,9,9,1,1,1,1,0,0,0,0,0,0,1,9,9,NA,NA,NA,NA,NA,NA,NA,NA,NA,NA,NA,NA,"P5"
"2579","South Carolina","fbs","SEC",2016,4038809,"Jake Bentley",122,5,11,24.4,20.3113466945737,0.166486448316178,4.06226933891473,876,7.18032786885246,175.2,0.39344262295082,79,122,0.647540983606557,6,0,0,0,0.375428571428571,0.238909090909091,122,876,7.18032786885246,NA,NA,NA,NA,NA,NA,NA,NA,NA,NA,NA,NA,"P5"
"2579","South Carolina","fbs","SEC",2016,4038833,"Brandon McIlwain",117,7,11,16.7142857142857,-4.58793480315484,-0.0392131179756824,-0.655419257593548,600,5.12820512820513,85.7142857142857,0.367521367521368,62,117,0.52991452991453,2,0,0,0,0.142857142857143,0.0476190476190476,117,600,5.12820512820513,NA,NA,NA,NA,NA,NA,NA,NA,NA,NA,NA,NA,"P5"
"258","Virginia","fbs","ACC",2016,531056,"Connor Brewer",12,1,11,12,-4.18140207129828,-0.34845017260819,-4.18140207129828,6,0.5,6,0.0833333333333333,2,12,0.166666666666667,0,0,0,0,0,0,12,6,0.5,NA,NA,NA,NA,NA,NA,NA,NA,NA,NA,NA,NA,"P5"
"258","Virginia","fbs","ACC",2016,535548,"Matt Johns",57,4,11,14.25,-4.53147858047071,-0.0794996242187843,-1.13286964511768,308,5.40350877192982,77,0.456140350877193,35,57,0.614035087719298,1,0,0,0,0.09625,0.0385,57,308,5.40350877192982,NA,NA,NA,NA,NA,NA,NA,NA,NA,NA,NA,NA,"P5"
"258","Virginia","fbs","ACC",2016,545645,"Kurt Benkert",362,10,11,36.2,43.6023285596065,0.120448421435377,4.36023285596065,2260,6.24309392265193,226,0.406077348066298,201,362,0.55524861878453,17,0,0,0,0.533611111111111,0.355740740740741,362,2260,6.24309392265193,74,73,85,91,100,51,100,51,51,100,47,41,"P5"
"258","Virginia","fbs","ACC",2016,3124024,"Evan Butts",1,1,11,1,5.16045733109687,5.16045733109687,5.16045733109687,11,11,11,1,1,1,1,1,0,0,0,0.01375,0.01375,1,11,11,NA,NA,NA,NA,NA,NA,NA,NA,NA,NA,NA,NA,"P5"
"258","Virginia","fbs","ACC",2016,3917921,"David Eldridge",1,1,11,1,3.91365013356098,3.91365013356098,3.91365013356098,28,28,28,1,1,1,1,1,0,0,0,0.035,0.035,1,28,28,NA,NA,NA,NA,NA,NA,NA,NA,NA,NA,NA,NA,"P5"
"258","Virginia","fbs","ACC",2016,4037582,"Hasise Dubois",1,1,11,1,-1.09897696647758,-1.09897696647758,-1.09897696647758,0,0,0,0,0,1,0,0,0,0,0,0,0,1,0,0,NA,NA,NA,NA,NA,NA,NA,NA,NA,NA,NA,NA,"P5"
"259","Virginia Tech","fbs","ACC",2016,530541,"Brenden Motley",11,4,12,2.75,-2.5986635364839,-0.236242139680355,-0.649665884120975,50,4.54545454545455,12.5,0.363636363636364,4,11,0.363636363636364,1,0,0,0,0.015625,0.00625,11,50,4.54545454545455,NA,NA,NA,NA,NA,NA,NA,NA,NA,NA,NA,NA,"P5"
"259","Virginia Tech","fbs","ACC",2016,547022,"Bucky Hodges",2,1,12,2,4.03494443944003,2.01747221972002,4.03494443944003,19,9.5,19,1,2,2,1,2,0,0,0,0.0316666666666667,0.0316666666666667,2,19,9.5,NA,NA,NA,NA,NA,NA,NA,NA,NA,NA,NA,NA,"P5"
"259","Virginia Tech","fbs","ACC",2016,547028,"Sam Rogers",1,1,12,1,1.45773166746172,1.45773166746172,1.45773166746172,4,4,4,1,1,1,1,1,0,0,0,0.005,0.005,1,4,4,NA,NA,NA,NA,NA,NA,NA,NA,NA,NA,NA,NA,"P5"
"259","Virginia Tech","fbs","ACC",2016,550545,"Mitchell Ludwig",1,1,12,1,5.20509185397686,5.20509185397686,5.20509185397686,20,20,20,1,1,1,1,0,0,0,0,0,0,1,20,20,NA,NA,NA,NA,NA,NA,NA,NA,NA,NA,NA,NA,"P5"
"259","Virginia Tech","fbs","ACC",2016,556465,"Jerod Evans",343,12,12,28.5833333333333,131.616334708294,0.383721092444007,10.9680278923579,3013,8.78425655976676,251.083333333333,0.530612244897959,220,343,0.641399416909621,16,0,0,0,0.59078431372549,0.358690476190476,343,3013,8.78425655976676,10,18,12,8.5,21,16,13,31,16,13,31,40,"P5"
"259","Virginia Tech","fbs","ACC",2016,3124069,"Isaiah Ford",3,2,12,1.5,5.4623404365333,1.8207801455111,2.73117021826665,38,12.6666666666667,19,0.666666666666667,2,3,0.666666666666667,2,0,0,0,0.0316666666666667,0.02375,3,38,12.6666666666667,NA,NA,NA,NA,NA,NA,NA,NA,NA,NA,NA,NA,"P5"
"259","Virginia Tech","fbs","ACC",2016,3124074,"Travon McMillian",1,1,12,1,2.09348560691526,2.09348560691526,2.09348560691526,15,15,15,1,1,1,1,1,0,0,0,0.01875,0.01875,1,15,15,NA,NA,NA,NA,NA,NA,NA,NA,NA,NA,NA,NA,"P5"
"259","Virginia Tech","fbs","ACC",2016,3871873,"Jack Click",1,1,12,1,-1.10887167681454,-1.10887167681454,-1.10887167681454,0,0,0,0,0,1,0,0,0,0,0,0,0,1,0,0,NA,NA,NA,NA,NA,NA,NA,NA,NA,NA,NA,NA,"P5"
"259","Virginia Tech","fbs","ACC",2016,3871874,"Steven Peoples",1,1,12,1,1.99706886609199,1.99706886609199,1.99706886609199,13,13,13,1,1,1,1,1,0,0,0,0.01625,0.01625,1,13,13,NA,NA,NA,NA,NA,NA,NA,NA,NA,NA,NA,NA,"P5"
"259","Virginia Tech","fbs","ACC",2016,3929953,"Chris Cunningham",1,1,12,1,2.01207529707494,2.01207529707494,2.01207529707494,7,7,7,1,1,1,1,1,0,0,0,0.00875,0.00875,1,7,7,NA,NA,NA,NA,NA,NA,NA,NA,NA,NA,NA,NA,"P5"
"26","UCLA","fbs","Pac-12",2016,530974,"Nate Iese",2,1,12,2,8.11344484878884,4.05672242439442,8.11344484878884,63,31.5,63,1,2,2,1,2,0,0,0,0.105,0.105,2,63,31.5,NA,NA,NA,NA,NA,NA,NA,NA,NA,NA,NA,NA,"P5"
"26","UCLA","fbs","Pac-12",2016,530988,"Kenneth Walker",1,1,12,1,5.81613860121812,5.81613860121812,5.81613860121812,62,62,62,1,1,1,1,1,0,0,0,0.0775,0.0775,1,62,62,NA,NA,NA,NA,NA,NA,NA,NA,NA,NA,NA,NA,"P5"
"26","UCLA","fbs","Pac-12",2016,531259,"Mike Fafaul",243,8,12,30.375,12.8957822212642,0.0530690626389475,1.61197277765803,1485,6.11111111111111,185.625,0.349794238683128,130,243,0.534979423868313,8,0,0,0,0.4125,0.23203125,243,1485,6.11111111111111,103,102,102,113,107,97,103,81,97,103,82,75,"P5"
"26","UCLA","fbs","Pac-12",2016,547591,"Darren Andrews",1,1,12,1,5.28227474672069,5.28227474672069,5.28227474672069,39,39,39,1,1,1,1,1,0,0,0,0.04875,0.04875,1,39,39,NA,NA,NA,NA,NA,NA,NA,NA,NA,NA,NA,NA,"P5"
"26","UCLA","fbs","Pac-12",2016,3134302,"Jordan Lasley",1,1,12,1,1.80963229039872,1.80963229039872,1.80963229039872,30,30,30,1,1,1,1,0,0,0,0,0,0,1,30,30,NA,NA,NA,NA,NA,NA,NA,NA,NA,NA,NA,NA,"P5"
"26","UCLA","fbs","Pac-12",2016,3886377,"Josh Rosen",223,6,12,37.1666666666667,77.7808381249282,0.348792996075911,12.9634730208214,1884,8.44843049327354,314,0.475336322869955,136,223,0.609865470852018,9,0,0,0,0.7065,0.471,223,1884,8.44843049327354,45,8,19,30,58,71,18,7,71,18,8,12,"P5"
"26","UCLA","fbs","Pac-12",2016,3932233,"Bolu Olorunfunmi",1,1,12,1,2.4389835500033,2.4389835500033,2.4389835500033,11,11,11,1,1,1,1,1,0,0,0,0.01375,0.01375,1,11,11,NA,NA,NA,NA,NA,NA,NA,NA,NA,NA,NA,NA,"P5"
"2628","TCU","fbs","Big 12",2016,545512,"Kyle Hicks",1,1,11,1,-3.25425004190834,-3.25425004190834,-3.25425004190834,0,0,0,0,0,1,0,0,0,0,0,0,0,1,0,0,NA,NA,NA,NA,NA,NA,NA,NA,NA,NA,NA,NA,"P5"
"2628","TCU","fbs","Big 12",2016,545902,"John Diarse",2,2,11,1,4.98431587671954,2.49215793835977,2.49215793835977,75,37.5,37.5,0.5,1,2,0.5,1,0,0,0,0.046875,0.03125,2,75,37.5,NA,NA,NA,NA,NA,NA,NA,NA,NA,NA,NA,NA,"P5"
"2628","TCU","fbs","Big 12",2016,549865,"Kenny Hill",352,11,11,32,77.8723094404393,0.22122815181943,7.07930085822175,2534,7.19886363636364,230.363636363636,0.446022727272727,217,352,0.616477272727273,10,0,0,0,0.523553719008264,0.274242424242424,352,2534,7.19886363636364,44,54,57,55,49,38,62,48,38,62,50,59,"P5"
"2628","TCU","fbs","Big 12",2016,3116417,"Foster Sawyer",50,7,11,7.14285714285714,-7.50567422453642,-0.150113484490728,-1.07223917493377,253,5.06,36.1428571428571,0.36,25,50,0.5,0,0,0,0,0,0,50,253,5.06,NA,NA,NA,NA,NA,NA,NA,NA,NA,NA,NA,NA,"P5"
"2628","TCU","fbs","Big 12",2016,3676928,"Jaelan Austin",1,1,11,1,1.06732785292881,1.06732785292881,1.06732785292881,2,2,2,1,1,1,1,1,0,0,0,0.0025,0.0025,1,2,2,NA,NA,NA,NA,NA,NA,NA,NA,NA,NA,NA,NA,"P5"
"2633","Tennessee","fbs","SEC",2016,546540,"Joshua Dobbs",286,11,11,26,80.2267931310465,0.280513262695967,7.29334483009513,2379,8.31818181818182,216.272727272727,0.482517482517482,185,286,0.646853146853147,22,0,0,0,0.517173913043478,0.360454545454545,286,2379,8.31818181818182,41,50,40,25,17,42,22,60,42,22,54,39,"P5"
"2633","Tennessee","fbs","SEC",2016,559718,"Josh Malone",1,1,11,1,4.88703529832816,4.88703529832816,4.88703529832816,42,42,42,1,1,1,1,1,0,0,0,0.0525,0.0525,1,42,42,NA,NA,NA,NA,NA,NA,NA,NA,NA,NA,NA,NA,"P5"
"2633","Tennessee","fbs","SEC",2016,3886565,"Quinten Dormady",4,1,11,4,-1.95352468557416,-0.488381171393539,-1.95352468557416,39,9.75,39,0.25,2,4,0.5,0,0,0,0,0,0,4,39,9.75,NA,NA,NA,NA,NA,NA,NA,NA,NA,NA,NA,NA,"P5"
"2633","Tennessee","fbs","SEC",2016,3886598,"Jauan Jennings",2,2,11,1,0.337890933800797,0.168945466900399,0.168945466900399,4,2,2,0.5,1,2,0.5,1,0,0,0,0.0025,0.00166666666666667,2,4,2,NA,NA,NA,NA,NA,NA,NA,NA,NA,NA,NA,NA,"P5"
"2636","UTSA","fbs","Conference USA",2016,538456,"Jared Johnson",38,3,10,12.6666666666667,27.3634458929671,0.720090681393871,9.12114863098903,374,9.8421052631579,124.666666666667,0.552631578947368,25,38,0.657894736842105,2,0,0,0,0.207777777777778,0.124666666666667,38,374,9.8421052631579,NA,NA,NA,NA,NA,NA,NA,NA,NA,NA,NA,NA,"G5"
"2636","UTSA","fbs","Conference USA",2016,3124037,"Dalton Sturm",211,10,10,21.1,45.253177990989,0.214470037871986,4.5253177990989,1564,7.41232227488152,156.4,0.393364928909953,121,211,0.57345971563981,13,0,0,0,0.363071428571429,0.221,211,1564,7.41232227488152,72,72,60,101,90,93,53,101,93,53,93,78,"G5"
"2636","UTSA","fbs","Conference USA",2016,3124050,"Yannis Routsas",2,1,10,2,0.729936871516891,0.364968435758446,0.729936871516891,2,1,2,0.5,2,2,1,0,0,0,0,0,0,2,2,1,NA,NA,NA,NA,NA,NA,NA,NA,NA,NA,NA,NA,"G5"
"2636","UTSA","fbs","Conference USA",2016,3124056,"Brady Jones",2,2,10,1,-1.37099453587419,-0.685497267937094,-0.685497267937094,0,0,0,0,0,2,0,0,0,0,0,0,0,2,0,0,NA,NA,NA,NA,NA,NA,NA,NA,NA,NA,NA,NA,"G5"
"2638","UTEP","fbs","Conference USA",2016,517343,"Hayden Plinke",1,1,10,1,2.08051943226021,2.08051943226021,2.08051943226021,3,3,3,1,1,1,1,1,0,0,0,0.00375,0.00375,1,3,3,NA,NA,NA,NA,NA,NA,NA,NA,NA,NA,NA,NA,"G5"
"2638","UTEP","fbs","Conference USA",2016,531468,"Cole Freytag",3,3,10,1,8.79447358869692,2.93149119623231,2.93149119623231,21,7,7,0.666666666666667,2,3,0.666666666666667,2,0,0,0,0.0116666666666667,0.007,3,21,7,NA,NA,NA,NA,NA,NA,NA,NA,NA,NA,NA,NA,"G5"
"2638","UTEP","fbs","Conference USA",2016,531472,"Leon Hayes",3,1,10,3,-3.08410196918693,-1.02803398972898,-3.08410196918693,-18,-6,-18,0,2,3,0.666666666666667,0,0,0,0,0,0,3,-18,-6,NA,NA,NA,NA,NA,NA,NA,NA,NA,NA,NA,NA,"G5"
"2638","UTEP","fbs","Conference USA",2016,550587,"Zack Greenlee",97,5,10,19.4,11.7892099018772,0.121538246411106,2.35784198037545,656,6.76288659793814,131.2,0.412371134020619,50,97,0.515463917525773,4,0,0,0,0.2624,0.145777777777778,97,656,6.76288659793814,NA,NA,NA,NA,NA,NA,NA,NA,NA,NA,NA,NA,"G5"
"2638","UTEP","fbs","Conference USA",2016,3124698,"Ryan Metz",150,8,10,18.75,1.4586341766746,0.00972422784449737,0.182329272084326,864,5.76,108,0.406666666666667,96,150,0.64,5,0,0,0,0.225,0.103846153846154,150,864,5.76,110,110,110,89,23,112,111,115,112,111,114,113,"G5"
"2638","UTEP","fbs","Conference USA",2016,3915879,"Kavika Johnson",22,4,10,5.5,-12.0647816340601,-0.548399165184551,-3.01619540851503,95,4.31818181818182,23.75,0.227272727272727,13,22,0.590909090909091,0,0,0,0,0,0,22,95,4.31818181818182,NA,NA,NA,NA,NA,NA,NA,NA,NA,NA,NA,NA,"G5"
"264","Washington","fbs","Pac-12",2016,550330,"John Ross",5,2,12,2.5,11.431070594374,2.2862141188748,5.71553529718701,109,21.8,54.5,1,5,5,1,5,0,0,0,0.113541666666667,0.0973214285714286,5,109,21.8,NA,NA,NA,NA,NA,NA,NA,NA,NA,NA,NA,NA,"P5"
"264","Washington","fbs","Pac-12",2016,3127291,"K.J. Carta-Samuels",9,3,12,3,2.69769271946828,0.299743635496476,0.899230906489427,69,7.66666666666667,23,0.555555555555556,6,9,0.666666666666667,1,0,0,0,0.02875,0.014375,9,69,7.66666666666667,NA,NA,NA,NA,NA,NA,NA,NA,NA,NA,NA,NA,"P5"
"264","Washington","fbs","Pac-12",2016,3127293,"Jomon Dotson",1,1,12,1,3.57689717216833,3.57689717216833,3.57689717216833,44,44,44,1,1,1,1,1,0,0,0,0.055,0.055,1,44,44,NA,NA,NA,NA,NA,NA,NA,NA,NA,NA,NA,NA,"P5"
"264","Washington","fbs","Pac-12",2016,3127306,"Dante Pettis",9,6,12,1.5,18.1335344896093,2.01483716551214,3.02225574826821,237,26.3333333333333,39.5,0.777777777777778,7,9,0.777777777777778,6,0,0,0,0.0846428571428571,0.049375,9,237,26.3333333333333,NA,NA,NA,NA,NA,NA,NA,NA,NA,NA,NA,NA,"P5"
"264","Washington","fbs","Pac-12",2016,3886809,"Andre Baccellia",1,1,12,1,0.839201527755427,0.839201527755427,0.839201527755427,4,4,4,1,1,1,1,1,0,0,0,0.005,0.005,1,4,4,NA,NA,NA,NA,NA,NA,NA,NA,NA,NA,NA,NA,"P5"
"264","Washington","fbs","Pac-12",2016,3886812,"Jake Browning",311,12,12,25.9166666666667,113.047904520056,0.363498085273493,9.42065871000469,2680,8.61736334405145,223.333333333333,0.54983922829582,196,311,0.630225080385852,23,0,0,0,0.535069444444444,0.366904761904762,311,2680,8.61736334405145,23,29,14,5,28,30,14,53,30,14,45,36,"P5"
"264","Washington","fbs","Pac-12",2016,3886822,"Chico McClatcher",2,2,12,1,10.6342493174024,5.31712465870118,5.31712465870118,118,59,59,1,2,2,1,2,0,0,0,0.0983333333333333,0.07375,2,118,59,NA,NA,NA,NA,NA,NA,NA,NA,NA,NA,NA,NA,"P5"
"264","Washington","fbs","Pac-12",2016,4039000,"Aaron Fuller",1,1,12,1,2.99726901915594,2.99726901915594,2.99726901915594,19,19,19,1,1,1,1,1,0,0,0,0.02375,0.02375,1,19,19,NA,NA,NA,NA,NA,NA,NA,NA,NA,NA,NA,NA,"P5"
"2641","Texas Tech","fbs","Big 12",2016,535443,"Reginald Davis III",1,1,11,1,4.68765834240057,4.68765834240057,4.68765834240057,32,32,32,1,1,1,1,1,0,0,0,0.04,0.04,1,32,32,NA,NA,NA,NA,NA,NA,NA,NA,NA,NA,NA,NA,"P5"
"2641","Texas Tech","fbs","Big 12",2016,545364,"Nic Shimonek",30,3,11,10,11.1617634863065,0.372058782876885,3.72058782876885,314,10.4666666666667,104.666666666667,0.466666666666667,20,30,0.666666666666667,5,0,0,0,0.218055555555556,0.163541666666667,30,314,10.4666666666667,NA,NA,NA,NA,NA,NA,NA,NA,NA,NA,NA,NA,"P5"
"2641","Texas Tech","fbs","Big 12",2016,545367,"Derrick Willies",1,1,11,1,2.57128711224824,2.57128711224824,2.57128711224824,6,6,6,1,1,1,1,1,0,0,0,0.0075,0.0075,1,6,6,NA,NA,NA,NA,NA,NA,NA,NA,NA,NA,NA,NA,"P5"
"2641","Texas Tech","fbs","Big 12",2016,3139456,"Cameron Batson",3,3,11,1,4.1251091230641,1.3750363743547,1.3750363743547,28,9.33333333333333,9.33333333333333,0.666666666666667,2,3,0.666666666666667,1,0,0,0,0.0116666666666667,0.00583333333333333,3,28,9.33333333333333,NA,NA,NA,NA,NA,NA,NA,NA,NA,NA,NA,NA,"P5"
"2641","Texas Tech","fbs","Big 12",2016,3139474,"Devin Lauderdale",1,1,11,1,2.71292743289797,2.71292743289797,2.71292743289797,17,17,17,1,1,1,1,1,0,0,0,0.02125,0.02125,1,17,17,NA,NA,NA,NA,NA,NA,NA,NA,NA,NA,NA,NA,"P5"
"2641","Texas Tech","fbs","Big 12",2016,3139477,"Patrick Mahomes",526,11,11,47.8181818181818,217.336772983508,0.413187781337467,19.7578884530461,4320,8.21292775665399,392.727272727273,0.498098859315589,347,526,0.659695817490494,29,0,0,0,0.949090909090909,0.711818181818182,526,4320,8.21292775665399,1,1,9,12,14,1,26,1,1,26,1,1,"P5"
"2641","Texas Tech","fbs","Big 12",2016,3674267,"Michael Barden",1,1,11,1,3.67380599916749,3.67380599916749,3.67380599916749,15,15,15,1,1,1,1,0,0,0,0,0,0,1,15,15,NA,NA,NA,NA,NA,NA,NA,NA,NA,NA,NA,NA,"P5"
"2641","Texas Tech","fbs","Big 12",2016,3915823,"Keke Coutee",2,2,11,1,9.51611010398161,4.75805505199081,4.75805505199081,67,33.5,33.5,1,2,2,1,2,0,0,0,0.0558333333333333,0.041875,2,67,33.5,NA,NA,NA,NA,NA,NA,NA,NA,NA,NA,NA,NA,"P5"
"2641","Texas Tech","fbs","Big 12",2016,3915827,"Jonathan Giles",2,1,11,2,10.6565008494389,5.32825042471944,10.6565008494389,64,32,64,1,2,2,1,2,0,0,0,0.106666666666667,0.106666666666667,2,64,32,NA,NA,NA,NA,NA,NA,NA,NA,NA,NA,NA,NA,"P5"
"2649","Toledo","fbs","Mid-American",2016,545910,"Logan Woodside",326,10,10,32.6,168.420860007893,0.516628404932188,16.8420860007893,3163,9.70245398773006,316.3,0.533742331288344,232,326,0.711656441717791,32,0,0,0,0.766787878787879,0.60247619047619,326,3163,9.70245398773006,4,4,3,7,3,11,4,6,11,4,5,3,"G5"
"2649","Toledo","fbs","Mid-American",2016,552746,"Michael Julian",3,2,10,1.5,3.62826966747443,1.20942322249148,1.81413483373722,67,22.3333333333333,33.5,0.666666666666667,2,3,0.666666666666667,1,0,0,0,0.041875,0.0279166666666667,3,67,22.3333333333333,NA,NA,NA,NA,NA,NA,NA,NA,NA,NA,NA,NA,"G5"
"2649","Toledo","fbs","Mid-American",2016,552845,"Zach Yousey",1,1,10,1,3.42087185847173,3.42087185847173,3.42087185847173,44,44,44,1,1,1,1,1,0,0,0,0.055,0.055,1,44,44,NA,NA,NA,NA,NA,NA,NA,NA,NA,NA,NA,NA,"G5"
"2649","Toledo","fbs","Mid-American",2016,552851,"Michael Roberts",1,1,10,1,7,7,7,18,18,18,1,1,1,1,1,0,0,0,0.0225,0.0225,1,18,18,NA,NA,NA,NA,NA,NA,NA,NA,NA,NA,NA,NA,"G5"
"2649","Toledo","fbs","Mid-American",2016,3126113,"Terry Swanson",1,1,10,1,1.93671158269506,1.93671158269506,1.93671158269506,10,10,10,1,1,1,1,1,0,0,0,0.0125,0.0125,1,10,10,NA,NA,NA,NA,NA,NA,NA,NA,NA,NA,NA,NA,"G5"
"265","Washington State","fbs","Pac-12",2016,534884,"Gabe Marks",2,2,11,1,6.98912975628535,3.49456487814268,3.49456487814268,68,34,34,1,2,2,1,2,0,0,0,0.0566666666666667,0.0425,2,68,34,NA,NA,NA,NA,NA,NA,NA,NA,NA,NA,NA,NA,"P5"
"265","Washington State","fbs","Pac-12",2016,550624,"River Cracraft",1,1,11,1,2.44417521505352,2.44417521505352,2.44417521505352,16,16,16,1,1,1,1,1,0,0,0,0.02,0.02,1,16,16,NA,NA,NA,NA,NA,NA,NA,NA,NA,NA,NA,NA,"P5"
"265","Washington State","fbs","Pac-12",2016,550629,"Luke Falk",515,11,11,46.8181818181818,145.244941351052,0.282029012332139,13.2040855773683,3660,7.10679611650485,332.727272727273,0.495145631067961,365,515,0.70873786407767,26,0,0,0,0.801010101010101,0.584520884520885,515,3660,7.10679611650485,6,5,38,17,4,4,66,4,4,66,4,4,"P5"
"265","Washington State","fbs","Pac-12",2016,550637,"Jamal Morrow",1,1,11,1,1.3260725768567,1.3260725768567,1.3260725768567,3,3,3,1,1,1,1,1,0,0,0,0.00375,0.00375,1,3,3,NA,NA,NA,NA,NA,NA,NA,NA,NA,NA,NA,NA,"P5"
"265","Washington State","fbs","Pac-12",2016,3883655,"Tyler Hilinski",29,3,11,9.66666666666667,7.81343983761662,0.269428959917814,2.60447994587221,245,8.44827586206897,81.6666666666667,0.517241379310345,24,29,0.827586206896552,2,0,0,0,0.136111111111111,0.0816666666666667,29,245,8.44827586206897,NA,NA,NA,NA,NA,NA,NA,NA,NA,NA,NA,NA,"P5"
"265","Washington State","fbs","Pac-12",2016,3927809,"Tavares Martin Jr.",3,2,11,1.5,11.5700730954118,3.85669103180394,5.78503654770591,43,14.3333333333333,21.5,1,3,3,1,3,0,0,0,0.0403125,0.03225,3,43,14.3333333333333,NA,NA,NA,NA,NA,NA,NA,NA,NA,NA,NA,NA,"P5"
"2653","Troy","fbs","Sun Belt",2016,546145,"Brandon Silvers",306,9,9,34,24.0095896641021,0.0784627113205952,2.66773218490024,2099,6.85947712418301,233.222222222222,0.428104575163399,196,306,0.640522875816993,15,0,0,0,0.546614583333333,0.364409722222222,306,2099,6.85947712418301,91,94,98,73,22,58,76,45,58,76,41,37,"G5"
"2653","Troy","fbs","Sun Belt",2016,3125461,"John Johnson",1,1,9,1,2.06954061582195,2.06954061582195,2.06954061582195,16,16,16,1,1,1,1,1,0,0,0,0.02,0.02,1,16,16,NA,NA,NA,NA,NA,NA,NA,NA,NA,NA,NA,NA,"G5"
"2653","Troy","fbs","Sun Belt",2016,4039901,"Sawyer Smith",17,5,9,3.4,2.70940484594718,0.159376755643952,0.541880969189435,95,5.58823529411765,19,0.529411764705882,11,17,0.647058823529412,0,0,0,0,0,0,17,95,5.58823529411765,NA,NA,NA,NA,NA,NA,NA,NA,NA,NA,NA,NA,"G5"
"2653","Troy","fbs","Sun Belt",2016,4039908,"Tevaris McCormick",1,1,9,1,2.4647920974481,2.4647920974481,2.4647920974481,16,16,16,1,1,1,1,1,0,0,0,0.02,0.02,1,16,16,NA,NA,NA,NA,NA,NA,NA,NA,NA,NA,NA,NA,"G5"
"2653","Troy","fbs","Sun Belt",2016,4039910,"Kaleb Barker",2,2,9,1,-1.16306243187959,-0.581531215939796,-0.581531215939796,1,0.5,0.5,0,1,2,0.5,0,0,0,0,0,0,2,1,0.5,NA,NA,NA,NA,NA,NA,NA,NA,NA,NA,NA,NA,"G5"
"2655","Tulane","fbs","American Athletic",2016,3126243,"Glen Cuiellette",222,10,11,22.2,-16.0028782894327,-0.0720850373397868,-1.60028782894327,1240,5.58558558558559,124,0.328828828828829,96,222,0.432432432432432,7,0,0,0,0.27125,0.127647058823529,222,1240,5.58558558558559,115,115,115,115,115,108,112,113,108,112,111,108,"G5"
"2655","Tulane","fbs","American Athletic",2016,4040641,"Johnathan Brantley",17,4,11,4.25,-11.4451184711506,-0.673242263008859,-2.86127961778765,44,2.58823529411765,11,0.0588235294117647,7,17,0.411764705882353,0,0,0,0,0,0,17,44,2.58823529411765,NA,NA,NA,NA,NA,NA,NA,NA,NA,NA,NA,NA,"G5"
"2711","Western Michigan","fbs","Mid-American",2016,532645,"Zach Terrell",305,12,12,25.4166666666667,133.397634520921,0.437369293511217,11.1164695434101,2838,9.30491803278689,236.5,0.550819672131148,218,305,0.714754098360656,21,0,0,0,0.564375,0.37625,305,2838,9.30491803278689,9,17,6,4,2,22,8,41,22,8,38,33,"G5"
"2711","Western Michigan","fbs","Mid-American",2016,545923,"Corey Davis",3,1,12,3,12.1189141112127,4.0396380370709,12.1189141112127,154,51.3333333333333,154,1,3,3,1,3,0,0,0,0.28875,0.28875,3,154,51.3333333333333,NA,NA,NA,NA,NA,NA,NA,NA,NA,NA,NA,NA,"G5"
"2711","Western Michigan","fbs","Mid-American",2016,3129448,"Carrington Thompson",1,1,12,1,1.71981529418018,1.71981529418018,1.71981529418018,9,9,9,1,1,1,1,1,0,0,0,0.01125,0.01125,1,9,9,NA,NA,NA,NA,NA,NA,NA,NA,NA,NA,NA,NA,"G5"
"2711","Western Michigan","fbs","Mid-American",2016,3129453,"Jarvion Franklin",1,1,12,1,4.62299402541812,4.62299402541812,4.62299402541812,20,20,20,1,1,1,1,1,0,0,0,0.025,0.025,1,20,20,NA,NA,NA,NA,NA,NA,NA,NA,NA,NA,NA,NA,"G5"
"2711","Western Michigan","fbs","Mid-American",2016,4043016,"D'Wayne Eskridge",1,1,12,1,2.23975583153107,2.23975583153107,2.23975583153107,13,13,13,1,1,1,1,1,0,0,0,0.01625,0.01625,1,13,13,NA,NA,NA,NA,NA,NA,NA,NA,NA,NA,NA,NA,"G5"
"275","Wisconsin","fbs","Big Ten",2016,534813,"Bart Houston",125,10,13,12.5,52.574354855713,0.420594838845704,5.2574354855713,1081,8.648,108.1,0.56,84,125,0.672,5,0,0,0,0.225208333333333,0.0900833333333333,125,1081,8.648,NA,NA,NA,NA,NA,NA,NA,NA,NA,NA,NA,NA,"P5"
"275","Wisconsin","fbs","Big Ten",2016,546845,"Corey Clement",1,1,13,1,-0.587725173863794,-0.587725173863794,-0.587725173863794,0,0,0,0,0,1,0,0,0,0,0,0,0,1,0,0,NA,NA,NA,NA,NA,NA,NA,NA,NA,NA,NA,NA,"P5"
"275","Wisconsin","fbs","Big Ten",2016,546867,"Robert Wheelwright",1,1,13,1,2.69611739216712,2.69611739216712,2.69611739216712,9,9,9,1,1,1,1,1,0,0,0,0.01125,0.01125,1,9,9,NA,NA,NA,NA,NA,NA,NA,NA,NA,NA,NA,NA,"P5"
"275","Wisconsin","fbs","Big Ten",2016,3886609,"Alex Hornibrook",169,11,13,15.3636363636364,40.5713300474196,0.240067041700708,3.6883027315836,1213,7.17751479289941,110.272727272727,0.449704142011834,102,169,0.603550295857988,7,0,0,0,0.241221590909091,0.107209595959596,169,1213,7.17751479289941,NA,NA,NA,NA,NA,NA,NA,NA,NA,NA,NA,NA,"P5"
"2751","Wyoming","fbs","Mountain West",2016,3918298,"Josh Allen",294,11,11,26.7272727272727,124.575269804928,0.423725407499755,11.3250245277207,2613,8.88775510204082,237.545454545455,0.476190476190476,168,294,0.571428571428571,22,0,0,0,0.56804347826087,0.395909090909091,294,2613,8.88775510204082,16,15,8,28,92.5,33,10,39,33,10,37,25,"G5"
"276","Marshall","fbs","Conference USA",2016,3931782,"Chase Litton",308,8,10,38.5,34.7427418617058,0.112801109940603,4.34284273271323,1973,6.40584415584416,246.625,0.399350649350649,191,308,0.62012987012987,17,0,0,0,0.582309027777778,0.4192625,308,1973,6.40584415584416,83,74,88,95,42,67,91,34,67,91,33,18,"G5"
"276","Marshall","fbs","Conference USA",2016,4043608,"Garet Morrell",58,4,10,14.5,11.1396232005288,0.192062468974634,2.78490580013219,286,4.93103448275862,71.5,0.275862068965517,32,58,0.551724137931034,4,0,0,0,0.143,0.089375,58,286,4.93103448275862,NA,NA,NA,NA,NA,NA,NA,NA,NA,NA,NA,NA,"G5"
"277","West Virginia","fbs","Big 12",2016,546034,"Shelton Gibson",3,2,11,1.5,9.13116095859474,3.04372031953158,4.56558047929737,70,23.3333333333333,35,1,3,3,1,3,0,0,0,0.065625,0.0525,3,70,23.3333333333333,NA,NA,NA,NA,NA,NA,NA,NA,NA,NA,NA,NA,"P5"
"277","West Virginia","fbs","Big 12",2016,546045,"Daikiel Shorts",1,1,11,1,1.87637442900796,1.87637442900796,1.87637442900796,7,7,7,1,1,1,1,1,0,0,0,0.00875,0.00875,1,7,7,NA,NA,NA,NA,NA,NA,NA,NA,NA,NA,NA,NA,"P5"
"277","West Virginia","fbs","Big 12",2016,3116460,"Skyler Howard",331,11,11,30.0909090909091,112.252773225535,0.339132245394364,10.2047975659577,2722,8.22356495468278,247.454545454545,0.495468277945619,205,331,0.619335347432024,17,0,0,0,0.584267676767677,0.375600649350649,331,2722,8.22356495468278,25,26,22,16,45,27,25,33,27,25,32,34,"P5"
"277","West Virginia","fbs","Big 12",2016,3870490,"Chris Chugunov",4,3,11,1.33333333333333,-1.7447233974483,-0.436180849362076,-0.581574465816102,15,3.75,5,0.25,2,4,0.5,0,0,0,0,0,0,4,15,3.75,NA,NA,NA,NA,NA,NA,NA,NA,NA,NA,NA,NA,"P5"
"278","Fresno State","fbs","Mountain West",2016,535268,"Zach Kline",77,6,11,12.8333333333333,-0.403142425361911,-0.00523561591379105,-0.0671904042269851,519,6.74025974025974,86.5,0.376623376623377,42,77,0.545454545454545,0,0,0,0,0,0,77,519,6.74025974025974,NA,NA,NA,NA,NA,NA,NA,NA,NA,NA,NA,NA,"G5"
"278","Fresno State","fbs","Mountain West",2016,3124537,"KeeSean Johnson",3,1,11,3,9.84099428797908,3.28033142932636,9.84099428797908,90,30,90,1,3,3,1,3,0,0,0,0.16875,0.16875,3,90,30,NA,NA,NA,NA,NA,NA,NA,NA,NA,NA,NA,NA,"G5"
"278","Fresno State","fbs","Mountain West",2016,3918038,"Chason Virgil",264,9,11,29.3333333333333,24.1048140400073,0.0913061137879065,2.67831267111192,1649,6.24621212121212,183.222222222222,0.363636363636364,140,264,0.53030303030303,8,0,0,0,0.40716049382716,0.215555555555556,264,1649,6.24621212121212,89,93,94,110,110,85,99,82,85,99,84,80,"G5"
"278","Fresno State","fbs","Mountain West",2016,3933019,"Blake Cusick",1,1,11,1,-2.08010319329206,-2.08010319329206,-2.08010319329206,0,0,0,0,0,1,0,0,0,0,0,0,0,1,0,0,NA,NA,NA,NA,NA,NA,NA,NA,NA,NA,NA,NA,"G5"
"278","Fresno State","fbs","Mountain West",2016,3933027,"Treyvon Green",2,2,11,1,0.269678497398441,0.13483924869922,0.13483924869922,13,6.5,6.5,1,2,2,1,0,0,0,0,0,0,2,13,6.5,NA,NA,NA,NA,NA,NA,NA,NA,NA,NA,NA,NA,"G5"
"290","Georgia Southern","fbs","Sun Belt",2016,516910,"BJ Johnson III",2,1,11,2,8.43080734677491,4.21540367338746,8.43080734677491,76,38,76,1,2,2,1,2,0,0,0,0.126666666666667,0.126666666666667,2,76,38,NA,NA,NA,NA,NA,NA,NA,NA,NA,NA,NA,NA,"G5"
"290","Georgia Southern","fbs","Sun Belt",2016,532925,"Kevin Ellison",95,10,11,9.5,23.8909975552287,0.251484184791881,2.38909975552287,662,6.96842105263158,66.2,0.442105263157895,58,95,0.610526315789474,5,0,0,0,0.137916666666667,0.0551666666666667,95,662,6.96842105263158,NA,NA,NA,NA,NA,NA,NA,NA,NA,NA,NA,NA,"G5"
"290","Georgia Southern","fbs","Sun Belt",2016,549301,"Favian Upshaw",73,7,11,10.4285714285714,23.9618677596728,0.328244763831135,3.42312396566755,499,6.83561643835616,71.2857142857143,0.424657534246575,39,73,0.534246575342466,2,0,0,0,0.118809523809524,0.0396031746031746,73,499,6.83561643835616,NA,NA,NA,NA,NA,NA,NA,NA,NA,NA,NA,NA,"G5"
"290","Georgia Southern","fbs","Sun Belt",2016,3123738,"Myles Campbell",2,2,11,1,8.31610070687901,4.15805035343951,4.15805035343951,73,36.5,36.5,1,2,2,1,2,0,0,0,0.0608333333333333,0.045625,2,73,36.5,NA,NA,NA,NA,NA,NA,NA,NA,NA,NA,NA,NA,"G5"
"290","Georgia Southern","fbs","Sun Belt",2016,3123744,"Matt Flynn",1,1,11,1,4.69995442873569,4.69995442873569,4.69995442873569,26,26,26,1,1,1,1,0,0,0,0,0,0,1,26,26,NA,NA,NA,NA,NA,NA,NA,NA,NA,NA,NA,NA,"G5"
"290","Georgia Southern","fbs","Sun Belt",2016,4036648,"Seth Shuman",67,4,11,16.75,-0.284932602851611,-0.00425272541569569,-0.0712331507129028,347,5.17910447761194,86.75,0.373134328358209,33,67,0.492537313432836,0,0,0,0,0,0,67,347,5.17910447761194,NA,NA,NA,NA,NA,NA,NA,NA,NA,NA,NA,NA,"G5"
"295","Old Dominion","fbs","Conference USA",2016,535113,"David Washington",272,10,10,27.2,73.7654484081949,0.271196501500716,7.37654484081949,2187,8.04044117647059,218.7,0.466911764705882,164,272,0.602941176470588,18,0,0,0,0.517973684210526,0.351482142857143,272,2187,8.04044117647059,47,48,43,41,66.5,55,32,58,55,32,53,43,"G5"
"295","Old Dominion","fbs","Conference USA",2016,553072,"Melvin Vaughn",1,1,10,1,2.79597056910604,2.79597056910604,2.79597056910604,15,15,15,1,1,1,1,1,0,0,0,0.01875,0.01875,1,15,15,NA,NA,NA,NA,NA,NA,NA,NA,NA,NA,NA,NA,"G5"
"295","Old Dominion","fbs","Conference USA",2016,3123226,"Jonathan Duhart",2,1,10,2,2.8344200389038,1.4172100194519,2.8344200389038,3,1.5,3,1,2,2,1,2,0,0,0,0.005,0.005,2,3,1.5,NA,NA,NA,NA,NA,NA,NA,NA,NA,NA,NA,NA,"G5"
"295","Old Dominion","fbs","Conference USA",2016,3914543,"Blake LaRussa",15,4,10,3.75,-0.278441548436399,-0.0185627698957599,-0.0696103871090996,105,7,26.25,0.466666666666667,10,15,0.666666666666667,0,0,0,0,0,0,15,105,7,NA,NA,NA,NA,NA,NA,NA,NA,NA,NA,NA,NA,"G5"
"295","Old Dominion","fbs","Conference USA",2016,3932056,"Tyreim Blake",2,1,10,2,0.448127909718809,0.224063954859405,0.448127909718809,17,8.5,17,0.5,1,2,0.5,0,0,0,0,0,0,2,17,8.5,NA,NA,NA,NA,NA,NA,NA,NA,NA,NA,NA,NA,"G5"
"30","USC","fbs","Pac-12",2016,531009,"Darreus Rogers",2,1,12,2,5.14214220967271,2.57107110483636,5.14214220967271,23,11.5,23,1,2,2,1,2,0,0,0,0.0383333333333333,0.0383333333333333,2,23,11.5,NA,NA,NA,NA,NA,NA,NA,NA,NA,NA,NA,NA,"P5"
"30","USC","fbs","Pac-12",2016,534485,"Taylor McNamara",1,1,12,1,2.00982729881277,2.00982729881277,2.00982729881277,7,7,7,1,1,1,1,1,0,0,0,0.00875,0.00875,1,7,7,NA,NA,NA,NA,NA,NA,NA,NA,NA,NA,NA,NA,"P5"
"30","USC","fbs","Pac-12",2016,546415,"Max Browne",89,6,12,14.8333333333333,7.66628548857774,0.0861380391975027,1.27771424809629,498,5.59550561797753,83,0.370786516853933,57,89,0.640449438202247,2,0,0,0,0.138333333333333,0.051875,89,498,5.59550561797753,NA,NA,NA,NA,NA,NA,NA,NA,NA,NA,NA,NA,"P5"
"30","USC","fbs","Pac-12",2016,3120348,"JuJu Smith-Schuster",1,1,12,1,1.53407640788824,1.53407640788824,1.53407640788824,3,3,3,1,1,1,1,1,0,0,0,0.00375,0.00375,1,3,3,NA,NA,NA,NA,NA,NA,NA,NA,NA,NA,NA,NA,"P5"
"30","USC","fbs","Pac-12",2016,3120349,"Jalen Greene",1,1,12,1,-0.673329294503414,-0.673329294503414,-0.673329294503414,0,0,0,0,0,1,0,0,0,0,0,0,0,1,0,0,NA,NA,NA,NA,NA,NA,NA,NA,NA,NA,NA,NA,"P5"
"30","USC","fbs","Pac-12",2016,3682406,"Daniel Imatorbhebhe",1,1,12,1,1.91279420274245,1.91279420274245,1.91279420274245,17,17,17,1,1,1,1,1,0,0,0,0.02125,0.02125,1,17,17,NA,NA,NA,NA,NA,NA,NA,NA,NA,NA,NA,NA,"P5"
"30","USC","fbs","Pac-12",2016,3912547,"Sam Darnold",297,12,12,24.75,126.288276510817,0.425213052224974,10.5240230425681,2509,8.44781144781145,209.083333333333,0.552188552188552,204,297,0.686868686868687,18,0,0,0,0.495197368421053,0.313625,297,2509,8.44781144781145,15,24,7,3,5,39,19,63,39,19,59,52,"P5"
"30","USC","fbs","Pac-12",2016,3912550,"Ronald Jones II",1,1,12,1,2.5871706684609,2.5871706684609,2.5871706684609,16,16,16,1,1,1,1,1,0,0,0,0.02,0.02,1,16,16,NA,NA,NA,NA,NA,NA,NA,NA,NA,NA,NA,NA,"P5"
"30","USC","fbs","Pac-12",2016,3932935,"Deontay Burnett",2,2,12,1,4.43721204583568,2.21860602291784,2.21860602291784,15,7.5,7.5,1,2,2,1,2,0,0,0,0.0125,0.009375,2,15,7.5,NA,NA,NA,NA,NA,NA,NA,NA,NA,NA,NA,NA,"P5"
"309","Louisiana","fbs","Sun Belt",2016,531430,"Jalen Nixon",13,1,11,13,-0.917486464016404,-0.0705758818474157,-0.917486464016404,84,6.46153846153846,84,0.461538461538462,8,13,0.615384615384615,0,0,0,0,0,0,13,84,6.46153846153846,NA,NA,NA,NA,NA,NA,NA,NA,NA,NA,NA,NA,"G5"
"309","Louisiana","fbs","Sun Belt",2016,545809,"Elijah McGuire",1,1,11,1,3.44206173042202,3.44206173042202,3.44206173042202,14,14,14,1,1,1,1,1,0,0,0,0.0175,0.0175,1,14,14,NA,NA,NA,NA,NA,NA,NA,NA,NA,NA,NA,NA,"G5"
"309","Louisiana","fbs","Sun Belt",2016,546033,"Anthony Jennings",261,11,11,23.7272727272727,23.6430604873657,0.0905864386489107,2.14936913521506,1839,7.04597701149425,167.181818181818,0.386973180076628,163,261,0.624521072796935,6,0,0,0,0.358246753246753,0.147513368983957,261,1839,7.04597701149425,94,98,95,102,36,73,69,93,73,69,95,104,"G5"
"309","Louisiana","fbs","Sun Belt",2016,3124912,"Jordan Davis",3,1,11,3,-1.63443268842096,-0.544810896140318,-1.63443268842096,7,2.33333333333333,7,0.333333333333333,2,3,0.666666666666667,0,0,0,0,0,0,3,7,2.33333333333333,NA,NA,NA,NA,NA,NA,NA,NA,NA,NA,NA,NA,"G5"
"309","Louisiana","fbs","Sun Belt",2016,3917580,"Keenan Barnes",2,2,11,1,5.99116756069421,2.99558378034711,2.99558378034711,53,26.5,26.5,1,2,2,1,2,0,0,0,0.0441666666666667,0.033125,2,53,26.5,NA,NA,NA,NA,NA,NA,NA,NA,NA,NA,NA,NA,"G5"
"326","Texas State","fbs","Sun Belt",2016,546197,"Eddie Printz",22,3,11,7.33333333333333,1.97640374632099,0.0898365339236813,0.658801248773663,146,6.63636363636364,48.6666666666667,0.409090909090909,10,22,0.454545454545455,0,0,0,0,0,0,22,146,6.63636363636364,NA,NA,NA,NA,NA,NA,NA,NA,NA,NA,NA,NA,"G5"
"326","Texas State","fbs","Sun Belt",2016,548240,"Tyler Jones",285,10,11,28.5,4.8526862321804,0.0170269692357207,0.48526862321804,1661,5.8280701754386,166.1,0.403508771929825,187,285,0.656140350877193,5,0,0,0,0.346041666666667,0.138416666666667,285,1661,5.8280701754386,107,107,107,93,15,84,109,94,84,109,99,106,"G5"
"326","Texas State","fbs","Sun Belt",2016,3125432,"Connor White",42,4,11,10.5,2.83272831726224,0.0674459123157677,0.708182079315561,223,5.30952380952381,55.75,0.333333333333333,23,42,0.547619047619048,1,0,0,0,0.0696875,0.027875,42,223,5.30952380952381,NA,NA,NA,NA,NA,NA,NA,NA,NA,NA,NA,NA,"G5"
"328","Utah State","fbs","Mountain West",2016,3125353,"Kent Myers",337,11,11,30.6363636363636,44.2574083087765,0.131327621094292,4.02340075534332,2294,6.80712166172107,208.545454545455,0.403560830860534,201,337,0.596439169139466,10,0,0,0,0.47396694214876,0.248268398268398,337,2294,6.80712166172107,73,77,82,92,72,48.5,81,64,48.5,81,62,69,"G5"
"328","Utah State","fbs","Mountain West",2016,3139981,"DJ Nelson",1,1,11,1,-1.49894194496752,-1.49894194496752,-1.49894194496752,12,12,12,0,1,1,1,0,0,0,0,0,0,1,12,12,NA,NA,NA,NA,NA,NA,NA,NA,NA,NA,NA,NA,"G5"
"328","Utah State","fbs","Mountain West",2016,3139983,"Damion Hobbs",17,3,11,5.66666666666667,-4.52083181460953,-0.265931283212326,-1.50694393820318,68,4,22.6666666666667,0.235294117647059,8,17,0.470588235294118,0,0,0,0,0,0,17,68,4,NA,NA,NA,NA,NA,NA,NA,NA,NA,NA,NA,NA,"G5"
"333","Alabama","fbs","SEC",2016,536143,"Gehrig Dieter",1,1,12,1,2.65543812459733,2.65543812459733,2.65543812459733,6,6,6,1,1,1,1,1,0,0,0,0.0075,0.0075,1,6,6,NA,NA,NA,NA,NA,NA,NA,NA,NA,NA,NA,NA,"P5"
"333","Alabama","fbs","SEC",2016,546359,"Cooper Bateman",14,5,12,2.8,3.19152739993601,0.227966242852572,0.638305479987202,119,8.5,23.8,0.5,12,14,0.857142857142857,1,0,0,0,0.02975,0.00991666666666667,14,119,8.5,NA,NA,NA,NA,NA,NA,NA,NA,NA,NA,NA,NA,"P5"
"333","Alabama","fbs","SEC",2016,551307,"ArDarius Stewart",3,2,12,1.5,9.03473231671995,3.01157743890665,4.51736615835998,86,28.6666666666667,43,1,3,3,1,2,0,0,0,0.0716666666666667,0.05375,3,86,28.6666666666667,NA,NA,NA,NA,NA,NA,NA,NA,NA,NA,NA,NA,"P5"
"333","Alabama","fbs","SEC",2016,3858944,"Blake Barnett",19,3,12,6.33333333333333,4.59933238301183,0.242070125421675,1.53311079433728,219,11.5263157894737,73,0.421052631578947,11,19,0.578947368421053,2,0,0,0,0.121666666666667,0.073,19,219,11.5263157894737,NA,NA,NA,NA,NA,NA,NA,NA,NA,NA,NA,NA,"P5"
"333","Alabama","fbs","SEC",2016,3925347,"Damien Harris",2,2,12,1,7.35399535964418,3.67699767982209,3.67699767982209,73,36.5,36.5,1,2,2,1,2,0,0,0,0.0608333333333333,0.045625,2,73,36.5,NA,NA,NA,NA,NA,NA,NA,NA,NA,NA,NA,NA,"P5"
"333","Alabama","fbs","SEC",2016,3925357,"Calvin Ridley",1,1,12,1,2.2587241699833,2.2587241699833,2.2587241699833,4,4,4,1,1,1,1,1,0,0,0,0.005,0.005,1,4,4,NA,NA,NA,NA,NA,NA,NA,NA,NA,NA,NA,NA,"P5"
"333","Alabama","fbs","SEC",2016,4040715,"Jalen Hurts",301,12,12,25.0833333333333,48.9470724473124,0.162614858628945,4.0789227039427,2308,7.66777408637874,192.333333333333,0.458471760797342,199,301,0.661129568106312,13,0,0,0,0.446488095238095,0.250033333333333,301,2308,7.66777408637874,69,76,75,46,13,46,39,76,46,39,68,67,"P5"
"344","Mississippi State","fbs","SEC",2016,546603,"Damian Williams",45,3,11,15,7.39022303799316,0.16422717862207,2.46340767933106,265,5.88888888888889,88.3333333333333,0.466666666666667,30,45,0.666666666666667,1,0,0,0,0.110416666666667,0.0552083333333333,45,265,5.88888888888889,NA,NA,NA,NA,NA,NA,NA,NA,NA,NA,NA,NA,"P5"
"344","Mississippi State","fbs","SEC",2016,546622,"Fred Ross",2,2,11,1,4.31201643187341,2.15600821593671,2.15600821593671,24,12,12,1,2,2,1,2,0,0,0,0.02,0.015,2,24,12,NA,NA,NA,NA,NA,NA,NA,NA,NA,NA,NA,NA,"P5"
"344","Mississippi State","fbs","SEC",2016,558337,"Nick Fitzgerald",286,11,11,26,42.1465558591275,0.147365579927019,3.8315050781025,1825,6.38111888111888,165.909090909091,0.412587412587413,161,286,0.562937062937063,15,0,0,0,0.388849431818182,0.239291958041958,286,1825,6.38111888111888,77,79,76,82,97,74,92,95,74,92,89,73,"P5"
"344","Mississippi State","fbs","SEC",2016,3917280,"Nick Tiano",1,1,11,1,0,0,0,5,5,5,1,1,1,1,0,0,0,0,0,0,1,5,5,NA,NA,NA,NA,NA,NA,NA,NA,NA,NA,NA,NA,"P5"
"344","Mississippi State","fbs","SEC",2016,3917282,"Keith Mixon",1,1,11,1,4.85494896408586,4.85494896408586,4.85494896408586,44,44,44,1,1,1,1,1,0,0,0,0.055,0.055,1,44,44,NA,NA,NA,NA,NA,NA,NA,NA,NA,NA,NA,NA,"P5"
"349","Army","fbs","FBS Independents",2016,550766,"Joe Walker",1,1,9,1,0.641139879257133,0.641139879257133,0.641139879257133,12,12,12,1,1,1,1,0,0,0,0,0,0,1,12,12,NA,NA,NA,NA,NA,NA,NA,NA,NA,NA,NA,NA,"G5"
"349","Army","fbs","FBS Independents",2016,3129089,"Ahmad Bradshaw",59,8,9,7.375,10.6756382963493,0.180943021972022,1.33445478704366,503,8.52542372881356,62.875,0.372881355932203,28,59,0.474576271186441,2,0,0,0,0.104791666666667,0.0314375,59,503,8.52542372881356,NA,NA,NA,NA,NA,NA,NA,NA,NA,NA,NA,NA,"G5"
"349","Army","fbs","FBS Independents",2016,3916793,"Chris Carter",10,5,9,2,-0.289823360161625,-0.0289823360161625,-0.0579646720323251,62,6.2,12.4,0.3,4,10,0.4,0,0,0,0,0,0,10,62,6.2,NA,NA,NA,NA,NA,NA,NA,NA,NA,NA,NA,NA,"G5"
"349","Army","fbs","FBS Independents",2016,3916817,"Christian Drake",1,1,9,1,-5.39675267109753,-5.39675267109753,-5.39675267109753,0,0,0,0,0,1,0,0,0,0,0,0,0,1,0,0,NA,NA,NA,NA,NA,NA,NA,NA,NA,NA,NA,NA,"G5"
"349","Army","fbs","FBS Independents",2016,4036927,"Malik McGue",4,2,9,2,8.24347759638407,2.06086939909602,4.12173879819203,76,19,38,0.75,4,4,1,1,0,0,0,0.0475,0.0316666666666667,4,76,19,NA,NA,NA,NA,NA,NA,NA,NA,NA,NA,NA,NA,"G5"
"349","Army","fbs","FBS Independents",2016,4036942,"Kell Walker",1,1,9,1,-0.539100794101751,-0.539100794101751,-0.539100794101751,0,0,0,0,0,1,0,0,0,0,0,0,0,1,0,0,NA,NA,NA,NA,NA,NA,NA,NA,NA,NA,NA,NA,"G5"
"356","Illinois","fbs","Big Ten",2016,534652,"Wes Lunt",208,7,11,29.7142857142857,-3.10972310015724,-0.0149505918276791,-0.444246157165321,1150,5.52884615384615,164.285714285714,0.394230769230769,112,208,0.538461538461538,5,0,0,0,0.342261904761905,0.171130952380952,208,1150,5.52884615384615,112,112,112,100,106,110,113,96,110,113,100,99,"P5"
"356","Illinois","fbs","Big Ten",2016,3115912,"Chayce Crouch",28,3,11,9.33333333333333,7.75578608663394,0.276992360236927,2.58526202887798,247,8.82142857142857,82.3333333333333,0.428571428571429,17,28,0.607142857142857,1,0,0,0,0.102916666666667,0.0514583333333333,28,247,8.82142857142857,NA,NA,NA,NA,NA,NA,NA,NA,NA,NA,NA,NA,"P5"
"356","Illinois","fbs","Big Ten",2016,3115928,"Malik Turner",1,1,11,1,5.06648768212744,5.06648768212744,5.06648768212744,43,43,43,1,1,1,1,1,0,0,0,0.05375,0.05375,1,43,43,NA,NA,NA,NA,NA,NA,NA,NA,NA,NA,NA,NA,"P5"
"356","Illinois","fbs","Big Ten",2016,3861927,"Jeff George Jr.",88,4,11,22,-16.6950051207187,-0.189715967280894,-4.17375128017968,427,4.85227272727273,106.75,0.306818181818182,37,88,0.420454545454545,3,0,0,0,0.20015625,0.114375,88,427,4.85227272727273,NA,NA,NA,NA,NA,NA,NA,NA,NA,NA,NA,NA,"P5"
"36","Colorado State","fbs","Mountain West",2016,530931,"Faton Bauta",29,4,10,7.25,-10.5072294574251,-0.362318257152591,-2.62680736435628,114,3.93103448275862,28.5,0.275862068965517,12,29,0.413793103448276,1,0,0,0,0.035625,0.01425,29,114,3.93103448275862,NA,NA,NA,NA,NA,NA,NA,NA,NA,NA,NA,NA,"G5"
"36","Colorado State","fbs","Mountain West",2016,532680,"Hayden Hunt",1,1,10,1,4.80679886937687,4.80679886937687,4.80679886937687,29,29,29,1,1,1,1,0,0,0,0,0,0,1,29,29,NA,NA,NA,NA,NA,NA,NA,NA,NA,NA,NA,NA,"G5"
"36","Colorado State","fbs","Mountain West",2016,532689,"Nolan Peralta",1,1,10,1,2.45150026881349,2.45150026881349,2.45150026881349,9,9,9,1,1,1,1,1,0,0,0,0.01125,0.01125,1,9,9,NA,NA,NA,NA,NA,NA,NA,NA,NA,NA,NA,NA,"G5"
"36","Colorado State","fbs","Mountain West",2016,546267,"Nick Stevens",131,7,10,18.7142857142857,35.4240458761614,0.270412563940163,5.06057798230877,1073,8.19083969465649,153.285714285714,0.450381679389313,83,131,0.633587786259542,11,0,0,0,0.351279761904762,0.234186507936508,131,1073,8.19083969465649,NA,NA,NA,NA,NA,NA,NA,NA,NA,NA,NA,NA,"G5"
"36","Colorado State","fbs","Mountain West",2016,4036341,"Detrich Clark",1,1,10,1,2.53287375484613,2.53287375484613,2.53287375484613,6,6,6,1,1,1,1,1,0,0,0,0.0075,0.0075,1,6,6,NA,NA,NA,NA,NA,NA,NA,NA,NA,NA,NA,NA,"G5"
"36","Colorado State","fbs","Mountain West",2016,4036354,"Anthony Hawkins",1,1,10,1,1.83828440921395,1.83828440921395,1.83828440921395,14,14,14,1,1,1,1,1,0,0,0,0.0175,0.0175,1,14,14,NA,NA,NA,NA,NA,NA,NA,NA,NA,NA,NA,NA,"G5"
"36","Colorado State","fbs","Mountain West",2016,4036357,"Collin Hill",99,4,10,24.75,24.0197903523786,0.242624144973521,6.00494758809464,772,7.7979797979798,193,0.383838383838384,53,99,0.535353535353535,3,0,0,0,0.361875,0.206785714285714,99,772,7.7979797979798,NA,NA,NA,NA,NA,NA,NA,NA,NA,NA,NA,NA,"G5"
"38","Colorado","fbs","Pac-12",2016,550268,"Jordan Gehrke",4,2,11,2,0.217020068139191,0.0542550170347978,0.108510034069596,24,6,12,0.5,3,4,0.75,0,0,0,0,0,0,4,24,6,NA,NA,NA,NA,NA,NA,NA,NA,NA,NA,NA,NA,"P5"
"38","Colorado","fbs","Pac-12",2016,550278,"Sefo Liufau",240,9,11,26.6666666666667,61.8204922736485,0.257585384473536,6.86894358596095,1754,7.30833333333333,194.888888888889,0.441666666666667,148,240,0.616666666666667,6,0,0,0,0.417619047619048,0.194888888888889,240,1754,7.30833333333333,58,55,47,58,48,79,60,71,79,60,78,90,"P5"
"38","Colorado","fbs","Pac-12",2016,550669,"Bryce Bobo",2,1,11,2,9.85988633524516,4.92994316762258,9.85988633524516,77,38.5,77,1,2,2,1,2,0,0,0,0.128333333333333,0.128333333333333,2,77,38.5,NA,NA,NA,NA,NA,NA,NA,NA,NA,NA,NA,NA,"P5"
"38","Colorado","fbs","Pac-12",2016,3122623,"Jay MacIntyre",2,2,11,1,0.219975992973154,0.109987996486577,0.109987996486577,14,7,7,0.5,1,2,0.5,0,0,0,0,0,0,2,14,7,NA,NA,NA,NA,NA,NA,NA,NA,NA,NA,NA,NA,"P5"
"38","Colorado","fbs","Pac-12",2016,3915436,"Steven Montez",115,6,11,19.1666666666667,24.5300803851191,0.213305046827123,4.08834673085318,885,7.69565217391304,147.5,0.460869565217391,71,115,0.617391304347826,6,0,0,0,0.316071428571429,0.184375,115,885,7.69565217391304,NA,NA,NA,NA,NA,NA,NA,NA,NA,NA,NA,NA,"P5"
"41","UConn","fbs","American Athletic",2016,546700,"Noel Thomas",1,1,11,1,0.518321782153211,0.518321782153211,0.518321782153211,11,11,11,1,1,1,1,0,0,0,0,0,0,1,11,11,NA,NA,NA,NA,NA,NA,NA,NA,NA,NA,NA,NA,"G5"
"41","UConn","fbs","American Athletic",2016,549956,"Bryant Shirreffs",252,8,11,31.5,52.7980730585585,0.209516162930788,6.59975913231982,1781,7.06746031746032,222.625,0.444444444444444,148,252,0.587301587301587,5,0,0,0,0.463802083333333,0.2140625,252,1781,7.06746031746032,64,58,61,56,80,76,67,54,76,67,65,83,"G5"
"41","UConn","fbs","American Athletic",2016,3125891,"Alec Bloom",1,1,11,1,5.36131504194887,5.36131504194887,5.36131504194887,4,4,4,1,1,1,1,1,0,0,0,0.005,0.005,1,4,4,NA,NA,NA,NA,NA,NA,NA,NA,NA,NA,NA,NA,"G5"
"41","UConn","fbs","American Athletic",2016,3125902,"Ron Johnson",1,1,11,1,-1.35595063257977,-1.35595063257977,-1.35595063257977,0,0,0,0,0,1,0,0,0,0,0,0,0,1,0,0,NA,NA,NA,NA,NA,NA,NA,NA,NA,NA,NA,NA,"G5"
"41","UConn","fbs","American Athletic",2016,3125907,"Arkeel Newsome",1,1,11,1,5.47680650777807,5.47680650777807,5.47680650777807,70,70,70,1,1,1,1,1,0,0,0,0.0875,0.0875,1,70,70,NA,NA,NA,NA,NA,NA,NA,NA,NA,NA,NA,NA,"G5"
"41","UConn","fbs","American Athletic",2016,3914240,"Tyler Davis",3,3,11,1,6.79550446545774,2.26516815515258,2.26516815515258,42,14,14,0.666666666666667,2,3,0.666666666666667,0,0,0,0,0,0,3,42,14,NA,NA,NA,NA,NA,NA,NA,NA,NA,NA,NA,NA,"G5"
"41","UConn","fbs","American Athletic",2016,3921916,"Garrett Anderson",16,3,11,5.33333333333333,-4.67974757981512,-0.292484223738445,-1.55991585993837,77,4.8125,25.6666666666667,0.3125,8,16,0.5,0,0,0,0,0,0,16,77,4.8125,NA,NA,NA,NA,NA,NA,NA,NA,NA,NA,NA,NA,"G5"
"41","UConn","fbs","American Athletic",2016,4044099,"Donovan Williams",71,3,11,23.6666666666667,-11.3841142663907,-0.160339637554799,-3.79470475546356,300,4.22535211267606,100,0.323943661971831,36,71,0.507042253521127,1,0,0,0,0.125,0.0625,71,300,4.22535211267606,NA,NA,NA,NA,NA,NA,NA,NA,NA,NA,NA,NA,"G5"
"52","Florida State","fbs","ACC",2016,530299,"Sean Maguire",11,3,11,3.66666666666667,1.0443200995599,0.0949381908690814,0.348106699853298,64,5.81818181818182,21.3333333333333,0.454545454545455,7,11,0.636363636363636,2,0,0,0,0.0355555555555556,0.0213333333333333,11,64,5.81818181818182,NA,NA,NA,NA,NA,NA,NA,NA,NA,NA,NA,NA,"P5"
"52","Florida State","fbs","ACC",2016,546816,"Kermit Whitfield",1,1,11,1,2.4118527174092,2.4118527174092,2.4118527174092,20,20,20,1,1,1,1,1,0,0,0,0.025,0.025,1,20,20,NA,NA,NA,NA,NA,NA,NA,NA,NA,NA,NA,NA,"P5"
"52","Florida State","fbs","ACC",2016,3116593,"Dalvin Cook",1,1,11,1,5.15207029473828,5.15207029473828,5.15207029473828,59,59,59,1,1,1,1,1,0,0,0,0.07375,0.07375,1,59,59,NA,NA,NA,NA,NA,NA,NA,NA,NA,NA,NA,NA,"P5"
"52","Florida State","fbs","ACC",2016,3122916,"J.J. Cosentino",6,1,11,6,2.03272361745457,0.338787269575761,2.03272361745457,12,2,12,0.166666666666667,1,6,0.166666666666667,1,0,0,0,0.015,0.015,6,12,2,NA,NA,NA,NA,NA,NA,NA,NA,NA,NA,NA,NA,"P5"
"52","Florida State","fbs","ACC",2016,3122920,"Ryan Izzo",1,1,11,1,1.10487315081886,1.10487315081886,1.10487315081886,2,2,2,1,1,1,1,1,0,0,0,0.0025,0.0025,1,2,2,NA,NA,NA,NA,NA,NA,NA,NA,NA,NA,NA,NA,"P5"
"52","Florida State","fbs","ACC",2016,3122935,"Travis Rudolph",2,2,11,1,10.4955187097677,5.24775935488387,5.24775935488387,62,31,31,1,2,2,1,2,0,0,0,0.0516666666666667,0.03875,2,62,31,NA,NA,NA,NA,NA,NA,NA,NA,NA,NA,NA,NA,"P5"
"52","Florida State","fbs","ACC",2016,3921561,"Deondre Francois",330,11,11,30,92.7944954323173,0.281195440703992,8.43586322111976,2699,8.17878787878788,245.363636363636,0.496969696969697,196,330,0.593939393939394,10,0,0,0,0.557644628099173,0.292099567099567,330,2699,8.17878787878788,34,41,39,14,74,29,28,35,29,28,40,54,"P5"
"57","Florida","fbs","SEC",2016,534770,"Austin Appleby",177,8,12,22.125,13.3969046243134,0.0756887266910361,1.67461307803917,1195,6.75141242937853,149.375,0.412429378531073,111,177,0.627118644067797,6,0,0,0,0.320089285714286,0.160044642857143,177,1195,6.75141242937853,102,101,99,84,32,109,83,105,109,83,106,102,"P5"
"57","Florida","fbs","SEC",2016,546362,"Luke Del Rio",190,6,12,31.6666666666667,22.8379783494745,0.120199886049866,3.80632972491241,1309,6.88947368421053,218.166666666667,0.421052631578947,111,190,0.58421052631579,6,0,0,0,0.4675,0.272708333333333,190,1309,6.88947368421053,95,80,86,76,84,105,75,59,105,75,64,60,"P5"
"57","Florida","fbs","SEC",2016,559555,"DeAndre Goolsby",1,1,12,1,4.95974484043414,4.95974484043414,4.95974484043414,25,25,25,1,1,1,1,1,0,0,0,0.03125,0.03125,1,25,25,NA,NA,NA,NA,NA,NA,NA,NA,NA,NA,NA,NA,"P5"
"57","Florida","fbs","SEC",2016,3121650,"C'yontai Lewis",1,1,12,1,3.63909399758664,3.63909399758664,3.63909399758664,19,19,19,1,1,1,1,1,0,0,0,0.02375,0.02375,1,19,19,NA,NA,NA,NA,NA,NA,NA,NA,NA,NA,NA,NA,"P5"
"57","Florida","fbs","SEC",2016,3915097,"Antonio Callaway",2,2,12,1,3.38478385477172,1.69239192738586,1.69239192738586,17,8.5,8.5,1,2,2,1,2,0,0,0,0.0141666666666667,0.010625,2,17,8.5,NA,NA,NA,NA,NA,NA,NA,NA,NA,NA,NA,NA,"P5"
"58","South Florida","fbs","American Athletic",2016,549962,"Marquez Valdes-Scantling",2,2,10,1,6.27343601461769,3.13671800730884,3.13671800730884,42,21,21,1,2,2,1,2,0,0,0,0.035,0.02625,2,42,21,NA,NA,NA,NA,NA,NA,NA,NA,NA,NA,NA,NA,"G5"
"58","South Florida","fbs","American Athletic",2016,552748,"Rodney Adams",2,2,10,1,7.20957228461733,3.60478614230867,3.60478614230867,88,44,44,1,2,2,1,2,0,0,0,0.0733333333333333,0.055,2,88,44,NA,NA,NA,NA,NA,NA,NA,NA,NA,NA,NA,NA,"G5"
"58","South Florida","fbs","American Athletic",2016,3139585,"Ryeshene Bronson",1,1,10,1,5.2207267148658,5.2207267148658,5.2207267148658,73,73,73,1,1,1,1,1,0,0,0,0.09125,0.09125,1,73,73,NA,NA,NA,NA,NA,NA,NA,NA,NA,NA,NA,NA,"G5"
"58","South Florida","fbs","American Athletic",2016,3139591,"Quinton Flowers",241,10,10,24.1,31.9664117526635,0.132640712666653,3.19664117526635,1941,8.05394190871369,194.1,0.431535269709544,150,241,0.622406639004149,11,0,0,0,0.4448125,0.254178571428571,241,1941,8.05394190871369,85,88,80,66,37,68,31,72,68,31,69,66,"G5"
"58","South Florida","fbs","American Athletic",2016,3139602,"D'Ernest Johnson",3,3,10,1,4.47937495209737,1.49312498403246,1.49312498403246,24,8,8,0.666666666666667,2,3,0.666666666666667,2,0,0,0,0.0133333333333333,0.008,3,24,8,NA,NA,NA,NA,NA,NA,NA,NA,NA,NA,NA,NA,"G5"
"58","South Florida","fbs","American Athletic",2016,3923368,"Chris Barr",1,1,10,1,2.59246779167522,2.59246779167522,2.59246779167522,6,6,6,1,1,1,1,1,0,0,0,0.0075,0.0075,1,6,6,NA,NA,NA,NA,NA,NA,NA,NA,NA,NA,NA,NA,"G5"
"58","South Florida","fbs","American Athletic",2016,3923382,"Brett Kean",18,4,10,4.5,-0.433630043657763,-0.0240905579809869,-0.108407510914441,77,4.27777777777778,19.25,0.444444444444444,13,18,0.722222222222222,0,0,0,0,0,0,18,77,4.27777777777778,NA,NA,NA,NA,NA,NA,NA,NA,NA,NA,NA,NA,"G5"
"58","South Florida","fbs","American Athletic",2016,3923392,"Mitchell Wilcox",1,1,10,1,4.33939296906276,4.33939296906276,4.33939296906276,29,29,29,1,1,1,1,1,0,0,0,0.03625,0.03625,1,29,29,NA,NA,NA,NA,NA,NA,NA,NA,NA,NA,NA,NA,"G5"
"59","Georgia Tech","fbs","ACC",2016,531104,"Justin Thomas",121,10,11,12.1,61.5764890273217,0.508896603531585,6.15764890273217,1396,11.5371900826446,139.6,0.446280991735537,67,121,0.553719008264463,7,0,0,0,0.305375,0.143705882352941,121,1396,11.5371900826446,NA,NA,NA,NA,NA,NA,NA,NA,NA,NA,NA,NA,"P5"
"59","Georgia Tech","fbs","ACC",2016,3116614,"Matthew Jordan",6,1,11,6,-2.86908818270175,-0.478181363783624,-2.86908818270175,34,5.66666666666667,34,0.166666666666667,2,6,0.333333333333333,0,0,0,0,0,0,6,34,5.66666666666667,NA,NA,NA,NA,NA,NA,NA,NA,NA,NA,NA,NA,"P5"
"59","Georgia Tech","fbs","ACC",2016,3116623,"Clinton Lynch",1,1,11,1,6.47708130970056,6.47708130970056,6.47708130970056,77,77,77,1,1,1,1,1,0,0,0,0.09625,0.09625,1,77,77,NA,NA,NA,NA,NA,NA,NA,NA,NA,NA,NA,NA,"P5"
"59","Georgia Tech","fbs","ACC",2016,3917810,"TaQuon Marshall",1,1,11,1,-1.68220829160848,-1.68220829160848,-1.68220829160848,9,9,9,0,1,1,1,0,0,0,0,0,0,1,9,9,NA,NA,NA,NA,NA,NA,NA,NA,NA,NA,NA,NA,"P5"
"59","Georgia Tech","fbs","ACC",2016,4037295,"Dedrick Mills",1,1,11,1,4.40283605567388,4.40283605567388,4.40283605567388,9,9,9,1,1,1,1,1,0,0,0,0.01125,0.01125,1,9,9,NA,NA,NA,NA,NA,NA,NA,NA,NA,NA,NA,NA,"P5"
"6","South Alabama","fbs","Sun Belt",2016,535753,"Josh Magee",1,1,10,1,3.42363195477684,3.42363195477684,3.42363195477684,20,20,20,1,1,1,1,1,0,0,0,0.025,0.025,1,20,20,NA,NA,NA,NA,NA,NA,NA,NA,NA,NA,NA,NA,"G5"
"6","South Alabama","fbs","Sun Belt",2016,537540,"James Bynes",1,1,10,1,2.47691799998997,2.47691799998997,2.47691799998997,1,1,1,1,1,1,1,1,0,0,0,0.00125,0.00125,1,1,1,NA,NA,NA,NA,NA,NA,NA,NA,NA,NA,NA,NA,"G5"
"6","South Alabama","fbs","Sun Belt",2016,3124879,"Maaseiah Francis",2,1,10,2,9.19677203205287,4.59838601602643,9.19677203205287,81,40.5,81,1,2,2,1,2,0,0,0,0.135,0.135,2,81,40.5,NA,NA,NA,NA,NA,NA,NA,NA,NA,NA,NA,NA,"G5"
"6","South Alabama","fbs","Sun Belt",2016,3125259,"Dallas Davis",264,9,10,29.3333333333333,73.0139624149748,0.276568039450662,8.11266249055275,2105,7.97348484848485,233.888888888889,0.446969696969697,163,264,0.617424242424242,7,0,0,0,0.511631944444444,0.255815972222222,264,2105,7.97348484848485,48,44,41,54,47,57,33,43,57,33,56,65,"G5"
"6","South Alabama","fbs","Sun Belt",2016,3139423,"Cole Garvin",28,2,10,14,2.48795851794992,0.0888556613553542,1.24397925897496,153,5.46428571428571,76.5,0.428571428571429,15,28,0.535714285714286,0,0,0,0,0,0,28,153,5.46428571428571,NA,NA,NA,NA,NA,NA,NA,NA,NA,NA,NA,NA,"G5"
"6","South Alabama","fbs","Sun Belt",2016,3918639,"Gerald Everett",1,1,10,1,7.31661713272319,7.31661713272319,7.31661713272319,79,79,79,1,1,1,1,1,0,0,0,0.09875,0.09875,1,79,79,NA,NA,NA,NA,NA,NA,NA,NA,NA,NA,NA,NA,"G5"
"61","Georgia","fbs","SEC",2016,530521,"Greyson Lambert",9,2,11,4.5,3.86348503084384,0.429276114538205,1.93174251542192,54,6,27,0.444444444444444,5,9,0.555555555555556,0,0,0,0,0,0,9,54,6,NA,NA,NA,NA,NA,NA,NA,NA,NA,NA,NA,NA,"P5"
"61","Georgia","fbs","SEC",2016,3128710,"Christian Payne",1,1,11,1,0.602205111078262,0.602205111078262,0.602205111078262,2,2,2,1,1,1,1,1,0,0,0,0.0025,0.0025,1,2,2,NA,NA,NA,NA,NA,NA,NA,NA,NA,NA,NA,NA,"P5"
"61","Georgia","fbs","SEC",2016,3128724,"Isaiah McKenzie",3,2,11,1.5,12.8997850435295,4.29992834784318,6.44989252176477,46,15.3333333333333,23,1,3,3,1,3,0,0,0,0.043125,0.0345,3,46,15.3333333333333,NA,NA,NA,NA,NA,NA,NA,NA,NA,NA,NA,NA,"P5"
"61","Georgia","fbs","SEC",2016,3915174,"Terry Godwin",1,1,11,1,-1.46729789366276,-1.46729789366276,-1.46729789366276,0,0,0,0,0,1,0,0,0,0,0,0,0,1,0,0,NA,NA,NA,NA,NA,NA,NA,NA,NA,NA,NA,NA,"P5"
"61","Georgia","fbs","SEC",2016,4035003,"Jacob Eason",314,11,11,28.5454545454545,15.5607408397327,0.0495564994895946,1.41461280361206,2000,6.36942675159236,181.818181818182,0.394904458598726,176,314,0.560509554140127,8,0,0,0,0.404040404040404,0.191387559808612,314,2000,6.36942675159236,100,103,103,98,98,65,93,84,65,93,87,93,"P5"
"61","Georgia","fbs","SEC",2016,4035010,"Marshall Long",1,1,11,1,4.96935734796837,4.96935734796837,4.96935734796837,29,29,29,1,1,1,1,0,0,0,0,0,0,1,29,29,NA,NA,NA,NA,NA,NA,NA,NA,NA,NA,NA,NA,"P5"
"61","Georgia","fbs","SEC",2016,4035015,"Riley Ridley",1,1,11,1,3.2739568185655,3.2739568185655,3.2739568185655,14,14,14,1,1,1,1,1,0,0,0,0.0175,0.0175,1,14,14,NA,NA,NA,NA,NA,NA,NA,NA,NA,NA,NA,NA,"P5"
"62","Hawai'i","fbs","Mountain West",2016,532976,"Ikaika Woolsey",78,3,12,26,4.60934011121174,0.0590941039898941,1.53644670373725,467,5.98717948717949,155.666666666667,0.397435897435897,42,78,0.538461538461538,1,0,0,0,0.194583333333333,0.0972916666666667,78,467,5.98717948717949,NA,NA,NA,NA,NA,NA,NA,NA,NA,NA,NA,NA,"G5"
"62","Hawai'i","fbs","Mountain West",2016,547170,"Keelan Ewaliko",1,1,12,1,4.53810917551883,4.53810917551883,4.53810917551883,56,56,56,1,1,1,1,1,0,0,0,0.07,0.07,1,56,56,NA,NA,NA,NA,NA,NA,NA,NA,NA,NA,NA,NA,"G5"
"62","Hawai'i","fbs","Mountain West",2016,547172,"Diocemy Saint Juste",1,1,12,1,1.59166531772051,1.59166531772051,1.59166531772051,7,7,7,1,1,1,1,1,0,0,0,0.00875,0.00875,1,7,7,NA,NA,NA,NA,NA,NA,NA,NA,NA,NA,NA,NA,"G5"
"62","Hawai'i","fbs","Mountain West",2016,547195,"Marcus Kemp",1,1,12,1,3.50593240376165,3.50593240376165,3.50593240376165,39,39,39,1,1,1,1,1,0,0,0,0.04875,0.04875,1,39,39,NA,NA,NA,NA,NA,NA,NA,NA,NA,NA,NA,NA,"G5"
"62","Hawai'i","fbs","Mountain West",2016,3914916,"Aaron Zwahlen",13,1,12,13,2.929442160935,0.225341704687307,2.929442160935,89,6.84615384615385,89,0.307692307692308,7,13,0.538461538461538,0,0,0,0,0,0,13,89,6.84615384615385,NA,NA,NA,NA,NA,NA,NA,NA,NA,NA,NA,NA,"G5"
"62","Hawai'i","fbs","Mountain West",2016,3933064,"John Ursua",1,1,12,1,3.29567604492094,3.29567604492094,3.29567604492094,40,40,40,1,1,1,1,1,0,0,0,0.05,0.05,1,40,40,NA,NA,NA,NA,NA,NA,NA,NA,NA,NA,NA,NA,"G5"
"62","Hawai'i","fbs","Mountain West",2016,4038224,"Dru Brown",315,11,12,28.6363636363636,90.5129478283356,0.287342691518526,8.22844980257596,2363,7.5015873015873,214.818181818182,0.482539682539683,199,315,0.631746031746032,17,0,0,0,0.507209595959596,0.326063311688312,315,2363,7.5015873015873,35,42,37,24,27,43,51,61,43,51,57,48,"G5"
"66","Iowa State","fbs","Big 12",2016,545382,"Joel Lanning",138,10,11,13.8,7.83730906575943,0.0567920946794162,0.783730906575943,953,6.90579710144928,95.3,0.434782608695652,79,138,0.572463768115942,4,0,0,0,0.1906,0.0680714285714286,138,953,6.90579710144928,NA,NA,NA,NA,NA,NA,NA,NA,NA,NA,NA,NA,"P5"
"66","Iowa State","fbs","Big 12",2016,552119,"Kyle Kempt",2,1,11,2,1.39598466000647,0.697992330003234,1.39598466000647,15,7.5,15,0.5,2,2,1,0,0,0,0,0,0,2,15,7.5,NA,NA,NA,NA,NA,NA,NA,NA,NA,NA,NA,NA,"P5"
"66","Iowa State","fbs","Big 12",2016,559568,"Jacob Park",221,10,11,22.1,67.464428682817,0.305268908067045,6.7464428682817,1791,8.10407239819004,179.1,0.475113122171946,133,221,0.601809954751131,12,0,0,0,0.413307692307692,0.244227272727273,221,1791,8.10407239819004,54,56,30,32,68,75,30,86,75,30,81,71,"P5"
"66","Iowa State","fbs","Big 12",2016,3128390,"Allen Lazard",1,1,11,1,2.57369407739062,2.57369407739062,2.57369407739062,17,17,17,1,1,1,1,1,0,0,0,0.02125,0.02125,1,17,17,NA,NA,NA,NA,NA,NA,NA,NA,NA,NA,NA,NA,"P5"
"66","Iowa State","fbs","Big 12",2016,3139154,"Trever Ryen",1,1,11,1,3.01847717305845,3.01847717305845,3.01847717305845,35,35,35,1,1,1,1,1,0,0,0,0.04375,0.04375,1,35,35,NA,NA,NA,NA,NA,NA,NA,NA,NA,NA,NA,NA,"P5"
"66","Iowa State","fbs","Big 12",2016,4035524,"Deshaunte Jones",1,1,11,1,2.62508903742184,2.62508903742184,2.62508903742184,10,10,10,1,1,1,1,0,0,0,0,0,0,1,10,10,NA,NA,NA,NA,NA,NA,NA,NA,NA,NA,NA,NA,"P5"
"68","Boise State","fbs","Mountain West",2016,531760,"Ben Weaver",1,1,12,1,-1.70153039712232,-1.70153039712232,-1.70153039712232,6,6,6,0,1,1,1,0,0,0,0,0,0,1,6,6,NA,NA,NA,NA,NA,NA,NA,NA,NA,NA,NA,NA,"G5"
"68","Boise State","fbs","Mountain West",2016,546224,"Thomas Sperbeck",4,4,12,1,11.61987386474,2.904968466185,2.904968466185,104,26,26,1,4,4,1,4,0,0,0,0.052,0.0325,4,104,26,NA,NA,NA,NA,NA,NA,NA,NA,NA,NA,NA,NA,"G5"
"68","Boise State","fbs","Mountain West",2016,546287,"Alec Dhaenens",1,1,12,1,3.18583307697676,3.18583307697676,3.18583307697676,5,5,5,1,1,1,1,1,0,0,0,0.00625,0.00625,1,5,5,NA,NA,NA,NA,NA,NA,NA,NA,NA,NA,NA,NA,"G5"
"68","Boise State","fbs","Mountain West",2016,3124371,"Thomas Stuart",5,3,12,1.66666666666667,3.14569036283125,0.62913807256625,1.04856345427708,50,10,16.6666666666667,0.6,3,5,0.6,0,0,0,0,0,0,5,50,10,NA,NA,NA,NA,NA,NA,NA,NA,NA,NA,NA,NA,"G5"
"68","Boise State","fbs","Mountain West",2016,3127586,"Jeremy McNichols",1,1,12,1,7.58360701884693,7.58360701884693,7.58360701884693,76,76,76,1,1,1,1,1,0,0,0,0.095,0.095,1,76,76,NA,NA,NA,NA,NA,NA,NA,NA,NA,NA,NA,NA,"G5"
"68","Boise State","fbs","Mountain West",2016,3722362,"Brett Rypien",329,12,12,27.4166666666667,128.951762489438,0.391950645864552,10.7459802074531,3145,9.55927051671732,262.083333333333,0.513677811550152,204,329,0.620060790273556,17,0,0,0,0.61880787037037,0.384087643678161,329,3145,9.55927051671732,13,21,11,10,43.5,12,5,21,12,5,21,28,"G5"
"68","Boise State","fbs","Mountain West",2016,4036335,"Cedrick Wilson",5,4,12,1.25,16.597740669187,3.31954813383739,4.14943516729674,171,34.2,42.75,1,5,5,1,4,0,0,0,0.0855,0.0534375,5,171,34.2,NA,NA,NA,NA,NA,NA,NA,NA,NA,NA,NA,NA,"G5"
"70","Idaho","fbs","Sun Belt",2016,531186,"Deon Watson",1,1,9,1,3.61750578673551,3.61750578673551,3.61750578673551,17,17,17,1,1,1,1,1,0,0,0,0.02125,0.02125,1,17,17,NA,NA,NA,NA,NA,NA,NA,NA,NA,NA,NA,NA,"G5"
"70","Idaho","fbs","Sun Belt",2016,553226,"Trent Cowan",2,2,9,1,4.24450293262504,2.12225146631252,2.12225146631252,36,18,18,1,2,2,1,2,0,0,0,0.03,0.0225,2,36,18,NA,NA,NA,NA,NA,NA,NA,NA,NA,NA,NA,NA,"G5"
"70","Idaho","fbs","Sun Belt",2016,553235,"Matt Linehan",280,9,9,31.1111111111111,52.3907903016898,0.187109965363178,5.82119892240998,1932,6.9,214.666666666667,0.485714285714286,175,280,0.625,5,0,0,0,0.447222222222222,0.191666666666667,280,1932,6.9,65,61,70,22,34,70,74,62,70,74,67,92,"G5"
"70","Idaho","fbs","Sun Belt",2016,3124884,"Gunnar Amos",7,2,9,3.5,-2.01251192636538,-0.287501703766483,-1.00625596318269,29,4.14285714285714,14.5,0.285714285714286,2,7,0.285714285714286,0,0,0,0,0,0,7,29,4.14285714285714,NA,NA,NA,NA,NA,NA,NA,NA,NA,NA,NA,NA,"G5"
"70","Idaho","fbs","Sun Belt",2016,3918087,"Callen Hightower",1,1,9,1,5.17625465640005,5.17625465640005,5.17625465640005,41,41,41,1,1,1,1,1,0,0,0,0.05125,0.05125,1,41,41,NA,NA,NA,NA,NA,NA,NA,NA,NA,NA,NA,NA,"G5"
"70","Idaho","fbs","Sun Belt",2016,4048933,"Mason Petrino",6,2,9,3,-4.5598958688895,-0.759982644814917,-2.27994793444475,21,3.5,10.5,0,4,6,0.666666666666667,0,0,0,0,0,0,6,21,3.5,NA,NA,NA,NA,NA,NA,NA,NA,NA,NA,NA,NA,"G5"
"77","Northwestern","fbs","Big Ten",2016,533308,"Austin Carr",1,1,11,1,4.22829120531565,4.22829120531565,4.22829120531565,13,13,13,1,1,1,1,1,0,0,0,0.01625,0.01625,1,13,13,NA,NA,NA,NA,NA,NA,NA,NA,NA,NA,NA,NA,"P5"
"77","Northwestern","fbs","Big Ten",2016,533320,"Matt Micucci",1,1,11,1,-2.45423341051129,-2.45423341051129,-2.45423341051129,0,0,0,0,0,1,0,0,0,0,0,0,0,1,0,0,NA,NA,NA,NA,NA,NA,NA,NA,NA,NA,NA,NA,"P5"
"77","Northwestern","fbs","Big Ten",2016,533321,"Jack Mitchell",1,1,11,1,-1.71498230490802,-1.71498230490802,-1.71498230490802,2,2,2,0,1,1,1,0,0,0,0,0,0,1,2,2,NA,NA,NA,NA,NA,NA,NA,NA,NA,NA,NA,NA,"P5"
"77","Northwestern","fbs","Big Ten",2016,533331,"Andrew Scanlan",1,1,11,1,-0.791346292601263,-0.791346292601263,-0.791346292601263,0,0,0,0,0,1,0,0,0,0,0,0,0,1,0,0,NA,NA,NA,NA,NA,NA,NA,NA,NA,NA,NA,NA,"P5"
"77","Northwestern","fbs","Big Ten",2016,546734,"Matt Alviti",1,1,11,1,-0.787512557688712,-0.787512557688712,-0.787512557688712,2,2,2,0,1,1,1,0,0,0,0,0,0,1,2,2,NA,NA,NA,NA,NA,NA,NA,NA,NA,NA,NA,NA,"P5"
"77","Northwestern","fbs","Big Ten",2016,3116144,"Clayton Thorson",393,11,11,35.7272727272727,116.13395442948,0.295506245367632,10.5576322208618,2764,7.03307888040712,251.272727272727,0.470737913486005,239,393,0.608142493638677,19,0,0,0,0.596772727272727,0.397848484848485,393,2764,7.03307888040712,21,23,34,35,60,25,70,30,25,70,28,23,"P5"
"8","Arkansas","fbs","SEC",2016,535877,"Keon Hatcher",3,2,11,1.5,11.5058729019524,3.83529096731748,5.75293645097622,41,13.6666666666667,20.5,1,3,3,1,3,0,0,0,0.0384375,0.03075,3,41,13.6666666666667,NA,NA,NA,NA,NA,NA,NA,NA,NA,NA,NA,NA,"P5"
"8","Arkansas","fbs","SEC",2016,535889,"Jeremy Sprinkle",1,1,11,1,2.88989327460428,2.88989327460428,2.88989327460428,24,24,24,1,1,1,1,1,0,0,0,0.03,0.03,1,24,24,NA,NA,NA,NA,NA,NA,NA,NA,NA,NA,NA,NA,"P5"
"8","Arkansas","fbs","SEC",2016,547206,"Austin Allen",329,11,11,29.9090909090909,130.100830698351,0.395443254402281,11.8273482453046,2789,8.47720364741641,253.545454545455,0.486322188449848,204,329,0.620060790273556,11,0,0,0,0.581041666666667,0.316931818181818,329,2789,8.47720364741641,12,12,10,21,43.5,23,17,28,23,17,35,50,"P5"
"8","Arkansas","fbs","SEC",2016,547232,"Drew Morgan",2,2,11,1,6.61760906752357,3.30880453376178,3.30880453376178,20,10,10,1,2,2,1,2,0,0,0,0.0166666666666667,0.0125,2,20,10,NA,NA,NA,NA,NA,NA,NA,NA,NA,NA,NA,NA,"P5"
"8","Arkansas","fbs","SEC",2016,559629,"Jared Cornelius",1,1,11,1,2.223338810388,2.223338810388,2.223338810388,5,5,5,1,1,1,1,1,0,0,0,0.00625,0.00625,1,5,5,NA,NA,NA,NA,NA,NA,NA,NA,NA,NA,NA,NA,"P5"
"8","Arkansas","fbs","SEC",2016,3886621,"Ty Storey",4,2,11,2,-2.32853398917666,-0.582133497294165,-1.16426699458833,3,0.75,1.5,0,1,4,0.25,0,0,0,0,0,0,4,3,0.75,NA,NA,NA,NA,NA,NA,NA,NA,NA,NA,NA,NA,"P5"
"8","Arkansas","fbs","SEC",2016,3916914,"Dominique Reed",1,1,11,1,6.75123947362934,6.75123947362934,6.75123947362934,44,44,44,1,1,1,1,1,0,0,0,0.055,0.055,1,44,44,NA,NA,NA,NA,NA,NA,NA,NA,NA,NA,NA,NA,"P5"
"8","Arkansas","fbs","SEC",2016,3916921,"Rawleigh Williams III",1,1,11,1,2.55378399774124,2.55378399774124,2.55378399774124,1,1,1,1,1,1,1,1,0,0,0,0.00125,0.00125,1,1,1,NA,NA,NA,NA,NA,NA,NA,NA,NA,NA,NA,NA,"P5"
"84","Indiana","fbs","Big Ten",2016,535812,"Ricky Jones",1,1,12,1,2.85501225581922,2.85501225581922,2.85501225581922,22,22,22,1,1,1,1,1,0,0,0,0.0275,0.0275,1,22,22,NA,NA,NA,NA,NA,NA,NA,NA,NA,NA,NA,NA,"P5"
"84","Indiana","fbs","Big Ten",2016,535819,"Mitchell Paige",2,2,12,1,0.858222776470184,0.429111388235092,0.429111388235092,15,7.5,7.5,0.5,1,2,0.5,1,0,0,0,0.009375,0.00625,2,15,7.5,NA,NA,NA,NA,NA,NA,NA,NA,NA,NA,NA,NA,"P5"
"84","Indiana","fbs","Big Ten",2016,546687,"Richard Lagow",383,12,12,31.9166666666667,131.465702805607,0.3432524877431,10.9554752338006,3144,8.2088772845953,262,0.475195822454308,238,383,0.621409921671018,17,0,0,0,0.618611111111111,0.383965517241379,383,3144,8.2088772845953,11,19,20,31,40,13,27,22,13,27,22,29,"P5"
"84","Indiana","fbs","Big Ten",2016,3128254,"Zander Diamont",13,6,12,2.16666666666667,3.57282890838125,0.274832992952403,0.595471484730208,156,12,26,0.538461538461538,8,13,0.615384615384615,0,0,0,0,0,0,13,156,12,NA,NA,NA,NA,NA,NA,NA,NA,NA,NA,NA,NA,"P5"
"84","Indiana","fbs","Big Ten",2016,4045298,"Tyler Natee",1,1,12,1,-2.76517565884366,-2.76517565884366,-2.76517565884366,0,0,0,0,0,1,0,0,0,0,0,0,0,1,0,0,NA,NA,NA,NA,NA,NA,NA,NA,NA,NA,NA,NA,"P5"
"87","Notre Dame","fbs","FBS Independents",2016,550947,"Torii Hunter Jr.",1,1,12,1,-0.877664398107889,-0.877664398107889,-0.877664398107889,0,0,0,0,0,1,0,0,0,0,0,0,0,1,0,0,NA,NA,NA,NA,NA,NA,NA,NA,NA,NA,NA,NA,"P5"
"87","Notre Dame","fbs","FBS Independents",2016,550966,"Durham Smythe",1,1,12,1,3.43691284074025,3.43691284074025,3.43691284074025,12,12,12,1,1,1,1,1,0,0,0,0.015,0.015,1,12,12,NA,NA,NA,NA,NA,NA,NA,NA,NA,NA,NA,NA,"P5"
"87","Notre Dame","fbs","FBS Independents",2016,550967,"Malik Zaire",22,6,12,3.66666666666667,-4.84194956764451,-0.220088616711114,-0.806991594607419,107,4.86363636363636,17.8333333333333,0.454545454545455,10,22,0.454545454545455,0,0,0,0,0,0,22,107,4.86363636363636,NA,NA,NA,NA,NA,NA,NA,NA,NA,NA,NA,NA,"P5"
"87","Notre Dame","fbs","FBS Independents",2016,3129302,"DeShone Kizer",348,12,12,29,110.266638485983,0.316858156568915,9.18888654049854,2894,8.31609195402299,241.166666666667,0.471264367816092,210,348,0.603448275862069,23,0,0,0,0.577795138888889,0.396202380952381,348,2894,8.31609195402299,26,32,25,34,64,20,23,38,20,23,36,24,"P5"
"87","Notre Dame","fbs","FBS Independents",2016,3932429,"Chris Finke",2,1,12,2,-0.994261899401446,-0.497130949700723,-0.994261899401446,4,2,4,0,1,2,0.5,0,0,0,0,0,0,2,4,2,NA,NA,NA,NA,NA,NA,NA,NA,NA,NA,NA,NA,"P5"
"87","Notre Dame","fbs","FBS Independents",2016,3932442,"Equanimeous St. Brown",2,2,12,1,9.52100062139845,4.76050031069922,4.76050031069922,30,15,15,1,2,2,1,2,0,0,0,0.025,0.01875,2,30,15,NA,NA,NA,NA,NA,NA,NA,NA,NA,NA,NA,NA,"P5"
"9","Arizona State","fbs","Pac-12",2016,3128774,"Kalen Ballage",4,3,11,1.33333333333333,0.307367906152094,0.0768419765380234,0.102455968717365,30,7.5,10,0.5,3,4,0.75,1,0,0,0,0.0125,0.00625,4,30,7.5,NA,NA,NA,NA,NA,NA,NA,NA,NA,NA,NA,NA,"P5"
"9","Arizona State","fbs","Pac-12",2016,3128785,"Jalen Harvey",2,1,11,2,0.0467101781467876,0.0233550890733938,0.0467101781467876,17,8.5,17,0.5,1,2,0.5,0,0,0,0,0,0,2,17,8.5,NA,NA,NA,NA,NA,NA,NA,NA,NA,NA,NA,NA,"P5"
"9","Arizona State","fbs","Pac-12",2016,3128800,"Demario Richard",1,1,11,1,-0.538818989627854,-0.538818989627854,-0.538818989627854,2,2,2,0,1,1,1,0,0,0,0,0,0,1,2,2,NA,NA,NA,NA,NA,NA,NA,NA,NA,NA,NA,NA,"P5"
"9","Arizona State","fbs","Pac-12",2016,3128814,"Manny Wilkins",272,9,11,30.2222222222222,71.6630786182981,0.263467200802567,7.96256429092201,2085,7.66544117647059,231.666666666667,0.455882352941176,173,272,0.636029411764706,8,0,0,0,0.514814814814815,0.272549019607843,272,2085,7.66544117647059,49,45,45,49,24,60,41,46,60,41,55,61,"P5"
"9","Arizona State","fbs","Pac-12",2016,3676004,"Jay Jay Wilson",2,1,11,2,11.1499517799999,5.57497588999995,11.1499517799999,27,13.5,27,1,2,2,1,2,0,0,0,0.045,0.045,2,27,13.5,NA,NA,NA,NA,NA,NA,NA,NA,NA,NA,NA,NA,"P5"
"9","Arizona State","fbs","Pac-12",2016,3893630,"Brady White",48,2,11,24,-2.06246372930623,-0.0429679943605464,-1.03123186465311,259,5.39583333333333,129.5,0.333333333333333,25,48,0.520833333333333,2,0,0,0,0.215833333333333,0.161875,48,259,5.39583333333333,NA,NA,NA,NA,NA,NA,NA,NA,NA,NA,NA,NA,"P5"
"9","Arizona State","fbs","Pac-12",2016,3915403,"Tim White",1,1,11,1,4.70539573121776,4.70539573121776,4.70539573121776,21,21,21,1,1,1,1,1,0,0,0,0.02625,0.02625,1,21,21,NA,NA,NA,NA,NA,NA,NA,NA,NA,NA,NA,NA,"P5"
"9","Arizona State","fbs","Pac-12",2016,4047839,"N'Keal Harry",3,2,11,1.5,4.79277544197799,1.59759181399266,2.39638772098899,62,20.6666666666667,31,0.666666666666667,2,3,0.666666666666667,1,0,0,0,0.03875,0.0258333333333333,3,62,20.6666666666667,NA,NA,NA,NA,NA,NA,NA,NA,NA,NA,NA,NA,"P5"
"9","Arizona State","fbs","Pac-12",2016,4047850,"Jack Smith",1,1,11,1,3.28600199590949,3.28600199590949,3.28600199590949,40,40,40,1,1,1,1,0,0,0,0,0,0,1,40,40,NA,NA,NA,NA,NA,NA,NA,NA,NA,NA,NA,NA,"P5"
"9","Arizona State","fbs","Pac-12",2016,4047852,"Dillon Sterling-Cole",51,2,11,25.5,6.02317809890774,0.118101531351132,3.01158904945387,378,7.41176470588235,189,0.411764705882353,28,51,0.549019607843137,1,0,0,0,0.23625,0.1575,51,378,7.41176470588235,NA,NA,NA,NA,NA,NA,NA,NA,NA,NA,NA,NA,"P5"
"96","Kentucky","fbs","SEC",2016,551103,"Jojo Kemp",1,1,11,1,1.15482839289554,1.15482839289554,1.15482839289554,14,14,14,1,1,1,1,0,0,0,0,0,0,1,14,14,NA,NA,NA,NA,NA,NA,NA,NA,NA,NA,NA,NA,"P5"
"96","Kentucky","fbs","SEC",2016,557882,"Stephen Johnson",211,10,11,21.1,23.7381851303311,0.11250324706318,2.37381851303311,1561,7.39810426540284,156.1,0.383886255924171,117,211,0.554502369668246,7,0,0,0,0.34146875,0.160691176470588,211,1561,7.39810426540284,93,96,89,103,101,94,54,102,94,54,101,101,"P5"
"96","Kentucky","fbs","SEC",2016,559621,"Drew Barker",31,3,11,10.3333333333333,8.45838605328626,0.272851163009234,2.81946201776209,334,10.7741935483871,111.333333333333,0.32258064516129,18,31,0.580645161290323,4,0,0,0,0.222666666666667,0.159047619047619,31,334,10.7741935483871,NA,NA,NA,NA,NA,NA,NA,NA,NA,NA,NA,NA,"P5"
"96","Kentucky","fbs","SEC",2016,3126325,"Dorian Baker",1,1,11,1,4.48153783323171,4.48153783323171,4.48153783323171,35,35,35,1,1,1,1,1,0,0,0,0.04375,0.04375,1,35,35,NA,NA,NA,NA,NA,NA,NA,NA,NA,NA,NA,NA,"P5"
"96","Kentucky","fbs","SEC",2016,3126329,"Garrett Johnson",2,1,11,2,12.5303506190255,6.26517530951276,12.5303506190255,138,69,138,1,2,2,1,2,0,0,0,0.23,0.23,2,138,69,NA,NA,NA,NA,NA,NA,NA,NA,NA,NA,NA,NA,"P5"
"96","Kentucky","fbs","SEC",2016,4035072,"Benny Snell Jr.",2,2,11,1,0.529165386540444,0.264582693270222,0.264582693270222,-3,-1.5,-1.5,0.5,1,2,0.5,0,0,0,0,0,0,2,-3,-1.5,NA,NA,NA,NA,NA,NA,NA,NA,NA,NA,NA,NA,"P5"
"96","Kentucky","fbs","SEC",2016,4035078,"Tristan Yeomans",1,1,11,1,-3.82738162537214,-3.82738162537214,-3.82738162537214,-10,-10,-10,0,1,1,1,0,0,0,0,0,0,1,-10,-10,NA,NA,NA,NA,NA,NA,NA,NA,NA,NA,NA,NA,"P5"
"97","Louisville","fbs","ACC",2016,529568,"Cole Hikutini",3,3,12,1,11.6335955159336,3.87786517197788,3.87786517197788,39,13,13,1,3,3,1,3,0,0,0,0.024375,0.01625,3,39,13,NA,NA,NA,NA,NA,NA,NA,NA,NA,NA,NA,NA,"P5"
"97","Louisville","fbs","ACC",2016,545559,"Kyle Bolin",26,4,12,6.5,10.9644586197821,0.421709946914697,2.74111465494553,234,9,58.5,0.615384615384615,18,26,0.692307692307692,2,0,0,0,0.0975,0.04875,26,234,9,NA,NA,NA,NA,NA,NA,NA,NA,NA,NA,NA,NA,"P5"
"97","Louisville","fbs","ACC",2016,552922,"Jamari Staples",1,1,12,1,3.66903018508971,3.66903018508971,3.66903018508971,16,16,16,1,1,1,1,1,0,0,0,0.02,0.02,1,16,16,NA,NA,NA,NA,NA,NA,NA,NA,NA,NA,NA,NA,"P5"
"97","Louisville","fbs","ACC",2016,3116642,"Reggie Bonnafon",1,1,12,1,2.44135882973567,2.44135882973567,2.44135882973567,18,18,18,1,1,1,1,1,0,0,0,0.0225,0.0225,1,18,18,NA,NA,NA,NA,NA,NA,NA,NA,NA,NA,NA,NA,"P5"
"97","Louisville","fbs","ACC",2016,3916387,"Lamar Jackson",366,12,12,30.5,112.425962301676,0.307174760387094,9.36883019180637,3234,8.83606557377049,269.5,0.494535519125683,213,366,0.581967213114754,24,0,0,0,0.6468,0.449166666666667,366,3234,8.83606557377049,24,30,28,18,85.5,10,12,17,10,12,16,15,"P5"
"97","Louisville","fbs","ACC",2016,3916418,"Jaylen Smith",1,1,12,1,5.16760738654307,5.16760738654307,5.16760738654307,74,74,74,1,1,1,1,1,0,0,0,0.0925,0.0925,1,74,74,NA,NA,NA,NA,NA,NA,NA,NA,NA,NA,NA,NA,"P5"
"98","Western Kentucky","fbs","Conference USA",2016,545637,"Tyler Ferguson",34,8,12,4.25,-3.91149086318913,-0.115043848917327,-0.488936357898641,185,5.44117647058824,23.125,0.264705882352941,15,34,0.441176470588235,3,0,0,0,0.043359375,0.0157670454545455,34,185,5.44117647058824,NA,NA,NA,NA,NA,NA,NA,NA,NA,NA,NA,NA,"G5"
"98","Western Kentucky","fbs","Conference USA",2016,549804,"Mike White",328,12,12,27.3333333333333,157.855653827614,0.48126723727931,13.1546378189678,3424,10.4390243902439,285.333333333333,0.539634146341463,220,328,0.670731707317073,30,0,0,0,0.690322580645161,0.509523809523809,328,3424,10.4390243902439,5,6,5,6,10,7,2,12,7,2,10,7,"G5"
"98","Western Kentucky","fbs","Conference USA",2016,3124776,"Nacarius Fant",1,1,12,1,-0.59342843969466,-0.59342843969466,-0.59342843969466,0,0,0,0,0,1,0,0,0,0,0,0,0,1,0,0,NA,NA,NA,NA,NA,NA,NA,NA,NA,NA,NA,NA,"G5"
"98","Western Kentucky","fbs","Conference USA",2016,3124782,"Drew Eckels",10,4,12,2.5,4.95869529530818,0.495869529530818,1.23967382382705,109,10.9,27.25,0.3,5,10,0.5,2,0,0,0,0.0454166666666667,0.0227083333333333,10,109,10.9,NA,NA,NA,NA,NA,NA,NA,NA,NA,NA,NA,NA,"G5"
"99","LSU","fbs","SEC",2016,550170,"Danny Etling",220,9,10,24.4444444444444,65.1858387225507,0.296299266920685,7.2428709691723,1733,7.87727272727273,192.555555555556,0.463636363636364,135,220,0.613636363636364,7,0,0,0,0.421215277777778,0.210607638888889,220,1733,7.87727272727273,56,52,33,44,55,82,35,75,82,35,77,84,"P5"
"99","LSU","fbs","SEC",2016,559613,"D.J. Chark",1,1,10,1,4.81642068139301,4.81642068139301,4.81642068139301,37,37,37,1,1,1,1,1,0,0,0,0.04625,0.04625,1,37,37,NA,NA,NA,NA,NA,NA,NA,NA,NA,NA,NA,NA,"P5"
"99","LSU","fbs","SEC",2016,559751,"Brandon Harris",19,1,10,19,-0.784675433829849,-0.0412987070436762,-0.784675433829849,131,6.89473684210526,131,0.473684210526316,12,19,0.631578947368421,1,0,0,0,0.16375,0.16375,19,131,6.89473684210526,NA,NA,NA,NA,NA,NA,NA,NA,NA,NA,NA,NA,"P5"
"99","LSU","fbs","SEC",2016,559752,"Leonard Fournette",1,1,10,1,-0.684523983656251,-0.684523983656251,-0.684523983656251,0,0,0,0,0,1,0,0,0,0,0,0,0,1,0,0,NA,NA,NA,NA,NA,NA,NA,NA,NA,NA,NA,NA,"P5"
"99","LSU","fbs","SEC",2016,559754,"Malachi Dupre",1,1,10,1,-0.497917783617267,-0.497917783617267,-0.497917783617267,0,0,0,0,0,1,0,0,0,0,0,0,0,1,0,0,NA,NA,NA,NA,NA,NA,NA,NA,NA,NA,NA,NA,"P5"
"99","LSU","fbs","SEC",2016,3843725,"Josh Growden",1,1,10,1,-2.2520390951876,-2.2520390951876,-2.2520390951876,0,0,0,0,0,1,0,0,0,0,0,0,0,1,0,0,NA,NA,NA,NA,NA,NA,NA,NA,NA,NA,NA,NA,"P5"
