"team_id","pos_team","division","conference","season","player_id","receiver_player_name","plays","games","team_games","playsgame","TEPA","EPAplay","EPAgame","yards","yardsplay","yardsgame","success","comp","targets","catchpct","passing_td","fumbles","TEPA_rank","EPAgame_rank","EPAplay_rank","success_rank","catchpct_rank","yards_rank","yardsplay_rank","yardsgame_rank","fbs_class"
"103","Boston College","fbs","ACC",2017,547240,"Charlie Callinan",14,5,12,2.8,10.3999196371255,0.742851402651818,2.07998392742509,114,8.14285714285714,22.8,0.642857142857143,11,14,0.785714285714286,2,0,NA,NA,NA,NA,NA,NA,NA,NA,"P5"
"103","Boston College","fbs","ACC",2017,3122799,"Jon Hilliman",30,11,12,2.72727272727273,0.425363833392768,0.0141787944464256,0.0386694393993425,136,4.53333333333333,12.3636363636364,0.333333333333333,21,30,0.7,1,0,546,546,545,591,238.5,585.5,604,607,"P5"
"103","Boston College","fbs","ACC",2017,3122817,"Thadd Smith",4,3,12,1.33333333333333,1.60710686283257,0.401776715708144,0.535702287610858,42,10.5,14,0.25,1,4,0.25,1,0,NA,NA,NA,NA,NA,NA,NA,NA,"P5"
"103","Boston College","fbs","ACC",2017,3122818,"Tommy Sweeney",53,11,12,4.81818181818182,12.5001422564438,0.235851740687618,1.13637656876761,374,7.05660377358491,34,0.452830188679245,29,53,0.547169811320755,3,0,371,407,423,449,554,281.5,443,361,"P5"
"103","Boston College","fbs","ACC",2017,3915289,"Ben Glines",3,3,12,1,0.555739910601822,0.185246636867274,0.185246636867274,14,4.66666666666667,4.66666666666667,0.666666666666667,2,3,0.666666666666667,0,0,NA,NA,NA,NA,NA,NA,NA,NA,"P5"
"103","Boston College","fbs","ACC",2017,3915296,"Michael Walker",29,9,12,3.22222222222222,-0.414595751366429,-0.014296405219532,-0.0460661945962699,177,6.10344827586207,19.6666666666667,0.379310344827586,20,29,0.689655172413793,1,0,552,551,556,552,258.5,547.5,520,556.5,"P5"
"103","Boston College","fbs","ACC",2017,3915307,"Chris Garrison",17,8,12,2.125,13.1138144358768,0.771400849169223,1.6392268044846,152,8.94117647058824,19,0.705882352941177,15,17,0.882352941176471,1,0,NA,NA,NA,NA,NA,NA,NA,NA,"P5"
"103","Boston College","fbs","ACC",2017,3915308,"Jake Burt",1,1,12,1,0.0364079186841058,0.0364079186841058,0.0364079186841058,5,5,5,1,1,1,1,0,0,NA,NA,NA,NA,NA,NA,NA,NA,"P5"
"103","Boston College","fbs","ACC",2017,3929118,"Jeff Smith",47,12,12,3.91666666666667,-1.95419240604114,-0.0415785618306626,-0.162849367170095,275,5.85106382978723,22.9166666666667,0.361702127659574,23,47,0.48936170212766,0,0,571,567,566,568,601,394.5,540,516,"P5"
"103","Boston College","fbs","ACC",2017,3939936,"Davon Jones",2,1,12,2,-0.390623163392963,-0.195311581696482,-0.390623163392963,9,4.5,9,0,2,2,1,0,0,NA,NA,NA,NA,NA,NA,NA,NA,"P5"
"103","Boston College","fbs","ACC",2017,4035312,"Anthony Brown",2,2,12,1,5.68239113310165,2.84119556655083,2.84119556655083,28,14,14,1,2,2,1,2,0,NA,NA,NA,NA,NA,NA,NA,NA,"P5"
"103","Boston College","fbs","ACC",2017,4035333,"Korab Idrizi",5,3,12,1.66666666666667,1.94123042037452,0.388246084074905,0.647076806791508,32,6.4,10.6666666666667,0.6,4,5,0.8,0,0,NA,NA,NA,NA,NA,NA,NA,NA,"P5"
"103","Boston College","fbs","ACC",2017,4035347,"Kobay White",56,11,12,5.09090909090909,4.39131593051082,0.078416355901979,0.399210539137348,396,7.07142857142857,36,0.357142857142857,32,56,0.571428571428571,2,0,504,511,521,571.5,525.5,262.5,441,337.5,"P5"
"103","Boston College","fbs","ACC",2017,4035362,"Ray Marten",5,4,12,1.25,5.6868982677331,1.13737965354662,1.42172456693328,42,8.4,10.5,0.6,5,5,1,1,0,NA,NA,NA,NA,NA,NA,NA,NA,"P5"
"103","Boston College","fbs","ACC",2017,4239941,"Travis Levy",16,8,12,2,6.71361863021428,0.419601164388393,0.839202328776785,152,9.5,19,0.5,14,16,0.875,1,1,NA,NA,NA,NA,NA,NA,NA,NA,"P5"
"113","Massachusetts","fbs","FBS Independents",2017,545635,"Adam Breneman",84,10,11,8.4,38.9659959638411,0.463880904331442,3.89659959638411,691,8.22619047619048,69.1,0.583333333333333,58,84,0.69047619047619,4,1,76,78,237,133.5,254.5,69,304,65,"G5"
"113","Massachusetts","fbs","FBS Independents",2017,3116772,"Andrew Ford",1,1,11,1,5.9141916619883,5.9141916619883,5.9141916619883,19,19,19,1,1,1,1,1,0,NA,NA,NA,NA,NA,NA,NA,NA,"G5"
"113","Massachusetts","fbs","FBS Independents",2017,3125927,"Ross Comis",1,1,11,1,2.05315158296772,2.05315158296772,2.05315158296772,8,8,8,1,1,1,1,0,0,NA,NA,NA,NA,NA,NA,NA,NA,"G5"
"113","Massachusetts","fbs","FBS Independents",2017,3914324,"Marquis Young",44,11,11,4,-0.0441905785424356,-0.0010043313305099,-0.0040173253220396,237,5.38636363636364,21.5454545454545,0.363636363636364,33,44,0.75,1,0,550,550,550,564,143.5,465.5,574,532,"G5"
"113","Massachusetts","fbs","FBS Independents",2017,3914328,"Andy Isabella",96,11,11,8.72727272727273,34.3965396626835,0.358297288152953,3.12695815115304,867,9.03125,78.8181818181818,0.5,57,96,0.59375,7,2,110,130,324,335,489,30,224,41,"G5"
"113","Massachusetts","fbs","FBS Independents",2017,3914344,"Travis Reynolds",2,2,11,1,2.14486699389404,1.07243349694702,1.07243349694702,20,10,10,1,2,2,1,0,0,NA,NA,NA,NA,NA,NA,NA,NA,"G5"
"113","Massachusetts","fbs","FBS Independents",2017,3914348,"Kyle Horn",5,4,11,1.25,-2.45832665666842,-0.491665331333683,-0.614581664167104,30,6,7.5,0.4,3,5,0.6,0,0,NA,NA,NA,NA,NA,NA,NA,NA,"G5"
"113","Massachusetts","fbs","FBS Independents",2017,4044511,"Bilal Ally",4,4,11,1,-0.531830247201032,-0.132957561800258,-0.132957561800258,15,3.75,3.75,0.5,3,4,0.75,0,0,NA,NA,NA,NA,NA,NA,NA,NA,"G5"
"113","Massachusetts","fbs","FBS Independents",2017,4044520,"Brennon Dingle",26,8,11,3.25,19.1729101949529,0.737419622882803,2.39661377436911,307,11.8076923076923,38.375,0.692307692307692,19,26,0.730769230769231,4,1,241,211,79,19,173.5,357.5,49,306,"G5"
"113","Massachusetts","fbs","FBS Independents",2017,4044527,"Malik Lee",4,4,11,1,3.09750467403076,0.77437616850769,0.77437616850769,32,8,8,0.75,3,4,0.75,1,0,NA,NA,NA,NA,NA,NA,NA,NA,"G5"
"113","Massachusetts","fbs","FBS Independents",2017,4044533,"Nick Orekoya",3,3,11,1,1.40163143340387,0.46721047780129,0.46721047780129,38,12.6666666666667,12.6666666666667,0.333333333333333,2,3,0.666666666666667,1,0,NA,NA,NA,NA,NA,NA,NA,NA,"G5"
"113","Massachusetts","fbs","FBS Independents",2017,4044534,"Sadiq Palmer",53,9,11,5.88888888888889,19.1402403205822,0.361136609822306,2.12669336895358,478,9.0188679245283,53.1111111111111,0.566037735849057,34,53,0.641509433962264,1,1,243,235,319,184,372,182,225,152,"G5"
"113","Massachusetts","fbs","FBS Independents",2017,4256217,"Jessie Britt",37,9,11,4.11111111111111,26.2237928362661,0.708751157736921,2.91375475958512,370,10,41.1111111111111,0.540540540540541,25,37,0.675675675675676,2,0,166,154,91,240,294,283,139.5,265,"G5"
"113","Massachusetts","fbs","FBS Independents",2017,4256220,"Jacoby Herring",11,4,11,2.75,3.71832340178543,0.338029400162312,0.929580850446357,81,7.36363636363636,20.25,0.545454545454545,7,11,0.636363636363636,0,0,NA,NA,NA,NA,NA,NA,NA,NA,"G5"
"113","Massachusetts","fbs","FBS Independents",2017,4256237,"Jyvon Brown",2,1,11,2,-0.780742670833124,-0.390371335416562,-0.780742670833124,7,3.5,7,0.5,1,2,0.5,0,0,NA,NA,NA,NA,NA,NA,NA,NA,"G5"
"12","Arizona","fbs","Pac-12",2017,552010,"Jack Banda",1,1,11,1,0.595774950316194,0.595774950316194,0.595774950316194,10,10,10,1,1,1,1,0,0,NA,NA,NA,NA,NA,NA,NA,NA,"P5"
"12","Arizona","fbs","Pac-12",2017,3122553,"Tyrell Johnson",28,10,11,2.8,11.4674033026855,0.409550117953054,1.14674033026855,261,9.32142857142857,26.1,0.535714285714286,21,28,0.75,0,0,393,405,277,247.5,143.5,415,194,468.5,"P5"
"12","Arizona","fbs","Pac-12",2017,3133993,"Brandon Dawkins",3,1,11,3,9.76004932917816,3.25334977639272,9.76004932917816,39,13,39,1,3,3,1,3,0,NA,NA,NA,NA,NA,NA,NA,NA,"P5"
"12","Arizona","fbs","Pac-12",2017,3133995,"Cam Denson",1,1,11,1,-0.800483770689238,-0.800483770689238,-0.800483770689238,5,5,5,0,1,1,1,0,0,NA,NA,NA,NA,NA,NA,NA,NA,"P5"
"12","Arizona","fbs","Pac-12",2017,3133996,"Tony Ellison",44,9,11,4.88888888888889,23.1049023196341,0.525111416355321,2.56721136884824,417,9.47727272727273,46.3333333333333,0.545454545454545,28,44,0.636363636363636,2,0,198,185,191,229.5,385.5,233.5,179,208.5,"P5"
"12","Arizona","fbs","Pac-12",2017,3134012,"Nick Wilson",4,1,11,4,-4.10853697341549,-1.02713424335387,-4.10853697341549,6,1.5,6,0,1,4,0.25,0,0,NA,NA,NA,NA,NA,NA,NA,NA,"P5"
"12","Arizona","fbs","Pac-12",2017,3134013,"Trevor Wood",2,2,11,1,3.80563101279706,1.90281550639853,1.90281550639853,14,7,7,1,2,2,1,1,0,NA,NA,NA,NA,NA,NA,NA,NA,"P5"
"12","Arizona","fbs","Pac-12",2017,3931425,"Shun Brown",47,10,11,4.7,28.9354394689389,0.615647648275295,2.89354394689389,458,9.74468085106383,45.8,0.531914893617021,36,47,0.765957446808511,4,1,144,156,120,260,115.5,198.5,158,214.5,"P5"
"12","Arizona","fbs","Pac-12",2017,3931426,"Cedric Peterson",9,5,11,1.8,-0.494715591530837,-0.0549683990589819,-0.0989431183061674,52,5.77777777777778,10.4,0.444444444444444,7,9,0.777777777777778,0,0,NA,NA,NA,NA,NA,NA,NA,NA,"P5"
"12","Arizona","fbs","Pac-12",2017,4039599,"Devaughn Cooper",2,1,11,2,2.1923474334936,1.0961737167468,2.1923474334936,12,6,12,0.5,2,2,1,0,0,NA,NA,NA,NA,NA,NA,NA,NA,"P5"
"12","Arizona","fbs","Pac-12",2017,4039604,"Shawn Poindexter",26,9,11,2.88888888888889,4.69596105097343,0.180613886575901,0.521773450108159,223,8.57692307692308,24.7777777777778,0.5,14,26,0.538461538461538,0,0,498,494,469,335,567,487.5,266,494,"P5"
"12","Arizona","fbs","Pac-12",2017,4039607,"J.J. Taylor",10,7,11,1.42857142857143,2.04967614647572,0.204967614647572,0.29281087806796,44,4.4,6.28571428571429,0.4,9,10,0.9,1,0,NA,NA,NA,NA,NA,NA,NA,NA,"P5"
"12","Arizona","fbs","Pac-12",2017,4039630,"Jamie Nunley",8,4,11,2,9.90169719323116,1.23771214915389,2.47542429830779,159,19.875,39.75,0.625,6,8,0.75,1,0,NA,NA,NA,NA,NA,NA,NA,NA,"P5"
"12","Arizona","fbs","Pac-12",2017,4245703,"Bryce Wolma",29,10,11,2.9,14.2482519407846,0.491319032440849,1.42482519407846,218,7.51724137931035,21.8,0.620689655172414,26,29,0.896551724137931,0,0,339,360,225,73.5,7,503,396,528,"P5"
"120","Maryland","fbs","Big Ten",2017,550810,"Jermaine Carter Jr.",1,1,11,1,-1.05550302812612,-1.05550302812612,-1.05550302812612,0,0,0,0,0,1,0,0,0,NA,NA,NA,NA,NA,NA,NA,NA,"P5"
"120","Maryland","fbs","Big Ten",2017,550814,"Jacquille Veii",11,5,11,2.2,0.126360384549438,0.0114873076863126,0.0252720769098877,61,5.54545454545455,12.2,0.454545454545455,9,11,0.818181818181818,0,0,NA,NA,NA,NA,NA,NA,NA,NA,"P5"
"120","Maryland","fbs","Big Ten",2017,556878,"Taivon Jacobs",75,11,11,6.81818181818182,8.30645267766113,0.110752702368815,0.755132061605557,473,6.30666666666667,43,0.346666666666667,41,75,0.546666666666667,4,0,447,472,506,583,555,186,503,242,"P5"
"120","Maryland","fbs","Big Ten",2017,3128303,"Josh Woods",1,1,11,1,-0.66549718543196,-0.66549718543196,-0.66549718543196,0,0,0,0,0,1,0,0,0,NA,NA,NA,NA,NA,NA,NA,NA,"P5"
"120","Maryland","fbs","Big Ten",2017,3915405,"Michael Cornwell",1,1,11,1,0.0493272534310756,0.0493272534310756,0.0493272534310756,5,5,5,1,1,1,1,0,0,NA,NA,NA,NA,NA,NA,NA,NA,"P5"
"120","Maryland","fbs","Big Ten",2017,3915406,"Jahrvis Davenport",22,8,11,2.75,-7.54274969771213,-0.342852258986915,-0.942843712214016,123,5.59090909090909,15.375,0.409090909090909,13,22,0.590909090909091,0,1,604,603,610,520,495.5,599,560,593,"P5"
"120","Maryland","fbs","Big Ten",2017,3915411,"Ty Johnson",6,4,11,1.5,6.26767313959065,1.04461218993178,1.56691828489766,60,10,15,0.666666666666667,5,6,0.833333333333333,1,0,NA,NA,NA,NA,NA,NA,NA,NA,"P5"
"120","Maryland","fbs","Big Ten",2017,3915416,"D.J. Moore",117,11,11,10.6363636363636,38.816638669534,0.33176614247465,3.528785333594,936,8,85.0909090909091,0.444444444444444,73,117,0.623931623931624,6,0,80,98,343,469,418,23,336.5,30,"P5"
"120","Maryland","fbs","Big Ten",2017,3945284,"Ryan Brand",2,1,11,2,1.22887091578631,0.614435457893155,1.22887091578631,21,10.5,21,0.5,1,2,0.5,0,0,NA,NA,NA,NA,NA,NA,NA,NA,"P5"
"120","Maryland","fbs","Big Ten",2017,4036211,"DJ Turner",6,5,11,1.2,-0.183233419548587,-0.0305389032580978,-0.0366466839097173,28,4.66666666666667,5.6,0.166666666666667,4,6,0.666666666666667,0,0,NA,NA,NA,NA,NA,NA,NA,NA,"P5"
"120","Maryland","fbs","Big Ten",2017,4036215,"Max Bortenschlager",1,1,11,1,3.32959520541433,3.32959520541433,3.32959520541433,20,20,20,1,1,1,1,1,0,NA,NA,NA,NA,NA,NA,NA,NA,"P5"
"120","Maryland","fbs","Big Ten",2017,4036218,"Lorenzo Harrison III",15,8,11,1.875,-7.25100030562556,-0.483400020375037,-0.906375038203195,36,2.4,4.5,0.2,11,15,0.733333333333333,0,0,NA,NA,NA,NA,NA,NA,NA,NA,"P5"
"120","Maryland","fbs","Big Ten",2017,4036224,"Jake Funk",3,3,11,1,0.291181614931153,0.0970605383103843,0.0970605383103843,4,1.33333333333333,1.33333333333333,0.333333333333333,1,3,0.333333333333333,1,0,NA,NA,NA,NA,NA,NA,NA,NA,"P5"
"120","Maryland","fbs","Big Ten",2017,4241930,"Tahj Capehart",1,1,11,1,-0.209037815143435,-0.209037815143435,-0.209037815143435,6,6,6,0,1,1,1,0,0,NA,NA,NA,NA,NA,NA,NA,NA,"P5"
"127","Michigan State","fbs","Big Ten",2017,550468,"Gerald Holmes",10,7,12,1.42857142857143,5.8440824465579,0.58440824465579,0.834868920936843,66,6.6,9.42857142857143,0.5,7,10,0.7,1,0,NA,NA,NA,NA,NA,NA,NA,NA,"P5"
"127","Michigan State","fbs","Big Ten",2017,3121378,"Matt Sokol",32,11,12,2.90909090909091,4.71745786777495,0.147420558367967,0.428859806161359,199,6.21875,18.0909090909091,0.40625,19,32,0.59375,1,0,497,509,490,526.5,489,523.5,509,573,"P5"
"127","Michigan State","fbs","Big Ten",2017,3134678,"Madre London",10,7,12,1.42857142857143,2.57991236633522,0.257991236633522,0.36855890947646,62,6.2,8.85714285714286,0.4,9,10,0.9,1,0,NA,NA,NA,NA,NA,NA,NA,NA,"P5"
"127","Michigan State","fbs","Big Ten",2017,3929817,"Felton Davis III",77,10,12,7.7,39.8445524883658,0.517461720628128,3.98445524883658,622,8.07792207792208,62.2,0.571428571428571,47,77,0.61038961038961,5,0,72,74,200,165,450,97.5,328,88.5,"P5"
"127","Michigan State","fbs","Big Ten",2017,3929824,"Brian Lewerke",5,3,12,1.66666666666667,7.58710711849867,1.51742142369973,2.52903570616622,34,6.8,11.3333333333333,0.6,4,5,0.8,3,0,NA,NA,NA,NA,NA,NA,NA,NA,"P5"
"127","Michigan State","fbs","Big Ten",2017,3929828,"LJ Scott",23,11,12,2.09090909090909,5.62081897490113,0.244383433691353,0.51098354317283,120,5.21739130434783,10.9090909090909,0.391304347826087,18,23,0.782608695652174,1,0,487,496,412,538.5,88,600,582,611,"P5"
"127","Michigan State","fbs","Big Ten",2017,3929831,"Darrell Stewart Jr.",75,12,12,6.25,21.0032332327987,0.28004310977065,1.75026943606656,486,6.48,40.5,0.52,48,75,0.64,2,0,220,311,392,288.5,375.5,176,491,271,"P5"
"127","Michigan State","fbs","Big Ten",2017,4036508,"Cam Chambers",6,4,12,1.5,0.561724644827143,0.0936207741378571,0.140431161206786,66,11,16.5,0.666666666666667,5,6,0.833333333333333,0,0,NA,NA,NA,NA,NA,NA,NA,NA,"P5"
"127","Michigan State","fbs","Big Ten",2017,4046713,"Noah Davis",3,3,12,1,0.942809315003489,0.31426977166783,0.31426977166783,22,7.33333333333333,7.33333333333333,0.666666666666667,3,3,1,0,0,NA,NA,NA,NA,NA,NA,NA,NA,"P5"
"127","Michigan State","fbs","Big Ten",2017,4046715,"Trishton Jackson",16,5,12,3.2,13.6444211495199,0.852776321844995,2.72888422990398,143,8.9375,28.6,0.6875,12,16,0.75,0,0,NA,NA,NA,NA,NA,NA,NA,NA,"P5"
"127","Michigan State","fbs","Big Ten",2017,4241954,"Matt Dotson",2,2,12,1,0.814749261499197,0.407374630749598,0.407374630749598,19,9.5,9.5,1,2,2,1,0,0,NA,NA,NA,NA,NA,NA,NA,NA,"P5"
"127","Michigan State","fbs","Big Ten",2017,4241961,"Connor Heyward",4,4,12,1,0.591427155146579,0.147856788786645,0.147856788786645,13,3.25,3.25,0.25,4,4,1,1,0,NA,NA,NA,NA,NA,NA,NA,NA,"P5"
"127","Michigan State","fbs","Big Ten",2017,4241970,"Laress Nelson",6,4,12,1.5,-2.30794365572795,-0.384657275954658,-0.576985913931987,29,4.83333333333333,7.25,0.166666666666667,3,6,0.5,0,0,NA,NA,NA,NA,NA,NA,NA,NA,"P5"
"127","Michigan State","fbs","Big Ten",2017,4241975,"Hunter Rison",22,9,12,2.44444444444444,17.2340634961139,0.783366522550633,1.91489594401266,223,10.1363636363636,24.7777777777778,0.772727272727273,18,22,0.818181818181818,0,0,NA,NA,NA,NA,NA,NA,NA,NA,"P5"
"127","Michigan State","fbs","Big Ten",2017,4241983,"Cody White",42,10,12,4.2,19.4209461320051,0.462403479333455,1.94209461320051,432,10.2857142857143,43.2,0.523809523809524,30,42,0.714285714285714,0,1,238,271,238,276.5,208.5,217.5,120,239.5,"P5"
"130","Michigan","fbs","Big Ten",2017,545550,"John O'Korn",1,1,12,1,3.12920067055702,3.12920067055702,3.12920067055702,12,12,12,1,1,1,1,1,0,NA,NA,NA,NA,NA,NA,NA,NA,"P5"
"130","Michigan","fbs","Big Ten",2017,546420,"Ty Isaac",3,2,12,1.5,0.208644248822693,0.0695480829408975,0.104322124411346,16,5.33333333333333,8,0.666666666666667,3,3,1,0,0,NA,NA,NA,NA,NA,NA,NA,NA,"P5"
"130","Michigan","fbs","Big Ten",2017,546707,"Henry Poggi",3,3,12,1,-0.0310733606912046,-0.0103577868970682,-0.0103577868970682,21,7,7,0.666666666666667,2,3,0.666666666666667,0,0,NA,NA,NA,NA,NA,NA,NA,NA,"P5"
"130","Michigan","fbs","Big Ten",2017,546728,"Khalid Hill",12,6,12,2,-2.7473831580273,-0.228948596502275,-0.45789719300455,62,5.16666666666667,10.3333333333333,0.333333333333333,5,12,0.416666666666667,0,0,NA,NA,NA,NA,NA,NA,NA,NA,"P5"
"130","Michigan","fbs","Big Ten",2017,3115963,"Drake Harris",2,1,12,2,-2.06417171727618,-1.03208585863809,-2.06417171727618,10,5,10,0,1,2,0.5,0,0,NA,NA,NA,NA,NA,NA,NA,NA,"P5"
"130","Michigan","fbs","Big Ten",2017,3115966,"Wilton Speight",1,1,12,1,3.5684841433998,3.5684841433998,3.5684841433998,46,46,46,1,1,1,1,1,0,NA,NA,NA,NA,NA,NA,NA,NA,"P5"
"130","Michigan","fbs","Big Ten",2017,3115978,"Maurice Ways",3,3,12,1,-2.03872885590538,-0.679576285301794,-0.679576285301794,7,2.33333333333333,2.33333333333333,0,3,3,1,0,0,NA,NA,NA,NA,NA,NA,NA,NA,"P5"
"130","Michigan","fbs","Big Ten",2017,3115981,"Ian Bunting",1,1,12,1,0.0770554475425884,0.0770554475425884,0.0770554475425884,6,6,6,1,1,1,1,0,0,NA,NA,NA,NA,NA,NA,NA,NA,"P5"
"130","Michigan","fbs","Big Ten",2017,3929922,"Tyrone Wheatley",4,3,12,1.33333333333333,1.02197014697877,0.255492536744692,0.340656715659589,26,6.5,8.66666666666667,0.75,3,4,0.75,0,0,NA,NA,NA,NA,NA,NA,NA,NA,"P5"
"130","Michigan","fbs","Big Ten",2017,3929923,"Grant Perry",43,9,12,4.77777777777778,14.0310897408818,0.326304412578646,1.55900997120908,307,7.13953488372093,34.1111111111111,0.441860465116279,25,43,0.581395348837209,1,0,344,338,351,474.5,510,357.5,433,357,"P5"
"130","Michigan","fbs","Big Ten",2017,3929924,"Zach Gentry",20,8,12,2.5,18.4103281421232,0.920516407106159,2.3012910177654,264,13.2,33,0.7,14,20,0.7,1,0,NA,NA,NA,NA,NA,NA,NA,NA,"P5"
"130","Michigan","fbs","Big Ten",2017,3929927,"Karan Higdon",11,8,12,1.375,-0.574273414345322,-0.0522066740313929,-0.0717841767931652,120,10.9090909090909,15,0.545454545454545,7,11,0.636363636363636,0,1,NA,NA,NA,NA,NA,NA,NA,NA,"P5"
"130","Michigan","fbs","Big Ten",2017,4036275,"Sean McKeon",42,11,12,3.81818181818182,10.1155536644817,0.240846515820992,0.919595787680153,285,6.78571428571429,25.9090909090909,0.452380952380952,29,42,0.69047619047619,3,1,415,454,417,452,254.5,385,461.5,472.5,"P5"
"130","Michigan","fbs","Big Ten",2017,4046519,"Kekoa Crawford",25,8,12,3.125,0.186561432713907,0.00746245730855627,0.0233201790892383,182,7.28,22.75,0.32,12,25,0.48,1,0,548,548,547,597,605,542,418,519,"P5"
"130","Michigan","fbs","Big Ten",2017,4046520,"Nick Eubanks",2,1,12,2,3.921654014138,1.960827007069,3.921654014138,61,30.5,61,1,2,2,1,0,0,NA,NA,NA,NA,NA,NA,NA,NA,"P5"
"130","Michigan","fbs","Big Ten",2017,4046530,"Chris Evans",18,8,12,2.25,4.96809364645592,0.276005202580884,0.62101170580699,146,8.11111111111111,18.25,0.444444444444444,14,18,0.777777777777778,1,0,NA,NA,NA,NA,NA,NA,NA,NA,"P5"
"130","Michigan","fbs","Big Ten",2017,4046531,"Eddie McDoom",22,9,12,2.44444444444444,-8.98516249868576,-0.408416477212989,-0.998351388742862,81,3.68181818181818,9,0.181818181818182,11,22,0.5,0,0,NA,NA,NA,NA,NA,NA,NA,NA,"P5"
"130","Michigan","fbs","Big Ten",2017,4046542,"Nate Schoenle",3,2,12,1.5,2.88866552571853,0.962888508572842,1.44433276285926,37,12.3333333333333,18.5,0.666666666666667,3,3,1,0,0,NA,NA,NA,NA,NA,NA,NA,NA,"P5"
"130","Michigan","fbs","Big Ten",2017,4258170,"Tarik Black",16,3,12,5.33333333333333,-1.79121794430506,-0.111951121519066,-0.597072648101686,103,6.4375,34.3333333333333,0.375,10,16,0.625,0,0,NA,NA,NA,NA,NA,NA,NA,NA,"P5"
"130","Michigan","fbs","Big Ten",2017,4258173,"Nico Collins",1,1,12,1,0.441812067285885,0.441812067285885,0.441812067285885,12,12,12,1,1,1,1,0,0,NA,NA,NA,NA,NA,NA,NA,NA,"P5"
"130","Michigan","fbs","Big Ten",2017,4258195,"Donovan Peoples-Jones",36,11,12,3.27272727272727,-1.75354583693685,-0.0487096065815792,-0.15941325790335,219,6.08333333333333,19.9090909090909,0.305555555555556,16,36,0.444444444444444,0,0,568,566,568,603.5,613,499,521.5,553,"P5"
"135","Minnesota","fbs","Big Ten",2017,246044,"Tyler Johnson",65,10,12,6.5,39.9634471592803,0.614822263988928,3.99634471592803,677,10.4153846153846,67.7,0.523076923076923,35,65,0.538461538461538,7,0,71,73,122,278,567,73.5,111,70.5,"P5"
"135","Minnesota","fbs","Big Ten",2017,545452,"Eric Carter",5,3,12,1.66666666666667,6.84658862089607,1.36931772417921,2.28219620696536,86,17.2,28.6666666666667,0.8,4,5,0.8,0,0,NA,NA,NA,NA,NA,NA,NA,NA,"P5"
"135","Minnesota","fbs","Big Ten",2017,545481,"Nate Wozniak",8,5,12,1.6,4.50667895754984,0.56333486969373,0.901335791509968,104,13,20.8,0.625,7,8,0.875,0,0,NA,NA,NA,NA,NA,NA,NA,NA,"P5"
"135","Minnesota","fbs","Big Ten",2017,3116064,"Brandon Lingen",13,4,12,3.25,6.6946036161456,0.514969508934277,1.6736509040364,84,6.46153846153846,21,0.538461538461538,9,13,0.692307692307692,2,0,NA,NA,NA,NA,NA,NA,NA,NA,"P5"
"135","Minnesota","fbs","Big Ten",2017,3116074,"Rodney Smith",19,11,12,1.72727272727273,-0.343288914707157,-0.0180678376161661,-0.0312080831551961,107,5.63157894736842,9.72727272727273,0.315789473684211,17,19,0.894736842105263,0,0,NA,NA,NA,NA,NA,NA,NA,NA,"P5"
"135","Minnesota","fbs","Big Ten",2017,3152710,"Will Reger",1,1,12,1,3.00996208641459,3.00996208641459,3.00996208641459,26,26,26,1,1,1,1,0,0,NA,NA,NA,NA,NA,NA,NA,NA,"P5"
"135","Minnesota","fbs","Big Ten",2017,3728274,"Rashad Still",4,2,12,2,2.32657917377001,0.581644793442503,1.16328958688501,68,17,34,0.5,2,4,0.5,0,0,NA,NA,NA,NA,NA,NA,NA,NA,"P5"
"135","Minnesota","fbs","Big Ten",2017,3728275,"Shannon Brooks",7,4,12,1.75,3.5112404641523,0.501605780593185,0.877810116038074,59,8.42857142857143,14.75,0.714285714285714,5,7,0.714285714285714,0,0,NA,NA,NA,NA,NA,NA,NA,NA,"P5"
"135","Minnesota","fbs","Big Ten",2017,4034776,"Phillip Howard",13,5,12,2.6,9.74117540296856,0.749321184843735,1.94823508059371,132,10.1538461538462,26.4,0.846153846153846,11,13,0.846153846153846,0,0,NA,NA,NA,NA,NA,NA,NA,NA,"P5"
"135","Minnesota","fbs","Big Ten",2017,4034779,"Ko Kieft",3,2,12,1.5,-0.922376792857424,-0.307458930952475,-0.461188396428712,17,5.66666666666667,8.5,0.333333333333333,2,3,0.666666666666667,0,0,NA,NA,NA,NA,NA,NA,NA,NA,"P5"
"135","Minnesota","fbs","Big Ten",2017,4034782,"Kobe McCrary",5,4,12,1.25,-0.11046893730404,-0.0220937874608079,-0.0276172343260099,27,5.4,6.75,0.4,4,5,0.8,0,0,NA,NA,NA,NA,NA,NA,NA,NA,"P5"
"135","Minnesota","fbs","Big Ten",2017,4034789,"Mark Williams",5,2,12,2.5,1.51183567976789,0.302367135953578,0.755917839883944,43,8.6,21.5,0.4,2,5,0.4,0,0,NA,NA,NA,NA,NA,NA,NA,NA,"P5"
"135","Minnesota","fbs","Big Ten",2017,4240742,"Demetrius Douglas",15,3,12,5,-2.62751689904557,-0.175167793269704,-0.875838966348522,86,5.73333333333333,28.6666666666667,0.4,11,15,0.733333333333333,0,1,NA,NA,NA,NA,NA,NA,NA,NA,"P5"
"142","Missouri","fbs","SEC",2017,550100,"J'Mon Moore",78,11,11,7.09090909090909,44.8475753599023,0.574968914870542,4.07705230544566,830,10.6410256410256,75.4545454545455,0.602564102564103,56,78,0.717948717948718,8,0,53,70,160,100,201.5,35.5,101,49,"P5"
"142","Missouri","fbs","SEC",2017,550104,"Jason Reese",6,3,11,2,11.6661346107513,1.94435576845855,3.8887115369171,123,20.5,41,0.666666666666667,4,6,0.666666666666667,2,0,NA,NA,NA,NA,NA,NA,NA,NA,"P5"
"142","Missouri","fbs","SEC",2017,3122103,"Kendall Blanton",3,3,11,1,7.28332845112566,2.42777615037522,2.42777615037522,74,24.6666666666667,24.6666666666667,1,3,3,1,1,0,NA,NA,NA,NA,NA,NA,NA,NA,"P5"
"142","Missouri","fbs","SEC",2017,3122105,"Nate Brown",11,4,11,2.75,3.96097166771824,0.360088333428931,0.99024291692956,86,7.81818181818182,21.5,0.636363636363636,10,11,0.909090909090909,0,0,NA,NA,NA,NA,NA,NA,NA,NA,"P5"
"142","Missouri","fbs","SEC",2017,3122119,"Ish Witter",12,7,11,1.71428571428571,3.93995315580626,0.328329429650522,0.562850450829466,87,7.25,12.4285714285714,0.666666666666667,11,12,0.916666666666667,1,0,NA,NA,NA,NA,NA,NA,NA,NA,"P5"
"142","Missouri","fbs","SEC",2017,3924314,"Richaud Floyd",20,9,11,2.22222222222222,0.048578416493621,0.00242892082468105,0.00539760183262455,135,6.75,15,0.4,12,20,0.6,2,0,NA,NA,NA,NA,NA,NA,NA,NA,"P5"
"142","Missouri","fbs","SEC",2017,3924318,"Emanuel Hall",48,9,11,5.33333333333333,54.1730194920038,1.12860457275008,6.01922438800042,779,16.2291666666667,86.5555555555556,0.583333333333333,31,48,0.645833333333333,8,0,25,12,9,133.5,366,50.5,2,26,"P5"
"142","Missouri","fbs","SEC",2017,3924325,"Johnathon Johnson",51,11,11,4.63636363636364,26.844181682627,0.526356503580922,2.44038015296609,523,10.2549019607843,47.5454545454545,0.549019607843137,33,51,0.647058823529412,3,0,161,205,190,216.5,363,154,124,195,"P5"
"142","Missouri","fbs","SEC",2017,4035099,"Dimetrios Mason",21,3,11,7,-3.9068649798748,-0.186041189517847,-1.30228832662493,107,5.09523809523809,35.6666666666667,0.380952380952381,12,21,0.571428571428571,0,0,585,613,596,549.5,525.5,608.5,586,341,"P5"
"142","Missouri","fbs","SEC",2017,4035102,"Damarea Crockett",7,3,11,2.33333333333333,0.0833788966728932,0.0119112709532705,0.0277929655576311,35,5,11.6666666666667,0.285714285714286,4,7,0.571428571428571,1,0,NA,NA,NA,NA,NA,NA,NA,NA,"P5"
"142","Missouri","fbs","SEC",2017,4035104,"Dominic Collins",10,5,11,2,4.77770001574801,0.477770001574801,0.955540003149602,102,10.2,20.4,0.6,7,10,0.7,0,0,NA,NA,NA,NA,NA,NA,NA,NA,"P5"
"142","Missouri","fbs","SEC",2017,4035115,"Albert Okwuegbunam",28,7,11,4,36.1475496674542,1.29098391669479,5.16393566677917,321,11.4642857142857,45.8571428571429,0.75,23,28,0.821428571428571,10,0,100,31,4,6.5,46,344.5,65,212.5,"P5"
"142","Missouri","fbs","SEC",2017,4241205,"Larry Rountree III",4,4,11,1,-0.92851748707794,-0.232129371769485,-0.232129371769485,20,5,5,0.25,2,4,0.5,0,0,NA,NA,NA,NA,NA,NA,NA,NA,"P5"
"145","Ole Miss","fbs","SEC",2017,550016,"Jordan Wilkins",25,9,11,2.77777777777778,11.1688341056844,0.446753364227374,1.24098156729826,191,7.64,21.2222222222222,0.48,21,25,0.84,0,0,397,391,254,382,36.5,529.5,391,536,"P5"
"145","Ole Miss","fbs","SEC",2017,556413,"Ty Quick",2,2,11,1,-1.0128906564565,-0.506445328228248,-0.506445328228248,3,1.5,1.5,0,2,2,1,0,0,NA,NA,NA,NA,NA,NA,NA,NA,"P5"
"145","Ole Miss","fbs","SEC",2017,3128741,"Markell Pack",5,3,11,1.66666666666667,2.95140913644742,0.590281827289485,0.983803045482474,40,8,13.3333333333333,0.6,4,5,0.8,0,0,NA,NA,NA,NA,NA,NA,NA,NA,"P5"
"145","Ole Miss","fbs","SEC",2017,3930064,"DaMarkus Lodge",60,11,11,5.45454545454545,20.7840755811436,0.346401259685726,1.8894614164676,565,9.41666666666667,51.3636363636364,0.516666666666667,35,60,0.583333333333333,6,0,224,282,335,297.5,507.5,124.5,187,165.5,"P5"
"145","Ole Miss","fbs","SEC",2017,3930066,"Van Jefferson",49,9,11,5.44444444444444,15.2713139514304,0.311659468396539,1.69681266127005,426,8.69387755102041,47.3333333333333,0.530612244897959,39,49,0.795918367346939,1,0,323,323,363,265.5,69.5,223.5,254,197,"P5"
"145","Ole Miss","fbs","SEC",2017,3930070,"Eric Swinney",8,4,11,2,-2.13599762756553,-0.266999703445692,-0.533999406891384,11,1.375,2.75,0.125,5,8,0.625,0,0,NA,NA,NA,NA,NA,NA,NA,NA,"P5"
"145","Ole Miss","fbs","SEC",2017,3930086,"Dawson Knox",32,8,11,4,16.3558096734393,0.51111905229498,2.04447620917992,300,9.375,37.5,0.53125,23,32,0.71875,0,0,301,248,211,262.5,197.5,365,190,317,"P5"
"145","Ole Miss","fbs","SEC",2017,4035292,"Shea Patterson",2,2,11,1,13.0429073241744,6.5214536620872,6.5214536620872,148,74,74,1,2,2,1,2,0,NA,NA,NA,NA,NA,NA,NA,NA,"P5"
"145","Ole Miss","fbs","SEC",2017,4047646,"A.J. Brown",83,10,11,8.3,57.9170431009014,0.69779570001086,5.79170431009014,992,11.9518072289157,99.2,0.614457831325301,65,83,0.783132530120482,7,0,17,15,96,86,84,18,44,12,"P5"
"145","Ole Miss","fbs","SEC",2017,4047648,"Tre Nixon",1,1,11,1,1.70691683251566,1.70691683251566,1.70691683251566,19,19,19,1,1,1,1,0,0,NA,NA,NA,NA,NA,NA,NA,NA,"P5"
"145","Ole Miss","fbs","SEC",2017,4047650,"D.K. Metcalf",61,11,11,5.54545454545455,13.7814454535204,0.225925335303614,1.25285867759277,538,8.81967213114754,48.9090909090909,0.426229508196721,33,61,0.540983606557377,5,0,352,386,435,501,562,146,243,187,"P5"
"145","Ole Miss","fbs","SEC",2017,4047651,"Octavious Cooley",3,2,11,1.5,0.49124300990483,0.163747669968277,0.245621504952415,56,18.6666666666667,28,0.666666666666667,3,3,1,0,1,NA,NA,NA,NA,NA,NA,NA,NA,"P5"
"145","Ole Miss","fbs","SEC",2017,4047654,"D'Vaughn Pennamon",7,5,11,1.4,0.668039824891966,0.0954342606988523,0.133607964978393,28,4,5.6,0.428571428571429,7,7,1,0,0,NA,NA,NA,NA,NA,NA,NA,NA,"P5"
"145","Ole Miss","fbs","SEC",2017,4242418,"Jordan Ta'amu",2,1,11,2,8.85540952425255,4.42770476212628,8.85540952425255,57,28.5,57,1,2,2,1,2,0,NA,NA,NA,NA,NA,NA,NA,NA,"P5"
"145","Ole Miss","fbs","SEC",2017,4259908,"Braylon Sanders",3,2,11,1.5,2.32722307658548,0.775741025528492,1.16361153829274,35,11.6666666666667,17.5,0.666666666666667,3,3,1,0,0,NA,NA,NA,NA,NA,NA,NA,NA,"P5"
"150","Duke","fbs","ACC",2017,548029,"Quay Chambers",14,5,11,2.8,0.35049918231702,0.0250356558797871,0.070099836463404,87,6.21428571428571,17.4,0.5,9,14,0.642857142857143,0,0,NA,NA,NA,NA,NA,NA,NA,NA,"P5"
"150","Duke","fbs","ACC",2017,559747,"Daniel Helm",17,9,11,1.88888888888889,18.5470049452104,1.09100029089473,2.0607783272456,163,9.58823529411765,18.1111111111111,0.705882352941177,15,17,0.882352941176471,2,1,NA,NA,NA,NA,NA,NA,NA,NA,"P5"
"150","Duke","fbs","ACC",2017,3116559,"Johnathan Lloyd",44,10,11,4.4,15.1361134651387,0.344002578753152,1.51361134651387,323,7.34090909090909,32.3,0.477272727272727,34,44,0.772727272727273,0,0,326,342,338,392.5,105,340.5,410,382,"P5"
"150","Duke","fbs","ACC",2017,3116563,"Shaun Wilson",39,10,11,3.9,3.90873757047003,0.100224040268462,0.390873757047003,236,6.05128205128205,23.6,0.358974358974359,31,39,0.794871794871795,3,0,509,512,513,570,72,467.5,525,510,"P5"
"150","Duke","fbs","ACC",2017,3116573,"Davis Koppenhaver",14,8,11,1.75,16.5186660187177,1.1799047156227,2.06483325233972,113,8.07142857142857,14.125,0.642857142857143,11,14,0.785714285714286,2,0,NA,NA,NA,NA,NA,NA,NA,NA,"P5"
"150","Duke","fbs","ACC",2017,3116574,"Chris Taylor",35,9,11,3.88888888888889,7.72471134097625,0.220706038313607,0.858301260108473,227,6.48571428571429,25.2222222222222,0.485714285714286,18,35,0.514285714285714,0,0,457,460,441,369.5,589,479.5,490,485.5,"P5"
"150","Duke","fbs","ACC",2017,3917787,"T.J. Rahming",96,11,11,8.72727272727273,8.31692988873942,0.0866346863410356,0.756084535339947,723,7.53125,65.7272727272727,0.4375,59,96,0.614583333333333,1,0,446,471,518,482.5,437,62,395,79,"P5"
"150","Duke","fbs","ACC",2017,3917788,"Keyston Fuller",2,2,11,1,-2.04702379824494,-1.02351189912247,-1.02351189912247,4,2,2,0,2,2,1,0,0,NA,NA,NA,NA,NA,NA,NA,NA,"P5"
"150","Duke","fbs","ACC",2017,3917789,"Aaron Young",13,4,11,3.25,9.81831159792821,0.75525473830217,2.45457789948205,124,9.53846153846154,31,0.769230769230769,10,13,0.769230769230769,0,0,NA,NA,NA,NA,NA,NA,NA,NA,"P5"
"150","Duke","fbs","ACC",2017,3917792,"Daniel Jones",2,1,11,2,4.4691815224049,2.23459076120245,4.4691815224049,53,26.5,53,1,2,2,1,2,0,NA,NA,NA,NA,NA,NA,NA,NA,"P5"
"150","Duke","fbs","ACC",2017,3917797,"Joe Giles-Harris",1,1,11,1,-1.05483794101286,-1.05483794101286,-1.05483794101286,0,0,0,0,0,1,0,0,0,NA,NA,NA,NA,NA,NA,NA,NA,"P5"
"150","Duke","fbs","ACC",2017,4036030,"Scott Bracey",7,4,11,1.75,-2.01351141085135,-0.287644487264479,-0.503377852712838,46,6.57142857142857,11.5,0.571428571428571,6,7,0.857142857142857,0,0,NA,NA,NA,NA,NA,NA,NA,NA,"P5"
"150","Duke","fbs","ACC",2017,4036032,"Brittain Brown",13,6,11,2.16666666666667,9.53913482810951,0.73377960216227,1.58985580468492,147,11.3076923076923,24.5,0.538461538461538,11,13,0.846153846153846,0,0,NA,NA,NA,NA,NA,NA,NA,NA,"P5"
"150","Duke","fbs","ACC",2017,4240455,"Deon Jackson",4,3,11,1.33333333333333,-3.02014588974722,-0.755036472436805,-1.00671529658241,-2,-0.5,-0.666666666666667,0,3,4,0.75,0,0,NA,NA,NA,NA,NA,NA,NA,NA,"P5"
"150","Duke","fbs","ACC",2017,4240472,"Noah Gray",2,2,11,1,1.24823975495288,0.624119877476441,0.624119877476441,6,3,3,0.5,2,2,1,1,0,NA,NA,NA,NA,NA,NA,NA,NA,"P5"
"151","East Carolina","fbs","American Athletic",2017,530478,"Thomas Sirk",5,2,11,2.5,0.0529005469372653,0.0105801093874531,0.0264502734686326,28,5.6,14,0.6,3,5,0.6,0,0,NA,NA,NA,NA,NA,NA,NA,NA,"G5"
"151","East Carolina","fbs","American Athletic",2017,546631,"Tyshon Dye",9,5,11,1.8,3.80560626955805,0.422845141062005,0.761121253911609,56,6.22222222222222,11.2,0.444444444444444,6,9,0.666666666666667,0,0,NA,NA,NA,NA,NA,NA,NA,NA,"G5"
"151","East Carolina","fbs","American Athletic",2017,552937,"Davon Grayson",74,10,11,7.4,62.928254819517,0.850381821885365,6.2928254819517,791,10.6891891891892,79.1,0.621621621621622,51,74,0.689189189189189,5,0,10,8,40,72,261,44.5,95,40,"G5"
"151","East Carolina","fbs","American Athletic",2017,552951,"Jimmy Williams",52,8,11,6.5,28.2100752230223,0.542501446596584,3.52625940287779,406,7.80769230769231,50.75,0.480769230769231,29,52,0.557692307692308,3,0,149,99,181,379,539,250,374,173,"G5"
"151","East Carolina","fbs","American Athletic",2017,559728,"Derrell Scott",4,3,11,1.33333333333333,-0.228278216422616,-0.0570695541056539,-0.0760927388075385,28,7,9.33333333333333,0.25,2,4,0.5,0,0,NA,NA,NA,NA,NA,NA,NA,NA,"G5"
"151","East Carolina","fbs","American Athletic",2017,3126140,"Malik Gray",2,2,11,1,3.1360841238459,1.56804206192295,1.56804206192295,18,9,9,1,2,2,1,0,0,NA,NA,NA,NA,NA,NA,NA,NA,"G5"
"151","East Carolina","fbs","American Athletic",2017,3126145,"Quay Johnson",65,9,11,7.22222222222222,9.34979251828566,0.143842961819779,1.03886583536507,424,6.52307692307692,47.1111111111111,0.507692307692308,44,65,0.676923076923077,3,2,429,427,493,319,290.5,226.5,487,198,"G5"
"151","East Carolina","fbs","American Athletic",2017,3126158,"Stephen Baggett",16,6,11,2.66666666666667,9.53255316159949,0.595784572599968,1.58875886026658,100,6.25,16.6666666666667,0.375,10,16,0.625,2,0,NA,NA,NA,NA,NA,NA,NA,NA,"G5"
"151","East Carolina","fbs","American Athletic",2017,3126159,"Terrell Green",1,1,11,1,-0.779300306916952,-0.779300306916952,-0.779300306916952,0,0,0,0,0,1,0,0,0,NA,NA,NA,NA,NA,NA,NA,NA,"G5"
"151","East Carolina","fbs","American Athletic",2017,3126160,"Trevon Brown",91,11,11,8.27272727272727,62.8744575974129,0.690928105466076,5.71585978158299,950,10.4395604395604,86.3636363636364,0.56043956043956,55,91,0.604395604395604,6,0,11,18,99,190,468,20,108,27,"G5"
"151","East Carolina","fbs","American Athletic",2017,3139614,"Devin Anderson",3,2,11,1.5,0.703275851385111,0.234425283795037,0.351637925692555,3,1,1.5,0.333333333333333,1,3,0.333333333333333,0,0,NA,NA,NA,NA,NA,NA,NA,NA,"G5"
"151","East Carolina","fbs","American Athletic",2017,3914182,"Deondre Farrier",26,6,11,4.33333333333333,7.07785505547404,0.272225194441309,1.17964250924567,143,5.5,23.8333333333333,0.423076923076923,17,26,0.653846153846154,3,0,466,403,398,506.5,339.5,579.5,567.5,506.5,"G5"
"151","East Carolina","fbs","American Athletic",2017,4038514,"Tahj Deans",22,4,11,5.5,3.85613109690465,0.175278686222939,0.964032774226163,159,7.22727272727273,39.75,0.454545454545455,14,22,0.636363636363636,2,0,510,445,475,444.5,385.5,565.5,422,280.5,"G5"
"151","East Carolina","fbs","American Athletic",2017,4038521,"Hussein Howe",39,10,11,3.9,4.29932292528199,0.110239049366205,0.429932292528199,219,5.61538461538461,21.9,0.461538461538462,30,39,0.769230769230769,0,1,505,508,507,428.5,110.5,499,557,527,"G5"
"151","East Carolina","fbs","American Athletic",2017,4038523,"Cam Marshmon",2,2,11,1,0.767681004311542,0.383840502155771,0.383840502155771,13,6.5,6.5,0.5,2,2,1,0,0,NA,NA,NA,NA,NA,NA,NA,NA,"G5"
"151","East Carolina","fbs","American Athletic",2017,4038524,"Gardner Minshew",2,1,11,2,9.5514999676143,4.77574998380715,9.5514999676143,85,42.5,85,1,2,2,1,2,0,NA,NA,NA,NA,NA,NA,NA,NA,"G5"
"151","East Carolina","fbs","American Athletic",2017,4239405,"Darius Pinnix",12,6,11,2,-3.99284523594719,-0.3327371029956,-0.665474205991199,49,4.08333333333333,8.16666666666667,0.333333333333333,9,12,0.75,0,0,NA,NA,NA,NA,NA,NA,NA,NA,"G5"
"151","East Carolina","fbs","American Athletic",2017,4239411,"Mydreon Vines",2,2,11,1,3.05427341633026,1.52713670816513,1.52713670816513,39,19.5,19.5,1,2,2,1,0,0,NA,NA,NA,NA,NA,NA,NA,NA,"G5"
"152","NC State","fbs","ACC",2017,546288,"Ryan Finley",5,4,11,1.25,8.43646633923903,1.68729326784781,2.10911658480976,71,14.2,17.75,0.8,5,5,1,3,0,NA,NA,NA,NA,NA,NA,NA,NA,"P5"
"152","NC State","fbs","ACC",2017,549936,"Jerod Fernandez",1,1,11,1,-0.10773074328933,-0.10773074328933,-0.10773074328933,5,5,5,0,1,1,1,0,0,NA,NA,NA,NA,NA,NA,NA,NA,"P5"
"152","NC State","fbs","ACC",2017,549942,"Gavin Locklear",3,2,11,1.5,0.214272231558048,0.0714240771860159,0.107136115779024,12,4,6,0.666666666666667,2,3,0.666666666666667,0,0,NA,NA,NA,NA,NA,NA,NA,NA,"P5"
"152","NC State","fbs","ACC",2017,549951,"JuMichael Ramos",1,1,11,1,3.24806456785606,3.24806456785606,3.24806456785606,19,19,19,1,1,1,1,0,0,NA,NA,NA,NA,NA,NA,NA,NA,"P5"
"152","NC State","fbs","ACC",2017,3116721,"Jaylen Samuels",81,11,11,7.36363636363636,14.908598660699,0.184056773588876,1.35532715097263,471,5.81481481481481,42.8181818181818,0.419753086419753,61,81,0.753086419753086,3,0,329,371,466,510,136,188,544,244,"P5"
"152","NC State","fbs","ACC",2017,3116732,"Cole Cook",2,2,11,1,0.909246226430559,0.454623113215279,0.454623113215279,29,14.5,14.5,0.5,1,2,0.5,0,0,NA,NA,NA,NA,NA,NA,NA,NA,"P5"
"152","NC State","fbs","ACC",2017,3116745,"Stephen Louis",44,8,11,5.5,10.8825202658832,0.247330006042799,1.3603150332354,412,9.36363636363636,51.5,0.568181818181818,28,44,0.636363636363636,2,1,401,369,409,175,385.5,240,192,160,"P5"
"152","NC State","fbs","ACC",2017,3701017,"Reggie Gallaspy II",13,6,11,2.16666666666667,-4.88291577745104,-0.375608905957772,-0.81381929624184,44,3.38461538461538,7.33333333333333,0.153846153846154,11,13,0.846153846153846,0,0,NA,NA,NA,NA,NA,NA,NA,NA,"P5"
"152","NC State","fbs","ACC",2017,3916430,"Nyheim Hines",31,10,11,3.1,-12.6332342083254,-0.407523684139528,-1.26332342083254,117,3.7741935483871,11.7,0.258064516129032,24,31,0.774193548387097,0,0,614,610,611,609,100,603,613,609,"P5"
"152","NC State","fbs","ACC",2017,3916433,"Jakobi Meyers",81,11,11,7.36363636363636,41.0636912460464,0.506959151185759,3.73306284054968,647,7.98765432098765,58.8181818181818,0.555555555555556,55,81,0.679012345679012,3,0,67,86,213,201.5,287,87,339,106,"P5"
"152","NC State","fbs","ACC",2017,4036163,"Kelvin Harmon",97,11,11,8.81818181818182,52.3639250287877,0.539834278647296,4.76035682079888,912,9.4020618556701,82.9090909090909,0.577319587628866,59,97,0.608247422680412,3,0,31,46,183,148,454,26,188,34,"P5"
"152","NC State","fbs","ACC",2017,4036164,"Dylan Parham",1,1,11,1,2.01885445901701,2.01885445901701,2.01885445901701,25,25,25,1,1,1,1,0,0,NA,NA,NA,NA,NA,NA,NA,NA,"P5"
"152","NC State","fbs","ACC",2017,4036168,"C.J. Riley",11,5,11,2.2,9.96031026052369,0.905482750956699,1.99206205210474,128,11.6363636363636,25.6,0.636363636363636,8,11,0.727272727272727,0,0,NA,NA,NA,NA,NA,NA,NA,NA,"P5"
"152","NC State","fbs","ACC",2017,4240120,"Emeka Emezie",13,5,11,2.6,5.10585263841858,0.392757895262968,1.02117052768372,117,9,23.4,0.692307692307692,10,13,0.769230769230769,1,1,NA,NA,NA,NA,NA,NA,NA,NA,"P5"
"153","North Carolina","fbs","ACC",2017,549971,"Jordan Cunningham",34,10,11,3.4,10.8120086056724,0.318000253108011,1.08120086056724,287,8.44117647058824,28.7,0.558823529411765,23,34,0.676470588235294,0,0,406,414,357,191.5,292.5,382,277,436,"P5"
"153","North Carolina","fbs","ACC",2017,3116680,"Austin Proehl",22,5,11,4.4,10.8388256353452,0.492673892515691,2.16776512706904,257,11.6818181818182,51.4,0.681818181818182,17,22,0.772727272727273,0,0,404,228,224,25,105,423.5,53,163,"P5"
"153","North Carolina","fbs","ACC",2017,3116681,"Josh Cabrera",13,4,11,3.25,-6.7179491077599,-0.516765315981531,-1.67948727693997,39,3,9.75,0.153846153846154,7,13,0.538461538461538,0,0,NA,NA,NA,NA,NA,NA,NA,NA,"P5"
"153","North Carolina","fbs","ACC",2017,3116684,"Thomas Jackson",13,3,11,4.33333333333333,1.56483307100692,0.12037177469284,0.521611023668974,97,7.46153846153846,32.3333333333333,0.538461538461538,7,13,0.538461538461538,2,0,NA,NA,NA,NA,NA,NA,NA,NA,"P5"
"153","North Carolina","fbs","ACC",2017,3116703,"Brandon Fritts",33,8,11,4.125,1.91977549112759,0.0581750148826543,0.239971936390949,155,4.6969696969697,19.375,0.454545454545455,21,33,0.636363636363636,2,1,529,528,530,444.5,385.5,569,600,561,"P5"
"153","North Carolina","fbs","ACC",2017,3116704,"Devin Perry",2,1,11,2,-0.666004243409642,-0.333002121704821,-0.666004243409642,16,8,16,0.5,1,2,0.5,0,0,NA,NA,NA,NA,NA,NA,NA,NA,"P5"
"153","North Carolina","fbs","ACC",2017,3895826,"Juval Mollette",6,2,11,3,-2.54569461851901,-0.424282436419836,-1.27284730925951,19,3.16666666666667,9.5,0.333333333333333,2,6,0.333333333333333,0,0,NA,NA,NA,NA,NA,NA,NA,NA,"P5"
"153","North Carolina","fbs","ACC",2017,3895828,"Anthony Ratliff-Williams",58,11,11,5.27272727272727,29.6748160799891,0.511634759999812,2.69771055272628,547,9.43103448275862,49.7272727272727,0.482758620689655,30,58,0.517241379310345,5,0,138,170,210,375,585.5,136,186,181.5,"P5"
"153","North Carolina","fbs","ACC",2017,3895832,"Mason Veal",1,1,11,1,0.219182381660305,0.219182381660305,0.219182381660305,7,7,7,1,1,1,1,0,0,NA,NA,NA,NA,NA,NA,NA,NA,"P5"
"153","North Carolina","fbs","ACC",2017,3895833,"Carl Tucker",6,3,11,2,11.108037490113,1.8513395816855,3.70267916337099,100,16.6666666666667,33.3333333333333,1,6,6,1,0,0,NA,NA,NA,NA,NA,NA,NA,NA,"P5"
"153","North Carolina","fbs","ACC",2017,3895835,"Jake Bargas",7,5,11,1.4,4.4229846869158,0.631854955273686,0.88459693738316,58,8.28571428571429,11.6,0.428571428571429,7,7,1,0,0,NA,NA,NA,NA,NA,NA,NA,NA,"P5"
"153","North Carolina","fbs","ACC",2017,3895838,"Nathan Elliott",5,3,11,1.66666666666667,6.29071465479578,1.25814293095916,2.09690488493193,49,9.8,16.3333333333333,0.8,4,5,0.8,3,0,NA,NA,NA,NA,NA,NA,NA,NA,"P5"
"153","North Carolina","fbs","ACC",2017,3895844,"Johnathon Sutton",1,1,11,1,-1.42631978512091,-1.42631978512091,-1.42631978512091,-1,-1,-1,0,1,1,1,0,0,NA,NA,NA,NA,NA,NA,NA,NA,"P5"
"153","North Carolina","fbs","ACC",2017,4037512,"Jordon Brown",36,8,11,4.5,5.78012735002029,0.160559093056119,0.722515918752537,237,6.58333333333333,29.625,0.5,29,36,0.805555555555556,0,0,484,475,484,335,65,465.5,479,423,"P5"
"153","North Carolina","fbs","ACC",2017,4037514,"Rontavius Groves",3,1,11,3,-2.72022299644231,-0.906740998814103,-2.72022299644231,0,0,0,0,0,3,0,0,0,NA,NA,NA,NA,NA,NA,NA,NA,"P5"
"153","North Carolina","fbs","ACC",2017,4037517,"Roscoe Johnson",15,5,11,3,1.5068495876533,0.100456639176887,0.301369917530661,90,6,18,0.4,9,15,0.6,0,0,NA,NA,NA,NA,NA,NA,NA,NA,"P5"
"153","North Carolina","fbs","ACC",2017,4037521,"Chazz Surratt",2,2,11,1,10.5546280277377,5.27731401386884,5.27731401386884,71,35.5,35.5,1,2,2,1,2,0,NA,NA,NA,NA,NA,NA,NA,NA,"P5"
"153","North Carolina","fbs","ACC",2017,4240657,"Michael Carter",16,8,11,2,1.74772160591793,0.10923260036987,0.218465200739741,87,5.4375,10.875,0.375,10,16,0.625,1,0,NA,NA,NA,NA,NA,NA,NA,NA,"P5"
"153","North Carolina","fbs","ACC",2017,4240661,"Dazz Newsome",26,6,11,4.33333333333333,7.43129225924247,0.285818933047787,1.23854870987374,209,8.03846153846154,34.8333333333333,0.576923076923077,17,26,0.653846153846154,0,0,460,392,385,149.5,339.5,513.5,332,350,"P5"
"153","North Carolina","fbs","ACC",2017,4240676,"Beau Corrales",11,4,11,2.75,-0.0954333446350499,-0.00867575860318636,-0.0238583361587625,81,7.36363636363636,20.25,0.454545454545455,7,11,0.636363636363636,1,1,NA,NA,NA,NA,NA,NA,NA,NA,"P5"
"154","Wake Forest","fbs","ACC",2017,545319,"Cam Serigne",42,9,11,4.66666666666667,37.3781855862228,0.889956799671972,4.15313173180254,410,9.76190476190476,45.5555555555556,0.69047619047619,33,42,0.785714285714286,6,0,89,65,34,21,81.5,243,154,218.5,"P5"
"154","Wake Forest","fbs","ACC",2017,3124092,"John Wolford",1,1,11,1,-0.683040489436361,-0.683040489436361,-0.683040489436361,0,0,0,0,0,1,0,0,0,NA,NA,NA,NA,NA,NA,NA,NA,"P5"
"154","Wake Forest","fbs","ACC",2017,3124114,"Cortez Lewis",17,5,11,3.4,2.96266817507835,0.17427459853402,0.59253363501567,123,7.23529411764706,24.6,0.470588235294118,8,17,0.470588235294118,0,0,NA,NA,NA,NA,NA,NA,NA,NA,"P5"
"154","Wake Forest","fbs","ACC",2017,3700890,"Tabari Hines",58,10,11,5.8,25.3851832559354,0.437675573378196,2.53851832559354,586,10.1034482758621,58.6,0.568965517241379,40,58,0.689655172413793,5,0,176,190,256,172,258.5,112,132,107,"P5"
"154","Wake Forest","fbs","ACC",2017,3919510,"Alex Bachman",24,6,11,4,11.7156418028736,0.488151741786399,1.9526069671456,252,10.5,42,0.5,15,24,0.625,2,0,390,266,227,335,413.5,430.5,105,254.5,"P5"
"154","Wake Forest","fbs","ACC",2017,3919535,"Steven Claude",1,1,11,1,2.13073039054191,2.13073039054191,2.13073039054191,13,13,13,1,1,1,1,0,0,NA,NA,NA,NA,NA,NA,NA,NA,"P5"
"154","Wake Forest","fbs","ACC",2017,3919544,"Matt Colburn",10,6,11,1.66666666666667,-1.03296715600034,-0.103296715600034,-0.172161192666724,53,5.3,8.83333333333333,0.4,9,10,0.9,0,0,NA,NA,NA,NA,NA,NA,NA,NA,"P5"
"154","Wake Forest","fbs","ACC",2017,3919557,"Scotty Washington",61,10,11,6.1,30.9235046094664,0.506942698515842,3.09235046094664,545,8.9344262295082,54.5,0.508196721311475,35,61,0.573770491803279,2,0,126,135,214,317.5,522,139.5,231,135,"P5"
"154","Wake Forest","fbs","ACC",2017,3919558,"Jack Freudenthal",5,3,11,1.66666666666667,6.86702641858008,1.37340528371602,2.28900880619336,42,8.4,14,0.6,3,5,0.6,1,0,NA,NA,NA,NA,NA,NA,NA,NA,"P5"
"154","Wake Forest","fbs","ACC",2017,3919559,"Chuck Wade",28,11,11,2.54545454545455,0.862728222716019,0.0308117222398578,0.078429838428729,221,7.89285714285714,20.0909090909091,0.5,17,28,0.607142857142857,1,1,541,544,538,335,458.5,491.5,358,549.5,"P5"
"154","Wake Forest","fbs","ACC",2017,4037211,"Arkeem Byrd",5,3,11,1.66666666666667,0.011716277366809,0.0023432554733618,0.00390542578893634,24,4.8,8,0.6,4,5,0.8,0,0,NA,NA,NA,NA,NA,NA,NA,NA,"P5"
"154","Wake Forest","fbs","ACC",2017,4037221,"Cade Carney",2,2,11,1,2.41069569458661,1.20534784729331,1.20534784729331,24,12,12,0.5,2,2,1,0,0,NA,NA,NA,NA,NA,NA,NA,NA,"P5"
"154","Wake Forest","fbs","ACC",2017,4037235,"Greg Dortch",68,7,11,9.71428571428571,24.5996792094477,0.361759988374231,3.51423988706396,668,9.82352941176471,95.4285714285714,0.514705882352941,49,68,0.720588235294118,7,2,185,101,318,302,195,77.5,149,16,"P5"
"158","Nebraska","fbs","Big Ten",2017,545757,"Tanner Lee",2,1,12,2,6.54660097214915,3.27330048607458,6.54660097214915,52,26,52,1,2,2,1,2,0,NA,NA,NA,NA,NA,NA,NA,NA,"P5"
"158","Nebraska","fbs","Big Ten",2017,556538,"Luke McNitt",2,2,12,1,-2.42852239358617,-1.21426119679308,-1.21426119679308,6,3,3,0.5,2,2,1,0,0,NA,NA,NA,NA,NA,NA,NA,NA,"P5"
"158","Nebraska","fbs","Big Ten",2017,557862,"Gabe Rahn",6,1,12,6,-1.42643508151038,-0.23773918025173,-1.42643508151038,27,4.5,27,0.333333333333333,2,6,0.333333333333333,0,0,NA,NA,NA,NA,NA,NA,NA,NA,"P5"
"158","Nebraska","fbs","Big Ten",2017,3116120,"Bryan Reimers",5,2,12,2.5,-0.902209133617977,-0.180441826723595,-0.451104566808988,25,5,12.5,0.2,2,5,0.4,1,0,NA,NA,NA,NA,NA,NA,NA,NA,"P5"
"158","Nebraska","fbs","Big Ten",2017,3116127,"Mikale Wilbon",27,10,12,2.7,-15.0901774319807,-0.558895460443728,-1.50901774319807,80,2.96296296296296,8,0.222222222222222,21,27,0.777777777777778,0,1,615,615,615,614,97,615,615,614,"P5"
"158","Nebraska","fbs","Big Ten",2017,3121396,"Tyler Hoppes",50,11,12,4.54545454545455,17.9229800759123,0.358459601518246,1.62936182508294,369,7.38,33.5454545454545,0.5,33,50,0.66,3,0,263,329,322,335,325,284,407,370,"P5"
"158","Nebraska","fbs","Big Ten",2017,3121398,"De'Mornay Pierson-El",61,12,12,5.08333333333333,37.497638791786,0.614715390029279,3.12480323264883,615,10.0819672131148,51.25,0.590163934426229,44,61,0.721311475409836,4,0,88,131,123,122.5,194,101,133,168,"P5"
"158","Nebraska","fbs","Big Ten",2017,3124555,"Keyan Williams",2,1,12,2,2.52808937154854,1.26404468577427,2.52808937154854,19,9.5,19,0.5,1,2,0.5,0,0,NA,NA,NA,NA,NA,NA,NA,NA,"P5"
"158","Nebraska","fbs","Big Ten",2017,3699902,"Stanley Morgan Jr.",102,11,12,9.27272727272727,59.4338795110594,0.58268509324568,5.40307995555085,947,9.2843137254902,86.0909090909091,0.519607843137255,60,102,0.588235294117647,9,2,14,25,152,290,500,21,199,28,"P5"
"158","Nebraska","fbs","Big Ten",2017,3699935,"Devine Ozigbo",18,6,12,3,1.24977549004258,0.0694319716690324,0.208295915007097,123,6.83333333333333,20.5,0.444444444444444,16,18,0.888888888888889,0,0,NA,NA,NA,NA,NA,NA,NA,NA,"P5"
"158","Nebraska","fbs","Big Ten",2017,3700061,"Conor Young",5,1,12,5,0.895507802888575,0.179101560577715,0.895507802888575,31,6.2,31,0.4,2,5,0.4,0,0,NA,NA,NA,NA,NA,NA,NA,NA,"P5"
"158","Nebraska","fbs","Big Ten",2017,4034837,"Tre Bryant",1,1,12,1,-0.22252112795014,-0.22252112795014,-0.22252112795014,0,0,0,0,0,1,0,0,0,NA,NA,NA,NA,NA,NA,NA,NA,"P5"
"158","Nebraska","fbs","Big Ten",2017,4034860,"JD Spielman",95,11,12,8.63636363636364,55.5790596518159,0.585042733177009,5.05264178652872,830,8.73684210526316,75.4545454545455,0.494736842105263,55,95,0.578947368421053,2,0,21,34,151,347,518,35.5,251,49,"P5"
"158","Nebraska","fbs","Big Ten",2017,4034862,"Jack Stoll",9,5,12,1.8,13.9979089763388,1.5553232195932,2.79958179526775,89,9.88888888888889,17.8,0.666666666666667,8,9,0.888888888888889,2,0,NA,NA,NA,NA,NA,NA,NA,NA,"P5"
"158","Nebraska","fbs","Big Ten",2017,4240791,"Jaylin Bradley",4,2,12,2,4.47870191465018,1.11967547866255,2.23935095732509,38,9.5,19,1,4,4,1,0,0,NA,NA,NA,NA,NA,NA,NA,NA,"P5"
"158","Nebraska","fbs","Big Ten",2017,4240801,"Tyjon Lindsey",17,8,12,2.125,-0.477643854452248,-0.0280966973207205,-0.0597054818065311,76,4.47058823529412,9.5,0.411764705882353,12,17,0.705882352941177,0,0,NA,NA,NA,NA,NA,NA,NA,NA,"P5"
"164","Rutgers","fbs","Big Ten",2017,545559,"Kyle Bolin",1,1,11,1,-2.57274132768055,-2.57274132768055,-2.57274132768055,-8,-8,-8,0,1,1,1,0,0,NA,NA,NA,NA,NA,NA,NA,NA,"P5"
"164","Rutgers","fbs","Big Ten",2017,547205,"Damon Mitchell",18,6,11,3,-1.41655024057069,-0.0786972355872604,-0.236091706761781,118,6.55555555555556,19.6666666666667,0.5,9,18,0.5,0,0,NA,NA,NA,NA,NA,NA,NA,NA,"P5"
"164","Rutgers","fbs","Big Ten",2017,547542,"Janarion Grant",23,6,11,3.83333333333333,6.40115869190536,0.278311247474146,1.06685978198423,165,7.17391304347826,27.5,0.478260869565217,15,23,0.652173913043478,1,0,472,421,395,389,345.5,560,430,453,"P5"
"164","Rutgers","fbs","Big Ten",2017,547555,"Myles Nash",2,2,11,1,1.57534648164537,0.787673240822687,0.787673240822687,25,12.5,12.5,1,2,2,1,0,0,NA,NA,NA,NA,NA,NA,NA,NA,"P5"
"164","Rutgers","fbs","Big Ten",2017,550049,"Gus Edwards",16,10,11,1.6,9.71436943132618,0.607148089457886,0.971436943132618,103,6.4375,10.3,0.5,13,16,0.8125,1,0,NA,NA,NA,NA,NA,NA,NA,NA,"P5"
"164","Rutgers","fbs","Big Ten",2017,3127369,"Josh Hicks",5,3,11,1.66666666666667,3.74613764148492,0.749227528296985,1.24871254716164,51,10.2,17,0.6,4,5,0.8,0,0,NA,NA,NA,NA,NA,NA,NA,NA,"P5"
"164","Rutgers","fbs","Big Ten",2017,3127374,"Robert Martin",11,5,11,2.2,-2.81688751192585,-0.25608068290235,-0.563377502385171,56,5.09090909090909,11.2,0.272727272727273,8,11,0.727272727272727,0,0,NA,NA,NA,NA,NA,NA,NA,NA,"P5"
"164","Rutgers","fbs","Big Ten",2017,3672867,"Jerome Washington",42,10,11,4.2,6.00703511032756,0.143024645483989,0.600703511032756,264,6.28571428571429,26.4,0.452380952380952,25,42,0.595238095238095,0,0,481,487,494,452,485,408.5,504,463,"P5"
"164","Rutgers","fbs","Big Ten",2017,3930020,"Max Anthony",2,1,11,2,1.70297192444761,0.851485962223803,1.70297192444761,17,8.5,17,1,2,2,1,0,0,NA,NA,NA,NA,NA,NA,NA,NA,"P5"
"164","Rutgers","fbs","Big Ten",2017,3930035,"Nakia Griffin-Stewart",11,7,11,1.57142857142857,-0.0366128936527003,-0.00332844487751821,-0.00523041337895718,66,6,9.42857142857143,0.545454545454545,9,11,0.818181818181818,0,0,NA,NA,NA,NA,NA,NA,NA,NA,"P5"
"164","Rutgers","fbs","Big Ten",2017,3930038,"Jawuan Harris",3,2,11,1.5,-1.89076186549179,-0.63025395516393,-0.945380932745896,4,1.33333333333333,2,0,1,3,0.333333333333333,0,0,NA,NA,NA,NA,NA,NA,NA,NA,"P5"
"164","Rutgers","fbs","Big Ten",2017,4038715,"Dacoven Bailey",16,6,11,2.66666666666667,8.18160486335589,0.511350303959743,1.36360081055932,122,7.625,20.3333333333333,0.4375,9,16,0.5625,1,0,NA,NA,NA,NA,NA,NA,NA,NA,"P5"
"164","Rutgers","fbs","Big Ten",2017,4038721,"Mohamed Jabbie",3,2,11,1.5,0.425275008097557,0.141758336032519,0.212637504048779,19,6.33333333333333,9.5,0.333333333333333,3,3,1,0,0,NA,NA,NA,NA,NA,NA,NA,NA,"P5"
"164","Rutgers","fbs","Big Ten",2017,4259303,"Everett Wormley",5,3,11,1.66666666666667,-1.91172069618232,-0.382344139236464,-0.637240232060773,19,3.8,6.33333333333333,0.2,4,5,0.8,0,0,NA,NA,NA,NA,NA,NA,NA,NA,"P5"
"164","Rutgers","fbs","Big Ten",2017,4259305,"Bo Melton",4,3,11,1.33333333333333,1.05123794496748,0.262809486241869,0.350412648322493,35,8.75,11.6666666666667,0.5,3,4,0.75,0,0,NA,NA,NA,NA,NA,NA,NA,NA,"P5"
"164","Rutgers","fbs","Big Ten",2017,4259308,"Raheem Blackshear",11,6,11,1.83333333333333,1.9596535550003,0.178150323181846,0.326608925833383,103,9.36363636363636,17.1666666666667,0.272727272727273,5,11,0.454545454545455,2,0,NA,NA,NA,NA,NA,NA,NA,NA,"P5"
"164","Rutgers","fbs","Big Ten",2017,4259323,"Hunter Hayek",12,6,11,2,-1.91484147026815,-0.159570122522346,-0.319140245044691,62,5.16666666666667,10.3333333333333,0.333333333333333,8,12,0.666666666666667,0,0,NA,NA,NA,NA,NA,NA,NA,NA,"P5"
"164","Rutgers","fbs","Big Ten",2017,4259324,"Travis Vokolek",1,1,11,1,0.667145893900053,0.667145893900053,0.667145893900053,14,14,14,1,1,1,1,0,0,NA,NA,NA,NA,NA,NA,NA,NA,"P5"
"166","New Mexico State","fbs","Sun Belt",2017,551153,"Gregory Hogan",32,9,12,3.55555555555556,16.5690599751806,0.517783124224394,1.84100666390896,272,8.5,30.2222222222222,0.59375,25,32,0.78125,1,0,294,293,199,112,93.5,399.5,271,417,"G5"
"166","New Mexico State","fbs","Sun Belt",2017,3068222,"Conner Cramer",19,5,12,3.8,17.6815537294373,0.930608091023014,3.53631074588745,146,7.68421052631579,29.2,0.631578947368421,16,19,0.842105263157895,0,0,NA,NA,NA,NA,NA,NA,NA,NA,"G5"
"166","New Mexico State","fbs","Sun Belt",2017,3124979,"Larry Rose III",66,11,12,6,7.78475304915876,0.117950803775133,0.707704822650796,472,7.15151515151515,42.9090909090909,0.424242424242424,48,66,0.727272727272727,1,0,454,477,503,504.5,182.5,187,432,243,"G5"
"166","New Mexico State","fbs","Sun Belt",2017,3124980,"Jaden Wright",2,1,12,2,3.21058078769445,1.60529039384722,3.21058078769445,31,15.5,31,0.5,2,2,1,0,0,NA,NA,NA,NA,NA,NA,NA,NA,"G5"
"166","New Mexico State","fbs","Sun Belt",2017,3124981,"Tyler Rogers",6,3,12,2,21.5352545234258,3.58920908723763,7.17841817447526,80,13.3333333333333,26.6666666666667,1,6,6,1,6,0,NA,NA,NA,NA,NA,NA,NA,NA,"G5"
"166","New Mexico State","fbs","Sun Belt",2017,3124986,"Malik Demby",2,1,12,2,-0.185101473219159,-0.0925507366095797,-0.185101473219159,9,4.5,9,0.5,2,2,1,0,0,NA,NA,NA,NA,NA,NA,NA,NA,"G5"
"166","New Mexico State","fbs","Sun Belt",2017,3918448,"OJ Clark",59,10,12,5.9,20.5278680765342,0.347929967398886,2.05278680765342,490,8.30508474576271,49,0.576271186440678,44,59,0.745762711864407,3,2,226,246,333,151.5,152.5,172.5,294,186,"G5"
"166","New Mexico State","fbs","Sun Belt",2017,3918459,"Cedric Wilcots II",1,1,12,1,-0.0502799768113158,-0.0502799768113158,-0.0502799768113158,4,4,4,0,1,1,1,0,0,NA,NA,NA,NA,NA,NA,NA,NA,"G5"
"166","New Mexico State","fbs","Sun Belt",2017,3918469,"Izaiah Lottie",36,7,12,5.14285714285714,13.5405633835404,0.376126760653901,1.93436619764863,306,8.5,43.7142857142857,0.388888888888889,18,36,0.5,4,0,356,275,302,541,595.5,359,271,236,"G5"
"166","New Mexico State","fbs","Sun Belt",2017,3922131,"Anthony Muse",38,10,12,3.8,30.2897340656296,0.79709826488499,3.02897340656296,414,10.8947368421053,41.4,0.736842105263158,35,38,0.921052631578947,1,0,133,149,58,9,3,239,81,263,"G5"
"166","New Mexico State","fbs","Sun Belt",2017,4040784,"Josh Aganon",13,4,12,3.25,-0.703782075603877,-0.0541370827387598,-0.175945518900969,57,4.38461538461539,14.25,0.384615384615385,8,13,0.615384615384615,0,0,NA,NA,NA,NA,NA,NA,NA,NA,"G5"
"166","New Mexico State","fbs","Sun Belt",2017,4040788,"Johnathan Boone",40,8,12,5,15.4853577228305,0.387133943070762,1.93566971535381,351,8.775,43.875,0.525,26,40,0.65,1,2,319,273,295,274,353,307,250,235,"G5"
"166","New Mexico State","fbs","Sun Belt",2017,4040790,"Jason Huntley",43,11,12,3.90909090909091,-1.01564145669119,-0.0236195687602602,-0.0923310415173807,309,7.18604651162791,28.0909090909091,0.325581395348837,32,43,0.744186046511628,1,1,559,558,560,594,155.5,353.5,428,444,"G5"
"166","New Mexico State","fbs","Sun Belt",2017,4040791,"Drew Dan",17,5,12,3.4,-0.0848091159782071,-0.00498877152812983,-0.0169618231956414,91,5.35294117647059,18.2,0.529411764705882,11,17,0.647058823529412,0,0,NA,NA,NA,NA,NA,NA,NA,NA,"G5"
"166","New Mexico State","fbs","Sun Belt",2017,4040792,"Jaleel Scott",108,11,12,9.81818181818182,58.6290125679926,0.542861227481413,5.32991023345387,1003,9.28703703703704,91.1818181818182,0.509259259259259,72,108,0.666666666666667,7,1,15,26,180,315,310.5,14,198,21,"G5"
"166","New Mexico State","fbs","Sun Belt",2017,4040793,"Peyton Theisler",1,1,12,1,-2.67595349326603,-2.67595349326603,-2.67595349326603,0,0,0,0,0,1,0,0,0,NA,NA,NA,NA,NA,NA,NA,NA,"G5"
"166","New Mexico State","fbs","Sun Belt",2017,4040819,"Bryce Roberts",8,7,12,1.14285714285714,6.18393254556852,0.772991568196065,0.883418935081217,58,7.25,8.28571428571429,0.625,8,8,1,3,0,NA,NA,NA,NA,NA,NA,NA,NA,"G5"
"166","New Mexico State","fbs","Sun Belt",2017,4241647,"Xander Yarberough",5,2,12,2.5,-0.522100012180363,-0.104420002436073,-0.261050006090181,22,4.4,11,0.2,2,5,0.4,0,0,NA,NA,NA,NA,NA,NA,NA,NA,"G5"
"167","New Mexico","fbs","Mountain West",2017,551029,"Romell Jordan",9,7,11,1.28571428571429,2.43513785075046,0.270570872305606,0.347876835821494,48,5.33333333333333,6.85714285714286,0.333333333333333,8,9,0.888888888888889,0,0,NA,NA,NA,NA,NA,NA,NA,NA,"G5"
"167","New Mexico","fbs","Mountain West",2017,3124661,"Patrick Reed",8,5,11,1.6,3.71444316765591,0.464305395956988,0.742888633531181,52,6.5,10.4,0.625,6,8,0.75,0,0,NA,NA,NA,NA,NA,NA,NA,NA,"G5"
"167","New Mexico","fbs","Mountain West",2017,3124663,"Chris Davis Jr.",33,9,11,3.66666666666667,11.5599905080334,0.35030274266768,1.28444338978149,207,6.27272727272727,23,0.454545454545455,22,33,0.666666666666667,1,0,392,380,330,444.5,310.5,516,505,514.5,"G5"
"167","New Mexico","fbs","Mountain West",2017,3124664,"Tyrone Owens",11,6,11,1.83333333333333,-11.1373365663022,-1.01248514239111,-1.85622276105037,17,1.54545454545455,2.83333333333333,0,6,11,0.545454545454545,0,0,NA,NA,NA,NA,NA,NA,NA,NA,"G5"
"167","New Mexico","fbs","Mountain West",2017,3917098,"Richard McQuarley",3,3,11,1,-2.89472030169971,-0.964906767233238,-0.964906767233238,2,0.666666666666667,0.666666666666667,0,2,3,0.666666666666667,0,0,NA,NA,NA,NA,NA,NA,NA,NA,"G5"
"167","New Mexico","fbs","Mountain West",2017,3917100,"Q' Drennan",17,7,11,2.42857142857143,5.96885661515532,0.351109212656195,0.852693802165046,140,8.23529411764706,20,0.352941176470588,8,17,0.470588235294118,0,0,NA,NA,NA,NA,NA,NA,NA,NA,"G5"
"167","New Mexico","fbs","Mountain West",2017,3917104,"Daryl Chestnut",9,6,11,1.5,-5.04455065374198,-0.560505628193554,-0.840758442290331,32,3.55555555555556,5.33333333333333,0.111111111111111,5,9,0.555555555555556,0,0,NA,NA,NA,NA,NA,NA,NA,NA,"G5"
"167","New Mexico","fbs","Mountain West",2017,3917117,"Delane Hart-Johnson",19,7,11,2.71428571428571,10.0093912177992,0.526810064094692,1.42991303111417,233,12.2631578947368,33.2857142857143,0.526315789473684,12,19,0.631578947368421,1,0,NA,NA,NA,NA,NA,NA,NA,NA,"G5"
"167","New Mexico","fbs","Mountain West",2017,3917120,"Anu Somoye",1,1,11,1,-1.55923176740417,-1.55923176740417,-1.55923176740417,0,0,0,0,0,1,0,0,0,NA,NA,NA,NA,NA,NA,NA,NA,"G5"
"167","New Mexico","fbs","Mountain West",2017,4039388,"Anselem Umeh",4,2,11,2,6.58337228720571,1.64584307180143,3.29168614360285,59,14.75,29.5,0.75,3,4,0.75,1,0,NA,NA,NA,NA,NA,NA,NA,NA,"G5"
"167","New Mexico","fbs","Mountain West",2017,4039394,"Jay Griffin IV",37,9,11,4.11111111111111,16.5569638665302,0.447485509906223,1.83966265183669,354,9.56756756756757,39.3333333333333,0.459459459459459,27,37,0.72972972972973,3,1,295,295,253,433.5,175.5,302,171,290,"G5"
"167","New Mexico","fbs","Mountain West",2017,4078375,"Rafael Hidalgo",1,1,11,1,0.758322859161841,0.758322859161841,0.758322859161841,13,13,13,1,1,1,1,0,0,NA,NA,NA,NA,NA,NA,NA,NA,"G5"
"167","New Mexico","fbs","Mountain West",2017,4240051,"Marcus Williams",1,1,11,1,3.56942623631858,3.56942623631858,3.56942623631858,27,27,27,1,1,1,1,0,0,NA,NA,NA,NA,NA,NA,NA,NA,"G5"
"167","New Mexico","fbs","Mountain West",2017,4261169,"Zahneer Shuler",6,3,11,2,2.65902183361543,0.443170305602572,0.886340611205143,60,10,20,0.5,5,6,0.833333333333333,0,0,NA,NA,NA,NA,NA,NA,NA,NA,"G5"
"167","New Mexico","fbs","Mountain West",2017,4261191,"Aaron Molina",7,3,11,2.33333333333333,1.64111880102908,0.234445543004154,0.547039600343027,20,2.85714285714286,6.66666666666667,0.285714285714286,2,7,0.285714285714286,1,0,NA,NA,NA,NA,NA,NA,NA,NA,"G5"
"183","Syracuse","fbs","ACC",2017,550939,"Devin M. Butler",1,1,11,1,-0.596473546279384,-0.596473546279384,-0.596473546279384,0,0,0,0,0,1,0,0,0,NA,NA,NA,NA,NA,NA,NA,NA,"P5"
"183","Syracuse","fbs","ACC",2017,559678,"Ravian Pierce",33,9,11,3.66666666666667,14.350832937966,0.434873725392908,1.59453699310733,260,7.87878787878788,28.8888888888889,0.575757575757576,26,33,0.787878787878788,3,1,338,333,258,153.5,79,418.5,361.5,432.5,"P5"
"183","Syracuse","fbs","ACC",2017,3123992,"Steve Ishmael",142,11,11,12.9090909090909,51.2044323062248,0.360594593705809,4.65494839147498,1161,8.17605633802817,105.545454545455,0.52112676056338,92,142,0.647887323943662,6,1,34,50,320,286,361,6.5,308,8,"P5"
"183","Syracuse","fbs","ACC",2017,3123996,"Ervin Philips",129,11,11,11.7272727272727,21.104762540125,0.163602810388566,1.918614776375,767,5.94573643410853,69.7272727272727,0.511627906976744,82,129,0.635658914728682,2,0,218,277,482,307.5,390,55,532,64,"P5"
"183","Syracuse","fbs","ACC",2017,3124013,"Jamal Custis",5,3,11,1.66666666666667,9.97396246458935,1.99479249291787,3.32465415486312,80,16,26.6666666666667,0.8,5,5,1,1,0,NA,NA,NA,NA,NA,NA,NA,NA,"P5"
"183","Syracuse","fbs","ACC",2017,3916447,"Eric Dungey",6,3,11,2,11.2066194150332,1.86776990250553,3.73553980501106,130,21.6666666666667,43.3333333333333,0.666666666666667,5,6,0.833333333333333,3,0,NA,NA,NA,NA,NA,NA,NA,NA,"P5"
"183","Syracuse","fbs","ACC",2017,3916451,"Dontae Strickland",28,8,11,3.5,-8.9144917983156,-0.3183747070827,-1.11431147478945,119,4.25,14.875,0.25,17,28,0.607142857142857,1,0,609,607,608,610.5,458.5,601,607,599,"P5"
"183","Syracuse","fbs","ACC",2017,3916456,"Tyrone Perkins",1,1,11,1,-0.870366573127487,-0.870366573127487,-0.870366573127487,0,0,0,0,1,1,1,0,0,NA,NA,NA,NA,NA,NA,NA,NA,"P5"
"183","Syracuse","fbs","ACC",2017,4037124,"Sean Riley",12,7,11,1.71428571428571,5.68159702595853,0.473466418829878,0.811656717994076,117,9.75,16.7142857142857,0.5,7,12,0.583333333333333,0,0,NA,NA,NA,NA,NA,NA,NA,NA,"P5"
"183","Syracuse","fbs","ACC",2017,4037125,"Moe Neal",17,7,11,2.42857142857143,-0.386687655821315,-0.0227463326953715,-0.0552410936887593,118,6.94117647058824,16.8571428571429,0.352941176470588,11,17,0.647058823529412,0,0,NA,NA,NA,NA,NA,NA,NA,NA,"P5"
"183","Syracuse","fbs","ACC",2017,4037141,"Devin C. Butler",49,10,11,4.9,-6.83158736891756,-0.139420150386073,-0.683158736891756,273,5.57142857142857,27.3,0.387755102040816,29,49,0.591836734693878,1,0,601,596,590,544,493,397.5,562,458.5,"P5"
"183","Syracuse","fbs","ACC",2017,4240392,"Markenzy Pierre",1,1,11,1,-1.75250277388184,-1.75250277388184,-1.75250277388184,6,6,6,0,1,1,1,0,0,NA,NA,NA,NA,NA,NA,NA,NA,"P5"
"183","Syracuse","fbs","ACC",2017,4240408,"Nykeim Johnson",9,5,11,1.8,-0.119945440995539,-0.0133272712217266,-0.0239890881991079,55,6.11111111111111,11,0.777777777777778,7,9,0.777777777777778,0,0,NA,NA,NA,NA,NA,NA,NA,NA,"P5"
"189","Bowling Green","fbs","Mid-American",2017,545228,"Donovan Wilson",3,3,11,1,-2.31755282053617,-0.772517606845391,-0.772517606845391,9,3,3,0,2,3,0.666666666666667,0,0,NA,NA,NA,NA,NA,NA,NA,NA,"G5"
"189","Bowling Green","fbs","Mid-American",2017,547071,"Teo Redding",63,10,11,6.3,36.8610308717663,0.585095728123274,3.68610308717663,584,9.26984126984127,58.4,0.476190476190476,41,63,0.650793650793651,7,0,92,89,150,395,350,113,201,108,"G5"
"189","Bowling Green","fbs","Mid-American",2017,547092,"Hunter Folkertsma",10,8,11,1.25,8.89385653064158,0.889385653064158,1.1117320663302,105,10.5,13.125,0.7,7,10,0.7,2,0,NA,NA,NA,NA,NA,NA,NA,NA,"G5"
"189","Bowling Green","fbs","Mid-American",2017,3125762,"Pete Norris",3,3,11,1,4.58962668125745,1.52987556041915,1.52987556041915,42,14,14,0.666666666666667,3,3,1,0,0,NA,NA,NA,NA,NA,NA,NA,NA,"G5"
"189","Bowling Green","fbs","Mid-American",2017,3127325,"Datrin Guyton",57,9,11,6.33333333333333,-3.11202324713785,-0.0545968990725938,-0.345780360793094,417,7.31578947368421,46.3333333333333,0.333333333333333,26,57,0.456140350877193,2,1,579,581,571,591,610,233.5,416,208.5,"G5"
"189","Bowling Green","fbs","Mid-American",2017,3914392,"Janarvis Pough",20,8,11,2.5,0.781152147811359,0.0390576073905679,0.0976440184764199,106,5.3,13.25,0.5,11,20,0.55,0,0,NA,NA,NA,NA,NA,NA,NA,NA,"G5"
"189","Bowling Green","fbs","Mid-American",2017,3914397,"Scott Miller",75,11,11,6.81818181818182,38.2814546381693,0.510419395175591,3.48013223983358,665,8.86666666666667,60.4545454545455,0.626666666666667,58,75,0.773333333333333,3,1,83,105,212,67,101.5,81,240,98,"G5"
"189","Bowling Green","fbs","Mid-American",2017,3914399,"Matt Domer",3,1,11,3,-2.06410605930193,-0.688035353100643,-2.06410605930193,7,2.33333333333333,7,0.333333333333333,2,3,0.666666666666667,0,0,NA,NA,NA,NA,NA,NA,NA,NA,"G5"
"189","Bowling Green","fbs","Mid-American",2017,3914416,"Deric Phouthavong",9,3,11,3,0.610907718376644,0.0678786353751827,0.203635906125548,75,8.33333333333333,25,0.444444444444444,4,9,0.444444444444444,0,0,NA,NA,NA,NA,NA,NA,NA,NA,"G5"
"189","Bowling Green","fbs","Mid-American",2017,4035748,"Terence Stephens Jr.",1,1,11,1,-0.371529114580611,-0.371529114580611,-0.371529114580611,-1,-1,-1,0,1,1,1,0,0,NA,NA,NA,NA,NA,NA,NA,NA,"G5"
"189","Bowling Green","fbs","Mid-American",2017,4035751,"Leonard Skattebo",3,2,11,1.5,-1.28127432730171,-0.427091442433904,-0.640637163650857,11,3.66666666666667,5.5,0.333333333333333,1,3,0.333333333333333,0,0,NA,NA,NA,NA,NA,NA,NA,NA,"G5"
"189","Bowling Green","fbs","Mid-American",2017,4035761,"Jared Wyatt",5,1,11,5,0.935399644355706,0.187079928871141,0.935399644355706,45,9,45,0.6,4,5,0.8,0,0,NA,NA,NA,NA,NA,NA,NA,NA,"G5"
"189","Bowling Green","fbs","Mid-American",2017,4046740,"Josh Cleveland",15,7,11,2.14285714285714,0.791594909336234,0.0527729939557489,0.113084987048033,90,6,12.8571428571429,0.4,10,15,0.666666666666667,0,0,NA,NA,NA,NA,NA,NA,NA,NA,"G5"
"189","Bowling Green","fbs","Mid-American",2017,4046741,"Montre Gregory",2,1,11,2,-1.34249051732289,-0.671245258661446,-1.34249051732289,0,0,0,0,0,2,0,0,0,NA,NA,NA,NA,NA,NA,NA,NA,"G5"
"189","Bowling Green","fbs","Mid-American",2017,4244029,"Jarret Doege",1,1,11,1,1.12847322306602,1.12847322306602,1.12847322306602,18,18,18,1,1,1,1,0,0,NA,NA,NA,NA,NA,NA,NA,NA,"G5"
"189","Bowling Green","fbs","Mid-American",2017,4244032,"Matthew Wilcox Jr.",19,9,11,2.11111111111111,4.01613027834803,0.211375277807791,0.446236697594226,106,5.57894736842105,11.7777777777778,0.368421052631579,14,19,0.736842105263158,1,0,NA,NA,NA,NA,NA,NA,NA,NA,"G5"
"189","Bowling Green","fbs","Mid-American",2017,4244038,"Andrew Clair",15,7,11,2.14285714285714,7.12750970068888,0.475167313379259,1.01821567152698,130,8.66666666666667,18.5714285714286,0.533333333333333,13,15,0.866666666666667,2,1,NA,NA,NA,NA,NA,NA,NA,NA,"G5"
"189","Bowling Green","fbs","Mid-American",2017,4244049,"Quintin Morris",10,6,11,1.66666666666667,9.69018322248509,0.969018322248509,1.61503053708085,91,9.1,15.1666666666667,0.7,7,10,0.7,2,0,NA,NA,NA,NA,NA,NA,NA,NA,"G5"
"193","Miami (OH)","fbs","Mid-American",2017,550214,"Jared Murphy",47,10,11,4.7,25.7324431128021,0.547498789634087,2.57324431128021,417,8.87234042553191,41.7,0.659574468085106,36,47,0.765957446808511,2,0,174,184,177,38.5,115.5,233.5,238,260,"G5"
"193","Miami (OH)","fbs","Mid-American",2017,3125962,"Kenny Young",30,10,11,3,17.6287299975817,0.587624333252724,1.76287299975817,258,8.6,25.8,0.8,27,30,0.9,1,0,270,309,148,1,6,422,264,474,"G5"
"193","Miami (OH)","fbs","Mid-American",2017,3125968,"Gus Ragland",1,1,11,1,3.44499081271816,3.44499081271816,3.44499081271816,19,19,19,1,1,1,1,1,0,NA,NA,NA,NA,NA,NA,NA,NA,"G5"
"193","Miami (OH)","fbs","Mid-American",2017,3125973,"Alonzo Smith",14,6,11,2.33333333333333,-7.83497060439976,-0.559640757457126,-1.30582843406663,74,5.28571428571429,12.3333333333333,0.214285714285714,9,14,0.642857142857143,0,0,NA,NA,NA,NA,NA,NA,NA,NA,"G5"
"193","Miami (OH)","fbs","Mid-American",2017,3125991,"Ryan Smith",50,10,11,5,30.5133417126452,0.610266834252904,3.05133417126452,435,8.7,43.5,0.66,34,50,0.68,3,0,129,140,127,37,285,215,253,237.5,"G5"
"193","Miami (OH)","fbs","Mid-American",2017,3125992,"Sam Martin",38,9,11,4.22222222222222,17.4313411756077,0.458719504621256,1.93681568617864,348,9.1578947368421,38.6666666666667,0.578947368421053,24,38,0.631578947368421,3,0,272,272,241,146,399,310,219,301.5,"G5"
"193","Miami (OH)","fbs","Mid-American",2017,3125999,"Nate Becker",2,2,11,1,3.15006636147188,1.57503318073594,1.57503318073594,20,10,10,1,2,2,1,0,0,NA,NA,NA,NA,NA,NA,NA,NA,"G5"
"193","Miami (OH)","fbs","Mid-American",2017,3915321,"James Gardner",79,10,11,7.9,55.3880348816359,0.701114365590328,5.53880348816359,810,10.253164556962,81,0.518987341772152,42,79,0.531645569620253,9,1,23,23,93,291,575,39,125,36,"G5"
"193","Miami (OH)","fbs","Mid-American",2017,3915333,"Luke Mayock",24,6,11,4,14.1294177307163,0.588725738779845,2.35490295511938,215,8.95833333333333,35.8333333333333,0.541666666666667,14,24,0.583333333333333,1,0,341,216,146,237.5,507.5,505.5,230,339.5,"G5"
"193","Miami (OH)","fbs","Mid-American",2017,3915346,"Maurice Thomas",6,2,11,3,2.84087022408518,0.473478370680864,1.42043511204259,71,11.8333333333333,35.5,0.333333333333333,5,6,0.833333333333333,0,0,NA,NA,NA,NA,NA,NA,NA,NA,"G5"
"193","Miami (OH)","fbs","Mid-American",2017,4038995,"Quentin Hardy",1,1,11,1,2.01392683476643,2.01392683476643,2.01392683476643,3,3,3,1,1,1,1,1,0,NA,NA,NA,NA,NA,NA,NA,NA,"G5"
"193","Miami (OH)","fbs","Mid-American",2017,4244304,"Jaylon Bester",11,5,11,2.2,-3.86433866538938,-0.351303515035398,-0.772867733077877,46,4.18181818181818,9.2,0.272727272727273,7,11,0.636363636363636,0,0,NA,NA,NA,NA,NA,NA,NA,NA,"G5"
"194","Ohio State","fbs","Big Ten",2017,545624,"J.T. Barrett",12,6,13,2,48.0132679646797,4.0011056637233,8.00221132744661,416,34.6666666666667,69.3333333333333,1,12,12,1,12,0,NA,NA,NA,NA,NA,NA,NA,NA,"P5"
"194","Ohio State","fbs","Big Ten",2017,549806,"Marcus Baugh",36,13,13,2.76923076923077,8.39196387128931,0.233110107535814,0.64553568240687,248,6.88888888888889,19.0769230769231,0.555555555555556,23,36,0.638888888888889,4,0,445,482,429,201.5,379,442.5,455,563,"P5"
"194","Ohio State","fbs","Big Ten",2017,3121410,"Parris Campbell",46,12,13,3.83333333333333,4.11471609167614,0.0894503498190464,0.342893007639678,444,9.65217391304348,37,0.58695652173913,36,46,0.782608695652174,1,2,506,515,516,126.5,88,210,164,326,"P5"
"194","Ohio State","fbs","Big Ten",2017,3121413,"Johnnie Dixon",25,9,13,2.77777777777778,18.9412506192274,0.757650024769095,2.10458340213638,308,12.32,34.2222222222222,0.52,14,25,0.56,4,0,246,238,69,288.5,536.5,355.5,36,355,"P5"
"194","Ohio State","fbs","Big Ten",2017,3121422,"Terry McLaurin",36,12,13,3,12.5431094679996,0.348419707444434,1.0452591223333,287,7.97222222222222,23.9166666666667,0.583333333333333,24,36,0.666666666666667,2,0,370,425,332,133.5,310.5,382,340,503,"P5"
"194","Ohio State","fbs","Big Ten",2017,3915508,"Rashod Berry",6,3,13,2,5.2484698844025,0.874744980733751,1.7494899614675,100,16.6666666666667,33.3333333333333,0.833333333333333,6,6,1,2,1,NA,NA,NA,NA,NA,NA,NA,NA,"P5"
"194","Ohio State","fbs","Big Ten",2017,3915522,"K.J. Hill",68,13,13,5.23076923076923,16.6573870038272,0.244961573585694,1.28133746183286,546,8.02941176470588,42,0.529411764705882,55,68,0.808823529411765,3,0,290,381,411,267,61,138,334,254.5,"P5"
"194","Ohio State","fbs","Big Ten",2017,3915536,"Mike Weber",10,4,13,2.5,1.90623991278427,0.190623991278427,0.476559978196067,78,7.8,19.5,0.5,9,10,0.9,0,0,NA,NA,NA,NA,NA,NA,NA,NA,"P5"
"194","Ohio State","fbs","Big Ten",2017,4040612,"Luke Farrell",2,2,13,1,1.06328763803548,0.531643819017742,0.531643819017742,19,9.5,9.5,0.5,2,2,1,0,0,NA,NA,NA,NA,NA,NA,NA,NA,"P5"
"194","Ohio State","fbs","Big Ten",2017,4040623,"Austin Mack",29,9,13,3.22222222222222,19.4989909543383,0.67237899842546,2.16655455048204,287,9.89655172413793,31.8888888888889,0.655172413793103,21,29,0.724137931034483,2,0,236,229,103,44.5,192,382,146,390,"P5"
"194","Ohio State","fbs","Big Ten",2017,4040625,"Demario McCall",3,3,13,1,3.38739501795501,1.12913167265167,1.12913167265167,51,17,17,0.666666666666667,2,3,0.666666666666667,1,0,NA,NA,NA,NA,NA,NA,NA,NA,"P5"
"194","Ohio State","fbs","Big Ten",2017,4040627,"C.J. Saunders",19,8,13,2.375,9.23584789387622,0.486097257572432,1.15448098673453,221,11.6315789473684,27.625,0.631578947368421,17,19,0.894736842105263,1,0,NA,NA,NA,NA,NA,NA,NA,NA,"P5"
"194","Ohio State","fbs","Big Ten",2017,4040628,"Binjimen Victor",36,9,13,4,18.6663470007583,0.518509638909953,2.07403855563981,341,9.47222222222222,37.8888888888889,0.583333333333333,22,36,0.611111111111111,6,0,251,242,198,133.5,447,318,180,313,"P5"
"194","Ohio State","fbs","Big Ten",2017,4040629,"Antonio Williams",7,4,13,1.75,-2.11871865517088,-0.30267409359584,-0.52967966379272,25,3.57142857142857,6.25,0.142857142857143,5,7,0.714285714285714,0,0,NA,NA,NA,NA,NA,NA,NA,NA,"P5"
"194","Ohio State","fbs","Big Ten",2017,4241985,"J.K. Dobbins",26,9,13,2.88888888888889,2.81203866991654,0.108155333458328,0.312448741101838,135,5.19230769230769,15,0.461538461538462,22,26,0.846153846153846,1,0,519,521,510,428.5,33,587.5,584,596.5,"P5"
"194","Ohio State","fbs","Big Ten",2017,4241988,"Trevon Grimes",3,2,13,1.5,0.282069932396709,0.094023310798903,0.141034966198355,20,6.66666666666667,10,0.666666666666667,3,3,1,0,0,NA,NA,NA,NA,NA,NA,NA,NA,"P5"
"194","Ohio State","fbs","Big Ten",2017,4241991,"Jaylen Harris",2,1,13,2,0.720091165080832,0.360045582540416,0.720091165080832,27,13.5,27,1,2,2,1,0,0,NA,NA,NA,NA,NA,NA,NA,NA,"P5"
"195","Ohio","fbs","Mid-American",2017,550681,"Dorian Brown",5,4,10,1.25,-4.03807840251763,-0.807615680503526,-1.00951960062941,2,0.4,0.5,0,1,5,0.2,0,0,NA,NA,NA,NA,NA,NA,NA,NA,"G5"
"195","Ohio","fbs","Mid-American",2017,550683,"Brendan Cope",47,8,10,5.875,11.9899626755749,0.255105588842018,1.49874533444686,459,9.76595744680851,57.375,0.553191489361702,31,47,0.659574468085106,3,1,385,348,404,209,327,197,153,116,"G5"
"195","Ohio","fbs","Mid-American",2017,550693,"Troy Mangen",11,4,10,2.75,6.3676008983171,0.578872808937919,1.59190022457928,115,10.4545454545455,28.75,0.636363636363636,10,11,0.909090909090909,2,0,NA,NA,NA,NA,NA,NA,NA,NA,"G5"
"195","Ohio","fbs","Mid-American",2017,550694,"Jerrid Marhefka",9,3,10,3,7.61262515295599,0.845847239217332,2.537541717652,88,9.77777777777778,29.3333333333333,0.777777777777778,8,9,0.888888888888889,1,0,NA,NA,NA,NA,NA,NA,NA,NA,"G5"
"195","Ohio","fbs","Mid-American",2017,550696,"Mason Morgan",6,3,10,2,8.48455473893841,1.41409245648973,2.82818491297947,71,11.8333333333333,23.6666666666667,0.833333333333333,6,6,1,2,0,NA,NA,NA,NA,NA,NA,NA,NA,"G5"
"195","Ohio","fbs","Mid-American",2017,3126068,"Andrew Meyer",52,10,10,5.2,4.57726665060276,0.0880243586654378,0.457726665060276,388,7.46153846153846,38.8,0.384615384615385,26,52,0.5,2,0,501,504,517,547,595.5,269.5,400,296,"G5"
"195","Ohio","fbs","Mid-American",2017,3126072,"A.J. Ouellette",11,6,10,1.83333333333333,2.23042832649082,0.202766211499165,0.371738054415136,86,7.81818181818182,14.3333333333333,0.363636363636364,8,11,0.727272727272727,1,0,NA,NA,NA,NA,NA,NA,NA,NA,"G5"
"195","Ohio","fbs","Mid-American",2017,3126080,"Papi White",42,6,10,7,6.21137516854505,0.147889884965358,1.03522919475751,387,9.21428571428571,64.5,0.404761904761905,22,42,0.523809523809524,1,0,476,431,488,529.5,580,271.5,210,83,"G5"
"195","Ohio","fbs","Mid-American",2017,4039089,"Cameron Odom",23,7,10,3.28571428571429,-5.47105963042796,-0.237872157844694,-0.781579947203995,177,7.69565217391304,25.2857142857143,0.434782608695652,12,23,0.521739130434783,1,1,593,600,602,489.5,581,547.5,386,483,"G5"
"195","Ohio","fbs","Mid-American",2017,4039112,"Matt Seymour",1,1,10,1,0.0785938658624286,0.0785938658624286,0.0785938658624286,6,6,6,1,1,1,1,0,0,NA,NA,NA,NA,NA,NA,NA,NA,"G5"
"195","Ohio","fbs","Mid-American",2017,4062697,"DL Knock",4,3,10,1.33333333333333,1.21162772015998,0.302906930039996,0.403875906719995,23,5.75,7.66666666666667,0.75,3,4,0.75,0,0,NA,NA,NA,NA,NA,NA,NA,NA,"G5"
"195","Ohio","fbs","Mid-American",2017,4244688,"Nathan Rourke",1,1,10,1,0.834755202266371,0.834755202266371,0.834755202266371,3,3,3,1,1,1,1,1,0,NA,NA,NA,NA,NA,NA,NA,NA,"G5"
"195","Ohio","fbs","Mid-American",2017,4260942,"David Burroughs",2,2,10,1,3.20460531849112,1.60230265924556,1.60230265924556,11,5.5,5.5,0.5,2,2,1,0,0,NA,NA,NA,NA,NA,NA,NA,NA,"G5"
"195","Ohio","fbs","Mid-American",2017,4260943,"Julian Ross",1,1,10,1,-0.728223635862722,-0.728223635862722,-0.728223635862722,0,0,0,0,0,1,0,0,0,NA,NA,NA,NA,NA,NA,NA,NA,"G5"
"197","Oklahoma State","fbs","Big 12",2017,547253,"Marcell Ateman",75,12,12,6.25,67.7910866002299,0.903881154669732,5.64925721668583,961,12.8133333333333,80.0833333333333,0.64,52,75,0.693333333333333,6,1,5,20,32,55,251,19,29,37,"P5"
"197","Oklahoma State","fbs","Big 12",2017,3116407,"Mason Rudolph",10,5,12,2,41.2364964943202,4.12364964943202,8.24729929886405,392,39.2,78.4,1,10,10,1,10,0,NA,NA,NA,NA,NA,NA,NA,NA,"P5"
"197","Oklahoma State","fbs","Big 12",2017,3122417,"Britton Abbott",2,2,12,1,2.80963569586466,1.40481784793233,1.40481784793233,37,18.5,18.5,1,2,2,1,0,0,NA,NA,NA,NA,NA,NA,NA,NA,"P5"
"197","Oklahoma State","fbs","Big 12",2017,3122421,"Keenen Brown",4,2,12,2,3.65499831245249,0.913749578113123,1.82749915622625,56,14,28,0.5,4,4,1,0,0,NA,NA,NA,NA,NA,NA,NA,NA,"P5"
"197","Oklahoma State","fbs","Big 12",2017,3122430,"Chris Lacy",31,10,12,3.1,18.589260147256,0.599653553137292,1.8589260147256,249,8.03225806451613,24.9,0.645161290322581,19,31,0.612903225806452,0,1,253,291,134,50,441,439,333,492,"P5"
"197","Oklahoma State","fbs","Big 12",2017,3122449,"James Washington",96,12,12,8,57.49139804531,0.598868729638646,4.79094983710916,1161,12.09375,96.75,0.59375,62,96,0.645833333333333,5,1,19,42,137,112,366,6.5,43,15,"P5"
"197","Oklahoma State","fbs","Big 12",2017,3894912,"Tyron Johnson",24,6,12,4,12.417060311141,0.517377512964207,2.06951005185683,224,9.33333333333333,37.3333333333333,0.541666666666667,15,24,0.625,2,0,375,243,201,237.5,413.5,484.5,193,321.5,"P5"
"197","Oklahoma State","fbs","Big 12",2017,3919595,"Kenneth Edison-McGruder",1,1,12,1,-0.882631540893156,-0.882631540893156,-0.882631540893156,0,0,0,0,0,1,0,0,0,NA,NA,NA,NA,NA,NA,NA,NA,"P5"
"197","Oklahoma State","fbs","Big 12",2017,3919609,"Jalen McCleskey",55,11,12,5,40.7541533236612,0.740984605884749,3.70492302942374,626,11.3818181818182,56.9090909090909,0.618181818181818,48,55,0.872727272727273,5,0,69,88,77,79,15,96,68,118,"P5"
"197","Oklahoma State","fbs","Big 12",2017,4038431,"Tyrell Alexander",2,2,12,1,4.88295340583544,2.44147670291772,2.44147670291772,68,34,34,1,2,2,1,0,0,NA,NA,NA,NA,NA,NA,NA,NA,"P5"
"197","Oklahoma State","fbs","Big 12",2017,4038438,"La'Darren Brown",2,2,12,1,-2.81570959462315,-1.40785479731158,-1.40785479731158,-2,-1,-1,0,1,2,0.5,0,0,NA,NA,NA,NA,NA,NA,NA,NA,"P5"
"197","Oklahoma State","fbs","Big 12",2017,4038441,"Justice Hill",40,11,12,3.63636363636364,-4.74869717356995,-0.118717429339249,-0.431699743051814,191,4.775,17.3636363636364,0.35,30,40,0.75,1,0,590,586,588,577,143.5,529.5,597,577,"P5"
"197","Oklahoma State","fbs","Big 12",2017,4038460,"Dillon Stoner",49,11,12,4.45454545454545,37.1974034518034,0.759130682689866,3.38158213198213,527,10.7551020408163,47.9090909090909,0.673469387755102,39,49,0.795918367346939,4,0,90,112,68,30,69.5,151.5,91,193,"P5"
"197","Oklahoma State","fbs","Big 12",2017,4241414,"J.D. King",12,5,12,2.4,-4.95245284149533,-0.412704403457944,-0.990490568299066,44,3.66666666666667,8.8,0.25,7,12,0.583333333333333,0,0,NA,NA,NA,NA,NA,NA,NA,NA,"P5"
"197","Oklahoma State","fbs","Big 12",2017,4241420,"Sione Finefeuiaki",4,4,12,1,0.358793303056721,0.0896983257641804,0.0896983257641804,27,6.75,6.75,0.75,3,4,0.75,0,0,NA,NA,NA,NA,NA,NA,NA,NA,"P5"
"197","Oklahoma State","fbs","Big 12",2017,4241424,"Tylan Wallace",11,5,12,2.2,9.12789758392446,0.82980887126586,1.82557951678489,118,10.7272727272727,23.6,0.545454545454545,7,11,0.636363636363636,0,0,NA,NA,NA,NA,NA,NA,NA,NA,"P5"
"2","Auburn","fbs","SEC",2017,3843217,"Chandler Cox",7,6,12,1.16666666666667,0.769630334444224,0.109947190634889,0.128271722407371,55,7.85714285714286,9.16666666666667,0.571428571428571,6,7,0.857142857142857,0,0,NA,NA,NA,NA,NA,NA,NA,NA,"P5"
"2","Auburn","fbs","SEC",2017,3892775,"Jarrett Stidham",5,2,12,2.5,13.6082170844416,2.72164341688831,6.80410854222078,135,27,67.5,0.8,4,5,0.8,4,0,NA,NA,NA,NA,NA,NA,NA,NA,"P5"
"2","Auburn","fbs","SEC",2017,3916925,"Kerryon Johnson",24,10,12,2.4,-2.14033803867263,-0.0891807516113596,-0.214033803867263,133,5.54166666666667,13.3,0.333333333333333,22,24,0.916666666666667,1,0,573,571,581,591,4.5,591,565,606,"P5"
"2","Auburn","fbs","SEC",2017,3916927,"Will Hastings",26,10,12,2.6,25.1199066061993,0.966150254084589,2.51199066061993,337,12.9615384615385,33.7,0.615384615384615,17,26,0.653846153846154,3,0,180,195,24,83.5,339.5,327,28,367.5,"P5"
"2","Auburn","fbs","SEC",2017,3916934,"Griffin King",2,1,12,2,-2.07387628749731,-1.03693814374866,-2.07387628749731,0,0,0,0,1,2,0.5,0,0,NA,NA,NA,NA,NA,NA,NA,NA,"P5"
"2","Auburn","fbs","SEC",2017,3916945,"Darius Slayton",56,10,12,5.6,-0.575498714865482,-0.010276762765455,-0.0575498714865482,470,8.39285714285714,47,0.321428571428571,22,56,0.392857142857143,3,1,553,552,552,596,616,189,281,199,"P5"
"2","Auburn","fbs","SEC",2017,3916946,"Ryan Davis",76,12,12,6.33333333333333,45.5156277005488,0.598889838165116,3.79296897504573,668,8.78947368421053,55.6666666666667,0.618421052631579,66,76,0.868421052631579,4,0,51,82,136,78,19,77.5,248,129.5,"P5"
"2","Auburn","fbs","SEC",2017,3916947,"Jalen Harris",1,1,12,1,-0.311351305561566,-0.311351305561566,-0.311351305561566,5,5,5,0,1,1,1,0,0,NA,NA,NA,NA,NA,NA,NA,NA,"P5"
"2","Auburn","fbs","SEC",2017,4035493,"Nate Craig-Myers",13,7,12,1.85714285714286,17.0857925343888,1.31429173341453,2.44082750491269,185,14.2307692307692,26.4285714285714,0.615384615384615,9,13,0.692307692307692,2,0,NA,NA,NA,NA,NA,NA,NA,NA,"P5"
"2","Auburn","fbs","SEC",2017,4035497,"Kam Martin",5,4,12,1.25,1.23732824445853,0.247465648891705,0.309332061114631,56,11.2,14,0.2,3,5,0.6,1,0,NA,NA,NA,NA,NA,NA,NA,NA,"P5"
"2","Auburn","fbs","SEC",2017,4035499,"Kyle Davis",9,4,12,2.25,6.28637042449246,0.698485602721385,1.57159260612312,148,16.4444444444444,37,0.444444444444444,4,9,0.444444444444444,0,0,NA,NA,NA,NA,NA,NA,NA,NA,"P5"
"2","Auburn","fbs","SEC",2017,4035500,"Eli Stove",28,11,12,2.54545454545455,2.68438853735283,0.0958710191911724,0.24403532157753,219,7.82142857142857,19.9090909090909,0.357142857142857,24,28,0.857142857142857,0,0,521,526,514,571.5,25,499,373,553,"P5"
"2","Auburn","fbs","SEC",2017,4035502,"Marquis McClain",1,1,12,1,1.23945860942444,1.23945860942444,1.23945860942444,37,37,37,1,1,1,1,0,0,NA,NA,NA,NA,NA,NA,NA,NA,"P5"
"2","Auburn","fbs","SEC",2017,4035507,"Malik Miller",4,3,12,1.33333333333333,-0.28617357353681,-0.0715433933842024,-0.0953911911789365,24,6,8,0.5,3,4,0.75,0,0,NA,NA,NA,NA,NA,NA,NA,NA,"P5"
"2","Auburn","fbs","SEC",2017,4242511,"Devan Barrett",6,5,12,1.2,-2.6904803132997,-0.44841338554995,-0.53809606265994,8,1.33333333333333,1.6,0.166666666666667,5,6,0.833333333333333,0,0,NA,NA,NA,NA,NA,NA,NA,NA,"P5"
"2","Auburn","fbs","SEC",2017,4242516,"Noah Igbinoghene",3,3,12,1,-2.20263888517959,-0.73421296172653,-0.73421296172653,0,0,0,0.333333333333333,3,3,1,0,0,NA,NA,NA,NA,NA,NA,NA,NA,"P5"
"2","Auburn","fbs","SEC",2017,4242536,"Sal Cannella",5,2,12,2.5,-1.41205725209421,-0.282411450418841,-0.706028626047104,26,5.2,13,0.4,2,5,0.4,0,0,NA,NA,NA,NA,NA,NA,NA,NA,"P5"
"2005","Air Force","fbs","Mountain West",2017,3157674,"Tyler Williams",1,1,11,1,-0.0329674939949736,-0.0329674939949736,-0.0329674939949736,2,2,2,0,1,1,1,0,0,NA,NA,NA,NA,NA,NA,NA,NA,"G5"
"2005","Air Force","fbs","Mountain West",2017,3935204,"Ronald Cleveland",22,9,11,2.44444444444444,12.137696317025,0.551713468955683,1.34863292411389,261,11.8636363636364,29,0.454545454545455,11,22,0.5,2,0,379,372,173,444.5,595.5,415,47,430,"G5"
"2005","Air Force","fbs","Mountain West",2017,3935208,"Jacob Stafford",3,2,11,1.5,2.56057520818703,0.853525069395676,1.28028760409351,33,11,16.5,0.666666666666667,3,3,1,0,0,NA,NA,NA,NA,NA,NA,NA,NA,"G5"
"2005","Air Force","fbs","Mountain West",2017,3935209,"Timothy McVey",12,7,11,1.71428571428571,-9.68583451297125,-0.807152876080937,-1.38369064471018,59,4.91666666666667,8.42857142857143,0.166666666666667,3,12,0.25,0,0,NA,NA,NA,NA,NA,NA,NA,NA,"G5"
"2005","Air Force","fbs","Mountain West",2017,3935217,"Andrew Smith",1,1,11,1,0.209805473457617,0.209805473457617,0.209805473457617,6,6,6,1,1,1,1,0,0,NA,NA,NA,NA,NA,NA,NA,NA,"G5"
"2005","Air Force","fbs","Mountain West",2017,3938262,"Ryan Reffitt",10,6,11,1.66666666666667,14.539849257126,1.4539849257126,2.423308209521,154,15.4,25.6666666666667,0.7,7,10,0.7,2,0,NA,NA,NA,NA,NA,NA,NA,NA,"G5"
"2005","Air Force","fbs","Mountain West",2017,3946049,"Jake Matkovich",1,1,11,1,3.05058446372812,3.05058446372812,3.05058446372812,18,18,18,1,1,1,1,0,0,NA,NA,NA,NA,NA,NA,NA,NA,"G5"
"2005","Air Force","fbs","Mountain West",2017,4038186,"Arion Worthman",1,1,11,1,3.10845791917871,3.10845791917871,3.10845791917871,24,24,24,1,1,1,1,0,0,NA,NA,NA,NA,NA,NA,NA,NA,"G5"
"2005","Air Force","fbs","Mountain West",2017,4038187,"Ja'Mel Sanders",2,2,11,1,-0.967933073351764,-0.483966536675882,-0.483966536675882,0,0,0,0,0,2,0,0,0,NA,NA,NA,NA,NA,NA,NA,NA,"G5"
"2005","Air Force","fbs","Mountain West",2017,4038208,"Garrett Amy",1,1,11,1,0.739195003792648,0.739195003792648,0.739195003792648,10,10,10,1,1,1,1,0,0,NA,NA,NA,NA,NA,NA,NA,NA,"G5"
"2005","Air Force","fbs","Mountain West",2017,4239966,"Marcus Bennett",25,7,11,3.57142857142857,34.9357018183972,1.39742807273589,4.99081454548532,374,14.96,53.4285714285714,0.68,17,25,0.68,3,0,106,35,2,26.5,285,281.5,5,148,"G5"
"2005","Air Force","fbs","Mountain West",2017,4239968,"Geraud Sanders",14,3,11,4.66666666666667,7.11640631109945,0.508314736507103,2.37213543703315,132,9.42857142857143,44,0.428571428571429,7,14,0.5,1,0,NA,NA,NA,NA,NA,NA,NA,NA,"G5"
"2005","Air Force","fbs","Mountain West",2017,4239987,"Kade Waguespack",3,2,11,1.5,3.74286004920328,1.24762001640109,1.87143002460164,35,11.6666666666667,17.5,0.666666666666667,2,3,0.666666666666667,0,0,NA,NA,NA,NA,NA,NA,NA,NA,"G5"
"2005","Air Force","fbs","Mountain West",2017,4261084,"Nolan Eriksen",4,4,11,1,1.58796070439708,0.396990176099271,0.396990176099271,23,5.75,5.75,0.75,4,4,1,0,0,NA,NA,NA,NA,NA,NA,NA,NA,"G5"
"2006","Akron","fbs","Mid-American",2017,534280,"Warren Ball",11,4,12,2.75,-5.03451614324631,-0.457683285749664,-1.25862903581158,18,1.63636363636364,4.5,0.181818181818182,7,11,0.636363636363636,1,1,NA,NA,NA,NA,NA,NA,NA,NA,"G5"
"2006","Akron","fbs","Mid-American",2017,545595,"Kevin Gladney",16,6,12,2.66666666666667,1.94488594000136,0.121555371250085,0.324147656666893,116,7.25,19.3333333333333,0.5,10,16,0.625,1,0,NA,NA,NA,NA,NA,NA,NA,NA,"G5"
"2006","Akron","fbs","Mid-American",2017,546646,"Tra'Von Chapman",67,12,12,5.58333333333333,12.4363852837551,0.185617690802315,1.03636544031293,406,6.05970149253731,33.8333333333333,0.462686567164179,46,67,0.686567164179104,2,1,374,430,464,423,271,250,524,363,"G5"
"2006","Akron","fbs","Mid-American",2017,547108,"A.J. Coney",55,11,12,5,21.4607961906035,0.390196294374609,1.95098147187305,431,7.83636363636364,39.1818181818182,0.563636363636364,35,55,0.636363636363636,2,1,212,268,291,187,385.5,219.5,369,292,"G5"
"2006","Akron","fbs","Mid-American",2017,550340,"Fransohn Bickley",20,5,12,4,11.3752979415865,0.568764897079323,2.27505958831729,148,7.4,29.6,0.5,11,20,0.55,1,0,NA,NA,NA,NA,NA,NA,NA,NA,"G5"
"2006","Akron","fbs","Mid-American",2017,550353,"Manny Morgan",19,8,12,2.375,-6.34184291388194,-0.333781205993786,-0.792730364235242,58,3.05263157894737,7.25,0.263157894736842,12,19,0.631578947368421,0,1,NA,NA,NA,NA,NA,NA,NA,NA,"G5"
"2006","Akron","fbs","Mid-American",2017,550356,"Austin Wolf",50,9,12,5.55555555555556,15.6703254807393,0.313406509614786,1.7411472756377,398,7.96,44.2222222222222,0.48,28,50,0.56,3,0,315,313,361,382,536.5,258.5,343,228,"G5"
"2006","Akron","fbs","Mid-American",2017,553482,"Anthony Young",11,3,12,3.66666666666667,-5.94181795505267,-0.540165268641152,-1.98060598501756,34,3.09090909090909,11.3333333333333,0.272727272727273,4,11,0.363636363636364,0,0,NA,NA,NA,NA,NA,NA,NA,NA,"G5"
"2006","Akron","fbs","Mid-American",2017,3125715,"Newman Williams",1,1,12,1,-0.561291449686938,-0.561291449686938,-0.561291449686938,2,2,2,0,1,1,1,0,0,NA,NA,NA,NA,NA,NA,NA,NA,"G5"
"2006","Akron","fbs","Mid-American",2017,3920865,"Van Edwards Jr.",9,6,12,1.5,1.20110505427047,0.133456117141163,0.200184175711744,29,3.22222222222222,4.83333333333333,0.444444444444444,7,9,0.777777777777778,0,0,NA,NA,NA,NA,NA,NA,NA,NA,"G5"
"2006","Akron","fbs","Mid-American",2017,3930295,"Deltron Sands",4,3,12,1.33333333333333,-2.41882980807699,-0.604707452019247,-0.80627660269233,2,0.5,0.666666666666667,0,3,4,0.75,0,0,NA,NA,NA,NA,NA,NA,NA,NA,"G5"
"2006","Akron","fbs","Mid-American",2017,3932503,"Brandon Junk",1,1,12,1,-1.598437410361,-1.598437410361,-1.598437410361,4,4,4,0,1,1,1,0,0,NA,NA,NA,NA,NA,NA,NA,NA,"G5"
"2006","Akron","fbs","Mid-American",2017,3932509,"Kwadarrius Smith",46,10,12,4.6,46.5860506394986,1.01274023129345,4.65860506394986,627,13.6304347826087,62.7,0.58695652173913,28,46,0.608695652173913,6,0,49,49,16,126.5,452,95,15,86,"G5"
"2006","Akron","fbs","Mid-American",2017,4038741,"Kato Nelson",4,2,12,2,9.690289748019,2.42257243700475,4.8451448740095,106,26.5,53,0.75,3,4,0.75,3,0,NA,NA,NA,NA,NA,NA,NA,NA,"G5"
"2006","Akron","fbs","Mid-American",2017,4240131,"Kobie Booker",11,5,12,2.2,13.1912867040336,1.19920788218487,2.63825734080671,126,11.4545454545455,25.2,0.727272727272727,8,11,0.727272727272727,4,0,NA,NA,NA,NA,NA,NA,NA,NA,"G5"
"2006","Akron","fbs","Mid-American",2017,4240146,"Nate Stewart",4,3,12,1.33333333333333,2.88086194530745,0.720215486326862,0.960287315102483,45,11.25,15,0.5,3,4,0.75,0,0,NA,NA,NA,NA,NA,NA,NA,NA,"G5"
"2006","Akron","fbs","Mid-American",2017,4260320,"Andre Williams",6,3,12,2,3.25166864710243,0.541944774517072,1.08388954903414,70,11.6666666666667,23.3333333333333,0.5,4,6,0.666666666666667,0,0,NA,NA,NA,NA,NA,NA,NA,NA,"G5"
"201","Oklahoma","fbs","Big 12",2017,550373,"Baker Mayfield",7,2,13,3.5,21.0612302282448,3.00874717546355,10.5306151141224,182,26,91,1,7,7,1,7,0,NA,NA,NA,NA,NA,NA,NA,NA,"P5"
"201","Oklahoma","fbs","Big 12",2017,550501,"Jordan Smallwood",10,6,13,1.66666666666667,6.21223016120739,0.621223016120739,1.03537169353456,97,9.7,16.1666666666667,0.6,10,10,1,1,0,NA,NA,NA,NA,NA,NA,NA,NA,"P5"
"201","Oklahoma","fbs","Big 12",2017,551091,"Jeff Badet",30,10,13,3,24.5776333030854,0.819254443436182,2.45776333030854,396,13.2,39.6,0.666666666666667,25,30,0.833333333333333,3,0,186,202,50,34,41,262.5,24,285,"P5"
"201","Oklahoma","fbs","Big 12",2017,3073779,"Jaxon Uhles",1,1,13,1,0.0837785644938772,0.0837785644938772,0.0837785644938772,5,5,5,1,1,1,1,0,0,NA,NA,NA,NA,NA,NA,NA,NA,"P5"
"201","Oklahoma","fbs","Big 12",2017,3116365,"Mark Andrews",78,13,13,6,53.9560162803294,0.691743798465762,4.15046279079457,895,11.474358974359,68.8461538461538,0.641025641025641,56,78,0.717948717948718,6,3,26,66,98,53.5,201.5,28,63,66,"P5"
"201","Oklahoma","fbs","Big 12",2017,3116375,"Dimitri Flowers",24,11,13,2.18181818181818,20.2849356577359,0.845205652405664,1.84408505979418,375,15.625,34.0909090909091,0.75,22,24,0.916666666666667,3,0,NA,NA,NA,NA,NA,NA,NA,NA,"P5"
"201","Oklahoma","fbs","Big 12",2017,3116383,"Jeffery Mead",8,5,13,1.6,2.39044550695611,0.298805688369514,0.478089101391223,98,12.25,19.6,0.625,6,8,0.75,0,0,NA,NA,NA,NA,NA,NA,NA,NA,"P5"
"201","Oklahoma","fbs","Big 12",2017,3705353,"Rodney Anderson",19,8,13,2.375,25.8216013584255,1.35903165044345,3.22770016980319,283,14.8947368421053,35.375,0.684210526315789,16,19,0.842105263157895,5,0,NA,NA,NA,NA,NA,NA,NA,NA,"P5"
"201","Oklahoma","fbs","Big 12",2017,3921729,"Lee Morris",1,1,13,1,2.93730203232401,2.93730203232401,2.93730203232401,43,43,43,1,1,1,1,1,0,NA,NA,NA,NA,NA,NA,NA,NA,"P5"
"201","Oklahoma","fbs","Big 12",2017,3929837,"Sam Iheke",1,1,13,1,0.658697055661226,0.658697055661226,0.658697055661226,10,10,10,1,1,1,1,0,0,NA,NA,NA,NA,NA,NA,NA,NA,"P5"
"201","Oklahoma","fbs","Big 12",2017,4037631,"Abdul Adams",6,5,13,1.2,7.64171309185237,1.27361884864206,1.52834261837047,80,13.3333333333333,16,0.833333333333333,5,6,0.833333333333333,1,0,NA,NA,NA,NA,NA,NA,NA,NA,"P5"
"201","Oklahoma","fbs","Big 12",2017,4037639,"Mykel Jones",17,7,13,2.42857142857143,17.9057049278999,1.0532767604647,2.55795784684284,255,15,36.4285714285714,0.764705882352941,15,17,0.882352941176471,0,0,NA,NA,NA,NA,NA,NA,NA,NA,"P5"
"201","Oklahoma","fbs","Big 12",2017,4053624,"Myles Tease",2,2,13,1,2.50593816315197,1.25296908157599,1.25296908157599,51,25.5,25.5,0.5,2,2,1,1,0,NA,NA,NA,NA,NA,NA,NA,NA,"P5"
"201","Oklahoma","fbs","Big 12",2017,4241372,"Marquise Brown",64,12,13,5.33333333333333,47.6104377390202,0.74391308967219,3.96753647825168,929,14.515625,77.4166666666667,0.59375,48,64,0.75,5,1,46,75,75,112,143.5,24,9,46,"P5"
"201","Oklahoma","fbs","Big 12",2017,4241374,"Grant Calcaterra",11,5,13,2.2,14.0630114705822,1.27845558823475,2.81260229411645,162,14.7272727272727,32.4,0.909090909090909,10,11,0.909090909090909,3,0,NA,NA,NA,NA,NA,NA,NA,NA,"P5"
"201","Oklahoma","fbs","Big 12",2017,4241389,"CeeDee Lamb",55,12,13,4.58333333333333,57.8142204270289,1.0511676441278,4.81785170225241,741,13.4727272727273,61.75,0.690909090909091,40,55,0.727272727272727,7,0,18,40,12,20,182.5,58,19,93,"P5"
"201","Oklahoma","fbs","Big 12",2017,4241395,"Chase Nevel",3,1,13,3,0.691108775035938,0.230369591678646,0.691108775035938,13,4.33333333333333,13,0.666666666666667,2,3,0.666666666666667,0,0,NA,NA,NA,NA,NA,NA,NA,NA,"P5"
"201","Oklahoma","fbs","Big 12",2017,4241401,"Trey Sermon",17,7,13,2.42857142857143,6.16596745669859,0.362703968041093,0.880852493814084,129,7.58823529411765,18.4285714285714,0.588235294117647,15,17,0.882352941176471,1,0,NA,NA,NA,NA,NA,NA,NA,NA,"P5"
"201","Oklahoma","fbs","Big 12",2017,4241403,"Marcelias Sutton",3,2,13,1.5,1.836996494404,0.612332164801333,0.918498247202,32,10.6666666666667,16,0.666666666666667,3,3,1,0,0,NA,NA,NA,NA,NA,NA,NA,NA,"P5"
"202","Tulsa","fbs","American Athletic",2017,531640,"Rob Riederer",1,1,12,1,-0.176306687055251,-0.176306687055251,-0.176306687055251,6,6,6,0,1,1,1,0,0,NA,NA,NA,NA,NA,NA,NA,NA,"G5"
"202","Tulsa","fbs","American Athletic",2017,3126273,"D'Angelo Brewer",10,7,12,1.42857142857143,1.94875127891457,0.194875127891457,0.278393039844938,88,8.8,12.5714285714286,0.6,9,10,0.9,0,0,NA,NA,NA,NA,NA,NA,NA,NA,"G5"
"202","Tulsa","fbs","American Athletic",2017,3126275,"Nigel Carter",30,10,12,3,9.74601164915094,0.324867054971698,0.974601164915094,246,8.2,24.6,0.533333333333333,21,30,0.7,0,0,424,444,353,256.5,238.5,449.5,305,496,"G5"
"202","Tulsa","fbs","American Athletic",2017,3126281,"Justin Hobbs",90,11,12,8.18181818181818,38.2878893517252,0.425420992796946,3.4807172137932,830,9.22222222222222,75.4545454545455,0.466666666666667,55,90,0.611111111111111,3,0,82,104,263,415.5,447,35.5,207.5,49,"G5"
"202","Tulsa","fbs","American Athletic",2017,3917017,"Chris Minter",5,4,12,1.25,0.5234246105303,0.10468492210606,0.130856152632575,19,3.8,4.75,0.4,4,5,0.8,1,0,NA,NA,NA,NA,NA,NA,NA,NA,"G5"
"202","Tulsa","fbs","American Athletic",2017,4039660,"Josh Stewart",22,7,12,3.14285714285714,6.77175730395014,0.307807150179552,0.967393900564305,162,7.36363636363636,23.1428571428571,0.454545454545455,13,22,0.590909090909091,0,0,NA,NA,NA,NA,NA,NA,NA,NA,"G5"
"202","Tulsa","fbs","American Athletic",2017,4039662,"Keenen Johnson",65,9,12,7.22222222222222,15.2905379767659,0.235239045796398,1.6989486640851,539,8.29230769230769,59.8888888888889,0.446153846153846,44,65,0.676923076923077,1,0,321,321,425,465.5,290.5,144,296,100,"G5"
"202","Tulsa","fbs","American Athletic",2017,4039664,"Luke Skipper",1,1,12,1,5.0739850037795,5.0739850037795,5.0739850037795,41,41,41,1,1,1,1,1,0,NA,NA,NA,NA,NA,NA,NA,NA,"G5"
"202","Tulsa","fbs","American Athletic",2017,4039669,"Corey Taylor II",1,1,12,1,-1.03220389981256,-1.03220389981256,-1.03220389981256,-1,-1,-1,0,1,1,1,0,0,NA,NA,NA,NA,NA,NA,NA,NA,"G5"
"202","Tulsa","fbs","American Athletic",2017,4244598,"Keylon Stokes",10,6,12,1.66666666666667,4.94047350493035,0.494047350493035,0.823412250821725,143,14.3,23.8333333333333,0.4,6,10,0.6,0,0,NA,NA,NA,NA,NA,NA,NA,NA,"G5"
"202","Tulsa","fbs","American Athletic",2017,4244599,"Shamari Brooks",1,1,12,1,-0.573409940870414,-0.573409940870414,-0.573409940870414,4,4,4,0,1,1,1,0,0,NA,NA,NA,NA,NA,NA,NA,NA,"G5"
"2026","App State","fbs","Sun Belt",2017,548438,"Levi Duffield",5,3,11,1.66666666666667,1.74822366749323,0.349644733498646,0.582741222497743,40,8,13.3333333333333,0.6,5,5,1,1,0,NA,NA,NA,NA,NA,NA,NA,NA,"G5"
"2026","App State","fbs","Sun Belt",2017,548445,"Dante Jones",18,9,11,2,2.39638334176531,0.13313240787585,0.266264815751701,87,4.83333333333333,9.66666666666667,0.555555555555556,14,18,0.777777777777778,0,0,NA,NA,NA,NA,NA,NA,NA,NA,"G5"
"2026","App State","fbs","Sun Belt",2017,548447,"Taylor Lamb",4,3,11,1.33333333333333,14.3140074085248,3.5785018521312,4.7713358028416,134,33.5,44.6666666666667,1,4,4,1,4,0,NA,NA,NA,NA,NA,NA,NA,NA,"G5"
"2026","App State","fbs","Sun Belt",2017,548467,"Terrence Upshaw",3,2,11,1.5,-2.25147892950994,-0.750492976503314,-1.12573946475497,4,1.33333333333333,2,0.333333333333333,2,3,0.666666666666667,0,0,NA,NA,NA,NA,NA,NA,NA,NA,"G5"
"2026","App State","fbs","Sun Belt",2017,548471,"T.J. Watkins",28,8,11,3.5,15.9859849255693,0.570928033056045,1.99824811569616,295,10.5357142857143,36.875,0.571428571428571,21,28,0.75,1,0,308,259,165,165,143.5,370,103,328,"G5"
"2026","App State","fbs","Sun Belt",2017,3123670,"Ike Lewis",61,11,11,5.54545454545455,33.4679169078191,0.548654375538018,3.04253790071083,565,9.26229508196721,51.3636363636364,0.508196721311475,43,61,0.704918032786885,5,1,115,143,176,317.5,227.5,124.5,203,165.5,"G5"
"2026","App State","fbs","Sun Belt",2017,3123675,"Jalin Moore",16,8,11,2,3.93649175789921,0.246030734868701,0.492061469737401,143,8.9375,17.875,0.375,11,16,0.6875,1,0,NA,NA,NA,NA,NA,NA,NA,NA,"G5"
"2026","App State","fbs","Sun Belt",2017,3917149,"Zy Letman",9,3,11,3,0.0813203191288008,0.0090355910143112,0.0271067730429336,76,8.44444444444444,25.3333333333333,0.555555555555556,6,9,0.666666666666667,0,0,NA,NA,NA,NA,NA,NA,NA,NA,"G5"
"2026","App State","fbs","Sun Belt",2017,3917153,"Collin Reed",4,4,11,1,1.34889213383324,0.33722303345831,0.33722303345831,15,3.75,3.75,0.5,3,4,0.75,1,0,NA,NA,NA,NA,NA,NA,NA,NA,"G5"
"2026","App State","fbs","Sun Belt",2017,4036436,"Marcus Williams Jr.",3,2,11,1.5,-1.02046097697172,-0.340153658990573,-0.510230488485859,17,5.66666666666667,8.5,0.666666666666667,2,3,0.666666666666667,0,0,NA,NA,NA,NA,NA,NA,NA,NA,"G5"
"2026","App State","fbs","Sun Belt",2017,4036448,"Jalen Virgil",19,9,11,2.11111111111111,10.4277522479708,0.548829065682675,1.15863913866342,240,12.6315789473684,26.6666666666667,0.578947368421053,15,19,0.789473684210526,1,0,NA,NA,NA,NA,NA,NA,NA,NA,"G5"
"2026","App State","fbs","Sun Belt",2017,4241002,"Daetrich Harrington",5,2,11,2.5,-5.963209529104,-1.1926419058208,-2.981604764552,4,0.8,2,0,2,5,0.4,0,0,NA,NA,NA,NA,NA,NA,NA,NA,"G5"
"2026","App State","fbs","Sun Belt",2017,4241004,"Thomas Hennigan",60,10,11,6,36.377096875297,0.606284947921616,3.6377096875297,539,8.98333333333333,53.9,0.583333333333333,42,60,0.7,7,0,97,95,128,133.5,238.5,144,227,139.5,"G5"
"2026","App State","fbs","Sun Belt",2017,4241012,"Malik Williams",25,10,11,2.5,-5.52468654921672,-0.220987461968669,-0.552468654921672,161,6.44,16.1,0.4,19,25,0.76,0,1,595,590,599,532.5,124.5,563.5,492,588,"G5"
"2032","Arkansas State","fbs","Sun Belt",2017,545962,"Dijon Paschal",29,8,10,3.625,11.5828182165305,0.399407524707947,1.44785227706631,249,8.58620689655172,31.125,0.517241379310345,18,29,0.620689655172414,1,0,391,355,286,294.5,424.5,439,265,400,"G5"
"2032","Arkansas State","fbs","Sun Belt",2017,554948,"Johnston White",16,5,10,3.2,5.62975294057642,0.351859558786026,1.12595058811528,127,7.9375,25.4,0.6875,13,16,0.8125,0,0,NA,NA,NA,NA,NA,NA,NA,NA,"G5"
"2032","Arkansas State","fbs","Sun Belt",2017,3116379,"Justice Hansen",10,6,10,1.66666666666667,26.5508153757278,2.65508153757278,4.42513589595464,193,19.3,32.1666666666667,1,10,10,1,8,0,NA,NA,NA,NA,NA,NA,NA,NA,"G5"
"2032","Arkansas State","fbs","Sun Belt",2017,3123714,"Blake Mack",55,10,10,5.5,24.4576266871286,0.444684121584157,2.44576266871286,593,10.7818181818182,59.3,0.6,42,55,0.763636363636364,5,1,189,204,255,104,121.5,108,88,104,"G5"
"2032","Arkansas State","fbs","Sun Belt",2017,3128695,"Kendrick Edwards",43,10,10,4.3,13.8620824868794,0.322374011322776,1.38620824868794,344,8,34.4,0.627906976744186,28,43,0.651162790697674,1,0,349,366,355,66,348.5,313.5,336.5,354,"G5"
"2032","Arkansas State","fbs","Sun Belt",2017,3917166,"Omar Bayless",43,9,10,4.77777777777778,15.310530449441,0.356058847661418,1.70117004993789,356,8.27906976744186,39.5555555555556,0.465116279069767,26,43,0.604651162790698,4,0,320,320,325,418,466.5,298.5,297,287,"G5"
"2032","Arkansas State","fbs","Sun Belt",2017,3917179,"Jamal Jones",6,4,10,1.5,-4.66698786910797,-0.777831311517995,-1.16674696727699,9,1.5,2.25,0,5,6,0.833333333333333,0,0,NA,NA,NA,NA,NA,NA,NA,NA,"G5"
"2032","Arkansas State","fbs","Sun Belt",2017,3917190,"Warren Wand",16,7,10,2.28571428571429,0.858687883632617,0.0536679927270386,0.122669697661802,110,6.875,15.7142857142857,0.375,11,16,0.6875,0,0,NA,NA,NA,NA,NA,NA,NA,NA,"G5"
"2032","Arkansas State","fbs","Sun Belt",2017,3933180,"Chauncey Mason",3,3,10,1,-0.171121213443768,-0.0570404044812559,-0.0570404044812559,15,5,5,0.666666666666667,2,3,0.666666666666667,0,0,NA,NA,NA,NA,NA,NA,NA,NA,"G5"
"2032","Arkansas State","fbs","Sun Belt",2017,3935525,"Chris Murray",67,10,10,6.7,26.0432629486471,0.388705417143986,2.60432629486471,542,8.08955223880597,54.2,0.462686567164179,41,67,0.611940298507463,7,0,167,180,292,423,445,142,326,137,"G5"
"2032","Arkansas State","fbs","Sun Belt",2017,4036474,"Christian Booker",25,7,10,3.57142857142857,12.8837264299548,0.515349057198191,1.8405323471364,229,9.16,32.7142857142857,0.6,17,25,0.68,3,0,361,294,205,104,285,473,218,376,"G5"
"2032","Arkansas State","fbs","Sun Belt",2017,4036482,"Javonis Isaac",1,1,10,1,0.640379811299552,0.640379811299552,0.640379811299552,10,10,10,1,1,1,1,0,0,NA,NA,NA,NA,NA,NA,NA,NA,"G5"
"2032","Arkansas State","fbs","Sun Belt",2017,4036486,"Justin McInnis",54,10,10,5.4,31.8070854555494,0.589020101028692,3.18070854555494,559,10.3518518518519,55.9,0.611111111111111,38,54,0.703703703703704,0,0,120,127,145,90,232,131,115,127,"G5"
"2032","Arkansas State","fbs","Sun Belt",2017,4241053,"Jonathan Adams Jr.",9,4,10,2.25,-3.61753158629171,-0.401947954032412,-0.904382896572927,44,4.88888888888889,11,0.444444444444444,6,9,0.666666666666667,0,0,NA,NA,NA,NA,NA,NA,NA,NA,"G5"
"204","Oregon State","fbs","Pac-12",2017,545520,"Trevorris Johnson",3,3,11,1,1.52767904403558,0.509226348011859,0.509226348011859,25,8.33333333333333,8.33333333333333,0.666666666666667,2,3,0.666666666666667,0,0,NA,NA,NA,NA,NA,NA,NA,NA,"P5"
"204","Oregon State","fbs","Pac-12",2017,550654,"Thomas Tyner",7,5,11,1.4,-1.03060664162295,-0.14722952023185,-0.206121328324589,42,6,8.4,0.285714285714286,5,7,0.714285714285714,0,0,NA,NA,NA,NA,NA,NA,NA,NA,"P5"
"204","Oregon State","fbs","Pac-12",2017,552126,"Jordan Villamin",44,9,11,4.88888888888889,17.9085459517758,0.407012407994904,1.9898384390862,356,8.09090909090909,39.5555555555556,0.568181818181818,30,44,0.681818181818182,1,0,264,261,280,175,279.5,298.5,325,287,"P5"
"204","Oregon State","fbs","Pac-12",2017,3127326,"Xavier Hawkins",10,5,11,2,3.66129616979327,0.366129616979327,0.732259233958654,66,6.6,13.2,0.3,8,10,0.8,0,0,NA,NA,NA,NA,NA,NA,NA,NA,"P5"
"204","Oregon State","fbs","Pac-12",2017,3127335,"Ryan Nall",31,9,11,3.44444444444444,5.81437488734918,0.18756048023707,0.646041654149908,206,6.64516129032258,22.8888888888889,0.32258064516129,23,31,0.741935483870968,2,0,483,481,462,595,159,517,473,517,"P5"
"204","Oregon State","fbs","Pac-12",2017,3860070,"Seth Collins",20,3,11,6.66666666666667,-0.0107575006961184,-0.000537875034805918,-0.00358583356537279,130,6.5,43.3333333333333,0.35,12,20,0.6,1,0,NA,NA,NA,NA,NA,NA,NA,NA,"P5"
"204","Oregon State","fbs","Pac-12",2017,3930269,"Andre Bodden",1,1,11,1,0.80113832379091,0.80113832379091,0.80113832379091,9,9,9,1,1,1,1,0,0,NA,NA,NA,NA,NA,NA,NA,NA,"P5"
"204","Oregon State","fbs","Pac-12",2017,3930298,"Noah Togiai",47,8,11,5.875,10.9859440077416,0.233743489526417,1.3732430009677,368,7.82978723404255,46,0.51063829787234,29,47,0.617021276595745,2,2,398,368,426,311.5,430,285.5,370,210.5,"P5"
"204","Oregon State","fbs","Pac-12",2017,3930302,"Tuli Wily-Matagi",8,6,11,1.33333333333333,3.66230044049346,0.457787555061682,0.61038340674891,54,6.75,9,0.625,6,8,0.75,0,0,NA,NA,NA,NA,NA,NA,NA,NA,"P5"
"204","Oregon State","fbs","Pac-12",2017,4042806,"Timmy Hernandez",42,9,11,4.66666666666667,15.9143166798679,0.378912301901616,1.76825740887421,333,7.92857142857143,37,0.595238095238095,29,42,0.69047619047619,3,1,309,305,301,108.5,254.5,330,349,326,"P5"
"204","Oregon State","fbs","Pac-12",2017,4042807,"Trevon Bradford",20,8,11,2.5,5.20215313160813,0.260107656580406,0.650269141451016,205,10.25,25.625,0.4,11,20,0.55,0,1,NA,NA,NA,NA,NA,NA,NA,NA,"P5"
"204","Oregon State","fbs","Pac-12",2017,4042808,"Artavis Pierce",17,8,11,2.125,-3.33644423033822,-0.196261425314013,-0.417055528792277,113,6.64705882352941,14.125,0.470588235294118,13,17,0.764705882352941,0,1,NA,NA,NA,NA,NA,NA,NA,NA,"P5"
"204","Oregon State","fbs","Pac-12",2017,4042816,"Kee Whetzel",1,1,11,1,-2.39114225726199,-2.39114225726199,-2.39114225726199,1,1,1,0,1,1,1,0,0,NA,NA,NA,NA,NA,NA,NA,NA,"P5"
"204","Oregon State","fbs","Pac-12",2017,4242540,"Isaiah Hodgins",42,10,11,4.2,18.1142428373274,0.431291496126842,1.81142428373274,216,5.14285714285714,21.6,0.5,26,42,0.619047619047619,1,1,261,299,261,335,426.5,504,585,530,"P5"
"2050","Ball State","fbs","Mid-American",2017,546005,"Jack Milas",2,1,11,2,9.65178160190185,4.82589080095092,9.65178160190185,58,29,58,1,2,2,1,2,0,NA,NA,NA,NA,NA,NA,NA,NA,"G5"
"2050","Ball State","fbs","Mid-American",2017,546006,"David Moore",1,1,11,1,-1.73527696095944,-1.73527696095944,-1.73527696095944,0,0,0,0,0,1,0,0,0,NA,NA,NA,NA,NA,NA,NA,NA,"G5"
"2050","Ball State","fbs","Mid-American",2017,3125724,"Jordan Hogue",2,1,11,2,2.80194231804044,1.40097115902022,2.80194231804044,16,8,16,0.5,2,2,1,0,0,NA,NA,NA,NA,NA,NA,NA,NA,"G5"
"2050","Ball State","fbs","Mid-American",2017,3125731,"Corey Lacanaria",14,3,11,4.66666666666667,3.84427994441997,0.274591424601427,1.28142664813999,89,6.35714285714286,29.6666666666667,0.571428571428571,10,14,0.714285714285714,0,0,NA,NA,NA,NA,NA,NA,NA,NA,"G5"
"2050","Ball State","fbs","Mid-American",2017,3125736,"Devin Reece",5,3,11,1.66666666666667,-2.42481926325878,-0.484963852651757,-0.808273087752928,19,3.8,6.33333333333333,0.2,3,5,0.6,0,0,NA,NA,NA,NA,NA,NA,NA,NA,"G5"
"2050","Ball State","fbs","Mid-American",2017,3915457,"Malik Dunner",28,10,11,2.8,-9.17356246758476,-0.32762723098517,-0.917356246758476,111,3.96428571428571,11.1,0.25,16,28,0.571428571428571,0,0,610,602,609,610.5,525.5,605.5,610,610,"G5"
"2050","Ball State","fbs","Mid-American",2017,3915459,"James Gilbert",2,2,11,1,-1.114139105848,-0.557069552924002,-0.557069552924002,7,3.5,3.5,0.5,1,2,0.5,0,0,NA,NA,NA,NA,NA,NA,NA,NA,"G5"
"2050","Ball State","fbs","Mid-American",2017,3915470,"Danny Pinter",8,5,11,1.6,-1.12044509174784,-0.14005563646848,-0.224089018349569,33,4.125,6.6,0.25,5,8,0.625,1,0,NA,NA,NA,NA,NA,NA,NA,NA,"G5"
"2050","Ball State","fbs","Mid-American",2017,3915473,"Kyle Schrank",2,2,11,1,-1.36713405238867,-0.683567026194337,-0.683567026194337,8,4,4,0,2,2,1,0,0,NA,NA,NA,NA,NA,NA,NA,NA,"G5"
"2050","Ball State","fbs","Mid-American",2017,3920764,"Riley Miller",44,10,11,4.4,20.6213777618982,0.468667676406777,2.06213777618982,261,5.93181818181818,26.1,0.522727272727273,27,44,0.613636363636364,1,0,225,244,234,279.5,438,415,535,468.5,"G5"
"2050","Ball State","fbs","Mid-American",2017,4039198,"Nolan Givan",35,10,11,3.5,-6.15321765269879,-0.175806218648537,-0.615321765269879,139,3.97142857142857,13.9,0.371428571428571,22,35,0.628571428571429,2,0,598,592,594,559,408,582,609,602,"G5"
"2050","Ball State","fbs","Mid-American",2017,4047727,"Keidren Davis",4,3,11,1.33333333333333,-0.0341530082386126,-0.00853825205965314,-0.0113843360795375,20,5,6.66666666666667,0.5,3,4,0.75,0,0,NA,NA,NA,NA,NA,NA,NA,NA,"G5"
"2050","Ball State","fbs","Mid-American",2017,4047738,"Cody Rudy",3,3,11,1,-0.0636921960343414,-0.0212307320114471,-0.0212307320114471,16,5.33333333333333,5.33333333333333,0.333333333333333,2,3,0.666666666666667,0,0,NA,NA,NA,NA,NA,NA,NA,NA,"G5"
"2050","Ball State","fbs","Mid-American",2017,4244719,"Antwan Davis",29,6,11,4.83333333333333,-7.6408201864635,-0.263476558153914,-1.27347003107725,143,4.93103448275862,23.8333333333333,0.379310344827586,13,29,0.448275862068966,0,1,605,611,604,552,612,579.5,592,506.5,"G5"
"2050","Ball State","fbs","Mid-American",2017,4244722,"Luke Endsley",2,2,11,1,1.05776031606414,0.528880158032071,0.528880158032071,12,6,6,0.5,2,2,1,0,0,NA,NA,NA,NA,NA,NA,NA,NA,"G5"
"2050","Ball State","fbs","Mid-American",2017,4244727,"Justin Hall",105,11,11,9.54545454545454,21.6120732230203,0.205829268790669,1.96473392936548,671,6.39047619047619,61,0.457142857142857,70,105,0.666666666666667,1,1,208,264,452,438,310.5,76,498,96,"G5"
"2050","Ball State","fbs","Mid-American",2017,4244732,"Caleb Huntley",9,6,11,1.5,-3.46201113383157,-0.384667903759063,-0.577001855638595,26,2.88888888888889,4.33333333333333,0.333333333333333,6,9,0.666666666666667,0,0,NA,NA,NA,NA,NA,NA,NA,NA,"G5"
"2050","Ball State","fbs","Mid-American",2017,4244733,"Markice Hurt",7,4,11,1.75,0.356152473247229,0.0508789247496041,0.0890381183118072,39,5.57142857142857,9.75,0.428571428571429,4,7,0.571428571428571,0,0,NA,NA,NA,NA,NA,NA,NA,NA,"G5"
"2050","Ball State","fbs","Mid-American",2017,4244734,"Hassan Littles",3,2,11,1.5,-1.10350853904124,-0.367836179680414,-0.551754269520621,20,6.66666666666667,10,0.333333333333333,2,3,0.666666666666667,0,0,NA,NA,NA,NA,NA,NA,NA,NA,"G5"
"2050","Ball State","fbs","Mid-American",2017,4244739,"Khalil Newton",22,4,11,5.5,9.32939957934718,0.424063617243054,2.33234989483679,183,8.31818181818182,45.75,0.5,12,22,0.545454545454545,1,0,430,220,266,335,557,540.5,290.5,216,"G5"
"2050","Ball State","fbs","Mid-American",2017,4261848,"Brennan Gillis",2,1,11,2,1.57978331712661,0.789891658563305,1.57978331712661,16,8,16,0.5,1,2,0.5,0,0,NA,NA,NA,NA,NA,NA,NA,NA,"G5"
"2084","Buffalo","fbs","Mid-American",2017,550990,"Jamarl Eiland",16,7,11,2.28571428571429,2.72603808807122,0.170377380504451,0.389434012581603,93,5.8125,13.2857142857143,0.5,12,16,0.75,0,0,NA,NA,NA,NA,NA,NA,NA,NA,"G5"
"2084","Buffalo","fbs","Mid-American",2017,550993,"Jacob Martinez",22,7,11,3.14285714285714,8.86140840298228,0.402791291044649,1.26591548614033,226,10.2727272727273,32.2857142857143,0.590909090909091,16,22,0.727272727272727,1,0,440,383,281,119,182.5,481.5,122,383,"G5"
"2084","Buffalo","fbs","Mid-American",2017,3125769,"Ishmael Hargrove",1,1,11,1,-0.870010152637245,-0.870010152637245,-0.870010152637245,0,0,0,0,0,1,0,0,0,NA,NA,NA,NA,NA,NA,NA,NA,"G5"
"2084","Buffalo","fbs","Mid-American",2017,3128318,"Andrew Gray",2,2,11,1,2.06351491637822,1.03175745818911,1.03175745818911,19,9.5,9.5,1,2,2,1,0,0,NA,NA,NA,NA,NA,NA,NA,NA,"G5"
"2084","Buffalo","fbs","Mid-American",2017,3916564,"Tyree Jackson",2,1,11,2,7.66505681780397,3.83252840890199,7.66505681780397,67,33.5,67,1,2,2,1,2,0,NA,NA,NA,NA,NA,NA,NA,NA,"G5"
"2084","Buffalo","fbs","Mid-American",2017,3916566,"K.J. Osborn",46,11,11,4.18181818181818,17.2601718409376,0.375221126976904,1.56910653099433,408,8.8695652173913,37.0909090909091,0.478260869565217,29,46,0.630434782608696,2,0,275,335,303,389,404,245,239,324,"G5"
"2084","Buffalo","fbs","Mid-American",2017,3916573,"Johnathan Hawkins",3,1,11,3,-3.13373110127848,-1.04457703375949,-3.13373110127848,-2,-0.666666666666667,-2,0,1,3,0.333333333333333,0,0,NA,NA,NA,NA,NA,NA,NA,NA,"G5"
"2084","Buffalo","fbs","Mid-American",2017,3916575,"Emmanuel Reed",17,7,11,2.42857142857143,3.44980474080724,0.20292969063572,0.492829248686748,116,6.82352941176471,16.5714285714286,0.411764705882353,11,17,0.647058823529412,1,0,NA,NA,NA,NA,NA,NA,NA,NA,"G5"
"2084","Buffalo","fbs","Mid-American",2017,3916587,"Tyler Mabry",27,10,11,2.7,16.6198161072811,0.615548744714115,1.66198161072811,181,6.7037037037037,18.1,0.555555555555556,22,27,0.814814814814815,1,0,292,327,121,201.5,52.5,543,466,572,"G5"
"2084","Buffalo","fbs","Mid-American",2017,4040825,"Theo Anderson",2,2,11,1,-0.794400360552127,-0.397200180276064,-0.397200180276064,16,8,8,0.5,2,2,1,0,0,NA,NA,NA,NA,NA,NA,NA,NA,"G5"
"2084","Buffalo","fbs","Mid-American",2017,4040845,"Kamathi Holsey",45,7,11,6.42857142857143,22.4865892931138,0.499701984291418,3.21236989901626,505,11.2222222222222,72.1428571428571,0.555555555555556,28,45,0.622222222222222,0,2,205,122,218,201.5,420.5,167,72,52,"G5"
"2084","Buffalo","fbs","Mid-American",2017,4040846,"Zac Lefebvre",7,3,11,2.33333333333333,1.34716217102697,0.192451738718139,0.44905405700899,51,7.28571428571429,17,0.571428571428571,5,7,0.714285714285714,1,0,NA,NA,NA,NA,NA,NA,NA,NA,"G5"
"2084","Buffalo","fbs","Mid-American",2017,4049294,"Antonio Nunn",18,7,11,2.57142857142857,20.0294307395769,1.11274615219872,2.86134724851099,295,16.3888888888889,42.1428571428571,0.666666666666667,14,18,0.777777777777778,1,0,NA,NA,NA,NA,NA,NA,NA,NA,"G5"
"2084","Buffalo","fbs","Mid-American",2017,4049301,"Anthony Johnson",112,11,11,10.1818181818182,62.8278777984557,0.560963194629069,5.71162525440507,1194,10.6607142857143,108.545454545455,0.508928571428571,70,112,0.625,9,1,12,19,169,316,413.5,4,98,7,"G5"
"21","San Diego State","fbs","Mountain West",2017,547588,"David Wells",10,7,11,1.42857142857143,13.2273160550854,1.32273160550854,1.88961657929792,133,13.3,19,0.8,9,10,0.9,2,0,NA,NA,NA,NA,NA,NA,NA,NA,"G5"
"21","San Diego State","fbs","Mountain West",2017,3125232,"Nick Bawden",13,8,11,1.625,7.3411493089538,0.564703792996446,0.917643663619225,94,7.23076923076923,11.75,0.461538461538462,13,13,1,1,0,NA,NA,NA,NA,NA,NA,NA,NA,"G5"
"21","San Diego State","fbs","Mountain West",2017,3139923,"Fred Trevillion",12,5,11,2.4,17.1276597469599,1.42730497891332,3.42553194939198,255,21.25,51,0.583333333333333,7,12,0.583333333333333,2,0,NA,NA,NA,NA,NA,NA,NA,NA,"G5"
"21","San Diego State","fbs","Mountain West",2017,3139925,"Rashaad Penny",23,7,11,3.28571428571429,2.48998827088074,0.10826035960351,0.35571261012582,142,6.17391304347826,20.2857142857143,0.347826086956522,18,23,0.782608695652174,2,0,523,514,509,580,88,581,516,547,"G5"
"21","San Diego State","fbs","Mountain West",2017,3139946,"Mikah Holder",56,10,11,5.6,41.5474001577504,0.741917859959828,4.15474001577503,614,10.9642857142857,61.4,0.732142857142857,42,56,0.75,2,1,63,64,76,10,143.5,102,79,94,"G5"
"21","San Diego State","fbs","Mountain West",2017,3921652,"Juwan Washington",5,4,11,1.25,-1.92266481279417,-0.384532962558834,-0.480666203198542,39,7.8,9.75,0.4,3,5,0.6,0,0,NA,NA,NA,NA,NA,NA,NA,NA,"G5"
"21","San Diego State","fbs","Mountain West",2017,3921656,"Ronley Lakalaka",1,1,11,1,-1.08112014628757,-1.08112014628757,-1.08112014628757,0,0,0,0,0,1,0,0,0,NA,NA,NA,NA,NA,NA,NA,NA,"G5"
"21","San Diego State","fbs","Mountain West",2017,3921661,"Isaac Lessard",1,1,11,1,1.4561471986241,1.4561471986241,1.4561471986241,7,7,7,1,1,1,1,0,0,NA,NA,NA,NA,NA,NA,NA,NA,"G5"
"21","San Diego State","fbs","Mountain West",2017,3932171,"Chaz Collins",1,1,11,1,-0.631499773293262,-0.631499773293262,-0.631499773293262,3,3,3,0,1,1,1,0,0,NA,NA,NA,NA,NA,NA,NA,NA,"G5"
"21","San Diego State","fbs","Mountain West",2017,3933327,"Kahale Warring",16,7,11,2.28571428571429,15.464606119517,0.966537882469811,2.20922944564528,185,11.5625,26.4285714285714,0.625,14,16,0.875,2,0,NA,NA,NA,NA,NA,NA,NA,NA,"G5"
"21","San Diego State","fbs","Mountain West",2017,4036835,"Parker Houston",7,4,11,1.75,0.847035640817571,0.121005091545367,0.211758910204393,33,4.71428571428571,8.25,0.571428571428571,5,7,0.714285714285714,0,0,NA,NA,NA,NA,NA,NA,NA,NA,"G5"
"21","San Diego State","fbs","Mountain West",2017,4036838,"Isiah Macklin",2,1,11,2,0.296010499929515,0.148005249964757,0.296010499929515,17,8.5,17,0.5,2,2,1,0,0,NA,NA,NA,NA,NA,NA,NA,NA,"G5"
"21","San Diego State","fbs","Mountain West",2017,4036843,"Quest Truxton",16,7,11,2.28571428571429,1.82144742984663,0.113840464365414,0.260206775692376,93,5.8125,13.2857142857143,0.5625,9,16,0.5625,0,0,NA,NA,NA,NA,NA,NA,NA,NA,"G5"
"21","San Diego State","fbs","Mountain West",2017,4242266,"Collin Andrews",1,1,11,1,0.629108294043493,0.629108294043493,0.629108294043493,11,11,11,1,1,1,1,0,0,NA,NA,NA,NA,NA,NA,NA,NA,"G5"
"21","San Diego State","fbs","Mountain West",2017,4261629,"Tim Wilson Jr.",6,3,11,2,8.7321103481236,1.45535172468727,2.91070344937453,74,12.3333333333333,24.6666666666667,0.833333333333333,5,6,0.833333333333333,0,0,NA,NA,NA,NA,NA,NA,NA,NA,"G5"
"2116","UCF","fbs","American Athletic",2017,554128,"Michael Colubiale",9,7,11,1.28571428571429,14.0423402270986,1.56026002523318,2.00604860387123,196,21.7777777777778,28,1,9,9,1,1,0,NA,NA,NA,NA,NA,NA,NA,NA,"G5"
"2116","UCF","fbs","American Athletic",2017,3128439,"Jordan Franks",11,6,11,1.83333333333333,0.0161145017814688,0.00146495470740625,0.00268575029691146,87,7.90909090909091,14.5,0.363636363636364,8,11,0.727272727272727,0,0,NA,NA,NA,NA,NA,NA,NA,NA,"G5"
"2116","UCF","fbs","American Athletic",2017,3128451,"Tre'Quan Smith",67,11,11,6.09090909090909,65.4842634062824,0.977377065765409,5.95311485511658,1015,15.1492537313433,92.2727272727273,0.656716417910448,48,67,0.716417910447761,11,0,9,13,20,41,204,13,3,20,"G5"
"2116","UCF","fbs","American Athletic",2017,3128452,"Jordan Akins",37,9,11,4.11111111111111,17.732075161332,0.479245274630595,1.97023057348133,431,11.6486486486486,47.8888888888889,0.567567567567568,27,37,0.72972972972973,4,1,268,263,231,177,175.5,219.5,56,194,"G5"
"2116","UCF","fbs","American Athletic",2017,3128455,"Jamiyus Pittman",1,1,11,1,1.00191211972321,1.00191211972321,1.00191211972321,4,4,4,1,1,1,1,1,0,NA,NA,NA,NA,NA,NA,NA,NA,"G5"
"2116","UCF","fbs","American Athletic",2017,3139673,"Chris Larsen",1,1,11,1,-0.591849922389904,-0.591849922389904,-0.591849922389904,2,2,2,0,1,1,1,0,0,NA,NA,NA,NA,NA,NA,NA,NA,"G5"
"2116","UCF","fbs","American Athletic",2017,3914267,"Taj McGowan",6,4,11,1.5,-0.626418780834651,-0.104403130139108,-0.156604695208663,24,4,6,0.333333333333333,4,6,0.666666666666667,0,0,NA,NA,NA,NA,NA,NA,NA,NA,"G5"
"2116","UCF","fbs","American Athletic",2017,3929052,"Cam Stewart",8,4,11,2,9.41354267813352,1.17669283476669,2.35338566953338,168,21,42,0.625,5,8,0.625,1,0,NA,NA,NA,NA,NA,NA,NA,NA,"G5"
"2116","UCF","fbs","American Athletic",2017,4042110,"Jawon Hamilton",1,1,11,1,-1.02434263624845,-1.02434263624845,-1.02434263624845,0,0,0,0,0,1,0,0,0,NA,NA,NA,NA,NA,NA,NA,NA,"G5"
"2116","UCF","fbs","American Athletic",2017,4042112,"Adrian Killins Jr.",28,9,11,3.11111111111111,-1.42160935786421,-0.0507717627808647,-0.157956595318246,149,5.32142857142857,16.5555555555556,0.464285714285714,22,28,0.785714285714286,1,0,564,565,569,419.5,81.5,573.5,578,580,"G5"
"2116","UCF","fbs","American Athletic",2017,4042113,"McKenzie Milton",2,2,11,1,9.22751859363658,4.61375929681829,4.61375929681829,83,41.5,41.5,1,2,2,1,2,0,NA,NA,NA,NA,NA,NA,NA,NA,"G5"
"2116","UCF","fbs","American Athletic",2017,4044148,"Dredrick Snelson",49,10,11,4.9,29.9856980634784,0.61195302170364,2.99856980634784,566,11.5510204081633,56.6,0.63265306122449,37,49,0.755102040816326,5,1,135,150,125,61,135,122.5,59,122,"G5"
"2116","UCF","fbs","American Athletic",2017,4044150,"Alex Harris",3,2,11,1.5,2.5512646075654,0.850421535855133,1.2756323037827,33,11,16.5,1,3,3,1,0,0,NA,NA,NA,NA,NA,NA,NA,NA,"G5"
"2116","UCF","fbs","American Athletic",2017,4243534,"Emmanuel Logan-Greene",5,3,11,1.66666666666667,2.80742167605096,0.561484335210193,0.935807225350321,75,15,25,0.8,5,5,1,0,0,NA,NA,NA,NA,NA,NA,NA,NA,"G5"
"2116","UCF","fbs","American Athletic",2017,4243537,"Gabriel Davis",33,9,11,3.66666666666667,18.3378918966555,0.555693693838045,2.03754354407283,263,7.96969696969697,29.2222222222222,0.575757575757576,23,33,0.696969696969697,2,0,258,252,170,153.5,244,411,341,428,"G5"
"2116","UCF","fbs","American Athletic",2017,4243543,"Otis Anderson",33,11,11,3,16.7072757093618,0.506281082101872,1.51884324630562,331,10.030303030303,30.0909090909091,0.606060606060606,28,33,0.848484848484849,2,1,289,341,215,96,30,331.5,137,418,"G5"
"2116","UCF","fbs","American Athletic",2017,4243544,"Greg McCrae",2,2,11,1,0.787244433970701,0.39362221698535,0.39362221698535,13,6.5,6.5,0.5,2,2,1,0,0,NA,NA,NA,NA,NA,NA,NA,NA,"G5"
"2116","UCF","fbs","American Athletic",2017,4257599,"Marlon Williams",18,9,11,2,18.2840194766556,1.0157788598142,2.0315577196284,247,13.7222222222222,27.4444444444444,0.777777777777778,15,18,0.833333333333333,2,0,NA,NA,NA,NA,NA,NA,NA,NA,"G5"
"2117","Central Michigan","fbs","Mid-American",2017,545456,"Berkley Edwards",3,1,11,3,-2.55176008970476,-0.850586696568252,-2.55176008970476,5,1.66666666666667,5,0,2,3,0.666666666666667,0,0,NA,NA,NA,NA,NA,NA,NA,NA,"G5"
"2117","Central Michigan","fbs","Mid-American",2017,546055,"Darwyn Kelly",2,2,11,1,-0.635312149514258,-0.317656074757129,-0.317656074757129,7,3.5,3.5,0.5,1,2,0.5,0,0,NA,NA,NA,NA,NA,NA,NA,NA,"G5"
"2117","Central Michigan","fbs","Mid-American",2017,546520,"Zach Crouch",1,1,11,1,0.263304563918734,0.263304563918734,0.263304563918734,4,4,4,1,1,1,1,0,0,NA,NA,NA,NA,NA,NA,NA,NA,"G5"
"2117","Central Michigan","fbs","Mid-American",2017,546533,"Corey Willis",51,7,11,7.28571428571429,40.903148220783,0.802022514133,5.84330688868329,582,11.4117647058824,83.1428571428571,0.490196078431373,34,51,0.666666666666667,9,0,68,14,56,357,310.5,114,66,33,"G5"
"2117","Central Michigan","fbs","Mid-American",2017,546601,"Mark Chapman",81,11,11,7.36363636363636,31.4835605007044,0.388685932107462,2.8621418637004,717,8.85185185185185,65.1818181818182,0.469135802469136,49,81,0.604938271604938,5,0,121,161,293,411,465,63,241,81,"G5"
"2117","Central Michigan","fbs","Mid-American",2017,546602,"Eric Cooper",33,9,11,3.66666666666667,9.28726563392706,0.281432291937183,1.03191840376967,260,7.87878787878788,28.8888888888889,0.545454545454545,25,33,0.757575757575758,2,0,433,433,390,229.5,131.5,418.5,361.5,432.5,"G5"
"2117","Central Michigan","fbs","Mid-American",2017,3125801,"Devon Spalding",3,2,11,1.5,-1.85924047597438,-0.619746825324793,-0.92962023798719,11,3.66666666666667,5.5,0,2,3,0.666666666666667,0,0,NA,NA,NA,NA,NA,NA,NA,NA,"G5"
"2117","Central Michigan","fbs","Mid-American",2017,3915484,"Brandon Childress",1,1,11,1,1.14911690874133,1.14911690874133,1.14911690874133,22,22,22,1,1,1,1,0,0,NA,NA,NA,NA,NA,NA,NA,NA,"G5"
"2117","Central Michigan","fbs","Mid-American",2017,3915486,"Tyler Conklin",51,7,11,7.28571428571429,21.3232946526298,0.418103816718231,3.04618495037569,406,7.96078431372549,58,0.431372549019608,28,51,0.549019607843137,5,0,214,142,271,494,550,250,342,111,"G5"
"2117","Central Michigan","fbs","Mid-American",2017,3915496,"Jay Roberson",1,1,11,1,2.28085005277108,2.28085005277108,2.28085005277108,5,5,5,1,1,1,1,0,0,NA,NA,NA,NA,NA,NA,NA,NA,"G5"
"2117","Central Michigan","fbs","Mid-American",2017,3915497,"Romello Ross",1,1,11,1,2.56295635110771,2.56295635110771,2.56295635110771,9,9,9,1,1,1,1,0,0,NA,NA,NA,NA,NA,NA,NA,NA,"G5"
"2117","Central Michigan","fbs","Mid-American",2017,3915501,"Damon Terry",4,2,11,2,1.34272160224959,0.335680400562396,0.671360801124793,35,8.75,17.5,0.5,3,4,0.75,0,0,NA,NA,NA,NA,NA,NA,NA,NA,"G5"
"2117","Central Michigan","fbs","Mid-American",2017,4039262,"Kumehnnu Gwilly",8,6,11,1.33333333333333,-2.75760470984001,-0.344700588730002,-0.459600784973336,37,4.625,6.16666666666667,0.375,6,8,0.75,0,0,NA,NA,NA,NA,NA,NA,NA,NA,"G5"
"2117","Central Michigan","fbs","Mid-American",2017,4039271,"Tony Poljan",5,3,11,1.66666666666667,7.46151606310476,1.49230321262095,2.48717202103492,97,19.4,32.3333333333333,0.8,5,5,1,0,0,NA,NA,NA,NA,NA,NA,NA,NA,"G5"
"2117","Central Michigan","fbs","Mid-American",2017,4039274,"Jonathan Ward",59,11,11,5.36363636363636,-6.90708197019962,-0.117069185935587,-0.62791654274542,344,5.83050847457627,31.2727272727273,0.372881355932203,39,59,0.661016949152542,2,0,603,593,587,558,324,313.5,541,398,"G5"
"2117","Central Michigan","fbs","Mid-American",2017,4047750,"Cameron Cole",6,3,11,2,10.2686547189804,1.7114424531634,3.42288490632681,104,17.3333333333333,34.6666666666667,1,6,6,1,1,0,NA,NA,NA,NA,NA,NA,NA,NA,"G5"
"2117","Central Michigan","fbs","Mid-American",2017,4047753,"Logan Hessbrook",10,2,11,5,4.38232069769602,0.438232069769602,2.19116034884801,80,8,40,0.4,5,10,0.5,1,0,NA,NA,NA,NA,NA,NA,NA,NA,"G5"
"213","Penn State","fbs","Big Ten",2017,552330,"DaeSean Hamilton",74,12,12,6.16666666666667,49.7072535877998,0.671719643078376,4.14227113231665,742,10.027027027027,61.8333333333333,0.581081081081081,48,74,0.648648648648649,5,0,37,67,104,139,356.5,57,138,92,"P5"
"213","Penn State","fbs","Big Ten",2017,552336,"Tom Pancoast",3,3,12,1,0.952612877215302,0.317537625738434,0.317537625738434,15,5,5,0.666666666666667,3,3,1,1,0,NA,NA,NA,NA,NA,NA,NA,NA,"P5"
"213","Penn State","fbs","Big Ten",2017,3116155,"Saeed Blacknall",28,10,12,2.8,10.7786497605097,0.38495177716106,1.07786497605097,246,8.78571428571429,24.6,0.535714285714286,16,28,0.571428571428571,1,0,407,416,297,247.5,525.5,449.5,249,496,"P5"
"213","Penn State","fbs","Big Ten",2017,3116164,"Mike Gesicki",69,12,12,5.75,27.2386421616465,0.394762929878934,2.26988684680387,510,7.39130434782609,42.5,0.507246376811594,53,69,0.768115942028985,9,0,159,224,288,320,113,165,406,251,"P5"
"213","Penn State","fbs","Big Ten",2017,3116172,"Trace McSorley",9,5,12,1.8,34.3751530591707,3.81946145101896,6.87503061183413,246,27.3333333333333,49.2,1,9,9,1,9,0,NA,NA,NA,NA,NA,NA,NA,NA,"P5"
"213","Penn State","fbs","Big Ten",2017,3116182,"DeAndre Thompkins",36,10,12,3.6,25.5590278930269,0.709972997028524,2.55590278930269,397,11.0277777777778,39.7,0.722222222222222,28,36,0.777777777777778,2,0,175,189,90,13,97,260.5,75,283.5,"P5"
"213","Penn State","fbs","Big Ten",2017,3791110,"Tommy Stevens",8,6,12,1.33333333333333,4.34315309185295,0.542894136481619,0.723858848642159,76,9.5,12.6666666666667,0.625,8,8,1,1,0,NA,NA,NA,NA,NA,NA,NA,NA,"P5"
"213","Penn State","fbs","Big Ten",2017,3929630,"Saquon Barkley",58,12,12,4.83333333333333,14.9486934002326,0.257736093107459,1.24572445001938,454,7.82758620689655,37.8333333333333,0.431034482758621,46,58,0.793103448275862,1,0,328,389,403,495.5,73.5,202.5,371,314,"P5"
"213","Penn State","fbs","Big Ten",2017,3929633,"Nick Bowers",1,1,12,1,1.92005324942775,1.92005324942775,1.92005324942775,15,15,15,1,1,1,1,1,0,NA,NA,NA,NA,NA,NA,NA,NA,"P5"
"213","Penn State","fbs","Big Ten",2017,3929636,"Irvin Charles",1,1,12,1,-0.846978558015392,-0.846978558015392,-0.846978558015392,4,4,4,0,1,1,1,0,0,NA,NA,NA,NA,NA,NA,NA,NA,"P5"
"213","Penn State","fbs","Big Ten",2017,3929643,"Jonathan Holland",3,3,12,1,0.0572360834299572,0.0190786944766524,0.0190786944766524,16,5.33333333333333,5.33333333333333,0.666666666666667,3,3,1,0,0,NA,NA,NA,NA,NA,NA,NA,NA,"P5"
"213","Penn State","fbs","Big Ten",2017,3929645,"Juwan Johnson",71,12,12,5.91666666666667,26.6165712637531,0.374881285404973,2.21804760531275,658,9.26760563380282,54.8333333333333,0.591549295774648,51,71,0.71830985915493,0,0,165,225,305,116,200,83,202,133,"P5"
"213","Penn State","fbs","Big Ten",2017,3929652,"Brandon Polk",13,8,12,1.625,2.38320843691683,0.183323725916679,0.297901054614604,140,10.7692307692308,17.5,0.615384615384615,10,13,0.769230769230769,0,0,NA,NA,NA,NA,NA,NA,NA,NA,"P5"
"213","Penn State","fbs","Big Ten",2017,3929654,"Andre Robinson",2,2,12,1,0.735914882615567,0.367957441307784,0.367957441307784,5,2.5,2.5,0.5,1,2,0.5,0,0,NA,NA,NA,NA,NA,NA,NA,NA,"P5"
"213","Penn State","fbs","Big Ten",2017,4045163,"Miles Sanders",9,5,12,1.8,-1.78108828747466,-0.197898698608295,-0.356217657494931,26,2.88888888888889,5.2,0.222222222222222,5,9,0.555555555555556,0,0,NA,NA,NA,NA,NA,NA,NA,NA,"P5"
"2132","Cincinnati","fbs","American Athletic",2017,530921,"JaQuay Savage",8,5,11,1.6,5.54717993719157,0.693397492148946,1.10943598743831,51,6.375,10.2,0.5,6,8,0.75,1,0,NA,NA,NA,NA,NA,NA,NA,NA,"G5"
"2132","Cincinnati","fbs","American Athletic",2017,552212,"Tyler Cogswell",27,10,11,2.7,14.096901230429,0.522107452978852,1.4096901230429,136,5.03703703703704,13.6,0.481481481481481,20,27,0.740740740740741,1,0,343,362,195,378,162.5,585.5,588,604,"G5"
"2132","Cincinnati","fbs","American Athletic",2017,3125813,"Hayden Moore",1,1,11,1,-0.184275901993816,-0.184275901993816,-0.184275901993816,4,4,4,0,1,1,1,0,0,NA,NA,NA,NA,NA,NA,NA,NA,"G5"
"2132","Cincinnati","fbs","American Athletic",2017,3139033,"Mike Boone",32,9,11,3.55555555555556,-1.92338504852161,-0.0601057827663002,-0.213709449835734,168,5.25,18.6666666666667,0.3125,22,32,0.6875,1,0,570,570,573,601,268,556,581,567,"G5"
"2132","Cincinnati","fbs","American Athletic",2017,3139053,"JJ Pinckney",17,7,11,2.42857142857143,3.55678734821305,0.209222785189003,0.50811247831615,171,10.0588235294118,24.4285714285714,0.470588235294118,11,17,0.647058823529412,0,0,NA,NA,NA,NA,NA,NA,NA,NA,"G5"
"2132","Cincinnati","fbs","American Athletic",2017,3909123,"Rashad Medaris",8,3,11,2.66666666666667,0.697982849262597,0.0872478561578247,0.232660949754199,61,7.625,20.3333333333333,0.375,6,8,0.75,0,0,NA,NA,NA,NA,NA,NA,NA,NA,"G5"
"2132","Cincinnati","fbs","American Athletic",2017,3914148,"Taylor Boose",3,2,11,1.5,0.566493948632292,0.188831316210764,0.283246974316146,13,4.33333333333333,6.5,0.333333333333333,3,3,1,0,0,NA,NA,NA,NA,NA,NA,NA,NA,"G5"
"2132","Cincinnati","fbs","American Athletic",2017,3914151,"Josiah Deguara",15,5,11,3,1.07639686171259,0.071759790780839,0.215279372342517,98,6.53333333333333,19.6,0.466666666666667,11,15,0.733333333333333,0,0,NA,NA,NA,NA,NA,NA,NA,NA,"G5"
"2132","Cincinnati","fbs","American Athletic",2017,3914158,"Kahlil Lewis",96,11,11,8.72727272727273,28.165386869778,0.293389446560188,2.56048971543437,636,6.625,57.8181818181818,0.416666666666667,57,96,0.59375,6,1,150,187,380,514,489,91,476.5,114,"G5"
"2132","Cincinnati","fbs","American Athletic",2017,4037478,"Gerrid Doaks",19,9,11,2.11111111111111,3.14446058234098,0.165497925386367,0.349384509148997,135,7.10526315789474,15,0.368421052631579,14,19,0.736842105263158,1,0,NA,NA,NA,NA,NA,NA,NA,NA,"G5"
"2132","Cincinnati","fbs","American Athletic",2017,4037480,"Thomas Geddis",42,10,11,4.2,25.7335426364562,0.612703396106099,2.57335426364562,340,8.09523809523809,34,0.595238095238095,25,42,0.595238095238095,2,0,173,183,124,108.5,485,321,324,361,"G5"
"2132","Cincinnati","fbs","American Athletic",2017,4037481,"Devin Gray",48,11,11,4.36363636363636,25.8106392168183,0.53772165035038,2.34642174698348,426,8.875,38.7272727272727,0.5,26,48,0.541666666666667,3,0,170,218,186,335,560,223.5,237,299,"G5"
"2132","Cincinnati","fbs","American Athletic",2017,4037485,"Bruno Labelle",1,1,11,1,1.47825128787681,1.47825128787681,1.47825128787681,15,15,15,1,1,1,1,0,0,NA,NA,NA,NA,NA,NA,NA,NA,"G5"
"2132","Cincinnati","fbs","American Athletic",2017,4037492,"Jerron Rollins",14,7,11,2,6.6299062275065,0.473564730536179,0.947129461072357,79,5.64285714285714,11.2857142857143,0.642857142857143,11,14,0.785714285714286,1,0,NA,NA,NA,NA,NA,NA,NA,NA,"G5"
"2132","Cincinnati","fbs","American Athletic",2017,4239083,"Michael Warren II",9,7,11,1.28571428571429,2.65088608138898,0.294542897932109,0.378698011626997,57,6.33333333333333,8.14285714285714,0.444444444444444,5,9,0.555555555555556,0,0,NA,NA,NA,NA,NA,NA,NA,NA,"G5"
"2132","Cincinnati","fbs","American Athletic",2017,4239084,"Javan Hawes",14,5,11,2.8,0.254823110452195,0.0182016507465854,0.0509646220904391,57,4.07142857142857,11.4,0.428571428571429,8,14,0.571428571428571,1,0,NA,NA,NA,NA,NA,NA,NA,NA,"G5"
"2132","Cincinnati","fbs","American Athletic",2017,4239092,"Jaelen Greene",1,1,11,1,-0.945468820758227,-0.945468820758227,-0.945468820758227,0,0,0,0,1,1,1,0,0,NA,NA,NA,NA,NA,NA,NA,NA,"G5"
"218","Temple","fbs","American Athletic",2017,505616,"David Hood",26,9,11,2.88888888888889,1.02067282827463,0.0392566472413319,0.113408092030514,171,6.57692307692308,19,0.307692307692308,23,26,0.884615384615385,0,0,539,538,535,602,9.5,553,480.5,564.5,"G5"
"218","Temple","fbs","American Athletic",2017,547197,"Keith Kirkwood",52,10,11,5.2,45.9410782825241,0.883482274663925,4.59410782825241,514,9.88461538461539,51.4,0.615384615384615,35,52,0.673076923076923,7,0,50,52,35,83.5,297,157.5,147,163,"G5"
"218","Temple","fbs","American Athletic",2017,554484,"Nick Sharga",1,1,11,1,-0.284827559122193,-0.284827559122193,-0.284827559122193,4,4,4,0,1,1,1,0,0,NA,NA,NA,NA,NA,NA,NA,NA,"G5"
"218","Temple","fbs","American Athletic",2017,3123935,"Adonis Jennings",63,11,11,5.72727272727273,23.4804981981358,0.37270632060533,2.13459074528507,616,9.77777777777778,56,0.444444444444444,36,63,0.571428571428571,7,1,195,233,308,469,525.5,99.5,152,125.5,"G5"
"218","Temple","fbs","American Athletic",2017,3126240,"Marshall Ellick",11,5,11,2.2,6.20730186312087,0.564300169374624,1.24146037262417,93,8.45454545454546,18.6,0.727272727272727,10,11,0.909090909090909,0,0,NA,NA,NA,NA,NA,NA,NA,NA,"G5"
"218","Temple","fbs","American Athletic",2017,3138744,"Chris Myarick",11,6,11,1.83333333333333,3.25217734227051,0.295652485660956,0.542029557045085,68,6.18181818181818,11.3333333333333,0.636363636363636,8,11,0.727272727272727,0,0,NA,NA,NA,NA,NA,NA,NA,NA,"G5"
"218","Temple","fbs","American Athletic",2017,3138758,"Brodrick Yancy",9,5,11,1.8,4.19736404744911,0.466373783049901,0.839472809489822,85,9.44444444444444,17,0.555555555555556,6,9,0.666666666666667,1,1,NA,NA,NA,NA,NA,NA,NA,NA,"G5"
"218","Temple","fbs","American Athletic",2017,3138760,"Ventell Bryant",38,8,11,4.75,-4.24430657505149,-0.111692278290829,-0.530538321881436,189,4.97368421052632,23.625,0.315789473684211,20,38,0.526315789473684,0,0,588,588,586,600,577.5,531,590,509,"G5"
"218","Temple","fbs","American Athletic",2017,3914214,"Logan Marchi",1,1,11,1,3.09265993144605,3.09265993144605,3.09265993144605,1,1,1,1,1,1,1,1,0,NA,NA,NA,NA,NA,NA,NA,NA,"G5"
"218","Temple","fbs","American Athletic",2017,3923397,"Ryquell Armstead",14,8,11,1.75,-0.859122318823638,-0.0613658799159741,-0.107390289852955,59,4.21428571428571,7.375,0.5,10,14,0.714285714285714,0,0,NA,NA,NA,NA,NA,NA,NA,NA,"G5"
"218","Temple","fbs","American Athletic",2017,3923405,"Jager Gardner",1,1,11,1,-0.692728716449682,-0.692728716449682,-0.692728716449682,0,0,0,0,0,1,0,0,0,NA,NA,NA,NA,NA,NA,NA,NA,"G5"
"218","Temple","fbs","American Athletic",2017,3923412,"Jake Robinson",1,1,11,1,1.30319999848114,1.30319999848114,1.30319999848114,3,3,3,1,1,1,1,1,0,NA,NA,NA,NA,NA,NA,NA,NA,"G5"
"218","Temple","fbs","American Athletic",2017,4044121,"Isaiah Wright",69,11,11,6.27272727272727,27.7382607468352,0.40200377893964,2.52166006789411,563,8.15942028985507,51.1818181818182,0.492753623188406,40,69,0.579710144927536,3,0,155,194,283,350,515,127,311,169,"G5"
"218","Temple","fbs","American Athletic",2017,4044123,"Branden Mack",2,2,11,1,1.94422572291547,0.972112861457736,0.972112861457736,23,11.5,11.5,1,2,2,1,0,0,NA,NA,NA,NA,NA,NA,NA,NA,"G5"
"218","Temple","fbs","American Athletic",2017,4044142,"Freddie Johnson",2,2,11,1,2.56393440621662,1.28196720310831,1.28196720310831,20,10,10,1,2,2,1,0,0,NA,NA,NA,NA,NA,NA,NA,NA,"G5"
"218","Temple","fbs","American Athletic",2017,4044143,"Randle Jones",18,8,11,2.25,11.0586852113288,0.614371400629378,1.3823356514161,194,10.7777777777778,24.25,0.611111111111111,14,18,0.777777777777778,0,0,NA,NA,NA,NA,NA,NA,NA,NA,"G5"
"218","Temple","fbs","American Athletic",2017,4044144,"Kenny Yeboah",17,9,11,1.88888888888889,8.98954704729469,0.528796885134982,0.998838560810522,136,8,15.1111111111111,0.588235294117647,14,17,0.823529411764706,0,0,NA,NA,NA,NA,NA,NA,NA,NA,"G5"
"2199","Eastern Michigan","fbs","Mid-American",2017,552782,"Brogan Roback",2,2,12,1,5.35346251887174,2.67673125943587,2.67673125943587,20,10,10,1,2,2,1,2,0,NA,NA,NA,NA,NA,NA,NA,NA,"G5"
"2199","Eastern Michigan","fbs","Mid-American",2017,3125830,"Ian Eriksen",20,9,12,2.22222222222222,0.238696353420173,0.0119348176710087,0.0265218170466859,122,6.1,13.5555555555556,0.35,15,20,0.75,0,0,NA,NA,NA,NA,NA,NA,NA,NA,"G5"
"2199","Eastern Michigan","fbs","Mid-American",2017,3125833,"Shaq Vann",14,7,12,2,-4.01204973146348,-0.28657498081882,-0.573149961637639,62,4.42857142857143,8.85714285714286,0.357142857142857,11,14,0.785714285714286,0,0,NA,NA,NA,NA,NA,NA,NA,NA,"G5"
"2199","Eastern Michigan","fbs","Mid-American",2017,3125837,"Blake Banham",13,7,12,1.85714285714286,-4.98240640847779,-0.383262031421368,-0.711772344068255,94,7.23076923076923,13.4285714285714,0.307692307692308,11,13,0.846153846153846,0,0,NA,NA,NA,NA,NA,NA,NA,NA,"G5"
"2199","Eastern Michigan","fbs","Mid-American",2017,3125850,"Dan Buschman",6,2,12,3,5.19496990801054,0.865828318001757,2.59748495400527,36,6,18,0.833333333333333,5,6,0.833333333333333,0,0,NA,NA,NA,NA,NA,NA,NA,NA,"G5"
"2199","Eastern Michigan","fbs","Mid-American",2017,3916616,"Isaac Holder",12,8,12,1.5,3.25329968931277,0.271108307442731,0.406662461164096,83,6.91666666666667,10.375,0.5,9,12,0.75,0,0,NA,NA,NA,NA,NA,NA,NA,NA,"G5"
"2199","Eastern Michigan","fbs","Mid-American",2017,3916624,"Dieuly Aristilde",8,6,12,1.33333333333333,8.71744841503831,1.08968105187979,1.45290806917305,79,9.875,13.1666666666667,0.875,7,8,0.875,0,0,NA,NA,NA,NA,NA,NA,NA,NA,"G5"
"2199","Eastern Michigan","fbs","Mid-American",2017,3916635,"Breck Turner",4,3,12,1.33333333333333,-1.30022158627685,-0.325055396569212,-0.433407195425615,17,4.25,5.66666666666667,0.25,4,4,1,0,0,NA,NA,NA,NA,NA,NA,NA,NA,"G5"
"2199","Eastern Michigan","fbs","Mid-American",2017,3916651,"Eddie Daugherty",16,8,12,2,1.83149479057305,0.114468424410816,0.228936848821632,110,6.875,13.75,0.375,10,16,0.625,0,0,NA,NA,NA,NA,NA,NA,NA,NA,"G5"
"2199","Eastern Michigan","fbs","Mid-American",2017,3916653,"Bryce Kemp",8,4,12,2,3.87190008138054,0.483987510172568,0.967975020345135,74,9.25,18.5,0.625,5,8,0.625,0,0,NA,NA,NA,NA,NA,NA,NA,NA,"G5"
"2199","Eastern Michigan","fbs","Mid-American",2017,4039319,"Antoine Porter",68,12,12,5.66666666666667,12.4005447149497,0.182360951690436,1.0333787262458,527,7.75,43.9166666666667,0.441176470588235,44,68,0.647058823529412,2,1,376,432,467,477,363,151.5,382,232,"G5"
"2199","Eastern Michigan","fbs","Mid-American",2017,4039320,"Sergio Bailey II",95,12,12,7.91666666666667,31.4580272101895,0.33113712852831,2.62150226751579,777,8.17894736842105,64.75,0.473684210526316,51,95,0.536842105263158,6,0,123,179,344,398.5,571,52.5,307,82,"G5"
"2199","Eastern Michigan","fbs","Mid-American",2017,4039339,"Mathew Sexton",40,12,12,3.33333333333333,12.8670650507854,0.321676626269636,1.07225542089879,357,8.925,29.75,0.55,26,40,0.65,2,0,362,419,356,214,353,296,232,420.5,"G5"
"2199","Eastern Michigan","fbs","Mid-American",2017,4039340,"John Niupalau",35,9,12,3.88888888888889,24.5214773994825,0.700613639985213,2.7246085999425,368,10.5142857142857,40.8888888888889,0.628571428571429,27,35,0.771428571428571,4,0,187,167,94,64.5,108,285.5,104,267,"G5"
"2199","Eastern Michigan","fbs","Mid-American",2017,4065226,"Jaron Johnson",35,12,12,2.91666666666667,7.72057283634083,0.220587795324024,0.643381069695069,211,6.02857142857143,17.5833333333333,0.457142857142857,23,35,0.657142857142857,1,1,458,483,442,438,332.5,510.5,527,576,"G5"
"221","Pittsburgh","fbs","ACC",2017,546670,"Jester Weah",66,10,11,6.6,28.8831919795158,0.437624120901755,2.88831919795158,687,10.4090909090909,68.7,0.515151515151515,40,66,0.606060606060606,3,1,145,157,257,300.5,462,70,112,67,"P5"
"221","Pittsburgh","fbs","ACC",2017,547540,"Matt Flanagan",21,6,11,3.5,-2.21189199889905,-0.105328190423764,-0.368648666483176,125,5.95238095238095,20.8333333333333,0.476190476190476,15,21,0.714285714285714,0,0,574,583,585,395,208.5,597,530,540,"P5"
"221","Pittsburgh","fbs","ACC",2017,559722,"Dewayne Hendrix",1,1,11,1,-0.630969410060024,-0.630969410060024,-0.630969410060024,0,0,0,0,0,1,0,0,0,NA,NA,NA,NA,NA,NA,NA,NA,"P5"
"221","Pittsburgh","fbs","ACC",2017,3123944,"Qadree Ollison",18,9,11,2,9.36955655658178,0.520530919810099,1.0410618396202,154,8.55555555555556,17.1111111111111,0.555555555555556,17,18,0.944444444444444,1,0,NA,NA,NA,NA,NA,NA,NA,NA,"P5"
"221","Pittsburgh","fbs","ACC",2017,3895783,"Nathan Bossory",1,1,11,1,5.01881910113405,5.01881910113405,5.01881910113405,15,15,15,1,1,1,1,1,0,NA,NA,NA,NA,NA,NA,NA,NA,"P5"
"221","Pittsburgh","fbs","ACC",2017,3895788,"Darrin Hall",15,10,11,1.5,6.15494135579522,0.410329423719682,0.615494135579522,149,9.93333333333333,14.9,0.666666666666667,13,15,0.866666666666667,1,0,NA,NA,NA,NA,NA,NA,NA,NA,"P5"
"221","Pittsburgh","fbs","ACC",2017,3895789,"Quadree Henderson",19,9,11,2.11111111111111,7.38536172345413,0.388703248602849,0.820595747050459,179,9.42105263157895,19.8888888888889,0.473684210526316,16,19,0.842105263157895,0,0,NA,NA,NA,NA,NA,NA,NA,NA,"P5"
"221","Pittsburgh","fbs","ACC",2017,3895798,"Jordan Whitehead",2,1,11,2,-0.0266373962211213,-0.0133186981105606,-0.0266373962211213,7,3.5,7,0.5,2,2,1,0,0,NA,NA,NA,NA,NA,NA,NA,NA,"P5"
"221","Pittsburgh","fbs","ACC",2017,3917897,"Rafael Araujo-Lopes",55,10,11,5.5,33.6160528272966,0.611200960496302,3.36160528272966,526,9.56363636363636,52.6,0.6,42,55,0.763636363636364,2,0,113,113,126,104,121.5,153,172,154,"P5"
"221","Pittsburgh","fbs","ACC",2017,3932245,"Chris Clark",20,8,11,2.5,-5.25619093318913,-0.262809546659456,-0.657023866648641,122,6.1,15.25,0.45,16,20,0.8,1,1,NA,NA,NA,NA,NA,NA,NA,NA,"P5"
"221","Pittsburgh","fbs","ACC",2017,4036055,"Maurice Ffrench",31,10,11,3.1,13.9432721153029,0.449782971461385,1.39432721153029,253,8.16129032258065,25.3,0.580645161290323,22,31,0.709677419354839,0,0,348,365,252,142,220,428,310,482,"P5"
"221","Pittsburgh","fbs","ACC",2017,4036066,"Aaron Mathews",22,6,11,3.66666666666667,9.01414208065843,0.40973373093902,1.50235701344307,183,8.31818181818182,30.5,0.590909090909091,15,22,0.681818181818182,0,0,437,345,275,119,279.5,540.5,290.5,410.5,"P5"
"221","Pittsburgh","fbs","ACC",2017,4036069,"Chawntez Moss",7,3,11,2.33333333333333,3.7673505741367,0.538192939162385,1.25578352471223,71,10.1428571428571,23.6666666666667,0.571428571428571,5,7,0.714285714285714,1,0,NA,NA,NA,NA,NA,NA,NA,NA,"P5"
"221","Pittsburgh","fbs","ACC",2017,4240703,"Kenny Pickett",1,1,11,1,1.78127414688311,1.78127414688311,1.78127414688311,5,5,5,1,1,1,1,1,0,NA,NA,NA,NA,NA,NA,NA,NA,"P5"
"221","Pittsburgh","fbs","ACC",2017,4240710,"A.J. Davis",1,1,11,1,-0.738364848641377,-0.738364848641377,-0.738364848641377,0,0,0,0,1,1,1,0,0,NA,NA,NA,NA,NA,NA,NA,NA,"P5"
"2226","Florida Atlantic","fbs","Conference USA",2017,550896,"Kalib Woods",31,5,12,6.2,22.5487002850291,0.727377428549326,4.50974005700582,454,14.6451612903226,90.8,0.548387096774194,18,31,0.580645161290323,2,0,204,54,84,220.5,512,202.5,7,24,"G5"
"2226","Florida Atlantic","fbs","Conference USA",2017,550898,"Dustin Bowens",1,1,12,1,-1.51917480746178,-1.51917480746178,-1.51917480746178,0,0,0,0,0,1,0,0,0,NA,NA,NA,NA,NA,NA,NA,NA,"G5"
"2226","Florida Atlantic","fbs","Conference USA",2017,3122713,"Jason Driskel",1,1,12,1,1.52282686016005,1.52282686016005,1.52282686016005,7,7,7,1,1,1,1,1,0,NA,NA,NA,NA,NA,NA,NA,NA,"G5"
"2226","Florida Atlantic","fbs","Conference USA",2017,3122715,"Henry Bussey III",11,3,12,3.66666666666667,-4.37854280228005,-0.398049345661822,-1.45951426742668,42,3.81818181818182,14,0.181818181818182,8,11,0.727272727272727,0,1,NA,NA,NA,NA,NA,NA,NA,NA,"G5"
"2226","Florida Atlantic","fbs","Conference USA",2017,3122733,"Kamrin Solomon",33,9,12,3.66666666666667,11.9916552780865,0.363383493275348,1.33240614200961,281,8.51515151515152,31.2222222222222,0.484848484848485,25,33,0.757575757575758,1,1,384,376,315,371,131.5,390,269,399,"G5"
"2226","Florida Atlantic","fbs","Conference USA",2017,3919104,"Kerrith Whyte Jr.",5,3,12,1.66666666666667,1.93631396199011,0.387262792398023,0.645437987330038,28,5.6,9.33333333333333,0.6,5,5,1,0,0,NA,NA,NA,NA,NA,NA,NA,NA,"G5"
"2226","Florida Atlantic","fbs","Conference USA",2017,3919105,"Tavaris Harrison",9,6,12,1.5,-1.22000407770081,-0.135556008633423,-0.203334012950135,51,5.66666666666667,8.5,0.333333333333333,6,9,0.666666666666667,0,0,NA,NA,NA,NA,NA,NA,NA,NA,"G5"
"2226","Florida Atlantic","fbs","Conference USA",2017,3919110,"Daniel Parr",2,1,12,2,5.54786145339219,2.77393072669609,5.54786145339219,62,31,62,0.5,1,2,0.5,1,0,NA,NA,NA,NA,NA,NA,NA,NA,"G5"
"2226","Florida Atlantic","fbs","Conference USA",2017,3919132,"Ladante Harris",1,1,12,1,1.81195491666405,1.81195491666405,1.81195491666405,10,10,10,1,1,1,1,0,0,NA,NA,NA,NA,NA,NA,NA,NA,"G5"
"2226","Florida Atlantic","fbs","Conference USA",2017,3929848,"DeAndre McNeal",30,6,12,5,1.86479019614831,0.0621596732049438,0.310798366024719,185,6.16666666666667,30.8333333333333,0.366666666666667,18,30,0.6,1,0,530,522,528,560.5,477,536,517,404,"G5"
"2226","Florida Atlantic","fbs","Conference USA",2017,4035496,"John Franklin III",8,5,12,1.6,4.22089988648144,0.527612485810179,0.844179977296287,85,10.625,17,0.5,6,8,0.75,1,0,NA,NA,NA,NA,NA,NA,NA,NA,"G5"
"2226","Florida Atlantic","fbs","Conference USA",2017,4040761,"Devin Singletary",19,10,12,1.9,4.05823544794404,0.213591339365476,0.405823544794404,163,8.57894736842105,16.3,0.368421052631579,15,19,0.789473684210526,1,0,NA,NA,NA,NA,NA,NA,NA,NA,"G5"
"2226","Florida Atlantic","fbs","Conference USA",2017,4040771,"John Raine",5,2,12,2.5,-0.0886572508976595,-0.0177314501795319,-0.0443286254488298,27,5.4,13.5,0.4,5,5,1,0,0,NA,NA,NA,NA,NA,NA,NA,NA,"G5"
"2226","Florida Atlantic","fbs","Conference USA",2017,4040774,"Harrison Bryant",37,9,12,4.11111111111111,36.599304577338,0.989170393982108,4.066589397482,403,10.8918918918919,44.7777777777778,0.702702702702703,31,37,0.837837837837838,4,0,94,71,18,16,38.5,252,83,224,"G5"
"2226","Florida Atlantic","fbs","Conference USA",2017,4243811,"Willie Wright",71,11,12,6.45454545454545,16.2355073344038,0.228669117385969,1.47595521221853,591,8.32394366197183,53.7272727272727,0.450704225352113,50,71,0.704225352112676,4,0,304,354,432,455,229,109,288,142,"G5"
"2226","Florida Atlantic","fbs","Conference USA",2017,4243815,"D'Anfernee McGriff",8,4,12,2,6.00104603059042,0.750130753823803,1.50026150764761,63,7.875,15.75,0.625,7,8,0.875,1,0,NA,NA,NA,NA,NA,NA,NA,NA,"G5"
"2229","Florida International","fbs","Conference USA",2017,549943,"Pharoah McKever",29,9,11,3.22222222222222,24.1452990204015,0.832596517944879,2.68281100226683,282,9.72413793103448,31.3333333333333,0.655172413793103,25,29,0.862068965517241,3,0,192,172,45,44.5,21,388,160,396,"G5"
"2229","Florida International","fbs","Conference USA",2017,3127371,"Jacob Kraut",1,1,11,1,1.18223322914725,1.18223322914725,1.18223322914725,12,12,12,1,1,1,1,0,0,NA,NA,NA,NA,NA,NA,NA,NA,"G5"
"2229","Florida International","fbs","Conference USA",2017,3128840,"Alex Gardner",22,10,11,2.2,-11.9210967161224,-0.541868032551017,-1.19210967161224,71,3.22727272727273,7.1,0.227272727272727,16,22,0.727272727272727,0,0,613,608,614,613,182.5,616,614,616,"G5"
"2229","Florida International","fbs","Conference USA",2017,3128843,"Alex McGough",1,1,11,1,7.61892533427453,7.61892533427453,7.61892533427453,39,39,39,1,1,1,1,1,0,NA,NA,NA,NA,NA,NA,NA,NA,"G5"
"2229","Florida International","fbs","Conference USA",2017,3128846,"Napoleon Maxwell",6,5,11,1.2,-5.63833527419378,-0.939722545698963,-1.12766705483876,11,1.83333333333333,2.2,0.166666666666667,4,6,0.666666666666667,0,0,NA,NA,NA,NA,NA,NA,NA,NA,"G5"
"2229","Florida International","fbs","Conference USA",2017,3128852,"Thomas Owens",81,8,11,10.125,45.0069685860318,0.555641587481874,5.62587107325397,830,10.2469135802469,103.75,0.592592592592593,56,81,0.691358024691358,6,2,52,21,171,115,252,35.5,126,9,"G5"
"2229","Florida International","fbs","Conference USA",2017,3921632,"Austin Maloney",28,9,11,3.11111111111111,18.691868804069,0.667566743002463,2.07687431156322,251,8.96428571428571,27.8888888888889,0.464285714285714,17,28,0.607142857142857,0,0,249,241,105,419.5,458.5,433,228,446.5,"G5"
"2229","Florida International","fbs","Conference USA",2017,3921645,"Julian Williams",18,4,11,4.5,9.83530126958812,0.546405626088229,2.45882531739703,137,7.61111111111111,34.25,0.611111111111111,14,18,0.777777777777778,1,0,NA,NA,NA,NA,NA,NA,NA,NA,"G5"
"2229","Florida International","fbs","Conference USA",2017,4046351,"Darrius Scott",21,7,11,3,20.0433479596548,0.954445140935943,2.86333542280783,274,13.047619047619,39.1428571428571,0.714285714285714,18,21,0.857142857142857,2,0,232,160,26,14,25,396,27,293,"G5"
"2229","Florida International","fbs","Conference USA",2017,4046352,"Tony Gaiter IV",34,9,11,3.77777777777778,16.8740785279349,0.496296427292202,1.87489761421498,229,6.73529411764706,25.4444444444444,0.470588235294118,26,34,0.764705882352941,1,0,283,284,222,407.5,119,473,463,477.5,"G5"
"2229","Florida International","fbs","Conference USA",2017,4046353,"Stantley Thomas-Oliver III",1,1,11,1,1.46033045564788,1.46033045564788,1.46033045564788,4,4,4,1,1,1,1,0,0,NA,NA,NA,NA,NA,NA,NA,NA,"G5"
"2229","Florida International","fbs","Conference USA",2017,4046354,"Shawndarrius Phillips",8,5,11,1.6,-3.59033478758193,-0.448791848447741,-0.718066957516385,32,4,6.4,0.25,7,8,0.875,1,0,NA,NA,NA,NA,NA,NA,NA,NA,"G5"
"2229","Florida International","fbs","Conference USA",2017,4244649,"Bryce Singleton",29,8,11,3.625,11.8461105270017,0.408486569896611,1.48076381587522,211,7.27586206896552,26.375,0.448275862068966,15,29,0.517241379310345,3,0,387,353,278,461.5,585.5,510.5,419.5,464.5,"G5"
"2229","Florida International","fbs","Conference USA",2017,4244650,"Shermar Thornton",11,5,11,2.2,10.398751644058,0.945341058550724,2.07975032881159,108,9.81818181818182,21.6,0.636363636363636,8,11,0.727272727272727,1,0,NA,NA,NA,NA,NA,NA,NA,NA,"G5"
"2229","Florida International","fbs","Conference USA",2017,4244651,"D'Vonte Price",7,5,11,1.4,0.651134002074849,0.0930191431535498,0.13022680041497,45,6.42857142857143,9,0.428571428571429,5,7,0.714285714285714,0,1,NA,NA,NA,NA,NA,NA,NA,NA,"G5"
"2247","Georgia State","fbs","Sun Belt",2017,545840,"Kyler Neal",11,5,8,2.2,0.159120398264649,0.0144654907513317,0.0318240796529297,66,6,13.2,0.454545454545455,6,11,0.545454545454545,0,0,NA,NA,NA,NA,NA,NA,NA,NA,"G5"
"2247","Georgia State","fbs","Sun Belt",2017,3124849,"Chandon Sullivan",1,1,8,1,-0.754197327511848,-0.754197327511848,-0.754197327511848,0,0,0,0,0,1,0,0,0,NA,NA,NA,NA,NA,NA,NA,NA,"G5"
"2247","Georgia State","fbs","Sun Belt",2017,3124853,"Glenn Smith",40,8,8,5,1.66107446988583,0.0415268617471456,0.207634308735728,224,5.6,28,0.35,29,40,0.725,1,0,533,532,534,577,191,484.5,559,445,"G5"
"2247","Georgia State","fbs","Sun Belt",2017,3128537,"Todd Boyd",19,6,8,3.16666666666667,0.606623227118054,0.0319275382693713,0.101103871186342,99,5.21052631578947,16.5,0.473684210526316,10,19,0.526315789473684,0,0,544,539,537,398.5,577.5,613,583,581.5,"G5"
"2247","Georgia State","fbs","Sun Belt",2017,3917542,"Taz Bateman",8,2,8,4,4.7354051835837,0.591925647947962,2.36770259179185,74,9.25,37,0.75,7,8,0.875,0,0,NA,NA,NA,NA,NA,NA,NA,NA,"G5"
"2247","Georgia State","fbs","Sun Belt",2017,3917546,"Penny Hart",91,8,8,11.375,51.4263225791622,0.565124423946837,6.42829032239527,941,10.3406593406593,117.625,0.549450549450549,59,91,0.648351648351648,7,0,33,7,167,215,358,22,117,3,"G5"
"2247","Georgia State","fbs","Sun Belt",2017,3917555,"Ari Werts",20,7,8,2.85714285714286,-1.52028334143896,-0.0760141670719481,-0.21718333449128,178,8.9,25.4285714285714,0.45,15,20,0.75,0,1,566,573,577,456.5,143.5,545.5,235,479,"G5"
"2247","Georgia State","fbs","Sun Belt",2017,4036516,"Tra Barnett",8,2,8,4,-2.47949220864815,-0.309936526081019,-1.23974610432407,16,2,8,0.5,6,8,0.75,0,0,NA,NA,NA,NA,NA,NA,NA,NA,"G5"
"2247","Georgia State","fbs","Sun Belt",2017,4036525,"Devin Gentry",8,5,8,1.6,11.3656235665212,1.42070294581516,2.27312471330425,127,15.875,25.4,0.625,6,8,0.75,1,0,NA,NA,NA,NA,NA,NA,NA,NA,"G5"
"2247","Georgia State","fbs","Sun Belt",2017,4036529,"Jonathan Ifedi",18,6,8,3,3.32573841236937,0.184763245131631,0.554289735394894,118,6.55555555555556,19.6666666666667,0.555555555555556,12,18,0.666666666666667,0,0,515,492,465,201.5,310.5,602,484,556.5,"G5"
"2247","Georgia State","fbs","Sun Belt",2017,4241273,"Roger Carter",7,3,8,2.33333333333333,5.8537751258335,0.836253589404786,1.95125837527783,61,8.71428571428571,20.3333333333333,0.714285714285714,6,7,0.857142857142857,1,0,NA,NA,NA,NA,NA,NA,NA,NA,"G5"
"2247","Georgia State","fbs","Sun Belt",2017,4241279,"Tamir Jones",28,8,8,3.5,9.12715332857439,0.3259697617348,1.1408941660718,221,7.89285714285714,27.625,0.571428571428571,20,28,0.714285714285714,0,0,434,406,352,165,208.5,491.5,358,451,"G5"
"228","Clemson","fbs","ACC",2017,546635,"D.J. Greenlee",3,2,12,1.5,2.36261563898346,0.78753854632782,1.18130781949173,51,17,25.5,1,3,3,1,0,0,NA,NA,NA,NA,NA,NA,NA,NA,"P5"
"228","Clemson","fbs","ACC",2017,3122838,"Trevion Thompson",11,7,12,1.57142857142857,5.81980731058939,0.529073391871763,0.831401044369913,83,7.54545454545455,11.8571428571429,0.636363636363636,10,11,0.909090909090909,0,0,NA,NA,NA,NA,NA,NA,NA,NA,"P5"
"228","Clemson","fbs","ACC",2017,3122842,"Adam Choice",8,6,12,1.33333333333333,-3.34231376042559,-0.417789220053199,-0.557052293404265,42,5.25,7,0.25,7,8,0.875,0,0,NA,NA,NA,NA,NA,NA,NA,NA,"P5"
"228","Clemson","fbs","ACC",2017,3122853,"Milan Richard",20,9,12,2.22222222222222,12.0904987278577,0.604524936392886,1.34338874753975,206,10.3,22.8888888888889,0.65,17,20,0.85,1,0,NA,NA,NA,NA,NA,NA,NA,NA,"P5"
"228","Clemson","fbs","ACC",2017,3122854,"Cannon Smith",2,2,12,1,2.66312324026989,1.33156162013494,1.33156162013494,20,10,10,1,2,2,1,1,0,NA,NA,NA,NA,NA,NA,NA,NA,"P5"
"228","Clemson","fbs","ACC",2017,3122856,"C.J. Fuller",10,6,12,1.66666666666667,-2.16810414690258,-0.216810414690258,-0.36135069115043,49,4.9,8.16666666666667,0.4,7,10,0.7,0,0,NA,NA,NA,NA,NA,NA,NA,NA,"P5"
"228","Clemson","fbs","ACC",2017,3135321,"Hunter Renfrow",65,12,12,5.41666666666667,38.266936150297,0.588722094619954,3.18891134585808,545,8.38461538461539,45.4166666666667,0.615384615384615,52,65,0.8,2,0,84,126,147,83.5,67.5,139.5,282,221,"P5"
"228","Clemson","fbs","ACC",2017,3728240,"Kelly Bryant",1,1,12,1,2.7259947497107,2.7259947497107,2.7259947497107,27,27,27,1,1,1,1,1,0,NA,NA,NA,NA,NA,NA,NA,NA,"P5"
"228","Clemson","fbs","ACC",2017,3728242,"Shadell Bell",1,1,12,1,0.555547873253404,0.555547873253404,0.555547873253404,8,8,8,1,1,1,1,0,0,NA,NA,NA,NA,NA,NA,NA,NA,"P5"
"228","Clemson","fbs","ACC",2017,3728254,"Deon Cain",75,12,12,6.25,12.5943255954006,0.167924341272008,1.04952713295005,492,6.56,41,0.506666666666667,46,75,0.613333333333333,4,0,368,424,480,322,439,171,483,266,"P5"
"228","Clemson","fbs","ACC",2017,3728262,"Ray-Ray McCloud",55,12,12,4.58333333333333,11.326014588326,0.205927537969563,0.943834549027165,448,8.14545454545454,37.3333333333333,0.472727272727273,43,55,0.781818181818182,1,3,395,447,451,401,92,207,313,321.5,"P5"
"228","Clemson","fbs","ACC",2017,3728263,"Tanner Muse",1,1,12,1,-2.57015531670679,-2.57015531670679,-2.57015531670679,0,0,0,0,0,1,0,0,0,NA,NA,NA,NA,NA,NA,NA,NA,"P5"
"228","Clemson","fbs","ACC",2017,4035458,"Trayvon Mullen",1,1,12,1,-0.777793260064732,-0.777793260064732,-0.777793260064732,0,0,0,0,0,1,0,0,0,NA,NA,NA,NA,NA,NA,NA,NA,"P5"
"228","Clemson","fbs","ACC",2017,4035464,"Diondre Overton",19,9,12,2.11111111111111,5.3550805299548,0.281846343681832,0.595008947772756,158,8.31578947368421,17.5555555555556,0.578947368421053,12,19,0.631578947368421,0,0,NA,NA,NA,NA,NA,NA,NA,NA,"P5"
"228","Clemson","fbs","ACC",2017,4035465,"Cornell Powell",9,5,12,1.8,4.22946714851909,0.469940794279899,0.845893429703819,53,5.88888888888889,10.6,0.555555555555556,7,9,0.777777777777778,1,0,NA,NA,NA,NA,NA,NA,NA,NA,"P5"
"228","Clemson","fbs","ACC",2017,4035466,"T.J. Chase",5,3,12,1.66666666666667,-1.27118320256793,-0.254236640513585,-0.423727734189308,17,3.4,5.66666666666667,0.4,3,5,0.6,0,0,NA,NA,NA,NA,NA,NA,NA,NA,"P5"
"228","Clemson","fbs","ACC",2017,4035469,"J.C. Chalk",2,1,12,2,0.911208495021537,0.455604247510768,0.911208495021537,19,9.5,19,0.5,2,2,1,0,0,NA,NA,NA,NA,NA,NA,NA,NA,"P5"
"228","Clemson","fbs","ACC",2017,4035470,"Tavien Feaster",14,9,12,1.55555555555556,2.54116882028746,0.181512058591962,0.282352091143052,115,8.21428571428571,12.7777777777778,0.285714285714286,10,14,0.714285714285714,1,0,NA,NA,NA,NA,NA,NA,NA,NA,"P5"
"228","Clemson","fbs","ACC",2017,4035482,"Carter Groomes",1,1,12,1,0.0597097131270368,0.0597097131270368,0.0597097131270368,7,7,7,1,1,1,1,0,0,NA,NA,NA,NA,NA,NA,NA,NA,"P5"
"228","Clemson","fbs","ACC",2017,4239992,"Amari Rodgers",21,9,12,2.33333333333333,-1.04772446642252,-0.0498916412582152,-0.116413829602502,100,4.76190476190476,11.1111111111111,0.571428571428571,17,21,0.80952380952381,0,0,NA,NA,NA,NA,NA,NA,NA,NA,"P5"
"228","Clemson","fbs","ACC",2017,4239993,"Tee Higgins",16,6,12,2.66666666666667,9.58259604835718,0.598912253022324,1.59709934139286,167,10.4375,27.8333333333333,0.6875,11,16,0.6875,0,0,NA,NA,NA,NA,NA,NA,NA,NA,"P5"
"228","Clemson","fbs","ACC",2017,4239996,"Travis Etienne",6,4,12,1.5,2.59535262956642,0.432558771594404,0.648838157391605,57,9.5,14.25,0.5,5,6,0.833333333333333,0,0,NA,NA,NA,NA,NA,NA,NA,NA,"P5"
"228","Clemson","fbs","ACC",2017,4239999,"Will Swinney",1,1,12,1,-1.09317045956139,-1.09317045956139,-1.09317045956139,0,0,0,0,1,1,1,0,0,NA,NA,NA,NA,NA,NA,NA,NA,"P5"
"228","Clemson","fbs","ACC",2017,4240010,"Jayson Hopper",2,1,12,2,-0.770039962571259,-0.38501998128563,-0.770039962571259,4,2,4,0,1,2,0.5,0,0,NA,NA,NA,NA,NA,NA,NA,NA,"P5"
"2294","Iowa","fbs","Big Ten",2017,545423,"Akrum Wadley",34,12,12,2.83333333333333,15.5695332046413,0.457927447195333,1.29746110038678,329,9.67647058823529,27.4166666666667,0.5,26,34,0.764705882352941,3,0,318,379,243,335,119,333.5,162,455,"P5"
"2294","Iowa","fbs","Big Ten",2017,545432,"Drake Kulick",2,1,12,2,1.51577771657094,0.757888858285468,1.51577771657094,29,14.5,29,0.5,2,2,1,0,0,NA,NA,NA,NA,NA,NA,NA,NA,"P5"
"2294","Iowa","fbs","Big Ten",2017,545447,"Peter Pekar",1,1,12,1,1.05951110562672,1.05951110562672,1.05951110562672,9,9,9,1,1,1,1,0,0,NA,NA,NA,NA,NA,NA,NA,NA,"P5"
"2294","Iowa","fbs","Big Ten",2017,545448,"Tyler Kluver",1,1,12,1,3.90708547881874,3.90708547881874,3.90708547881874,18,18,18,1,1,1,1,0,0,NA,NA,NA,NA,NA,NA,NA,NA,"P5"
"2294","Iowa","fbs","Big Ten",2017,554889,"Matt VandeBerg",49,12,12,4.08333333333333,11.2255851232348,0.229093573943568,0.935465426936236,358,7.30612244897959,29.8333333333333,0.448979591836735,26,49,0.530612244897959,1,0,396,450,431,459.5,576,294.5,417,419,"P5"
"2294","Iowa","fbs","Big Ten",2017,3124608,"James Butler",7,5,12,1.4,-5.83007544256616,-0.832867920366594,-1.16601508851323,47,6.71428571428571,9.4,0.142857142857143,4,7,0.571428571428571,0,1,NA,NA,NA,NA,NA,NA,NA,NA,"P5"
"2294","Iowa","fbs","Big Ten",2017,3894843,"Brady Ross",1,1,12,1,-0.357238382026491,-0.357238382026491,-0.357238382026491,5,5,5,0,1,1,1,0,0,NA,NA,NA,NA,NA,NA,NA,NA,"P5"
"2294","Iowa","fbs","Big Ten",2017,4036131,"Noah Fant",48,11,12,4.36363636363636,28.864939914509,0.601352914885605,2.62408544677355,435,9.0625,39.5454545454545,0.479166666666667,25,48,0.520833333333333,7,0,146,178,132,385,582,215,221,289,"P5"
"2294","Iowa","fbs","Big Ten",2017,4036133,"T.J. Hockenson",26,9,12,2.88888888888889,29.6994755279326,1.1422875203051,3.29994172532584,299,11.5,33.2222222222222,0.769230769230769,21,26,0.807692307692308,1,1,137,116,7,3,62,366,60,373,"P5"
"2294","Iowa","fbs","Big Ten",2017,4036149,"Nathan Stanley",9,3,12,3,24.2379867120474,2.69310963467194,8.0793289040158,107,11.8888888888889,35.6666666666667,1,9,9,1,9,0,NA,NA,NA,NA,NA,NA,NA,NA,"P5"
"2294","Iowa","fbs","Big Ten",2017,4036156,"Toren Young",1,1,12,1,1.43324014263929,1.43324014263929,1.43324014263929,23,23,23,1,1,1,1,0,0,NA,NA,NA,NA,NA,NA,NA,NA,"P5"
"2294","Iowa","fbs","Big Ten",2017,4240573,"Ihmir Smith-Marsette",17,8,12,2.125,-6.82587381939789,-0.401521989376346,-0.853234227424736,60,3.52941176470588,7.5,0.235294117647059,6,17,0.352941176470588,0,0,NA,NA,NA,NA,NA,NA,NA,NA,"P5"
"2294","Iowa","fbs","Big Ten",2017,4240581,"Ivory Kelly-Martin",6,5,12,1.2,-1.4965062808532,-0.249417713475534,-0.299301256170641,25,4.16666666666667,5,0.333333333333333,4,6,0.666666666666667,1,0,NA,NA,NA,NA,NA,NA,NA,NA,"P5"
"2294","Iowa","fbs","Big Ten",2017,4240585,"A.J. Epenesa",1,1,12,1,4.06177276581785,4.06177276581785,4.06177276581785,15,15,15,1,1,1,1,0,0,NA,NA,NA,NA,NA,NA,NA,NA,"P5"
"2294","Iowa","fbs","Big Ten",2017,4240591,"Nick Easley",72,12,12,6,16.801243546465,0.233350604812013,1.40010362887208,477,6.625,39.75,0.472222222222222,48,72,0.666666666666667,3,1,287,363,427,403.5,310.5,183,476.5,280.5,"P5"
"2294","Iowa","fbs","Big Ten",2017,4266233,"Brandon Smith",4,3,12,1.33333333333333,-7.60956740100882,-1.9023918502522,-2.53652246700294,10,2.5,3.33333333333333,0.25,3,4,0.75,0,1,NA,NA,NA,NA,NA,NA,NA,NA,"P5"
"23","San José State","fbs","Mountain West",2017,546404,"Brandon Monroe",3,1,12,3,-0.905573437828507,-0.301857812609502,-0.905573437828507,7,2.33333333333333,7,0,2,3,0.666666666666667,0,0,NA,NA,NA,NA,NA,NA,NA,NA,"G5"
"23","San José State","fbs","Mountain West",2017,552076,"William Ossai",2,2,12,1,-2.38481492914236,-1.19240746457118,-1.19240746457118,0,0,0,0,0,2,0,0,0,NA,NA,NA,NA,NA,NA,NA,NA,"G5"
"23","San José State","fbs","Mountain West",2017,3120351,"Rahshead Johnson",9,3,12,3,6.72961537699912,0.747735041888791,2.24320512566637,103,11.4444444444444,34.3333333333333,0.555555555555556,7,9,0.777777777777778,2,0,NA,NA,NA,NA,NA,NA,NA,NA,"G5"
"23","San José State","fbs","Mountain West",2017,3125288,"Thai Cottrell",1,1,12,1,-0.335616998829632,-0.335616998829632,-0.335616998829632,0,0,0,0,0,1,0,0,0,NA,NA,NA,NA,NA,NA,NA,NA,"G5"
"23","San José State","fbs","Mountain West",2017,3125291,"Tre Hartley",63,11,12,5.72727272727273,11.8122444707443,0.187495943980069,1.0738404064313,501,7.95238095238095,45.5454545454545,0.492063492063492,35,63,0.555555555555556,1,0,389,418,463,353.5,541.5,168.5,344,220,"G5"
"23","San José State","fbs","Mountain West",2017,3125293,"Justin Holmes",40,11,12,3.63636363636364,8.46566265030619,0.211641566257655,0.769605695482381,248,6.2,22.5454545454545,0.375,25,40,0.625,1,0,444,468,446,555.5,413.5,442.5,511,521,"G5"
"23","San José State","fbs","Mountain West",2017,3921681,"Bailey Gaither",27,5,12,5.4,16.9184375595043,0.626608798500158,3.38368751190085,248,9.18518518518519,49.6,0.555555555555556,17,27,0.62962962962963,1,0,281,111,117,201.5,406,442.5,215,183,"G5"
"23","San José State","fbs","Mountain West",2017,3921684,"Jeremy Kelly",8,3,12,2.66666666666667,-2.59479889163786,-0.324349861454732,-0.864932963879286,40,5,13.3333333333333,0.25,4,8,0.5,0,1,NA,NA,NA,NA,NA,NA,NA,NA,"G5"
"23","San José State","fbs","Mountain West",2017,3921685,"Josh Love",2,1,12,2,4.51316762372743,2.25658381186371,4.51316762372743,16,8,16,1,2,2,1,2,0,NA,NA,NA,NA,NA,NA,NA,NA,"G5"
"23","San José State","fbs","Mountain West",2017,3921690,"Josh Oliver",47,9,12,5.22222222222222,8.4844278857789,0.180519742250615,0.942714209530989,259,5.51063829787234,28.7777777777778,0.446808510638298,31,47,0.659574468085106,1,0,443,448,470,463.5,327,421,566,435,"G5"
"23","San José State","fbs","Mountain West",2017,3921693,"Malike Roberson",6,4,12,1.5,7.54782170949907,1.25797028491651,1.88695542737477,58,9.66666666666667,14.5,0.833333333333333,6,6,1,0,0,NA,NA,NA,NA,NA,NA,NA,NA,"G5"
"23","San José State","fbs","Mountain West",2017,3921695,"Zamore Zigler",7,5,12,1.4,-1.35682941599401,-0.19383277371343,-0.271365883198802,38,5.42857142857143,7.6,0.285714285714286,6,7,0.857142857142857,0,0,NA,NA,NA,NA,NA,NA,NA,NA,"G5"
"23","San José State","fbs","Mountain West",2017,4036850,"Montel Aaron",1,1,12,1,4.38189167192813,4.38189167192813,4.38189167192813,22,22,22,1,1,1,1,1,0,NA,NA,NA,NA,NA,NA,NA,NA,"G5"
"23","San José State","fbs","Mountain West",2017,4036855,"JaQuan Blackwell",46,10,12,4.6,19.5284925899921,0.424532447608524,1.95284925899921,337,7.32608695652174,33.7,0.41304347826087,28,46,0.608695652173913,1,0,235,265,265,517,452,327,413.5,367.5,"G5"
"23","San José State","fbs","Mountain West",2017,4036863,"Billy Humphreys",8,4,12,2,4.24789451503718,0.530986814379647,1.06197362875929,48,6,12,0.5,7,8,0.875,0,0,NA,NA,NA,NA,NA,NA,NA,NA,"G5"
"23","San José State","fbs","Mountain West",2017,4036874,"Francoise Sims II",1,1,12,1,-0.372125154793526,-0.372125154793526,-0.372125154793526,3,3,3,0,1,1,1,0,0,NA,NA,NA,NA,NA,NA,NA,NA,"G5"
"23","San José State","fbs","Mountain West",2017,4242318,"Austin Liles",7,3,12,2.33333333333333,2.06875824692796,0.29553689241828,0.689586082309319,47,6.71428571428571,15.6666666666667,0.571428571428571,5,7,0.714285714285714,0,0,NA,NA,NA,NA,NA,NA,NA,NA,"G5"
"23","San José State","fbs","Mountain West",2017,4242320,"Brandon Mitchell",2,1,12,2,0.177456165277562,0.088728082638781,0.177456165277562,11,5.5,11,1,2,2,1,0,0,NA,NA,NA,NA,NA,NA,NA,NA,"G5"
"23","San José State","fbs","Mountain West",2017,4242321,"Tyler Nevens",6,5,12,1.2,2.63081033248339,0.438468388747231,0.526162066496677,55,9.16666666666667,11,0.333333333333333,4,6,0.666666666666667,0,0,NA,NA,NA,NA,NA,NA,NA,NA,"G5"
"23","San José State","fbs","Mountain West",2017,4242328,"Tre Walker",35,8,12,4.375,8.6380535684726,0.246801530527789,1.07975669605907,276,7.88571428571429,34.5,0.514285714285714,25,35,0.714285714285714,1,1,441,415,410,303,208.5,393,360,352,"G5"
"23","San José State","fbs","Mountain West",2017,4255939,"DeJon Packer",2,2,12,1,0.081623968422353,0.0408119842111765,0.0408119842111765,12,6,6,0.5,2,2,1,0,0,NA,NA,NA,NA,NA,NA,NA,NA,"G5"
"23","San José State","fbs","Mountain West",2017,4255941,"Sean Pinson",1,1,12,1,5.21911566397381,5.21911566397381,5.21911566397381,12,12,12,1,1,1,1,1,0,NA,NA,NA,NA,NA,NA,NA,NA,"G5"
"2305","Kansas","fbs","Big 12",2017,545487,"Ben Johnson",45,10,11,4.5,6.33909170051163,0.140868704455814,0.633909170051163,273,6.06666666666667,27.3,0.466666666666667,27,45,0.6,0,1,473,484,495,415.5,477,397.5,523,458.5,"P5"
"2305","Kansas","fbs","Big 12",2017,3124518,"Deron Thompson",7,5,11,1.4,-5.73765857228317,-0.819665510326167,-1.14753171445663,24,3.42857142857143,4.8,0.142857142857143,3,7,0.428571428571429,0,0,NA,NA,NA,NA,NA,NA,NA,NA,"P5"
"2305","Kansas","fbs","Big 12",2017,3133353,"Tyler Patrick",13,3,11,4.33333333333333,6.4191540956772,0.493781084282862,2.1397180318924,111,8.53846153846154,37,0.538461538461538,9,13,0.692307692307692,0,0,NA,NA,NA,NA,NA,NA,NA,NA,"P5"
"2305","Kansas","fbs","Big 12",2017,3880416,"Chase Harrell",37,8,11,4.625,18.9397640905904,0.511885515961903,2.3674705113238,200,5.40540540540541,25,0.459459459459459,22,37,0.594594594594595,2,0,247,214,209,433.5,487,522,572,489.5,"P5"
"2305","Kansas","fbs","Big 12",2017,3881270,"Ryan Schadler",27,9,11,3,-0.943173294497088,-0.0349323442406329,-0.104797032721899,165,6.11111111111111,18.3333333333333,0.407407407407407,19,27,0.703703703703704,0,1,558,560,564,522.5,232,560,519,570,"P5"
"2305","Kansas","fbs","Big 12",2017,3917960,"Steven Sims Jr.",86,10,11,8.6,36.1875870630038,0.420785896081439,3.61875870630038,698,8.11627906976744,69.8,0.511627906976744,55,86,0.63953488372093,4,0,99,96,267,307.5,377,67,321,63,"P5"
"2305","Kansas","fbs","Big 12",2017,3917964,"Taylor Martin",11,7,11,1.57142857142857,-7.54672988616581,-0.686066353287801,-1.07810426945226,21,1.90909090909091,3,0,9,11,0.818181818181818,0,0,NA,NA,NA,NA,NA,NA,NA,NA,"P5"
"2305","Kansas","fbs","Big 12",2017,3917969,"Jeremiah Booker",28,6,11,4.66666666666667,15.770362141493,0.563227219339036,2.62839369024884,221,7.89285714285714,36.8333333333333,0.535714285714286,17,28,0.607142857142857,2,0,312,177,168,247.5,458.5,491.5,358,329,"P5"
"2305","Kansas","fbs","Big 12",2017,3925343,"Daylon Charlot",2,2,11,1,-1.93685865242829,-0.968429326214145,-0.968429326214145,0,0,0,0,1,2,0.5,0,0,NA,NA,NA,NA,NA,NA,NA,NA,"P5"
"2305","Kansas","fbs","Big 12",2017,4035886,"Khalil Herbert",12,7,11,1.71428571428571,-3.79876684760015,-0.316563903966679,-0.542680978228593,38,3.16666666666667,5.42857142857143,0.25,8,12,0.666666666666667,0,0,NA,NA,NA,NA,NA,NA,NA,NA,"P5"
"2305","Kansas","fbs","Big 12",2017,4035896,"Evan Fairs",40,8,11,5,9.43919579731551,0.235979894932888,1.17989947466444,294,7.35,36.75,0.425,22,40,0.55,1,0,428,402,422,503,548.5,371.5,409,330,"P5"
"2305","Kansas","fbs","Big 12",2017,4241295,"Quan Hampton",24,5,11,4.8,-0.33453796984441,-0.0139390820768504,-0.0669075939688821,137,5.70833333333333,27.4,0.375,18,24,0.75,0,0,551,555,555,555.5,143.5,583.5,553,456,"P5"
"2305","Kansas","fbs","Big 12",2017,4241298,"Kerr Johnson Jr.",11,7,11,1.57142857142857,2.65686536192411,0.241533214720374,0.379552194560588,73,6.63636363636364,10.4285714285714,0.363636363636364,6,11,0.545454545454545,0,0,NA,NA,NA,NA,NA,NA,NA,NA,"P5"
"2305","Kansas","fbs","Big 12",2017,4241303,"Dom Williams",11,3,11,3.66666666666667,-0.0644787303675155,-0.00586170276068323,-0.0214929101225052,49,4.45454545454545,16.3333333333333,0.363636363636364,7,11,0.636363636363636,0,0,NA,NA,NA,NA,NA,NA,NA,NA,"P5"
"2305","Kansas","fbs","Big 12",2017,4241317,"Earl Bostick",1,1,11,1,3.39642388281245,3.39642388281245,3.39642388281245,8,8,8,1,1,1,1,1,0,NA,NA,NA,NA,NA,NA,NA,NA,"P5"
"2306","Kansas State","fbs","Big 12",2017,3125062,"Winston Dimel",7,5,11,1.4,6.69100835144101,0.955858335920144,1.3382016702882,77,11,15.4,0.857142857142857,6,7,0.857142857142857,1,0,NA,NA,NA,NA,NA,NA,NA,NA,"P5"
"2306","Kansas State","fbs","Big 12",2017,3125068,"Dominique Heath",21,7,11,3,2.35587360540327,0.112184457400156,0.336553372200467,147,7,21,0.619047619047619,17,21,0.80952380952381,0,1,526,517,504,76,58.5,575.5,450,537,"P5"
"2306","Kansas State","fbs","Big 12",2017,3125084,"Justin Silmon",1,1,11,1,-0.169131741976879,-0.169131741976879,-0.169131741976879,8,8,8,0,1,1,1,0,0,NA,NA,NA,NA,NA,NA,NA,NA,"P5"
"2306","Kansas State","fbs","Big 12",2017,3125086,"Dayton Valentine",4,2,11,2,-1.31034621165364,-0.327586552913411,-0.655173105826822,10,2.5,5,0.25,2,4,0.5,0,0,NA,NA,NA,NA,NA,NA,NA,NA,"P5"
"2306","Kansas State","fbs","Big 12",2017,3125087,"Dalvin Warmack",2,2,11,1,5.60118020712461,2.80059010356231,2.80059010356231,33,16.5,16.5,1,2,2,1,0,0,NA,NA,NA,NA,NA,NA,NA,NA,"P5"
"2306","Kansas State","fbs","Big 12",2017,3864258,"Carlos Strickland II",1,1,11,1,0.25203733343536,0.25203733343536,0.25203733343536,11,11,11,1,1,1,1,0,0,NA,NA,NA,NA,NA,NA,NA,NA,"P5"
"2306","Kansas State","fbs","Big 12",2017,3886634,"Alex Delton",1,1,11,1,-2.23976480412312,-2.23976480412312,-2.23976480412312,-11,-11,-11,0,1,1,1,0,0,NA,NA,NA,NA,NA,NA,NA,NA,"P5"
"2306","Kansas State","fbs","Big 12",2017,3886635,"Zach Reuter",4,3,11,1.33333333333333,0.431508375819841,0.10787709395496,0.14383612527328,49,12.25,16.3333333333333,0.5,4,4,1,0,0,NA,NA,NA,NA,NA,NA,NA,NA,"P5"
"2306","Kansas State","fbs","Big 12",2017,3886636,"Alex Barnes",8,7,11,1.14285714285714,-3.39585498067607,-0.424481872584509,-0.485122140096582,28,3.5,4,0.25,4,8,0.5,0,0,NA,NA,NA,NA,NA,NA,NA,NA,"P5"
"2306","Kansas State","fbs","Big 12",2017,3916124,"Dalton Schoen",29,8,11,3.625,24.4947454981094,0.844646396486531,3.06184318726367,400,13.7931034482759,50,0.724137931034483,22,29,0.758620689655172,2,0,188,139,42,12,128,256,14,180,"P5"
"2306","Kansas State","fbs","Big 12",2017,3916129,"Isaiah Zuber",69,11,11,6.27272727272727,13.082375712865,0.189599648012536,1.18930688298773,483,7,43.9090909090909,0.492753623188406,47,69,0.681159420289855,2,0,359,400,460,350,281.5,181,450,233,"P5"
"2306","Kansas State","fbs","Big 12",2017,4036409,"Tyler Burns",1,1,11,1,-1.33454813171297,-1.33454813171297,-1.33454813171297,0,0,0,0,0,1,0,0,0,NA,NA,NA,NA,NA,NA,NA,NA,"P5"
"2306","Kansas State","fbs","Big 12",2017,4036416,"Byron Pringle",38,10,11,3.8,13.9941562993131,0.368267271034555,1.39941562993131,464,12.2105263157895,46.4,0.526315789473684,22,38,0.578947368421053,2,1,346,364,312,270.5,518,193.5,39,207,"P5"
"2306","Kansas State","fbs","Big 12",2017,4036419,"Skylar John Thompson",2,2,11,1,11.0191667312977,5.50958336564886,5.50958336564886,61,30.5,30.5,1,2,2,1,2,0,NA,NA,NA,NA,NA,NA,NA,NA,"P5"
"2306","Kansas State","fbs","Big 12",2017,4046565,"Isaiah Harris",4,1,11,4,0.93350432981686,0.233376082454215,0.93350432981686,20,5,20,0.5,2,4,0.5,0,0,NA,NA,NA,NA,NA,NA,NA,NA,"P5"
"2309","Kent State","fbs","Mid-American",2017,546031,"Kris White",15,5,11,3,5.8928877554234,0.392859183694893,1.17857755108468,105,7,21,0.6,9,15,0.6,0,0,NA,NA,NA,NA,NA,NA,NA,NA,"G5"
"2309","Kent State","fbs","Mid-American",2017,3125862,"Raekwon James",5,4,11,1.25,3.9097599446796,0.78195198893592,0.9774399861699,36,7.2,9,0.6,3,5,0.6,0,0,NA,NA,NA,NA,NA,NA,NA,NA,"G5"
"2309","Kent State","fbs","Mid-American",2017,3125867,"James Alexander",2,2,11,1,1.26606573545298,0.63303286772649,0.63303286772649,14,7,7,0.5,1,2,0.5,0,1,NA,NA,NA,NA,NA,NA,NA,NA,"G5"
"2309","Kent State","fbs","Mid-American",2017,3915267,"Will Matthews",6,3,11,2,4.97280217555767,0.828800362592945,1.65760072518589,71,11.8333333333333,23.6666666666667,0.666666666666667,5,6,0.833333333333333,0,0,NA,NA,NA,NA,NA,NA,NA,NA,"G5"
"2309","Kent State","fbs","Mid-American",2017,3915275,"Chalfonte Butler",7,3,11,2.33333333333333,-0.947327722898285,-0.135332531842612,-0.315775907632762,70,10,23.3333333333333,0.428571428571429,5,7,0.714285714285714,1,1,NA,NA,NA,NA,NA,NA,NA,NA,"G5"
"2309","Kent State","fbs","Mid-American",2017,3915284,"Johnny Woods",2,2,11,1,1.7025315497602,0.851265774880099,0.851265774880099,13,6.5,6.5,0.5,2,2,1,0,0,NA,NA,NA,NA,NA,NA,NA,NA,"G5"
"2309","Kent State","fbs","Mid-American",2017,3915287,"Conor Brumfield",8,5,11,1.6,1.01009679044638,0.126262098805797,0.202019358089276,53,6.625,10.6,0.5,6,8,0.75,0,0,NA,NA,NA,NA,NA,NA,NA,NA,"G5"
"2309","Kent State","fbs","Mid-American",2017,4038919,"Justin Rankin",48,11,11,4.36363636363636,-1.12439990658523,-0.023424998053859,-0.10221817332593,264,5.5,24,0.395833333333333,38,48,0.791666666666667,1,0,561,559,559,535.5,76.5,408.5,567.5,502,"G5"
"2309","Kent State","fbs","Mid-American",2017,4038920,"Trey Harrell",26,8,11,3.25,8.50457911622206,0.327099196777772,1.06307238952776,309,11.8846153846154,38.625,0.461538461538462,16,26,0.615384615384615,1,0,442,422,349,428.5,433.5,353.5,45,303,"G5"
"2309","Kent State","fbs","Mid-American",2017,4038930,"Kavious Price",15,6,11,2.5,6.05359025529215,0.403572683686144,1.00893170921536,152,10.1333333333333,25.3333333333333,0.4,7,15,0.466666666666667,1,0,NA,NA,NA,NA,NA,NA,NA,NA,"G5"
"2309","Kent State","fbs","Mid-American",2017,4038931,"Mike Carrigan",31,8,11,3.875,9.52517016137396,0.307263553592708,1.19064627017175,281,9.06451612903226,35.125,0.387096774193548,14,31,0.451612903225806,2,0,426,399,366,545,611,390,220,346,"G5"
"2309","Kent State","fbs","Mid-American",2017,4049442,"Keon Singleton",1,1,11,1,-0.798620342539464,-0.798620342539464,-0.798620342539464,0,0,0,0,0,1,0,0,0,NA,NA,NA,NA,NA,NA,NA,NA,"G5"
"2309","Kent State","fbs","Mid-American",2017,4244076,"Kesean Gamble",1,1,11,1,-1.05712654310331,-1.05712654310331,-1.05712654310331,0,0,0,0,0,1,0,0,0,NA,NA,NA,NA,NA,NA,NA,NA,"G5"
"2348","Louisiana Tech","fbs","Conference USA",2017,549838,"Boston Scott",22,9,11,2.44444444444444,-3.26221108125102,-0.148282321875046,-0.36246789791678,126,5.72727272727273,14,0.363636363636364,16,22,0.727272727272727,1,0,581,582,592,564,182.5,596,551,601,"G5"
"2348","Louisiana Tech","fbs","Conference USA",2017,3122757,"Jarred Craft",17,8,11,2.125,-7.3497703740736,-0.432339433769035,-0.9187212967592,61,3.58823529411765,7.625,0.294117647058824,13,17,0.764705882352941,1,0,NA,NA,NA,NA,NA,NA,NA,NA,"G5"
"2348","Louisiana Tech","fbs","Conference USA",2017,3122763,"Marcus Gaines",10,2,11,5,4.17055537763757,0.417055537763757,2.08527768881879,109,10.9,54.5,0.4,4,10,0.4,0,0,NA,NA,NA,NA,NA,NA,NA,NA,"G5"
"2348","Louisiana Tech","fbs","Conference USA",2017,3122780,"Kam McKnight",33,10,11,3.3,-3.14200068137863,-0.0952121418599586,-0.314200068137863,165,5,16.5,0.363636363636364,17,33,0.515151515151515,1,1,580,578,583,564,588,560,589,581.5,"G5"
"2348","Louisiana Tech","fbs","Conference USA",2017,3122781,"DeJuawn Oliver",10,6,11,1.66666666666667,8.99700974556745,0.899700974556745,1.49950162426124,107,10.7,17.8333333333333,0.7,7,10,0.7,1,0,NA,NA,NA,NA,NA,NA,NA,NA,"G5"
"2348","Louisiana Tech","fbs","Conference USA",2017,3122784,"Marlon Watts",30,7,11,4.28571428571429,13.0317394790753,0.434391315969178,1.86167706843933,298,9.93333333333333,42.5714285714286,0.566666666666667,20,30,0.666666666666667,0,1,360,290,259,180,310.5,367.5,143,250,"G5"
"2348","Louisiana Tech","fbs","Conference USA",2017,3126244,"Teddy Veal",98,11,11,8.90909090909091,41.186583207137,0.420271257215684,3.74423483701245,784,8,71.2727272727273,0.530612244897959,64,98,0.653061224489796,5,0,66,85,268,265.5,342.5,47.5,336.5,58,"G5"
"2348","Louisiana Tech","fbs","Conference USA",2017,3914366,"Rhashid Bonnette",46,8,11,5.75,30.0541932209897,0.653352026543255,3.75677415262372,522,11.3478260869565,65.25,0.565217391304348,30,46,0.652173913043478,1,2,134,84,111,185.5,345.5,155,69,80,"G5"
"2348","Louisiana Tech","fbs","Conference USA",2017,3914369,"Jaqwis Dancy",5,3,11,1.66666666666667,-0.693363176938564,-0.138672635387713,-0.231121058979521,26,5.2,8.66666666666667,0.4,3,5,0.6,0,0,NA,NA,NA,NA,NA,NA,NA,NA,"G5"
"2348","Louisiana Tech","fbs","Conference USA",2017,3914388,"Javonte Woodard",2,1,11,2,1.47503418486166,0.73751709243083,1.47503418486166,31,15.5,31,0.5,1,2,0.5,0,0,NA,NA,NA,NA,NA,NA,NA,NA,"G5"
"2348","Louisiana Tech","fbs","Conference USA",2017,4040412,"Zach Cousar",2,2,11,1,5.01806874227879,2.50903437113939,2.50903437113939,22,11,11,1,2,2,1,1,0,NA,NA,NA,NA,NA,NA,NA,NA,"G5"
"2348","Louisiana Tech","fbs","Conference USA",2017,4052236,"Adrian Hardy",22,4,11,5.5,12.6798122300705,0.576355101366841,3.16995305751763,184,8.36363636363636,46,0.590909090909091,13,22,0.590909090909091,1,0,365,128,158,119,495.5,538,284.5,210.5,"G5"
"2348","Louisiana Tech","fbs","Conference USA",2017,4052238,"Cee Jay Powell",9,4,11,2.25,-1.07498066803637,-0.119442296448485,-0.268745167009092,37,4.11111111111111,9.25,0.444444444444444,5,9,0.555555555555556,0,0,NA,NA,NA,NA,NA,NA,NA,NA,"G5"
"2348","Louisiana Tech","fbs","Conference USA",2017,4262172,"George Scott",6,2,11,3,-2.15938964036459,-0.359898273394099,-1.0796948201823,23,3.83333333333333,11.5,0.166666666666667,3,6,0.5,0,0,NA,NA,NA,NA,NA,NA,NA,NA,"G5"
"235","Memphis","fbs","American Athletic",2017,546539,"Riley Ferguson",13,4,11,3.25,40.6769050907336,3.1289926992872,10.1692262726834,270,20.7692307692308,67.5,0.923076923076923,12,13,0.923076923076923,12,0,NA,NA,NA,NA,NA,NA,NA,NA,"G5"
"235","Memphis","fbs","American Athletic",2017,549512,"Doroland Dorceus",4,2,11,2,2.63257336602871,0.658143341507178,1.31628668301436,36,9,18,0.5,4,4,1,0,0,NA,NA,NA,NA,NA,NA,NA,NA,"G5"
"235","Memphis","fbs","American Athletic",2017,549623,"Anthony Miller",113,11,11,10.2727272727273,66.8646021244714,0.591722142694438,6.07860019313377,1213,10.7345132743363,110.272727272727,0.557522123893805,79,113,0.699115044247788,10,2,8,11,142,194,241,3,92,6,"G5"
"235","Memphis","fbs","American Athletic",2017,3126209,"Roderick Proctor",7,4,11,1.75,-1.49796079293567,-0.21399439899081,-0.374490198233918,67,9.57142857142857,16.75,0.428571428571429,5,7,0.714285714285714,0,0,NA,NA,NA,NA,NA,NA,NA,NA,"G5"
"235","Memphis","fbs","American Athletic",2017,3126227,"Phil Mayhue",41,9,11,4.55555555555556,9.76627371470237,0.23820179791957,1.08514152385582,379,9.24390243902439,42.1111111111111,0.48780487804878,26,41,0.634146341463415,2,0,423,413,421,362.5,393.5,279,205,252,"G5"
"235","Memphis","fbs","American Athletic",2017,3916143,"Kedarian Jones",6,6,11,1,8.39346373363567,1.39891062227261,1.39891062227261,109,18.1666666666667,18.1666666666667,1,6,6,1,1,0,NA,NA,NA,NA,NA,NA,NA,NA,"G5"
"235","Memphis","fbs","American Athletic",2017,3916148,"Tony Pollard",44,10,11,4.4,25.7961789876189,0.586276795173156,2.57961789876189,428,9.72727272727273,42.8,0.636363636363636,32,44,0.727272727272727,2,0,171,181,149,57.5,182.5,222,159,245,"G5"
"235","Memphis","fbs","American Athletic",2017,3916161,"Ross Burcham",2,2,11,1,2.7048677352713,1.35243386763565,1.35243386763565,24,12,12,1,2,2,1,0,0,NA,NA,NA,NA,NA,NA,NA,NA,"G5"
"235","Memphis","fbs","American Athletic",2017,3916164,"Mechane Slade",8,4,11,2,8.25598761456273,1.03199845182034,2.06399690364068,81,10.125,20.25,0.875,8,8,1,1,0,NA,NA,NA,NA,NA,NA,NA,NA,"G5"
"235","Memphis","fbs","American Athletic",2017,3916166,"Joey Magnifico",22,8,11,2.75,21.2954317478532,0.967974170356962,2.66192896848165,247,11.2272727272727,30.875,0.772727272727273,17,22,0.772727272727273,1,0,215,174,23,2,105,446,71,403,"G5"
"235","Memphis","fbs","American Athletic",2017,4039357,"Sean Dykes",19,7,11,2.71428571428571,13.6651521002956,0.719218531594507,1.95216458575652,278,14.6315789473684,39.7142857142857,0.526315789473684,11,19,0.578947368421053,1,0,NA,NA,NA,NA,NA,NA,NA,NA,"G5"
"235","Memphis","fbs","American Athletic",2017,4039358,"Patrick Taylor Jr.",17,7,11,2.42857142857143,-1.38207261973151,-0.0812983893959711,-0.19743894567593,87,5.11764705882353,12.4285714285714,0.352941176470588,13,17,0.764705882352941,1,0,NA,NA,NA,NA,NA,NA,NA,NA,"G5"
"235","Memphis","fbs","American Athletic",2017,4039359,"Darrell Henderson",29,11,11,2.63636363636364,10.0295121961787,0.345845248144093,0.911773836016246,202,6.96551724137931,18.3636363636364,0.482758620689655,22,29,0.758620689655172,1,0,419,455,336,375,128,519,452,569,"G5"
"235","Memphis","fbs","American Athletic",2017,4039360,"John Williams",11,5,11,2.2,3.04165863088304,0.276514420989367,0.608331726176608,69,6.27272727272727,13.8,0.454545454545455,9,11,0.818181818181818,0,0,NA,NA,NA,NA,NA,NA,NA,NA,"G5"
"235","Memphis","fbs","American Athletic",2017,4064980,"Damonte Coxie",19,9,11,2.11111111111111,25.6750922750073,1.35132064605301,2.85278803055636,259,13.6315789473684,28.7777777777778,0.842105263157895,16,19,0.842105263157895,2,0,NA,NA,NA,NA,NA,NA,NA,NA,"G5"
"238","Vanderbilt","fbs","SEC",2017,549973,"C.J. Duncan",68,11,11,6.18181818181818,33.8332256417729,0.497547435908426,3.07574778561572,485,7.13235294117647,44.0909090909091,0.588235294117647,48,68,0.705882352941177,4,0,111,137,220,124.5,225.5,178,434,230.5,"P5"
"238","Vanderbilt","fbs","SEC",2017,549975,"Nathan Marcus",8,4,11,2,3.70727963056148,0.463409953820185,0.926819907640371,57,7.125,14.25,0.375,5,8,0.625,0,0,NA,NA,NA,NA,NA,NA,NA,NA,"P5"
"238","Vanderbilt","fbs","SEC",2017,549984,"Ralph Webb",23,9,11,2.55555555555556,5.02628917924363,0.218534312141027,0.558476575471515,188,8.17391304347826,20.8888888888889,0.391304347826087,13,23,0.565217391304348,1,0,495,491,443,538.5,530.5,532,309,539,"P5"
"238","Vanderbilt","fbs","SEC",2017,3122154,"Khari Blasingame",7,5,11,1.4,4.36853204533437,0.624076006476339,0.873706409066875,53,7.57142857142857,10.6,0.571428571428571,5,7,0.714285714285714,1,0,NA,NA,NA,NA,NA,NA,NA,NA,"P5"
"238","Vanderbilt","fbs","SEC",2017,3122166,"Dallas Rivers",3,2,11,1.5,-0.066049014902645,-0.0220163383008817,-0.0330245074513225,19,6.33333333333333,9.5,0.333333333333333,2,3,0.666666666666667,0,0,NA,NA,NA,NA,NA,NA,NA,NA,"P5"
"238","Vanderbilt","fbs","SEC",2017,3122167,"Caleb Scott",29,7,11,4.14285714285714,8.29301131941367,0.285965907565989,1.18471590277338,166,5.72413793103448,23.7142857142857,0.551724137931034,17,29,0.586206896551724,1,0,449,401,384,211,503,558,552,508,"P5"
"238","Vanderbilt","fbs","SEC",2017,3122168,"Trent Sherfield",64,11,11,5.81818181818182,52.3894272341783,0.818584800534036,4.76267520310712,660,10.3125,60,0.65625,46,64,0.71875,4,0,30,45,51,42.5,197.5,82,119,99,"P5"
"238","Vanderbilt","fbs","SEC",2017,3139023,"Trey Ellis",6,4,11,1.5,5.59748527486409,0.932914212477348,1.39937131871602,62,10.3333333333333,15.5,0.666666666666667,4,6,0.666666666666667,1,0,NA,NA,NA,NA,NA,NA,NA,NA,"P5"
"238","Vanderbilt","fbs","SEC",2017,3915760,"Sam Dobbs",11,7,11,1.57142857142857,2.03025479272452,0.184568617520411,0.290036398960645,73,6.63636363636364,10.4285714285714,0.454545454545455,7,11,0.636363636363636,0,0,NA,NA,NA,NA,NA,NA,NA,NA,"P5"
"238","Vanderbilt","fbs","SEC",2017,3915772,"Jared Pinkney",24,8,11,3,14.1429277626182,0.589288656775759,1.76786597032728,228,9.5,28.5,0.541666666666667,18,24,0.75,1,0,340,306,144,237.5,143.5,476.5,176,438,"P5"
"238","Vanderbilt","fbs","SEC",2017,3915776,"Kyle Shurmur",4,2,11,2,12.1992706768141,3.04981766920351,6.09963533840703,35,8.75,17.5,1,4,4,1,4,0,NA,NA,NA,NA,NA,NA,NA,NA,"P5"
"238","Vanderbilt","fbs","SEC",2017,4035277,"Kalija Lipscomb",59,11,11,5.36363636363636,29.2606272202788,0.495942834242013,2.66005702002534,547,9.27118644067797,49.7272727272727,0.525423728813559,34,59,0.576271186440678,6,0,142,175,223,272,521,136,200,181.5,"P5"
"238","Vanderbilt","fbs","SEC",2017,4035282,"Donaven Tennyson",11,5,11,2.2,9.38628208114678,0.853298371013344,1.87725641622936,116,10.5454545454545,23.2,0.636363636363636,8,11,0.727272727272727,0,0,NA,NA,NA,NA,NA,NA,NA,NA,"P5"
"238","Vanderbilt","fbs","SEC",2017,4035284,"Jamauri Wakefield",3,3,11,1,-1.82799165374725,-0.609330551249082,-0.609330551249082,7,2.33333333333333,2.33333333333333,0.333333333333333,2,3,0.666666666666667,0,0,NA,NA,NA,NA,NA,NA,NA,NA,"P5"
"239","Baylor","fbs","Big 12",2017,3059307,"Ishmail Wainright",5,3,11,1.66666666666667,6.63892902673101,1.3277858053462,2.21297634224367,34,6.8,11.3333333333333,0.6,4,5,0.8,2,0,NA,NA,NA,NA,NA,NA,NA,NA,"P5"
"239","Baylor","fbs","Big 12",2017,3120482,"Jayson Clements",3,1,11,3,-0.0998517778426226,-0.0332839259475409,-0.0998517778426226,11,3.66666666666667,11,0.333333333333333,1,3,0.333333333333333,0,0,NA,NA,NA,NA,NA,NA,NA,NA,"P5"
"239","Baylor","fbs","Big 12",2017,3124822,"Jordan Feuerbacher",8,3,11,2.66666666666667,6.36215302226668,0.795269127783336,2.12071767408889,73,9.125,24.3333333333333,0.75,7,8,0.875,1,0,NA,NA,NA,NA,NA,NA,NA,NA,"P5"
"239","Baylor","fbs","Big 12",2017,3124828,"Terence Williams",7,3,11,2.33333333333333,-2.91294589258987,-0.416135127512838,-0.970981964196623,40,5.71428571428571,13.3333333333333,0.285714285714286,6,7,0.857142857142857,0,0,NA,NA,NA,NA,NA,NA,NA,NA,"P5"
"239","Baylor","fbs","Big 12",2017,3128359,"Chris Platt",26,3,11,8.66666666666667,-3.91391595081452,-0.150535228877482,-1.30463865027151,220,8.46153846153846,73.3333333333333,0.230769230769231,12,26,0.461538461538462,2,0,586,614,593,612,609,494.5,274,51,"P5"
"239","Baylor","fbs","Big 12",2017,3139105,"Tyler Jaynes",1,1,11,1,0.936504003358331,0.936504003358331,0.936504003358331,12,12,12,1,1,1,1,0,0,NA,NA,NA,NA,NA,NA,NA,NA,"P5"
"239","Baylor","fbs","Big 12",2017,3139579,"Trevor White",6,1,11,6,-2.85904760600851,-0.476507934334752,-2.85904760600851,28,4.66666666666667,28,0.333333333333333,4,6,0.666666666666667,0,0,NA,NA,NA,NA,NA,NA,NA,NA,"P5"
"239","Baylor","fbs","Big 12",2017,3892773,"Blake Lynch",27,5,11,5.4,10.0545149780004,0.372389443629643,2.01090299560007,269,9.96296296296296,53.8,0.407407407407407,17,27,0.62962962962963,1,0,418,257,309,522.5,406,401.5,141,141,"P5"
"239","Baylor","fbs","Big 12",2017,3928925,"JaMycal Hasty",26,6,11,4.33333333333333,-5.76965263740296,-0.221909716823191,-0.961608772900493,102,3.92307692307692,17,0.269230769230769,24,26,0.923076923076923,0,0,596,604,600,608,2,612,611,578,"P5"
"239","Baylor","fbs","Big 12",2017,3928932,"Tony Nicholson",51,10,11,5.1,17.4518664455132,0.342193459715944,1.74518664455132,318,6.23529411764706,31.8,0.470588235294118,35,51,0.686274509803922,0,1,271,312,339,407.5,272,348,507,391,"P5"
"239","Baylor","fbs","Big 12",2017,3928935,"Pooh Stricklin",44,7,11,6.28571428571429,13.518102832612,0.307229609832092,1.93115754751601,354,8.04545454545454,50.5714285714286,0.545454545454545,29,44,0.659090909090909,1,0,357,276,367,229.5,329,302,331,176,"P5"
"239","Baylor","fbs","Big 12",2017,3934454,"Marques Jones",3,2,11,1.5,7.73582388733093,2.57860796244364,3.86791194366546,35,11.6666666666667,17.5,1,3,3,1,0,0,NA,NA,NA,NA,NA,NA,NA,NA,"P5"
"239","Baylor","fbs","Big 12",2017,4035390,"Jared Atkinson",9,4,11,2.25,4.79333430411697,0.532592700457441,1.19833357602924,73,8.11111111111111,18.25,0.444444444444444,5,9,0.555555555555556,0,0,NA,NA,NA,NA,NA,NA,NA,NA,"P5"
"239","Baylor","fbs","Big 12",2017,4035403,"Denzel Mims",107,11,11,9.72727272727273,48.9539083607673,0.457513162250162,4.4503553055243,1002,9.36448598130841,91.0909090909091,0.467289719626168,59,107,0.551401869158878,7,0,41,56,244,413,547,15,191,22,"P5"
"239","Baylor","fbs","Big 12",2017,4035409,"Zach Smith",1,1,11,1,7.17882793189586,7.17882793189586,7.17882793189586,79,79,79,1,1,1,1,1,0,NA,NA,NA,NA,NA,NA,NA,NA,"P5"
"239","Baylor","fbs","Big 12",2017,4241222,"Charlie Brewer",2,2,11,1,-0.000330381699828353,-0.000165190849914176,-0.000165190849914176,20,10,10,0.5,1,2,0.5,0,0,NA,NA,NA,NA,NA,NA,NA,NA,"P5"
"239","Baylor","fbs","Big 12",2017,4241223,"Jalen Pitre",1,1,11,1,-0.768926050395085,-0.768926050395085,-0.768926050395085,0,0,0,0,0,1,0,0,0,NA,NA,NA,NA,NA,NA,NA,NA,"P5"
"239","Baylor","fbs","Big 12",2017,4241225,"R.J. Sneed",8,5,11,1.6,2.43044562848726,0.303805703560907,0.486089125697452,53,6.625,10.6,0.625,5,8,0.625,0,0,NA,NA,NA,NA,NA,NA,NA,NA,"P5"
"239","Baylor","fbs","Big 12",2017,4259169,"Trestan Ebner",26,8,11,3.25,19.5715335425208,0.752751290096955,2.4464416928151,267,10.2692307692308,33.375,0.5,20,26,0.769230769230769,3,0,234,203,70,335,110.5,404,123,371,"P5"
"239","Baylor","fbs","Big 12",2017,4259174,"Gavin Holmes",19,4,11,4.75,8.67201126577746,0.456421645567235,2.16800281644436,166,8.73684210526316,41.5,0.473684210526316,13,19,0.684210526315789,2,0,NA,NA,NA,NA,NA,NA,NA,NA,"P5"
"239","Baylor","fbs","Big 12",2017,4259180,"John Lovett",10,6,11,1.66666666666667,-2.47707743370699,-0.247707743370699,-0.412846238951165,20,2,3.33333333333333,0.3,7,10,0.7,0,0,NA,NA,NA,NA,NA,NA,NA,NA,"P5"
"2390","Miami","fbs","ACC",2017,3123047,"Malik Rosier",11,5,11,2.2,32.8023966049454,2.98203605499504,6.56047932098909,270,24.5454545454545,54,0.909090909090909,10,11,0.909090909090909,9,0,NA,NA,NA,NA,NA,NA,NA,NA,"P5"
"2390","Miami","fbs","ACC",2017,3123050,"Christopher Herndon IV",53,10,11,5.3,15.6870640273823,0.295982340139289,1.56870640273823,416,7.84905660377358,41.6,0.60377358490566,38,53,0.716981132075472,3,0,314,336,377,98,203,236,368,261,"P5"
"2390","Miami","fbs","ACC",2017,3123075,"Braxton Berrios",69,11,11,6.27272727272727,16.4801720656043,0.238843073414555,1.49819746050948,512,7.42028985507246,46.5454545454545,0.492753623188406,43,69,0.623188405797101,3,0,298,349,420,350,419,160.5,403,204,"P5"
"2390","Miami","fbs","ACC",2017,3128753,"Dayall Harris",14,4,11,3.5,5.10897815238044,0.364927010884317,1.27724453809511,92,6.57142857142857,23,0.5,10,14,0.714285714285714,2,0,NA,NA,NA,NA,NA,NA,NA,NA,"P5"
"2390","Miami","fbs","ACC",2017,3135736,"Trayone Gray",2,1,11,2,-0.421099347427872,-0.210549673713936,-0.421099347427872,6,3,6,0.5,1,2,0.5,0,0,NA,NA,NA,NA,NA,NA,NA,NA,"P5"
"2390","Miami","fbs","ACC",2017,3135737,"Darrell Langham",13,3,11,4.33333333333333,2.41277051260553,0.185597731738887,0.804256837535177,121,9.30769230769231,40.3333333333333,0.461538461538462,7,13,0.538461538461538,0,0,NA,NA,NA,NA,NA,NA,NA,NA,"P5"
"2390","Miami","fbs","ACC",2017,3917846,"Mark Walton",8,3,11,2.66666666666667,3.73306816453375,0.466633520566718,1.24435605484458,83,10.375,27.6666666666667,0.5,5,8,0.625,0,0,NA,NA,NA,NA,NA,NA,NA,NA,"P5"
"2390","Miami","fbs","ACC",2017,3917849,"Lawrence Cager",20,6,11,3.33333333333333,-0.131481265108301,-0.00657406325541504,-0.0219135441847168,114,5.7,19,0.4,9,20,0.45,1,0,NA,NA,NA,NA,NA,NA,NA,NA,"P5"
"2390","Miami","fbs","ACC",2017,3917868,"Tyler Gauthier",1,1,11,1,-1.80937644140286,-1.80937644140286,-1.80937644140286,-1,-1,-1,0,1,1,1,0,0,NA,NA,NA,NA,NA,NA,NA,NA,"P5"
"2390","Miami","fbs","ACC",2017,4037457,"Travis Homer",24,9,11,2.66666666666667,9.00019518220546,0.375008132591894,1.00002168691172,194,8.08333333333333,21.5555555555556,0.375,16,24,0.666666666666667,1,0,438,439,304,555.5,310.5,526,327,531,"P5"
"2390","Miami","fbs","ACC",2017,4037458,"Michael Irvin II",8,4,11,2,1.6663545845179,0.208294323064738,0.416588646129476,63,7.875,15.75,0.625,7,8,0.875,0,0,NA,NA,NA,NA,NA,NA,NA,NA,"P5"
"2390","Miami","fbs","ACC",2017,4037469,"Ahmmon Richards",48,7,11,6.85714285714286,16.4129527385592,0.341936515386649,2.34470753407988,417,8.6875,59.5714285714286,0.4375,23,48,0.479166666666667,2,1,299,219,340,482.5,607,233.5,255,101,"P5"
"2390","Miami","fbs","ACC",2017,4059524,"Dionte Mullins",6,3,11,2,1.2309973094891,0.205166218248184,0.410332436496368,53,8.83333333333333,17.6666666666667,0.666666666666667,4,6,0.666666666666667,0,0,NA,NA,NA,NA,NA,NA,NA,NA,"P5"
"2390","Miami","fbs","ACC",2017,4240625,"Mike Harley",13,5,11,2.6,1.51741354935435,0.116724119181104,0.303482709870869,65,5,13,0.384615384615385,7,13,0.538461538461538,0,0,NA,NA,NA,NA,NA,NA,NA,NA,"P5"
"2390","Miami","fbs","ACC",2017,4240626,"Jeff Thomas",26,10,11,2.6,0.786177993430093,0.0302376151319267,0.0786177993430093,250,9.61538461538461,25,0.346153846153846,14,26,0.538461538461538,1,1,542,543,539,584,567,436,167,489.5,"P5"
"2390","Miami","fbs","ACC",2017,4240631,"DeeJay Dallas",2,2,11,1,2.78556086631849,1.39278043315924,1.39278043315924,54,27,27,0.5,2,2,1,0,0,NA,NA,NA,NA,NA,NA,NA,NA,"P5"
"2393","Middle Tennessee","fbs","Conference USA",2017,545681,"Shane Tucker",28,9,12,3.11111111111111,18.3716453310073,0.656130190393117,2.04129392566747,293,10.4642857142857,32.5555555555556,0.571428571428571,20,28,0.714285714285714,1,0,255,249,110,165,208.5,374.5,106,380,"G5"
"2393","Middle Tennessee","fbs","Conference USA",2017,3122899,"Richie James",55,5,12,11,1.20228682608078,0.021859760474196,0.240457365216156,290,5.27272727272727,58,0.345454545454545,31,55,0.563636363636364,3,0,537,527,542,585,534,377.5,580,111,"G5"
"2393","Middle Tennessee","fbs","Conference USA",2017,3914436,"Desmond Anderson",3,2,12,1.5,-3.63789836451802,-1.21263278817267,-1.81894918225901,-2,-0.666666666666667,-1,0,1,3,0.333333333333333,0,0,NA,NA,NA,NA,NA,NA,NA,NA,"G5"
"2393","Middle Tennessee","fbs","Conference USA",2017,3914446,"Ruben Garnett",1,1,12,1,1.12954355221476,1.12954355221476,1.12954355221476,14,14,14,1,1,1,1,0,0,NA,NA,NA,NA,NA,NA,NA,NA,"G5"
"2393","Middle Tennessee","fbs","Conference USA",2017,3914458,"Patrick Smith",43,10,12,4.3,14.3805024721371,0.334430290049699,1.43805024721371,322,7.48837209302326,32.2,0.488372093023256,28,43,0.651162790697674,2,0,337,357,341,360,348.5,342.5,397,384.5,"G5"
"2393","Middle Tennessee","fbs","Conference USA",2017,3914459,"Isiah Upton",6,2,12,3,-0.413428847903411,-0.0689048079839018,-0.206714423951705,44,7.33333333333333,22,0.333333333333333,2,6,0.333333333333333,0,0,NA,NA,NA,NA,NA,NA,NA,NA,"G5"
"2393","Middle Tennessee","fbs","Conference USA",2017,3914460,"John Urzua",1,1,12,1,2.20786684146311,2.20786684146311,2.20786684146311,26,26,26,1,1,1,1,0,0,NA,NA,NA,NA,NA,NA,NA,NA,"G5"
"2393","Middle Tennessee","fbs","Conference USA",2017,3914462,"Terelle West",9,3,12,3,-2.63705788413677,-0.293006431570752,-0.879019294712255,43,4.77777777777778,14.3333333333333,0.333333333333333,8,9,0.888888888888889,0,0,NA,NA,NA,NA,NA,NA,NA,NA,"G5"
"2393","Middle Tennessee","fbs","Conference USA",2017,3915375,"Jocquez Bruce",10,4,12,2.5,-0.363997418047226,-0.0363997418047226,-0.0909993545118064,59,5.9,14.75,0.3,9,10,0.9,1,0,NA,NA,NA,NA,NA,NA,NA,NA,"G5"
"2393","Middle Tennessee","fbs","Conference USA",2017,4037366,"Ty Lee",109,12,12,9.08333333333333,39.5182195675253,0.362552473096563,3.29318496396044,916,8.40366972477064,76.3333333333333,0.486238532110092,74,109,0.678899082568807,5,0,74,118,317,368,288,25,279,47,"G5"
"2393","Middle Tennessee","fbs","Conference USA",2017,4037367,"Tyshawn Brown",3,2,12,1.5,-2.10052167172403,-0.700173890574678,-1.05026083586202,8,2.66666666666667,4,0.333333333333333,2,3,0.666666666666667,0,0,NA,NA,NA,NA,NA,NA,NA,NA,"G5"
"2393","Middle Tennessee","fbs","Conference USA",2017,4037371,"Ty Watkins",2,2,12,1,0.895085657982908,0.447542828991454,0.447542828991454,7,3.5,3.5,0.5,2,2,1,1,0,NA,NA,NA,NA,NA,NA,NA,NA,"G5"
"2393","Middle Tennessee","fbs","Conference USA",2017,4037377,"CJ Windham",36,11,12,3.27272727272727,6.77800579879734,0.188277938855482,0.616182345345213,285,7.91666666666667,25.9090909090909,0.472222222222222,22,36,0.611111111111111,1,2,469,485,461,403.5,447,385,352,472.5,"G5"
"2393","Middle Tennessee","fbs","Conference USA",2017,4243953,"Tavares Thomas",3,1,12,3,6.01303812972468,2.00434604324156,6.01303812972468,49,16.3333333333333,49,1,3,3,1,0,0,NA,NA,NA,NA,NA,NA,NA,NA,"G5"
"2393","Middle Tennessee","fbs","Conference USA",2017,4243955,"Brad Anderson",39,9,12,4.33333333333333,18.2933822975992,0.469061084553827,2.03259803306658,338,8.66666666666667,37.5555555555556,0.512820512820513,33,39,0.846153846153846,3,0,259,254,233,304,33,324,257,316,"G5"
"2393","Middle Tennessee","fbs","Conference USA",2017,4243957,"Tyrese Johnson",11,3,12,3.66666666666667,8.87919625465378,0.80719965951398,2.95973208488459,86,7.81818181818182,28.6666666666667,0.636363636363636,8,11,0.727272727272727,0,0,NA,NA,NA,NA,NA,NA,NA,NA,"G5"
"2393","Middle Tennessee","fbs","Conference USA",2017,4243975,"Jimmy Marshall",9,6,12,1.5,12.2729233657527,1.3636581517503,2.04548722762545,79,8.77777777777778,13.1666666666667,0.777777777777778,8,9,0.888888888888889,2,0,NA,NA,NA,NA,NA,NA,NA,NA,"G5"
"2393","Middle Tennessee","fbs","Conference USA",2017,4243977,"Tavonn Salter",13,4,12,3.25,3.6076389660775,0.277510689698269,0.901909741519374,125,9.61538461538461,31.25,0.461538461538462,6,13,0.461538461538462,2,0,NA,NA,NA,NA,NA,NA,NA,NA,"G5"
"2393","Middle Tennessee","fbs","Conference USA",2017,4245578,"Ulysses Williams",2,1,12,2,0.220088879657626,0.110044439828813,0.220088879657626,15,7.5,15,0.5,2,2,1,0,0,NA,NA,NA,NA,NA,NA,NA,NA,"G5"
"24","Stanford","fbs","Pac-12",2017,546469,"Ryan Burns",1,1,13,1,0.592406586782105,0.592406586782105,0.592406586782105,16,16,16,1,1,1,1,0,0,NA,NA,NA,NA,NA,NA,NA,NA,"P5"
"24","Stanford","fbs","Pac-12",2017,3117245,"Keller Chryst",1,1,13,1,2.65969362341886,2.65969362341886,2.65969362341886,3,3,3,1,1,1,1,1,0,NA,NA,NA,NA,NA,NA,NA,NA,"P5"
"24","Stanford","fbs","Pac-12",2017,3117250,"Daniel Marx",4,3,13,1.33333333333333,0.567857086123941,0.141964271530985,0.189285695374647,34,8.5,11.3333333333333,0.5,3,4,0.75,0,0,NA,NA,NA,NA,NA,NA,NA,NA,"P5"
"24","Stanford","fbs","Pac-12",2017,3117256,"Dalton Schultz",26,10,13,2.6,4.68774762609417,0.180297985619007,0.468774762609417,187,7.19230769230769,18.7,0.538461538461538,19,26,0.730769230769231,2,1,499,501,471,242.5,173.5,533.5,426,566,"P5"
"24","Stanford","fbs","Pac-12",2017,3931391,"Trenton Irwin",65,13,13,5,19.3007986294835,0.296935363530515,1.48467681765258,415,6.38461538461539,31.9230769230769,0.446153846153846,39,65,0.6,1,0,239,351,376,465.5,477,237.5,499,389,"P5"
"24","Stanford","fbs","Pac-12",2017,3931392,"Jay Tyler",2,1,13,2,-1.43626682423745,-0.718133412118724,-1.43626682423745,0,0,0,0,0,2,0,0,0,NA,NA,NA,NA,NA,NA,NA,NA,"P5"
"24","Stanford","fbs","Pac-12",2017,3931397,"JJ Arcega-Whiteside",65,10,13,6.5,49.4533952809467,0.760821465860719,4.94533952809467,714,10.9846153846154,71.4,0.553846153846154,41,65,0.630769230769231,4,1,38,37,67,207.5,402,64.5,77,55.5,"P5"
"24","Stanford","fbs","Pac-12",2017,3931398,"Bryce Love",8,6,13,1.33333333333333,-3.00189221700586,-0.375236527125732,-0.500315369500977,33,4.125,5.5,0.25,6,8,0.75,0,0,NA,NA,NA,NA,NA,NA,NA,NA,"P5"
"24","Stanford","fbs","Pac-12",2017,3931401,"Cameron Scarlett",6,5,13,1.2,2.59671540475147,0.432785900791911,0.519343080950293,89,14.8333333333333,17.8,0.5,4,6,0.666666666666667,0,0,NA,NA,NA,NA,NA,NA,NA,NA,"P5"
"24","Stanford","fbs","Pac-12",2017,4044431,"K.J. Costello",6,2,13,3,19.1687827104279,3.19479711840464,9.58439135521393,103,17.1666666666667,51.5,1,6,6,1,6,0,NA,NA,NA,NA,NA,NA,NA,NA,"P5"
"24","Stanford","fbs","Pac-12",2017,4044436,"Scooter Harrington",3,3,13,1,-0.951410126118675,-0.317136708706225,-0.317136708706225,10,3.33333333333333,3.33333333333333,0.333333333333333,3,3,1,0,0,NA,NA,NA,NA,NA,NA,NA,NA,"P5"
"24","Stanford","fbs","Pac-12",2017,4044452,"Kaden Smith",31,10,13,3.1,17.0406007724282,0.549696799110588,1.70406007724282,356,11.4838709677419,35.6,0.580645161290323,20,31,0.645161290322581,2,0,279,319,175,142,368.5,298.5,61.5,342,"P5"
"24","Stanford","fbs","Pac-12",2017,4044453,"Trevor Speights",2,2,13,1,-0.830729378411108,-0.415364689205554,-0.415364689205554,2,1,1,0,1,2,0.5,0,0,NA,NA,NA,NA,NA,NA,NA,NA,"P5"
"24","Stanford","fbs","Pac-12",2017,4044454,"Donald Stewart",20,8,13,2.5,1.86980084049575,0.0934900420247873,0.233725105061968,131,6.55,16.375,0.5,11,20,0.55,0,0,NA,NA,NA,NA,NA,NA,NA,NA,"P5"
"24","Stanford","fbs","Pac-12",2017,4242545,"Connor Wedington",33,12,13,2.75,3.469777720259,0.105144779401788,0.289148143354916,202,6.12121212121212,16.8333333333333,0.545454545454545,28,33,0.848484848484849,0,0,514,524,512,229.5,30,519,518,579,"P5"
"24","Stanford","fbs","Pac-12",2017,4242557,"Colby Parkinson",15,6,13,2.5,13.3099473864739,0.887329825764928,2.21832456441232,97,6.46666666666667,16.1666666666667,0.666666666666667,10,15,0.666666666666667,4,0,NA,NA,NA,NA,NA,NA,NA,NA,"P5"
"242","Rice","fbs","Conference USA",2017,547738,"Robby Wells III",18,6,12,3,0.0847611397207549,0.00470895220670861,0.0141268566201258,82,4.55555555555556,13.6666666666667,0.388888888888889,12,18,0.666666666666667,0,0,NA,NA,NA,NA,NA,NA,NA,NA,"G5"
"242","Rice","fbs","Conference USA",2017,3123844,"Lance Wright",5,3,12,1.66666666666667,5.85552299008086,1.17110459801617,1.95184099669362,42,8.4,14,0.6,4,5,0.8,0,0,NA,NA,NA,NA,NA,NA,NA,NA,"G5"
"242","Rice","fbs","Conference USA",2017,3123849,"Parker Smith",9,7,12,1.28571428571429,3.52003278311429,0.391114753679366,0.502861826159185,95,10.5555555555556,13.5714285714286,0.555555555555556,7,9,0.777777777777778,0,0,NA,NA,NA,NA,NA,NA,NA,NA,"G5"
"242","Rice","fbs","Conference USA",2017,3123856,"Samuel Stewart",16,6,12,2.66666666666667,6.97829512417284,0.436143445260802,1.16304918736214,138,8.625,23,0.5,12,16,0.75,0,0,NA,NA,NA,NA,NA,NA,NA,NA,"G5"
"242","Rice","fbs","Conference USA",2017,3123857,"Austin Walter",36,12,12,3,1.84341993455985,0.0512061092933291,0.153618327879987,219,6.08333333333333,18.25,0.305555555555556,18,36,0.5,1,0,531,534,532,603.5,595.5,499,521.5,571,"G5"
"242","Rice","fbs","Conference USA",2017,3916361,"Justin Bickham",2,1,12,2,-2.05623386052942,-1.02811693026471,-2.05623386052942,0,0,0,0,0,2,0,0,0,NA,NA,NA,NA,NA,NA,NA,NA,"G5"
"242","Rice","fbs","Conference USA",2017,3916367,"Nahshon Ellerbe",8,6,12,1.33333333333333,3.10370176077598,0.387962720096998,0.517283626795997,47,5.875,7.83333333333333,0.375,4,8,0.5,0,0,NA,NA,NA,NA,NA,NA,NA,NA,"G5"
"242","Rice","fbs","Conference USA",2017,3916369,"Emmanuel Esukpa",5,5,12,1,2.44396395660407,0.488792791320815,0.488792791320814,37,7.4,7.4,0.4,3,5,0.6,0,0,NA,NA,NA,NA,NA,NA,NA,NA,"G5"
"242","Rice","fbs","Conference USA",2017,3916373,"Cameron Johnson",1,1,12,1,-0.131155673294852,-0.131155673294852,-0.131155673294852,6,6,6,0,1,1,1,0,0,NA,NA,NA,NA,NA,NA,NA,NA,"G5"
"242","Rice","fbs","Conference USA",2017,3916383,"Jackson Tyner",1,1,12,1,2.0269298727425,2.0269298727425,2.0269298727425,17,17,17,1,1,1,1,0,0,NA,NA,NA,NA,NA,NA,NA,NA,"G5"
"242","Rice","fbs","Conference USA",2017,4039154,"Jordan Myers",17,9,12,1.88888888888889,4.82769332382382,0.283981960224931,0.536410369313758,119,7,13.2222222222222,0.470588235294118,11,17,0.647058823529412,0,0,NA,NA,NA,NA,NA,NA,NA,NA,"G5"
"242","Rice","fbs","Conference USA",2017,4039159,"Aaron Cephus",44,10,12,4.4,43.3998490948561,0.986360206701275,4.33998490948561,622,14.1363636363636,62.2,0.5,25,44,0.568181818181818,5,1,56,60,19,335,529,97.5,11,88.5,"G5"
"242","Rice","fbs","Conference USA",2017,4039160,"Kylen Granson",28,7,12,4,12.7703931157179,0.456085468418497,1.82434187367399,241,8.60714285714286,34.4285714285714,0.428571428571429,18,28,0.642857142857143,0,0,363,298,245,498.5,370.5,459,263,353,"G5"
"242","Rice","fbs","Conference USA",2017,4039161,"Will Phillips",2,2,12,1,2.03793535527841,1.01896767763921,1.01896767763921,22,11,11,0.5,2,2,1,0,0,NA,NA,NA,NA,NA,NA,NA,NA,"G5"
"242","Rice","fbs","Conference USA",2017,4244856,"Austin Trammell",7,4,12,1.75,1.58884329939234,0.226977614198905,0.397210824848084,51,7.28571428571429,12.75,0.571428571428571,4,7,0.571428571428571,0,0,NA,NA,NA,NA,NA,NA,NA,NA,"G5"
"2426","Navy","fbs","American Athletic",2017,3125154,"Darryl Bonner",8,5,10,1.6,8.03030787105895,1.00378848388237,1.60606157421179,129,16.125,25.8,0.625,5,8,0.625,1,0,NA,NA,NA,NA,NA,NA,NA,NA,"G5"
"2426","Navy","fbs","American Athletic",2017,3125156,"Josh Brown",1,1,10,1,0.0952173418477273,0.0952173418477273,0.0952173418477273,8,8,8,1,1,1,1,0,0,NA,NA,NA,NA,NA,NA,NA,NA,"G5"
"2426","Navy","fbs","American Athletic",2017,3125183,"Brandon Colon",8,5,10,1.6,0.907454516502417,0.113431814562802,0.181490903300483,78,9.75,15.6,0.375,3,8,0.375,1,0,NA,NA,NA,NA,NA,NA,NA,NA,"G5"
"2426","Navy","fbs","American Athletic",2017,3125185,"Tyler Carmona",20,7,10,2.85714285714286,23.1227400726581,1.1561370036329,3.30324858180829,302,15.1,43.1428571428571,0.65,13,20,0.65,3,0,197,115,5,46.5,353,364,4,241,"G5"
"2426","Navy","fbs","American Athletic",2017,3129416,"Craig Scott",4,2,10,2,-0.947989846878269,-0.236997461719567,-0.473994923439135,15,3.75,7.5,0.25,1,4,0.25,0,0,NA,NA,NA,NA,NA,NA,NA,NA,"G5"
"2426","Navy","fbs","American Athletic",2017,3916251,"Zach Abey",2,2,10,1,6.35408417379547,3.17704208689773,3.17704208689773,17,8.5,8.5,1,2,2,1,2,0,NA,NA,NA,NA,NA,NA,NA,NA,"G5"
"2426","Navy","fbs","American Athletic",2017,3916268,"Anthony Gargiulo",1,1,10,1,3.84277020406644,3.84277020406644,3.84277020406644,21,21,21,1,1,1,1,0,0,NA,NA,NA,NA,NA,NA,NA,NA,"G5"
"2426","Navy","fbs","American Athletic",2017,3916283,"Mike Martin",1,1,10,1,-1.01397557419424,-1.01397557419424,-1.01397557419424,0,0,0,0,0,1,0,0,0,NA,NA,NA,NA,NA,NA,NA,NA,"G5"
"2426","Navy","fbs","American Athletic",2017,3916305,"Tre Walker",1,1,10,1,-1.58045943478902,-1.58045943478902,-1.58045943478902,0,0,0,0,0,1,0,0,0,NA,NA,NA,NA,NA,NA,NA,NA,"G5"
"2426","Navy","fbs","American Athletic",2017,4039436,"Malcolm Perry",22,8,10,2.75,11.3548411436852,0.516129142894784,1.41935514296066,293,13.3181818181818,36.625,0.318181818181818,12,22,0.545454545454545,2,1,394,361,204,598,557,374.5,22,331,"G5"
"2429","Charlotte","fbs","Conference USA",2017,546339,"Uriah LeMay",6,4,11,1.5,2.18078603161267,0.363464338602111,0.545196507903167,58,9.66666666666667,14.5,0.666666666666667,4,6,0.666666666666667,0,0,NA,NA,NA,NA,NA,NA,NA,NA,"G5"
"2429","Charlotte","fbs","Conference USA",2017,552698,"Trent Bostick",60,10,11,6,-3.08878418621588,-0.0514797364369313,-0.308878418621588,384,6.4,38.4,0.316666666666667,24,60,0.4,3,1,578,577,570,599,615,275.5,496,305,"G5"
"2429","Charlotte","fbs","Conference USA",2017,3120055,"Brooks Barden",1,1,11,1,-0.901523315461248,-0.901523315461248,-0.901523315461248,0,0,0,0,0,1,0,0,0,NA,NA,NA,NA,NA,NA,NA,NA,"G5"
"2429","Charlotte","fbs","Conference USA",2017,3120056,"Mark Quattlebaum",43,10,11,4.3,14.8256784236779,0.3447832191553,1.48256784236779,340,7.90697674418605,34,0.534883720930233,30,43,0.697674418604651,1,0,330,352,337,250.5,242,321,355,361,"G5"
"2429","Charlotte","fbs","Conference USA",2017,3120057,"Chris Montgomery",5,4,11,1.25,-3.1164347498368,-0.623286949967359,-0.779108687459199,1,0.2,0.25,0.2,4,5,0.8,0,0,NA,NA,NA,NA,NA,NA,NA,NA,"G5"
"2429","Charlotte","fbs","Conference USA",2017,3120074,"Workpeh Kofa",40,8,11,5,-1.52436243976779,-0.0381090609941947,-0.190545304970974,238,5.95,29.75,0.35,20,40,0.5,0,0,567,568,565,577,595.5,464,531,420.5,"G5"
"2429","Charlotte","fbs","Conference USA",2017,3120077,"R.J. Tyler",20,8,11,2.5,6.61041455365964,0.330520727682982,0.826301819207455,138,6.9,17.25,0.6,16,20,0.8,0,0,NA,NA,NA,NA,NA,NA,NA,NA,"G5"
"2429","Charlotte","fbs","Conference USA",2017,3120078,"T.L. Ford II",25,6,11,4.16666666666667,3.20368749590552,0.128147499836221,0.533947915984253,167,6.68,27.8333333333333,0.48,12,25,0.48,1,0,517,493,497,382,605,557,469,448,"G5"
"2429","Charlotte","fbs","Conference USA",2017,3922009,"Nate Mullen",16,7,11,2.28571428571429,-5.47759710244983,-0.342349818903114,-0.782513871778547,61,3.8125,8.71428571428571,0.4375,10,16,0.625,0,0,NA,NA,NA,NA,NA,NA,NA,NA,"G5"
"2429","Charlotte","fbs","Conference USA",2017,3922012,"Michael Holmes",1,1,11,1,-0.641443048850041,-0.641443048850041,-0.641443048850041,0,0,0,0,0,1,0,0,0,NA,NA,NA,NA,NA,NA,NA,NA,"G5"
"2429","Charlotte","fbs","Conference USA",2017,4045702,"Benny LeMay",12,6,11,2,5.1223718666688,0.4268643222224,0.8537286444448,88,7.33333333333333,14.6666666666667,0.5,9,12,0.75,2,0,NA,NA,NA,NA,NA,NA,NA,NA,"G5"
"2429","Charlotte","fbs","Conference USA",2017,4045705,"Aaron McAllister",3,3,11,1,-1.80117052332047,-0.600390174440157,-0.600390174440157,6,2,2,0,1,3,0.333333333333333,0,0,NA,NA,NA,NA,NA,NA,NA,NA,"G5"
"2429","Charlotte","fbs","Conference USA",2017,4045724,"Robert Washington",2,2,11,1,-2.1242040925309,-1.06210204626545,-1.06210204626545,-2,-1,-1,0,1,2,0.5,0,0,NA,NA,NA,NA,NA,NA,NA,NA,"G5"
"2429","Charlotte","fbs","Conference USA",2017,4259296,"Chris Phillips",3,2,11,1.5,1.13345835397369,0.377819451324562,0.566729176986843,28,9.33333333333333,14,1,3,3,1,0,0,NA,NA,NA,NA,NA,NA,NA,NA,"G5"
"2433","UL Monroe","fbs","Sun Belt",2017,546121,"Brian Williams",61,11,12,5.54545454545455,40.1301496463742,0.657871305678265,3.64819542239765,587,9.62295081967213,53.3636363636364,0.60655737704918,43,61,0.704918032786885,3,2,70,93,109,95,227.5,111,166,149,"G5"
"2433","UL Monroe","fbs","Sun Belt",2017,546131,"Roland Jenkins",3,3,12,1,-2.1820216702694,-0.727340556756467,-0.727340556756467,-1,-0.333333333333333,-0.333333333333333,0,1,3,0.333333333333333,0,0,NA,NA,NA,NA,NA,NA,NA,NA,"G5"
"2433","UL Monroe","fbs","Sun Belt",2017,3122438,"Juwan Offray",1,1,12,1,1.23897565697217,1.23897565697217,1.23897565697217,9,9,9,1,1,1,1,0,0,NA,NA,NA,NA,NA,NA,NA,NA,"G5"
"2433","UL Monroe","fbs","Sun Belt",2017,3124708,"Sloan Spiller",12,6,12,2,15.3075574954073,1.27562979128394,2.55125958256788,128,10.6666666666667,21.3333333333333,0.75,12,12,1,1,0,NA,NA,NA,NA,NA,NA,NA,NA,"G5"
"2433","UL Monroe","fbs","Sun Belt",2017,3124950,"Ben Luckett",4,2,12,2,2.20635406544503,0.551588516361257,1.10317703272251,29,7.25,14.5,0.5,3,4,0.75,0,0,NA,NA,NA,NA,NA,NA,NA,NA,"G5"
"2433","UL Monroe","fbs","Sun Belt",2017,3124964,"Marcus Green",82,12,12,6.83333333333333,43.7062742138051,0.533003344070794,3.64218951781709,812,9.90243902439024,67.6666666666667,0.48780487804878,54,82,0.658536585365854,5,0,55,94,187,362.5,330.5,38,145,72,"G5"
"2433","UL Monroe","fbs","Sun Belt",2017,3124965,"D'Marius Gillespie",16,8,12,2,13.7862899575757,0.861643122348479,1.72328624469696,207,12.9375,25.875,0.625,12,16,0.75,1,0,NA,NA,NA,NA,NA,NA,NA,NA,"G5"
"2433","UL Monroe","fbs","Sun Belt",2017,3918230,"Xavier Brown",33,10,12,3.3,9.94882634710456,0.301479586275896,0.994882634710456,222,6.72727272727273,22.2,0.393939393939394,20,33,0.606060606060606,1,0,421,442,371,537,462,489,465,525,"G5"
"2433","UL Monroe","fbs","Sun Belt",2017,3918243,"Markis McCray",12,4,12,3,8.75088950107061,0.729240791755884,2.18772237526765,124,10.3333333333333,31,0.583333333333333,9,12,0.75,0,1,NA,NA,NA,NA,NA,NA,NA,NA,"G5"
"2433","UL Monroe","fbs","Sun Belt",2017,3918251,"RJ Turner",51,10,12,5.1,57.268989839519,1.12292136940233,5.7268989839519,678,13.2941176470588,67.8,0.647058823529412,37,51,0.725490196078431,5,0,20,17,10,48.5,189.5,72,23,69,"G5"
"2433","UL Monroe","fbs","Sun Belt",2017,3925346,"Derrick Gore",15,10,12,1.5,3.3229727652996,0.22153151768664,0.33229727652996,161,10.7333333333333,16.1,0.4,12,15,0.8,0,1,NA,NA,NA,NA,NA,NA,NA,NA,"G5"
"2433","UL Monroe","fbs","Sun Belt",2017,4036582,"Brandius Batiste",6,3,12,2,2.42467224738797,0.404112041231329,0.808224082462657,39,6.5,13,0.666666666666667,4,6,0.666666666666667,0,0,NA,NA,NA,NA,NA,NA,NA,NA,"G5"
"2433","UL Monroe","fbs","Sun Belt",2017,4036583,"Duke Carter IV",6,4,12,1.5,0.897608219520098,0.149601369920016,0.224402054880025,55,9.16666666666667,13.75,0.5,5,6,0.833333333333333,0,0,NA,NA,NA,NA,NA,NA,NA,NA,"G5"
"2433","UL Monroe","fbs","Sun Belt",2017,4036585,"Caleb Evans",4,2,12,2,16.2764291337283,4.06910728343206,8.13821456686413,99,24.75,49.5,1,4,4,1,4,0,NA,NA,NA,NA,NA,NA,NA,NA,"G5"
"2433","UL Monroe","fbs","Sun Belt",2017,4036592,"Tyler Lamm",1,1,12,1,-0.0719655334373134,-0.0719655334373134,-0.0719655334373134,4,4,4,0,1,1,1,0,0,NA,NA,NA,NA,NA,NA,NA,NA,"G5"
"2433","UL Monroe","fbs","Sun Belt",2017,4036595,"Josh Pederson",16,7,12,2.28571428571429,14.7535141009449,0.922094631309054,2.10764487156355,136,8.5,19.4285714285714,0.625,12,16,0.75,0,0,NA,NA,NA,NA,NA,NA,NA,NA,"G5"
"2433","UL Monroe","fbs","Sun Belt",2017,4036599,"Kayin White",5,4,12,1.25,-0.935246310159066,-0.187049262031813,-0.233811577539766,25,5,6.25,0.4,4,5,0.8,0,0,NA,NA,NA,NA,NA,NA,NA,NA,"G5"
"2433","UL Monroe","fbs","Sun Belt",2017,4050286,"Jonathan Hodoh",8,3,12,2.66666666666667,6.67084009438289,0.833855011797861,2.2236133647943,53,6.625,17.6666666666667,0.5,6,8,0.75,1,0,NA,NA,NA,NA,NA,NA,NA,NA,"G5"
"2433","UL Monroe","fbs","Sun Belt",2017,4050305,"Darius Rodrigue",2,1,12,2,2.95217736147832,1.47608868073916,2.95217736147832,24,12,24,0.5,2,2,1,0,0,NA,NA,NA,NA,NA,NA,NA,NA,"G5"
"2433","UL Monroe","fbs","Sun Belt",2017,4260385,"Darius Rodrique",1,1,12,1,1.05170756856818,1.05170756856818,1.05170756856818,8,8,8,1,1,1,1,0,0,NA,NA,NA,NA,NA,NA,NA,NA,"G5"
"2439","UNLV","fbs","Mountain West",2017,546085,"Trevor Kanteman",6,6,11,1,2.83670810307455,0.472784683845759,0.472784683845759,33,5.5,5.5,0.666666666666667,6,6,1,1,0,NA,NA,NA,NA,NA,NA,NA,NA,"G5"
"2439","UNLV","fbs","Mountain West",2017,546290,"Kendal Keys",44,11,11,4,8.87505796851977,0.201705862920904,0.806823451683615,254,5.77272727272727,23.0909090909091,0.545454545454545,26,44,0.590909090909091,2,0,439,463,455,229.5,495.5,426,546,513,"G5"
"2439","UNLV","fbs","Mountain West",2017,3125315,"Devonte Boyd",56,10,11,5.6,15.6153555270897,0.278845634412315,1.56153555270897,507,9.05357142857143,50.7,0.482142857142857,30,56,0.535714285714286,2,0,316,337,394,377,572,166,222,175,"G5"
"2439","UNLV","fbs","Mountain West",2017,3921706,"Brandon Presley",46,10,11,4.6,41.8747136104684,0.91031986109714,4.18747136104684,536,11.6521739130435,53.6,0.608695652173913,32,46,0.695652173913043,3,0,62,63,31,91.5,246,148,55,145,"G5"
"2439","UNLV","fbs","Mountain West",2017,3921708,"Lexington Thomas",9,6,11,1.5,1.96451208078035,0.218279120086705,0.327418680130058,95,10.5555555555556,15.8333333333333,0.333333333333333,6,9,0.666666666666667,0,0,NA,NA,NA,NA,NA,NA,NA,NA,"G5"
"2439","UNLV","fbs","Mountain West",2017,3933311,"Darren Woods Jr.",45,10,11,4.5,9.302138614794,0.206714191439867,0.9302138614794,349,7.75555555555556,34.9,0.466666666666667,28,45,0.622222222222222,0,0,432,452,449,415.5,420.5,308.5,381,349,"G5"
"2439","UNLV","fbs","Mountain West",2017,4036897,"Tim Holt",13,8,11,1.625,5.26399642091629,0.404922801608945,0.657999552614536,100,7.69230769230769,12.5,0.538461538461538,11,13,0.846153846153846,0,0,NA,NA,NA,NA,NA,NA,NA,NA,"G5"
"2439","UNLV","fbs","Mountain West",2017,4036902,"Cody Scherff",1,1,11,1,-0.597608014467663,-0.597608014467663,-0.597608014467663,2,2,2,0,1,1,1,0,0,NA,NA,NA,NA,NA,NA,NA,NA,"G5"
"2439","UNLV","fbs","Mountain West",2017,4056043,"Giovanni Fauolo",5,3,11,1.66666666666667,0.0592980257941524,0.0118596051588305,0.0197660085980508,37,7.4,12.3333333333333,0.6,4,5,0.8,0,0,NA,NA,NA,NA,NA,NA,NA,NA,"G5"
"2439","UNLV","fbs","Mountain West",2017,4056052,"Armani Rogers",1,1,11,1,3.59573315019952,3.59573315019952,3.59573315019952,6,6,6,1,1,1,1,1,0,NA,NA,NA,NA,NA,NA,NA,NA,"G5"
"2439","UNLV","fbs","Mountain West",2017,4261642,"Drew Tejchman",14,7,11,2,0.416930634439586,0.0297807596028275,0.0595615192056551,104,7.42857142857143,14.8571428571429,0.357142857142857,6,14,0.428571428571429,0,0,NA,NA,NA,NA,NA,NA,NA,NA,"G5"
"2440","Nevada","fbs","Mountain West",2017,557227,"Tucker Melcher",1,1,11,1,0.975499618199014,0.975499618199014,0.975499618199014,9,9,9,1,1,1,1,0,0,NA,NA,NA,NA,NA,NA,NA,NA,"G5"
"2440","Nevada","fbs","Mountain West",2017,3122611,"Ty Gangi",5,4,11,1.25,14.8313130801462,2.96626261602924,3.70782827003656,101,20.2,25.25,0.8,4,5,0.8,4,0,NA,NA,NA,NA,NA,NA,NA,NA,"G5"
"2440","Nevada","fbs","Mountain West",2017,3124610,"Andrew Celis",29,7,11,4.14285714285714,7.78217847202059,0.268350981793813,1.11173978171723,194,6.68965517241379,27.7142857142857,0.551724137931034,23,29,0.793103448275862,0,0,456,410,399,211,73.5,526,467,449,"G5"
"2440","Nevada","fbs","Mountain West",2017,3124613,"Wyatt Demps",94,11,11,8.54545454545454,24.2468993111038,0.257945737352168,2.20426357373671,862,9.17021276595745,78.3636363636364,0.436170212765957,62,94,0.659574468085106,9,2,191,227,402,485,327,32,217,43,"G5"
"2440","Nevada","fbs","Mountain West",2017,3124638,"Brandon Scott",11,8,11,1.375,2.84110394255055,0.258282176595505,0.355137992818819,80,7.27272727272727,10,0.545454545454545,9,11,0.818181818181818,0,0,NA,NA,NA,NA,NA,NA,NA,NA,"G5"
"2440","Nevada","fbs","Mountain West",2017,3124642,"Trae Carter-Wells",1,1,11,1,-0.397410398288367,-0.397410398288367,-0.397410398288367,2,2,2,0,1,1,1,0,0,NA,NA,NA,NA,NA,NA,NA,NA,"G5"
"2440","Nevada","fbs","Mountain West",2017,3124645,"Blake Wright",7,5,11,1.4,1.1797988749579,0.168542696422557,0.23595977499158,30,4.28571428571429,6,0.571428571428571,6,7,0.857142857142857,0,0,NA,NA,NA,NA,NA,NA,NA,NA,"G5"
"2440","Nevada","fbs","Mountain West",2017,3125201,"Justin Brent",2,1,11,2,2.69242970202163,1.34621485101081,2.69242970202163,21,10.5,21,0.5,1,2,0.5,0,0,NA,NA,NA,NA,NA,NA,NA,NA,"G5"
"2440","Nevada","fbs","Mountain West",2017,3914811,"Maliek Broady",1,1,11,1,0.410513943577413,0.410513943577413,0.410513943577413,7,7,7,1,1,1,1,0,0,NA,NA,NA,NA,NA,NA,NA,NA,"G5"
"2440","Nevada","fbs","Mountain West",2017,3914812,"Dominic Christian",2,1,11,2,-0.24758343438141,-0.123791717190705,-0.24758343438141,8,4,8,0,2,2,1,0,0,NA,NA,NA,NA,NA,NA,NA,NA,"G5"
"2440","Nevada","fbs","Mountain West",2017,3914826,"Kelton Moore",29,9,11,3.22222222222222,7.37423739986528,0.254284048271217,0.819359711096142,228,7.86206896551724,25.3333333333333,0.379310344827586,19,29,0.655172413793103,2,0,461,462,405,552,336,476.5,364,480.5,"G5"
"2440","Nevada","fbs","Mountain West",2017,3914828,"Brendan O'Leary-Orange",52,9,11,5.77777777777778,41.2182834571459,0.792659297252806,4.57980927301621,608,11.6923076923077,67.5555555555556,0.538461538461538,37,52,0.711538461538462,4,0,65,53,59,242.5,213,104,52,73,"G5"
"2440","Nevada","fbs","Mountain West",2017,3927804,"Kaleb Fossum",7,1,11,7,0.621086642120551,0.0887266631600787,0.621086642120551,36,5.14285714285714,36,0.428571428571429,4,7,0.571428571428571,0,0,NA,NA,NA,NA,NA,NA,NA,NA,"G5"
"2440","Nevada","fbs","Mountain West",2017,4036771,"Trevion Armstrong",14,7,11,2,10.8852393249167,0.77751709463691,1.55503418927382,98,7,14,0.5,10,14,0.714285714285714,3,0,NA,NA,NA,NA,NA,NA,NA,NA,"G5"
"2440","Nevada","fbs","Mountain West",2017,4036783,"Isaiah Hamilton",2,1,11,2,2.75159035987142,1.37579517993571,2.75159035987142,20,10,20,0.5,1,2,0.5,0,0,NA,NA,NA,NA,NA,NA,NA,NA,"G5"
"2440","Nevada","fbs","Mountain West",2017,4036788,"Jaxson Kincaide",12,5,11,2.4,-0.71925869522262,-0.059938224601885,-0.143851739044524,42,3.5,8.4,0.5,11,12,0.916666666666667,0,0,NA,NA,NA,NA,NA,NA,NA,NA,"G5"
"2440","Nevada","fbs","Mountain West",2017,4241588,"Elijah Cooks",3,2,11,1.5,2.11198709482857,0.70399569827619,1.05599354741428,23,7.66666666666667,11.5,0.666666666666667,2,3,0.666666666666667,0,0,NA,NA,NA,NA,NA,NA,NA,NA,"G5"
"2440","Nevada","fbs","Mountain West",2017,4241597,"Daiyan Henley",11,6,11,1.83333333333333,4.82038111121642,0.438216464656039,0.803396851869404,84,7.63636363636364,14,0.545454545454545,7,11,0.636363636363636,2,0,NA,NA,NA,NA,NA,NA,NA,NA,"G5"
"2440","Nevada","fbs","Mountain West",2017,4241602,"McLane Mannix",85,11,11,7.72727272727273,-0.710473788725719,-0.00835851516147905,-0.0645885262477927,564,6.63529411764706,51.2727272727273,0.388235294117647,48,85,0.564705882352941,3,0,554,553,551,542.5,532,126,474,167,"G5"
"2440","Nevada","fbs","Mountain West",2017,4241608,"Reagan Roberson",1,1,11,1,5.31798481005792,5.31798481005792,5.31798481005792,23,23,23,1,1,1,1,0,0,NA,NA,NA,NA,NA,NA,NA,NA,"G5"
"2440","Nevada","fbs","Mountain West",2017,4241609,"Berdale Robins",2,1,11,2,-1.63293299402023,-0.816466497010116,-1.63293299402023,0,0,0,0,1,2,0.5,0,0,NA,NA,NA,NA,NA,NA,NA,NA,"G5"
"245","Texas A&M","fbs","SEC",2017,549892,"Tanner Schorp",5,3,11,1.66666666666667,2.46050121405566,0.492100242811132,0.820167071351886,51,10.2,17,0.4,5,5,1,0,0,NA,NA,NA,NA,NA,NA,NA,NA,"P5"
"245","Texas A&M","fbs","SEC",2017,550492,"Keith Ford",15,8,11,1.875,-1.511836846587,-0.1007891231058,-0.188979605823375,59,3.93333333333333,7.375,0.466666666666667,11,15,0.733333333333333,0,0,NA,NA,NA,NA,NA,NA,NA,NA,"P5"
"245","Texas A&M","fbs","SEC",2017,3895856,"Christian Kirk",85,11,11,7.72727272727273,25.938521157506,0.305159072441247,2.35804737795509,673,7.91764705882353,61.1818181818182,0.458823529411765,51,85,0.6,5,0,168,215,368,436,477,75,351,95,"P5"
"245","Texas A&M","fbs","SEC",2017,3895857,"Damion Ratley",39,10,11,3.9,52.9022312352388,1.35646746757022,5.29022312352388,580,14.8717948717949,58,0.538461538461538,24,39,0.615384615384615,5,0,29,29,3,242.5,433.5,116,6,111,"P5"
"245","Texas A&M","fbs","SEC",2017,3917322,"Kendall Bussey",5,3,11,1.66666666666667,2.81038000935255,0.56207600187051,0.936793336450851,50,10,16.6666666666667,0.6,4,5,0.8,0,0,NA,NA,NA,NA,NA,NA,NA,NA,"P5"
"245","Texas A&M","fbs","SEC",2017,4035222,"Trayveon Williams",27,9,11,3,-6.88399223000546,-0.254962675185388,-0.764888025556162,144,5.33333333333333,16,0.333333333333333,14,27,0.518518518518518,0,0,602,599,603,591,584,578,576.5,589,"P5"
"245","Texas A&M","fbs","SEC",2017,4035225,"Nick Starkel",2,2,11,1,11.7022131298196,5.85110656490982,5.85110656490982,80,40,40,1,2,2,1,2,0,NA,NA,NA,NA,NA,NA,NA,NA,"P5"
"245","Texas A&M","fbs","SEC",2017,4035228,"Aaron Hansford",2,2,11,1,4.14454556430899,2.0722727821545,2.0722727821545,28,14,14,0.5,1,2,0.5,0,0,NA,NA,NA,NA,NA,NA,NA,NA,"P5"
"245","Texas A&M","fbs","SEC",2017,4035254,"Clyde Chriss",3,3,11,1,-1.61481242966409,-0.538270809888031,-0.538270809888031,13,4.33333333333333,4.33333333333333,0.333333333333333,1,3,0.333333333333333,0,0,NA,NA,NA,NA,NA,NA,NA,NA,"P5"
"245","Texas A&M","fbs","SEC",2017,4035255,"Kendrick Rogers",6,3,11,2,3.15574831912623,0.525958053187705,1.05191610637541,51,8.5,17,0.833333333333333,6,6,1,0,0,NA,NA,NA,NA,NA,NA,NA,NA,"P5"
"245","Texas A&M","fbs","SEC",2017,4240895,"Jhamon Ausbon",54,10,11,5.4,24.4032131237302,0.451911354143152,2.44032131237302,435,8.05555555555556,43.5,0.537037037037037,35,54,0.648148148148148,2,0,190,206,250,245,359.5,215,330,237.5,"P5"
"245","Texas A&M","fbs","SEC",2017,4240899,"Roshauud Paul",19,8,11,2.375,8.20371802613686,0.431774632954572,1.02546475326711,187,9.8421052631579,23.375,0.578947368421053,16,19,0.842105263157895,0,0,NA,NA,NA,NA,NA,NA,NA,NA,"P5"
"245","Texas A&M","fbs","SEC",2017,4240906,"Camron Buckley",18,8,11,2.25,13.614165404196,0.756342522455334,1.7017706755245,186,10.3333333333333,23.25,0.666666666666667,12,18,0.666666666666667,2,0,NA,NA,NA,NA,NA,NA,NA,NA,"P5"
"245","Texas A&M","fbs","SEC",2017,4240911,"Jacob Kibodi",2,1,11,2,-1.09442692891439,-0.547213464457194,-1.09442692891439,0,0,0,0,1,2,0.5,0,0,NA,NA,NA,NA,NA,NA,NA,NA,"P5"
"2459","Northern Illinois","fbs","Mid-American",2017,547842,"Chad Beebe",40,8,11,5,14.1108209946617,0.352770524866543,1.76385262433272,385,9.625,48.125,0.525,24,40,0.6,1,0,342,308,326,274,477,273.5,165,191,"G5"
"2459","Northern Illinois","fbs","Mid-American",2017,547854,"Jordan Huff",8,6,11,1.33333333333333,1.15330462920465,0.144163078650581,0.192217438200775,35,4.375,5.83333333333333,0.5,6,8,0.75,2,0,NA,NA,NA,NA,NA,NA,NA,NA,"G5"
"2459","Northern Illinois","fbs","Mid-American",2017,547868,"Shane Wimann",34,10,11,3.4,20.3377255480628,0.598168398472437,2.03377255480628,277,8.14705882352941,27.7,0.558823529411765,28,34,0.823529411764706,5,0,228,253,139,191.5,45,392,312,450,"G5"
"2459","Northern Illinois","fbs","Mid-American",2017,3126002,"Christian Blake",69,11,11,6.27272727272727,-4.80486977568832,-0.0696357938505554,-0.436806343244393,388,5.6231884057971,35.2727272727273,0.347826086956522,35,69,0.507246376811594,3,1,591,587,574,580,592,269.5,556,345,"G5"
"2459","Northern Illinois","fbs","Mid-American",2017,3126013,"Ryan Graham",1,1,11,1,0.604225972122558,0.604225972122558,0.604225972122558,13,13,13,1,1,1,1,0,0,NA,NA,NA,NA,NA,NA,NA,NA,"G5"
"2459","Northern Illinois","fbs","Mid-American",2017,3128266,"Tommy Mister",3,2,11,1.5,-1.66230668873832,-0.554102229579441,-0.831153344369161,11,3.66666666666667,5.5,0,3,3,1,0,0,NA,NA,NA,NA,NA,NA,NA,NA,"G5"
"2459","Northern Illinois","fbs","Mid-American",2017,3128397,"Jauan Wesley",7,5,11,1.4,5.09843129970549,0.728347328529356,1.0196862599411,111,15.8571428571429,22.2,0.714285714285714,6,7,0.857142857142857,1,0,NA,NA,NA,NA,NA,NA,NA,NA,"G5"
"2459","Northern Illinois","fbs","Mid-American",2017,3921951,"D.J. Brown",48,9,11,5.33333333333333,-3.60852458023811,-0.0751775954216273,-0.400947175582012,242,5.04166666666667,26.8888888888889,0.395833333333333,30,48,0.625,3,0,584,585,576,535.5,413.5,458,587,462,"G5"
"2459","Northern Illinois","fbs","Mid-American",2017,3921953,"Spencer Tears",63,11,11,5.72727272727273,9.8361701320564,0.156129684635816,0.8941972847324,400,6.34920634920635,36.3636363636364,0.412698412698413,35,63,0.555555555555556,3,0,422,457,487,518,541.5,256,500,334.5,"G5"
"2459","Northern Illinois","fbs","Mid-American",2017,3921960,"Daniel Crawford",4,3,11,1.33333333333333,2.10544706295353,0.526361765738382,0.701815687651176,31,7.75,10.3333333333333,0.5,4,4,1,0,1,NA,NA,NA,NA,NA,NA,NA,NA,"G5"
"2459","Northern Illinois","fbs","Mid-American",2017,3921979,"Marcus Jones",13,6,11,2.16666666666667,0.195421393016846,0.0150324148474497,0.0325702321694743,66,5.07692307692308,11,0.384615384615385,10,13,0.769230769230769,0,0,NA,NA,NA,NA,NA,NA,NA,NA,"G5"
"2459","Northern Illinois","fbs","Mid-American",2017,4039467,"Tre Harbison",2,2,11,1,3.15804042873269,1.57902021436635,1.57902021436635,54,27,27,1,2,2,1,0,0,NA,NA,NA,NA,NA,NA,NA,NA,"G5"
"2459","Northern Illinois","fbs","Mid-American",2017,4039468,"Andrew Parchment",2,2,11,1,-1.04584920821252,-0.522924604106259,-0.522924604106259,6,3,3,0.5,1,2,0.5,0,0,NA,NA,NA,NA,NA,NA,NA,NA,"G5"
"2459","Northern Illinois","fbs","Mid-American",2017,4039470,"Marcus Childers",2,2,11,1,-0.448091194944318,-0.224045597472159,-0.224045597472159,10,5,5,0.5,1,2,0.5,0,0,NA,NA,NA,NA,NA,NA,NA,NA,"G5"
"2459","Northern Illinois","fbs","Mid-American",2017,4039482,"Mitchell Brinkman",4,4,11,1,6.57550497310182,1.64387624327546,1.64387624327546,48,12,12,1,4,4,1,2,0,NA,NA,NA,NA,NA,NA,NA,NA,"G5"
"248","Houston","fbs","American Athletic",2017,545406,"Alex Leslie",3,2,11,1.5,0.935276770848127,0.311758923616042,0.467638385424063,47,15.6666666666667,23.5,0.666666666666667,3,3,1,0,0,NA,NA,NA,NA,NA,NA,NA,NA,"G5"
"248","Houston","fbs","American Athletic",2017,546444,"Ellis Jefferson",3,2,11,1.5,5.56647496006937,1.85549165335646,2.78323748003469,32,10.6666666666667,16,1,3,3,1,1,0,NA,NA,NA,NA,NA,NA,NA,NA,"G5"
"248","Houston","fbs","American Athletic",2017,548071,"John Leday",27,7,11,3.85714285714286,0.614357817428192,0.0227539932380812,0.0877654024897417,130,4.81481481481481,18.5714285714286,0.444444444444444,25,27,0.925925925925926,1,0,543,542,541,469,1,593,596,568,"G5"
"248","Houston","fbs","American Athletic",2017,553532,"Kyle Postma",2,2,11,1,5.97201795046205,2.98600897523103,2.98600897523103,30,15,15,1,2,2,1,2,0,NA,NA,NA,NA,NA,NA,NA,NA,"G5"
"248","Houston","fbs","American Athletic",2017,553536,"Linell Bonner",89,10,11,8.9,50.994450365875,0.572971352425561,5.0994450365875,850,9.55056179775281,85,0.595505617977528,73,89,0.820224719101124,4,0,35,33,163,107,47,33,173,31,"G5"
"248","Houston","fbs","American Athletic",2017,553543,"Derek McLemore",3,2,11,1.5,2.04258650368419,0.680862167894729,1.02129325184209,41,13.6666666666667,20.5,0.666666666666667,3,3,1,0,0,NA,NA,NA,NA,NA,NA,NA,NA,"G5"
"248","Houston","fbs","American Athletic",2017,3125112,"Duke Catalon",20,9,11,2.22222222222222,-9.61146512554868,-0.480573256277434,-1.06794056950541,86,4.3,9.55555555555556,0.25,14,20,0.7,1,1,NA,NA,NA,NA,NA,NA,NA,NA,"G5"
"248","Houston","fbs","American Athletic",2017,3126196,"Romello Brooker",9,6,11,1.5,-0.144699163893563,-0.0160776848770626,-0.0241165273155939,45,5,7.5,0.555555555555556,7,9,0.777777777777778,0,0,NA,NA,NA,NA,NA,NA,NA,NA,"G5"
"248","Houston","fbs","American Athletic",2017,3126197,"Steven Dunbar",92,11,11,8.36363636363636,36.2747916648173,0.394291213748014,3.29770833316521,793,8.6195652173913,72.0909090909091,0.510869565217391,63,92,0.684782608695652,1,0,98,117,289,310,275,42,262,53,"G5"
"248","Houston","fbs","American Athletic",2017,3915427,"Patrick Carr",1,1,11,1,-0.155880664153186,-0.155880664153186,-0.155880664153186,4,4,4,0,1,1,1,0,0,NA,NA,NA,NA,NA,NA,NA,NA,"G5"
"248","Houston","fbs","American Athletic",2017,4039294,"Mulbah Car",5,3,11,1.66666666666667,-0.302821635194159,-0.0605643270388318,-0.10094054506472,27,5.4,9,0.6,5,5,1,0,0,NA,NA,NA,NA,NA,NA,NA,NA,"G5"
"248","Houston","fbs","American Athletic",2017,4039295,"Keith Corbin",16,7,11,2.28571428571429,6.2418902770775,0.390118142317344,0.891698611011072,164,10.25,23.4285714285714,0.5625,10,16,0.625,0,0,NA,NA,NA,NA,NA,NA,NA,NA,"G5"
"248","Houston","fbs","American Athletic",2017,4039300,"D'Eriq King",37,7,11,5.28571428571429,17.8974440730865,0.483714704678013,2.55677772472664,364,9.83783783783784,52,0.432432432432432,31,37,0.837837837837838,4,0,265,188,229,492.5,38.5,289,148,158.5,"G5"
"248","Houston","fbs","American Athletic",2017,4039301,"Courtney Lark",13,5,11,2.6,11.5694823303745,0.889960179259576,2.3138964660749,166,12.7692307692308,33.2,0.538461538461538,8,13,0.615384615384615,1,0,NA,NA,NA,NA,NA,NA,NA,NA,"G5"
"248","Houston","fbs","American Athletic",2017,4044162,"Dillon Birden",11,5,11,2.2,3.61305217254308,0.328459288413007,0.722610434508616,65,5.90909090909091,13,0.545454545454545,8,11,0.727272727272727,0,0,NA,NA,NA,NA,NA,NA,NA,NA,"G5"
"248","Houston","fbs","American Athletic",2017,4240254,"Davion Mitchell",1,1,11,1,-0.997034383824375,-0.997034383824375,-0.997034383824375,0,0,0,0,1,1,1,0,0,NA,NA,NA,NA,NA,NA,NA,NA,"G5"
"2483","Oregon","fbs","Pac-12",2017,550655,"Kani Benoit",6,4,11,1.5,2.96751288472794,0.49458548078799,0.741878221181985,36,6,9,0.666666666666667,6,6,1,0,0,NA,NA,NA,NA,NA,NA,NA,NA,"P5"
"2483","Oregon","fbs","Pac-12",2017,3122667,"Charles Nelson",36,7,11,5.14285714285714,14.427469381774,0.400763038382612,2.06106705453914,293,8.13888888888889,41.8571428571429,0.472222222222222,25,36,0.694444444444444,1,0,336,245,284,403.5,248,374.5,315,258,"P5"
"2483","Oregon","fbs","Pac-12",2017,3122672,"Royce Freeman",13,8,11,1.625,2.54981382230994,0.196139524793073,0.318726727788743,114,8.76923076923077,14.25,0.307692307692308,10,13,0.769230769230769,0,0,NA,NA,NA,NA,NA,NA,NA,NA,"P5"
"2483","Oregon","fbs","Pac-12",2017,3886835,"Taj Griffin",13,5,11,2.6,1.60824937765448,0.123711490588806,0.321649875530896,68,5.23076923076923,13.6,0.384615384615385,11,13,0.846153846153846,1,0,NA,NA,NA,NA,NA,NA,NA,NA,"P5"
"2483","Oregon","fbs","Pac-12",2017,3886838,"Alex Ofodile",3,2,11,1.5,-0.440558251913283,-0.146852750637761,-0.220279125956641,15,5,7.5,0.333333333333333,2,3,0.666666666666667,0,0,NA,NA,NA,NA,NA,NA,NA,NA,"P5"
"2483","Oregon","fbs","Pac-12",2017,3886841,"Tony Brooks-James",13,6,11,2.16666666666667,0.494002866937577,0.0380002205336598,0.0823338111562629,87,6.69230769230769,14.5,0.384615384615385,9,13,0.692307692307692,1,0,NA,NA,NA,NA,NA,NA,NA,NA,"P5"
"2483","Oregon","fbs","Pac-12",2017,3915136,"Jacob Breeland",21,9,11,2.33333333333333,19.4642665347743,0.926869834989251,2.16269628164159,256,12.1904761904762,28.4444444444444,0.571428571428571,14,21,0.666666666666667,4,0,237,230,27,165,310.5,425,40,441,"P5"
"2483","Oregon","fbs","Pac-12",2017,4038938,"Dillon Mitchell",45,9,11,5,16.7934624134354,0.373188053631897,1.86594026815949,363,8.06666666666667,40.3333333333333,0.466666666666667,31,45,0.688888888888889,4,0,288,287,307,415.5,263,290.5,329,273.5,"P5"
"2483","Oregon","fbs","Pac-12",2017,4038950,"Ryan Bay",3,1,11,3,2.684930397928,0.894976799309333,2.684930397928,20,6.66666666666667,20,0.666666666666667,2,3,0.666666666666667,0,0,NA,NA,NA,NA,NA,NA,NA,NA,"P5"
"2483","Oregon","fbs","Pac-12",2017,4038961,"Cam McCormick",8,6,11,1.33333333333333,8.73525916813167,1.09190739601646,1.45587652802194,89,11.125,14.8333333333333,0.625,6,8,0.75,1,0,NA,NA,NA,NA,NA,NA,NA,NA,"P5"
"2483","Oregon","fbs","Pac-12",2017,4047941,"Brenden Schooler",20,8,11,2.5,9.61500253901975,0.480750126950988,1.20187531737747,233,11.65,29.125,0.6,16,20,0.8,2,0,NA,NA,NA,NA,NA,NA,NA,NA,"P5"
"2483","Oregon","fbs","Pac-12",2017,4242491,"Darrian Felix",1,1,11,1,-4.97331492246426,-4.97331492246426,-4.97331492246426,7,7,7,0,1,1,1,0,0,NA,NA,NA,NA,NA,NA,NA,NA,"P5"
"2483","Oregon","fbs","Pac-12",2017,4242504,"Johnny Johnson III",22,7,11,3.14285714285714,17.9583171785679,0.816287144480361,2.56547388265256,245,11.1363636363636,35,0.590909090909091,17,22,0.772727272727273,1,0,262,186,53,119,105,452.5,73,347.5,"P5"
"2483","Oregon","fbs","Pac-12",2017,4242506,"Jaylon Redd",7,4,11,1.75,-4.05277022679363,-0.578967175256233,-1.01319255669841,50,7.14285714285714,12.5,0.142857142857143,3,7,0.428571428571429,0,0,NA,NA,NA,NA,NA,NA,NA,NA,"P5"
"2483","Oregon","fbs","Pac-12",2017,4242507,"Darrian McNeal",1,1,11,1,0.071799602531089,0.071799602531089,0.071799602531089,5,5,5,1,1,1,1,0,0,NA,NA,NA,NA,NA,NA,NA,NA,"P5"
"249","North Texas","fbs","Conference USA",2017,545727,"Andrew Tucker",2,2,12,1,1.14603158001719,0.573015790008597,0.573015790008597,22,11,11,1,2,2,1,0,0,NA,NA,NA,NA,NA,NA,NA,NA,"G5"
"249","North Texas","fbs","Conference USA",2017,547164,"Quinn Shanbour",1,1,12,1,4.27525704603273,4.27525704603273,4.27525704603273,13,13,13,1,1,1,1,1,0,NA,NA,NA,NA,NA,NA,NA,NA,"G5"
"249","North Texas","fbs","Conference USA",2017,549915,"Turner Smiley",39,10,12,3.9,38.97113337657,0.999259830168461,3.897113337657,567,14.5384615384615,56.7,0.641025641025641,30,39,0.769230769230769,4,0,75,77,17,53.5,110.5,121,8,121,"G5"
"249","North Texas","fbs","Conference USA",2017,3122976,"Jeffery Wilson",26,8,12,3.25,10.8796942952632,0.418449780587046,1.3599617869079,161,6.19230769230769,20.125,0.615384615384615,23,26,0.884615384615385,0,1,402,370,270,83.5,9.5,563.5,512,548,"G5"
"249","North Texas","fbs","Conference USA",2017,3122996,"O'Keeron Rutherford",6,2,12,3,1.62305927652775,0.270509879421292,0.811529638263877,30,5,15,0.666666666666667,4,6,0.666666666666667,1,0,NA,NA,NA,NA,NA,NA,NA,NA,"G5"
"249","North Texas","fbs","Conference USA",2017,3914477,"Nate Brooks",1,1,12,1,-1.6664851233381,-1.6664851233381,-1.6664851233381,0,0,0,0,0,1,0,0,0,NA,NA,NA,NA,NA,NA,NA,NA,"G5"
"249","North Texas","fbs","Conference USA",2017,3914478,"Caleb Chumley",7,6,12,1.16666666666667,3.50491042081754,0.50070148868822,0.584151736802923,81,11.5714285714286,13.5,0.714285714285714,6,7,0.857142857142857,0,0,NA,NA,NA,NA,NA,NA,NA,NA,"G5"
"249","North Texas","fbs","Conference USA",2017,3914501,"Kelvin Smith",29,11,12,2.63636363636364,16.6419185861137,0.573859261590126,1.5129016896467,221,7.62068965517241,20.0909090909091,0.586206896551724,22,29,0.758620689655172,0,0,291,344,161,128.5,128,491.5,392,549.5,"G5"
"249","North Texas","fbs","Conference USA",2017,3932430,"Jalen Guyton",65,10,12,6.5,30.4246991374325,0.468072294422039,3.04246991374325,579,8.90769230769231,57.9,0.584615384615385,41,65,0.630769230769231,6,0,130,144,235,130,402,117,234,113,"G5"
"249","North Texas","fbs","Conference USA",2017,4039072,"Rico Bussey Jr.",63,10,12,6.3,25.3575228970011,0.402500363444461,2.53575228970011,581,9.22222222222222,58.1,0.492063492063492,39,63,0.619047619047619,6,1,177,192,282,353.5,426.5,115,207.5,109,"G5"
"249","North Texas","fbs","Conference USA",2017,4039073,"Mason Fine",3,2,12,1.5,10.941485403423,3.64716180114101,5.47074270171151,110,36.6666666666667,55,1,3,3,1,3,0,NA,NA,NA,NA,NA,NA,NA,NA,"G5"
"249","North Texas","fbs","Conference USA",2017,4039077,"Michael Lawrence",68,12,12,5.66666666666667,55.5544612356819,0.816977371112969,4.62953843630682,666,9.79411764705882,55.5,0.632352941176471,52,68,0.764705882352941,2,0,22,51,52,62,119,80,150,131,"G5"
"249","North Texas","fbs","Conference USA",2017,4039082,"Jason Pirtle",2,2,12,1,2.12303883827452,1.06151941913726,1.06151941913726,27,13.5,13.5,1,2,2,1,0,0,NA,NA,NA,NA,NA,NA,NA,NA,"G5"
"249","North Texas","fbs","Conference USA",2017,4039083,"Nic Smith",19,10,12,1.9,-3.35971402274721,-0.176827053828801,-0.335971402274721,99,5.21052631578947,9.9,0.421052631578947,12,19,0.631578947368421,0,0,NA,NA,NA,NA,NA,NA,NA,NA,"G5"
"249","North Texas","fbs","Conference USA",2017,4049758,"Quinetin Jackson",5,4,12,1.25,2.64307061231277,0.528614122462553,0.660767653078192,42,8.4,10.5,0.8,4,5,0.8,0,0,NA,NA,NA,NA,NA,NA,NA,NA,"G5"
"249","North Texas","fbs","Conference USA",2017,4243830,"Jaelon Darden",49,10,12,4.9,3.26654160123438,0.0666641143109058,0.326654160123438,281,5.73469387755102,28.1,0.428571428571429,32,49,0.653061224489796,3,1,516,518,526,498.5,342.5,390,550,443,"G5"
"249","North Texas","fbs","Conference USA",2017,4243836,"Evan Johnson",3,2,12,1.5,3.12681097604803,1.04227032534934,1.56340548802401,15,5,7.5,0.333333333333333,2,3,0.666666666666667,0,0,NA,NA,NA,NA,NA,NA,NA,NA,"G5"
"25","California","fbs","Pac-12",2017,559719,"Vic Wharton III",100,11,11,9.09090909090909,35.1181187541334,0.351181187541334,3.19255625037577,791,7.91,71.9090909090909,0.47,60,100,0.6,3,0,104,125,328,409,477,44.5,353,54,"P5"
"25","California","fbs","Pac-12",2017,3127200,"Tre Watson",5,1,11,5,0.351346612745535,0.0702693225491071,0.351346612745535,32,6.4,32,0.4,4,5,0.8,0,0,NA,NA,NA,NA,NA,NA,NA,NA,"P5"
"25","California","fbs","Pac-12",2017,3127207,"Vic Enwere",5,3,11,1.66666666666667,-3.77695894241832,-0.755391788483663,-1.25898631413944,36,7.2,12,0.4,4,5,0.8,0,0,NA,NA,NA,NA,NA,NA,NA,NA,"P5"
"25","California","fbs","Pac-12",2017,3127211,"Patrick Laird",56,10,11,5.6,1.00748567599817,0.0179908156428244,0.100748567599817,315,5.625,31.5,0.339285714285714,44,56,0.785714285714286,1,1,540,540,544,588,81.5,350,555,394,"P5"
"25","California","fbs","Pac-12",2017,3858269,"Ross Bowers",3,3,11,1,14.5610823088672,4.85369410295575,4.85369410295575,35,11.6666666666667,11.6666666666667,1,3,3,1,3,0,NA,NA,NA,NA,NA,NA,NA,NA,"P5"
"25","California","fbs","Pac-12",2017,3863893,"Kanawai Noa",83,10,11,8.3,47.8542174441849,0.576556836676926,4.78542174441849,784,9.44578313253012,78.4,0.566265060240964,54,83,0.650602409638554,3,0,44,43,156,183,351,47.5,184,42,"P5"
"25","California","fbs","Pac-12",2017,3864113,"Brandon Singleton",19,6,11,3.16666666666667,3.76162273744687,0.197980144076151,0.626937122907812,129,6.78947368421053,21.5,0.578947368421053,13,19,0.684210526315789,0,0,NA,NA,NA,NA,NA,NA,NA,NA,"P5"
"25","California","fbs","Pac-12",2017,3921725,"Malik McMorris",6,4,11,1.5,2.59069106858119,0.431781844763532,0.647672767145299,25,4.16666666666667,6.25,0.333333333333333,3,6,0.5,1,0,NA,NA,NA,NA,NA,NA,NA,NA,"P5"
"25","California","fbs","Pac-12",2017,4035848,"Jordan Duncan",14,7,11,2,9.39463315684134,0.671045225488667,1.34209045097733,131,9.35714285714286,18.7142857142857,0.714285714285714,11,14,0.785714285714286,1,0,NA,NA,NA,NA,NA,NA,NA,NA,"P5"
"25","California","fbs","Pac-12",2017,4035849,"Zion Echols",6,4,11,1.5,-3.81676189792118,-0.636126982986863,-0.954190474480294,17,2.83333333333333,4.25,0.166666666666667,5,6,0.833333333333333,0,0,NA,NA,NA,NA,NA,NA,NA,NA,"P5"
"25","California","fbs","Pac-12",2017,4035851,"Demetris Robertson",8,1,11,8,-4.722673725421,-0.590334215677625,-4.722673725421,12,1.5,12,0.125,3,8,0.375,0,0,NA,NA,NA,NA,NA,NA,NA,NA,"P5"
"25","California","fbs","Pac-12",2017,4035853,"Jordan Veasy",60,11,11,5.45454545454545,31.482237645189,0.524703960753151,2.8620216041081,461,7.68333333333333,41.9090909090909,0.566666666666667,36,60,0.6,6,0,122,162,192,180,477,195,387,257,"P5"
"25","California","fbs","Pac-12",2017,4035857,"Cameron Goode",1,1,11,1,0.350665758818537,0.350665758818537,0.350665758818537,12,12,12,1,1,1,1,0,0,NA,NA,NA,NA,NA,NA,NA,NA,"P5"
"25","California","fbs","Pac-12",2017,4035860,"Derrick Clark",1,1,11,1,-0.446187761308319,-0.446187761308319,-0.446187761308319,4,4,4,0,1,1,1,0,0,NA,NA,NA,NA,NA,NA,NA,NA,"P5"
"25","California","fbs","Pac-12",2017,4242410,"Jeremiah Hawkins",11,6,11,1.83333333333333,0.939722026387279,0.0854292751261163,0.156620337731213,70,6.36363636363636,11.6666666666667,0.363636363636364,8,11,0.727272727272727,0,1,NA,NA,NA,NA,NA,NA,NA,NA,"P5"
"25","California","fbs","Pac-12",2017,4242413,"Gavin Reinwald",13,3,11,4.33333333333333,-1.66139292680758,-0.127799455908275,-0.553797642269194,78,6,26,0.461538461538462,9,13,0.692307692307692,0,0,NA,NA,NA,NA,NA,NA,NA,NA,"P5"
"2509","Purdue","fbs","Big Ten",2017,3116188,"David Blough",1,1,11,1,2.03048874731326,2.03048874731326,2.03048874731326,24,24,24,1,1,1,1,0,0,NA,NA,NA,NA,NA,NA,NA,NA,"P5"
"2509","Purdue","fbs","Big Ten",2017,3116195,"Cole Herdman",29,9,11,3.22222222222222,2.08465043036116,0.0718844975986606,0.231627825595684,226,7.79310344827586,25.1111111111111,0.517241379310345,16,29,0.551724137931034,1,0,527,529,524,294.5,545.5,481.5,377,487,"P5"
"2509","Purdue","fbs","Big Ten",2017,3116199,"D.J. Knox",19,10,11,1.9,2.41159360762414,0.126925979348639,0.241159360762414,112,5.89473684210526,11.2,0.421052631578947,13,19,0.684210526315789,2,0,NA,NA,NA,NA,NA,NA,NA,NA,"P5"
"2509","Purdue","fbs","Big Ten",2017,3116204,"Gregory Phillips",39,9,11,4.33333333333333,1.13174545446916,0.0290191142171579,0.125749494941017,224,5.74358974358974,24.8888888888889,0.538461538461538,26,39,0.666666666666667,0,0,538,537,540,242.5,310.5,484.5,549,493,"P5"
"2509","Purdue","fbs","Big Ten",2017,3129300,"Corey Holmes",1,1,11,1,0.162765237703723,0.162765237703723,0.162765237703723,7,7,7,1,1,1,1,0,0,NA,NA,NA,NA,NA,NA,NA,NA,"P5"
"2509","Purdue","fbs","Big Ten",2017,3791143,"Markell Jones",14,6,11,2.33333333333333,-2.96450095842877,-0.211750068459198,-0.494083493071462,51,3.64285714285714,8.5,0.285714285714286,10,14,0.714285714285714,0,0,NA,NA,NA,NA,NA,NA,NA,NA,"P5"
"2509","Purdue","fbs","Big Ten",2017,3791144,"Ben Makowski",1,1,11,1,4.22660878255118,4.22660878255118,4.22660878255118,22,22,22,1,1,1,1,0,0,NA,NA,NA,NA,NA,NA,NA,NA,"P5"
"2509","Purdue","fbs","Big Ten",2017,3791146,"Elijah Sindelar",2,2,11,1,4.49744655903347,2.24872327951674,2.24872327951674,13,6.5,6.5,1,2,2,1,2,0,NA,NA,NA,NA,NA,NA,NA,NA,"P5"
"2509","Purdue","fbs","Big Ten",2017,3892746,"Anthony Mahoungou",36,9,11,4,36.9556212881108,1.02654503578086,4.10618014312342,475,13.1944444444444,52.7777777777778,0.666666666666667,27,36,0.75,5,0,91,69,14,34,143.5,184,25,153,"P5"
"2509","Purdue","fbs","Big Ten",2017,3918001,"Tario Fuller",10,2,11,5,-4.56249905782677,-0.456249905782677,-2.28124952891339,37,3.7,18.5,0.3,5,10,0.5,0,0,NA,NA,NA,NA,NA,NA,NA,NA,"P5"
"2509","Purdue","fbs","Big Ten",2017,3918003,"Brycen Hopkins",27,9,11,3,14.5264167413305,0.538015434864094,1.61404630459228,229,8.48148148148148,25.4444444444444,0.555555555555556,18,27,0.666666666666667,1,0,334,330,185,201.5,310.5,473,273,477.5,"P5"
"2509","Purdue","fbs","Big Ten",2017,3918004,"Mike Little",1,1,11,1,3.50898970504696,3.50898970504696,3.50898970504696,22,22,22,1,1,1,1,0,0,NA,NA,NA,NA,NA,NA,NA,NA,"P5"
"2509","Purdue","fbs","Big Ten",2017,3918013,"Richie Worship",13,7,11,1.85714285714286,6.00624738314808,0.462019029472929,0.858035340449726,73,5.61538461538461,10.4285714285714,0.615384615384615,10,13,0.769230769230769,2,0,NA,NA,NA,NA,NA,NA,NA,NA,"P5"
"2509","Purdue","fbs","Big Ten",2017,3929902,"Jarrett Burgess",20,3,11,6.66666666666667,1.219093188704,0.0609546594351998,0.406364396234665,130,6.5,43.3333333333333,0.45,11,20,0.55,1,1,NA,NA,NA,NA,NA,NA,NA,NA,"P5"
"2509","Purdue","fbs","Big Ten",2017,4035711,"Jared Sparks",23,7,11,3.28571428571429,12.543667346769,0.545376841163869,1.79195247810986,212,9.21739130434783,30.2857142857143,0.695652173913043,18,23,0.782608695652174,0,0,369,303,179,17,88,508,209,416,"P5"
"2509","Purdue","fbs","Big Ten",2017,4035718,"Navon Mosley",1,1,11,1,-0.14838793919891,-0.14838793919891,-0.14838793919891,4,4,4,0,1,1,1,0,0,NA,NA,NA,NA,NA,NA,NA,NA,"P5"
"2509","Purdue","fbs","Big Ten",2017,4035721,"Jackson Anthrop",57,11,11,5.18181818181818,11.8380858212714,0.207685716162657,1.07618962011558,352,6.17543859649123,32,0.43859649122807,40,57,0.701754385964912,4,0,388,417,448,481,236,305.5,515,387.5,"P5"
"2509","Purdue","fbs","Big Ten",2017,4035724,"Brian Lankford-Johnson",2,2,11,1,-1.48386210266333,-0.741931051331667,-0.741931051331667,7,3.5,3.5,0,2,2,1,0,0,NA,NA,NA,NA,NA,NA,NA,NA,"P5"
"2509","Purdue","fbs","Big Ten",2017,4260392,"Isaac Zico",8,4,11,2,0.772451130261513,0.0965563912826891,0.193112782565378,34,4.25,8.5,0.375,6,8,0.75,1,0,NA,NA,NA,NA,NA,NA,NA,NA,"P5"
"2509","Purdue","fbs","Big Ten",2017,4260393,"Terry Wright",41,9,11,4.55555555555556,-2.26567976074929,-0.0552604819694948,-0.25174219563881,263,6.41463414634146,29.2222222222222,0.414634146341463,27,41,0.658536585365854,0,1,575,574,572,516,330.5,411,495,428,"P5"
"251","Texas","fbs","Big 12",2017,545278,"Kendall Moore",3,2,12,1.5,2.92171395691206,0.973904652304021,1.46085697845603,20,6.66666666666667,10,0.666666666666667,2,3,0.666666666666667,1,0,NA,NA,NA,NA,NA,NA,NA,NA,"P5"
"251","Texas","fbs","Big 12",2017,3125115,"Armanti Foreman",30,8,12,3.75,19.9290015536724,0.664300051789079,2.49112519420905,244,8.13333333333333,30.5,0.533333333333333,26,30,0.866666666666667,3,0,233,197,106,256.5,20,455,317.5,410.5,"P5"
"251","Texas","fbs","Big 12",2017,3125118,"Garrett Gray",6,1,12,6,-3.88022705468015,-0.646704509113358,-3.88022705468015,18,3,18,0.5,4,6,0.666666666666667,0,0,NA,NA,NA,NA,NA,NA,NA,NA,"P5"
"251","Texas","fbs","Big 12",2017,3125121,"Jerrod Heard",26,7,12,3.71428571428571,-5.47514619071967,-0.21058254579691,-0.782163741531381,124,4.76923076923077,17.7142857142857,0.384615384615385,16,26,0.615384615384615,0,0,594,601,598,547,433.5,598,598,575,"P5"
"251","Texas","fbs","Big 12",2017,3125122,"Lorenzo Joe",21,9,12,2.33333333333333,8.66899769824032,0.41280941420192,0.963221966471147,221,10.5238095238095,24.5555555555556,0.523809523809524,17,21,0.80952380952381,1,0,NA,NA,NA,NA,NA,NA,NA,NA,"P5"
"251","Texas","fbs","Big 12",2017,3125123,"Dorian Leonard",23,9,12,2.55555555555556,2.85516099622419,0.124137434618443,0.317240110691576,147,6.39130434782609,16.3333333333333,0.521739130434783,18,23,0.782608695652174,0,0,518,520,500,283,88,575.5,497,584,"P5"
"251","Texas","fbs","Big 12",2017,3929844,"John Burt",13,6,12,2.16666666666667,9.22368064785631,0.709513895988947,1.53728010797605,170,13.0769230769231,28.3333333333333,0.461538461538462,10,13,0.769230769230769,0,0,NA,NA,NA,NA,NA,NA,NA,NA,"P5"
"251","Texas","fbs","Big 12",2017,3929855,"Chris Warren III",20,10,12,2,19.4313587826096,0.97156793913048,1.94313587826096,218,10.9,21.8,0.6,17,20,0.85,2,0,NA,NA,NA,NA,NA,NA,NA,NA,"P5"
"251","Texas","fbs","Big 12",2017,4039034,"Shane Buechele",1,1,12,1,3.22791801553725,3.22791801553725,3.22791801553725,15,15,15,1,1,1,1,1,0,NA,NA,NA,NA,NA,NA,NA,NA,"P5"
"251","Texas","fbs","Big 12",2017,4039043,"Collin Johnson",80,12,12,6.66666666666667,28.2196751973324,0.352745939966655,2.3516395997777,692,8.65,57.6666666666667,0.5125,49,80,0.6125,2,0,148,217,327,305,443,68,259,115,"P5"
"251","Texas","fbs","Big 12",2017,4039050,"Devin Duvernay",15,8,12,1.875,5.04641371074393,0.336427580716262,0.630801713842991,124,8.26666666666667,15.5,0.6,9,15,0.6,0,0,NA,NA,NA,NA,NA,NA,NA,NA,"P5"
"251","Texas","fbs","Big 12",2017,4039055,"Reggie Hemphill-Mapps",47,10,12,4.7,16.8839888985003,0.35923380635107,1.68839888985003,389,8.27659574468085,38.9,0.659574468085106,35,47,0.74468085106383,0,0,282,324,321,38.5,154,268,298,294,"P5"
"251","Texas","fbs","Big 12",2017,4039057,"Lil'Jordan Humphrey",54,11,12,4.90909090909091,2.46801102371001,0.0457039078464817,0.224364638519092,424,7.85185185185185,38.5454545454545,0.425925925925926,37,54,0.685185185185185,0,1,525,530,533,502,274,226.5,367,304,"P5"
"251","Texas","fbs","Big 12",2017,4039062,"Kyle Porter",5,3,12,1.66666666666667,3.42618834418138,0.685237668836276,1.14206278139379,33,6.6,11,0.4,5,5,1,1,0,NA,NA,NA,NA,NA,NA,NA,NA,"P5"
"251","Texas","fbs","Big 12",2017,4039064,"Malcolm Roach",2,1,12,2,-2.67177767722962,-1.33588883861481,-2.67177767722962,0,0,0,0,0,2,0,0,0,NA,NA,NA,NA,NA,NA,NA,NA,"P5"
"251","Texas","fbs","Big 12",2017,4241820,"Sam Ehlinger",4,3,12,1.33333333333333,7.22432654676605,1.80608163669151,2.40810884892202,67,16.75,22.3333333333333,0.75,3,4,0.75,1,0,NA,NA,NA,NA,NA,NA,NA,NA,"P5"
"251","Texas","fbs","Big 12",2017,4241821,"Toneil Carter",8,5,12,1.6,-1.11177301934135,-0.138971627417669,-0.22235460386827,31,3.875,6.2,0.375,6,8,0.75,1,1,NA,NA,NA,NA,NA,NA,NA,NA,"P5"
"251","Texas","fbs","Big 12",2017,4259348,"Daniel Young",11,6,12,1.83333333333333,0.844848347465572,0.0768043952241429,0.140808057910929,89,8.09090909090909,14.8333333333333,0.363636363636364,10,11,0.909090909090909,0,0,NA,NA,NA,NA,NA,NA,NA,NA,"P5"
"251","Texas","fbs","Big 12",2017,4262205,"Cade Brewer",10,6,12,1.66666666666667,1.95374766525091,0.195374766525091,0.325624610875152,77,7.7,12.8333333333333,0.5,8,10,0.8,1,0,NA,NA,NA,NA,NA,NA,NA,NA,"P5"
"252","BYU","fbs","FBS Independents",2017,536119,"Brayden El-Bakri",5,4,12,1.25,-1.21674788898581,-0.243349577797162,-0.304186972246452,22,4.4,5.5,0.2,5,5,1,0,0,NA,NA,NA,NA,NA,NA,NA,NA,"G5"
"252","BYU","fbs","FBS Independents",2017,536124,"Micah Hannemann",1,1,12,1,-0.763206996076766,-0.763206996076766,-0.763206996076766,0,0,0,0,0,1,0,0,0,NA,NA,NA,NA,NA,NA,NA,NA,"G5"
"252","BYU","fbs","FBS Independents",2017,545796,"Tanner Mangum",1,1,12,1,2.25396393428966,2.25396393428966,2.25396393428966,7,7,7,1,1,1,1,1,0,NA,NA,NA,NA,NA,NA,NA,NA,"G5"
"252","BYU","fbs","FBS Independents",2017,3125090,"Tanner Balderree",1,1,12,1,1.46867960752409,1.46867960752409,1.46867960752409,14,14,14,1,1,1,1,0,0,NA,NA,NA,NA,NA,NA,NA,NA,"G5"
"252","BYU","fbs","FBS Independents",2017,3127262,"Squally Canada",4,3,12,1.33333333333333,-1.60631684145412,-0.401579210363531,-0.535438947151375,5,1.25,1.66666666666667,0.25,2,4,0.5,0,0,NA,NA,NA,NA,NA,NA,NA,NA,"G5"
"252","BYU","fbs","FBS Independents",2017,3138827,"Kavika Fonua",2,1,12,2,-0.141004406635567,-0.0705022033177833,-0.141004406635567,14,7,14,0.5,2,2,1,0,0,NA,NA,NA,NA,NA,NA,NA,NA,"G5"
"252","BYU","fbs","FBS Independents",2017,3138838,"Trey Dye",10,5,12,2,-0.92416530089258,-0.092416530089258,-0.184833060178516,64,6.4,12.8,0.5,7,10,0.7,0,0,NA,NA,NA,NA,NA,NA,NA,NA,"G5"
"252","BYU","fbs","FBS Independents",2017,3138841,"Bracken El-Bakri",4,3,12,1.33333333333333,5.78888918716084,1.44722229679021,1.92962972905361,58,14.5,19.3333333333333,1,4,4,1,1,0,NA,NA,NA,NA,NA,NA,NA,NA,"G5"
"252","BYU","fbs","FBS Independents",2017,3886612,"Austin Kafentzis",3,2,12,1.5,1.4289764638328,0.476325487944267,0.714488231916401,8,2.66666666666667,4,0.666666666666667,1,3,0.333333333333333,0,0,NA,NA,NA,NA,NA,NA,NA,NA,"G5"
"252","BYU","fbs","FBS Independents",2017,3932338,"Riley Burt",3,3,12,1,-1.72538983875958,-0.575129946253195,-0.575129946253195,3,1,1,0,1,3,0.333333333333333,0,0,NA,NA,NA,NA,NA,NA,NA,NA,"G5"
"252","BYU","fbs","FBS Independents",2017,3932344,"KJ Hall",9,3,12,3,5.64236443441398,0.626929381601554,1.88078814480466,102,11.3333333333333,34,0.666666666666667,9,9,1,0,0,NA,NA,NA,NA,NA,NA,NA,NA,"G5"
"252","BYU","fbs","FBS Independents",2017,3932352,"JJ Nwigwe",1,1,12,1,0.233869900360425,0.233869900360425,0.233869900360425,12,12,12,1,1,1,1,0,0,NA,NA,NA,NA,NA,NA,NA,NA,"G5"
"252","BYU","fbs","FBS Independents",2017,3932354,"Talon Shumway",32,10,12,3.2,4.04710319342846,0.126471974794639,0.404710319342846,209,6.53125,20.9,0.59375,23,32,0.71875,0,0,508,510,499,112,197.5,513.5,486,538,"G5"
"252","BYU","fbs","FBS Independents",2017,3932355,"Micah Simon",41,11,12,3.72727272727273,17.4100120068668,0.424634439191874,1.58272836426062,382,9.31707317073171,34.7272727272727,0.48780487804878,26,41,0.634146341463415,3,0,273,334,264,362.5,393.5,277.5,195,351,"G5"
"252","BYU","fbs","FBS Independents",2017,4046665,"Beau Tanner",25,9,12,2.77777777777778,-1.82165355071641,-0.0728661420286564,-0.202405950079601,135,5.4,15,0.36,12,25,0.48,1,0,569,569,575,569,605,587.5,573,596.5,"G5"
"252","BYU","fbs","FBS Independents",2017,4046666,"Jonah Trinnaman",37,10,12,3.7,6.51949663634594,0.176202611793134,0.651949663634594,293,7.91891891891892,29.3,0.432432432432432,23,37,0.621621621621622,0,0,471,480,474,492.5,422.5,374.5,350,426,"G5"
"252","BYU","fbs","FBS Independents",2017,4046668,"Aleva Hifo",52,9,12,5.77777777777778,16.148324853755,0.310544708726058,1.79425831708389,421,8.09615384615385,46.7777777777778,0.442307692307692,33,52,0.634615384615385,2,0,306,302,365,472.5,392,229,323,202,"G5"
"252","BYU","fbs","FBS Independents",2017,4242369,"Matt Bushman",70,12,12,5.83333333333333,20.257002494816,0.289385749925943,1.68808354123467,464,6.62857142857143,38.6666666666667,0.528571428571429,46,70,0.657142857142857,3,1,230,325,382,268,332.5,193.5,475,301.5,"G5"
"252","BYU","fbs","FBS Independents",2017,4242377,"Neil Pau'u",17,6,12,2.83333333333333,-2.59605340316491,-0.152709023715583,-0.432675567194151,96,5.64705882352941,16,0.411764705882353,13,17,0.764705882352941,1,1,NA,NA,NA,NA,NA,NA,NA,NA,"G5"
"252","BYU","fbs","FBS Independents",2017,4242380,"Ula Tolutau",3,2,12,1.5,0.260192371652054,0.0867307905506847,0.130096185826027,11,3.66666666666667,5.5,0.333333333333333,2,3,0.666666666666667,0,0,NA,NA,NA,NA,NA,NA,NA,NA,"G5"
"254","Utah","fbs","Pac-12",2017,535584,"Cody Ippolito",2,2,11,1,-1.37119075539374,-0.685595377696869,-0.685595377696869,9,4.5,4.5,0.5,2,2,1,1,0,NA,NA,NA,NA,NA,NA,NA,NA,"P5"
"254","Utah","fbs","Pac-12",2017,546876,"Troy Williams",1,1,11,1,1.80547568587128,1.80547568587128,1.80547568587128,5,5,5,1,1,1,1,1,0,NA,NA,NA,NA,NA,NA,NA,NA,"P5"
"254","Utah","fbs","Pac-12",2017,550220,"Siale Fakailoatonga",3,2,11,1.5,6.11809895645435,2.03936631881812,3.05904947822717,67,22.3333333333333,33.5,1,3,3,1,0,0,NA,NA,NA,NA,NA,NA,NA,NA,"P5"
"254","Utah","fbs","Pac-12",2017,550221,"Harrison Handley",2,2,11,1,0.0984170882107049,0.0492085441053525,0.0492085441053525,11,5.5,5.5,0.5,2,2,1,0,0,NA,NA,NA,NA,NA,NA,NA,NA,"P5"
"254","Utah","fbs","Pac-12",2017,550228,"Troy McCormick Jr.",27,9,11,3,2.48815693803695,0.0921539606680351,0.276461882004105,171,6.33333333333333,19,0.333333333333333,22,27,0.814814814814815,2,0,524,525,515,591,52.5,553,501.5,564.5,"P5"
"254","Utah","fbs","Pac-12",2017,550666,"Darren Carrington II",77,10,11,7.7,52.9270924403844,0.687364836888109,5.29270924403844,798,10.3636363636364,79.8,0.636363636363636,55,77,0.714285714285714,5,1,28,28,101,57.5,208.5,40.5,114,38,"P5"
"254","Utah","fbs","Pac-12",2017,3122877,"Raelon Singleton",43,10,11,4.3,30.3786029006368,0.706479137224112,3.03786029006368,474,11.0232558139535,47.4,0.674418604651163,33,43,0.767441860465116,4,1,132,146,92,29,114,185,76,196,"P5"
"254","Utah","fbs","Pac-12",2017,3134341,"Jameson Field",2,1,11,2,0.845391190204823,0.422695595102412,0.845391190204823,12,6,12,0.5,2,2,1,0,0,NA,NA,NA,NA,NA,NA,NA,NA,"P5"
"254","Utah","fbs","Pac-12",2017,3894886,"Jake Jackson",1,1,11,1,2.97120855646629,2.97120855646629,2.97120855646629,39,39,39,1,1,1,1,0,0,NA,NA,NA,NA,NA,NA,NA,NA,"P5"
"254","Utah","fbs","Pac-12",2017,3912571,"Kyle Fulks",3,3,11,1,2.24622800127829,0.748742667092763,0.748742667092763,31,10.3333333333333,10.3333333333333,1,3,3,1,0,0,NA,NA,NA,NA,NA,NA,NA,NA,"P5"
"254","Utah","fbs","Pac-12",2017,3912573,"Darrin Paulo",1,1,11,1,3.08770698261403,3.08770698261403,3.08770698261403,1,1,1,1,1,1,1,1,0,NA,NA,NA,NA,NA,NA,NA,NA,"P5"
"254","Utah","fbs","Pac-12",2017,3926244,"Siaosi Wilson",30,9,11,3.33333333333333,20.9413555105176,0.69804518368392,2.3268172789464,363,12.1,40.3333333333333,0.533333333333333,18,30,0.6,1,0,221,221,95,256.5,477,290.5,42,273.5,"P5"
"254","Utah","fbs","Pac-12",2017,4035670,"Devonta'e Henry-Cole",2,2,11,1,-1.2035671936433,-0.60178359682165,-0.60178359682165,0,0,0,0,0,2,0,0,0,NA,NA,NA,NA,NA,NA,NA,NA,"P5"
"254","Utah","fbs","Pac-12",2017,4035676,"Zack Moss",32,11,11,2.90909090909091,5.38809217677994,0.168377880524373,0.489826561525449,219,6.84375,19.9090909090909,0.5,26,32,0.8125,0,0,489,498,479,335,55.5,499,459,553,"P5"
"254","Utah","fbs","Pac-12",2017,4035680,"Demari Simpkins",32,11,11,2.90909090909091,13.6631969326985,0.426974904146829,1.2421088120635,326,10.1875,29.6363636363636,0.53125,25,32,0.78125,1,1,354,390,262,262.5,93.5,337,128,422,"P5"
"254","Utah","fbs","Pac-12",2017,4048099,"Samson Nacua",35,8,11,4.375,7.36936021407503,0.210553148973572,0.921170026759379,248,7.08571428571429,31,0.628571428571429,26,35,0.742857142857143,1,1,462,453,447,64.5,157,442.5,437,401,"P5"
"254","Utah","fbs","Pac-12",2017,4243261,"Bryan Thompson",9,4,11,2.25,4.18937066343224,0.465485629270249,1.04734266585806,77,8.55555555555556,19.25,0.555555555555556,5,9,0.555555555555556,0,0,NA,NA,NA,NA,NA,NA,NA,NA,"P5"
"2567","SMU","fbs","American Athletic",2017,559753,"Trey Quinn",134,11,11,12.1818181818182,80.3198734222209,0.599402040464335,7.30180667474735,1045,7.79850746268657,95,0.582089552238806,99,134,0.738805970149254,9,0,1,3,135,137,167,11,375,17,"G5"
"2567","SMU","fbs","American Athletic",2017,3128421,"Kyran Mitchell",1,1,11,1,-0.976975874153761,-0.976975874153761,-0.976975874153761,0,0,0,0,0,1,0,0,0,NA,NA,NA,NA,NA,NA,NA,NA,"G5"
"2567","SMU","fbs","American Athletic",2017,3128429,"Courtland Sutton",111,11,11,10.0909090909091,51.8672158764396,0.46727221510306,4.71520144331269,995,8.96396396396396,90.4545454545455,0.459459459459459,60,111,0.540540540540541,11,0,32,48,236,433.5,563.5,17,229,25,"G5"
"2567","SMU","fbs","American Athletic",2017,3128430,"Shelby Walker",7,5,11,1.4,-3.44490765869482,-0.492129665527832,-0.688981531738964,15,2.14285714285714,3,0.285714285714286,2,7,0.285714285714286,0,0,NA,NA,NA,NA,NA,NA,NA,NA,"G5"
"2567","SMU","fbs","American Athletic",2017,3893618,"Raymond Epps",1,1,11,1,2.64207132763005,2.64207132763005,2.64207132763005,17,17,17,1,1,1,1,1,0,NA,NA,NA,NA,NA,NA,NA,NA,"G5"
"2567","SMU","fbs","American Athletic",2017,3916203,"Kevin Thomas",1,1,11,1,0.286555322265644,0.286555322265644,0.286555322265644,6,6,6,1,1,1,1,0,0,NA,NA,NA,NA,NA,NA,NA,NA,"G5"
"2567","SMU","fbs","American Athletic",2017,3916204,"James Proche",54,11,11,4.90909090909091,38.6863457449904,0.716413810092415,3.51694052227186,629,11.6481481481481,57.1818181818182,0.555555555555556,36,54,0.666666666666667,4,0,81,100,89,201.5,310.5,94,57,117,"G5"
"2567","SMU","fbs","American Athletic",2017,3916205,"Alex Honey",2,1,11,2,0.606492603441311,0.303246301720656,0.606492603441311,14,7,14,0.5,1,2,0.5,0,0,NA,NA,NA,NA,NA,NA,NA,NA,"G5"
"2567","SMU","fbs","American Athletic",2017,3916206,"Braeden West",22,9,11,2.44444444444444,5.13313528751805,0.23332433125082,0.570348365279783,184,8.36363636363636,20.4444444444444,0.545454545454545,16,22,0.727272727272727,0,0,492,489,428,229.5,182.5,538,284.5,544.5,"G5"
"2567","SMU","fbs","American Athletic",2017,3916208,"Ben Hicks",5,3,11,1.66666666666667,21.1014685299806,4.22029370599612,7.03382284332687,212,42.4,70.6666666666667,0.8,4,5,0.8,4,0,NA,NA,NA,NA,NA,NA,NA,NA,"G5"
"2567","SMU","fbs","American Athletic",2017,3916209,"Xavier Jones",17,8,11,2.125,-2.64530120465419,-0.155605953214953,-0.330662650581774,70,4.11764705882353,8.75,0.411764705882353,12,17,0.705882352941177,0,0,NA,NA,NA,NA,NA,NA,NA,NA,"G5"
"2567","SMU","fbs","American Athletic",2017,3916213,"Myron Gailliard",14,6,11,2.33333333333333,7.29013188958177,0.520723706398698,1.21502198159696,169,12.0714285714286,28.1666666666667,0.5,9,14,0.642857142857143,1,0,NA,NA,NA,NA,NA,NA,NA,NA,"G5"
"2567","SMU","fbs","American Athletic",2017,3916217,"Mitchell Kaufman",3,1,11,3,0.119548280605017,0.039849426868339,0.119548280605017,28,9.33333333333333,28,0.333333333333333,1,3,0.333333333333333,0,0,NA,NA,NA,NA,NA,NA,NA,NA,"G5"
"2567","SMU","fbs","American Athletic",2017,4039547,"Mikial Onu",1,1,11,1,-0.340974796671706,-0.340974796671706,-0.340974796671706,0,0,0,0,0,1,0,0,0,NA,NA,NA,NA,NA,NA,NA,NA,"G5"
"2567","SMU","fbs","American Athletic",2017,4039553,"Ryan Becker",2,2,11,1,3.55236751240235,1.77618375620117,1.77618375620117,30,15,15,1,2,2,1,1,0,NA,NA,NA,NA,NA,NA,NA,NA,"G5"
"2567","SMU","fbs","American Athletic",2017,4046729,"Ke'Mon Freeman",12,9,11,1.33333333333333,-6.9352207622358,-0.57793506351965,-0.770580084692867,28,2.33333333333333,3.11111111111111,0.0833333333333333,6,12,0.5,0,0,NA,NA,NA,NA,NA,NA,NA,NA,"G5"
"2572","Southern Miss","fbs","Conference USA",2017,546800,"Isaiah Jones",40,10,11,4,-5.86786983817279,-0.14669674595432,-0.586786983817279,179,4.475,17.9,0.375,21,40,0.525,0,0,597,591,591,555.5,579,544,606,574,"G5"
"2572","Southern Miss","fbs","Conference USA",2017,3123968,"Korey Robertson",99,11,11,9,72.074412072326,0.728024364366929,6.55221927930236,1018,10.2828282828283,92.5454545454545,0.555555555555556,68,99,0.686868686868687,10,1,3,5,83,201.5,270,12,121,18,"G5"
"2572","Southern Miss","fbs","Conference USA",2017,3123969,"Ito Smith",49,11,11,4.45454545454545,-1.3610853971689,-0.0277772530034469,-0.123735036106264,347,7.08163265306122,31.5454545454545,0.346938775510204,34,49,0.693877551020408,2,1,562,562,563,582,249.5,311,438,393,"G5"
"2572","Southern Miss","fbs","Conference USA",2017,3123976,"Jay'Shawn Washington",4,2,11,2,5.11564373889975,1.27891093472494,2.55782186944988,57,14.25,28.5,0.5,4,4,1,1,0,NA,NA,NA,NA,NA,NA,NA,NA,"G5"
"2572","Southern Miss","fbs","Conference USA",2017,3129224,"Tez Parks",17,6,11,2.83333333333333,-2.10807647065046,-0.124004498273556,-0.351346078441743,84,4.94117647058824,14,0.411764705882353,10,17,0.588235294117647,0,0,NA,NA,NA,NA,NA,NA,NA,NA,"G5"
"2572","Southern Miss","fbs","Conference USA",2017,3916334,"Julian Allen",3,3,11,1,0.711532335205237,0.237177445068412,0.237177445068412,1,0.333333333333333,0.333333333333333,0.333333333333333,2,3,0.666666666666667,0,0,NA,NA,NA,NA,NA,NA,NA,NA,"G5"
"2572","Southern Miss","fbs","Conference USA",2017,4039277,"Allenzae Staggers",65,10,11,6.5,4.68109899646304,0.0720169076378929,0.468109899646304,407,6.26153846153846,40.7,0.353846153846154,38,65,0.584615384615385,4,0,500,502,523,574,506,247,506,268,"G5"
"2572","Southern Miss","fbs","Conference USA",2017,4050370,"Keon Howard",1,1,11,1,3.35256694917773,3.35256694917773,3.35256694917773,52,52,52,1,1,1,1,1,0,NA,NA,NA,NA,NA,NA,NA,NA,"G5"
"2572","Southern Miss","fbs","Conference USA",2017,4050373,"Quez Watkins",39,10,11,3.9,-0.868884804993923,-0.0222790975639467,-0.0868884804993923,303,7.76923076923077,30.3,0.435897435897436,21,39,0.538461538461538,1,0,557,557,557,487,567,362.5,379.5,415,"G5"
"2572","Southern Miss","fbs","Conference USA",2017,4245105,"Jaylond Adams",4,3,11,1.33333333333333,7.97562331106188,1.99390582776547,2.65854110368729,94,23.5,31.3333333333333,0.75,3,4,0.75,0,0,NA,NA,NA,NA,NA,NA,NA,NA,"G5"
"2572","Southern Miss","fbs","Conference USA",2017,4245115,"T'Rod Daniels",4,3,11,1.33333333333333,-0.993642210038461,-0.248410552509615,-0.33121407001282,12,3,4,0.25,2,4,0.5,0,0,NA,NA,NA,NA,NA,NA,NA,NA,"G5"
"2572","Southern Miss","fbs","Conference USA",2017,4245128,"Trevor Terry",1,1,11,1,-0.0348852333277678,-0.0348852333277678,-0.0348852333277678,6,6,6,0,1,1,1,0,0,NA,NA,NA,NA,NA,NA,NA,NA,"G5"
"2572","Southern Miss","fbs","Conference USA",2017,4245131,"Tim Jones",8,3,11,2.66666666666667,5.04883791892061,0.631104739865076,1.68294597297354,121,15.125,40.3333333333333,0.375,5,8,0.625,1,0,NA,NA,NA,NA,NA,NA,NA,NA,"G5"
"2579","South Carolina","fbs","SEC",2017,559580,"Jacob August",5,4,11,1.25,4.24389329470024,0.848778658940048,1.06097332367506,53,10.6,13.25,0.8,5,5,1,0,0,NA,NA,NA,NA,NA,NA,NA,NA,"P5"
"2579","South Carolina","fbs","SEC",2017,3126479,"K.C. Crosby",5,2,11,2.5,2.27010283257322,0.454020566514644,1.13505141628661,11,2.2,5.5,0.4,2,5,0.4,0,0,NA,NA,NA,NA,NA,NA,NA,NA,"P5"
"2579","South Carolina","fbs","SEC",2017,3126486,"Deebo Samuel",20,3,11,6.66666666666667,10.8871098694618,0.54435549347309,3.62903662315393,205,10.25,68.3333333333333,0.6,13,20,0.65,1,0,NA,NA,NA,NA,NA,NA,NA,NA,"P5"
"2579","South Carolina","fbs","SEC",2017,3895827,"Ty'Son Williams",16,8,11,2,-5.36892932081484,-0.335558082550927,-0.671116165101854,36,2.25,4.5,0.3125,11,16,0.6875,1,0,NA,NA,NA,NA,NA,NA,NA,NA,"P5"
"2579","South Carolina","fbs","SEC",2017,3924365,"Hayden Hurst",51,11,11,4.63636363636364,16.509031968691,0.323706509190019,1.50082108806282,469,9.19607843137255,42.6363636363636,0.490196078431373,37,51,0.725490196078431,1,0,297,347,354,357,189.5,190.5,212.5,247,"P5"
"2579","South Carolina","fbs","SEC",2017,3924376,"A.J. Turner",21,8,11,2.625,6.3123468278284,0.300587944182305,0.78904335347855,111,5.28571428571429,13.875,0.571428571428571,17,21,0.80952380952381,0,0,474,466,373,165,58.5,605.5,579,603,"P5"
"2579","South Carolina","fbs","SEC",2017,4038809,"Jake Bentley",5,3,11,1.66666666666667,18.295384458286,3.65907689165721,6.09846148609535,156,31.2,52,1,5,5,1,5,0,NA,NA,NA,NA,NA,NA,NA,NA,"P5"
"2579","South Carolina","fbs","SEC",2017,4038813,"Randrecous Davis",5,3,11,1.66666666666667,2.43327535141623,0.486655070283245,0.811091783805409,32,6.4,10.6666666666667,0.6,3,5,0.6,0,0,NA,NA,NA,NA,NA,NA,NA,NA,"P5"
"2579","South Carolina","fbs","SEC",2017,4038814,"Chavis Dawkins",1,1,11,1,0.923909498761819,0.923909498761819,0.923909498761819,9,9,9,1,1,1,1,0,0,NA,NA,NA,NA,NA,NA,NA,NA,"P5"
"2579","South Carolina","fbs","SEC",2017,4038815,"Rico Dowdle",10,7,11,1.42857142857143,-1.51987236108694,-0.151987236108694,-0.21712462301242,62,6.2,8.85714285714286,0.4,7,10,0.7,0,0,NA,NA,NA,NA,NA,NA,NA,NA,"P5"
"2579","South Carolina","fbs","SEC",2017,4038818,"Bryan Edwards",80,11,11,7.27272727272727,13.5911683088654,0.169889603860818,1.2355607553514,577,7.2125,52.4545454545455,0.4125,50,80,0.625,2,0,355,393,478,519,413.5,118,424,156,"P5"
"2579","South Carolina","fbs","SEC",2017,4038836,"Kiel Pollard",1,1,11,1,1.00092086243868,1.00092086243868,1.00092086243868,4,4,4,1,1,1,1,0,0,NA,NA,NA,NA,NA,NA,NA,NA,"P5"
"2579","South Carolina","fbs","SEC",2017,4241235,"OrTre Smith",38,9,11,4.22222222222222,18.2923008529855,0.48137633823646,2.03247787255394,296,7.78947368421053,32.8888888888889,0.578947368421053,26,38,0.684210526315789,3,0,260,255,230,146,276.5,369,378,374,"P5"
"2579","South Carolina","fbs","SEC",2017,4259499,"Shi Smith",33,10,11,3.3,17.8058897338149,0.539572416176208,1.78058897338149,320,9.6969696969697,32,0.515151515151515,23,33,0.696969696969697,2,0,267,304,184,300.5,244,346,161,387.5,"P5"
"2579","South Carolina","fbs","SEC",2017,4259503,"Chad Terrell",3,3,11,1,0.354775424775906,0.118258474925302,0.118258474925302,20,6.66666666666667,6.66666666666667,0.333333333333333,3,3,1,0,0,NA,NA,NA,NA,NA,NA,NA,NA,"P5"
"258","Virginia","fbs","ACC",2017,545645,"Kurt Benkert",1,1,11,1,-1.64436924778428,-1.64436924778428,-1.64436924778428,0,0,0,0,0,1,0,0,0,NA,NA,NA,NA,NA,NA,NA,NA,"P5"
"258","Virginia","fbs","ACC",2017,548047,"Andre Levrone",50,10,11,5,29.6117545352392,0.592235090704784,2.96117545352392,606,12.12,60.6,0.48,29,50,0.58,6,0,139,152,141,382,514,105,41,97,"P5"
"258","Virginia","fbs","ACC",2017,548050,"Daniel Hamm",23,10,11,2.3,-5.4095120456851,-0.235196175899352,-0.54095120456851,103,4.47826086956522,10.3,0.304347826086957,18,23,0.782608695652174,1,0,592,589,601,605.5,88,611,605,613,"P5"
"258","Virginia","fbs","ACC",2017,3124022,"Jordan Ellis",23,10,11,2.3,-6.4511002604183,-0.280482620018187,-0.64511002604183,107,4.65217391304348,10.7,0.434782608695652,18,23,0.782608695652174,0,0,600,594,606,489.5,88,608.5,601,612,"P5"
"258","Virginia","fbs","ACC",2017,3124024,"Evan Butts",32,9,11,3.55555555555556,18.3409038445686,0.573153245142769,2.03787820495207,247,7.71875,27.4444444444444,0.625,28,32,0.875,2,0,257,251,162,69,12.5,446,384,454,"P5"
"258","Virginia","fbs","ACC",2017,3124028,"Doni Dowling",85,11,11,7.72727272727273,13.7711457876207,0.162013479854362,1.25192234432916,556,6.54117647058824,50.5454545454545,0.388235294117647,42,85,0.494117647058824,5,1,353,387,483,542.5,599,133,485,177,"P5"
"258","Virginia","fbs","ACC",2017,3127250,"Ben Hogg",3,1,11,3,-0.651085757475769,-0.217028585825256,-0.651085757475769,8,2.66666666666667,8,0.333333333333333,1,3,0.333333333333333,0,0,NA,NA,NA,NA,NA,NA,NA,NA,"P5"
"258","Virginia","fbs","ACC",2017,3917905,"Warren Craft",5,2,11,2.5,1.59125874101279,0.318251748202557,0.795629370506393,37,7.4,18.5,0.6,4,5,0.8,0,0,NA,NA,NA,NA,NA,NA,NA,NA,"P5"
"258","Virginia","fbs","ACC",2017,3917911,"Chris Sharp",1,1,11,1,-0.876828643214227,-0.876828643214227,-0.876828643214227,0,0,0,0,1,1,1,0,0,NA,NA,NA,NA,NA,NA,NA,NA,"P5"
"258","Virginia","fbs","ACC",2017,3917914,"Olamide Zaccheaus",118,11,11,10.7272727272727,9.45543393995846,0.0801307961013429,0.859584903632587,785,6.65254237288136,71.3636363636364,0.449152542372881,75,118,0.635593220338983,4,2,427,459,520,458,391,46,471,57,"P5"
"258","Virginia","fbs","ACC",2017,3917916,"Tanner Cowley",3,2,11,1.5,0.844621525275327,0.281540508425109,0.422310762637663,16,5.33333333333333,8,0.666666666666667,2,3,0.666666666666667,0,0,NA,NA,NA,NA,NA,NA,NA,NA,"P5"
"258","Virginia","fbs","ACC",2017,3917922,"Richard Burney",2,2,11,1,4.80449934469981,2.4022496723499,2.4022496723499,8,4,4,1,2,2,1,1,0,NA,NA,NA,NA,NA,NA,NA,NA,"P5"
"258","Virginia","fbs","ACC",2017,4037579,"De'Vante Cross",2,2,11,1,-0.46744975484173,-0.233724877420865,-0.233724877420865,8,4,4,0.5,1,2,0.5,0,0,NA,NA,NA,NA,NA,NA,NA,NA,"P5"
"258","Virginia","fbs","ACC",2017,4037582,"Hasise Dubois",20,9,11,2.22222222222222,9.81173699059415,0.490586849529708,1.09019299895491,120,6,13.3333333333333,0.55,16,20,0.8,1,0,NA,NA,NA,NA,NA,NA,NA,NA,"P5"
"258","Virginia","fbs","ACC",2017,4037591,"Joe Reed",21,9,11,2.33333333333333,10.4308585082667,0.496707548012702,1.1589842786963,201,9.57142857142857,22.3333333333333,0.619047619047619,17,21,0.80952380952381,2,0,411,404,221,76,58.5,521,169.5,523,"P5"
"258","Virginia","fbs","ACC",2017,4240823,"Lamont Atkins",2,2,11,1,3.31781274752439,1.6589063737622,1.6589063737622,11,5.5,5.5,1,1,2,0.5,0,0,NA,NA,NA,NA,NA,NA,NA,NA,"P5"
"258","Virginia","fbs","ACC",2017,4240838,"Terrell Jana",3,2,11,1.5,-2.18476919542434,-0.728256398474782,-1.09238459771217,21,7,10.5,0.333333333333333,2,3,0.666666666666667,0,0,NA,NA,NA,NA,NA,NA,NA,NA,"P5"
"259","Virginia Tech","fbs","ACC",2017,549809,"James Clark",10,4,11,2.5,5.02255899987276,0.502255899987276,1.25563974996819,75,7.5,18.75,0.5,6,10,0.6,0,0,NA,NA,NA,NA,NA,NA,NA,NA,"P5"
"259","Virginia Tech","fbs","ACC",2017,3124065,"C.J. Carroll",10,5,11,2,5.86686798121945,0.586686798121945,1.17337359624389,80,8,16,0.5,9,10,0.9,1,0,NA,NA,NA,NA,NA,NA,NA,NA,"P5"
"259","Virginia Tech","fbs","ACC",2017,3124074,"Travon McMillian",13,7,11,1.85714285714286,-2.33123374151496,-0.179325672424228,-0.333033391644994,95,7.30769230769231,13.5714285714286,0.384615384615385,9,13,0.692307692307692,0,0,NA,NA,NA,NA,NA,NA,NA,NA,"P5"
"259","Virginia Tech","fbs","ACC",2017,3124079,"Cam Phillips",94,11,11,8.54545454545454,27.2560858643128,0.289958360258647,2.4778259876648,780,8.29787234042553,70.9090909090909,0.521276595744681,61,94,0.648936170212766,2,0,158,199,381,285,355,49,295,60,"P5"
"259","Virginia Tech","fbs","ACC",2017,3871874,"Steven Peoples",4,2,11,2,8.32403277106092,2.08100819276523,4.16201638553046,79,19.75,39.5,1,4,4,1,2,0,NA,NA,NA,NA,NA,NA,NA,NA,"P5"
"259","Virginia Tech","fbs","ACC",2017,3929942,"Coleman Fox",5,2,11,2.5,0.0306698332902386,0.00613396665804773,0.0153349166451193,33,6.6,16.5,0.4,5,5,1,0,0,NA,NA,NA,NA,NA,NA,NA,NA,"P5"
"259","Virginia Tech","fbs","ACC",2017,3929944,"Deshawn McClease",9,5,11,1.8,-0.517761417350311,-0.0575290463722567,-0.103552283470062,65,7.22222222222222,13,0.444444444444444,8,9,0.888888888888889,0,0,NA,NA,NA,NA,NA,NA,NA,NA,"P5"
"259","Virginia Tech","fbs","ACC",2017,3929953,"Chris Cunningham",10,5,11,2,8.15468925250803,0.815468925250803,1.63093785050161,167,16.7,33.4,0.7,8,10,0.8,0,0,NA,NA,NA,NA,NA,NA,NA,NA,"P5"
"259","Virginia Tech","fbs","ACC",2017,4037601,"Phil Patterson",3,1,11,3,4.11570051369313,1.37190017123104,4.11570051369313,29,9.66666666666667,29,0.666666666666667,2,3,0.666666666666667,0,0,NA,NA,NA,NA,NA,NA,NA,NA,"P5"
"259","Virginia Tech","fbs","ACC",2017,4037603,"Josh Jackson",9,3,11,3,27.6473342597126,3.07192602885695,9.21577808657086,193,21.4444444444444,64.3333333333333,1,9,9,1,9,0,NA,NA,NA,NA,NA,NA,NA,NA,"P5"
"259","Virginia Tech","fbs","ACC",2017,4037605,"Henri Murphy",14,5,11,2.8,11.5795112083652,0.827107943454654,2.31590224167303,129,9.21428571428571,25.8,0.642857142857143,9,14,0.642857142857143,0,0,NA,NA,NA,NA,NA,NA,NA,NA,"P5"
"259","Virginia Tech","fbs","ACC",2017,4037624,"Samuel Denmark",3,1,11,3,1.43919046304202,0.47973015434734,1.43919046304202,28,9.33333333333333,28,0.666666666666667,2,3,0.666666666666667,1,0,NA,NA,NA,NA,NA,NA,NA,NA,"P5"
"259","Virginia Tech","fbs","ACC",2017,4037625,"Eric Kumah",39,9,11,4.33333333333333,14.496298645766,0.371699965276051,1.61069984952956,235,6.02564102564103,26.1111111111111,0.461538461538462,21,39,0.538461538461538,0,0,335,331,311,428.5,567,469,528,467,"P5"
"259","Virginia Tech","fbs","ACC",2017,4240861,"Dalton Keene",10,6,11,1.66666666666667,6.07245073083225,0.607245073083225,1.01207512180538,167,16.7,27.8333333333333,0.7,10,10,1,0,0,NA,NA,NA,NA,NA,NA,NA,NA,"P5"
"259","Virginia Tech","fbs","ACC",2017,4260206,"Jalen Holston",2,2,11,1,-3.37964206525612,-1.68982103262806,-1.68982103262806,-1,-0.5,-0.5,0,1,2,0.5,0,0,NA,NA,NA,NA,NA,NA,NA,NA,"P5"
"259","Virginia Tech","fbs","ACC",2017,4260219,"Sean Savoy",54,10,11,5.4,-1.37714229704413,-0.0255026351304469,-0.137714229704413,382,7.07407407407407,38.2,0.407407407407407,34,54,0.62962962962963,3,1,563,564,562,522.5,406,277.5,440,308,"P5"
"259","Virginia Tech","fbs","ACC",2017,4263712,"Hezekiah Grimsley",11,4,11,2.75,-0.260027494191088,-0.0236388631082807,-0.065006873547772,76,6.90909090909091,19,0.545454545454545,7,11,0.636363636363636,0,0,NA,NA,NA,NA,NA,NA,NA,NA,"P5"
"26","UCLA","fbs","Pac-12",2017,547591,"Darren Andrews",89,9,12,9.88888888888889,47.1893943023555,0.530217913509613,5.24326603359506,773,8.68539325842697,85.8888888888889,0.550561797752809,60,89,0.674157303370786,10,1,48,30,188,213,295,54,256,29,"P5"
"26","UCLA","fbs","Pac-12",2017,547616,"Eldridge Massington",10,6,12,1.66666666666667,10.1429533437115,1.01429533437115,1.69049222395191,72,7.2,12,0.7,8,10,0.8,2,0,NA,NA,NA,NA,NA,NA,NA,NA,"P5"
"26","UCLA","fbs","Pac-12",2017,3134302,"Jordan Lasley",93,8,12,11.625,72.6198468747542,0.780858568545744,9.07748085934427,1136,12.2150537634409,142,0.612903225806452,61,93,0.655913978494624,8,0,2,1,61,88,334.5,9,38,1,"P5"
"26","UCLA","fbs","Pac-12",2017,3134305,"Nate Starks",5,2,12,2.5,3.44937028833278,0.689874057666556,1.72468514416639,74,14.8,37,0.6,4,5,0.8,0,0,NA,NA,NA,NA,NA,NA,NA,NA,"P5"
"26","UCLA","fbs","Pac-12",2017,3134313,"Alex Van Dyke",1,1,12,1,0.333334526230122,0.333334526230122,0.333334526230122,6,6,6,1,1,1,1,0,0,NA,NA,NA,NA,NA,NA,NA,NA,"P5"
"26","UCLA","fbs","Pac-12",2017,3134314,"Austin Roberts",31,7,12,4.42857142857143,7.78354813359917,0.251082197858038,1.11193544765702,220,7.09677419354839,31.4285714285714,0.419354838709677,19,31,0.612903225806452,2,0,455,409,408,511,441,494.5,435,395,"P5"
"26","UCLA","fbs","Pac-12",2017,3140633,"Christian Pabico",26,8,12,3.25,10.6514758405444,0.409672147713248,1.33143448006805,269,10.3461538461538,33.625,0.423076923076923,17,26,0.653846153846154,1,1,410,377,276,506.5,339.5,401.5,116,369,"P5"
"26","UCLA","fbs","Pac-12",2017,3140639,"Giovanni Gentosi",8,5,12,1.6,0.0636635897235042,0.00795794871543802,0.0127327179447008,51,6.375,10.2,0.25,6,8,0.75,0,0,NA,NA,NA,NA,NA,NA,NA,NA,"P5"
"26","UCLA","fbs","Pac-12",2017,3932222,"Soso Jamabo",22,9,12,2.44444444444444,11.7478551800691,0.533993417275866,1.3053172422299,198,9,22,0.5,16,22,0.727272727272727,0,0,NA,NA,NA,NA,NA,NA,NA,NA,"P5"
"26","UCLA","fbs","Pac-12",2017,3932233,"Bolu Olorunfunmi",10,5,12,2,3.5780327357419,0.35780327357419,0.715606547148381,105,10.5,21,0.5,8,10,0.8,0,0,NA,NA,NA,NA,NA,NA,NA,NA,"P5"
"26","UCLA","fbs","Pac-12",2017,3932936,"Caleb Wilson",48,5,12,9.6,36.5934677116223,0.762363910658798,7.31869354232447,490,10.2083333333333,98,0.75,38,48,0.791666666666667,1,0,95,2,66,6.5,76.5,172.5,127,13,"P5"
"26","UCLA","fbs","Pac-12",2017,4035818,"Theo Howard",71,12,12,5.91666666666667,12.6651376041338,0.178382219776532,1.05542813367782,466,6.56338028169014,38.8333333333333,0.436619718309859,47,71,0.661971830985915,3,0,366,423,472,484,322,192,482,295,"P5"
"26","UCLA","fbs","Pac-12",2017,4035820,"Jalen Starks",5,2,12,2.5,0.45755341884091,0.0915106837681821,0.228776709420455,66,13.2,33,0.4,3,5,0.6,0,0,NA,NA,NA,NA,NA,NA,NA,NA,"P5"
"26","UCLA","fbs","Pac-12",2017,4035823,"Devon Modster",1,1,12,1,-1.61323277586084,-1.61323277586084,-1.61323277586084,1,1,1,0,1,1,1,0,0,NA,NA,NA,NA,NA,NA,NA,NA,"P5"
"26","UCLA","fbs","Pac-12",2017,4035824,"Brandon Stephens",8,5,12,1.6,0.556829276478491,0.0696036595598114,0.111365855295698,69,8.625,13.8,0.5,8,8,1,0,0,NA,NA,NA,NA,NA,NA,NA,NA,"P5"
"26","UCLA","fbs","Pac-12",2017,4035826,"Demetric Felton",2,1,12,2,-2.39268842252821,-1.1963442112641,-2.39268842252821,-2,-1,-2,0,2,2,1,0,0,NA,NA,NA,NA,NA,NA,NA,NA,"P5"
"26","UCLA","fbs","Pac-12",2017,4035838,"Jordan Wilson",23,7,12,3.28571428571429,7.01159909274515,0.304852134467181,1.00165701324931,137,5.95652173913043,19.5714285714286,0.521739130434783,15,23,0.652173913043478,2,0,467,438,369,283,345.5,583.5,529,558,"P5"
"26","UCLA","fbs","Pac-12",2017,4249145,"Moses Robinson-Carr",1,1,12,1,-0.0376046488612647,-0.0376046488612647,-0.0376046488612647,4,4,4,0,1,1,1,0,0,NA,NA,NA,NA,NA,NA,NA,NA,"P5"
"2628","TCU","fbs","Big 12",2017,545512,"Kyle Hicks",24,9,12,2.66666666666667,17.8632984971384,0.744304104047432,1.98481094412649,263,10.9583333333333,29.2222222222222,0.625,21,24,0.875,0,0,266,262,74,69,12.5,411,80,428,"P5"
"2628","TCU","fbs","Big 12",2017,545518,"Ty Slanina",7,3,12,2.33333333333333,0.65582573456551,0.0936893906522158,0.218608578188503,52,7.42857142857143,17.3333333333333,0.428571428571429,6,7,0.857142857142857,0,0,NA,NA,NA,NA,NA,NA,NA,NA,"P5"
"2628","TCU","fbs","Big 12",2017,545902,"John Diarse",47,11,12,4.27272727272727,35.3259851303108,0.751616704900229,3.21145319366461,511,10.8723404255319,46.4545454545455,0.574468085106383,30,47,0.638297872340426,2,0,102,123,71,155,380,163,85,205,"P5"
"2628","TCU","fbs","Big 12",2017,547728,"Cole Hunt",7,6,12,1.16666666666667,1.80778457974652,0.258254939963789,0.301297429957754,54,7.71428571428571,9,0.571428571428571,6,7,0.857142857142857,0,0,NA,NA,NA,NA,NA,NA,NA,NA,"P5"
"2628","TCU","fbs","Big 12",2017,549865,"Kenny Hill",9,4,12,2.25,33.8239254903253,3.75821394336947,8.45598137258131,240,26.6666666666667,60,0.888888888888889,9,9,1,8,0,NA,NA,NA,NA,NA,NA,NA,NA,"P5"
"2628","TCU","fbs","Big 12",2017,3116415,"Emanuel Porter",1,1,12,1,0.645801774802965,0.645801774802965,0.645801774802965,10,10,10,1,1,1,1,0,0,NA,NA,NA,NA,NA,NA,NA,NA,"P5"
"2628","TCU","fbs","Big 12",2017,3116428,"Shaun Nixon",8,5,12,1.6,7.9189556591787,0.989869457397337,1.58379113183574,73,9.125,14.6,0.75,8,8,1,0,1,NA,NA,NA,NA,NA,NA,NA,NA,"P5"
"2628","TCU","fbs","Big 12",2017,3116446,"Desmon White",44,11,12,4,16.3817804429608,0.372313191885472,1.48925276754189,340,7.72727272727273,30.9090909090909,0.590909090909091,36,44,0.818181818181818,2,2,300,350,310,119,48.5,321,383,402,"P5"
"2628","TCU","fbs","Big 12",2017,3123962,"Daythan Davis",1,1,12,1,-0.0412036016193049,-0.0412036016193049,-0.0412036016193049,6,6,6,0,1,1,1,0,0,NA,NA,NA,NA,NA,NA,NA,NA,"P5"
"2628","TCU","fbs","Big 12",2017,3676529,"Jarrison Stewart",9,3,12,3,3.67025924042983,0.407806582269981,1.22341974680994,78,8.66666666666667,26,0.666666666666667,7,9,0.777777777777778,1,0,NA,NA,NA,NA,NA,NA,NA,NA,"P5"
"2628","TCU","fbs","Big 12",2017,3676833,"KaVontae Turpin",46,12,12,3.83333333333333,15.2760012753053,0.332086984245768,1.27300010627544,353,7.67391304347826,29.4166666666667,0.565217391304348,37,46,0.804347826086957,0,0,322,382,342,185.5,66,304,388,424,"P5"
"2628","TCU","fbs","Big 12",2017,3676928,"Jaelan Austin",19,7,12,2.71428571428571,14.0768487843249,0.740886778122361,2.01097839776069,228,12,32.5714285714286,0.631578947368421,13,19,0.684210526315789,0,0,NA,NA,NA,NA,NA,NA,NA,NA,"P5"
"2628","TCU","fbs","Big 12",2017,4038530,"Taj Williams",2,2,12,1,3.03542171610472,1.51771085805236,1.51771085805236,33,16.5,16.5,1,2,2,1,1,0,NA,NA,NA,NA,NA,NA,NA,NA,"P5"
"2628","TCU","fbs","Big 12",2017,4038533,"Darius Anderson",9,4,12,2.25,1.04612527661358,0.116236141845953,0.261531319153394,51,5.66666666666667,12.75,0.444444444444444,8,9,0.888888888888889,0,0,NA,NA,NA,NA,NA,NA,NA,NA,"P5"
"2628","TCU","fbs","Big 12",2017,4038536,"Dylan Thomas",11,6,12,1.83333333333333,-2.2047480463342,-0.200431640575837,-0.367458007722367,49,4.45454545454545,8.16666666666667,0.363636363636364,8,11,0.727272727272727,0,0,NA,NA,NA,NA,NA,NA,NA,NA,"P5"
"2628","TCU","fbs","Big 12",2017,4038539,"Sewo Olonilua",15,9,12,1.66666666666667,5.87904035898024,0.391936023932016,0.65322670655336,135,9,15,0.533333333333333,15,15,1,0,0,NA,NA,NA,NA,NA,NA,NA,NA,"P5"
"2628","TCU","fbs","Big 12",2017,4241802,"Jalen Reagor",39,11,12,3.54545454545455,10.9851642171538,0.281670877362919,0.99865129246853,303,7.76923076923077,27.5454545454545,0.435897435897436,24,39,0.615384615384615,5,1,399,440,389,487,433.5,362.5,379.5,452,"P5"
"2628","TCU","fbs","Big 12",2017,4241804,"Kenedy Snell",2,2,12,1,-0.305717756511565,-0.152858878255782,-0.152858878255782,9,4.5,4.5,0.5,2,2,1,0,0,NA,NA,NA,NA,NA,NA,NA,NA,"P5"
"2633","Tennessee","fbs","SEC",2017,546546,"Josh Walker Smith",12,4,11,3,-1.24378597381721,-0.103648831151434,-0.310946493454303,43,3.58333333333333,10.75,0.416666666666667,5,12,0.416666666666667,0,0,NA,NA,NA,NA,NA,NA,NA,NA,"P5"
"2633","Tennessee","fbs","SEC",2017,559748,"Ethan Wolf",37,10,11,3.7,7.98336148281481,0.215766526562563,0.798336148281481,246,6.64864864864865,24.6,0.459459459459459,24,37,0.648648648648649,3,0,453,464,445,433.5,356.5,449.5,472,496,"P5"
"2633","Tennessee","fbs","SEC",2017,3886565,"Quinten Dormady",2,1,11,2,7.5664224577504,3.7832112288752,7.5664224577504,60,30,60,1,2,2,1,2,0,NA,NA,NA,NA,NA,NA,NA,NA,"P5"
"2633","Tennessee","fbs","SEC",2017,3886598,"Jauan Jennings",6,1,11,6,-1.05495466154711,-0.175825776924518,-1.05495466154711,17,2.83333333333333,17,0.5,3,6,0.5,0,0,NA,NA,NA,NA,NA,NA,NA,NA,"P5"
"2633","Tennessee","fbs","SEC",2017,3915381,"John Kelly",41,10,11,4.1,-3.30210068151118,-0.0805390410124679,-0.330210068151118,239,5.82926829268293,23.9,0.341463414634146,32,41,0.780487804878049,0,1,582,579,578,587,95,462.5,542,504.5,"P5"
"2633","Tennessee","fbs","SEC",2017,3915400,"Eli Wolf",2,2,11,1,3.16496759228523,1.58248379614262,1.58248379614262,31,15.5,15.5,1,2,2,1,0,0,NA,NA,NA,NA,NA,NA,NA,NA,"P5"
"2633","Tennessee","fbs","SEC",2017,4035170,"Marquez Callaway",32,9,11,3.55555555555556,19.1578770507063,0.598683657834573,2.12865300563404,294,9.1875,32.6666666666667,0.5,20,32,0.625,2,0,242,234,138,335,413.5,371.5,214,378,"P5"
"2633","Tennessee","fbs","SEC",2017,4035171,"Tyler Byrd",6,3,11,2,3.22973395583619,0.538288992639365,1.07657798527873,27,4.5,9,0.5,3,6,0.5,1,0,NA,NA,NA,NA,NA,NA,NA,NA,"P5"
"2633","Tennessee","fbs","SEC",2017,4035174,"Jeff George",11,6,11,1.83333333333333,4.03685382173551,0.366986711066864,0.672808970289251,152,13.8181818181818,25.3333333333333,0.545454545454545,7,11,0.636363636363636,0,0,NA,NA,NA,NA,NA,NA,NA,NA,"P5"
"2633","Tennessee","fbs","SEC",2017,4035175,"Carlin Fils-aime",2,2,11,1,0.774470097023544,0.387235048511772,0.387235048511772,18,9,9,0.5,2,2,1,0,0,NA,NA,NA,NA,NA,NA,NA,NA,"P5"
"2633","Tennessee","fbs","SEC",2017,4035183,"Austin Pope",3,2,11,1.5,-1.35770265349981,-0.452567551166604,-0.678851326749905,9,3,4.5,0.333333333333333,2,3,0.666666666666667,0,0,NA,NA,NA,NA,NA,NA,NA,NA,"P5"
"2633","Tennessee","fbs","SEC",2017,4035198,"Brandon Edward Johnson",43,9,11,4.77777777777778,22.2383320854814,0.517170513615847,2.47092578727571,407,9.46511627906977,45.2222222222222,0.604651162790698,32,43,0.744186046511628,0,0,206,201,202,97,155.5,247,181,222,"P5"
"2633","Tennessee","fbs","SEC",2017,4242431,"Ty Chandler",12,6,11,2,6.89452360621479,0.574543633851233,1.14908726770247,108,9,18,0.75,10,12,0.833333333333333,0,0,NA,NA,NA,NA,NA,NA,NA,NA,"P5"
"2633","Tennessee","fbs","SEC",2017,4242433,"Josh Palmer",17,7,11,2.42857142857143,-1.53393395157395,-0.0902314089161146,-0.219133421653421,80,4.70588235294118,11.4285714285714,0.470588235294118,8,17,0.470588235294118,0,0,NA,NA,NA,NA,NA,NA,NA,NA,"P5"
"2633","Tennessee","fbs","SEC",2017,4242437,"Jordan Murphy",1,1,11,1,1.29082360638953,1.29082360638953,1.29082360638953,12,12,12,1,1,1,1,0,0,NA,NA,NA,NA,NA,NA,NA,NA,"P5"
"2633","Tennessee","fbs","SEC",2017,4242445,"Tim Jordan",7,5,11,1.4,3.42818963454822,0.489741376364032,0.685637926909645,56,8,11.2,0.428571428571429,7,7,1,0,1,NA,NA,NA,NA,NA,NA,NA,NA,"P5"
"2633","Tennessee","fbs","SEC",2017,4286937,"Malik Elion",1,1,11,1,0.636236971501574,0.636236971501574,0.636236971501574,10,10,10,1,1,1,1,0,0,NA,NA,NA,NA,NA,NA,NA,NA,"P5"
"2636","UTSA","fbs","Conference USA",2017,545865,"Dannon Cavil",6,4,10,1.5,0.20120383239049,0.0335339720650817,0.0503009580976226,45,7.5,11.25,0.5,4,6,0.666666666666667,0,0,NA,NA,NA,NA,NA,NA,NA,NA,"G5"
"2636","UTSA","fbs","Conference USA",2017,552894,"Matt Bayliss",1,1,10,1,-2.31570778615917,-2.31570778615917,-2.31570778615917,3,3,3,0,1,1,1,0,0,NA,NA,NA,NA,NA,NA,NA,NA,"G5"
"2636","UTSA","fbs","Conference USA",2017,3124040,"Greg Campbell Jr.",31,7,10,4.42857142857143,6.90585892182397,0.222769642639483,0.986551274546281,236,7.61290322580645,33.7142857142857,0.580645161290323,22,31,0.709677419354839,0,0,468,443,440,142,220,467.5,393,366,"G5"
"2636","UTSA","fbs","Conference USA",2017,3124042,"Kerry Thomas Jr.",33,7,10,4.71428571428571,34.6174059504537,1.0490123015289,4.94534370720767,352,10.6666666666667,50.2857142857143,0.727272727272727,27,33,0.818181818181818,3,0,107,36,13,11,48.5,305.5,96.5,178,"G5"
"2636","UTSA","fbs","Conference USA",2017,3124043,"Tyrell Clay",12,6,10,2,-1.26853484108795,-0.10571123675733,-0.211422473514659,41,3.41666666666667,6.83333333333333,0.5,8,12,0.666666666666667,0,0,NA,NA,NA,NA,NA,NA,NA,NA,"G5"
"2636","UTSA","fbs","Conference USA",2017,3124046,"Jalen Rhodes",19,7,10,2.71428571428571,-8.5814338855827,-0.451654415030668,-1.22591912651181,106,5.57894736842105,15.1428571428571,0.210526315789474,13,19,0.684210526315789,1,0,608,609,613,615,276.5,610,561,594,"G5"
"2636","UTSA","fbs","Conference USA",2017,3124056,"Brady Jones",37,10,10,3.7,6.59910317285461,0.178354139806881,0.659910317285461,260,7.02702702702703,26,0.486486486486487,23,37,0.621621621621622,2,0,470,479,473,366.5,422.5,418.5,447,470.5,"G5"
"2636","UTSA","fbs","Conference USA",2017,3914573,"Josh Stewart",66,10,10,6.6,18.3528259998954,0.278073121210536,1.83528259998954,484,7.33333333333333,48.4,0.46969696969697,37,66,0.560606060606061,2,1,256,297,396,410,535,180,411.5,190,"G5"
"2636","UTSA","fbs","Conference USA",2017,3914579,"Isaiah Clay",1,1,10,1,3.60535613124278,3.60535613124278,3.60535613124278,41,41,41,1,1,1,1,1,0,NA,NA,NA,NA,NA,NA,NA,NA,"G5"
"2636","UTSA","fbs","Conference USA",2017,3914580,"Blaze Moorhead",4,3,10,1.33333333333333,3.58821410061414,0.897053525153536,1.19607136687138,41,10.25,13.6666666666667,0.75,4,4,1,0,0,NA,NA,NA,NA,NA,NA,NA,NA,"G5"
"2636","UTSA","fbs","Conference USA",2017,3914604,"Shaq Williams",4,2,10,2,3.22766155096834,0.806915387742085,1.61383077548417,40,10,20,0.75,3,4,0.75,0,0,NA,NA,NA,NA,NA,NA,NA,NA,"G5"
"2636","UTSA","fbs","Conference USA",2017,4040677,"Marquez McNair",26,7,10,3.71428571428571,5.33591736888778,0.205227591111069,0.762273909841112,171,6.57692307692308,24.4285714285714,0.461538461538462,16,26,0.615384615384615,2,0,491,470,453,428.5,433.5,553,480.5,499,"G5"
"2636","UTSA","fbs","Conference USA",2017,4245211,"Chance McLeod",4,3,10,1.33333333333333,-1.57466287067361,-0.393665717668404,-0.524887623557872,13,3.25,4.33333333333333,0.25,3,4,0.75,0,0,NA,NA,NA,NA,NA,NA,NA,NA,"G5"
"2638","UTEP","fbs","Conference USA",2017,546107,"Brandon Moss",1,1,12,1,-0.968395751679447,-0.968395751679447,-0.968395751679447,-4,-4,-4,0,1,1,1,0,0,NA,NA,NA,NA,NA,NA,NA,NA,"G5"
"2638","UTEP","fbs","Conference USA",2017,550587,"Zack Greenlee",2,2,12,1,5.30453034351347,2.65226517175674,2.65226517175674,11,5.5,5.5,1,2,2,1,2,0,NA,NA,NA,NA,NA,NA,NA,NA,"G5"
"2638","UTEP","fbs","Conference USA",2017,3124722,"Tyler Batson",37,11,12,3.36363636363636,10.3909264805554,0.280835850825821,0.944629680050489,361,9.75675675675676,32.8181818181818,0.486486486486487,20,37,0.540540540540541,1,0,412,446,391,366.5,563.5,293,156,375,"G5"
"2638","UTEP","fbs","Conference USA",2017,3124724,"Augie Touris",1,1,12,1,-0.11504730269822,-0.11504730269822,-0.11504730269822,5,5,5,0,1,1,1,0,0,NA,NA,NA,NA,NA,NA,NA,NA,"G5"
"2638","UTEP","fbs","Conference USA",2017,3127584,"David Lucero",33,8,12,4.125,-10.2094443297626,-0.309377100901897,-1.27618054122033,127,3.84848484848485,15.875,0.363636363636364,16,33,0.484848484848485,0,0,612,612,607,564,603,595,612,591,"G5"
"2638","UTEP","fbs","Conference USA",2017,3672827,"Josh Weeks",9,5,12,1.8,2.80811867171636,0.312013185746263,0.561623734343273,68,7.55555555555556,13.6,0.333333333333333,6,9,0.666666666666667,1,0,NA,NA,NA,NA,NA,NA,NA,NA,"G5"
"2638","UTEP","fbs","Conference USA",2017,3915868,"Kalon Beverly",1,1,12,1,-1.24327446585734,-1.24327446585734,-1.24327446585734,0,0,0,0,0,1,0,0,0,NA,NA,NA,NA,NA,NA,NA,NA,"G5"
"2638","UTEP","fbs","Conference USA",2017,3915879,"Kavika Johnson",30,9,12,3.33333333333333,4.41166770860912,0.147055590286971,0.490185300956569,178,5.93333333333333,19.7777777777778,0.3,15,30,0.5,2,0,503,497,491,607,595.5,545.5,534,555,"G5"
"2638","UTEP","fbs","Conference USA",2017,3915880,"Terry Juniel",42,11,12,3.81818181818182,-7.70684563388793,-0.183496324616379,-0.700622330353448,224,5.33333333333333,20.3636363636364,0.380952380952381,23,42,0.547619047619048,0,0,606,598,595,549.5,552.5,484.5,576.5,546,"G5"
"2638","UTEP","fbs","Conference USA",2017,3915894,"Warren Redix",12,6,12,2,10.801550340689,0.900129195057415,1.80025839011483,128,10.6666666666667,21.3333333333333,0.583333333333333,8,12,0.666666666666667,1,0,NA,NA,NA,NA,NA,NA,NA,NA,"G5"
"2638","UTEP","fbs","Conference USA",2017,3929602,"Nesly Ovincy",2,1,12,2,2.90395585001764,1.45197792500882,2.90395585001764,41,20.5,41,0.5,1,2,0.5,0,0,NA,NA,NA,NA,NA,NA,NA,NA,"G5"
"2638","UTEP","fbs","Conference USA",2017,3935449,"Keynan Foster",6,4,12,1.5,-0.731454650164433,-0.121909108360739,-0.182863662541108,23,3.83333333333333,5.75,0.333333333333333,3,6,0.5,0,0,NA,NA,NA,NA,NA,NA,NA,NA,"G5"
"2638","UTEP","fbs","Conference USA",2017,4040484,"Kevin Dove",7,5,12,1.4,-0.936275359916067,-0.133753622845152,-0.187255071983213,16,2.28571428571429,3.2,0.285714285714286,4,7,0.571428571428571,0,0,NA,NA,NA,NA,NA,NA,NA,NA,"G5"
"2638","UTEP","fbs","Conference USA",2017,4040501,"Eddie Sinegal",21,5,12,4.2,8.29414139152787,0.39495911388228,1.65882827830557,144,6.85714285714286,28.8,0.619047619047619,17,21,0.80952380952381,0,0,NA,NA,NA,NA,NA,NA,NA,NA,"G5"
"2638","UTEP","fbs","Conference USA",2017,4040508,"Quadraiz Wadley",3,2,12,1.5,0.383217761227577,0.127739253742526,0.191608880613789,15,5,7.5,0.333333333333333,1,3,0.333333333333333,0,0,NA,NA,NA,NA,NA,NA,NA,NA,"G5"
"2638","UTEP","fbs","Conference USA",2017,4048768,"Walter Dawn Jr.",7,5,12,1.4,2.80578474901811,0.400826392716873,0.561156949803622,54,7.71428571428571,10.8,0.428571428571429,4,7,0.571428571428571,0,0,NA,NA,NA,NA,NA,NA,NA,NA,"G5"
"2638","UTEP","fbs","Conference USA",2017,4245232,"Forest McKee",2,2,12,1,-2.52406108018988,-1.26203054009494,-1.26203054009494,0,0,0,0,2,2,1,0,0,NA,NA,NA,NA,NA,NA,NA,NA,"G5"
"2638","UTEP","fbs","Conference USA",2017,4245238,"Joshua Fields",8,6,12,1.33333333333333,-3.13667736825093,-0.392084671031367,-0.522779561375155,26,3.25,4.33333333333333,0.125,6,8,0.75,0,0,NA,NA,NA,NA,NA,NA,NA,NA,"G5"
"2638","UTEP","fbs","Conference USA",2017,4260777,"Alan Busey",2,1,12,2,0.59643649919806,0.29821824959903,0.59643649919806,9,4.5,9,0.5,2,2,1,0,0,NA,NA,NA,NA,NA,NA,NA,NA,"G5"
"2638","UTEP","fbs","Conference USA",2017,4276416,"Erik Brown",22,7,12,3.14285714285714,1.54274513334876,0.0701247787885802,0.220392161906966,151,6.86363636363636,21.5714285714286,0.363636363636364,12,22,0.545454545454545,0,0,NA,NA,NA,NA,NA,NA,NA,NA,"G5"
"264","Washington","fbs","Pac-12",2017,550316,"Lavon Coleman",12,7,11,1.71428571428571,12.3608064186722,1.03006720155601,1.76582948838174,124,10.3333333333333,17.7142857142857,0.5,11,12,0.916666666666667,2,0,NA,NA,NA,NA,NA,NA,NA,NA,"P5"
"264","Washington","fbs","Pac-12",2017,3127292,"Will Dissly",17,8,11,2.125,8.48424075367945,0.499072985510556,1.06053009420993,144,8.47058823529412,18,0.647058823529412,13,17,0.764705882352941,0,0,NA,NA,NA,NA,NA,NA,NA,NA,"P5"
"264","Washington","fbs","Pac-12",2017,3127300,"Brayden Lenius",8,4,11,2,4.93798651410762,0.617248314263452,1.2344966285269,85,10.625,21.25,0.875,8,8,1,0,0,NA,NA,NA,NA,NA,NA,NA,NA,"P5"
"264","Washington","fbs","Pac-12",2017,3127306,"Dante Pettis",88,11,11,8,16.9642691321034,0.192775785592084,1.54220628473667,653,7.42045454545455,59.3636363636364,0.454545454545455,56,88,0.636363636363636,6,0,280,340,458,444.5,385.5,85,402,103,"P5"
"264","Washington","fbs","Pac-12",2017,3127310,"Drew Sample",9,4,11,2.25,4.09208089315141,0.454675654794601,1.02302022328785,78,8.66666666666667,19.5,0.666666666666667,6,9,0.666666666666667,0,0,NA,NA,NA,NA,NA,NA,NA,NA,"P5"
"264","Washington","fbs","Pac-12",2017,3886809,"Andre Baccellia",14,4,11,3.5,3.17095502247726,0.226496787319804,0.792738755619315,120,8.57142857142857,30,0.5,9,14,0.642857142857143,0,0,NA,NA,NA,NA,NA,NA,NA,NA,"P5"
"264","Washington","fbs","Pac-12",2017,3886812,"Jake Browning",2,1,11,2,7.47751720703839,3.7387586035192,7.47751720703839,78,39,78,1,2,2,1,2,0,NA,NA,NA,NA,NA,NA,NA,NA,"P5"
"264","Washington","fbs","Pac-12",2017,3886818,"Myles Gaskin",21,8,11,2.625,15.0851831240041,0.718342053524004,1.88564789050051,228,10.8571428571429,28.5,0.619047619047619,18,21,0.857142857142857,3,0,327,283,87,76,25,476.5,86,438,"P5"
"264","Washington","fbs","Pac-12",2017,3886822,"Chico McClatcher",7,2,11,3.5,3.46913799255482,0.495591141793546,1.73456899627741,60,8.57142857142857,30,0.571428571428571,5,7,0.714285714285714,0,0,NA,NA,NA,NA,NA,NA,NA,NA,"P5"
"264","Washington","fbs","Pac-12",2017,3886827,"Quinten Pounds",10,6,11,1.66666666666667,8.43548785525828,0.843548785525828,1.40591464254305,129,12.9,21.5,0.6,9,10,0.9,1,0,NA,NA,NA,NA,NA,NA,NA,NA,"P5"
"264","Washington","fbs","Pac-12",2017,3886833,"Jusstis Warren",1,1,11,1,1.56838177718591,1.56838177718591,1.56838177718591,2,2,2,1,1,1,1,1,0,NA,NA,NA,NA,NA,NA,NA,NA,"P5"
"264","Washington","fbs","Pac-12",2017,4039000,"Aaron Fuller",32,9,11,3.55555555555556,7.1447951335132,0.223274847922287,0.793866125945911,230,7.1875,25.5555555555556,0.5,20,32,0.625,0,0,464,465,438,335,413.5,471,427,476,"P5"
"264","Washington","fbs","Pac-12",2017,4039008,"Kamari Pleasant",1,1,11,1,0.141490544291062,0.141490544291062,0.141490544291062,20,20,20,1,1,1,1,0,0,NA,NA,NA,NA,NA,NA,NA,NA,"P5"
"264","Washington","fbs","Pac-12",2017,4243315,"Salvon Ahmed",9,7,11,1.28571428571429,1.8850356207046,0.209448402300511,0.2692908029578,44,4.88888888888889,6.28571428571429,0.555555555555556,9,9,1,0,1,NA,NA,NA,NA,NA,NA,NA,NA,"P5"
"264","Washington","fbs","Pac-12",2017,4243318,"Hunter Bryant",24,7,11,3.42857142857143,27.7434348973946,1.15597645405811,3.96334784248494,321,13.375,45.8571428571429,0.75,21,24,0.875,1,0,154,76,6,6.5,12.5,344.5,21,212.5,"P5"
"264","Washington","fbs","Pac-12",2017,4243323,"Ty Jones",6,3,11,2,1.64008002485391,0.273346670808986,0.546693341617971,48,8,16,0.666666666666667,5,6,0.833333333333333,0,0,NA,NA,NA,NA,NA,NA,NA,NA,"P5"
"264","Washington","fbs","Pac-12",2017,4243325,"Jacob Kizer",1,1,11,1,0.76293140679771,0.76293140679771,0.76293140679771,9,9,9,1,1,1,1,0,0,NA,NA,NA,NA,NA,NA,NA,NA,"P5"
"2641","Texas Tech","fbs","Big 12",2017,545364,"Nic Shimonek",4,1,11,4,14.9026599618818,3.72566499047044,14.9026599618818,125,31.25,125,1,4,4,1,4,0,NA,NA,NA,NA,NA,NA,NA,NA,"P5"
"2641","Texas Tech","fbs","Big 12",2017,545367,"Derrick Willies",19,5,11,3.8,11.1962552289721,0.58927659099853,2.23925104579442,178,9.36842105263158,35.6,0.578947368421053,14,19,0.736842105263158,2,0,NA,NA,NA,NA,NA,NA,NA,NA,"P5"
"2641","Texas Tech","fbs","Big 12",2017,550364,"Dylan Cantrell",93,11,11,8.45454545454546,48.6493578965867,0.523111375232115,4.4226688996897,731,7.86021505376344,66.4545454545455,0.580645161290323,61,93,0.655913978494624,5,0,42,57,194,142,334.5,61,365,78,"P5"
"2641","Texas Tech","fbs","Big 12",2017,3139456,"Cameron Batson",60,11,11,5.45454545454545,17.0771987867048,0.284619979778413,1.55247261697316,411,6.85,37.3636363636364,0.516666666666667,49,60,0.816666666666667,5,2,277,339,386,297.5,50,241,458,320,"P5"
"2641","Texas Tech","fbs","Big 12",2017,3139464,"Demarcus Felton",2,2,11,1,-0.0930282209842286,-0.0465141104921143,-0.0465141104921143,13,6.5,6.5,0.5,2,2,1,0,0,NA,NA,NA,NA,NA,NA,NA,NA,"P5"
"2641","Texas Tech","fbs","Big 12",2017,3139468,"Ja'Deion High",5,4,11,1.25,-1.57140843325113,-0.314281686650225,-0.392852108312782,23,4.6,5.75,0.4,5,5,1,0,0,NA,NA,NA,NA,NA,NA,NA,NA,"P5"
"2641","Texas Tech","fbs","Big 12",2017,3139481,"Mason Reed",3,2,11,1.5,3.87823791941674,1.29274597313891,1.93911895970837,28,9.33333333333333,14,0.666666666666667,3,3,1,1,0,NA,NA,NA,NA,NA,NA,NA,NA,"P5"
"2641","Texas Tech","fbs","Big 12",2017,3139485,"Justin Stockton",28,8,11,3.5,6.25235646697906,0.223298445249252,0.781544558372382,202,7.21428571428571,25.25,0.428571428571429,24,28,0.857142857142857,1,1,475,467,437,498.5,25,519,423,484,"P5"
"2641","Texas Tech","fbs","Big 12",2017,3915823,"Keke Coutee",98,11,11,8.90909090909091,67.4743719423028,0.688513999411253,6.13403381293662,1140,11.6326530612245,103.636363636364,0.602040816326531,75,98,0.76530612244898,6,0,6,9,100,101,117,8,58,10,"P5"
"2641","Texas Tech","fbs","Big 12",2017,3915832,"Quan Shorts",8,4,11,2,2.64167422426831,0.330209278033539,0.660418556067078,73,9.125,18.25,0.5,6,8,0.75,1,0,NA,NA,NA,NA,NA,NA,NA,NA,"P5"
"2641","Texas Tech","fbs","Big 12",2017,3915836,"Donta Thompson",1,1,11,1,-0.957023768698908,-0.957023768698908,-0.957023768698908,0,0,0,0,0,1,0,0,0,NA,NA,NA,NA,NA,NA,NA,NA,"P5"
"2641","Texas Tech","fbs","Big 12",2017,4043129,"De'Quan Bowman",1,1,11,1,0.87286029221477,0.87286029221477,0.87286029221477,8,8,8,1,1,1,1,0,0,NA,NA,NA,NA,NA,NA,NA,NA,"P5"
"2641","Texas Tech","fbs","Big 12",2017,4043158,"T.J. Vasher",35,6,11,5.83333333333333,20.3233996994566,0.580668562841617,3.38723328324276,331,9.45714285714286,55.1666666666667,0.542857142857143,20,35,0.571428571428571,3,0,229,110,153,235,525.5,331.5,183,132,"P5"
"2641","Texas Tech","fbs","Big 12",2017,4043161,"Antoine Wesley",7,4,11,1.75,6.94884324115002,0.99269189159286,1.7372108102875,95,13.5714285714286,23.75,0.857142857142857,7,7,1,0,0,NA,NA,NA,NA,NA,NA,NA,NA,"P5"
"2641","Texas Tech","fbs","Big 12",2017,4241844,"Jack Anderson",1,1,11,1,-0.545140101273347,-0.545140101273347,-0.545140101273347,2,2,2,0,1,1,1,0,0,NA,NA,NA,NA,NA,NA,NA,NA,"P5"
"2641","Texas Tech","fbs","Big 12",2017,4241854,"Quentin Yontz",1,1,11,1,-0.918103235327337,-0.918103235327337,-0.918103235327337,0,0,0,0,0,1,0,0,0,NA,NA,NA,NA,NA,NA,NA,NA,"P5"
"2641","Texas Tech","fbs","Big 12",2017,4259375,"JoJo Robinson",1,1,11,1,0.806451568518845,0.806451568518845,0.806451568518845,19,19,19,1,1,1,1,0,0,NA,NA,NA,NA,NA,NA,NA,NA,"P5"
"2641","Texas Tech","fbs","Big 12",2017,4259376,"Tre King",15,6,11,2.5,-1.51114613101775,-0.100743075401183,-0.251857688502958,73,4.86666666666667,12.1666666666667,0.466666666666667,14,15,0.933333333333333,0,0,NA,NA,NA,NA,NA,NA,NA,NA,"P5"
"2649","Toledo","fbs","Mid-American",2017,545910,"Logan Woodside",8,4,12,2,20.8052831936644,2.60066039920806,5.20132079841611,108,13.5,27,1,8,8,1,8,0,NA,NA,NA,NA,NA,NA,NA,NA,"G5"
"2649","Toledo","fbs","Mid-American",2017,552749,"Darryl Richards",7,5,12,1.4,3.31428189092827,0.473468841561182,0.662856378185654,81,11.5714285714286,16.2,0.571428571428571,5,7,0.714285714285714,0,0,NA,NA,NA,NA,NA,NA,NA,NA,"G5"
"2649","Toledo","fbs","Mid-American",2017,552846,"Liam Allen",2,2,12,1,0.438292611440718,0.219146305720359,0.219146305720359,19,9.5,9.5,0.5,2,2,1,0,0,NA,NA,NA,NA,NA,NA,NA,NA,"G5"
"2649","Toledo","fbs","Mid-American",2017,3126095,"Jon'Vea Johnson",61,11,12,5.54545454545455,35.1592275047034,0.57638077876563,3.19629340951849,597,9.78688524590164,54.2727272727273,0.557377049180328,36,61,0.590163934426229,4,0,103,124,157,195,498,106,151,136,"G5"
"2649","Toledo","fbs","Mid-American",2017,3126113,"Terry Swanson",16,10,12,1.6,6.86106386098415,0.428816491311509,0.686106386098415,140,8.75,14,0.5,15,16,0.9375,0,0,NA,NA,NA,NA,NA,NA,NA,NA,"G5"
"2649","Toledo","fbs","Mid-American",2017,3126115,"Cody Thompson",28,4,12,7,28.3676136406142,1.01312905859337,7.09190341015356,402,14.3571428571429,100.5,0.642857142857143,21,28,0.75,2,0,147,4,15,51.5,143.5,253.5,10,11,"G5"
"2649","Toledo","fbs","Mid-American",2017,3932905,"Diontae Johnson",88,12,12,7.33333333333333,61.3470220650429,0.697125250739123,5.11225183875357,1109,12.6022727272727,92.4166666666667,0.568181818181818,64,88,0.727272727272727,9,2,13,32,97,175,182.5,10,32,19,"G5"
"2649","Toledo","fbs","Mid-American",2017,3932906,"Danzel McKinley-Lewis",35,10,12,3.5,12.2466449846467,0.349904142418477,1.22466449846467,308,8.8,30.8,0.485714285714286,21,35,0.6,3,0,378,395,331,369.5,477,355.5,246.5,405,"G5"
"2649","Toledo","fbs","Mid-American",2017,3932911,"Art Thompkins",14,7,12,2,-1.16855355919244,-0.0834681113708882,-0.166936222741776,101,7.21428571428571,14.4285714285714,0.571428571428571,12,14,0.857142857142857,0,1,NA,NA,NA,NA,NA,NA,NA,NA,"G5"
"2649","Toledo","fbs","Mid-American",2017,3932915,"Jordan Fisher",20,7,12,2.85714285714286,21.6760665068026,1.08380332534013,3.09658092954323,266,13.3,38,0.85,18,20,0.9,0,0,NA,NA,NA,NA,NA,NA,NA,NA,"G5"
"2649","Toledo","fbs","Mid-American",2017,4039493,"Desmond Phillips",15,8,12,1.875,0.397473170151727,0.0264982113434485,0.0496841462689659,102,6.8,12.75,0.333333333333333,10,15,0.666666666666667,2,0,NA,NA,NA,NA,NA,NA,NA,NA,"G5"
"2649","Toledo","fbs","Mid-American",2017,4039497,"Rhett Blackman",2,1,12,2,0.504524932922317,0.252262466461159,0.504524932922317,7,3.5,7,0.5,1,2,0.5,0,0,NA,NA,NA,NA,NA,NA,NA,NA,"G5"
"2649","Toledo","fbs","Mid-American",2017,4039500,"Neru N'Shaka",1,1,12,1,-0.386661601931837,-0.386661601931837,-0.386661601931837,2,2,2,0,1,1,1,0,0,NA,NA,NA,NA,NA,NA,NA,NA,"G5"
"2649","Toledo","fbs","Mid-American",2017,4039503,"Shakif Seymour",8,4,12,2,5.06486507335534,0.633108134169418,1.26621626833884,78,9.75,19.5,0.625,6,8,0.75,0,0,NA,NA,NA,NA,NA,NA,NA,NA,"G5"
"2649","Toledo","fbs","Mid-American",2017,4039505,"Reggie Gilliam",3,3,12,1,2.25191462990736,0.750638209969119,0.750638209969119,30,10,10,1,3,3,1,0,0,NA,NA,NA,NA,NA,NA,NA,NA,"G5"
"2649","Toledo","fbs","Mid-American",2017,4257253,"Bryce Mitchell",5,2,12,2.5,0.0652193770896332,0.0130438754179266,0.0326096885448166,41,8.2,20.5,0.6,3,5,0.6,0,0,NA,NA,NA,NA,NA,NA,NA,NA,"G5"
"2649","Toledo","fbs","Mid-American",2017,4257255,"Drew Rosi",6,6,12,1,5.6380842069504,0.9396807011584,0.9396807011584,90,15,15,1,6,6,1,0,0,NA,NA,NA,NA,NA,NA,NA,NA,"G5"
"265","Washington State","fbs","Pac-12",2017,550629,"Luke Falk",4,2,11,2,11.8719546463453,2.96798866158631,5.93597732317263,92,23,46,1,4,4,1,4,0,NA,NA,NA,NA,NA,NA,NA,NA,"P5"
"265","Washington State","fbs","Pac-12",2017,550637,"Jamal Morrow",64,11,11,5.81818181818182,19.0723580727159,0.298005594886186,1.73385073388327,453,7.078125,41.1818181818182,0.5625,53,64,0.828125,4,0,245,314,375,188,43,204,439,264,"P5"
"265","Washington State","fbs","Pac-12",2017,550647,"Gerard Wicks",10,6,11,1.66666666666667,-1.4151791617258,-0.14151791617258,-0.235863193620967,43,4.3,7.16666666666667,0.3,10,10,1,0,0,NA,NA,NA,NA,NA,NA,NA,NA,"P5"
"265","Washington State","fbs","Pac-12",2017,3122973,"Nick Begg",1,1,11,1,0.66780496331224,0.66780496331224,0.66780496331224,16,16,16,1,1,1,1,0,0,NA,NA,NA,NA,NA,NA,NA,NA,"P5"
"265","Washington State","fbs","Pac-12",2017,3127269,"Keith Harrington",1,1,11,1,0.383887367316659,0.383887367316659,0.383887367316659,13,13,13,1,1,1,1,0,0,NA,NA,NA,NA,NA,NA,NA,NA,"P5"
"265","Washington State","fbs","Pac-12",2017,3883655,"Tyler Hilinski",2,1,11,2,7.27965154399038,3.63982577199519,7.27965154399038,57,28.5,57,1,2,2,1,2,0,NA,NA,NA,NA,NA,NA,NA,NA,"P5"
"265","Washington State","fbs","Pac-12",2017,3884173,"Kyle Sweet",61,11,11,5.54545454545455,12.4540718380051,0.204165112098444,1.13218834890955,415,6.80327868852459,37.7272727272727,0.590163934426229,42,61,0.688524590163934,2,1,373,408,454,122.5,266,237.5,460,315,"P5"
"265","Washington State","fbs","Pac-12",2017,3884368,"James Williams",54,11,11,4.90909090909091,-2.37515727719039,-0.0439843940220442,-0.21592338883549,250,4.62962962962963,22.7272727272727,0.462962962962963,47,54,0.87037037037037,1,0,576,572,567,421,17,436,602,520,"P5"
"265","Washington State","fbs","Pac-12",2017,3894903,"CJ Dimry",15,5,11,3,-0.741723641339989,-0.0494482427559993,-0.148344728267998,107,7.13333333333333,21.4,0.333333333333333,9,15,0.6,0,0,NA,NA,NA,NA,NA,NA,NA,NA,"P5"
"265","Washington State","fbs","Pac-12",2017,3927809,"Tavares Martin Jr.",90,10,11,9,49.2705882289197,0.547450980321331,4.92705882289197,792,8.8,79.2,0.533333333333333,64,90,0.711111111111111,7,0,40,38,178,256.5,215.5,43,246.5,39,"P5"
"265","Washington State","fbs","Pac-12",2017,4043087,"Isaiah Johnson-Mack",79,11,11,7.18181818181818,23.7340907260057,0.300431528177288,2.15764461145507,488,6.17721518987342,44.3636363636364,0.506329113924051,53,79,0.670886075949367,5,0,194,232,374,323,300,174.5,514,225.5,"P5"
"265","Washington State","fbs","Pac-12",2017,4054085,"Dezmon Patmon",45,8,11,5.625,3.84660014274772,0.0854800031721715,0.480825017843465,341,7.57777777777778,42.625,0.422222222222222,31,45,0.688888888888889,0,0,511,499,519,508,263,318,394,248,"P5"
"265","Washington State","fbs","Pac-12",2017,4055165,"Renard Bell",45,11,11,4.09090909090909,26.700094205678,0.593335426792844,2.42728129142527,513,11.4,46.6363636363636,0.6,32,45,0.711111111111111,2,2,163,208,140,104,215.5,159,67,203,"P5"
"265","Washington State","fbs","Pac-12",2017,4245144,"Davontavean Martin",27,8,11,3.375,7.54114879401523,0.279301807185749,0.942643599251904,194,7.18518518518519,24.25,0.555555555555556,19,27,0.703703703703704,1,0,459,449,393,201.5,232,526,429,501,"P5"
"265","Washington State","fbs","Pac-12",2017,4245147,"Jamire Calvin",44,10,11,4.4,-3.93953917641264,-0.0895349812821054,-0.393953917641264,239,5.43181818181818,23.9,0.454545454545455,28,44,0.636363636363636,3,2,587,584,582,444.5,385.5,462.5,570,504.5,"P5"
"2653","Troy","fbs","Sun Belt",2017,546145,"Brandon Silvers",1,1,10,1,4.42122004815069,4.42122004815069,4.42122004815069,14,14,14,1,1,1,1,1,0,NA,NA,NA,NA,NA,NA,NA,NA,"G5"
"2653","Troy","fbs","Sun Belt",2017,551061,"Josh Anderson",12,5,10,2.4,-6.91904954058121,-0.576587461715101,-1.38380990811624,51,4.25,10.2,0.25,8,12,0.666666666666667,0,1,NA,NA,NA,NA,NA,NA,NA,NA,"G5"
"2653","Troy","fbs","Sun Belt",2017,551063,"Jordan Chunn",27,9,10,3,0.243188726965753,0.00900698988762048,0.0270209696628614,131,4.85185185185185,14.5555555555556,0.407407407407407,21,27,0.777777777777778,0,0,547,547,546,522.5,97,592,595,600,"G5"
"2653","Troy","fbs","Sun Belt",2017,551085,"Clark Quisenberry",13,7,10,1.85714285714286,10.848633613961,0.834510277997,1.54980480199443,96,7.38461538461539,13.7142857142857,0.615384615384615,9,13,0.692307692307692,2,0,NA,NA,NA,NA,NA,NA,NA,NA,"G5"
"2653","Troy","fbs","Sun Belt",2017,3125461,"John Johnson",22,9,10,2.44444444444444,5.35639996186668,0.243472725539395,0.59515555131852,186,8.45454545454546,20.6666666666667,0.454545454545455,16,22,0.727272727272727,0,0,490,488,414,444.5,182.5,535,275,542,"G5"
"2653","Troy","fbs","Sun Belt",2017,3125465,"Emanuel Thompson",46,9,10,5.11111111111111,-1.05329276809422,-0.0228976688716135,-0.117032529788247,337,7.32608695652174,37.4444444444444,0.478260869565217,30,46,0.652173913043478,0,0,560,561,558,389,345.5,327,413.5,318,"G5"
"2653","Troy","fbs","Sun Belt",2017,3125472,"Andre Flakes",1,1,10,1,-1.02047264339658,-1.02047264339658,-1.02047264339658,0,0,0,0,0,1,0,0,0,NA,NA,NA,NA,NA,NA,NA,NA,"G5"
"2653","Troy","fbs","Sun Belt",2017,3125486,"KE'Marvin Pitts",1,1,10,1,-0.35566531206711,-0.35566531206711,-0.35566531206711,2,2,2,0,1,1,1,0,0,NA,NA,NA,NA,NA,NA,NA,NA,"G5"
"2653","Troy","fbs","Sun Belt",2017,3128654,"Gabe Hill",1,1,10,1,2.16228446994129,2.16228446994129,2.16228446994129,32,32,32,1,1,1,1,0,0,NA,NA,NA,NA,NA,NA,NA,NA,"G5"
"2653","Troy","fbs","Sun Belt",2017,3916151,"Jamarius Henderson",7,6,10,1.16666666666667,-0.192203582908013,-0.0274576547011447,-0.0320339304846688,33,4.71428571428571,5.5,0.285714285714286,6,7,0.857142857142857,0,0,NA,NA,NA,NA,NA,NA,NA,NA,"G5"
"2653","Troy","fbs","Sun Belt",2017,3918395,"Richard Hallman",4,3,10,1.33333333333333,6.34355440530692,1.58588860132673,2.11451813510231,81,20.25,27,1,4,4,1,1,0,NA,NA,NA,NA,NA,NA,NA,NA,"G5"
"2653","Troy","fbs","Sun Belt",2017,3922168,"Deondre Douglas",59,10,10,5.9,22.054297425114,0.373801651273119,2.2054297425114,561,9.50847457627119,56.1,0.576271186440678,41,59,0.694915254237288,2,1,207,226,306,151.5,247,129.5,175,124,"G5"
"2653","Troy","fbs","Sun Belt",2017,4039908,"Tevaris McCormick",31,9,10,3.44444444444444,15.1651572928953,0.489198622351462,1.68501747698837,227,7.32258064516129,25.2222222222222,0.548387096774194,25,31,0.806451612903226,2,0,325,326,226,220.5,63.5,479.5,415,485.5,"G5"
"2653","Troy","fbs","Sun Belt",2017,4039909,"Sam Letton",8,5,10,1.6,4.38066863967969,0.547583579959961,0.876133727935937,73,9.125,14.6,0.5,6,8,0.75,1,0,NA,NA,NA,NA,NA,NA,NA,NA,"G5"
"2653","Troy","fbs","Sun Belt",2017,4039935,"Sidney Davis",9,5,10,1.8,1.92458418809692,0.213842687566324,0.384916837619384,56,6.22222222222222,11.2,0.444444444444444,6,9,0.666666666666667,0,0,NA,NA,NA,NA,NA,NA,NA,NA,"G5"
"2653","Troy","fbs","Sun Belt",2017,4039936,"Tray Eafford",16,5,10,3.2,18.333345972428,1.14583412327675,3.6666691944856,245,15.3125,49,0.625,14,16,0.875,3,0,NA,NA,NA,NA,NA,NA,NA,NA,"G5"
"2653","Troy","fbs","Sun Belt",2017,4241720,"Marcus Jones",3,2,10,1.5,5.27643984235405,1.75881328078469,2.63821992117703,33,11,16.5,0.666666666666667,2,3,0.666666666666667,0,0,NA,NA,NA,NA,NA,NA,NA,NA,"G5"
"2653","Troy","fbs","Sun Belt",2017,4241723,"Damion Willis",31,9,10,3.44444444444444,17.0577965548628,0.550251501769769,1.89531072831809,349,11.258064516129,38.7777777777778,0.483870967741935,20,31,0.645161290322581,1,1,278,280,174,372.5,368.5,308.5,70,297,"G5"
"2655","Tulane","fbs","American Athletic",2017,545762,"Sherman Badie",3,3,10,1,-0.211971102130295,-0.0706570340434318,-0.0706570340434318,14,4.66666666666667,4.66666666666667,0.333333333333333,3,3,1,0,0,NA,NA,NA,NA,NA,NA,NA,NA,"G5"
"2655","Tulane","fbs","American Athletic",2017,3126246,"Dontrell Hilliard",6,5,10,1.2,-0.349788653611095,-0.0582981089351825,-0.069957730722219,38,6.33333333333333,7.6,0.333333333333333,5,6,0.833333333333333,1,0,NA,NA,NA,NA,NA,NA,NA,NA,"G5"
"2655","Tulane","fbs","American Athletic",2017,3126263,"Charles Jones II",14,6,10,2.33333333333333,7.37144708969779,0.526531934978413,1.22857451494963,68,4.85714285714286,11.3333333333333,0.571428571428571,11,14,0.785714285714286,2,0,NA,NA,NA,NA,NA,NA,NA,NA,"G5"
"2655","Tulane","fbs","American Athletic",2017,3126264,"Terren Encalade",51,10,10,5.1,41.9145722777714,0.821854358387674,4.19145722777714,637,12.4901960784314,63.7,0.568627450980392,31,51,0.607843137254902,3,1,61,62,48,173,455.5,90,33,85,"G5"
"2655","Tulane","fbs","American Athletic",2017,3126266,"Kendall Ardoin",5,4,10,1.25,4.90760872622012,0.981521745244024,1.22690218155503,47,9.4,11.75,0.6,4,5,0.8,0,0,NA,NA,NA,NA,NA,NA,NA,NA,"G5"
"2655","Tulane","fbs","American Athletic",2017,3139922,"Jabril Clewis",22,8,10,2.75,13.7885257000986,0.626751168186302,1.72356571251233,174,7.90909090909091,21.75,0.545454545454545,16,22,0.727272727272727,0,0,351,317,116,229.5,182.5,550,354,529,"G5"
"2655","Tulane","fbs","American Athletic",2017,3917050,"Devin Glenn",2,2,10,1,-1.17506308167355,-0.587531540836776,-0.587531540836776,8,4,4,0.5,1,2,0.5,0,0,NA,NA,NA,NA,NA,NA,NA,NA,"G5"
"2655","Tulane","fbs","American Athletic",2017,4040640,"Darius Bradwell",3,2,10,1.5,-0.157002871076928,-0.0523342903589759,-0.0785014355384638,31,10.3333333333333,15.5,0.333333333333333,3,3,1,0,0,NA,NA,NA,NA,NA,NA,NA,NA,"G5"
"2655","Tulane","fbs","American Athletic",2017,4040655,"Darnell Mooney",46,8,10,5.75,38.2319713714595,0.831129812423033,4.77899642143244,570,12.3913043478261,71.25,0.630434782608696,31,46,0.673913043478261,3,0,85,44,46,63,296,120,35,59,"G5"
"2655","Tulane","fbs","American Athletic",2017,4040660,"Jacob Robertson Jr.",16,6,10,2.66666666666667,1.26786782313537,0.0792417389459604,0.211311303855894,81,5.0625,13.5,0.4375,11,16,0.6875,0,0,NA,NA,NA,NA,NA,NA,NA,NA,"G5"
"2655","Tulane","fbs","American Athletic",2017,4243908,"Dane Ledford",1,1,10,1,-1.48015696959093,-1.48015696959093,-1.48015696959093,11,11,11,0,1,1,1,0,0,NA,NA,NA,NA,NA,NA,NA,NA,"G5"
"2655","Tulane","fbs","American Athletic",2017,4243928,"Jaetavian Toles",2,2,10,1,-1.14708359531243,-0.573541797656217,-0.573541797656217,5,2.5,2.5,0,1,2,0.5,0,0,NA,NA,NA,NA,NA,NA,NA,NA,"G5"
"2711","Western Michigan","fbs","Mid-American",2017,545919,"Caleb Bailey",2,2,11,1,-1.35874471438779,-0.679372357193893,-0.679372357193893,0,0,0,0,1,2,0.5,0,0,NA,NA,NA,NA,NA,NA,NA,NA,"G5"
"2711","Western Michigan","fbs","Mid-American",2017,545930,"Darius Phillips",2,1,11,2,0.857102615236715,0.428551307618358,0.857102615236715,16,8,16,1,2,2,1,0,0,NA,NA,NA,NA,NA,NA,NA,NA,"G5"
"2711","Western Michigan","fbs","Mid-American",2017,3129453,"Jarvion Franklin",7,6,11,1.16666666666667,-0.955048096931113,-0.13643544241873,-0.159174682821852,35,5,5.83333333333333,0.285714285714286,5,7,0.714285714285714,1,0,NA,NA,NA,NA,NA,NA,NA,NA,"G5"
"2711","Western Michigan","fbs","Mid-American",2017,3129454,"Jamauri Bogan",2,2,11,1,-3.01987036195297,-1.50993518097648,-1.50993518097648,-3,-1.5,-1.5,0,1,2,0.5,0,0,NA,NA,NA,NA,NA,NA,NA,NA,"G5"
"2711","Western Michigan","fbs","Mid-American",2017,3129455,"Donnie Ernsberger",44,11,11,4,25.0477087156054,0.569266107172849,2.2770644286914,375,8.52272727272727,34.0909090909091,0.636363636363636,32,44,0.727272727272727,3,0,181,223,166,57.5,182.5,280,268,359,"G5"
"2711","Western Michigan","fbs","Mid-American",2017,3916716,"Anton Curtis",29,9,11,3.22222222222222,9.10358103520299,0.313916587420793,1.01150900391144,211,7.27586206896552,23.4444444444444,0.551724137931034,18,29,0.620689655172414,0,0,435,436,360,211,424.5,510.5,419.5,511,"G5"
"2711","Western Michigan","fbs","Mid-American",2017,3916721,"LeVante Bellamy",7,4,11,1.75,1.89801448924144,0.271144927034491,0.474503622310359,54,7.71428571428571,13.5,0.571428571428571,7,7,1,0,0,NA,NA,NA,NA,NA,NA,NA,NA,"G5"
"2711","Western Michigan","fbs","Mid-American",2017,3916726,"Jon Wassink",1,1,11,1,2.66462248853514,2.66462248853514,2.66462248853514,27,27,27,1,1,1,1,1,0,NA,NA,NA,NA,NA,NA,NA,NA,"G5"
"2711","Western Michigan","fbs","Mid-American",2017,3916748,"Keishawn Watson",49,9,11,5.44444444444444,5.48525131966541,0.111943904482968,0.609472368851712,324,6.61224489795918,36,0.510204081632653,34,49,0.693877551020408,4,0,488,486,505,313,249.5,339,478,337.5,"G5"
"2711","Western Michigan","fbs","Mid-American",2017,3916749,"Giovanni Ricci",17,3,11,5.66666666666667,-0.934053221111733,-0.0549443071242196,-0.311351073703911,100,5.88235294117647,33.3333333333333,0.470588235294118,12,17,0.705882352941177,0,2,NA,NA,NA,NA,NA,NA,NA,NA,"G5"
"2711","Western Michigan","fbs","Mid-American",2017,4043016,"D'Wayne Eskridge",48,10,11,4.8,12.1327544844779,0.252765718426622,1.21327544844779,397,8.27083333333333,39.7,0.416666666666667,26,48,0.541666666666667,3,0,380,396,407,514,560,260.5,299,283.5,"G5"
"2711","Western Michigan","fbs","Mid-American",2017,4043019,"Hunter Broersma",1,1,11,1,-0.842393816894151,-0.842393816894151,-0.842393816894151,5,5,5,0,1,1,1,0,0,NA,NA,NA,NA,NA,NA,NA,NA,"G5"
"2711","Western Michigan","fbs","Mid-American",2017,4079776,"Ra'Sean Davie",1,1,11,1,0.0451065485504416,0.0451065485504416,0.0451065485504416,5,5,5,1,1,1,1,0,0,NA,NA,NA,NA,NA,NA,NA,NA,"G5"
"2711","Western Michigan","fbs","Mid-American",2017,4240152,"Tyron Arnett",19,3,11,6.33333333333333,17.3968963524527,0.915626123813302,5.79896545081758,210,11.0526315789474,70,0.578947368421053,13,19,0.684210526315789,1,0,NA,NA,NA,NA,NA,NA,NA,NA,"G5"
"2711","Western Michigan","fbs","Mid-American",2017,4240175,"Luke Sanders",2,2,11,1,2.54582555991262,1.27291277995631,1.27291277995631,28,14,14,1,2,2,1,0,0,NA,NA,NA,NA,NA,NA,NA,NA,"G5"
"275","Wisconsin","fbs","Big Ten",2017,546651,"Rachid Ibrahim",7,5,13,1.4,2.99896923741927,0.428424176774181,0.599793847483853,67,9.57142857142857,13.4,0.571428571428571,6,7,0.857142857142857,0,0,NA,NA,NA,NA,NA,NA,NA,NA,"P5"
"275","Wisconsin","fbs","Big Ten",2017,546849,"Troy Fumagalli",65,11,13,5.90909090909091,21.2825101565851,0.327423233178233,1.93477365059865,516,7.93846153846154,46.9090909090909,0.553846153846154,43,65,0.661538461538462,4,0,216,274,348,207.5,323,156,346,200,"P5"
"275","Wisconsin","fbs","Big Ten",2017,546860,"Jazz Peavy",9,4,13,2.25,-3.64038613596578,-0.404487348440642,-0.910096533991445,55,6.11111111111111,13.75,0.444444444444444,5,9,0.555555555555556,0,1,NA,NA,NA,NA,NA,NA,NA,NA,"P5"
"275","Wisconsin","fbs","Big Ten",2017,550839,"Austin Ramesh",5,3,13,1.66666666666667,2.59297458979407,0.518594917958815,0.864324863264691,49,9.8,16.3333333333333,0.6,3,5,0.6,0,0,NA,NA,NA,NA,NA,NA,NA,NA,"P5"
"275","Wisconsin","fbs","Big Ten",2017,3121556,"Zander Neuville",9,7,13,1.28571428571429,8.52350845284351,0.94705649476039,1.21764406469193,81,9,11.5714285714286,0.555555555555556,9,9,1,2,0,NA,NA,NA,NA,NA,NA,NA,NA,"P5"
"275","Wisconsin","fbs","Big Ten",2017,3123936,"Chris James",5,3,13,1.66666666666667,-2.07399787179953,-0.414799574359905,-0.691332623933175,36,7.2,12,0.4,5,5,1,0,0,NA,NA,NA,NA,NA,NA,NA,NA,"P5"
"275","Wisconsin","fbs","Big Ten",2017,3886609,"Alex Hornibrook",2,2,13,1,4.87416854254277,2.43708427127138,2.43708427127138,33,16.5,16.5,1,2,2,1,1,0,NA,NA,NA,NA,NA,NA,NA,NA,"P5"
"275","Wisconsin","fbs","Big Ten",2017,3886611,"Kyle Penniston",8,5,13,1.6,4.36317321579664,0.54539665197458,0.872634643159328,56,7,11.2,0.5,7,8,0.875,1,0,NA,NA,NA,NA,NA,NA,NA,NA,"P5"
"275","Wisconsin","fbs","Big Ten",2017,3917668,"Alec Ingold",3,3,13,1,2.84540635366998,0.948468784556661,0.948468784556661,37,12.3333333333333,12.3333333333333,0.666666666666667,3,3,1,1,0,NA,NA,NA,NA,NA,NA,NA,NA,"P5"
"275","Wisconsin","fbs","Big Ten",2017,3917680,"Bradrick Shaw",3,2,13,1.5,3.93319773259199,1.311065910864,1.96659886629599,21,7,10.5,0.666666666666667,3,3,1,0,0,NA,NA,NA,NA,NA,NA,NA,NA,"P5"
"275","Wisconsin","fbs","Big Ten",2017,4035767,"Garrett Groshek",5,3,13,1.66666666666667,3.71922624978745,0.743845249957491,1.23974208326248,40,8,13.3333333333333,0.8,4,5,0.8,0,0,NA,NA,NA,NA,NA,NA,NA,NA,"P5"
"275","Wisconsin","fbs","Big Ten",2017,4035776,"Kendric Pryor",20,8,13,2.5,2.33384484944103,0.116692242472052,0.291730606180129,149,7.45,18.625,0.45,11,20,0.55,1,0,NA,NA,NA,NA,NA,NA,NA,NA,"P5"
"275","Wisconsin","fbs","Big Ten",2017,4035792,"A.J. Taylor",32,12,13,2.66666666666667,22.9585486526453,0.717454645395166,1.91321238772044,346,10.8125,28.8333333333333,0.59375,22,32,0.6875,3,0,201,278,88,112,268,312,87,434,"P5"
"275","Wisconsin","fbs","Big Ten",2017,4035793,"Quintez Cephus",36,9,13,4,50.444766853188,1.40124352369967,5.60497409479867,501,13.9166666666667,55.6666666666667,0.75,30,36,0.833333333333333,6,0,36,22,1,6.5,41,168.5,12,129.5,"P5"
"275","Wisconsin","fbs","Big Ten",2017,4242330,"Danny Davis III",34,9,13,3.77777777777778,24.8615353016942,0.731221626520417,2.76239281129935,362,10.6470588235294,40.2222222222222,0.617647058823529,21,34,0.617647058823529,2,0,183,165,80,80,428.5,292,99,275,"P5"
"275","Wisconsin","fbs","Big Ten",2017,4242335,"Jonathan Taylor",12,7,13,1.71428571428571,0.419935346364674,0.0349946121970562,0.059990763766382,82,6.83333333333333,11.7142857142857,0.333333333333333,7,12,0.583333333333333,0,0,NA,NA,NA,NA,NA,NA,NA,NA,"P5"
"2751","Wyoming","fbs","Mountain West",2017,552726,"Drew Van Maanen",7,5,11,1.4,2.51027120335434,0.358610171907762,0.502054240670867,108,15.4285714285714,21.6,0.857142857142857,7,7,1,0,1,NA,NA,NA,NA,NA,NA,NA,NA,"G5"
"2751","Wyoming","fbs","Mountain West",2017,3125401,"Nico Evans",12,7,11,1.71428571428571,3.26155142619605,0.271795952183004,0.465935918028008,70,5.83333333333333,10,0.5,10,12,0.833333333333333,1,0,NA,NA,NA,NA,NA,NA,NA,NA,"G5"
"2751","Wyoming","fbs","Mountain West",2017,3125402,"Austin Fort",13,5,11,2.6,6.49777843584398,0.499829110449537,1.2995556871688,110,8.46153846153846,22,0.538461538461538,9,13,0.692307692307692,3,0,NA,NA,NA,NA,NA,NA,NA,NA,"G5"
"2751","Wyoming","fbs","Mountain West",2017,3125414,"Tyree Mayfield",16,7,11,2.28571428571429,5.81194882483311,0.363246801552069,0.830278403547587,90,5.625,12.8571428571429,0.5,10,16,0.625,0,0,NA,NA,NA,NA,NA,NA,NA,NA,"G5"
"2751","Wyoming","fbs","Mountain West",2017,3918298,"Josh Allen",1,1,11,1,-0.407203933638293,-0.407203933638293,-0.407203933638293,2,2,2,0,1,1,1,0,0,NA,NA,NA,NA,NA,NA,NA,NA,"G5"
"2751","Wyoming","fbs","Mountain West",2017,3918311,"Milo Hall",5,5,11,1,-2.2569055102703,-0.45138110205406,-0.45138110205406,21,4.2,4.2,0.2,5,5,1,0,0,NA,NA,NA,NA,NA,NA,NA,NA,"G5"
"2751","Wyoming","fbs","Mountain West",2017,3918312,"Josh Harshman",14,7,11,2,0.976060543819211,0.0697186102728008,0.139437220545602,105,7.5,15,0.571428571428571,11,14,0.785714285714286,0,0,NA,NA,NA,NA,NA,NA,NA,NA,"G5"
"2751","Wyoming","fbs","Mountain West",2017,3918318,"C.J. Johnson",41,10,11,4.1,10.3831994874424,0.253248767986399,1.03831994874424,338,8.24390243902439,33.8,0.390243902439024,21,41,0.51219512195122,5,0,413,428,406,540,591,324,301,364.5,"G5"
"2751","Wyoming","fbs","Mountain West",2017,3918322,"Kellen Overstreet",3,3,11,1,1.22267908019353,0.407559693397842,0.407559693397842,39,13,13,0.333333333333333,3,3,1,0,0,NA,NA,NA,NA,NA,NA,NA,NA,"G5"
"2751","Wyoming","fbs","Mountain West",2017,3918324,"James Price",29,8,11,3.625,8.29968030298868,0.286195872516851,1.03746003787358,245,8.44827586206897,30.625,0.517241379310345,17,29,0.586206896551724,0,0,448,429,383,294.5,503,452.5,276,407,"G5"
"2751","Wyoming","fbs","Mountain West",2017,4036754,"Austin Conway",65,11,11,5.90909090909091,-0.797201335269324,-0.0122646359272204,-0.0724728486608476,385,5.92307692307692,35,0.384615384615385,47,65,0.723076923076923,1,0,556,556,553,547,193,273.5,536,347.5,"G5"
"2751","Wyoming","fbs","Mountain West",2017,4048717,"Rico Gafford",1,1,11,1,-0.148570472727982,-0.148570472727982,-0.148570472727982,4,4,4,0,1,1,1,0,0,NA,NA,NA,NA,NA,NA,NA,NA,"G5"
"2751","Wyoming","fbs","Mountain West",2017,4048721,"Dontae Crow",1,1,11,1,-0.179169539497869,-0.179169539497869,-0.179169539497869,5,5,5,0,1,1,1,0,0,NA,NA,NA,NA,NA,NA,NA,NA,"G5"
"2751","Wyoming","fbs","Mountain West",2017,4048722,"John Okwoli",13,5,11,2.6,6.98504874734417,0.537311442103398,1.39700974946883,120,9.23076923076923,24,0.615384615384615,10,13,0.769230769230769,1,0,NA,NA,NA,NA,NA,NA,NA,NA,"G5"
"2751","Wyoming","fbs","Mountain West",2017,4240334,"Avante' Cox",3,2,11,1.5,5.55502781681103,1.85167593893701,2.77751390840552,64,21.3333333333333,32,1,3,3,1,0,0,NA,NA,NA,NA,NA,NA,NA,NA,"G5"
"2751","Wyoming","fbs","Mountain West",2017,4240346,"Jared Scott",1,1,11,1,2.53594645411868,2.53594645411868,2.53594645411868,17,17,17,1,1,1,1,1,0,NA,NA,NA,NA,NA,NA,NA,NA,"G5"
"2751","Wyoming","fbs","Mountain West",2017,4240355,"Trey Woods",8,5,11,1.6,3.34001715485473,0.417502144356842,0.668003430970947,74,9.25,14.8,0.375,4,8,0.5,0,0,NA,NA,NA,NA,NA,NA,NA,NA,"G5"
"276","Marshall","fbs","Conference USA",2017,3122708,"Trey Rodriguez",6,2,12,3,-2.88458750419121,-0.480764584031868,-1.4422937520956,24,4,12,0.5,5,6,0.833333333333333,0,1,NA,NA,NA,NA,NA,NA,NA,NA,"G5"
"276","Marshall","fbs","Conference USA",2017,3123074,"Tyre Brady",93,10,12,9.3,37.9171009985187,0.407710763424932,3.79171009985187,777,8.35483870967742,77.7,0.483870967741935,56,93,0.602150537634409,7,0,87,83,279,372.5,471,52.5,286,45,"G5"
"276","Marshall","fbs","Conference USA",2017,3139421,"Hyleck Foster",12,4,12,3,3.53175210712844,0.294312675594037,0.882938026782111,124,10.3333333333333,31,0.5,8,12,0.666666666666667,1,1,NA,NA,NA,NA,NA,NA,NA,NA,"G5"
"276","Marshall","fbs","Conference USA",2017,3139422,"Donquell Green",1,1,12,1,-0.517743360653986,-0.517743360653986,-0.517743360653986,1,1,1,0,1,1,1,0,0,NA,NA,NA,NA,NA,NA,NA,NA,"G5"
"276","Marshall","fbs","Conference USA",2017,3139447,"Ryan Yurachek",69,12,12,5.75,21.5530300920378,0.312362754957069,1.79608584100315,430,6.23188405797101,35.8333333333333,0.492753623188406,47,69,0.681159420289855,9,0,209,301,362,350,281.5,221,508,339.5,"G5"
"276","Marshall","fbs","Conference USA",2017,3931766,"Keion Davis",23,10,12,2.3,-9.72906844647282,-0.423002975933601,-0.972906844647282,134,5.82608695652174,13.4,0.347826086956522,19,23,0.826086956521739,0,1,611,605,612,580,44,589.5,543,605,"G5"
"276","Marshall","fbs","Conference USA",2017,3931784,"Nick Mathews",10,2,12,5,4.33624389270785,0.433624389270785,2.16812194635393,77,7.7,38.5,0.7,7,10,0.7,0,0,NA,NA,NA,NA,NA,NA,NA,NA,"G5"
"276","Marshall","fbs","Conference USA",2017,4038464,"Obi Obialo",28,7,12,4,12.1151275485182,0.432683126732793,1.73073250693117,228,8.14285714285714,32.5714285714286,0.571428571428571,18,28,0.642857142857143,0,0,381,315,260,165,370.5,476.5,314,379,"G5"
"276","Marshall","fbs","Conference USA",2017,4043606,"Willie Johnson",57,11,12,5.18181818181818,13.2231659214764,0.231985367043446,1.20210599286149,446,7.82456140350877,40.5454545454545,0.456140350877193,36,57,0.631578947368421,4,1,358,398,430,440,399,209,372,270,"G5"
"276","Marshall","fbs","Conference USA",2017,4244849,"Marcel Williams",64,9,12,7.11111111111111,39.7010395545624,0.620328743040037,4.4112266171736,512,8,56.8888888888889,0.46875,41,64,0.640625,2,0,73,58,119,412,374,160.5,336.5,119,"G5"
"276","Marshall","fbs","Conference USA",2017,4261908,"Tyler King",16,7,12,2.28571428571429,3.28125704670644,0.205078565419153,0.468751006672349,96,6,13.7142857142857,0.5625,11,16,0.6875,0,0,NA,NA,NA,NA,NA,NA,NA,NA,"G5"
"277","West Virginia","fbs","Big 12",2017,546051,"Elijah Wellman",7,4,11,1.75,-0.42722514981901,-0.0610321642598585,-0.106806287454752,36,5.14285714285714,9,0.285714285714286,5,7,0.714285714285714,0,0,NA,NA,NA,NA,NA,NA,NA,NA,"P5"
"277","West Virginia","fbs","Big 12",2017,559556,"Will Grier",3,2,11,1.5,11.1595638535961,3.71985461786536,5.57978192679804,104,34.6666666666667,52,1,3,3,1,3,0,NA,NA,NA,NA,NA,NA,NA,NA,"P5"
"277","West Virginia","fbs","Big 12",2017,3116469,"Ricky Rogers",1,1,11,1,1.43723373923565,1.43723373923565,1.43723373923565,26,26,26,1,1,1,1,0,0,NA,NA,NA,NA,NA,NA,NA,NA,"P5"
"277","West Virginia","fbs","Big 12",2017,3916071,"Gary Jennings",118,11,11,10.7272727272727,38.9197347642152,0.329828260713688,3.53815770583774,902,7.64406779661017,82,0.533898305084746,88,118,0.745762711864407,1,0,77,97,347,253,152.5,27,390,35,"P5"
"277","West Virginia","fbs","Big 12",2017,3916085,"Ka'Raun White",82,11,11,7.45454545454545,53.2319099257617,0.649169633240996,4.83926453870561,753,9.18292682926829,68.4545454545455,0.51219512195122,48,82,0.585365853658537,7,1,27,39,112,306,505,56,216,68,"P5"
"277","West Virginia","fbs","Big 12",2017,4039226,"Justin Crawford",11,7,11,1.57142857142857,-4.88944495437625,-0.444494995852386,-0.698492136339464,38,3.45454545454545,5.42857142857143,0.272727272727273,8,11,0.727272727272727,0,0,NA,NA,NA,NA,NA,NA,NA,NA,"P5"
"277","West Virginia","fbs","Big 12",2017,4039234,"Kennedy McKoy",15,8,11,1.875,-5.55243646651009,-0.370162431100673,-0.694054558313762,73,4.86666666666667,9.125,0.333333333333333,9,15,0.6,0,0,NA,NA,NA,NA,NA,NA,NA,NA,"P5"
"277","West Virginia","fbs","Big 12",2017,4039244,"Marcus Simms",46,10,11,4.6,21.1418823955389,0.459606139033454,2.11418823955389,539,11.7173913043478,53.9,0.521739130434783,28,46,0.608695652173913,3,0,217,237,239,283,452,144,51,139.5,"P5"
"277","West Virginia","fbs","Big 12",2017,4039253,"Trevon Wesco",2,1,11,2,-1.29796849154704,-0.648984245773518,-1.29796849154704,1,0.5,1,0,1,2,0.5,0,0,NA,NA,NA,NA,NA,NA,NA,NA,"P5"
"277","West Virginia","fbs","Big 12",2017,4046975,"Druw Bowen",1,1,11,1,0.891089137116256,0.891089137116256,0.891089137116256,9,9,9,1,1,1,1,0,0,NA,NA,NA,NA,NA,NA,NA,NA,"P5"
"277","West Virginia","fbs","Big 12",2017,4046981,"Martell Pettaway",2,2,11,1,0.743376994895973,0.371688497447987,0.371688497447987,12,6,6,0.5,1,2,0.5,0,0,NA,NA,NA,NA,NA,NA,NA,NA,"P5"
"277","West Virginia","fbs","Big 12",2017,4241868,"Tevin Bush",5,3,11,1.66666666666667,-3.74920839579258,-0.749841679158517,-1.24973613193086,15,3,5,0,4,5,0.8,0,0,NA,NA,NA,NA,NA,NA,NA,NA,"P5"
"277","West Virginia","fbs","Big 12",2017,4241880,"Dominique Maiden",3,1,11,3,-1.19840569171562,-0.399468563905207,-1.19840569171562,7,2.33333333333333,7,0.333333333333333,1,3,0.333333333333333,0,0,NA,NA,NA,NA,NA,NA,NA,NA,"P5"
"277","West Virginia","fbs","Big 12",2017,4241888,"Reggie Roberson Jr.",3,2,11,1.5,-0.22098150281193,-0.0736605009373098,-0.110490751405965,16,5.33333333333333,8,0.333333333333333,3,3,1,0,0,NA,NA,NA,NA,NA,NA,NA,NA,"P5"
"278","Fresno State","fbs","Mountain West",2017,552062,"Da'Mari Scott",69,12,12,5.75,11.9758204691786,0.173562615495342,0.997985039098219,511,7.40579710144928,42.5833333333333,0.492753623188406,51,69,0.739130434782609,1,0,386,441,476,350,165,163,405,249,"G5"
"278","Fresno State","fbs","Mountain West",2017,3124537,"KeeSean Johnson",96,12,12,8,29.1465236604071,0.303609621462573,2.42887697170059,798,8.3125,66.5,0.53125,62,96,0.645833333333333,8,1,143,207,370,262.5,366,40.5,292,77,"G5"
"278","Fresno State","fbs","Mountain West",2017,3124538,"Jamire Jordan",34,11,12,3.09090909090909,20.501365327942,0.602981333174765,1.86376048435837,418,12.2941176470588,38,0.441176470588235,19,34,0.558823529411765,2,1,227,288,130,477,538,230.5,37,311,"G5"
"278","Fresno State","fbs","Mountain West",2017,3124547,"Kyle Riddering",6,4,12,1.5,-0.234586193622031,-0.0390976989370052,-0.0586465484055078,42,7,10.5,0.333333333333333,5,6,0.833333333333333,0,0,NA,NA,NA,NA,NA,NA,NA,NA,"G5"
"278","Fresno State","fbs","Mountain West",2017,3139396,"David Tangipa",1,1,12,1,2.57407163232671,2.57407163232671,2.57407163232671,3,3,3,1,1,1,1,1,0,NA,NA,NA,NA,NA,NA,NA,NA,"G5"
"278","Fresno State","fbs","Mountain West",2017,3918043,"Jared Rice",19,8,12,2.375,18.0295081412804,0.948921481120019,2.25368851766005,239,12.5789473684211,29.875,0.736842105263158,15,19,0.789473684210526,1,1,NA,NA,NA,NA,NA,NA,NA,NA,"G5"
"278","Fresno State","fbs","Mountain West",2017,3918046,"James Bailey",2,1,12,2,-0.849861860924046,-0.424930930462023,-0.849861860924046,6,3,6,0.5,1,2,0.5,0,0,NA,NA,NA,NA,NA,NA,NA,NA,"G5"
"278","Fresno State","fbs","Mountain West",2017,3918048,"Dejonte O'Neal",13,7,12,1.85714285714286,-1.97998988862016,-0.152306914509243,-0.282855698374309,95,7.30769230769231,13.5714285714286,0.692307692307692,11,13,0.846153846153846,0,1,NA,NA,NA,NA,NA,NA,NA,NA,"G5"
"278","Fresno State","fbs","Mountain West",2017,4034844,"Derrion Grim",10,5,12,2,9.35799197849503,0.935799197849503,1.87159839569901,164,16.4,32.8,0.7,9,10,0.9,1,0,NA,NA,NA,NA,NA,NA,NA,NA,"G5"
"278","Fresno State","fbs","Mountain West",2017,4049391,"Josh Hokit",16,8,12,2,-2.85473498420488,-0.178420936512805,-0.35684187302561,98,6.125,12.25,0.3125,12,16,0.75,0,0,NA,NA,NA,NA,NA,NA,NA,NA,"G5"
"278","Fresno State","fbs","Mountain West",2017,4243003,"Ronnie Rivers",21,8,12,2.625,-5.07554246888367,-0.24169249851827,-0.634442808610459,100,4.76190476190476,12.5,0.333333333333333,15,21,0.714285714285714,1,1,NA,NA,NA,NA,NA,NA,NA,NA,"G5"
"278","Fresno State","fbs","Mountain West",2017,4243004,"Jordan Mims",16,8,12,2,0.264700636490744,0.0165437897806715,0.033087579561343,98,6.125,12.25,0.375,10,16,0.625,0,0,NA,NA,NA,NA,NA,NA,NA,NA,"G5"
"278","Fresno State","fbs","Mountain West",2017,4243016,"Namani Parker",1,1,12,1,-0.646848142502364,-0.646848142502364,-0.646848142502364,1,1,1,0,1,1,1,0,0,NA,NA,NA,NA,NA,NA,NA,NA,"G5"
"290","Georgia Southern","fbs","Sun Belt",2017,549298,"L.A. Ramsby",3,2,11,1.5,-0.13535365184137,-0.0451178839471232,-0.0676768259206848,14,4.66666666666667,7,0.666666666666667,3,3,1,0,0,NA,NA,NA,NA,NA,NA,NA,NA,"G5"
"290","Georgia Southern","fbs","Sun Belt",2017,549308,"Demarcus Godfrey",2,1,11,2,0.46838552231316,0.23419276115658,0.46838552231316,18,9,18,0.5,2,2,1,0,0,NA,NA,NA,NA,NA,NA,NA,NA,"G5"
"290","Georgia Southern","fbs","Sun Belt",2017,3123738,"Myles Campbell",20,8,11,2.5,0.226788097260628,0.0113394048630314,0.0283485121575786,102,5.1,12.75,0.35,13,20,0.65,1,0,NA,NA,NA,NA,NA,NA,NA,NA,"G5"
"290","Georgia Southern","fbs","Sun Belt",2017,3123746,"Monteo Garrett",1,1,11,1,-0.895696049234216,-0.895696049234216,-0.895696049234216,0,0,0,0,0,1,0,0,0,NA,NA,NA,NA,NA,NA,NA,NA,"G5"
"290","Georgia Southern","fbs","Sun Belt",2017,3917196,"Obe Fortune",16,6,11,2.66666666666667,13.6306170017337,0.851913562608359,2.27176950028896,171,10.6875,28.5,0.4375,12,16,0.75,1,0,NA,NA,NA,NA,NA,NA,NA,NA,"G5"
"290","Georgia Southern","fbs","Sun Belt",2017,3917200,"Malik Henry",31,6,11,5.16666666666667,16.0977856186594,0.519283407053527,2.68296426977656,252,8.12903225806452,42,0.451612903225806,18,31,0.580645161290323,1,0,307,171,197,454,512,430.5,319,254.5,"G5"
"290","Georgia Southern","fbs","Sun Belt",2017,3917201,"D'Ondre Glenn",11,6,11,1.83333333333333,6.54342697968204,0.594856998152913,1.09057116328034,135,12.2727272727273,22.5,0.545454545454545,9,11,0.818181818181818,1,0,NA,NA,NA,NA,NA,NA,NA,NA,"G5"
"290","Georgia Southern","fbs","Sun Belt",2017,3917202,"Wesley Fields",13,6,11,2.16666666666667,-3.564370128993,-0.274182317614846,-0.594061688165499,71,5.46153846153846,11.8333333333333,0.230769230769231,11,13,0.846153846153846,1,0,NA,NA,NA,NA,NA,NA,NA,NA,"G5"
"290","Georgia Southern","fbs","Sun Belt",2017,3926590,"Ellis Richardson",12,6,11,2,11.846431258665,0.987202604888751,1.9744052097775,185,15.4166666666667,30.8333333333333,0.583333333333333,9,12,0.75,3,0,NA,NA,NA,NA,NA,NA,NA,NA,"G5"
"290","Georgia Southern","fbs","Sun Belt",2017,4036650,"Shai Werts",1,1,11,1,3.41600798946347,3.41600798946347,3.41600798946347,30,30,30,1,1,1,1,0,0,NA,NA,NA,NA,NA,NA,NA,NA,"G5"
"290","Georgia Southern","fbs","Sun Belt",2017,4036653,"Mark Michaud",10,3,11,3.33333333333333,-1.31081933740932,-0.131081933740932,-0.43693977913644,129,12.9,43,0.4,4,10,0.4,0,1,NA,NA,NA,NA,NA,NA,NA,NA,"G5"
"290","Georgia Southern","fbs","Sun Belt",2017,4036676,"Darion Anderson",8,5,11,1.6,6.58852405172051,0.823565506465064,1.3177048103441,106,13.25,21.2,0.75,6,8,0.75,0,0,NA,NA,NA,NA,NA,NA,NA,NA,"G5"
"290","Georgia Southern","fbs","Sun Belt",2017,4241138,"Wesley Kennedy III",6,2,11,3,-8.7577531733098,-1.45962552888497,-4.3788765866549,5,0.833333333333333,2.5,0.166666666666667,4,6,0.666666666666667,0,0,NA,NA,NA,NA,NA,NA,NA,NA,"G5"
"295","Old Dominion","fbs","Conference USA",2017,549986,"DeAndre Woods",2,1,11,2,-1.37134785933278,-0.685673929666389,-1.37134785933278,3,1.5,3,0,1,2,0.5,0,0,NA,NA,NA,NA,NA,NA,NA,NA,"G5"
"295","Old Dominion","fbs","Conference USA",2017,553072,"Melvin Vaughn",55,8,11,6.875,10.6761720096485,0.194112218357246,1.33452150120606,354,6.43636363636364,44.25,0.490909090909091,33,55,0.6,4,0,409,375,457,355,477,302,493,227,"G5"
"295","Old Dominion","fbs","Conference USA",2017,3123208,"Isaiah Harper",54,10,11,5.4,9.31596349444899,0.172517842489796,0.931596349444899,452,8.37037037037037,45.2,0.5,38,54,0.703703703703704,0,0,431,451,477,335,232,205,283,223,"G5"
"295","Old Dominion","fbs","Conference USA",2017,3123212,"Ray Lawry",11,5,11,2.2,1.99637182411374,0.181488347646704,0.399274364822748,55,5,11,0.454545454545455,11,11,1,1,0,NA,NA,NA,NA,NA,NA,NA,NA,"G5"
"295","Old Dominion","fbs","Conference USA",2017,3123220,"Pat Toal",1,1,11,1,-0.923514356917306,-0.923514356917306,-0.923514356917306,0,0,0,0,0,1,0,0,0,NA,NA,NA,NA,NA,NA,NA,NA,"G5"
"295","Old Dominion","fbs","Conference USA",2017,3123226,"Jonathan Duhart",9,1,11,9,-3.06201884381599,-0.340224315979555,-3.06201884381599,24,2.66666666666667,24,0.222222222222222,2,9,0.222222222222222,1,0,NA,NA,NA,NA,NA,NA,NA,NA,"G5"
"295","Old Dominion","fbs","Conference USA",2017,3123229,"Marques Little",13,7,11,1.85714285714286,6.12334926603965,0.471026866618435,0.874764180862807,111,8.53846153846154,15.8571428571429,0.615384615384615,12,13,0.923076923076923,0,0,NA,NA,NA,NA,NA,NA,NA,NA,"G5"
"295","Old Dominion","fbs","Conference USA",2017,3139522,"Travis Fulgham",59,11,11,5.36363636363636,-1.44059347238724,-0.024416838515038,-0.130963042944295,323,5.47457627118644,29.3636363636364,0.406779661016949,29,59,0.491525423728814,0,0,565,563,561,525,600,340.5,569,425,"G5"
"295","Old Dominion","fbs","Conference USA",2017,3139530,"Brandon Simmons",2,2,11,1,1.15729094592328,0.578645472961642,0.578645472961642,12,6,6,0.5,2,2,1,0,0,NA,NA,NA,NA,NA,NA,NA,NA,"G5"
"295","Old Dominion","fbs","Conference USA",2017,3914534,"Jeremy Cox",17,7,11,2.42857142857143,6.75248372158263,0.397204924798978,0.964640531654661,133,7.82352941176471,19,0.588235294117647,13,17,0.764705882352941,0,0,NA,NA,NA,NA,NA,NA,NA,NA,"G5"
"295","Old Dominion","fbs","Conference USA",2017,3914535,"Nijee Cox",2,1,11,2,-2.47437450820758,-1.23718725410379,-2.47437450820758,0,0,0,0,0,2,0,0,0,NA,NA,NA,NA,NA,NA,NA,NA,"G5"
"295","Old Dominion","fbs","Conference USA",2017,3914540,"Eri'Reon Hayes",3,1,11,3,0.0201167034116705,0.00670556780389016,0.0201167034116705,12,4,12,0.666666666666667,2,3,0.666666666666667,0,0,NA,NA,NA,NA,NA,NA,NA,NA,"G5"
"295","Old Dominion","fbs","Conference USA",2017,3914541,"Gemonta Jackson",10,5,11,2,-1.96861748210613,-0.196861748210613,-0.393723496421227,68,6.8,13.6,0.3,8,10,0.8,0,0,NA,NA,NA,NA,NA,NA,NA,NA,"G5"
"295","Old Dominion","fbs","Conference USA",2017,3914547,"Hasaan Patterson",15,4,11,3.75,-2.71776380626199,-0.1811842537508,-0.679440951565498,57,3.8,14.25,0.266666666666667,5,15,0.333333333333333,1,0,NA,NA,NA,NA,NA,NA,NA,NA,"G5"
"295","Old Dominion","fbs","Conference USA",2017,3914553,"Tim Ward",1,1,11,1,-1.11179899615224,-1.11179899615224,-1.11179899615224,0,0,0,0,0,1,0,0,0,NA,NA,NA,NA,NA,NA,NA,NA,"G5"
"295","Old Dominion","fbs","Conference USA",2017,4037428,"Noah Ellison",7,4,11,1.75,2.16431213912832,0.309187448446903,0.54107803478208,55,7.85714285714286,13.75,0.571428571428571,6,7,0.857142857142857,0,0,NA,NA,NA,NA,NA,NA,NA,NA,"G5"
"295","Old Dominion","fbs","Conference USA",2017,4037433,"Jake Herslow",2,1,11,2,0.234384706313199,0.1171923531566,0.234384706313199,14,7,14,0.5,2,2,1,0,0,NA,NA,NA,NA,NA,NA,NA,NA,"G5"
"295","Old Dominion","fbs","Conference USA",2017,4037441,"Brandon Sinclair",1,1,11,1,-0.465015245284119,-0.465015245284119,-0.465015245284119,-1,-1,-1,0,1,1,1,0,0,NA,NA,NA,NA,NA,NA,NA,NA,"G5"
"295","Old Dominion","fbs","Conference USA",2017,4079082,"Kevin Todd",14,4,11,3.5,0.135192380038242,0.00965659857416013,0.0337980950095605,91,6.5,22.75,0.5,9,14,0.642857142857143,0,0,NA,NA,NA,NA,NA,NA,NA,NA,"G5"
"295","Old Dominion","fbs","Conference USA",2017,4243485,"Steven Williams",1,1,11,1,8.35334340213913,8.35334340213913,8.35334340213913,71,71,71,1,1,1,1,1,0,NA,NA,NA,NA,NA,NA,NA,NA,"G5"
"30","USC","fbs","Pac-12",2017,546427,"Steven Mitchell Jr.",54,10,13,5.4,42.2844716011101,0.783045770390928,4.22844716011101,639,11.8333333333333,63.9,0.666666666666667,40,54,0.740740740740741,3,0,59,61,60,34,162.5,89,48,84,"P5"
"30","USC","fbs","Pac-12",2017,3120349,"Jalen Greene",12,5,13,2.4,5.73573758723449,0.477978132269541,1.1471475174469,98,8.16666666666667,19.6,0.583333333333333,8,12,0.666666666666667,0,0,NA,NA,NA,NA,NA,NA,NA,NA,"P5"
"30","USC","fbs","Pac-12",2017,3682406,"Daniel Imatorbhebhe",9,4,13,2.25,4.95520265479997,0.550578072755552,1.23880066369999,119,13.2222222222222,29.75,0.666666666666667,6,9,0.666666666666667,0,0,NA,NA,NA,NA,NA,NA,NA,NA,"P5"
"30","USC","fbs","Pac-12",2017,3912547,"Sam Darnold",11,6,13,1.83333333333333,34.7773020728722,3.16157291571566,5.79621701214537,233,21.1818181818182,38.8333333333333,0.909090909090909,10,11,0.909090909090909,10,0,NA,NA,NA,NA,NA,NA,NA,NA,"P5"
"30","USC","fbs","Pac-12",2017,3912550,"Ronald Jones II",14,10,13,1.4,8.58307014154935,0.613076438682096,0.858307014154935,131,9.35714285714286,13.1,0.5,13,14,0.928571428571429,0,0,NA,NA,NA,NA,NA,NA,NA,NA,"P5"
"30","USC","fbs","Pac-12",2017,3912551,"Aca'Cedric Ware",6,6,13,1,1.21683374239669,0.202805623732782,0.202805623732782,62,10.3333333333333,10.3333333333333,0.666666666666667,6,6,1,0,0,NA,NA,NA,NA,NA,NA,NA,NA,"P5"
"30","USC","fbs","Pac-12",2017,3912557,"Tyler Petite",28,10,13,2.8,27.3407280899941,0.976454574642647,2.73407280899941,305,10.8928571428571,30.5,0.642857142857143,22,28,0.785714285714286,3,0,156,166,22,51.5,81.5,360,82,410.5,"P5"
"30","USC","fbs","Pac-12",2017,3932935,"Deontay Burnett",96,13,13,7.38461538461539,44.0920420714338,0.459292104910769,3.39169554395645,865,9.01041666666667,66.5384615384615,0.572916666666667,69,96,0.71875,4,0,54,109,240,159,197.5,31,226,76,"P5"
"30","USC","fbs","Pac-12",2017,4035687,"Michael Pittman Jr.",25,7,13,3.57142857142857,22.988671685849,0.919546867433961,3.28409595512129,328,13.12,46.8571428571429,0.68,19,25,0.76,1,0,200,119,28,26.5,124.5,335,26,201,"P5"
"30","USC","fbs","Pac-12",2017,4035689,"Josh Imatorbhebhe",4,2,13,2,-2.45310455481503,-0.613276138703758,-1.22655227740752,11,2.75,5.5,0.25,2,4,0.5,0,0,NA,NA,NA,NA,NA,NA,NA,NA,"P5"
"30","USC","fbs","Pac-12",2017,4035692,"Tyler Vaughns",59,12,13,4.91666666666667,49.3270102640275,0.836051021424195,4.11058418866896,610,10.3389830508475,50.8333333333333,0.677966101694915,48,59,0.813559322033898,2,0,39,68,44,28,54,103,118,172,"P5"
"30","USC","fbs","Pac-12",2017,4035693,"Velus Jones Jr.",10,8,13,1.25,-2.15503808457732,-0.215503808457732,-0.269379760572165,46,4.6,5.75,0.3,6,10,0.6,0,0,NA,NA,NA,NA,NA,NA,NA,NA,"P5"
"30","USC","fbs","Pac-12",2017,4035695,"Vavae Malepeai",3,2,13,1.5,-2.49368133267687,-0.83122711089229,-1.24684066633843,2,0.666666666666667,1,0,2,3,0.666666666666667,0,0,NA,NA,NA,NA,NA,NA,NA,NA,"P5"
"30","USC","fbs","Pac-12",2017,4035702,"Trevon Sidney",4,3,13,1.33333333333333,-0.549509076201849,-0.137377269050462,-0.183169692067283,35,8.75,11.6666666666667,0.5,3,4,0.75,0,0,NA,NA,NA,NA,NA,NA,NA,NA,"P5"
"30","USC","fbs","Pac-12",2017,4259630,"Joseph Lewis IV",6,3,13,2,2.5264228024807,0.421070467080116,0.842140934160232,39,6.5,13,0.666666666666667,4,6,0.666666666666667,0,0,NA,NA,NA,NA,NA,NA,NA,NA,"P5"
"30","USC","fbs","Pac-12",2017,4259633,"Stephen Carr",17,7,13,2.42857142857143,9.15694139298314,0.538643611351949,1.30813448471188,189,11.1176470588235,27,0.647058823529412,16,17,0.941176470588235,0,0,NA,NA,NA,NA,NA,NA,NA,NA,"P5"
"30","USC","fbs","Pac-12",2017,4259634,"Randal Grimes",2,2,13,1,1.02741318822555,0.513706594112777,0.513706594112777,17,8.5,8.5,0.5,2,2,1,0,0,NA,NA,NA,NA,NA,NA,NA,NA,"P5"
"30","USC","fbs","Pac-12",2017,4259648,"Josh Falo",4,3,13,1.33333333333333,6.32772290063187,1.58193072515797,2.10924096687729,65,16.25,21.6666666666667,1,4,4,1,2,0,NA,NA,NA,NA,NA,NA,NA,NA,"P5"
"30","USC","fbs","Pac-12",2017,4259649,"Erik Krommenhoek",2,2,13,1,0.113401739978765,0.0567008699893827,0.0567008699893827,11,5.5,5.5,0.5,2,2,1,0,0,NA,NA,NA,NA,NA,NA,NA,NA,"P5"
"309","Louisiana","fbs","Sun Belt",2017,545810,"Devin Scott",3,1,11,3,-2.26314260910718,-0.754380869702393,-2.26314260910718,45,15,45,0.666666666666667,3,3,1,1,1,NA,NA,NA,NA,NA,NA,NA,NA,"G5"
"309","Louisiana","fbs","Sun Belt",2017,546102,"Darius Hoggins",5,5,11,1,0.518909964166707,0.103781992833341,0.103781992833341,16,3.2,3.2,0.4,4,5,0.8,0,0,NA,NA,NA,NA,NA,NA,NA,NA,"G5"
"309","Louisiana","fbs","Sun Belt",2017,3124912,"Jordan Davis",4,2,11,2,4.89654240526129,1.22413560131532,2.44827120263064,28,7,14,0.75,3,4,0.75,2,0,NA,NA,NA,NA,NA,NA,NA,NA,"G5"
"309","Louisiana","fbs","Sun Belt",2017,3124920,"Chris Collins",1,1,11,1,0.203180407881069,0.203180407881069,0.203180407881069,6,6,6,1,1,1,1,0,0,NA,NA,NA,NA,NA,NA,NA,NA,"G5"
"309","Louisiana","fbs","Sun Belt",2017,3139669,"Ryheem Malone",58,9,11,6.44444444444444,47.6671946855893,0.821848184234298,5.29635496506548,631,10.8793103448276,70.1111111111111,0.586206896551724,39,58,0.672413793103448,2,0,45,27,49,128.5,298,92.5,84,62,"G5"
"309","Louisiana","fbs","Sun Belt",2017,3917569,"Ja'Marcus Bradley",71,11,11,6.45454545454545,0.475740773418421,0.00670057427349889,0.0432491612198565,441,6.2112676056338,40.0909090909091,0.352112676056338,38,71,0.535211267605634,2,0,545,545,548,575,573,211,510,276,"G5"
"309","Louisiana","fbs","Sun Belt",2017,3917576,"Michael Jacquet",41,9,11,4.55555555555556,16.8739828274284,0.411560556766547,1.87488698082538,289,7.04878048780488,32.1111111111111,0.48780487804878,29,41,0.707317073170732,2,0,284,285,274,362.5,224,379.5,444,386,"G5"
"309","Louisiana","fbs","Sun Belt",2017,3917579,"Jarrod Jackson",21,7,11,3,16.8026920599549,0.800128193331187,2.40038457999356,219,10.4285714285714,31.2857142857143,0.571428571428571,18,21,0.857142857142857,2,0,286,210,57,165,25,499,110,397,"G5"
"309","Louisiana","fbs","Sun Belt",2017,3917580,"Keenan Barnes",51,9,11,5.66666666666667,29.4887168341481,0.578210134002905,3.27652409268313,469,9.19607843137255,52.1111111111111,0.549019607843137,34,51,0.666666666666667,2,0,140,120,155,216.5,310.5,190.5,212.5,157,"G5"
"309","Louisiana","fbs","Sun Belt",2017,3917581,"Jordan Wright",4,4,11,1,0.425290102905369,0.106322525726342,0.106322525726342,34,8.5,8.5,0.75,3,4,0.75,0,0,NA,NA,NA,NA,NA,NA,NA,NA,"G5"
"309","Louisiana","fbs","Sun Belt",2017,3917596,"Raynard Ford",2,2,11,1,1.91253844606598,0.956269223032991,0.956269223032991,25,12.5,12.5,1,2,2,1,0,0,NA,NA,NA,NA,NA,NA,NA,NA,"G5"
"309","Louisiana","fbs","Sun Belt",2017,4040728,"Trey Ragas",8,6,11,1.33333333333333,0.380688106845427,0.0475860133556784,0.0634480178075712,29,3.625,4.83333333333333,0.375,8,8,1,0,0,NA,NA,NA,NA,NA,NA,NA,NA,"G5"
"309","Louisiana","fbs","Sun Belt",2017,4040732,"Raymond Calais",1,1,11,1,1.27615782228153,1.27615782228153,1.27615782228153,9,9,9,1,1,1,1,0,0,NA,NA,NA,NA,NA,NA,NA,NA,"G5"
"309","Louisiana","fbs","Sun Belt",2017,4241555,"Elijah Mitchell",4,3,11,1.33333333333333,1.30043142641,0.3251078566025,0.433477142136667,25,6.25,8.33333333333333,0.25,3,4,0.75,1,0,NA,NA,NA,NA,NA,NA,NA,NA,"G5"
"309","Louisiana","fbs","Sun Belt",2017,4241559,"Earnest Patterson",14,4,11,3.5,-0.680951827772769,-0.0486394162694835,-0.170237956943192,96,6.85714285714286,24,0.357142857142857,10,14,0.714285714285714,0,0,NA,NA,NA,NA,NA,NA,NA,NA,"G5"
"309","Louisiana","fbs","Sun Belt",2017,4241566,"Chase Rogers",9,5,11,1.8,4.66648863726142,0.518498737473492,0.933297727452285,54,6,10.8,0.555555555555556,6,9,0.666666666666667,1,1,NA,NA,NA,NA,NA,NA,NA,NA,"G5"
"324","Coastal Carolina","fbs","Sun Belt",2017,551468,"Marcus Williamson",7,1,11,7,6.55219433650797,0.936027762358282,6.55219433650797,69,9.85714285714286,69,0.428571428571429,5,7,0.714285714285714,1,0,NA,NA,NA,NA,NA,NA,NA,NA,"G5"
"324","Coastal Carolina","fbs","Sun Belt",2017,557707,"Osharmar Abercrombie",13,7,11,1.85714285714286,-0.199583872840657,-0.0153526056031275,-0.0285119818343796,73,5.61538461538461,10.4285714285714,0.230769230769231,8,13,0.615384615384615,0,0,NA,NA,NA,NA,NA,NA,NA,NA,"G5"
"324","Coastal Carolina","fbs","Sun Belt",2017,557720,"Chris Jones",50,10,11,5,36.5255387684256,0.730510775368512,3.65255387684256,536,10.72,53.6,0.48,26,50,0.52,4,0,96,92,82,382,583,148,93,145,"G5"
"324","Coastal Carolina","fbs","Sun Belt",2017,3122792,"Marcus Outlow",14,6,11,2.33333333333333,1.02782529190501,0.0734160922789296,0.171304215317502,64,4.57142857142857,10.6666666666667,0.571428571428571,8,14,0.571428571428571,0,0,NA,NA,NA,NA,NA,NA,NA,NA,"G5"
"324","Coastal Carolina","fbs","Sun Belt",2017,3159088,"Omar Black",28,6,11,4.66666666666667,16.2132838781361,0.579045852790575,2.70221397968935,265,9.46428571428571,44.1666666666667,0.571428571428571,19,28,0.678571428571429,2,0,305,169,154,165,289,407,182,229,"G5"
"324","Coastal Carolina","fbs","Sun Belt",2017,3910759,"Gary Bradshaw",1,1,11,1,0,0,0,-3,-3,-3,0,1,1,1,0,1,NA,NA,NA,NA,NA,NA,NA,NA,"G5"
"324","Coastal Carolina","fbs","Sun Belt",2017,3910773,"Laquay Brown",3,2,11,1.5,-0.794568753651654,-0.264856251217218,-0.397284376825827,8,2.66666666666667,4,0.333333333333333,1,3,0.333333333333333,0,0,NA,NA,NA,NA,NA,NA,NA,NA,"G5"
"324","Coastal Carolina","fbs","Sun Belt",2017,4030390,"Ky'Jon Tyler",39,10,11,3.9,17.666779181505,0.452994337987308,1.7666779181505,304,7.79487179487179,30.4,0.435897435897436,22,39,0.564102564102564,2,0,269,307,249,487,533,361,376,413,"G5"
"324","Coastal Carolina","fbs","Sun Belt",2017,4030396,"Maxwell Kjosa",5,3,11,1.66666666666667,7.02560991364771,1.40512198272954,2.3418699712159,41,8.2,13.6666666666667,0.8,4,5,0.8,2,0,NA,NA,NA,NA,NA,NA,NA,NA,"G5"
"324","Coastal Carolina","fbs","Sun Belt",2017,4030404,"Josh Anderson",1,1,11,1,0.0705555119913683,0.0705555119913683,0.0705555119913683,7,7,7,1,1,1,1,0,0,NA,NA,NA,NA,NA,NA,NA,NA,"G5"
"324","Coastal Carolina","fbs","Sun Belt",2017,4052003,"Larry Collins Jr.",12,5,11,2.4,-1.70281895018765,-0.141901579182304,-0.340563790037529,55,4.58333333333333,11,0.5,7,12,0.583333333333333,1,0,NA,NA,NA,NA,NA,NA,NA,NA,"G5"
"324","Coastal Carolina","fbs","Sun Belt",2017,4052007,"Alex James",16,9,11,1.77777777777778,-6.11961576334801,-0.382475985209251,-0.679957307038668,69,4.3125,7.66666666666667,0.25,10,16,0.625,0,0,NA,NA,NA,NA,NA,NA,NA,NA,"G5"
"324","Coastal Carolina","fbs","Sun Belt",2017,4052008,"Jacqez Hairston",3,3,11,1,-0.560697200419451,-0.186899066806484,-0.186899066806484,11,3.66666666666667,3.66666666666667,0.333333333333333,2,3,0.666666666666667,0,0,NA,NA,NA,NA,NA,NA,NA,NA,"G5"
"324","Coastal Carolina","fbs","Sun Belt",2017,4052028,"T'Qele Holmes",1,1,11,1,-0.663967519095568,-0.663967519095568,-0.663967519095568,0,0,0,0,0,1,0,0,0,NA,NA,NA,NA,NA,NA,NA,NA,"G5"
"324","Coastal Carolina","fbs","Sun Belt",2017,4052029,"Malcolm Williams",51,11,11,4.63636363636364,42.1127320523744,0.825739844164205,3.8284301865795,648,12.7058823529412,58.9090909090909,0.588235294117647,33,51,0.647058823529412,6,0,60,81,47,124.5,363,86,30,105,"G5"
"326","Texas State","fbs","Sun Belt",2017,546603,"Damian Williams",1,1,10,1,4.39498048089421,4.39498048089421,4.39498048089421,18,18,18,1,1,1,1,1,0,NA,NA,NA,NA,NA,NA,NA,NA,"G5"
"326","Texas State","fbs","Sun Belt",2017,3125438,"Gabe Schrade",24,6,10,4,15.7936790920801,0.658069962170006,2.63227984868002,240,10,40,0.5,16,24,0.666666666666667,2,0,311,176,108,335,310.5,460.5,139.5,277.5,"G5"
"326","Texas State","fbs","Sun Belt",2017,3128626,"Tyler Watts",28,6,10,4.66666666666667,12.7400311255016,0.455001111625056,2.12333852091693,249,8.89285714285714,41.5,0.535714285714286,25,28,0.892857142857143,2,0,364,236,246,247.5,8,439,236,262,"G5"
"326","Texas State","fbs","Sun Belt",2017,3918112,"Eric Luna",10,3,10,3.33333333333333,0.956713071503598,0.0956713071503598,0.318904357167866,39,3.9,13,0.4,6,10,0.6,1,0,NA,NA,NA,NA,NA,NA,NA,NA,"G5"
"326","Texas State","fbs","Sun Belt",2017,3918128,"Chris French",3,2,10,1.5,3.13450601694605,1.04483533898202,1.56725300847302,25,8.33333333333333,12.5,0.666666666666667,3,3,1,0,0,NA,NA,NA,NA,NA,NA,NA,NA,"G5"
"326","Texas State","fbs","Sun Belt",2017,3922149,"Anthony J. Taylor",9,4,10,2.25,-1.98986101458869,-0.221095668287633,-0.497465253647173,48,5.33333333333333,12,0.333333333333333,6,9,0.666666666666667,0,0,NA,NA,NA,NA,NA,NA,NA,NA,"G5"
"326","Texas State","fbs","Sun Belt",2017,4040513,"Elijah King",61,9,10,6.77777777777778,31.3845965366101,0.514501582567379,3.48717739295668,562,9.21311475409836,62.4444444444444,0.573770491803279,41,61,0.672131147540984,2,0,125,103,206,157.5,299,128,211,87,"G5"
"326","Texas State","fbs","Sun Belt",2017,4040514,"Quinn Tiggs",3,1,10,3,1.154053817764,0.384684605921335,1.154053817764,26,8.66666666666667,26,0.666666666666667,2,3,0.666666666666667,0,0,NA,NA,NA,NA,NA,NA,NA,NA,"G5"
"326","Texas State","fbs","Sun Belt",2017,4040517,"Mason Hays",13,3,10,4.33333333333333,9.90436024317536,0.761873864859643,3.30145341439179,139,10.6923076923077,46.3333333333333,0.615384615384615,8,13,0.615384615384615,1,0,NA,NA,NA,NA,NA,NA,NA,NA,"G5"
"326","Texas State","fbs","Sun Belt",2017,4040522,"Robert Brown Jr.",7,6,10,1.16666666666667,-3.61544578967744,-0.516492255668206,-0.602574298279574,24,3.42857142857143,4,0.428571428571429,4,7,0.571428571428571,0,0,NA,NA,NA,NA,NA,NA,NA,NA,"G5"
"326","Texas State","fbs","Sun Belt",2017,4040524,"Thurman Morbley",20,4,10,5,10.8334048359836,0.541670241799178,2.70835120899589,192,9.6,48,0.45,14,20,0.7,0,0,405,168,182,456.5,238.5,528,168,192,"G5"
"326","Texas State","fbs","Sun Belt",2017,4040546,"Hutch White",19,8,10,2.375,16.3239578260779,0.859155675056733,2.04049472825974,211,11.1052631578947,26.375,0.526315789473684,12,19,0.631578947368421,1,0,302,250,39,270.5,399,510.5,74,464.5,"G5"
"326","Texas State","fbs","Sun Belt",2017,4040553,"Anthony D. Taylor",10,6,10,1.66666666666667,-6.86274750773151,-0.686274750773151,-1.14379125128858,30,3,5,0.2,4,10,0.4,0,0,NA,NA,NA,NA,NA,NA,NA,NA,"G5"
"326","Texas State","fbs","Sun Belt",2017,4241665,"Caleb Twyford",8,5,10,1.6,3.78937446276133,0.473671807845166,0.757874892552266,96,12,19.2,0.25,7,8,0.875,1,0,NA,NA,NA,NA,NA,NA,NA,NA,"G5"
"326","Texas State","fbs","Sun Belt",2017,4241671,"Jeremiah Haydel",12,6,10,2,-0.923457575829538,-0.0769547979857949,-0.15390959597159,67,5.58333333333333,11.1666666666667,0.416666666666667,6,12,0.5,1,0,NA,NA,NA,NA,NA,NA,NA,NA,"G5"
"326","Texas State","fbs","Sun Belt",2017,4241699,"Dennis Johnson Jr.",5,3,10,1.66666666666667,-0.854066150860129,-0.170813230172026,-0.284688716953376,19,3.8,6.33333333333333,0.6,3,5,0.6,0,0,NA,NA,NA,NA,NA,NA,NA,NA,"G5"
"326","Texas State","fbs","Sun Belt",2017,4241702,"Elijah Rogers",5,4,10,1.25,-0.0835190774874491,-0.0167038154974898,-0.0208797693718623,33,6.6,8.25,0.4,4,5,0.8,0,0,NA,NA,NA,NA,NA,NA,NA,NA,"G5"
"326","Texas State","fbs","Sun Belt",2017,4253126,"Anthony Smith",1,1,10,1,-1.0672303523339,-1.0672303523339,-1.0672303523339,0,0,0,0,0,1,0,0,0,NA,NA,NA,NA,NA,NA,NA,NA,"G5"
"328","Utah State","fbs","Mountain West",2017,550535,"Jaren Colston-Green",8,5,11,1.6,3.79050145194671,0.473812681493339,0.758100290389343,90,11.25,18,0.5,6,8,0.75,0,0,NA,NA,NA,NA,NA,NA,NA,NA,"G5"
"328","Utah State","fbs","Mountain West",2017,550808,"Braelon Roberts",24,8,11,3,13.8261271483235,0.576088631180145,1.72826589354043,244,10.1666666666667,30.5,0.625,17,24,0.708333333333333,3,0,350,316,159,69,223,455,129,410.5,"G5"
"328","Utah State","fbs","Mountain West",2017,3125358,"Zach Van Leeuwen",16,7,11,2.28571428571429,1.68363536527665,0.105227210329791,0.240519337896665,123,7.6875,17.5714285714286,0.3125,12,16,0.75,0,0,NA,NA,NA,NA,NA,NA,NA,NA,"G5"
"328","Utah State","fbs","Mountain West",2017,3125361,"LaJuan Hunt",32,10,11,3.2,2.07860678022679,0.0649564618820873,0.207860678022679,159,4.96875,15.9,0.34375,26,32,0.8125,1,0,528,531,527,586,55.5,565.5,591,590,"G5"
"328","Utah State","fbs","Mountain West",2017,3125368,"Justen Hervey",2,2,11,1,-2.71786241605497,-1.35893120802749,-1.35893120802749,0,0,0,0,1,2,0.5,0,0,NA,NA,NA,NA,NA,NA,NA,NA,"G5"
"328","Utah State","fbs","Mountain West",2017,3139981,"DJ Nelson",1,1,11,1,2.22954331147232,2.22954331147232,2.22954331147232,20,20,20,1,1,1,1,0,0,NA,NA,NA,NA,NA,NA,NA,NA,"G5"
"328","Utah State","fbs","Mountain West",2017,3139982,"Tonny Lindsey Jr.",3,1,11,3,-0.370894526443107,-0.123631508814369,-0.370894526443107,16,5.33333333333333,16,0.333333333333333,2,3,0.666666666666667,0,0,NA,NA,NA,NA,NA,NA,NA,NA,"G5"
"328","Utah State","fbs","Mountain West",2017,3139983,"Damion Hobbs",3,2,11,1.5,-0.43583196648243,-0.14527732216081,-0.217915983241215,21,7,10.5,0.666666666666667,3,3,1,0,0,NA,NA,NA,NA,NA,NA,NA,NA,"G5"
"328","Utah State","fbs","Mountain West",2017,3918031,"Chad Artist",1,1,11,1,-0.228434319652335,-0.228434319652335,-0.228434319652335,4,4,4,0,1,1,1,0,0,NA,NA,NA,NA,NA,NA,NA,NA,"G5"
"328","Utah State","fbs","Mountain West",2017,3918034,"Gerold Bright",10,6,11,1.66666666666667,14.7475852459078,1.47475852459078,2.45793087431797,156,15.6,26,0.5,7,10,0.7,2,0,NA,NA,NA,NA,NA,NA,NA,NA,"G5"
"328","Utah State","fbs","Mountain West",2017,3932963,"Dax Raymond",48,10,11,4.8,18.6302901000284,0.388131043750593,1.86302901000284,338,7.04166666666667,33.8,0.520833333333333,33,48,0.6875,1,0,252,289,294,287,268,324,446,364.5,"G5"
"328","Utah State","fbs","Mountain West",2017,4036376,"Alex Byers",3,2,11,1.5,1.94816570849761,0.649388569499202,0.974082854248803,26,8.66666666666667,13,0.666666666666667,3,3,1,0,0,NA,NA,NA,NA,NA,NA,NA,NA,"G5"
"328","Utah State","fbs","Mountain West",2017,4048681,"Ron'quavion Tarver",57,11,11,5.18181818181818,22.563911878973,0.395858103139878,2.05126471627028,391,6.85964912280702,35.5454545454545,0.473684210526316,33,57,0.578947368421053,6,1,203,247,287,398.5,518,267,457,343,"G5"
"328","Utah State","fbs","Mountain West",2017,4048695,"Jordan Nathan",27,9,11,3,16.2707177824742,0.602619177128673,1.80785753138602,251,9.2962962962963,27.8888888888889,0.444444444444444,19,27,0.703703703703704,1,0,303,300,131,469,232,433,197,446.5,"G5"
"328","Utah State","fbs","Mountain West",2017,4259222,"Tre Miller",2,2,11,1,-0.630900098856328,-0.315450049428164,-0.315450049428164,5,2.5,2.5,0.5,2,2,1,0,0,NA,NA,NA,NA,NA,NA,NA,NA,"G5"
"328","Utah State","fbs","Mountain West",2017,4259223,"Eltoro Allen",14,7,11,2,-6.77758485167943,-0.484113203691388,-0.968226407382775,59,4.21428571428571,8.42857142857143,0.357142857142857,7,14,0.5,0,0,NA,NA,NA,NA,NA,NA,NA,NA,"G5"
"328","Utah State","fbs","Mountain West",2017,4259240,"Savon Scarver",15,9,11,1.66666666666667,9.97519645305136,0.665013096870091,1.10835516145015,205,13.6666666666667,22.7777777777778,0.6,10,15,0.666666666666667,1,0,NA,NA,NA,NA,NA,NA,NA,NA,"G5"
"328","Utah State","fbs","Mountain West",2017,4259241,"Aaren Vaughns",16,7,11,2.28571428571429,0.683329841017849,0.0427081150636155,0.0976185487168355,118,7.375,16.8571428571429,0.5,10,16,0.625,0,0,NA,NA,NA,NA,NA,NA,NA,NA,"G5"
"328","Utah State","fbs","Mountain West",2017,4259242,"Carson Terrell",11,7,11,1.57142857142857,2.27359438459371,0.206690398599428,0.324799197799102,94,8.54545454545454,13.4285714285714,0.545454545454545,9,11,0.818181818181818,0,1,NA,NA,NA,NA,NA,NA,NA,NA,"G5"
"333","Alabama","fbs","SEC",2017,551293,"Robert Foster",20,7,11,2.85714285714286,-6.91967037992919,-0.34598351899646,-0.988524339989885,122,6.1,17.4285714285714,0.3,10,20,0.5,1,2,NA,NA,NA,NA,NA,NA,NA,NA,"P5"
"333","Alabama","fbs","SEC",2017,559702,"Cam Sims",17,8,11,2.125,7.95089500635004,0.467699706255885,0.993861875793755,173,10.1764705882353,21.625,0.588235294117647,11,17,0.647058823529412,0,0,NA,NA,NA,NA,NA,NA,NA,NA,"P5"
"333","Alabama","fbs","SEC",2017,3126358,"Derek Kief",1,1,11,1,1.85606915285956,1.85606915285956,1.85606915285956,21,21,21,1,1,1,1,0,0,NA,NA,NA,NA,NA,NA,NA,NA,"P5"
"333","Alabama","fbs","SEC",2017,3126367,"Bo Scarbrough",16,8,11,2,-0.358027779717659,-0.0223767362323537,-0.0447534724647074,92,5.75,11.5,0.5,14,16,0.875,0,0,NA,NA,NA,NA,NA,NA,NA,NA,"P5"
"333","Alabama","fbs","SEC",2017,3925347,"Damien Harris",10,8,11,1.25,3.43744686929139,0.343744686929139,0.429680858661424,66,6.6,8.25,0.6,8,10,0.8,0,0,NA,NA,NA,NA,NA,NA,NA,NA,"P5"
"333","Alabama","fbs","SEC",2017,3925348,"Hale Hentges",6,4,11,1.5,6.01140094862811,1.00190015810469,1.50285023715703,69,11.5,17.25,0.833333333333333,5,6,0.833333333333333,2,0,NA,NA,NA,NA,NA,NA,NA,NA,"P5"
"333","Alabama","fbs","SEC",2017,3925352,"Xavian Marks",1,1,11,1,1.02506669670418,1.02506669670418,1.02506669670418,24,24,24,1,1,1,1,0,0,NA,NA,NA,NA,NA,NA,NA,NA,"P5"
"333","Alabama","fbs","SEC",2017,3925357,"Calvin Ridley",80,11,11,7.27272727272727,33.5221082915299,0.419026353644123,3.04746439013908,740,9.25,67.2727272727273,0.525,51,80,0.6375,1,0,114,141,269,274,381,59,204,74,"P5"
"333","Alabama","fbs","SEC",2017,4040714,"Miller Forristall",1,1,11,1,0.438650162578069,0.438650162578069,0.438650162578069,12,12,12,1,1,1,1,0,0,NA,NA,NA,NA,NA,NA,NA,NA,"P5"
"333","Alabama","fbs","SEC",2017,4040715,"Jalen Hurts",2,1,11,2,2.98740358386763,1.49370179193382,2.98740358386763,52,26,52,0.5,2,2,1,1,0,NA,NA,NA,NA,NA,NA,NA,NA,"P5"
"333","Alabama","fbs","SEC",2017,4040980,"Irv Smith Jr.",14,7,11,2,6.52501186813518,0.46607227629537,0.93214455259074,114,8.14285714285714,16.2857142857143,0.5,12,14,0.857142857142857,2,0,NA,NA,NA,NA,NA,NA,NA,NA,"P5"
"333","Alabama","fbs","SEC",2017,4047365,"Josh Jacobs",10,5,11,2,3.67201767220261,0.367201767220261,0.734403534440522,120,12,24,0.6,10,10,1,1,0,NA,NA,NA,NA,NA,NA,NA,NA,"P5"
"333","Alabama","fbs","SEC",2017,4241457,"Najee Harris",8,4,11,2,-2.50915097894344,-0.31364387236793,-0.627287744735859,23,2.875,5.75,0.25,5,8,0.625,0,0,NA,NA,NA,NA,NA,NA,NA,NA,"P5"
"333","Alabama","fbs","SEC",2017,4241463,"Jerry Jeudy",17,7,11,2.42857142857143,15.9679520348444,0.939291296167316,2.28113600497777,244,14.3529411764706,34.8571428571429,0.705882352941177,13,17,0.764705882352941,2,0,NA,NA,NA,NA,NA,NA,NA,NA,"P5"
"333","Alabama","fbs","SEC",2017,4241475,"Henry Ruggs III",11,7,11,1.57142857142857,13.2829240431493,1.20753854937721,1.89756057759275,159,14.4545454545455,22.7142857142857,0.545454545454545,6,11,0.545454545454545,5,0,NA,NA,NA,NA,NA,NA,NA,NA,"P5"
"333","Alabama","fbs","SEC",2017,4241478,"DeVonta Smith",11,5,11,2.2,2.18423106903568,0.198566460821425,0.436846213807135,105,9.54545454545454,21,0.454545454545455,5,11,0.454545454545455,2,0,NA,NA,NA,NA,NA,NA,NA,NA,"P5"
"333","Alabama","fbs","SEC",2017,4241480,"Major Tennison",1,1,11,1,0.894209120153979,0.894209120153979,0.894209120153979,9,9,9,1,1,1,1,0,0,NA,NA,NA,NA,NA,NA,NA,NA,"P5"
"344","Mississippi State","fbs","SEC",2017,546607,"Gabe Myles",8,3,10,2.66666666666667,3.69032616286286,0.461290770357857,1.23010872095429,71,8.875,23.6666666666667,0.5,6,8,0.75,1,0,NA,NA,NA,NA,NA,NA,NA,NA,"P5"
"344","Mississippi State","fbs","SEC",2017,558337,"Nick Fitzgerald",2,1,10,2,5.48616967220164,2.74308483610082,5.48616967220164,18,9,18,1,2,2,1,2,0,NA,NA,NA,NA,NA,NA,NA,NA,"P5"
"344","Mississippi State","fbs","SEC",2017,559654,"Aeris Williams",17,8,10,2.125,1.01446671484515,0.0596745126379498,0.126808339355643,133,7.82352941176471,16.625,0.411764705882353,15,17,0.882352941176471,0,0,NA,NA,NA,NA,NA,NA,NA,NA,"P5"
"344","Mississippi State","fbs","SEC",2017,559668,"Jesse Jackson",31,10,10,3.1,10.2613037431771,0.331009798167002,1.02613037431771,223,7.19354838709677,22.3,0.548387096774194,23,31,0.741935483870968,0,0,414,434,345,220.5,159,487.5,425,524,"P5"
"344","Mississippi State","fbs","SEC",2017,3791116,"Deddrick Thomas",20,8,10,2.5,19.1369670854748,0.956848354273738,2.39212088568435,170,8.5,21.25,0.65,16,20,0.8,3,0,244,213,25,46.5,67.5,555,271,535,"P5"
"344","Mississippi State","fbs","SEC",2017,3894916,"Donald Gray",36,7,10,5.14285714285714,-4.64809089006273,-0.129113635835076,-0.664012984294675,149,4.13888888888889,21.2857142857143,0.472222222222222,20,36,0.555555555555556,2,0,589,595,589,403.5,541.5,573.5,608,534,"P5"
"344","Mississippi State","fbs","SEC",2017,3917281,"Nick Gibson",3,3,10,1,-0.259326880119537,-0.0864422933731789,-0.0864422933731789,12,4,4,0.333333333333333,1,3,0.333333333333333,0,0,NA,NA,NA,NA,NA,NA,NA,NA,"P5"
"344","Mississippi State","fbs","SEC",2017,3917282,"Keith Mixon",19,6,10,3.16666666666667,17.3970553210329,0.915634490580679,2.89950922017215,240,12.6315789473684,40,0.684210526315789,16,19,0.842105263157895,1,0,274,155,29,24,35,460.5,31,277.5,"P5"
"344","Mississippi State","fbs","SEC",2017,3917292,"Justin Johnson",7,5,10,1.4,2.44589848142621,0.349414068775173,0.489179696285242,37,5.28571428571429,7.4,0.571428571428571,7,7,1,1,0,NA,NA,NA,NA,NA,NA,NA,NA,"P5"
"344","Mississippi State","fbs","SEC",2017,3930097,"Farrod Green",5,3,10,1.66666666666667,6.93980884663,1.387961769326,2.31326961554333,82,16.4,27.3333333333333,0.8,5,5,1,0,0,NA,NA,NA,NA,NA,NA,NA,NA,"P5"
"344","Mississippi State","fbs","SEC",2017,4035379,"Jordan Thomas",26,9,10,2.88888888888889,4.1006185384652,0.157716097633277,0.455624282051689,175,6.73076923076923,19.4444444444444,0.576923076923077,16,26,0.615384615384615,2,1,507,505,485,149.5,433.5,549,464,560,"P5"
"344","Mississippi State","fbs","SEC",2017,4035381,"Jamal Couch",12,4,10,3,7.91901834864476,0.659918195720397,1.97975458716119,152,12.6666666666667,38,0.583333333333333,7,12,0.583333333333333,1,0,NA,NA,NA,NA,NA,NA,NA,NA,"P5"
"344","Mississippi State","fbs","SEC",2017,4035386,"Osirus Mitchell",4,3,10,1.33333333333333,5.33422441463908,1.33355610365977,1.77807480487969,34,8.5,11.3333333333333,0.5,3,4,0.75,0,0,NA,NA,NA,NA,NA,NA,NA,NA,"P5"
"344","Mississippi State","fbs","SEC",2017,4035387,"Reginald Todd",17,5,10,3.4,-3.71129472916009,-0.218311454656476,-0.742258945832019,79,4.64705882352941,15.8,0.235294117647059,7,17,0.411764705882353,1,0,NA,NA,NA,NA,NA,NA,NA,NA,"P5"
"344","Mississippi State","fbs","SEC",2017,4259805,"Kylin Hill",3,2,10,1.5,2.51843648946762,0.839478829822542,1.25921824473381,36,12,18,1,3,3,1,0,0,NA,NA,NA,NA,NA,NA,NA,NA,"P5"
"349","Army","fbs","FBS Independents",2017,3129089,"Ahmad Bradshaw",1,1,10,1,3.75385881050518,3.75385881050518,3.75385881050518,42,42,42,1,1,1,1,1,0,NA,NA,NA,NA,NA,NA,NA,NA,"G5"
"349","Army","fbs","FBS Independents",2017,3129134,"Jeff Ejekam",3,2,10,1.5,1.97615083596561,0.658716945321872,0.988075417982807,48,16,24,0.666666666666667,2,3,0.666666666666667,0,0,NA,NA,NA,NA,NA,NA,NA,NA,"G5"
"349","Army","fbs","FBS Independents",2017,3129137,"Jermaine Adams",7,2,10,3.5,7.83717826413921,1.11959689487703,3.91858913206961,39,5.57142857142857,19.5,0.428571428571429,3,7,0.428571428571429,1,0,NA,NA,NA,NA,NA,NA,NA,NA,"G5"
"349","Army","fbs","FBS Independents",2017,3129139,"John Trainor",5,4,10,1.25,3.51074972419955,0.70214994483991,0.877687431049888,42,8.4,10.5,0.4,2,5,0.4,0,0,NA,NA,NA,NA,NA,NA,NA,NA,"G5"
"349","Army","fbs","FBS Independents",2017,3916819,"Jordan Asberry",4,2,10,2,2.30961451258292,0.577403628145731,1.15480725629146,36,9,18,0.5,2,4,0.5,0,0,NA,NA,NA,NA,NA,NA,NA,NA,"G5"
"349","Army","fbs","FBS Independents",2017,3916820,"Calen Holt",2,2,10,1,1.96127211840552,0.980636059202759,0.980636059202759,19,9.5,9.5,0.5,2,2,1,0,0,NA,NA,NA,NA,NA,NA,NA,NA,"G5"
"349","Army","fbs","FBS Independents",2017,3916823,"Zack Saum",1,1,10,1,1.3532725507503,1.3532725507503,1.3532725507503,9,9,9,1,1,1,1,0,0,NA,NA,NA,NA,NA,NA,NA,NA,"G5"
"349","Army","fbs","FBS Independents",2017,4036926,"Kjetil Cline",1,1,10,1,1.09441059665528,1.09441059665528,1.09441059665528,9,9,9,1,1,1,1,0,0,NA,NA,NA,NA,NA,NA,NA,NA,"G5"
"349","Army","fbs","FBS Independents",2017,4036942,"Kell Walker",11,6,10,1.83333333333333,0.940128352493841,0.0854662138630764,0.156688058748973,111,10.0909090909091,18.5,0.363636363636364,5,11,0.454545454545455,0,0,NA,NA,NA,NA,NA,NA,NA,NA,"G5"
"349","Army","fbs","FBS Independents",2017,4258445,"Justin Thomas Jr.",1,1,10,1,-2.23408552543007,-2.23408552543007,-2.23408552543007,0,0,0,0,0,1,0,0,0,NA,NA,NA,NA,NA,NA,NA,NA,"G5"
"356","Illinois","fbs","Big Ten",2017,546068,"Kendrick Foster",10,5,12,2,-0.367755192480361,-0.0367755192480361,-0.0735510384960722,67,6.7,13.4,0.3,6,10,0.6,0,0,NA,NA,NA,NA,NA,NA,NA,NA,"P5"
"356","Illinois","fbs","Big Ten",2017,546073,"Nathan Echard",3,2,12,1.5,1.46304721992936,0.487682406643119,0.731523609964678,19,6.33333333333333,9.5,0.333333333333333,2,3,0.666666666666667,0,0,NA,NA,NA,NA,NA,NA,NA,NA,"P5"
"356","Illinois","fbs","Big Ten",2017,3115912,"Chayce Crouch",1,1,12,1,0.391278255386503,0.391278255386503,0.391278255386503,7,7,7,1,1,1,1,0,0,NA,NA,NA,NA,NA,NA,NA,NA,"P5"
"356","Illinois","fbs","Big Ten",2017,3115915,"Mike Dudek",34,7,12,4.85714285714286,14.0058359830203,0.411936352441773,2.00083371186004,262,7.70588235294118,37.4285714285714,0.647058823529412,24,34,0.705882352941177,1,1,345,258,273,48.5,225.5,413,385,319,"P5"
"356","Illinois","fbs","Big Ten",2017,3115920,"Henry McGrew",1,1,12,1,0.533533657526484,0.533533657526484,0.533533657526484,8,8,8,1,1,1,1,0,0,NA,NA,NA,NA,NA,NA,NA,NA,"P5"
"356","Illinois","fbs","Big Ten",2017,3115928,"Malik Turner",58,10,12,5.8,4.53991529720451,0.0782744016759397,0.453991529720451,342,5.89655172413793,34.2,0.431034482758621,31,58,0.53448275862069,0,0,502,506,522,495.5,574,316,538,356,"P5"
"356","Illinois","fbs","Big Ten",2017,3861927,"Jeff George Jr.",1,1,12,1,3.2409894164051,3.2409894164051,3.2409894164051,21,21,21,1,1,1,1,1,0,NA,NA,NA,NA,NA,NA,NA,NA,"P5"
"356","Illinois","fbs","Big Ten",2017,3862133,"Dre Brown",3,2,12,1.5,-1.13916618518341,-0.379722061727803,-0.569583092591704,8,2.66666666666667,4,0.333333333333333,1,3,0.333333333333333,0,0,NA,NA,NA,NA,NA,NA,NA,NA,"P5"
"356","Illinois","fbs","Big Ten",2017,3917611,"Reggie Corbin",12,5,12,2.4,-5.96130512896242,-0.496775427413535,-1.19226102579248,27,2.25,5.4,0.25,9,12,0.75,0,0,NA,NA,NA,NA,NA,NA,NA,NA,"P5"
"356","Illinois","fbs","Big Ten",2017,3917614,"Caleb Reams",7,2,12,3.5,1.1031903022705,0.157598614610071,0.55159515113525,32,4.57142857142857,16,0.428571428571429,4,7,0.571428571428571,1,0,NA,NA,NA,NA,NA,NA,NA,NA,"P5"
"356","Illinois","fbs","Big Ten",2017,3917634,"Trenard Davis",14,5,12,2.8,8.48797093424471,0.606283638160336,1.69759418684894,152,10.8571428571429,30.4,0.5,10,14,0.714285714285714,0,0,NA,NA,NA,NA,NA,NA,NA,NA,"P5"
"356","Illinois","fbs","Big Ten",2017,3917635,"Bobby Walker",2,2,12,1,0.703578198998365,0.351789099499182,0.351789099499182,7,3.5,3.5,0.5,1,2,0.5,0,0,NA,NA,NA,NA,NA,NA,NA,NA,"P5"
"356","Illinois","fbs","Big Ten",2017,4033822,"Dominic Thieman",18,6,12,3,2.88698209743415,0.160387894301897,0.481163682905691,144,8,24,0.5,11,18,0.611111111111111,0,0,NA,NA,NA,NA,NA,NA,NA,NA,"P5"
"356","Illinois","fbs","Big Ten",2017,4240529,"Ricky Smalling",60,11,12,5.45454545454545,18.6863457698743,0.311439096164571,1.69875870635221,488,8.13333333333333,44.3636363636364,0.4,31,60,0.516666666666667,2,0,250,322,364,532.5,587,174.5,317.5,225.5,"P5"
"356","Illinois","fbs","Big Ten",2017,4240531,"Carmoni Green",11,4,12,2.75,2.74689843706675,0.249718039733341,0.686724609266687,75,6.81818181818182,18.75,0.727272727272727,8,11,0.727272727272727,0,0,NA,NA,NA,NA,NA,NA,NA,NA,"P5"
"356","Illinois","fbs","Big Ten",2017,4240536,"Blake Hayes",1,1,12,1,-0.452451835718481,-0.452451835718481,-0.452451835718481,0,0,0,0,0,1,0,0,0,NA,NA,NA,NA,NA,NA,NA,NA,"P5"
"356","Illinois","fbs","Big Ten",2017,4240539,"Louis Dorsey",38,9,12,4.22222222222222,22.8330202040276,0.600868952737568,2.53700224489195,395,10.3947368421053,43.8888888888889,0.473684210526316,22,38,0.578947368421053,3,0,202,191,133,398.5,518,264,113,234,"P5"
"356","Illinois","fbs","Big Ten",2017,4240540,"Ra'Von Bonner",3,3,12,1,0.0133124435976741,0.0044374811992247,0.0044374811992247,5,1.66666666666667,1.66666666666667,0.333333333333333,2,3,0.666666666666667,0,0,NA,NA,NA,NA,NA,NA,NA,NA,"P5"
"356","Illinois","fbs","Big Ten",2017,4240543,"Mike Epstein",6,2,12,3,1.03363577507355,0.172272629178924,0.516817887536773,38,6.33333333333333,19,0.333333333333333,3,6,0.5,0,0,NA,NA,NA,NA,NA,NA,NA,NA,"P5"
"36","Colorado State","fbs","Mountain West",2017,550169,"Dalyn Dawkins",30,11,11,2.72727272727273,15.7254368443459,0.524181228144863,1.42958516766781,290,9.66666666666667,26.3636363636364,0.533333333333333,22,30,0.733333333333333,1,0,313,358,193,256.5,170.5,377.5,163,466,"G5"
"36","Colorado State","fbs","Mountain West",2017,3124513,"Trey Smith",2,1,11,2,2.93689010926793,1.46844505463396,2.93689010926793,25,12.5,25,1,2,2,1,0,0,NA,NA,NA,NA,NA,NA,NA,NA,"G5"
"36","Colorado State","fbs","Mountain West",2017,3124521,"Marcus Wilson",3,1,11,3,-0.960363217473444,-0.320121072491148,-0.960363217473444,6,2,6,0.333333333333333,1,3,0.333333333333333,0,0,NA,NA,NA,NA,NA,NA,NA,NA,"G5"
"36","Colorado State","fbs","Mountain West",2017,3917067,"Olabisi Johnson",50,8,11,6.25,12.1033590791015,0.242067181582029,1.51291988488768,393,7.86,49.125,0.6,32,50,0.64,2,0,382,343,416,104,375.5,265.5,366,185,"G5"
"36","Colorado State","fbs","Mountain West",2017,3929913,"Izzy Matthews",10,6,11,1.66666666666667,4.789873670651,0.4789873670651,0.798312278441833,106,10.6,17.6666666666667,0.5,9,10,0.9,0,0,NA,NA,NA,NA,NA,NA,NA,NA,"G5"
"36","Colorado State","fbs","Mountain West",2017,3929914,"Adam Prentice",8,5,11,1.6,1.19378746918738,0.149223433648423,0.238757493837476,45,5.625,9,0.625,7,8,0.875,1,0,NA,NA,NA,NA,NA,NA,NA,NA,"G5"
"36","Colorado State","fbs","Mountain West",2017,4036339,"Rashaad Boddie",1,1,11,1,0.36651963142547,0.36651963142547,0.36651963142547,8,8,8,1,1,1,1,0,0,NA,NA,NA,NA,NA,NA,NA,NA,"G5"
"36","Colorado State","fbs","Mountain West",2017,4036341,"Detrich Clark",36,9,11,4,25.8673852119207,0.718538478108909,2.87415391243564,384,10.6666666666667,42.6666666666667,0.694444444444444,31,36,0.861111111111111,3,1,169,159,86,18,22,275.5,96.5,246,"G5"
"36","Colorado State","fbs","Mountain West",2017,4036347,"Dalton Fackrell",29,11,11,2.63636363636364,25.3476015706235,0.874055226573224,2.30432741551123,275,9.48275862068965,25,0.620689655172414,20,29,0.689655172413793,6,0,178,222,37,73.5,258.5,394.5,177,489.5,"G5"
"36","Colorado State","fbs","Mountain West",2017,4036348,"Michael Gallup",131,11,11,11.9090909090909,67.3717418214797,0.514288105507479,6.1247038019527,1242,9.48091603053435,112.909090909091,0.526717557251908,84,131,0.641221374045801,6,0,7,10,207,269,373,1,178,4,"G5"
"36","Colorado State","fbs","Mountain West",2017,4036361,"Darius May",3,2,11,1.5,-0.8137965913686,-0.2712655304562,-0.4068982956843,5,1.66666666666667,2.5,0.333333333333333,2,3,0.666666666666667,0,0,NA,NA,NA,NA,NA,NA,NA,NA,"G5"
"36","Colorado State","fbs","Mountain West",2017,4256032,"Cameron Butler",13,5,11,2.6,12.0684722897674,0.928344022289802,2.41369445795349,167,12.8461538461538,33.4,0.692307692307692,11,13,0.846153846153846,3,0,NA,NA,NA,NA,NA,NA,NA,NA,"G5"
"36","Colorado State","fbs","Mountain West",2017,4256040,"Warren Jackson",15,7,11,2.14285714285714,16.3109194749205,1.08739463166137,2.33013135356007,191,12.7333333333333,27.2857142857143,0.733333333333333,12,15,0.8,2,1,NA,NA,NA,NA,NA,NA,NA,NA,"G5"
"38","Colorado","fbs","Pac-12",2017,550267,"George Frazier",1,1,11,1,1.72319956367646,1.72319956367646,1.72319956367646,9,9,9,1,1,1,1,0,0,NA,NA,NA,NA,NA,NA,NA,NA,"P5"
"38","Colorado","fbs","Pac-12",2017,550277,"Phillip Lindsay",30,10,11,3,10.8856461524794,0.362854871749313,1.08856461524794,257,8.56666666666667,25.7,0.566666666666667,22,30,0.733333333333333,1,0,400,411,316,180,170.5,423.5,267,475,"P5"
"38","Colorado","fbs","Pac-12",2017,550282,"Devin Ross",63,9,11,7,7.99535238458917,0.126910355310939,0.888372487176574,365,5.79365079365079,40.5555555555556,0.428571428571429,35,63,0.555555555555556,1,0,452,458,498,498.5,541.5,288,545,269,"P5"
"38","Colorado","fbs","Pac-12",2017,550667,"Michael Adkins II",1,1,11,1,-1.13441275058106,-1.13441275058106,-1.13441275058106,4,4,4,0,1,1,1,0,0,NA,NA,NA,NA,NA,NA,NA,NA,"P5"
"38","Colorado","fbs","Pac-12",2017,550669,"Bryce Bobo",88,11,11,8,33.7172168172534,0.383150191105153,3.06520152884122,616,7,56,0.522727272727273,56,88,0.636363636363636,4,0,112,138,300,279.5,385.5,99.5,450,125.5,"P5"
"38","Colorado","fbs","Pac-12",2017,3122606,"Kyle Evans",1,1,11,1,-0.561174151461782,-0.561174151461782,-0.561174151461782,0,0,0,0,0,1,0,0,0,NA,NA,NA,NA,NA,NA,NA,NA,"P5"
"38","Colorado","fbs","Pac-12",2017,3122607,"Shay Fields",67,11,11,6.09090909090909,15.2045700042547,0.226933880660517,1.38223363675042,544,8.11940298507463,49.4545454545455,0.417910447761194,37,67,0.552238805970149,3,0,324,367,434,512,544,141,320,184,"P5"
"38","Colorado","fbs","Pac-12",2017,3122623,"Jay MacIntyre",32,9,11,3.55555555555556,21.5309428764247,0.672841964888273,2.39232698626941,343,10.71875,38.1111111111111,0.65625,24,32,0.75,1,0,210,212,102,42.5,143.5,315,94,309,"P5"
"38","Colorado","fbs","Pac-12",2017,3128317,"Juwann Winfree",24,7,11,3.42857142857143,23.4472504689275,0.976968769538645,3.34960720984678,325,13.5416666666667,46.4285714285714,0.666666666666667,21,24,0.875,2,1,196,114,21,34,12.5,338,17,206,"P5"
"38","Colorado","fbs","Pac-12",2017,3915426,"Chris Bounds",7,5,11,1.4,11.7407844611531,1.67725492302188,2.34815689223063,102,14.5714285714286,20.4,0.857142857142857,7,7,1,2,0,NA,NA,NA,NA,NA,NA,NA,NA,"P5"
"38","Colorado","fbs","Pac-12",2017,3915436,"Steven Montez",1,1,11,1,3.6114492189182,3.6114492189182,3.6114492189182,11,11,11,1,1,1,1,1,0,NA,NA,NA,NA,NA,NA,NA,NA,"P5"
"38","Colorado","fbs","Pac-12",2017,4040867,"Beau Bisharat",1,1,11,1,0.19108654938555,0.19108654938555,0.19108654938555,6,6,6,1,1,1,1,0,0,NA,NA,NA,NA,NA,NA,NA,NA,"P5"
"38","Colorado","fbs","Pac-12",2017,4243160,"Laviska Shenault Jr.",8,6,11,1.33333333333333,10.8046858948139,1.35058573685174,1.80078098246899,159,19.875,26.5,0.75,6,8,0.75,0,0,NA,NA,NA,NA,NA,NA,NA,NA,"P5"
"38","Colorado","fbs","Pac-12",2017,4243168,"K.D. Nixon",3,2,11,1.5,-2.29864194613533,-0.766213982045111,-1.14932097306767,17,5.66666666666667,8.5,0.333333333333333,2,3,0.666666666666667,0,0,NA,NA,NA,NA,NA,NA,NA,NA,"P5"
"38","Colorado","fbs","Pac-12",2017,4243180,"James Stefanou",1,1,11,1,-2.11453278470999,-2.11453278470999,-2.11453278470999,0,0,0,0,0,1,0,0,0,NA,NA,NA,NA,NA,NA,NA,NA,"P5"
"41","UConn","fbs","American Athletic",2017,546693,"Tommy Myers",3,3,11,1,7.39977701696336,2.46659233898779,2.46659233898779,28,9.33333333333333,9.33333333333333,1,3,3,1,1,0,NA,NA,NA,NA,NA,NA,NA,NA,"G5"
"41","UConn","fbs","American Athletic",2017,549956,"Bryant Shirreffs",3,3,11,1,9.75731575525643,3.25243858508548,3.25243858508548,96,32,32,1,3,3,1,2,0,NA,NA,NA,NA,NA,NA,NA,NA,"G5"
"41","UConn","fbs","American Athletic",2017,3119823,"Kyle Buss",1,1,11,1,-0.742290173888262,-0.742290173888262,-0.742290173888262,4,4,4,0,1,1,1,0,0,NA,NA,NA,NA,NA,NA,NA,NA,"G5"
"41","UConn","fbs","American Athletic",2017,3125891,"Alec Bloom",5,4,11,1.25,4.74035925549615,0.948071851099229,1.18508981387404,53,10.6,13.25,0.6,3,5,0.6,0,0,NA,NA,NA,NA,NA,NA,NA,NA,"G5"
"41","UConn","fbs","American Athletic",2017,3125907,"Arkeel Newsome",27,8,11,3.375,29.4697001411526,1.09147037559824,3.68371251764407,497,18.4074074074074,62.125,0.666666666666667,23,27,0.851851851851852,2,0,141,90,11,34,28,170,1,90,"G5"
"41","UConn","fbs","American Athletic",2017,3125917,"Jason Thompson",2,2,11,1,-2.01088978387776,-1.00544489193888,-1.00544489193888,5,2.5,2.5,0,2,2,1,0,0,NA,NA,NA,NA,NA,NA,NA,NA,"G5"
"41","UConn","fbs","American Athletic",2017,3914240,"Tyler Davis",17,7,11,2.42857142857143,12.7279274918438,0.748701617167282,1.81827535597768,156,9.17647058823529,22.2857142857143,0.705882352941177,14,17,0.823529411764706,0,0,NA,NA,NA,NA,NA,NA,NA,NA,"G5"
"41","UConn","fbs","American Athletic",2017,3921918,"Tyraiq Beals",31,10,11,3.1,10.8671522427897,0.350553298154506,1.08671522427897,244,7.87096774193548,24.4,0.548387096774194,25,31,0.806451612903226,0,1,403,412,329,220.5,63.5,455,363,500,"G5"
"41","UConn","fbs","American Athletic",2017,3921931,"Hergy Mayala",60,8,11,7.5,23.024704010905,0.383745066848416,2.87808800136312,449,7.48333333333333,56.125,0.433333333333333,33,60,0.55,5,0,199,158,298,491,548.5,206,398,123,"G5"
"41","UConn","fbs","American Athletic",2017,3921932,"Aaron McLean",38,9,11,4.22222222222222,43.2931316490037,1.13929293813168,4.81034796100042,436,11.4736842105263,48.4444444444444,0.710526315789474,28,38,0.736842105263158,2,0,57,41,8,15,168,213,64,189,"G5"
"41","UConn","fbs","American Athletic",2017,4044081,"Keyion Dixon",33,10,11,3.3,16.5770418342422,0.502334601037644,1.65770418342422,322,9.75757575757576,32.2,0.545454545454545,28,33,0.848484848484849,1,1,293,328,217,229.5,30,342.5,155,384.5,"G5"
"41","UConn","fbs","American Athletic",2017,4044082,"Mason Donaldson",18,6,11,3,15.9389098363691,0.885494990909392,2.65648497272818,225,12.5,37.5,0.666666666666667,16,18,0.888888888888889,3,0,NA,NA,NA,NA,NA,NA,NA,NA,"G5"
"41","UConn","fbs","American Athletic",2017,4044088,"Nate Hopkins",3,3,11,1,-0.535081064078513,-0.178360354692838,-0.178360354692838,11,3.66666666666667,3.66666666666667,0.666666666666667,2,3,0.666666666666667,0,0,NA,NA,NA,NA,NA,NA,NA,NA,"G5"
"41","UConn","fbs","American Athletic",2017,4044095,"Quayvon Skanes",45,10,11,4.5,18.7349068720502,0.416331263823339,1.87349068720502,316,7.02222222222222,31.6,0.533333333333333,32,45,0.711111111111111,1,0,248,286,272,256.5,215.5,349,448,392,"G5"
"41","UConn","fbs","American Athletic",2017,4044099,"Donovan Williams",1,1,11,1,-0.520791329173175,-0.520791329173175,-0.520791329173175,0,0,0,0,0,1,0,0,0,NA,NA,NA,NA,NA,NA,NA,NA,"G5"
"41","UConn","fbs","American Athletic",2017,4257363,"Kevin Mensah",19,7,11,2.71428571428571,4.43307282529489,0.233319622383942,0.63329611789927,103,5.42105263157895,14.7142857142857,0.473684210526316,14,19,0.736842105263158,0,0,NA,NA,NA,NA,NA,NA,NA,NA,"G5"
"5","UAB","fbs","Conference USA",2017,545389,"D.A. Williams",1,1,11,1,1.52694823378754,1.52694823378754,1.52694823378754,11,11,11,1,1,1,1,0,0,NA,NA,NA,NA,NA,NA,NA,NA,"G5"
"5","UAB","fbs","Conference USA",2017,545682,"A.J. Erdely",1,1,11,1,-0.271197953241335,-0.271197953241335,-0.271197953241335,3,3,3,0,1,1,1,0,0,NA,NA,NA,NA,NA,NA,NA,NA,"G5"
"5","UAB","fbs","Conference USA",2017,552061,"James Noble III",4,4,11,1,2.14483388085395,0.536208470213488,0.536208470213488,25,6.25,6.25,0.75,3,4,0.75,0,0,NA,NA,NA,NA,NA,NA,NA,NA,"G5"
"5","UAB","fbs","Conference USA",2017,3122552,"Jonathan Haden",17,7,11,2.42857142857143,-6.87265942454146,-0.404274083796556,-0.981808489220208,94,5.52941176470588,13.4285714285714,0.294117647058824,11,17,0.647058823529412,0,0,NA,NA,NA,NA,NA,NA,NA,NA,"G5"
"5","UAB","fbs","Conference USA",2017,3129261,"Collin Lisa",43,10,11,4.3,12.6433358902356,0.294031067214782,1.26433358902356,341,7.93023255813953,34.1,0.441860465116279,26,43,0.604651162790698,1,0,367,384,378,474.5,466.5,318,348,358,"G5"
"5","UAB","fbs","Conference USA",2017,4239768,"Spencer Brown",3,2,11,1.5,-8.27117559728501,-2.75705853242834,-4.1355877986425,14,4.66666666666667,7,0,3,3,1,0,1,NA,NA,NA,NA,NA,NA,NA,NA,"G5"
"5","UAB","fbs","Conference USA",2017,4239774,"Sederian Copeland",13,4,11,3.25,8.23165570150062,0.633204284730817,2.05791392537516,132,10.1538461538462,33,0.538461538461538,10,13,0.769230769230769,1,0,NA,NA,NA,NA,NA,NA,NA,NA,"G5"
"5","UAB","fbs","Conference USA",2017,4239777,"Demetrius Davis",1,1,11,1,-0.169253152609568,-0.169253152609568,-0.169253152609568,7,7,7,0,1,1,1,0,0,NA,NA,NA,NA,NA,NA,NA,NA,"G5"
"5","UAB","fbs","Conference USA",2017,4239797,"Donnie Lee",22,8,11,2.75,6.09828138852602,0.277194608569364,0.762285173565752,156,7.09090909090909,19.5,0.454545454545455,17,22,0.772727272727273,1,0,480,469,397,444.5,105,568,436,559,"G5"
"5","UAB","fbs","Conference USA",2017,4239812,"Hayden Pittman",7,5,11,1.4,10.8814855724797,1.55449793892567,2.17629711449594,81,11.5714285714286,16.2,0.714285714285714,7,7,1,2,0,NA,NA,NA,NA,NA,NA,NA,NA,"G5"
"5","UAB","fbs","Conference USA",2017,4239819,"Logan Scott",4,3,11,1.33333333333333,4.69976777268104,1.17494194317026,1.56658925756035,47,11.75,15.6666666666667,0.75,3,4,0.75,1,0,NA,NA,NA,NA,NA,NA,NA,NA,"G5"
"5","UAB","fbs","Conference USA",2017,4239821,"Lucious Stanley",3,2,11,1.5,5.3680725651757,1.78935752172523,2.68403628258785,21,7,10.5,0.666666666666667,3,3,1,1,0,NA,NA,NA,NA,NA,NA,NA,NA,"G5"
"5","UAB","fbs","Conference USA",2017,4239822,"Carlos Stephens",3,3,11,1,1.15893960852019,0.386313202840063,0.386313202840063,8,2.66666666666667,2.66666666666667,0.666666666666667,2,3,0.666666666666667,0,0,NA,NA,NA,NA,NA,NA,NA,NA,"G5"
"5","UAB","fbs","Conference USA",2017,4239829,"Ronnie Turner Jr.",31,7,11,4.42857142857143,7.2949536095719,0.235321084179739,1.04213622993884,172,5.54838709677419,24.5714285714286,0.516129032258065,22,31,0.709677419354839,1,0,463,426,424,299,220,551,564,498,"G5"
"5","UAB","fbs","Conference USA",2017,4239830,"Xavier Ubosi",14,5,11,2.8,8.26032765138034,0.590023403670024,1.65206553027607,191,13.6428571428571,38.2,0.428571428571429,8,14,0.571428571428571,1,0,NA,NA,NA,NA,NA,NA,NA,NA,"G5"
"5","UAB","fbs","Conference USA",2017,4239837,"Andre Wilson",68,11,11,6.18181818181818,30.6949227613131,0.451395922960486,2.79044752375573,589,8.66176470588235,53.5454545454545,0.602941176470588,46,68,0.676470588235294,5,1,128,164,251,99,292.5,110,258,147,"G5"
"5","UAB","fbs","Conference USA",2017,4262183,"Kailon Carter",4,2,11,2,-0.720816332864559,-0.18020408321614,-0.36040816643228,18,4.5,9,0.5,4,4,1,0,0,NA,NA,NA,NA,NA,NA,NA,NA,"G5"
"5","UAB","fbs","Conference USA",2017,4262274,"Justin Walker",3,2,11,1.5,0.0114937247568268,0.00383124158560892,0.00574686237841338,15,5,7.5,0.333333333333333,3,3,1,0,0,NA,NA,NA,NA,NA,NA,NA,NA,"G5"
"52","Florida State","fbs","ACC",2017,546794,"Ryan Green",1,1,11,1,0.0748369435969799,0.0748369435969799,0.0748369435969799,5,5,5,1,1,1,1,0,0,NA,NA,NA,NA,NA,NA,NA,NA,"P5"
"52","Florida State","fbs","ACC",2017,551553,"Jared Jackson",1,1,11,1,-0.39481159372092,-0.39481159372092,-0.39481159372092,3,3,3,0,1,1,1,0,0,NA,NA,NA,NA,NA,NA,NA,NA,"P5"
"52","Florida State","fbs","ACC",2017,3122920,"Ryan Izzo",23,8,11,2.875,16.8145538422785,0.731067558359933,2.10181923028481,243,10.5652173913043,30.375,0.608695652173913,13,23,0.565217391304348,2,0,285,240,81,91.5,530.5,457,102,414,"P5"
"52","Florida State","fbs","ACC",2017,3122926,"Ermon Lane",8,4,11,2,7.36685903793531,0.920857379741913,1.84171475948383,121,15.125,30.25,0.75,6,8,0.75,0,0,NA,NA,NA,NA,NA,NA,NA,NA,"P5"
"52","Florida State","fbs","ACC",2017,3122939,"Johnathan Vickers",4,3,11,1.33333333333333,3.03880259550101,0.759700648875253,1.01293419850034,50,12.5,16.6666666666667,0.5,4,4,1,0,0,NA,NA,NA,NA,NA,NA,NA,NA,"P5"
"52","Florida State","fbs","ACC",2017,3135646,"Justin Motlow",1,1,11,1,-0.484738957987183,-0.484738957987183,-0.484738957987183,2,2,2,0,1,1,1,0,0,NA,NA,NA,NA,NA,NA,NA,NA,"P5"
"52","Florida State","fbs","ACC",2017,3692942,"George Campbell",11,4,11,2.75,-0.83775888556171,-0.0761598986874282,-0.209439721390428,122,11.0909090909091,30.5,0.454545454545455,6,11,0.545454545454545,0,1,NA,NA,NA,NA,NA,NA,NA,NA,"P5"
"52","Florida State","fbs","ACC",2017,3693033,"Jacques Patrick",24,9,11,2.66666666666667,1.3504382736763,0.0562682614031792,0.150048697075145,145,6.04166666666667,16.1111111111111,0.416666666666667,19,24,0.791666666666667,0,0,535,535,531,514,76.5,577,526,587,"P5"
"52","Florida State","fbs","ACC",2017,3921561,"Deondre Francois",1,1,11,1,1.40538401124761,1.40538401124761,1.40538401124761,3,3,3,1,1,1,1,1,0,NA,NA,NA,NA,NA,NA,NA,NA,"P5"
"52","Florida State","fbs","ACC",2017,3921564,"Auden Tate",51,10,11,5.1,24.7770214075413,0.485823949167476,2.47770214075413,418,8.19607843137255,41.8,0.607843137254902,31,51,0.607843137254902,3,0,184,200,228,93,455.5,230.5,306,259,"P5"
"52","Florida State","fbs","ACC",2017,3921571,"Nyqwan Murray",66,11,11,6,14.7052564712308,0.22280691623077,1.33684149738462,551,8.34848484848485,50.0909090909091,0.424242424242424,36,66,0.545454545454545,3,0,332,374,439,504.5,557,134,287,179,"P5"
"52","Florida State","fbs","ACC",2017,4035607,"Amir Rasul",4,3,11,1.33333333333333,-0.606972643546457,-0.151743160886614,-0.202324214515486,12,3,4,0.25,2,4,0.5,0,0,NA,NA,NA,NA,NA,NA,NA,NA,"P5"
"52","Florida State","fbs","ACC",2017,4035628,"Keith Gavin",38,8,11,4.75,-7.8090706655637,-0.205501859620097,-0.976133833195463,187,4.92105263157895,23.375,0.421052631578947,22,38,0.578947368421053,0,0,607,606,597,509,518,533.5,593,512,"P5"
"52","Florida State","fbs","ACC",2017,4240020,"James Blackman",3,2,11,1.5,11.0997083124255,3.69990277080851,5.54985415621277,55,18.3333333333333,27.5,1,3,3,1,3,0,NA,NA,NA,NA,NA,NA,NA,NA,"P5"
"52","Florida State","fbs","ACC",2017,4240021,"Cam Akers",17,8,11,2.125,1.74241806894154,0.102495180525973,0.217802258617693,102,6,12.75,0.470588235294118,15,17,0.882352941176471,0,0,NA,NA,NA,NA,NA,NA,NA,NA,"P5"
"52","Florida State","fbs","ACC",2017,4240023,"Tre' McKitty",1,1,11,1,1.37312335127474,1.37312335127474,1.37312335127474,23,23,23,1,1,1,1,0,0,NA,NA,NA,NA,NA,NA,NA,NA,"P5"
"52","Florida State","fbs","ACC",2017,4240034,"D.J. Matthews",4,2,11,2,4.29929493177498,1.07482373294374,2.14964746588749,35,8.75,17.5,0.75,3,4,0.75,1,0,NA,NA,NA,NA,NA,NA,NA,NA,"P5"
"57","Florida","fbs","SEC",2017,559555,"DeAndre Goolsby",16,6,11,2.66666666666667,2.60396760320073,0.162747975200046,0.433994600533455,105,6.5625,17.5,0.5,13,16,0.8125,1,0,NA,NA,NA,NA,NA,NA,NA,NA,"P5"
"57","Florida","fbs","SEC",2017,559559,"Brandon Powell",68,11,11,6.18181818181818,16.5185797246468,0.242920290068335,1.50168906587698,400,5.88235294117647,36.3636363636364,0.441176470588235,41,68,0.602941176470588,2,0,296,346,415,477,469,256,539,334.5,"P5"
"57","Florida","fbs","SEC",2017,3121650,"C'yontai Lewis",9,5,11,1.8,-0.0639313882186303,-0.00710348757984781,-0.0127862776437261,42,4.66666666666667,8.4,0.333333333333333,7,9,0.777777777777778,1,0,NA,NA,NA,NA,NA,NA,NA,NA,"P5"
"57","Florida","fbs","SEC",2017,3121659,"Moral Stephens",6,5,11,1.2,13.3791171269674,2.22985285449456,2.67582342539347,141,23.5,28.2,0.833333333333333,6,6,1,0,0,NA,NA,NA,NA,NA,NA,NA,NA,"P5"
"57","Florida","fbs","SEC",2017,3701213,"T.J. McCoy",1,1,11,1,-0.457115524843933,-0.457115524843933,-0.457115524843933,7,7,7,0,1,1,1,0,0,NA,NA,NA,NA,NA,NA,NA,NA,"P5"
"57","Florida","fbs","SEC",2017,4034943,"Dre Massey",13,7,11,1.85714285714286,8.00036473593805,0.615412671995235,1.14290924799115,143,11,20.4285714285714,0.615384615384615,10,13,0.769230769230769,0,0,NA,NA,NA,NA,NA,NA,NA,NA,"P5"
"57","Florida","fbs","SEC",2017,4034944,"Josh Hammond",31,8,11,3.875,5.92465066752287,0.19111776346848,0.740581333440359,246,7.93548387096774,30.75,0.548387096774194,18,31,0.580645161290323,0,0,482,474,459,220.5,512,449.5,347,406,"P5"
"57","Florida","fbs","SEC",2017,4034948,"Feleipe Franks",3,3,11,1,7.14662654446522,2.38220884815507,2.38220884815507,8,2.66666666666667,2.66666666666667,0.666666666666667,3,3,1,2,0,NA,NA,NA,NA,NA,NA,NA,NA,"P5"
"57","Florida","fbs","SEC",2017,4034950,"Freddie Swain",18,8,11,2.25,2.42180791874849,0.134544884374916,0.302725989843561,96,5.33333333333333,12,0.388888888888889,8,18,0.444444444444444,1,0,NA,NA,NA,NA,NA,NA,NA,NA,"P5"
"57","Florida","fbs","SEC",2017,4034952,"Lamical Perine",14,6,11,2.33333333333333,-0.507994340604434,-0.0362853100431738,-0.0846657234340723,81,5.78571428571429,13.5,0.357142857142857,10,14,0.714285714285714,1,1,NA,NA,NA,NA,NA,NA,NA,NA,"P5"
"57","Florida","fbs","SEC",2017,4034964,"Tyrie Cleveland",33,9,11,3.66666666666667,28.0073059641479,0.848706241337816,3.11192288490532,410,12.4242424242424,45.5555555555556,0.545454545454545,22,33,0.666666666666667,2,0,152,133,41,229.5,310.5,243,34,218.5,"P5"
"57","Florida","fbs","SEC",2017,4057659,"Mark Thompson",17,7,11,2.42857142857143,2.15628167390241,0.126840098464848,0.308040239128916,79,4.64705882352941,11.2857142857143,0.411764705882353,12,17,0.705882352941177,0,0,NA,NA,NA,NA,NA,NA,NA,NA,"P5"
"57","Florida","fbs","SEC",2017,4240600,"Kadarius Toney",17,6,11,2.83333333333333,5.69836299242528,0.33519782308384,0.949727165404213,152,8.94117647058824,25.3333333333333,0.588235294117647,15,17,0.882352941176471,0,0,NA,NA,NA,NA,NA,NA,NA,NA,"P5"
"57","Florida","fbs","SEC",2017,4240603,"Malik Davis",7,5,11,1.4,6.13991481100322,0.877130687286175,1.22798296220064,58,8.28571428571429,11.6,0.571428571428571,7,7,1,0,0,NA,NA,NA,NA,NA,NA,NA,NA,"P5"
"57","Florida","fbs","SEC",2017,4240604,"Adarius Lemons",1,1,11,1,-0.00813133812832385,-0.00813133812832385,-0.00813133812832385,7,7,7,0,1,1,1,0,0,NA,NA,NA,NA,NA,NA,NA,NA,"P5"
"58","South Florida","fbs","American Athletic",2017,547720,"Temi Alaka",18,9,10,2,13.2650816337593,0.736948979653296,1.47389795930659,174,9.66666666666667,19.3333333333333,0.611111111111111,12,18,0.666666666666667,1,0,NA,NA,NA,NA,NA,NA,NA,NA,"G5"
"58","South Florida","fbs","American Athletic",2017,549802,"Darius Tice",3,3,10,1,-0.0615753748077519,-0.0205251249359173,-0.0205251249359173,13,4.33333333333333,4.33333333333333,0.333333333333333,2,3,0.666666666666667,0,0,NA,NA,NA,NA,NA,NA,NA,NA,"G5"
"58","South Florida","fbs","American Athletic",2017,549962,"Marquez Valdes-Scantling",76,10,10,7.6,17.1438408911069,0.225576853830353,1.71438408911069,714,9.39473684210526,71.4,0.486842105263158,45,76,0.592105263157895,3,0,276,318,436,365,492,64.5,189,55.5,"G5"
"58","South Florida","fbs","American Athletic",2017,3126311,"Deatrick Nichols",1,1,10,1,-1.12419929807064,-1.12419929807064,-1.12419929807064,0,0,0,0,0,1,0,0,0,NA,NA,NA,NA,NA,NA,NA,NA,"G5"
"58","South Florida","fbs","American Athletic",2017,3139588,"Stanley Clerveaux",4,1,10,4,-1.31758020120333,-0.329395050300834,-1.31758020120333,12,3,12,0.25,2,4,0.5,0,0,NA,NA,NA,NA,NA,NA,NA,NA,"G5"
"58","South Florida","fbs","American Athletic",2017,3139590,"Elkanah Dillon",11,5,10,2.2,6.19937138473746,0.563579216794314,1.23987427694749,99,9,19.8,0.454545454545455,9,11,0.818181818181818,0,0,NA,NA,NA,NA,NA,NA,NA,NA,"G5"
"58","South Florida","fbs","American Athletic",2017,3139591,"Quinton Flowers",6,2,10,3,18.8638243024565,3.14397071707609,9.43191215122826,159,26.5,79.5,1,6,6,1,6,0,NA,NA,NA,NA,NA,NA,NA,NA,"G5"
"58","South Florida","fbs","American Athletic",2017,3139602,"D'Ernest Johnson",15,8,10,1.875,2.78290306038424,0.185526870692282,0.34786288254803,111,7.4,13.875,0.4,9,15,0.6,1,0,NA,NA,NA,NA,NA,NA,NA,NA,"G5"
"58","South Florida","fbs","American Athletic",2017,3139606,"Tyre McCants",38,9,10,4.22222222222222,33.4077224011392,0.879150589503663,3.71196915568213,511,13.4473684210526,56.7777777777778,0.578947368421053,27,38,0.710526315789474,3,1,116,87,36,146,218,163,20,120,"G5"
"58","South Florida","fbs","American Athletic",2017,3923365,"Deangelo Antoine",8,3,10,2.66666666666667,12.219989108661,1.52749863858263,4.07332970288701,113,14.125,37.6666666666667,0.75,8,8,1,0,0,NA,NA,NA,NA,NA,NA,NA,NA,"G5"
"58","South Florida","fbs","American Athletic",2017,3923392,"Mitchell Wilcox",20,7,10,2.85714285714286,0.0936061312516503,0.00468030656258251,0.0133723044645215,115,5.75,16.4285714285714,0.4,12,20,0.6,2,1,549,549,549,532.5,477,604,547.5,583,"G5"
"58","South Florida","fbs","American Athletic",2017,4044104,"DeVontres Dukes",4,2,10,2,2.55883462986067,0.639708657465168,1.27941731493034,32,8,16,0.75,3,4,0.75,0,0,NA,NA,NA,NA,NA,NA,NA,NA,"G5"
"58","South Florida","fbs","American Athletic",2017,4044113,"Darnell Salomon",36,8,10,4.5,32.0482111998901,0.890228088885836,4.00602639998626,425,11.8055555555556,53.125,0.583333333333333,24,36,0.666666666666667,3,0,119,72,33,133.5,310.5,225,50,151,"G5"
"58","South Florida","fbs","American Athletic",2017,4243234,"Jernard Phillips",1,1,10,1,1.89129090702916,1.89129090702916,1.89129090702916,13,13,13,1,1,1,1,0,0,NA,NA,NA,NA,NA,NA,NA,NA,"G5"
"59","Georgia Tech","fbs","ACC",2017,546332,"J.J. Green",6,4,10,1.5,-4.57941296798857,-0.763235494664762,-1.14485324199714,20,3.33333333333333,5,0.333333333333333,2,6,0.333333333333333,1,0,NA,NA,NA,NA,NA,NA,NA,NA,"P5"
"59","Georgia Tech","fbs","ACC",2017,551567,"Ricky Jeune",45,10,10,4.5,25.7578029683601,0.572395621519113,2.57578029683601,485,10.7777777777778,48.5,0.4,22,45,0.488888888888889,3,0,172,182,164,532.5,602,178,89,188,"P5"
"59","Georgia Tech","fbs","ACC",2017,3116623,"Clinton Lynch",7,5,10,1.4,-4.81481267962625,-0.68783038280375,-0.962962535925249,10,1.42857142857143,2,0.142857142857143,2,7,0.285714285714286,0,0,NA,NA,NA,NA,NA,NA,NA,NA,"P5"
"59","Georgia Tech","fbs","ACC",2017,3116631,"Qua Searcy",10,6,10,1.66666666666667,0.392122963758797,0.0392122963758797,0.0653538272931329,111,11.1,18.5,0.3,3,10,0.3,1,0,NA,NA,NA,NA,NA,NA,NA,NA,"P5"
"59","Georgia Tech","fbs","ACC",2017,3917810,"TaQuon Marshall",1,1,10,1,4.26246281380703,4.26246281380703,4.26246281380703,10,10,10,1,1,1,1,1,0,NA,NA,NA,NA,NA,NA,NA,NA,"P5"
"59","Georgia Tech","fbs","ACC",2017,3917812,"Nathan Cottrell",1,1,10,1,-1.38334689475726,-1.38334689475726,-1.38334689475726,0,0,0,0,0,1,0,0,0,NA,NA,NA,NA,NA,NA,NA,NA,"P5"
"59","Georgia Tech","fbs","ACC",2017,3917833,"Brad Stewart",12,7,10,1.71428571428571,3.13662683713512,0.26138556976126,0.448089548162159,99,8.25,14.1428571428571,0.333333333333333,4,12,0.333333333333333,1,0,NA,NA,NA,NA,NA,NA,NA,NA,"P5"
"59","Georgia Tech","fbs","ACC",2017,3931356,"KirVonte Benson",4,3,10,1.33333333333333,-1.82235611925594,-0.455589029813984,-0.607452039751979,16,4,5.33333333333333,0.5,2,4,0.5,0,0,NA,NA,NA,NA,NA,NA,NA,NA,"P5"
"59","Georgia Tech","fbs","ACC",2017,4037311,"Jalen Camp",2,1,10,2,2.72434860404995,1.36217430202497,2.72434860404995,49,24.5,49,0.5,1,2,0.5,0,0,NA,NA,NA,NA,NA,NA,NA,NA,"P5"
"59","Georgia Tech","fbs","ACC",2017,4240481,"Jerry Howard",2,1,10,2,1.76623027553256,0.88311513776628,1.76623027553256,15,7.5,15,0.5,1,2,0.5,0,0,NA,NA,NA,NA,NA,NA,NA,NA,"P5"
"6","South Alabama","fbs","Sun Belt",2017,546764,"Xavier Johnson",10,4,11,2.5,-4.9840248730628,-0.49840248730628,-1.2460062182657,23,2.3,5.75,0.2,5,10,0.5,0,0,NA,NA,NA,NA,NA,NA,NA,NA,"G5"
"6","South Alabama","fbs","Sun Belt",2017,3124879,"Maaseiah Francis",11,6,11,1.83333333333333,-1.78666178643653,-0.162423798766957,-0.297776964406088,48,4.36363636363636,8,0.272727272727273,5,11,0.454545454545455,2,0,NA,NA,NA,NA,NA,NA,NA,NA,"G5"
"6","South Alabama","fbs","Sun Belt",2017,3125259,"Dallas Davis",1,1,11,1,3.11283171638093,3.11283171638093,3.11283171638093,14,14,14,1,1,1,1,1,0,NA,NA,NA,NA,NA,NA,NA,NA,"G5"
"6","South Alabama","fbs","Sun Belt",2017,3125260,"Deonta Moore",3,2,11,1.5,2.77860856169743,0.926202853899143,1.38930428084871,18,6,9,0.666666666666667,3,3,1,0,0,NA,NA,NA,NA,NA,NA,NA,NA,"G5"
"6","South Alabama","fbs","Sun Belt",2017,3125278,"Sam Harris",61,10,11,6.1,18.3900466910626,0.301476175263321,1.83900466910626,532,8.72131147540984,53.2,0.573770491803279,39,61,0.639344262295082,2,0,254,296,372,157.5,378,150,252,150,"G5"
"6","South Alabama","fbs","Sun Belt",2017,3139423,"Cole Garvin",1,1,11,1,3.08920210011116,3.08920210011116,3.08920210011116,17,17,17,1,1,1,1,1,0,NA,NA,NA,NA,NA,NA,NA,NA,"G5"
"6","South Alabama","fbs","Sun Belt",2017,4040089,"Andrew Reinkemeyer",10,4,11,2.5,1.18174298081493,0.118174298081493,0.295435745203734,53,5.3,13.25,0.6,8,10,0.8,0,0,NA,NA,NA,NA,NA,NA,NA,NA,"G5"
"6","South Alabama","fbs","Sun Belt",2017,4040097,"Carlos Robinson II",2,2,11,1,-3.75957796334838,-1.87978898167419,-1.87978898167419,-5,-2.5,-2.5,0,1,2,0.5,0,0,NA,NA,NA,NA,NA,NA,NA,NA,"G5"
"6","South Alabama","fbs","Sun Belt",2017,4040108,"David Gardner",11,4,11,2.75,4.0458166776596,0.367801516150873,1.0114541694149,98,8.90909090909091,24.5,0.636363636363636,8,11,0.727272727272727,0,0,NA,NA,NA,NA,NA,NA,NA,NA,"G5"
"6","South Alabama","fbs","Sun Belt",2017,4040109,"Jahmmir Taylor",4,3,11,1.33333333333333,0.921657470348655,0.230414367587164,0.307219156782885,23,5.75,7.66666666666667,0.5,3,4,0.75,0,0,NA,NA,NA,NA,NA,NA,NA,NA,"G5"
"6","South Alabama","fbs","Sun Belt",2017,4049786,"Sa'Mory Collier",15,6,11,2.5,4.02582924213916,0.268388616142611,0.670971540356527,122,8.13333333333333,20.3333333333333,0.6,12,15,0.8,0,0,NA,NA,NA,NA,NA,NA,NA,NA,"G5"
"6","South Alabama","fbs","Sun Belt",2017,4049787,"Jordan McCray",34,9,11,3.77777777777778,6.16197738658347,0.181234629017161,0.684664154064829,253,7.44117647058824,28.1111111111111,0.5,21,34,0.617647058823529,0,0,478,478,468,335,428.5,428,401,442,"G5"
"6","South Alabama","fbs","Sun Belt",2017,4068152,"Kawaan Baker",9,3,11,3,7.6562051650796,0.850689462786622,2.55206838835987,86,9.55555555555556,28.6666666666667,0.555555555555556,6,9,0.666666666666667,1,0,NA,NA,NA,NA,NA,NA,NA,NA,"G5"
"6","South Alabama","fbs","Sun Belt",2017,4249422,"Malik Stanley",44,8,11,5.5,10.7352139872897,0.243982136074765,1.34190174841121,310,7.04545454545455,38.75,0.477272727272727,26,44,0.590909090909091,2,1,408,373,413,392.5,495.5,352,445,298,"G5"
"6","South Alabama","fbs","Sun Belt",2017,4249426,"Jalen Wayne",4,2,11,2,2.40631831157644,0.601579577894109,1.20315915578822,53,13.25,26.5,0.5,3,4,0.75,0,0,NA,NA,NA,NA,NA,NA,NA,NA,"G5"
"6","South Alabama","fbs","Sun Belt",2017,4261056,"Denzel Foster",4,4,11,1,1.56780458961862,0.391951147404654,0.391951147404654,21,5.25,5.25,0.5,4,4,1,0,0,NA,NA,NA,NA,NA,NA,NA,NA,"G5"
"6","South Alabama","fbs","Sun Belt",2017,4261077,"Jamarius Way",82,10,11,8.2,26.7759136023224,0.326535531735639,2.67759136023224,677,8.25609756097561,67.7,0.5,45,82,0.548780487804878,3,0,162,173,350,335,551,73.5,300,70.5,"G5"
"6","South Alabama","fbs","Sun Belt",2017,4261225,"Tra Minter",30,11,11,2.72727272727273,3.70830125192352,0.123610041730784,0.337118295629411,247,8.23333333333333,22.4545454545455,0.5,22,30,0.733333333333333,1,0,513,516,501,335,170.5,446,303,522,"G5"
"61","Georgia","fbs","SEC",2017,3128720,"Nick Chubb",4,4,12,1,2.88158971354839,0.720397428387098,0.720397428387098,31,7.75,7.75,0.75,3,4,0.75,0,0,NA,NA,NA,NA,NA,NA,NA,NA,"P5"
"61","Georgia","fbs","SEC",2017,3128721,"Sony Michel",8,5,12,1.6,-1.32961259767035,-0.166201574708794,-0.26592251953407,55,6.875,11,0.25,5,8,0.625,0,0,NA,NA,NA,NA,NA,NA,NA,NA,"P5"
"61","Georgia","fbs","SEC",2017,3128723,"Jeb Blazevich",2,2,12,1,1.4298360561147,0.714918028057352,0.714918028057352,19,9.5,9.5,1,2,2,1,0,0,NA,NA,NA,NA,NA,NA,NA,NA,"P5"
"61","Georgia","fbs","SEC",2017,3728307,"Jackson Harris",2,2,12,1,0.713511433694468,0.356755716847234,0.356755716847234,12,6,6,0.5,2,2,1,0,0,NA,NA,NA,NA,NA,NA,NA,NA,"P5"
"61","Georgia","fbs","SEC",2017,3915174,"Terry Godwin",30,9,12,3.33333333333333,15.8147256389636,0.527157521298786,1.75719173766262,329,10.9666666666667,36.5555555555556,0.566666666666667,22,30,0.733333333333333,1,3,310,310,189,180,170.5,333.5,78,332,"P5"
"61","Georgia","fbs","SEC",2017,3915190,"Jayson Stanley",1,1,12,1,-0.574563881583277,-0.574563881583277,-0.574563881583277,0,0,0,0,0,1,0,0,0,NA,NA,NA,NA,NA,NA,NA,NA,"P5"
"61","Georgia","fbs","SEC",2017,4035004,"Mecole Hardman",28,11,12,2.54545454545455,21.4004201355345,0.764300719126232,1.94549273959405,298,10.6428571428571,27.0909090909091,0.607142857142857,20,28,0.714285714285714,1,0,213,270,65,94,208.5,367.5,100,461,"P5"
"61","Georgia","fbs","SEC",2017,4035005,"Brian Herrien",3,3,12,1,-2.71288856335066,-0.904296187783554,-0.904296187783554,1,0.333333333333333,0.333333333333333,0,2,3,0.666666666666667,0,0,NA,NA,NA,NA,NA,NA,NA,NA,"P5"
"61","Georgia","fbs","SEC",2017,4035014,"Isaac Nauta",9,7,12,1.28571428571429,3.00557708580551,0.333953009533946,0.429368155115074,71,7.88888888888889,10.1428571428571,0.777777777777778,7,9,0.777777777777778,0,0,NA,NA,NA,NA,NA,NA,NA,NA,"P5"
"61","Georgia","fbs","SEC",2017,4035015,"Riley Ridley",12,5,12,2.4,8.09278162856559,0.674398469047133,1.61855632571312,75,6.25,15,0.333333333333333,6,12,0.5,1,0,NA,NA,NA,NA,NA,NA,NA,NA,"P5"
"61","Georgia","fbs","SEC",2017,4035018,"Tyler Simmons",2,1,12,2,-0.889404868361989,-0.444702434180994,-0.889404868361989,7,3.5,7,0.5,1,2,0.5,0,0,NA,NA,NA,NA,NA,NA,NA,NA,"P5"
"61","Georgia","fbs","SEC",2017,4035019,"Javon Wims",49,11,12,4.45454545454545,38.1281492794932,0.778125495499862,3.46619538904484,572,11.6734693877551,52,0.612244897959184,35,49,0.714285714285714,3,0,86,106,63,89,208.5,119,54,158.5,"P5"
"61","Georgia","fbs","SEC",2017,4035020,"Charlie Woerner",8,4,12,2,0.806239923720783,0.100779990465098,0.201559980930196,79,9.875,19.75,0.375,6,8,0.75,0,0,NA,NA,NA,NA,NA,NA,NA,NA,"P5"
"61","Georgia","fbs","SEC",2017,4240688,"Jeremiah Holloman",1,1,12,1,1.24216615767788,1.24216615767788,1.24216615767788,7,7,7,1,1,1,1,0,0,NA,NA,NA,NA,NA,NA,NA,NA,"P5"
"61","Georgia","fbs","SEC",2017,4240689,"Jake Fromm",12,7,12,1.71428571428571,37.3017387447907,3.10847822873256,5.32881982068439,331,27.5833333333333,47.2857142857143,1,12,12,1,12,0,NA,NA,NA,NA,NA,NA,NA,NA,"P5"
"61","Georgia","fbs","SEC",2017,4259545,"D'Andre Swift",17,10,12,1.7,-6.32483463993544,-0.37204909646679,-0.632483463993544,131,7.70588235294118,13.1,0.294117647058824,13,17,0.764705882352941,0,1,NA,NA,NA,NA,NA,NA,NA,NA,"P5"
"61","Georgia","fbs","SEC",2017,4259551,"Ahkil Crumpton",4,3,12,1.33333333333333,-0.597926644902368,-0.149481661225592,-0.199308881634123,18,4.5,6,0.5,4,4,1,0,0,NA,NA,NA,NA,NA,NA,NA,NA,"P5"
"62","Hawai'i","fbs","Mountain West",2017,536118,"Dylan Collie",142,10,11,14.2,54.8397990685582,0.386195768088438,5.48397990685582,1224,8.61971830985915,122.4,0.47887323943662,106,142,0.746478873239437,12,4,24,24,296,386,151,2,261,2,"G5"
"62","Hawai'i","fbs","Mountain West",2017,547121,"Ryan Tuiasoa",4,3,11,1.33333333333333,-2.7048403771666,-0.676210094291651,-0.901613459055535,7,1.75,2.33333333333333,0,2,4,0.5,0,0,NA,NA,NA,NA,NA,NA,NA,NA,"G5"
"62","Hawai'i","fbs","Mountain West",2017,547170,"Keelan Ewaliko",42,10,11,4.2,-3.38701419728638,-0.0806431951734853,-0.338701419728638,285,6.78571428571429,28.5,0.404761904761905,25,42,0.595238095238095,0,1,583,580,579,529.5,485,385,461.5,438,"G5"
"62","Hawai'i","fbs","Mountain West",2017,547172,"Diocemy Saint Juste",31,10,11,3.1,-3.01450035222681,-0.0972419468460261,-0.301450035222681,151,4.87096774193548,15.1,0.354838709677419,27,31,0.870967741935484,1,1,577,576,584,573,16,572,594,595,"G5"
"62","Hawai'i","fbs","Mountain West",2017,547193,"Ammon Barker",67,11,11,6.09090909090909,8.22622416341093,0.122779465125536,0.747838560310085,398,5.94029850746269,36.1818181818182,0.462686567164179,39,67,0.582089552238806,1,0,451,473,502,423,509,258.5,533,336,"G5"
"62","Hawai'i","fbs","Mountain West",2017,3124569,"Devan Stubblefield",2,1,11,2,-0.539956104736582,-0.269978052368291,-0.539956104736582,7,3.5,7,0.5,1,2,0.5,0,0,NA,NA,NA,NA,NA,NA,NA,NA,"G5"
"62","Hawai'i","fbs","Mountain West",2017,3124592,"Kaiwi Chung",1,1,11,1,3.43557823839671,3.43557823839671,3.43557823839671,37,37,37,1,1,1,1,0,0,NA,NA,NA,NA,NA,NA,NA,NA,"G5"
"62","Hawai'i","fbs","Mountain West",2017,3124596,"Dakota Torres",6,5,11,1.2,5.91271477978268,0.985452463297114,1.18254295595654,35,5.83333333333333,7,0.666666666666667,5,6,0.833333333333333,1,0,NA,NA,NA,NA,NA,NA,NA,NA,"G5"
"62","Hawai'i","fbs","Mountain West",2017,3914918,"Solomon Matautia",1,1,11,1,-0.481116528913391,-0.481116528913391,-0.481116528913391,0,0,0,0,0,1,0,0,0,NA,NA,NA,NA,NA,NA,NA,NA,"G5"
"62","Hawai'i","fbs","Mountain West",2017,3933064,"John Ursua",62,6,11,10.3333333333333,38.8971643145967,0.627373617977366,6.48286071909945,667,10.758064516129,111.166666666667,0.580645161290323,47,62,0.758064516129032,5,0,78,6,115,142,130,79,90,5,"G5"
"62","Hawai'i","fbs","Mountain West",2017,3933067,"Isaiah Bernard",5,1,11,5,-0.535971253420593,-0.107194250684119,-0.535971253420593,47,9.4,47,0.2,1,5,0.2,0,0,NA,NA,NA,NA,NA,NA,NA,NA,"G5"
"62","Hawai'i","fbs","Mountain West",2017,4038242,"Kalakaua Timoteo",5,2,11,2.5,-3.873178942507,-0.7746357885014,-1.9365894712535,12,2.4,6,0.2,3,5,0.6,0,0,NA,NA,NA,NA,NA,NA,NA,NA,"G5"
"62","Hawai'i","fbs","Mountain West",2017,4047770,"Kumoku Noa",15,4,11,3.75,10.2897687672855,0.685984584485701,2.57244219182138,140,9.33333333333333,35,0.6,11,15,0.733333333333333,2,0,NA,NA,NA,NA,NA,NA,NA,NA,"G5"
"62","Hawai'i","fbs","Mountain West",2017,4242484,"Marcus Armstrong-Brown",32,9,11,3.55555555555556,9.08190761786232,0.283809613058198,1.00910084642915,184,5.75,20.4444444444444,0.53125,24,32,0.75,1,0,436,437,388,262.5,143.5,538,547.5,544.5,"G5"
"62","Hawai'i","fbs","Mountain West",2017,4256098,"Kade Greeley",5,3,11,1.66666666666667,10.5931918233095,2.1186383646619,3.53106394110317,85,17,28.3333333333333,0.8,4,5,0.8,2,0,NA,NA,NA,NA,NA,NA,NA,NA,"G5"
"66","Iowa State","fbs","Big 12",2017,545382,"Joel Lanning",1,1,11,1,-0.790361853254479,-0.790361853254479,-0.790361853254479,0,0,0,0,0,1,0,0,0,NA,NA,NA,NA,NA,NA,NA,NA,"P5"
"66","Iowa State","fbs","Big 12",2017,546063,"Marchie Murdock",45,10,11,4.5,34.4510636333215,0.765579191851589,3.44510636333215,456,10.1333333333333,45.6,0.688888888888889,34,45,0.755555555555556,4,1,108,108,64,23,134,200.5,130,217,"P5"
"66","Iowa State","fbs","Big 12",2017,552119,"Kyle Kempt",1,1,11,1,1.41171692694607,1.41171692694607,1.41171692694607,1,1,1,1,1,1,1,1,0,NA,NA,NA,NA,NA,NA,NA,NA,"P5"
"66","Iowa State","fbs","Big 12",2017,559568,"Jacob Park",3,1,11,3,8.97096790634257,2.99032263544752,8.97096790634257,82,27.3333333333333,82,1,3,3,1,3,0,NA,NA,NA,NA,NA,NA,NA,NA,"P5"
"66","Iowa State","fbs","Big 12",2017,3128390,"Allen Lazard",93,11,11,8.45454545454546,33.3243112684325,0.358325927617554,3.02948284258477,682,7.33333333333333,62,0.462365591397849,50,93,0.537634408602151,6,0,117,148,323,425,570,71,411.5,91,"P5"
"66","Iowa State","fbs","Big 12",2017,3138759,"Matthew Eaton",25,10,11,2.5,21.0248242143482,0.840992968573928,2.10248242143482,208,8.32,20.8,0.76,21,25,0.84,4,0,219,239,43,4,36.5,515,289,541,"P5"
"66","Iowa State","fbs","Big 12",2017,3139154,"Trever Ryen",46,11,11,4.18181818181818,9.98081860776182,0.216974317560039,0.907347146160165,410,8.91304347826087,37.2727272727273,0.478260869565217,40,46,0.869565217391304,1,0,420,456,444,389,18,243,233,323,"P5"
"66","Iowa State","fbs","Big 12",2017,3917940,"Hakeem Butler",47,11,11,4.27272727272727,23.7487511318632,0.505292577273686,2.15897737562393,437,9.29787234042553,39.7272727272727,0.446808510638298,28,47,0.595744680851064,4,0,193,231,216,463.5,483,212,196,282,"P5"
"66","Iowa State","fbs","Big 12",2017,3917943,"Sheldon Croney Jr.",9,4,11,2.25,1.26770516948019,0.140856129942243,0.316926292370046,51,5.66666666666667,12.75,0.444444444444444,6,9,0.666666666666667,0,0,NA,NA,NA,NA,NA,NA,NA,NA,"P5"
"66","Iowa State","fbs","Big 12",2017,4035524,"Deshaunte Jones",35,11,11,3.18181818181818,5.08122918903562,0.145177976829589,0.461929926275965,251,7.17142857142857,22.8181818181818,0.457142857142857,24,35,0.685714285714286,0,1,493,503,492,438,273,433,431,518,"P5"
"66","Iowa State","fbs","Big 12",2017,4035526,"Chase Allen",5,3,11,1.66666666666667,-0.128984789736384,-0.0257969579472769,-0.0429949299121282,30,6,10,0.6,3,5,0.6,0,0,NA,NA,NA,NA,NA,NA,NA,NA,"P5"
"66","Iowa State","fbs","Big 12",2017,4035538,"David Montgomery",42,10,11,4.2,12.3425334313017,0.293869843602421,1.23425334313017,289,6.88095238095238,28.9,0.452380952380952,35,42,0.833333333333333,0,0,377,394,379,452,41,379.5,456,431,"P5"
"66","Iowa State","fbs","Big 12",2017,4035554,"Landen Akers",1,1,11,1,1.20609693424124,1.20609693424124,1.20609693424124,34,34,34,1,1,1,1,0,0,NA,NA,NA,NA,NA,NA,NA,NA,"P5"
"66","Iowa State","fbs","Big 12",2017,4035556,"Jalen Martin",4,1,11,4,-2.87962107586589,-0.719905268966471,-2.87962107586589,22,5.5,22,0.25,2,4,0.5,0,0,NA,NA,NA,NA,NA,NA,NA,NA,"P5"
"68","Boise State","fbs","Mountain West",2017,545417,"Montell Cozart",7,6,13,1.16666666666667,11.3245945952755,1.6177992278965,1.88743243254592,104,14.8571428571429,17.3333333333333,0.714285714285714,6,7,0.857142857142857,3,0,NA,NA,NA,NA,NA,NA,NA,NA,"G5"
"68","Boise State","fbs","Mountain West",2017,546222,"Jake Roh",44,11,13,4,35.7836773558757,0.81326539445172,3.25306157780688,358,8.13636363636364,32.5454545454545,0.613636363636364,35,44,0.795454545454545,6,0,101,121,55,87,71,294.5,316,381,"G5"
"68","Boise State","fbs","Mountain West",2017,546287,"Alec Dhaenens",15,8,13,1.875,6.22593298167142,0.415062198778095,0.778241622708928,151,10.0666666666667,18.875,0.6,10,15,0.666666666666667,1,0,NA,NA,NA,NA,NA,NA,NA,NA,"G5"
"68","Boise State","fbs","Mountain West",2017,547433,"Ryan Wolpin",10,7,13,1.42857142857143,7.39672996274683,0.739672996274683,1.05667570896383,88,8.8,12.5714285714286,0.7,9,10,0.9,0,0,NA,NA,NA,NA,NA,NA,NA,NA,"G5"
"68","Boise State","fbs","Mountain West",2017,3124369,"A.J. Richardson",45,11,13,4.09090909090909,26.6242976196554,0.591651058214564,2.42039069269594,407,9.04444444444444,37,0.622222222222222,32,45,0.711111111111111,1,0,164,209,143,71,215.5,247,223,326,"G5"
"68","Boise State","fbs","Mountain West",2017,3127579,"Chase Blakley",1,1,13,1,1.34867594867796,1.34867594867796,1.34867594867796,13,13,13,1,1,1,1,0,0,NA,NA,NA,NA,NA,NA,NA,NA,"G5"
"68","Boise State","fbs","Mountain West",2017,3127581,"Jabril Frazier",1,1,13,1,-0.458505621861569,-0.458505621861569,-0.458505621861569,0,0,0,0,0,1,0,0,0,NA,NA,NA,NA,NA,NA,NA,NA,"G5"
"68","Boise State","fbs","Mountain West",2017,3127588,"Sean Modster",42,13,13,3.23076923076923,6.21087454668361,0.147877965397229,0.477759580514124,260,6.19047619047619,20,0.476190476190476,28,42,0.666666666666667,2,0,477,500,489,395,310.5,418.5,513,551,"G5"
"68","Boise State","fbs","Mountain West",2017,3722361,"Akilian Butler",2,2,13,1,-2.16552541143729,-1.08276270571864,-1.08276270571864,-1,-0.5,-0.5,0,2,2,1,0,0,NA,NA,NA,NA,NA,NA,NA,NA,"G5"
"68","Boise State","fbs","Mountain West",2017,3722362,"Brett Rypien",6,2,13,3,22.5825264202236,3.76375440337059,11.2912632101118,186,31,93,1,6,6,1,5,0,NA,NA,NA,NA,NA,NA,NA,NA,"G5"
"68","Boise State","fbs","Mountain West",2017,4036335,"Cedrick Wilson",113,13,13,8.69230769230769,57.9955079986559,0.513234584058902,4.46119292297353,1182,10.4601769911504,90.9230769230769,0.52212389380531,69,113,0.610619469026549,3,0,16,55,208,281,449,5,107,23,"G5"
"68","Boise State","fbs","Mountain West",2017,4048228,"John Bates",3,2,13,1.5,5.14951655644928,1.71650551881643,2.57475827822464,34,11.3333333333333,17,1,3,3,1,0,0,NA,NA,NA,NA,NA,NA,NA,NA,"G5"
"68","Boise State","fbs","Mountain West",2017,4048243,"Robert Mahone",2,2,13,1,-1.70270284730107,-0.851351423650537,-0.851351423650537,0,0,0,0,0,2,0,0,0,NA,NA,NA,NA,NA,NA,NA,NA,"G5"
"68","Boise State","fbs","Mountain West",2017,4048244,"Alexander Mattison",37,13,13,2.84615384615385,1.20366897133767,0.032531593819937,0.0925899208721285,268,7.24324324324324,20.6153846153846,0.405405405405405,28,37,0.756756756756757,1,1,536,541,536,528,133,403,421,543,"G5"
"68","Boise State","fbs","Mountain West",2017,4260441,"Octavius Evans",14,6,13,2.33333333333333,4.64788752903564,0.331991966359689,0.77464792150594,116,8.28571428571429,19.3333333333333,0.642857142857143,13,14,0.928571428571429,1,1,NA,NA,NA,NA,NA,NA,NA,NA,"G5"
"68","Boise State","fbs","Mountain West",2017,4260452,"CT Thomas",16,10,13,1.6,-2.0071428588665,-0.125446428679156,-0.20071428588665,90,5.625,9,0.375,13,16,0.8125,0,0,NA,NA,NA,NA,NA,NA,NA,NA,"G5"
"70","Idaho","fbs","Sun Belt",2017,553235,"Matt Linehan",4,2,11,2,14.717283923692,3.67932098092301,7.35864196184602,81,20.25,40.5,1,4,4,1,4,0,NA,NA,NA,NA,NA,NA,NA,NA,"G5"
"70","Idaho","fbs","Sun Belt",2017,553242,"Reuben Mwehla",19,8,11,2.375,4.88923342808555,0.257328075162398,0.611154178510694,188,9.89473684210526,23.5,0.421052631578947,14,19,0.736842105263158,1,0,NA,NA,NA,NA,NA,NA,NA,NA,"G5"
"70","Idaho","fbs","Sun Belt",2017,553248,"Jacob Sannon",87,11,11,7.90909090909091,20.7904650243971,0.238970862349392,1.89004227494519,566,6.50574712643678,51.4545454545455,0.471264367816092,55,87,0.632183908045977,0,0,223,281,419,406,397,122.5,489,161,"G5"
"70","Idaho","fbs","Sun Belt",2017,3124888,"Aaron Duckworth",16,9,11,1.77777777777778,7.30205004274058,0.456378127671286,0.811338893637842,158,9.875,17.5555555555556,0.5,14,16,0.875,0,0,NA,NA,NA,NA,NA,NA,NA,NA,"G5"
"70","Idaho","fbs","Sun Belt",2017,3124890,"Kaden Elliss",14,9,11,1.55555555555556,4.31417518209574,0.308155370149696,0.479352798010638,111,7.92857142857143,12.3333333333333,0.357142857142857,6,14,0.428571428571429,1,0,NA,NA,NA,NA,NA,NA,NA,NA,"G5"
"70","Idaho","fbs","Sun Belt",2017,3124892,"Michael Garner",2,1,11,2,0.579462757902296,0.289731378951148,0.579462757902296,14,7,14,1,2,2,1,0,0,NA,NA,NA,NA,NA,NA,NA,NA,"G5"
"70","Idaho","fbs","Sun Belt",2017,3124907,"Isaiah Saunders",9,6,11,1.5,-4.14531999929444,-0.460591111032716,-0.690886666549074,45,5,7.5,0.444444444444444,6,9,0.666666666666667,0,0,NA,NA,NA,NA,NA,NA,NA,NA,"G5"
"70","Idaho","fbs","Sun Belt",2017,3124911,"David Ungerer",52,10,11,5.2,38.8680743537018,0.747462968340419,3.88680743537018,432,8.30769230769231,43.2,0.557692307692308,39,52,0.75,6,0,79,80,72,193,143.5,217.5,293,239.5,"G5"
"70","Idaho","fbs","Sun Belt",2017,3918077,"Jante Boston",4,3,11,1.33333333333333,-1.14670151442998,-0.286675378607496,-0.382233838143328,16,4,5.33333333333333,0,4,4,1,0,0,NA,NA,NA,NA,NA,NA,NA,NA,"G5"
"70","Idaho","fbs","Sun Belt",2017,4048932,"Alfonso Onunwor",98,10,11,9.8,20.2065676941235,0.206189466266566,2.02065676941235,779,7.94897959183673,77.9,0.448979591836735,60,98,0.612244897959184,5,3,231,256,450,459.5,444,50.5,345,44,"G5"
"70","Idaho","fbs","Sun Belt",2017,4048933,"Mason Petrino",4,2,11,2,-1.32115698321275,-0.330289245803188,-0.660578491606375,14,3.5,7,0.25,3,4,0.75,0,0,NA,NA,NA,NA,NA,NA,NA,NA,"G5"
"70","Idaho","fbs","Sun Belt",2017,4048937,"Dylan Thigpen",2,2,11,1,0.0369104835567344,0.0184552417783672,0.0184552417783672,8,4,4,0.5,2,2,1,0,0,NA,NA,NA,NA,NA,NA,NA,NA,"G5"
"70","Idaho","fbs","Sun Belt",2017,4048942,"Joseph Wysocki",4,3,11,1.33333333333333,5.44298398327562,1.3607459958189,1.81432799442521,64,16,21.3333333333333,0.75,3,4,0.75,1,0,NA,NA,NA,NA,NA,NA,NA,NA,"G5"
"70","Idaho","fbs","Sun Belt",2017,4245266,"J.J. Wills",3,2,11,1.5,2.46283442762694,0.820944809208981,1.23141721381347,23,7.66666666666667,11.5,1,3,3,1,0,0,NA,NA,NA,NA,NA,NA,NA,NA,"G5"
"77","Northwestern","fbs","Big Ten",2017,546734,"Matt Alviti",1,1,12,1,4.32854388893781,4.32854388893781,4.32854388893781,20,20,20,1,1,1,1,1,0,NA,NA,NA,NA,NA,NA,NA,NA,"P5"
"77","Northwestern","fbs","Big Ten",2017,546840,"Macan Wilson",55,11,12,5,21.4758048885689,0.390469179792161,1.95234589896081,485,8.81818181818182,44.0909090909091,0.581818181818182,36,55,0.654545454545455,1,0,211,267,290,138,337,178,244,230.5,"P5"
"77","Northwestern","fbs","Big Ten",2017,3116132,"Garrett Dickerson",52,11,12,4.72727272727273,32.4160467371221,0.623385514175426,2.94691333973838,422,8.11538461538461,38.3636363636364,0.673076923076923,40,52,0.769230769230769,3,0,118,153,118,31,110.5,228,322,307,"P5"
"77","Northwestern","fbs","Big Ten",2017,3116136,"Justin Jackson",58,12,12,4.83333333333333,-0.796372232286711,-0.0137305557290812,-0.0663643526905593,266,4.58620689655172,22.1666666666667,0.362068965517241,45,58,0.775862068965517,1,0,555,554,554,567,99,405.5,603,526,"P5"
"77","Northwestern","fbs","Big Ten",2017,3116141,"James Prather",1,1,12,1,2.74869782117809,2.74869782117809,2.74869782117809,9,9,9,1,1,1,1,0,0,NA,NA,NA,NA,NA,NA,NA,NA,"P5"
"77","Northwestern","fbs","Big Ten",2017,3116144,"Clayton Thorson",3,1,12,3,3.38682908283496,1.12894302761165,3.38682908283496,8,2.66666666666667,8,1,3,3,1,3,0,NA,NA,NA,NA,NA,NA,NA,NA,"P5"
"77","Northwestern","fbs","Big Ten",2017,3117314,"Jalen Brown",3,2,12,1.5,4.4980327503819,1.4993442501273,2.24901637519095,33,11,16.5,1,3,3,1,0,0,NA,NA,NA,NA,NA,NA,NA,NA,"P5"
"77","Northwestern","fbs","Big Ten",2017,3915985,"Cameron Green",23,8,12,2.875,-2.01508416589312,-0.0876123550388312,-0.25188552073664,129,5.60869565217391,16.125,0.478260869565217,17,23,0.739130434782609,0,1,572,575,580,389,165,594,558,586,"P5"
"77","Northwestern","fbs","Big Ten",2017,3915987,"Flynn Nagel",66,12,12,5.5,29.9741278239245,0.454153451877644,2.49784398532704,456,6.90909090909091,38,0.560606060606061,46,66,0.696969696969697,1,0,136,196,248,189,244,200.5,454,311,"P5"
"77","Northwestern","fbs","Big Ten",2017,3915988,"Charlie Fessler",2,1,12,2,2.52191890415777,1.26095945207888,2.52191890415777,38,19,38,1,2,2,1,0,0,NA,NA,NA,NA,NA,NA,NA,NA,"P5"
"77","Northwestern","fbs","Big Ten",2017,4035636,"Jeremy Larkin",15,8,12,1.875,-6.02967386143375,-0.401978257428917,-0.753709232679219,113,7.53333333333333,14.125,0.4,11,15,0.733333333333333,0,1,NA,NA,NA,NA,NA,NA,NA,NA,"P5"
"77","Northwestern","fbs","Big Ten",2017,4035643,"Cody Link",2,1,12,2,1.68543669459283,0.842718347296413,1.68543669459283,29,14.5,29,1,2,2,1,0,0,NA,NA,NA,NA,NA,NA,NA,NA,"P5"
"77","Northwestern","fbs","Big Ten",2017,4035651,"Ramaud Chiaokhiao-Bowman",4,3,12,1.33333333333333,-4.38523713481858,-1.09630928370464,-1.46174571160619,33,8.25,11,0.5,3,4,0.75,0,1,NA,NA,NA,NA,NA,NA,NA,NA,"P5"
"77","Northwestern","fbs","Big Ten",2017,4035653,"Jackson Tirmonia",1,1,12,1,0.338825056766232,0.338825056766232,0.338825056766232,5,5,5,1,1,1,1,0,0,NA,NA,NA,NA,NA,NA,NA,NA,"P5"
"77","Northwestern","fbs","Big Ten",2017,4035654,"Riley Lees",29,10,12,2.9,5.6957581381242,0.196405453038766,0.56957581381242,215,7.41379310344828,21.5,0.517241379310345,17,29,0.586206896551724,1,0,485,490,456,294.5,503,505.5,404,533,"P5"
"77","Northwestern","fbs","Big Ten",2017,4035656,"Ben Skowronek",73,12,12,6.08333333333333,19.2394827858515,0.263554558710295,1.60329023215429,644,8.82191780821918,53.6666666666667,0.506849315068493,43,73,0.589041095890411,4,1,240,332,401,321,499,88,242,143,"P5"
"77","Northwestern","fbs","Big Ten",2017,4242270,"Kyric McGowan",5,3,12,1.66666666666667,0.273226554252715,0.0546453108505429,0.0910755180842382,25,5,8.33333333333333,0.4,4,5,0.8,0,0,NA,NA,NA,NA,NA,NA,NA,NA,"P5"
"77","Northwestern","fbs","Big Ten",2017,4242275,"Jace James",1,1,12,1,3.60249202332468,3.60249202332468,3.60249202332468,25,25,25,1,1,1,1,0,0,NA,NA,NA,NA,NA,NA,NA,NA,"P5"
"8","Arkansas","fbs","SEC",2017,548155,"David Williams",10,7,11,1.42857142857143,11.8939110195332,1.18939110195332,1.69913014564761,123,12.3,17.5714285714286,0.7,8,10,0.8,2,0,NA,NA,NA,NA,NA,NA,NA,NA,"P5"
"8","Arkansas","fbs","SEC",2017,559629,"Jared Cornelius",5,2,11,2.5,5.52797799805472,1.10559559961094,2.76398899902736,37,7.4,18.5,0.6,4,5,0.8,1,0,NA,NA,NA,NA,NA,NA,NA,NA,"P5"
"8","Arkansas","fbs","SEC",2017,3886620,"Will Gragg",5,3,11,1.66666666666667,7.85907469430902,1.57181493886181,2.61969156476967,61,12.2,20.3333333333333,0.6,5,5,1,0,0,NA,NA,NA,NA,NA,NA,NA,NA,"P5"
"8","Arkansas","fbs","SEC",2017,3916899,"Austin Cantrell",14,7,11,2,-2.84512827939317,-0.203223448528084,-0.406446897056167,69,4.92857142857143,9.85714285714286,0.571428571428571,11,14,0.785714285714286,0,1,NA,NA,NA,NA,NA,NA,NA,NA,"P5"
"8","Arkansas","fbs","SEC",2017,3916906,"Kendrick Jackson",1,1,11,1,-0.316504100818867,-0.316504100818867,-0.316504100818867,11,11,11,0,1,1,1,0,0,NA,NA,NA,NA,NA,NA,NA,NA,"P5"
"8","Arkansas","fbs","SEC",2017,3916911,"La'Michael Pettway",8,6,11,1.33333333333333,3.82576963063351,0.478221203829189,0.637628271772252,66,8.25,11,0.5,5,8,0.625,0,0,NA,NA,NA,NA,NA,NA,NA,NA,"P5"
"8","Arkansas","fbs","SEC",2017,3916919,"Deon Stewart",49,10,11,4.9,25.3183967950392,0.516701975408964,2.53183967950392,387,7.89795918367347,38.7,0.489795918367347,31,49,0.63265306122449,2,0,179,193,203,359,396,271.5,356,300,"P5"
"8","Arkansas","fbs","SEC",2017,4035576,"T.J. Hammonds",4,4,11,1,3.03150632060709,0.757876580151773,0.757876580151773,64,16,16,0.25,2,4,0.5,1,0,NA,NA,NA,NA,NA,NA,NA,NA,"P5"
"8","Arkansas","fbs","SEC",2017,4035582,"Hayden Johnson",5,4,11,1.25,3.69825078628796,0.739650157257593,0.924562696571991,49,9.8,12.25,0.8,5,5,1,0,0,NA,NA,NA,NA,NA,NA,NA,NA,"P5"
"8","Arkansas","fbs","SEC",2017,4035583,"Jordan Jones",39,10,11,3.9,30.3930466769219,0.779308889151845,3.03930466769219,393,10.0769230769231,39.3,0.461538461538462,20,39,0.512820512820513,3,0,131,145,62,428.5,590,265.5,135,291,"P5"
"8","Arkansas","fbs","SEC",2017,4035593,"Cheyenne O'Grady",25,9,11,2.77777777777778,2.74974887212982,0.109989954885193,0.305527652458869,134,5.36,14.8888888888889,0.44,19,25,0.76,1,1,520,523,508,479.5,124.5,589.5,575,598,"P5"
"8","Arkansas","fbs","SEC",2017,4035600,"Devwah Whaley",12,6,11,2,-1.48923696603375,-0.124103080502812,-0.248206161005625,52,4.33333333333333,8.66666666666667,0.25,8,12,0.666666666666667,1,0,NA,NA,NA,NA,NA,NA,NA,NA,"P5"
"8","Arkansas","fbs","SEC",2017,4242158,"Chase Hayden",1,1,11,1,1.82720214114585,1.82720214114585,1.82720214114585,23,23,23,1,1,1,1,0,0,NA,NA,NA,NA,NA,NA,NA,NA,"P5"
"8","Arkansas","fbs","SEC",2017,4242164,"Brandon Martin",12,4,11,3,4.91179093319464,0.409315911099553,1.22794773329866,119,9.91666666666667,29.75,0.5,9,12,0.75,0,0,NA,NA,NA,NA,NA,NA,NA,NA,"P5"
"8","Arkansas","fbs","SEC",2017,4242169,"Jonathan Nance",51,10,11,5.1,30.838039256454,0.604667436401058,3.0838039256454,514,10.078431372549,51.4,0.490196078431373,34,51,0.666666666666667,5,0,127,136,129,357,310.5,157.5,134,163,"P5"
"8","Arkansas","fbs","SEC",2017,4242171,"Jeremy Patton",14,6,11,2.33333333333333,13.443315850709,0.960236846479218,2.24055264178484,189,13.5,31.5,0.714285714285714,11,14,0.785714285714286,0,0,NA,NA,NA,NA,NA,NA,NA,NA,"P5"
"8","Arkansas","fbs","SEC",2017,4242178,"De'Vion Warren",1,1,11,1,0.0598479174694498,0.0598479174694498,0.0598479174694498,5,5,5,1,1,1,1,0,0,NA,NA,NA,NA,NA,NA,NA,NA,"P5"
"8","Arkansas","fbs","SEC",2017,4245297,"Gary Cross",1,1,11,1,-0.986010992729328,-0.986010992729328,-0.986010992729328,-2,-2,-2,0,1,1,1,0,0,NA,NA,NA,NA,NA,NA,NA,NA,"P5"
"84","Indiana","fbs","Big Ten",2017,546687,"Richard Lagow",3,1,11,3,6.78561400109078,2.26187133369693,6.78561400109078,28,9.33333333333333,28,1,3,3,1,3,0,NA,NA,NA,NA,NA,NA,NA,NA,"P5"
"84","Indiana","fbs","Big Ten",2017,3122446,"Luke Timian",95,11,11,8.63636363636364,5.67095570170609,0.0596942705442746,0.515541427427826,561,5.90526315789474,51,0.452631578947368,63,95,0.663157894736842,2,1,486,495,529,450,321,129.5,537,171,"P5"
"84","Indiana","fbs","Big Ten",2017,3128251,"Simmie Cobbs Jr.",104,11,11,9.45454545454546,34.4092970027497,0.33085862502644,3.12811790934089,735,7.06730769230769,66.8181818181818,0.442307692307692,61,104,0.586538461538462,7,1,109,129,346,472.5,501,60,442,75,"P5"
"84","Indiana","fbs","Big Ten",2017,3128260,"J-Shun Harris II",4,3,11,1.33333333333333,-1.75379008935768,-0.43844752233942,-0.58459669645256,14,3.5,4.66666666666667,0.25,3,4,0.75,0,0,NA,NA,NA,NA,NA,NA,NA,NA,"P5"
"84","Indiana","fbs","Big Ten",2017,3134577,"Ryan Watercutter",12,7,11,1.71428571428571,0.295477854384477,0.0246231545320397,0.0422111220549252,57,4.75,8.14285714285714,0.416666666666667,9,12,0.75,0,0,NA,NA,NA,NA,NA,NA,NA,NA,"P5"
"84","Indiana","fbs","Big Ten",2017,3858265,"Ricky Brookins",23,9,11,2.55555555555556,-6.27347052705862,-0.272759588132983,-0.697052280784291,109,4.73913043478261,12.1111111111111,0.304347826086957,17,23,0.739130434782609,0,0,599,597,605,605.5,165,607,599,608,"P5"
"84","Indiana","fbs","Big Ten",2017,3929778,"Devonte Williams",13,6,11,2.16666666666667,10.3193976560295,0.793799819694577,1.71989960933825,141,10.8461538461538,23.5,0.615384615384615,11,13,0.846153846153846,2,0,NA,NA,NA,NA,NA,NA,NA,NA,"P5"
"84","Indiana","fbs","Big Ten",2017,3929786,"Donavan Hale",15,2,11,7.5,2.12113712090077,0.141409141393384,1.06056856045038,116,7.73333333333333,58,0.333333333333333,7,15,0.466666666666667,1,0,NA,NA,NA,NA,NA,NA,NA,NA,"P5"
"84","Indiana","fbs","Big Ten",2017,3929788,"Mike Majette",16,3,11,5.33333333333333,-0.383899717250693,-0.0239937323281683,-0.127966572416898,89,5.5625,29.6666666666667,0.3125,11,16,0.6875,0,0,NA,NA,NA,NA,NA,NA,NA,NA,"P5"
"84","Indiana","fbs","Big Ten",2017,4045290,"Peyton Ramsey",1,1,11,1,2.3534007536189,2.3534007536189,2.3534007536189,32,32,32,1,1,1,1,1,0,NA,NA,NA,NA,NA,NA,NA,NA,"P5"
"84","Indiana","fbs","Big Ten",2017,4045291,"Taysir Mack",27,5,11,5.4,7.13154080290468,0.264131140848321,1.42630816058094,199,7.37037037037037,39.8,0.518518518518518,16,27,0.592592592592593,1,0,465,359,400,292,491,523.5,408,279,"P5"
"84","Indiana","fbs","Big Ten",2017,4045294,"Cole Gest",11,5,11,2.2,7.20194673500886,0.654722430455351,1.44038934700177,83,7.54545454545455,16.6,0.727272727272727,10,11,0.909090909090909,1,0,NA,NA,NA,NA,NA,NA,NA,NA,"P5"
"84","Indiana","fbs","Big Ten",2017,4045305,"Ian Thomas",31,9,11,3.44444444444444,26.9078779804991,0.867996063887069,2.98976422005546,356,11.4838709677419,39.5555555555556,0.548387096774194,23,31,0.741935483870968,3,0,160,151,38,220.5,159,298.5,61.5,287,"P5"
"84","Indiana","fbs","Big Ten",2017,4258235,"Whop Philyor",38,9,11,4.22222222222222,28.0904493770672,0.739222352028084,3.12116104189636,319,8.39473684210526,35.4444444444444,0.657894736842105,31,38,0.815789473684211,3,0,151,132,78,40,51,347,280,344,"P5"
"84","Indiana","fbs","Big Ten",2017,4258240,"Morgan Ellison",13,8,11,1.625,-2.61514081997643,-0.201164678459725,-0.326892602497053,60,4.61538461538461,7.5,0.461538461538462,9,13,0.692307692307692,0,0,NA,NA,NA,NA,NA,NA,NA,NA,"P5"
"87","Notre Dame","fbs","FBS Independents",2017,546463,"Cameron Smith",13,3,12,4.33333333333333,-1.44985327277141,-0.11152717482857,-0.483284424257137,61,4.69230769230769,20.3333333333333,0.230769230769231,7,13,0.538461538461538,1,0,NA,NA,NA,NA,NA,NA,NA,NA,"P5"
"87","Notre Dame","fbs","FBS Independents",2017,550966,"Durham Smythe",24,9,12,2.66666666666667,9.60476038105526,0.400198349210636,1.06719559789503,234,9.75,26,0.541666666666667,13,24,0.541666666666667,1,0,425,420,285,237.5,560,470,157,470.5,"P5"
"87","Notre Dame","fbs","FBS Independents",2017,3115964,"Freddy Canteen",2,1,12,2,-1.02852684110579,-0.514263420552893,-1.02852684110579,7,3.5,7,0.5,1,2,0.5,0,0,NA,NA,NA,NA,NA,NA,NA,NA,"P5"
"87","Notre Dame","fbs","FBS Independents",2017,3129314,"Nic Weishar",8,3,12,2.66666666666667,3.97782173105737,0.497227716382172,1.32594057701912,39,4.875,13,0.5,7,8,0.875,2,0,NA,NA,NA,NA,NA,NA,NA,NA,"P5"
"87","Notre Dame","fbs","FBS Independents",2017,3932420,"Josh Adams",16,8,12,2,-3.75758392199557,-0.234848995124723,-0.469697990249446,82,5.125,10.25,0.3125,10,16,0.625,0,0,NA,NA,NA,NA,NA,NA,NA,NA,"P5"
"87","Notre Dame","fbs","FBS Independents",2017,3932423,"Miles Boykin",12,6,12,2,12.0571554067419,1.00476295056182,2.00952590112365,151,12.5833333333333,25.1666666666667,0.75,9,12,0.75,1,0,NA,NA,NA,NA,NA,NA,NA,NA,"P5"
"87","Notre Dame","fbs","FBS Independents",2017,3932429,"Chris Finke",9,4,12,2.25,5.54846214459249,0.61649579384361,1.38711553614812,84,9.33333333333333,21,0.444444444444444,5,9,0.555555555555556,0,0,NA,NA,NA,NA,NA,NA,NA,NA,"P5"
"87","Notre Dame","fbs","FBS Independents",2017,3932433,"Alize Mack",27,6,12,4.5,6.13140046560851,0.227088906133649,1.02190007760142,152,5.62962962962963,25.3333333333333,0.444444444444444,18,27,0.666666666666667,0,0,479,435,433,469,310.5,571,554,480.5,"P5"
"87","Notre Dame","fbs","FBS Independents",2017,3932440,"C.J. Sanders",2,2,12,1,-1.27279987173179,-0.636399935865894,-0.636399935865894,0,0,0,0,1,2,0.5,0,0,NA,NA,NA,NA,NA,NA,NA,NA,"P5"
"87","Notre Dame","fbs","FBS Independents",2017,3932442,"Equanimeous St. Brown",66,11,12,6,1.425950312117,0.0216053077593484,0.129631846556091,367,5.56060606060606,33.3636363636364,0.363636363636364,29,66,0.439393939393939,2,0,534,536,543,564,614,287,563,372,"P5"
"87","Notre Dame","fbs","FBS Independents",2017,3932449,"Dexter Williams",2,2,12,1,2.81561005623942,1.40780502811971,1.40780502811971,13,6.5,6.5,0.5,2,2,1,1,0,NA,NA,NA,NA,NA,NA,NA,NA,"P5"
"87","Notre Dame","fbs","FBS Independents",2017,3932451,"Brandon Wimbush",7,4,12,1.75,30.7117081950014,4.3873868850002,7.67792704875035,260,37.1428571428571,65,1,7,7,1,7,0,NA,NA,NA,NA,NA,NA,NA,NA,"P5"
"87","Notre Dame","fbs","FBS Independents",2017,4039032,"Kevin Stepherson",32,7,12,4.57142857142857,5.03513514334398,0.157347973229499,0.719305020477712,214,6.6875,30.5714285714286,0.40625,15,32,0.46875,1,0,494,476,486,526.5,608,507,468,408,"P5"
"87","Notre Dame","fbs","FBS Independents",2017,4046676,"Tony Jones Jr.",5,3,12,1.66666666666667,-3.50588400808006,-0.701176801616011,-1.16862800269335,13,2.6,4.33333333333333,0.2,4,5,0.8,0,0,NA,NA,NA,NA,NA,NA,NA,NA,"P5"
"87","Notre Dame","fbs","FBS Independents",2017,4046677,"Deon McIntosh",4,3,12,1.33333333333333,-3.80645591142258,-0.951613977855644,-1.26881863714086,8,2,2.66666666666667,0.25,3,4,0.75,0,0,NA,NA,NA,NA,NA,NA,NA,NA,"P5"
"87","Notre Dame","fbs","FBS Independents",2017,4046692,"Chase Claypool",42,11,12,3.81818181818182,20.9051826342361,0.497742443672288,1.90047114856692,402,9.57142857142857,36.5454545454545,0.571428571428571,29,42,0.69047619047619,2,0,222,279,219,165,254.5,253.5,169.5,333,"P5"
"87","Notre Dame","fbs","FBS Independents",2017,4258595,"Cole Kmet",4,2,12,2,-3.64063548009286,-0.910158870023214,-1.82031774004643,14,3.5,7,0.25,2,4,0.5,0,0,NA,NA,NA,NA,NA,NA,NA,NA,"P5"
"87","Notre Dame","fbs","FBS Independents",2017,4258604,"Michael Young",3,2,12,1.5,0.441516986354215,0.147172328784738,0.220758493177107,10,3.33333333333333,5,0.333333333333333,2,3,0.666666666666667,0,0,NA,NA,NA,NA,NA,NA,NA,NA,"P5"
"9","Arizona State","fbs","Pac-12",2017,546537,"Ryan Jenkins",3,2,12,1.5,-1.10525593948483,-0.368418646494942,-0.552627969742413,11,3.66666666666667,5.5,0.333333333333333,2,3,0.666666666666667,0,0,NA,NA,NA,NA,NA,NA,NA,NA,"P5"
"9","Arizona State","fbs","Pac-12",2017,3128774,"Kalen Ballage",31,11,12,2.81818181818182,-20.8748196065727,-0.673381277631376,-1.89771087332479,81,2.61290322580645,7.36363636363636,0.161290322580645,19,31,0.612903225806452,0,0,616,616,616,616,441,614,616,615,"P5"
"9","Arizona State","fbs","Pac-12",2017,3128785,"Jalen Harvey",47,11,12,4.27272727272727,42.8117977191305,0.910889313172989,3.89198161083004,558,11.8723404255319,50.7272727272727,0.617021276595745,33,47,0.702127659574468,1,1,58,79,30,81,235,132,46,174,"P5"
"9","Arizona State","fbs","Pac-12",2017,3128800,"Demario Richard",13,9,12,1.44444444444444,-3.65497911472926,-0.281152239594558,-0.406108790525473,65,5,7.22222222222222,0.384615384615385,7,13,0.538461538461538,0,0,NA,NA,NA,NA,NA,NA,NA,NA,"P5"
"9","Arizona State","fbs","Pac-12",2017,3128814,"Manny Wilkins",2,2,12,1,5.01535602070204,2.50767801035102,2.50767801035102,44,22,22,0.5,2,2,1,1,0,NA,NA,NA,NA,NA,NA,NA,NA,"P5"
"9","Arizona State","fbs","Pac-12",2017,3675229,"Terrell Chatman",2,1,12,2,0.170615733468187,0.0853078667340935,0.170615733468187,8,4,8,0.5,1,2,0.5,0,0,NA,NA,NA,NA,NA,NA,NA,NA,"P5"
"9","Arizona State","fbs","Pac-12",2017,3675550,"Tommy Hudson",2,2,12,1,1.52850556956833,0.764252784784167,0.764252784784167,27,13.5,13.5,0.5,2,2,1,0,0,NA,NA,NA,NA,NA,NA,NA,NA,"P5"
"9","Arizona State","fbs","Pac-12",2017,3676004,"Jay Jay Wilson",1,1,12,1,0.579051267626925,0.579051267626925,0.579051267626925,16,16,16,1,1,1,1,0,0,NA,NA,NA,NA,NA,NA,NA,NA,"P5"
"9","Arizona State","fbs","Pac-12",2017,3707516,"John Humphrey",14,5,12,2.8,4.89933803172823,0.349952716552016,0.979867606345646,108,7.71428571428571,21.6,0.642857142857143,11,14,0.785714285714286,0,0,NA,NA,NA,NA,NA,NA,NA,NA,"P5"
"9","Arizona State","fbs","Pac-12",2017,3893625,"Nick Ralston",9,3,12,3,-5.00614076691014,-0.556237862990016,-1.66871358897005,32,3.55555555555556,10.6666666666667,0.333333333333333,6,9,0.666666666666667,0,0,NA,NA,NA,NA,NA,NA,NA,NA,"P5"
"9","Arizona State","fbs","Pac-12",2017,3929853,"Ryan Newsome",5,3,12,1.66666666666667,3.14106049756367,0.628212099512734,1.04702016585456,31,6.2,10.3333333333333,0.6,4,5,0.8,0,0,NA,NA,NA,NA,NA,NA,NA,NA,"P5"
"9","Arizona State","fbs","Pac-12",2017,4047836,"Frank Darby",10,4,12,2.5,17.7124203767501,1.77124203767501,4.42810509418752,214,21.4,53.5,0.7,8,10,0.8,1,0,NA,NA,NA,NA,NA,NA,NA,NA,"P5"
"9","Arizona State","fbs","Pac-12",2017,4047839,"N'Keal Harry",106,12,12,8.83333333333333,68.779973711761,0.648867676526047,5.73166447598008,1000,9.43396226415094,83.3333333333333,0.556603773584906,73,106,0.688679245283019,7,0,4,16,113,196,265,16,185,32,"P5"
"9","Arizona State","fbs","Pac-12",2017,4242873,"Eno Benjamin",3,2,12,1.5,-2.70827623159265,-0.902758743864215,-1.35413811579632,-4,-1.33333333333333,-2,0,3,3,1,0,0,NA,NA,NA,NA,NA,NA,NA,NA,"P5"
"9","Arizona State","fbs","Pac-12",2017,4242896,"Curtis Hodges",5,4,12,1.25,3.85303249250672,0.770606498501345,0.963258123126681,41,8.2,10.25,0.6,5,5,1,1,0,NA,NA,NA,NA,NA,NA,NA,NA,"P5"
"9","Arizona State","fbs","Pac-12",2017,4242897,"Ceejhay French-Love",3,3,12,1,7.87927250442329,2.6264241681411,2.6264241681411,49,16.3333333333333,16.3333333333333,1,3,3,1,1,0,NA,NA,NA,NA,NA,NA,NA,NA,"P5"
"9","Arizona State","fbs","Pac-12",2017,4252364,"Kyle Williams",75,12,12,6.25,41.4574121936448,0.552765495915264,3.4547843494704,631,8.41333333333333,52.5833333333333,0.546666666666667,58,75,0.773333333333333,5,0,64,107,172,224,101.5,92.5,278,155,"P5"
"96","Kentucky","fbs","SEC",2017,545600,"Greg Hart",3,3,11,1,2.79640685372357,0.932135617907856,0.932135617907856,25,8.33333333333333,8.33333333333333,0.666666666666667,3,3,1,1,0,NA,NA,NA,NA,NA,NA,NA,NA,"P5"
"96","Kentucky","fbs","SEC",2017,557882,"Stephen Johnson",2,2,11,1,2.08548628492551,1.04274314246276,1.04274314246276,32,16,16,0.5,1,2,0.5,0,0,NA,NA,NA,NA,NA,NA,NA,NA,"P5"
"96","Kentucky","fbs","SEC",2017,3126329,"Garrett Johnson",52,10,11,5.2,24.8761293906997,0.478387103667301,2.48761293906997,458,8.80769230769231,45.8,0.634615384615385,44,52,0.846153846153846,2,2,182,198,232,60,33,198.5,245,214.5,"P5"
"96","Kentucky","fbs","SEC",2017,3126339,"Blake Bone",16,6,11,2.66666666666667,14.6029855222074,0.912686595137965,2.43383092036791,141,8.8125,23.5,0.625,10,16,0.625,2,0,NA,NA,NA,NA,NA,NA,NA,NA,"P5"
"96","Kentucky","fbs","SEC",2017,3133566,"Charles Walker",17,7,11,2.42857142857143,3.01843281538469,0.177554871493217,0.431204687912098,115,6.76470588235294,16.4285714285714,0.529411764705882,11,17,0.647058823529412,0,0,NA,NA,NA,NA,NA,NA,NA,NA,"P5"
"96","Kentucky","fbs","SEC",2017,3915230,"C.J. Conrad",17,6,11,2.83333333333333,19.2720442112802,1.13364965948707,3.2120073685467,258,15.1764705882353,43,0.823529411764706,14,17,0.823529411764706,3,0,NA,NA,NA,NA,NA,NA,NA,NA,"P5"
"96","Kentucky","fbs","SEC",2017,3915247,"Sihiem King",12,7,11,1.71428571428571,-0.611738543621614,-0.0509782119684678,-0.0873912205173734,62,5.16666666666667,8.85714285714286,0.333333333333333,9,12,0.75,0,0,NA,NA,NA,NA,NA,NA,NA,NA,"P5"
"96","Kentucky","fbs","SEC",2017,3915251,"Tavin Richardson",33,10,11,3.3,12.0950957270518,0.366518052334904,1.20950957270518,272,8.24242424242424,27.2,0.545454545454545,20,33,0.606060606060606,1,0,383,397,313,229.5,462,399.5,302,460,"P5"
"96","Kentucky","fbs","SEC",2017,4035065,"Justin Rigg",1,1,11,1,0.289169658624745,0.289169658624745,0.289169658624745,6,6,6,1,1,1,1,0,0,NA,NA,NA,NA,NA,NA,NA,NA,"P5"
"96","Kentucky","fbs","SEC",2017,4035069,"Kayaune Ross",22,8,11,2.75,10.0871320220658,0.458506001002992,1.26089150275823,219,9.95454545454546,27.375,0.636363636363636,16,22,0.727272727272727,0,0,417,385,242,57.5,182.5,499,142,457,"P5"
"96","Kentucky","fbs","SEC",2017,4035072,"Benny Snell Jr.",12,7,11,1.71428571428571,-1.34600677550269,-0.112167231291891,-0.192286682214669,67,5.58333333333333,9.57142857142857,0.416666666666667,7,12,0.583333333333333,0,0,NA,NA,NA,NA,NA,NA,NA,NA,"P5"
"96","Kentucky","fbs","SEC",2017,4240785,"Clevan Thomas",1,1,11,1,-0.278122483498032,-0.278122483498032,-0.278122483498032,4,4,4,0,1,1,1,0,0,NA,NA,NA,NA,NA,NA,NA,NA,"P5"
"96","Kentucky","fbs","SEC",2017,4259976,"Josh Ali",2,2,11,1,0.917375161878237,0.458687580939118,0.458687580939118,20,10,10,1,2,2,1,0,0,NA,NA,NA,NA,NA,NA,NA,NA,"P5"
"96","Kentucky","fbs","SEC",2017,4259979,"Lynn Bowden Jr.",18,7,11,2.57142857142857,11.4278431419543,0.634880174553018,1.63254902027919,189,10.5,27,0.5,15,18,0.833333333333333,0,1,NA,NA,NA,NA,NA,NA,NA,NA,"P5"
"96","Kentucky","fbs","SEC",2017,4259984,"Isaiah Epps",7,3,11,2.33333333333333,2.89367834994643,0.413382621420919,0.964559449982144,55,7.85714285714286,18.3333333333333,0.428571428571429,4,7,0.571428571428571,0,0,NA,NA,NA,NA,NA,NA,NA,NA,"P5"
"97","Louisville","fbs","ACC",2017,3116642,"Reggie Bonnafon",25,10,11,2.5,1.69995906860868,0.0679983627443471,0.169995906860868,163,6.52,16.3,0.44,19,25,0.76,1,0,532,533,525,479.5,124.5,562,488,585,"P5"
"97","Louisville","fbs","ACC",2017,3116659,"Charles Standberry",38,11,11,3.45454545454545,14.5790129444269,0.383658235379656,1.32536481312972,253,6.65789473684211,23,0.5,23,38,0.605263157894737,2,0,333,378,299,335,464,428,470,514.5,"P5"
"97","Louisville","fbs","ACC",2017,3116661,"Micky Crum",12,5,11,2.4,2.50666541126185,0.20888878427182,0.501333082252369,69,5.75,13.8,0.333333333333333,5,12,0.416666666666667,0,0,NA,NA,NA,NA,NA,NA,NA,NA,"P5"
"97","Louisville","fbs","ACC",2017,3116665,"Javonte Bagley",3,1,11,3,1.57534887350689,0.525116291168965,1.57534887350689,31,10.3333333333333,31,0.666666666666667,2,3,0.666666666666667,1,0,NA,NA,NA,NA,NA,NA,NA,NA,"P5"
"97","Louisville","fbs","ACC",2017,3895431,"Traveon Samuel",30,11,11,2.72727272727273,4.9303494615484,0.164344982051613,0.448213587413491,313,10.4333333333333,28.4545454545455,0.366666666666667,19,30,0.633333333333333,0,0,496,507,481,560.5,395,351,109,440,"P5"
"97","Louisville","fbs","ACC",2017,3895871,"Jordan Davis",3,3,11,1,5.55387329954775,1.85129109984925,1.85129109984925,78,26,26,1,3,3,1,1,0,NA,NA,NA,NA,NA,NA,NA,NA,"P5"
"97","Louisville","fbs","ACC",2017,3916387,"Lamar Jackson",1,1,11,1,2.98791979829418,2.98791979829418,2.98791979829418,23,23,23,1,1,1,1,1,0,NA,NA,NA,NA,NA,NA,NA,NA,"P5"
"97","Louisville","fbs","ACC",2017,3916388,"Dee Smith",1,1,11,1,-0.821543125660748,-0.821543125660748,-0.821543125660748,0,0,0,0,0,1,0,0,0,NA,NA,NA,NA,NA,NA,NA,NA,"P5"
"97","Louisville","fbs","ACC",2017,3916416,"Emonee Spence",4,1,11,4,0.790907614033716,0.197726903508429,0.790907614033716,27,6.75,27,0.5,3,4,0.75,0,0,NA,NA,NA,NA,NA,NA,NA,NA,"P5"
"97","Louisville","fbs","ACC",2017,3916418,"Jaylen Smith",88,9,11,9.77777777777778,27.8541450105468,0.31652437511985,3.09490500117187,873,9.92045454545454,97,0.534090909090909,53,88,0.602272727272727,6,2,153,134,358,252,470,29,144,14,"P5"
"97","Louisville","fbs","ACC",2017,4035996,"Seth Dawkins",54,10,11,5.4,35.029178544164,0.648688491558593,3.5029178544164,547,10.1296296296296,54.7,0.574074074074074,35,54,0.648148148148148,3,0,105,102,114,156,359.5,136,131,134,"P5"
"97","Louisville","fbs","ACC",2017,4036007,"Dae Williams",3,3,11,1,-0.0331943453159877,-0.0110647817719959,-0.0110647817719959,17,5.66666666666667,5.66666666666667,0.666666666666667,2,3,0.666666666666667,0,0,NA,NA,NA,NA,NA,NA,NA,NA,"P5"
"97","Louisville","fbs","ACC",2017,4036016,"Tobias Little",1,1,11,1,2.12419521495496,2.12419521495496,2.12419521495496,24,24,24,1,1,1,1,0,0,NA,NA,NA,NA,NA,NA,NA,NA,"P5"
"97","Louisville","fbs","ACC",2017,4036026,"Dez Fitzpatrick",65,11,11,5.90909090909091,48.5152601030894,0.746388616970606,4.41047819118994,654,10.0615384615385,59.4545454545455,0.569230769230769,41,65,0.630769230769231,7,0,43,59,73,171,402,84,136,102,"P5"
"97","Louisville","fbs","ACC",2017,4047769,"Malik Williams",15,6,11,2.5,3.08192528133542,0.205461685422361,0.513654213555903,130,8.66666666666667,21.6666666666667,0.666666666666667,13,15,0.866666666666667,0,0,NA,NA,NA,NA,NA,NA,NA,NA,"P5"
"97","Louisville","fbs","ACC",2017,4240068,"Corey Reed",7,2,11,3.5,2.4813727621927,0.354481823170386,1.24068638109635,51,7.28571428571429,25.5,0.571428571428571,4,7,0.571428571428571,0,0,NA,NA,NA,NA,NA,NA,NA,NA,"P5"
"97","Louisville","fbs","ACC",2017,4240091,"Josh Johnson",3,2,11,1.5,-1.72536325593401,-0.575121085311337,-0.862681627967005,43,14.3333333333333,21.5,0.333333333333333,3,3,1,0,1,NA,NA,NA,NA,NA,NA,NA,NA,"P5"
"97","Louisville","fbs","ACC",2017,4240092,"Kemari Averett",4,3,11,1.33333333333333,7.89211481560149,1.97302870390037,2.63070493853383,50,12.5,16.6666666666667,1,4,4,1,1,0,NA,NA,NA,NA,NA,NA,NA,NA,"P5"
"97","Louisville","fbs","ACC",2017,4259359,"Colin Wilson",1,1,11,1,0.686950997896282,0.686950997896282,0.686950997896282,8,8,8,1,1,1,1,0,0,NA,NA,NA,NA,NA,NA,NA,NA,"P5"
"98","Western Kentucky","fbs","Conference USA",2017,545514,"Cameron Echols-Luper",60,9,11,6.66666666666667,27.2927226745856,0.454878711243094,3.03252474162063,460,7.66666666666667,51.1111111111111,0.566666666666667,41,60,0.683333333333333,3,0,157,147,247,180,278,196,389,170,"G5"
"98","Western Kentucky","fbs","Conference USA",2017,551622,"Dalton Ponchillia",2,1,11,2,0.0700883323938255,0.0350441661969128,0.0700883323938255,15,7.5,15,0.5,1,2,0.5,0,0,NA,NA,NA,NA,NA,NA,NA,NA,"G5"
"98","Western Kentucky","fbs","Conference USA",2017,552777,"Kylen Towner",21,7,11,3,13.9439282898918,0.663996585232942,1.99198975569883,283,13.4761904761905,40.4285714285714,0.571428571428571,17,21,0.80952380952381,2,0,347,260,107,165,58.5,387,18,272,"G5"
"98","Western Kentucky","fbs","Conference USA",2017,552779,"Deon Yelder",58,10,11,5.8,47.2614601731806,0.814852761606563,4.72614601731806,536,9.24137931034483,53.6,0.689655172413793,43,58,0.741379310344828,5,0,47,47,54,22,161,148,206,145,"G5"
"98","Western Kentucky","fbs","Conference USA",2017,3124776,"Nacarius Fant",86,11,11,7.81818181818182,31.4524855804562,0.365726576516932,2.85931687095056,596,6.93023255813953,54.1818181818182,0.534883720930233,61,86,0.709302325581395,3,1,124,163,314,250.5,222,107,453,138,"G5"
"98","Western Kentucky","fbs","Conference USA",2017,3124795,"D'Andre Ferby",12,7,11,1.71428571428571,-3.23825301076348,-0.269854417563623,-0.462607572966211,62,5.16666666666667,8.85714285714286,0.333333333333333,11,12,0.916666666666667,0,0,NA,NA,NA,NA,NA,NA,NA,NA,"G5"
"98","Western Kentucky","fbs","Conference USA",2017,3915802,"Lucky Jackson",47,8,11,5.875,14.8062430374679,0.3150264476057,1.85078037968349,447,9.51063829787234,55.875,0.51063829787234,32,47,0.680851063829787,2,1,331,292,359,311.5,283,208,174,128,"G5"
"98","Western Kentucky","fbs","Conference USA",2017,3915803,"Quin Jernighan",45,8,11,5.625,15.5921528561951,0.346492285693224,1.94901910702438,336,7.46666666666667,42,0.511111111111111,31,45,0.688888888888889,3,0,317,269,334,309,263,329,399,254.5,"G5"
"98","Western Kentucky","fbs","Conference USA",2017,3915806,"Devin Nixon",1,1,11,1,0.261431863794805,0.261431863794805,0.261431863794805,7,7,7,1,1,1,1,0,0,NA,NA,NA,NA,NA,NA,NA,NA,"G5"
"98","Western Kentucky","fbs","Conference USA",2017,3915810,"Marquez Trigg",10,6,11,1.66666666666667,0.631212655744789,0.0631212655744789,0.105202109290798,48,4.8,8,0.4,9,10,0.9,0,0,NA,NA,NA,NA,NA,NA,NA,NA,"G5"
"98","Western Kentucky","fbs","Conference USA",2017,4037552,"Quinton Baker",9,4,11,2.25,5.57703376362721,0.619670418180801,1.3942584409068,91,10.1111111111111,22.75,0.666666666666667,9,9,1,1,0,NA,NA,NA,NA,NA,NA,NA,NA,"G5"
"98","Western Kentucky","fbs","Conference USA",2017,4037557,"Kyle Fourtenbary",7,4,11,1.75,1.12487678890636,0.16069668412948,0.28121919722659,90,12.8571428571429,22.5,0.571428571428571,7,7,1,0,1,NA,NA,NA,NA,NA,NA,NA,NA,"G5"
"98","Western Kentucky","fbs","Conference USA",2017,4037560,"Xavier Lane",42,7,11,6,10.1053734853009,0.240604130602403,1.44362478361442,266,6.33333333333333,38,0.523809523809524,23,42,0.547619047619048,0,0,416,356,418,276.5,552.5,405.5,501.5,311,"G5"
"98","Western Kentucky","fbs","Conference USA",2017,4037564,"Jahcour Pearson",8,3,11,2.66666666666667,-0.294276989487124,-0.0367846236858906,-0.0980923298290415,10,1.25,3.33333333333333,0.625,5,8,0.625,0,0,NA,NA,NA,NA,NA,NA,NA,NA,"G5"
"98","Western Kentucky","fbs","Conference USA",2017,4243455,"Jacquez Sloan",20,4,11,5,2.34045002170184,0.117022501085092,0.585112505425459,175,8.75,43.75,0.35,12,20,0.6,2,0,NA,NA,NA,NA,NA,NA,NA,NA,"G5"
"98","Western Kentucky","fbs","Conference USA",2017,4243459,"Jakairi Moses",24,8,11,3,2.57919517455993,0.107466465606664,0.322399396819991,154,6.41666666666667,19.25,0.5,19,24,0.791666666666667,0,0,522,519,511,335,76.5,570,494,562,"G5"
"98","Western Kentucky","fbs","Conference USA",2017,4246674,"Mik'Quan Deane",13,4,11,3.25,6.53576107452872,0.502750851886825,1.63394026863218,137,10.5384615384615,34.25,0.538461538461538,10,13,0.769230769230769,1,0,NA,NA,NA,NA,NA,NA,NA,NA,"G5"
"99","LSU","fbs","SEC",2017,545889,"J.D. Moore",8,4,11,2,-4.70906590446166,-0.588633238057707,-1.17726647611541,53,6.625,13.25,0.375,6,8,0.75,1,1,NA,NA,NA,NA,NA,NA,NA,NA,"P5"
"99","LSU","fbs","SEC",2017,545904,"Christian LaCouture",1,1,11,1,0.0782267416138565,0.0782267416138565,0.0782267416138565,5,5,5,1,1,1,1,0,0,NA,NA,NA,NA,NA,NA,NA,NA,"P5"
"99","LSU","fbs","SEC",2017,550170,"Danny Etling",2,1,11,2,6.54854057515651,3.27427028757825,6.54854057515651,71,35.5,71,1,2,2,1,2,0,NA,NA,NA,NA,NA,NA,NA,NA,"P5"
"99","LSU","fbs","SEC",2017,559594,"Darrel Williams",24,10,11,2.4,12.4729208189839,0.51970503412433,1.24729208189839,327,13.625,32.7,0.5,22,24,0.916666666666667,0,0,372,388,196,335,4.5,336,16,377,"P5"
"99","LSU","fbs","SEC",2017,559597,"Russell Gage",29,10,11,2.9,8.23084906545539,0.283822381567427,0.823084906545539,250,8.62068965517241,25,0.482758620689655,16,29,0.551724137931034,3,0,450,461,387,375,545.5,436,260,489.5,"P5"
"99","LSU","fbs","SEC",2017,559613,"D.J. Chark",51,10,11,5.1,36.8126000665524,0.721815687579459,3.68126000665524,708,13.8823529411765,70.8,0.509803921568627,32,51,0.627450980392157,3,1,93,91,85,314,409,66,13,61,"P5"
"99","LSU","fbs","SEC",2017,559615,"Jacory Washington",1,1,11,1,-0.541088477581152,-0.541088477581152,-0.541088477581152,6,6,6,0,1,1,1,0,0,NA,NA,NA,NA,NA,NA,NA,NA,"P5"
"99","LSU","fbs","SEC",2017,3843287,"David Ducre",1,1,11,1,-1.03710442526079,-1.03710442526079,-1.03710442526079,-2,-2,-2,0,1,1,1,0,0,NA,NA,NA,NA,NA,NA,NA,NA,"P5"
"99","LSU","fbs","SEC",2017,3843469,"Derrick Dillon",19,9,11,2.11111111111111,4.73883333150175,0.249412280605355,0.526537036833528,125,6.57894736842105,13.8888888888889,0.526315789473684,14,19,0.736842105263158,0,1,NA,NA,NA,NA,NA,NA,NA,NA,"P5"
"99","LSU","fbs","SEC",2017,3843750,"Derrius Guice",17,8,11,2.125,5.44693694858648,0.320408055799205,0.68086711857331,100,5.88235294117647,12.5,0.588235294117647,15,17,0.882352941176471,0,0,NA,NA,NA,NA,NA,NA,NA,NA,"P5"
"99","LSU","fbs","SEC",2017,3843945,"Foster Moreau",29,10,11,2.9,3.84301476395717,0.132517750481282,0.384301476395717,157,5.41379310344828,15.7,0.448275862068966,20,29,0.689655172413793,3,0,512,513,496,461.5,258.5,567,571,592,"P5"
"99","LSU","fbs","SEC",2017,4035426,"Stephen Sullivan",14,5,11,2.8,11.1184715479808,0.794176539141489,2.22369430959617,149,10.6428571428571,29.8,0.571428571428571,8,14,0.571428571428571,1,0,NA,NA,NA,NA,NA,NA,NA,NA,"P5"
"99","LSU","fbs","SEC",2017,4035427,"Dee Anderson",1,1,11,1,2.37049208089999,2.37049208089999,2.37049208089999,10,10,10,1,1,1,1,0,0,NA,NA,NA,NA,NA,NA,NA,NA,"P5"
"99","LSU","fbs","SEC",2017,4035435,"Drake Davis",3,1,11,3,6.61339703934782,2.20446567978261,6.61339703934782,98,32.6666666666667,98,0.666666666666667,2,3,0.666666666666667,1,0,NA,NA,NA,NA,NA,NA,NA,NA,"P5"
"99","LSU","fbs","SEC",2017,4035449,"Jamal Pettigrew",1,1,11,1,1.18996067761441,1.18996067761441,1.18996067761441,18,18,18,1,1,1,1,0,0,NA,NA,NA,NA,NA,NA,NA,NA,"P5"
"99","LSU","fbs","SEC",2017,4242204,"JaCoby Stevens",1,1,11,1,-0.109711858829619,-0.109711858829619,-0.109711858829619,5,5,5,0,1,1,1,0,0,NA,NA,NA,NA,NA,NA,NA,NA,"P5"
"99","LSU","fbs","SEC",2017,4242212,"Tory Carter",6,4,11,1.5,4.64130276264377,0.773550460440628,1.16032569066094,61,10.1666666666667,15.25,0.833333333333333,6,6,1,1,0,NA,NA,NA,NA,NA,NA,NA,NA,"P5"
"99","LSU","fbs","SEC",2017,4242214,"Clyde Edwards-Helaire",3,2,11,1.5,4.9894237116682,1.66314123722273,2.4947118558341,46,15.3333333333333,23,1,3,3,1,0,0,NA,NA,NA,NA,NA,NA,NA,NA,"P5"
