"team_id","pos_team","division","conference","season","player_id","passer_player_name","plays","games","team_games","playsgame","TEPA","EPAplay","EPAgame","yards","yardsplay","yardsgame","success","comp","att","comppct","passing_td","sacked","sack_yds","pass_int","detmer","detmergame","dropbacks","sack_adj_yards","yardsdropback","TEPA_rank","EPAgame_rank","EPAplay_rank","success_rank","comppct_rank","yards_rank","yardsplay_rank","yardsgame_rank","sack_adj_yards_rank","yardsdropback_rank","detmer_rank","detmergame_rank","fbs_class"
"103","Boston College","fbs","ACC",2021,4239939,"Dennis Grosel",173,7,11,24.7142857142857,5.48165061892256,0.0316858417278761,0.783092945560365,1123,6.49132947976879,160.428571428571,0.393063583815029,100,173,0.578034682080925,5,0,0,0,0.334226190476191,0.167113095238095,173,1123,6.49132947976879,118,117,117,105,111,118,105,110,118,105,109,106,"P5"
"103","Boston College","fbs","ACC",2021,4372768,"Phil Jurkovec",65,5,11,13,27.5936783969157,0.424518129183319,5.51873567938314,607,9.33846153846154,121.4,0.384615384615385,33,65,0.507692307692308,4,0,0,0,0.2428,0.134888888888889,65,607,9.33846153846154,NA,NA,NA,NA,NA,NA,NA,NA,NA,NA,NA,NA,"P5"
"103","Boston College","fbs","ACC",2021,4683501,"Emmett Morehead",16,2,11,8,-3.45502402757694,-0.215939001723559,-1.72751201378847,87,5.4375,43.5,0.25,6,16,0.375,0,0,0,0,0,0,16,87,5.4375,NA,NA,NA,NA,NA,NA,NA,NA,NA,NA,NA,NA,"P5"
"113","Massachusetts","fbs","FBS Independents",2021,4243162,"Tyler Lytle",14,1,10,14,-5.81509156433814,-0.41536368316701,-5.81509156433814,54,3.85714285714286,54,0.214285714285714,5,14,0.357142857142857,0,0,0,0,0,0,14,54,3.85714285714286,NA,NA,NA,NA,NA,NA,NA,NA,NA,NA,NA,NA,"G5"
"113","Massachusetts","fbs","FBS Independents",2021,4427118,"Garrett Dzuro",52,4,10,13,35.7681640658805,0.68784930895924,8.94204101647012,519,9.98076923076923,129.75,0.403846153846154,30,52,0.576923076923077,5,0,0,0,0.2703125,0.180208333333333,52,519,9.98076923076923,NA,NA,NA,NA,NA,NA,NA,NA,NA,NA,NA,NA,"G5"
"113","Massachusetts","fbs","FBS Independents",2021,4571420,"Isaac Ross",1,1,10,1,1.26839956644239,1.26839956644239,1.26839956644239,25,25,25,1,1,1,1,0,0,0,0,0,0,1,25,25,NA,NA,NA,NA,NA,NA,NA,NA,NA,NA,NA,NA,"G5"
"113","Massachusetts","fbs","FBS Independents",2021,4683471,"Brady Olson",238,7,10,34,49.6313047426248,0.208534893876575,7.09018639180355,1667,7.00420168067227,238.142857142857,0.382352941176471,121,238,0.508403361344538,16,0,0,0,0.560336134453781,0.41416149068323,238,1667,7.00420168067227,87,75,89,115,127,88,96,49,88,96,44,27,"G5"
"113","Massachusetts","fbs","FBS Independents",2021,4683666,"Zamar Wise",12,3,10,4,-1.93838024494957,-0.161531687079131,-0.646126748316525,29,2.41666666666667,9.66666666666667,0.333333333333333,8,12,0.666666666666667,0,0,0,0,0,0,12,29,2.41666666666667,NA,NA,NA,NA,NA,NA,NA,NA,NA,NA,NA,NA,"G5"
"12","Arizona","fbs","Pac-12",2021,4360890,"Jordan McCloud",122,2,11,61,51.3769687930662,0.421122695025133,25.6884843965331,830,6.80327868852459,415,0.524590163934426,84,122,0.688524590163934,2,0,0,0,0.691666666666667,0.51875,122,830,6.80327868852459,NA,NA,NA,NA,NA,NA,NA,NA,NA,NA,NA,NA,"P5"
"12","Arizona","fbs","Pac-12",2021,4372597,"Jamarye Joiner",10,6,11,1.66666666666667,7.65054221682258,0.765054221682258,1.27509036947043,89,8.9,14.8333333333333,0.3,4,10,0.4,2,0,0,0,0.0247222222222222,0.00927083333333333,10,89,8.9,NA,NA,NA,NA,NA,NA,NA,NA,NA,NA,NA,NA,"P5"
"12","Arizona","fbs","Pac-12",2021,4426999,"Gunner Cruz",91,4,11,22.75,-7.31831030332342,-0.0804209923442134,-1.82957757583086,536,5.89010989010989,134,0.395604395604396,62,91,0.681318681318681,2,0,0,0,0.223333333333333,0.111666666666667,91,536,5.89010989010989,NA,NA,NA,NA,NA,NA,NA,NA,NA,NA,NA,NA,"P5"
"12","Arizona","fbs","Pac-12",2021,4430635,"Will Plummer",225,9,11,25,45.2231166543985,0.200991629575105,5.02479073937761,1450,6.44444444444444,161.111111111111,0.386666666666667,135,225,0.6,4,0,0,0,0.322222222222222,0.123931623931624,225,1450,6.44444444444444,94,94,91,109,91,100,106,109,100,106,111,119,"P5"
"12","Arizona","fbs","Pac-12",2021,4569156,"Michael Wiley",1,1,11,1,-0.0801040816734941,-0.0801040816734941,-0.0801040816734941,4,4,4,0,1,1,1,0,0,0,0,0,0,1,4,4,NA,NA,NA,NA,NA,NA,NA,NA,NA,NA,NA,NA,"P5"
"120","Maryland","fbs","Big Ten",2021,4241934,"Tayon Fleet-Davis",1,1,11,1,2.80739357167765,2.80739357167765,2.80739357167765,10,10,10,1,1,1,1,1,0,0,0,0.0125,0.0125,1,10,10,NA,NA,NA,NA,NA,NA,NA,NA,NA,NA,NA,NA,"P5"
"120","Maryland","fbs","Big Ten",2021,4249295,"Reece Udinski",9,2,11,4.5,-4.75569744937168,-0.528410827707964,-2.37784872468584,18,2,9,0.333333333333333,6,9,0.666666666666667,0,0,0,0,0,0,9,18,2,NA,NA,NA,NA,NA,NA,NA,NA,NA,NA,NA,NA,"P5"
"120","Maryland","fbs","Big Ten",2021,4360635,"Chigoziem Okonkwo",2,1,11,2,8.67746811479808,4.33873405739904,8.67746811479808,64,32,64,1,2,2,1,2,0,0,0,0.106666666666667,0.106666666666667,2,64,32,NA,NA,NA,NA,NA,NA,NA,NA,NA,NA,NA,NA,"P5"
"120","Maryland","fbs","Big Ten",2021,4372041,"Brian Cobbs",4,1,11,4,12.6551421507001,3.16378553767503,12.6551421507001,152,38,152,1,4,4,1,4,0,0,0,0.304,0.304,4,152,38,NA,NA,NA,NA,NA,NA,NA,NA,NA,NA,NA,NA,"P5"
"120","Maryland","fbs","Big Ten",2021,4429608,"Corey Dyches",1,1,11,1,2.33189552652465,2.33189552652465,2.33189552652465,11,11,11,1,1,1,1,1,0,0,0,0.01375,0.01375,1,11,11,NA,NA,NA,NA,NA,NA,NA,NA,NA,NA,NA,NA,"P5"
"120","Maryland","fbs","Big Ten",2021,4567097,"Taulia Tagovailoa",427,11,11,38.8181818181818,118.790994262148,0.278199049794257,10.7991812965589,3358,7.86416861826698,305.272727272727,0.503512880562061,295,427,0.690866510538642,13,0,0,0,0.708668831168831,0.413390151515152,427,3358,7.86416861826698,26,31,63,29,16,16,63,15,16,63,17,28,"P5"
"127","Michigan State","fbs","Big Ten",2021,4044122,"Anthony Russo",2,1,11,2,0.577527825011739,0.28876391250587,0.577527825011739,0,0,0,0,2,2,1,0,0,0,0,0,0,2,0,0,NA,NA,NA,NA,NA,NA,NA,NA,NA,NA,NA,NA,"P5"
"127","Michigan State","fbs","Big Ten",2021,4241961,"Connor Heyward",1,1,11,1,1.73530726918627,1.73530726918627,1.73530726918627,2,2,2,1,1,1,1,1,0,0,0,0.0025,0.0025,1,2,2,NA,NA,NA,NA,NA,NA,NA,NA,NA,NA,NA,NA,"P5"
"127","Michigan State","fbs","Big Ten",2021,4362249,"Jayden Reed",3,2,11,1.5,10.5318230844746,3.51060769482487,5.2659115422373,52,17.3333333333333,26,1,3,3,1,3,0,0,0,0.04875,0.039,3,52,17.3333333333333,NA,NA,NA,NA,NA,NA,NA,NA,NA,NA,NA,NA,"P5"
"127","Michigan State","fbs","Big Ten",2021,4428063,"Tre Mosley",1,1,11,1,3.06603040381265,3.06603040381265,3.06603040381265,9,9,9,1,1,1,1,1,0,0,0,0.01125,0.01125,1,9,9,NA,NA,NA,NA,NA,NA,NA,NA,NA,NA,NA,NA,"P5"
"127","Michigan State","fbs","Big Ten",2021,4430590,"Payton Thorne",301,11,11,27.3636363636364,101.412206206872,0.33691762859426,9.21929147335202,2484,8.25249169435216,225.818181818182,0.428571428571429,183,301,0.60797342192691,14,0,0,0,0.526909090909091,0.316145454545455,301,2484,8.25249169435216,43,49,43,88,82,38,47,59,38,47,55,60,"P5"
"127","Michigan State","fbs","Big Ten",2021,4600597,"Montorie Foster",1,1,11,1,4.18554658360326,4.18554658360326,4.18554658360326,52,52,52,1,1,1,1,1,0,0,0,0.065,0.065,1,52,52,NA,NA,NA,NA,NA,NA,NA,NA,NA,NA,NA,NA,"P5"
"130","Michigan","fbs","Big Ten",2021,4362159,"Alan Bowman",4,1,13,4,-0.359087923529514,-0.0897719808823785,-0.359087923529514,35,8.75,35,0.25,3,4,0.75,0,0,0,0,0,0,4,35,8.75,NA,NA,NA,NA,NA,NA,NA,NA,NA,NA,NA,NA,"P5"
"130","Michigan","fbs","Big Ten",2021,4426479,"Cornelius Johnson",1,1,13,1,6.10781490614479,6.10781490614479,6.10781490614479,87,87,87,1,1,1,1,1,0,0,0,0.10875,0.10875,1,87,87,NA,NA,NA,NA,NA,NA,NA,NA,NA,NA,NA,NA,"P5"
"130","Michigan","fbs","Big Ten",2021,4427455,"Cade McNamara",300,13,13,23.0769230769231,73.0338056649742,0.243446018883247,5.61798505115186,2266,7.55333333333333,174.307692307692,0.463333333333333,195,300,0.65,11,0,0,0,0.399455128205128,0.199727564102564,300,2266,7.55333333333333,64,89,80,61,45,53,76,101,53,76,98,100,"P5"
"130","Michigan","fbs","Big Ten",2021,4427834,"Erick All",1,1,13,1,2.55801879835597,2.55801879835597,2.55801879835597,5,5,5,1,1,1,1,1,0,0,0,0.00625,0.00625,1,5,5,NA,NA,NA,NA,NA,NA,NA,NA,NA,NA,NA,NA,"P5"
"130","Michigan","fbs","Big Ten",2021,4428414,"Mike Sainristil",1,1,13,1,3.31366045018164,3.31366045018164,3.31366045018164,19,19,19,1,1,1,1,1,0,0,0,0.02375,0.02375,1,19,19,NA,NA,NA,NA,NA,NA,NA,NA,NA,NA,NA,NA,"P5"
"130","Michigan","fbs","Big Ten",2021,4431492,"Roman Wilson",1,1,13,1,5.43732354767437,5.43732354767437,5.43732354767437,75,75,75,1,1,1,1,1,0,0,0,0.09375,0.09375,1,75,75,NA,NA,NA,NA,NA,NA,NA,NA,NA,NA,NA,NA,"P5"
"130","Michigan","fbs","Big Ten",2021,4433970,"J.J. McCarthy",38,10,13,3.8,4.51281832489696,0.118758376970973,0.451281832489696,365,9.60526315789474,36.5,0.368421052631579,25,38,0.657894736842105,3,0,0,0,0.0684375,0.0210576923076923,38,365,9.60526315789474,NA,NA,NA,NA,NA,NA,NA,NA,NA,NA,NA,NA,"P5"
"130","Michigan","fbs","Big Ten",2021,4608858,"Dan Villari",2,1,13,2,-1.46252527675854,-0.731262638379271,-1.46252527675854,0,0,0,0,0,2,0,0,0,0,0,0,0,2,0,0,NA,NA,NA,NA,NA,NA,NA,NA,NA,NA,NA,NA,"P5"
"135","Minnesota","fbs","Big Ten",2021,4240735,"Chris Autman-Bell",1,1,12,1,4.30321844875962,4.30321844875962,4.30321844875962,14,14,14,1,1,1,1,1,0,0,0,0.0175,0.0175,1,14,14,NA,NA,NA,NA,NA,NA,NA,NA,NA,NA,NA,NA,"P5"
"135","Minnesota","fbs","Big Ten",2021,4240756,"Tanner Morgan",223,12,12,18.5833333333333,60.1408656320045,0.269689980412576,5.01173880266705,1833,8.21973094170404,152.75,0.443946188340807,132,223,0.591928251121076,7,0,0,0,0.334140625,0.140690789473684,223,1833,8.21973094170404,78,95,68,79,95,81,48,113,81,48,110,113,"P5"
"135","Minnesota","fbs","Big Ten",2021,4426383,"Dylan Wright",1,1,12,1,2.97211267136617,2.97211267136617,2.97211267136617,13,13,13,1,1,1,1,1,0,0,0,0.01625,0.01625,1,13,13,NA,NA,NA,NA,NA,NA,NA,NA,NA,NA,NA,NA,"P5"
"135","Minnesota","fbs","Big Ten",2021,4427740,"Cole Kramer",3,3,12,1,11.6560115613951,3.88533718713169,3.88533718713169,62,20.6666666666667,20.6666666666667,1,3,3,1,2,0,0,0,0.0344444444444444,0.0206666666666667,3,62,20.6666666666667,NA,NA,NA,NA,NA,NA,NA,NA,NA,NA,NA,NA,"P5"
"135","Minnesota","fbs","Big Ten",2021,4430875,"Daniel Jackson",1,1,12,1,2.85666892244327,2.85666892244327,2.85666892244327,6,6,6,1,1,1,1,1,0,0,0,0.0075,0.0075,1,6,6,NA,NA,NA,NA,NA,NA,NA,NA,NA,NA,NA,NA,"P5"
"142","Missouri","fbs","SEC",2021,4426444,"Connor Bazelak",338,10,11,33.8,49.0159179951998,0.145017508861538,4.90159179951998,2149,6.35798816568047,214.9,0.42603550295858,221,338,0.653846153846154,13,0,0,0,0.498875,0.303663043478261,338,2149,6.35798816568047,88,97,104,92,42.5,62,110,70,62,110,66,67,"P5"
"142","Missouri","fbs","SEC",2021,4429435,"Brady Cook",19,1,11,19,-2.78008794307605,-0.146320418056634,-2.78008794307605,78,4.10526315789474,78,0.263157894736842,14,19,0.736842105263158,0,0,0,0,0,0,19,78,4.10526315789474,NA,NA,NA,NA,NA,NA,NA,NA,NA,NA,NA,NA,"P5"
"142","Missouri","fbs","SEC",2021,4429787,"Niko Hea",1,1,11,1,4.07991274167414,4.07991274167414,4.07991274167414,41,41,41,1,1,1,1,1,0,0,0,0.05125,0.05125,1,41,41,NA,NA,NA,NA,NA,NA,NA,NA,NA,NA,NA,NA,"P5"
"142","Missouri","fbs","SEC",2021,4596608,"Chance Luper",1,1,11,1,-0.936135698731097,-0.936135698731097,-0.936135698731097,0,0,0,0,0,1,0,0,0,0,0,0,0,1,0,0,NA,NA,NA,NA,NA,NA,NA,NA,NA,NA,NA,NA,"P5"
"142","Missouri","fbs","SEC",2021,4682565,"Tyler Macon",13,1,11,13,-4.85458301622256,-0.373429462786351,-4.85458301622256,74,5.69230769230769,74,0.230769230769231,6,13,0.461538461538462,0,0,0,0,0,0,13,74,5.69230769230769,NA,NA,NA,NA,NA,NA,NA,NA,NA,NA,NA,NA,"P5"
"145","Ole Miss","fbs","SEC",2021,4259908,"Braylon Sanders",1,1,11,1,5.96779139317412,5.96779139317412,5.96779139317412,68,68,68,1,1,1,1,1,0,0,0,0.085,0.085,1,68,68,NA,NA,NA,NA,NA,NA,NA,NA,NA,NA,NA,NA,"P5"
"145","Ole Miss","fbs","SEC",2021,4362874,"Matt Corral",338,11,11,30.7272727272727,106.963094481966,0.316458859414101,9.72391768017875,2882,8.52662721893491,262,0.505917159763314,233,338,0.689349112426035,12,0,0,0,0.604615384615385,0.341739130434783,338,2882,8.52662721893491,35,42,52,25,17,25,30,30,25,30,30,50,"P5"
"145","Ole Miss","fbs","SEC",2021,4426330,"Jerrion Ealy",1,1,11,1,2.54320882772482,2.54320882772482,2.54320882772482,15,15,15,1,1,1,1,1,0,0,0,0.01875,0.01875,1,15,15,NA,NA,NA,NA,NA,NA,NA,NA,NA,NA,NA,NA,"P5"
"145","Ole Miss","fbs","SEC",2021,4567240,"Dontario Drummond",2,2,11,1,6.71814245094908,3.35907122547454,3.35907122547454,86,43,43,1,2,2,1,1,0,0,0,0.05375,0.0358333333333333,2,86,43,NA,NA,NA,NA,NA,NA,NA,NA,NA,NA,NA,NA,"P5"
"145","Ole Miss","fbs","SEC",2021,4567241,"Kinkead Dent",2,1,11,2,-2.02829161638023,-1.01414580819012,-2.02829161638023,0,0,0,0,0,2,0,0,0,0,0,0,0,2,0,0,NA,NA,NA,NA,NA,NA,NA,NA,NA,NA,NA,NA,"P5"
"145","Ole Miss","fbs","SEC",2021,4597679,"Luke Altmyer",6,2,11,3,-1.11664566744989,-0.186107611241649,-0.558322833724947,18,3,9,0.5,5,6,0.833333333333333,0,0,0,0,0,0,6,18,3,NA,NA,NA,NA,NA,NA,NA,NA,NA,NA,NA,NA,"P5"
"150","Duke","fbs","ACC",2021,4360403,"Gunnar Holmberg",285,10,11,28.5,66.427383271349,0.233078537794207,6.6427383271349,2102,7.37543859649123,210.2,0.473684210526316,194,285,0.680701754385965,7,0,0,0,0.4598125,0.216382352941176,285,2102,7.37543859649123,73,79,86,49,21,65.5,84,74,65.5,84,82,94,"P5"
"150","Duke","fbs","ACC",2021,4429578,"Luca Diamont",2,1,11,2,-2.49506444164807,-1.24753222082404,-2.49506444164807,4,2,4,0,1,2,0.5,0,0,0,0,0,0,2,4,2,NA,NA,NA,NA,NA,NA,NA,NA,NA,NA,NA,NA,"P5"
"150","Duke","fbs","ACC",2021,4594444,"Jordan Moore",15,3,11,5,-0.501674542680647,-0.0334449695120431,-0.167224847560216,99,6.6,33,0.266666666666667,8,15,0.533333333333333,1,0,0,0,0.04125,0.020625,15,99,6.6,NA,NA,NA,NA,NA,NA,NA,NA,NA,NA,NA,NA,"P5"
"150","Duke","fbs","ACC",2021,4683423,"Riley Leonard",60,6,11,10,8.27320269781952,0.137886711630325,1.37886711630325,381,6.35,63.5,0.45,37,60,0.616666666666667,1,0,0,0,0.079375,0.0226785714285714,60,381,6.35,NA,NA,NA,NA,NA,NA,NA,NA,NA,NA,NA,NA,"P5"
"151","East Carolina","fbs","American Athletic",2021,4035837,"Audie Omotosho",1,1,11,1,2.71300238242265,2.71300238242265,2.71300238242265,27,27,27,1,1,1,1,1,0,0,0,0.03375,0.03375,1,27,27,NA,NA,NA,NA,NA,NA,NA,NA,NA,NA,NA,NA,"G5"
"151","East Carolina","fbs","American Athletic",2021,4360131,"Holton Ahlers",368,11,11,33.4545454545455,108.211515996604,0.294053032599469,9.83741054514586,2776,7.54347826086957,252.363636363636,0.467391304347826,230,368,0.625,15,0,0,0,0.591477272727273,0.363986013986014,368,2776,7.54347826086957,32,39,58,55,67.5,29,77,34,29,77,32,42,"G5"
"151","East Carolina","fbs","American Athletic",2021,4382578,"Tyler Snead",5,4,11,1.25,8.974013872194,1.7948027744388,2.2435034680485,102,20.4,25.5,0.4,3,5,0.6,2,0,0,0,0.0425,0.02125,5,102,20.4,NA,NA,NA,NA,NA,NA,NA,NA,NA,NA,NA,NA,"G5"
"151","East Carolina","fbs","American Athletic",2021,4432138,"Mason Garcia",2,2,11,1,3.15864759839462,1.57932379919731,1.57932379919731,21,10.5,10.5,1,2,2,1,1,0,0,0,0.013125,0.00875,2,21,10.5,NA,NA,NA,NA,NA,NA,NA,NA,NA,NA,NA,NA,"G5"
"151","East Carolina","fbs","American Athletic",2021,4567470,"Jsi Hatfield",1,1,11,1,2.73580044199654,2.73580044199654,2.73580044199654,12,12,12,1,1,1,1,1,0,0,0,0.015,0.015,1,12,12,NA,NA,NA,NA,NA,NA,NA,NA,NA,NA,NA,NA,"G5"
"152","NC State","fbs","ACC",2021,4240120,"Emeka Emezie",2,1,11,2,10.6877664320791,5.34388321603955,10.6877664320791,88,44,88,1,2,2,1,2,0,0,0,0.146666666666667,0.146666666666667,2,88,44,NA,NA,NA,NA,NA,NA,NA,NA,NA,NA,NA,NA,"P5"
"152","NC State","fbs","ACC",2021,4240121,"Thayer Thomas",3,2,11,1.5,2.62991266482392,0.876637554941307,1.31495633241196,26,8.66666666666667,13,0.333333333333333,1,3,0.333333333333333,1,0,0,0,0.01625,0.0108333333333333,3,26,8.66666666666667,NA,NA,NA,NA,NA,NA,NA,NA,NA,NA,NA,NA,"P5"
"152","NC State","fbs","ACC",2021,4361653,"Devin Leary",391,11,11,35.5454545454545,95.5382139576585,0.24434325820373,8.68529217796895,3039,7.77237851662404,276.272727272727,0.424552429667519,251,391,0.641943734015345,24,0,0,0,0.663054545454545,0.47361038961039,391,3039,7.77237851662404,47,58,79,93,51,22,66,26,22,66,23,21,"P5"
"152","NC State","fbs","ACC",2021,4361660,"Trent Pennix",1,1,11,1,1.83381000597023,1.83381000597023,1.83381000597023,9,9,9,1,1,1,1,1,0,0,0,0.01125,0.01125,1,9,9,NA,NA,NA,NA,NA,NA,NA,NA,NA,NA,NA,NA,"P5"
"152","NC State","fbs","ACC",2021,4431091,"Ben Finley",1,1,11,1,-0.797276970715421,-0.797276970715421,-0.797276970715421,0,0,0,0,0,1,0,0,0,0,0,0,0,1,0,0,NA,NA,NA,NA,NA,NA,NA,NA,NA,NA,NA,NA,"P5"
"153","North Carolina","fbs","ACC",2021,4373266,"Antoine Green",2,1,11,2,12.3177839773712,6.15889198868561,12.3177839773712,99,49.5,99,1,2,2,1,2,0,0,0,0.165,0.165,2,99,49.5,NA,NA,NA,NA,NA,NA,NA,NA,NA,NA,NA,NA,"P5"
"153","North Carolina","fbs","ACC",2021,4426875,"Sam Howell",311,11,11,28.2727272727273,114.149271949018,0.367039459643145,10.3772065408198,2686,8.63665594855305,244.181818181818,0.47588424437299,200,311,0.643086816720257,18,0,0,0,0.578325358851675,0.378902821316614,311,2686,8.63665594855305,30,37,35,45,50,33,24,42,33,24,38,36,"P5"
"153","North Carolina","fbs","ACC",2021,4428050,"Kamari Morales",1,1,11,1,2.74968068801326,2.74968068801326,2.74968068801326,21,21,21,1,1,1,1,1,0,0,0,0.02625,0.02625,1,21,21,NA,NA,NA,NA,NA,NA,NA,NA,NA,NA,NA,NA,"P5"
"153","North Carolina","fbs","ACC",2021,4428167,"Justin Olson",1,1,11,1,2.35355134803834,2.35355134803834,2.35355134803834,17,17,17,1,1,1,1,1,0,0,0,0.02125,0.02125,1,17,17,NA,NA,NA,NA,NA,NA,NA,NA,NA,NA,NA,NA,"P5"
"153","North Carolina","fbs","ACC",2021,4429463,"Jacolby Criswell",2,1,11,2,5.10105348683904,2.55052674341952,5.10105348683904,54,27,54,1,2,2,1,1,0,0,0,0.0675,0.0675,2,54,27,NA,NA,NA,NA,NA,NA,NA,NA,NA,NA,NA,NA,"P5"
"153","North Carolina","fbs","ACC",2021,4688813,"Josh Downs",1,1,11,1,3.02586839305501,3.02586839305501,3.02586839305501,33,33,33,1,1,1,1,1,0,0,0,0.04125,0.04125,1,33,33,NA,NA,NA,NA,NA,NA,NA,NA,NA,NA,NA,NA,"P5"
"154","Wake Forest","fbs","ACC",2021,4361994,"Sam Hartman",440,12,12,36.6666666666667,197.538208755929,0.448950474445292,16.4615173963274,3692,8.39090909090909,307.666666666667,0.504545454545455,265,440,0.602272727272727,35,0,0,0,0.747800925925926,0.572783687943262,440,3692,8.39090909090909,6,11,17,28,87,10,36,13,10,36,13,11,"P5"
"154","Wake Forest","fbs","ACC",2021,4362019,"A.T. Perry",1,1,12,1,1.36608312216194,1.36608312216194,1.36608312216194,5,5,5,1,1,1,1,1,0,0,0,0.00625,0.00625,1,5,5,NA,NA,NA,NA,NA,NA,NA,NA,NA,NA,NA,NA,"P5"
"154","Wake Forest","fbs","ACC",2021,4433829,"Mitch Griffis",2,1,12,2,-1.90689689463708,-0.95344844731854,-1.90689689463708,0,0,0,0,0,2,0,0,0,0,0,0,0,2,0,0,NA,NA,NA,NA,NA,NA,NA,NA,NA,NA,NA,NA,"P5"
"154","Wake Forest","fbs","ACC",2021,4567031,"Michael Kern",5,2,12,2.5,-0.77630749781564,-0.155261499563128,-0.38815374890782,67,13.4,33.5,0.2,2,5,0.4,0,0,0,0,0,0,5,67,13.4,NA,NA,NA,NA,NA,NA,NA,NA,NA,NA,NA,NA,"P5"
"154","Wake Forest","fbs","ACC",2021,4567044,"Taylor Morin",1,1,12,1,2.55753536475947,2.55753536475947,2.55753536475947,26,26,26,1,1,1,1,1,0,0,0,0.0325,0.0325,1,26,26,NA,NA,NA,NA,NA,NA,NA,NA,NA,NA,NA,NA,"P5"
"158","Nebraska","fbs","Big Ten",2021,4050937,"Levi Falck",1,1,11,1,2.22184801416212,2.22184801416212,2.22184801416212,13,13,13,1,1,1,1,1,0,0,0,0.01625,0.01625,1,13,13,NA,NA,NA,NA,NA,NA,NA,NA,NA,NA,NA,NA,"P5"
"158","Nebraska","fbs","Big Ten",2021,4240787,"Austin Allen",1,1,11,1,4.39798630495822,4.39798630495822,4.39798630495822,46,46,46,1,1,1,1,1,0,0,0,0.0575,0.0575,1,46,46,NA,NA,NA,NA,NA,NA,NA,NA,NA,NA,NA,NA,"P5"
"158","Nebraska","fbs","Big Ten",2021,4361182,"Adrian Martinez",265,10,11,26.5,107.833871403506,0.406920269447194,10.7833871403506,2470,9.32075471698113,247,0.494339622641509,164,265,0.618867924528302,8,0,0,0,0.548888888888889,0.274444444444444,265,2470,9.32075471698113,33,32,23,36,75,39.5,8,40,39.5,8,47,75,"P5"
"158","Nebraska","fbs","Big Ten",2021,4361183,"Matt Masker",3,1,11,3,0.666366640756251,0.222122213585417,0.666366640756251,17,5.66666666666667,17,1,3,3,1,0,0,0,0,0,0,3,17,5.66666666666667,NA,NA,NA,NA,NA,NA,NA,NA,NA,NA,NA,NA,"P5"
"158","Nebraska","fbs","Big Ten",2021,4427609,"Rahmir Johnson",2,2,11,1,8.06796626433388,4.03398313216694,4.03398313216694,53,26.5,26.5,1,2,2,1,2,0,0,0,0.0441666666666667,0.033125,2,53,26.5,NA,NA,NA,NA,NA,NA,NA,NA,NA,NA,NA,NA,"P5"
"158","Nebraska","fbs","Big Ten",2021,4431397,"Logan Smothers",25,4,11,6.25,15.8351838506405,0.633407354025619,3.95879596266012,275,11,68.75,0.6,19,25,0.76,0,0,0,0,0,0,25,275,11,NA,NA,NA,NA,NA,NA,NA,NA,NA,NA,NA,NA,"P5"
"164","Rutgers","fbs","Big Ten",2021,4243539,"Noah Vedral",256,11,11,23.2727272727273,-26.3623597433872,-0.102977967747606,-2.39657815848975,1332,5.203125,121.090909090909,0.37109375,149,256,0.58203125,4,0,0,0,0.242181818181818,0.0807272727272727,256,1332,5.203125,124,124,124,120,109,106,125,123,106,125,123,124,"P5"
"164","Rutgers","fbs","Big Ten",2021,4360204,"Johnny Langan",6,5,11,1.2,6.29572821665474,1.04928803610912,1.25914564333095,47,7.83333333333333,9.4,0.666666666666667,4,6,0.666666666666667,1,0,0,0,0.01175,0.00391666666666667,6,47,7.83333333333333,NA,NA,NA,NA,NA,NA,NA,NA,NA,NA,NA,NA,"P5"
"164","Rutgers","fbs","Big Ten",2021,4361556,"Aron Cruickshank",1,1,11,1,7.36522181575011,7.36522181575011,7.36522181575011,75,75,75,1,1,1,1,1,0,0,0,0.09375,0.09375,1,75,75,NA,NA,NA,NA,NA,NA,NA,NA,NA,NA,NA,NA,"P5"
"164","Rutgers","fbs","Big Ten",2021,4367207,"Matt Alaimo",1,1,11,1,-2.3447973891289,-2.3447973891289,-2.3447973891289,0,0,0,0,0,1,0,0,0,0,0,0,0,1,0,0,NA,NA,NA,NA,NA,NA,NA,NA,NA,NA,NA,NA,"P5"
"164","Rutgers","fbs","Big Ten",2021,4428969,"Joshua Youngblood",1,1,11,1,3.61807352921467,3.61807352921467,3.61807352921467,12,12,12,1,1,1,1,1,0,0,0,0.015,0.015,1,12,12,NA,NA,NA,NA,NA,NA,NA,NA,NA,NA,NA,NA,"P5"
"164","Rutgers","fbs","Big Ten",2021,4431387,"Evan Simon",25,4,11,6.25,-5.20178094193153,-0.208071237677261,-1.30044523548288,138,5.52,34.5,0.36,15,25,0.6,0,0,0,0,0,0,25,138,5.52,NA,NA,NA,NA,NA,NA,NA,NA,NA,NA,NA,NA,"P5"
"164","Rutgers","fbs","Big Ten",2021,4570057,"Cole Snyder",25,4,11,6.25,0.244215461795583,0.00976861847182331,0.0610538654488957,111,4.44,27.75,0.32,15,25,0.6,0,0,0,0,0,0,25,111,4.44,NA,NA,NA,NA,NA,NA,NA,NA,NA,NA,NA,NA,"P5"
"164","Rutgers","fbs","Big Ten",2021,4574730,"Isaiah Washington",1,1,11,1,-0.640977545521493,-0.640977545521493,-0.640977545521493,0,0,0,0,0,1,0,0,0,0,0,0,0,1,0,0,NA,NA,NA,NA,NA,NA,NA,NA,NA,NA,NA,NA,"P5"
"164","Rutgers","fbs","Big Ten",2021,4608686,"Kyle Monangai",1,1,11,1,-0.552771596757358,-0.552771596757358,-0.552771596757358,0,0,0,0,0,1,0,0,0,0,0,0,0,1,0,0,NA,NA,NA,NA,NA,NA,NA,NA,NA,NA,NA,NA,"P5"
"164","Rutgers","fbs","Big Ten",2021,4893657,"Gavin Wimsatt",4,2,11,2,1.38154930465847,0.345387326164617,0.690774652329234,15,3.75,7.5,0.25,2,4,0.5,0,0,0,0,0,0,4,15,3.75,NA,NA,NA,NA,NA,NA,NA,NA,NA,NA,NA,NA,"P5"
"166","New Mexico State","fbs","FBS Independents",2021,4427125,"Weston Eget",11,2,10,5.5,-8.41536876136761,-0.765033523760692,-4.2076843806838,7,0.636363636363636,3.5,0.0909090909090909,1,11,0.0909090909090909,0,0,0,0,0,0,11,7,0.636363636363636,NA,NA,NA,NA,NA,NA,NA,NA,NA,NA,NA,NA,"G5"
"166","New Mexico State","fbs","FBS Independents",2021,4687555,"Isaiah Garcia-Castaneda",6,2,10,3,9.34960671200605,1.55826778533434,4.67480335600303,44,7.33333333333333,22,0.666666666666667,4,6,0.666666666666667,4,0,0,0,0.044,0.0366666666666667,6,44,7.33333333333333,NA,NA,NA,NA,NA,NA,NA,NA,NA,NA,NA,NA,"G5"
"166","New Mexico State","fbs","FBS Independents",2021,4687558,"Jonah Johnson",447,10,10,44.7,52.178519607518,0.116730468920622,5.2178519607518,2807,6.27964205816555,280.7,0.427293064876958,255,447,0.570469798657718,15,0,0,0,0.657890625,0.42105,447,2807,6.27964205816555,84,93,107,89,113,27,111,23,27,111,24,24,"G5"
"166","New Mexico State","fbs","FBS Independents",2021,4890420,"Dino Maldonado",36,1,10,36,15.6796869337597,0.435546859271102,15.6796869337597,425,11.8055555555556,425,0.333333333333333,17,36,0.472222222222222,4,0,0,0,0.85,0.85,36,425,11.8055555555556,NA,NA,NA,NA,NA,NA,NA,NA,NA,NA,NA,NA,"G5"
"167","New Mexico","fbs","Mountain West",2021,4038940,"Terry Wilson",154,3,11,51.3333333333333,-27.7356532172781,-0.18010164426804,-9.2452177390927,800,5.19480519480519,266.666666666667,0.311688311688312,90,154,0.584415584415584,0,0,0,0,0,0,154,800,5.19480519480519,127,127,127,125,104,127,126,28,127,126,127,127,"G5"
"167","New Mexico","fbs","Mountain West",2021,4261168,"Bryson Carroll",9,1,11,9,0.370257760451662,0.0411397511612958,0.370257760451662,45,5,45,0.555555555555556,7,9,0.777777777777778,0,0,0,0,0,0,9,45,5,NA,NA,NA,NA,NA,NA,NA,NA,NA,NA,NA,NA,"G5"
"167","New Mexico","fbs","Mountain West",2021,4374062,"Trae Hall",2,2,11,1,2.90951286234799,1.454756431174,1.454756431174,21,10.5,10.5,0.5,1,2,0.5,1,0,0,0,0.013125,0.00875,2,21,10.5,NA,NA,NA,NA,NA,NA,NA,NA,NA,NA,NA,NA,"G5"
"167","New Mexico","fbs","Mountain West",2021,4374076,"Andrew Erickson",6,2,11,3,20.9217920839106,3.48696534731844,10.4608960419553,68,11.3333333333333,34,0.666666666666667,4,6,0.666666666666667,4,0,0,0,0.068,0.0566666666666667,6,68,11.3333333333333,NA,NA,NA,NA,NA,NA,NA,NA,NA,NA,NA,NA,"G5"
"167","New Mexico","fbs","Mountain West",2021,4570088,"Connor Genal",12,2,11,6,-4.39557003332136,-0.36629750277678,-2.19778501666068,28,2.33333333333333,14,0.166666666666667,4,12,0.333333333333333,0,0,0,0,0,0,12,28,2.33333333333333,NA,NA,NA,NA,NA,NA,NA,NA,NA,NA,NA,NA,"G5"
"167","New Mexico","fbs","Mountain West",2021,4570100,"Kyle Jarvis",1,1,11,1,4.14838656537702,4.14838656537702,4.14838656537702,12,12,12,1,1,1,1,1,0,0,0,0.015,0.015,1,12,12,NA,NA,NA,NA,NA,NA,NA,NA,NA,NA,NA,NA,"G5"
"167","New Mexico","fbs","Mountain West",2021,4613214,"Connor Witthoft",4,1,11,4,8.45443704327947,2.11360926081987,8.45443704327947,60,15,60,1,4,4,1,4,0,0,0,0.12,0.12,4,60,15,NA,NA,NA,NA,NA,NA,NA,NA,NA,NA,NA,NA,"G5"
"167","New Mexico","fbs","Mountain West",2021,4695616,"Isaiah Chavez",22,5,11,4.4,1.46151638241654,0.0664325628371155,0.292303276483308,149,6.77272727272727,29.8,0.272727272727273,16,22,0.727272727272727,2,0,0,0,0.0496666666666667,0.0212857142857143,22,149,6.77272727272727,NA,NA,NA,NA,NA,NA,NA,NA,NA,NA,NA,NA,"G5"
"167","New Mexico","fbs","Mountain West",2021,4710001,"CJ Montes",32,3,11,10.6666666666667,-21.8822317189158,-0.68381974121612,-7.29407723963862,49,1.53125,16.3333333333333,0.125,10,32,0.3125,0,0,0,0,0,0,32,49,1.53125,NA,NA,NA,NA,NA,NA,NA,NA,NA,NA,NA,NA,"G5"
"167","New Mexico","fbs","Mountain West",2021,4875889,"Joah Flores",1,1,11,1,-0.0922898408494435,-0.0922898408494435,-0.0922898408494435,5,5,5,1,1,1,1,0,0,0,0,0,0,1,5,5,NA,NA,NA,NA,NA,NA,NA,NA,NA,NA,NA,NA,"G5"
"167","New Mexico","fbs","Mountain West",2021,4885978,"Terry Wilson",56,2,11,28,-3.27264737078631,-0.0584401316211841,-1.63632368539316,281,5.01785714285714,140.5,0.321428571428571,28,56,0.5,0,0,0,0,0,0,56,281,5.01785714285714,NA,NA,NA,NA,NA,NA,NA,NA,NA,NA,NA,NA,"G5"
"183","Syracuse","fbs","ACC",2021,4240391,"Tommy DeVito",41,2,11,20.5,-0.975729767680479,-0.0237982870165971,-0.48786488384024,232,5.65853658536585,116,0.390243902439024,25,41,0.609756097560976,0,0,0,0,0,0,41,232,5.65853658536585,NA,NA,NA,NA,NA,NA,NA,NA,NA,NA,NA,NA,"P5"
"183","Syracuse","fbs","ACC",2021,4426966,"Garrett Shrader",240,11,11,21.8181818181818,-7.49136631683221,-0.0312140263201342,-0.681033301530201,1396,5.81666666666667,126.909090909091,0.375,129,240,0.5375,6,0,0,0,0.271948051948052,0.111978609625668,240,1396,5.81666666666667,122,122,122,118,121,101,120,121,101,120,120,121,"P5"
"183","Syracuse","fbs","ACC",2021,4565172,"Courtney Jackson",1,1,11,1,4.07312266892234,4.07312266892234,4.07312266892234,12,12,12,1,1,1,1,1,0,0,0,0.015,0.015,1,12,12,NA,NA,NA,NA,NA,NA,NA,NA,NA,NA,NA,NA,"P5"
"183","Syracuse","fbs","ACC",2021,4605489,"Damien Alford",1,1,11,1,5.40576703851444,5.40576703851444,5.40576703851444,45,45,45,1,1,1,1,1,0,0,0,0.05625,0.05625,1,45,45,NA,NA,NA,NA,NA,NA,NA,NA,NA,NA,NA,NA,"P5"
"183","Syracuse","fbs","ACC",2021,4612078,"JaCobian Morgan",1,1,11,1,0.596864392600962,0.596864392600962,0.596864392600962,3,3,3,0,1,1,1,0,0,0,0,0,0,1,3,3,NA,NA,NA,NA,NA,NA,NA,NA,NA,NA,NA,NA,"P5"
"189","Bowling Green","fbs","Mid-American",2021,4078374,"Matt Naranjo",1,1,9,1,-2.99783540471998,-2.99783540471998,-2.99783540471998,0,0,0,0,0,1,0,0,0,0,0,0,0,1,0,0,NA,NA,NA,NA,NA,NA,NA,NA,NA,NA,NA,NA,"G5"
"189","Bowling Green","fbs","Mid-American",2021,4239937,"Matt McDonald",298,9,9,33.1111111111111,2.8800594047203,0.00966462887490032,0.320006600524477,1823,6.11744966442953,202.555555555556,0.38255033557047,176,298,0.590604026845638,6,0,0,0,0.434047619047619,0.202555555555556,298,1823,6.11744966442953,119,120,120,114,97,82,117,82,82,117,88,98,"G5"
"189","Bowling Green","fbs","Mid-American",2021,4361092,"Austin Osborne",1,1,9,1,4.68056644020275,4.68056644020275,4.68056644020275,36,36,36,1,1,1,1,1,0,0,0,0.045,0.045,1,36,36,NA,NA,NA,NA,NA,NA,NA,NA,NA,NA,NA,NA,"G5"
"189","Bowling Green","fbs","Mid-American",2021,4432396,"Tucker Melton",5,2,9,2.5,-3.35625570075983,-0.671251140151965,-1.67812785037991,2,0.4,1,0,1,5,0.2,0,0,0,0,0,0,5,2,0.4,NA,NA,NA,NA,NA,NA,NA,NA,NA,NA,NA,NA,"G5"
"189","Bowling Green","fbs","Mid-American",2021,4575831,"Taron Keith",1,1,9,1,-0.562350110137444,-0.562350110137444,-0.562350110137444,0,0,0,0,0,1,0,0,0,0,0,0,0,1,0,0,NA,NA,NA,NA,NA,NA,NA,NA,NA,NA,NA,NA,"G5"
"189","Bowling Green","fbs","Mid-American",2021,4710759,"Jaedyn McKinstry",1,1,9,1,-0.700685239977846,-0.700685239977846,-0.700685239977846,0,0,0,0,0,1,0,0,0,0,0,0,0,1,0,0,NA,NA,NA,NA,NA,NA,NA,NA,NA,NA,NA,NA,"G5"
"193","Miami (OH)","fbs","Mid-American",2021,4038966,"Jack Sorenson",3,2,11,1.5,13.8373011973854,4.6124337324618,6.91865059869269,120,40,60,1,3,3,1,3,0,0,0,0.1125,0.09,3,120,40,NA,NA,NA,NA,NA,NA,NA,NA,NA,NA,NA,NA,"G5"
"193","Miami (OH)","fbs","Mid-American",2021,4244306,"Jalen Walker",2,2,11,1,7.91902930741861,3.9595146537093,3.9595146537093,78,39,39,1,2,2,1,1,0,0,0,0.04875,0.0325,2,78,39,NA,NA,NA,NA,NA,NA,NA,NA,NA,NA,NA,NA,"G5"
"193","Miami (OH)","fbs","Mid-American",2021,4259597,"Mac Hippenhammer",3,2,11,1.5,12.5351273772142,4.17837579240473,6.2675636886071,47,15.6666666666667,23.5,1,3,3,1,3,0,0,0,0.0440625,0.03525,3,47,15.6666666666667,NA,NA,NA,NA,NA,NA,NA,NA,NA,NA,NA,NA,"G5"
"193","Miami (OH)","fbs","Mid-American",2021,4363148,"AJ Mayer",114,6,11,19,28.1820585292614,0.247211039730363,4.6970097548769,829,7.2719298245614,138.166666666667,0.43859649122807,60,114,0.526315789473684,5,0,0,0,0.287847222222222,0.157007575757576,114,829,7.2719298245614,NA,NA,NA,NA,NA,NA,NA,NA,NA,NA,NA,NA,"G5"
"193","Miami (OH)","fbs","Mid-American",2021,4427243,"Brett Gabbert",238,8,11,29.75,63.7241062098428,0.267748345419508,7.96551327623035,2002,8.41176470588235,250.25,0.449579831932773,136,238,0.571428571428571,13,0,0,0,0.5809375,0.387291666666667,238,2002,8.41176470588235,76,63,70,74,112,74,34,37.5,74,34,36,35,"G5"
"194","Ohio State","fbs","Big Ten",2021,4257374,"Mitch Rossi",1,1,12,1,0.653228568080247,0.653228568080247,0.653228568080247,1,1,1,1,1,1,1,1,0,0,0,0.00125,0.00125,1,1,1,NA,NA,NA,NA,NA,NA,NA,NA,NA,NA,NA,NA,"P5"
"194","Ohio State","fbs","Big Ten",2021,4361370,"Chris Olave",5,3,12,1.66666666666667,20.038001641789,4.0076003283578,6.67933388059634,182,36.4,60.6666666666667,1,5,5,1,5,0,0,0,0.126388888888889,0.0947916666666667,5,182,36.4,NA,NA,NA,NA,NA,NA,NA,NA,NA,NA,NA,NA,"P5"
"194","Ohio State","fbs","Big Ten",2021,4361372,"Jeremy Ruckert",3,2,12,1.5,7.27139850749011,2.4237995024967,3.63569925374506,35,11.6666666666667,17.5,1,3,3,1,3,0,0,0,0.0328125,0.02625,3,35,11.6666666666667,NA,NA,NA,NA,NA,NA,NA,NA,NA,NA,NA,NA,"P5"
"194","Ohio State","fbs","Big Ten",2021,4432577,"C.J. Stroud",377,11,12,34.2727272727273,181.334979782796,0.480994641333677,16.4849981620724,3472,9.20954907161804,315.636363636364,0.575596816976127,267,377,0.708222811671088,25,0,0,0,0.758741258741259,0.547979797979798,377,3472,9.20954907161804,11,10,9,3,10,13,11,11,13,11,10,14,"P5"
"194","Ohio State","fbs","Big Ten",2021,4432710,"TreVeyon Henderson",2,2,12,1,8.7002467867096,4.3501233933548,4.3501233933548,84,42,42,1,2,2,1,2,0,0,0,0.07,0.0525,2,84,42,NA,NA,NA,NA,NA,NA,NA,NA,NA,NA,NA,NA,"P5"
"194","Ohio State","fbs","Big Ten",2021,4433971,"Kyle McCord",36,5,12,7.2,15.3948716893903,0.427635324705287,3.07897433787806,416,11.5555555555556,83.2,0.472222222222222,25,36,0.694444444444444,2,0,0,0,0.138666666666667,0.0594285714285714,36,416,11.5555555555556,NA,NA,NA,NA,NA,NA,NA,NA,NA,NA,NA,NA,"P5"
"194","Ohio State","fbs","Big Ten",2021,4569618,"Garrett Wilson",2,2,12,1,6.83767597060069,3.41883798530034,3.41883798530034,88,44,44,1,2,2,1,2,0,0,0,0.0733333333333333,0.055,2,88,44,NA,NA,NA,NA,NA,NA,NA,NA,NA,NA,NA,NA,"P5"
"194","Ohio State","fbs","Big Ten",2021,4685091,"Jack Miller III",14,4,12,3.5,-2.30775757452108,-0.164839826751506,-0.57693939363027,101,7.21428571428571,25.25,0.428571428571429,7,14,0.5,0,0,0,0,0,0,14,101,7.21428571428571,NA,NA,NA,NA,NA,NA,NA,NA,NA,NA,NA,NA,"P5"
"195","Ohio","fbs","Mid-American",2021,4039089,"Cameron Odom",1,1,10,1,-0.878460775055726,-0.878460775055726,-0.878460775055726,0,0,0,0,0,1,0,0,0,0,0,0,0,1,0,0,NA,NA,NA,NA,NA,NA,NA,NA,NA,NA,NA,NA,"G5"
"195","Ohio","fbs","Mid-American",2021,4056052,"Armani Rogers",45,8,10,5.625,3.66185105937825,0.0813744679861833,0.457731382422281,338,7.51111111111111,42.25,0.311111111111111,27,45,0.6,0,0,0,0,0,0,45,338,7.51111111111111,NA,NA,NA,NA,NA,NA,NA,NA,NA,NA,NA,NA,"G5"
"195","Ohio","fbs","Mid-American",2021,4260319,"Jonah Wieland",1,1,10,1,4.21721370090372,4.21721370090372,4.21721370090372,20,20,20,1,1,1,1,0,0,0,0,0,0,1,20,20,NA,NA,NA,NA,NA,NA,NA,NA,NA,NA,NA,NA,"G5"
"195","Ohio","fbs","Mid-American",2021,4362301,"Isiah Cox",3,2,10,1.5,6.81438260609728,2.27146086869909,3.40719130304864,58,19.3333333333333,29,0.666666666666667,2,3,0.666666666666667,2,0,0,0,0.0483333333333333,0.03625,3,58,19.3333333333333,NA,NA,NA,NA,NA,NA,NA,NA,NA,NA,NA,NA,"G5"
"195","Ohio","fbs","Mid-American",2021,4362313,"O'Shann Allison",1,1,10,1,4.07896074850673,4.07896074850673,4.07896074850673,25,25,25,1,1,1,1,1,0,0,0,0.03125,0.03125,1,25,25,NA,NA,NA,NA,NA,NA,NA,NA,NA,NA,NA,NA,"G5"
"195","Ohio","fbs","Mid-American",2021,4430431,"Kurtis Rourke",227,8,10,28.375,21.7270244889227,0.095713764268382,2.71587806111534,1493,6.57709251101322,186.625,0.475770925110132,150,227,0.66079295154185,4,0,0,0,0.37325,0.155520833333333,227,1493,6.57709251101322,109,110,112,46,38,98,103,95,98,103,102,107,"G5"
"195","Ohio","fbs","Mid-American",2021,4570276,"De'Montre Tuggle",1,1,10,1,4.02038449106864,4.02038449106864,4.02038449106864,48,48,48,1,1,1,1,1,0,0,0,0.06,0.06,1,48,48,NA,NA,NA,NA,NA,NA,NA,NA,NA,NA,NA,NA,"G5"
"197","Oklahoma State","fbs","Big 12",2021,4249828,"Ethan Bullock",4,2,12,2,-2.78641317457695,-0.696603293644238,-1.39320658728848,16,4,8,0.25,2,4,0.5,0,0,0,0,0,0,4,16,4,NA,NA,NA,NA,NA,NA,NA,NA,NA,NA,NA,NA,"P5"
"197","Oklahoma State","fbs","Big 12",2021,4361825,"Spencer Sanders",327,12,12,27.25,79.5876940943908,0.243387443713733,6.63230784119923,2436,7.44954128440367,203,0.474006116207951,204,327,0.623853211009174,13,0,0,0,0.47125,0.2639,327,2436,7.44954128440367,58,80,81,48,70,42,80,81,42,80,76,78,"P5"
"197","Oklahoma State","fbs","Big 12",2021,4429070,"Shane Illingworth",10,1,12,10,4.01160947912532,0.401160947912532,4.01160947912532,70,7,70,0.4,6,10,0.6,2,0,0,0,0.116666666666667,0.116666666666667,10,70,7,NA,NA,NA,NA,NA,NA,NA,NA,NA,NA,NA,NA,"P5"
"197","Oklahoma State","fbs","Big 12",2021,4431342,"Brennan Presley",4,3,12,1.33333333333333,6.59219358935916,1.64804839733979,2.19739786311972,33,8.25,11,0.75,3,4,0.75,2,0,0,0,0.0183333333333333,0.011,4,33,8.25,NA,NA,NA,NA,NA,NA,NA,NA,NA,NA,NA,NA,"P5"
"197","Oklahoma State","fbs","Big 12",2021,4685183,"John Paul Richardson",1,1,12,1,-1.44510298777816,-1.44510298777816,-1.44510298777816,0,0,0,0,0,1,0,0,0,0,0,0,0,1,0,0,NA,NA,NA,NA,NA,NA,NA,NA,NA,NA,NA,NA,"P5"
"2","Auburn","fbs","SEC",2021,4035851,"Demetris Robertson",1,1,11,1,2.10242523127126,2.10242523127126,2.10242523127126,10,10,10,1,1,1,1,1,0,0,0,0.0125,0.0125,1,10,10,NA,NA,NA,NA,NA,NA,NA,NA,NA,NA,NA,NA,"P5"
"2","Auburn","fbs","SEC",2021,4429056,"Kobe Hudson",1,1,11,1,2.57862805269928,2.57862805269928,2.57862805269928,15,15,15,1,1,1,1,1,0,0,0,0.01875,0.01875,1,15,15,NA,NA,NA,NA,NA,NA,NA,NA,NA,NA,NA,NA,"P5"
"2","Auburn","fbs","SEC",2021,4431948,"TJ Finley",82,7,11,11.7142857142857,-13.8269829298479,-0.168621743046926,-1.97528327569256,483,5.89024390243902,69,0.341463414634146,43,82,0.524390243902439,1,0,0,0,0.08625,0.0215625,82,483,5.89024390243902,NA,NA,NA,NA,NA,NA,NA,NA,NA,NA,NA,NA,"P5"
"2","Auburn","fbs","SEC",2021,4567218,"Bo Nix",303,9,11,33.6666666666667,50.5031236579148,0.166676975768696,5.61145818421276,2186,7.21452145214521,242.888888888889,0.465346534653465,188,303,0.62046204620462,9,0,0,0,0.5465,0.303611111111111,303,2186,7.21452145214521,85,90,99,59,73,58,92,43,58,92,48,68,"P5"
"2","Auburn","fbs","SEC",2021,4695231,"Oscar Chapman",1,1,11,1,-2.64274270686624,-2.64274270686624,-2.64274270686624,0,0,0,0,0,1,0,0,0,0,0,0,0,1,0,0,NA,NA,NA,NA,NA,NA,NA,NA,NA,NA,NA,NA,"P5"
"2005","Air Force","fbs","Mountain West",2021,4571641,"Warren Bryan",7,1,10,7,-2.27125591540693,-0.324465130772418,-2.27125591540693,45,6.42857142857143,45,0.285714285714286,2,7,0.285714285714286,0,0,0,0,0,0,7,45,6.42857142857143,NA,NA,NA,NA,NA,NA,NA,NA,NA,NA,NA,NA,"G5"
"2005","Air Force","fbs","Mountain West",2021,4693814,"Haaziq Daniels",81,10,10,8.1,24.3440028102275,0.30054324457071,2.43440028102275,859,10.6049382716049,85.9,0.382716049382716,37,81,0.45679012345679,3,0,0,0,0.1610625,0.0495576923076923,81,859,10.6049382716049,NA,NA,NA,NA,NA,NA,NA,NA,NA,NA,NA,NA,"G5"
"2005","Air Force","fbs","Mountain West",2021,4693817,"Micah Davis",1,1,10,1,2.52459237266871,2.52459237266871,2.52459237266871,13,13,13,1,1,1,1,1,0,0,0,0.01625,0.01625,1,13,13,NA,NA,NA,NA,NA,NA,NA,NA,NA,NA,NA,NA,"G5"
"2006","Akron","fbs","Mid-American",2021,4038741,"Kato Nelson",72,4,9,18,17.2074029445821,0.23899170756364,4.30185073614552,452,6.27777777777778,113,0.263888888888889,39,72,0.541666666666667,4,0,0,0,0.226,0.14125,72,452,6.27777777777778,NA,NA,NA,NA,NA,NA,NA,NA,NA,NA,NA,NA,"G5"
"2006","Akron","fbs","Mid-American",2021,4368768,"DJ Irons",79,4,9,19.75,22.8666975210977,0.289451867355666,5.71667438027441,439,5.55696202531646,109.75,0.455696202531646,50,79,0.632911392405063,3,0,0,0,0.20578125,0.117589285714286,79,439,5.55696202531646,NA,NA,NA,NA,NA,NA,NA,NA,NA,NA,NA,NA,"G5"
"2006","Akron","fbs","Mid-American",2021,4568336,"Zach Gibson",169,6,9,28.1666666666667,42.7395970954567,0.252897024233471,7.12326618257611,1500,8.87573964497041,250,0.538461538461538,122,169,0.72189349112426,8,0,0,0,0.555555555555556,0.357142857142857,169,1500,8.87573964497041,96,73,77,9,8,97,18,39,97,18,46,44,"G5"
"2006","Akron","fbs","Mid-American",2021,4576173,"Joey Marousek",4,1,9,4,-0.978652932382247,-0.244663233095562,-0.978652932382247,6,1.5,6,0.25,2,4,0.5,0,0,0,0,0,0,4,6,1.5,NA,NA,NA,NA,NA,NA,NA,NA,NA,NA,NA,NA,"G5"
"2006","Akron","fbs","Mid-American",2021,4701278,"Tony Grimes Jr.",1,1,9,1,3.1232885351781,3.1232885351781,3.1232885351781,17,17,17,1,1,1,1,1,0,0,0,0.02125,0.02125,1,17,17,NA,NA,NA,NA,NA,NA,NA,NA,NA,NA,NA,NA,"G5"
"2006","Akron","fbs","Mid-American",2021,4710855,"Konata Mumpfield",3,1,9,3,3.76468326723069,1.25489442241023,3.76468326723069,28,9.33333333333333,28,0.666666666666667,2,3,0.666666666666667,2,0,0,0,0.0466666666666667,0.0466666666666667,3,28,9.33333333333333,NA,NA,NA,NA,NA,NA,NA,NA,NA,NA,NA,NA,"G5"
"201","Oklahoma","fbs","Big 12",2021,4360282,"Drake Stoops",1,1,9,1,2.61987564833912,2.61987564833912,2.61987564833912,12,12,12,1,1,1,1,1,0,0,0,0.015,0.015,1,12,12,NA,NA,NA,NA,NA,NA,NA,NA,NA,NA,NA,NA,"P5"
"201","Oklahoma","fbs","Big 12",2021,4360290,"Brayden Willis",1,1,9,1,2.14819697587793,2.14819697587793,2.14819697587793,8,8,8,1,1,1,1,1,0,0,0,0.01,0.01,1,8,8,NA,NA,NA,NA,NA,NA,NA,NA,NA,NA,NA,NA,"P5"
"201","Oklahoma","fbs","Big 12",2021,4426339,"Spencer Rattler",148,6,9,24.6666666666667,52.866195302687,0.357204022315453,8.81103255044784,1189,8.03378378378378,198.166666666667,0.547297297297297,114,148,0.77027027027027,5,0,0,0,0.412847222222222,0.225189393939394,148,1189,8.03378378378378,82,55,37,6,1,116,57,86,116,57,95,92,"P5"
"201","Oklahoma","fbs","Big 12",2021,4426370,"Jadon Haselwood",3,1,9,3,8.03959879507987,2.67986626502662,8.03959879507987,34,11.3333333333333,34,1,3,3,1,3,0,0,0,0.06375,0.06375,3,34,11.3333333333333,NA,NA,NA,NA,NA,NA,NA,NA,NA,NA,NA,NA,"P5"
"201","Oklahoma","fbs","Big 12",2021,4431611,"Caleb Williams",131,6,9,21.8333333333333,71.076977726484,0.54257234905713,11.846162954414,1201,9.16793893129771,200.166666666667,0.526717557251908,87,131,0.66412213740458,11,0,0,0,0.458715277777778,0.323799019607843,131,1201,9.16793893129771,67,25,5,13,36,115,13,84,115,13,84,57,"P5"
"201","Oklahoma","fbs","Big 12",2021,4431618,"Mario Williams",2,1,9,2,2.23295300299624,1.11647650149812,2.23295300299624,16,8,16,1,2,2,1,1,0,0,0,0.02,0.02,2,16,8,NA,NA,NA,NA,NA,NA,NA,NA,NA,NA,NA,NA,"P5"
"201","Oklahoma","fbs","Big 12",2021,4686472,"Marvin Mims",2,1,9,2,8.47679992349752,4.23839996174876,8.47679992349752,110,55,110,1,2,2,1,2,0,0,0,0.183333333333333,0.183333333333333,2,110,55,NA,NA,NA,NA,NA,NA,NA,NA,NA,NA,NA,NA,"P5"
"202","Tulsa","fbs","American Athletic",2021,4362365,"Davis Brin",332,11,11,30.1818181818182,123.069285988789,0.370690620448159,11.1881169080717,2764,8.32530120481928,251.272727272727,0.484939759036145,205,332,0.617469879518072,16,0,0,0,0.591229946524064,0.372255892255892,332,2764,8.32530120481928,24,30,33,40,76,30,39,36,30,39,33,40,"G5"
"2026","App State","fbs","Sun Belt",2021,4036427,"Jacob Huesman",5,2,12,2.5,-1.03113985092873,-0.206227970185747,-0.515569925464367,27,5.4,13.5,0.8,4,5,0.8,1,0,0,0,0.016875,0.01125,5,27,5.4,NA,NA,NA,NA,NA,NA,NA,NA,NA,NA,NA,NA,"G5"
"2026","App State","fbs","Sun Belt",2021,4239994,"Chase Brice",678,12,12,56.5,304.415116985329,0.448989848060957,25.3679264154441,6074,8.95870206489676,506.166666666667,0.507374631268437,432,678,0.63716814159292,62,0,0,0,1.24533068783069,1.06021396396396,678,6074,8.95870206489676,3,3,16,24,58,2,16,2,2,16,2,2,"G5"
"2026","App State","fbs","Sun Belt",2021,4241004,"Thomas Hennigan",4,1,12,4,25.0737006846859,6.26842517117147,25.0737006846859,96,24,96,1,4,4,1,4,0,0,0,0.192,0.192,4,96,24,NA,NA,NA,NA,NA,NA,NA,NA,NA,NA,NA,NA,"G5"
"2026","App State","fbs","Sun Belt",2021,4241012,"Malik Williams",1,1,12,1,-0.535512228711899,-0.535512228711899,-0.535512228711899,0,0,0,0,0,1,0,0,0,0,0,0,0,1,0,0,NA,NA,NA,NA,NA,NA,NA,NA,NA,NA,NA,NA,"G5"
"2032","Arkansas State","fbs","Sun Belt",2021,4240020,"James Blackman",115,4,10,28.75,22.1603821249799,0.192698974999825,5.54009553124497,766,6.66086956521739,191.5,0.373913043478261,64,115,0.556521739130435,4,0,0,0,0.383,0.239375,115,766,6.66086956521739,NA,NA,NA,NA,NA,NA,NA,NA,NA,NA,NA,NA,"G5"
"2032","Arkansas State","fbs","Sun Belt",2021,4361222,"Layne Hatcher",303,9,10,33.6666666666667,60.1894340433181,0.198644996842634,6.68771489370201,2084,6.87788778877888,231.555555555556,0.382838283828383,181,303,0.597359735973597,10,0,0,0,0.526262626262626,0.304678362573099,303,2084,6.87788778877888,77,78,92,113,92,68,99,54,68,99,56,66,"G5"
"204","Oregon State","fbs","Pac-12",2021,4040880,"Sam Noyer",23,1,11,23,-7.75025492638188,-0.336967605494864,-7.75025492638188,95,4.1304347826087,95,0.217391304347826,11,23,0.478260869565217,0,0,0,0,0,0,23,95,4.1304347826087,NA,NA,NA,NA,NA,NA,NA,NA,NA,NA,NA,NA,"P5"
"204","Oregon State","fbs","Pac-12",2021,4042807,"Trevon Bradford",2,2,11,1,9.39697403464459,4.69848701732229,4.69848701732229,61,30.5,30.5,1,2,2,1,2,0,0,0,0.0508333333333333,0.038125,2,61,30.5,NA,NA,NA,NA,NA,NA,NA,NA,NA,NA,NA,NA,"P5"
"204","Oregon State","fbs","Pac-12",2021,4240801,"Tyjon Lindsey",1,1,11,1,1.53415159322037,1.53415159322037,1.53415159322037,34,34,34,1,1,1,1,0,0,0,0,0,0,1,34,34,NA,NA,NA,NA,NA,NA,NA,NA,NA,NA,NA,NA,"P5"
"204","Oregon State","fbs","Pac-12",2021,4360824,"Chance Nolan",250,11,11,22.7272727272727,78.2098686394732,0.312839474557893,7.10998805813393,2105,8.42,191.363636363636,0.488,160,250,0.64,10,0,0,0,0.434917355371901,0.227813852813853,250,2105,8.42,61,74,53,37,53,64,33,92,64,33,87,91,"P5"
"204","Oregon State","fbs","Pac-12",2021,4363046,"Tre'Shaun Harrison",2,2,11,1,5.65178717150028,2.82589358575014,2.82589358575014,37,18.5,18.5,1,2,2,1,2,0,0,0,0.0308333333333333,0.023125,2,37,18.5,NA,NA,NA,NA,NA,NA,NA,NA,NA,NA,NA,NA,"P5"
"204","Oregon State","fbs","Pac-12",2021,4374045,"Teagan Quitoriano",1,1,11,1,1.63675454003112,1.63675454003112,1.63675454003112,5,5,5,1,1,1,1,1,0,0,0,0.00625,0.00625,1,5,5,NA,NA,NA,NA,NA,NA,NA,NA,NA,NA,NA,NA,"P5"
"204","Oregon State","fbs","Pac-12",2021,4379534,"Luke Loecher",1,1,11,1,-2.52159968833801,-2.52159968833801,-2.52159968833801,0,0,0,0,0,1,0,0,0,0,0,0,0,1,0,0,NA,NA,NA,NA,NA,NA,NA,NA,NA,NA,NA,NA,"P5"
"204","Oregon State","fbs","Pac-12",2021,4428085,"Luke Musgrave",1,1,11,1,4.3517641514806,4.3517641514806,4.3517641514806,4,4,4,1,1,1,1,1,0,0,0,0.005,0.005,1,4,4,NA,NA,NA,NA,NA,NA,NA,NA,NA,NA,NA,NA,"P5"
"2050","Ball State","fbs","Mid-American",2021,4039210,"Drew Plitt",276,10,10,27.6,31.7706654017903,0.115111106528226,3.17706654017903,1799,6.51811594202899,179.9,0.449275362318841,171,276,0.619565217391304,11,0,0,0,0.412270833333333,0.235583333333333,276,1799,6.51811594202899,105,106,108,75,74,85,104,99,85,104,96,88,"G5"
"2050","Ball State","fbs","Mid-American",2021,4360073,"Jayshon Jackson",2,2,10,1,1.39820560880096,0.699102804400478,0.699102804400478,26,13,13,0.5,1,2,0.5,0,0,0,0,0,0,2,26,13,NA,NA,NA,NA,NA,NA,NA,NA,NA,NA,NA,NA,"G5"
"2050","Ball State","fbs","Mid-American",2021,4361636,"John Paddock",25,2,10,12.5,5.58533515582423,0.223413406232969,2.79266757791211,132,5.28,66,0.4,18,25,0.72,0,0,0,0,0,0,25,132,5.28,NA,NA,NA,NA,NA,NA,NA,NA,NA,NA,NA,NA,"G5"
"2084","Buffalo","fbs","Mid-American",2021,4040824,"Dominic Johnson",1,1,9,1,1.23722833703172,1.23722833703172,1.23722833703172,15,15,15,1,1,1,1,0,0,0,0,0,0,1,15,15,NA,NA,NA,NA,NA,NA,NA,NA,NA,NA,NA,NA,"G5"
"2084","Buffalo","fbs","Mid-American",2021,4239714,"Kyle Vantrease",207,7,9,29.5714285714286,33.2380614305775,0.160570345075254,4.74829449008251,1367,6.60386473429952,195.285714285714,0.429951690821256,122,207,0.589371980676328,4,0,0,0,0.390571428571429,0.177532467532468,207,1367,6.60386473429952,101,98,100,87,99,102,102,89,102,102,99,104,"G5"
"2084","Buffalo","fbs","Mid-American",2021,4362447,"Matt Myers",70,5,9,14,11.0855387371787,0.158364839102553,2.21710774743574,429,6.12857142857143,85.8,0.5,41,70,0.585714285714286,2,0,0,0,0.143,0.0612857142857143,70,429,6.12857142857143,NA,NA,NA,NA,NA,NA,NA,NA,NA,NA,NA,NA,"G5"
"21","San Diego State","fbs","Mountain West",2021,4037293,"Lucas Johnson",156,10,11,15.6,-1.96665472459511,-0.0126067610550969,-0.196665472459511,868,5.56410256410256,86.8,0.391025641025641,93,156,0.596153846153846,4,0,0,0,0.1736,0.062,156,868,5.56410256410256,121,121,121,106,93,125,121,127,125,121,125,125,"G5"
"21","San Diego State","fbs","Mountain West",2021,4362894,"Jalen Mayden",5,1,11,5,3.30743350210429,0.661486700420857,3.30743350210429,45,9,45,0.8,4,5,0.8,0,0,0,0,0,0,5,45,9,NA,NA,NA,NA,NA,NA,NA,NA,NA,NA,NA,NA,"G5"
"21","San Diego State","fbs","Mountain West",2021,4379569,"Jesse Matthews",1,1,11,1,1.80547350598325,1.80547350598325,1.80547350598325,5,5,5,1,1,1,1,1,0,0,0,0.00625,0.00625,1,5,5,NA,NA,NA,NA,NA,NA,NA,NA,NA,NA,NA,NA,"G5"
"21","San Diego State","fbs","Mountain West",2021,4572387,"Jordon Brookshire",101,5,11,20.2,-8.15370422083118,-0.0807297447607047,-1.63074084416624,725,7.17821782178218,145,0.366336633663366,54,101,0.534653465346535,3,0,0,0,0.271875,0.1359375,101,725,7.17821782178218,NA,NA,NA,NA,NA,NA,NA,NA,NA,NA,NA,NA,"G5"
"21","San Diego State","fbs","Mountain West",2021,4683386,"William Haskell",6,1,11,6,-1.06448161591424,-0.177413602652373,-1.06448161591424,27,4.5,27,0.5,3,6,0.5,0,0,0,0,0,0,6,27,4.5,NA,NA,NA,NA,NA,NA,NA,NA,NA,NA,NA,NA,"G5"
"2116","UCF","fbs","American Athletic",2021,4035198,"Brandon Edward Johnson",2,2,11,1,8.69783229989139,4.3489161499457,4.3489161499457,41,20.5,20.5,1,2,2,1,2,0,0,0,0.0341666666666667,0.025625,2,41,20.5,NA,NA,NA,NA,NA,NA,NA,NA,NA,NA,NA,NA,"G5"
"2116","UCF","fbs","American Athletic",2021,4361329,"Joey Gatewood",16,5,11,3.2,0.993847490584663,0.0621154681615415,0.198769498116933,60,3.75,12,0.25,6,16,0.375,4,0,0,0,0.024,0.0133333333333333,16,60,3.75,NA,NA,NA,NA,NA,NA,NA,NA,NA,NA,NA,NA,"G5"
"2116","UCF","fbs","American Athletic",2021,4362421,"Alec Holler",2,1,11,2,5.40330465871419,2.7016523293571,5.40330465871419,46,23,46,1,2,2,1,2,0,0,0,0.0766666666666667,0.0766666666666667,2,46,23,NA,NA,NA,NA,NA,NA,NA,NA,NA,NA,NA,NA,"G5"
"2116","UCF","fbs","American Athletic",2021,4427238,"Dillon Gabriel",63,2,11,31.5,23.5196743367666,0.37332816407566,11.7598371683833,506,8.03174603174603,253,0.444444444444444,47,63,0.746031746031746,7,0,0,0,0.5534375,0.491944444444444,63,506,8.03174603174603,NA,NA,NA,NA,NA,NA,NA,NA,NA,NA,NA,NA,"G5"
"2116","UCF","fbs","American Athletic",2021,4568992,"Ryan O'Keefe",6,5,11,1.2,13.2960292730981,2.21600487884968,2.65920585461961,139,23.1666666666667,27.8,0.833333333333333,6,6,1,5,0,0,0,0.0579166666666667,0.03475,6,139,23.1666666666667,NA,NA,NA,NA,NA,NA,NA,NA,NA,NA,NA,NA,"G5"
"2116","UCF","fbs","American Athletic",2021,4572366,"Andrew Brito",2,1,11,2,1.14229517247907,0.571147586239536,1.14229517247907,35,17.5,35,1,2,2,1,0,0,0,0,0,0,2,35,17.5,NA,NA,NA,NA,NA,NA,NA,NA,NA,NA,NA,NA,"G5"
"2116","UCF","fbs","American Athletic",2021,4597499,"Mikey Keene",226,9,11,25.1111111111111,16.4861498281494,0.0729475656112803,1.83179442534993,1359,6.01327433628319,151,0.384955752212389,145,226,0.641592920353982,8,0,0,0,0.335555555555556,0.177647058823529,226,1359,6.01327433628319,113,113,113,111,52,103,118,114,103,118,108,103,"G5"
"2117","Central Michigan","fbs","Mid-American",2021,4240866,"Kalil Pimpleton",4,4,10,1,5.91682741720372,1.47920685430093,1.47920685430093,47,11.75,11.75,0.5,3,4,0.75,1,0,0,0,0.0146875,0.005875,4,47,11.75,NA,NA,NA,NA,NA,NA,NA,NA,NA,NA,NA,NA,"G5"
"2117","Central Michigan","fbs","Mid-American",2021,4244771,"JaCorey Sullivan",1,1,10,1,2.92776956515604,2.92776956515604,2.92776956515604,26,26,26,1,1,1,1,1,0,0,0,0.0325,0.0325,1,26,26,NA,NA,NA,NA,NA,NA,NA,NA,NA,NA,NA,NA,"G5"
"2117","Central Michigan","fbs","Mid-American",2021,4244772,"Darius Bracy",1,1,10,1,1.54898303350284,1.54898303350284,1.54898303350284,16,16,16,1,1,1,1,0,0,0,0,0,0,1,16,16,NA,NA,NA,NA,NA,NA,NA,NA,NA,NA,NA,NA,"G5"
"2117","Central Michigan","fbs","Mid-American",2021,4361091,"Jacob Sirmon",98,4,10,24.5,17.2172832092283,0.175686563359473,4.30432080230708,628,6.40816326530612,157,0.397959183673469,60,98,0.612244897959184,3,0,0,0,0.294375,0.168214285714286,98,628,6.40816326530612,NA,NA,NA,NA,NA,NA,NA,NA,NA,NA,NA,NA,"G5"
"2117","Central Michigan","fbs","Mid-American",2021,4362570,"Joel Wilson",1,1,10,1,3.27093645739889,3.27093645739889,3.27093645739889,11,11,11,1,1,1,1,1,0,0,0,0.01375,0.01375,1,11,11,NA,NA,NA,NA,NA,NA,NA,NA,NA,NA,NA,NA,"G5"
"2117","Central Michigan","fbs","Mid-American",2021,4428119,"Lew Nichols",2,1,10,2,-0.702753518045116,-0.351376759022558,-0.702753518045116,18,9,18,1,2,2,1,0,0,0,0,0,0,2,18,9,NA,NA,NA,NA,NA,NA,NA,NA,NA,NA,NA,NA,"G5"
"2117","Central Michigan","fbs","Mid-American",2021,4570259,"Daniel Richardson",245,10,10,24.5,90.9613344402526,0.371270752817357,9.09613344402526,1953,7.97142857142857,195.3,0.461224489795918,145,245,0.591836734693878,19,0,0,0,0.4638375,0.319887931034483,245,1953,7.97142857142857,48,50,31,64,96,76,58,88,76,58,79,59,"G5"
"213","Penn State","fbs","Big Ten",2021,4259592,"Sean Clifford",376,11,11,34.1818181818182,71.1988702986461,0.189358697602782,6.47262457260419,2345,6.23670212765957,213.181818181818,0.441489361702128,230,376,0.611702127659574,9,0,0,0,0.479659090909091,0.239829545454545,376,2345,6.23670212765957,66,82,95,82,81,46,113,71,46,113,70,86,"P5"
"213","Penn State","fbs","Big Ten",2021,4260224,"Jordan Stout",1,1,11,1,4.14583384094467,4.14583384094467,4.14583384094467,18,18,18,1,1,1,1,0,0,0,0,0,0,1,18,18,NA,NA,NA,NA,NA,NA,NA,NA,NA,NA,NA,NA,"P5"
"213","Penn State","fbs","Big Ten",2021,4361409,"Jahan Dotson",4,3,11,1.33333333333333,8.26758724280322,2.06689681070081,2.75586241426774,100,25,33.3333333333333,1,4,4,1,2,0,0,0,0.0555555555555556,0.0333333333333333,4,100,25,NA,NA,NA,NA,NA,NA,NA,NA,NA,NA,NA,NA,"P5"
"213","Penn State","fbs","Big Ten",2021,4427313,"Ta'Quan Roberson",44,2,11,22,-6.14332962723459,-0.139621127891695,-3.0716648136173,160,3.63636363636364,80,0.272727272727273,18,44,0.409090909090909,4,0,0,0,0.16,0.133333333333333,44,160,3.63636363636364,NA,NA,NA,NA,NA,NA,NA,NA,NA,NA,NA,NA,"P5"
"213","Penn State","fbs","Big Ten",2021,4432612,"Christian Veilleux",21,1,11,21,11.3603152603874,0.540967393351781,11.3603152603874,189,9,189,0.476190476190476,13,21,0.619047619047619,2,0,0,0,0.315,0.315,21,189,9,NA,NA,NA,NA,NA,NA,NA,NA,NA,NA,NA,NA,"P5"
"213","Penn State","fbs","Big Ten",2021,4432620,"Parker Washington",2,2,11,1,7.19040595797355,3.59520297898677,3.59520297898677,32,16,16,1,2,2,1,2,0,0,0,0.0266666666666667,0.02,2,32,16,NA,NA,NA,NA,NA,NA,NA,NA,NA,NA,NA,NA,"P5"
"2132","Cincinnati","fbs","American Athletic",2021,4035583,"Jordan Jones",1,1,12,1,2.60831349010071,2.60831349010071,2.60831349010071,11,11,11,1,1,1,1,1,0,0,0,0.01375,0.01375,1,11,11,NA,NA,NA,NA,NA,NA,NA,NA,NA,NA,NA,NA,"G5"
"2132","Cincinnati","fbs","American Athletic",2021,4239086,"Desmond Ridder",318,12,12,26.5,80.3075095218413,0.252539338118998,6.69229246015344,2717,8.5440251572327,226.416666666667,0.50314465408805,213,318,0.669811320754717,21,0,0,0,0.5403125,0.360208333333333,318,2717,8.5440251572327,56,77,78,30,29,31,28,57,31,28,49,43,"G5"
"2132","Cincinnati","fbs","American Athletic",2021,4258604,"Michael Young",1,1,12,1,2.72422565935258,2.72422565935258,2.72422565935258,11,11,11,1,1,1,1,1,0,0,0,0.01375,0.01375,1,11,11,NA,NA,NA,NA,NA,NA,NA,NA,NA,NA,NA,NA,"G5"
"2132","Cincinnati","fbs","American Athletic",2021,4360078,"Alec Pierce",4,3,12,1.33333333333333,9.48539863533734,2.37134965883433,3.16179954511245,71,17.75,23.6666666666667,1,4,4,1,4,0,0,0,0.0473333333333333,0.0338095238095238,4,71,17.75,NA,NA,NA,NA,NA,NA,NA,NA,NA,NA,NA,NA,"G5"
"2132","Cincinnati","fbs","American Athletic",2021,4360082,"Leonard Taylor",1,1,12,1,3.30461699689728,3.30461699689728,3.30461699689728,44,44,44,1,1,1,1,1,0,0,0,0.055,0.055,1,44,44,NA,NA,NA,NA,NA,NA,NA,NA,NA,NA,NA,NA,"G5"
"2132","Cincinnati","fbs","American Athletic",2021,4431339,"Evan Prater",6,2,12,3,-0.592591756116638,-0.0987652926861063,-0.296295878058319,9,1.5,4.5,0.166666666666667,3,6,0.5,0,0,0,0,0,0,6,9,1.5,NA,NA,NA,NA,NA,NA,NA,NA,NA,NA,NA,NA,"G5"
"2132","Cincinnati","fbs","American Athletic",2021,4565908,"Tyler Scott",2,2,12,1,6.77703974432858,3.38851987216429,3.38851987216429,91,45.5,45.5,1,2,2,1,2,0,0,0,0.0758333333333333,0.056875,2,91,45.5,NA,NA,NA,NA,NA,NA,NA,NA,NA,NA,NA,NA,"G5"
"218","Temple","fbs","American Athletic",2021,4257587,"Jadan Blue",1,1,11,1,3.33890960680832,3.33890960680832,3.33890960680832,1,1,1,1,1,1,1,1,0,0,0,0.00125,0.00125,1,1,1,NA,NA,NA,NA,NA,NA,NA,NA,NA,NA,NA,NA,"G5"
"218","Temple","fbs","American Athletic",2021,4360979,"Jose Barbon",1,1,11,1,6.07627876776012,6.07627876776012,6.07627876776012,27,27,27,1,1,1,1,1,0,0,0,0.03375,0.03375,1,27,27,NA,NA,NA,NA,NA,NA,NA,NA,NA,NA,NA,NA,"G5"
"218","Temple","fbs","American Athletic",2021,4427914,"D'Wan Mathis",158,6,11,26.3333333333333,16.5373985294612,0.104667079300387,2.75623308824353,930,5.88607594936709,155,0.373417721518987,93,158,0.588607594936709,3,0,0,0,0.290625,0.129166666666667,158,930,5.88607594936709,112,109,110,119,100,123,119,111,123,119,118,116,"G5"
"218","Temple","fbs","American Athletic",2021,4428739,"Mariano Valenti",14,1,11,14,5.66298520039287,0.404498942885205,5.66298520039287,73,5.21428571428571,73,0.428571428571429,10,14,0.714285714285714,0,0,0,0,0,0,14,73,5.21428571428571,NA,NA,NA,NA,NA,NA,NA,NA,NA,NA,NA,NA,"G5"
"218","Temple","fbs","American Athletic",2021,4683282,"Justin Lynch",148,10,11,14.8,-31.0744341903767,-0.209962393178221,-3.10744341903767,752,5.08108108108108,75.2,0.297297297297297,87,148,0.587837837837838,2,0,0,0,0.125333333333333,0.0313333333333333,148,752,5.08108108108108,NA,NA,NA,NA,NA,NA,NA,NA,NA,NA,NA,NA,"G5"
"2199","Eastern Michigan","fbs","Mid-American",2021,4244804,"Preston Hutchinson",15,2,10,7.5,-1.9996043338321,-0.133306955588807,-0.99980216691605,78,5.2,39,0.133333333333333,8,15,0.533333333333333,0,0,0,0,0,0,15,78,5.2,NA,NA,NA,NA,NA,NA,NA,NA,NA,NA,NA,NA,"G5"
"2199","Eastern Michigan","fbs","Mid-American",2021,4360056,"Ben Bryant",327,10,10,32.7,125.800932664669,0.384712332307857,12.5800932664669,2539,7.76452599388379,253.9,0.529051987767584,226,327,0.691131498470948,12,0,0,0,0.585923076923077,0.346227272727273,327,2539,7.76452599388379,22,20,27,12,14,36,67,33,36,67,35,49,"G5"
"2199","Eastern Michigan","fbs","Mid-American",2021,4360492,"Samson Evans",1,1,10,1,2.96192195557322,2.96192195557322,2.96192195557322,6,6,6,1,1,1,1,1,0,0,0,0.0075,0.0075,1,6,6,NA,NA,NA,NA,NA,NA,NA,NA,NA,NA,NA,NA,"G5"
"2199","Eastern Michigan","fbs","Mid-American",2021,4363537,"Hassan Beydoun",2,2,10,1,6.562605418371,3.2813027091855,3.2813027091855,27,13.5,13.5,1,2,2,1,1,0,0,0,0.016875,0.01125,2,27,13.5,NA,NA,NA,NA,NA,NA,NA,NA,NA,NA,NA,NA,"G5"
"2199","Eastern Michigan","fbs","Mid-American",2021,4363551,"Dylan Drummond",1,1,10,1,3.20556602902246,3.20556602902246,3.20556602902246,13,13,13,1,1,1,1,1,0,0,0,0.01625,0.01625,1,13,13,NA,NA,NA,NA,NA,NA,NA,NA,NA,NA,NA,NA,"G5"
"2199","Eastern Michigan","fbs","Mid-American",2021,4597247,"Austin Smith",1,1,10,1,0.846615792940959,0.846615792940959,0.846615792940959,16,16,16,1,1,1,1,0,0,0,0,0,0,1,16,16,NA,NA,NA,NA,NA,NA,NA,NA,NA,NA,NA,NA,"G5"
"221","Pittsburgh","fbs","ACC",2021,4035847,"Melquise Stovall",1,1,12,1,3.71427822525827,3.71427822525827,3.71427822525827,11,11,11,1,1,1,1,1,0,0,0,0.01375,0.01375,1,11,11,NA,NA,NA,NA,NA,NA,NA,NA,NA,NA,NA,NA,"P5"
"221","Pittsburgh","fbs","ACC",2021,4240703,"Kenny Pickett",423,12,12,35.25,121.96980397752,0.288344690254183,10.16415033146,3522,8.32624113475177,293.5,0.479905437352246,276,423,0.652482269503546,22,0,0,0,0.701847826086957,0.474779411764706,423,3522,8.32624113475177,25,38,60,42,44,11,38,19,11,38,19,20,"P5"
"221","Pittsburgh","fbs","ACC",2021,4360231,"Lucas Krull",3,3,12,1,3.78660028228508,1.26220009409503,1.26220009409503,40,13.3333333333333,13.3333333333333,0.666666666666667,2,3,0.666666666666667,2,0,0,0,0.0222222222222222,0.0133333333333333,3,40,13.3333333333333,NA,NA,NA,NA,NA,NA,NA,NA,NA,NA,NA,NA,"P5"
"221","Pittsburgh","fbs","ACC",2021,4373314,"Nick Patti",5,3,12,1.66666666666667,0.832925030300227,0.166585006060045,0.277641676766742,43,8.6,14.3333333333333,0.4,3,5,0.6,0,0,0,0,0,0,5,43,8.6,NA,NA,NA,NA,NA,NA,NA,NA,NA,NA,NA,NA,"P5"
"221","Pittsburgh","fbs","ACC",2021,4429205,"Jordan Addison",2,2,12,1,5.43003819439089,2.71501909719544,2.71501909719544,35,17.5,17.5,1,2,2,1,2,0,0,0,0.0291666666666667,0.021875,2,35,17.5,NA,NA,NA,NA,NA,NA,NA,NA,NA,NA,NA,NA,"P5"
"221","Pittsburgh","fbs","ACC",2021,4429247,"Jaylon Barden",1,1,12,1,3.55391475286896,3.55391475286896,3.55391475286896,22,22,22,1,1,1,1,1,0,0,0,0.0275,0.0275,1,22,22,NA,NA,NA,NA,NA,NA,NA,NA,NA,NA,NA,NA,"P5"
"221","Pittsburgh","fbs","ACC",2021,4430681,"Jared Wayne",4,2,12,2,6.8947562636498,1.72368906591245,3.4473781318249,56,14,28,0.75,3,4,0.75,2,0,0,0,0.0466666666666667,0.035,4,56,14,NA,NA,NA,NA,NA,NA,NA,NA,NA,NA,NA,NA,"P5"
"221","Pittsburgh","fbs","ACC",2021,4431328,"Rodney Hammond Jr.",1,1,12,1,2.47416639889569,2.47416639889569,2.47416639889569,22,22,22,1,1,1,1,1,0,0,0,0.0275,0.0275,1,22,22,NA,NA,NA,NA,NA,NA,NA,NA,NA,NA,NA,NA,"P5"
"221","Pittsburgh","fbs","ACC",2021,4708049,"Gavin Bartholomew",2,2,12,1,3.49981127129126,1.74990563564563,1.74990563564563,9,4.5,4.5,1,2,2,1,2,0,0,0,0.0075,0.005625,2,9,4.5,NA,NA,NA,NA,NA,NA,NA,NA,NA,NA,NA,NA,"P5"
"2226","Florida Atlantic","fbs","Conference USA",2021,4240628,"N'Kosi Perry",203,8,8,25.375,47.6425925994352,0.234692574381454,5.95532407492939,1665,8.20197044334975,208.125,0.45320197044335,129,203,0.635467980295567,8,0,0,0,0.4625,0.26015625,203,1665,8.20197044334975,91,86,85,69,61,90,50,77,90,50,80,80,"G5"
"2226","Florida Atlantic","fbs","Conference USA",2021,4258236,"Nick Tronti",28,3,8,9.33333333333333,3.36317458080356,0.120113377885842,1.12105819360119,144,5.14285714285714,48,0.392857142857143,13,28,0.464285714285714,0,0,0,0,0,0,28,144,5.14285714285714,NA,NA,NA,NA,NA,NA,NA,NA,NA,NA,NA,NA,"G5"
"2229","Florida International","fbs","Conference USA",2021,4036215,"Max Bortenschlager",237,8,9,29.625,67.6518679114317,0.285450919457517,8.45648348892896,2043,8.62025316455696,255.375,0.388185654008439,126,237,0.531645569620253,10,0,0,0,0.580397727272727,0.3546875,237,2043,8.62025316455696,71,60,61,108,122,70,25,32,70,25,37,45,"G5"
"2229","Florida International","fbs","Conference USA",2021,4244649,"Bryce Singleton",2,1,9,2,10.9207738563051,5.46038692815257,10.9207738563051,78,39,78,1,2,2,1,2,0,0,0,0.13,0.13,2,78,39,NA,NA,NA,NA,NA,NA,NA,NA,NA,NA,NA,NA,"G5"
"2229","Florida International","fbs","Conference USA",2021,4428893,"Kamareon Williams",1,1,9,1,1.77682127395626,1.77682127395626,1.77682127395626,3,3,3,1,1,1,1,1,0,0,0,0.00375,0.00375,1,3,3,NA,NA,NA,NA,NA,NA,NA,NA,NA,NA,NA,NA,"G5"
"2229","Florida International","fbs","Conference USA",2021,4567707,"Grayson James",25,5,9,5,5.5992559459338,0.223970237837352,1.11985118918676,139,5.56,27.8,0.56,16,25,0.64,0,0,0,0,0,0,25,139,5.56,NA,NA,NA,NA,NA,NA,NA,NA,NA,NA,NA,NA,"G5"
"2229","Florida International","fbs","Conference USA",2021,4574026,"Tyrese Chambers",1,1,9,1,5.56992767397713,5.56992767397713,5.56992767397713,46,46,46,1,1,1,1,1,0,0,0,0.0575,0.0575,1,46,46,NA,NA,NA,NA,NA,NA,NA,NA,NA,NA,NA,NA,"G5"
"2247","Georgia State","fbs","Sun Belt",2021,4291693,"Terrance Dixon",2,1,12,2,7.52131502914571,3.76065751457286,7.52131502914571,4,2,4,1,2,2,1,2,0,0,0,0.00666666666666667,0.00666666666666667,2,4,2,NA,NA,NA,NA,NA,NA,NA,NA,NA,NA,NA,NA,"G5"
"2247","Georgia State","fbs","Sun Belt",2021,4369448,"Darren Grainger",408,11,12,37.0909090909091,114.429112197768,0.280463510288647,10.4026465634335,3300,8.08823529411765,300,0.480392156862745,238,408,0.583333333333333,34,0,0,0,0.728571428571429,0.566666666666667,408,3300,8.08823529411765,29,36,62,41,108,17,55,17,17,55,15,12,"G5"
"2247","Georgia State","fbs","Sun Belt",2021,4428678,"Jamari Thrash",4,1,12,4,13.3831696246666,3.34579240616665,13.3831696246666,48,12,48,1,4,4,1,4,0,0,0,0.096,0.096,4,48,12,NA,NA,NA,NA,NA,NA,NA,NA,NA,NA,NA,NA,"G5"
"2247","Georgia State","fbs","Sun Belt",2021,4568411,"Cornelious Brown",70,4,12,17.5,-8.88046856646468,-0.126863836663781,-2.22011714161617,337,4.81428571428571,84.25,0.385714285714286,38,70,0.542857142857143,0,0,0,0,0,0,70,337,4.81428571428571,NA,NA,NA,NA,NA,NA,NA,NA,NA,NA,NA,NA,"G5"
"2247","Georgia State","fbs","Sun Belt",2021,4690117,"Ja'Cyais Credle",4,1,12,4,10.6138233741605,2.65345584354012,10.6138233741605,112,28,112,1,4,4,1,4,0,0,0,0.224,0.224,4,112,28,NA,NA,NA,NA,NA,NA,NA,NA,NA,NA,NA,NA,"G5"
"228","Clemson","fbs","ACC",2021,4035473,"Will Spiers",1,1,11,1,1.78817284521549,1.78817284521549,1.78817284521549,17,17,17,1,1,1,1,0,0,0,0,0,0,1,17,17,NA,NA,NA,NA,NA,NA,NA,NA,NA,NA,NA,NA,"P5"
"228","Clemson","fbs","ACC",2021,4426430,"Taisun Phommachanh",9,3,11,3,0.997027734767463,0.110780859418607,0.332342578255821,56,6.22222222222222,18.6666666666667,0.333333333333333,4,9,0.444444444444444,0,0,0,0,0,0,9,56,6.22222222222222,NA,NA,NA,NA,NA,NA,NA,NA,NA,NA,NA,NA,"P5"
"228","Clemson","fbs","ACC",2021,4429020,"D.J. Uiagalelei",304,11,11,27.6363636363636,12.1243937847287,0.0398828742918708,1.10221761679352,1881,6.1875,171,0.378289473684211,171,304,0.5625,6,0,0,0,0.366428571428571,0.150882352941176,304,1881,6.1875,115,116,116,117,114,78,115,104,78,115,103,109,"P5"
"228","Clemson","fbs","ACC",2021,4431545,"Will Shipley",1,1,11,1,1.85629833500421,1.85629833500421,1.85629833500421,2,2,2,1,1,1,1,1,0,0,0,0.0025,0.0025,1,2,2,NA,NA,NA,NA,NA,NA,NA,NA,NA,NA,NA,NA,"P5"
"228","Clemson","fbs","ACC",2021,4682927,"Billy Wiles",4,1,11,4,1.37764545737527,0.344411364343818,1.37764545737527,31,7.75,31,0.5,2,4,0.5,1,0,0,0,0.03875,0.03875,4,31,7.75,NA,NA,NA,NA,NA,NA,NA,NA,NA,NA,NA,NA,"P5"
"228","Clemson","fbs","ACC",2021,4686096,"Hunter Helms",8,1,11,8,-3.05624182036619,-0.382030227545774,-3.05624182036619,42,5.25,42,0.25,3,8,0.375,0,0,0,0,0,0,8,42,5.25,NA,NA,NA,NA,NA,NA,NA,NA,NA,NA,NA,NA,"P5"
"2294","Iowa","fbs","Big Ten",2021,4360480,"Spencer Petras",250,11,13,22.7272727272727,31.8343702726976,0.12733748109079,2.89403366115433,1694,6.776,154,0.396,146,250,0.584,9,0,0,0,0.3465,0.17325,250,1694,6.776,104,108,106,104,107,87,100,112,87,100,104,105,"P5"
"2294","Iowa","fbs","Big Ten",2021,4428186,"Alex Padilla",108,8,13,13.5,-10.4318771838588,-0.0965914554061001,-1.30398464798235,629,5.82407407407407,78.625,0.342592592592593,54,108,0.5,2,0,0,0,0.131041666666667,0.0393125,108,629,5.82407407407407,NA,NA,NA,NA,NA,NA,NA,NA,NA,NA,NA,NA,"P5"
"2294","Iowa","fbs","Big Ten",2021,4429191,"Deuce Hogan",1,1,13,1,-0.56696739879331,-0.56696739879331,-0.56696739879331,2,2,2,0,1,1,1,0,0,0,0,0,0,1,2,2,NA,NA,NA,NA,NA,NA,NA,NA,NA,NA,NA,NA,"P5"
"2294","Iowa","fbs","Big Ten",2021,4431035,"Gavin Williams",1,1,13,1,-0.55533731389046,-0.55533731389046,-0.55533731389046,0,0,0,0,0,1,0,0,0,0,0,0,0,1,0,0,NA,NA,NA,NA,NA,NA,NA,NA,NA,NA,NA,NA,"P5"
"2294","Iowa","fbs","Big Ten",2021,4686889,"Tory Taylor",1,1,13,1,-2.66858900793044,-2.66858900793044,-2.66858900793044,3,3,3,0,1,1,1,0,0,0,0,0,0,1,3,3,NA,NA,NA,NA,NA,NA,NA,NA,NA,NA,NA,NA,"P5"
"23","San José State","fbs","Mountain West",2021,4035225,"Nick Starkel",216,6,10,36,2.60492433126323,0.0120598348669594,0.434154055210538,1325,6.13425925925926,220.833333333333,0.388888888888889,112,216,0.518518518518518,5,0,0,0,0.460069444444444,0.25094696969697,216,1325,6.13425925925926,120,119,119,107,125,107,116,66,107,116,81,83,"G5"
"23","San José State","fbs","Mountain West",2021,4570242,"Nick Nash",100,8,10,12.5,20.3856981166878,0.203856981166878,2.54821226458598,724,7.24,90.5,0.38,53,100,0.53,6,0,0,0,0.193928571428571,0.0969642857142857,100,724,7.24,NA,NA,NA,NA,NA,NA,NA,NA,NA,NA,NA,NA,"G5"
"23","San José State","fbs","Mountain West",2021,4687005,"Natano Woods",4,1,10,4,-2.06204969465137,-0.515512423662842,-2.06204969465137,-4,-1,-4,0,2,4,0.5,0,0,0,0,0,0,4,-4,-1,NA,NA,NA,NA,NA,NA,NA,NA,NA,NA,NA,NA,"G5"
"23","San José State","fbs","Mountain West",2021,4694149,"Walker Eget",8,1,10,8,-5.20507536715412,-0.650634420894265,-5.20507536715412,8,1,8,0.125,1,8,0.125,0,0,0,0,0,0,8,8,1,NA,NA,NA,NA,NA,NA,NA,NA,NA,NA,NA,NA,"G5"
"2305","Kansas","fbs","Big 12",2021,4360331,"Miles Kendrick",17,4,11,4.25,9.94824267143196,0.585190745378351,2.48706066785799,106,6.23529411764706,26.5,0.529411764705882,12,17,0.705882352941177,2,0,0,0,0.0441666666666667,0.0220833333333333,17,106,6.23529411764706,NA,NA,NA,NA,NA,NA,NA,NA,NA,NA,NA,NA,"P5"
"2305","Kansas","fbs","Big 12",2021,4360900,"Jason Bean",151,8,11,18.875,17.0859728762215,0.113152138253123,2.13574660952769,1107,7.33112582781457,138.375,0.390728476821192,86,151,0.56953642384106,4,0,0,0,0.27675,0.1153125,151,1107,7.33112582781457,NA,NA,NA,NA,NA,NA,NA,NA,NA,NA,NA,NA,"P5"
"2305","Kansas","fbs","Big 12",2021,4570250,"Trevor Wilson",1,1,11,1,-0.990388227095445,-0.990388227095445,-0.990388227095445,0,0,0,0,0,1,0,0,0,0,0,0,0,1,0,0,NA,NA,NA,NA,NA,NA,NA,NA,NA,NA,NA,NA,"P5"
"2305","Kansas","fbs","Big 12",2021,4596472,"Jalon Daniels",111,6,11,18.5,40.1062134522155,0.361317238308247,6.68436890870258,862,7.76576576576577,143.666666666667,0.477477477477477,79,111,0.711711711711712,7,0,0,0,0.314270833333333,0.193397435897436,111,862,7.76576576576577,NA,NA,NA,NA,NA,NA,NA,NA,NA,NA,NA,NA,"P5"
"2306","Kansas State","fbs","Big 12",2021,4036419,"Skylar John Thompson",177,7,10,25.2857142857143,65.6750874832161,0.371045691995571,9.38215535474516,1506,8.50847457627119,215.142857142857,0.468926553672316,124,177,0.700564971751412,8,0,0,0,0.478095238095238,0.286857142857143,177,1506,8.50847457627119,74,48,32,54,11,96,31,69,96,31,73,72,"P5"
"2306","Kansas State","fbs","Big 12",2021,4427797,"Jaren Lewis",21,2,10,10.5,2.65675067649942,0.126511936976163,1.32837533824971,156,7.42857142857143,78,0.428571428571429,12,21,0.571428571428571,1,0,0,0,0.0975,0.065,21,156,7.42857142857143,NA,NA,NA,NA,NA,NA,NA,NA,NA,NA,NA,NA,"P5"
"2306","Kansas State","fbs","Big 12",2021,4429955,"Will Howard",35,3,10,11.6666666666667,-0.381609257466784,-0.0109031216419081,-0.127203085822261,244,6.97142857142857,81.3333333333333,0.514285714285714,20,35,0.571428571428571,1,0,0,0,0.101666666666667,0.0508333333333333,35,244,6.97142857142857,NA,NA,NA,NA,NA,NA,NA,NA,NA,NA,NA,NA,"P5"
"2309","Kent State","fbs","Mid-American",2021,4240408,"Nykeim Johnson",4,1,12,4,18.0003299513366,4.50008248783416,18.0003299513366,68,17,68,1,4,4,1,4,0,0,0,0.136,0.136,4,68,17,NA,NA,NA,NA,NA,NA,NA,NA,NA,NA,NA,NA,"G5"
"2309","Kent State","fbs","Mid-American",2021,4244068,"Dustin Crum",382,12,12,31.8333333333333,125.819340965541,0.329370002527594,10.4849450804617,3198,8.3717277486911,266.5,0.526178010471204,254,382,0.664921465968586,17,0,0,0,0.629236111111111,0.390560344827586,382,3198,8.3717277486911,21,35,49,14,33,18,37,29,18,37,27,34,"G5"
"2309","Kent State","fbs","Mid-American",2021,4428439,"Collin Schlee",21,5,12,4.2,7.70994749937094,0.367140357112902,1.54198949987419,150,7.14285714285714,30,0.523809523809524,14,21,0.666666666666667,1,0,0,0,0.0375,0.0125,21,150,7.14285714285714,NA,NA,NA,NA,NA,NA,NA,NA,NA,NA,NA,NA,"G5"
"2335","Liberty","fbs","FBS Independents",2021,4242512,"Malik Willis",258,10,10,25.8,86.2936802205054,0.334471628761649,8.62936802205054,2008,7.78294573643411,200.8,0.468992248062016,159,258,0.616279069767442,20,0,0,0,0.478095238095238,0.334666666666667,258,2008,7.78294573643411,50,59,46,53,77,72,65,83,72,65,72,52,"G5"
"2335","Liberty","fbs","FBS Independents",2021,4246920,"DJ Stubbs",1,1,10,1,2.97328341995014,2.97328341995014,2.97328341995014,44,44,44,1,1,1,1,0,0,0,0,0,0,1,44,44,NA,NA,NA,NA,NA,NA,NA,NA,NA,NA,NA,NA,"G5"
"2335","Liberty","fbs","FBS Independents",2021,4365503,"Kevin Shaa",1,1,10,1,3.46133699135718,3.46133699135718,3.46133699135718,27,27,27,1,1,1,1,1,0,0,0,0.03375,0.03375,1,27,27,NA,NA,NA,NA,NA,NA,NA,NA,NA,NA,NA,NA,"G5"
"2335","Liberty","fbs","FBS Independents",2021,4426687,"Johnathan Bennett",18,4,10,4.5,-9.51245838559876,-0.528469910311042,-2.37811459639969,23,1.27777777777778,5.75,0.111111111111111,5,18,0.277777777777778,0,0,0,0,0,0,18,23,1.27777777777778,NA,NA,NA,NA,NA,NA,NA,NA,NA,NA,NA,NA,"G5"
"2335","Liberty","fbs","FBS Independents",2021,4432803,"Kaidon Salter",2,1,10,2,3.06225699574397,1.53112849787199,3.06225699574397,39,19.5,39,0.5,1,2,0.5,1,0,0,0,0.04875,0.04875,2,39,19.5,NA,NA,NA,NA,NA,NA,NA,NA,NA,NA,NA,NA,"G5"
"2335","Liberty","fbs","FBS Independents",2021,4602968,"Nate Hampton",4,1,10,4,1.44190434651137,0.360476086627843,1.44190434651137,63,15.75,63,0.25,1,4,0.25,1,0,0,0,0.07875,0.07875,4,63,15.75,NA,NA,NA,NA,NA,NA,NA,NA,NA,NA,NA,NA,"G5"
"2348","Louisiana Tech","fbs","Conference USA",2021,4036436,"Marcus Williams Jr.",4,1,10,4,9.06339670773522,2.2658491769338,9.06339670773522,24,6,24,1,4,4,1,4,0,0,0,0.048,0.048,4,24,6,NA,NA,NA,NA,NA,NA,NA,NA,NA,NA,NA,NA,"G5"
"2348","Louisiana Tech","fbs","Conference USA",2021,4037642,"Austin Kendall",213,6,10,35.5,69.0479113486472,0.324168597880973,11.5079852247745,1821,8.54929577464789,303.5,0.474178403755869,138,213,0.647887323943662,11,0,0,0,0.695520833333333,0.490955882352941,213,1821,8.54929577464789,69,28,50,47,47,83,27,16,83,27,20,19,"G5"
"2348","Louisiana Tech","fbs","Conference USA",2021,4384187,"Aaron Allen",69,6,10,11.5,19.8716091790828,0.287994335928736,3.31193486318047,606,8.78260869565217,101,0.521739130434783,50,69,0.72463768115942,2,0,0,0,0.168333333333333,0.063125,69,606,8.78260869565217,NA,NA,NA,NA,NA,NA,NA,NA,NA,NA,NA,NA,"G5"
"2348","Louisiana Tech","fbs","Conference USA",2021,4384211,"Tahj Magee",1,1,10,1,1.31052042134495,1.31052042134495,1.31052042134495,33,33,33,1,1,1,1,0,0,0,0,0,0,1,33,33,NA,NA,NA,NA,NA,NA,NA,NA,NA,NA,NA,NA,"G5"
"235","Memphis","fbs","American Athletic",2021,4243389,"Calvin Austin III",2,1,11,2,6.23367918329454,3.11683959164727,6.23367918329454,46,23,46,1,2,2,1,2,0,0,0,0.0766666666666667,0.0766666666666667,2,46,23,NA,NA,NA,NA,NA,NA,NA,NA,NA,NA,NA,NA,"G5"
"235","Memphis","fbs","American Athletic",2021,4427244,"Peter Parrish",45,1,11,45,-5.70133270371985,-0.126696282304886,-5.70133270371985,215,4.77777777777778,215,0.444444444444444,31,45,0.688888888888889,0,0,0,0,0,0,45,215,4.77777777777778,NA,NA,NA,NA,NA,NA,NA,NA,NA,NA,NA,NA,"G5"
"235","Memphis","fbs","American Athletic",2021,4567505,"Gabriel Rogers",1,1,11,1,0.780843185357958,0.780843185357958,0.780843185357958,8,8,8,1,1,1,1,0,0,0,0,0,0,1,8,8,NA,NA,NA,NA,NA,NA,NA,NA,NA,NA,NA,NA,"G5"
"235","Memphis","fbs","American Athletic",2021,4567507,"Rodrigues Clark",1,1,11,1,5.39415422193852,5.39415422193852,5.39415422193852,40,40,40,1,1,1,1,1,0,0,0,0.05,0.05,1,40,40,NA,NA,NA,NA,NA,NA,NA,NA,NA,NA,NA,NA,"G5"
"235","Memphis","fbs","American Athletic",2021,4606194,"Seth Henigan",348,10,11,34.8,149.072848666663,0.428370254789262,14.9072848666663,2973,8.54310344827586,297.3,0.448275862068966,210,348,0.603448275862069,22,0,0,0,0.710934782608696,0.510984375,348,2973,8.54310344827586,17,14,19,77,84.5,24,29,18,24,29,16,16,"G5"
"238","Vanderbilt","fbs","SEC",2021,4362794,"Cam Johnson",1,1,11,1,2.16424288267691,2.16424288267691,2.16424288267691,25,25,25,1,1,1,1,0,0,0,0,0,0,1,25,25,NA,NA,NA,NA,NA,NA,NA,NA,NA,NA,NA,NA,"P5"
"238","Vanderbilt","fbs","SEC",2021,4363640,"Jeremy Moussa",8,1,11,8,-1.26620411753145,-0.158275514691431,-1.26620411753145,24,3,24,0.375,5,8,0.625,0,0,0,0,0,0,8,24,3,NA,NA,NA,NA,NA,NA,NA,NA,NA,NA,NA,NA,"P5"
"238","Vanderbilt","fbs","SEC",2021,4431375,"Ken Seals",181,7,11,25.8571428571429,8.24635309419273,0.0455599618463687,1.17805044202753,984,5.43646408839779,140.571428571429,0.353591160220994,106,181,0.585635359116022,5,0,0,0,0.292857142857143,0.146428571428571,181,984,5.43646408839779,116,115,115,124,101,120,123,119,120,123,117,111,"P5"
"238","Vanderbilt","fbs","SEC",2021,4433932,"Mike Wright",160,9,11,17.7777777777778,30.4595633991819,0.190372271244887,3.38439593324244,1025,6.40625,113.888888888889,0.3625,89,160,0.55625,8,0,0,0,0.253086419753086,0.133986928104575,160,1025,6.40625,106,105,94,122,117,119,108,124,119,108,121,115,"P5"
"239","Baylor","fbs","Big 12",2021,4360482,"Dillon Doyle",1,1,11,1,1.11462862368401,1.11462862368401,1.11462862368401,2,2,2,1,1,1,1,1,0,0,0,0.0025,0.0025,1,2,2,NA,NA,NA,NA,NA,NA,NA,NA,NA,NA,NA,NA,"P5"
"239","Baylor","fbs","Big 12",2021,4362915,"Gerry Bohannon",208,9,11,23.1111111111111,68.8103866385399,0.330819166531442,7.64559851539332,1841,8.85096153846154,204.555555555556,0.485576923076923,136,208,0.653846153846154,11,0,0,0,0.468773148148148,0.281263888888889,208,1841,8.85096153846154,70,66,48,39,42.5,80,19,79,80,19,77,74,"P5"
"239","Baylor","fbs","Big 12",2021,4362921,"Tyquan Thornton",1,1,11,1,2.11325079859571,2.11325079859571,2.11325079859571,7,7,7,1,1,1,1,1,0,0,0,0.00875,0.00875,1,7,7,NA,NA,NA,NA,NA,NA,NA,NA,NA,NA,NA,NA,"P5"
"239","Baylor","fbs","Big 12",2021,4426417,"Jacob Zeno",1,1,11,1,-0.721732189661452,-0.721732189661452,-0.721732189661452,0,0,0,0,0,1,0,0,0,0,0,0,0,1,0,0,NA,NA,NA,NA,NA,NA,NA,NA,NA,NA,NA,NA,"P5"
"239","Baylor","fbs","Big 12",2021,4565315,"Blake Shapen",86,4,11,21.5,23.3513198192581,0.271526974642536,5.83782995481451,591,6.87209302325581,147.75,0.465116279069767,61,86,0.709302325581395,5,0,0,0,0.3078125,0.205208333333333,86,591,6.87209302325581,NA,NA,NA,NA,NA,NA,NA,NA,NA,NA,NA,NA,"P5"
"2390","Miami","fbs","ACC",2021,4039300,"D'Eriq King",119,3,11,39.6666666666667,27.2228421568378,0.228763379469225,9.07428071894594,766,6.43697478991597,255.333333333333,0.470588235294118,81,119,0.680672268907563,3,0,0,0,0.47875,0.319166666666667,119,766,6.43697478991597,NA,NA,NA,NA,NA,NA,NA,NA,NA,NA,NA,NA,"P5"
"2390","Miami","fbs","ACC",2021,4373230,"Ryan Rizk",2,1,11,2,-0.0983288473301891,-0.0491644236650945,-0.0983288473301891,9,4.5,9,0.5,1,2,0.5,0,0,0,0,0,0,2,9,4.5,NA,NA,NA,NA,NA,NA,NA,NA,NA,NA,NA,NA,"P5"
"2390","Miami","fbs","ACC",2021,4685186,"Tyler Van Dyke",295,9,11,32.7777777777778,104.654451040817,0.354760850985819,11.6282723378685,2487,8.43050847457627,276.333333333333,0.450847457627119,181,295,0.613559322033898,16,0,0,0,0.650196078431373,0.442133333333333,295,2487,8.43050847457627,39,27,38,73,78,37,32,25,37,32,25,23,"P5"
"2393","Middle Tennessee","fbs","Conference USA",2021,4240025,"Bailey Hockman",42,2,9,21,-0.285625135903916,-0.00680059847390277,-0.142812567951958,252,6,126,0.380952380952381,24,42,0.571428571428571,1,0,0,0,0.1575,0.105,42,252,6,NA,NA,NA,NA,NA,NA,NA,NA,NA,NA,NA,NA,"G5"
"2393","Middle Tennessee","fbs","Conference USA",2021,4291782,"Chase Cunningham",159,6,9,26.5,54.4004408202236,0.342141137234111,9.06674013670394,1255,7.89308176100629,209.166666666667,0.421383647798742,101,159,0.635220125786163,15,0,0,0,0.490234375,0.373511904761905,159,1255,7.89308176100629,80,51,41,95,62,109,61,75,109,61,68,39,"G5"
"2393","Middle Tennessee","fbs","Conference USA",2021,4570497,"Jarrin Pierce",1,1,9,1,3.34285802272249,3.34285802272249,3.34285802272249,13,13,13,1,1,1,1,1,0,0,0,0.01625,0.01625,1,13,13,NA,NA,NA,NA,NA,NA,NA,NA,NA,NA,NA,NA,"G5"
"2393","Middle Tennessee","fbs","Conference USA",2021,4682518,"Nick Vattiato",108,3,9,36,1.46505307963268,0.0135653062928952,0.488351026544227,633,5.86111111111111,211,0.398148148148148,74,108,0.685185185185185,5,0,0,0,0.439583333333333,0.3296875,108,633,5.86111111111111,NA,NA,NA,NA,NA,NA,NA,NA,NA,NA,NA,NA,"G5"
"24","Stanford","fbs","Pac-12",2021,4239964,"Isaiah Sanders",6,2,12,3,4.18337337428082,0.69722889571347,2.09168668714041,46,7.66666666666667,23,0.333333333333333,3,6,0.5,0,0,0,0,0,0,6,46,7.66666666666667,NA,NA,NA,NA,NA,NA,NA,NA,NA,NA,NA,NA,"P5"
"24","Stanford","fbs","Pac-12",2021,4360738,"Jack West",28,2,12,14,2.77528532929569,0.0991173331891317,1.38764266464784,151,5.39285714285714,75.5,0.464285714285714,20,28,0.714285714285714,0,0,0,0,0,0,28,151,5.39285714285714,NA,NA,NA,NA,NA,NA,NA,NA,NA,NA,NA,NA,"P5"
"24","Stanford","fbs","Pac-12",2021,4360741,"Dylan Plautz",4,1,12,4,0.818705320890773,0.204676330222693,0.818705320890773,26,6.5,26,0.5,2,4,0.5,0,0,0,0,0,0,4,26,6.5,NA,NA,NA,NA,NA,NA,NA,NA,NA,NA,NA,NA,"P5"
"24","Stanford","fbs","Pac-12",2021,4426844,"Elijah Higgins",1,1,12,1,1.50583989020575,1.50583989020575,1.50583989020575,6,6,6,1,1,1,1,1,0,0,0,0.0075,0.0075,1,6,6,NA,NA,NA,NA,NA,NA,NA,NA,NA,NA,NA,NA,"P5"
"24","Stanford","fbs","Pac-12",2021,4592531,"Ari Patu",15,2,12,7.5,-1.10403264305074,-0.0736021762033828,-0.552016321525371,54,3.6,27,0.333333333333333,8,15,0.533333333333333,1,0,0,0,0.03375,0.0225,15,54,3.6,NA,NA,NA,NA,NA,NA,NA,NA,NA,NA,NA,NA,"P5"
"24","Stanford","fbs","Pac-12",2021,4685201,"Tanner McKee",306,10,12,30.6,74.1432773774164,0.24229829208306,7.41432773774164,2335,7.63071895424837,233.5,0.450980392156863,204,306,0.666666666666667,11,0,0,0,0.535104166666667,0.30577380952381,306,2335,7.63071895424837,63,70,82,72,32,47,74,50,47,74,52,65,"P5"
"242","Rice","fbs","Conference USA",2021,136429,"Cedric Patterson III",2,1,9,2,5.83267547368012,2.91633773684006,5.83267547368012,25,12.5,25,1,2,2,1,2,0,0,0,0.0416666666666667,0.0416666666666667,2,25,12.5,NA,NA,NA,NA,NA,NA,NA,NA,NA,NA,NA,NA,"G5"
"242","Rice","fbs","Conference USA",2021,4048232,"Jake Constantine",129,6,9,21.5,50.0236995360431,0.387780616558474,8.33728325600718,968,7.50387596899225,161.333333333333,0.441860465116279,79,129,0.612403100775194,6,0,0,0,0.345714285714286,0.201666666666667,129,968,7.50387596899225,86,62,26,81,80,122,78,108,122,78,105,99,"G5"
"242","Rice","fbs","Conference USA",2021,4362528,"Wiley Green",31,3,9,10.3333333333333,23.7860927501371,0.76729331452055,7.92869758337902,262,8.45161290322581,87.3333333333333,0.645161290322581,24,31,0.774193548387097,3,0,0,0,0.16375,0.109166666666667,31,262,8.45161290322581,NA,NA,NA,NA,NA,NA,NA,NA,NA,NA,NA,NA,"G5"
"242","Rice","fbs","Conference USA",2021,4426948,"Luke McCaffrey",44,5,9,8.8,-8.45847494363728,-0.192238066900847,-1.69169498872746,200,4.54545454545455,40,0.340909090909091,23,44,0.522727272727273,1,0,0,0,0.05,0.0166666666666667,44,200,4.54545454545455,NA,NA,NA,NA,NA,NA,NA,NA,NA,NA,NA,NA,"G5"
"2426","Navy","fbs","American Athletic",2021,4371863,"Chance Warren",1,1,12,1,5.44613837867978,5.44613837867978,5.44613837867978,16,16,16,1,1,1,1,0,0,0,0,0,0,1,16,16,NA,NA,NA,NA,NA,NA,NA,NA,NA,NA,NA,NA,"G5"
"2426","Navy","fbs","American Athletic",2021,4568526,"Maasai Maynor",13,3,12,4.33333333333333,1.53030314545247,0.117715626573267,0.510101048484156,74,5.69230769230769,24.6666666666667,0.384615384615385,6,13,0.461538461538462,0,0,0,0,0,0,13,74,5.69230769230769,NA,NA,NA,NA,NA,NA,NA,NA,NA,NA,NA,NA,"G5"
"2426","Navy","fbs","American Athletic",2021,4686164,"Tai Lavatai",58,10,12,5.8,10.2503958964782,0.176730963732384,1.02503958964782,438,7.55172413793103,43.8,0.379310344827586,33,58,0.568965517241379,5,0,0,0,0.09125,0.0365,58,438,7.55172413793103,NA,NA,NA,NA,NA,NA,NA,NA,NA,NA,NA,NA,"G5"
"2426","Navy","fbs","American Athletic",2021,4686167,"Xavier Arline",18,6,12,3,1.54554404722718,0.0858635581792879,0.257590674537864,142,7.88888888888889,23.6666666666667,0.333333333333333,7,18,0.388888888888889,1,0,0,0,0.0295833333333333,0.00845238095238095,18,142,7.88888888888889,NA,NA,NA,NA,NA,NA,NA,NA,NA,NA,NA,NA,"G5"
"2429","Charlotte","fbs","Conference USA",2021,4259269,"Chris Reynolds",305,10,11,30.5,117.022582876338,0.38368059959455,11.7022582876338,2424,7.94754098360656,242.4,0.501639344262295,197,305,0.645901639344262,19,0,0,0,0.5757,0.397034482758621,305,2424,7.94754098360656,28,26,29,31,48,43,59,44,43,59,39,30,"G5"
"2429","Charlotte","fbs","Conference USA",2021,4259275,"Calvin Camp",1,1,11,1,4.05220436605589,4.05220436605589,4.05220436605589,53,53,53,1,1,1,1,1,0,0,0,0.06625,0.06625,1,53,53,NA,NA,NA,NA,NA,NA,NA,NA,NA,NA,NA,NA,"G5"
"2429","Charlotte","fbs","Conference USA",2021,4372517,"James Foster",49,4,11,12.25,-7.12129696260352,-0.145332591073541,-1.78032424065088,291,5.93877551020408,72.75,0.408163265306122,27,49,0.551020408163265,1,0,0,0,0.0909375,0.036375,49,291,5.93877551020408,NA,NA,NA,NA,NA,NA,NA,NA,NA,NA,NA,NA,"G5"
"2429","Charlotte","fbs","Conference USA",2021,4572267,"Elijah Spencer",1,1,11,1,3.02790080676279,3.02790080676279,3.02790080676279,8,8,8,1,1,1,1,1,0,0,0,0.01,0.01,1,8,8,NA,NA,NA,NA,NA,NA,NA,NA,NA,NA,NA,NA,"G5"
"2429","Charlotte","fbs","Conference USA",2021,4879650,"Grant DuBose",1,1,11,1,3.4880985936676,3.4880985936676,3.4880985936676,9,9,9,1,1,1,1,1,0,0,0,0.01125,0.01125,1,9,9,NA,NA,NA,NA,NA,NA,NA,NA,NA,NA,NA,NA,"G5"
"2433","UL Monroe","fbs","Sun Belt",2021,4035711,"Jared Sparks",1,1,11,1,-3.60731710693027,-3.60731710693027,-3.60731710693027,0,0,0,0,0,1,0,0,0,0,0,0,0,1,0,0,NA,NA,NA,NA,NA,NA,NA,NA,NA,NA,NA,NA,"G5"
"2433","UL Monroe","fbs","Sun Belt",2021,4245679,"Rhett Rodriguez",105,5,11,21,16.0946437721528,0.153282321639551,3.21892875443056,649,6.18095238095238,129.8,0.352380952380952,54,105,0.514285714285714,4,0,0,0,0.2596,0.144222222222222,105,649,6.18095238095238,NA,NA,NA,NA,NA,NA,NA,NA,NA,NA,NA,NA,"G5"
"2433","UL Monroe","fbs","Sun Belt",2021,4365325,"Colby Suits",12,2,11,6,-1.73613820342756,-0.144678183618963,-0.868069101713778,54,4.5,27,0.416666666666667,8,12,0.666666666666667,0,0,0,0,0,0,12,54,4.5,NA,NA,NA,NA,NA,NA,NA,NA,NA,NA,NA,NA,"G5"
"2433","UL Monroe","fbs","Sun Belt",2021,4588483,"Devyn McCormick",1,1,11,1,-2.56096102813694,-2.56096102813694,-2.56096102813694,0,0,0,0,0,1,0,0,0,0,0,0,0,1,0,0,NA,NA,NA,NA,NA,NA,NA,NA,NA,NA,NA,NA,"G5"
"2433","UL Monroe","fbs","Sun Belt",2021,4887223,"Chandler Rogers",171,11,11,15.5454545454545,45.8309767305417,0.268017407780946,4.16645243004925,1232,7.2046783625731,112,0.39766081871345,109,171,0.637426900584795,9,0,0,0,0.252,0.126,171,1232,7.2046783625731,92,100,69,103,56,112,93,126,112,93,122,117,"G5"
"2433","UL Monroe","fbs","Sun Belt",2021,4895117,"Jiya Wright",18,3,11,6,22.9678919147713,1.27599399526507,7.65596397159044,164,9.11111111111111,54.6666666666667,0.555555555555556,10,18,0.555555555555556,2,0,0,0,0.0911111111111111,0.0546666666666667,18,164,9.11111111111111,NA,NA,NA,NA,NA,NA,NA,NA,NA,NA,NA,NA,"G5"
"2439","UNLV","fbs","Mountain West",2021,4241992,"Tate Martell",6,1,10,6,4.51965551398673,0.753275918997789,4.51965551398673,27,4.5,27,0.333333333333333,2,6,0.333333333333333,0,0,0,0,0,0,6,27,4.5,NA,NA,NA,NA,NA,NA,NA,NA,NA,NA,NA,NA,"G5"
"2439","UNLV","fbs","Mountain West",2021,4362431,"Justin Rogers",45,4,10,11.25,25.371920398021,0.563820453289355,6.34298009950525,452,10.0444444444444,113,0.422222222222222,26,45,0.577777777777778,3,0,0,0,0.211875,0.121071428571429,45,452,10.0444444444444,NA,NA,NA,NA,NA,NA,NA,NA,NA,NA,NA,NA,"G5"
"2439","UNLV","fbs","Mountain West",2021,4429516,"Doug Brumfield",27,2,10,13.5,5.63924072299315,0.208860767518265,2.81962036149658,203,7.51851851851852,101.5,0.333333333333333,12,27,0.444444444444444,2,0,0,0,0.169166666666667,0.126875,27,203,7.51851851851852,NA,NA,NA,NA,NA,NA,NA,NA,NA,NA,NA,NA,"G5"
"2439","UNLV","fbs","Mountain West",2021,4570183,"Marcus Phillips Jr.",1,1,10,1,3.65944315458708,3.65944315458708,3.65944315458708,15,15,15,1,1,1,1,1,0,0,0,0.01875,0.01875,1,15,15,NA,NA,NA,NA,NA,NA,NA,NA,NA,NA,NA,NA,"G5"
"2439","UNLV","fbs","Mountain West",2021,4683451,"Cameron Friel",184,8,10,23,32.2475079217417,0.175258195226857,4.03093849021771,1356,7.3695652173913,169.5,0.380434782608696,115,184,0.625,4,0,0,0,0.339,0.14125,184,1356,7.3695652173913,103,101,96,116,67.5,104,85,105,104,85,107,112,"G5"
"2440","Nevada","fbs","Mountain West",2021,4262162,"Nate Cox",17,2,11,8.5,-4.5896065371666,-0.269976855127447,-2.2948032685833,104,6.11764705882353,52,0.176470588235294,11,17,0.647058823529412,0,0,0,0,0,0,17,104,6.11764705882353,NA,NA,NA,NA,NA,NA,NA,NA,NA,NA,NA,NA,"G5"
"2440","Nevada","fbs","Mountain West",2021,4361430,"Devonte Lee",1,1,11,1,-0.836645557835046,-0.836645557835046,-0.836645557835046,0,0,0,0,0,1,0,0,0,0,0,0,0,1,0,0,NA,NA,NA,NA,NA,NA,NA,NA,NA,NA,NA,NA,"G5"
"2440","Nevada","fbs","Mountain West",2021,4361435,"Carson Strong",470,11,11,42.7272727272727,157.834474344468,0.335818030520144,14.3485885767698,3776,8.03404255319149,343.272727272727,0.476595744680851,328,470,0.697872340425532,31,0,0,0,0.831363636363636,0.633419913419913,470,3776,8.03404255319149,14,16,45,44,12,8,56,8,8,56,8,7,"G5"
"2440","Nevada","fbs","Mountain West",2021,4432733,"Clay Millen",2,1,11,2,-1.67088158979376,-0.83544079489688,-1.67088158979376,2,1,2,0,1,2,0.5,0,0,0,0,0,0,2,2,1,NA,NA,NA,NA,NA,NA,NA,NA,NA,NA,NA,NA,"G5"
"2440","Nevada","fbs","Mountain West",2021,4597703,"Tory Horton",1,1,11,1,2.98208589462353,2.98208589462353,2.98208589462353,44,44,44,1,1,1,1,0,0,0,0,0,0,1,44,44,NA,NA,NA,NA,NA,NA,NA,NA,NA,NA,NA,NA,"G5"
"245","Texas A&M","fbs","SEC",2021,4372522,"Jalen Preston",2,1,11,2,7.62229592487959,3.8111479624398,7.62229592487959,47,23.5,47,1,2,2,1,2,0,0,0,0.0783333333333333,0.0783333333333333,2,47,23.5,NA,NA,NA,NA,NA,NA,NA,NA,NA,NA,NA,NA,"P5"
"245","Texas A&M","fbs","SEC",2021,4426847,"Zach Calzada",298,10,11,29.8,6.16207236650823,0.0206780951896249,0.616207236650823,1861,6.24496644295302,186.1,0.426174496644295,167,298,0.560402684563758,8,0,0,0,0.413555555555556,0.206777777777778,298,1861,6.24496644295302,117,118,118,91,116,79,112,97,79,112,94,97,"P5"
"245","Texas A&M","fbs","SEC",2021,4428952,"Jalen Wydermyer",1,1,11,1,2.68254388980016,2.68254388980016,2.68254388980016,11,11,11,1,1,1,1,1,0,0,0,0.01375,0.01375,1,11,11,NA,NA,NA,NA,NA,NA,NA,NA,NA,NA,NA,NA,"P5"
"245","Texas A&M","fbs","SEC",2021,4428993,"Haynes King",31,2,11,15.5,15.4968305283377,0.499897758978635,7.74841526416884,300,9.67741935483871,150,0.548387096774194,22,31,0.709677419354839,2,0,0,0,0.25,0.1875,31,300,9.67741935483871,NA,NA,NA,NA,NA,NA,NA,NA,NA,NA,NA,NA,"P5"
"245","Texas A&M","fbs","SEC",2021,4428995,"Demond Demas",1,1,11,1,5.10891035320352,5.10891035320352,5.10891035320352,70,70,70,1,1,1,1,1,0,0,0,0.0875,0.0875,1,70,70,NA,NA,NA,NA,NA,NA,NA,NA,NA,NA,NA,NA,"P5"
"245","Texas A&M","fbs","SEC",2021,4429160,"Devon Achane",1,1,11,1,3.22178506084588,3.22178506084588,3.22178506084588,26,26,26,1,1,1,1,1,0,0,0,0.0325,0.0325,1,26,26,NA,NA,NA,NA,NA,NA,NA,NA,NA,NA,NA,NA,"P5"
"245","Texas A&M","fbs","SEC",2021,4685144,"Moose Muhammad III",2,2,11,1,5.48461134702564,2.74230567351282,2.74230567351282,20,10,10,1,2,2,1,2,0,0,0,0.0166666666666667,0.0125,2,20,10,NA,NA,NA,NA,NA,NA,NA,NA,NA,NA,NA,NA,"P5"
"245","Texas A&M","fbs","SEC",2021,4879614,"Blake Bost",2,1,11,2,-1.99966178898154,-0.999830894490769,-1.99966178898154,0,0,0,0,0,2,0,0,0,0,0,0,0,2,0,0,NA,NA,NA,NA,NA,NA,NA,NA,NA,NA,NA,NA,"P5"
"2459","Northern Illinois","fbs","Mid-American",2021,4031140,"Clint Ratkovich",1,1,12,1,2.80762994628792,2.80762994628792,2.80762994628792,3,3,3,1,1,1,1,0,0,0,0,0,0,1,3,3,NA,NA,NA,NA,NA,NA,NA,NA,NA,NA,NA,NA,"G5"
"2459","Northern Illinois","fbs","Mid-American",2021,4241965,"Rocky Lombardi",276,11,12,25.0909090909091,79.9516865399195,0.289680023695361,7.26833513999269,2127,7.70652173913043,193.363636363636,0.438405797101449,160,276,0.579710144927536,10,0,0,0,0.439462809917355,0.230194805194805,276,2127,7.70652173913043,57,71,59,84,110,63,69,90,63,69,86,90,"G5"
"2459","Northern Illinois","fbs","Mid-American",2021,4258577,"Cole Tucker",1,1,12,1,5.63054611721103,5.63054611721103,5.63054611721103,9,9,9,1,1,1,1,1,0,0,0,0.01125,0.01125,1,9,9,NA,NA,NA,NA,NA,NA,NA,NA,NA,NA,NA,NA,"G5"
"2459","Northern Illinois","fbs","Mid-American",2021,4433906,"Trayvon Rudolph",1,1,12,1,1.96240140338628,1.96240140338628,1.96240140338628,20,20,20,1,1,1,1,1,0,0,0,0.025,0.025,1,20,20,NA,NA,NA,NA,NA,NA,NA,NA,NA,NA,NA,NA,"G5"
"2459","Northern Illinois","fbs","Mid-American",2021,4618083,"Ethan Hampton",10,1,12,10,-4.49127258089722,-0.449127258089722,-4.49127258089722,31,3.1,31,0.2,4,10,0.4,0,0,0,0,0,0,10,31,3.1,NA,NA,NA,NA,NA,NA,NA,NA,NA,NA,NA,NA,"G5"
"2459","Northern Illinois","fbs","Mid-American",2021,4686817,"Drew Cassens",1,1,12,1,-2.56459428492764,-2.56459428492764,-2.56459428492764,0,0,0,0,0,1,0,0,0,0,0,0,0,1,0,0,NA,NA,NA,NA,NA,NA,NA,NA,NA,NA,NA,NA,"G5"
"248","Houston","fbs","American Athletic",2021,4360175,"Clayton Tune",405,12,12,33.75,224.631383773255,0.554645392032728,18.7192819811046,3716,9.17530864197531,309.666666666667,0.54320987654321,290,405,0.716049382716049,40,0,0,0,0.755284552845528,0.595512820512821,405,3716,9.17530864197531,4,7,4,7,9,9,12,12,9,12,12,9,"G5"
"248","Houston","fbs","American Athletic",2021,4360176,"Ike Ogbogu",14,4,12,3.5,-1.73972692422441,-0.124266208873172,-0.434931731056101,65,4.64285714285714,16.25,0.5,7,14,0.5,0,0,0,0,0,0,14,65,4.64285714285714,NA,NA,NA,NA,NA,NA,NA,NA,NA,NA,NA,NA,"G5"
"2483","Oregon","fbs","Pac-12",2021,4035312,"Anthony Brown",361,12,12,30.0833333333333,85.8129322883942,0.237708953707463,7.15107769069952,2687,7.44321329639889,223.916666666667,0.462603878116344,231,361,0.6398891966759,8,0,0,0,0.497592592592593,0.223916666666667,361,2687,7.44321329639889,51,72,84,62,54,32,82,61,32,82,67,93,"P5"
"2483","Oregon","fbs","Pac-12",2021,4360691,"Travis Dye",1,1,12,1,2.12518449672632,2.12518449672632,2.12518449672632,10,10,10,1,1,1,1,1,0,0,0,0.0125,0.0125,1,10,10,NA,NA,NA,NA,NA,NA,NA,NA,NA,NA,NA,NA,"P5"
"2483","Oregon","fbs","Pac-12",2021,4374298,"Devon Williams",8,4,12,2,30.1226274254623,3.76532842818279,7.53065685636559,284,35.5,71,1,8,8,1,8,0,0,0,0.157777777777778,0.118333333333333,8,284,35.5,NA,NA,NA,NA,NA,NA,NA,NA,NA,NA,NA,NA,"P5"
"2483","Oregon","fbs","Pac-12",2021,4429967,"Kris Hutson",1,1,12,1,1.47700270628593,1.47700270628593,1.47700270628593,7,7,7,1,1,1,1,1,0,0,0,0.00875,0.00875,1,7,7,NA,NA,NA,NA,NA,NA,NA,NA,NA,NA,NA,NA,"P5"
"2483","Oregon","fbs","Pac-12",2021,4431280,"Troy Franklin",1,1,12,1,3.67787599264171,3.67787599264171,3.67787599264171,28,28,28,1,1,1,1,1,0,0,0,0.035,0.035,1,28,28,NA,NA,NA,NA,NA,NA,NA,NA,NA,NA,NA,NA,"P5"
"2483","Oregon","fbs","Pac-12",2021,4432774,"Ty Thompson",5,2,12,2.5,-3.20850623179766,-0.641701246359532,-1.60425311589883,5,1,2.5,0.2,1,5,0.2,0,0,0,0,0,0,5,5,1,NA,NA,NA,NA,NA,NA,NA,NA,NA,NA,NA,NA,"P5"
"249","North Texas","fbs","Conference USA",2021,4039082,"Jason Pirtle",1,1,10,1,1.9617272272458,1.9617272272458,1.9617272272458,6,6,6,1,1,1,1,1,0,0,0,0.0075,0.0075,1,6,6,NA,NA,NA,NA,NA,NA,NA,NA,NA,NA,NA,NA,"G5"
"249","North Texas","fbs","Conference USA",2021,4360163,"Austin Aune",236,10,10,23.6,13.6791974530455,0.0579627010722267,1.36791974530455,1468,6.22033898305085,146.8,0.36864406779661,125,236,0.529661016949153,5,0,0,0,0.305833333333333,0.122333333333333,236,1468,6.22033898305085,114,114,114,121,123,99,114,118,99,114,115,120,"G5"
"249","North Texas","fbs","Conference USA",2021,4361575,"Jace Ruder",71,4,10,17.75,-5.40132819141927,-0.0760750449495671,-1.35033204785482,422,5.94366197183099,105.5,0.380281690140845,40,71,0.563380281690141,1,0,0,0,0.131875,0.05275,71,422,5.94366197183099,NA,NA,NA,NA,NA,NA,NA,NA,NA,NA,NA,NA,"G5"
"249","North Texas","fbs","Conference USA",2021,4428784,"Damon Ward Jr.",1,1,10,1,5.33408799956721,5.33408799956721,5.33408799956721,8,8,8,1,1,1,1,1,0,0,0,0.01,0.01,1,8,8,NA,NA,NA,NA,NA,NA,NA,NA,NA,NA,NA,NA,"G5"
"249","North Texas","fbs","Conference USA",2021,4430984,"Detraveon Brown",1,1,10,1,4.41424416636521,4.41424416636521,4.41424416636521,3,3,3,1,1,1,1,1,0,0,0,0.00375,0.00375,1,3,3,NA,NA,NA,NA,NA,NA,NA,NA,NA,NA,NA,NA,"G5"
"25","California","fbs","Pac-12",2021,4046519,"Kekoa Crawford",1,1,10,1,1.57810886845615,1.57810886845615,1.57810886845615,34,34,34,1,1,1,1,0,0,0,0,0,0,1,34,34,NA,NA,NA,NA,NA,NA,NA,NA,NA,NA,NA,NA,"P5"
"25","California","fbs","Pac-12",2021,4242408,"Chase Garbers",279,9,10,31,40.4255982273029,0.144894617302161,4.49173313636699,2037,7.3010752688172,226.333333333333,0.415770609318996,176,279,0.630824372759857,12,0,0,0,0.522307692307692,0.323333333333333,279,2037,7.3010752688172,99,99,105,97,63,71,90,58,71,90,58,58,"P5"
"25","California","fbs","Pac-12",2021,4248250,"Ryan Glover",28,1,10,28,-11.1605048829733,-0.39858946010619,-11.1605048829733,92,3.28571428571429,92,0.178571428571429,10,28,0.357142857142857,0,0,0,0,0,0,28,92,3.28571428571429,NA,NA,NA,NA,NA,NA,NA,NA,NA,NA,NA,NA,"P5"
"25","California","fbs","Pac-12",2021,4259147,"Jake Tonges",1,1,10,1,1.96434709129422,1.96434709129422,1.96434709129422,9,9,9,1,1,1,1,1,0,0,0,0.01125,0.01125,1,9,9,NA,NA,NA,NA,NA,NA,NA,NA,NA,NA,NA,NA,"P5"
"25","California","fbs","Pac-12",2021,4372716,"Nikko Remigio",1,1,10,1,-0.130742659318051,-0.130742659318051,-0.130742659318051,4,4,4,0,1,1,1,0,0,0,0,0,0,1,4,4,NA,NA,NA,NA,NA,NA,NA,NA,NA,NA,NA,NA,"P5"
"25","California","fbs","Pac-12",2021,4372717,"Marcel Dancy",1,1,10,1,-1.54816819864596,-1.54816819864596,-1.54816819864596,0,0,0,0,0,1,0,0,0,0,0,0,0,1,0,0,NA,NA,NA,NA,NA,NA,NA,NA,NA,NA,NA,NA,"P5"
"2509","Purdue","fbs","Big Ten",2021,4242974,"Austin Burton",7,3,12,2.33333333333333,0.418007924202453,0.0597154177432075,0.139335974734151,44,6.28571428571429,14.6666666666667,0.571428571428571,5,7,0.714285714285714,0,0,0,0,0,0,7,44,6.28571428571429,NA,NA,NA,NA,NA,NA,NA,NA,NA,NA,NA,NA,"P5"
"2509","Purdue","fbs","Big Ten",2021,4260394,"Aidan O'Connell",374,11,12,34,158.607379341022,0.424083901981341,14.4188526673656,3099,8.28609625668449,281.727272727273,0.53475935828877,281,374,0.751336898395722,21,0,0,0,0.672303719008264,0.462208806818182,374,3099,8.28609625668449,13,15,21,11,2,20,43,22,20,43,21,22,"P5"
"2509","Purdue","fbs","Big Ten",2021,4361493,"Jack Plummer",133,7,12,19,26.052178474628,0.195881041162617,3.72173978208972,873,6.56390977443609,124.714285714286,0.451127819548872,90,133,0.676691729323308,7,0,0,0,0.2728125,0.155892857142857,133,873,6.56390977443609,NA,NA,NA,NA,NA,NA,NA,NA,NA,NA,NA,NA,"P5"
"251","Texas","fbs","Big 12",2021,4362073,"Casey Thompson",568,12,12,47.3333333333333,338.514701722502,0.595976587539616,28.2095584768752,5338,9.39788732394366,444.833333333333,0.52112676056338,380,568,0.669014084507042,76,0,0,0,1.09764069264069,0.960435606060606,568,5338,9.39788732394366,2,2,3,18,30,3,7,3,3,7,3,3,"P5"
"251","Texas","fbs","Big 12",2021,4426386,"Roschon Johnson",1,1,12,1,-0.339658007272102,-0.339658007272102,-0.339658007272102,2,2,2,0,1,1,1,0,0,0,0,0,0,1,2,2,NA,NA,NA,NA,NA,NA,NA,NA,NA,NA,NA,NA,"P5"
"251","Texas","fbs","Big 12",2021,4429032,"Hudson Card",80,6,12,13.3333333333333,41.33705160261,0.516713145032625,6.889508600435,596,7.45,99.3333333333333,0.45,51,80,0.6375,4,0,0,0,0.198666666666667,0.0993333333333333,80,596,7.45,NA,NA,NA,NA,NA,NA,NA,NA,NA,NA,NA,NA,"P5"
"251","Texas","fbs","Big 12",2021,4430807,"Bijan Robinson",4,1,12,4,8.90623646114619,2.22655911528655,8.90623646114619,52,13,52,1,4,4,1,4,0,0,0,0.104,0.104,4,52,13,NA,NA,NA,NA,NA,NA,NA,NA,NA,NA,NA,NA,"P5"
"251","Texas","fbs","Big 12",2021,4569382,"Jordan Whittington",4,1,12,4,10.6555864921834,2.66389662304586,10.6555864921834,128,32,128,1,4,4,1,4,0,0,0,0.256,0.256,4,128,32,NA,NA,NA,NA,NA,NA,NA,NA,NA,NA,NA,NA,"P5"
"251","Texas","fbs","Big 12",2021,4683062,"Xavier Worthy",1,1,12,1,2.58547888938971,2.58547888938971,2.58547888938971,4,4,4,1,1,1,1,1,0,0,0,0.005,0.005,1,4,4,NA,NA,NA,NA,NA,NA,NA,NA,NA,NA,NA,NA,"P5"
"252","BYU","fbs","FBS Independents",2021,4242377,"Neil Pau'u",2,2,10,1,0.217407543958862,0.108703771979431,0.108703771979431,13,6.5,6.5,0.5,2,2,1,0,0,0,0,0,0,2,13,6.5,NA,NA,NA,NA,NA,NA,NA,NA,NA,NA,NA,NA,"G5"
"252","BYU","fbs","FBS Independents",2021,4361254,"Baylor Romney",26,2,10,13,15.5948708763576,0.599802726013756,7.79743543817882,308,11.8461538461538,154,0.692307692307692,21,26,0.807692307692308,4,0,0,0,0.308,0.256666666666667,26,308,11.8461538461538,NA,NA,NA,NA,NA,NA,NA,NA,NA,NA,NA,NA,"G5"
"252","BYU","fbs","FBS Independents",2021,4373632,"Jaren Hall",264,9,10,29.3333333333333,87.7736258539468,0.332475855507374,9.75262509488298,2269,8.59469696969697,252.111111111111,0.473484848484849,168,264,0.636363636363636,15,0,0,0,0.590885416666667,0.393923611111111,264,2269,8.59469696969697,49,40,47,50,59,52,26,35,52,26,34,31,"G5"
"252","BYU","fbs","FBS Independents",2021,4426515,"Puka Nacua",1,1,10,1,5.04791962721388,5.04791962721388,5.04791962721388,16,16,16,1,1,1,1,1,0,0,0,0.02,0.02,1,16,16,NA,NA,NA,NA,NA,NA,NA,NA,NA,NA,NA,NA,"G5"
"254","Utah","fbs","Pac-12",2021,3926231,"Britain Covey",2,2,12,1,5.17823591004045,2.58911795502022,2.58911795502022,15,7.5,7.5,1,2,2,1,2,0,0,0,0.0125,0.009375,2,15,7.5,NA,NA,NA,NA,NA,NA,NA,NA,NA,NA,NA,NA,"P5"
"254","Utah","fbs","Pac-12",2021,4035818,"Theo Howard",1,1,12,1,3.64265356940817,3.64265356940817,3.64265356940817,4,4,4,1,1,1,1,1,0,0,0,0.005,0.005,1,4,4,NA,NA,NA,NA,NA,NA,NA,NA,NA,NA,NA,NA,"P5"
"254","Utah","fbs","Pac-12",2021,4241222,"Charlie Brewer",49,2,12,24.5,-7.2834070111337,-0.148640959410892,-3.64170350556685,249,5.08163265306122,124.5,0.36734693877551,28,49,0.571428571428571,1,0,0,0,0.155625,0.10375,49,249,5.08163265306122,NA,NA,NA,NA,NA,NA,NA,NA,NA,NA,NA,NA,"P5"
"254","Utah","fbs","Pac-12",2021,4362075,"Cameron Rising",284,11,12,25.8181818181818,64.5094528699652,0.227145960809737,5.86449571545138,2188,7.70422535211268,198.909090909091,0.5,181,284,0.637323943661972,12,0,0,0,0.459020979020979,0.259446640316206,284,2188,7.70422535211268,75,88,87,32,57,57,71,85,57,71,83,81,"P5"
"254","Utah","fbs","Pac-12",2021,4385690,"Dalton Kincaid",1,1,12,1,4.2979189786434,4.2979189786434,4.2979189786434,11,11,11,1,1,1,1,1,0,0,0,0.01375,0.01375,1,11,11,NA,NA,NA,NA,NA,NA,NA,NA,NA,NA,NA,NA,"P5"
"2567","SMU","fbs","American Athletic",2021,4241888,"Reggie Roberson Jr.",2,2,11,1,9.6178977351426,4.8089488675713,4.8089488675713,57,28.5,28.5,1,2,2,1,2,0,0,0,0.0475,0.035625,2,57,28.5,NA,NA,NA,NA,NA,NA,NA,NA,NA,NA,NA,NA,"G5"
"2567","SMU","fbs","American Athletic",2021,4360271,"Tanner Mordecai",396,11,11,36,136.145516132068,0.343801808414313,12.3768651029153,3061,7.72979797979798,278.272727272727,0.46969696969697,268,396,0.676767676767677,27,0,0,0,0.670836038961039,0.49430023923445,396,3061,7.72979797979798,19,22,40,52,26,21,68,24,21,68,22,18,"G5"
"2567","SMU","fbs","American Athletic",2021,4428331,"Rashee Rice",1,1,11,1,2.80982572273497,2.80982572273497,2.80982572273497,3,3,3,1,1,1,1,1,0,0,0,0.00375,0.00375,1,3,3,NA,NA,NA,NA,NA,NA,NA,NA,NA,NA,NA,NA,"G5"
"2567","SMU","fbs","American Athletic",2021,4429981,"Jordan Kerley",1,1,11,1,2.86125029730465,2.86125029730465,2.86125029730465,26,26,26,1,1,1,1,1,0,0,0,0.0325,0.0325,1,26,26,NA,NA,NA,NA,NA,NA,NA,NA,NA,NA,NA,NA,"G5"
"2567","SMU","fbs","American Athletic",2021,4432767,"Preston Stone",7,3,11,2.33333333333333,-0.724588323192041,-0.103512617598863,-0.241529441064014,24,3.42857142857143,8,0.285714285714286,3,7,0.428571428571429,0,0,0,0,0,0,7,24,3.42857142857143,NA,NA,NA,NA,NA,NA,NA,NA,NA,NA,NA,NA,"G5"
"2572","Southern Miss","fbs","Conference USA",2021,4428904,"Antavious Willis",7,2,9,3.5,3.87108627779226,0.553012325398895,1.93554313889613,60,8.57142857142857,30,0.714285714285714,6,7,0.857142857142857,0,0,0,0,0,0,7,60,8.57142857142857,NA,NA,NA,NA,NA,NA,NA,NA,NA,NA,NA,NA,"G5"
"2572","Southern Miss","fbs","Conference USA",2021,4429805,"Frank Gore Jr.",8,2,9,4,5.74953132934381,0.718691416167977,2.87476566467191,114,14.25,57,0.5,6,8,0.75,2,0,0,0,0.095,0.07125,8,114,14.25,NA,NA,NA,NA,NA,NA,NA,NA,NA,NA,NA,NA,"G5"
"2572","Southern Miss","fbs","Conference USA",2021,4431418,"Ty Keyes",50,3,9,16.6666666666667,14.1352199452019,0.282704398904038,4.71173998173397,305,6.1,101.666666666667,0.36,29,50,0.58,2,0,0,0,0.169444444444444,0.101666666666667,50,305,6.1,NA,NA,NA,NA,NA,NA,NA,NA,NA,NA,NA,NA,"G5"
"2572","Southern Miss","fbs","Conference USA",2021,4432627,"Tee Webb",4,1,9,4,-3.16964265251665,-0.792410663129163,-3.16964265251665,5,1.25,5,0,2,4,0.5,0,0,0,0,0,0,4,5,1.25,NA,NA,NA,NA,NA,NA,NA,NA,NA,NA,NA,NA,"G5"
"2572","Southern Miss","fbs","Conference USA",2021,4596336,"Chandler Pittman",1,1,9,1,-0.196670970505562,-0.196670970505562,-0.196670970505562,9,9,9,0,1,1,1,0,0,0,0,0,0,1,9,9,NA,NA,NA,NA,NA,NA,NA,NA,NA,NA,NA,NA,"G5"
"2572","Southern Miss","fbs","Conference USA",2021,4689988,"Jason Brownlee",1,1,9,1,3.21857347475258,3.21857347475258,3.21857347475258,17,17,17,1,1,1,1,1,0,0,0,0.02125,0.02125,1,17,17,NA,NA,NA,NA,NA,NA,NA,NA,NA,NA,NA,NA,"G5"
"2572","Southern Miss","fbs","Conference USA",2021,4689993,"Jake Lange",128,5,9,25.6,19.3557188084216,0.151216553190793,3.87114376168431,823,6.4296875,164.6,0.40625,77,128,0.6015625,3,0,0,0,0.308625,0.1543125,128,823,6.4296875,111,103,103,100,89,126,107,106,126,107,114,108,"G5"
"2579","South Carolina","fbs","SEC",2021,4035525,"Zeb Noland",68,5,11,13.6,-8.37357619490451,-0.123140826395655,-1.6747152389809,477,7.01470588235294,95.4,0.279411764705882,37,68,0.544117647058823,2,0,0,0,0.159,0.0681428571428572,68,477,7.01470588235294,NA,NA,NA,NA,NA,NA,NA,NA,NA,NA,NA,NA,"P5"
"2579","South Carolina","fbs","SEC",2021,4248558,"Jason Brown",94,6,11,15.6666666666667,23.3985125189499,0.248920345946276,3.89975208649166,652,6.93617021276596,108.666666666667,0.393617021276596,53,94,0.563829787234043,5,0,0,0,0.226388888888889,0.123484848484848,94,652,6.93617021276596,NA,NA,NA,NA,NA,NA,NA,NA,NA,NA,NA,NA,"P5"
"2579","South Carolina","fbs","SEC",2021,4362852,"Dakereon Joyner",1,1,11,1,-0.760481746447192,-0.760481746447192,-0.760481746447192,0,0,0,0,0,1,0,0,0,0,0,0,0,1,0,0,NA,NA,NA,NA,NA,NA,NA,NA,NA,NA,NA,NA,"P5"
"2579","South Carolina","fbs","SEC",2021,4362862,"Josh Vann",2,2,11,1,3.415274542487,1.7076372712435,1.7076372712435,13,6.5,6.5,1,2,2,1,1,0,0,0,0.008125,0.00541666666666667,2,13,6.5,NA,NA,NA,NA,NA,NA,NA,NA,NA,NA,NA,NA,"P5"
"2579","South Carolina","fbs","SEC",2021,4429079,"Luke Doty",138,5,11,27.6,18.746489955262,0.135844130110595,3.74929799105241,977,7.07971014492754,195.4,0.434782608695652,85,138,0.615942028985507,5,0,0,0,0.407083333333333,0.24425,138,977,7.07971014492754,NA,NA,NA,NA,NA,NA,NA,NA,NA,NA,NA,NA,"P5"
"2579","South Carolina","fbs","SEC",2021,4430078,"Trai Jones",1,1,11,1,2.66267070161311,2.66267070161311,2.66267070161311,3,3,3,1,1,1,1,1,0,0,0,0.00375,0.00375,1,3,3,NA,NA,NA,NA,NA,NA,NA,NA,NA,NA,NA,NA,"P5"
"2579","South Carolina","fbs","SEC",2021,4570033,"Kai Kroeger",1,1,11,1,9.00263043595091,9.00263043595091,9.00263043595091,44,44,44,1,1,1,1,1,0,0,0,0.055,0.055,1,44,44,NA,NA,NA,NA,NA,NA,NA,NA,NA,NA,NA,NA,"P5"
"258","Virginia","fbs","ACC",2021,4242243,"Keytaon Thompson",4,3,11,1.33333333333333,-2.78953357389357,-0.697383393473392,-0.92984452463119,1,0.25,0.333333333333333,0,1,4,0.25,0,0,0,0,0,0,4,1,0.25,NA,NA,NA,NA,NA,NA,NA,NA,NA,NA,NA,NA,"P5"
"258","Virginia","fbs","ACC",2021,4370775,"Brennan Armstrong",457,10,11,45.7,195.946104476984,0.428766092947449,19.5946104476984,4038,8.83588621444201,403.8,0.549234135667396,300,457,0.656455142231947,28,0,0,0,0.974689655172414,0.743842105263158,457,4038,8.83588621444201,8,5,18,5,40,5,21,5,5,21,5,5,"P5"
"258","Virginia","fbs","ACC",2021,4428850,"Dontayvion Wicks",3,3,11,1,-0.699195549820865,-0.233065183273622,-0.233065183273622,18,6,6,0.333333333333333,1,3,0.333333333333333,0,0,0,0,0,0,3,18,6,NA,NA,NA,NA,NA,NA,NA,NA,NA,NA,NA,NA,"P5"
"258","Virginia","fbs","ACC",2021,4605835,"Jay Woolfolk",39,4,11,9.75,5.51704505376977,0.141462693686404,1.37926126344244,245,6.28205128205128,61.25,0.461538461538462,22,39,0.564102564102564,0,0,0,0,0,0,39,245,6.28205128205128,NA,NA,NA,NA,NA,NA,NA,NA,NA,NA,NA,NA,"P5"
"259","Virginia Tech","fbs","ACC",2021,4240901,"Connor Blumrick",32,3,11,10.6666666666667,-5.53113201966743,-0.172847875614607,-1.84371067322248,90,2.8125,30,0.25,14,32,0.4375,4,0,0,0,0.06,0.0428571428571429,32,90,2.8125,NA,NA,NA,NA,NA,NA,NA,NA,NA,NA,NA,NA,"P5"
"259","Virginia Tech","fbs","ACC",2021,4242490,"Braxton Burmeister",221,11,11,20.0909090909091,42.3170919887986,0.191480054247957,3.84700836261805,1652,7.47511312217195,150.181818181818,0.411764705882353,121,221,0.547511312217195,11,0,0,0,0.344166666666667,0.187727272727273,221,1652,7.47511312217195,97,104,93,99,119,91,79,115,91,79,106,102,"P5"
"259","Virginia Tech","fbs","ACC",2021,4361960,"Tre Turner",1,1,11,1,7.35446193473628,7.35446193473628,7.35446193473628,69,69,69,1,1,1,1,1,0,0,0,0.08625,0.08625,1,69,69,NA,NA,NA,NA,NA,NA,NA,NA,NA,NA,NA,NA,"P5"
"259","Virginia Tech","fbs","ACC",2021,4428367,"Tayvion Robinson",2,2,11,1,6.32274613143852,3.16137306571926,3.16137306571926,7,3.5,3.5,1,2,2,1,2,0,0,0,0.00583333333333333,0.004375,2,7,3.5,NA,NA,NA,NA,NA,NA,NA,NA,NA,NA,NA,NA,"P5"
"259","Virginia Tech","fbs","ACC",2021,4429950,"Knox Kadum",23,3,11,7.66666666666667,-4.69487391785114,-0.20412495295005,-1.56495797261705,151,6.56521739130435,50.3333333333333,0.347826086956522,12,23,0.521739130434783,0,0,0,0,0,0,23,151,6.56521739130435,NA,NA,NA,NA,NA,NA,NA,NA,NA,NA,NA,NA,"P5"
"259","Virginia Tech","fbs","ACC",2021,4680024,"Da'Wain Lofton",4,1,11,4,10.024520919751,2.50613022993775,10.024520919751,16,4,16,1,4,4,1,4,0,0,0,0.032,0.032,4,16,4,NA,NA,NA,NA,NA,NA,NA,NA,NA,NA,NA,NA,"P5"
"26","UCLA","fbs","Pac-12",2021,4367178,"Dorian Thompson-Robinson",277,11,12,25.1818181818182,106.43972305158,0.384258927984042,9.67633845923453,2330,8.4115523465704,211.818181818182,0.505415162454874,173,277,0.624548736462094,21,0,0,0,0.50547520661157,0.347514204545455,277,2330,8.4115523465704,37,44,28,26,69,48.5,35,72.5,48.5,35,64.5,47.5,"P5"
"26","UCLA","fbs","Pac-12",2021,4429068,"Ethan Garbers",49,3,12,16.3333333333333,12.0296359529388,0.245502774549771,4.00987865097959,305,6.22448979591837,101.666666666667,0.36734693877551,31,49,0.63265306122449,2,0,0,0,0.169444444444444,0.101666666666667,49,305,6.22448979591837,NA,NA,NA,NA,NA,NA,NA,NA,NA,NA,NA,NA,"P5"
"2628","TCU","fbs","Big 12",2021,4034860,"JD Spielman",1,1,10,1,3.36676754723039,3.36676754723039,3.36676754723039,11,11,11,1,1,1,1,1,0,0,0,0.01375,0.01375,1,11,11,NA,NA,NA,NA,NA,NA,NA,NA,NA,NA,NA,NA,"P5"
"2628","TCU","fbs","Big 12",2021,4362430,"Taye Barber",1,1,10,1,0.300145689434572,0.300145689434572,0.300145689434572,7,7,7,1,1,1,1,0,0,0,0,0,0,1,7,7,NA,NA,NA,NA,NA,NA,NA,NA,NA,NA,NA,NA,"P5"
"2628","TCU","fbs","Big 12",2021,4427105,"Max Duggan",186,8,10,23.25,85.7796854613502,0.461181104630915,10.7224606826688,1666,8.95698924731183,208.25,0.451612903225806,119,186,0.639784946236559,12,0,0,0,0.480576923076923,0.312375,186,1666,8.95698924731183,52,34,12,71,55,89,17,76,89,17,69,63,"P5"
"2628","TCU","fbs","Big 12",2021,4429025,"Quentin Johnston",3,1,10,3,15.8524292338973,5.28414307796578,15.8524292338973,120,40,120,1,3,3,1,3,0,0,0,0.225,0.225,3,120,40,NA,NA,NA,NA,NA,NA,NA,NA,NA,NA,NA,NA,"P5"
"2628","TCU","fbs","Big 12",2021,4692530,"Chandler Morris",62,2,10,31,25.4567005888899,0.410591944982096,12.728350294445,564,9.09677419354839,282,0.483870967741935,39,62,0.629032258064516,2,0,0,0,0.47,0.3525,62,564,9.09677419354839,NA,NA,NA,NA,NA,NA,NA,NA,NA,NA,NA,NA,"P5"
"2633","Tennessee","fbs","SEC",2021,4240858,"Hendon Hooker",293,11,11,26.6363636363636,202.43793674623,0.690914459884743,18.4034487951118,3179,10.8498293515358,289,0.57679180887372,214,293,0.73037542662116,35,0,0,0,0.702430555555556,0.549728260869565,293,3179,10.8498293515358,5,8,2,2,6,19,2,20,19,2,18,13,"P5"
"2633","Tennessee","fbs","SEC",2021,4242442,"Princeton Fant",1,1,11,1,-1.17258514260516,-1.17258514260516,-1.17258514260516,0,0,0,0,0,1,0,0,0,0,0,0,0,1,0,0,NA,NA,NA,NA,NA,NA,NA,NA,NA,NA,NA,NA,"P5"
"2633","Tennessee","fbs","SEC",2021,4360698,"Joe Milton",69,6,11,11.5,5.21691065000527,0.0756074007247141,0.869485108334212,428,6.20289855072464,71.3333333333333,0.318840579710145,36,69,0.521739130434783,2,0,0,0,0.118888888888889,0.0445833333333333,69,428,6.20289855072464,NA,NA,NA,NA,NA,NA,NA,NA,NA,NA,NA,NA,"P5"
"2633","Tennessee","fbs","SEC",2021,4369863,"Cedric Tillman",1,1,11,1,2.75542004749601,2.75542004749601,2.75542004749601,24,24,24,1,1,1,1,1,0,0,0,0.03,0.03,1,24,24,NA,NA,NA,NA,NA,NA,NA,NA,NA,NA,NA,NA,"P5"
"2633","Tennessee","fbs","SEC",2021,4369864,"Jacob Warren",1,1,11,1,1.93324524604602,1.93324524604602,1.93324524604602,8,8,8,1,1,1,1,1,0,0,0,0.01,0.01,1,8,8,NA,NA,NA,NA,NA,NA,NA,NA,NA,NA,NA,NA,"P5"
"2633","Tennessee","fbs","SEC",2021,4429804,"Jimmy Calloway",1,1,11,1,4.91816608683841,4.91816608683841,4.91816608683841,44,44,44,1,1,1,1,1,0,0,0,0.055,0.055,1,44,44,NA,NA,NA,NA,NA,NA,NA,NA,NA,NA,NA,NA,"P5"
"2633","Tennessee","fbs","SEC",2021,4697122,"Gaston Moore",2,1,11,2,-1.13306422224716,-0.566532111123581,-1.13306422224716,6,3,6,0,2,2,1,0,0,0,0,0,0,2,6,3,NA,NA,NA,NA,NA,NA,NA,NA,NA,NA,NA,NA,"P5"
"2636","UTSA","fbs","Conference USA",2021,4241635,"Josh Adkins",18,3,12,6,-5.42842619758679,-0.301579233199266,-1.8094753991956,56,3.11111111111111,18.6666666666667,0.222222222222222,6,18,0.333333333333333,0,0,0,0,0,0,18,56,3.11111111111111,NA,NA,NA,NA,NA,NA,NA,NA,NA,NA,NA,NA,"G5"
"2636","UTSA","fbs","Conference USA",2021,4245186,"Frank Harris",334,12,12,27.8333333333333,134.455581535312,0.402561621363211,11.2046317946094,2778,8.31736526946108,231.5,0.517964071856287,227,334,0.679640718562874,25,0,0,0,0.556490384615385,0.391047297297297,334,2778,8.31736526946108,20,29,24,20,23,28,41,55,28,41,45,33,"G5"
"2636","UTSA","fbs","Conference USA",2021,4362985,"Brenden Brady",3,3,12,1,1.76174973489746,0.587249911632485,0.587249911632485,32,10.6666666666667,10.6666666666667,0.666666666666667,2,3,0.666666666666667,0,0,0,0,0,0,3,32,10.6666666666667,NA,NA,NA,NA,NA,NA,NA,NA,NA,NA,NA,NA,"G5"
"2636","UTSA","fbs","Conference USA",2021,4426893,"Joshua Cephus",2,2,12,1,6.36893736396967,3.18446868198484,3.18446868198484,33,16.5,16.5,1,2,2,1,1,0,0,0,0.020625,0.01375,2,33,16.5,NA,NA,NA,NA,NA,NA,NA,NA,NA,NA,NA,NA,"G5"
"2636","UTSA","fbs","Conference USA",2021,4683012,"Eddie Lee Marburger",3,1,12,3,6.89773116936388,2.29924372312129,6.89773116936388,74,24.6666666666667,74,0.666666666666667,2,3,0.666666666666667,1,0,0,0,0.0925,0.0925,3,74,24.6666666666667,NA,NA,NA,NA,NA,NA,NA,NA,NA,NA,NA,NA,"G5"
"2638","UTEP","fbs","Conference USA",2021,4362033,"Calvin Brownholtz",5,2,9,2.5,-2.55775606844437,-0.511551213688874,-1.27887803422219,9,1.8,4.5,0.2,1,5,0.2,0,0,0,0,0,0,5,9,1.8,NA,NA,NA,NA,NA,NA,NA,NA,NA,NA,NA,NA,"G5"
"2638","UTEP","fbs","Conference USA",2021,4362052,"Trent Thompson",1,1,9,1,4.74694556348677,4.74694556348677,4.74694556348677,23,23,23,1,1,1,1,1,0,0,0,0.02875,0.02875,1,23,23,NA,NA,NA,NA,NA,NA,NA,NA,NA,NA,NA,NA,"G5"
"2638","UTEP","fbs","Conference USA",2021,4575665,"Jacob Cowing",2,2,9,1,10.4885136478361,5.24425682391803,5.24425682391803,78,39,39,1,2,2,1,2,0,0,0,0.065,0.04875,2,78,39,NA,NA,NA,NA,NA,NA,NA,NA,NA,NA,NA,NA,"G5"
"2638","UTEP","fbs","Conference USA",2021,4575668,"Gavin Hardison",238,9,9,26.4444444444444,108.27398346208,0.454932703622185,12.0304426068978,2176,9.14285714285714,241.777777777778,0.453781512605042,139,238,0.584033613445378,8,0,0,0,0.537283950617284,0.284444444444444,238,2176,9.14285714285714,31,24,15,68,106,59,14,45,59,14,50,73,"G5"
"264","Washington","fbs","Pac-12",2021,4034857,"Patrick O'Brien",3,1,11,3,-3.19824810195548,-1.06608270065183,-3.19824810195548,1,0.333333333333333,1,0,1,3,0.333333333333333,0,0,0,0,0,0,3,1,0.333333333333333,NA,NA,NA,NA,NA,NA,NA,NA,NA,NA,NA,NA,"P5"
"264","Washington","fbs","Pac-12",2021,4430834,"Jalen McMillan",1,1,11,1,-0.55584393694537,-0.55584393694537,-0.55584393694537,0,0,0,0,0,1,0,0,0,0,0,0,0,1,0,0,NA,NA,NA,NA,NA,NA,NA,NA,NA,NA,NA,NA,"P5"
"264","Washington","fbs","Pac-12",2021,4567748,"Sam Huard",37,4,11,9.25,4.84155232961482,0.130852765665266,1.21038808240371,238,6.43243243243243,59.5,0.351351351351351,21,37,0.567567567567568,1,0,0,0,0.074375,0.02975,37,238,6.43243243243243,NA,NA,NA,NA,NA,NA,NA,NA,NA,NA,NA,NA,"P5"
"264","Washington","fbs","Pac-12",2021,4569598,"Dylan Morris",306,10,11,30.6,84.3624177168164,0.275694175545152,8.43624177168164,2222,7.26143790849673,222.2,0.467320261437909,190,306,0.620915032679739,14,0,0,0,0.518466666666667,0.324041666666667,306,2222,7.26143790849673,54,61,64,56,71,55,91,64,55,91,60,56,"P5"
"2641","Texas Tech","fbs","Big 12",2021,4259219,"Henry Colombi",143,7,11,20.4285714285714,64.552332858805,0.451414915096538,9.22176183697214,1279,8.94405594405594,182.714285714286,0.510489510489511,94,143,0.657342657342657,5,0,0,0,0.380654761904762,0.190327380952381,143,1279,8.94405594405594,NA,NA,NA,NA,NA,NA,NA,NA,NA,NA,NA,NA,"P5"
"2641","Texas Tech","fbs","Big 12",2021,4360689,"Tyler Shough",67,3,11,22.3333333333333,36.9901660522042,0.552092030629913,12.3300553507347,645,9.62686567164179,215,0.582089552238806,50,67,0.746268656716418,3,0,0,0,0.403125,0.26875,67,645,9.62686567164179,NA,NA,NA,NA,NA,NA,NA,NA,NA,NA,NA,NA,"P5"
"2641","Texas Tech","fbs","Big 12",2021,4427267,"Kaylon Geiger",1,1,11,1,-1.06703264216931,-1.06703264216931,-1.06703264216931,0,0,0,0,0,1,0,0,0,0,0,0,0,1,0,0,NA,NA,NA,NA,NA,NA,NA,NA,NA,NA,NA,NA,"P5"
"2641","Texas Tech","fbs","Big 12",2021,4429422,"Trey Cleveland",1,1,11,1,4.53669753840653,4.53669753840653,4.53669753840653,28,28,28,1,1,1,1,1,0,0,0,0.035,0.035,1,28,28,NA,NA,NA,NA,NA,NA,NA,NA,NA,NA,NA,NA,"P5"
"2641","Texas Tech","fbs","Big 12",2021,4431465,"Behren Morton",3,1,11,3,-3.13392763201027,-1.04464254400342,-3.13392763201027,0,0,0,0,1,3,0.333333333333333,0,0,0,0,0,0,3,0,0,NA,NA,NA,NA,NA,NA,NA,NA,NA,NA,NA,NA,"P5"
"2641","Texas Tech","fbs","Big 12",2021,4432555,"J.J. Sparkman",1,1,11,1,6.28331566892805,6.28331566892805,6.28331566892805,17,17,17,1,1,1,1,1,0,0,0,0.02125,0.02125,1,17,17,NA,NA,NA,NA,NA,NA,NA,NA,NA,NA,NA,NA,"P5"
"2641","Texas Tech","fbs","Big 12",2021,4592572,"Mason Tharp",1,1,11,1,2.13352043223123,2.13352043223123,2.13352043223123,25,25,25,1,1,1,1,1,0,0,0,0.03125,0.03125,1,25,25,NA,NA,NA,NA,NA,NA,NA,NA,NA,NA,NA,NA,"P5"
"2641","Texas Tech","fbs","Big 12",2021,4690977,"Donovan Smith",105,5,11,21,24.7196205955997,0.23542495805333,4.94392411911994,913,8.69523809523809,182.6,0.447619047619048,67,105,0.638095238095238,5,0,0,0,0.380416666666667,0.22825,105,913,8.69523809523809,NA,NA,NA,NA,NA,NA,NA,NA,NA,NA,NA,NA,"P5"
"2649","Toledo","fbs","Mid-American",2021,4247942,"Isaiah Winstead",1,1,11,1,2.78199756988641,2.78199756988641,2.78199756988641,22,22,22,1,1,1,1,1,0,0,0,0.0275,0.0275,1,22,22,NA,NA,NA,NA,NA,NA,NA,NA,NA,NA,NA,NA,"G5"
"2649","Toledo","fbs","Mid-American",2021,4362260,"Carter Bradley",115,7,11,16.4285714285714,-18.718377661648,-0.162768501405635,-2.674053951664,770,6.69565217391304,110,0.339130434782609,67,115,0.582608695652174,2,0,0,0,0.183333333333333,0.0611111111111111,115,770,6.69565217391304,NA,NA,NA,NA,NA,NA,NA,NA,NA,NA,NA,NA,"G5"
"2649","Toledo","fbs","Mid-American",2021,4427191,"Dequan Finn",205,11,11,18.6363636363636,54.1588522565193,0.264189523202533,4.92353202331993,1792,8.74146341463415,162.909090909091,0.448780487804878,121,205,0.590243902439024,15,0,0,0,0.381818181818182,0.234965034965035,205,1792,8.74146341463415,81,96,72,76,98,86,23,107,86,23,100,89,"G5"
"2649","Toledo","fbs","Mid-American",2021,4429801,"Tucker Gleason",8,2,11,4,1.57018503281645,0.196273129102056,0.785092516408223,54,6.75,27,0.5,4,8,0.5,0,0,0,0,0,0,8,54,6.75,NA,NA,NA,NA,NA,NA,NA,NA,NA,NA,NA,NA,"G5"
"265","Washington State","fbs","Pac-12",2021,4035167,"Jarrett Guarantano",41,2,11,20.5,8.65564050479147,0.211113183043694,4.32782025239574,259,6.31707317073171,129.5,0.51219512195122,28,41,0.682926829268293,1,0,0,0,0.161875,0.107916666666667,41,259,6.31707317073171,NA,NA,NA,NA,NA,NA,NA,NA,NA,NA,NA,NA,"P5"
"265","Washington State","fbs","Pac-12",2021,4361141,"Cammon Cooper",6,2,11,3,2.61665141386088,0.436108568976813,1.30832570693044,44,7.33333333333333,22,0.5,4,6,0.666666666666667,0,0,0,0,0,0,6,44,7.33333333333333,NA,NA,NA,NA,NA,NA,NA,NA,NA,NA,NA,NA,"P5"
"265","Washington State","fbs","Pac-12",2021,4428753,"Lincoln Victor",1,1,11,1,-0.692896733927062,-0.692896733927062,-0.692896733927062,0,0,0,0,0,1,0,0,0,0,0,0,0,1,0,0,NA,NA,NA,NA,NA,NA,NA,NA,NA,NA,NA,NA,"P5"
"265","Washington State","fbs","Pac-12",2021,4697623,"Jayden de Laura",291,10,11,29.1,70.1132067334673,0.240938854754183,7.01132067334673,2290,7.86941580756014,229,0.463917525773196,189,291,0.649484536082474,14,0,0,0,0.534333333333333,0.333958333333333,291,2290,7.86941580756014,68,76,83,60,46,50,62,56,50,62,53,53,"P5"
"265","Washington State","fbs","Pac-12",2021,4697625,"Victor Gabalis",10,1,11,10,-9.11763901879228,-0.911763901879228,-9.11763901879228,19,1.9,19,0.1,6,10,0.6,0,0,0,0,0,0,10,19,1.9,NA,NA,NA,NA,NA,NA,NA,NA,NA,NA,NA,NA,"P5"
"2653","Troy","fbs","Sun Belt",2021,4035387,"Reginald Todd",2,2,11,1,1.94506405658134,0.972532028290669,0.972532028290669,26,13,13,0.5,1,2,0.5,1,0,0,0,0.01625,0.0108333333333333,2,26,13,NA,NA,NA,NA,NA,NA,NA,NA,NA,NA,NA,NA,"G5"
"2653","Troy","fbs","Sun Belt",2021,4241193,"Taylor Powell",150,5,11,30,31.8511971763521,0.212341314509014,6.37023943527042,984,6.56,196.8,0.42,101,150,0.673333333333333,4,0,0,0,0.3936,0.218666666666667,150,984,6.56,NA,NA,NA,NA,NA,NA,NA,NA,NA,NA,NA,NA,"G5"
"2653","Troy","fbs","Sun Belt",2021,4262106,"Orlando Lacey",1,1,11,1,-0.671280188793233,-0.671280188793233,-0.671280188793233,0,0,0,0,0,1,0,0,0,0,0,0,0,1,0,0,NA,NA,NA,NA,NA,NA,NA,NA,NA,NA,NA,NA,"G5"
"2653","Troy","fbs","Sun Belt",2021,4362723,"Gunnar Watson",212,7,11,30.2857142857143,45.4861319694786,0.214557226271126,6.49801885278266,1508,7.11320754716981,215.428571428571,0.424528301886792,130,212,0.613207547169811,7,0,0,0,0.47125,0.269285714285714,212,1508,7.11320754716981,93,81,88,94,79,95,95,68,95,95,75,76,"G5"
"2653","Troy","fbs","Sun Belt",2021,4428931,"Jamontez Woods",1,1,11,1,2.45342018059887,2.45342018059887,2.45342018059887,4,4,4,1,1,1,1,1,0,0,0,0.005,0.005,1,4,4,NA,NA,NA,NA,NA,NA,NA,NA,NA,NA,NA,NA,"G5"
"2655","Tulane","fbs","American Athletic",2021,4243921,"Will Wallace",1,1,11,1,2.77132887079313,2.77132887079313,2.77132887079313,5,5,5,1,1,1,1,1,0,0,0,0.00625,0.00625,1,5,5,NA,NA,NA,NA,NA,NA,NA,NA,NA,NA,NA,NA,"G5"
"2655","Tulane","fbs","American Athletic",2021,4361800,"Christian Daniels",2,1,11,2,-0.731212357478685,-0.365606178739343,-0.731212357478685,14,7,14,1,2,2,1,0,0,0,0,0,0,2,14,7,NA,NA,NA,NA,NA,NA,NA,NA,NA,NA,NA,NA,"G5"
"2655","Tulane","fbs","American Athletic",2021,4361802,"Cameron Carroll",2,1,11,2,2.92776213706769,1.46388106853384,2.92776213706769,11,5.5,11,1,2,2,1,2,0,0,0,0.0183333333333333,0.0183333333333333,2,11,5.5,NA,NA,NA,NA,NA,NA,NA,NA,NA,NA,NA,NA,"G5"
"2655","Tulane","fbs","American Athletic",2021,4361823,"Ryan Wright",2,2,11,1,1.54260398046648,0.771301990233238,0.771301990233238,12,6,6,0.5,1,2,0.5,0,0,0,0,0,0,2,12,6,NA,NA,NA,NA,NA,NA,NA,NA,NA,NA,NA,NA,"G5"
"2655","Tulane","fbs","American Athletic",2021,4685037,"Duece Watts",1,1,11,1,4.20784884569905,4.20784884569905,4.20784884569905,21,21,21,1,1,1,1,1,0,0,0,0.02625,0.02625,1,21,21,NA,NA,NA,NA,NA,NA,NA,NA,NA,NA,NA,NA,"G5"
"2655","Tulane","fbs","American Athletic",2021,4685039,"Michael Pratt",301,10,11,30.1,78.989957402754,0.262425107650346,7.8989957402754,2215,7.35880398671096,221.5,0.418604651162791,176,301,0.584717607973422,15,0,0,0,0.519140625,0.33225,301,2215,7.35880398671096,59,65,74,96,103,56,86,65,56,86,59,54,"G5"
"2655","Tulane","fbs","American Athletic",2021,4685040,"Justin Ibieta",1,1,11,1,-0.312733494058862,-0.312733494058862,-0.312733494058862,0,0,0,0,0,1,0,0,0,0,0,0,0,1,0,0,NA,NA,NA,NA,NA,NA,NA,NA,NA,NA,NA,NA,"G5"
"2655","Tulane","fbs","American Athletic",2021,4708067,"Kai Horton",16,3,11,5.33333333333333,-1.90666311732061,-0.119166444832538,-0.635554372440202,88,5.5,29.3333333333333,0.3125,8,16,0.5,0,0,0,0,0,0,16,88,5.5,NA,NA,NA,NA,NA,NA,NA,NA,NA,NA,NA,NA,"G5"
"2655","Tulane","fbs","American Athletic",2021,4875825,"Shae Wyatt",1,1,11,1,-0.858756185955101,-0.858756185955101,-0.858756185955101,0,0,0,0,0,1,0,0,0,0,0,0,0,1,0,0,NA,NA,NA,NA,NA,NA,NA,NA,NA,NA,NA,NA,"G5"
"2711","Western Michigan","fbs","Mid-American",2021,4362230,"Kaleb Eleby",360,11,11,32.7272727272727,175.565151501174,0.487680976392149,15.9604683182885,3500,9.72222222222222,318.181818181818,0.525,238,360,0.661111111111111,19,0,0,0,0.755681818181818,0.503787878787879,360,3500,9.72222222222222,12,13,8,15,37,12,5,10,12,5,11,17,"G5"
"2711","Western Michigan","fbs","Mid-American",2021,4428732,"Sean Tyler",1,1,11,1,2.27495024028298,2.27495024028298,2.27495024028298,4,4,4,1,1,1,1,1,0,0,0,0.005,0.005,1,4,4,NA,NA,NA,NA,NA,NA,NA,NA,NA,NA,NA,NA,"G5"
"2711","Western Michigan","fbs","Mid-American",2021,4429479,"Corey Crooms",3,3,11,1,13.1905902494755,4.39686341649182,4.39686341649182,130,43.3333333333333,43.3333333333333,1,3,3,1,3,0,0,0,0.08125,0.0541666666666667,3,130,43.3333333333333,NA,NA,NA,NA,NA,NA,NA,NA,NA,NA,NA,NA,"G5"
"2711","Western Michigan","fbs","Mid-American",2021,4430191,"Skyy Moore",2,2,11,1,9.50034952672046,4.75017476336023,4.75017476336023,104,52,52,1,2,2,1,2,0,0,0,0.0866666666666667,0.065,2,104,52,NA,NA,NA,NA,NA,NA,NA,NA,NA,NA,NA,NA,"G5"
"2711","Western Michigan","fbs","Mid-American",2021,4430699,"Jack Salopek",5,2,11,2.5,0.893336478885081,0.178667295777016,0.446668239442541,20,4,10,0.6,3,5,0.6,0,0,0,0,0,0,5,20,4,NA,NA,NA,NA,NA,NA,NA,NA,NA,NA,NA,NA,"G5"
"275","Wisconsin","fbs","Big Ten",2021,4035776,"Kendric Pryor",1,1,12,1,2.5882961185048,2.5882961185048,2.5882961185048,8,8,8,1,1,1,1,1,0,0,0,0.01,0.01,1,8,8,NA,NA,NA,NA,NA,NA,NA,NA,NA,NA,NA,NA,"P5"
"275","Wisconsin","fbs","Big Ten",2021,4372559,"Chase Wolf",13,4,12,3.25,6.00722827307098,0.462094482543922,1.50180706826775,106,8.15384615384615,26.5,0.538461538461538,7,13,0.538461538461538,1,0,0,0,0.033125,0.01325,13,106,8.15384615384615,NA,NA,NA,NA,NA,NA,NA,NA,NA,NA,NA,NA,"P5"
"275","Wisconsin","fbs","Big Ten",2021,4372574,"John Chenal",1,1,12,1,2.90109657891657,2.90109657891657,2.90109657891657,1,1,1,1,1,1,1,1,0,0,0,0.00125,0.00125,1,1,1,NA,NA,NA,NA,NA,NA,NA,NA,NA,NA,NA,NA,"P5"
"275","Wisconsin","fbs","Big Ten",2021,4426335,"Graham Mertz",252,12,12,21,28.3992075579343,0.112695268087041,2.36660062982786,1800,7.14285714285714,150,0.436507936507937,152,252,0.603174603174603,6,0,0,0,0.321428571428571,0.125,252,1800,7.14285714285714,107,111,109,85,86,84,94,116,84,94,112,118,"P5"
"2751","Wyoming","fbs","Mountain West",2021,4361690,"Sean Chambers",142,7,11,20.2857142857143,20.3132008305585,0.143050710074356,2.90188583293693,878,6.1830985915493,125.428571428571,0.443661971830986,72,142,0.507042253521127,5,0,0,0,0.261309523809524,0.130654761904762,142,878,6.1830985915493,NA,NA,NA,NA,NA,NA,NA,NA,NA,NA,NA,NA,"G5"
"2751","Wyoming","fbs","Mountain West",2021,4428116,"Isaiah Neyor",2,1,11,2,13.656819136058,6.82840956802901,13.656819136058,148,74,148,1,2,2,1,2,0,0,0,0.246666666666667,0.246666666666667,2,148,74,NA,NA,NA,NA,NA,NA,NA,NA,NA,NA,NA,NA,"G5"
"2751","Wyoming","fbs","Mountain West",2021,4428890,"Levi Williams",206,7,11,29.4285714285714,52.2611288950561,0.253694800461437,7.46587555643659,1574,7.64077669902913,224.857142857143,0.427184466019417,124,206,0.601941747572815,16,0,0,0,0.529075630252101,0.391055900621118,206,1574,7.64077669902913,83,68,75,90,88,92,73,60,92,73,54,32,"G5"
"276","Marshall","fbs","Conference USA",2021,4043607,"Xavier Gaines",1,1,7,1,-0.662079510680875,-0.662079510680875,-0.662079510680875,0,0,0,0,0,1,0,0,0,0,0,0,0,1,0,0,NA,NA,NA,NA,NA,NA,NA,NA,NA,NA,NA,NA,"G5"
"276","Marshall","fbs","Conference USA",2021,4374334,"Luke Zban",3,1,7,3,2.24619677629791,0.748732258765971,2.24619677629791,30,10,30,0.333333333333333,1,3,0.333333333333333,1,0,0,0,0.0375,0.0375,3,30,10,NA,NA,NA,NA,NA,NA,NA,NA,NA,NA,NA,NA,"G5"
"276","Marshall","fbs","Conference USA",2021,4430686,"Grant Wells",217,7,7,31,84.8534241116752,0.391029604201268,12.1219177302393,2007,9.24884792626728,286.714285714286,0.52073732718894,151,217,0.695852534562212,9,0,0,0,0.645107142857143,0.403191964285714,217,2007,9.24884792626728,53,23,25,19,13,73,10,21,73,10,26,29,"G5"
"277","West Virginia","fbs","Big 12",2021,4244029,"Jarret Doege",347,11,11,31.5454545454545,118.161389285764,0.340522735693843,10.741944480524,2553,7.35734870317003,232.090909090909,0.45821325648415,233,347,0.671469740634006,12,0,0,0,0.535594405594406,0.302727272727273,347,2553,7.35734870317003,27,33,42,66,27,35,87,52,35,87,51,69,"P5"
"277","West Virginia","fbs","Big 12",2021,4429847,"Garrett Greene",19,9,11,2.11111111111111,-3.41035836361362,-0.179492545453349,-0.37892870706818,90,4.73684210526316,10,0.421052631578947,12,19,0.631578947368421,0,0,0,0,0,0,19,90,4.73684210526316,NA,NA,NA,NA,NA,NA,NA,NA,NA,NA,NA,NA,"P5"
"277","West Virginia","fbs","Big 12",2021,4569452,"Winston Wright",1,1,11,1,5.35471683282923,5.35471683282923,5.35471683282923,22,22,22,1,1,1,1,1,0,0,0,0.0275,0.0275,1,22,22,NA,NA,NA,NA,NA,NA,NA,NA,NA,NA,NA,NA,"P5"
"278","Fresno State","fbs","Mountain West",2021,4243322,"Jake Haener",412,11,11,37.4545454545455,147.782537087404,0.358695478367485,13.4347760988549,3365,8.16747572815534,305.909090909091,0.521844660194175,280,412,0.679611650485437,25,0,0,0,0.735358391608392,0.531092171717172,412,3365,8.16747572815534,18,18,36,17,24,15,52,14,15,52,14,15,"G5"
"278","Fresno State","fbs","Mountain West",2021,4426990,"Jalen Cropper",2,2,11,1,1.71593982713119,0.857969913565597,0.857969913565597,25,12.5,12.5,0.5,1,2,0.5,1,0,0,0,0.015625,0.0104166666666667,2,25,12.5,NA,NA,NA,NA,NA,NA,NA,NA,NA,NA,NA,NA,"G5"
"278","Fresno State","fbs","Mountain West",2021,4570466,"Juan Rodriguez",1,1,11,1,2.94428614420392,2.94428614420392,2.94428614420392,5,5,5,0,1,1,1,1,0,0,0,0.00625,0.00625,1,5,5,NA,NA,NA,NA,NA,NA,NA,NA,NA,NA,NA,NA,"G5"
"278","Fresno State","fbs","Mountain West",2021,4602923,"Jaylen Henderson",2,2,11,1,-0.192785253588495,-0.0963926267942476,-0.0963926267942476,5,2.5,2.5,0.5,1,2,0.5,0,0,0,0,0,0,2,5,2.5,NA,NA,NA,NA,NA,NA,NA,NA,NA,NA,NA,NA,"G5"
"278","Fresno State","fbs","Mountain West",2021,4605998,"Logan Fife",12,1,11,12,-0.560668360879214,-0.0467223634066011,-0.560668360879214,51,4.25,51,0.416666666666667,7,12,0.583333333333333,1,0,0,0,0.06375,0.06375,12,51,4.25,NA,NA,NA,NA,NA,NA,NA,NA,NA,NA,NA,NA,"G5"
"290","Georgia Southern","fbs","Sun Belt",2021,4361375,"Justin Tomlin",147,7,10,21,39.0868226034423,0.265896752404369,5.58383180049176,1216,8.27210884353742,173.714285714286,0.435374149659864,92,147,0.625850340136054,2,0,0,0,0.28952380952381,0.0965079365079365,147,1216,8.27210884353742,100,91,71,86,66,114,46,102,114,46,119,122,"G5"
"290","Georgia Southern","fbs","Sun Belt",2021,4565189,"Cam Ransom",78,6,10,13,6.08496072548058,0.0780123169933407,1.01416012091343,500,6.41025641025641,83.3333333333333,0.371794871794872,33,78,0.423076923076923,1,0,0,0,0.104166666666667,0.0297619047619048,78,500,6.41025641025641,NA,NA,NA,NA,NA,NA,NA,NA,NA,NA,NA,NA,"G5"
"290","Georgia Southern","fbs","Sun Belt",2021,4613155,"Connor Cigelske",48,2,10,24,2.09186090552426,0.0435804355317555,1.04593045276213,340,7.08333333333333,170,0.458333333333333,33,48,0.6875,0,0,0,0,0,0,48,340,7.08333333333333,NA,NA,NA,NA,NA,NA,NA,NA,NA,NA,NA,NA,"G5"
"295","Old Dominion","fbs","Conference USA",2021,4243535,"D.J. Mack Jr.",77,3,9,25.6666666666667,2.45251661975374,0.0318508651916071,0.817505539917915,377,4.8961038961039,125.666666666667,0.38961038961039,42,77,0.545454545454545,2,0,0,0,0.209444444444444,0.125666666666667,77,377,4.8961038961039,NA,NA,NA,NA,NA,NA,NA,NA,NA,NA,NA,NA,"G5"
"295","Old Dominion","fbs","Conference USA",2021,4361417,"Zack Kuntz",1,1,9,1,2.43727536142363,2.43727536142363,2.43727536142363,20,20,20,1,1,1,1,1,0,0,0,0.025,0.025,1,20,20,NA,NA,NA,NA,NA,NA,NA,NA,NA,NA,NA,NA,"G5"
"295","Old Dominion","fbs","Conference USA",2021,4361601,"Darius Savedge",1,1,9,1,5.6734474271035,5.6734474271035,5.6734474271035,63,63,63,1,1,1,1,1,0,0,0,0.07875,0.07875,1,63,63,NA,NA,NA,NA,NA,NA,NA,NA,NA,NA,NA,NA,"G5"
"295","Old Dominion","fbs","Conference USA",2021,4427601,"Ali Jennings",1,1,9,1,4.51359416028904,4.51359416028904,4.51359416028904,36,36,36,1,1,1,1,1,0,0,0,0.045,0.045,1,36,36,NA,NA,NA,NA,NA,NA,NA,NA,NA,NA,NA,NA,"G5"
"295","Old Dominion","fbs","Conference USA",2021,4430775,"Hayden Wolff",203,7,9,29,41.2297285069145,0.2031021108715,5.8899612152735,1564,7.70443349753695,223.428571428571,0.438423645320197,128,203,0.630541871921182,6,0,0,0,0.478775510204082,0.257802197802198,203,1564,7.70443349753695,98,87,90,83,65,93,70,62,93,70,71,82,"G5"
"30","USC","fbs","Pac-12",2021,4362110,"Malcolm Epps",1,1,11,1,5.40036670455803,5.40036670455803,5.40036670455803,41,41,41,1,1,1,1,1,0,0,0,0.05125,0.05125,1,41,41,NA,NA,NA,NA,NA,NA,NA,NA,NA,NA,NA,NA,"P5"
"30","USC","fbs","Pac-12",2021,4426502,"Drake London",1,1,11,1,0.619155304022533,0.619155304022533,0.619155304022533,2,2,2,1,1,1,1,1,0,0,0,0.0025,0.0025,1,2,2,NA,NA,NA,NA,NA,NA,NA,NA,NA,NA,NA,NA,"P5"
"30","USC","fbs","Pac-12",2021,4428512,"Kedon Slovis",286,9,11,31.7777777777778,78.7208467883109,0.275247716043045,8.74676075425677,2093,7.31818181818182,232.555555555556,0.496503496503497,190,286,0.664335664335664,9,0,0,0,0.52325,0.290694444444444,286,2093,7.31818181818182,60,56,65,35,35,67,89,51,67,89,57,71,"P5"
"30","USC","fbs","Pac-12",2021,4689114,"Jaxson Dart",157,5,11,31.4,48.4662994586284,0.308702544322474,9.69325989172568,1160,7.38853503184713,232,0.445859872611465,99,157,0.630573248407643,7,0,0,0,0.5075,0.338333333333333,157,1160,7.38853503184713,89,43,55,78,64,117,83,53,117,83,63,51,"P5"
"309","Louisiana","fbs","Sun Belt",2021,4241556,"Levi Lewis",311,12,12,25.9166666666667,48.0262302083906,0.154425177518941,4.00218585069921,2280,7.33118971061093,190,0.443729903536977,187,311,0.601286173633441,10,0,0,0,0.431818181818182,0.215909090909091,311,2280,7.33118971061093,90,102,101,80,90,51,88,94,51,88,89,95,"G5"
"309","Louisiana","fbs","Sun Belt",2021,4262157,"Hunter Bergeron",1,1,12,1,0.932505301032517,0.932505301032517,0.932505301032517,1,1,1,1,1,1,1,1,0,0,0,0.00125,0.00125,1,1,1,NA,NA,NA,NA,NA,NA,NA,NA,NA,NA,NA,NA,"G5"
"309","Louisiana","fbs","Sun Belt",2021,4362489,"John Stephens Jr.",2,1,12,2,4.90049466883007,2.45024733441503,4.90049466883007,15,7.5,15,1,2,2,1,2,0,0,0,0.025,0.025,2,15,7.5,NA,NA,NA,NA,NA,NA,NA,NA,NA,NA,NA,NA,"G5"
"309","Louisiana","fbs","Sun Belt",2021,4363104,"Chris Smith",2,2,12,1,8.93200639285141,4.4660031964257,4.4660031964257,39,19.5,19.5,1,2,2,1,2,0,0,0,0.0325,0.024375,2,39,19.5,NA,NA,NA,NA,NA,NA,NA,NA,NA,NA,NA,NA,"G5"
"309","Louisiana","fbs","Sun Belt",2021,4366535,"Michael Jefferson",1,1,12,1,3.56645708091404,3.56645708091404,3.56645708091404,27,27,27,1,1,1,1,1,0,0,0,0.03375,0.03375,1,27,27,NA,NA,NA,NA,NA,NA,NA,NA,NA,NA,NA,NA,"G5"
"309","Louisiana","fbs","Sun Belt",2021,4429595,"Chandler Fields",11,5,12,2.2,4.06577643043177,0.369616039130161,0.813155286086355,83,7.54545454545455,16.6,0.545454545454545,7,11,0.636363636363636,0,0,0,0,0,0,11,83,7.54545454545455,NA,NA,NA,NA,NA,NA,NA,NA,NA,NA,NA,NA,"G5"
"309","Louisiana","fbs","Sun Belt",2021,4431219,"Kyren Lacy",1,1,12,1,0.558760642914692,0.558760642914692,0.558760642914692,2,2,2,1,1,1,1,1,0,0,0,0.0025,0.0025,1,2,2,NA,NA,NA,NA,NA,NA,NA,NA,NA,NA,NA,NA,"G5"
"324","Coastal Carolina","fbs","Sun Belt",2021,4361032,"Bryce Carpenter",46,5,10,9.2,10.7465850163118,0.233621413398082,2.14931700326236,346,7.52173913043478,69.2,0.456521739130435,26,46,0.565217391304348,2,0,0,0,0.115333333333333,0.0494285714285714,46,346,7.52173913043478,NA,NA,NA,NA,NA,NA,NA,NA,NA,NA,NA,NA,"G5"
"324","Coastal Carolina","fbs","Sun Belt",2021,4361050,"Isaiah Likely",2,2,10,1,11.4600924147838,5.73004620739191,5.73004620739191,124,62,62,1,2,2,1,2,0,0,0,0.103333333333333,0.0775,2,124,62,NA,NA,NA,NA,NA,NA,NA,NA,NA,NA,NA,NA,"G5"
"324","Coastal Carolina","fbs","Sun Belt",2021,4427354,"Jarrett Guest",8,3,10,2.66666666666667,2.82919084095713,0.353648855119642,0.943063613652378,66,8.25,22,0.5,7,8,0.875,1,0,0,0,0.0275,0.01375,8,66,8.25,NA,NA,NA,NA,NA,NA,NA,NA,NA,NA,NA,NA,"G5"
"324","Coastal Carolina","fbs","Sun Belt",2021,4427936,"Grayson McCall",187,9,10,20.7777777777778,153.762050391575,0.822256953965643,17.0846722657306,2172,11.6149732620321,241.333333333333,0.668449197860963,136,187,0.727272727272727,20,0,0,0,0.574603174603175,0.416091954022989,187,2172,11.6149732620321,16,9,1,1,7,60,1,48,60,1,40,26,"G5"
"324","Coastal Carolina","fbs","Sun Belt",2021,4685944,"Zachary Stevens",1,1,10,1,1.29558582332229,1.29558582332229,1.29558582332229,5,5,5,1,1,1,1,1,0,0,0,0.00625,0.00625,1,5,5,NA,NA,NA,NA,NA,NA,NA,NA,NA,NA,NA,NA,"G5"
"326","Texas State","fbs","Sun Belt",2021,4040507,"Sione Tupou",1,1,11,1,3.56899403262153,3.56899403262153,3.56899403262153,9,9,9,1,1,1,1,0,0,0,0,0,0,1,9,9,NA,NA,NA,NA,NA,NA,NA,NA,NA,NA,NA,NA,"G5"
"326","Texas State","fbs","Sun Belt",2021,4362667,"Tyler Vitt",137,5,11,27.4,-4.85095332494129,-0.0354084184302284,-0.970190664988259,793,5.78832116788321,158.6,0.328467153284672,73,137,0.532846715328467,2,0,0,0,0.264333333333333,0.113285714285714,137,793,5.78832116788321,NA,NA,NA,NA,NA,NA,NA,NA,NA,NA,NA,NA,"G5"
"326","Texas State","fbs","Sun Belt",2021,4371730,"Brady McBride",192,6,11,32,32.3980909210616,0.168740056880529,5.39968182017694,1225,6.38020833333333,204.166666666667,0.401041666666667,114,192,0.59375,8,0,0,0,0.453703703703704,0.291666666666667,192,1225,6.38020833333333,102,92,98,101,94,113,109,80,113,109,85,70,"G5"
"326","Texas State","fbs","Sun Belt",2021,4879677,"Ashtyn Hawkins",1,1,11,1,1.18660809083662,1.18660809083662,1.18660809083662,2,2,2,1,1,1,1,1,0,0,0,0.0025,0.0025,1,2,2,NA,NA,NA,NA,NA,NA,NA,NA,NA,NA,NA,NA,"G5"
"328","Utah State","fbs","Mountain West",2021,4036473,"Logan Bonner",752,11,11,68.3636363636364,342.137597616098,0.454970209595875,31.1034179650998,6648,8.84042553191489,604.363636363636,0.51063829787234,500,752,0.664893617021277,68,0,0,0,1.48901185770751,1.30052934407365,752,6648,8.84042553191489,1,1,14,23,34,1,20,1,1,20,1,1,"G5"
"328","Utah State","fbs","Mountain West",2021,4036475,"Brandon Bowling",20,2,11,10,78.3353633943269,3.91676816971634,39.1676816971634,756,37.8,378,1,20,20,1,20,0,0,0,0.9,0.859090909090909,20,756,37.8,NA,NA,NA,NA,NA,NA,NA,NA,NA,NA,NA,NA,"G5"
"328","Utah State","fbs","Mountain West",2021,4259242,"Carson Terrell",1,1,11,1,1.99340829829697,1.99340829829697,1.99340829829697,5,5,5,1,1,1,1,1,0,0,0,0.00625,0.00625,1,5,5,NA,NA,NA,NA,NA,NA,NA,NA,NA,NA,NA,NA,"G5"
"328","Utah State","fbs","Mountain West",2021,4361185,"Justin McGriff",20,5,11,4,60.9717429783434,3.04858714891717,12.1943485956687,356,17.8,71.2,1,20,20,1,20,0,0,0,0.169523809523809,0.1424,20,356,17.8,NA,NA,NA,NA,NA,NA,NA,NA,NA,NA,NA,NA,"G5"
"328","Utah State","fbs","Mountain West",2021,4361607,"Andrew Peasley",36,7,11,5.14285714285714,7.27587842600849,0.202107734055791,1.0394112037155,280,7.77777777777778,40,0.361111111111111,19,36,0.527777777777778,0,0,0,0,0,0,36,280,7.77777777777778,NA,NA,NA,NA,NA,NA,NA,NA,NA,NA,NA,NA,"G5"
"328","Utah State","fbs","Mountain West",2021,4374187,"Deven Thompkins",17,4,11,4.25,58.2691421787152,3.42759659874795,14.5672855446788,436,25.6470588235294,109,1,17,17,1,17,0,0,0,0.257361111111111,0.220595238095238,17,436,25.6470588235294,NA,NA,NA,NA,NA,NA,NA,NA,NA,NA,NA,NA,"G5"
"328","Utah State","fbs","Mountain West",2021,4569995,"Derek Wright",13,4,11,3.25,25.0215214922443,1.92473242248033,6.25538037306109,200,15.3846153846154,50,0.923076923076923,12,13,0.923076923076923,12,0,0,0,0.115384615384615,0.09375,13,200,15.3846153846154,NA,NA,NA,NA,NA,NA,NA,NA,NA,NA,NA,NA,"G5"
"333","Alabama","fbs","SEC",2021,4372013,"Braxton Barker",1,1,12,1,1.1619187261714,1.1619187261714,1.1619187261714,10,10,10,1,1,1,1,0,0,0,0,0,0,1,10,10,NA,NA,NA,NA,NA,NA,NA,NA,NA,NA,NA,NA,"P5"
"333","Alabama","fbs","SEC",2021,4372026,"Cameron Latu",2,2,12,1,4.68475545393601,2.34237772696801,2.34237772696801,13,6.5,6.5,0.5,2,2,1,2,0,0,0,0.0108333333333333,0.008125,2,13,6.5,NA,NA,NA,NA,NA,NA,NA,NA,NA,NA,NA,NA,"P5"
"333","Alabama","fbs","SEC",2021,4426388,"Jameson Williams",3,1,12,3,9.62181015364827,3.20727005121609,9.62181015364827,89,29.6666666666667,89,1,3,3,1,3,0,0,0,0.166875,0.166875,3,89,29.6666666666667,NA,NA,NA,NA,NA,NA,NA,NA,NA,NA,NA,NA,"P5"
"333","Alabama","fbs","SEC",2021,4431506,"Ja'Corey Brooks",1,1,12,1,5.54701587860745,5.54701587860745,5.54701587860745,28,28,28,1,1,1,1,1,0,0,0,0.035,0.035,1,28,28,NA,NA,NA,NA,NA,NA,NA,NA,NA,NA,NA,NA,"P5"
"333","Alabama","fbs","SEC",2021,4432734,"Jalen Milroe",6,2,12,3,1.59239884407532,0.265399807345886,0.796199422037658,41,6.83333333333333,20.5,0.333333333333333,3,6,0.5,1,0,0,0,0.025625,0.0170833333333333,6,41,6.83333333333333,NA,NA,NA,NA,NA,NA,NA,NA,NA,NA,NA,NA,"P5"
"333","Alabama","fbs","SEC",2021,4567096,"John Metchie",1,1,12,1,3.19608508321989,3.19608508321989,3.19608508321989,37,37,37,1,1,1,1,1,0,0,0,0.04625,0.04625,1,37,37,NA,NA,NA,NA,NA,NA,NA,NA,NA,NA,NA,NA,"P5"
"333","Alabama","fbs","SEC",2021,4567102,"Paul Tyson",13,4,12,3.25,2.81937991226115,0.216875377866242,0.704844978065287,111,8.53846153846154,27.75,0.615384615384615,9,13,0.692307692307692,0,0,0,0,0,0,13,111,8.53846153846154,NA,NA,NA,NA,NA,NA,NA,NA,NA,NA,NA,NA,"P5"
"333","Alabama","fbs","SEC",2021,4567105,"Jahleel Billingsley",1,1,12,1,2.85441423678498,2.85441423678498,2.85441423678498,5,5,5,1,1,1,1,1,0,0,0,0.00625,0.00625,1,5,5,NA,NA,NA,NA,NA,NA,NA,NA,NA,NA,NA,NA,"P5"
"333","Alabama","fbs","SEC",2021,4685720,"Bryce Young",418,12,12,34.8333333333333,195.947668881582,0.4687743274679,16.3289724067985,3880,9.2822966507177,323.333333333333,0.504784688995215,284,418,0.679425837320574,31,0,0,0,0.783072916666667,0.582751937984496,418,3880,9.2822966507177,7,12,11,27,25,7,9,9,7,9,9,10,"P5"
"344","Mississippi State","fbs","SEC",2021,4430325,"Makai Polk",3,2,11,1.5,11.719508459914,3.90650281997135,5.85975422995702,71,23.6666666666667,35.5,1,3,3,1,3,0,0,0,0.0665625,0.05325,3,71,23.6666666666667,NA,NA,NA,NA,NA,NA,NA,NA,NA,NA,NA,NA,"P5"
"344","Mississippi State","fbs","SEC",2021,4566196,"Will Rogers",572,11,11,52,157.415760954926,0.275202379291828,14.3105237231751,3983,6.96328671328671,362.090909090909,0.534965034965035,429,572,0.75,22,0,0,0,0.865869565217391,0.603484848484848,572,3983,6.96328671328671,15,17,66,10,3,6,98,7,6,98,7,8,"P5"
"344","Mississippi State","fbs","SEC",2021,4578654,"Jaden Walley",4,4,11,1,4.69372714369791,1.17343178592448,1.17343178592448,18,4.5,4.5,0.75,3,4,0.75,3,0,0,0,0.0084375,0.00482142857142857,4,18,4.5,NA,NA,NA,NA,NA,NA,NA,NA,NA,NA,NA,NA,"P5"
"344","Mississippi State","fbs","SEC",2021,4685975,"Chance Lovertich",6,1,11,6,7.0603050458328,1.1767175076388,7.0603050458328,77,12.8333333333333,77,0.833333333333333,5,6,0.833333333333333,1,0,0,0,0.09625,0.09625,6,77,12.8333333333333,NA,NA,NA,NA,NA,NA,NA,NA,NA,NA,NA,NA,"P5"
"344","Mississippi State","fbs","SEC",2021,4689334,"Malik Heath",1,1,11,1,2.50503257767423,2.50503257767423,2.50503257767423,9,9,9,1,1,1,1,1,0,0,0,0.01125,0.01125,1,9,9,NA,NA,NA,NA,NA,NA,NA,NA,NA,NA,NA,NA,"P5"
"349","Army","fbs","FBS Independents",2021,4258447,"Christian Anderson",56,9,11,6.22222222222222,16.1053109943849,0.287594839185445,1.7894789993761,562,10.0357142857143,62.4444444444444,0.446428571428571,26,56,0.464285714285714,4,0,0,0,0.124888888888889,0.048034188034188,56,562,10.0357142857143,NA,NA,NA,NA,NA,NA,NA,NA,NA,NA,NA,NA,"G5"
"349","Army","fbs","FBS Independents",2021,4373726,"Tyhier Tyler",5,3,11,1.66666666666667,1.29566297205528,0.259132594411055,0.431887657351759,65,13,21.6666666666667,0.4,2,5,0.4,0,0,0,0,0,0,5,65,13,NA,NA,NA,NA,NA,NA,NA,NA,NA,NA,NA,NA,"G5"
"349","Army","fbs","FBS Independents",2021,4373730,"Jabari Laws",17,2,11,8.5,19.8816713626877,1.1695100801581,9.94083568134386,227,13.3529411764706,113.5,0.588235294117647,14,17,0.823529411764706,3,0,0,0,0.2128125,0.17025,17,227,13.3529411764706,NA,NA,NA,NA,NA,NA,NA,NA,NA,NA,NA,NA,"G5"
"349","Army","fbs","FBS Independents",2021,4577305,"Jemel Jones",11,3,11,3.66666666666667,9.53567415293287,0.866879468448443,3.17855805097762,135,12.2727272727273,45,0.545454545454545,7,11,0.636363636363636,1,0,0,0,0.05625,0.028125,11,135,12.2727272727273,NA,NA,NA,NA,NA,NA,NA,NA,NA,NA,NA,NA,"G5"
"349","Army","fbs","FBS Independents",2021,4689825,"Tyrell Robinson",1,1,11,1,-1.04210694834565,-1.04210694834565,-1.04210694834565,0,0,0,0,0,1,0,0,0,0,0,0,0,1,0,0,NA,NA,NA,NA,NA,NA,NA,NA,NA,NA,NA,NA,"G5"
"356","Illinois","fbs","Big Ten",2021,4036262,"Brandon Peters",177,9,12,19.6666666666667,26.7898495101341,0.151355081978158,2.97664994557045,1235,6.9774011299435,137.222222222222,0.384180790960452,97,177,0.548022598870056,6,0,0,0,0.294047619047619,0.137222222222222,177,1235,6.9774011299435,108,107,102,112,118,111,97,120,111,97,116,114,"P5"
"356","Illinois","fbs","Big Ten",2021,4361530,"Artur Sitkowski",182,5,12,36.4,-27.2085170935306,-0.14949734666775,-5.44170341870611,874,4.8021978021978,174.8,0.357142857142857,93,182,0.510989010989011,6,0,0,0,0.374571428571429,0.238363636363636,182,874,4.8021978021978,126,126,126,123,126,124,127,100,124,127,101,87,"P5"
"356","Illinois","fbs","Big Ten",2021,4371944,"Caleb Griffin",1,1,12,1,-0.895030596276604,-0.895030596276604,-0.895030596276604,0,0,0,0,0,1,0,0,0,0,0,0,0,1,0,0,NA,NA,NA,NA,NA,NA,NA,NA,NA,NA,NA,NA,"P5"
"356","Illinois","fbs","Big Ten",2021,4428796,"Casey Washington",2,1,12,2,-2.23284572910279,-1.11642286455139,-2.23284572910279,0,0,0,0,0,2,0,0,0,0,0,0,0,2,0,0,NA,NA,NA,NA,NA,NA,NA,NA,NA,NA,NA,NA,"P5"
"356","Illinois","fbs","Big Ten",2021,4569371,"Isaiah Williams",2,2,12,1,3.63177852104774,1.81588926052387,1.81588926052387,16,8,8,0.5,1,2,0.5,1,0,0,0,0.01,0.00666666666666667,2,16,8,NA,NA,NA,NA,NA,NA,NA,NA,NA,NA,NA,NA,"P5"
"36","Colorado State","fbs","Mountain West",2021,4243276,"Todd Centeio",327,11,11,29.7272727272727,98.5682708728297,0.301432021017828,8.96075189752997,2656,8.12232415902141,241.454545454545,0.470948012232416,198,327,0.605504587155963,13,0,0,0,0.560519480519481,0.326969696969697,327,2656,8.12232415902141,44,52,57,51,83,34,54,46,34,54,43,55,"G5"
"36","Colorado State","fbs","Mountain West",2021,4256044,"Justice McCoy",1,1,11,1,-0.600148655240986,-0.600148655240986,-0.600148655240986,0,0,0,0,0,1,0,0,0,0,0,0,0,1,0,0,NA,NA,NA,NA,NA,NA,NA,NA,NA,NA,NA,NA,"G5"
"36","Colorado State","fbs","Mountain West",2021,4683792,"Evan Olaes",6,1,11,6,-0.958452091369243,-0.159742015228207,-0.958452091369243,28,4.66666666666667,28,0.333333333333333,4,6,0.666666666666667,0,0,0,0,0,0,6,28,4.66666666666667,NA,NA,NA,NA,NA,NA,NA,NA,NA,NA,NA,NA,"G5"
"38","Colorado","fbs","Pac-12",2021,4243163,"Alex Fontenot",1,1,11,1,4.28310454341454,4.28310454341454,4.28310454341454,2,2,2,1,1,1,1,1,0,0,0,0.0025,0.0025,1,2,2,NA,NA,NA,NA,NA,NA,NA,NA,NA,NA,NA,NA,"P5"
"38","Colorado","fbs","Pac-12",2021,4360644,"Daniel Arias",1,1,11,1,3.31246988736923,3.31246988736923,3.31246988736923,43,43,43,1,1,1,1,1,0,0,0,0.05375,0.05375,1,43,43,NA,NA,NA,NA,NA,NA,NA,NA,NA,NA,NA,NA,"P5"
"38","Colorado","fbs","Pac-12",2021,4360649,"Dimitri Stanley",1,1,11,1,2.79912971262769,2.79912971262769,2.79912971262769,11,11,11,1,1,1,1,1,0,0,0,0.01375,0.01375,1,11,11,NA,NA,NA,NA,NA,NA,NA,NA,NA,NA,NA,NA,"P5"
"38","Colorado","fbs","Pac-12",2021,4429149,"Brendon Lewis",226,11,11,20.5454545454545,-18.7923067334037,-0.0831517997053261,-1.70839152121852,1238,5.47787610619469,112.545454545455,0.305309734513274,127,226,0.561946902654867,1,0,0,0,0.140681818181818,0.0234469696969697,226,1238,5.47787610619469,123,123,123,126,115,110,122,125,110,122,126,126,"P5"
"38","Colorado","fbs","Pac-12",2021,4600603,"Drew Carter",12,3,11,4,-3.57499838183309,-0.297916531819424,-1.1916661272777,35,2.91666666666667,11.6666666666667,0.25,5,12,0.416666666666667,0,0,0,0,0,0,12,35,2.91666666666667,NA,NA,NA,NA,NA,NA,NA,NA,NA,NA,NA,NA,"P5"
"38","Colorado","fbs","Pac-12",2021,4686775,"Montana Lemonious-Craig",1,1,11,1,4.80204437444106,4.80204437444106,4.80204437444106,16,16,16,1,1,1,1,1,0,0,0,0.02,0.02,1,16,16,NA,NA,NA,NA,NA,NA,NA,NA,NA,NA,NA,NA,"P5"
"38","Colorado","fbs","Pac-12",2021,4686781,"Brenden Rice",3,3,11,1,12.1084192678572,4.03613975595239,4.03613975595239,83,27.6666666666667,27.6666666666667,1,3,3,1,3,0,0,0,0.051875,0.0345833333333333,3,83,27.6666666666667,NA,NA,NA,NA,NA,NA,NA,NA,NA,NA,NA,NA,"P5"
"38","Colorado","fbs","Pac-12",2021,4689721,"Ty Robinson",1,1,11,1,2.97482725685212,2.97482725685212,2.97482725685212,9,9,9,1,1,1,1,1,0,0,0,0.01125,0.01125,1,9,9,NA,NA,NA,NA,NA,NA,NA,NA,NA,NA,NA,NA,"P5"
"41","UConn","fbs","FBS Independents",2021,4239135,"Jay Rose",2,1,10,2,2.30028079174772,1.15014039587386,2.30028079174772,26,13,26,0.5,1,2,0.5,0,0,0,0,0,0,2,26,13,NA,NA,NA,NA,NA,NA,NA,NA,NA,NA,NA,NA,"G5"
"41","UConn","fbs","FBS Independents",2021,4240094,"Micah Leon",12,1,10,12,-3.35667235094705,-0.279722695912254,-3.35667235094705,56,4.66666666666667,56,0.166666666666667,9,12,0.75,0,0,0,0,0,0,12,56,4.66666666666667,NA,NA,NA,NA,NA,NA,NA,NA,NA,NA,NA,NA,"G5"
"41","UConn","fbs","FBS Independents",2021,4362140,"Steven Krajewski",185,8,10,23.125,-26.4847353574841,-0.143160731662076,-3.31059191968552,978,5.28648648648649,122.25,0.302702702702703,97,185,0.524324324324324,3,0,0,0,0.22921875,0.0833522727272727,185,978,5.28648648648649,125,125,125,127,124,121,124,122,121,124,124,123,"G5"
"41","UConn","fbs","FBS Independents",2021,4426940,"Kevens Clercius",1,1,10,1,2.64342448301689,2.64342448301689,2.64342448301689,8,8,8,1,1,1,1,1,0,0,0,0.01,0.01,1,8,8,NA,NA,NA,NA,NA,NA,NA,NA,NA,NA,NA,NA,"G5"
"41","UConn","fbs","FBS Independents",2021,4428977,"Jack Zergiotis",52,2,10,26,-13.4135336956017,-0.257952571069264,-6.70676684780086,180,3.46153846153846,90,0.230769230769231,25,52,0.480769230769231,0,0,0,0,0,0,52,180,3.46153846153846,NA,NA,NA,NA,NA,NA,NA,NA,NA,NA,NA,NA,"G5"
"41","UConn","fbs","FBS Independents",2021,4604004,"Keelan Marion",1,1,10,1,6.25961413915414,6.25961413915414,6.25961413915414,40,40,40,1,1,1,1,1,0,0,0,0.05,0.05,1,40,40,NA,NA,NA,NA,NA,NA,NA,NA,NA,NA,NA,NA,"G5"
"41","UConn","fbs","FBS Independents",2021,4684083,"Tyler Phommachanh",70,3,10,23.3333333333333,-10.9525340191435,-0.15646477170205,-3.65084467304784,326,4.65714285714286,108.666666666667,0.257142857142857,34,70,0.485714285714286,1,0,0,0,0.135833333333333,0.0679166666666667,70,326,4.65714285714286,NA,NA,NA,NA,NA,NA,NA,NA,NA,NA,NA,NA,"G5"
"41","UConn","fbs","FBS Independents",2021,4907955,"Jacob Drena",3,1,10,3,1.18488856194486,0.39496285398162,1.18488856194486,15,5,15,0.333333333333333,2,3,0.666666666666667,0,0,0,0,0,0,3,15,5,NA,NA,NA,NA,NA,NA,NA,NA,NA,NA,NA,NA,"G5"
"5","UAB","fbs","Conference USA",2021,4239793,"Tyler Johnston III",24,4,9,6,-13.1519482833096,-0.547997845137901,-3.28798707082741,79,3.29166666666667,19.75,0.125,9,24,0.375,0,0,0,0,0,0,24,79,3.29166666666667,NA,NA,NA,NA,NA,NA,NA,NA,NA,NA,NA,NA,"G5"
"5","UAB","fbs","Conference USA",2021,4363410,"Dylan Hopkins",157,9,9,17.4444444444444,71.5197483585564,0.455539798462142,7.94663870650626,1560,9.93630573248408,173.333333333333,0.496815286624204,105,157,0.668789808917197,12,0,0,0,0.4,0.247619047619048,157,1560,9.93630573248408,65,64,13,34,31,94,4,103,94,4,97,84,"G5"
"5","UAB","fbs","Conference USA",2021,4374361,"Gerrit Prince",1,1,9,1,2.10175702417716,2.10175702417716,2.10175702417716,15,15,15,1,1,1,1,1,0,0,0,0.01875,0.01875,1,15,15,NA,NA,NA,NA,NA,NA,NA,NA,NA,NA,NA,NA,"G5"
"52","Florida State","fbs","ACC",2021,4039468,"Andrew Parchment",1,1,11,1,4.67047933042165,4.67047933042165,4.67047933042165,23,23,23,1,1,1,1,1,0,0,0,0.02875,0.02875,1,23,23,NA,NA,NA,NA,NA,NA,NA,NA,NA,NA,NA,NA,"P5"
"52","Florida State","fbs","ACC",2021,4042113,"McKenzie Milton",101,5,11,20.2,3.1841446649218,0.031526184801206,0.636828932984361,637,6.30693069306931,127.4,0.396039603960396,62,101,0.613861386138614,1,0,0,0,0.15925,0.0530833333333333,101,637,6.30693069306931,NA,NA,NA,NA,NA,NA,NA,NA,NA,NA,NA,NA,"P5"
"52","Florida State","fbs","ACC",2021,4240033,"Ontaria Wilson",6,2,11,3,20.245851897078,3.374308649513,10.122925948539,92,15.3333333333333,46,1,6,6,1,6,0,0,0,0.0985714285714286,0.08625,6,92,15.3333333333333,NA,NA,NA,NA,NA,NA,NA,NA,NA,NA,NA,NA,"P5"
"52","Florida State","fbs","ACC",2021,4360799,"Jordan Travis",372,9,11,41.3333333333333,184.17463927821,0.495093116339275,20.46384880869,3368,9.05376344086022,374.222222222222,0.462365591397849,244,372,0.655913978494624,34,0,0,0,0.908825396825397,0.739741602067183,372,3368,9.05376344086022,10,4,7,63,41,14,15,6,14,15,6,6,"P5"
"52","Florida State","fbs","ACC",2021,4430836,"Chubba Purdy",5,1,11,5,7.13248661676531,1.42649732335306,7.13248661676531,98,19.6,98,1,5,5,1,2,0,0,0,0.163333333333333,0.163333333333333,5,98,19.6,NA,NA,NA,NA,NA,NA,NA,NA,NA,NA,NA,NA,"P5"
"52","Florida State","fbs","ACC",2021,4433886,"Tate Rodemaker",2,1,11,2,-1.42252800092437,-0.711264000462183,-1.42252800092437,7,3.5,7,0,1,2,0.5,0,0,0,0,0,0,2,7,3.5,NA,NA,NA,NA,NA,NA,NA,NA,NA,NA,NA,NA,"P5"
"52","Florida State","fbs","ACC",2021,4682509,"Malik McClain",8,2,11,4,18.7779839029679,2.34724798787099,9.38899195148394,80,10,40,1,8,8,1,8,0,0,0,0.0888888888888889,0.08,8,80,10,NA,NA,NA,NA,NA,NA,NA,NA,NA,NA,NA,NA,"P5"
"57","Florida","fbs","SEC",2021,4240603,"Malik Davis",1,1,11,1,-0.640343588108032,-0.640343588108032,-0.640343588108032,0,0,0,0,0,1,0,0,0,0,0,0,0,1,0,0,NA,NA,NA,NA,NA,NA,NA,NA,NA,NA,NA,NA,"P5"
"57","Florida","fbs","SEC",2021,4360230,"Emory Jones",259,11,11,23.5454545454545,82.0410599334357,0.316760849163845,7.45827817576688,2052,7.92277992277992,186.545454545455,0.498069498069498,179,259,0.691119691119691,12,0,0,0,0.430489510489511,0.243320158102767,259,2052,7.92277992277992,55,69,51,33,15,69,60,96,69,60,90,85,"P5"
"57","Florida","fbs","SEC",2021,4360233,"Jacob Copeland",1,1,11,1,4.85646826068583,4.85646826068583,4.85646826068583,33,33,33,1,1,1,1,1,0,0,0,0.04125,0.04125,1,33,33,NA,NA,NA,NA,NA,NA,NA,NA,NA,NA,NA,NA,"P5"
"57","Florida","fbs","SEC",2021,4360238,"Dameon Pierce",1,1,11,1,2.2084398652619,2.2084398652619,2.2084398652619,11,11,11,1,1,1,1,1,0,0,0,0.01375,0.01375,1,11,11,NA,NA,NA,NA,NA,NA,NA,NA,NA,NA,NA,NA,"P5"
"57","Florida","fbs","SEC",2021,4361426,"Justin Shorter",2,1,11,2,8.22001870325625,4.11000935162813,8.22001870325625,47,23.5,47,1,2,2,1,2,0,0,0,0.0783333333333333,0.0783333333333333,2,47,23.5,NA,NA,NA,NA,NA,NA,NA,NA,NA,NA,NA,NA,"P5"
"57","Florida","fbs","SEC",2021,4429084,"Anthony Richardson",56,7,11,8,22.9054488408955,0.409025872158849,3.27220697727079,480,8.57142857142857,68.5714285714286,0.5,35,56,0.625,3,0,0,0,0.128571428571429,0.0514285714285714,56,480,8.57142857142857,NA,NA,NA,NA,NA,NA,NA,NA,NA,NA,NA,NA,"P5"
"57","Florida","fbs","SEC",2021,4567415,"Trent Whittemore",2,2,11,1,3.61027453292424,1.80513726646212,1.80513726646212,35,17.5,17.5,1,2,2,1,1,0,0,0,0.021875,0.0145833333333333,2,35,17.5,NA,NA,NA,NA,NA,NA,NA,NA,NA,NA,NA,NA,"P5"
"58","South Florida","fbs","American Athletic",2021,4361573,"Cade Fortin",47,4,11,11.75,-10.9346339616863,-0.232651786418858,-2.73365849042158,195,4.14893617021277,48.75,0.319148936170213,25,47,0.531914893617021,0,0,0,0,0,0,47,195,4.14893617021277,NA,NA,NA,NA,NA,NA,NA,NA,NA,NA,NA,NA,"G5"
"58","South Florida","fbs","American Athletic",2021,4428811,"Xavier Weaver",1,1,11,1,-0.942650825838361,-0.942650825838361,-0.942650825838361,0,0,0,0,0,1,0,0,0,0,0,0,0,1,0,0,NA,NA,NA,NA,NA,NA,NA,NA,NA,NA,NA,NA,"G5"
"58","South Florida","fbs","American Athletic",2021,4433969,"Timmy McClain",246,10,11,24.6,75.8091964917782,0.308167465413733,7.58091964917782,1920,7.80487804878049,192,0.455284552845528,144,246,0.585365853658537,7,0,0,0,0.42,0.197647058823529,246,1920,7.80487804878049,62,67,56,67,102,77,64,91,77,64,92,101,"G5"
"58","South Florida","fbs","American Athletic",2021,4565303,"Katravis Marsh",39,3,11,13,0.441930302537047,0.0113315462188987,0.147310100845682,257,6.58974358974359,85.6666666666667,0.41025641025641,23,39,0.58974358974359,1,0,0,0,0.107083333333333,0.0535416666666667,39,257,6.58974358974359,NA,NA,NA,NA,NA,NA,NA,NA,NA,NA,NA,NA,"G5"
"58","South Florida","fbs","American Athletic",2021,4571556,"Kenny Scribner",1,1,11,1,-2.10041683194357,-2.10041683194357,-2.10041683194357,7,7,7,0,1,1,1,0,0,0,0,0,0,1,7,7,NA,NA,NA,NA,NA,NA,NA,NA,NA,NA,NA,NA,"G5"
"59","Georgia Tech","fbs","ACC",2021,4240506,"Adonicas Sanders",1,1,11,1,3.45446375609892,3.45446375609892,3.45446375609892,23,23,23,1,1,1,1,1,0,0,0,0.02875,0.02875,1,23,23,NA,NA,NA,NA,NA,NA,NA,NA,NA,NA,NA,NA,"P5"
"59","Georgia Tech","fbs","ACC",2021,4242270,"Kyric McGowan",1,1,11,1,5.7850752956294,5.7850752956294,5.7850752956294,26,26,26,1,1,1,1,1,0,0,0,0.0325,0.0325,1,26,26,NA,NA,NA,NA,NA,NA,NA,NA,NA,NA,NA,NA,"P5"
"59","Georgia Tech","fbs","ACC",2021,4427729,"Demetrius Knight II",1,1,11,1,2.65993976084496,2.65993976084496,2.65993976084496,4,4,4,1,1,1,1,0,0,0,0,0,0,1,4,4,NA,NA,NA,NA,NA,NA,NA,NA,NA,NA,NA,NA,"P5"
"59","Georgia Tech","fbs","ACC",2021,4428961,"Jordan Yates",129,6,11,21.5,1.53186316495134,0.0118749082554367,0.25531052749189,655,5.07751937984496,109.166666666667,0.37984496124031,74,129,0.573643410852713,3,0,0,0,0.2046875,0.0909722222222222,129,655,5.07751937984496,NA,NA,NA,NA,NA,NA,NA,NA,NA,NA,NA,NA,"P5"
"59","Georgia Tech","fbs","ACC",2021,4429066,"Jeff Sims",174,7,11,24.8571428571429,44.0667874848006,0.253257399337935,6.29525535497152,1296,7.44827586206897,185.142857142857,0.413793103448276,105,174,0.603448275862069,9,0,0,0,0.416571428571429,0.260357142857143,174,1296,7.44827586206897,95,83,76,98,84.5,108,81,98,108,81,93,79,"P5"
"6","South Alabama","fbs","Sun Belt",2021,4038809,"Jake Bentley",223,8,10,27.875,105.942085490644,0.475076616549974,13.2427606863305,1958,8.78026905829596,244.75,0.524663677130045,166,223,0.744394618834081,11,0,0,0,0.560885416666667,0.354243421052632,223,1958,8.78026905829596,38,19,10,16,4,75,22,41,75,22,42,46,"G5"
"6","South Alabama","fbs","Sun Belt",2021,4249417,"Jalen Tolbert",1,1,10,1,2.73896381711532,2.73896381711532,2.73896381711532,40,40,40,1,1,1,1,1,0,0,0,0.05,0.05,1,40,40,NA,NA,NA,NA,NA,NA,NA,NA,NA,NA,NA,NA,"G5"
"6","South Alabama","fbs","Sun Belt",2021,4249426,"Jalen Wayne",1,1,10,1,1.13241584925858,1.13241584925858,1.13241584925858,5,5,5,1,1,1,1,1,0,0,0,0.00625,0.00625,1,5,5,NA,NA,NA,NA,NA,NA,NA,NA,NA,NA,NA,NA,"G5"
"6","South Alabama","fbs","Sun Belt",2021,4373851,"Desmond Trotter",99,4,10,24.75,11.201687672957,0.113148360332899,2.80042191823924,608,6.14141414141414,152,0.363636363636364,59,99,0.595959595959596,3,0,0,0,0.285,0.162857142857143,99,608,6.14141414141414,NA,NA,NA,NA,NA,NA,NA,NA,NA,NA,NA,NA,"G5"
"6","South Alabama","fbs","Sun Belt",2021,4570519,"Terrion Avery",2,1,10,2,8.34841149725817,4.17420574862908,8.34841149725817,14,7,14,1,2,2,1,2,0,0,0,0.0233333333333333,0.0233333333333333,2,14,7,NA,NA,NA,NA,NA,NA,NA,NA,NA,NA,NA,NA,"G5"
"6","South Alabama","fbs","Sun Belt",2021,4876030,"Lincoln Sefcik",1,1,10,1,1.10416401685107,1.10416401685107,1.10416401685107,5,5,5,1,1,1,1,1,0,0,0,0.00625,0.00625,1,5,5,NA,NA,NA,NA,NA,NA,NA,NA,NA,NA,NA,NA,"G5"
"61","Georgia","fbs","SEC",2021,4259553,"Stetson Bennett",208,11,12,18.9090909090909,103.823735422509,0.499152574146679,9.43852140204629,2155,10.3605769230769,195.909090909091,0.552884615384615,137,208,0.658653846153846,19,0,0,0,0.465284090909091,0.310189393939394,208,2155,10.3605769230769,41,46,6,4,39,61,3,87,61,3,78,64,"P5"
"61","Georgia","fbs","SEC",2021,4374303,"JT Daniels",166,4,12,41.5,89.6537983685015,0.540083122701816,22.4134495921254,1528,9.20481927710843,382,0.530120481927711,130,166,0.783132530120482,20,0,0,0,0.909523809523809,0.795833333333333,166,1528,9.20481927710843,NA,NA,NA,NA,NA,NA,NA,NA,NA,NA,NA,NA,"P5"
"61","Georgia","fbs","SEC",2021,4429033,"Jermaine Burton",1,1,12,1,1.81759784403969,1.81759784403969,1.81759784403969,12,12,12,1,1,1,1,1,0,0,0,0.015,0.015,1,12,12,NA,NA,NA,NA,NA,NA,NA,NA,NA,NA,NA,NA,"P5"
"61","Georgia","fbs","SEC",2021,4429105,"Arian Smith",1,1,12,1,6.23796971117671,6.23796971117671,6.23796971117671,35,35,35,1,1,1,1,1,0,0,0,0.04375,0.04375,1,35,35,NA,NA,NA,NA,NA,NA,NA,NA,NA,NA,NA,NA,"P5"
"61","Georgia","fbs","SEC",2021,4430841,"Carson Beck",12,2,12,6,0.0580159709611908,0.0048346642467659,0.0290079854805954,99,8.25,49.5,0.416666666666667,5,12,0.416666666666667,1,0,0,0,0.061875,0.04125,12,99,8.25,NA,NA,NA,NA,NA,NA,NA,NA,NA,NA,NA,NA,"P5"
"61","Georgia","fbs","SEC",2021,4432665,"Brock Bowers",1,1,12,1,2.97061368915348,2.97061368915348,2.97061368915348,18,18,18,1,1,1,1,1,0,0,0,0.0225,0.0225,1,18,18,NA,NA,NA,NA,NA,NA,NA,NA,NA,NA,NA,NA,"P5"
"61","Georgia","fbs","SEC",2021,4612826,"Ladd McConkey",4,1,12,4,7.39114963476407,1.84778740869102,7.39114963476407,28,7,28,1,4,4,1,4,0,0,0,0.056,0.056,4,28,7,NA,NA,NA,NA,NA,NA,NA,NA,NA,NA,NA,NA,"P5"
"62","Hawai'i","fbs","Mountain West",2021,4373934,"Chevan Cordeiro",322,9,12,35.7777777777778,56.1169504106207,0.174276243511245,6.23521671229119,2447,7.59937888198758,271.888888888889,0.400621118012422,175,322,0.543478260869565,11,0,0,0,0.623078703703704,0.373847222222222,322,2447,7.59937888198758,79,84,97,102,120,41,75,27,41,75,28,38,"G5"
"62","Hawai'i","fbs","Mountain West",2021,4709977,"Brayden Schager",104,5,12,20.8,2.36596843020116,0.0227496964442419,0.473193686040232,611,5.875,122.2,0.413461538461538,66,104,0.634615384615385,2,0,0,0,0.203666666666667,0.0872857142857143,104,611,5.875,NA,NA,NA,NA,NA,NA,NA,NA,NA,NA,NA,NA,"G5"
"66","Iowa State","fbs","Big 12",2021,4259197,"Tarique Milton",2,2,10,1,8.91509134005969,4.45754567002984,4.45754567002984,117,58.5,58.5,1,2,2,1,2,0,0,0,0.0975,0.073125,2,117,58.5,NA,NA,NA,NA,NA,NA,NA,NA,NA,NA,NA,NA,"P5"
"66","Iowa State","fbs","Big 12",2021,4361741,"Brock Purdy",291,10,10,29.1,124.21965436521,0.426871664485259,12.421965436521,2414,8.29553264604811,241.4,0.542955326460481,214,291,0.735395189003436,16,0,0,0,0.568,0.371384615384615,291,2414,8.29553264604811,23,21,20,8,5,44,42,47,44,42,41,41,"P5"
"66","Iowa State","fbs","Big 12",2021,4565358,"Hunter Dekkers",25,3,10,8.33333333333333,2.08092246376543,0.0832368985506172,0.693640821255143,164,6.56,54.6666666666667,0.44,15,25,0.6,1,0,0,0,0.0683333333333333,0.0341666666666667,25,164,6.56,NA,NA,NA,NA,NA,NA,NA,NA,NA,NA,NA,NA,"P5"
"68","Boise State","fbs","Mountain West",2021,4243216,"Jack Sears",5,3,12,1.66666666666667,0.921344451022008,0.184268890204402,0.307114817007336,48,9.6,16,0.2,2,5,0.4,0,0,0,0,0,0,5,48,9.6,NA,NA,NA,NA,NA,NA,NA,NA,NA,NA,NA,NA,"G5"
"68","Boise State","fbs","Mountain West",2021,4248836,"Davis Koetter",1,1,12,1,-0.562084844100541,-0.562084844100541,-0.562084844100541,0,0,0,0,0,1,0,0,0,0,0,0,0,1,0,0,NA,NA,NA,NA,NA,NA,NA,NA,NA,NA,NA,NA,"G5"
"68","Boise State","fbs","Mountain West",2021,4373686,"Stefan Cobbs",1,1,12,1,4.08859751604333,4.08859751604333,4.08859751604333,61,61,61,1,1,1,1,1,0,0,0,0.07625,0.07625,1,61,61,NA,NA,NA,NA,NA,NA,NA,NA,NA,NA,NA,NA,"G5"
"68","Boise State","fbs","Mountain West",2021,4373687,"Tyneil Hopper",1,1,12,1,1.97898336496006,1.97898336496006,1.97898336496006,23,23,23,1,1,1,1,1,0,0,0,0.02875,0.02875,1,23,23,NA,NA,NA,NA,NA,NA,NA,NA,NA,NA,NA,NA,"G5"
"68","Boise State","fbs","Mountain West",2021,4426499,"Hank Bachmeier",390,12,12,32.5,106.75385608734,0.273727836121385,8.896154673945,3003,7.7,250.25,0.47948717948718,248,390,0.635897435897436,18,0,0,0,0.592697368421053,0.375375,390,3003,7.7,36,53,67,43,60,23,72,37.5,23,72,31,37,"G5"
"77","Northwestern","fbs","Big Ten",2021,4239998,"Hunter Johnson",61,2,11,30.5,26.1752056910678,0.429101732640457,13.0876028455339,433,7.0983606557377,216.5,0.377049180327869,40,61,0.655737704918033,4,0,0,0,0.433,0.360833333333333,61,433,7.0983606557377,NA,NA,NA,NA,NA,NA,NA,NA,NA,NA,NA,NA,"P5"
"77","Northwestern","fbs","Big Ten",2021,4242268,"Andrew Marty",117,6,11,19.5,29.3840391180653,0.251145633487737,4.89733985301088,841,7.18803418803419,140.166666666667,0.41025641025641,76,117,0.64957264957265,4,0,0,0,0.280333333333333,0.140166666666667,117,841,7.18803418803419,NA,NA,NA,NA,NA,NA,NA,NA,NA,NA,NA,NA,"P5"
"77","Northwestern","fbs","Big Ten",2021,4426657,"Ryan Hilinski",202,9,11,22.4444444444444,19.7017587726904,0.0975334592707443,2.18908430807671,1337,6.61881188118812,148.555555555556,0.386138613861386,118,202,0.584158415841584,6,0,0,0,0.318333333333333,0.148555555555556,202,1337,6.61881188118812,110,112,111,110,105,105,101,117,105,101,113,110,"P5"
"77","Northwestern","fbs","Big Ten",2021,4569609,"Evan Hull",1,1,11,1,4.50920636966572,4.50920636966572,4.50920636966572,31,31,31,1,1,1,1,1,0,0,0,0.03875,0.03875,1,31,31,NA,NA,NA,NA,NA,NA,NA,NA,NA,NA,NA,NA,"P5"
"77","Northwestern","fbs","Big Ten",2021,4609049,"Carl Richardson",4,2,11,2,0.558853804198362,0.139713451049591,0.279426902099181,19,4.75,9.5,0.5,2,4,0.5,0,0,0,0,0,0,4,19,4.75,NA,NA,NA,NA,NA,NA,NA,NA,NA,NA,NA,NA,"P5"
"8","Arkansas","fbs","SEC",2021,4242178,"De'Vion Warren",2,2,10,1,-1.31351983097514,-0.656759915487571,-0.656759915487571,0,0,0,0,0,2,0,0,0,0,0,0,0,2,0,0,NA,NA,NA,NA,NA,NA,NA,NA,NA,NA,NA,NA,"P5"
"8","Arkansas","fbs","SEC",2021,4363030,"Warren Thompson",2,2,10,1,9.066611951553,4.5333059757765,4.5333059757765,36,18,18,1,2,2,1,1,0,0,0,0.0225,0.015,2,36,18,NA,NA,NA,NA,NA,NA,NA,NA,NA,NA,NA,NA,"P5"
"8","Arkansas","fbs","SEC",2021,4371991,"Reid Bauer",1,1,10,1,6.64004921026978,6.64004921026978,6.64004921026978,32,32,32,1,1,1,1,1,0,0,0,0.04,0.04,1,32,32,NA,NA,NA,NA,NA,NA,NA,NA,NA,NA,NA,NA,"P5"
"8","Arkansas","fbs","SEC",2021,4372000,"John Stephen Jones",1,1,10,1,-0.525899052150431,-0.525899052150431,-0.525899052150431,0,0,0,0,0,1,0,0,0,0,0,0,0,1,0,0,NA,NA,NA,NA,NA,NA,NA,NA,NA,NA,NA,NA,"P5"
"8","Arkansas","fbs","SEC",2021,4429133,"Malik Hornsby",7,3,10,2.33333333333333,-4.41932534137668,-0.631332191625239,-1.47310844712556,27,3.85714285714286,9,0.285714285714286,4,7,0.571428571428571,0,0,0,0,0,0,7,27,3.85714285714286,NA,NA,NA,NA,NA,NA,NA,NA,NA,NA,NA,NA,"P5"
"8","Arkansas","fbs","SEC",2021,4567149,"KJ Jefferson",232,10,10,23.2,95.5688190391785,0.411934564824045,9.55688190391785,2232,9.62068965517241,223.2,0.46551724137931,159,232,0.685344827586207,13,0,0,0,0.518142857142857,0.315391304347826,232,2232,9.62068965517241,46,45,22,57.5,19,54,6,63,54,6,61,61,"P5"
"8","Arkansas","fbs","SEC",2021,4567151,"Trey Knox",1,1,10,1,2.26007557475901,2.26007557475901,2.26007557475901,3,3,3,1,1,1,1,1,0,0,0,0.00375,0.00375,1,3,3,NA,NA,NA,NA,NA,NA,NA,NA,NA,NA,NA,NA,"P5"
"8","Arkansas","fbs","SEC",2021,4567156,"Treylon Burks",3,3,10,1,0.943955731712884,0.314651910570961,0.314651910570961,20,6.66666666666667,6.66666666666667,0.333333333333333,1,3,0.333333333333333,1,0,0,0,0.00833333333333333,0.00416666666666667,3,20,6.66666666666667,NA,NA,NA,NA,NA,NA,NA,NA,NA,NA,NA,NA,"P5"
"84","Indiana","fbs","Big Ten",2021,4258248,"Peyton Hendershot",1,1,11,1,3.00701823139331,3.00701823139331,3.00701823139331,7,7,7,1,1,1,1,1,0,0,0,0.00875,0.00875,1,7,7,NA,NA,NA,NA,NA,NA,NA,NA,NA,NA,NA,NA,"P5"
"84","Indiana","fbs","Big Ten",2021,4360423,"Michael Penix Jr.",149,4,11,37.25,10.3228016031447,0.0692805476721121,2.58070040078618,912,6.12080536912752,228,0.402684563758389,83,149,0.557046979865772,5,0,0,0,0.475,0.316666666666667,149,912,6.12080536912752,NA,NA,NA,NA,NA,NA,NA,NA,NA,NA,NA,NA,"P5"
"84","Indiana","fbs","Big Ten",2021,4361025,"Jack Tuttle",86,5,11,17.2,-2.87316028055612,-0.0334088404715828,-0.574632056111224,391,4.54651162790698,78.2,0.395348837209302,50,86,0.581395348837209,0,0,0,0,0,0,86,391,4.54651162790698,NA,NA,NA,NA,NA,NA,NA,NA,NA,NA,NA,NA,"P5"
"84","Indiana","fbs","Big Ten",2021,4575437,"Grant Gremel",61,4,11,15.25,-16.1553736903899,-0.264842191645736,-4.03884342259748,269,4.40983606557377,67.25,0.295081967213115,33,61,0.540983606557377,1,0,0,0,0.0840625,0.033625,61,269,4.40983606557377,NA,NA,NA,NA,NA,NA,NA,NA,NA,NA,NA,NA,"P5"
"84","Indiana","fbs","Big Ten",2021,4596347,"Donaven McCulley",83,5,11,16.6,-5.38125633840384,-0.064834413715709,-1.07625126768077,484,5.83132530120482,96.8,0.325301204819277,36,83,0.433734939759036,0,0,0,0,0,0,83,484,5.83132530120482,NA,NA,NA,NA,NA,NA,NA,NA,NA,NA,NA,NA,"P5"
"84","Indiana","fbs","Big Ten",2021,4687700,"Malachi Holt-Bennett",1,1,11,1,-0.699058539453456,-0.699058539453456,-0.699058539453456,0,0,0,0,0,1,0,0,0,0,0,0,0,1,0,0,NA,NA,NA,NA,NA,NA,NA,NA,NA,NA,NA,NA,"P5"
"87","Notre Dame","fbs","FBS Independents",2021,4242331,"Jack Coan",302,12,12,25.1666666666667,104.501596249251,0.346031775659772,8.70846635410426,2470,8.17880794701987,205.833333333333,0.486754966887417,206,302,0.682119205298013,13,0,0,0,0.477827380952381,0.267583333333333,302,2470,8.17880794701987,40,57,39,38,20,39.5,51,78,39.5,51,74,77,"P5"
"87","Notre Dame","fbs","FBS Independents",2021,4372758,"Kevin Austin",4,3,12,1.33333333333333,16.5493842024351,4.13734605060877,5.51646140081169,137,34.25,45.6666666666667,1,4,4,1,4,0,0,0,0.0913333333333333,0.0652380952380952,4,137,34.25,NA,NA,NA,NA,NA,NA,NA,NA,NA,NA,NA,NA,"P5"
"87","Notre Dame","fbs","FBS Independents",2021,4372770,"Braden Lenzy",1,1,12,1,2.27079830854007,2.27079830854007,2.27079830854007,4,4,4,1,1,1,1,1,0,0,0,0.005,0.005,1,4,4,NA,NA,NA,NA,NA,NA,NA,NA,NA,NA,NA,NA,"P5"
"87","Notre Dame","fbs","FBS Independents",2021,4429086,"Michael Mayer",3,2,12,1.5,7.36650652924906,2.45550217641635,3.68325326462453,28,9.33333333333333,14,1,3,3,1,3,0,0,0,0.02625,0.021,3,28,9.33333333333333,NA,NA,NA,NA,NA,NA,NA,NA,NA,NA,NA,NA,"P5"
"87","Notre Dame","fbs","FBS Independents",2021,4429088,"Drew Pyne",29,2,12,14.5,4.25995093779504,0.146894859923967,2.12997546889752,208,7.17241379310345,104,0.448275862068966,14,29,0.482758620689655,1,0,0,0,0.13,0.0866666666666667,29,208,7.17241379310345,NA,NA,NA,NA,NA,NA,NA,NA,NA,NA,NA,NA,"P5"
"87","Notre Dame","fbs","FBS Independents",2021,4430804,"Chris Tyree",1,1,12,1,4.21552985072583,4.21552985072583,4.21552985072583,55,55,55,1,1,1,1,1,0,0,0,0.06875,0.06875,1,55,55,NA,NA,NA,NA,NA,NA,NA,NA,NA,NA,NA,NA,"P5"
"87","Notre Dame","fbs","FBS Independents",2021,4431513,"Tyler Buchner",31,10,12,3.1,10.3780680385037,0.334776388338828,1.03780680385037,251,8.09677419354839,25.1,0.548387096774194,20,31,0.645161290322581,2,0,0,0,0.0418333333333333,0.0104583333333333,31,251,8.09677419354839,NA,NA,NA,NA,NA,NA,NA,NA,NA,NA,NA,NA,"P5"
"9","Arizona State","fbs","Pac-12",2021,4426348,"Jayden Daniels",256,11,11,23.2727272727273,67.5721894088093,0.263953864878161,6.14292630989176,2102,8.2109375,191.090909090909,0.453125,174,256,0.6796875,9,0,0,0,0.429954545454545,0.214977272727273,256,2102,8.2109375,72,85,73,70,22,65.5,49,93,65.5,49,91,96,"P5"
"9","Arizona State","fbs","Pac-12",2021,4428209,"Ricky Pearsall",2,2,11,1,5.09185468196416,2.54592734098208,2.54592734098208,44,22,22,1,2,2,1,2,0,0,0,0.0366666666666667,0.0275,2,44,22,NA,NA,NA,NA,NA,NA,NA,NA,NA,NA,NA,NA,"P5"
"9","Arizona State","fbs","Pac-12",2021,4569184,"Trenton Bourguet",5,2,11,2.5,5.63706335575147,1.12741267115029,2.81853167787573,53,10.6,26.5,0.8,4,5,0.8,1,0,0,0,0.033125,0.0220833333333333,5,53,10.6,NA,NA,NA,NA,NA,NA,NA,NA,NA,NA,NA,NA,"P5"
"96","Kentucky","fbs","SEC",2021,4361418,"Will Levis",280,11,11,25.4545454545455,103.491395562812,0.369612127010042,9.40830868752835,2330,8.32142857142857,211.818181818182,0.510714285714286,193,280,0.689285714285714,21,0,0,0,0.50547520661157,0.347514204545455,280,2330,8.32142857142857,42,47,34,22,18,48.5,40,72.5,48.5,40,64.5,47.5,"P5"
"96","Kentucky","fbs","SEC",2021,4429209,"Beau Allen",13,3,11,4.33333333333333,-9.50500302265795,-0.731154078665996,-3.16833434088598,92,7.07692307692308,30.6666666666667,0.384615384615385,8,13,0.615384615384615,0,0,0,0,0,0,13,92,7.07692307692308,NA,NA,NA,NA,NA,NA,NA,NA,NA,NA,NA,NA,"P5"
"96","Kentucky","fbs","SEC",2021,4431647,"Chauncey Magwood",1,1,11,1,0.877637606999468,0.877637606999468,0.877637606999468,15,15,15,1,1,1,1,0,0,0,0,0,0,1,15,15,NA,NA,NA,NA,NA,NA,NA,NA,NA,NA,NA,NA,"P5"
"97","Louisville","fbs","ACC",2021,4240069,"Malik Cunningham",290,11,11,26.3636363636364,97.67957600383,0.336826124151138,8.87996145489364,2400,8.27586206896552,218.181818181818,0.46551724137931,180,290,0.620689655172414,15,0,0,0,0.511363636363636,0.314685314685315,290,2400,8.27586206896552,45,54,44,57.5,72,45,45,67,45,45,62,62,"P5"
"97","Louisville","fbs","ACC",2021,4240091,"Josh Johnson",1,1,11,1,3.02223620556833,3.02223620556833,3.02223620556833,8,8,8,1,1,1,1,1,0,0,0,0.01,0.01,1,8,8,NA,NA,NA,NA,NA,NA,NA,NA,NA,NA,NA,NA,"P5"
"97","Louisville","fbs","ACC",2021,4360818,"Tyler Harrell",1,1,11,1,4.72024155269979,4.72024155269979,4.72024155269979,59,59,59,1,1,1,1,1,0,0,0,0.07375,0.07375,1,59,59,NA,NA,NA,NA,NA,NA,NA,NA,NA,NA,NA,NA,"P5"
"97","Louisville","fbs","ACC",2021,4429449,"Evan Conley",16,4,11,4,-7.13865502574005,-0.446165939108753,-1.78466375643501,76,4.75,19,0.25,9,16,0.5625,0,0,0,0,0,0,16,76,4.75,NA,NA,NA,NA,NA,NA,NA,NA,NA,NA,NA,NA,"P5"
"97","Louisville","fbs","ACC",2021,4431466,"Jordan Watkins",1,1,11,1,4.14841502106572,4.14841502106572,4.14841502106572,21,21,21,1,1,1,1,1,0,0,0,0.02625,0.02625,1,21,21,NA,NA,NA,NA,NA,NA,NA,NA,NA,NA,NA,NA,"P5"
"97","Louisville","fbs","ACC",2021,4686343,"Braden Smith",3,3,11,1,3.33555745545764,1.11185248515255,1.11185248515255,54,18,18,0.666666666666667,2,3,0.666666666666667,1,0,0,0,0.0225,0.01125,3,54,18,NA,NA,NA,NA,NA,NA,NA,NA,NA,NA,NA,NA,"P5"
"98","Western Kentucky","fbs","Conference USA",2021,4250360,"Bailey Zappe",508,10,10,50.8,189.059003559434,0.372163392833532,18.9059003559434,4205,8.27755905511811,420.5,0.517716535433071,341,508,0.671259842519685,40,0,0,0,1.02560975609756,0.841,508,4205,8.27755905511811,9,6,30,21,28,4,44,4,4,44,4,4,"G5"
"98","Western Kentucky","fbs","Conference USA",2021,4875895,"Drew Zaubi",4,2,10,2,3.03286917541159,0.758217293852899,1.5164345877058,38,9.5,19,0.5,3,4,0.75,0,0,0,0,0,0,4,38,9.5,NA,NA,NA,NA,NA,NA,NA,NA,NA,NA,NA,NA,"G5"
"99","LSU","fbs","SEC",2021,4362650,"Jaray Jenkins",5,2,11,2.5,17.4859972667546,3.49719945335091,8.74299863337729,107,21.4,53.5,1,5,5,1,5,0,0,0,0.111458333333333,0.0955357142857143,5,107,21.4,NA,NA,NA,NA,NA,NA,NA,NA,NA,NA,NA,NA,"P5"
"99","LSU","fbs","SEC",2021,4372118,"Avery Atkins",1,1,11,1,4.72401140060709,4.72401140060709,4.72401140060709,26,26,26,1,1,1,1,0,0,0,0,0,0,1,26,26,NA,NA,NA,NA,NA,NA,NA,NA,NA,NA,NA,NA,"P5"
"99","LSU","fbs","SEC",2021,4426407,"Trey Palmer",4,1,11,4,24.2129901340361,6.05324753350902,24.2129901340361,244,61,244,1,4,4,1,4,0,0,0,0.488,0.488,4,244,61,NA,NA,NA,NA,NA,NA,NA,NA,NA,NA,NA,NA,"P5"
"99","LSU","fbs","SEC",2021,4567747,"Garrett Nussmeier",49,3,11,16.3333333333333,2.86518859822415,0.0584732366984519,0.955062866074715,291,5.93877551020408,97,0.448979591836735,29,49,0.591836734693878,1,0,0,0,0.12125,0.060625,49,291,5.93877551020408,NA,NA,NA,NA,NA,NA,NA,NA,NA,NA,NA,NA,"P5"
"99","LSU","fbs","SEC",2021,4603186,"Jack Bech",1,1,11,1,2.68898007264506,2.68898007264506,2.68898007264506,29,29,29,1,1,1,1,1,0,0,0,0.03625,0.03625,1,29,29,NA,NA,NA,NA,NA,NA,NA,NA,NA,NA,NA,NA,"P5"
"99","LSU","fbs","SEC",2021,4685740,"Max Johnson",347,11,11,31.5454545454545,107.161463288629,0.308822660774146,9.74195120805716,2820,8.12680115273775,256.363636363636,0.461095100864553,224,347,0.645533141210375,21,0,0,0,0.611776859504132,0.420596590909091,347,2820,8.12680115273775,34,41,54,65,49,26,53,31,26,53,29,25,"P5"
