"team_id","pos_team","division","conference","season","player_id","passer_player_name","plays","games","team_games","playsgame","TEPA","EPAplay","EPAgame","yards","yardsplay","yardsgame","success","comp","att","comppct","passing_td","sacked","sack_yds","pass_int","detmer","detmergame","dropbacks","sack_adj_yards","yardsdropback","TEPA_rank","EPAgame_rank","EPAplay_rank","success_rank","comppct_rank","yards_rank","yardsplay_rank","yardsgame_rank","sack_adj_yards_rank","yardsdropback_rank","detmer_rank","detmergame_rank","fbs_class"
"103","Boston College","fbs","ACC",2019,4035312,"Anthony Brown",121,5,11,24.2,45.2715810327795,0.374145297791566,9.0543162065559,1059,8.75206611570248,211.8,0.446280991735537,73,121,0.603305785123967,6,0,0,0,0.453857142857143,0.288818181818182,121,1059,8.75206611570248,NA,NA,NA,NA,NA,NA,NA,NA,NA,NA,NA,NA,"P5"
"103","Boston College","fbs","ACC",2019,4035319,"Kobay White",1,1,11,1,4.48690875391263,4.48690875391263,4.48690875391263,13,13,13,1,1,1,1,1,0,0,0,0.01625,0.01625,1,13,13,NA,NA,NA,NA,NA,NA,NA,NA,NA,NA,NA,NA,"P5"
"103","Boston College","fbs","ACC",2019,4239938,"CJ Lewis",1,1,11,1,4.09107670547531,4.09107670547531,4.09107670547531,12,12,12,1,1,1,1,1,0,0,0,0.015,0.015,1,12,12,NA,NA,NA,NA,NA,NA,NA,NA,NA,NA,NA,NA,"P5"
"103","Boston College","fbs","ACC",2019,4239939,"Dennis Grosel",131,9,11,14.5555555555556,8.78194772579999,0.0670377688992365,0.975771969533332,833,6.3587786259542,92.5555555555556,0.366412213740458,64,131,0.488549618320611,8,0,0,0,0.205679012345679,0.108888888888889,131,833,6.3587786259542,NA,NA,NA,NA,NA,NA,NA,NA,NA,NA,NA,NA,"P5"
"103","Boston College","fbs","ACC",2019,4360202,"Matt Valecce",5,2,11,2.5,0.119252304975779,0.0238504609951558,0.0596261524878895,27,5.4,13.5,0.2,3,5,0.6,0,0,0,0,0,0,5,27,5.4,NA,NA,NA,NA,NA,NA,NA,NA,NA,NA,NA,NA,"P5"
"103","Boston College","fbs","ACC",2019,4360205,"David Bailey",1,1,11,1,3.41240440368169,3.41240440368169,3.41240440368169,16,16,16,1,1,1,1,1,0,0,0,0.02,0.02,1,16,16,NA,NA,NA,NA,NA,NA,NA,NA,NA,NA,NA,NA,"P5"
"103","Boston College","fbs","ACC",2019,4429615,"Zay Flowers",1,1,11,1,-0.602753874153196,-0.602753874153196,-0.602753874153196,0,0,0,0,0,1,0,0,0,0,0,0,0,1,0,0,NA,NA,NA,NA,NA,NA,NA,NA,NA,NA,NA,NA,"P5"
"113","Massachusetts","fbs","FBS Independents",2019,3125956,"Randall West",133,7,11,19,27.4404582199251,0.206319234736279,3.9200654599893,749,5.63157894736842,107,0.413533834586466,84,133,0.631578947368421,6,0,0,0,0.229285714285714,0.123461538461538,133,749,5.63157894736842,NA,NA,NA,NA,NA,NA,NA,NA,NA,NA,NA,NA,"G5"
"113","Massachusetts","fbs","FBS Independents",2019,4051777,"Mike Fallon",2,1,11,2,2.47861746578871,1.23930873289436,2.47861746578871,40,20,40,1,2,2,1,0,0,0,0,0,0,2,40,20,NA,NA,NA,NA,NA,NA,NA,NA,NA,NA,NA,NA,"G5"
"113","Massachusetts","fbs","FBS Independents",2019,4242394,"Michael Curtis",60,3,11,20,1.07200854335469,0.0178668090559115,0.35733618111823,288,4.8,96,0.35,30,60,0.5,2,0,0,0,0.16,0.096,60,288,4.8,NA,NA,NA,NA,NA,NA,NA,NA,NA,NA,NA,NA,"G5"
"113","Massachusetts","fbs","FBS Independents",2019,4256222,"Chinedu Ogbonna",1,1,11,1,-2.92991344396961,-2.92991344396961,-2.92991344396961,0,0,0,0,0,1,0,0,0,0,0,0,0,1,0,0,NA,NA,NA,NA,NA,NA,NA,NA,NA,NA,NA,NA,"G5"
"113","Massachusetts","fbs","FBS Independents",2019,4427647,"Jermaine Johnson Jr.",2,2,11,1,8.17994199112829,4.08997099556415,4.08997099556415,43,21.5,21.5,1,2,2,1,2,0,0,0,0.0358333333333333,0.026875,2,43,21.5,NA,NA,NA,NA,NA,NA,NA,NA,NA,NA,NA,NA,"G5"
"113","Massachusetts","fbs","FBS Independents",2019,4572366,"Andrew Brito",153,8,11,19.125,-31.7032355039155,-0.207210689568075,-3.96290443798943,714,4.66666666666667,89.25,0.30718954248366,85,153,0.555555555555556,4,0,0,0,0.1785,0.074375,153,714,4.66666666666667,NA,NA,NA,NA,NA,NA,NA,NA,NA,NA,NA,NA,"G5"
"12","Arizona","fbs","Pac-12",2019,4039602,"Khalil Tate",236,10,11,23.6,47.5828704160175,0.201622332271261,4.75828704160175,1772,7.50847457627119,177.2,0.423728813559322,144,236,0.610169491525424,11,0,0,0,0.406083333333333,0.232047619047619,236,1772,7.50847457627119,83,85,77,84,71,86.5,61,89.5,86.5,61,87,84,"P5"
"12","Arizona","fbs","Pac-12",2019,4372597,"Jamarye Joiner",1,1,11,1,-0.899051504468679,-0.899051504468679,-0.899051504468679,0,0,0,0,0,1,0,0,0,0,0,0,0,1,0,0,NA,NA,NA,NA,NA,NA,NA,NA,NA,NA,NA,NA,"P5"
"12","Arizona","fbs","Pac-12",2019,4427351,"Grant Gunnell",142,7,11,20.2857142857143,30.4843130377696,0.214678260829364,4.35490186253852,1090,7.67605633802817,155.714285714286,0.429577464788732,91,142,0.640845070422535,6,0,0,0,0.333673469387755,0.17967032967033,142,1090,7.67605633802817,NA,NA,NA,NA,NA,NA,NA,NA,NA,NA,NA,NA,"P5"
"120","Maryland","fbs","Big Ten",2019,4036210,"Tyrrell Pigrome",106,9,11,11.7777777777778,1.68207344172648,0.0158686173747781,0.18689704908072,652,6.15094339622642,72.4444444444444,0.39622641509434,66,106,0.622641509433962,2,0,0,0,0.120740740740741,0.0329292929292929,106,652,6.15094339622642,NA,NA,NA,NA,NA,NA,NA,NA,NA,NA,NA,NA,"P5"
"120","Maryland","fbs","Big Ten",2019,4037603,"Josh Jackson",177,9,11,19.6666666666667,-1.34096264887371,-0.00757606016312833,-0.148995849874857,1029,5.8135593220339,114.333333333333,0.327683615819209,83,177,0.468926553672316,8,0,0,0,0.254074074074074,0.134509803921569,177,1029,5.8135593220339,108,108,108,110,110,110,109,108,110,109,108,105,"P5"
"120","Maryland","fbs","Big Ten",2019,4360634,"Tyler DeSue",13,2,11,6.5,4.44164445560583,0.341664958123525,2.22082222780291,88,6.76923076923077,44,0.307692307692308,4,13,0.307692307692308,1,0,0,0,0.055,0.0366666666666667,13,88,6.76923076923077,NA,NA,NA,NA,NA,NA,NA,NA,NA,NA,NA,NA,"P5"
"120","Maryland","fbs","Big Ten",2019,4426454,"Lance LeGendre",3,2,11,1.5,-1.41154288083192,-0.47051429361064,-0.705771440415961,7,2.33333333333333,3.5,0.333333333333333,1,3,0.333333333333333,0,0,0,0,0,0,3,7,2.33333333333333,NA,NA,NA,NA,NA,NA,NA,NA,NA,NA,NA,NA,"P5"
"127","Michigan State","fbs","Big Ten",2019,3929824,"Brian Lewerke",385,12,12,32.0833333333333,71.9332745121829,0.186839674057618,5.99443954268191,2739,7.11428571428571,228.25,0.431168831168831,233,385,0.605194805194805,16,0,0,0,0.537058823529412,0.326071428571429,385,2739,7.11428571428571,59,74,82,80,76,27,81,46,27,81,43,52,"P5"
"127","Michigan State","fbs","Big Ten",2019,3929831,"Darrell Stewart Jr.",1,1,12,1,1.59987924145923,1.59987924145923,1.59987924145923,17,17,17,1,1,1,1,0,0,0,0,0,0,1,17,17,NA,NA,NA,NA,NA,NA,NA,NA,NA,NA,NA,NA,"P5"
"127","Michigan State","fbs","Big Ten",2019,4241965,"Rocky Lombardi",19,3,12,6.33333333333333,-4.99727925972885,-0.263014697880466,-1.66575975324295,74,3.89473684210526,24.6666666666667,0.210526315789474,7,19,0.368421052631579,0,0,0,0,0,0,19,74,3.89473684210526,NA,NA,NA,NA,NA,NA,NA,NA,NA,NA,NA,NA,"P5"
"127","Michigan State","fbs","Big Ten",2019,4241983,"Cody White",2,1,12,2,-2.37064601134228,-1.18532300567114,-2.37064601134228,0,0,0,0,0,2,0,0,0,0,0,0,0,2,0,0,NA,NA,NA,NA,NA,NA,NA,NA,NA,NA,NA,NA,"P5"
"127","Michigan State","fbs","Big Ten",2019,4360846,"Theo Day",3,1,12,3,2.3890154986536,0.796338499551201,2.3890154986536,12,4,12,0.666666666666667,2,3,0.666666666666667,0,0,0,0,0,0,3,12,4,NA,NA,NA,NA,NA,NA,NA,NA,NA,NA,NA,NA,"P5"
"130","Michigan","fbs","Big Ten",2019,4035292,"Shea Patterson",329,12,12,27.4166666666667,93.1730389730709,0.283200726361918,7.76441991442257,2784,8.46200607902736,232,0.468085106382979,192,329,0.583586626139818,18,0,0,0,0.549473684210526,0.348,329,2784,8.46200607902736,40,53,50,45,93,24,23,39,24,23,38,42,"P5"
"130","Michigan","fbs","Big Ten",2019,4036275,"Sean McKeon",1,1,12,1,1.91455029132391,1.91455029132391,1.91455029132391,6,6,6,1,1,1,1,1,0,0,0,0.0075,0.0075,1,6,6,NA,NA,NA,NA,NA,NA,NA,NA,NA,NA,NA,NA,"P5"
"130","Michigan","fbs","Big Ten",2019,4258173,"Nico Collins",1,1,12,1,1.99394950122515,1.99394950122515,1.99394950122515,16,16,16,1,1,1,1,1,0,0,0,0.02,0.02,1,16,16,NA,NA,NA,NA,NA,NA,NA,NA,NA,NA,NA,NA,"P5"
"130","Michigan","fbs","Big Ten",2019,4258191,"Dylan McCaffrey",19,5,12,3.8,-0.642985412000881,-0.0338413374737306,-0.128597082400176,90,4.73684210526316,18,0.315789473684211,9,19,0.473684210526316,0,0,0,0,0,0,19,90,4.73684210526316,NA,NA,NA,NA,NA,NA,NA,NA,NA,NA,NA,NA,"P5"
"130","Michigan","fbs","Big Ten",2019,4258195,"Donovan Peoples-Jones",2,2,12,1,6.88661664624891,3.44330832312446,3.44330832312446,13,6.5,6.5,1,2,2,1,2,0,0,0,0.0108333333333333,0.008125,2,13,6.5,NA,NA,NA,NA,NA,NA,NA,NA,NA,NA,NA,NA,"P5"
"130","Michigan","fbs","Big Ten",2019,4360698,"Joe Milton",6,3,12,2,3.34790893199321,0.557984821998869,1.11596964399774,59,9.83333333333333,19.6666666666667,0.5,3,6,0.5,1,0,0,0,0.0245833333333333,0.0122916666666667,6,59,9.83333333333333,NA,NA,NA,NA,NA,NA,NA,NA,NA,NA,NA,NA,"P5"
"130","Michigan","fbs","Big Ten",2019,4372062,"Michael Barrett",1,1,12,1,5.30441900980398,5.30441900980398,5.30441900980398,25,25,25,1,1,1,1,0,0,0,0,0,0,1,25,25,NA,NA,NA,NA,NA,NA,NA,NA,NA,NA,NA,NA,"P5"
"130","Michigan","fbs","Big Ten",2019,4428414,"Mike Sainristil",1,1,12,1,3.08544372558785,3.08544372558785,3.08544372558785,26,26,26,1,1,1,1,1,0,0,0,0.0325,0.0325,1,26,26,NA,NA,NA,NA,NA,NA,NA,NA,NA,NA,NA,NA,"P5"
"135","Minnesota","fbs","Big Ten",2019,246044,"Tyler Johnson",1,1,11,1,2.8208114522291,2.8208114522291,2.8208114522291,17,17,17,1,1,1,1,1,0,0,0,0.02125,0.02125,1,17,17,NA,NA,NA,NA,NA,NA,NA,NA,NA,NA,NA,NA,"P5"
"135","Minnesota","fbs","Big Ten",2019,4240756,"Tanner Morgan",260,11,11,23.6363636363636,181.216625463342,0.696987021012855,16.4742386784857,2719,10.4576923076923,247.181818181818,0.565384615384615,175,260,0.673076923076923,22,0,0,0,0.591086956521739,0.411969696969697,260,2719,10.4576923076923,2,2,1,5,17,30,2,30,30,2,30,24,"P5"
"135","Minnesota","fbs","Big Ten",2019,4360939,"Rashod Bateman",4,2,11,2,13.2561024003178,3.31402560007944,6.62805120015888,87,21.75,43.5,1,4,4,1,4,0,0,0,0.087,0.0725,4,87,21.75,NA,NA,NA,NA,NA,NA,NA,NA,NA,NA,NA,NA,"P5"
"135","Minnesota","fbs","Big Ten",2019,4427740,"Cole Kramer",1,1,11,1,-0.149439361981427,-0.149439361981427,-0.149439361981427,0,0,0,0,0,1,0,0,0,0,0,0,0,1,0,0,NA,NA,NA,NA,NA,NA,NA,NA,NA,NA,NA,NA,"P5"
"135","Minnesota","fbs","Big Ten",2019,4569535,"Jacob Clark",1,1,11,1,3.80376732835742,3.80376732835742,3.80376732835742,39,39,39,1,1,1,1,0,0,0,0,0,0,1,39,39,NA,NA,NA,NA,NA,NA,NA,NA,NA,NA,NA,NA,"P5"
"142","Missouri","fbs","SEC",2019,3728240,"Kelly Bryant",266,9,11,29.5555555555556,54.123637548651,0.20347232161147,6.01373750540567,1991,7.48496240601504,221.222222222222,0.43609022556391,165,266,0.620300751879699,14,0,0,0,0.516185185185185,0.336642512077295,266,1991,7.48496240601504,79,73,76,75,58,71,63,52,71,63,52,47,"P5"
"142","Missouri","fbs","SEC",2019,4035100,"Micah Wilson",1,1,11,1,2.92044040688669,2.92044040688669,2.92044040688669,15,15,15,1,1,1,1,1,0,0,0,0.01875,0.01875,1,15,15,NA,NA,NA,NA,NA,NA,NA,NA,NA,NA,NA,NA,"P5"
"142","Missouri","fbs","SEC",2019,4241193,"Taylor Powell",55,5,11,11,-8.06620258971254,-0.146658228903864,-1.61324051794251,280,5.09090909090909,56,0.290909090909091,28,55,0.509090909090909,1,0,0,0,0.07,0.0233333333333333,55,280,5.09090909090909,NA,NA,NA,NA,NA,NA,NA,NA,NA,NA,NA,NA,"P5"
"142","Missouri","fbs","SEC",2019,4426444,"Connor Bazelak",21,2,11,10.5,13.5190280468253,0.643763240325013,6.75951402341264,144,6.85714285714286,72,0.666666666666667,15,21,0.714285714285714,0,0,0,0,0,0,21,144,6.85714285714286,NA,NA,NA,NA,NA,NA,NA,NA,NA,NA,NA,NA,"P5"
"145","Ole Miss","fbs","SEC",2019,4362874,"Matt Corral",145,9,11,16.1111111111111,29.7343430769672,0.205064435013567,3.3038158974408,1123,7.7448275862069,124.777777777778,0.427586206896552,84,145,0.579310344827586,4,0,0,0,0.249555555555556,0.095982905982906,145,1123,7.7448275862069,NA,NA,NA,NA,NA,NA,NA,NA,NA,NA,NA,NA,"P5"
"145","Ole Miss","fbs","SEC",2019,4426494,"John Rhys Plumlee",147,9,11,16.3333333333333,2.88349983493984,0.0196156451356452,0.320388870548871,909,6.18367346938776,101,0.36734693877551,79,147,0.537414965986395,4,0,0,0,0.202,0.0776923076923077,147,909,6.18367346938776,NA,NA,NA,NA,NA,NA,NA,NA,NA,NA,NA,NA,"P5"
"145","Ole Miss","fbs","SEC",2019,4567243,"Grant Tisdale",2,1,11,2,6.18456178980681,3.0922808949034,6.18456178980681,56,28,56,1,2,2,1,1,0,0,0,0.07,0.07,2,56,28,NA,NA,NA,NA,NA,NA,NA,NA,NA,NA,NA,NA,"P5"
"150","Duke","fbs","ACC",2019,3917789,"Aaron Young",1,1,11,1,-1.09032387324722,-1.09032387324722,-1.09032387324722,0,0,0,0,0,1,0,0,0,0,0,0,0,1,0,0,NA,NA,NA,NA,NA,NA,NA,NA,NA,NA,NA,NA,"P5"
"150","Duke","fbs","ACC",2019,3917793,"Quentin Harris",301,11,11,27.3636363636364,-3.83545243700452,-0.0127423669003473,-0.348677494273139,1672,5.55481727574751,152,0.352159468438538,176,301,0.584717607973422,9,0,0,0,0.342,0.171,301,1672,5.55481727574751,109,109,109,106,92,90,110,101,90,110,101,103,"P5"
"150","Duke","fbs","ACC",2019,3917796,"Austin Parker",1,1,11,1,-2.50140292585762,-2.50140292585762,-2.50140292585762,0,0,0,0,0,1,0,0,0,0,0,0,0,1,0,0,NA,NA,NA,NA,NA,NA,NA,NA,NA,NA,NA,NA,"P5"
"150","Duke","fbs","ACC",2019,4240452,"Chris Katrenick",11,3,11,3.66666666666667,-7.63493939732074,-0.694085399756431,-2.54497979910691,30,2.72727272727273,10,0.0909090909090909,2,11,0.181818181818182,1,0,0,0,0.0125,0.00625,11,30,2.72727272727273,NA,NA,NA,NA,NA,NA,NA,NA,NA,NA,NA,NA,"P5"
"150","Duke","fbs","ACC",2019,4240455,"Deon Jackson",2,2,11,1,9.66878026805039,4.8343901340252,4.8343901340252,69,34.5,34.5,1,2,2,1,2,0,0,0,0.0575,0.043125,2,69,34.5,NA,NA,NA,NA,NA,NA,NA,NA,NA,NA,NA,NA,"P5"
"150","Duke","fbs","ACC",2019,4240472,"Noah Gray",2,1,11,2,3.13859925241606,1.56929962620803,3.13859925241606,17,8.5,17,1,2,2,1,2,0,0,0,0.0283333333333333,0.0283333333333333,2,17,8.5,NA,NA,NA,NA,NA,NA,NA,NA,NA,NA,NA,NA,"P5"
"150","Duke","fbs","ACC",2019,4360405,"Jake Bobo",1,1,11,1,-0.573060528283901,-0.573060528283901,-0.573060528283901,0,0,0,0,0,1,0,0,0,0,0,0,0,1,0,0,NA,NA,NA,NA,NA,NA,NA,NA,NA,NA,NA,NA,"P5"
"151","East Carolina","fbs","American Athletic",2019,4038520,"Reid Herring",6,1,10,6,2.44191630777542,0.406986051295904,2.44191630777542,60,10,60,0.666666666666667,4,6,0.666666666666667,0,0,0,0,0,0,6,60,10,NA,NA,NA,NA,NA,NA,NA,NA,NA,NA,NA,NA,"G5"
"151","East Carolina","fbs","American Athletic",2019,4360131,"Holton Ahlers",370,10,10,37,135.856199182157,0.367178916708532,13.5856199182157,2982,8.05945945945946,298.2,0.448648648648649,226,370,0.610810810810811,19,0,0,0,0.708225,0.488431034482759,370,2982,8.05945945945946,14,9,19,60,70,19,39,6,19,39,6,9,"G5"
"151","East Carolina","fbs","American Athletic",2019,4567457,"Bryan Gagg",1,1,10,1,2.81157318356813,2.81157318356813,2.81157318356813,5,5,5,1,1,1,1,1,0,0,0,0.00625,0.00625,1,5,5,NA,NA,NA,NA,NA,NA,NA,NA,NA,NA,NA,NA,"G5"
"152","NC State","fbs","ACC",2019,4035703,"Cary Angeline",1,1,11,1,1.78028160709065,1.78028160709065,1.78028160709065,4,4,4,1,1,1,1,1,0,0,0,0.005,0.005,1,4,4,NA,NA,NA,NA,NA,NA,NA,NA,NA,NA,NA,NA,"P5"
"152","NC State","fbs","ACC",2019,4240025,"Bailey Hockman",88,6,11,14.6666666666667,-6.24603552183157,-0.0709776763844497,-1.04100592030526,515,5.85227272727273,85.8333333333333,0.386363636363636,50,88,0.568181818181818,1,0,0,0,0.107291666666667,0.0306547619047619,88,515,5.85227272727273,NA,NA,NA,NA,NA,NA,NA,NA,NA,NA,NA,NA,"P5"
"152","NC State","fbs","ACC",2019,4240096,"Matt McKay",121,4,11,30.25,-5.90656007926635,-0.0488145461096393,-1.47664001981659,706,5.83471074380165,176.5,0.413223140495868,68,121,0.56198347107438,2,0,0,0,0.294166666666667,0.147083333333333,121,706,5.83471074380165,NA,NA,NA,NA,NA,NA,NA,NA,NA,NA,NA,NA,"P5"
"152","NC State","fbs","ACC",2019,4240121,"Thayer Thomas",4,4,11,1,3.2661307948256,0.816532698706399,0.816532698706399,42,10.5,10.5,0.5,2,4,0.5,1,0,0,0,0.013125,0.00525,4,42,10.5,NA,NA,NA,NA,NA,NA,NA,NA,NA,NA,NA,NA,"P5"
"152","NC State","fbs","ACC",2019,4361653,"Devin Leary",204,8,11,25.5,15.6892266165218,0.0769079736104009,1.96115332706522,1212,5.94117647058824,151.5,0.348039215686274,100,204,0.490196078431373,7,0,0,0,0.33140625,0.17675,204,1212,5.94117647058824,99,99,99,107,109,104,106,102,104,106,103,102,"P5"
"152","NC State","fbs","ACC",2019,4361660,"Trent Pennix",1,1,11,1,4.58170267139813,4.58170267139813,4.58170267139813,32,32,32,1,1,1,1,1,0,0,0,0.04,0.04,1,32,32,NA,NA,NA,NA,NA,NA,NA,NA,NA,NA,NA,NA,"P5"
"152","NC State","fbs","ACC",2019,4427789,"Keyon Lesane",1,1,11,1,-1.09063811143725,-1.09063811143725,-1.09063811143725,0,0,0,0,0,1,0,0,0,0,0,0,0,1,0,0,NA,NA,NA,NA,NA,NA,NA,NA,NA,NA,NA,NA,"P5"
"153","North Carolina","fbs","ACC",2019,4240676,"Beau Corrales",1,1,11,1,2.43703102291716,2.43703102291716,2.43703102291716,17,17,17,1,1,1,1,1,0,0,0,0.02125,0.02125,1,17,17,NA,NA,NA,NA,NA,NA,NA,NA,NA,NA,NA,NA,"P5"
"153","North Carolina","fbs","ACC",2019,4361575,"Jace Ruder",2,1,11,2,-0.702826363829673,-0.351413181914837,-0.702826363829673,7,3.5,7,0,1,2,0.5,0,0,0,0,0,0,2,7,3.5,NA,NA,NA,NA,NA,NA,NA,NA,NA,NA,NA,NA,"P5"
"153","North Carolina","fbs","ACC",2019,4361577,"Dyami Brown",2,2,11,1,3.50483995968492,1.75241997984246,1.75241997984246,40,20,20,1,2,2,1,1,0,0,0,0.025,0.0166666666666667,2,40,20,NA,NA,NA,NA,NA,NA,NA,NA,NA,NA,NA,NA,"P5"
"153","North Carolina","fbs","ACC",2019,4426875,"Sam Howell",350,11,11,31.8181818181818,164.889114947301,0.471111756992288,14.9899195406637,3112,8.89142857142857,282.909090909091,0.497142857142857,217,350,0.62,29,0,0,0,0.68369696969697,0.512772727272727,350,3112,8.89142857142857,6,4,11,22,59,13,15,12,13,15,10,6,"P5"
"153","North Carolina","fbs","ACC",2019,4568663,"Vincent Amendola",2,1,11,2,2.69189209608747,1.34594604804373,2.69189209608747,39,19.5,39,1,2,2,1,0,0,0,0,0,0,2,39,19.5,NA,NA,NA,NA,NA,NA,NA,NA,NA,NA,NA,NA,"P5"
"154","Wake Forest","fbs","ACC",2019,4037213,"Jamie Newman",289,10,11,28.9,102.452287291373,0.354506184399215,10.2452287291373,2291,7.92733564013841,229.1,0.480968858131488,180,289,0.622837370242215,17,0,0,0,0.540930555555555,0.36062037037037,289,2291,7.92733564013841,33,28,29,34,55,55,45,45,55,45,39,36,"P5"
"154","Wake Forest","fbs","ACC",2019,4240419,"Tayvone Bowers",1,1,11,1,-0.647737449895953,-0.647737449895953,-0.647737449895953,0,0,0,0,0,1,0,0,0,0,0,0,0,1,0,0,NA,NA,NA,NA,NA,NA,NA,NA,NA,NA,NA,NA,"P5"
"154","Wake Forest","fbs","ACC",2019,4240432,"Sage Surratt",1,1,11,1,3.39363773078365,3.39363773078365,3.39363773078365,51,51,51,1,1,1,1,1,0,0,0,0.06375,0.06375,1,51,51,NA,NA,NA,NA,NA,NA,NA,NA,NA,NA,NA,NA,"P5"
"154","Wake Forest","fbs","ACC",2019,4361994,"Sam Hartman",91,3,11,30.3333333333333,36.5923653752498,0.402113905222526,12.1974551250833,826,9.07692307692308,275.333333333333,0.527472527472527,54,91,0.593406593406593,4,0,0,0,0.550666666666667,0.393333333333333,91,826,9.07692307692308,NA,NA,NA,NA,NA,NA,NA,NA,NA,NA,NA,NA,"P5"
"154","Wake Forest","fbs","ACC",2019,4567031,"Michael Kern",4,1,11,4,-2.72235261216804,-0.68058815304201,-2.72235261216804,8,2,8,0,2,4,0.5,0,0,0,0,0,0,4,8,2,NA,NA,NA,NA,NA,NA,NA,NA,NA,NA,NA,NA,"P5"
"158","Nebraska","fbs","Big Ten",2019,4034860,"JD Spielman",2,2,12,1,1.92195288334897,0.960976441674487,0.960976441674487,22,11,11,0.5,1,2,0.5,0,0,0,0,0,0,2,22,11,NA,NA,NA,NA,NA,NA,NA,NA,NA,NA,NA,NA,"P5"
"158","Nebraska","fbs","Big Ten",2019,4240792,"Andrew Bunch",6,1,12,6,-7.34020635141816,-1.22336772523636,-7.34020635141816,13,2.16666666666667,13,0.166666666666667,1,6,0.166666666666667,0,0,0,0,0,0,6,13,2.16666666666667,NA,NA,NA,NA,NA,NA,NA,NA,NA,NA,NA,NA,"P5"
"158","Nebraska","fbs","Big Ten",2019,4243539,"Noah Vedral",51,5,12,10.2,12.0526172643264,0.236325828712283,2.41052345286528,418,8.19607843137255,83.6,0.470588235294118,34,51,0.666666666666667,0,0,0,0,0,0,51,418,8.19607843137255,NA,NA,NA,NA,NA,NA,NA,NA,NA,NA,NA,NA,"P5"
"158","Nebraska","fbs","Big Ten",2019,4361182,"Adrian Martinez",241,10,12,24.1,67.8319573569898,0.281460403970912,6.78319573569898,1952,8.09958506224066,195.2,0.435684647302905,148,241,0.614107883817427,10,0,0,0,0.443636363636364,0.244,241,1952,8.09958506224066,65,62,52,77,67,74,38,78,74,38,79,79,"P5"
"158","Nebraska","fbs","Big Ten",2019,4426948,"Luke McCaffrey",12,3,12,4,4.09953451573638,0.341627876311365,1.36651150524546,142,11.8333333333333,47.3333333333333,0.583333333333333,9,12,0.75,2,0,0,0,0.0788888888888889,0.0473333333333333,12,142,11.8333333333333,NA,NA,NA,NA,NA,NA,NA,NA,NA,NA,NA,NA,"P5"
"164","Rutgers","fbs","Big Ten",2019,3910083,"McLane Carter",42,2,12,21,14.9147306994191,0.355112635700455,7.45736534970956,362,8.61904761904762,181,0.452380952380952,26,42,0.619047619047619,2,0,0,0,0.301666666666667,0.22625,42,362,8.61904761904762,NA,NA,NA,NA,NA,NA,NA,NA,NA,NA,NA,NA,"P5"
"164","Rutgers","fbs","Big Ten",2019,4360204,"Johnny Langan",150,9,12,16.6666666666667,-20.8053777983813,-0.138702518655875,-2.31170864426458,836,5.57333333333333,92.8888888888889,0.293333333333333,80,150,0.533333333333333,4,0,0,0,0.185777777777778,0.0714529914529914,150,836,5.57333333333333,NA,NA,NA,NA,NA,NA,NA,NA,NA,NA,NA,NA,"P5"
"164","Rutgers","fbs","Big Ten",2019,4361529,"Isaih Pacheco",1,1,12,1,-1.03031343777136,-1.03031343777136,-1.03031343777136,0,0,0,0,0,1,0,0,0,0,0,0,0,1,0,0,NA,NA,NA,NA,NA,NA,NA,NA,NA,NA,NA,NA,"P5"
"164","Rutgers","fbs","Big Ten",2019,4361530,"Artur Sitkowski",66,3,12,22,-0.318979642305946,-0.00483302488342342,-0.106326547435315,429,6.5,143,0.363636363636364,44,66,0.666666666666667,1,0,0,0,0.17875,0.089375,66,429,6.5,NA,NA,NA,NA,NA,NA,NA,NA,NA,NA,NA,NA,"P5"
"164","Rutgers","fbs","Big Ten",2019,4570057,"Cole Snyder",3,1,12,3,0.55081877462897,0.183606258209657,0.55081877462897,35,11.6666666666667,35,1,3,3,1,0,0,0,0,0,0,3,35,11.6666666666667,NA,NA,NA,NA,NA,NA,NA,NA,NA,NA,NA,NA,"P5"
"166","New Mexico State","fbs","FBS Independents",2019,3928932,"Tony Nicholson",3,3,11,1,0.293286857258149,0.0977622857527164,0.0977622857527164,7,2.33333333333333,2.33333333333333,0.333333333333333,1,3,0.333333333333333,1,0,0,0,0.00291666666666667,0.00145833333333333,3,7,2.33333333333333,NA,NA,NA,NA,NA,NA,NA,NA,NA,NA,NA,NA,"G5"
"166","New Mexico State","fbs","FBS Independents",2019,4040790,"Jason Huntley",1,1,11,1,3.30481896708581,3.30481896708581,3.30481896708581,4,4,4,1,1,1,1,1,0,0,0,0.005,0.005,1,4,4,NA,NA,NA,NA,NA,NA,NA,NA,NA,NA,NA,NA,"G5"
"166","New Mexico State","fbs","FBS Independents",2019,4241635,"Josh Adkins",384,11,11,34.9090909090909,33.7832376276819,0.0879771813220884,3.07120342069836,2241,5.8359375,203.727272727273,0.385416666666667,245,384,0.638020833333333,10,0,0,0,0.46301652892562,0.242532467532467,384,2241,5.8359375,95,96,98,100,45,59.5,108,70,59.5,108,73,81,"G5"
"166","New Mexico State","fbs","FBS Independents",2019,4361467,"Matt Romero",5,1,11,5,-4.12510532623487,-0.825021065246973,-4.12510532623487,16,3.2,16,0.2,2,5,0.4,0,0,0,0,0,0,5,16,3.2,NA,NA,NA,NA,NA,NA,NA,NA,NA,NA,NA,NA,"G5"
"166","New Mexico State","fbs","FBS Independents",2019,4569953,"Robert Downs III",1,1,11,1,5.43077808324876,5.43077808324876,5.43077808324876,35,35,35,1,1,1,1,1,0,0,0,0.04375,0.04375,1,35,35,NA,NA,NA,NA,NA,NA,NA,NA,NA,NA,NA,NA,"G5"
"167","New Mexico","fbs","Mountain West",2019,3915379,"Sheriron Jones",57,4,11,14.25,3.51925657487769,0.0617413434189068,0.879814143719421,340,5.96491228070175,85,0.368421052631579,27,57,0.473684210526316,1,0,0,0,0.10625,0.0425,57,340,5.96491228070175,NA,NA,NA,NA,NA,NA,NA,NA,NA,NA,NA,NA,"G5"
"167","New Mexico","fbs","Mountain West",2019,3917100,"Q' Drennan",1,1,11,1,-0.732347546172087,-0.732347546172087,-0.732347546172087,0,0,0,0,0,1,0,0,0,0,0,0,0,1,0,0,NA,NA,NA,NA,NA,NA,NA,NA,NA,NA,NA,NA,"G5"
"167","New Mexico","fbs","Mountain West",2019,4039390,"Tevaka Tuioti",187,9,11,20.7777777777778,19.8080910380764,0.105925620524473,2.20089900423071,1328,7.10160427807487,147.555555555556,0.411764705882353,100,187,0.53475935828877,6,0,0,0,0.316190476190476,0.147555555555556,187,1328,7.10160427807487,98,98,97,89,108,101,82,103,101,82,104,104,"G5"
"167","New Mexico","fbs","Mountain West",2019,4374062,"Trae Hall",26,2,11,13,1.21903230230477,0.0468858577809527,0.609516151152385,135,5.19230769230769,67.5,0.346153846153846,15,26,0.576923076923077,4,0,0,0,0.135,0.1125,26,135,5.19230769230769,NA,NA,NA,NA,NA,NA,NA,NA,NA,NA,NA,NA,"G5"
"167","New Mexico","fbs","Mountain West",2019,4374065,"Cedric Patterson III",2,2,11,1,10.0106553210961,5.00532766054806,5.00532766054806,100,50,50,1,2,2,1,2,0,0,0,0.0833333333333333,0.0625,2,100,50,NA,NA,NA,NA,NA,NA,NA,NA,NA,NA,NA,NA,"G5"
"183","Syracuse","fbs","ACC",2019,4037121,"Rex Culpepper",1,1,11,1,-0.777089461905223,-0.777089461905223,-0.777089461905223,0,0,0,0,0,1,0,0,0,0,0,0,0,1,0,0,NA,NA,NA,NA,NA,NA,NA,NA,NA,NA,NA,NA,"P5"
"183","Syracuse","fbs","ACC",2019,4046715,"Trishton Jackson",1,1,11,1,1.00538626730897,1.00538626730897,1.00538626730897,2,2,2,1,1,1,1,1,0,0,0,0.0025,0.0025,1,2,2,NA,NA,NA,NA,NA,NA,NA,NA,NA,NA,NA,NA,"P5"
"183","Syracuse","fbs","ACC",2019,4240391,"Tommy DeVito",300,11,11,27.2727272727273,61.5946912795213,0.205315637598404,5.59951738904739,2037,6.79,185.181818181818,0.416666666666667,192,300,0.64,14,0,0,0,0.432090909090909,0.259254545454545,300,2037,6.79,71,77,74,86,43,68,92,82,68,92,81,75,"P5"
"183","Syracuse","fbs","ACC",2019,4240412,"Aaron Hackett",1,1,11,1,2.79263145484151,2.79263145484151,2.79263145484151,7,7,7,1,1,1,1,1,0,0,0,0.00875,0.00875,1,7,7,NA,NA,NA,NA,NA,NA,NA,NA,NA,NA,NA,NA,"P5"
"183","Syracuse","fbs","ACC",2019,4258614,"Clayton Welch",56,5,11,11.2,5.15993658544934,0.0921417247401667,1.03198731708987,402,7.17857142857143,80.4,0.357142857142857,29,56,0.517857142857143,2,0,0,0,0.134,0.0574285714285714,56,402,7.17857142857143,NA,NA,NA,NA,NA,NA,NA,NA,NA,NA,NA,NA,"P5"
"183","Syracuse","fbs","ACC",2019,4361952,"Taj Harris",3,3,11,1,9.49417667591661,3.16472555863887,3.16472555863887,98,32.6666666666667,32.6666666666667,0.333333333333333,2,3,0.666666666666667,1,0,0,0,0.0408333333333333,0.0204166666666667,3,98,32.6666666666667,NA,NA,NA,NA,NA,NA,NA,NA,NA,NA,NA,NA,"P5"
"189","Bowling Green","fbs","Mid-American",2019,3122790,"Darius Wade",95,6,11,15.8333333333333,-23.4020852468508,-0.246337739440535,-3.90034754114181,498,5.2421052631579,83,0.242105263157895,52,95,0.547368421052632,0,0,0,0,0,0,95,498,5.2421052631579,NA,NA,NA,NA,NA,NA,NA,NA,NA,NA,NA,NA,"G5"
"189","Bowling Green","fbs","Mid-American",2019,4046743,"Grant Loy",187,10,11,18.7,6.6739960995553,0.0356898187141994,0.66739960995553,1096,5.86096256684492,109.6,0.347593582887701,112,187,0.598930481283422,5,0,0,0,0.228333333333333,0.0913333333333333,187,1096,5.86096256684492,102,103,103,108,81,108,107,109,108,107,109,110,"G5"
"189","Bowling Green","fbs","Mid-American",2019,4373422,"Presley Motes",1,1,11,1,-1.14550200532633,-1.14550200532633,-1.14550200532633,0,0,0,0,0,1,0,0,0,0,0,0,0,1,0,0,NA,NA,NA,NA,NA,NA,NA,NA,NA,NA,NA,NA,"G5"
"193","Miami (OH)","fbs","Mid-American",2019,4038966,"Jack Sorenson",2,2,12,1,2.91242023814184,1.45621011907092,1.45621011907092,21,10.5,10.5,0.5,1,2,0.5,1,0,0,0,0.013125,0.00875,2,21,10.5,NA,NA,NA,NA,NA,NA,NA,NA,NA,NA,NA,NA,"G5"
"193","Miami (OH)","fbs","Mid-American",2019,4244297,"Jackson Williamson",16,4,12,4,-7.09102522990484,-0.443189076869053,-1.77275630747621,77,4.8125,19.25,0.1875,7,16,0.4375,0,0,0,0,0,0,16,77,4.8125,NA,NA,NA,NA,NA,NA,NA,NA,NA,NA,NA,NA,"G5"
"193","Miami (OH)","fbs","Mid-American",2019,4244306,"Jalen Walker",1,1,12,1,-0.939328180469102,-0.939328180469102,-0.939328180469102,0,0,0,0,0,1,0,0,0,0,0,0,0,1,0,0,NA,NA,NA,NA,NA,NA,NA,NA,NA,NA,NA,NA,"G5"
"193","Miami (OH)","fbs","Mid-American",2019,4427243,"Brett Gabbert",259,12,12,21.5833333333333,49.7757991530225,0.192184552714373,4.14798326275187,1990,7.68339768339768,165.833333333333,0.401544401544402,142,259,0.548262548262548,10,0,0,0,0.376893939393939,0.18844696969697,259,1990,7.68339768339768,82,90,80,95,104,72,55,97,72,55,97,100,"G5"
"194","Ohio State","fbs","Big Ten",2019,3870490,"Chris Chugunov",43,8,13,5.375,-3.91752582571028,-0.0911052517607043,-0.489690728213786,286,6.65116279069767,35.75,0.441860465116279,26,43,0.604651162790698,6,0,0,0,0.0766071428571428,0.0383035714285714,43,286,6.65116279069767,NA,NA,NA,NA,NA,NA,NA,NA,NA,NA,NA,NA,"P5"
"194","Ohio State","fbs","Big Ten",2019,3915522,"K.J. Hill",4,3,13,1.33333333333333,8.48961240210929,2.12240310052732,2.8298708007031,58,14.5,19.3333333333333,1,4,4,1,4,0,0,0,0.0386666666666667,0.0276190476190476,4,58,14.5,NA,NA,NA,NA,NA,NA,NA,NA,NA,NA,NA,NA,"P5"
"194","Ohio State","fbs","Big Ten",2019,4035051,"Gunnar Hoak",6,4,13,1.5,5.02258275013413,0.837097125022355,1.25564568753353,104,17.3333333333333,26,0.833333333333333,6,6,1,1,0,0,0,0.0325,0.013,6,104,17.3333333333333,NA,NA,NA,NA,NA,NA,NA,NA,NA,NA,NA,NA,"P5"
"194","Ohio State","fbs","Big Ten",2019,4040607,"Drue Chrisman",1,1,13,1,3.99645120677786,3.99645120677786,3.99645120677786,21,21,21,1,1,1,1,0,0,0,0,0,0,1,21,21,NA,NA,NA,NA,NA,NA,NA,NA,NA,NA,NA,NA,"P5"
"194","Ohio State","fbs","Big Ten",2019,4361370,"Chris Olave",1,1,13,1,3.03056336057249,3.03056336057249,3.03056336057249,28,28,28,1,1,1,1,1,0,0,0,0.035,0.035,1,28,28,NA,NA,NA,NA,NA,NA,NA,NA,NA,NA,NA,NA,"P5"
"194","Ohio State","fbs","Big Ten",2019,4361372,"Jeremy Ruckert",1,1,13,1,2.87413052031093,2.87413052031093,2.87413052031093,16,16,16,1,1,1,1,1,0,0,0,0.02,0.02,1,16,16,NA,NA,NA,NA,NA,NA,NA,NA,NA,NA,NA,NA,"P5"
"194","Ohio State","fbs","Big Ten",2019,4362887,"Justin Fields",300,13,13,23.0769230769231,166.672150761977,0.555573835873257,12.8209346739982,2842,9.47333333333333,218.615384615385,0.58,201,300,0.67,33,0,0,0,0.530463800904977,0.392081939799331,300,2842,9.47333333333333,5,12,3,3,20,21,8,56,21,8,47,29,"P5"
"194","Ohio State","fbs","Big Ten",2019,4569618,"Garrett Wilson",1,1,13,1,4.27183266497779,4.27183266497779,4.27183266497779,9,9,9,1,1,1,1,1,0,0,0,0.01125,0.01125,1,9,9,NA,NA,NA,NA,NA,NA,NA,NA,NA,NA,NA,NA,"P5"
"195","Ohio","fbs","Mid-American",2019,4062697,"DL Knock",1,1,11,1,0.605919013764663,0.605919013764663,0.605919013764663,2,2,2,1,1,1,1,1,0,0,0,0.0025,0.0025,1,2,2,NA,NA,NA,NA,NA,NA,NA,NA,NA,NA,NA,NA,"G5"
"195","Ohio","fbs","Mid-American",2019,4244688,"Nathan Rourke",280,11,11,25.4545454545455,96.6552898229,0.345197463653214,8.78684452935455,2474,8.83571428571429,224.909090909091,0.492857142857143,172,280,0.614285714285714,17,0,0,0,0.531035353535353,0.34137987012987,280,2474,8.83571428571429,39,44,32,25,66,42,17,48,42,17,46,45,"G5"
"195","Ohio","fbs","Mid-American",2019,4260936,"Drew Keszei",1,1,11,1,1.78221760094117,1.78221760094117,1.78221760094117,21,21,21,1,1,1,1,0,0,0,0,0,0,1,21,21,NA,NA,NA,NA,NA,NA,NA,NA,NA,NA,NA,NA,"G5"
"195","Ohio","fbs","Mid-American",2019,4362301,"Isiah Cox",1,1,11,1,-0.677497722212715,-0.677497722212715,-0.677497722212715,0,0,0,0,0,1,0,0,0,0,0,0,0,1,0,0,NA,NA,NA,NA,NA,NA,NA,NA,NA,NA,NA,NA,"G5"
"195","Ohio","fbs","Mid-American",2019,4362303,"Joe Mischler",2,1,11,2,-0.338791209333636,-0.169395604666818,-0.338791209333636,23,11.5,23,0.5,1,2,0.5,0,0,0,0,0,0,2,23,11.5,NA,NA,NA,NA,NA,NA,NA,NA,NA,NA,NA,NA,"G5"
"195","Ohio","fbs","Mid-American",2019,4362312,"Tyler Walton",1,1,11,1,3.26762304794208,3.26762304794208,3.26762304794208,4,4,4,1,1,1,1,1,0,0,0,0.005,0.005,1,4,4,NA,NA,NA,NA,NA,NA,NA,NA,NA,NA,NA,NA,"G5"
"197","Oklahoma State","fbs","Big 12",2019,4038224,"Dru Brown",68,4,11,17,9.33549787703081,0.137286733485747,2.3338744692577,486,7.14705882352941,121.5,0.5,50,68,0.735294117647059,3,0,0,0,0.2278125,0.130178571428571,68,486,7.14705882352941,NA,NA,NA,NA,NA,NA,NA,NA,NA,NA,NA,NA,"P5"
"197","Oklahoma State","fbs","Big 12",2019,4038460,"Dillon Stoner",1,1,11,1,-0.801258014817369,-0.801258014817369,-0.801258014817369,0,0,0,0,0,1,0,0,0,0,0,0,0,1,0,0,NA,NA,NA,NA,NA,NA,NA,NA,NA,NA,NA,NA,"P5"
"197","Oklahoma State","fbs","Big 12",2019,4241418,"Jake McClure",1,1,11,1,-2.92842917646031,-2.92842917646031,-2.92842917646031,0,0,0,0,0,1,0,0,0,0,0,0,0,1,0,0,NA,NA,NA,NA,NA,NA,NA,NA,NA,NA,NA,NA,"P5"
"197","Oklahoma State","fbs","Big 12",2019,4361825,"Spencer Sanders",218,9,11,24.2222222222222,86.0963589821788,0.394937426523756,9.56626210913098,1790,8.21100917431193,198.888888888889,0.481651376146789,143,218,0.655963302752294,13,0,0,0,0.461706349206349,0.293813131313131,218,1790,8.21100917431193,45,31,15,33,30,85,30,76,85,30,74,62,"P5"
"197","Oklahoma State","fbs","Big 12",2019,4569326,"Tom Hutton",1,1,11,1,4.78286312420812,4.78286312420812,4.78286312420812,20,20,20,1,1,1,1,0,0,0,0,0,0,1,20,20,NA,NA,NA,NA,NA,NA,NA,NA,NA,NA,NA,NA,"P5"
"2","Auburn","fbs","SEC",2019,4242526,"John Samuel Shenker",1,1,11,1,1.90370123528575,1.90370123528575,1.90370123528575,6,6,6,1,1,1,1,1,0,0,0,0.0075,0.0075,1,6,6,NA,NA,NA,NA,NA,NA,NA,NA,NA,NA,NA,NA,"P5"
"2","Auburn","fbs","SEC",2019,4361329,"Joey Gatewood",6,3,11,2,0.128990203675674,0.021498367279279,0.042996734558558,48,8,16,0.333333333333333,4,6,0.666666666666667,1,0,0,0,0.02,0.01,6,48,8,NA,NA,NA,NA,NA,NA,NA,NA,NA,NA,NA,NA,"P5"
"2","Auburn","fbs","SEC",2019,4371974,"Seth Williams",1,1,11,1,2.3520161110117,2.3520161110117,2.3520161110117,9,9,9,1,1,1,1,1,0,0,0,0.01125,0.01125,1,9,9,NA,NA,NA,NA,NA,NA,NA,NA,NA,NA,NA,NA,"P5"
"2","Auburn","fbs","SEC",2019,4567218,"Bo Nix",321,11,11,29.1818181818182,50.6941259095446,0.157925625886432,4.60855690086769,2205,6.86915887850467,200.454545454545,0.43613707165109,184,321,0.573208722741433,13,0,0,0,0.465340909090909,0.271448863636364,321,2205,6.86915887850467,80,86,88,74,97,63,87,75,63,87,71,73,"P5"
"2005","Air Force","fbs","Mountain West",2019,4239964,"Isaiah Sanders",4,3,11,1.33333333333333,2.12151248143048,0.530378120357621,0.707170827143495,35,8.75,11.6666666666667,0.5,4,4,1,0,0,0,0,0,0,4,35,8.75,NA,NA,NA,NA,NA,NA,NA,NA,NA,NA,NA,NA,"G5"
"2005","Air Force","fbs","Mountain West",2019,4264188,"Mike Schmidt",6,1,11,6,11.7679391577753,1.96132319296255,11.7679391577753,147,24.5,147,0.666666666666667,5,6,0.833333333333333,1,0,0,0,0.18375,0.18375,6,147,24.5,NA,NA,NA,NA,NA,NA,NA,NA,NA,NA,NA,NA,"G5"
"2005","Air Force","fbs","Mountain West",2019,4382332,"Donald Hammond III",94,11,11,8.54545454545454,78.6862273497607,0.837087524997454,7.15329339543279,1286,13.6808510638298,116.909090909091,0.51063829787234,52,94,0.553191489361702,13,0,0,0,0.271396103896104,0.158314393939394,94,1286,13.6808510638298,NA,NA,NA,NA,NA,NA,NA,NA,NA,NA,NA,NA,"G5"
"2005","Air Force","fbs","Mountain West",2019,4580601,"Chance Stevenson",2,2,11,1,4.23042950081541,2.11521475040771,2.11521475040771,63,31.5,31.5,1,2,2,1,0,0,0,0,0,0,2,63,31.5,NA,NA,NA,NA,NA,NA,NA,NA,NA,NA,NA,NA,"G5"
"2006","Akron","fbs","Mid-American",2019,4038741,"Kato Nelson",272,10,12,27.2,30.1843682599838,0.110971942132294,3.01843682599838,1807,6.64338235294118,180.7,0.363970588235294,149,272,0.547794117647059,9,0,0,0,0.406575,0.213986842105263,272,1807,6.64338235294118,97,97,96,104,105,84,95,86,84,95,86,93,"G5"
"2006","Akron","fbs","Mid-American",2019,4045002,"Robbie Kelley",25,7,12,3.57142857142857,-13.0594592075053,-0.522378368300213,-1.86563702964362,75,3,10.7142857142857,0.12,10,25,0.4,0,0,0,0,0,0,25,75,3,NA,NA,NA,NA,NA,NA,NA,NA,NA,NA,NA,NA,"G5"
"2006","Akron","fbs","Mid-American",2019,4240146,"Nate Stewart",1,1,12,1,-0.522115957341864,-0.522115957341864,-0.522115957341864,0,0,0,0,0,1,0,0,0,0,0,0,0,1,0,0,NA,NA,NA,NA,NA,NA,NA,NA,NA,NA,NA,NA,"G5"
"2006","Akron","fbs","Mid-American",2019,4361117,"Eric Bentley",1,1,12,1,-0.331741688981544,-0.331741688981544,-0.331741688981544,0,0,0,0,0,1,0,0,0,0,0,0,0,1,0,0,NA,NA,NA,NA,NA,NA,NA,NA,NA,NA,NA,NA,"G5"
"2006","Akron","fbs","Mid-American",2019,4383088,"T.J. DeShields",6,3,12,2,-1.53955440801646,-0.256592401336077,-0.513184802672154,22,3.66666666666667,7.33333333333333,0.5,3,6,0.5,0,0,0,0,0,0,6,22,3.66666666666667,NA,NA,NA,NA,NA,NA,NA,NA,NA,NA,NA,NA,"G5"
"2006","Akron","fbs","Mid-American",2019,4568336,"Zach Gibson",78,4,12,19.5,-3.70523332570724,-0.047502991355221,-0.92630833142681,425,5.44871794871795,106.25,0.320512820512821,41,78,0.525641025641026,1,0,0,0,0.1328125,0.053125,78,425,5.44871794871795,NA,NA,NA,NA,NA,NA,NA,NA,NA,NA,NA,NA,"G5"
"201","Oklahoma","fbs","Big 12",2019,3122413,"Nick Basquine",3,3,12,1,7.0858012385156,2.36193374617187,2.36193374617187,43,14.3333333333333,14.3333333333333,1,3,3,1,2,0,0,0,0.0238888888888889,0.0143333333333333,3,43,14.3333333333333,NA,NA,NA,NA,NA,NA,NA,NA,NA,NA,NA,NA,"P5"
"201","Oklahoma","fbs","Big 12",2019,4040715,"Jalen Hurts",273,12,12,22.75,160.874012088269,0.589282095561424,13.4061676740224,3097,11.3443223443223,258.083333333333,0.597069597069597,196,273,0.717948717948718,18,0,0,0,0.61125,0.387125,273,3097,11.3443223443223,7,10,2,2,5,14,1,24,14,1,23,32,"P5"
"201","Oklahoma","fbs","Big 12",2019,4241389,"CeeDee Lamb",6,2,12,3,22.4536076262258,3.7422679377043,11.2268038131129,229,38.1666666666667,114.5,1,6,6,1,6,0,0,0,0.245357142857143,0.2146875,6,229,38.1666666666667,NA,NA,NA,NA,NA,NA,NA,NA,NA,NA,NA,NA,"P5"
"201","Oklahoma","fbs","Big 12",2019,4360271,"Tanner Mordecai",18,5,12,3.6,-6.57007717386972,-0.365004287437207,-1.31401543477394,93,5.16666666666667,18.6,0.388888888888889,10,18,0.555555555555556,0,0,0,0,0,0,18,93,5.16666666666667,NA,NA,NA,NA,NA,NA,NA,NA,NA,NA,NA,NA,"P5"
"201","Oklahoma","fbs","Big 12",2019,4360290,"Brayden Willis",1,1,12,1,1.98380816624371,1.98380816624371,1.98380816624371,2,2,2,1,1,1,1,1,0,0,0,0.0025,0.0025,1,2,2,NA,NA,NA,NA,NA,NA,NA,NA,NA,NA,NA,NA,"P5"
"201","Oklahoma","fbs","Big 12",2019,4426339,"Spencer Rattler",4,1,12,4,-0.602051401184073,-0.150512850296018,-0.602051401184073,23,5.75,23,0.5,2,4,0.5,0,0,0,0,0,0,4,23,5.75,NA,NA,NA,NA,NA,NA,NA,NA,NA,NA,NA,NA,"P5"
"201","Oklahoma","fbs","Big 12",2019,4426367,"Austin Stogner",2,1,12,2,5.6510643975975,2.82553219879875,5.6510643975975,8,4,8,1,2,2,1,2,0,0,0,0.0133333333333333,0.0133333333333333,2,8,4,NA,NA,NA,NA,NA,NA,NA,NA,NA,NA,NA,NA,"P5"
"201","Oklahoma","fbs","Big 12",2019,4426535,"Theo Wease",1,1,12,1,2.69377550342182,2.69377550342182,2.69377550342182,19,19,19,1,1,1,1,1,0,0,0,0.02375,0.02375,1,19,19,NA,NA,NA,NA,NA,NA,NA,NA,NA,NA,NA,NA,"P5"
"202","Tulsa","fbs","American Athletic",2019,4035409,"Zach Smith",410,12,12,34.1666666666667,140.149413032593,0.341827836664861,11.6791177527161,3211,7.83170731707317,267.583333333333,0.448780487804878,242,410,0.590243902439024,18,0,0,0,0.63375,0.401375,410,3211,7.83170731707317,12,19,35,59,86,9,50,21,9,50,21,28,"G5"
"202","Tulsa","fbs","American Athletic",2019,4244601,"Seth Boomer",14,2,12,7,4.65017548770732,0.332155391979095,2.32508774385366,97,6.92857142857143,48.5,0.285714285714286,8,14,0.571428571428571,1,0,0,0,0.060625,0.0404166666666667,14,97,6.92857142857143,NA,NA,NA,NA,NA,NA,NA,NA,NA,NA,NA,NA,"G5"
"2026","App State","fbs","Sun Belt",2019,3917153,"Collin Reed",1,1,12,1,1.44115991447667,1.44115991447667,1.44115991447667,1,1,1,1,1,1,1,1,0,0,0,0.00125,0.00125,1,1,1,NA,NA,NA,NA,NA,NA,NA,NA,NA,NA,NA,NA,"G5"
"2026","App State","fbs","Sun Belt",2019,4036427,"Jacob Huesman",6,4,12,1.5,2.73331620364409,0.455552700607348,0.683329050911023,75,12.5,18.75,0.333333333333333,4,6,0.666666666666667,1,0,0,0,0.0234375,0.009375,6,75,12.5,NA,NA,NA,NA,NA,NA,NA,NA,NA,NA,NA,NA,"G5"
"2026","App State","fbs","Sun Belt",2019,4036429,"Zac Thomas",303,12,12,25.25,107.984178010505,0.356383425777245,8.99868150087543,2417,7.97689768976898,201.416666666667,0.478547854785479,194,303,0.64026402640264,23,0,0,0,0.482560763888889,0.33089880952381,303,2417,7.97689768976898,26,41,28,36,41,48,42,73,48,42,64,50,"G5"
"2026","App State","fbs","Sun Belt",2019,4036431,"Darrynton Evans",2,2,12,1,1.41789611132053,0.708948055660265,0.708948055660265,-13,-6.5,-6.5,0.5,2,2,1,0,0,0,0,0,0,2,-13,-6.5,NA,NA,NA,NA,NA,NA,NA,NA,NA,NA,NA,NA,"G5"
"2026","App State","fbs","Sun Belt",2019,4241012,"Malik Williams",1,1,12,1,-1.23388298359739,-1.23388298359739,-1.23388298359739,0,0,0,0,0,1,0,0,0,0,0,0,0,1,0,0,NA,NA,NA,NA,NA,NA,NA,NA,NA,NA,NA,NA,"G5"
"2026","App State","fbs","Sun Belt",2019,4426567,"Raykwon Anderson",1,1,12,1,-1.62310223542183,-1.62310223542183,-1.62310223542183,0,0,0,0,0,1,0,0,0,0,0,0,0,1,0,0,NA,NA,NA,NA,NA,NA,NA,NA,NA,NA,NA,NA,"G5"
"2032","Arkansas State","fbs","Sun Belt",2019,3933175,"Carson Coats",2,1,11,2,-0.439813696475889,-0.219906848237944,-0.439813696475889,7,3.5,7,0.5,1,2,0.5,0,0,0,0,0,0,2,7,3.5,NA,NA,NA,NA,NA,NA,NA,NA,NA,NA,NA,NA,"G5"
"2032","Arkansas State","fbs","Sun Belt",2019,4036473,"Logan Bonner",121,3,11,40.3333333333333,5.56646628983123,0.0460038536349688,1.85548876327708,732,6.0495867768595,244,0.421487603305785,74,121,0.611570247933884,6,0,0,0,0.522857142857143,0.406666666666667,121,732,6.0495867768595,NA,NA,NA,NA,NA,NA,NA,NA,NA,NA,NA,NA,"G5"
"2032","Arkansas State","fbs","Sun Belt",2019,4241053,"Jonathan Adams Jr.",1,1,11,1,2.77981473330932,2.77981473330932,2.77981473330932,32,32,32,1,1,1,1,1,0,0,0,0.04,0.04,1,32,32,NA,NA,NA,NA,NA,NA,NA,NA,NA,NA,NA,NA,"G5"
"2032","Arkansas State","fbs","Sun Belt",2019,4259618,"Cody Grace",1,1,11,1,4.62644388156341,4.62644388156341,4.62644388156341,15,15,15,1,1,1,1,0,0,0,0,0,0,1,15,15,NA,NA,NA,NA,NA,NA,NA,NA,NA,NA,NA,NA,"G5"
"2032","Arkansas State","fbs","Sun Belt",2019,4361222,"Layne Hatcher",249,9,11,27.6666666666667,127.3877871827,0.511597538886344,14.1541985758555,2529,10.1566265060241,281,0.493975903614458,176,249,0.706827309236948,22,0,0,0,0.67195652173913,0.498548387096774,249,2529,10.1566265060241,19,7,8,24,7,40,5,13,40,5,11,7,"G5"
"204","Oregon State","fbs","Pac-12",2019,3124900,"Jake Luton",333,10,11,33.3,90.9224219496859,0.273040306155213,9.09224219496859,2443,7.33633633633634,244.3,0.462462462462462,204,333,0.612612612612613,23,0,0,0,0.585302083333333,0.425674242424242,333,2443,7.33633633633634,43,38,55,48,68,45,69,34,45,69,32,22,"P5"
"204","Oregon State","fbs","Pac-12",2019,3930294,"Daniel Rodriguez",1,1,11,1,-2.59471607437125,-2.59471607437125,-2.59471607437125,0,0,0,0,0,1,0,0,0,0,0,0,0,1,0,0,NA,NA,NA,NA,NA,NA,NA,NA,NA,NA,NA,NA,"P5"
"204","Oregon State","fbs","Pac-12",2019,4042808,"Artavis Pierce",1,1,11,1,2.04798798567473,2.04798798567473,2.04798798567473,7,7,7,1,1,1,1,1,0,0,0,0.00875,0.00875,1,7,7,NA,NA,NA,NA,NA,NA,NA,NA,NA,NA,NA,NA,"P5"
"204","Oregon State","fbs","Pac-12",2019,4240796,"Tristan Gebbia",55,3,11,18.3333333333333,4.79070998189424,0.0871038178526225,1.59690332729808,309,5.61818181818182,103,0.418181818181818,34,55,0.618181818181818,2,0,0,0,0.171666666666667,0.103,55,309,5.61818181818182,NA,NA,NA,NA,NA,NA,NA,NA,NA,NA,NA,NA,"P5"
"2050","Ball State","fbs","Mid-American",2019,4039210,"Drew Plitt",324,11,11,29.4545454545455,103.354572016665,0.318995592644028,9.39587018333318,2456,7.58024691358025,223.272727272727,0.487654320987654,206,324,0.635802469135803,18,0,0,0,0.528803827751196,0.346457680250784,324,2456,7.58024691358025,30,32,38,28,46,44,59,51,44,59,48,43,"G5"
"2084","Buffalo","fbs","Mid-American",2019,4239714,"Kyle Vantrease",153,9,11,17,34.6200050238711,0.22627454263968,3.84666722487457,1116,7.29411764705882,124,0.464052287581699,93,153,0.607843137254902,7,0,0,0,0.27125,0.135625,153,1116,7.29411764705882,NA,NA,NA,NA,NA,NA,NA,NA,NA,NA,NA,NA,"G5"
"2084","Buffalo","fbs","Mid-American",2019,4362447,"Matt Myers",91,4,11,22.75,2.43377816508316,0.0267448150009139,0.608444541270791,533,5.85714285714286,133.25,0.373626373626374,44,91,0.483516483516484,4,0,0,0,0.2665,0.1665625,91,533,5.85714285714286,NA,NA,NA,NA,NA,NA,NA,NA,NA,NA,NA,NA,"G5"
"2084","Buffalo","fbs","Mid-American",2019,4429357,"Trevor Bycznski",1,1,11,1,-1.32941833868856,-1.32941833868856,-1.32941833868856,0,0,0,0,0,1,0,0,0,0,0,0,0,1,0,0,NA,NA,NA,NA,NA,NA,NA,NA,NA,NA,NA,NA,"G5"
"21","San Diego State","fbs","Mountain West",2019,3921648,"Ryan Agnew",302,10,11,30.2,72.7203899384271,0.2407959931736,7.27203899384271,2055,6.8046357615894,205.5,0.450331125827815,198,302,0.655629139072848,10,0,0,0,0.467045454545455,0.256875,302,2055,6.8046357615894,57,57,64,55,31,66,91,67,66,91,70,77,"G5"
"21","San Diego State","fbs","Mountain West",2019,4361497,"Carson Baker",24,1,11,24,5.42073066235714,0.225863777598214,5.42073066235714,172,7.16666666666667,172,0.458333333333333,19,24,0.791666666666667,1,0,0,0,0.215,0.215,24,172,7.16666666666667,NA,NA,NA,NA,NA,NA,NA,NA,NA,NA,NA,NA,"G5"
"2116","UCF","fbs","American Athletic",2019,3932451,"Brandon Wimbush",1,1,11,1,-0.814050848926328,-0.814050848926328,-0.814050848926328,-1,-1,-1,0,1,1,1,0,0,0,0,0,0,1,-1,-1,NA,NA,NA,NA,NA,NA,NA,NA,NA,NA,NA,NA,"G5"
"2116","UCF","fbs","American Athletic",2019,4243535,"D.J. Mack Jr.",22,6,11,3.66666666666667,11.2426230870934,0.511028322140608,1.87377051451556,198,9,33,0.681818181818182,15,22,0.681818181818182,3,0,0,0,0.061875,0.0275,22,198,9,NA,NA,NA,NA,NA,NA,NA,NA,NA,NA,NA,NA,"G5"
"2116","UCF","fbs","American Athletic",2019,4243537,"Gabriel Davis",3,2,11,1.5,9.79871092909075,3.26623697636358,4.89935546454538,67,22.3333333333333,33.5,1,3,3,1,3,0,0,0,0.0628125,0.05025,3,67,22.3333333333333,NA,NA,NA,NA,NA,NA,NA,NA,NA,NA,NA,NA,"G5"
"2116","UCF","fbs","American Athletic",2019,4257599,"Marlon Williams",1,1,11,1,-0.587441849386114,-0.587441849386114,-0.587441849386114,0,0,0,0,0,1,0,0,0,0,0,0,0,1,0,0,NA,NA,NA,NA,NA,NA,NA,NA,NA,NA,NA,NA,"G5"
"2116","UCF","fbs","American Athletic",2019,4258597,"Jonathon MacCollister",1,1,11,1,2.07497808822721,2.07497808822721,2.07497808822721,4,4,4,1,1,1,1,1,0,0,0,0.005,0.005,1,4,4,NA,NA,NA,NA,NA,NA,NA,NA,NA,NA,NA,NA,"G5"
"2116","UCF","fbs","American Athletic",2019,4362385,"Quadry Jones",1,1,11,1,0.356703091518235,0.356703091518235,0.356703091518235,17,17,17,1,1,1,1,0,0,0,0,0,0,1,17,17,NA,NA,NA,NA,NA,NA,NA,NA,NA,NA,NA,NA,"G5"
"2116","UCF","fbs","American Athletic",2019,4427238,"Dillon Gabriel",351,11,11,31.9090909090909,110.373949412517,0.314455696331957,10.0339954011379,3160,9.002849002849,287.272727272727,0.441595441595442,209,351,0.595441595441595,20,0,0,0,0.683982683982684,0.463343108504399,351,3160,9.002849002849,25,29,41,69,83,11,13,7,11,13,9,13,"G5"
"2117","Central Michigan","fbs","Mid-American",2019,3886565,"Quinten Dormady",201,7,12,28.7142857142857,49.9409935420637,0.248462654438128,7.13442764886624,1572,7.82089552238806,224.571428571429,0.497512437810945,134,201,0.666666666666667,8,0,0,0,0.499047619047619,0.299428571428571,201,1572,7.82089552238806,81,58,61,21,22.5,97,52,49,97,52,59,59,"G5"
"2117","Central Michigan","fbs","Mid-American",2019,4039266,"Kaden Keon",1,1,12,1,-0.813352887370686,-0.813352887370686,-0.813352887370686,0,0,0,0,0,1,0,0,0,0,0,0,0,1,0,0,NA,NA,NA,NA,NA,NA,NA,NA,NA,NA,NA,NA,"G5"
"2117","Central Michigan","fbs","Mid-American",2019,4039268,"Tommy Lazzaro",7,6,12,1.16666666666667,1.27207720922873,0.181725315604105,0.212012868204789,47,6.71428571428571,7.83333333333333,0.428571428571429,4,7,0.571428571428571,0,0,0,0,0,0,7,47,6.71428571428571,NA,NA,NA,NA,NA,NA,NA,NA,NA,NA,NA,NA,"G5"
"2117","Central Michigan","fbs","Mid-American",2019,4039354,"David Moore",159,5,12,31.8,32.7425613047687,0.205928058520558,6.54851226095374,1114,7.0062893081761,222.8,0.421383647798742,93,159,0.584905660377358,4,0,0,0,0.4456,0.247555555555556,159,1114,7.0062893081761,NA,NA,NA,NA,NA,NA,NA,NA,NA,NA,NA,NA,"G5"
"2117","Central Michigan","fbs","Mid-American",2019,4240866,"Kalil Pimpleton",2,2,12,1,2.34795531792585,1.17397765896292,1.17397765896292,28,14,14,0.5,1,2,0.5,0,0,0,0,0,0,2,28,14,NA,NA,NA,NA,NA,NA,NA,NA,NA,NA,NA,NA,"G5"
"2117","Central Michigan","fbs","Mid-American",2019,4244771,"JaCorey Sullivan",1,1,12,1,5.16865899650211,5.16865899650211,5.16865899650211,34,34,34,1,1,1,1,1,0,0,0,0.0425,0.0425,1,34,34,NA,NA,NA,NA,NA,NA,NA,NA,NA,NA,NA,NA,"G5"
"213","Penn State","fbs","Big Ten",2019,4259592,"Sean Clifford",269,10,11,26.9,90.3297700477386,0.335798401664456,9.03297700477386,2241,8.33085501858736,224.1,0.475836431226766,164,269,0.609665427509294,20,0,0,0,0.533571428571429,0.3735,269,2241,8.33085501858736,44,40,37,38,73,59.5,27,50,59.5,27,44,34,"P5"
"213","Penn State","fbs","Big Ten",2019,4361418,"Will Levis",29,3,11,9.66666666666667,-1.79067746381835,-0.061747498752357,-0.596892487939451,156,5.37931034482759,52,0.310344827586207,16,29,0.551724137931034,1,0,0,0,0.065,0.0325,29,156,5.37931034482759,NA,NA,NA,NA,NA,NA,NA,NA,NA,NA,NA,NA,"P5"
"213","Penn State","fbs","Big Ten",2019,4427313,"Ta'Quan Roberson",1,1,11,1,-2.45095266537318,-2.45095266537318,-2.45095266537318,0,0,0,0,0,1,0,0,0,0,0,0,0,1,0,0,NA,NA,NA,NA,NA,NA,NA,NA,NA,NA,NA,NA,"P5"
"2132","Cincinnati","fbs","American Athletic",2019,3914151,"Josiah Deguara",1,1,13,1,2.82874496864936,2.82874496864936,2.82874496864936,16,16,16,1,1,1,1,1,0,0,0,0.02,0.02,1,16,16,NA,NA,NA,NA,NA,NA,NA,NA,NA,NA,NA,NA,"G5"
"2132","Cincinnati","fbs","American Athletic",2019,4037478,"Gerrid Doaks",1,1,13,1,4.20460668005136,4.20460668005136,4.20460668005136,28,28,28,1,1,1,1,1,0,0,0,0.035,0.035,1,28,28,NA,NA,NA,NA,NA,NA,NA,NA,NA,NA,NA,NA,"G5"
"2132","Cincinnati","fbs","American Athletic",2019,4239083,"Michael Warren II",1,1,13,1,3.45508775184887,3.45508775184887,3.45508775184887,21,21,21,1,1,1,1,1,0,0,0,0.02625,0.02625,1,21,21,NA,NA,NA,NA,NA,NA,NA,NA,NA,NA,NA,NA,"G5"
"2132","Cincinnati","fbs","American Athletic",2019,4239086,"Desmond Ridder",287,12,13,23.9166666666667,42.6624122744868,0.148649520120163,3.5552010228739,1999,6.96515679442509,166.583333333333,0.428571428571429,161,287,0.560975609756098,13,0,0,0,0.386711309523809,0.216558333333333,287,1999,6.96515679442509,90,95,93,83,101,70,86,96,70,86,93,92,"G5"
"2132","Cincinnati","fbs","American Athletic",2019,4239099,"Trent Cloud",1,1,13,1,2.72795918512938,2.72795918512938,2.72795918512938,5,5,5,1,1,1,1,1,0,0,0,0.00625,0.00625,1,5,5,NA,NA,NA,NA,NA,NA,NA,NA,NA,NA,NA,NA,"G5"
"2132","Cincinnati","fbs","American Athletic",2019,4360056,"Ben Bryant",42,4,13,10.5,17.3560247509168,0.413238684545639,4.33900618772921,367,8.73809523809524,91.75,0.452380952380952,26,42,0.619047619047619,1,0,0,0,0.1146875,0.045875,42,367,8.73809523809524,NA,NA,NA,NA,NA,NA,NA,NA,NA,NA,NA,NA,"G5"
"218","Temple","fbs","American Athletic",2019,4044121,"Isaiah Wright",1,1,11,1,3.0571812252883,3.0571812252883,3.0571812252883,12,12,12,1,1,1,1,1,0,0,0,0.015,0.015,1,12,12,NA,NA,NA,NA,NA,NA,NA,NA,NA,NA,NA,NA,"G5"
"218","Temple","fbs","American Athletic",2019,4044122,"Anthony Russo",343,11,11,31.1818181818182,43.4892267768096,0.126790748620436,3.95356607061906,2270,6.61807580174927,206.363636363636,0.405247813411079,198,343,0.577259475218659,14,0,0,0,0.481515151515152,0.288909090909091,343,2270,6.61807580174927,88,91,95,92,95,57,97,66,57,97,67,65,"G5"
"218","Temple","fbs","American Athletic",2019,4044123,"Branden Mack",3,2,11,1.5,1.46187003651696,0.48729001217232,0.73093501825848,44,14.6666666666667,22,0.666666666666667,3,3,1,2,0,0,0,0.0366666666666667,0.0275,3,44,14.6666666666667,NA,NA,NA,NA,NA,NA,NA,NA,NA,NA,NA,NA,"G5"
"218","Temple","fbs","American Athletic",2019,4243276,"Todd Centeio",28,7,11,4,10.1686220410502,0.36316507289465,1.4526602915786,204,7.28571428571429,29.1428571428571,0.464285714285714,20,28,0.714285714285714,2,0,0,0,0.0485714285714286,0.0161904761904762,28,204,7.28571428571429,NA,NA,NA,NA,NA,NA,NA,NA,NA,NA,NA,NA,"G5"
"218","Temple","fbs","American Athletic",2019,4568616,"Adam Barry",1,1,11,1,-2.27118592343723,-2.27118592343723,-2.27118592343723,0,0,0,0,1,1,1,0,0,0,0,0,0,1,0,0,NA,NA,NA,NA,NA,NA,NA,NA,NA,NA,NA,NA,"G5"
"2199","Eastern Michigan","fbs","Mid-American",2019,4244804,"Preston Hutchinson",55,3,11,18.3333333333333,21.4833000751565,0.390605455911936,7.16110002505217,465,8.45454545454546,155,0.527272727272727,43,55,0.781818181818182,3,0,0,0,0.290625,0.19375,55,465,8.45454545454546,NA,NA,NA,NA,NA,NA,NA,NA,NA,NA,NA,NA,"G5"
"2199","Eastern Michigan","fbs","Mid-American",2019,4259127,"Mike Glass III",291,9,11,32.3333333333333,105.889531805914,0.363881552597641,11.7655035339904,2466,8.47422680412371,274,0.553264604810997,205,291,0.70446735395189,17,0,0,0,0.646944444444444,0.447884615384615,291,2466,8.47422680412371,27,18,22,6,10,43,22,18,43,22,18,16,"G5"
"2199","Eastern Michigan","fbs","Mid-American",2019,4363523,"Line Latu",1,1,11,1,-0.788629845371584,-0.788629845371584,-0.788629845371584,0,0,0,0,0,1,0,0,0,0,0,0,0,1,0,0,NA,NA,NA,NA,NA,NA,NA,NA,NA,NA,NA,NA,"G5"
"2199","Eastern Michigan","fbs","Mid-American",2019,4363527,"Jairus Grissom",5,1,11,5,0.988789372904202,0.19775787458084,0.988789372904202,50,10,50,0.4,4,5,0.8,0,0,0,0,0,0,5,50,10,NA,NA,NA,NA,NA,NA,NA,NA,NA,NA,NA,NA,"G5"
"221","Pittsburgh","fbs","ACC",2019,4036055,"Maurice Ffrench",1,1,11,1,4.09638738804353,4.09638738804353,4.09638738804353,14,14,14,1,1,1,1,1,0,0,0,0.0175,0.0175,1,14,14,NA,NA,NA,NA,NA,NA,NA,NA,NA,NA,NA,NA,"P5"
"221","Pittsburgh","fbs","ACC",2019,4036066,"Aaron Mathews",1,1,11,1,3.38221535166153,3.38221535166153,3.38221535166153,43,43,43,1,1,1,1,1,0,0,0,0.05375,0.05375,1,43,43,NA,NA,NA,NA,NA,NA,NA,NA,NA,NA,NA,NA,"P5"
"221","Pittsburgh","fbs","ACC",2019,4240703,"Kenny Pickett",415,11,11,37.7272727272727,1.67392798084863,0.00403356139963524,0.152175270986239,2542,6.12530120481928,231.090909090909,0.387951807228916,257,415,0.619277108433735,7,0,0,0,0.505511363636364,0.224671717171717,415,2542,6.12530120481928,106,106,106,98,61,38,100,40,38,100,54,87,"P5"
"221","Pittsburgh","fbs","ACC",2019,4373314,"Nick Patti",6,3,11,2,4.75456976021668,0.792428293369446,1.58485658673889,30,5,10,0.5,3,6,0.5,1,0,0,0,0.0125,0.00625,6,30,5,NA,NA,NA,NA,NA,NA,NA,NA,NA,NA,NA,NA,"P5"
"221","Pittsburgh","fbs","ACC",2019,4373318,"V'Lique Carter",1,1,11,1,5.21464557470669,5.21464557470669,5.21464557470669,26,26,26,1,1,1,1,1,0,0,0,0.0325,0.0325,1,26,26,NA,NA,NA,NA,NA,NA,NA,NA,NA,NA,NA,NA,"P5"
"2226","Florida Atlantic","fbs","Conference USA",2019,4038918,"Justin Agner",4,1,12,4,2.04795871686963,0.511989679217409,2.04795871686963,30,7.5,30,0.5,3,4,0.75,0,0,0,0,0,0,4,30,7.5,NA,NA,NA,NA,NA,NA,NA,NA,NA,NA,NA,NA,"G5"
"2226","Florida Atlantic","fbs","Conference USA",2019,4040766,"Trent Wessel",1,1,12,1,-0.349141338557624,-0.349141338557624,-0.349141338557624,6,6,6,0,1,1,1,0,0,0,0,0,0,1,6,6,NA,NA,NA,NA,NA,NA,NA,NA,NA,NA,NA,NA,"G5"
"2226","Florida Atlantic","fbs","Conference USA",2019,4040769,"James Charles",1,1,12,1,-0.901592067009312,-0.901592067009312,-0.901592067009312,-2,-2,-2,0,1,1,1,0,0,0,0,0,0,1,-2,-2,NA,NA,NA,NA,NA,NA,NA,NA,NA,NA,NA,NA,"G5"
"2226","Florida Atlantic","fbs","Conference USA",2019,4241399,"Chris Robison",392,12,12,32.6666666666667,100.519707633061,0.256427825594544,8.3766423027551,3047,7.77295918367347,253.916666666667,0.441326530612245,239,392,0.60969387755102,21,0,0,0,0.6059375,0.403958333333333,392,3047,7.77295918367347,35,48,59,70,72,15,54,25,15,54,24,27,"G5"
"2226","Florida Atlantic","fbs","Conference USA",2019,4258236,"Nick Tronti",16,7,12,2.28571428571429,0.448365238300317,0.0280228273937698,0.0640521769000452,112,7,16,0.4375,12,16,0.75,1,0,0,0,0.02,0.005,16,112,7,NA,NA,NA,NA,NA,NA,NA,NA,NA,NA,NA,NA,"G5"
"2226","Florida Atlantic","fbs","Conference USA",2019,4360603,"Brandon Robinson",2,2,12,1,2.54055064070599,1.270275320353,1.270275320353,41,20.5,20.5,0.5,1,2,0.5,0,0,0,0,0,0,2,41,20.5,NA,NA,NA,NA,NA,NA,NA,NA,NA,NA,NA,NA,"G5"
"2229","Florida International","fbs","Conference USA",2019,3914307,"Maurice Alexander",2,2,11,1,-0.32924174736592,-0.16462087368296,-0.16462087368296,22,11,11,0.5,1,2,0.5,0,0,0,0,0,0,2,22,11,NA,NA,NA,NA,NA,NA,NA,NA,NA,NA,NA,NA,"G5"
"2229","Florida International","fbs","Conference USA",2019,3914395,"James Morgan",315,11,11,28.6363636363636,46.5677328689407,0.147834072599812,4.23343026081279,2242,7.11746031746032,203.818181818182,0.444444444444444,185,315,0.587301587301587,13,0,0,0,0.473149350649351,0.276003787878788,315,2242,7.11746031746032,84,89,94,65.5,88,58,79,69,58,79,69,71,"G5"
"2229","Florida International","fbs","Conference USA",2019,4244648,"Kaylan Wiggins",9,3,11,3,-1.21885077581787,-0.135427863979763,-0.40628359193929,45,5,15,0.222222222222222,3,9,0.333333333333333,0,0,0,0,0,0,9,45,5,NA,NA,NA,NA,NA,NA,NA,NA,NA,NA,NA,NA,"G5"
"2247","Georgia State","fbs","Sun Belt",2019,4032491,"Aubry Payne",1,1,10,1,3.36037718891278,3.36037718891278,3.36037718891278,40,40,40,1,1,1,1,1,0,0,0,0.05,0.05,1,40,40,NA,NA,NA,NA,NA,NA,NA,NA,NA,NA,NA,NA,"G5"
"2247","Georgia State","fbs","Sun Belt",2019,4361902,"Dan Ellington",246,10,10,24.6,62.1190633699676,0.252516517764096,6.21190633699676,1668,6.78048780487805,166.8,0.479674796747967,160,246,0.650406504065041,12,0,0,0,0.384923076923077,0.227454545454545,246,1668,6.78048780487805,70,69,60,35,35,91,93,95,91,93,94,86,"G5"
"2247","Georgia State","fbs","Sun Belt",2019,4568411,"Cornelious Brown",27,3,10,9,-10.1717109548437,-0.376730035364582,-3.39057031828124,115,4.25925925925926,38.3333333333333,0.259259259259259,11,27,0.407407407407407,0,0,0,0,0,0,27,115,4.25925925925926,NA,NA,NA,NA,NA,NA,NA,NA,NA,NA,NA,NA,"G5"
"228","Clemson","fbs","ACC",2019,4239992,"Amari Rodgers",1,1,12,1,-0.541943432454951,-0.541943432454951,-0.541943432454951,0,0,0,0,0,1,0,0,0,0,0,0,0,1,0,0,NA,NA,NA,NA,NA,NA,NA,NA,NA,NA,NA,NA,"P5"
"228","Clemson","fbs","ACC",2019,4239993,"Tee Higgins",1,1,12,1,4.33980483301542,4.33980483301542,4.33980483301542,33,33,33,1,1,1,1,1,0,0,0,0.04125,0.04125,1,33,33,NA,NA,NA,NA,NA,NA,NA,NA,NA,NA,NA,NA,"P5"
"228","Clemson","fbs","ACC",2019,4239994,"Chase Brice",73,10,12,7.3,1.85572609379973,0.0254209053945169,0.185572609379973,516,7.06849315068493,51.6,0.410958904109589,43,73,0.589041095890411,4,0,0,0,0.1032,0.0368571428571429,73,516,7.06849315068493,NA,NA,NA,NA,NA,NA,NA,NA,NA,NA,NA,NA,"P5"
"228","Clemson","fbs","ACC",2019,4239996,"Travis Etienne",1,1,12,1,1.51348565193484,1.51348565193484,1.51348565193484,4,4,4,1,1,1,1,1,0,0,0,0.005,0.005,1,4,4,NA,NA,NA,NA,NA,NA,NA,NA,NA,NA,NA,NA,"P5"
"228","Clemson","fbs","ACC",2019,4360306,"Justyn Ross",2,2,12,1,8.91601687228743,4.45800843614371,4.45800843614371,63,31.5,31.5,1,2,2,1,2,0,0,0,0.0525,0.039375,2,63,31.5,NA,NA,NA,NA,NA,NA,NA,NA,NA,NA,NA,NA,"P5"
"228","Clemson","fbs","ACC",2019,4360310,"Trevor Lawrence",308,12,12,25.6666666666667,130.736116799656,0.424467911687194,10.8946763999713,2849,9.25,237.416666666667,0.512987012987013,215,308,0.698051948051948,27,0,0,0,0.57234375,0.410913461538462,308,2849,9.25,18,25,13,14,12,20,10,37,20,10,34,25,"P5"
"228","Clemson","fbs","ACC",2019,4360312,"Ben Batson",1,1,12,1,-0.489863912499252,-0.489863912499252,-0.489863912499252,0,0,0,0,1,1,1,0,0,0,0,0,0,1,0,0,NA,NA,NA,NA,NA,NA,NA,NA,NA,NA,NA,NA,"P5"
"228","Clemson","fbs","ACC",2019,4426430,"Taisun Phommachanh",11,2,12,5.5,-1.4751558337976,-0.134105075799782,-0.7375779168988,56,5.09090909090909,28,0.454545454545455,6,11,0.545454545454545,0,0,0,0,0,0,11,56,5.09090909090909,NA,NA,NA,NA,NA,NA,NA,NA,NA,NA,NA,NA,"P5"
"2294","Iowa","fbs","Big Ten",2019,4036149,"Nathan Stanley",364,12,12,30.3333333333333,77.5265946425871,0.212985150116998,6.46054955354893,2738,7.52197802197802,228.166666666667,0.442307692307692,219,364,0.601648351648352,14,0,0,0,0.532388888888889,0.307147435897436,364,2738,7.52197802197802,53,66,70,68,79,28,60,47,28,60,45,57,"P5"
"2294","Iowa","fbs","Big Ten",2019,4360480,"Spencer Petras",10,2,12,5,2.29010959029417,0.229010959029417,1.14505479514709,25,2.5,12.5,0.5,6,10,0.6,0,0,0,0,0,0,10,25,2.5,NA,NA,NA,NA,NA,NA,NA,NA,NA,NA,NA,NA,"P5"
"23","San José State","fbs","Mountain West",2019,3921685,"Josh Love",442,11,11,40.1818181818182,137.827952285672,0.311827946347675,12.529813844152,3699,8.36877828054299,336.272727272727,0.463800904977376,272,442,0.615384615384615,20,0,0,0,0.800649350649351,0.542375366568915,442,3699,8.36877828054299,13,14,42,46,64,3,25,2,3,25,3,4,"G5"
"23","San José State","fbs","Mountain West",2019,4570242,"Nick Nash",17,3,11,5.66666666666667,13.8497347110102,0.814690277118246,4.6165782370034,133,7.82352941176471,44.3333333333333,0.588235294117647,12,17,0.705882352941177,2,0,0,0,0.0738888888888889,0.0443333333333333,17,133,7.82352941176471,NA,NA,NA,NA,NA,NA,NA,NA,NA,NA,NA,NA,"G5"
"2305","Kansas","fbs","Big 12",2019,3917957,"Carter Stanley",328,11,11,29.8181818181818,99.9900194382486,0.304847620238563,9.09000176711351,2397,7.30792682926829,217.909090909091,0.435975609756098,205,328,0.625,22,0,0,0,0.521086956521739,0.363181818181818,328,2397,7.30792682926829,36,39,45,76,54,51,72,58,51,72,50,35,"P5"
"2305","Kansas","fbs","Big 12",2019,3929199,"Manny Miles",15,3,11,5,4.48026874380906,0.298684582920604,1.49342291460302,114,7.6,38,0.333333333333333,9,15,0.6,1,0,0,0,0.0475,0.02375,15,114,7.6,NA,NA,NA,NA,NA,NA,NA,NA,NA,NA,NA,NA,"P5"
"2306","Kansas State","fbs","Big 12",2019,4036419,"Skylar John Thompson",249,11,11,22.6363636363636,59.7026547936747,0.239769697966565,5.42751407215225,1850,7.42971887550201,168.181818181818,0.453815261044177,146,249,0.586345381526104,9,0,0,0,0.378409090909091,0.189204545454545,249,1850,7.42971887550201,76,81,65,52,89,80,66,94,80,66,96,99,"P5"
"2306","Kansas State","fbs","Big 12",2019,4046564,"Wykeen Akie Gill",1,1,11,1,2.64381953176394,2.64381953176394,2.64381953176394,19,19,19,1,1,1,1,1,0,0,0,0.02375,0.02375,1,19,19,NA,NA,NA,NA,NA,NA,NA,NA,NA,NA,NA,NA,"P5"
"2306","Kansas State","fbs","Big 12",2019,4241327,"Nick Ast",3,1,11,3,3.44201166984976,1.14733722328325,3.44201166984976,28,9.33333333333333,28,1,3,3,1,0,0,0,0,0,0,3,28,9.33333333333333,NA,NA,NA,NA,NA,NA,NA,NA,NA,NA,NA,NA,"P5"
"2306","Kansas State","fbs","Big 12",2019,4373074,"John Holcombe II",3,1,11,3,-1.03364947242491,-0.344549824141635,-1.03364947242491,9,3,9,0.333333333333333,1,3,0.333333333333333,0,0,0,0,0,0,3,9,3,NA,NA,NA,NA,NA,NA,NA,NA,NA,NA,NA,NA,"P5"
"2306","Kansas State","fbs","Big 12",2019,4373077,"Malik Knowles",1,1,11,1,7.1929704087122,7.1929704087122,7.1929704087122,70,70,70,1,1,1,1,1,0,0,0,0.0875,0.0875,1,70,70,NA,NA,NA,NA,NA,NA,NA,NA,NA,NA,NA,NA,"P5"
"2309","Kent State","fbs","Mid-American",2019,4038930,"Kavious Price",2,2,11,1,1.31891198879082,0.659455994395408,0.659455994395408,10,5,5,0.5,1,2,0.5,1,0,0,0,0.00625,0.00416666666666667,2,10,5,NA,NA,NA,NA,NA,NA,NA,NA,NA,NA,NA,NA,"G5"
"2309","Kent State","fbs","Mid-American",2019,4244068,"Dustin Crum",261,11,11,23.7272727272727,92.3855059765746,0.353967455848945,8.39868236150678,2139,8.19540229885057,194.454545454545,0.509578544061303,178,261,0.681992337164751,17,0,0,0,0.459128787878788,0.295154220779221,261,2139,8.19540229885057,41,47,30,17,15,65,31,79,65,31,75,61,"G5"
"2309","Kent State","fbs","Mid-American",2019,4362340,"Woody Barrett",40,4,11,10,4.48878782170327,0.112219695542582,1.12219695542582,205,5.125,51.25,0.375,20,40,0.5,3,0,0,0,0.09609375,0.0549107142857143,40,205,5.125,NA,NA,NA,NA,NA,NA,NA,NA,NA,NA,NA,NA,"G5"
"2335","Liberty","fbs","FBS Independents",2019,4029885,"Stephen Calvert",343,10,10,34.3,91.1464562778609,0.26573310868181,9.11464562778609,2727,7.95043731778426,272.7,0.469387755102041,201,343,0.58600583090379,19,0,0,0,0.6476625,0.446663793103448,343,2727,7.95043731778426,42,36,57,43,90,29,43,19,29,43,17,18,"G5"
"2335","Liberty","fbs","FBS Independents",2019,4246892,"Landon Brown",9,2,10,4.5,-2.86117486529059,-0.317908318365621,-1.4305874326453,25,2.77777777777778,12.5,0.111111111111111,3,9,0.333333333333333,0,0,0,0,0,0,9,25,2.77777777777778,NA,NA,NA,NA,NA,NA,NA,NA,NA,NA,NA,NA,"G5"
"2335","Liberty","fbs","FBS Independents",2019,4246920,"DJ Stubbs",2,2,10,1,1.50551743414721,0.752758717073605,0.752758717073605,38,19,19,0.5,1,2,0.5,0,0,0,0,0,0,2,38,19,NA,NA,NA,NA,NA,NA,NA,NA,NA,NA,NA,NA,"G5"
"2335","Liberty","fbs","FBS Independents",2019,4372548,"Brandon Robinson",2,1,10,2,1.822106048559,0.911053024279501,1.822106048559,19,9.5,19,1,2,2,1,1,0,0,0,0.02375,0.02375,2,19,9.5,NA,NA,NA,NA,NA,NA,NA,NA,NA,NA,NA,NA,"G5"
"2335","Liberty","fbs","FBS Independents",2019,4426687,"Johnathan Bennett",5,2,10,2.5,-1.49325687485134,-0.298651374970269,-0.746628437425672,11,2.2,5.5,0.2,2,5,0.4,0,0,0,0,0,0,5,11,2.2,NA,NA,NA,NA,NA,NA,NA,NA,NA,NA,NA,NA,"G5"
"2348","Louisiana Tech","fbs","Conference USA",2019,3914382,"J'Mar Smith",309,9,11,34.3333333333333,110.571346661435,0.357836073337976,12.2857051846038,2574,8.33009708737864,286,0.530744336569579,205,309,0.663430420711974,15,0,0,0,0.6703125,0.446875,309,2574,8.33009708737864,24,15,26,8,25,35,28,9,35,28,13,17,"G5"
"2348","Louisiana Tech","fbs","Conference USA",2019,4052236,"Adrian Hardy",1,1,11,1,-0.734517396214305,-0.734517396214305,-0.734517396214305,0,0,0,0,0,1,0,0,0,0,0,0,0,1,0,0,NA,NA,NA,NA,NA,NA,NA,NA,NA,NA,NA,NA,"G5"
"2348","Louisiana Tech","fbs","Conference USA",2019,4239691,"Griffin Hebert",1,1,11,1,2.92475808509322,2.92475808509322,2.92475808509322,17,17,17,1,1,1,1,1,0,0,0,0.02125,0.02125,1,17,17,NA,NA,NA,NA,NA,NA,NA,NA,NA,NA,NA,NA,"G5"
"2348","Louisiana Tech","fbs","Conference USA",2019,4262160,"Westin Elliott",10,4,11,2.5,2.13877367217816,0.213877367217816,0.53469341804454,67,6.7,16.75,0.5,6,10,0.6,0,0,0,0,0,0,10,67,6.7,NA,NA,NA,NA,NA,NA,NA,NA,NA,NA,NA,NA,"G5"
"2348","Louisiana Tech","fbs","Conference USA",2019,4384187,"Aaron Allen",73,5,11,14.6,0.325899766286416,0.00446438036008788,0.0651799532572831,433,5.93150684931507,86.6,0.356164383561644,42,73,0.575342465753425,2,0,0,0,0.144333333333333,0.0618571428571429,73,433,5.93150684931507,NA,NA,NA,NA,NA,NA,NA,NA,NA,NA,NA,NA,"G5"
"2348","Louisiana Tech","fbs","Conference USA",2019,4384211,"Tahj Magee",1,1,11,1,2.54945420360517,2.54945420360517,2.54945420360517,13,13,13,1,1,1,1,1,0,0,0,0.01625,0.01625,1,13,13,NA,NA,NA,NA,NA,NA,NA,NA,NA,NA,NA,NA,"G5"
"235","Memphis","fbs","American Athletic",2019,3893630,"Brady White",336,12,12,28,173.412027646485,0.516107225138349,14.4510023038738,3200,9.52380952380952,266.666666666667,0.49702380952381,216,336,0.642857142857143,29,0,0,0,0.644444444444444,0.471544715447154,336,3200,9.52380952380952,4,5,7,23,39,10,7,22,10,7,19,11,"G5"
"235","Memphis","fbs","American Athletic",2019,3916143,"Kedarian Jones",1,1,12,1,-0.526301153866868,-0.526301153866868,-0.526301153866868,0,0,0,0,0,1,0,0,0,0,0,0,0,1,0,0,NA,NA,NA,NA,NA,NA,NA,NA,NA,NA,NA,NA,"G5"
"235","Memphis","fbs","American Athletic",2019,4064980,"Damonte Coxie",1,1,12,1,3.39726855141087,3.39726855141087,3.39726855141087,14,14,14,1,1,1,1,1,0,0,0,0.0175,0.0175,1,14,14,NA,NA,NA,NA,NA,NA,NA,NA,NA,NA,NA,NA,"G5"
"235","Memphis","fbs","American Athletic",2019,4243364,"Connor Adair",8,4,12,2,1.02734804796639,0.128418505995799,0.256837011991598,48,6,12,0.375,4,8,0.5,0,0,0,0,0,0,8,48,6,NA,NA,NA,NA,NA,NA,NA,NA,NA,NA,NA,NA,"G5"
"235","Memphis","fbs","American Athletic",2019,4243390,"Tyce Daniel",1,1,12,1,0.919252616248947,0.919252616248947,0.919252616248947,3,3,3,1,1,1,1,1,0,0,0,0.00375,0.00375,1,3,3,NA,NA,NA,NA,NA,NA,NA,NA,NA,NA,NA,NA,"G5"
"235","Memphis","fbs","American Athletic",2019,4257347,"Adam Williams",1,1,12,1,4.14620494444388,4.14620494444388,4.14620494444388,29,29,29,1,1,1,1,0,0,0,0,0,0,1,29,29,NA,NA,NA,NA,NA,NA,NA,NA,NA,NA,NA,NA,"G5"
"238","Vanderbilt","fbs","SEC",2019,3915468,"Riley Neal",228,10,11,22.8,-7.26990845375285,-0.0318855633936529,-0.726990845375285,1388,6.08771929824561,138.8,0.337719298245614,132,228,0.578947368421053,6,0,0,0,0.297428571428571,0.130125,228,1388,6.08771929824561,111,111,111,109,94,99,102,105,99,102,105,106,"P5"
"238","Vanderbilt","fbs","SEC",2019,4035277,"Kalija Lipscomb",1,1,11,1,4.82715792788332,4.82715792788332,4.82715792788332,18,18,18,1,1,1,1,1,0,0,0,0.0225,0.0225,1,18,18,NA,NA,NA,NA,NA,NA,NA,NA,NA,NA,NA,NA,"P5"
"238","Vanderbilt","fbs","SEC",2019,4035285,"Deuce Wallace",97,8,11,12.125,-39.791496097022,-0.410221609247649,-4.97393701212775,307,3.16494845360825,38.375,0.237113402061856,43,97,0.443298969072165,0,0,0,0,0,0,97,307,3.16494845360825,NA,NA,NA,NA,NA,NA,NA,NA,NA,NA,NA,NA,"P5"
"238","Vanderbilt","fbs","SEC",2019,4037118,"Mo Hasan",11,1,11,11,3.98377690634485,0.362161536940441,3.98377690634485,120,10.9090909090909,120,0.272727272727273,7,11,0.636363636363636,1,0,0,0,0.15,0.15,11,120,10.9090909090909,NA,NA,NA,NA,NA,NA,NA,NA,NA,NA,NA,NA,"P5"
"238","Vanderbilt","fbs","SEC",2019,4362794,"Cam Johnson",2,2,11,1,0.0307911968465149,0.0153955984232574,0.0153955984232574,16,8,8,0.5,1,2,0.5,0,0,0,0,0,0,2,16,8,NA,NA,NA,NA,NA,NA,NA,NA,NA,NA,NA,NA,"P5"
"238","Vanderbilt","fbs","SEC",2019,4362807,"Allan Walters",6,2,11,3,-0.823701838883525,-0.137283639813921,-0.411850919441762,17,2.83333333333333,8.5,0.166666666666667,1,6,0.166666666666667,0,0,0,0,0,0,6,17,2.83333333333333,NA,NA,NA,NA,NA,NA,NA,NA,NA,NA,NA,NA,"P5"
"239","Baylor","fbs","Big 12",2019,4035390,"Jared Atkinson",1,1,12,1,-0.552177844788584,-0.552177844788584,-0.552177844788584,0,0,0,0,0,1,0,0,0,0,0,0,0,1,0,0,NA,NA,NA,NA,NA,NA,NA,NA,NA,NA,NA,NA,"P5"
"239","Baylor","fbs","Big 12",2019,4035403,"Denzel Mims",3,2,12,1.5,6.73752681396715,2.24584227132239,3.36876340698358,63,21,31.5,1,3,3,1,3,0,0,0,0.0590625,0.04725,3,63,21,NA,NA,NA,NA,NA,NA,NA,NA,NA,NA,NA,NA,"P5"
"239","Baylor","fbs","Big 12",2019,4241222,"Charlie Brewer",298,12,12,24.8333333333333,83.9020275544679,0.281550428035127,6.99183562953899,2569,8.62080536912752,214.083333333333,0.486577181208054,196,298,0.657718120805369,12,0,0,0,0.494038461538462,0.267604166666667,298,2569,8.62080536912752,47,60,51,29,29,36,19,63,36,19,60,74,"P5"
"239","Baylor","fbs","Big 12",2019,4362915,"Gerry Bohannon",30,6,12,5,-9.00936368675115,-0.300312122891705,-1.50156061445852,136,4.53333333333333,22.6666666666667,0.166666666666667,12,30,0.4,1,0,0,0,0.0283333333333333,0.00809523809523809,30,136,4.53333333333333,NA,NA,NA,NA,NA,NA,NA,NA,NA,NA,NA,NA,"P5"
"239","Baylor","fbs","Big 12",2019,4426417,"Jacob Zeno",6,2,12,3,13.3204172226361,2.22006953710602,6.66020861131807,200,33.3333333333333,100,0.833333333333333,5,6,0.833333333333333,1,0,0,0,0.125,0.0833333333333333,6,200,33.3333333333333,NA,NA,NA,NA,NA,NA,NA,NA,NA,NA,NA,NA,"P5"
"2390","Miami","fbs","ACC",2019,4240626,"Jeff Thomas",1,1,11,1,5.05533892134329,5.05533892134329,5.05533892134329,25,25,25,1,1,1,1,1,0,0,0,0.03125,0.03125,1,25,25,NA,NA,NA,NA,NA,NA,NA,NA,NA,NA,NA,NA,"P5"
"2390","Miami","fbs","ACC",2019,4240628,"N'Kosi Perry",126,6,11,21,10.9819445448382,0.0871582900383984,1.83032409080637,822,6.52380952380952,137,0.404761904761905,67,126,0.531746031746032,5,0,0,0,0.285416666666667,0.155681818181818,126,822,6.52380952380952,NA,NA,NA,NA,NA,NA,NA,NA,NA,NA,NA,NA,"P5"
"2390","Miami","fbs","ACC",2019,4362499,"Mark Pope",1,1,11,1,6.55969751094463,6.55969751094463,6.55969751094463,38,38,38,1,1,1,1,1,0,0,0,0.0475,0.0475,1,38,38,NA,NA,NA,NA,NA,NA,NA,NA,NA,NA,NA,NA,"P5"
"2390","Miami","fbs","ACC",2019,4362507,"Jarren Williams",225,10,11,22.5,69.855774434857,0.310470108599364,6.9855774434857,1839,8.17333333333333,183.9,0.444444444444444,141,225,0.626666666666667,16,0,0,0,0.432705882352941,0.282923076923077,225,1839,8.17333333333333,62,61,43,65.5,52,82,33,83,82,33,80,69,"P5"
"2393","Middle Tennessee","fbs","Conference USA",2019,4037377,"CJ Windham",1,1,11,1,4.03959810542078,4.03959810542078,4.03959810542078,26,26,26,1,1,1,1,1,0,0,0,0.0325,0.0325,1,26,26,NA,NA,NA,NA,NA,NA,NA,NA,NA,NA,NA,NA,"G5"
"2393","Middle Tennessee","fbs","Conference USA",2019,4291782,"Chase Cunningham",31,4,11,7.75,6.38654635958449,0.206017624502726,1.59663658989612,221,7.12903225806452,55.25,0.387096774193548,17,31,0.548387096774194,2,0,0,0,0.0920833333333333,0.0460416666666667,31,221,7.12903225806452,NA,NA,NA,NA,NA,NA,NA,NA,NA,NA,NA,NA,"G5"
"2393","Middle Tennessee","fbs","Conference USA",2019,4374350,"Asher O'Hara",294,11,11,26.7272727272727,61.0001767972199,0.207483594548367,5.54547061792908,2182,7.42176870748299,198.363636363636,0.431972789115646,184,294,0.625850340136054,15,0,0,0,0.464914772727273,0.286101398601399,294,2182,7.42176870748299,74,79,73,79,53,64,67,77,64,67,72,66,"G5"
"24","Stanford","fbs","Pac-12",2019,4044431,"K.J. Costello",163,5,12,32.6,18.5344102459064,0.113708038318444,3.70688204918127,1027,6.30061349693251,205.4,0.411042944785276,101,163,0.619631901840491,6,0,0,0,0.440142857142857,0.280090909090909,163,1027,6.30061349693251,NA,NA,NA,NA,NA,NA,NA,NA,NA,NA,NA,NA,"P5"
"24","Stanford","fbs","Pac-12",2019,4242546,"Davis Mills",234,8,12,29.25,71.6694156797606,0.306279554187011,8.95867695997008,1901,8.12393162393162,237.625,0.52991452991453,156,234,0.666666666666667,10,0,0,0,0.540056818181818,0.330034722222222,234,1901,8.12393162393162,60,42,44,9,22.5,77,36,36,77,36,40,51,"P5"
"24","Stanford","fbs","Pac-12",2019,4242557,"Colby Parkinson",1,1,12,1,1.73292581639729,1.73292581639729,1.73292581639729,8,8,8,1,1,1,1,1,0,0,0,0.01,0.01,1,8,8,NA,NA,NA,NA,NA,NA,NA,NA,NA,NA,NA,NA,"P5"
"24","Stanford","fbs","Pac-12",2019,4360738,"Jack West",32,1,12,32,-7.71419106611298,-0.241068470816031,-7.71419106611298,143,4.46875,143,0.3125,15,32,0.46875,0,0,0,0,0,0,32,143,4.46875,NA,NA,NA,NA,NA,NA,NA,NA,NA,NA,NA,NA,"P5"
"24","Stanford","fbs","Pac-12",2019,4360739,"Simi Fehoko",1,1,12,1,3.53942050664855,3.53942050664855,3.53942050664855,42,42,42,1,1,1,1,1,0,0,0,0.0525,0.0525,1,42,42,NA,NA,NA,NA,NA,NA,NA,NA,NA,NA,NA,NA,"P5"
"242","Rice","fbs","Conference USA",2019,3123854,"Aston Walter",1,1,12,1,2.31773035321484,2.31773035321484,2.31773035321484,27,27,27,1,1,1,1,0,0,0,0,0,0,1,27,27,NA,NA,NA,NA,NA,NA,NA,NA,NA,NA,NA,NA,"G5"
"242","Rice","fbs","Conference USA",2019,3912536,"Tom Stewart",151,10,12,15.1,44.0497592653628,0.291720260035515,4.40497592653628,1054,6.98013245033113,105.4,0.47682119205298,92,151,0.609271523178808,8,0,0,0,0.234222222222222,0.117111111111111,151,1054,6.98013245033113,NA,NA,NA,NA,NA,NA,NA,NA,NA,NA,NA,NA,"G5"
"242","Rice","fbs","Conference USA",2019,4244861,"Evan Marshman",5,1,12,5,-0.205575437048437,-0.0411150874096874,-0.205575437048437,27,5.4,27,0.4,2,5,0.4,0,0,0,0,0,0,5,27,5.4,NA,NA,NA,NA,NA,NA,NA,NA,NA,NA,NA,NA,"G5"
"242","Rice","fbs","Conference USA",2019,4362528,"Wiley Green",138,7,12,19.7142857142857,7.19576618933657,0.0521432332560621,1.02796659847665,785,5.68840579710145,112.142857142857,0.369565217391304,74,138,0.536231884057971,3,0,0,0,0.210267857142857,0.0841071428571429,138,785,5.68840579710145,NA,NA,NA,NA,NA,NA,NA,NA,NA,NA,NA,NA,"G5"
"242","Rice","fbs","Conference USA",2019,4362555,"August Pitre III",1,1,12,1,1.11403009925415,1.11403009925415,1.11403009925415,3,3,3,1,1,1,1,1,0,0,0,0.00375,0.00375,1,3,3,NA,NA,NA,NA,NA,NA,NA,NA,NA,NA,NA,NA,"G5"
"242","Rice","fbs","Conference USA",2019,4429911,"JoVoni Johnson",18,2,12,9,0.00654325651214804,0.000363514250674891,0.00327162825607402,97,5.38888888888889,48.5,0.388888888888889,10,18,0.555555555555556,1,0,0,0,0.060625,0.0404166666666667,18,97,5.38888888888889,NA,NA,NA,NA,NA,NA,NA,NA,NA,NA,NA,NA,"G5"
"2426","Navy","fbs","American Athletic",2019,4039436,"Malcolm Perry",67,10,11,6.7,39.7832132874798,0.593779302798206,3.97832132874798,924,13.7910447761194,92.4,0.477611940298507,37,67,0.552238805970149,6,0,0,0,0.198,0.086625,67,924,13.7910447761194,NA,NA,NA,NA,NA,NA,NA,NA,NA,NA,NA,NA,"G5"
"2426","Navy","fbs","American Athletic",2019,4243712,"CJ Williams",3,3,11,1,3.53503858117807,1.17834619372602,1.17834619372602,49,16.3333333333333,16.3333333333333,0.666666666666667,2,3,0.666666666666667,1,0,0,0,0.0204166666666667,0.0102083333333333,3,49,16.3333333333333,NA,NA,NA,NA,NA,NA,NA,NA,NA,NA,NA,NA,"G5"
"2426","Navy","fbs","American Athletic",2019,4371860,"Jamale Carothers",1,1,11,1,1.14836835731149,1.14836835731149,1.14836835731149,1,1,1,1,1,1,1,1,0,0,0,0.00125,0.00125,1,1,1,NA,NA,NA,NA,NA,NA,NA,NA,NA,NA,NA,NA,"G5"
"2426","Navy","fbs","American Athletic",2019,4371863,"Chance Warren",2,2,11,1,0.303507258522138,0.151753629261069,0.151753629261069,18,9,9,0.5,1,2,0.5,0,0,0,0,0,0,2,18,9,NA,NA,NA,NA,NA,NA,NA,NA,NA,NA,NA,NA,"G5"
"2426","Navy","fbs","American Athletic",2019,4568524,"Perry Olsen",7,3,11,2.33333333333333,1.10776788091121,0.158252554415888,0.369255960303738,45,6.42857142857143,15,0.142857142857143,2,7,0.285714285714286,1,0,0,0,0.01875,0.009375,7,45,6.42857142857143,NA,NA,NA,NA,NA,NA,NA,NA,NA,NA,NA,NA,"G5"
"2429","Charlotte","fbs","Conference USA",2019,3917848,"Evan Shirreffs",2,2,11,1,-1.61138149930932,-0.805690749654658,-0.805690749654658,0,0,0,0,0,2,0,0,0,0,0,0,0,2,0,0,NA,NA,NA,NA,NA,NA,NA,NA,NA,NA,NA,NA,"G5"
"2429","Charlotte","fbs","Conference USA",2019,3923382,"Brett Kean",16,4,11,4,-1.29084637202213,-0.0806778982513832,-0.322711593005533,107,6.6875,26.75,0.25,9,16,0.5625,1,0,0,0,0.0334375,0.013375,16,107,6.6875,NA,NA,NA,NA,NA,NA,NA,NA,NA,NA,NA,NA,"G5"
"2429","Charlotte","fbs","Conference USA",2019,4259269,"Chris Reynolds",240,11,11,21.8181818181818,117.769420372325,0.490705918218022,10.7063109429387,2223,9.2625,202.090909090909,0.483333333333333,154,240,0.641666666666667,21,0,0,0,0.482262396694215,0.331555397727273,240,2223,9.2625,23,26,10,31.5,40,61,9,72,61,9,65,49,"G5"
"2429","Charlotte","fbs","Conference USA",2019,4259270,"Cameron Dollar",1,1,11,1,3.1734442004445,3.1734442004445,3.1734442004445,28,28,28,1,1,1,1,0,0,0,0,0,0,1,28,28,NA,NA,NA,NA,NA,NA,NA,NA,NA,NA,NA,NA,"G5"
"2433","UL Monroe","fbs","Sun Belt",2019,4036585,"Caleb Evans",353,11,11,32.0909090909091,101.616564360843,0.287865621418819,9.23786948734938,2696,7.63739376770538,245.090909090909,0.439093484419263,217,353,0.614730878186969,19,0,0,0,0.582090909090909,0.388060606060606,353,2696,7.63739376770538,34,34,48,72,65,32,57,33,32,57,33,31,"G5"
"2433","UL Monroe","fbs","Sun Belt",2019,4036595,"Josh Pederson",2,2,11,1,1.45847568690455,0.729237843452273,0.729237843452273,33,16.5,16.5,0.5,1,2,0.5,0,0,0,0,0,0,2,33,16.5,NA,NA,NA,NA,NA,NA,NA,NA,NA,NA,NA,NA,"G5"
"2433","UL Monroe","fbs","Sun Belt",2019,4050286,"Jonathan Hodoh",1,1,11,1,4.38160200448822,4.38160200448822,4.38160200448822,38,38,38,1,1,1,1,1,0,0,0,0.0475,0.0475,1,38,38,NA,NA,NA,NA,NA,NA,NA,NA,NA,NA,NA,NA,"G5"
"2433","UL Monroe","fbs","Sun Belt",2019,4365325,"Colby Suits",13,2,11,6.5,-7.93199250290438,-0.610153269454183,-3.96599625145219,48,3.69230769230769,24,0.153846153846154,4,13,0.307692307692308,0,0,0,0,0,0,13,48,3.69230769230769,NA,NA,NA,NA,NA,NA,NA,NA,NA,NA,NA,NA,"G5"
"2439","UNLV","fbs","Mountain West",2019,4056052,"Armani Rogers",59,3,11,19.6666666666667,-18.9854388016176,-0.321787098332502,-6.3284796005392,255,4.32203389830508,85,0.355932203389831,30,59,0.508474576271186,1,0,0,0,0.10625,0.053125,59,255,4.32203389830508,NA,NA,NA,NA,NA,NA,NA,NA,NA,NA,NA,NA,"G5"
"2439","UNLV","fbs","Mountain West",2019,4261657,"Noah Bean",1,1,11,1,6.08209027233959,6.08209027233959,6.08209027233959,60,60,60,1,1,1,1,1,0,0,0,0.075,0.075,1,60,60,NA,NA,NA,NA,NA,NA,NA,NA,NA,NA,NA,NA,"G5"
"2439","UNLV","fbs","Mountain West",2019,4361566,"Kenyon Oblad",284,10,11,28.4,44.1141528208572,0.155331524017103,4.41141528208572,1937,6.82042253521127,193.7,0.394366197183099,156,284,0.549295774647887,16,0,0,0,0.455764705882353,0.298,284,1937,6.82042253521127,87,87,90,96,103,76,90,80,76,90,77,60,"G5"
"2440","Nevada","fbs","Mountain West",2019,3914836,"Cristian Solano",39,3,11,13,9.56964890704343,0.245375613001114,3.18988296901448,248,6.35897435897436,82.6666666666667,0.435897435897436,25,39,0.641025641025641,2,0,0,0,0.137777777777778,0.0826666666666667,39,248,6.35897435897436,NA,NA,NA,NA,NA,NA,NA,NA,NA,NA,NA,NA,"G5"
"2440","Nevada","fbs","Mountain West",2019,4035603,"Malik Henry",73,3,11,24.3333333333333,3.63409239803758,0.0497820876443504,1.21136413267919,588,8.05479452054795,196,0.397260273972603,41,73,0.561643835616438,1,0,0,0,0.245,0.1225,73,588,8.05479452054795,NA,NA,NA,NA,NA,NA,NA,NA,NA,NA,NA,NA,"G5"
"2440","Nevada","fbs","Mountain West",2019,4241588,"Elijah Cooks",1,1,11,1,2.95949363002231,2.95949363002231,2.95949363002231,50,50,50,1,1,1,1,0,0,0,0,0,0,1,50,50,NA,NA,NA,NA,NA,NA,NA,NA,NA,NA,NA,NA,"G5"
"2440","Nevada","fbs","Mountain West",2019,4361435,"Carson Strong",268,8,11,33.5,14.8278672146074,0.0553278627410722,1.85348340182592,1610,6.00746268656716,201.25,0.42910447761194,173,268,0.645522388059702,10,0,0,0,0.457386363636364,0.279513888888889,268,1610,6.00746268656716,101,100,100,82,38,93,105,74,93,105,76,70,"G5"
"2440","Nevada","fbs","Mountain West",2019,4365811,"Hamish McClure",3,1,11,3,1.77107808283481,0.590359360944938,1.77107808283481,20,6.66666666666667,20,0.666666666666667,3,3,1,0,0,0,0,0,0,3,20,6.66666666666667,NA,NA,NA,NA,NA,NA,NA,NA,NA,NA,NA,NA,"G5"
"245","Texas A&M","fbs","SEC",2019,4035221,"Quartney Davis",1,1,11,1,3.4897032408022,3.4897032408022,3.4897032408022,27,27,27,1,1,1,1,1,0,0,0,0.03375,0.03375,1,27,27,NA,NA,NA,NA,NA,NA,NA,NA,NA,NA,NA,NA,"P5"
"245","Texas A&M","fbs","SEC",2019,4240895,"Jhamon Ausbon",1,1,11,1,2.71427393523005,2.71427393523005,2.71427393523005,19,19,19,1,1,1,1,1,0,0,0,0.02375,0.02375,1,19,19,NA,NA,NA,NA,NA,NA,NA,NA,NA,NA,NA,NA,"P5"
"245","Texas A&M","fbs","SEC",2019,4240904,"Kellen Mond",358,11,11,32.5454545454545,59.9119837710773,0.167351909975076,5.44654397918885,2377,6.63966480446927,216.090909090909,0.463687150837989,219,358,0.611731843575419,13,0,0,0,0.50163961038961,0.292623106060606,358,2377,6.63966480446927,75,80,87,47,69,52,96,62,52,96,56,64,"P5"
"245","Texas A&M","fbs","SEC",2019,4372517,"James Foster",4,1,11,4,-2.91021000453871,-0.727552501134677,-2.91021000453871,5,1.25,5,0,1,4,0.25,0,0,0,0,0,0,4,5,1.25,NA,NA,NA,NA,NA,NA,NA,NA,NA,NA,NA,NA,"P5"
"245","Texas A&M","fbs","SEC",2019,4426847,"Zach Calzada",15,2,11,7.5,-4.34704989136185,-0.28980332609079,-2.17352494568092,65,4.33333333333333,32.5,0.4,8,15,0.533333333333333,0,0,0,0,0,0,15,65,4.33333333333333,NA,NA,NA,NA,NA,NA,NA,NA,NA,NA,NA,NA,"P5"
"245","Texas A&M","fbs","SEC",2019,4428532,"Ainias Smith",1,1,11,1,3.52349536687193,3.52349536687193,3.52349536687193,15,15,15,1,1,1,1,1,0,0,0,0.01875,0.01875,1,15,15,NA,NA,NA,NA,NA,NA,NA,NA,NA,NA,NA,NA,"P5"
"245","Texas A&M","fbs","SEC",2019,4428952,"Jalen Wydermyer",2,1,11,2,7.15558152552614,3.57779076276307,7.15558152552614,43,21.5,43,1,2,2,1,2,0,0,0,0.0716666666666667,0.0716666666666667,2,43,21.5,NA,NA,NA,NA,NA,NA,NA,NA,NA,NA,NA,NA,"P5"
"2459","Northern Illinois","fbs","Mid-American",2019,3858269,"Ross Bowers",247,8,11,30.875,44.8083690596963,0.181410401051402,5.60104613246203,1841,7.45344129554656,230.125,0.412955465587045,146,247,0.591093117408907,5,0,0,0,0.479427083333333,0.221274038461538,247,1841,7.45344129554656,86,76,84,88,85,81,65,42,81,65,68,89,"G5"
"2459","Northern Illinois","fbs","Mid-American",2019,4039470,"Marcus Childers",77,8,11,9.625,10.0729489830184,0.13081751925998,1.2591186228773,466,6.05194805194805,58.25,0.402597402597403,47,77,0.61038961038961,6,0,0,0,0.124821428571429,0.0624107142857143,77,466,6.05194805194805,NA,NA,NA,NA,NA,NA,NA,NA,NA,NA,NA,NA,"G5"
"2459","Northern Illinois","fbs","Mid-American",2019,4569277,"Michael Love",1,1,11,1,2.93438024100064,2.93438024100064,2.93438024100064,7,7,7,1,1,1,1,1,0,0,0,0.00875,0.00875,1,7,7,NA,NA,NA,NA,NA,NA,NA,NA,NA,NA,NA,NA,"G5"
"248","Houston","fbs","American Athletic",2019,4039295,"Keith Corbin",1,1,11,1,2.46536358939911,2.46536358939911,2.46536358939911,28,28,28,1,1,1,1,1,0,0,0,0.035,0.035,1,28,28,NA,NA,NA,NA,NA,NA,NA,NA,NA,NA,NA,NA,"G5"
"248","Houston","fbs","American Athletic",2019,4039300,"D'Eriq King",81,3,11,27,3.12723048376855,0.038607783750229,1.04241016125618,421,5.19753086419753,140.333333333333,0.382716049382716,41,81,0.506172839506173,3,0,0,0,0.263125,0.175416666666667,81,421,5.19753086419753,NA,NA,NA,NA,NA,NA,NA,NA,NA,NA,NA,NA,"G5"
"248","Houston","fbs","American Athletic",2019,4039307,"Marquez Stevenson",1,1,11,1,6.15933018580109,6.15933018580109,6.15933018580109,75,75,75,1,1,1,1,1,0,0,0,0.09375,0.09375,1,75,75,NA,NA,NA,NA,NA,NA,NA,NA,NA,NA,NA,NA,"G5"
"248","Houston","fbs","American Athletic",2019,4240251,"Bryson Smith",4,2,11,2,8.84514584698448,2.21128646174612,4.42257292349224,105,26.25,52.5,0.75,3,4,0.75,1,0,0,0,0.065625,0.04375,4,105,26.25,NA,NA,NA,NA,NA,NA,NA,NA,NA,NA,NA,NA,"G5"
"248","Houston","fbs","American Athletic",2019,4240253,"Jeremy Singleton",1,1,11,1,4.98411006126268,4.98411006126268,4.98411006126268,58,58,58,1,1,1,1,1,0,0,0,0.0725,0.0725,1,58,58,NA,NA,NA,NA,NA,NA,NA,NA,NA,NA,NA,NA,"G5"
"248","Houston","fbs","American Athletic",2019,4360175,"Clayton Tune",169,7,11,24.1428571428571,68.9623890265164,0.408061473529683,9.85176986093092,1532,9.06508875739645,218.857142857143,0.455621301775148,106,169,0.627218934911243,11,0,0,0,0.501547619047619,0.334365079365079,169,1532,9.06508875739645,64,30,14,50,51,98,12,55,98,12,57,48,"G5"
"248","Houston","fbs","American Athletic",2019,4567476,"Logan Holgorsen",16,3,11,5.33333333333333,-2.46734092504585,-0.154208807815365,-0.822446975015282,75,4.6875,25,0.3125,7,16,0.4375,0,0,0,0,0,0,16,75,4.6875,NA,NA,NA,NA,NA,NA,NA,NA,NA,NA,NA,NA,"G5"
"2483","Oregon","fbs","Pac-12",2019,4038941,"Justin Herbert",361,12,12,30.0833333333333,132.101459718724,0.365932021381507,11.0084549765603,3012,8.34349030470914,251,0.473684210526316,242,361,0.670360110803324,27,0,0,0,0.605089285714286,0.434423076923077,361,3012,8.34349030470914,17,24,20,40,19,18,26,29,18,26,25,19,"P5"
"2483","Oregon","fbs","Pac-12",2019,4360689,"Tyler Shough",14,3,12,4.66666666666667,8.43835260439446,0.602739471742461,2.81278420146482,147,10.5,49,0.571428571428571,11,14,0.785714285714286,3,0,0,0,0.091875,0.06125,14,147,10.5,NA,NA,NA,NA,NA,NA,NA,NA,NA,NA,NA,NA,"P5"
"249","North Texas","fbs","Conference USA",2019,4039073,"Mason Fine",369,11,11,33.5454545454545,102.827613215412,0.278665618469952,9.34796483776476,2707,7.3360433604336,246.090909090909,0.452574525745257,229,369,0.62059620596206,25,0,0,0,0.591564685314685,0.427241161616162,369,2707,7.3360433604336,31,33,53,54,56,31,70,31,31,70,29,21,"G5"
"249","North Texas","fbs","Conference USA",2019,4360163,"Austin Aune",5,2,11,2.5,10.8521020389255,2.17042040778509,5.42605101946273,136,27.2,68,0.8,4,5,0.8,1,0,0,0,0.085,0.0566666666666667,5,136,27.2,NA,NA,NA,NA,NA,NA,NA,NA,NA,NA,NA,NA,"G5"
"249","North Texas","fbs","Conference USA",2019,4360900,"Jason Bean",31,5,11,6.2,10.3977653437105,0.335411785280984,2.0795530687421,176,5.67741935483871,35.2,0.548387096774194,22,31,0.709677419354839,3,0,0,0,0.066,0.033,31,176,5.67741935483871,NA,NA,NA,NA,NA,NA,NA,NA,NA,NA,NA,NA,"G5"
"25","California","fbs","Pac-12",2019,4035823,"Devon Modster",117,6,11,19.5,-6.10357527616192,-0.052167310052666,-1.01726254602699,705,6.02564102564103,117.5,0.333333333333333,62,117,0.52991452991453,5,0,0,0,0.244791666666667,0.133522727272727,117,705,6.02564102564103,NA,NA,NA,NA,NA,NA,NA,NA,NA,NA,NA,NA,"P5"
"25","California","fbs","Pac-12",2019,4242408,"Chase Garbers",154,7,11,22,56.1233919756504,0.364437610231496,8.01762742509291,1262,8.19480519480519,180.285714285714,0.435064935064935,93,154,0.603896103896104,8,0,0,0,0.400634920634921,0.240380952380952,154,1262,8.19480519480519,78,52,21,78,77,103,32,87,103,32,89,82,"P5"
"25","California","fbs","Pac-12",2019,4372715,"Robby Rowell",3,1,11,3,-0.812623479779863,-0.270874493259954,-0.812623479779863,13,4.33333333333333,13,0.333333333333333,2,3,0.666666666666667,0,0,0,0,0,0,3,13,4.33333333333333,NA,NA,NA,NA,NA,NA,NA,NA,NA,NA,NA,NA,"P5"
"25","California","fbs","Pac-12",2019,4426770,"Spencer Brasch",24,2,11,12,-11.8961130633463,-0.495671377639431,-5.94805653167317,71,2.95833333333333,35.5,0.25,9,24,0.375,0,0,0,0,0,0,24,71,2.95833333333333,NA,NA,NA,NA,NA,NA,NA,NA,NA,NA,NA,NA,"P5"
"2509","Purdue","fbs","Big Ten",2019,3791146,"Elijah Sindelar",109,3,12,36.3333333333333,43.5759784340007,0.399779618660557,14.5253261446669,978,8.97247706422018,326,0.513761467889908,72,109,0.660550458715596,9,0,0,0,0.7335,0.61125,109,978,8.97247706422018,NA,NA,NA,NA,NA,NA,NA,NA,NA,NA,NA,NA,"P5"
"2509","Purdue","fbs","Big Ten",2019,4260394,"Aidan O'Connell",153,6,12,25.5,48.6687433465287,0.318096361742018,8.11145722442145,1064,6.95424836601307,177.333333333333,0.470588235294118,99,153,0.647058823529412,7,0,0,0,0.387916666666667,0.238717948717949,153,1064,6.95424836601307,NA,NA,NA,NA,NA,NA,NA,NA,NA,NA,NA,NA,"P5"
"2509","Purdue","fbs","Big Ten",2019,4361493,"Jack Plummer",235,7,12,33.5714285714286,61.5363604347369,0.261856852913774,8.79090863353384,1605,6.82978723404255,229.285714285714,0.429787234042553,145,235,0.617021276595745,11,0,0,0,0.525446428571429,0.350297619047619,235,1605,6.82978723404255,72,43,58,81,62,94,89,44,94,89,49,40,"P5"
"2509","Purdue","fbs","Big Ten",2019,4426504,"Milton Wright",1,1,12,1,3.4866005310226,3.4866005310226,3.4866005310226,37,37,37,1,1,1,1,1,0,0,0,0.04625,0.04625,1,37,37,NA,NA,NA,NA,NA,NA,NA,NA,NA,NA,NA,NA,"P5"
"251","Texas","fbs","Big 12",2019,4039043,"Collin Johnson",2,2,12,1,4.16540977104823,2.08270488552411,2.08270488552411,27,13.5,13.5,1,2,2,1,2,0,0,0,0.0225,0.016875,2,27,13.5,NA,NA,NA,NA,NA,NA,NA,NA,NA,NA,NA,NA,"P5"
"251","Texas","fbs","Big 12",2019,4039050,"Devin Duvernay",1,1,12,1,-0.163127139043117,-0.163127139043117,-0.163127139043117,8,8,8,1,1,1,1,0,0,0,0,0,0,1,8,8,NA,NA,NA,NA,NA,NA,NA,NA,NA,NA,NA,NA,"P5"
"251","Texas","fbs","Big 12",2019,4241820,"Sam Ehlinger",424,12,12,35.3333333333333,158.674105121708,0.374231380004028,13.2228420934757,3410,8.04245283018868,284.166666666667,0.488207547169811,281,424,0.662735849056604,26,0,0,0,0.684104938271605,0.486074561403509,424,3410,8.04245283018868,8,11,17,27,27,5,40,10,5,40,8,10,"P5"
"251","Texas","fbs","Big 12",2019,4362073,"Casey Thompson",12,2,12,6,0.207244332920222,0.0172703610766852,0.103622166460111,84,7,42,0.416666666666667,8,12,0.666666666666667,0,0,0,0,0,0,12,84,7,NA,NA,NA,NA,NA,NA,NA,NA,NA,NA,NA,NA,"P5"
"251","Texas","fbs","Big 12",2019,4362107,"Brennan Eagles",1,1,12,1,2.03850122542975,2.03850122542975,2.03850122542975,25,25,25,1,1,1,1,1,0,0,0,0.03125,0.03125,1,25,25,NA,NA,NA,NA,NA,NA,NA,NA,NA,NA,NA,NA,"P5"
"251","Texas","fbs","Big 12",2019,4426386,"Roschon Johnson",1,1,12,1,-0.60144777902346,-0.60144777902346,-0.60144777902346,0,0,0,0,0,1,0,0,0,0,0,0,0,1,0,0,NA,NA,NA,NA,NA,NA,NA,NA,NA,NA,NA,NA,"P5"
"252","BYU","fbs","FBS Independents",2019,3932355,"Micah Simon",2,2,11,1,4.80752352536302,2.40376176268151,2.40376176268151,57,28.5,28.5,1,2,2,1,1,0,0,0,0.035625,0.02375,2,57,28.5,NA,NA,NA,NA,NA,NA,NA,NA,NA,NA,NA,NA,"G5"
"252","BYU","fbs","FBS Independents",2019,4046668,"Aleva Hifo",1,1,11,1,0.80349590736791,0.80349590736791,0.80349590736791,22,22,22,1,1,1,1,0,0,0,0,0,0,1,22,22,NA,NA,NA,NA,NA,NA,NA,NA,NA,NA,NA,NA,"G5"
"252","BYU","fbs","FBS Independents",2019,4242369,"Matt Bushman",3,2,11,1.5,10.0832264685615,3.3610754895205,5.04161323428075,73,24.3333333333333,36.5,1,3,3,1,3,0,0,0,0.0684375,0.05475,3,73,24.3333333333333,NA,NA,NA,NA,NA,NA,NA,NA,NA,NA,NA,NA,"G5"
"252","BYU","fbs","FBS Independents",2019,4256063,"Joe Critchlow",7,1,11,7,-5.07614272400489,-0.725163246286412,-5.07614272400489,15,2.14285714285714,15,0.142857142857143,4,7,0.571428571428571,0,0,0,0,0,0,7,15,2.14285714285714,NA,NA,NA,NA,NA,NA,NA,NA,NA,NA,NA,NA,"G5"
"252","BYU","fbs","FBS Independents",2019,4361254,"Baylor Romney",81,4,11,20.25,34.6306861852165,0.427539335619957,8.65767154630413,681,8.40740740740741,170.25,0.469135802469136,52,81,0.641975308641975,5,0,0,0,0.3546875,0.236458333333333,81,681,8.40740740740741,NA,NA,NA,NA,NA,NA,NA,NA,NA,NA,NA,NA,"G5"
"252","BYU","fbs","FBS Independents",2019,4361259,"Zach Wilson",237,7,11,33.8571428571429,46.2001994646347,0.194937550483691,6.60002849494781,1891,7.9789029535865,270.142857142857,0.468354430379747,153,237,0.645569620253165,7,0,0,0,0.5909375,0.337678571428571,237,1891,7.9789029535865,85,64,79,44,37,78,41,20,78,41,31,46,"G5"
"252","BYU","fbs","FBS Independents",2019,4373632,"Jaren Hall",46,4,11,11.5,17.0370435565086,0.370370512098013,4.25926088912715,420,9.1304347826087,105,0.521739130434783,31,46,0.673913043478261,1,0,0,0,0.13125,0.0525,46,420,9.1304347826087,NA,NA,NA,NA,NA,NA,NA,NA,NA,NA,NA,NA,"G5"
"254","Utah","fbs","Pac-12",2019,4035671,"Tyler Huntley",253,12,12,21.0833333333333,134.776761318064,0.532714471612903,11.2313967765054,2613,10.3280632411067,217.75,0.525691699604743,188,253,0.743083003952569,14,0,0,0,0.508083333333333,0.293125,253,2613,10.3280632411067,15,22,4,10,2,34,3,59,34,3,53,63,"P5"
"254","Utah","fbs","Pac-12",2019,4048096,"Drew Lisk",3,1,12,3,0.870435512368718,0.290145170789573,0.870435512368718,14,4.66666666666667,14,0.333333333333333,1,3,0.333333333333333,0,0,0,0,0,0,3,14,4.66666666666667,NA,NA,NA,NA,NA,NA,NA,NA,NA,NA,NA,NA,"P5"
"254","Utah","fbs","Pac-12",2019,4243258,"Jason Shelley",10,5,12,2,0.304210390882036,0.0304210390882036,0.0608420781764073,43,4.3,8.6,0.5,6,10,0.6,1,0,0,0,0.01075,0.00358333333333333,10,43,4.3,NA,NA,NA,NA,NA,NA,NA,NA,NA,NA,NA,NA,"P5"
"254","Utah","fbs","Pac-12",2019,4361008,"Cole Fotheringham",1,1,12,1,1.85713371969143,1.85713371969143,1.85713371969143,2,2,2,1,1,1,1,1,0,0,0,0.0025,0.0025,1,2,2,NA,NA,NA,NA,NA,NA,NA,NA,NA,NA,NA,NA,"P5"
"2567","SMU","fbs","American Athletic",2019,3916204,"James Proche",4,3,12,1.33333333333333,9.44969687074066,2.36242421768516,3.14989895691355,35,8.75,11.6666666666667,0.75,3,4,0.75,3,0,0,0,0.021875,0.0145833333333333,4,35,8.75,NA,NA,NA,NA,NA,NA,NA,NA,NA,NA,NA,NA,"G5"
"2567","SMU","fbs","American Athletic",2019,3916209,"Xavier Jones",1,1,12,1,1.76115724613536,1.76115724613536,1.76115724613536,5,5,5,1,1,1,1,1,0,0,0,0.00625,0.00625,1,5,5,NA,NA,NA,NA,NA,NA,NA,NA,NA,NA,NA,NA,"G5"
"2567","SMU","fbs","American Athletic",2019,4039034,"Shane Buechele",420,12,12,35,144.638521663693,0.344377432532603,12.0532101386411,3303,7.86428571428571,275.25,0.45,267,420,0.635714285714286,24,0,0,0,0.6606,0.45875,420,3303,7.86428571428571,11,17,33,56.5,47,8,48,16,8,48,15,14,"G5"
"2567","SMU","fbs","American Athletic",2019,4039160,"Kylen Granson",1,1,12,1,2.42995625968297,2.42995625968297,2.42995625968297,10,10,10,1,1,1,1,1,0,0,0,0.0125,0.0125,1,10,10,NA,NA,NA,NA,NA,NA,NA,NA,NA,NA,NA,NA,"G5"
"2567","SMU","fbs","American Athletic",2019,4046729,"Ke'Mon Freeman",1,1,12,1,-0.958600706618299,-0.958600706618299,-0.958600706618299,0,0,0,0,0,1,0,0,0,0,0,0,0,1,0,0,NA,NA,NA,NA,NA,NA,NA,NA,NA,NA,NA,NA,"G5"
"2567","SMU","fbs","American Athletic",2019,4241888,"Reggie Roberson Jr.",4,2,12,2,16.6538604548172,4.16346511370431,8.32693022740861,199,49.75,99.5,1,4,4,1,4,0,0,0,0.199,0.165833333333333,4,199,49.75,NA,NA,NA,NA,NA,NA,NA,NA,NA,NA,NA,NA,"G5"
"2567","SMU","fbs","American Athletic",2019,4243760,"Tyler Page",2,2,12,1,0.848667726899535,0.424333863449767,0.424333863449767,30,15,15,0.5,1,2,0.5,0,0,0,0,0,0,2,30,15,NA,NA,NA,NA,NA,NA,NA,NA,NA,NA,NA,NA,"G5"
"2567","SMU","fbs","American Athletic",2019,4360550,"Derek Green",2,2,12,1,-1.25534616168814,-0.62767308084407,-0.62767308084407,0,0,0,0,1,2,0.5,0,0,0,0,0,0,2,0,0,NA,NA,NA,NA,NA,NA,NA,NA,NA,NA,NA,NA,"G5"
"2567","SMU","fbs","American Athletic",2019,4429665,"Terrance Gipson",3,2,12,1.5,3.6063974220531,1.2021324740177,1.80319871102655,56,18.6666666666667,28,0.666666666666667,3,3,1,0,0,0,0,0,0,3,56,18.6666666666667,NA,NA,NA,NA,NA,NA,NA,NA,NA,NA,NA,NA,"G5"
"2572","Southern Miss","fbs","Conference USA",2019,4040407,"Jack Abraham",340,11,11,30.9090909090909,121.967319585973,0.358727410546981,11.0879381441794,3021,8.88529411764706,274.636363636364,0.476470588235294,240,340,0.705882352941177,17,0,0,0,0.64844696969697,0.416858766233766,340,3021,8.88529411764706,22,23,25,37,9,17,16,17,17,16,16,23,"G5"
"2572","Southern Miss","fbs","Conference USA",2019,4050375,"Zac Everett",3,2,11,1.5,4.85658210092752,1.61886070030917,2.42829105046376,16,5.33333333333333,8,0.666666666666667,3,3,1,0,0,0,0,0,0,3,16,5.33333333333333,NA,NA,NA,NA,NA,NA,NA,NA,NA,NA,NA,NA,"G5"
"2572","Southern Miss","fbs","Conference USA",2019,4362942,"Tate Whatley",7,1,11,7,5.17206414485915,0.73886630640845,5.17206414485915,65,9.28571428571429,65,0.428571428571429,3,7,0.428571428571429,0,0,0,0,0,0,7,65,9.28571428571429,NA,NA,NA,NA,NA,NA,NA,NA,NA,NA,NA,NA,"G5"
"2572","Southern Miss","fbs","Conference USA",2019,4362945,"Neil McLaurin",2,2,11,1,4.70808908929265,2.35404454464632,2.35404454464632,60,30,30,1,2,2,1,1,0,0,0,0.0375,0.025,2,60,30,NA,NA,NA,NA,NA,NA,NA,NA,NA,NA,NA,NA,"G5"
"2579","South Carolina","fbs","SEC",2019,3924367,"Kyle Markway",2,2,11,1,8.10341335366563,4.05170667683281,4.05170667683281,33,16.5,16.5,1,2,2,1,2,0,0,0,0.0275,0.020625,2,33,16.5,NA,NA,NA,NA,NA,NA,NA,NA,NA,NA,NA,NA,"P5"
"2579","South Carolina","fbs","SEC",2019,4038809,"Jake Bentley",27,1,11,27,-4.57958689914465,-0.16961432959795,-4.57958689914465,120,4.44444444444444,120,0.37037037037037,15,27,0.555555555555556,0,0,0,0,0,0,27,120,4.44444444444444,NA,NA,NA,NA,NA,NA,NA,NA,NA,NA,NA,NA,"P5"
"2579","South Carolina","fbs","SEC",2019,4259499,"Shi Smith",2,2,11,1,3.72910414781529,1.86455207390765,1.86455207390765,31,15.5,15.5,0.5,1,2,0.5,1,0,0,0,0.019375,0.0129166666666667,2,31,15.5,NA,NA,NA,NA,NA,NA,NA,NA,NA,NA,NA,NA,"P5"
"2579","South Carolina","fbs","SEC",2019,4362852,"Dakereon Joyner",27,3,11,9,-2.87102259556684,-0.106334170206179,-0.957007531855612,168,6.22222222222222,56,0.444444444444444,15,27,0.555555555555556,0,0,0,0,0,0,27,168,6.22222222222222,NA,NA,NA,NA,NA,NA,NA,NA,NA,NA,NA,NA,"P5"
"2579","South Carolina","fbs","SEC",2019,4426657,"Ryan Hilinski",369,10,11,36.9,-5.42163564904413,-0.014692779536705,-0.542163564904413,2043,5.53658536585366,204.3,0.37940379403794,209,369,0.56639566395664,7,0,0,0,0.44690625,0.210308823529412,369,2043,5.53658536585366,110,110,110,102,99,67,111,68,67,111,78,94,"P5"
"258","Virginia","fbs","ACC",2019,3675812,"Bryce Perkins",423,12,12,35.25,102.589831942519,0.242529153528414,8.5491526618766,3028,7.15839243498818,252.333333333333,0.484633569739953,276,423,0.652482269503546,16,0,0,0,0.593725490196078,0.360476190476191,423,3028,7.15839243498818,32,45,62,30,33,16,78,28,16,78,28,37,"P5"
"258","Virginia","fbs","ACC",2019,4047914,"Nash Griffin",1,1,12,1,-2.30173562465704,-2.30173562465704,-2.30173562465704,2,2,2,0,1,1,1,0,0,0,0,0,0,1,2,2,NA,NA,NA,NA,NA,NA,NA,NA,NA,NA,NA,NA,"P5"
"258","Virginia","fbs","ACC",2019,4240850,"Lindell Stone",1,1,12,1,0.559265199097506,0.559265199097506,0.559265199097506,12,12,12,1,1,1,1,0,0,0,0,0,0,1,12,12,NA,NA,NA,NA,NA,NA,NA,NA,NA,NA,NA,NA,"P5"
"258","Virginia","fbs","ACC",2019,4370775,"Brennan Armstrong",9,4,12,2.25,9.53678599357069,1.05964288817452,2.38419649839267,93,10.3333333333333,23.25,0.555555555555556,6,9,0.666666666666667,1,0,0,0,0.0290625,0.011625,9,93,10.3333333333333,NA,NA,NA,NA,NA,NA,NA,NA,NA,NA,NA,NA,"P5"
"259","Virginia Tech","fbs","ACC",2019,3917958,"Ryan Willis",91,4,10,22.75,48.5206651264023,0.533194122268157,12.1301662816006,711,7.81318681318681,177.75,0.494505494505495,54,91,0.593406593406593,7,0,0,0,0.388828125,0.282784090909091,91,711,7.81318681318681,NA,NA,NA,NA,NA,NA,NA,NA,NA,NA,NA,NA,"P5"
"259","Virginia Tech","fbs","ACC",2019,4047728,"Damon Hazelton",2,2,10,1,11.7986655041883,5.89933275209413,5.89933275209413,80,40,40,1,2,2,1,2,0,0,0,0.0666666666666667,0.05,2,80,40,NA,NA,NA,NA,NA,NA,NA,NA,NA,NA,NA,NA,"P5"
"259","Virginia Tech","fbs","ACC",2019,4240858,"Hendon Hooker",111,7,10,15.8571428571429,41.7396483321398,0.376032867857115,5.9628069045914,1184,10.6666666666667,169.142857142857,0.495495495495495,71,111,0.63963963963964,8,0,0,0,0.375873015873016,0.225523809523809,111,1184,10.6666666666667,NA,NA,NA,NA,NA,NA,NA,NA,NA,NA,NA,NA,"P5"
"259","Virginia Tech","fbs","ACC",2019,4361959,"Quincy Patterson II",32,4,10,8,1.91825171781795,0.0599453661818109,0.479562929454488,231,7.21875,57.75,0.34375,12,32,0.375,0,0,0,0,0,0,32,231,7.21875,NA,NA,NA,NA,NA,NA,NA,NA,NA,NA,NA,NA,"P5"
"259","Virginia Tech","fbs","ACC",2019,4428367,"Tayvion Robinson",1,1,10,1,-1.76540988281877,-1.76540988281877,-1.76540988281877,0,0,0,0,0,1,0,0,0,0,0,0,0,1,0,0,NA,NA,NA,NA,NA,NA,NA,NA,NA,NA,NA,NA,"P5"
"26","UCLA","fbs","Pac-12",2019,3910544,"Joshua Kelley",1,1,12,1,2.8079240801275,2.8079240801275,2.8079240801275,14,14,14,1,1,1,1,1,0,0,0,0.0175,0.0175,1,14,14,NA,NA,NA,NA,NA,NA,NA,NA,NA,NA,NA,NA,"P5"
"26","UCLA","fbs","Pac-12",2019,4035826,"Demetric Felton",3,3,12,1,19.0216236852042,6.34054122840141,6.34054122840141,178,59.3333333333333,59.3333333333333,1,3,3,1,3,0,0,0,0.11125,0.0741666666666667,3,178,59.3333333333333,NA,NA,NA,NA,NA,NA,NA,NA,NA,NA,NA,NA,"P5"
"26","UCLA","fbs","Pac-12",2019,4046522,"Devin Asiasi",2,2,12,1,9.10646405847015,4.55323202923507,4.55323202923507,60,30,30,1,2,2,1,2,0,0,0,0.05,0.0375,2,60,30,NA,NA,NA,NA,NA,NA,NA,NA,NA,NA,NA,NA,"P5"
"26","UCLA","fbs","Pac-12",2019,4242974,"Austin Burton",64,4,12,16,14.726807817054,0.230106372141469,3.68170195426351,365,5.703125,91.25,0.46875,44,64,0.6875,1,0,0,0,0.1140625,0.045625,64,365,5.703125,NA,NA,NA,NA,NA,NA,NA,NA,NA,NA,NA,NA,"P5"
"26","UCLA","fbs","Pac-12",2019,4367178,"Dorian Thompson-Robinson",340,11,12,30.9090909090909,67.6202959084091,0.198883223260027,6.14729962803719,2398,7.05294117647059,218,0.45,207,340,0.608823529411765,12,0,0,0,0.503076923076923,0.284347826086957,340,2398,7.05294117647059,66,70,78,56.5,74,50,83,57,50,83,55,68,"P5"
"26","UCLA","fbs","Pac-12",2019,4367186,"Chase Cota",3,3,12,1,10.4114522920507,3.47048409735024,3.47048409735024,51,17,17,1,3,3,1,3,0,0,0,0.031875,0.02125,3,51,17,NA,NA,NA,NA,NA,NA,NA,NA,NA,NA,NA,NA,"P5"
"2628","TCU","fbs","Big 12",2019,3886634,"Alex Delton",27,4,11,6.75,-5.51169349348347,-0.204136796054943,-1.37792337337087,186,6.88888888888889,46.5,0.296296296296296,17,27,0.62962962962963,0,0,0,0,0,0,27,186,6.88888888888889,NA,NA,NA,NA,NA,NA,NA,NA,NA,NA,NA,NA,"P5"
"2628","TCU","fbs","Big 12",2019,4427105,"Max Duggan",303,11,11,27.5454545454545,15.3978807381736,0.0508180882447973,1.39980733983396,1883,6.21452145214521,171.181818181818,0.389438943894389,164,303,0.541254125412541,13,0,0,0,0.397386363636364,0.231808712121212,303,1883,6.21452145214521,100,102,101,97,107,79,98,93,79,98,91,85,"P5"
"2633","Tennessee","fbs","SEC",2019,3886598,"Jauan Jennings",2,2,11,1,3.38240766001467,1.69120383000733,1.69120383000733,5,2.5,2.5,0.5,1,2,0.5,1,0,0,0,0.003125,0.00208333333333333,2,5,2.5,NA,NA,NA,NA,NA,NA,NA,NA,NA,NA,NA,NA,"P5"
"2633","Tennessee","fbs","SEC",2019,4035167,"Jarrett Guarantano",205,11,11,18.6363636363636,73.6138231061102,0.359091820029806,6.69216573691911,1763,8.6,160.272727272727,0.453658536585366,123,205,0.6,11,0,0,0,0.367291666666667,0.200340909090909,205,1763,8.6,55,63,24,53,80,88,20,99,88,20,99,97,"P5"
"2633","Tennessee","fbs","SEC",2019,4427928,"Brian Maurer",65,6,11,10.8333333333333,15.4163871405011,0.23717518677694,2.56939785675019,524,8.06153846153846,87.3333333333333,0.4,34,65,0.523076923076923,2,0,0,0,0.145555555555556,0.0545833333333333,65,524,8.06153846153846,NA,NA,NA,NA,NA,NA,NA,NA,NA,NA,NA,NA,"P5"
"2636","UTSA","fbs","Conference USA",2019,3914580,"Blaze Moorhead",1,1,11,1,3.33420318447335,3.33420318447335,3.33420318447335,18,18,18,1,1,1,1,1,0,0,0,0.0225,0.0225,1,18,18,NA,NA,NA,NA,NA,NA,NA,NA,NA,NA,NA,NA,"G5"
"2636","UTSA","fbs","Conference USA",2019,4242203,"Lowell Narcisse",195,10,11,19.5,4.41441236253704,0.0226380121155746,0.441441236253704,1208,6.1948717948718,120.8,0.379487179487179,106,195,0.543589743589744,7,0,0,0,0.26425,0.124352941176471,195,1208,6.1948717948718,104,104,104,101,106,105,99,107,105,99,106,107,"G5"
"2636","UTSA","fbs","Conference USA",2019,4245186,"Frank Harris",54,2,11,27,6.10164125311125,0.112993356539097,3.05082062655562,282,5.22222222222222,141,0.444444444444444,38,54,0.703703703703704,0,0,0,0,0,0,54,282,5.22222222222222,NA,NA,NA,NA,NA,NA,NA,NA,NA,NA,NA,NA,"G5"
"2636","UTSA","fbs","Conference USA",2019,4362982,"Jordan Weeks",62,3,11,20.6666666666667,14.0152210310675,0.226051952113991,4.67174034368916,451,7.2741935483871,150.333333333333,0.435483870967742,38,62,0.612903225806452,2,0,0,0,0.250555555555556,0.150333333333333,62,451,7.2741935483871,NA,NA,NA,NA,NA,NA,NA,NA,NA,NA,NA,NA,"G5"
"2636","UTSA","fbs","Conference USA",2019,4362984,"Cordale Grundy",4,1,11,4,-2.65586436927058,-0.663966092317645,-2.65586436927058,4,1,4,0,1,4,0.25,0,0,0,0,0,0,4,4,1,NA,NA,NA,NA,NA,NA,NA,NA,NA,NA,NA,NA,"G5"
"2636","UTSA","fbs","Conference USA",2019,4363005,"Sheldon Jones",1,1,11,1,-0.661377663963061,-0.661377663963061,-0.661377663963061,0,0,0,0,0,1,0,0,0,0,0,0,0,1,0,0,NA,NA,NA,NA,NA,NA,NA,NA,NA,NA,NA,NA,"G5"
"2636","UTSA","fbs","Conference USA",2019,4427055,"Lucas Dean",1,1,11,1,4.72031563951058,4.72031563951058,4.72031563951058,22,22,22,1,1,1,1,0,0,0,0,0,0,1,22,22,NA,NA,NA,NA,NA,NA,NA,NA,NA,NA,NA,NA,"G5"
"2638","UTEP","fbs","Conference USA",2019,4362029,"Kai Locksley",175,11,11,15.9090909090909,61.5317608756881,0.351610062146789,5.59379644324437,1329,7.59428571428571,120.818181818182,0.44,103,175,0.588571428571429,6,0,0,0,0.258896103896104,0.106604278074866,175,1329,7.59428571428571,73,78,31,71,87,100,58,106,100,58,107,108,"G5"
"2638","UTEP","fbs","Conference USA",2019,4362030,"Brandon Jones",65,5,11,13,2.58841985213797,0.0398218438790457,0.517683970427594,360,5.53846153846154,72,0.384615384615385,37,65,0.569230769230769,1,0,0,0,0.09,0.03,65,360,5.53846153846154,NA,NA,NA,NA,NA,NA,NA,NA,NA,NA,NA,NA,"G5"
"2638","UTEP","fbs","Conference USA",2019,4575668,"Gavin Hardison",61,2,11,30.5,-3.02938199064191,-0.0496619998465886,-1.51469099532095,335,5.49180327868852,167.5,0.344262295081967,27,61,0.442622950819672,1,0,0,0,0.209375,0.139583333333333,61,335,5.49180327868852,NA,NA,NA,NA,NA,NA,NA,NA,NA,NA,NA,NA,"G5"
"264","Washington","fbs","Pac-12",2019,4035003,"Jacob Eason",328,11,11,29.8181818181818,69.3500446129827,0.21143306284446,6.30454951027116,2568,7.82926829268293,233.454545454545,0.448170731707317,210,328,0.640243902439024,17,0,0,0,0.551212121212121,0.354350649350649,328,2568,7.82926829268293,63,68,72,61,42,37,51,38,37,51,37,38,"P5"
"264","Washington","fbs","Pac-12",2019,4039000,"Aaron Fuller",1,1,11,1,-0.677162678410064,-0.677162678410064,-0.677162678410064,0,0,0,0,0,1,0,0,0,0,0,0,0,1,0,0,NA,NA,NA,NA,NA,NA,NA,NA,NA,NA,NA,NA,"P5"
"264","Washington","fbs","Pac-12",2019,4243331,"Cade Otton",1,1,11,1,0.843436368787932,0.843436368787932,0.843436368787932,3,3,3,1,1,1,1,1,0,0,0,0.00375,0.00375,1,3,3,NA,NA,NA,NA,NA,NA,NA,NA,NA,NA,NA,NA,"P5"
"264","Washington","fbs","Pac-12",2019,4361091,"Jacob Sirmon",1,1,11,1,-0.931239734474521,-0.931239734474521,-0.931239734474521,-2,-2,-2,0,1,1,1,0,0,0,0,0,0,1,-2,-2,NA,NA,NA,NA,NA,NA,NA,NA,NA,NA,NA,NA,"P5"
"2641","Texas Tech","fbs","Big 12",2019,3916383,"Jackson Tyner",6,2,11,3,-6.97638869486699,-1.1627314491445,-3.48819434743349,2,0.333333333333333,1,0,1,6,0.166666666666667,0,0,0,0,0,0,6,2,0.333333333333333,NA,NA,NA,NA,NA,NA,NA,NA,NA,NA,NA,NA,"P5"
"2641","Texas Tech","fbs","Big 12",2019,4043136,"Jett Duffey",359,10,11,35.9,84.7899461837224,0.236183694105076,8.47899461837224,2836,7.89972144846797,283.6,0.454038997214485,238,359,0.662952646239554,18,0,0,0,0.671684210526316,0.455785714285714,359,2836,7.89972144846797,46,46,66,51,26,22,46,11,22,46,12,15,"P5"
"2641","Texas Tech","fbs","Big 12",2019,4043158,"T.J. Vasher",1,1,11,1,1.99835781108908,1.99835781108908,1.99835781108908,13,13,13,1,1,1,1,1,0,0,0,0.01625,0.01625,1,13,13,NA,NA,NA,NA,NA,NA,NA,NA,NA,NA,NA,NA,"P5"
"2641","Texas Tech","fbs","Big 12",2019,4241602,"McLane Mannix",1,1,11,1,-0.880129499801012,-0.880129499801012,-0.880129499801012,0,0,0,0,0,1,0,0,0,0,0,0,0,1,0,0,NA,NA,NA,NA,NA,NA,NA,NA,NA,NA,NA,NA,"P5"
"2641","Texas Tech","fbs","Big 12",2019,4259581,"Dalton Rigdon",1,1,11,1,4.94770206395897,4.94770206395897,4.94770206395897,49,49,49,1,1,1,1,1,0,0,0,0.06125,0.06125,1,49,49,NA,NA,NA,NA,NA,NA,NA,NA,NA,NA,NA,NA,"P5"
"2641","Texas Tech","fbs","Big 12",2019,4362159,"Alan Bowman",95,2,11,47.5,0.57656670269981,0.00606912318631379,0.288283351349905,505,5.31578947368421,252.5,0.421052631578947,58,95,0.610526315789474,2,0,0,0,0.420833333333333,0.315625,95,505,5.31578947368421,NA,NA,NA,NA,NA,NA,NA,NA,NA,NA,NA,NA,"P5"
"2641","Texas Tech","fbs","Big 12",2019,4427982,"Austin McNamara",1,1,11,1,4.9330758603771,4.9330758603771,4.9330758603771,34,34,34,1,1,1,1,0,0,0,0,0,0,1,34,34,NA,NA,NA,NA,NA,NA,NA,NA,NA,NA,NA,NA,"P5"
"2649","Toledo","fbs","Mid-American",2019,3932903,"Mitchell Guadagni",94,5,11,18.8,35.0168970523546,0.372520181408027,7.00337941047092,815,8.67021276595745,163,0.478723404255319,60,94,0.638297872340426,4,0,0,0,0.326,0.181111111111111,94,815,8.67021276595745,NA,NA,NA,NA,NA,NA,NA,NA,NA,NA,NA,NA,"G5"
"2649","Toledo","fbs","Mid-American",2019,4039495,"Eli Peters",99,5,11,19.8,24.6627672490534,0.24911886110155,4.93255344981069,794,8.02020202020202,158.8,0.474747474747475,60,99,0.606060606060606,4,0,0,0,0.3176,0.176444444444444,99,794,8.02020202020202,NA,NA,NA,NA,NA,NA,NA,NA,NA,NA,NA,NA,"G5"
"2649","Toledo","fbs","Mid-American",2019,4039503,"Shakif Seymour",1,1,11,1,5.20294299576568,5.20294299576568,5.20294299576568,18,18,18,1,1,1,1,1,0,0,0,0.0225,0.0225,1,18,18,NA,NA,NA,NA,NA,NA,NA,NA,NA,NA,NA,NA,"G5"
"2649","Toledo","fbs","Mid-American",2019,4257253,"Bryce Mitchell",1,1,11,1,2.23712439921408,2.23712439921408,2.23712439921408,19,19,19,1,1,1,1,1,0,0,0,0.02375,0.02375,1,19,19,NA,NA,NA,NA,NA,NA,NA,NA,NA,NA,NA,NA,"G5"
"2649","Toledo","fbs","Mid-American",2019,4362260,"Carter Bradley",93,5,11,18.6,-12.7124444990535,-0.136692951602725,-2.54248889981069,420,4.51612903225806,84,0.344086021505376,43,93,0.462365591397849,0,0,0,0,0,0,93,420,4.51612903225806,NA,NA,NA,NA,NA,NA,NA,NA,NA,NA,NA,NA,"G5"
"2649","Toledo","fbs","Mid-American",2019,4427191,"Dequan Finn",11,2,11,5.5,2.77677529894053,0.252434118085502,1.38838764947026,86,7.81818181818182,43,0.454545454545455,6,11,0.545454545454545,0,0,0,0,0,0,11,86,7.81818181818182,NA,NA,NA,NA,NA,NA,NA,NA,NA,NA,NA,NA,"G5"
"265","Washington State","fbs","Pac-12",2019,3122176,"Gage Gubrud",11,1,11,11,2.6440487102752,0.240368064570473,2.6440487102752,76,6.90909090909091,76,0.454545454545455,9,11,0.818181818181818,1,0,0,0,0.095,0.095,11,76,6.90909090909091,NA,NA,NA,NA,NA,NA,NA,NA,NA,NA,NA,NA,"P5"
"265","Washington State","fbs","Pac-12",2019,4054085,"Dezmon Patmon",1,1,11,1,1.2704667610204,1.2704667610204,1.2704667610204,6,6,6,1,1,1,1,1,0,0,0,0.0075,0.0075,1,6,6,NA,NA,NA,NA,NA,NA,NA,NA,NA,NA,NA,NA,"P5"
"265","Washington State","fbs","Pac-12",2019,4055162,"Brandon Arconado",1,1,11,1,3.27293635919081,3.27293635919081,3.27293635919081,44,44,44,1,1,1,1,1,0,0,0,0.055,0.055,1,44,44,NA,NA,NA,NA,NA,NA,NA,NA,NA,NA,NA,NA,"P5"
"265","Washington State","fbs","Pac-12",2019,4055165,"Renard Bell",1,1,11,1,2.46598652542967,2.46598652542967,2.46598652542967,35,35,35,1,1,1,1,1,0,0,0,0.04375,0.04375,1,35,35,NA,NA,NA,NA,NA,NA,NA,NA,NA,NA,NA,NA,"P5"
"265","Washington State","fbs","Pac-12",2019,4055171,"Anthony Gordon",576,11,11,52.3636363636364,126.287114261943,0.219248462260318,11.4806467510857,4161,7.22395833333333,378.272727272727,0.515625,417,576,0.723958333333333,32,0,0,0,0.91702479338843,0.703763213530655,576,4161,7.22395833333333,20,21,67,13,4,1,76,1,1,76,1,1,"P5"
"265","Washington State","fbs","Pac-12",2019,4055191,"Trey Tinsley",5,2,11,2.5,-3.19111774452676,-0.638223548905353,-1.59555887226338,11,2.2,5.5,0.2,1,5,0.2,0,0,0,0,0,0,5,11,2.2,NA,NA,NA,NA,NA,NA,NA,NA,NA,NA,NA,NA,"P5"
"265","Washington State","fbs","Pac-12",2019,4245144,"Davontavean Martin",1,1,11,1,3.8661120408883,3.8661120408883,3.8661120408883,7,7,7,1,1,1,1,1,0,0,0,0.00875,0.00875,1,7,7,NA,NA,NA,NA,NA,NA,NA,NA,NA,NA,NA,NA,"P5"
"265","Washington State","fbs","Pac-12",2019,4245146,"Travell Harris",1,1,11,1,2.52361757180507,2.52361757180507,2.52361757180507,10,10,10,1,1,1,1,1,0,0,0,0.0125,0.0125,1,10,10,NA,NA,NA,NA,NA,NA,NA,NA,NA,NA,NA,NA,"P5"
"2653","Troy","fbs","Sun Belt",2019,4039903,"Kade Young",4,1,11,4,1.73688227658926,0.434220569147316,1.73688227658926,23,5.75,23,0.5,3,4,0.75,0,0,0,0,0,0,4,23,5.75,NA,NA,NA,NA,NA,NA,NA,NA,NA,NA,NA,NA,"G5"
"2653","Troy","fbs","Sun Belt",2019,4039910,"Kaleb Barker",419,11,11,38.0909090909091,133.460896302052,0.31852242554189,12.132808754732,3309,7.89737470167064,300.818181818182,0.501193317422434,279,419,0.665871121718377,25,0,0,0,0.723120629370629,0.522253787878788,419,3309,7.89737470167064,16,16,39,19,24,7,47,5,7,47,5,5,"G5"
"2653","Troy","fbs","Sun Belt",2019,4241737,"Luke Whittemore",1,1,11,1,-0.886758362115217,-0.886758362115217,-0.886758362115217,0,0,0,0,0,1,0,0,0,0,0,0,0,1,0,0,NA,NA,NA,NA,NA,NA,NA,NA,NA,NA,NA,NA,"G5"
"2653","Troy","fbs","Sun Belt",2019,4243910,"Khalil McClain",2,2,11,1,0.295060154868415,0.147530077434208,0.147530077434208,18,9,9,0.5,1,2,0.5,0,0,0,0,0,0,2,18,9,NA,NA,NA,NA,NA,NA,NA,NA,NA,NA,NA,NA,"G5"
"2653","Troy","fbs","Sun Belt",2019,4362723,"Gunnar Watson",22,4,11,5.5,-8.20736448852706,-0.373062022205776,-2.05184112213177,89,4.04545454545455,22.25,0.272727272727273,13,22,0.590909090909091,0,0,0,0,0,0,22,89,4.04545454545455,NA,NA,NA,NA,NA,NA,NA,NA,NA,NA,NA,NA,"G5"
"2653","Troy","fbs","Sun Belt",2019,4427267,"Kaylon Geiger",4,3,11,1.33333333333333,5.814187830879,1.45354695771975,1.938062610293,25,6.25,8.33333333333333,0.75,3,4,0.75,3,0,0,0,0.015625,0.0104166666666667,4,25,6.25,NA,NA,NA,NA,NA,NA,NA,NA,NA,NA,NA,NA,"G5"
"2655","Tulane","fbs","American Athletic",2019,3843247,"Justin McMillan",268,11,11,24.3636363636364,57.0287439887238,0.212793820853447,5.18443127170216,1968,7.34328358208955,178.909090909091,0.447761194029851,154,268,0.574626865671642,11,0,0,0,0.41,0.223636363636364,268,1968,7.34328358208955,77,83,71,63.5,96,73,68,88,73,68,85,88,"G5"
"2655","Tulane","fbs","American Athletic",2019,3919609,"Jalen McCleskey",2,1,11,2,9.14454149493874,4.57227074746937,9.14454149493874,91,45.5,91,1,2,2,1,2,0,0,0,0.151666666666667,0.151666666666667,2,91,45.5,NA,NA,NA,NA,NA,NA,NA,NA,NA,NA,NA,NA,"G5"
"2655","Tulane","fbs","American Athletic",2019,4040655,"Darnell Mooney",1,1,11,1,4.61011221542132,4.61011221542132,4.61011221542132,48,48,48,1,1,1,1,1,0,0,0,0.06,0.06,1,48,48,NA,NA,NA,NA,NA,NA,NA,NA,NA,NA,NA,NA,"G5"
"2655","Tulane","fbs","American Athletic",2019,4050370,"Keon Howard",12,3,11,4,1.95666945940182,0.163055788283485,0.652223153133941,88,7.33333333333333,29.3333333333333,0.583333333333333,9,12,0.75,1,0,0,0,0.0366666666666667,0.0183333333333333,12,88,7.33333333333333,NA,NA,NA,NA,NA,NA,NA,NA,NA,NA,NA,NA,"G5"
"2655","Tulane","fbs","American Athletic",2019,4361797,"Amare Jones",4,2,11,2,-1.62864352755069,-0.407160881887673,-0.814321763775345,27,6.75,13.5,0.25,1,4,0.25,0,0,0,0,0,0,4,27,6.75,NA,NA,NA,NA,NA,NA,NA,NA,NA,NA,NA,NA,"G5"
"2711","Western Michigan","fbs","Mid-American",2019,3916726,"Jon Wassink",339,11,11,30.8181818181818,82.0475685908333,0.242028225931662,7.45886987189393,2533,7.47197640117994,230.272727272727,0.457227138643068,202,339,0.595870206489675,14,0,0,0,0.53730303030303,0.322381818181818,339,2533,7.47197640117994,51,56,63,49,82,39,64,41,39,64,42,53,"G5"
"2711","Western Michigan","fbs","Mid-American",2019,4260391,"Griffin Alstott",6,3,11,2,5.00999030469548,0.834998384115913,1.66999676823183,31,5.16666666666667,10.3333333333333,0.333333333333333,5,6,0.833333333333333,1,0,0,0,0.0129166666666667,0.00645833333333333,6,31,5.16666666666667,NA,NA,NA,NA,NA,NA,NA,NA,NA,NA,NA,NA,"G5"
"275","Wisconsin","fbs","Big Ten",2019,4035793,"Quintez Cephus",1,1,13,1,3.61070600923688,3.61070600923688,3.61070600923688,47,47,47,1,1,1,1,1,0,0,0,0.05875,0.05875,1,47,47,NA,NA,NA,NA,NA,NA,NA,NA,NA,NA,NA,NA,"P5"
"275","Wisconsin","fbs","Big Ten",2019,4242331,"Jack Coan",296,13,13,22.7692307692308,99.5209311542635,0.336219362007647,7.65545624263566,2416,8.16216216216216,185.846153846154,0.510135135135135,209,296,0.706081081081081,13,0,0,0,0.431428571428571,0.232307692307692,296,2416,8.16216216216216,37,54,36,16,8,49,34,81,49,34,82,83,"P5"
"275","Wisconsin","fbs","Big Ten",2019,4242335,"Jonathan Taylor",3,2,13,1.5,10.8493052484986,3.61643508283286,5.42465262424929,76,25.3333333333333,38,1,3,3,1,3,0,0,0,0.07125,0.057,3,76,25.3333333333333,NA,NA,NA,NA,NA,NA,NA,NA,NA,NA,NA,NA,"P5"
"275","Wisconsin","fbs","Big Ten",2019,4372559,"Chase Wolf",1,1,13,1,-0.459963501539311,-0.459963501539311,-0.459963501539311,2,2,2,0,1,1,1,0,0,0,0,0,0,1,2,2,NA,NA,NA,NA,NA,NA,NA,NA,NA,NA,NA,NA,"P5"
"275","Wisconsin","fbs","Big Ten",2019,4426335,"Graham Mertz",10,2,13,5,-0.177759299727006,-0.0177759299727006,-0.0888796498635029,73,7.3,36.5,0.6,9,10,0.9,0,0,0,0,0,0,10,73,7.3,NA,NA,NA,NA,NA,NA,NA,NA,NA,NA,NA,NA,"P5"
"2751","Wyoming","fbs","Mountain West",2019,4036754,"Austin Conway",1,1,11,1,-0.680541583886694,-0.680541583886694,-0.680541583886694,0,0,0,0,0,1,0,0,0,0,0,0,0,1,0,0,NA,NA,NA,NA,NA,NA,NA,NA,NA,NA,NA,NA,"G5"
"2751","Wyoming","fbs","Mountain West",2019,4240351,"Tyler Vander Waal",89,6,11,14.8333333333333,-8.68502994727472,-0.0975846061491541,-1.44750499121245,506,5.68539325842697,84.3333333333333,0.438202247191011,48,89,0.539325842696629,1,0,0,0,0.105416666666667,0.0301190476190476,89,506,5.68539325842697,NA,NA,NA,NA,NA,NA,NA,NA,NA,NA,NA,NA,"G5"
"2751","Wyoming","fbs","Mountain West",2019,4361690,"Sean Chambers",106,7,11,15.1428571428571,20.6201455631226,0.194529675123798,2.94573508044609,865,8.16037735849057,123.571428571429,0.39622641509434,48,106,0.452830188679245,7,0,0,0,0.2703125,0.154464285714286,106,865,8.16037735849057,NA,NA,NA,NA,NA,NA,NA,NA,NA,NA,NA,NA,"G5"
"2751","Wyoming","fbs","Mountain West",2019,4428890,"Levi Williams",12,2,11,6,7.65898498953188,0.638248749127656,3.82949249476594,109,9.08333333333333,54.5,0.5,8,12,0.666666666666667,0,0,0,0,0,0,12,109,9.08333333333333,NA,NA,NA,NA,NA,NA,NA,NA,NA,NA,NA,NA,"G5"
"276","Marshall","fbs","Conference USA",2019,4043607,"Xavier Gaines",3,3,11,1,0.898287653571175,0.299429217857058,0.299429217857058,33,11,11,0.333333333333333,1,3,0.333333333333333,0,0,0,0,0,0,3,33,11,NA,NA,NA,NA,NA,NA,NA,NA,NA,NA,NA,NA,"G5"
"276","Marshall","fbs","Conference USA",2019,4043609,"Jackson White",2,1,11,2,0.182089054478145,0.0910445272390723,0.182089054478145,11,5.5,11,0.5,2,2,1,0,0,0,0,0,0,2,11,5.5,NA,NA,NA,NA,NA,NA,NA,NA,NA,NA,NA,NA,"G5"
"276","Marshall","fbs","Conference USA",2019,4261909,"Isaiah Green",277,11,11,25.1818181818182,42.4066138125853,0.153092468637492,3.85514671023503,2006,7.24187725631769,182.363636363636,0.371841155234657,162,277,0.584837545126354,10,0,0,0,0.414462809917355,0.217099567099567,277,2006,7.24187725631769,92,93,92,103,91,69,75,85,69,75,84,91,"G5"
"277","West Virginia","fbs","Big 12",2019,3843725,"Josh Growden",1,1,11,1,3.48990713359864,3.48990713359864,3.48990713359864,7,7,7,1,1,1,1,0,0,0,0,0,0,1,7,7,NA,NA,NA,NA,NA,NA,NA,NA,NA,NA,NA,NA,"P5"
"277","West Virginia","fbs","Big 12",2019,4037449,"Jack Allison",24,2,11,12,1.47879665226602,0.061616527177751,0.739398326133012,144,6,72,0.375,19,24,0.791666666666667,1,0,0,0,0.09,0.06,24,144,6,NA,NA,NA,NA,NA,NA,NA,NA,NA,NA,NA,NA,"P5"
"277","West Virginia","fbs","Big 12",2019,4037642,"Austin Kendall",252,8,11,31.5,42.9567522878923,0.170463302729731,5.36959403598653,1731,6.86904761904762,216.375,0.404761904761905,160,252,0.634920634920635,10,0,0,0,0.491761363636364,0.300520833333333,252,1731,6.86904761904762,89,82,86,93,48,89,88,61,89,88,62,58,"P5"
"277","West Virginia","fbs","Big 12",2019,4244029,"Jarret Doege",117,4,11,29.25,30.0062665677307,0.256463816818211,7.50156664193266,818,6.99145299145299,204.5,0.418803418803419,79,117,0.675213675213675,7,0,0,0,0.44734375,0.325340909090909,117,818,6.99145299145299,NA,NA,NA,NA,NA,NA,NA,NA,NA,NA,NA,NA,"P5"
"277","West Virginia","fbs","Big 12",2019,4362211,"Trey Lowe III",2,1,11,2,-1.35494935757644,-0.67747467878822,-1.35494935757644,2,1,2,0,2,2,1,0,0,0,0,0,0,2,2,1,NA,NA,NA,NA,NA,NA,NA,NA,NA,NA,NA,NA,"P5"
"277","West Virginia","fbs","Big 12",2019,4393324,"Isaiah Esdale",1,1,11,1,3.34161696326631,3.34161696326631,3.34161696326631,24,24,24,1,1,1,1,1,0,0,0,0.03,0.03,1,24,24,NA,NA,NA,NA,NA,NA,NA,NA,NA,NA,NA,NA,"P5"
"278","Fresno State","fbs","Mountain West",2019,4242995,"Jorge Reyna",308,11,11,28,82.3745527021616,0.26744984643559,7.48859570019651,2307,7.49025974025974,209.727272727273,0.470779220779221,204,308,0.662337662337662,12,0,0,0,0.483986013986014,0.273557312252964,308,2307,7.49025974025974,48,55,56,42,28,54,62,64,54,62,63,72,"G5"
"278","Fresno State","fbs","Mountain West",2019,4373895,"Ben Wooldridge",6,2,11,3,-1.16222797656295,-0.193704662760491,-0.581113988281473,30,5,15,0.333333333333333,4,6,0.666666666666667,1,0,0,0,0.01875,0.0125,6,30,5,NA,NA,NA,NA,NA,NA,NA,NA,NA,NA,NA,NA,"G5"
"278","Fresno State","fbs","Mountain West",2019,4426990,"Jalen Cropper",1,1,11,1,3.04259968482873,3.04259968482873,3.04259968482873,36,36,36,1,1,1,1,1,0,0,0,0.045,0.045,1,36,36,NA,NA,NA,NA,NA,NA,NA,NA,NA,NA,NA,NA,"G5"
"290","Georgia Southern","fbs","Sun Belt",2019,3917232,"Tyler Bass",1,1,11,1,2.5811805210957,2.5811805210957,2.5811805210957,7,7,7,1,1,1,1,0,0,0,0,0,0,1,7,7,NA,NA,NA,NA,NA,NA,NA,NA,NA,NA,NA,NA,"G5"
"290","Georgia Southern","fbs","Sun Belt",2019,4036650,"Shai Werts",105,10,11,10.5,8.80657650762281,0.0838721572154554,0.880657650762281,659,6.27619047619048,65.9,0.352380952380952,55,105,0.523809523809524,7,0,0,0,0.14415625,0.0678382352941176,105,659,6.27619047619048,NA,NA,NA,NA,NA,NA,NA,NA,NA,NA,NA,NA,"G5"
"290","Georgia Southern","fbs","Sun Belt",2019,4361375,"Justin Tomlin",17,2,11,8.5,-6.5534334142743,-0.385496083192606,-3.27671670713715,88,5.17647058823529,44,0.294117647058824,8,17,0.470588235294118,0,0,0,0,0,0,17,88,5.17647058823529,NA,NA,NA,NA,NA,NA,NA,NA,NA,NA,NA,NA,"G5"
"290","Georgia Southern","fbs","Sun Belt",2019,4568419,"Khaleb Hood",1,1,11,1,-3.18810637474878,-3.18810637474878,-3.18810637474878,0,0,0,0,0,1,0,0,0,0,0,0,0,1,0,0,NA,NA,NA,NA,NA,NA,NA,NA,NA,NA,NA,NA,"G5"
"295","Old Dominion","fbs","Conference USA",2019,4036510,"Messiah DeWeaver",64,3,11,21.3333333333333,-4.31560295798494,-0.0674312962185147,-1.43853431932831,316,4.9375,105.333333333333,0.359375,29,64,0.453125,1,0,0,0,0.131666666666667,0.0658333333333333,64,316,4.9375,NA,NA,NA,NA,NA,NA,NA,NA,NA,NA,NA,NA,"G5"
"295","Old Dominion","fbs","Conference USA",2019,4243485,"Steven Williams",1,1,11,1,3.92356249195731,3.92356249195731,3.92356249195731,42,42,42,1,1,1,1,1,0,0,0,0.0525,0.0525,1,42,42,NA,NA,NA,NA,NA,NA,NA,NA,NA,NA,NA,NA,"G5"
"295","Old Dominion","fbs","Conference USA",2019,4250764,"Stone Smartt",148,8,11,18.5,-8.0747257316841,-0.0545589576465142,-1.00934071646051,845,5.70945945945946,105.625,0.364864864864865,83,148,0.560810810810811,1,0,0,0,0.13203125,0.0293402777777778,148,845,5.70945945945946,NA,NA,NA,NA,NA,NA,NA,NA,NA,NA,NA,NA,"G5"
"295","Old Dominion","fbs","Conference USA",2019,4374379,"Jonah Fitzgerald",1,1,11,1,-0.662196761132903,-0.662196761132903,-0.662196761132903,0,0,0,0,0,1,0,0,0,0,0,0,0,1,0,0,NA,NA,NA,NA,NA,NA,NA,NA,NA,NA,NA,NA,"G5"
"295","Old Dominion","fbs","Conference USA",2019,4430775,"Hayden Wolff",126,3,11,42,2.10085074524452,0.0166734186130517,0.700283581748172,737,5.84920634920635,245.666666666667,0.396825396825397,75,126,0.595238095238095,2,0,0,0,0.409444444444444,0.245666666666667,126,737,5.84920634920635,NA,NA,NA,NA,NA,NA,NA,NA,NA,NA,NA,NA,"G5"
"30","USC","fbs","Pac-12",2019,4035687,"Michael Pittman Jr.",3,2,12,1.5,11.1051478398427,3.70171594661424,5.55257391992136,82,27.3333333333333,41,1,3,3,1,3,0,0,0,0.076875,0.0615,3,82,27.3333333333333,NA,NA,NA,NA,NA,NA,NA,NA,NA,NA,NA,NA,"P5"
"30","USC","fbs","Pac-12",2019,4035691,"Matt Fink",64,4,12,16,22.3655555836881,0.349461805995126,5.59138889592202,497,7.765625,124.25,0.484375,45,64,0.703125,3,0,0,0,0.23296875,0.133125,64,497,7.765625,NA,NA,NA,NA,NA,NA,NA,NA,NA,NA,NA,NA,"P5"
"30","USC","fbs","Pac-12",2019,4035692,"Tyler Vaughns",1,1,12,1,3.347347552065,3.347347552065,3.347347552065,49,49,49,1,1,1,1,1,0,0,0,0.06125,0.06125,1,49,49,NA,NA,NA,NA,NA,NA,NA,NA,NA,NA,NA,NA,"P5"
"30","USC","fbs","Pac-12",2019,4374303,"JT Daniels",33,1,12,33,7.16233142633644,0.217040346252619,7.16233142633644,215,6.51515151515152,215,0.545454545454545,25,33,0.757575757575758,1,0,0,0,0.26875,0.26875,33,215,6.51515151515152,NA,NA,NA,NA,NA,NA,NA,NA,NA,NA,NA,NA,"P5"
"30","USC","fbs","Pac-12",2019,4426502,"Drake London",1,1,12,1,2.64884582907058,2.64884582907058,2.64884582907058,32,32,32,1,1,1,1,1,0,0,0,0.04,0.04,1,32,32,NA,NA,NA,NA,NA,NA,NA,NA,NA,NA,NA,NA,"P5"
"30","USC","fbs","Pac-12",2019,4428512,"Kedon Slovis",348,11,12,31.6363636363636,174.397889548918,0.501143360772752,15.8543535953561,3157,9.07183908045977,287,0.566091954022989,256,348,0.735632183908046,24,0,0,0,0.6888,0.492,348,3157,9.07183908045977,3,3,9,4,3,12,11,8,12,11,7,8,"P5"
"309","Louisiana","fbs","Sun Belt",2019,3893625,"Nick Ralston",2,2,12,1,4.41147940375809,2.20573970187905,2.20573970187905,13,6.5,6.5,1,2,2,1,2,0,0,0,0.0108333333333333,0.008125,2,13,6.5,NA,NA,NA,NA,NA,NA,NA,NA,NA,NA,NA,NA,"G5"
"309","Louisiana","fbs","Sun Belt",2019,3917569,"Ja'Marcus Bradley",1,1,12,1,1.79559484690071,1.79559484690071,1.79559484690071,10,10,10,1,1,1,1,1,0,0,0,0.0125,0.0125,1,10,10,NA,NA,NA,NA,NA,NA,NA,NA,NA,NA,NA,NA,"G5"
"309","Louisiana","fbs","Sun Belt",2019,4047555,"Jalen Williams",2,2,12,1,2.6454306669264,1.3227153334632,1.3227153334632,26,13,13,1,2,2,1,1,0,0,0,0.01625,0.0108333333333333,2,26,13,NA,NA,NA,NA,NA,NA,NA,NA,NA,NA,NA,NA,"G5"
"309","Louisiana","fbs","Sun Belt",2019,4241556,"Levi Lewis",335,12,12,27.9166666666667,99.1703131906999,0.29603078564388,8.26419276589166,2632,7.85671641791045,219.333333333333,0.498507462686567,214,335,0.638805970149254,17,0,0,0,0.51787037037037,0.321436781609195,335,2632,7.85671641791045,38,49,46,20,44,33,49,54,33,49,51,54,"G5"
"309","Louisiana","fbs","Sun Belt",2019,4429595,"Chandler Fields",1,1,12,1,-0.461507271048483,-0.461507271048483,-0.461507271048483,0,0,0,0,1,1,1,0,0,0,0,0,0,1,0,0,NA,NA,NA,NA,NA,NA,NA,NA,NA,NA,NA,NA,"G5"
"309","Louisiana","fbs","Sun Belt",2019,4429927,"Neal Johnson",1,1,12,1,0.725993053155761,0.725993053155761,0.725993053155761,1,1,1,1,1,1,1,1,0,0,0,0.00125,0.00125,1,1,1,NA,NA,NA,NA,NA,NA,NA,NA,NA,NA,NA,NA,"G5"
"309","Louisiana","fbs","Sun Belt",2019,4570292,"Jai'ave Magalei",15,3,12,5,0.831315318583824,0.0554210212389216,0.277105106194608,121,8.06666666666667,40.3333333333333,0.666666666666667,11,15,0.733333333333333,0,0,0,0,0,0,15,121,8.06666666666667,NA,NA,NA,NA,NA,NA,NA,NA,NA,NA,NA,NA,"G5"
"324","Coastal Carolina","fbs","Sun Belt",2019,4037624,"Samuel Denmark",1,1,11,1,6.62675206139203,6.62675206139203,6.62675206139203,44,44,44,1,1,1,1,1,0,0,0,0.055,0.055,1,44,44,NA,NA,NA,NA,NA,NA,NA,NA,NA,NA,NA,NA,"G5"
"324","Coastal Carolina","fbs","Sun Belt",2019,4361032,"Bryce Carpenter",130,9,11,14.4444444444444,37.3746432353105,0.287497255656235,4.15273813725672,899,6.91538461538462,99.8888888888889,0.461538461538462,89,130,0.684615384615385,7,0,0,0,0.218506944444444,0.109253472222222,130,899,6.91538461538462,NA,NA,NA,NA,NA,NA,NA,NA,NA,NA,NA,NA,"G5"
"324","Coastal Carolina","fbs","Sun Belt",2019,4361033,"Fred Payton",161,9,11,17.8888888888889,72.569916823132,0.450744824988398,8.06332409145912,1312,8.14906832298137,145.777777777778,0.53416149068323,111,161,0.68944099378882,11,0,0,0,0.334074074074074,0.200444444444444,161,1312,8.14906832298137,58,51,12,7,14,102,35,104,102,35,102,96,"G5"
"324","Coastal Carolina","fbs","Sun Belt",2019,4427936,"Grayson McCall",1,1,11,1,-0.951912453688111,-0.951912453688111,-0.951912453688111,-5,-5,-5,0,1,1,1,0,0,0,0,0,0,1,-5,-5,NA,NA,NA,NA,NA,NA,NA,NA,NA,NA,NA,NA,"G5"
"326","Texas State","fbs","Sun Belt",2019,4027860,"Gresch Jensen",146,4,10,36.5,5.75265574290075,0.0394017516637038,1.43816393572519,882,6.04109589041096,220.5,0.417808219178082,90,146,0.616438356164384,2,0,0,0,0.3675,0.18375,146,882,6.04109589041096,103,101,102,85,63,111,103,53,111,103,98,101,"G5"
"326","Texas State","fbs","Sun Belt",2019,4040546,"Hutch White",2,2,10,1,0.890299494707915,0.445149747353958,0.445149747353958,8,4,4,0.5,1,2,0.5,1,0,0,0,0.005,0.00333333333333333,2,8,4,NA,NA,NA,NA,NA,NA,NA,NA,NA,NA,NA,NA,"G5"
"326","Texas State","fbs","Sun Belt",2019,4241666,"Jaylin Nelson",1,1,10,1,-0.939754287832652,-0.939754287832652,-0.939754287832652,0,0,0,0,0,1,0,0,0,0,0,0,0,1,0,0,NA,NA,NA,NA,NA,NA,NA,NA,NA,NA,NA,NA,"G5"
"326","Texas State","fbs","Sun Belt",2019,4362667,"Tyler Vitt",217,9,10,24.1111111111111,33.4323586707994,0.154066168989859,3.71470651897772,1590,7.32718894009217,176.666666666667,0.387096774193548,147,217,0.67741935483871,11,0,0,0,0.404861111111111,0.242916666666667,217,1590,7.32718894009217,96,94,91,99,16,95,71,91,95,71,88,80,"G5"
"326","Texas State","fbs","Sun Belt",2019,4576778,"Seamus O'Kelly",1,1,10,1,-1.95063171286608,-1.95063171286608,-1.95063171286608,4,4,4,0,1,1,1,0,0,0,0,0,0,1,4,4,NA,NA,NA,NA,NA,NA,NA,NA,NA,NA,NA,NA,"G5"
"328","Utah State","fbs","Mountain West",2019,4036378,"Jordan Love",384,11,11,34.9090909090909,67.5699367350302,0.175963376914141,6.14272152136638,2791,7.26822916666667,253.727272727273,0.4140625,238,384,0.619791666666667,16,0,0,0,0.597005347593583,0.375892255892256,384,2791,7.26822916666667,67,71,85,87,60,23,73,27,23,73,27,33,"G5"
"328","Utah State","fbs","Mountain West",2019,4259219,"Henry Colombi",19,4,11,4.75,5.06648046514322,0.266656866586485,1.26662011628581,128,6.73684210526316,32,0.368421052631579,12,19,0.631578947368421,0,0,0,0,0,0,19,128,6.73684210526316,NA,NA,NA,NA,NA,NA,NA,NA,NA,NA,NA,NA,"G5"
"333","Alabama","fbs","SEC",2019,4040714,"Miller Forristall",1,1,11,1,2.76562099381169,2.76562099381169,2.76562099381169,27,27,27,1,1,1,1,1,0,0,0,0.03375,0.03375,1,27,27,NA,NA,NA,NA,NA,NA,NA,NA,NA,NA,NA,NA,"P5"
"333","Alabama","fbs","SEC",2019,4241457,"Najee Harris",4,3,11,1.33333333333333,15.4684573651921,3.86711434129801,5.15615245506402,97,24.25,32.3333333333333,1,4,4,1,4,0,0,0,0.0646666666666667,0.0461904761904762,4,97,24.25,NA,NA,NA,NA,NA,NA,NA,NA,NA,NA,NA,NA,"P5"
"333","Alabama","fbs","SEC",2019,4241463,"Jerry Jeudy",4,3,11,1.33333333333333,11.4213721162984,2.8553430290746,3.80712403876614,80,20,26.6666666666667,1,4,4,1,4,0,0,0,0.0533333333333333,0.0380952380952381,4,80,20,NA,NA,NA,NA,NA,NA,NA,NA,NA,NA,NA,NA,"P5"
"333","Alabama","fbs","SEC",2019,4241464,"Mac Jones",98,9,11,10.8888888888889,22.9688044632755,0.234375555747709,2.55208938480838,830,8.46938775510204,92.2222222222222,0.448979591836735,68,98,0.693877551020408,5,0,0,0,0.19212962962963,0.0823412698412699,98,830,8.46938775510204,NA,NA,NA,NA,NA,NA,NA,NA,NA,NA,NA,NA,"P5"
"333","Alabama","fbs","SEC",2019,4241475,"Henry Ruggs III",3,3,11,1,11.6090373273126,3.8696791091042,3.8696791091042,128,42.6666666666667,42.6666666666667,1,3,3,1,3,0,0,0,0.08,0.0533333333333333,3,128,42.6666666666667,NA,NA,NA,NA,NA,NA,NA,NA,NA,NA,NA,NA,"P5"
"333","Alabama","fbs","SEC",2019,4241478,"DeVonta Smith",6,4,11,1.5,23.7186971220118,3.95311618700196,5.92967428050294,257,42.8333333333333,64.25,1,6,6,1,6,0,0,0,0.137678571428571,0.096375,6,257,42.8333333333333,NA,NA,NA,NA,NA,NA,NA,NA,NA,NA,NA,NA,"P5"
"333","Alabama","fbs","SEC",2019,4241479,"Tua Tagovailoa",233,9,11,25.8888888888889,123.989262170103,0.532142756094864,13.776584685567,2285,9.8068669527897,253.888888888889,0.510729613733906,163,233,0.699570815450644,16,0,0,0,0.597385620915033,0.406222222222222,233,2285,9.8068669527897,21,8,5,15,11,56,6,26,56,6,26,26,"P5"
"333","Alabama","fbs","SEC",2019,4241480,"Major Tennison",1,1,11,1,0.699341616799519,0.699341616799519,0.699341616799519,1,1,1,1,1,1,1,1,0,0,0,0.00125,0.00125,1,1,1,NA,NA,NA,NA,NA,NA,NA,NA,NA,NA,NA,NA,"P5"
"333","Alabama","fbs","SEC",2019,4360115,"Slade Bolden",1,1,11,1,1.91950402169865,1.91950402169865,1.91950402169865,6,6,6,1,1,1,1,1,0,0,0,0.0075,0.0075,1,6,6,NA,NA,NA,NA,NA,NA,NA,NA,NA,NA,NA,NA,"P5"
"333","Alabama","fbs","SEC",2019,4372016,"Jaylen Waddle",1,1,11,1,4.42282077919205,4.42282077919205,4.42282077919205,31,31,31,1,1,1,1,1,0,0,0,0.03875,0.03875,1,31,31,NA,NA,NA,NA,NA,NA,NA,NA,NA,NA,NA,NA,"P5"
"333","Alabama","fbs","SEC",2019,4567097,"Taulia Tagovailoa",9,2,11,4.5,4.28845233856426,0.476494704284918,2.14422616928213,65,7.22222222222222,32.5,0.666666666666667,7,9,0.777777777777778,0,0,0,0,0,0,9,65,7.22222222222222,NA,NA,NA,NA,NA,NA,NA,NA,NA,NA,NA,NA,"P5"
"344","Mississippi State","fbs","SEC",2019,3791110,"Tommy Stevens",103,7,11,14.7142857142857,32.3983621264432,0.314547205111099,4.62833744663474,769,7.46601941747573,109.857142857143,0.475728155339806,67,103,0.650485436893204,7,0,0,0,0.2403125,0.137321428571429,103,769,7.46601941747573,NA,NA,NA,NA,NA,NA,NA,NA,NA,NA,NA,NA,"P5"
"344","Mississippi State","fbs","SEC",2019,4047628,"Logan Burnett",1,1,11,1,1.67791130795569,1.67791130795569,1.67791130795569,8,8,8,1,1,1,1,0,0,0,0,0,0,1,8,8,NA,NA,NA,NA,NA,NA,NA,NA,NA,NA,NA,NA,"P5"
"344","Mississippi State","fbs","SEC",2019,4426966,"Garrett Shrader",145,8,11,18.125,48.6177894077814,0.33529509936401,6.07722367597268,1128,7.77931034482759,141,0.448275862068966,85,145,0.586206896551724,7,0,0,0,0.3084375,0.1645,145,1128,7.77931034482759,NA,NA,NA,NA,NA,NA,NA,NA,NA,NA,NA,NA,"P5"
"349","Army","fbs","FBS Independents",2019,4036923,"Kelvin Hopkins Jr.",65,10,11,6.5,16.9855760496182,0.261316554609512,1.69855760496182,525,8.07692307692308,52.5,0.384615384615385,29,65,0.446153846153846,4,0,0,0,0.105,0.0375,65,525,8.07692307692308,NA,NA,NA,NA,NA,NA,NA,NA,NA,NA,NA,NA,"G5"
"349","Army","fbs","FBS Independents",2019,4036931,"Zach Potter",1,1,11,1,-2.49047332326837,-2.49047332326837,-2.49047332326837,0,0,0,0,0,1,0,0,0,0,0,0,0,1,0,0,NA,NA,NA,NA,NA,NA,NA,NA,NA,NA,NA,NA,"G5"
"349","Army","fbs","FBS Independents",2019,4258447,"Christian Anderson",16,3,11,5.33333333333333,-6.75961559098515,-0.422475974436572,-2.25320519699505,55,3.4375,18.3333333333333,0.3125,6,16,0.375,0,0,0,0,0,0,16,55,3.4375,NA,NA,NA,NA,NA,NA,NA,NA,NA,NA,NA,NA,"G5"
"349","Army","fbs","FBS Independents",2019,4373730,"Jabari Laws",20,4,11,5,13.0171292074181,0.650856460370904,3.25428230185452,311,15.55,77.75,0.55,16,20,0.8,1,0,0,0,0.0971875,0.038875,20,311,15.55,NA,NA,NA,NA,NA,NA,NA,NA,NA,NA,NA,NA,"G5"
"349","Army","fbs","FBS Independents",2019,4577305,"Jemel Jones",3,1,11,3,4.532534453632,1.51084481787733,4.532534453632,43,14.3333333333333,43,1,3,3,1,0,0,0,0,0,0,3,43,14.3333333333333,NA,NA,NA,NA,NA,NA,NA,NA,NA,NA,NA,NA,"G5"
"356","Illinois","fbs","Big Ten",2019,4036262,"Brandon Peters",229,10,12,22.9,42.4325106066217,0.185294806142453,4.24325106066217,1611,7.03493449781659,161.1,0.410480349344978,130,229,0.567685589519651,17,0,0,0,0.380375,0.253583333333333,229,1611,7.03493449781659,91,88,83,90,98,92,85,98,92,85,95,78,"P5"
"356","Illinois","fbs","Big Ten",2019,4371942,"Matt Robinson",77,6,12,12.8333333333333,7.57481209017392,0.0983741829892716,1.26246868169565,475,6.16883116883117,79.1666666666667,0.376623376623377,42,77,0.545454545454545,1,0,0,0,0.0989583333333333,0.0282738095238095,77,475,6.16883116883117,NA,NA,NA,NA,NA,NA,NA,NA,NA,NA,NA,NA,"P5"
"356","Illinois","fbs","Big Ten",2019,4428796,"Casey Washington",1,1,12,1,-0.655999831140714,-0.655999831140714,-0.655999831140714,0,0,0,0,0,1,0,0,0,0,0,0,0,1,0,0,NA,NA,NA,NA,NA,NA,NA,NA,NA,NA,NA,NA,"P5"
"356","Illinois","fbs","Big Ten",2019,4569371,"Isaiah Williams",9,2,12,4.5,-3.89544467666007,-0.432827186295564,-1.94772233833004,38,4.22222222222222,19,0.222222222222222,3,9,0.333333333333333,0,0,0,0,0,0,9,38,4.22222222222222,NA,NA,NA,NA,NA,NA,NA,NA,NA,NA,NA,NA,"P5"
"36","Colorado State","fbs","Mountain West",2019,4034857,"Patrick O'Brien",329,10,11,32.9,104.602682336052,0.317941283696207,10.4602682336052,2759,8.38601823708207,275.9,0.47112462006079,207,329,0.629179331306991,13,0,0,0,0.640482142857143,0.389858695652174,329,2759,8.38601823708207,28,27,40,41,50,25,24,15,25,24,20,30,"G5"
"36","Colorado State","fbs","Mountain West",2019,4036357,"Collin Hill",65,2,11,32.5,11.3204743757462,0.174161144242249,5.66023718787309,413,6.35384615384615,206.5,0.507692307692308,41,65,0.630769230769231,1,0,0,0,0.258125,0.172083333333333,65,413,6.35384615384615,NA,NA,NA,NA,NA,NA,NA,NA,NA,NA,NA,NA,"G5"
"36","Colorado State","fbs","Mountain West",2019,4256032,"Cameron Butler",1,1,11,1,3.38394176624822,3.38394176624822,3.38394176624822,13,13,13,1,1,1,1,1,0,0,0,0.01625,0.01625,1,13,13,NA,NA,NA,NA,NA,NA,NA,NA,NA,NA,NA,NA,"G5"
"36","Colorado State","fbs","Mountain West",2019,4256040,"Warren Jackson",1,1,11,1,1.85698876923827,1.85698876923827,1.85698876923827,8,8,8,1,1,1,1,1,0,0,0,0.01,0.01,1,8,8,NA,NA,NA,NA,NA,NA,NA,NA,NA,NA,NA,NA,"G5"
"36","Colorado State","fbs","Mountain West",2019,4256044,"Justice McCoy",2,1,11,2,1.72749192029025,0.863745960145123,1.72749192029025,20,10,20,0.5,2,2,1,0,0,0,0,0,0,2,20,10,NA,NA,NA,NA,NA,NA,NA,NA,NA,NA,NA,NA,"G5"
"36","Colorado State","fbs","Mountain West",2019,4428938,"Dante Wright",1,1,11,1,5.038979397503,5.038979397503,5.038979397503,39,39,39,1,1,1,1,1,0,0,0,0.04875,0.04875,1,39,39,NA,NA,NA,NA,NA,NA,NA,NA,NA,NA,NA,NA,"G5"
"38","Colorado","fbs","Pac-12",2019,3915436,"Steven Montez",384,12,12,32,73.0849802300469,0.190325469349081,6.09041501917058,2753,7.16927083333333,229.416666666667,0.447916666666667,250,384,0.651041666666667,15,0,0,0,0.5376953125,0.318634259259259,384,2753,7.16927083333333,56,72,81,62,34,26,77,43,26,77,41,55,"P5"
"38","Colorado","fbs","Pac-12",2019,3916947,"Jalen Harris",1,1,12,1,1.23663358620108,1.23663358620108,1.23663358620108,1,1,1,1,1,1,1,1,0,0,0,0.00125,0.00125,1,1,1,NA,NA,NA,NA,NA,NA,NA,NA,NA,NA,NA,NA,"P5"
"38","Colorado","fbs","Pac-12",2019,4243160,"Laviska Shenault Jr.",1,1,12,1,4.91474488016477,4.91474488016477,4.91474488016477,25,25,25,1,1,1,1,1,0,0,0,0.03125,0.03125,1,25,25,NA,NA,NA,NA,NA,NA,NA,NA,NA,NA,NA,NA,"P5"
"38","Colorado","fbs","Pac-12",2019,4243162,"Tyler Lytle",1,1,12,1,-0.744533635734391,-0.744533635734391,-0.744533635734391,0,0,0,0,0,1,0,0,0,0,0,0,0,1,0,0,NA,NA,NA,NA,NA,NA,NA,NA,NA,NA,NA,NA,"P5"
"38","Colorado","fbs","Pac-12",2019,4243168,"K.D. Nixon",1,1,12,1,4.75483061561643,4.75483061561643,4.75483061561643,38,38,38,1,1,1,1,1,0,0,0,0.0475,0.0475,1,38,38,NA,NA,NA,NA,NA,NA,NA,NA,NA,NA,NA,NA,"P5"
"38","Colorado","fbs","Pac-12",2019,4360650,"Blake Stenstrom",2,1,12,2,-0.292559926579056,-0.146279963289528,-0.292559926579056,12,6,12,0.5,1,2,0.5,0,0,0,0,0,0,2,12,6,NA,NA,NA,NA,NA,NA,NA,NA,NA,NA,NA,NA,"P5"
"41","UConn","fbs","American Athletic",2019,4044095,"Quayvon Skanes",1,1,11,1,2.07728268485989,2.07728268485989,2.07728268485989,15,15,15,1,1,1,1,1,0,0,0,0.01875,0.01875,1,15,15,NA,NA,NA,NA,NA,NA,NA,NA,NA,NA,NA,NA,"G5"
"41","UConn","fbs","American Athletic",2019,4291400,"Mike Beaudry",60,3,11,20,-2.43075769554962,-0.0405126282591603,-0.810252565183205,327,5.45,109,0.35,38,60,0.633333333333333,0,0,0,0,0,0,60,327,5.45,NA,NA,NA,NA,NA,NA,NA,NA,NA,NA,NA,NA,"G5"
"41","UConn","fbs","American Athletic",2019,4362137,"Elijah Jeffreys",1,1,11,1,4.07273687609681,4.07273687609681,4.07273687609681,25,25,25,1,1,1,1,1,0,0,0,0.03125,0.03125,1,25,25,NA,NA,NA,NA,NA,NA,NA,NA,NA,NA,NA,NA,"G5"
"41","UConn","fbs","American Athletic",2019,4362140,"Steven Krajewski",36,3,11,12,19.9868878910498,0.55519133030694,6.66229596368328,292,8.11111111111111,97.3333333333333,0.527777777777778,24,36,0.666666666666667,3,0,0,0,0.1825,0.121666666666667,36,292,8.11111111111111,NA,NA,NA,NA,NA,NA,NA,NA,NA,NA,NA,NA,"G5"
"41","UConn","fbs","American Athletic",2019,4428977,"Jack Zergiotis",249,10,11,24.9,39.2718049793491,0.157718092286542,3.92718049793491,1772,7.11646586345381,177.2,0.401606425702811,150,249,0.602409638554217,9,0,0,0,0.3987,0.209842105263158,249,1772,7.11646586345381,93,92,89,94,78,86.5,80,89.5,86.5,80,90,95,"G5"
"5","UAB","fbs","Conference USA",2019,4239793,"Tyler Johnston III",177,9,12,19.6666666666667,63.309682084892,0.357681819688656,7.03440912054356,1585,8.95480225988701,176.111111111111,0.491525423728814,112,177,0.632768361581921,9,0,0,0,0.39625,0.220138888888889,177,1585,8.95480225988701,69,59,27,26,49,96,14,92,96,14,92,90,"G5"
"5","UAB","fbs","Conference USA",2019,4363410,"Dylan Hopkins",80,7,12,11.4285714285714,2.41669363236435,0.0302086704045543,0.345241947480621,563,7.0375,80.4285714285714,0.325,44,80,0.55,3,0,0,0,0.150803571428571,0.0603214285714286,80,563,7.0375,NA,NA,NA,NA,NA,NA,NA,NA,NA,NA,NA,NA,"G5"
"5","UAB","fbs","Conference USA",2019,4363413,"Kendall Parham",1,1,12,1,4.64478080846868,4.64478080846868,4.64478080846868,57,57,57,1,1,1,1,1,0,0,0,0.07125,0.07125,1,57,57,NA,NA,NA,NA,NA,NA,NA,NA,NA,NA,NA,NA,"G5"
"5","UAB","fbs","Conference USA",2019,4363442,"Kyle Greenwell",2,1,12,2,0.0735988027779948,0.0367994013889974,0.0735988027779948,2,1,2,0.5,1,2,0.5,0,0,0,0,0,0,2,2,1,NA,NA,NA,NA,NA,NA,NA,NA,NA,NA,NA,NA,"G5"
"5","UAB","fbs","Conference USA",2019,4374361,"Gerrit Prince",1,1,12,1,-2.02602425448202,-2.02602425448202,-2.02602425448202,0,0,0,0,0,1,0,0,0,0,0,0,0,1,0,0,NA,NA,NA,NA,NA,NA,NA,NA,NA,NA,NA,NA,"G5"
"52","Florida State","fbs","ACC",2019,3886609,"Alex Hornibrook",121,5,11,24.2,34.6311020562332,0.286207455010192,6.92622041124664,982,8.11570247933884,196.4,0.471074380165289,84,121,0.694214876033058,7,0,0,0,0.429625,0.286416666666667,121,982,8.11570247933884,NA,NA,NA,NA,NA,NA,NA,NA,NA,NA,NA,NA,"P5"
"52","Florida State","fbs","ACC",2019,4240020,"James Blackman",235,10,11,23.5,65.0251584381727,0.276702801864565,6.50251584381727,1833,7.8,183.3,0.438297872340426,154,235,0.65531914893617,13,0,0,0,0.425517857142857,0.259010869565217,235,1833,7.8,68,65,54,73,32,83,53,84,83,53,83,76,"P5"
"52","Florida State","fbs","ACC",2019,4240021,"Cam Akers",6,3,11,2,2.18758501130341,0.364597501883902,0.729195003767804,50,8.33333333333333,16.6666666666667,0.666666666666667,4,6,0.666666666666667,0,0,0,0,0,0,6,50,8.33333333333333,NA,NA,NA,NA,NA,NA,NA,NA,NA,NA,NA,NA,"P5"
"52","Florida State","fbs","ACC",2019,4240034,"D.J. Matthews",1,1,11,1,2.62086090092596,2.62086090092596,2.62086090092596,25,25,25,1,1,1,1,0,0,0,0,0,0,1,25,25,NA,NA,NA,NA,NA,NA,NA,NA,NA,NA,NA,NA,"P5"
"52","Florida State","fbs","ACC",2019,4360799,"Jordan Travis",1,1,11,1,0.220645017869215,0.220645017869215,0.220645017869215,6,6,6,1,1,1,1,0,0,0,0,0,0,1,6,6,NA,NA,NA,NA,NA,NA,NA,NA,NA,NA,NA,NA,"P5"
"57","Florida","fbs","SEC",2019,4034946,"Kyle Trask",281,9,10,31.2222222222222,104.17550123878,0.370731321134449,11.5750556931978,2326,8.27758007117438,258.444444444444,0.508896797153025,188,281,0.669039145907473,18,0,0,0,0.612105263157895,0.430740740740741,281,2326,8.27758007117438,29,20,18,18,21,53,29,23,53,29,22,20,"P5"
"57","Florida","fbs","SEC",2019,4034948,"Feleipe Franks",41,2,10,20.5,26.0954802066396,0.636475126991211,13.0477401033198,428,10.4390243902439,214,0.536585365853659,29,41,0.707317073170732,3,0,0,0,0.40125,0.321,41,428,10.4390243902439,NA,NA,NA,NA,NA,NA,NA,NA,NA,NA,NA,NA,"P5"
"57","Florida","fbs","SEC",2019,4034952,"Lamical Perine",2,2,10,1,2.12876276325157,1.06438138162578,1.06438138162578,1,0.5,0.5,0.5,1,2,0.5,1,0,0,0,0.000625,0.000416666666666667,2,1,0.5,NA,NA,NA,NA,NA,NA,NA,NA,NA,NA,NA,NA,"P5"
"57","Florida","fbs","SEC",2019,4240600,"Kadarius Toney",1,1,10,1,-0.487270132779967,-0.487270132779967,-0.487270132779967,0,0,0,0,0,1,0,0,0,0,0,0,0,1,0,0,NA,NA,NA,NA,NA,NA,NA,NA,NA,NA,NA,NA,"P5"
"57","Florida","fbs","SEC",2019,4241988,"Trevon Grimes",1,1,10,1,4.48800389519556,4.48800389519556,4.48800389519556,66,66,66,1,1,1,1,1,0,0,0,0.0825,0.0825,1,66,66,NA,NA,NA,NA,NA,NA,NA,NA,NA,NA,NA,NA,"P5"
"57","Florida","fbs","SEC",2019,4360230,"Emory Jones",26,6,10,4.33333333333333,3.47823819344028,0.133778392055395,0.579706365573379,191,7.34615384615385,31.8333333333333,0.461538461538462,18,26,0.692307692307692,2,0,0,0,0.0530555555555556,0.0198958333333333,26,191,7.34615384615385,NA,NA,NA,NA,NA,NA,NA,NA,NA,NA,NA,NA,"P5"
"57","Florida","fbs","SEC",2019,4360231,"Lucas Krull",1,1,10,1,0.254577080262285,0.254577080262285,0.254577080262285,4,4,4,1,1,1,1,0,0,0,0,0,0,1,4,4,NA,NA,NA,NA,NA,NA,NA,NA,NA,NA,NA,NA,"P5"
"57","Florida","fbs","SEC",2019,4360248,"Kyle Pitts",1,1,10,1,1.88157595672894,1.88157595672894,1.88157595672894,15,15,15,1,1,1,1,1,0,0,0,0.01875,0.01875,1,15,15,NA,NA,NA,NA,NA,NA,NA,NA,NA,NA,NA,NA,"P5"
"58","South Florida","fbs","American Athletic",2019,3858944,"Blake Barnett",66,3,11,22,-0.593638439794441,-0.00899452181506728,-0.19787947993148,366,5.54545454545455,122,0.303030303030303,35,66,0.53030303030303,0,0,0,0,0,0,66,366,5.54545454545455,NA,NA,NA,NA,NA,NA,NA,NA,NA,NA,NA,NA,"G5"
"58","South Florida","fbs","American Athletic",2019,3923392,"Mitchell Wilcox",2,2,11,1,6.63731531729844,3.31865765864922,3.31865765864922,46,23,23,1,2,2,1,2,0,0,0,0.0383333333333333,0.02875,2,46,23,NA,NA,NA,NA,NA,NA,NA,NA,NA,NA,NA,NA,"G5"
"58","South Florida","fbs","American Athletic",2019,4047652,"Jacob Mathis",2,2,11,1,7.33434149260717,3.66717074630358,3.66717074630358,45,22.5,22.5,1,2,2,1,2,0,0,0,0.0375,0.028125,2,45,22.5,NA,NA,NA,NA,NA,NA,NA,NA,NA,NA,NA,NA,"G5"
"58","South Florida","fbs","American Athletic",2019,4255713,"Randall St. Felix",1,1,11,1,2.68174260574642,2.68174260574642,2.68174260574642,13,13,13,1,1,1,1,1,0,0,0,0.01625,0.01625,1,13,13,NA,NA,NA,NA,NA,NA,NA,NA,NA,NA,NA,NA,"G5"
"58","South Florida","fbs","American Athletic",2019,4271335,"Kirk Rygol",24,4,11,6,5.43680636337742,0.226533598474059,1.35920159084436,170,7.08333333333333,42.5,0.375,12,24,0.5,2,0,0,0,0.0708333333333333,0.0354166666666667,24,170,7.08333333333333,NA,NA,NA,NA,NA,NA,NA,NA,NA,NA,NA,NA,"G5"
"58","South Florida","fbs","American Athletic",2019,4360890,"Jordan McCloud",185,11,11,16.8181818181818,-0.073016115352217,-0.000394681704606578,-0.00663782866838336,1130,6.10810810810811,102.727272727273,0.356756756756757,104,185,0.562162162162162,6,0,0,0,0.22012987012987,0.0906417112299465,185,1130,6.10810810810811,107,107,107,105,100,106,101,110,106,101,111,111,"G5"
"58","South Florida","fbs","American Athletic",2019,4379608,"Bryce Miller",1,1,11,1,2.87398767289666,2.87398767289666,2.87398767289666,13,13,13,1,1,1,1,1,0,0,0,0.01625,0.01625,1,13,13,NA,NA,NA,NA,NA,NA,NA,NA,NA,NA,NA,NA,"G5"
"58","South Florida","fbs","American Athletic",2019,4427158,"Jah'Quez Evans",3,3,11,1,-2.83013721376574,-0.943379071255245,-0.943379071255245,2,0.666666666666667,0.666666666666667,0,1,3,0.333333333333333,0,0,0,0,0,0,3,2,0.666666666666667,NA,NA,NA,NA,NA,NA,NA,NA,NA,NA,NA,NA,"G5"
"59","Georgia Tech","fbs","ACC",2019,4037293,"Lucas Johnson",26,3,11,8.66666666666667,-7.98542446966132,-0.307131710371589,-2.66180815655377,96,3.69230769230769,32,0.307692307692308,16,26,0.615384615384615,0,0,0,0,0,0,26,96,3.69230769230769,NA,NA,NA,NA,NA,NA,NA,NA,NA,NA,NA,NA,"P5"
"59","Georgia Tech","fbs","ACC",2019,4240482,"Tobias Oliver",22,4,11,5.5,3.33392458953776,0.151542026797171,0.833481147384439,163,7.40909090909091,40.75,0.363636363636364,10,22,0.454545454545455,1,0,0,0,0.0509375,0.020375,22,163,7.40909090909091,NA,NA,NA,NA,NA,NA,NA,NA,NA,NA,NA,NA,"P5"
"59","Georgia Tech","fbs","ACC",2019,4240485,"Pressley Harvin III",1,1,11,1,6.95890322499518,6.95890322499518,6.95890322499518,41,41,41,1,1,1,1,1,0,0,0,0.05125,0.05125,1,41,41,NA,NA,NA,NA,NA,NA,NA,NA,NA,NA,NA,NA,"P5"
"59","Georgia Tech","fbs","ACC",2019,4360575,"Malachi Carter",1,1,11,1,5.08335631864555,5.08335631864555,5.08335631864555,28,28,28,1,1,1,1,1,0,0,0,0.035,0.035,1,28,28,NA,NA,NA,NA,NA,NA,NA,NA,NA,NA,NA,NA,"P5"
"59","Georgia Tech","fbs","ACC",2019,4360578,"James Graham",182,11,11,16.5454545454545,2.04602198504083,0.0112418790386859,0.186001998640076,1095,6.01648351648352,99.5454545454545,0.324175824175824,83,182,0.456043956043956,8,0,0,0,0.221212121212121,0.104784688995215,182,1095,6.01648351648352,105,105,105,111,111,109,104,111,109,104,110,109,"P5"
"59","Georgia Tech","fbs","ACC",2019,4426800,"Ahmarean Brown",2,1,11,2,6.91474572559634,3.45737286279817,6.91474572559634,28,14,28,1,2,2,1,2,0,0,0,0.0466666666666667,0.0466666666666667,2,28,14,NA,NA,NA,NA,NA,NA,NA,NA,NA,NA,NA,NA,"P5"
"59","Georgia Tech","fbs","ACC",2019,4428961,"Jordan Yates",12,2,11,6,-5.24435361506921,-0.437029467922434,-2.6221768075346,38,3.16666666666667,19,0.166666666666667,4,12,0.333333333333333,0,0,0,0,0,0,12,38,3.16666666666667,NA,NA,NA,NA,NA,NA,NA,NA,NA,NA,NA,NA,"P5"
"6","South Alabama","fbs","Sun Belt",2019,4049794,"Khameron Taylor",1,1,11,1,3.88506260598037,3.88506260598037,3.88506260598037,13,13,13,1,1,1,1,1,0,0,0,0.01625,0.01625,1,13,13,NA,NA,NA,NA,NA,NA,NA,NA,NA,NA,NA,NA,"G5"
"6","South Alabama","fbs","Sun Belt",2019,4249400,"Cephus Johnson",135,7,11,19.2857142857143,-20.9199407911718,-0.154962524379051,-2.9885629701674,758,5.61481481481481,108.285714285714,0.274074074074074,70,135,0.518518518518518,2,0,0,0,0.18047619047619,0.0601587301587302,135,758,5.61481481481481,NA,NA,NA,NA,NA,NA,NA,NA,NA,NA,NA,NA,"G5"
"6","South Alabama","fbs","Sun Belt",2019,4249423,"Davyn Flenord",1,1,11,1,3.81207828646599,3.81207828646599,3.81207828646599,9,9,9,1,1,1,1,1,0,0,0,0.01125,0.01125,1,9,9,NA,NA,NA,NA,NA,NA,NA,NA,NA,NA,NA,NA,"G5"
"6","South Alabama","fbs","Sun Belt",2019,4373851,"Desmond Trotter",95,6,11,15.8333333333333,43.4907949287317,0.45779784135507,7.24846582145528,814,8.56842105263158,135.666666666667,0.452631578947368,56,95,0.589473684210526,8,0,0,0,0.301481481481481,0.193809523809524,95,814,8.56842105263158,NA,NA,NA,NA,NA,NA,NA,NA,NA,NA,NA,NA,"G5"
"6","South Alabama","fbs","Sun Belt",2019,4570512,"Tylan Morton",20,2,11,10,-3.05808865663831,-0.152904432831915,-1.52904432831915,107,5.35,53.5,0.3,8,20,0.4,0,0,0,0,0,0,20,107,5.35,NA,NA,NA,NA,NA,NA,NA,NA,NA,NA,NA,NA,"G5"
"61","Georgia","fbs","SEC",2019,4240689,"Jake Fromm",335,12,12,27.9166666666667,71.6072113537274,0.213752869712619,5.96726761281062,2428,7.24776119402985,202.333333333333,0.447761194029851,203,335,0.605970149253731,20,0,0,0,0.481746031746032,0.316145833333333,335,2428,7.24776119402985,61,75,69,63.5,75,46,74,71,46,74,66,56,"P5"
"61","Georgia","fbs","SEC",2019,4259553,"Stetson Bennett",14,3,12,4.66666666666667,4.71290462115654,0.336636044368324,1.57096820705218,136,9.71428571428571,45.3333333333333,0.642857142857143,11,14,0.785714285714286,0,0,0,0,0,0,14,136,9.71428571428571,NA,NA,NA,NA,NA,NA,NA,NA,NA,NA,NA,NA,"P5"
"61","Georgia","fbs","SEC",2019,4426354,"George Pickens",1,1,12,1,3.92154661049699,3.92154661049699,3.92154661049699,16,16,16,1,1,1,1,1,0,0,0,0.02,0.02,1,16,16,NA,NA,NA,NA,NA,NA,NA,NA,NA,NA,NA,NA,"P5"
"61","Georgia","fbs","SEC",2019,4575121,"Nathan Priestley",1,1,12,1,-0.633085502331444,-0.633085502331444,-0.633085502331444,0,0,0,0,0,1,0,0,0,0,0,0,0,1,0,0,NA,NA,NA,NA,NA,NA,NA,NA,NA,NA,NA,NA,"P5"
"62","Hawai'i","fbs","Mountain West",2019,4038220,"Cole McDonald",420,12,13,35,152.811668610843,0.363837306216293,12.7343057175703,3337,7.9452380952381,278.083333333333,0.519047619047619,273,420,0.65,25,0,0,0,0.668469551282051,0.46973536036036,420,3337,7.9452380952381,10,13,23,11,36,6,44,14,6,44,14,12,"G5"
"62","Hawai'i","fbs","Mountain West",2019,4256080,"Justin Uahinui",2,1,13,2,-1.11540194793287,-0.557700973966433,-1.11540194793287,0,0,0,0,0,2,0,0,0,0,0,0,0,2,0,0,NA,NA,NA,NA,NA,NA,NA,NA,NA,NA,NA,NA,"G5"
"62","Hawai'i","fbs","Mountain West",2019,4373934,"Chevan Cordeiro",116,11,13,10.5454545454545,31.9488560827242,0.275421173126933,2.90444146206583,901,7.76724137931035,81.9090909090909,0.46551724137931,69,116,0.594827586206897,8,0,0,0,0.182020202020202,0.0862200956937799,116,901,7.76724137931035,NA,NA,NA,NA,NA,NA,NA,NA,NA,NA,NA,NA,"G5"
"62","Hawai'i","fbs","Mountain West",2019,4373960,"Robert Funkhouser",1,1,13,1,3.44705486600796,3.44705486600796,3.44705486600796,14,14,14,1,1,1,1,1,0,0,0,0.0175,0.0175,1,14,14,NA,NA,NA,NA,NA,NA,NA,NA,NA,NA,NA,NA,"G5"
"66","Iowa State","fbs","Big 12",2019,3916911,"La'Michael Pettway",1,1,11,1,4.07814867599932,4.07814867599932,4.07814867599932,51,51,51,1,1,1,1,1,0,0,0,0.06375,0.06375,1,51,51,NA,NA,NA,NA,NA,NA,NA,NA,NA,NA,NA,NA,"P5"
"66","Iowa State","fbs","Big 12",2019,4035524,"Deshaunte Jones",1,1,11,1,-0.837385077132563,-0.837385077132563,-0.837385077132563,0,0,0,0,0,1,0,0,0,0,0,0,0,1,0,0,NA,NA,NA,NA,NA,NA,NA,NA,NA,NA,NA,NA,"P5"
"66","Iowa State","fbs","Big 12",2019,4361735,"Re-al Mitchell",2,1,11,2,0.986854193042329,0.493427096521164,0.986854193042329,9,4.5,9,0.5,1,2,0.5,1,0,0,0,0.01125,0.01125,2,9,4.5,NA,NA,NA,NA,NA,NA,NA,NA,NA,NA,NA,NA,"P5"
"66","Iowa State","fbs","Big 12",2019,4361737,"Blake Clark",1,1,11,1,-2.62113058260589,-2.62113058260589,-2.62113058260589,0,0,0,0,0,1,0,0,0,0,0,0,0,1,0,0,NA,NA,NA,NA,NA,NA,NA,NA,NA,NA,NA,NA,"P5"
"66","Iowa State","fbs","Big 12",2019,4361741,"Brock Purdy",395,11,11,35.9090909090909,155.780486278371,0.394380977919928,14.1618623889429,3482,8.81518987341772,316.545454545455,0.516455696202532,265,395,0.670886075949367,25,0,0,0,0.760926573426573,0.549558080808081,395,3482,8.81518987341772,9,6,16,12,18,4,18,4,4,18,4,3,"P5"
"68","Boise State","fbs","Mountain West",2019,3722361,"Akilian Butler",1,1,12,1,1.74063329055078,1.74063329055078,1.74063329055078,5,5,5,1,1,1,1,1,0,0,0,0.00625,0.00625,1,5,5,NA,NA,NA,NA,NA,NA,NA,NA,NA,NA,NA,NA,"G5"
"68","Boise State","fbs","Mountain West",2019,3914569,"Jaylon Henderson",131,7,12,18.7142857142857,45.3989228390822,0.346556662893757,6.48556040558317,1032,7.87786259541985,147.428571428571,0.458015267175573,84,131,0.641221374045801,11,0,0,0,0.337857142857143,0.225238095238095,131,1032,7.87786259541985,NA,NA,NA,NA,NA,NA,NA,NA,NA,NA,NA,NA,"G5"
"68","Boise State","fbs","Mountain West",2019,4260440,"Chase Cord",77,5,12,15.4,18.3183739861207,0.237900960858711,3.66367479722415,542,7.03896103896104,108.4,0.480519480519481,49,77,0.636363636363636,5,0,0,0,0.225833333333333,0.1355,77,542,7.03896103896104,NA,NA,NA,NA,NA,NA,NA,NA,NA,NA,NA,NA,"G5"
"68","Boise State","fbs","Mountain West",2019,4260441,"Octavius Evans",1,1,12,1,3.13805762123018,3.13805762123018,3.13805762123018,13,13,13,1,1,1,1,1,0,0,0,0.01625,0.01625,1,13,13,NA,NA,NA,NA,NA,NA,NA,NA,NA,NA,NA,NA,"G5"
"68","Boise State","fbs","Mountain West",2019,4260452,"CT Thomas",1,1,12,1,-0.487854068712285,-0.487854068712285,-0.487854068712285,0,0,0,0,0,1,0,0,0,0,0,0,0,1,0,0,NA,NA,NA,NA,NA,NA,NA,NA,NA,NA,NA,NA,"G5"
"68","Boise State","fbs","Mountain West",2019,4373673,"John Hightower",3,3,12,1,4.74351796190813,1.58117265396938,1.58117265396938,51,17,17,0.333333333333333,2,3,0.666666666666667,1,0,0,0,0.02125,0.010625,3,51,17,NA,NA,NA,NA,NA,NA,NA,NA,NA,NA,NA,NA,"G5"
"68","Boise State","fbs","Mountain West",2019,4373678,"Khalil Shakir",2,2,12,1,0.748911859628857,0.374455929814429,0.374455929814429,2,1,1,1,2,2,1,1,0,0,0,0.00125,0.000833333333333333,2,2,1,NA,NA,NA,NA,NA,NA,NA,NA,NA,NA,NA,NA,"G5"
"68","Boise State","fbs","Mountain West",2019,4426499,"Hank Bachmeier",163,6,12,27.1666666666667,63.7144789016554,0.390886373629788,10.6190798169426,1475,9.04907975460123,245.833333333333,0.47239263803681,105,163,0.644171779141104,6,0,0,0,0.526785714285714,0.307291666666667,163,1475,9.04907975460123,NA,NA,NA,NA,NA,NA,NA,NA,NA,NA,NA,NA,"G5"
"77","Northwestern","fbs","Big Ten",2019,3915966,"TJ Green",10,1,12,10,1.52916362585741,0.152916362585741,1.52916362585741,62,6.2,62,0.6,6,10,0.6,0,0,0,0,0,0,10,62,6.2,NA,NA,NA,NA,NA,NA,NA,NA,NA,NA,NA,NA,"P5"
"77","Northwestern","fbs","Big Ten",2019,4035633,"Aidan Smith",161,8,12,20.125,-2.08461895196525,-0.0129479438010264,-0.260577368995656,765,4.75155279503106,95.625,0.385093167701863,84,161,0.521739130434783,3,0,0,0,0.179296875,0.0651988636363636,161,765,4.75155279503106,NA,NA,NA,NA,NA,NA,NA,NA,NA,NA,NA,NA,"P5"
"77","Northwestern","fbs","Big Ten",2019,4239998,"Hunter Johnson",104,6,12,17.3333333333333,-15.449185140483,-0.148549857120029,-2.5748641900805,412,3.96153846153846,68.6666666666667,0.307692307692308,50,104,0.480769230769231,1,0,0,0,0.0858333333333333,0.0245238095238095,104,412,3.96153846153846,NA,NA,NA,NA,NA,NA,NA,NA,NA,NA,NA,NA,"P5"
"77","Northwestern","fbs","Big Ten",2019,4242268,"Andrew Marty",19,3,12,6.33333333333333,6.74165197888136,0.354823788362177,2.24721732629379,141,7.42105263157895,47,0.526315789473684,13,19,0.684210526315789,1,0,0,0,0.05875,0.029375,19,141,7.42105263157895,NA,NA,NA,NA,NA,NA,NA,NA,NA,NA,NA,NA,"P5"
"77","Northwestern","fbs","Big Ten",2019,4242275,"Jace James",1,1,12,1,3.90868475839844,3.90868475839844,3.90868475839844,9,9,9,1,1,1,1,1,0,0,0,0.01125,0.01125,1,9,9,NA,NA,NA,NA,NA,NA,NA,NA,NA,NA,NA,NA,"P5"
"8","Arkansas","fbs","SEC",2019,3916208,"Ben Hicks",105,6,11,17.5,-5.20920049845465,-0.0496114333186157,-0.868200083075775,550,5.23809523809524,91.6666666666667,0.333333333333333,50,105,0.476190476190476,1,0,0,0,0.114583333333333,0.0327380952380952,105,550,5.23809523809524,NA,NA,NA,NA,NA,NA,NA,NA,NA,NA,NA,NA,"P5"
"8","Arkansas","fbs","SEC",2019,4035225,"Nick Starkel",166,7,11,23.7142857142857,34.0719537936749,0.205252733696837,4.86742197052499,1113,6.70481927710843,159,0.409638554216867,93,166,0.560240963855422,7,0,0,0,0.3478125,0.19875,166,1113,6.70481927710843,94,84,75,91,102,107,94,100,107,94,100,98,"P5"
"8","Arkansas","fbs","SEC",2019,4035588,"Jack Lindsey",30,2,11,15,-8.64396095972865,-0.288132031990955,-4.32198047986432,126,4.2,63,0.3,13,30,0.433333333333333,3,0,0,0,0.118125,0.0945,30,126,4.2,NA,NA,NA,NA,NA,NA,NA,NA,NA,NA,NA,NA,"P5"
"8","Arkansas","fbs","SEC",2019,4035593,"Cheyenne O'Grady",2,2,11,1,8.15917419078132,4.07958709539066,4.07958709539066,53,26.5,26.5,1,2,2,1,2,0,0,0,0.0441666666666667,0.033125,2,53,26.5,NA,NA,NA,NA,NA,NA,NA,NA,NA,NA,NA,NA,"P5"
"8","Arkansas","fbs","SEC",2019,4047337,"Rakeem Boyd",1,1,11,1,-0.711535755803494,-0.711535755803494,-0.711535755803494,1,1,1,0,1,1,1,0,0,0,0,0,0,1,1,1,NA,NA,NA,NA,NA,NA,NA,NA,NA,NA,NA,NA,"P5"
"8","Arkansas","fbs","SEC",2019,4372000,"John Stephen Jones",24,3,11,8,-0.238292032346675,-0.00992883468111147,-0.0794306774488918,93,3.875,31,0.333333333333333,12,24,0.5,1,0,0,0,0.03875,0.019375,24,93,3.875,NA,NA,NA,NA,NA,NA,NA,NA,NA,NA,NA,NA,"P5"
"8","Arkansas","fbs","SEC",2019,4567149,"KJ Jefferson",29,3,11,9.66666666666667,0.838851501839048,0.0289259138565189,0.279617167279683,197,6.79310344827586,65.6666666666667,0.310344827586207,14,29,0.482758620689655,0,0,0,0,0,0,29,197,6.79310344827586,NA,NA,NA,NA,NA,NA,NA,NA,NA,NA,NA,NA,"P5"
"8","Arkansas","fbs","SEC",2019,4567156,"Treylon Burks",1,1,11,1,-0.731765650631371,-0.731765650631371,-0.731765650631371,0,0,0,0,0,1,0,0,0,0,0,0,0,1,0,0,NA,NA,NA,NA,NA,NA,NA,NA,NA,NA,NA,NA,"P5"
"84","Indiana","fbs","Big Ten",2019,3929786,"Donavan Hale",1,1,11,1,6.00900617232955,6.00900617232955,6.00900617232955,49,49,49,1,1,1,1,1,0,0,0,0.06125,0.06125,1,49,49,NA,NA,NA,NA,NA,NA,NA,NA,NA,NA,NA,NA,"P5"
"84","Indiana","fbs","Big Ten",2019,4045290,"Peyton Ramsey",240,9,11,26.6666666666667,82.2481360454982,0.342700566856243,9.13868178283314,1949,8.12083333333333,216.555555555556,0.483333333333333,166,240,0.691666666666667,10,0,0,0,0.492171717171717,0.284941520467836,240,1949,8.12083333333333,49,35,34,31.5,13,75,37,60,75,37,61,67,"P5"
"84","Indiana","fbs","Big Ten",2019,4360423,"Michael Penix Jr.",136,5,11,27.2,44.2494500101581,0.325363603015869,8.84989000203163,1217,8.94852941176471,243.4,0.514705882352941,96,136,0.705882352941177,8,0,0,0,0.540888888888889,0.374461538461539,136,1217,8.94852941176471,NA,NA,NA,NA,NA,NA,NA,NA,NA,NA,NA,NA,"P5"
"84","Indiana","fbs","Big Ten",2019,4361025,"Jack Tuttle",4,3,11,1.33333333333333,-1.68547671875377,-0.421369179688442,-0.561825572917923,16,4,5.33333333333333,0.5,3,4,0.75,0,0,0,0,0,0,4,16,4,NA,NA,NA,NA,NA,NA,NA,NA,NA,NA,NA,NA,"P5"
"87","Notre Dame","fbs","FBS Independents",2019,3932429,"Chris Finke",1,1,12,1,3.09568163496235,3.09568163496235,3.09568163496235,54,54,54,1,1,1,1,1,0,0,0,0.0675,0.0675,1,54,54,NA,NA,NA,NA,NA,NA,NA,NA,NA,NA,NA,NA,"P5"
"87","Notre Dame","fbs","FBS Independents",2019,4046678,"Ian Book",356,12,12,29.6666666666667,77.1998649618982,0.216853553263759,6.43332208015818,2507,7.04213483146067,208.916666666667,0.449438202247191,211,356,0.592696629213483,24,0,0,0,0.5014,0.348194444444444,356,2507,7.04213483146067,54,67,68,58,84,41,84,65,41,84,58,41,"P5"
"87","Notre Dame","fbs","FBS Independents",2019,4046686,"Javon McKinley",3,2,12,1.5,11.1787509574815,3.7262503191605,5.58937547874075,99,33,49.5,1,3,3,1,3,0,0,0,0.0928125,0.07425,3,99,33,NA,NA,NA,NA,NA,NA,NA,NA,NA,NA,NA,NA,"P5"
"87","Notre Dame","fbs","FBS Independents",2019,4046692,"Chase Claypool",1,1,12,1,4.34342867367085,4.34342867367085,4.34342867367085,37,37,37,1,1,1,1,1,0,0,0,0.04625,0.04625,1,37,37,NA,NA,NA,NA,NA,NA,NA,NA,NA,NA,NA,NA,"P5"
"87","Notre Dame","fbs","FBS Independents",2019,4258586,"Avery Davis",1,1,12,1,4.3790935854771,4.3790935854771,4.3790935854771,59,59,59,1,1,1,1,1,0,0,0,0.07375,0.07375,1,59,59,NA,NA,NA,NA,NA,NA,NA,NA,NA,NA,NA,NA,"P5"
"87","Notre Dame","fbs","FBS Independents",2019,4258595,"Cole Kmet",2,2,12,1,4.2253931085317,2.11269655426585,2.11269655426585,15,7.5,7.5,1,2,2,1,2,0,0,0,0.0125,0.009375,2,15,7.5,NA,NA,NA,NA,NA,NA,NA,NA,NA,NA,NA,NA,"P5"
"87","Notre Dame","fbs","FBS Independents",2019,4372768,"Phil Jurkovec",14,5,12,2.8,11.8703076841023,0.847879120293025,2.37406153682047,208,14.8571428571429,41.6,0.714285714285714,11,14,0.785714285714286,1,0,0,0,0.052,0.0173333333333333,14,208,14.8571428571429,NA,NA,NA,NA,NA,NA,NA,NA,NA,NA,NA,NA,"P5"
"87","Notre Dame","fbs","FBS Independents",2019,4372770,"Braden Lenzy",1,1,12,1,2.00586571060887,2.00586571060887,2.00586571060887,22,22,22,1,1,1,1,1,0,0,0,0.0275,0.0275,1,22,22,NA,NA,NA,NA,NA,NA,NA,NA,NA,NA,NA,NA,"P5"
"87","Notre Dame","fbs","FBS Independents",2019,4372780,"Tommy Tremble",2,2,12,1,3.46627629908591,1.73313814954296,1.73313814954296,30,15,15,1,2,2,1,2,0,0,0,0.025,0.01875,2,30,15,NA,NA,NA,NA,NA,NA,NA,NA,NA,NA,NA,NA,"P5"
"87","Notre Dame","fbs","FBS Independents",2019,4429413,"Brendon Clark",1,1,12,1,-0.62083006383161,-0.62083006383161,-0.62083006383161,0,0,0,0,0,1,0,0,0,0,0,0,0,1,0,0,NA,NA,NA,NA,NA,NA,NA,NA,NA,NA,NA,NA,"P5"
"9","Arizona State","fbs","Pac-12",2019,4047836,"Frank Darby",2,1,11,2,7.89868838732318,3.94934419366159,7.89868838732318,39,19.5,39,1,2,2,1,2,0,0,0,0.065,0.065,2,39,19.5,NA,NA,NA,NA,NA,NA,NA,NA,NA,NA,NA,NA,"P5"
"9","Arizona State","fbs","Pac-12",2019,4426348,"Jayden Daniels",282,10,11,28.2,82.0604489827554,0.290994499938849,8.20604489827554,2422,8.5886524822695,242.2,0.443262411347518,175,282,0.620567375886525,13,0,0,0,0.56225,0.342239130434783,282,2422,8.5886524822695,50,50,47,67,57,47,21,35,47,21,36,44,"P5"
"9","Arizona State","fbs","Pac-12",2019,4426360,"Joey Yellen",42,1,11,42,8.66272311354242,0.206255312227201,8.66272311354242,291,6.92857142857143,291,0.523809523809524,28,42,0.666666666666667,4,0,0,0,0.582,0.582,42,291,6.92857142857143,NA,NA,NA,NA,NA,NA,NA,NA,NA,NA,NA,NA,"P5"
"9","Arizona State","fbs","Pac-12",2019,4427925,"Nolan Matthews",1,1,11,1,2.07318649989684,2.07318649989684,2.07318649989684,4,4,4,1,1,1,1,1,0,0,0,0.005,0.005,1,4,4,NA,NA,NA,NA,NA,NA,NA,NA,NA,NA,NA,NA,"P5"
"96","Kentucky","fbs","SEC",2019,4038940,"Terry Wilson",51,2,11,25.5,3.06367186985862,0.0600719974482082,1.53183593492931,352,6.90196078431373,176,0.411764705882353,32,51,0.627450980392157,2,0,0,0,0.293333333333333,0.22,51,352,6.90196078431373,NA,NA,NA,NA,NA,NA,NA,NA,NA,NA,NA,NA,"P5"
"96","Kentucky","fbs","SEC",2019,4039901,"Sawyer Smith",117,6,11,19.5,10.4463260716026,0.0892848382188255,1.7410543452671,690,5.8974358974359,115,0.376068376068376,57,117,0.487179487179487,4,0,0,0,0.23,0.115,117,690,5.8974358974359,NA,NA,NA,NA,NA,NA,NA,NA,NA,NA,NA,NA,"P5"
"96","Kentucky","fbs","SEC",2019,4240782,"Asim Rose",1,1,11,1,1.38419104808616,1.38419104808616,1.38419104808616,10,10,10,1,1,1,1,0,0,0,0,0,0,1,10,10,NA,NA,NA,NA,NA,NA,NA,NA,NA,NA,NA,NA,"P5"
"96","Kentucky","fbs","SEC",2019,4240786,"Walker Wood",1,1,11,1,2.13881744488286,2.13881744488286,2.13881744488286,7,7,7,1,1,1,1,0,0,0,0,0,0,1,7,7,NA,NA,NA,NA,NA,NA,NA,NA,NA,NA,NA,NA,"P5"
"96","Kentucky","fbs","SEC",2019,4259976,"Josh Ali",1,1,11,1,-1.51191559525184,-1.51191559525184,-1.51191559525184,0,0,0,0,0,1,0,0,0,0,0,0,0,1,0,0,NA,NA,NA,NA,NA,NA,NA,NA,NA,NA,NA,NA,"P5"
"96","Kentucky","fbs","SEC",2019,4259979,"Lynn Bowden Jr.",55,9,11,6.11111111111111,-6.55090268799765,-0.119107321599957,-0.727878076444183,321,5.83636363636364,35.6666666666667,0.381818181818182,28,55,0.509090909090909,2,0,0,0,0.0594444444444444,0.0162121212121212,55,321,5.83636363636364,NA,NA,NA,NA,NA,NA,NA,NA,NA,NA,NA,NA,"P5"
"97","Louisville","fbs","ACC",2019,4035995,"Jawon Pass",27,1,11,27,-0.408124844750153,-0.0151157349907464,-0.408124844750153,134,4.96296296296296,134,0.333333333333333,12,27,0.444444444444444,0,0,0,0,0,0,27,134,4.96296296296296,NA,NA,NA,NA,NA,NA,NA,NA,NA,NA,NA,NA,"P5"
"97","Louisville","fbs","ACC",2019,4035996,"Seth Dawkins",1,1,11,1,4.76850425876066,4.76850425876066,4.76850425876066,55,55,55,1,1,1,1,1,0,0,0,0.06875,0.06875,1,55,55,NA,NA,NA,NA,NA,NA,NA,NA,NA,NA,NA,NA,"P5"
"97","Louisville","fbs","ACC",2019,4240069,"Malik Cunningham",148,10,11,14.8,109.965976903166,0.743013357453822,10.9965976903166,1697,11.4662162162162,169.7,0.513513513513513,93,148,0.628378378378378,19,0,0,0,0.4030375,0.277956896551724,148,1697,11.4662162162162,NA,NA,NA,NA,NA,NA,NA,NA,NA,NA,NA,NA,"P5"
"97","Louisville","fbs","ACC",2019,4277240,"Ryan Chalifoux",1,1,11,1,4.01249637126747,4.01249637126747,4.01249637126747,7,7,7,1,1,1,1,1,0,0,0,0.00875,0.00875,1,7,7,NA,NA,NA,NA,NA,NA,NA,NA,NA,NA,NA,NA,"P5"
"97","Louisville","fbs","ACC",2019,4429449,"Evan Conley",68,7,11,9.71428571428571,33.9339760533187,0.499029059607628,4.84771086475981,613,9.01470588235294,87.5714285714286,0.470588235294118,40,68,0.588235294117647,4,0,0,0,0.175142857142857,0.0796103896103896,68,613,9.01470588235294,NA,NA,NA,NA,NA,NA,NA,NA,NA,NA,NA,NA,"P5"
"98","Western Kentucky","fbs","Conference USA",2019,3886621,"Ty Storey",289,9,11,32.1111111111111,82.0128654642581,0.283781541398817,9.11254060713978,2209,7.64359861591695,245.444444444444,0.474048442906574,206,289,0.71280276816609,12,0,0,0,0.566410256410256,0.350634920634921,289,2209,7.64359861591695,52,37,49,39,6,62,56,32,62,56,35,39,"G5"
"98","Western Kentucky","fbs","Conference USA",2019,3915802,"Lucky Jackson",2,2,11,1,1.50531509941038,0.752657549705192,0.752657549705192,8,4,4,0.5,1,2,0.5,1,0,0,0,0.005,0.00333333333333333,2,8,4,NA,NA,NA,NA,NA,NA,NA,NA,NA,NA,NA,NA,"G5"
"98","Western Kentucky","fbs","Conference USA",2019,4037556,"Steven Duncan",78,2,11,39,3.36328688315281,0.0431190626045231,1.6816434415764,488,6.25641025641026,244,0.397435897435897,44,78,0.564102564102564,4,0,0,0,0.488,0.406666666666667,78,488,6.25641025641026,NA,NA,NA,NA,NA,NA,NA,NA,NA,NA,NA,NA,"G5"
"98","Western Kentucky","fbs","Conference USA",2019,4363077,"Kavaris Thomas",1,1,11,1,0.178037335794455,0.178037335794455,0.178037335794455,6,6,6,1,1,1,1,0,0,0,0,0,0,1,6,6,NA,NA,NA,NA,NA,NA,NA,NA,NA,NA,NA,NA,"G5"
"99","LSU","fbs","SEC",2019,3843469,"Derrick Dillon",1,1,12,1,2.2142457641705,2.2142457641705,2.2142457641705,7,7,7,1,1,1,1,1,0,0,0,0.00875,0.00875,1,7,7,NA,NA,NA,NA,NA,NA,NA,NA,NA,NA,NA,NA,"P5"
"99","LSU","fbs","SEC",2019,3915511,"Joe Burrow",392,12,12,32.6666666666667,205.544100355205,0.524347194783687,17.1286750296004,3992,10.1836734693878,332.666666666667,0.602040816326531,304,392,0.775510204081633,29,0,0,0,0.803944444444444,0.588252032520325,392,3992,10.1836734693878,1,1,6,1,1,2,4,3,2,4,2,2,"P5"
"99","LSU","fbs","SEC",2019,4036189,"Thaddeus Moss",1,1,12,1,1.99260508112586,1.99260508112586,1.99260508112586,8,8,8,1,1,1,1,1,0,0,0,0.01,0.01,1,8,8,NA,NA,NA,NA,NA,NA,NA,NA,NA,NA,NA,NA,"P5"
"99","LSU","fbs","SEC",2019,4242210,"Myles Brennan",27,6,12,4.5,0.695149061075133,0.0257462615213012,0.115858176845856,199,7.37037037037037,33.1666666666667,0.37037037037037,13,27,0.481481481481481,1,0,0,0,0.0414583333333333,0.0118452380952381,27,199,7.37037037037037,NA,NA,NA,NA,NA,NA,NA,NA,NA,NA,NA,NA,"P5"
"99","LSU","fbs","SEC",2019,4242214,"Clyde Edwards-Helaire",1,1,12,1,4.11888745199557,4.11888745199557,4.11888745199557,13,13,13,1,1,1,1,1,0,0,0,0.01625,0.01625,1,13,13,NA,NA,NA,NA,NA,NA,NA,NA,NA,NA,NA,NA,"P5"
"99","LSU","fbs","SEC",2019,4242231,"Racey McMath",1,1,12,1,1.35620744980189,1.35620744980189,1.35620744980189,6,6,6,1,1,1,1,1,0,0,0,0.0075,0.0075,1,6,6,NA,NA,NA,NA,NA,NA,NA,NA,NA,NA,NA,NA,"P5"
"99","LSU","fbs","SEC",2019,4262921,"Justin Jefferson",4,3,12,1.33333333333333,10.2439393678607,2.56098484196517,3.41464645595355,55,13.75,18.3333333333333,1,4,4,1,4,0,0,0,0.0366666666666667,0.0261904761904762,4,55,13.75,NA,NA,NA,NA,NA,NA,NA,NA,NA,NA,NA,NA,"P5"
"99","LSU","fbs","SEC",2019,4362628,"Ja'Marr Chase",6,4,12,1.5,21.2352842252426,3.53921403754044,5.30882105631066,221,36.8333333333333,55.25,1,6,6,1,6,0,0,0,0.118392857142857,0.082875,6,221,36.8333333333333,NA,NA,NA,NA,NA,NA,NA,NA,NA,NA,NA,NA,"P5"
"99","LSU","fbs","SEC",2019,4362630,"Terrace Marshall Jr.",3,2,12,1.5,7.61620506451223,2.53873502150408,3.80810253225611,40,13.3333333333333,20,1,3,3,1,3,0,0,0,0.0375,0.03,3,40,13.3333333333333,NA,NA,NA,NA,NA,NA,NA,NA,NA,NA,NA,NA,"P5"
