"team_id","pos_team","division","conference","season","player_id","receiver_player_name","plays","games","team_games","playsgame","TEPA","EPAplay","EPAgame","yards","yardsplay","yardsgame","success","comp","targets","catchpct","passing_td","fumbles","TEPA_rank","EPAgame_rank","EPAplay_rank","success_rank","catchpct_rank","yards_rank","yardsplay_rank","yardsgame_rank","fbs_class"
"103","Boston College","fbs","ACC",2024,4428050,"Kamari Morales",24,8,11,3,19.3708676762149,0.807119486508954,2.42135845952686,253,10.5416666666667,31.625,0.708333333333333,24,24,1,4,0,362,316,247,204,54,408,268,354.5,"P4"
"103","Boston College","fbs","ACC",2024,4428692,"Dino Tomlin",2,2,11,1,-0.0751542242570686,-0.0375771121285343,-0.0375771121285343,30,15,15,0,2,2,1,0,0,NA,NA,NA,NA,NA,NA,NA,NA,"P4"
"103","Boston College","fbs","ACC",2024,4428783,"Treshaun Ward",16,7,11,2.28571428571429,30.598607910163,1.91241299438519,4.37122970145186,249,15.5625,35.5714285714286,0.8125,15,16,0.9375,3,0,NA,NA,NA,NA,NA,NA,NA,NA,"P4"
"103","Boston College","fbs","ACC",2024,4565184,"Jerand Bradley",4,2,11,2,8.71228964298378,2.17807241074595,4.35614482149189,52,13,26,1,4,4,1,1,0,NA,NA,NA,NA,NA,NA,NA,NA,"P4"
"103","Boston College","fbs","ACC",2024,4683159,"Lewis Bond",58,11,11,5.27272727272727,36.2717192355458,0.625374469578376,3.29742902141325,504,8.68965517241379,45.8181818181818,0.586206896551724,55,58,0.948275862068966,2,1,188,220,341,386.5,168,166.5,393,196.5,"P4"
"103","Boston College","fbs","ACC",2024,4708354,"Jeremiah Franklin",21,10,11,2.1,33.8327960279727,1.61108552514156,3.38327960279727,250,11.9047619047619,25,0.952380952380952,21,21,1,3,0,206,210,16,4,54,411.5,163,427,"P4"
"103","Boston College","fbs","ACC",2024,4773919,"Thomas Castellanos",3,2,11,1.5,16.307206545551,5.43573551518368,8.15360327277552,133,44.3333333333333,66.5,1,3,3,1,3,0,NA,NA,NA,NA,NA,NA,NA,NA,"P4"
"103","Boston College","fbs","ACC",2024,4837385,"Jordan Mcdonald",4,2,11,2,-0.147128996900754,-0.0367822492251884,-0.0735644984503768,24,6,12,0.5,4,4,1,0,0,NA,NA,NA,NA,NA,NA,NA,NA,"P4"
"103","Boston College","fbs","ACC",2024,4871001,"Jaedn Skeete",18,5,11,3.6,21.7661738808195,1.20923188226775,4.3532347761639,189,10.5,37.8,0.777777777777778,18,18,1,1,0,NA,NA,NA,NA,NA,NA,NA,NA,"P4"
"103","Boston College","fbs","ACC",2024,4871708,"Luke McLaughlin",1,1,11,1,-1.04112685420731,-1.04112685420731,-1.04112685420731,5,5,5,0,1,1,1,0,0,NA,NA,NA,NA,NA,NA,NA,NA,"P4"
"103","Boston College","fbs","ACC",2024,4880638,"Kye Robichaux",5,5,11,1,0.418499295553128,0.0836998591106256,0.0836998591106256,22,4.4,4.4,0.4,5,5,1,1,0,NA,NA,NA,NA,NA,NA,NA,NA,"P4"
"103","Boston College","fbs","ACC",2024,4883774,"Jayden McGowan",3,1,11,3,-0.965788675080736,-0.321929558360245,-0.965788675080736,0,0,0,0.333333333333333,2,3,0.666666666666667,0,0,NA,NA,NA,NA,NA,NA,NA,NA,"P4"
"103","Boston College","fbs","ACC",2024,5031157,"Reed Harris",14,6,11,2.33333333333333,32.1776563815865,2.29840402725618,5.36294273026441,322,23,53.6666666666667,0.857142857142857,13,14,0.928571428571429,2,0,NA,NA,NA,NA,NA,NA,NA,NA,"P4"
"103","Boston College","fbs","ACC",2024,5222689,"John Montague",4,4,11,1,-1.83175373289194,-0.457938433222984,-0.457938433222984,18,4.5,4.5,0.25,4,4,1,0,0,NA,NA,NA,NA,NA,NA,NA,NA,"P4"
"113","Massachusetts","fbs","FBS Independents",2024,4362188,"Sterling Galban",19,9,10,2.11111111111111,8.94976439925069,0.47104023153951,0.99441826658341,167,8.78947368421053,18.5555555555556,0.736842105263158,19,19,1,0,0,455,448,410,149.5,54,473,390,470.5,"G6"
"113","Massachusetts","fbs","FBS Independents",2024,4427779,"Jaelyn Lay",2,2,10,1,1.65767731918521,0.828838659592607,0.828838659592607,17,8.5,8.5,1,2,2,1,0,0,NA,NA,NA,NA,NA,NA,NA,NA,"G6"
"113","Massachusetts","fbs","FBS Independents",2024,4427934,"Dominick Mazotti",15,7,10,2.14285714285714,10.6106905048271,0.707379366988475,1.51581292926102,135,9,19.2857142857143,0.8,15,15,1,0,0,NA,NA,NA,NA,NA,NA,NA,NA,"G6"
"113","Massachusetts","fbs","FBS Independents",2024,4433965,"Brandon Campbell",5,3,10,1.66666666666667,4.86276552124349,0.972553104248698,1.6209218404145,33,6.6,11,0.8,5,5,1,0,0,NA,NA,NA,NA,NA,NA,NA,NA,"G6"
"113","Massachusetts","fbs","FBS Independents",2024,4568237,"Matt Smith",3,1,10,3,2.64488427717414,0.881628092391379,2.64488427717414,38,12.6666666666667,38,0.666666666666667,3,3,1,0,0,NA,NA,NA,NA,NA,NA,NA,NA,"G6"
"113","Massachusetts","fbs","FBS Independents",2024,4697741,"Jalen John",16,6,10,2.66666666666667,4.70762422214688,0.29422651388418,0.784604037024481,119,7.4375,19.8333333333333,0.625,16,16,1,0,0,NA,NA,NA,NA,NA,NA,NA,NA,"G6"
"113","Massachusetts","fbs","FBS Independents",2024,4712328,"Anthony Simpson",3,2,10,1.5,1.2094307210183,0.403143573672768,0.604715360509152,16,5.33333333333333,8,0.666666666666667,3,3,1,0,0,NA,NA,NA,NA,NA,NA,NA,NA,"G6"
"113","Massachusetts","fbs","FBS Independents",2024,4826574,"Owen Anderson",1,1,10,1,3.05798192139773,3.05798192139773,3.05798192139773,11,11,11,1,1,1,1,0,0,NA,NA,NA,NA,NA,NA,NA,NA,"G6"
"113","Massachusetts","fbs","FBS Independents",2024,4898646,"Keshawn Brown",2,1,10,2,0.0356410615015859,0.0178205307507929,0.0356410615015859,15,7.5,15,0.5,2,2,1,0,0,NA,NA,NA,NA,NA,NA,NA,NA,"G6"
"113","Massachusetts","fbs","FBS Independents",2024,4900879,"Jacquon Gibson",19,7,10,2.71428571428571,15.7462301501901,0.828748955273161,2.24946145002715,201,10.5789473684211,28.7142857142857,0.578947368421053,18,19,0.947368421052632,0,0,402,339,234,397.5,171,449.5,265,389,"G6"
"113","Massachusetts","fbs","FBS Independents",2024,4909541,"Ty Harding",13,6,10,2.16666666666667,22.9550422667004,1.76577248205387,3.82584037778339,182,14,30.3333333333333,0.846153846153846,13,13,1,3,0,NA,NA,NA,NA,NA,NA,NA,NA,"G6"
"113","Massachusetts","fbs","FBS Independents",2024,4923282,"C.J. Hester",15,7,10,2.14285714285714,1.79274196564185,0.11951613104279,0.256105995091692,58,3.86666666666667,8.28571428571429,0.266666666666667,14,15,0.933333333333333,0,0,NA,NA,NA,NA,NA,NA,NA,NA,"G6"
"113","Massachusetts","fbs","FBS Independents",2024,5081898,"Cookie Desiderio",1,1,10,1,-3.32122831702666,-3.32122831702666,-3.32122831702666,2,2,2,0,1,1,1,0,1,NA,NA,NA,NA,NA,NA,NA,NA,"G6"
"113","Massachusetts","fbs","FBS Independents",2024,5146355,"AJ Hairston",3,1,10,3,10.3819842141444,3.46066140471479,10.3819842141444,49,16.3333333333333,49,1,3,3,1,3,0,NA,NA,NA,NA,NA,NA,NA,NA,"G6"
"113","Massachusetts","fbs","FBS Independents",2024,5178972,"Jakobie Keeney-James",42,10,10,4.2,71.7522823845135,1.70838767582175,7.17522823845136,713,16.9761904761905,71.3,0.928571428571429,41,42,0.976190476190476,4,0,25,17,8,6,114,61,16,47,"G6"
"12","Arizona","fbs","Big 12",2024,4575131,"Jacory Merritt",1,1,11,1,-0.916979769863235,-0.916979769863235,-0.916979769863235,0,0,0,0,0,1,0,0,0,NA,NA,NA,NA,NA,NA,NA,NA,"P4"
"12","Arizona","fbs","Big 12",2024,4608520,"Sam Olson",15,8,11,1.875,19.5699662131321,1.30466441420881,2.44624577664152,196,13.0666666666667,24.5,0.666666666666667,13,15,0.866666666666667,2,0,NA,NA,NA,NA,NA,NA,NA,NA,"P4"
"12","Arizona","fbs","Big 12",2024,4685289,"Keyan Burnett",16,5,11,3.2,18.7420007927271,1.17137504954544,3.74840015854542,195,12.1875,39,0.875,16,16,1,1,0,NA,NA,NA,NA,NA,NA,NA,NA,"P4"
"12","Arizona","fbs","Big 12",2024,4685445,"Rayshon Luke",5,3,11,1.66666666666667,1.78124178928383,0.356248357856767,0.593747263094611,50,10,16.6666666666667,0.6,5,5,1,0,0,NA,NA,NA,NA,NA,NA,NA,NA,"P4"
"12","Arizona","fbs","Big 12",2024,4685472,"Tetairoa Mcmillan",88,11,11,8,121.048769413519,1.3755541978809,11.0044335830472,1308,14.8636363636364,118.909090909091,0.795454545454545,82,88,0.931818181818182,8,1,1,2,37,75.5,198,1,50.5,2,"P4"
"12","Arizona","fbs","Big 12",2024,4686775,"Montana Lemonious-Craig",14,5,11,2.8,13.7265709927424,0.980469356624454,2.74531419854847,151,10.7857142857143,30.2,0.857142857142857,14,14,1,1,0,NA,NA,NA,NA,NA,NA,NA,NA,"P4"
"12","Arizona","fbs","Big 12",2024,4694583,"Quali Conley",34,11,11,3.09090909090909,2.34138526169955,0.0688642724029278,0.21285320560905,207,6.08823529411765,18.8181818181818,0.5,34,34,1,1,0,491,493,494,457,54,445,480,469,"P4"
"12","Arizona","fbs","Big 12",2024,4801717,"Noah Fifita",2,2,11,1,5.38061124778452,2.69030562389226,2.69030562389226,17,8.5,8.5,1,2,2,1,1,0,NA,NA,NA,NA,NA,NA,NA,NA,"P4"
"12","Arizona","fbs","Big 12",2024,4816108,"Tyler Powell",2,2,11,1,2.78359181099813,1.39179590549906,1.39179590549906,15,7.5,7.5,1,2,2,1,0,0,NA,NA,NA,NA,NA,NA,NA,NA,"P4"
"12","Arizona","fbs","Big 12",2024,4870994,"Malachi Riley",1,1,11,1,0.389819118433893,0.389819118433893,0.389819118433893,7,7,7,1,1,1,1,0,0,NA,NA,NA,NA,NA,NA,NA,NA,"P4"
"12","Arizona","fbs","Big 12",2024,4899361,"Kedrick Reescano",8,5,11,1.6,-0.980076291785045,-0.122509536473131,-0.196015258357009,47,5.875,9.4,0.5,8,8,1,0,0,NA,NA,NA,NA,NA,NA,NA,NA,"P4"
"12","Arizona","fbs","Big 12",2024,5093837,"Chris Hunter",38,10,11,3.8,25.6536913588827,0.675097141023229,2.56536913588827,320,8.42105263157895,32,0.710526315789474,34,38,0.894736842105263,2,0,276,303,323,201,278.5,326.5,409,347,"P4"
"12","Arizona","fbs","Big 12",2024,5150538,"Devin Hyatt",7,5,11,1.4,7.50092827974924,1.07156118282132,1.50018565594985,79,11.2857142857143,15.8,0.571428571428571,6,7,0.857142857142857,0,0,NA,NA,NA,NA,NA,NA,NA,NA,"P4"
"12","Arizona","fbs","Big 12",2024,5151976,"Reymello Murphy",2,1,11,2,2.38540144529071,1.19270072264536,2.38540144529071,38,19,38,1,2,2,1,0,0,NA,NA,NA,NA,NA,NA,NA,NA,"P4"
"12","Arizona","fbs","Big 12",2024,5219140,"Jeremiah Patterson",24,10,11,2.4,9.97555585514745,0.415648160631144,0.997555585514745,164,6.83333333333333,16.4,0.541666666666667,23,24,0.958333333333333,1,0,446,447,431,426.5,145,477,464,484,"P4"
"120","Maryland","fbs","Big Ten",2024,4431509,"Kaden Prather",54,11,11,4.90909090909091,38.8474030816882,0.719396353364596,3.53158209833529,552,10.2222222222222,50.1818181818182,0.685185185185185,49,54,0.907407407407407,3,0,163,198,296,236.5,246,130,287,159,"P4"
"120","Maryland","fbs","Big Ten",2024,4565185,"Tai Felton",91,11,11,8.27272727272727,74.6870738925389,0.820737075742186,6.78973399023081,969,10.6483516483516,88.0909090909091,0.67032967032967,82,91,0.901098901098901,8,0,18,22,242,254,268,10,260,17,"P4"
"120","Maryland","fbs","Big Ten",2024,4588200,"Colby McDonald",1,1,11,1,0.0798982698249684,0.0798982698249684,0.0798982698249684,6,6,6,1,1,1,1,0,0,NA,NA,NA,NA,NA,NA,NA,NA,"P4"
"120","Maryland","fbs","Big Ten",2024,4685393,"Preston Howard",22,8,11,2.75,1.97668215164664,0.0898491887112108,0.24708526895583,151,6.86363636363636,18.875,0.5,21,22,0.954545454545455,0,1,493,491,488,457,156.5,489,462.5,468,"P4"
"120","Maryland","fbs","Big Ten",2024,4685416,"Shaleak Knotts",10,6,11,1.66666666666667,5.73967576860188,0.573967576860188,0.956612628100313,130,13,21.6666666666667,0.4,9,10,0.9,0,0,NA,NA,NA,NA,NA,NA,NA,NA,"P4"
"120","Maryland","fbs","Big Ten",2024,4685488,"MJ Morris",2,1,11,2,6.55981145326635,3.27990572663317,6.55981145326635,23,11.5,23,1,2,2,1,2,0,NA,NA,NA,NA,NA,NA,NA,NA,"P4"
"120","Maryland","fbs","Big Ten",2024,4688835,"Roman Hemby",40,11,11,3.63636363636364,7.24748451927144,0.181187112981786,0.658862229024676,259,6.475,23.5454545454545,0.5,39,40,0.975,1,0,463,469,473,457,115,396.5,472,437,"P4"
"120","Maryland","fbs","Big Ten",2024,4832875,"Leon Haughton Jr.",2,2,11,1,0.192298528328127,0.0961492641640637,0.0961492641640637,11,5.5,5.5,0.5,2,2,1,0,0,NA,NA,NA,NA,NA,NA,NA,NA,"P4"
"120","Maryland","fbs","Big Ten",2024,4869520,"Octavian Smith Jr.",32,8,11,4,27.4956503445785,0.859239073268077,3.43695629307231,304,9.5,38,0.71875,28,32,0.875,2,0,258,203,217,179.5,317,351,347.5,279,"P4"
"120","Maryland","fbs","Big Ten",2024,4875107,"Robert Smith",1,1,11,1,1.62521855289752,1.62521855289752,1.62521855289752,8,8,8,1,1,1,1,0,0,NA,NA,NA,NA,NA,NA,NA,NA,"P4"
"120","Maryland","fbs","Big Ten",2024,4921316,"Nolan Ray",10,7,11,1.42857142857143,1.11655412725676,0.111655412725676,0.159507732465251,69,6.9,9.85714285714286,0.4,10,10,1,0,0,NA,NA,NA,NA,NA,NA,NA,NA,"P4"
"120","Maryland","fbs","Big Ten",2024,4922996,"Dylan Wade",30,10,11,3,19.9077032272077,0.663590107573591,1.99077032272077,337,11.2333333333333,33.7,0.633333333333333,28,30,0.933333333333333,2,0,354,367,325,321.5,195,306,220,327,"P4"
"120","Maryland","fbs","Big Ten",2024,4940236,"Ryan Manning",3,2,11,1.5,2.34705918170842,0.782353060569473,1.17352959085421,28,9.33333333333333,14,0.666666666666667,3,3,1,0,0,NA,NA,NA,NA,NA,NA,NA,NA,"P4"
"120","Maryland","fbs","Big Ten",2024,5078227,"Braeden Wisloski",5,3,11,1.66666666666667,6.95402795101336,1.39080559020267,2.31800931700445,75,15,25,1,5,5,1,0,0,NA,NA,NA,NA,NA,NA,NA,NA,"P4"
"120","Maryland","fbs","Big Ten",2024,5079650,"DeJuan Williams",1,1,11,1,-0.805281386697187,-0.805281386697187,-0.805281386697187,2,2,2,0,1,1,1,0,0,NA,NA,NA,NA,NA,NA,NA,NA,"P4"
"120","Maryland","fbs","Big Ten",2024,5121384,"Ezekiel Avit",1,1,11,1,0.709678040808351,0.709678040808351,0.709678040808351,13,13,13,1,1,1,1,0,0,NA,NA,NA,NA,NA,NA,NA,NA,"P4"
"120","Maryland","fbs","Big Ten",2024,5147685,"Josiah McLaurin",2,2,11,1,4.52653857440069,2.26326928720035,2.26326928720035,29,14.5,14.5,1,2,2,1,1,0,NA,NA,NA,NA,NA,NA,NA,NA,"P4"
"127","Michigan State","fbs","Big Ten",2024,4426530,"Kay'Ron Adams",14,7,11,2,-3.52733343115828,-0.251952387939877,-0.503904775879754,64,4.57142857142857,9.14285714285714,0.214285714285714,13,14,0.928571428571429,0,0,NA,NA,NA,NA,NA,NA,NA,NA,"P4"
"127","Michigan State","fbs","Big Ten",2024,4600597,"Montorie Foster",43,10,11,4.3,38.3498945853467,0.891858013612714,3.83498945853467,542,12.6046511627907,54.2,0.697674418604651,40,43,0.930232558139535,2,0,169,168,197,213,200,140,117,138.5,"P4"
"127","Michigan State","fbs","Big Ten",2024,4605477,"Alante Brown",3,3,11,1,2.22914691415926,0.743048971386419,0.743048971386419,20,6.66666666666667,6.66666666666667,0.666666666666667,2,3,0.666666666666667,0,0,NA,NA,NA,NA,NA,NA,NA,NA,"P4"
"127","Michigan State","fbs","Big Ten",2024,4685359,"Antonio Gates Jr.",1,1,11,1,0.164667660201846,0.164667660201846,0.164667660201846,7,7,7,1,1,1,1,0,0,NA,NA,NA,NA,NA,NA,NA,NA,"P4"
"127","Michigan State","fbs","Big Ten",2024,4816104,"Michael Masunas",3,2,11,1.5,2.16622422651372,0.722074742171241,1.08311211325686,32,10.6666666666667,16,0.666666666666667,3,3,1,0,0,NA,NA,NA,NA,NA,NA,NA,NA,"P4"
"127","Michigan State","fbs","Big Ten",2024,4832827,"Jack Velling",39,11,11,3.54545454545455,24.0123439059487,0.615701125793556,2.18294035508625,369,9.46153846153846,33.5454545454545,0.743589743589744,34,39,0.871794871794872,1,1,300,349,345,134.5,320,263,350,328,"P4"
"127","Michigan State","fbs","Big Ten",2024,4869252,"Jaron Glover",15,6,11,2.5,22.4385816821972,1.49590544547981,3.73976361369953,192,12.8,32,0.733333333333333,15,15,1,2,1,NA,NA,NA,NA,NA,NA,NA,NA,"P4"
"127","Michigan State","fbs","Big Ten",2024,4879044,"Ademola Faleye",2,2,11,1,0.740590630834606,0.370295315417303,0.370295315417303,18,9,9,0.5,2,2,1,0,0,NA,NA,NA,NA,NA,NA,NA,NA,"P4"
"127","Michigan State","fbs","Big Ten",2024,4894451,"Brennan Parachek",7,5,11,1.4,1.89828481588404,0.271183545126292,0.379656963176809,51,7.28571428571429,10.2,0.571428571428571,7,7,1,0,0,NA,NA,NA,NA,NA,NA,NA,NA,"P4"
"127","Michigan State","fbs","Big Ten",2024,5075805,"Aidan Chiles",2,1,11,2,5.87249783831687,2.93624891915843,5.87249783831687,27,13.5,27,1,2,2,1,2,0,NA,NA,NA,NA,NA,NA,NA,NA,"P4"
"127","Michigan State","fbs","Big Ten",2024,5079600,"Nick Marsh",44,10,11,4.4,45.3705746039011,1.03114942281593,4.53705746039011,602,13.6818181818182,60.2,0.681818181818182,38,44,0.863636363636364,3,0,117,119,131,241.5,348,109.5,82,101,"P4"
"127","Michigan State","fbs","Big Ten",2024,5084286,"Makhi Frazier",1,1,11,1,-1.62375193042235,-1.62375193042235,-1.62375193042235,12,12,12,0,1,1,1,0,0,NA,NA,NA,NA,NA,NA,NA,NA,"P4"
"127","Michigan State","fbs","Big Ten",2024,5120971,"Aziah Johnson",15,6,11,2.5,21.1552323960956,1.41034882640637,3.52587206601593,226,15.0666666666667,37.6666666666667,0.866666666666667,14,15,0.933333333333333,1,0,NA,NA,NA,NA,NA,NA,NA,NA,"P4"
"127","Michigan State","fbs","Big Ten",2024,5121782,"Jaelen Smith",1,1,11,1,0.636312526727169,0.636312526727169,0.636312526727169,16,16,16,1,1,1,1,0,0,NA,NA,NA,NA,NA,NA,NA,NA,"P4"
"130","Michigan","fbs","Big Ten",2024,4429121,"Kalel Mullings",7,4,12,1.75,0.816062485657619,0.116580355093946,0.204015621414405,35,5,8.75,0.428571428571429,6,7,0.857142857142857,0,0,NA,NA,NA,NA,NA,NA,NA,NA,"P4"
"130","Michigan","fbs","Big Ten",2024,4431536,"Donovan Edwards",21,10,12,2.1,-1.75810597749461,-0.0837193322616483,-0.175810597749461,110,5.23809523809524,11,0.380952380952381,19,21,0.904761904761905,2,0,NA,NA,NA,NA,NA,NA,NA,NA,"P4"
"130","Michigan","fbs","Big Ten",2024,4572873,"C.J. Charleston",1,1,12,1,1.63542029886768,1.63542029886768,1.63542029886768,22,22,22,1,1,1,1,0,0,NA,NA,NA,NA,NA,NA,NA,NA,"P4"
"130","Michigan","fbs","Big Ten",2024,4685464,"Tyler Morris",27,9,12,3,19.5175745213605,0.72287313042076,2.16861939126228,243,9,27,0.592592592592593,22,27,0.814814814814815,1,0,360,352,293,378,416,415,376,409.5,"P4"
"130","Michigan","fbs","Big Ten",2024,4685495,"Alex Orji",1,1,12,1,2.46597117357376,2.46597117357376,2.46597117357376,11,11,11,1,1,1,1,1,0,NA,NA,NA,NA,NA,NA,NA,NA,"P4"
"130","Michigan","fbs","Big Ten",2024,4695705,"Marlin Klein",13,8,12,1.625,6.20231285044736,0.477100988495951,0.77528910630592,101,7.76923076923077,12.625,0.692307692307692,12,13,0.923076923076923,0,0,NA,NA,NA,NA,NA,NA,NA,NA,"P4"
"130","Michigan","fbs","Big Ten",2024,4702755,"Amorion Walker",3,2,12,1.5,3.71169724555246,1.23723241518415,1.85584862277623,34,11.3333333333333,17,0.666666666666667,3,3,1,0,0,NA,NA,NA,NA,NA,NA,NA,NA,"P4"
"130","Michigan","fbs","Big Ten",2024,4723086,"Colston Loveland",55,10,12,5.5,55.2907854564294,1.00528700829872,5.52907854564294,553,10.0545454545455,55.3,0.8,54,55,0.981818181818182,4,1,71,65,142,71.5,110,129,301,133,"P4"
"130","Michigan","fbs","Big Ten",2024,4878686,"Peyton O'Leary",10,6,12,1.66666666666667,5.51583903516323,0.551583903516323,0.919306505860539,95,9.5,15.8333333333333,0.7,9,10,0.9,1,0,NA,NA,NA,NA,NA,NA,NA,NA,"P4"
"130","Michigan","fbs","Big Ten",2024,4878695,"Max Bredeson",3,2,12,1.5,2.17602426369261,0.725341421230869,1.0880121318463,24,8,12,0.666666666666667,3,3,1,0,0,NA,NA,NA,NA,NA,NA,NA,NA,"P4"
"130","Michigan","fbs","Big Ten",2024,4899366,"Semaj Morgan",23,9,12,2.55555555555556,9.61826572279562,0.418185466208505,1.06869619142174,134,5.82608695652174,14.8888888888889,0.478260869565217,23,23,1,1,0,448,445,430,468,54,497,486.5,496,"P4"
"130","Michigan","fbs","Big Ten",2024,4905609,"Fredrick Moore",9,6,12,1.5,5.36523157469823,0.596136841633137,0.894205262449705,91,10.1111111111111,15.1666666666667,0.666666666666667,8,9,0.888888888888889,0,0,NA,NA,NA,NA,NA,NA,NA,NA,"P4"
"130","Michigan","fbs","Big Ten",2024,5008017,"Benjamin Hall",3,2,12,1.5,-1.17160609599039,-0.39053536533013,-0.585803047995194,12,4,6,0.333333333333333,3,3,1,0,0,NA,NA,NA,NA,NA,NA,NA,NA,"P4"
"130","Michigan","fbs","Big Ten",2024,5079494,"Hogan Hansen",7,3,12,2.33333333333333,3.65366328360872,0.521951897658389,1.21788776120291,68,9.71428571428571,22.6666666666667,0.571428571428571,6,7,0.857142857142857,1,0,NA,NA,NA,NA,NA,NA,NA,NA,"P4"
"130","Michigan","fbs","Big Ten",2024,5079546,"Micah Ka'Apana",1,1,12,1,-0.541040210908416,-0.541040210908416,-0.541040210908416,4,4,4,0,1,1,1,0,0,NA,NA,NA,NA,NA,NA,NA,NA,"P4"
"130","Michigan","fbs","Big Ten",2024,5108220,"Kendrick Bell",8,6,12,1.33333333333333,5.57899685787629,0.697374607234537,0.929832809646049,70,8.75,11.6666666666667,0.75,7,8,0.875,0,0,NA,NA,NA,NA,NA,NA,NA,NA,"P4"
"135","Minnesota","fbs","Big Ten",2024,4426484,"Marcus Major",17,9,11,1.88888888888889,2.70274830098806,0.158985194175768,0.300305366776451,107,6.29411764705882,11.8888888888889,0.352941176470588,16,17,0.941176470588235,1,0,NA,NA,NA,NA,NA,NA,NA,NA,"P4"
"135","Minnesota","fbs","Big Ten",2024,4430875,"Daniel Jackson",68,11,11,6.18181818181818,48.4140961805624,0.711972002655329,4.40128147096022,805,11.8382352941176,73.1818181818182,0.779411764705882,68,68,1,2,1,100,125,303,88,54,30,172,40,"P4"
"135","Minnesota","fbs","Big Ten",2024,4569547,"Nick Kallerup",7,5,11,1.4,7.9136367899846,1.13051954142637,1.58272735799692,97,13.8571428571429,19.4,0.857142857142857,6,7,0.857142857142857,0,0,NA,NA,NA,NA,NA,NA,NA,NA,"P4"
"135","Minnesota","fbs","Big Ten",2024,4572267,"Elijah Spencer",42,11,11,3.81818181818182,44.1541387588639,1.05128901806819,4.01401261444217,517,12.3095238095238,47,0.80952380952381,40,42,0.952380952380952,2,0,126,153,120,63.5,162,156.5,136,187.5,"P4"
"135","Minnesota","fbs","Big Ten",2024,4573398,"Max Brosmer",4,2,11,2,11.2774730105503,2.81936825263758,5.63873650527516,48,12,24,1,4,4,1,4,0,NA,NA,NA,NA,NA,NA,NA,NA,"P4"
"135","Minnesota","fbs","Big Ten",2024,4588298,"Jameson Geers",22,10,11,2.2,12.1173335940757,0.550787890639805,1.21173335940757,221,10.0454545454545,22.1,0.727272727272727,22,22,1,4,1,430,437,384,162.5,54,433,303,448.5,"P4"
"135","Minnesota","fbs","Big Ten",2024,4596010,"Lemeke Brockington",15,10,11,1.5,14.0347076274378,0.935647175162521,1.40347076274378,189,12.6,18.9,0.8,15,15,1,0,1,NA,NA,NA,NA,NA,NA,NA,NA,"P4"
"135","Minnesota","fbs","Big Ten",2024,4685342,"Cristian Driver",5,5,11,1,1.00674595625912,0.201349191251824,0.201349191251824,23,4.6,4.6,0.4,5,5,1,0,0,NA,NA,NA,NA,NA,NA,NA,NA,"P4"
"135","Minnesota","fbs","Big Ten",2024,4875385,"Jordan Nubin",2,1,11,2,2.43628483811718,1.21814241905859,2.43628483811718,20,10,20,0.5,2,2,1,0,0,NA,NA,NA,NA,NA,NA,NA,NA,"P4"
"135","Minnesota","fbs","Big Ten",2024,4920901,"Darius Taylor",46,10,11,4.6,15.0012252749864,0.326113592934487,1.50012252749864,268,5.82608695652174,26.8,0.521739130434783,46,46,1,2,1,407,419,450,439.5,54,386,486.5,412,"P4"
"135","Minnesota","fbs","Big Ten",2024,5081380,"Frank Bierman",1,1,11,1,0.799712354584486,0.799712354584486,0.799712354584486,13,13,13,1,1,1,1,0,0,NA,NA,NA,NA,NA,NA,NA,NA,"P4"
"135","Minnesota","fbs","Big Ten",2024,5146754,"Jacob Simpson",1,1,11,1,-0.194047711336992,-0.194047711336992,-0.194047711336992,4,4,4,0,1,1,1,0,0,NA,NA,NA,NA,NA,NA,NA,NA,"P4"
"142","Missouri","fbs","SEC",2024,4426535,"Theo Wease",64,11,11,5.81818181818182,59.3850042550473,0.927890691485114,5.39863675045884,779,12.171875,70.8181818181818,0.734375,52,64,0.8125,3,0,54,73,181,153,419,35,145,48,"P4"
"142","Missouri","fbs","SEC",2024,4428580,"Tyler Stephens",2,2,11,1,-1.48423661419886,-0.742118307099429,-0.742118307099429,5,2.5,2.5,0,2,2,1,0,0,NA,NA,NA,NA,NA,NA,NA,NA,"P4"
"142","Missouri","fbs","SEC",2024,4429435,"Brady Cook",1,1,11,1,4.44097698775102,4.44097698775102,4.44097698775102,19,19,19,1,1,1,1,1,0,NA,NA,NA,NA,NA,NA,NA,NA,"P4"
"142","Missouri","fbs","SEC",2024,4430828,"Mookie Cooper",16,6,11,2.66666666666667,10.7629738997861,0.67268586873663,1.79382898329768,186,11.625,31,0.5,11,16,0.6875,0,0,NA,NA,NA,NA,NA,NA,NA,NA,"P4"
"142","Missouri","fbs","SEC",2024,4576318,"Marcus Carroll",7,5,11,1.4,1.49545780349647,0.213636829070924,0.299091560699294,47,6.71428571428571,9.4,0.714285714285714,7,7,1,0,0,NA,NA,NA,NA,NA,NA,NA,NA,"P4"
"142","Missouri","fbs","SEC",2024,4613032,"Nate Noel",12,5,11,2.4,-2.17261811381275,-0.181051509484396,-0.43452362276255,24,2,4.8,0.333333333333333,11,12,0.916666666666667,0,0,NA,NA,NA,NA,NA,NA,NA,NA,"P4"
"142","Missouri","fbs","SEC",2024,4685278,"Luther Burden III",58,11,11,5.27272727272727,34.3758722215593,0.59268745209585,3.12507929286902,583,10.051724137931,53,0.551724137931034,55,58,0.948275862068966,3,1,199,235,357,417,168,117,302,147,"P4"
"142","Missouri","fbs","SEC",2024,4712886,"Mekhi Miller",2,2,11,1,1.03991003508468,0.519955017542338,0.519955017542338,17,8.5,8.5,1,2,2,1,0,0,NA,NA,NA,NA,NA,NA,NA,NA,"P4"
"142","Missouri","fbs","SEC",2024,4870869,"Brett Norfleet",24,9,11,2.66666666666667,14.2867715005417,0.595282145855903,1.58741905561574,268,11.1666666666667,29.7777777777778,0.666666666666667,23,24,0.958333333333333,2,0,416,413,355,264.5,145,386,230,379,"P4"
"142","Missouri","fbs","SEC",2024,4921113,"Joshua Manning",12,8,11,1.5,8.1899964464277,0.682499703868975,1.02374955580346,171,14.25,21.375,0.666666666666667,10,12,0.833333333333333,1,0,NA,NA,NA,NA,NA,NA,NA,NA,"P4"
"142","Missouri","fbs","SEC",2024,4921116,"Jamal Roberts",4,4,11,1,-2.94838927138389,-0.737097317845972,-0.737097317845972,9,2.25,2.25,0.25,4,4,1,0,0,NA,NA,NA,NA,NA,NA,NA,NA,"P4"
"142","Missouri","fbs","SEC",2024,5076106,"Marquis Johnson",16,9,11,1.77777777777778,8.27175054792738,0.516984409245461,0.919083394214153,189,11.8125,21,0.625,14,16,0.875,0,0,NA,NA,NA,NA,NA,NA,NA,NA,"P4"
"142","Missouri","fbs","SEC",2024,5086388,"Kewan Lacy",2,2,11,1,0.382581437860598,0.191290718930299,0.191290718930299,9,4.5,4.5,0.5,2,2,1,0,0,NA,NA,NA,NA,NA,NA,NA,NA,"P4"
"142","Missouri","fbs","SEC",2024,5119307,"Daniel Blood",1,1,11,1,-0.717997911472285,-0.717997911472285,-0.717997911472285,1,1,1,0,1,1,1,0,0,NA,NA,NA,NA,NA,NA,NA,NA,"P4"
"142","Missouri","fbs","SEC",2024,5121468,"Jordon Harris",4,3,11,1.33333333333333,1.17208862208765,0.293022155521912,0.39069620736255,34,8.5,11.3333333333333,0.5,4,4,1,0,0,NA,NA,NA,NA,NA,NA,NA,NA,"P4"
"145","Ole Miss","fbs","SEC",2024,4426689,"Ulysses Bentley IV",7,3,11,2.33333333333333,0.878732893846936,0.125533270549562,0.292910964615645,50,7.14285714285714,16.6666666666667,0.571428571428571,6,7,0.857142857142857,0,0,NA,NA,NA,NA,NA,NA,NA,NA,"P4"
"145","Ole Miss","fbs","SEC",2024,4431310,"Henry Parrish Jr.",16,6,11,2.66666666666667,-4.32924276760409,-0.270577672975256,-0.721540461267349,70,4.375,11.6666666666667,0.4375,14,16,0.875,0,1,NA,NA,NA,NA,NA,NA,NA,NA,"P4"
"145","Ole Miss","fbs","SEC",2024,4431466,"Jordan Watkins",58,11,11,5.27272727272727,47.8928515559651,0.825738819930433,4.35389559599683,726,12.5172413793103,66,0.586206896551724,42,58,0.724137931034483,7,0,102,129,238,386.5,479,56,121,68,"P4"
"145","Ole Miss","fbs","SEC",2024,4686612,"Tre Harris",61,7,11,8.71428571428571,41.6637736792385,0.683012683266205,5.95196766846264,836,13.7049180327869,119.428571428571,0.639344262295082,52,61,0.852459016393443,4,2,148,48,319,306.5,367,24.5,81,1,"P4"
"145","Ole Miss","fbs","SEC",2024,4687509,"Caden Prieskorn",23,10,11,2.3,24.0912712640053,1.04744657669588,2.40912712640053,279,12.1304347826087,27.9,0.739130434782609,20,23,0.869565217391304,1,0,298,318,123,145.5,329.5,375,151,400,"P4"
"145","Ole Miss","fbs","SEC",2024,4689114,"Jaxson Dart",3,3,11,1,13.6635176194136,4.55450587313788,4.55450587313788,77,25.6666666666667,25.6666666666667,1,3,3,1,3,0,NA,NA,NA,NA,NA,NA,NA,NA,"P4"
"145","Ole Miss","fbs","SEC",2024,4693817,"Micah Davis",10,4,11,2.5,9.84490816758236,0.984490816758236,2.46122704189559,114,11.4,28.5,0.8,10,10,1,0,0,NA,NA,NA,NA,NA,NA,NA,NA,"P4"
"145","Ole Miss","fbs","SEC",2024,4696062,"Antwane Wells Jr.",30,9,11,3.33333333333333,19.8869288191634,0.662897627305447,2.20965875768482,441,14.7,49,0.6,24,30,0.8,3,1,355,344,326,370,434.5,210,56,168.5,"P4"
"145","Ole Miss","fbs","SEC",2024,4838696,"Dae'Quan Wright",28,7,11,4,14.860720685946,0.53074002449807,2.12296009799228,273,9.75,39,0.642857142857143,21,28,0.75,2,0,408,358,392,297,470.5,379.5,330.5,262,"P4"
"145","Ole Miss","fbs","SEC",2024,4870858,"Cayden Lee",51,11,11,4.63636363636364,55.8211472689321,1.09453229939083,5.0746497517211,739,14.4901960784314,67.1818181818182,0.764705882352941,45,51,0.882352941176471,1,0,67,82,107,102.5,301.5,50.5,61,60.5,"P4"
"145","Ole Miss","fbs","SEC",2024,4871088,"Ayden Williams",1,1,11,1,0.218544934144751,0.218544934144751,0.218544934144751,13,13,13,1,1,1,1,0,0,NA,NA,NA,NA,NA,NA,NA,NA,"P4"
"145","Ole Miss","fbs","SEC",2024,4875065,"Matt Jones",3,3,11,1,0.171676501129492,0.0572255003764974,0.0572255003764974,13,4.33333333333333,4.33333333333333,0.333333333333333,3,3,1,0,0,NA,NA,NA,NA,NA,NA,NA,NA,"P4"
"145","Ole Miss","fbs","SEC",2024,5081179,"Drew Burnett",1,1,11,1,0.588045100421808,0.588045100421808,0.588045100421808,12,12,12,1,1,1,1,0,0,NA,NA,NA,NA,NA,NA,NA,NA,"P4"
"145","Ole Miss","fbs","SEC",2024,5081436,"Domonique Thomas",1,1,11,1,-1.69169599453381,-1.69169599453381,-1.69169599453381,0,0,0,0,0,1,0,0,0,NA,NA,NA,NA,NA,NA,NA,NA,"P4"
"145","Ole Miss","fbs","SEC",2024,5150436,"Wyatt Smalley",1,1,11,1,1.03674960712096,1.03674960712096,1.03674960712096,8,8,8,1,1,1,1,0,0,NA,NA,NA,NA,NA,NA,NA,NA,"P4"
"150","Duke","fbs","ACC",2024,3949586,"Jake Taylor",8,4,11,2,-0.18485547659899,-0.0231069345748737,-0.0462138691497475,55,6.875,13.75,0.5,7,8,0.875,0,0,NA,NA,NA,NA,NA,NA,NA,NA,"P4"
"150","Duke","fbs","ACC",2024,4429470,"Nicky Dalmolin",11,5,11,2.2,15.019972751752,1.36545206834109,3.0039945503504,166,15.0909090909091,33.2,0.818181818181818,11,11,1,2,0,NA,NA,NA,NA,NA,NA,NA,NA,"P4"
"150","Duke","fbs","ACC",2024,4429757,"Javon Harvey",9,6,11,1.5,5.53223623116326,0.614692914573695,0.922039371860543,73,8.11111111111111,12.1666666666667,0.666666666666667,9,9,1,0,0,NA,NA,NA,NA,NA,NA,NA,NA,"P4"
"150","Duke","fbs","ACC",2024,4430288,"Eli Pancol",51,11,11,4.63636363636364,48.6186506270759,0.953306875040704,4.41987732973417,632,12.3921568627451,57.4545454545455,0.686274509803922,46,51,0.901960784313726,6,1,98,124,166,233,265,97,128,117,"P4"
"150","Duke","fbs","ACC",2024,4433880,"Jontavis Robertson",7,4,11,1.75,1.97628580037072,0.282326542910104,0.494071450092681,44,6.28571428571429,11,0.428571428571429,7,7,1,0,0,NA,NA,NA,NA,NA,NA,NA,NA,"P4"
"150","Duke","fbs","ACC",2024,4594444,"Jordan Moore",48,11,11,4.36363636363636,63.6892556493289,1.32685949269435,5.78993233175717,639,13.3125,58.0909090909091,0.6875,41,48,0.854166666666667,6,0,41,52,45,231,364,90,92,114,"P4"
"150","Duke","fbs","ACC",2024,4612246,"Sahmir Hagans",43,11,11,3.90909090909091,22.4196190343742,0.521386489171492,2.03814718494311,342,7.95348837209302,31.0909090909091,0.488372093023256,37,43,0.86046511627907,3,2,330,364,395,464,354,299.5,428,365,"P4"
"150","Duke","fbs","ACC",2024,4708487,"Jaquez Moore",1,1,11,1,-2.16286528728606,-2.16286528728606,-2.16286528728606,3,3,3,0,1,1,1,0,1,NA,NA,NA,NA,NA,NA,NA,NA,"P4"
"150","Duke","fbs","ACC",2024,4869728,"Jeremiah Hasley",1,1,11,1,-0.441512415346694,-0.441512415346694,-0.441512415346694,3,3,3,0,1,1,1,0,0,NA,NA,NA,NA,NA,NA,NA,NA,"P4"
"150","Duke","fbs","ACC",2024,4923298,"Peyton Jones",6,3,11,2,7.66896679000333,1.27816113166722,2.55632226333445,78,13,26,0.666666666666667,6,6,1,1,0,NA,NA,NA,NA,NA,NA,NA,NA,"P4"
"150","Duke","fbs","ACC",2024,5078011,"Quran Boyd",1,1,11,1,-0.508222907755021,-0.508222907755021,-0.508222907755021,1,1,1,0,1,1,1,0,0,NA,NA,NA,NA,NA,NA,NA,NA,"P4"
"150","Duke","fbs","ACC",2024,5084179,"Star Thomas",19,7,11,2.71428571428571,4.49258071872988,0.236451616775257,0.64179724553284,142,7.47368421052632,20.2857142857143,0.526315789473684,19,19,1,1,0,NA,NA,NA,NA,NA,NA,NA,NA,"P4"
"150","Duke","fbs","ACC",2024,5147203,"Chase Tyler",1,1,11,1,-1.10841798130586,-1.10841798130586,-1.10841798130586,1,1,1,0,1,1,1,0,0,NA,NA,NA,NA,NA,NA,NA,NA,"P4"
"150","Duke","fbs","ACC",2024,5218787,"Que'Sean Brown",41,10,11,4.1,22.8022162966769,0.55615161699212,2.28022162966769,403,9.82926829268293,40.3,0.658536585365854,36,41,0.878048780487805,2,0,322,331,380,279,312.5,231.5,322,255,"P4"
"151","East Carolina","fbs","American Athletic",2024,4427694,"Casey Kelly",11,5,10,2.2,3.75773415883521,0.341612196257746,0.751546831767042,86,7.81818181818182,17.2,0.545454545454545,11,11,1,0,0,NA,NA,NA,NA,NA,NA,NA,NA,"G6"
"151","East Carolina","fbs","American Athletic",2024,4431368,"Tyler Savage",10,7,10,1.42857142857143,14.115945531327,1.4115945531327,2.01656364733242,129,12.9,18.4285714285714,0.9,9,10,0.9,0,0,NA,NA,NA,NA,NA,NA,NA,NA,"G6"
"151","East Carolina","fbs","American Athletic",2024,4569452,"Winston Wright",46,9,10,5.11111111111111,31.7247957819564,0.689669473520791,3.52497730910627,507,11.0217391304348,56.3333333333333,0.608695652173913,46,46,1,7,1,221,199,315,361.5,54,163,240,124,"G6"
"151","East Carolina","fbs","American Athletic",2024,4590347,"Rahjai Harris",14,8,10,1.75,2.70090136764524,0.192921526260374,0.337612670955655,87,6.21428571428571,10.875,0.571428571428571,13,14,0.928571428571429,0,0,NA,NA,NA,NA,NA,NA,NA,NA,"G6"
"151","East Carolina","fbs","American Athletic",2024,4604008,"Kelan Robinson",1,1,10,1,1.08962014094013,1.08962014094013,1.08962014094013,9,9,9,1,1,1,1,0,0,NA,NA,NA,NA,NA,NA,NA,NA,"G6"
"151","East Carolina","fbs","American Athletic",2024,4685110,"Anthony Smith",37,9,10,4.11111111111111,40.583452994287,1.09685008092668,4.50927255492078,674,18.2162162162162,74.8888888888889,0.756756756756757,32,37,0.864864864864865,5,1,156,120,104,111.5,343,74,10,35,"G6"
"151","East Carolina","fbs","American Athletic",2024,4690351,"Kerry King",1,1,10,1,1.03867995028343,1.03867995028343,1.03867995028343,20,20,20,1,1,1,1,0,0,NA,NA,NA,NA,NA,NA,NA,NA,"G6"
"151","East Carolina","fbs","American Athletic",2024,4710009,"Michael Edwards III",1,1,10,1,0.633667196294234,0.633667196294234,0.633667196294234,6,6,6,1,1,1,1,0,0,NA,NA,NA,NA,NA,NA,NA,NA,"G6"
"151","East Carolina","fbs","American Athletic",2024,4794107,"Marlon Gunn",2,2,10,1,3.40519061486726,1.70259530743363,1.70259530743363,34,17,17,0.5,2,2,1,0,0,NA,NA,NA,NA,NA,NA,NA,NA,"G6"
"151","East Carolina","fbs","American Athletic",2024,4795295,"Katin Houser",2,2,10,1,7.43784345897442,3.71892172948721,3.71892172948721,28,14,14,1,2,2,1,2,0,NA,NA,NA,NA,NA,NA,NA,NA,"G6"
"151","East Carolina","fbs","American Athletic",2024,4869340,"Brock Spalding",1,1,10,1,4.11733476353896,4.11733476353896,4.11733476353896,25,25,25,1,1,1,1,0,0,NA,NA,NA,NA,NA,NA,NA,NA,"G6"
"151","East Carolina","fbs","American Athletic",2024,4872836,"Jhari Patterson",21,9,10,2.33333333333333,14.3509270385873,0.683377478027966,1.59454744873192,185,8.80952380952381,20.5555555555556,0.571428571428571,21,21,1,1,0,415,412,318,403,54,459,387,461,"G6"
"151","East Carolina","fbs","American Athletic",2024,4912067,"Chase Sowell",32,8,10,4,45.2277879935005,1.41336837479689,5.65347349918757,596,18.625,74.5,0.71875,30,32,0.9375,3,1,120,63,34,179.5,187,113,7,38,"G6"
"151","East Carolina","fbs","American Athletic",2024,4941012,"London Montgomery",4,4,10,1,-0.404069163661998,-0.101017290915499,-0.101017290915499,23,5.75,5.75,0.5,4,4,1,0,0,NA,NA,NA,NA,NA,NA,NA,NA,"G6"
"151","East Carolina","fbs","American Athletic",2024,5041960,"Jayvontay Conner",1,1,10,1,1.57923325393543,1.57923325393543,1.57923325393543,2,2,2,1,1,1,1,1,0,NA,NA,NA,NA,NA,NA,NA,NA,"G6"
"151","East Carolina","fbs","American Athletic",2024,5155519,"Yannick Smith",19,6,10,3.16666666666667,21.3642742676667,1.12443548777193,3.56071237794445,313,16.4736842105263,52.1666666666667,0.736842105263158,17,19,0.894736842105263,2,0,336,197,94,149.5,278.5,336.5,22,152,"G6"
"151","East Carolina","fbs","American Athletic",2024,5160086,"Desirrio Riles",4,4,10,1,-0.805869657739333,-0.201467414434833,-0.201467414434833,14,3.5,3.5,0.5,4,4,1,0,0,NA,NA,NA,NA,NA,NA,NA,NA,"G6"
"152","NC State","fbs","ACC",2024,4428803,"Jordan Waters",13,6,11,2.16666666666667,8.94904669281721,0.688388207139786,1.4915077821362,145,11.1538461538462,24.1666666666667,0.846153846153846,12,13,0.923076923076923,0,0,NA,NA,NA,NA,NA,NA,NA,NA,"P4"
"152","NC State","fbs","ACC",2024,4431209,"Dacari Collins",23,9,11,2.55555555555556,24.4394780902747,1.06258600392499,2.71549756558608,285,12.3913043478261,31.6666666666667,0.782608695652174,20,23,0.869565217391304,1,0,296,289,114,85,329.5,370,129,351,"P4"
"152","NC State","fbs","ACC",2024,4568316,"DeMarcus Jones II",1,1,11,1,0.677231063022708,0.677231063022708,0.677231063022708,14,14,14,1,1,1,1,0,0,NA,NA,NA,NA,NA,NA,NA,NA,"P4"
"152","NC State","fbs","ACC",2024,4602981,"Jakolbe Baldwin",1,1,11,1,-0.351718297474294,-0.351718297474294,-0.351718297474294,-1,-1,-1,0,1,1,1,0,0,NA,NA,NA,NA,NA,NA,NA,NA,"P4"
"152","NC State","fbs","ACC",2024,4870653,"Kevin Concepcion",54,11,11,4.90909090909091,10.7473390284479,0.19902479682311,0.977030820767994,335,6.2037037037037,30.4545454545455,0.5,43,54,0.796296296296296,2,2,439,449,471,457,437,307.5,477,370,"P4"
"152","NC State","fbs","ACC",2024,4870929,"Noah Rogers",31,11,11,2.81818181818182,10.6546077102635,0.343697022911726,0.968600700933045,309,9.96774193548387,28.0909090909091,0.645161290322581,27,31,0.870967741935484,0,2,441,450,446,294.5,323,341.5,311,398,"P4"
"152","NC State","fbs","ACC",2024,4871053,"Daylan Smothers",19,6,11,3.16666666666667,9.57227244189053,0.503803812731081,1.59537874031509,221,11.6315789473684,36.8333333333333,0.421052631578947,17,19,0.894736842105263,1,0,NA,NA,NA,NA,NA,NA,NA,NA,"P4"
"152","NC State","fbs","ACC",2024,4875128,"Lex Thomas",1,1,11,1,5.93818990036162,5.93818990036162,5.93818990036162,40,40,40,1,1,1,1,1,0,NA,NA,NA,NA,NA,NA,NA,NA,"P4"
"152","NC State","fbs","ACC",2024,4888723,"Wesley Grimes",19,8,11,2.375,22.3945552100931,1.17866080053122,2.79931940126164,251,13.2105263157895,31.375,0.842105263157895,18,19,0.947368421052632,1,0,NA,NA,NA,NA,NA,NA,NA,NA,"P4"
"152","NC State","fbs","ACC",2024,4899368,"Kendrick Raphael",8,5,11,1.6,-0.992862915044415,-0.124107864380552,-0.198572583008883,42,5.25,8.4,0.5,8,8,1,0,0,NA,NA,NA,NA,NA,NA,NA,NA,"P4"
"152","NC State","fbs","ACC",2024,4912052,"Justin Joly",37,11,11,3.36363636363636,43.0527165984076,1.1635869350921,3.91388332712797,517,13.972972972973,47,0.72972972972973,33,37,0.891891891891892,2,0,133,157,84,158,284,156.5,70,187.5,"P4"
"152","NC State","fbs","ACC",2024,5079301,"CJ Bailey",5,4,11,1.25,13.952332866846,2.79046657336919,3.48808321671149,91,18.2,22.75,0.8,5,5,1,4,0,NA,NA,NA,NA,NA,NA,NA,NA,"P4"
"152","NC State","fbs","ACC",2024,5079524,"Keenan Jackson",12,6,11,2,11.2973618098844,0.941446817490367,1.88289363498073,105,8.75,17.5,0.583333333333333,10,12,0.833333333333333,2,0,NA,NA,NA,NA,NA,NA,NA,NA,"P4"
"152","NC State","fbs","ACC",2024,5084658,"Terrell Anderson",11,6,11,1.83333333333333,4.45033681617098,0.404576074197362,0.741722802695163,90,8.18181818181818,15,0.727272727272727,10,11,0.909090909090909,0,0,NA,NA,NA,NA,NA,NA,NA,NA,"P4"
"152","NC State","fbs","ACC",2024,5220011,"Dante Daniels",3,3,11,1,6.0592315827278,2.01974386090927,2.01974386090927,32,10.6666666666667,10.6666666666667,1,3,3,1,1,0,NA,NA,NA,NA,NA,NA,NA,NA,"P4"
"153","North Carolina","fbs","ACC",2024,4426635,"Darwin Barlow",2,2,10,1,0.497282492214149,0.248641246107075,0.248641246107075,22,11,11,1,2,2,1,0,0,NA,NA,NA,NA,NA,NA,NA,NA,"P4"
"153","North Carolina","fbs","ACC",2024,4431045,"John Copenhaver",33,9,10,3.66666666666667,17.5539789182825,0.531938755099469,1.95044210203139,307,9.3030303030303,34.1111111111111,0.515151515151515,28,33,0.848484848484849,2,1,379,371,390,445,372,346.5,358,321,"P4"
"153","North Carolina","fbs","ACC",2024,4431505,"Kobe Paysour",26,9,10,2.88888888888889,19.4756779634969,0.749064537057575,2.16396421816633,314,12.0769230769231,34.8888888888889,0.576923076923077,18,26,0.692307692307692,0,0,361,353,281,400,491,333.5,154,308,"P4"
"153","North Carolina","fbs","ACC",2024,4432387,"Nate Mccollum",26,7,10,3.71428571428571,10.9915999928899,0.422753845880381,1.57022857041284,262,10.0769230769231,37.4285714285714,0.538461538461538,22,26,0.846153846153846,0,1,437,415,429,428.5,375.5,393.5,299,285,"P4"
"153","North Carolina","fbs","ACC",2024,4432664,"Gavin Blackwell",4,2,10,2,1.55093331453974,0.387733328634936,0.775466657269872,43,10.75,21.5,0.5,4,4,1,0,0,NA,NA,NA,NA,NA,NA,NA,NA,"P4"
"153","North Carolina","fbs","ACC",2024,4596596,"J.J. Jones",36,9,10,4,49.5814994983134,1.37726387495315,5.5090554998126,544,15.1111111111111,60.4444444444444,0.722222222222222,31,36,0.861111111111111,6,0,95,66,36,173.5,353,136.5,44,99,"P4"
"153","North Carolina","fbs","ACC",2024,4602969,"Bryson Nesbit",18,5,10,3.6,17.3776631990432,0.965425733280179,3.47553263980865,175,9.72222222222222,35,0.888888888888889,18,18,1,2,0,NA,NA,NA,NA,NA,NA,NA,NA,"P4"
"153","North Carolina","fbs","ACC",2024,4685382,"Omarion Hampton",38,10,10,3.8,21.1873165690049,0.557560962342233,2.11873165690049,372,9.78947368421053,37.2,0.5,37,38,0.973684210526316,2,1,339,359,378,457,117,260.5,326,288.5,"P4"
"153","North Carolina","fbs","ACC",2024,4685414,"Jake Johnson",2,2,10,1,1.52009910012861,0.760049550064305,0.760049550064305,21,10.5,10.5,1,2,2,1,0,0,NA,NA,NA,NA,NA,NA,NA,NA,"P4"
"153","North Carolina","fbs","ACC",2024,4870671,"Kaleb Cost",2,1,10,2,1.26532092240318,0.632660461201591,1.26532092240318,11,5.5,11,0.5,2,2,1,0,0,NA,NA,NA,NA,NA,NA,NA,NA,"P4"
"153","North Carolina","fbs","ACC",2024,4870739,"Christian Hamilton",6,4,10,1.5,-0.736391846310962,-0.12273197438516,-0.184097961577741,72,12,18,0.333333333333333,5,6,0.833333333333333,0,1,NA,NA,NA,NA,NA,NA,NA,NA,"P4"
"153","North Carolina","fbs","ACC",2024,4899472,"Chris Culliver",7,3,10,2.33333333333333,7.18353815857643,1.02621973693949,2.39451271952548,122,17.4285714285714,40.6666666666667,0.571428571428571,4,7,0.571428571428571,1,0,NA,NA,NA,NA,NA,NA,NA,NA,"P4"
"153","North Carolina","fbs","ACC",2024,4920147,"Paul Billups II",2,2,10,1,1.34202707371724,0.67101353685862,0.67101353685862,12,6,6,1,2,2,1,0,0,NA,NA,NA,NA,NA,NA,NA,NA,"P4"
"153","North Carolina","fbs","ACC",2024,5077282,"Ty Adams",1,1,10,1,-0.0422878562362232,-0.0422878562362232,-0.0422878562362232,5,5,5,0,1,1,1,0,0,NA,NA,NA,NA,NA,NA,NA,NA,"P4"
"153","North Carolina","fbs","ACC",2024,5079468,"Davion Gause",2,2,10,1,2.12285912443219,1.06142956221609,1.06142956221609,29,14.5,14.5,0.5,2,2,1,0,0,NA,NA,NA,NA,NA,NA,NA,NA,"P4"
"153","North Carolina","fbs","ACC",2024,5079687,"Jordan Shipp",7,4,10,1.75,7.47491656913249,1.06784522416178,1.86872914228312,83,11.8571428571429,20.75,0.857142857142857,6,7,0.857142857142857,1,0,NA,NA,NA,NA,NA,NA,NA,NA,"P4"
"153","North Carolina","fbs","ACC",2024,5079736,"Alex Taylor",1,1,10,1,1.42281844617855,1.42281844617855,1.42281844617855,15,15,15,1,1,1,1,0,0,NA,NA,NA,NA,NA,NA,NA,NA,"P4"
"153","North Carolina","fbs","ACC",2024,5146747,"Javarius Green",1,1,10,1,1.10406196134686,1.10406196134686,1.10406196134686,12,12,12,1,1,1,1,0,0,NA,NA,NA,NA,NA,NA,NA,NA,"P4"
"154","Wake Forest","fbs","ACC",2024,4426499,"Hank Bachmeier",2,2,11,1,2.78783068333298,1.39391534166649,1.39391534166649,14,7,7,0.5,2,2,1,1,0,NA,NA,NA,NA,NA,NA,NA,NA,"P4"
"154","Wake Forest","fbs","ACC",2024,4429781,"Michael Frogge",2,2,11,1,2.24362391935258,1.12181195967629,1.12181195967629,9,4.5,4.5,0.5,2,2,1,1,0,NA,NA,NA,NA,NA,NA,NA,NA,"P4"
"154","Wake Forest","fbs","ACC",2024,4432732,"Walker Merrill",7,2,11,3.5,6.01766548514705,0.85966649787815,3.00883274257352,51,7.28571428571429,25.5,0.857142857142857,7,7,1,0,0,NA,NA,NA,NA,NA,NA,NA,NA,"P4"
"154","Wake Forest","fbs","ACC",2024,4567031,"Michael Kern",1,1,11,1,3.88144592185227,3.88144592185227,3.88144592185227,16,16,16,1,1,1,1,1,0,NA,NA,NA,NA,NA,NA,NA,NA,"P4"
"154","Wake Forest","fbs","ACC",2024,4567033,"Donavon Greene",26,6,11,4.33333333333333,18.8674025161824,0.725669327545476,3.14456708603039,293,11.2692307692308,48.8333333333333,0.692307692307692,21,26,0.807692307692308,2,0,369,231,292,224.5,426.5,360,216,171,"P4"
"154","Wake Forest","fbs","ACC",2024,4567040,"Cameron Hite",11,6,11,1.83333333333333,4.60367769260825,0.418516153873477,0.767279615434708,65,5.90909090909091,10.8333333333333,0.363636363636364,10,11,0.909090909090909,0,0,NA,NA,NA,NA,NA,NA,NA,NA,"P4"
"154","Wake Forest","fbs","ACC",2024,4567044,"Taylor Morin",61,11,11,5.54545454545455,26.7240298855962,0.438098850583544,2.42945726232693,602,9.86885245901639,54.7272727272727,0.639344262295082,55,61,0.901639344262295,1,1,270,315,422,306.5,266,109.5,318,135,"P4"
"154","Wake Forest","fbs","ACC",2024,4711408,"Horatio Fields",36,9,11,4,36.8775004304794,1.02437501195776,4.09750004783105,421,11.6944444444444,46.7777777777778,0.861111111111111,34,36,0.944444444444444,2,0,181,144,134,26,176,224,180,190,"P4"
"154","Wake Forest","fbs","ACC",2024,4812356,"Jaydn Girard",1,1,11,1,1.78014560354285,1.78014560354285,1.78014560354285,25,25,25,1,1,1,1,0,0,NA,NA,NA,NA,NA,NA,NA,NA,"P4"
"154","Wake Forest","fbs","ACC",2024,4832846,"Demond Claiborne",26,11,11,2.36363636363636,18.4383029590705,0.709165498425789,1.6762093599155,254,9.76923076923077,23.0909090909091,0.5,23,26,0.884615384615385,2,0,372,402,304,457,298,405.5,328,440,"P4"
"154","Wake Forest","fbs","ACC",2024,4868171,"Tate Carney",9,5,11,1.8,11.1114753053283,1.23460836725869,2.22229506106565,109,12.1111111111111,21.8,0.666666666666667,8,9,0.888888888888889,1,0,NA,NA,NA,NA,NA,NA,NA,NA,"P4"
"154","Wake Forest","fbs","ACC",2024,4870826,"Micah Mays Jr.",17,7,11,2.42857142857143,15.4532684627065,0.909015791923911,2.20760978038664,218,12.8235294117647,31.1428571428571,0.705882352941177,16,17,0.941176470588235,2,0,NA,NA,NA,NA,NA,NA,NA,NA,"P4"
"154","Wake Forest","fbs","ACC",2024,4917270,"Harry Lodge",11,8,11,1.375,6.08150267551274,0.552863879592067,0.760187834439092,103,9.36363636363636,12.875,0.636363636363636,10,11,0.909090909090909,0,0,NA,NA,NA,NA,NA,NA,NA,NA,"P4"
"154","Wake Forest","fbs","ACC",2024,5152158,"Deuce Alexander",35,10,11,3.5,28.0925404837417,0.802644013821191,2.80925404837417,331,9.45714285714286,33.1,0.714285714285714,31,35,0.885714285714286,1,0,256,278,251,192.5,295,312,351,333.5,"P4"
"154","Wake Forest","fbs","ACC",2024,5186586,"Ty Clark III",1,1,11,1,-0.570685599331362,-0.570685599331362,-0.570685599331362,1,1,1,0,1,1,1,0,0,NA,NA,NA,NA,NA,NA,NA,NA,"P4"
"158","Nebraska","fbs","Big Ten",2024,4427609,"Rahmir Johnson",16,6,11,2.66666666666667,5.11459418743647,0.319662136714779,0.852432364572745,102,6.375,17,0.5,16,16,1,1,1,NA,NA,NA,NA,NA,NA,NA,NA,"P4"
"158","Nebraska","fbs","Big Ten",2024,4428116,"Isaiah Neyor",35,10,11,3.5,30.7833098769194,0.879523139340555,3.07833098769194,389,11.1142857142857,38.9,0.6,31,35,0.885714285714286,4,0,228,244,204,370,295,241.5,233,264.5,"P4"
"158","Nebraska","fbs","Big Ten",2024,4571935,"Jahmal Banks",43,11,11,3.90909090909091,23.3579832502253,0.543208912795937,2.12345302274775,379,8.81395348837209,34.4545454545455,0.674418604651163,33,43,0.767441860465116,1,0,313,357,385,251.5,457.5,251,386,313,"P4"
"158","Nebraska","fbs","Big Ten",2024,4590292,"Thomas Fidone Jr.",24,8,11,3,23.1148507834549,0.963118782643954,2.88935634793186,294,12.25,36.75,0.75,23,24,0.958333333333333,0,0,319,263,161,125.5,145,358.5,138.5,293,"P4"
"158","Nebraska","fbs","Big Ten",2024,4685274,"Janiran Bonner",8,6,11,1.33333333333333,-2.84667431533498,-0.355834289416872,-0.474445719222496,41,5.125,6.83333333333333,0.5,7,8,0.875,1,1,NA,NA,NA,NA,NA,NA,NA,NA,"P4"
"158","Nebraska","fbs","Big Ten",2024,4686248,"Nate Boerkircher",6,4,11,1.5,8.95246037652324,1.49207672942054,2.23811509413081,102,17,25.5,1,6,6,1,0,0,NA,NA,NA,NA,NA,NA,NA,NA,"P4"
"158","Nebraska","fbs","Big Ten",2024,4687555,"Isaiah Garcia-Castaneda",2,1,11,2,-0.989030529622762,-0.494515264811381,-0.989030529622762,10,5,10,0,1,2,0.5,0,0,NA,NA,NA,NA,NA,NA,NA,NA,"P4"
"158","Nebraska","fbs","Big Ten",2024,4832955,"Emmett Johnson",30,9,11,3.33333333333333,2.44164845514159,0.0813882818380531,0.27129427279351,158,5.26666666666667,17.5555555555556,0.433333333333333,28,30,0.933333333333333,0,1,487,488,492,485,195,481.5,497,476,"P4"
"158","Nebraska","fbs","Big Ten",2024,4872477,"Alex Bullock",1,1,11,1,0.322163510974147,0.322163510974147,0.322163510974147,12,12,12,1,1,1,1,0,0,NA,NA,NA,NA,NA,NA,NA,NA,"P4"
"158","Nebraska","fbs","Big Ten",2024,4923252,"Dante Dowdell",8,6,11,1.33333333333333,-2.70602692544685,-0.338253365680857,-0.451004487574475,22,2.75,3.66666666666667,0.375,6,8,0.75,0,0,NA,NA,NA,NA,NA,NA,NA,NA,"P4"
"158","Nebraska","fbs","Big Ten",2024,5079572,"Dylan Raiola",4,3,11,1.33333333333333,15.6426164488715,3.91065411221787,5.21420548295715,114,28.5,38,1,4,4,1,4,0,NA,NA,NA,NA,NA,NA,NA,NA,"P4"
"158","Nebraska","fbs","Big Ten",2024,5081096,"Roman Mangini",1,1,11,1,0.371778817497166,0.371778817497166,0.371778817497166,11,11,11,1,1,1,1,0,0,NA,NA,NA,NA,NA,NA,NA,NA,"P4"
"158","Nebraska","fbs","Big Ten",2024,5081107,"Luke Lindenmeyer",4,3,11,1.33333333333333,1.16475172400852,0.29118793100213,0.388250574669507,28,7,9.33333333333333,0.75,3,4,0.75,0,0,NA,NA,NA,NA,NA,NA,NA,NA,"P4"
"158","Nebraska","fbs","Big Ten",2024,5083370,"Jacory Barney Jr.",57,11,11,5.18181818181818,5.84826492307804,0.102601139001369,0.531660447552549,371,6.50877192982456,33.7272727272727,0.456140350877193,47,57,0.824561403508772,0,1,472,477,486,477,404,262,471,325,"P4"
"158","Nebraska","fbs","Big Ten",2024,5110168,"Carter Nelson",4,3,11,1.33333333333333,1.69870709240835,0.424676773102088,0.56623569746945,31,7.75,10.3333333333333,0.75,4,4,1,0,0,NA,NA,NA,NA,NA,NA,NA,NA,"P4"
"158","Nebraska","fbs","Big Ten",2024,5119868,"Jaylen Lloyd",12,8,11,1.5,20.9876389444917,1.74896991204098,2.62345486806146,145,12.0833333333333,18.125,0.833333333333333,11,12,0.916666666666667,0,0,NA,NA,NA,NA,NA,NA,NA,NA,"P4"
"164","Rutgers","fbs","Big Ten",2024,4430235,"Chris Long",17,6,11,2.83333333333333,3.91861812178916,0.230506948340539,0.653103020298194,141,8.29411764705882,23.5,0.470588235294118,10,17,0.588235294117647,1,0,NA,NA,NA,NA,NA,NA,NA,NA,"P4"
"164","Rutgers","fbs","Big Ten",2024,4574722,"Christian Dremel",11,5,11,2.2,14.2801393943678,1.29819449039708,2.85602787887357,147,13.3636363636364,29.4,0.909090909090909,11,11,1,1,0,NA,NA,NA,NA,NA,NA,NA,NA,"P4"
"164","Rutgers","fbs","Big Ten",2024,4608686,"Kyle Monangai",14,8,11,1.75,-1.44554367743387,-0.103253119816705,-0.180692959679234,57,4.07142857142857,7.125,0.285714285714286,13,14,0.928571428571429,1,0,NA,NA,NA,NA,NA,NA,NA,NA,"P4"
"164","Rutgers","fbs","Big Ten",2024,4746099,"Kenny Fletcher",13,4,11,3.25,1.52780479585014,0.117523445834626,0.381951198962535,98,7.53846153846154,24.5,0.692307692307692,13,13,1,1,1,NA,NA,NA,NA,NA,NA,NA,NA,"P4"
"164","Rutgers","fbs","Big Ten",2024,4775266,"Dymere Miller",57,11,11,5.18181818181818,60.0921827021001,1.05424881933509,5.46292570019091,638,11.1929824561404,58,0.807017543859649,52,57,0.912280701754386,3,0,50,68,117,68,235,91,227,115,"P4"
"164","Rutgers","fbs","Big Ten",2024,4911888,"Mike Higgins",5,3,11,1.66666666666667,1.22044690234223,0.244089380468446,0.406815634114077,36,7.2,12,0.6,5,5,1,0,0,NA,NA,NA,NA,NA,NA,NA,NA,"P4"
"164","Rutgers","fbs","Big Ten",2024,5074243,"Logan Blake",2,1,11,2,-0.777232308261217,-0.388616154130609,-0.777232308261217,6,3,6,0.5,2,2,1,0,0,NA,NA,NA,NA,NA,NA,NA,NA,"P4"
"164","Rutgers","fbs","Big Ten",2024,5075390,"Ian Strong",36,9,11,4,57.0991240188332,1.58608677830092,6.34434711320369,533,14.8055555555556,59.2222222222222,0.916666666666667,35,36,0.972222222222222,5,0,61,36,18,10,119.5,147,52,107,"P4"
"164","Rutgers","fbs","Big Ten",2024,5084771,"KJ Duff",27,9,11,3,33.4397283410607,1.23850845707632,3.71552537122896,323,11.962962962963,35.8888888888889,0.851851851851852,24,27,0.888888888888889,1,0,211,181,63,31.5,288,322,159,299,"P4"
"164","Rutgers","fbs","Big Ten",2024,5099736,"Ja'shon Benjamin",2,1,11,2,-1.4510941215313,-0.725547060765651,-1.4510941215313,5,2.5,5,0,2,2,1,0,0,NA,NA,NA,NA,NA,NA,NA,NA,"P4"
"164","Rutgers","fbs","Big Ten",2024,5147046,"Ben Black",13,7,11,1.85714285714286,10.9270083782838,0.840539106021833,1.56100119689769,93,7.15384615384615,13.2857142857143,0.615384615384615,11,13,0.846153846153846,1,0,NA,NA,NA,NA,NA,NA,NA,NA,"P4"
"164","Rutgers","fbs","Big Ten",2024,5209945,"Antwan Raymond",2,1,11,2,4.66028902145689,2.33014451072845,4.66028902145689,28,14,28,1,2,2,1,0,0,NA,NA,NA,NA,NA,NA,NA,NA,"P4"
"166","New Mexico State","fbs","Conference USA",2024,4431475,"Latrell Neville",5,3,11,1.66666666666667,-1.77610897347214,-0.355221794694428,-0.592036324490713,18,3.6,6,0.4,4,5,0.8,0,0,NA,NA,NA,NA,NA,NA,NA,NA,"G6"
"166","New Mexico State","fbs","Conference USA",2024,4431606,"Ahmonte Watkins",2,2,11,1,4.84303431422264,2.42151715711132,2.42151715711132,69,34.5,34.5,1,2,2,1,1,0,NA,NA,NA,NA,NA,NA,NA,NA,"G6"
"166","New Mexico State","fbs","Conference USA",2024,4613198,"Larenzo McMillan",1,1,11,1,-0.973352963970444,-0.973352963970444,-0.973352963970444,-1,-1,-1,0,1,1,1,0,0,NA,NA,NA,NA,NA,NA,NA,NA,"G6"
"166","New Mexico State","fbs","Conference USA",2024,4683425,"Glynn Johnson Jr",16,9,11,1.77777777777778,25.1040834078047,1.5690052129878,2.78934260086719,278,17.375,30.8888888888889,0.8125,16,16,1,1,0,NA,NA,NA,NA,NA,NA,NA,NA,"G6"
"166","New Mexico State","fbs","Conference USA",2024,4686468,"Seth McGowan",23,9,11,2.55555555555556,24.0751494929565,1.04674563012854,2.6750166103285,270,11.7391304347826,30,0.739130434782609,23,23,1,3,0,299,293,124,145.5,54,384,178,376,"G6"
"166","New Mexico State","fbs","Conference USA",2024,4686658,"Michael Washington",10,7,11,1.42857142857143,4.28189671466485,0.428189671466485,0.611699530666407,82,8.2,11.7142857142857,0.4,9,10,0.9,1,0,NA,NA,NA,NA,NA,NA,NA,NA,"G6"
"166","New Mexico State","fbs","Conference USA",2024,4872943,"Timothy Gans",3,2,11,1.5,3.07255049073879,1.02418349691293,1.53627524536939,24,8,12,0.666666666666667,3,3,1,0,0,NA,NA,NA,NA,NA,NA,NA,NA,"G6"
"166","New Mexico State","fbs","Conference USA",2024,4911842,"Cooper Sheehan",1,1,11,1,1.65109042515663,1.65109042515663,1.65109042515663,4,4,4,1,1,1,1,1,0,NA,NA,NA,NA,NA,NA,NA,NA,"G6"
"166","New Mexico State","fbs","Conference USA",2024,5080707,"Hunter Talley",3,2,11,1.5,1.97111597457111,0.657038658190372,0.985557987285557,34,11.3333333333333,17,0.666666666666667,3,3,1,0,0,NA,NA,NA,NA,NA,NA,NA,NA,"G6"
"166","New Mexico State","fbs","Conference USA",2024,5084181,"Kordell David",17,9,11,1.88888888888889,6.15496202209339,0.362056589534905,0.683884669121487,147,8.64705882352941,16.3333333333333,0.529411764705882,13,17,0.764705882352941,0,0,NA,NA,NA,NA,NA,NA,NA,NA,"G6"
"166","New Mexico State","fbs","Conference USA",2024,5099367,"Allen Ortiz",1,1,11,1,0.822488390123263,0.822488390123263,0.822488390123263,12,12,12,1,1,1,1,0,0,NA,NA,NA,NA,NA,NA,NA,NA,"G6"
"166","New Mexico State","fbs","Conference USA",2024,5121636,"Adam Parks",2,2,11,1,4.59704051956539,2.2985202597827,2.2985202597827,58,29,29,1,2,2,1,0,0,NA,NA,NA,NA,NA,NA,NA,NA,"G6"
"166","New Mexico State","fbs","Conference USA",2024,5122162,"Jordan Smith",10,5,11,2,15.5040914517036,1.55040914517036,3.10081829034071,102,10.2,20.4,0.8,8,10,0.8,0,0,NA,NA,NA,NA,NA,NA,NA,NA,"G6"
"166","New Mexico State","fbs","Conference USA",2024,5159139,"Donovan Faupel",3,2,11,1.5,6.72294797480581,2.2409826582686,3.36147398740291,48,16,24,1,3,3,1,1,0,NA,NA,NA,NA,NA,NA,NA,NA,"G6"
"166","New Mexico State","fbs","Conference USA",2024,5159145,"Jerry Lydiatt",3,2,11,1.5,1.22745260885288,0.409150869617628,0.613726304426442,17,5.66666666666667,8.5,0.666666666666667,3,3,1,0,0,NA,NA,NA,NA,NA,NA,NA,NA,"G6"
"166","New Mexico State","fbs","Conference USA",2024,5159150,"Isaiah Rudison",2,2,11,1,1.9335861546213,0.96679307731065,0.96679307731065,26,13,13,1,2,2,1,0,0,NA,NA,NA,NA,NA,NA,NA,NA,"G6"
"166","New Mexico State","fbs","Conference USA",2024,5220780,"Jahrique Lowe",1,1,11,1,1.70864482847119,1.70864482847119,1.70864482847119,13,13,13,1,1,1,1,0,0,NA,NA,NA,NA,NA,NA,NA,NA,"G6"
"166","New Mexico State","fbs","Conference USA",2024,5220783,"Parker Awad",1,1,11,1,3.67751637162173,3.67751637162173,3.67751637162173,30,30,30,1,1,1,1,1,0,NA,NA,NA,NA,NA,NA,NA,NA,"G6"
"166","New Mexico State","fbs","Conference USA",2024,5220785,"TJ Pride",33,11,11,3,31.2698618785304,0.947571572076679,2.84271471623004,329,9.96969696969697,29.9090909090909,0.636363636363636,31,33,0.939393939393939,2,0,226,271,170,315.5,183,317,310,378,"G6"
"167","New Mexico","fbs","Mountain West",2024,4432369,"Sol-Jay Maiava-Peters",3,3,11,1,1.56118440274509,0.52039480091503,0.52039480091503,13,4.33333333333333,4.33333333333333,0.666666666666667,3,3,1,0,0,NA,NA,NA,NA,NA,NA,NA,NA,"G6"
"167","New Mexico","fbs","Mountain West",2024,4433871,"Caleb Medford",21,9,11,2.33333333333333,28.2477128873704,1.34512918511288,3.13863476526338,329,15.6666666666667,36.5555555555556,0.761904761904762,17,21,0.80952380952381,3,0,253,232,40,106.5,422.5,317,33,294,"G6"
"167","New Mexico","fbs","Mountain West",2024,4570132,"Ryan Davis",49,9,11,5.44444444444444,51.5671612044516,1.05239104498881,5.7296845782724,649,13.2448979591837,72.1111111111111,0.897959183673469,47,49,0.959183673469388,2,1,88,57,118,14,142,84,94,44,"G6"
"167","New Mexico","fbs","Mountain West",2024,4682761,"Luke Wysong",58,9,11,6.44444444444444,44.6560668609869,0.769932187258395,4.96178520677632,589,10.1551724137931,65.4444444444444,0.724137931034483,55,58,0.948275862068966,1,0,122,95,270,166,168,116,291,71,"G6"
"167","New Mexico","fbs","Mountain West",2024,4684525,"Eli Sanders",16,7,11,2.28571428571429,5.55744983833268,0.347340614895793,0.793921405476097,126,7.875,18,0.5625,14,16,0.875,0,0,NA,NA,NA,NA,NA,NA,NA,NA,"G6"
"167","New Mexico","fbs","Mountain West",2024,4708878,"Trace Bruckler",17,9,11,1.88888888888889,4.19432658582807,0.246725093284004,0.46603628731423,94,5.52941176470588,10.4444444444444,0.470588235294118,17,17,1,1,0,NA,NA,NA,NA,NA,NA,NA,NA,"G6"
"167","New Mexico","fbs","Mountain West",2024,4816099,"Javen Jacobs",15,4,11,3.75,-0.144940422620219,-0.00966269484134792,-0.0362351056550547,95,6.33333333333333,23.75,0.466666666666667,14,15,0.933333333333333,0,0,NA,NA,NA,NA,NA,NA,NA,NA,"G6"
"167","New Mexico","fbs","Mountain West",2024,4907735,"Michael Buckley",8,2,11,4,11.1908494969855,1.39885618712319,5.59542474849274,103,12.875,51.5,1,8,8,1,0,0,NA,NA,NA,NA,NA,NA,NA,NA,"G6"
"167","New Mexico","fbs","Mountain West",2024,5086050,"NaQuari Rogers",1,1,11,1,0.500884886283912,0.500884886283912,0.500884886283912,3,3,3,1,1,1,1,0,0,NA,NA,NA,NA,NA,NA,NA,NA,"G6"
"167","New Mexico","fbs","Mountain West",2024,5122072,"Nic Trujillo",14,7,11,2,34.603427131239,2.47167336651707,4.94334673303414,304,21.7142857142857,43.4285714285714,1,14,14,1,1,0,NA,NA,NA,NA,NA,NA,NA,NA,"G6"
"183","Syracuse","fbs","ACC",2024,4430565,"Will Nixon",3,2,11,1.5,2.9769486981434,0.992316232714465,1.4884743490717,35,11.6666666666667,17.5,0.666666666666667,3,3,1,0,0,NA,NA,NA,NA,NA,NA,NA,NA,"P4"
"183","Syracuse","fbs","ACC",2024,4433971,"Kyle McCord",3,2,11,1.5,11.0840592533914,3.69468641779713,5.54202962669569,39,13,19.5,1,3,3,1,3,0,NA,NA,NA,NA,NA,NA,NA,NA,"P4"
"183","Syracuse","fbs","ACC",2024,4575862,"Trebor Pena",81,11,11,7.36363636363636,73.1162871195113,0.902670211351992,6.64693519268285,836,10.320987654321,76,0.740740740740741,74,81,0.91358024691358,6,1,22,26,193,140.5,230,24.5,283,32,"P4"
"183","Syracuse","fbs","ACC",2024,4595342,"Oronde Gadsden II",73,11,11,6.63636363636364,62.9361054877239,0.862138431338684,5.72146413524763,835,11.4383561643836,75.9090909090909,0.684931506849315,66,73,0.904109589041096,5,0,45,59,215,238,260,26,201,33,"P4"
"183","Syracuse","fbs","ACC",2024,4602788,"Jackson Meeks",73,11,11,6.63636363636364,68.4888525035307,0.938203458952475,6.22625931850279,739,10.1232876712329,67.1818181818182,0.753424657534247,61,73,0.835616438356164,4,1,32,38,173,119,390,50.5,293,60.5,"P4"
"183","Syracuse","fbs","ACC",2024,4608858,"Dan Villari",8,4,11,2,9.42413510042361,1.17801688755295,2.3560337751059,57,7.125,14.25,0.75,6,8,0.75,0,0,NA,NA,NA,NA,NA,NA,NA,NA,"P4"
"183","Syracuse","fbs","ACC",2024,4685309,"Braden Davis",1,1,11,1,2.02391467626906,2.02391467626906,2.02391467626906,12,12,12,1,1,1,1,0,0,NA,NA,NA,NA,NA,NA,NA,NA,"P4"
"183","Syracuse","fbs","ACC",2024,4691315,"Umari Hatcher",19,6,11,3.16666666666667,10.9098663733438,0.574203493333883,1.81831106222396,186,9.78947368421053,31,0.578947368421053,13,19,0.684210526315789,1,0,NA,NA,NA,NA,NA,NA,NA,NA,"P4"
"183","Syracuse","fbs","ACC",2024,4910239,"Justus Ross-Simmons",9,5,11,1.8,13.4837345415641,1.49819272684046,2.69674690831282,202,22.4444444444444,40.4,0.666666666666667,9,9,1,2,0,NA,NA,NA,NA,NA,NA,NA,NA,"P4"
"183","Syracuse","fbs","ACC",2024,4911851,"Lequint Allen",59,11,11,5.36363636363636,23.2647513780443,0.394317819966852,2.11497739800403,410,6.94915254237288,37.2727272727273,0.559322033898305,52,59,0.88135593220339,3,0,315,360,436,412,304,228.5,458,286.5,"P4"
"183","Syracuse","fbs","ACC",2024,5079704,"Emanuel Ross",8,1,11,8,1.98337006185357,0.247921257731696,1.98337006185357,78,9.75,78,0.5,5,8,0.625,0,0,NA,NA,NA,NA,NA,NA,NA,NA,"P4"
"183","Syracuse","fbs","ACC",2024,5079749,"Yasin Willis",9,5,11,1.8,-0.0423626235581974,-0.00470695817313305,-0.00847252471163948,22,2.44444444444444,4.4,0.333333333333333,6,9,0.666666666666667,0,0,NA,NA,NA,NA,NA,NA,NA,NA,"P4"
"183","Syracuse","fbs","ACC",2024,5084905,"Jaylan Hornsby",1,1,11,1,1.23121991896661,1.23121991896661,1.23121991896661,9,9,9,1,1,1,1,0,0,NA,NA,NA,NA,NA,NA,NA,NA,"P4"
"183","Syracuse","fbs","ACC",2024,5084906,"Jaden Hart",2,2,11,1,-1.30753416536791,-0.653767082683956,-0.653767082683956,1,0.5,0.5,0,2,2,1,0,0,NA,NA,NA,NA,NA,NA,NA,NA,"P4"
"183","Syracuse","fbs","ACC",2024,5125819,"Darrell Gill Jr.",26,8,11,3.25,29.6878495227104,1.14184036625809,3.7109811903388,350,13.4615384615385,43.75,0.807692307692308,24,26,0.923076923076923,1,0,242,182,88,66,215,281,87,221,"P4"
"183","Syracuse","fbs","ACC",2024,5150378,"Zeed Haynes",12,2,11,6,4.25808208723901,0.354840173936584,2.12904104361951,97,8.08333333333333,48.5,0.5,8,12,0.666666666666667,0,0,NA,NA,NA,NA,NA,NA,NA,NA,"P4"
"189","Bowling Green","fbs","Mid-American",2024,4426444,"Connor Bazelak",1,1,11,1,1.07304781003524,1.07304781003524,1.07304781003524,2,2,2,1,1,1,1,1,0,NA,NA,NA,NA,NA,NA,NA,NA,"G6"
"189","Bowling Green","fbs","Mid-American",2024,4433825,"Levi Gazarek",10,4,11,2.5,3.79214451021011,0.379214451021011,0.948036127552528,61,6.1,15.25,0.6,8,10,0.8,1,0,NA,NA,NA,NA,NA,NA,NA,NA,"G6"
"189","Bowling Green","fbs","Mid-American",2024,4565318,"Terion Stewart",1,1,11,1,1.5313920101305,1.5313920101305,1.5313920101305,12,12,12,1,1,1,1,0,0,NA,NA,NA,NA,NA,NA,NA,NA,"G6"
"189","Bowling Green","fbs","Mid-American",2024,4612211,"Jaison Patterson",10,6,11,1.66666666666667,9.07105008254043,0.907105008254043,1.51184168042341,86,8.6,14.3333333333333,0.8,9,10,0.9,0,0,NA,NA,NA,NA,NA,NA,NA,NA,"G6"
"189","Bowling Green","fbs","Mid-American",2024,4685827,"Jamal Johnson",27,9,11,3,2.40594263076056,0.0891089863244652,0.267326958973396,167,6.18518518518519,18.5555555555556,0.518518518518518,24,27,0.888888888888889,1,0,488,489,489,443,288,473,478,470.5,"G6"
"189","Bowling Green","fbs","Mid-American",2024,4695580,"Malcolm Johnson Jr.",53,11,11,4.81818181818182,31.2887029372371,0.590352885608247,2.84442753974882,471,8.88679245283019,42.8181818181818,0.716981132075472,44,53,0.830188679245283,2,0,225,270,358,185.5,394,189.5,382,232,"G6"
"189","Bowling Green","fbs","Mid-American",2024,4880185,"Finn Hogan",16,6,11,2.66666666666667,8.70430345882949,0.544018966176843,1.45071724313825,143,8.9375,23.8333333333333,0.625,14,16,0.875,0,0,NA,NA,NA,NA,NA,NA,NA,NA,"G6"
"189","Bowling Green","fbs","Mid-American",2024,4912186,"Trey Johnson",1,1,11,1,0.198517700472018,0.198517700472018,0.198517700472018,7,7,7,1,1,1,1,0,0,NA,NA,NA,NA,NA,NA,NA,NA,"G6"
"189","Bowling Green","fbs","Mid-American",2024,5083076,"Harold Fannin",107,11,11,9.72727272727273,93.6898278450603,0.875605867710843,8.51725707682366,1268,11.8504672897196,115.272727272727,0.682242990654206,94,107,0.878504672897196,9,0,5,8,207,240,311,2,169,3,"G6"
"189","Bowling Green","fbs","Mid-American",2024,5084054,"Justin Pegues",11,5,11,2.2,-1.75490126796479,-0.15953647890589,-0.350980253592958,44,4,8.8,0.363636363636364,11,11,1,0,0,NA,NA,NA,NA,NA,NA,NA,NA,"G6"
"189","Bowling Green","fbs","Mid-American",2024,5085830,"Rahkeem Smith",20,8,11,2.5,20.9640115614251,1.04820057807125,2.62050144517814,252,12.6,31.5,0.75,18,20,0.9,2,0,NA,NA,NA,NA,NA,NA,NA,NA,"G6"
"189","Bowling Green","fbs","Mid-American",2024,5122018,"Jacob Harris",2,2,11,1,-1.68288311872305,-0.841441559361527,-0.841441559361527,5,2.5,2.5,0,2,2,1,0,0,NA,NA,NA,NA,NA,NA,NA,NA,"G6"
"189","Bowling Green","fbs","Mid-American",2024,5160949,"Jared Merk",1,1,11,1,1.25126594918186,1.25126594918186,1.25126594918186,15,15,15,1,1,1,1,0,0,NA,NA,NA,NA,NA,NA,NA,NA,"G6"
"193","Miami (OH)","fbs","Mid-American",2024,4426952,"Jack Coldiron",12,7,13,1.71428571428571,5.35642837662789,0.446369031385658,0.765204053803984,98,8.16666666666667,14,0.583333333333333,10,12,0.833333333333333,0,0,NA,NA,NA,NA,NA,NA,NA,NA,"G6"
"193","Miami (OH)","fbs","Mid-American",2024,4427243,"Brett Gabbert",4,3,13,1.33333333333333,10.6028041947846,2.65070104869616,3.53426806492821,53,13.25,17.6666666666667,1,4,4,1,4,0,NA,NA,NA,NA,NA,NA,NA,NA,"G6"
"193","Miami (OH)","fbs","Mid-American",2024,4431398,"Dylan Downing",6,2,13,3,0.0524379728021983,0.00873966213369972,0.0262189864010992,24,4,12,0.5,6,6,1,0,0,NA,NA,NA,NA,NA,NA,NA,NA,"G6"
"193","Miami (OH)","fbs","Mid-American",2024,4432434,"Keyon Mozee",2,2,13,1,-1.27628835671463,-0.638144178357317,-0.638144178357317,2,1,1,0,1,2,0.5,0,0,NA,NA,NA,NA,NA,NA,NA,NA,"G6"
"193","Miami (OH)","fbs","Mid-American",2024,4565532,"Jordan Brunson",1,1,13,1,-0.329742954103704,-0.329742954103704,-0.329742954103704,3,3,3,0,1,1,1,0,0,NA,NA,NA,NA,NA,NA,NA,NA,"G6"
"193","Miami (OH)","fbs","Mid-American",2024,4569507,"Cade McDonald",53,10,13,5.3,39.81791927446,0.751281495744528,3.981791927446,599,11.3018867924528,59.9,0.716981132075472,47,53,0.886792452830189,2,0,160,154,279,185.5,293,111,213,103,"G6"
"193","Miami (OH)","fbs","Mid-American",2024,4576183,"Kevin Davis",27,9,13,3,8.6776727372943,0.321395286566455,0.964185859699366,191,7.07407407407407,21.2222222222222,0.62962962962963,26,27,0.962962962962963,1,0,457,451,451,329,138.5,456,454,457,"G6"
"193","Miami (OH)","fbs","Mid-American",2024,4576788,"Andre Johnson",8,7,13,1.14285714285714,11.0147634785748,1.37684543482185,1.57353763979639,105,13.125,15,0.875,7,8,0.875,0,0,NA,NA,NA,NA,NA,NA,NA,NA,"G6"
"193","Miami (OH)","fbs","Mid-American",2024,4691547,"Preston Daniel",2,1,13,2,0.854077315727597,0.427038657863799,0.854077315727597,12,6,12,1,2,2,1,0,0,NA,NA,NA,NA,NA,NA,NA,NA,"G6"
"193","Miami (OH)","fbs","Mid-American",2024,4696832,"Connor Briggs",1,1,13,1,1.8346746316981,1.8346746316981,1.8346746316981,5,5,5,1,1,1,1,1,0,NA,NA,NA,NA,NA,NA,NA,NA,"G6"
"193","Miami (OH)","fbs","Mid-American",2024,4831976,"Javon Tracy",62,13,13,4.76923076923077,76.5523313586171,1.23471502191318,5.88864087373978,730,11.7741935483871,56.1538461538462,0.790322580645161,55,62,0.887096774193548,6,0,17,50,65,80,292,55,173,125,"G6"
"193","Miami (OH)","fbs","Mid-American",2024,4838549,"Kamryn Perry",7,5,13,1.4,5.78967746007368,0.827096780010526,1.15793549201474,79,11.2857142857143,15.8,0.857142857142857,7,7,1,0,0,NA,NA,NA,NA,NA,NA,NA,NA,"G6"
"193","Miami (OH)","fbs","Mid-American",2024,4869132,"Reginald Virgil",52,13,13,4,50.4188251048199,0.969592790477306,3.87837116190922,636,12.2307692307692,48.9230769230769,0.673076923076923,39,52,0.75,7,0,92,162,153,253,470.5,93,142,170,"G6"
"193","Miami (OH)","fbs","Mid-American",2024,5122076,"Cole Weaver",1,1,13,1,2.85730596885688,2.85730596885688,2.85730596885688,24,24,24,1,1,1,1,1,0,NA,NA,NA,NA,NA,NA,NA,NA,"G6"
"194","Ohio State","fbs","Big Ten",2024,4429115,"Gee Scott Jr.",18,9,12,2,3.84735160894181,0.213741756052323,0.427483512104646,140,7.77777777777778,15.5555555555556,0.5,14,18,0.777777777777778,1,0,NA,NA,NA,NA,NA,NA,NA,NA,"P4"
"194","Ohio State","fbs","Big Ten",2024,4429955,"Will Howard",6,3,12,2,15.248949134232,2.541491522372,5.08298304474399,74,12.3333333333333,24.6666666666667,1,6,6,1,6,0,NA,NA,NA,NA,NA,NA,NA,NA,"P4"
"194","Ohio State","fbs","Big Ten",2024,4431498,"Jayden Ballard",2,2,12,1,1.98184637471938,0.990923187359689,0.990923187359689,18,9,9,1,2,2,1,0,0,NA,NA,NA,NA,NA,NA,NA,NA,"P4"
"194","Ohio State","fbs","Big Ten",2024,4432710,"TreVeyon Henderson",20,9,12,2.22222222222222,0.0401646989125665,0.00200823494562832,0.0044627443236185,127,6.35,14.1111111111111,0.4,18,20,0.9,0,0,NA,NA,NA,NA,NA,NA,NA,NA,"P4"
"194","Ohio State","fbs","Big Ten",2024,4567750,"Emeka Egbuka",65,12,12,5.41666666666667,60.7629389797261,0.934814445841939,5.06357824831051,540,8.30769230769231,45,0.723076923076923,58,65,0.892307692307692,8,0,48,84,175,170.5,283,144,415,202.5,"P4"
"194","Ohio State","fbs","Big Ten",2024,4685256,"Kojo Antwi",1,1,12,1,0.487090974622927,0.487090974622927,0.487090974622927,8,8,8,1,1,1,1,0,0,NA,NA,NA,NA,NA,NA,NA,NA,"P4"
"194","Ohio State","fbs","Big Ten",2024,4685702,"Quinshon Judkins",18,9,12,2,2.80013891779605,0.155563273210892,0.311126546421783,97,5.38888888888889,10.7777777777778,0.5,14,18,0.777777777777778,1,0,NA,NA,NA,NA,NA,NA,NA,NA,"P4"
"194","Ohio State","fbs","Big Ten",2024,4685706,"Bennett Christian",1,1,12,1,0.272380135336015,0.272380135336015,0.272380135336015,6,6,6,1,1,1,1,0,0,NA,NA,NA,NA,NA,NA,NA,NA,"P4"
"194","Ohio State","fbs","Big Ten",2024,4693208,"Patrick Gurd",1,1,12,1,0.19433218579807,0.19433218579807,0.19433218579807,6,6,6,1,1,1,1,0,0,NA,NA,NA,NA,NA,NA,NA,NA,"P4"
"194","Ohio State","fbs","Big Ten",2024,4870835,"Brandon Inniss",15,7,12,2.14285714285714,7.7049444134839,0.513662960898927,1.10070634478341,118,7.86666666666667,16.8571428571429,0.533333333333333,12,15,0.8,1,0,NA,NA,NA,NA,NA,NA,NA,NA,"P4"
"194","Ohio State","fbs","Big Ten",2024,4870927,"Bryson Rodgers",4,3,12,1.33333333333333,5.01798204076482,1.25449551019121,1.67266068025494,29,7.25,9.66666666666667,1,4,4,1,0,0,NA,NA,NA,NA,NA,NA,NA,NA,"P4"
"194","Ohio State","fbs","Big Ten",2024,4871023,"Carnell Tate",44,11,12,4,41.8564234468023,0.951282351063689,3.80512940425476,477,10.8409090909091,43.3636363636364,0.772727272727273,38,44,0.863636363636364,3,0,147,173,167,96,348,186,245,227,"P4"
"194","Ohio State","fbs","Big Ten",2024,4871039,"Jelani Thurman",2,2,12,1,4.41846314310356,2.20923157155178,2.20923157155178,38,19,19,1,2,2,1,0,0,NA,NA,NA,NA,NA,NA,NA,NA,"P4"
"194","Ohio State","fbs","Big Ten",2024,4880236,"Will Kacmarek",3,2,12,1.5,1.45364671702639,0.484548905675464,0.726823358513196,39,13,19.5,0.666666666666667,3,3,1,0,0,NA,NA,NA,NA,NA,NA,NA,NA,"P4"
"194","Ohio State","fbs","Big Ten",2024,5079680,"Aaron Scott Jr.",1,1,12,1,0.943558562838996,0.943558562838996,0.943558562838996,7,7,7,1,1,1,1,0,0,NA,NA,NA,NA,NA,NA,NA,NA,"P4"
"194","Ohio State","fbs","Big Ten",2024,5079712,"Julian Sayin",1,1,12,1,4.72900193974594,4.72900193974594,4.72900193974594,55,55,55,1,1,1,1,1,0,NA,NA,NA,NA,NA,NA,NA,NA,"P4"
"194","Ohio State","fbs","Big Ten",2024,5079720,"Jeremiah Smith",63,12,12,5.25,77.9521978896841,1.23733647443943,6.49601649080701,748,11.8730158730159,62.3333333333333,0.746031746031746,54,63,0.857142857142857,8,0,14,32,64,131,359,44.5,167,92,"P4"
"194","Ohio State","fbs","Big Ten",2024,5081820,"David Adolph",2,1,12,2,0.63613569469494,0.31806784734747,0.63613569469494,0,0,0,0.5,1,2,0.5,0,0,NA,NA,NA,NA,NA,NA,NA,NA,"P4"
"194","Ohio State","fbs","Big Ten",2024,5110454,"James Peoples",1,1,12,1,-0.833233631490957,-0.833233631490957,-0.833233631490957,-2,-2,-2,0,1,1,1,0,0,NA,NA,NA,NA,NA,NA,NA,NA,"P4"
"195","Ohio","fbs","Mid-American",2024,4429552,"Eamonn Dennis",3,2,12,1.5,2.42423967764868,0.808079892549559,1.21211983882434,26,8.66666666666667,13,1,3,3,1,0,0,NA,NA,NA,NA,NA,NA,NA,NA,"G6"
"195","Ohio","fbs","Mid-American",2024,4570283,"Parker Titsworth",1,1,12,1,0.274917438025922,0.274917438025922,0.274917438025922,5,5,5,1,1,1,1,0,0,NA,NA,NA,NA,NA,NA,NA,NA,"G6"
"195","Ohio","fbs","Mid-American",2024,4570740,"Bryce Butler",1,1,12,1,1.35910032980987,1.35910032980987,1.35910032980987,7,7,7,1,1,1,1,1,0,NA,NA,NA,NA,NA,NA,NA,NA,"G6"
"195","Ohio","fbs","Mid-American",2024,4578436,"Coleman Owen",65,12,12,5.41666666666667,79.8761604850135,1.22886400746175,6.65634670708446,958,14.7384615384615,79.8333333333333,0.753846153846154,60,65,0.923076923076923,7,0,10,25,71,118,215,12,54,25,"G6"
"195","Ohio","fbs","Mid-American",2024,4610131,"Parker Navarro",2,1,12,2,6.41351191843778,3.20675595921889,6.41351191843778,46,23,46,1,2,2,1,2,0,NA,NA,NA,NA,NA,NA,NA,NA,"G6"
"195","Ohio","fbs","Mid-American",2024,4709392,"Anthony Tyus III",10,7,12,1.42857142857143,1.92229043531031,0.192229043531031,0.274612919330044,65,6.5,9.28571428571429,0.7,10,10,1,0,0,NA,NA,NA,NA,NA,NA,NA,NA,"G6"
"195","Ohio","fbs","Mid-American",2024,4711434,"Eian Pugh",4,4,12,1,0.963801128525838,0.24095028213146,0.24095028213146,23,5.75,5.75,0.5,4,4,1,0,0,NA,NA,NA,NA,NA,NA,NA,NA,"G6"
"195","Ohio","fbs","Mid-American",2024,4819228,"Rodney Harris II",21,10,12,2.1,15.2537951395662,0.726371197122198,1.52537951395662,245,11.6666666666667,24.5,0.761904761904762,20,21,0.952380952380952,0,0,NA,NA,NA,NA,NA,NA,NA,NA,"G6"
"195","Ohio","fbs","Mid-American",2024,4880239,"Nolan McCormick",1,1,12,1,-0.334753761738632,-0.334753761738632,-0.334753761738632,2,2,2,0,1,1,1,0,0,NA,NA,NA,NA,NA,NA,NA,NA,"G6"
"195","Ohio","fbs","Mid-American",2024,4921110,"Chase Hendricks",44,11,12,4,33.5782330393137,0.763141659984403,3.05256663993761,449,10.2045454545455,40.8181818181818,0.636363636363636,38,44,0.863636363636364,1,0,209,247,273,315.5,348,204.5,288,250,"G6"
"195","Ohio","fbs","Mid-American",2024,5081611,"Mason Williams",14,8,12,1.75,13.0054722272443,0.928962301946022,1.62568402840554,142,10.1428571428571,17.75,0.785714285714286,14,14,1,1,0,NA,NA,NA,NA,NA,NA,NA,NA,"G6"
"195","Ohio","fbs","Mid-American",2024,5083305,"Caleb Gossett",16,6,12,2.66666666666667,8.64961675027256,0.540601046892035,1.44160279171209,144,9,24,0.875,15,16,0.9375,0,0,NA,NA,NA,NA,NA,NA,NA,NA,"G6"
"195","Ohio","fbs","Mid-American",2024,5088375,"Jake Bruno",2,2,12,1,-0.917792099617058,-0.458896049808529,-0.458896049808529,3,1.5,1.5,0,2,2,1,0,0,NA,NA,NA,NA,NA,NA,NA,NA,"G6"
"195","Ohio","fbs","Mid-American",2024,5121709,"Rickey Hunt",5,4,12,1.25,-0.720439356005155,-0.144087871201031,-0.180109839001289,20,4,5,0.4,5,5,1,0,0,NA,NA,NA,NA,NA,NA,NA,NA,"G6"
"195","Ohio","fbs","Mid-American",2024,5228761,"Max Rodarte",7,6,12,1.16666666666667,6.15638269311732,0.879483241873903,1.02606378218622,80,11.4285714285714,13.3333333333333,0.571428571428571,6,7,0.857142857142857,1,0,NA,NA,NA,NA,NA,NA,NA,NA,"G6"
"197","Oklahoma State","fbs","Big 12",2024,4362159,"Alan Bowman",9,5,11,1.8,29.2133119133864,3.24592354593182,5.84266238267727,269,29.8888888888889,53.8,1,9,9,1,9,0,NA,NA,NA,NA,NA,NA,NA,NA,"P4"
"197","Oklahoma State","fbs","Big 12",2024,4430577,"Rashod Owens",31,9,11,3.44444444444444,38.1706847794922,1.23131241224168,4.24118719772135,436,14.0645161290323,48.4444444444444,0.838709677419355,29,31,0.935483870967742,3,0,171,139,67,38.5,191,214,68,174,"P4"
"197","Oklahoma State","fbs","Big 12",2024,4430798,"Kyler Pearson",1,1,11,1,0.824636753568522,0.824636753568522,0.824636753568522,7,7,7,1,1,1,1,0,0,NA,NA,NA,NA,NA,NA,NA,NA,"P4"
"197","Oklahoma State","fbs","Big 12",2024,4431342,"Brennan Presley",99,11,11,9,39.2624204975402,0.396590106035759,3.56931095432183,723,7.3030303030303,65.7272727272727,0.535353535353535,78,99,0.787878787878788,3,1,161,195,435,431,441.5,57.5,447,69.5,"P4"
"197","Oklahoma State","fbs","Big 12",2024,4570286,"Tyler Foster",3,3,11,1,0.717027432390489,0.239009144130163,0.239009144130163,19,6.33333333333333,6.33333333333333,0.666666666666667,3,3,1,0,0,NA,NA,NA,NA,NA,NA,NA,NA,"P4"
"197","Oklahoma State","fbs","Big 12",2024,4574767,"Jake Schultz",4,4,11,1,1.30439940227665,0.326099850569162,0.326099850569162,68,17,17,0.25,3,4,0.75,0,0,NA,NA,NA,NA,NA,NA,NA,NA,"P4"
"197","Oklahoma State","fbs","Big 12",2024,4680024,"Da'Wain Lofton",6,3,11,2,13.2461671499882,2.20769452499803,4.41538904999606,140,23.3333333333333,46.6666666666667,0.833333333333333,6,6,1,0,0,NA,NA,NA,NA,NA,NA,NA,NA,"P4"
"197","Oklahoma State","fbs","Big 12",2024,4683667,"Trenten Howland",2,1,11,2,-1.02198291879637,-0.510991459398183,-1.02198291879637,5,2.5,5,0.5,2,2,1,0,0,NA,NA,NA,NA,NA,NA,NA,NA,"P4"
"197","Oklahoma State","fbs","Big 12",2024,4685517,"Talyn Shettron",15,5,11,3,14.7253493987846,0.981689959918972,2.94506987975691,167,11.1333333333333,33.4,0.733333333333333,11,15,0.733333333333333,0,0,NA,NA,NA,NA,NA,NA,NA,NA,"P4"
"197","Oklahoma State","fbs","Big 12",2024,4692846,"Cale Cabbiness",2,2,11,1,0.347313661136866,0.173656830568433,0.173656830568433,14,7,7,1,2,2,1,0,0,NA,NA,NA,NA,NA,NA,NA,NA,"P4"
"197","Oklahoma State","fbs","Big 12",2024,4710714,"De'Zhaun Stribling",62,10,11,6.2,42.1477154059451,0.679801861386211,4.21477154059451,661,10.6612903225806,66.1,0.612903225806452,43,62,0.693548387096774,3,0,145,140,321,360,490,78.5,259,67,"P4"
"197","Oklahoma State","fbs","Big 12",2024,4711533,"Ollie Gordon",30,11,11,2.72727272727273,7.21350678354907,0.240450226118302,0.655773343959006,167,5.56666666666667,15.1818181818182,0.466666666666667,26,30,0.866666666666667,1,0,464,470,464,471,338,473,493,493,"P4"
"197","Oklahoma State","fbs","Big 12",2024,4896289,"Gavin Freeman",4,2,11,2,0.093950367470836,0.023487591867709,0.046975183735418,35,8.75,17.5,0.5,4,4,1,0,0,NA,NA,NA,NA,NA,NA,NA,NA,"P4"
"197","Oklahoma State","fbs","Big 12",2024,5075820,"Camron Heard",3,2,11,1.5,2.59388416742406,0.864628055808021,1.29694208371203,39,13,19.5,0.666666666666667,2,3,0.666666666666667,0,0,NA,NA,NA,NA,NA,NA,NA,NA,"P4"
"197","Oklahoma State","fbs","Big 12",2024,5124338,"Josh Ford",10,6,11,1.66666666666667,-0.0267776706245225,-0.00267776706245225,-0.00446294510408709,74,7.4,12.3333333333333,0.5,9,10,0.9,0,0,NA,NA,NA,NA,NA,NA,NA,NA,"P4"
"197","Oklahoma State","fbs","Big 12",2024,5125335,"Rodney Fields Jr.",4,2,11,2,0.140099706966901,0.0350249267417252,0.0700498534834505,23,5.75,11.5,0.25,2,4,0.5,0,0,NA,NA,NA,NA,NA,NA,NA,NA,"P4"
"197","Oklahoma State","fbs","Big 12",2024,5125366,"Sesi Vailahi",8,7,11,1.14285714285714,-6.1177431103331,-0.764717888791637,-0.873963301476157,32,4,4.57142857142857,0,6,8,0.75,0,0,NA,NA,NA,NA,NA,NA,NA,NA,"P4"
"197","Oklahoma State","fbs","Big 12",2024,5219505,"Ayo Shotomide-King",5,3,11,1.66666666666667,2.48205345879358,0.496410691758716,0.827351152931194,48,9.6,16,0.8,5,5,1,0,0,NA,NA,NA,NA,NA,NA,NA,NA,"P4"
"2","Auburn","fbs","SEC",2024,4430870,"Keandre Lambert",52,11,11,4.72727272727273,68.388095816247,1.31515568877398,6.21709961965882,901,17.3269230769231,81.9090909090909,0.75,47,52,0.903846153846154,6,0,33,39,47,125.5,261,16,13,21,"P4"
"2","Auburn","fbs","SEC",2024,4567235,"Luke Deal",3,3,11,1,0.432351322697172,0.144117107565724,0.144117107565724,6,2,2,0.666666666666667,3,3,1,1,0,NA,NA,NA,NA,NA,NA,NA,NA,"P4"
"2","Auburn","fbs","SEC",2024,4605858,"Rivaldo Fairweather",34,11,11,3.09090909090909,18.8831848595175,0.555387789985809,1.71665316904705,365,10.7352941176471,33.1818181818182,0.558823529411765,30,34,0.882352941176471,2,1,368,397,381,413.5,301.5,266.5,253,332,"P4"
"2","Auburn","fbs","SEC",2024,4685699,"Damari Alston",6,6,11,1,3.24170698492397,0.540284497487329,0.540284497487329,53,8.83333333333333,8.83333333333333,0.5,6,6,1,0,0,NA,NA,NA,NA,NA,NA,NA,NA,"P4"
"2","Auburn","fbs","SEC",2024,4686271,"Robert Lewis",15,9,11,1.66666666666667,12.9116905122336,0.860779367482241,1.43463227913707,142,9.46666666666667,15.7777777777778,0.666666666666667,14,15,0.933333333333333,0,0,NA,NA,NA,NA,NA,NA,NA,NA,"P4"
"2","Auburn","fbs","SEC",2024,4689090,"Brandon Frazier",1,1,11,1,1.51901851350938,1.51901851350938,1.51901851350938,16,16,16,1,1,1,1,0,0,NA,NA,NA,NA,NA,NA,NA,NA,"P4"
"2","Auburn","fbs","SEC",2024,4710341,"Jarquez Hunter",22,10,11,2.2,11.4411534800807,0.520052430912757,1.14411534800807,155,7.04545454545455,15.5,0.590909090909091,21,22,0.954545454545455,1,0,434,444,396,380.5,156.5,484.5,455,490,"P4"
"2","Auburn","fbs","SEC",2024,4808759,"Camden Brown",7,4,11,1.75,4.73517069028392,0.676452955754846,1.18379267257098,61,8.71428571428571,15.25,0.714285714285714,7,7,1,1,0,NA,NA,NA,NA,NA,NA,NA,NA,"P4"
"2","Auburn","fbs","SEC",2024,4870642,"Jeremiah Cobb",5,4,11,1.25,2.09178299031404,0.418356598062808,0.52294574757851,43,8.6,10.75,0.6,5,5,1,0,0,NA,NA,NA,NA,NA,NA,NA,NA,"P4"
"2","Auburn","fbs","SEC",2024,5079376,"Cam Coleman",39,9,11,4.33333333333333,45.3508653533088,1.16284270136689,5.03898503925653,536,13.7435897435897,59.5555555555556,0.717948717948718,35,39,0.897435897435897,7,0,118,88,85,182,275,146,77,104,"P4"
"2","Auburn","fbs","SEC",2024,5079691,"Malcolm Simmons",39,11,11,3.54545454545455,13.1444982728954,0.337038417253728,1.19495438844503,347,8.8974358974359,31.5454545454545,0.512820512820513,35,39,0.897435897435897,2,0,423,439,448,448,275,289,381,356,"P4"
"2","Auburn","fbs","SEC",2024,5079743,"Perry Thompson",3,3,11,1,0.640156996081982,0.213385665360661,0.213385665360661,44,14.6666666666667,14.6666666666667,0.666666666666667,3,3,1,0,0,NA,NA,NA,NA,NA,NA,NA,NA,"P4"
"2","Auburn","fbs","SEC",2024,5081054,"Micah Riley-Ducker",1,1,11,1,1.41109817708018,1.41109817708018,1.41109817708018,3,3,3,1,1,1,1,1,0,NA,NA,NA,NA,NA,NA,NA,NA,"P4"
"2005","Air Force","fbs","Mountain West",2024,5085137,"Cade Harris",19,9,10,2.11111111111111,28.6216562985463,1.50640296308139,3.18018403317181,351,18.4736842105263,39,0.736842105263158,19,19,1,2,0,251,229,22,149.5,54,279.5,9,262,"G6"
"2005","Air Force","fbs","Mountain West",2024,5085146,"Brandon Engel",3,3,10,1,2.95138664453349,0.983795548177831,0.983795548177831,31,10.3333333333333,10.3333333333333,1,3,3,1,0,0,NA,NA,NA,NA,NA,NA,NA,NA,"G6"
"2005","Air Force","fbs","Mountain West",2024,5103004,"Jared Roznos",5,4,10,1.25,10.0837559625484,2.01675119250968,2.5209389906371,109,21.8,27.25,1,5,5,1,0,0,NA,NA,NA,NA,NA,NA,NA,NA,"G6"
"2005","Air Force","fbs","Mountain West",2024,5151903,"Christopher Frew",1,1,10,1,1.14100372498438,1.14100372498438,1.14100372498438,10,10,10,1,1,1,1,0,0,NA,NA,NA,NA,NA,NA,NA,NA,"G6"
"2005","Air Force","fbs","Mountain West",2024,5151939,"James Roberson",4,4,10,1,6.06931120346375,1.51732780086594,1.51732780086594,75,18.75,18.75,1,4,4,1,1,0,NA,NA,NA,NA,NA,NA,NA,NA,"G6"
"2005","Air Force","fbs","Mountain West",2024,5151941,"Quin Smith",9,5,10,1.8,16.080632972049,1.78673699689433,3.2161265944098,195,21.6666666666667,39,1,9,9,1,1,0,NA,NA,NA,NA,NA,NA,NA,NA,"G6"
"2005","Air Force","fbs","Mountain West",2024,5151942,"Bruin Fleischmann",5,4,10,1.25,9.46696170836063,1.89339234167213,2.36674042709016,104,20.8,26,1,5,5,1,0,0,NA,NA,NA,NA,NA,NA,NA,NA,"G6"
"2005","Air Force","fbs","Mountain West",2024,5162879,"Tylor Latham",5,2,10,2.5,8.13866346869041,1.62773269373808,4.06933173434521,87,17.4,43.5,0.8,5,5,1,1,0,NA,NA,NA,NA,NA,NA,NA,NA,"G6"
"2005","Air Force","fbs","Mountain West",2024,5223107,"Quentin Hayes",1,1,10,1,1.58725746518324,1.58725746518324,1.58725746518324,29,29,29,1,1,1,1,0,0,NA,NA,NA,NA,NA,NA,NA,NA,"G6"
"2006","Akron","fbs","Mid-American",2024,4430712,"Jordan Simmons",19,7,11,2.71428571428571,5.81510601953572,0.306058211554512,0.830729431362246,158,8.31578947368421,22.5714285714286,0.526315789473684,17,19,0.894736842105263,0,0,NA,NA,NA,NA,NA,NA,NA,NA,"G6"
"2006","Akron","fbs","Mid-American",2024,4431091,"Ben Finley",6,5,11,1.2,18.6240542559232,3.10400904265387,3.72481085118465,128,21.3333333333333,25.6,1,6,6,1,4,0,NA,NA,NA,NA,NA,NA,NA,NA,"G6"
"2006","Akron","fbs","Mid-American",2024,4684003,"Tahj Bullock",14,7,11,2,0.548632396756719,0.0391880283397657,0.0783760566795313,64,4.57142857142857,9.14285714285714,0.428571428571429,9,14,0.642857142857143,0,0,NA,NA,NA,NA,NA,NA,NA,NA,"G6"
"2006","Akron","fbs","Mid-American",2024,4703025,"Ahmarian Granger",20,6,11,3.33333333333333,11.9776665694167,0.598883328470834,1.99627776156945,230,11.5,38.3333333333333,0.6,16,20,0.8,1,0,NA,NA,NA,NA,NA,NA,NA,NA,"G6"
"2006","Akron","fbs","Mid-American",2024,4882061,"Jacob Newell",33,10,11,3.3,4.46071755829936,0.135173259342405,0.446071755829936,197,5.96969696969697,19.7,0.424242424242424,28,33,0.848484848484849,1,0,480,481,479,488,372,451,483,464,"G6"
"2006","Akron","fbs","Mid-American",2024,4916306,"Bobby Golden",37,10,11,3.7,19.7351942825871,0.533383629259111,1.97351942825871,314,8.48648648648649,31.4,0.621621621621622,24,37,0.648648648648649,0,1,357,370,389,340.5,503,333.5,401.5,359,"G6"
"2006","Akron","fbs","Mid-American",2024,4917288,"Charles Kellom",21,9,11,2.33333333333333,-1.95808710767366,-0.0932422432225554,-0.217565234185963,139,6.61904761904762,15.4444444444444,0.380952380952381,19,21,0.904761904761905,0,1,503,503,504,495.5,254.5,495,467,491,"G6"
"2006","Akron","fbs","Mid-American",2024,4922992,"Israel Polk",30,9,11,3.33333333333333,0.161582345850556,0.00538607819501853,0.0179535939833951,162,5.4,18,0.366666666666667,19,30,0.633333333333333,0,0,498,498,498,501,506,478,496,474,"G6"
"2006","Akron","fbs","Mid-American",2024,5157315,"Connor Cravaack",15,7,11,2.14285714285714,3.35967707639951,0.223978471759967,0.479953868057073,138,9.2,19.7142857142857,0.533333333333333,12,15,0.8,0,0,NA,NA,NA,NA,NA,NA,NA,NA,"G6"
"2006","Akron","fbs","Mid-American",2024,5157316,"Paul Davis",1,1,11,1,-1.58447775163641,-1.58447775163641,-1.58447775163641,0,0,0,0,0,1,0,0,0,NA,NA,NA,NA,NA,NA,NA,NA,"G6"
"2006","Akron","fbs","Mid-American",2024,5157331,"Adrian Norton",55,9,11,6.11111111111111,35.0300960806965,0.636910837830845,3.89223289785516,633,11.5090909090909,70.3333333333333,0.581818181818182,37,55,0.672727272727273,3,0,196,159,333,392,498,95.5,197,50,"G6"
"2006","Akron","fbs","Mid-American",2024,5225249,"Jarvis Rush",6,5,11,1.2,3.36230212337958,0.560383687229929,0.672460424675915,53,8.83333333333333,10.6,0.666666666666667,4,6,0.666666666666667,0,0,NA,NA,NA,NA,NA,NA,NA,NA,"G6"
"201","Oklahoma","fbs","SEC",2024,4429103,"Javian Hester",16,5,11,3.2,9.16837742142289,0.573023588838931,1.83367548428458,159,9.9375,31.8,0.4375,10,16,0.625,0,0,NA,NA,NA,NA,NA,NA,NA,NA,"P4"
"201","Oklahoma","fbs","SEC",2024,4431273,"Jalil Farooq",3,2,11,1.5,4.63252493515054,1.54417497838351,2.31626246757527,58,19.3333333333333,29,0.666666666666667,3,3,1,0,0,NA,NA,NA,NA,NA,NA,NA,NA,"P4"
"201","Oklahoma","fbs","SEC",2024,4432531,"Jake Roberts",10,6,11,1.66666666666667,6.84196316582051,0.684196316582051,1.14032719430342,90,9,15,0.7,9,10,0.9,1,0,NA,NA,NA,NA,NA,NA,NA,NA,"P4"
"201","Oklahoma","fbs","SEC",2024,4587701,"Andrel Anthony Jr.",2,1,11,2,-1.69551264374762,-0.847756321873812,-1.69551264374762,4,2,4,0,1,2,0.5,0,0,NA,NA,NA,NA,NA,NA,NA,NA,"P4"
"201","Oklahoma","fbs","SEC",2024,4683151,"Deion Burks",35,5,11,7,10.9887598705017,0.313964567728621,2.19775197410035,242,6.91428571428571,48.4,0.514285714285714,30,35,0.857142857142857,3,1,438,347,454,446,359,417,460,175,"P4"
"201","Oklahoma","fbs","SEC",2024,4685269,"Jovantae Barnes",16,6,11,2.66666666666667,5.27633561597489,0.329770975998431,0.879389269329149,83,5.1875,13.8333333333333,0.5625,14,16,0.875,1,0,NA,NA,NA,NA,NA,NA,NA,NA,"P4"
"201","Oklahoma","fbs","SEC",2024,4685545,"Gavin Sawchuk",3,2,11,1.5,0.0936661959008138,0.0312220653002713,0.0468330979504069,17,5.66666666666667,8.5,0.333333333333333,3,3,1,0,0,NA,NA,NA,NA,NA,NA,NA,NA,"P4"
"201","Oklahoma","fbs","SEC",2024,4685553,"Brenen Thompson",26,8,11,3.25,7.03358421498378,0.270522469807069,0.879198026872973,146,5.61538461538461,18.25,0.461538461538462,17,26,0.653846153846154,2,0,465,457,459,475,502,491,491,473,"P4"
"201","Oklahoma","fbs","SEC",2024,4870607,"Jackson Arnold",2,2,11,1,3.29063622491498,1.64531811245749,1.64531811245749,16,8,8,0.5,2,2,1,1,0,NA,NA,NA,NA,NA,NA,NA,NA,"P4"
"201","Oklahoma","fbs","SEC",2024,4870951,"Jaquaize Pettaway",6,3,11,2,3.66581011608804,0.61096835268134,1.22193670536268,87,14.5,29,0.5,5,6,0.833333333333333,0,0,NA,NA,NA,NA,NA,NA,NA,NA,"P4"
"201","Oklahoma","fbs","SEC",2024,4877529,"Sam Franklin",3,2,11,1.5,-1.94105109379031,-0.647017031263437,-0.970525546895155,3,1,1.5,0.333333333333333,3,3,1,0,0,NA,NA,NA,NA,NA,NA,NA,NA,"P4"
"201","Oklahoma","fbs","SEC",2024,4890373,"Bauer Sharp",40,10,11,4,17.3699496756644,0.43424874189161,1.73699496756644,301,7.525,30.1,0.55,37,40,0.925,2,0,383,394,425,418.5,209.5,354,437,374,"P4"
"201","Oklahoma","fbs","SEC",2024,5079535,"Zion Kearney",5,2,11,2.5,6.3688339654934,1.27376679309868,3.1844169827467,57,11.4,28.5,1,5,5,1,0,0,NA,NA,NA,NA,NA,NA,NA,NA,"P4"
"201","Oklahoma","fbs","SEC",2024,5079643,"Zion Ragins",5,5,11,1,4.78532407774166,0.957064815548331,0.957064815548332,52,10.4,10.4,1,5,5,1,0,0,NA,NA,NA,NA,NA,NA,NA,NA,"P4"
"201","Oklahoma","fbs","SEC",2024,5079719,"Taylor Tatum",5,4,11,1.25,4.50993706562408,0.901987413124817,1.12748426640602,23,4.6,5.75,0.6,5,5,1,1,0,NA,NA,NA,NA,NA,NA,NA,NA,"P4"
"201","Oklahoma","fbs","SEC",2024,5114593,"Ivan Carreon",2,2,11,1,1.03529902913229,0.517649514566143,0.517649514566143,14,7,7,0.5,2,2,1,0,0,NA,NA,NA,NA,NA,NA,NA,NA,"P4"
"201","Oklahoma","fbs","SEC",2024,5122554,"Xavier Robinson",10,4,11,2.5,3.272213058582,0.3272213058582,0.818053264645501,49,4.9,12.25,0.5,10,10,1,0,0,NA,NA,NA,NA,NA,NA,NA,NA,"P4"
"201","Oklahoma","fbs","SEC",2024,5218767,"Jacob Jordan",21,4,11,5.25,13.415707360277,0.638843207632238,3.35392684006925,85,4.04761904761905,21.25,0.619047619047619,19,21,0.904761904761905,1,0,421,214,331,349,254.5,508,506,456,"P4"
"202","Tulsa","fbs","American Athletic",2024,4430033,"Cooper Legas",2,1,11,2,7.56016111850596,3.78008055925298,7.56016111850596,64,32,64,1,2,2,1,2,0,NA,NA,NA,NA,NA,NA,NA,NA,"G6"
"202","Tulsa","fbs","American Athletic",2024,4568649,"Ethan Hall",4,3,11,1.33333333333333,0.730843276126253,0.182710819031563,0.243614425375418,39,9.75,13,0.25,4,4,1,0,0,NA,NA,NA,NA,NA,NA,NA,NA,"G6"
"202","Tulsa","fbs","American Athletic",2024,4569481,"Anthony Watkins",14,7,11,2,4.11950359804447,0.294250257003177,0.588500514006353,142,10.1428571428571,20.2857142857143,0.5,13,14,0.928571428571429,1,0,NA,NA,NA,NA,NA,NA,NA,NA,"G6"
"202","Tulsa","fbs","American Athletic",2024,4683319,"Bill Jackson",19,8,11,2.375,2.72641505170002,0.143495529036843,0.340801881462502,99,5.21052631578947,12.375,0.315789473684211,18,19,0.947368421052632,2,0,NA,NA,NA,NA,NA,NA,NA,NA,"G6"
"202","Tulsa","fbs","American Athletic",2024,4685087,"Kamdyn Benjamin",78,11,11,7.09090909090909,60.1489819595421,0.771140794353103,5.46808926904928,750,9.61538461538461,68.1818181818182,0.58974358974359,62,78,0.794871794871795,5,0,49,67,268,382.5,438.5,41,342,53,"G6"
"202","Tulsa","fbs","American Athletic",2024,4696490,"Jack Wright",1,1,11,1,3.99359145025028,3.99359145025028,3.99359145025028,18,18,18,1,1,1,1,1,0,NA,NA,NA,NA,NA,NA,NA,NA,"G6"
"202","Tulsa","fbs","American Athletic",2024,4702729,"Braylin Presley",4,3,11,1.33333333333333,5.55955491650889,1.38988872912722,1.85318497216963,32,8,10.6666666666667,0.75,4,4,1,0,0,NA,NA,NA,NA,NA,NA,NA,NA,"G6"
"202","Tulsa","fbs","American Athletic",2024,4833073,"Zion Steptoe",12,6,11,2,2.21845389045799,0.184871157538166,0.369742315076332,115,9.58333333333333,19.1666666666667,0.666666666666667,10,12,0.833333333333333,0,0,NA,NA,NA,NA,NA,NA,NA,NA,"G6"
"202","Tulsa","fbs","American Athletic",2024,4917338,"Connor Vaughn",5,5,11,1,3.44705139069037,0.689410278138073,0.689410278138073,25,5,5,0.6,5,5,1,1,0,NA,NA,NA,NA,NA,NA,NA,NA,"G6"
"202","Tulsa","fbs","American Athletic",2024,5079298,"Lloyd Avant",12,6,11,2,-5.26651440895076,-0.438876200745897,-0.877752401491793,62,5.16666666666667,10.3333333333333,0.166666666666667,12,12,1,0,0,NA,NA,NA,NA,NA,NA,NA,NA,"G6"
"202","Tulsa","fbs","American Athletic",2024,5121616,"Grayson Tempest",18,9,11,2,-2.20408929021685,-0.122449405012047,-0.244898810024095,116,6.44444444444444,12.8888888888889,0.333333333333333,15,18,0.833333333333333,0,0,NA,NA,NA,NA,NA,NA,NA,NA,"G6"
"202","Tulsa","fbs","American Athletic",2024,5125734,"Luke Mcgary",18,9,11,2,14.4736530613558,0.804091836741988,1.60818367348398,228,12.6666666666667,25.3333333333333,0.555555555555556,16,18,0.888888888888889,1,0,NA,NA,NA,NA,NA,NA,NA,NA,"G6"
"202","Tulsa","fbs","American Athletic",2024,5138132,"Corey Smith",12,6,11,2,13.0132949780762,1.08444124817302,2.16888249634604,179,14.9166666666667,29.8333333333333,0.666666666666667,12,12,1,2,0,NA,NA,NA,NA,NA,NA,NA,NA,"G6"
"202","Tulsa","fbs","American Athletic",2024,5146727,"Josh Smith",1,1,11,1,0.655812219557121,0.655812219557121,0.655812219557121,3,3,3,1,1,1,1,0,0,NA,NA,NA,NA,NA,NA,NA,NA,"G6"
"202","Tulsa","fbs","American Athletic",2024,5146745,"Jacob Emmers",6,4,11,1.5,3.7261837221193,0.621030620353216,0.931545930529824,80,13.3333333333333,20,0.666666666666667,5,6,0.833333333333333,0,0,NA,NA,NA,NA,NA,NA,NA,NA,"G6"
"202","Tulsa","fbs","American Athletic",2024,5161800,"Viron Ellison Jr.",13,7,11,1.85714285714286,13.4456260216692,1.03427892474378,1.92080371738131,88,6.76923076923077,12.5714285714286,0.692307692307692,13,13,1,1,1,NA,NA,NA,NA,NA,NA,NA,NA,"G6"
"202","Tulsa","fbs","American Athletic",2024,5189530,"Joseph Williams",39,7,11,5.57142857142857,41.368845858253,1.0607396373911,5.90983512260758,524,13.4358974358974,74.8571428571429,0.58974358974359,28,39,0.717948717948718,3,2,150,49,115,382.5,482,154,91,36,"G6"
"2026","App State","fbs","Sun Belt",2024,4431134,"Eli Wilson",25,6,9,4.16666666666667,20.5919216601454,0.823676866405814,3.43198694335756,223,8.92,37.1666666666667,0.64,19,25,0.76,4,0,345,204,239,302.5,465.5,430,379,290,"G6"
"2026","App State","fbs","Sun Belt",2024,4432374,"Ahmani Marshall",11,6,9,1.83333333333333,-4.04913277804253,-0.368102979822048,-0.674855463007089,62,5.63636363636364,10.3333333333333,0.363636363636364,9,11,0.818181818181818,0,0,NA,NA,NA,NA,NA,NA,NA,NA,"G6"
"2026","App State","fbs","Sun Belt",2024,4567596,"Christan Horn",15,5,9,3,20.4098983229377,1.36065988819585,4.08197966458754,231,15.4,46.2,0.866666666666667,14,15,0.933333333333333,0,0,NA,NA,NA,NA,NA,NA,NA,NA,"G6"
"2026","App State","fbs","Sun Belt",2024,4592835,"Dalton Stroman",22,8,9,2.75,38.1626968393376,1.73466803815171,4.77033710491721,307,13.9545454545455,38.375,0.818181818181818,20,22,0.909090909090909,5,0,172,102,5,55.5,241.5,346.5,71,272,"G6"
"2026","App State","fbs","Sun Belt",2024,4603191,"David Larkins",5,4,9,1.25,3.21466100414521,0.642932200829041,0.803665251036301,18,3.6,4.5,0.8,5,5,1,1,0,NA,NA,NA,NA,NA,NA,NA,NA,"G6"
"2026","App State","fbs","Sun Belt",2024,4612558,"Anderson Castle",10,4,9,2.5,-3.94844477229728,-0.394844477229728,-0.987111193074319,49,4.9,12.25,0.2,10,10,1,0,0,NA,NA,NA,NA,NA,NA,NA,NA,"G6"
"2026","App State","fbs","Sun Belt",2024,4690196,"Michael Hetzel",5,4,9,1.25,4.85463255516876,0.970926511033752,1.21365813879219,67,13.4,16.75,1,5,5,1,0,0,NA,NA,NA,NA,NA,NA,NA,NA,"G6"
"2026","App State","fbs","Sun Belt",2024,4870743,"William Fowles",1,1,9,1,1.43380235487819,1.43380235487819,1.43380235487819,19,19,19,1,1,1,1,0,0,NA,NA,NA,NA,NA,NA,NA,NA,"G6"
"2026","App State","fbs","Sun Belt",2024,4873237,"Kaedin Robinson",44,7,9,6.28571428571429,56.2255533712741,1.27785348571077,8.03222191018201,679,15.4318181818182,97,0.772727272727273,42,44,0.954545454545455,2,1,66,11,56,96,156.5,72.5,37,7,"G6"
"2026","App State","fbs","Sun Belt",2024,4880684,"Maquel Haywood",4,2,9,2,-0.162531141957275,-0.0406327854893187,-0.0812655709786373,43,10.75,21.5,0.5,4,4,1,0,0,NA,NA,NA,NA,NA,NA,NA,NA,"G6"
"2026","App State","fbs","Sun Belt",2024,4900025,"Kanye Roberts",5,3,9,1.66666666666667,4.82446270053821,0.964892540107643,1.60815423351274,43,8.6,14.3333333333333,0.6,5,5,1,1,0,NA,NA,NA,NA,NA,NA,NA,NA,"G6"
"2026","App State","fbs","Sun Belt",2024,4911906,"Kanen Hamlett",4,3,9,1.33333333333333,7.82855374953238,1.95713843738309,2.60951791651079,35,8.75,11.6666666666667,1,4,4,1,2,0,NA,NA,NA,NA,NA,NA,NA,NA,"G6"
"2026","App State","fbs","Sun Belt",2024,5077874,"Max Drag",1,1,9,1,4.1846921511488,4.1846921511488,4.1846921511488,11,11,11,1,1,1,1,1,0,NA,NA,NA,NA,NA,NA,NA,NA,"G6"
"2026","App State","fbs","Sun Belt",2024,5088336,"Makai Jackson",41,9,9,4.55555555555556,58.5277397486222,1.42750584752737,6.50308219429136,667,16.2682926829268,74.1111111111111,0.75609756097561,38,41,0.926829268292683,4,0,56,31,30,113,205.5,77,29,39,"G6"
"2032","Arkansas State","fbs","Sun Belt",2024,4429133,"Malik Hornsby",6,4,11,1.5,1.41682515413084,0.236137525688473,0.35420628853271,35,5.83333333333333,8.75,0.333333333333333,6,6,1,0,0,NA,NA,NA,NA,NA,NA,NA,NA,"G6"
"2032","Arkansas State","fbs","Sun Belt",2024,4433901,"Corey Rucker",54,10,11,5.4,70.8708405024481,1.31242297226756,7.08708405024481,748,13.8518518518519,74.8,0.888888888888889,54,54,1,3,0,29,19,48,15,54,44.5,75,37,"G6"
"2032","Arkansas State","fbs","Sun Belt",2024,4565172,"Courtney Jackson",33,11,11,3,36.3417630978859,1.10126554842079,3.30379664526236,376,11.3939393939394,34.1818181818182,0.696969696969697,33,33,1,2,0,187,219,101,215.5,54,254,207,319.5,"G6"
"2032","Arkansas State","fbs","Sun Belt",2024,4570270,"Adam Jones",21,9,11,2.33333333333333,24.9035831420661,1.18588491152696,2.7670647935629,255,12.1428571428571,28.3333333333333,0.761904761904762,21,21,1,3,0,288,283,77,106.5,54,403.5,150,396,"G6"
"2032","Arkansas State","fbs","Sun Belt",2024,4571305,"Zak Wallace",13,6,11,2.16666666666667,-5.09801329336265,-0.392154868720204,-0.849668882227108,95,7.30769230769231,15.8333333333333,0.461538461538462,13,13,1,0,0,NA,NA,NA,NA,NA,NA,NA,NA,"G6"
"2032","Arkansas State","fbs","Sun Belt",2024,4691714,"Reggie Harden",3,1,11,3,9.56214670114889,3.1873822337163,9.56214670114889,52,17.3333333333333,52,0.666666666666667,3,3,1,2,0,NA,NA,NA,NA,NA,NA,NA,NA,"G6"
"2032","Arkansas State","fbs","Sun Belt",2024,4700811,"Ja'Quez Cross",25,9,11,2.77777777777778,0.765042494495594,0.0306016997798238,0.0850047216106216,152,6.08,16.8888888888889,0.52,25,25,1,0,0,496,496,497,442,54,487,481,479,"G6"
"2032","Arkansas State","fbs","Sun Belt",2024,4711409,"Emmanuel Stevenson",26,8,11,3.25,15.1771862013061,0.583737930819467,1.89714827516327,192,7.38461538461539,24,0.576923076923077,26,26,1,1,0,406,376,363,400,54,455,443,434,"G6"
"2032","Arkansas State","fbs","Sun Belt",2024,4880079,"Reagan Ealy",18,8,11,2.25,20.9246561631465,1.16248089795258,2.61558202039331,218,12.1111111111111,27.25,0.777777777777778,18,18,1,0,0,NA,NA,NA,NA,NA,NA,NA,NA,"G6"
"2032","Arkansas State","fbs","Sun Belt",2024,4881563,"Mike Sharpe II",1,1,11,1,0.81353364612292,0.81353364612292,0.81353364612292,5,5,5,1,1,1,1,0,0,NA,NA,NA,NA,NA,NA,NA,NA,"G6"
"2032","Arkansas State","fbs","Sun Belt",2024,4894449,"Miller McCrumby",10,7,11,1.42857142857143,3.95191784567876,0.395191784567876,0.564559692239823,77,7.7,11,0.7,10,10,1,0,0,NA,NA,NA,NA,NA,NA,NA,NA,"G6"
"2032","Arkansas State","fbs","Sun Belt",2024,5080403,"Jaylen Raynor",2,1,11,2,6.36436464869165,3.18218232434582,6.36436464869165,23,11.5,23,1,2,2,1,2,0,NA,NA,NA,NA,NA,NA,NA,NA,"G6"
"2032","Arkansas State","fbs","Sun Belt",2024,5111406,"Tennel Bryant",2,2,11,1,2.67117039670392,1.33558519835196,1.33558519835196,26,13,13,1,2,2,1,0,0,NA,NA,NA,NA,NA,NA,NA,NA,"G6"
"2032","Arkansas State","fbs","Sun Belt",2024,5121601,"Hunter Summers",8,4,11,2,19.3391155561606,2.41738944452008,4.83477888904016,111,13.875,27.75,0.875,8,8,1,2,0,NA,NA,NA,NA,NA,NA,NA,NA,"G6"
"2032","Arkansas State","fbs","Sun Belt",2024,5122081,"Tyler Little",3,3,11,1,4.2391741784082,1.4130580594694,1.4130580594694,13,4.33333333333333,4.33333333333333,0.666666666666667,3,3,1,1,0,NA,NA,NA,NA,NA,NA,NA,NA,"G6"
"2032","Arkansas State","fbs","Sun Belt",2024,5149058,"Devin Spencer",3,3,11,1,2.32592267199214,0.775307557330712,0.775307557330712,14,4.66666666666667,4.66666666666667,0.666666666666667,3,3,1,0,0,NA,NA,NA,NA,NA,NA,NA,NA,"G6"
"204","Oregon State","fbs","Pac-12",2024,4429709,"Jamious Griffin",3,2,11,1.5,-1.26270265414437,-0.420900884714788,-0.631351327072183,15,5,7.5,0.333333333333333,3,3,1,0,0,NA,NA,NA,NA,NA,NA,NA,NA,"G6"
"204","Oregon State","fbs","Pac-12",2024,4432772,"Jermaine Terry II",23,7,11,3.28571428571429,38.1079926083972,1.65686924384336,5.44399894405675,375,16.304347826087,53.5714285714286,0.869565217391304,23,23,1,1,0,173,69,10,20.5,54,256.5,27,143,"G6"
"204","Oregon State","fbs","Pac-12",2024,4685297,"Darrius Clemons",25,7,11,3.57142857142857,27.1036578828309,1.08414631531323,3.8719511261187,292,11.68,41.7142857142857,0.84,25,25,1,2,0,263,164,109,36.5,54,362,181,242,"G6"
"204","Oregon State","fbs","Pac-12",2024,4685385,"Anthony Hankerson",27,11,11,2.45454545454545,-1.56267622954772,-0.0578768973906562,-0.142061475413429,155,5.74074074074074,14.0909090909091,0.481481481481481,27,27,1,0,0,502,501,502,466,54,484.5,488,501,"G6"
"204","Oregon State","fbs","Pac-12",2024,4870965,"Tastean Reddicks",15,8,11,1.875,17.8262099845871,1.18841399897247,2.22827624807338,187,12.4666666666667,23.375,0.8,15,15,1,0,0,NA,NA,NA,NA,NA,NA,NA,NA,"G6"
"204","Oregon State","fbs","Pac-12",2024,4879562,"Jeremiah Noga",24,10,11,2.4,22.7998079907531,0.94999199961471,2.27998079907531,259,10.7916666666667,25.9,0.666666666666667,22,24,0.916666666666667,0,0,323,333,168,264.5,226,396.5,249,419,"G6"
"204","Oregon State","fbs","Pac-12",2024,4879567,"Trent Walker",76,11,11,6.90909090909091,71.3548622755634,0.938879766783729,6.48680566141486,855,11.25,77.7272727272727,0.723684210526316,76,76,1,2,0,27,34,172,168,54,20,219,28,"G6"
"204","Oregon State","fbs","Pac-12",2024,4879574,"Bryce Caufield",5,3,11,1.66666666666667,6.1450064126854,1.22900128253708,2.04833547089513,69,13.8,23,1,5,5,1,0,0,NA,NA,NA,NA,NA,NA,NA,NA,"G6"
"204","Oregon State","fbs","Pac-12",2024,4887446,"Gevani McCoy",1,1,11,1,3.63258102109633,3.63258102109633,3.63258102109633,21,21,21,1,1,1,1,1,0,NA,NA,NA,NA,NA,NA,NA,NA,"G6"
"204","Oregon State","fbs","Pac-12",2024,5085883,"Jake Reichle",1,1,11,1,-0.235212932350259,-0.235212932350259,-0.235212932350259,9,9,9,0,1,1,1,0,0,NA,NA,NA,NA,NA,NA,NA,NA,"G6"
"204","Oregon State","fbs","Pac-12",2024,5150582,"Salahadin Allah",2,2,11,1,-0.859839055556375,-0.429919527778188,-0.429919527778188,6,3,3,0,2,2,1,0,0,NA,NA,NA,NA,NA,NA,NA,NA,"G6"
"204","Oregon State","fbs","Pac-12",2024,5157287,"David Wells Jr.",4,3,11,1.33333333333333,2.08473859890994,0.521184649727486,0.694912866303315,16,4,5.33333333333333,0.5,4,4,1,0,0,NA,NA,NA,NA,NA,NA,NA,NA,"G6"
"2050","Ball State","fbs","Mid-American",2024,4431236,"Qian Magwood",23,9,11,2.55555555555556,4.79577739874215,0.208512060814876,0.532864155415794,187,8.1304347826087,20.7777777777778,0.521739130434783,21,23,0.91304347826087,3,0,478,476,469,439.5,232.5,458,421,459,"G6"
"2050","Ball State","fbs","Mid-American",2024,4431416,"Kiael Kelly",4,4,11,1,-1.56697340857544,-0.391743352143861,-0.391743352143861,3,0.75,0.75,0.5,4,4,1,0,0,NA,NA,NA,NA,NA,NA,NA,NA,"G6"
"2050","Ball State","fbs","Mid-American",2024,4683562,"Drew Hughes",1,1,11,1,0.594139469591741,0.594139469591741,0.594139469591741,2,2,2,1,1,1,1,1,0,NA,NA,NA,NA,NA,NA,NA,NA,"G6"
"2050","Ball State","fbs","Mid-American",2024,4689721,"Ty Robinson",5,2,11,2.5,6.18017508493887,1.23603501698777,3.09008754246943,69,13.8,34.5,0.8,5,5,1,1,0,NA,NA,NA,NA,NA,NA,NA,NA,"G6"
"2050","Ball State","fbs","Mid-American",2024,4696001,"Tyce Ferrell",2,2,11,1,-0.939875940164818,-0.469937970082409,-0.469937970082409,5,2.5,2.5,0,2,2,1,0,0,NA,NA,NA,NA,NA,NA,NA,NA,"G6"
"2050","Ball State","fbs","Mid-American",2024,4709788,"Vaughn Pemberton",7,5,11,1.4,5.28062493777673,0.754374991110961,1.05612498755535,81,11.5714285714286,16.2,0.428571428571429,7,7,1,1,0,NA,NA,NA,NA,NA,NA,NA,NA,"G6"
"2050","Ball State","fbs","Mid-American",2024,4869603,"Cam Pickett",50,11,11,4.54545454545455,34.4356589045423,0.688713178090845,3.13051444586748,459,9.18,41.7272727272727,0.62,42,50,0.84,2,0,198,233,317,346,383.5,194.5,369,241,"G6"
"2050","Ball State","fbs","Mid-American",2024,4877713,"Braedon Sloan",28,10,11,2.8,17.1716274796286,0.613272409986734,1.71716274796286,283,10.1071428571429,28.3,0.607142857142857,23,28,0.821428571428571,0,0,385,396,346,364,407.5,373,295,397,"G6"
"2050","Ball State","fbs","Mid-American",2024,4906094,"Nick Munson",2,2,11,1,1.03150544439075,0.515752722195376,0.515752722195376,12,6,6,0.5,2,2,1,0,0,NA,NA,NA,NA,NA,NA,NA,NA,"G6"
"2050","Ball State","fbs","Mid-American",2024,4917427,"Tanner Koziol",94,11,11,8.54545454545454,59.4529785868982,0.6324784956053,5.40481623517257,749,7.96808510638298,68.0909090909091,0.691489361702128,86,94,0.914893617021277,7,0,52,70,336,227,229,42.5,426,54,"G6"
"2050","Ball State","fbs","Mid-American",2024,4917436,"Nick Presley",1,1,11,1,-0.357489386402781,-0.357489386402781,-0.357489386402781,6,6,6,0,1,1,1,0,0,NA,NA,NA,NA,NA,NA,NA,NA,"G6"
"2050","Ball State","fbs","Mid-American",2024,4918437,"Christian Davis",1,1,11,1,-0.304641904018724,-0.304641904018724,-0.304641904018724,3,3,3,0,1,1,1,0,0,NA,NA,NA,NA,NA,NA,NA,NA,"G6"
"2050","Ball State","fbs","Mid-American",2024,5076651,"Christian Abney",6,4,11,1.5,3.6892542147488,0.614875702458133,0.9223135536872,50,8.33333333333333,12.5,0.5,5,6,0.833333333333333,1,0,NA,NA,NA,NA,NA,NA,NA,NA,"G6"
"2050","Ball State","fbs","Mid-American",2024,5077876,"TJ Horton",4,2,11,2,-2.77111588413256,-0.69277897103314,-1.38555794206628,3,0.75,1.5,0.25,3,4,0.75,0,0,NA,NA,NA,NA,NA,NA,NA,NA,"G6"
"2050","Ball State","fbs","Mid-American",2024,5083747,"Justin Bowick",22,4,11,5.5,30.1574386659647,1.37079266663476,7.53935966649117,383,17.4090909090909,95.75,0.772727272727273,20,22,0.909090909090909,3,0,235,12,38,96,241.5,249,12,9,"G6"
"2050","Ball State","fbs","Mid-American",2024,5091596,"Dahya Patel",7,4,11,1.75,15.236398631754,2.17662837596486,3.8090996579385,120,17.1428571428571,30,0.857142857142857,7,7,1,1,0,NA,NA,NA,NA,NA,NA,NA,NA,"G6"
"2050","Ball State","fbs","Mid-American",2024,5091890,"Kadin Semonza",2,2,11,1,-2.10529859578967,-1.05264929789483,-1.05264929789483,1,0.5,0.5,0.5,2,2,1,0,0,NA,NA,NA,NA,NA,NA,NA,NA,"G6"
"2050","Ball State","fbs","Mid-American",2024,5151982,"Malcolm Gillie",16,7,11,2.28571428571429,12.7973586759687,0.799834917248046,1.82819409656696,204,12.75,29.1428571428571,0.625,14,16,0.875,1,0,NA,NA,NA,NA,NA,NA,NA,NA,"G6"
"2050","Ball State","fbs","Mid-American",2024,5222761,"Jamarion McDougle",3,1,11,3,7.13617196776396,2.37872398925465,7.13617196776396,47,15.6666666666667,47,1,3,3,1,1,0,NA,NA,NA,NA,NA,NA,NA,NA,"G6"
"2084","Buffalo","fbs","Mid-American",2024,4426998,"Javien Cuff",11,7,11,1.57142857142857,6.35929325349224,0.578117568499295,0.908470464784606,131,11.9090909090909,18.7142857142857,0.727272727272727,10,11,0.909090909090909,0,0,NA,NA,NA,NA,NA,NA,NA,NA,"G6"
"2084","Buffalo","fbs","Mid-American",2024,4431174,"Taji Johnson",16,6,11,2.66666666666667,3.56842925125503,0.22302682820344,0.594738208542506,118,7.375,19.6666666666667,0.4375,14,16,0.875,0,0,NA,NA,NA,NA,NA,NA,NA,NA,"G6"
"2084","Buffalo","fbs","Mid-American",2024,4571114,"JJ Jenkins",41,10,11,4.1,18.2741687673832,0.44571143335081,1.82741687673832,360,8.78048780487805,36,0.560975609756098,32,41,0.780487804878049,1,0,373,386,417,409,445,271,391,298,"G6"
"2084","Buffalo","fbs","Mid-American",2024,4577762,"Jacob Orlando",12,6,11,2,2.04989056688209,0.170824213906841,0.341648427813682,65,5.41666666666667,10.8333333333333,0.5,10,12,0.833333333333333,1,0,NA,NA,NA,NA,NA,NA,NA,NA,"G6"
"2084","Buffalo","fbs","Mid-American",2024,4599158,"Al-Jay Henderson",18,8,11,2.25,4.50247335613634,0.250137408674241,0.562809169517042,127,7.05555555555556,15.875,0.611111111111111,16,18,0.888888888888889,0,0,NA,NA,NA,NA,NA,NA,NA,NA,"G6"
"2084","Buffalo","fbs","Mid-American",2024,4869601,"Chance Morrow",5,3,11,1.66666666666667,2.91992886562725,0.58398577312545,0.973309621875749,59,11.8,19.6666666666667,0.6,5,5,1,0,0,NA,NA,NA,NA,NA,NA,NA,NA,"G6"
"2084","Buffalo","fbs","Mid-American",2024,4880174,"Tadd Barr",7,5,11,1.4,4.4521379496255,0.636019707089358,0.890427589925101,89,12.7142857142857,17.8,0.714285714285714,6,7,0.857142857142857,0,0,NA,NA,NA,NA,NA,NA,NA,NA,"G6"
"2084","Buffalo","fbs","Mid-American",2024,5084967,"Victor Snow",45,11,11,4.09090909090909,42.7174377957799,0.949276395461775,3.88340343597999,504,11.2,45.8181818181818,0.711111111111111,41,45,0.911111111111111,1,0,139,161,169,199.5,237,166.5,226,196.5,"G6"
"2084","Buffalo","fbs","Mid-American",2024,5091891,"Lamar Sperling",3,3,11,1,-1.11521914992156,-0.37173971664052,-0.37173971664052,17,5.66666666666667,5.66666666666667,0.333333333333333,3,3,1,0,0,NA,NA,NA,NA,NA,NA,NA,NA,"G6"
"2084","Buffalo","fbs","Mid-American",2024,5093836,"Evan King",2,1,11,2,1.92523821210566,0.962619106052831,1.92523821210566,15,7.5,15,1,2,2,1,0,0,NA,NA,NA,NA,NA,NA,NA,NA,"G6"
"2084","Buffalo","fbs","Mid-American",2024,5151364,"Qua Sanders",2,2,11,1,4.06823771761418,2.03411885880709,2.03411885880709,25,12.5,12.5,1,2,2,1,0,0,NA,NA,NA,NA,NA,NA,NA,NA,"G6"
"2084","Buffalo","fbs","Mid-American",2024,5151369,"Messiah Burch",10,7,11,1.42857142857143,4.26720671175429,0.426720671175429,0.609600958822041,121,12.1,17.2857142857143,0.6,9,10,0.9,0,0,NA,NA,NA,NA,NA,NA,NA,NA,"G6"
"2084","Buffalo","fbs","Mid-American",2024,5151379,"Andrew Schnackenberg",2,2,11,1,-6.09766346426959,-3.0488317321348,-3.0488317321348,9,4.5,4.5,0.5,1,2,0.5,0,0,NA,NA,NA,NA,NA,NA,NA,NA,"G6"
"2084","Buffalo","fbs","Mid-American",2024,5151380,"Ryan Daly",1,1,11,1,1.18328033612226,1.18328033612226,1.18328033612226,13,13,13,1,1,1,1,0,0,NA,NA,NA,NA,NA,NA,NA,NA,"G6"
"2084","Buffalo","fbs","Mid-American",2024,5162845,"Jacqez Barksdale",6,5,11,1.2,-7.56375256014969,-1.26062542669161,-1.51275051202994,26,4.33333333333333,5.2,0.166666666666667,6,6,1,0,0,NA,NA,NA,NA,NA,NA,NA,NA,"G6"
"21","San Diego State","fbs","Mountain West",2024,4428921,"Jude Wolfe",11,6,11,1.83333333333333,9.56754130487943,0.869776482261766,1.5945902174799,110,10,18.3333333333333,0.636363636363636,11,11,1,1,0,NA,NA,NA,NA,NA,NA,NA,NA,"G6"
"21","San Diego State","fbs","Mountain West",2024,4429227,"Jaylon Armstead",1,1,11,1,2.04736397987563,2.04736397987563,2.04736397987563,0,0,0,1,1,1,1,0,0,NA,NA,NA,NA,NA,NA,NA,NA,"G6"
"21","San Diego State","fbs","Mountain West",2024,4430119,"Deshawn McCuin",1,1,11,1,-2.69090197872672,-2.69090197872672,-2.69090197872672,1,1,1,0,1,1,1,0,0,NA,NA,NA,NA,NA,NA,NA,NA,"G6"
"21","San Diego State","fbs","Mountain West",2024,4430323,"Ja'Shaun Poke",54,11,11,4.90909090909091,29.8574771385164,0.55291624330586,2.71431610350149,415,7.68518518518519,37.7272727272727,0.648148148148148,44,54,0.814814814814815,1,0,240,290,382,292,416,226,432,281,"G6"
"21","San Diego State","fbs","Mountain West",2024,4430468,"Marquez Cooper",18,9,11,2,5.97748104236972,0.332082280131651,0.664164560263302,113,6.27777777777778,12.5555555555556,0.555555555555556,17,18,0.944444444444444,2,0,NA,NA,NA,NA,NA,NA,NA,NA,"G6"
"21","San Diego State","fbs","Mountain West",2024,4682487,"Cam Davis",4,2,11,2,-0.738831791160028,-0.184707947790007,-0.369415895580014,10,2.5,5,0.25,4,4,1,0,0,NA,NA,NA,NA,NA,NA,NA,NA,"G6"
"21","San Diego State","fbs","Mountain West",2024,4698677,"Nate Bennett",26,11,11,2.36363636363636,27.0809927545454,1.04157664440559,2.4619084322314,303,11.6538461538462,27.5454545454545,0.692307692307692,22,26,0.846153846153846,1,0,264,312,127,224.5,375.5,352.5,183,405,"G6"
"21","San Diego State","fbs","Mountain West",2024,4699782,"Mekhi Shaw",18,7,11,2.57142857142857,7.51678308263354,0.417599060146308,1.07382615466193,141,7.83333333333333,20.1428571428571,0.555555555555556,13,18,0.722222222222222,1,0,NA,NA,NA,NA,NA,NA,NA,NA,"G6"
"21","San Diego State","fbs","Mountain West",2024,4701588,"Michael Harrison",19,6,11,3.16666666666667,0.214186557131282,0.0112729766911201,0.0356977595218803,113,5.94736842105263,18.8333333333333,0.473684210526316,15,19,0.789473684210526,0,0,NA,NA,NA,NA,NA,NA,NA,NA,"G6"
"21","San Diego State","fbs","Mountain West",2024,4869579,"Chris Johnson",1,1,11,1,2.32148614595529,2.32148614595529,2.32148614595529,6,6,6,1,1,1,1,0,0,NA,NA,NA,NA,NA,NA,NA,NA,"G6"
"21","San Diego State","fbs","Mountain West",2024,4896389,"Louis Brown",45,9,11,5,40.881879511972,0.908486211377156,4.54243105688578,505,11.2222222222222,56.1111111111111,0.666666666666667,35,45,0.777777777777778,2,0,153,118,192,264.5,448.5,165,224,126,"G6"
"21","San Diego State","fbs","Mountain West",2024,4918108,"Jordan Napier",50,9,11,5.55555555555556,24.5776444212612,0.491552888425223,2.73084938014013,367,7.34,40.7777777777778,0.38,39,50,0.78,3,0,295,288,402,497,446,264,444,251,"G6"
"21","San Diego State","fbs","Mountain West",2024,4920196,"Javance Tupou'ata-Johnson",1,1,11,1,5.15752603985012,5.15752603985012,5.15752603985012,12,12,12,1,1,1,1,1,0,NA,NA,NA,NA,NA,NA,NA,NA,"G6"
"21","San Diego State","fbs","Mountain West",2024,5075962,"Baylin Brooks",1,1,11,1,-0.438459882305331,-0.438459882305331,-0.438459882305331,7,7,7,0,1,1,1,0,0,NA,NA,NA,NA,NA,NA,NA,NA,"G6"
"21","San Diego State","fbs","Mountain West",2024,5126474,"Danny O'Neil",2,2,11,1,0.328372214126432,0.164186107063216,0.164186107063216,5,2.5,2.5,0.5,1,2,0.5,1,0,NA,NA,NA,NA,NA,NA,NA,NA,"G6"
"2116","UCF","fbs","Big 12",2024,4426612,"Jarrad Baker",5,4,11,1.25,2.61008294533037,0.522016589066074,0.652520736332593,49,9.8,12.25,0.6,5,5,1,0,0,NA,NA,NA,NA,NA,NA,NA,NA,"P4"
"2116","UCF","fbs","Big 12",2024,4429056,"Kobe Hudson",55,11,11,5,47.7293489420484,0.867806344400881,4.3390317220044,564,10.2545454545455,51.2727272727273,0.636363636363636,45,55,0.818181818181818,4,0,104,131,212,315.5,411.5,126,285,155,"P4"
"2116","UCF","fbs","Big 12",2024,4429287,"Peny Boone",1,1,11,1,0.810248106165764,0.810248106165764,0.810248106165764,9,9,9,1,1,1,1,0,0,NA,NA,NA,NA,NA,NA,NA,NA,"P4"
"2116","UCF","fbs","Big 12",2024,4431647,"Chauncey Magwood",5,3,11,1.66666666666667,9.33170267207595,1.86634053441519,3.11056755735865,102,20.4,34,1,5,5,1,0,0,NA,NA,NA,NA,NA,NA,NA,NA,"P4"
"2116","UCF","fbs","Big 12",2024,4567217,"Ja'Varrius Johnson",11,6,11,1.83333333333333,1.56461972135618,0.142238156486925,0.260769953559363,62,5.63636363636364,10.3333333333333,0.545454545454545,10,11,0.909090909090909,0,0,NA,NA,NA,NA,NA,NA,NA,NA,"P4"
"2116","UCF","fbs","Big 12",2024,4567415,"Trent Whittemore",6,5,11,1.2,10.670563937135,1.77842732285584,2.134112787427,126,21,25.2,1,6,6,1,0,0,NA,NA,NA,NA,NA,NA,NA,NA,"P4"
"2116","UCF","fbs","Big 12",2024,4568490,"RJ Harvey",17,9,11,1.88888888888889,16.4986813031122,0.970510664888951,1.83318681145691,200,11.7647058823529,22.2222222222222,0.647058823529412,17,17,1,3,1,NA,NA,NA,NA,NA,NA,NA,NA,"P4"
"2116","UCF","fbs","Big 12",2024,4569508,"Evan Morris",2,2,11,1,-1.24086646283114,-0.620433231415571,-0.620433231415571,10,5,5,0.5,2,2,1,0,0,NA,NA,NA,NA,NA,NA,NA,NA,"P4"
"2116","UCF","fbs","Big 12",2024,4676889,"Myles Montgomery",2,2,11,1,-0.511095485851615,-0.255547742925808,-0.255547742925808,17,8.5,8.5,0.5,2,2,1,0,0,NA,NA,NA,NA,NA,NA,NA,NA,"P4"
"2116","UCF","fbs","Big 12",2024,4690120,"Johnny Richardson",13,7,11,1.85714285714286,-0.665267722235722,-0.0511744401719786,-0.0950382460336745,69,5.30769230769231,9.85714285714286,0.538461538461538,12,13,0.923076923076923,0,1,NA,NA,NA,NA,NA,NA,NA,NA,"P4"
"2116","UCF","fbs","Big 12",2024,4808767,"Xavier Townsend",10,3,11,3.33333333333333,2.01405322871215,0.201405322871215,0.671351076237384,67,6.7,22.3333333333333,0.4,9,10,0.9,1,0,NA,NA,NA,NA,NA,NA,NA,NA,"P4"
"2116","UCF","fbs","Big 12",2024,4870954,"Randy Pittman",28,9,11,3.11111111111111,25.0381990483146,0.894221394582666,2.78202211647941,349,12.4642857142857,38.7777777777778,0.821428571428571,27,28,0.964285714285714,2,0,285,281,196,52,136.5,282.5,124.5,267,"P4"
"2116","UCF","fbs","Big 12",2024,5079462,"Kylan Fox",1,1,11,1,-0.660598171853733,-0.660598171853733,-0.660598171853733,11,11,11,0,1,1,1,0,0,NA,NA,NA,NA,NA,NA,NA,NA,"P4"
"2116","UCF","fbs","Big 12",2024,5083297,"Jacoby Jones",27,6,11,4.5,36.0484276247544,1.33512694906498,6.0080712707924,291,10.7777777777778,48.5,0.740740740740741,21,27,0.777777777777778,2,0,193,46,43,140.5,448.5,364,250,173,"P4"
"2117","Central Michigan","fbs","Mid-American",2024,4426760,"Stephan Bracey",3,1,11,3,3.34643510070419,1.1154783669014,3.34643510070419,27,9,27,1,3,3,1,0,0,NA,NA,NA,NA,NA,NA,NA,NA,"G6"
"2117","Central Michigan","fbs","Mid-American",2024,4430716,"Justin Whiteside",1,1,11,1,4.45730032141785,4.45730032141785,4.45730032141785,23,23,23,1,1,1,1,0,0,NA,NA,NA,NA,NA,NA,NA,NA,"G6"
"2117","Central Michigan","fbs","Mid-American",2024,4431639,"BJ Harris",11,8,11,1.375,3.29156394225008,0.299233085659098,0.41144549278126,91,8.27272727272727,11.375,0.363636363636364,10,11,0.909090909090909,0,0,NA,NA,NA,NA,NA,NA,NA,NA,"G6"
"2117","Central Michigan","fbs","Mid-American",2024,4574651,"Solomon Davis",22,10,11,2.2,12.3145945355959,0.559754297072541,1.23145945355959,289,13.1363636363636,28.9,0.545454545454545,16,22,0.727272727272727,0,0,429,436,377,422.5,477,365,99,387,"G6"
"2117","Central Michigan","fbs","Mid-American",2024,4683221,"Chris Parker",27,9,11,3,21.1808433381559,0.784475679190958,2.35342703757287,271,10.037037037037,30.1111111111111,0.740740740740741,25,27,0.925925925925926,2,0,341,322,259,140.5,207,382.5,304,372.5,"G6"
"2117","Central Michigan","fbs","Mid-American",2024,4869497,"Tommy Mcintosh",5,2,11,2.5,-2.38294762331049,-0.476589524662098,-1.19147381165525,15,3,7.5,0.2,2,5,0.4,0,0,NA,NA,NA,NA,NA,NA,NA,NA,"G6"
"2117","Central Michigan","fbs","Mid-American",2024,4869821,"D.C. Temple",5,4,11,1.25,4.65435647140599,0.930871294281198,1.1635891178515,66,13.2,16.5,0.8,5,5,1,0,0,NA,NA,NA,NA,NA,NA,NA,NA,"G6"
"2117","Central Michigan","fbs","Mid-American",2024,4875666,"Nahree Biggins",3,3,11,1,-2.24495021838661,-0.748316739462202,-0.748316739462202,11,3.66666666666667,3.66666666666667,0,3,3,1,0,1,NA,NA,NA,NA,NA,NA,NA,NA,"G6"
"2117","Central Michigan","fbs","Mid-American",2024,4875667,"Marion Lukes",17,8,11,2.125,6.64026002265284,0.390603530744285,0.830032502831605,159,9.35294117647059,19.875,0.470588235294118,15,17,0.882352941176471,1,0,NA,NA,NA,NA,NA,NA,NA,NA,"G6"
"2117","Central Michigan","fbs","Mid-American",2024,4875671,"Myles Bailey",10,6,11,1.66666666666667,-4.81824552143431,-0.481824552143431,-0.803040920239052,43,4.3,7.16666666666667,0.1,9,10,0.9,0,0,NA,NA,NA,NA,NA,NA,NA,NA,"G6"
"2117","Central Michigan","fbs","Mid-American",2024,4912164,"Jordyn Williams",4,2,11,2,1.27776367648341,0.319440919120853,0.638881838241706,43,10.75,21.5,0.75,4,4,1,0,0,NA,NA,NA,NA,NA,NA,NA,NA,"G6"
"2117","Central Michigan","fbs","Mid-American",2024,5056106,"Evan Boyd",18,7,11,2.57142857142857,21.1856690322235,1.17698161290131,3.0265241474605,224,12.4444444444444,32,0.888888888888889,18,18,1,1,0,NA,NA,NA,NA,NA,NA,NA,NA,"G6"
"2117","Central Michigan","fbs","Mid-American",2024,5077819,"Nathan Vantimmeren",4,3,11,1.33333333333333,0.353602762719711,0.0884006906799277,0.117867587573237,24,6,8,0.5,4,4,1,0,0,NA,NA,NA,NA,NA,NA,NA,NA,"G6"
"2117","Central Michigan","fbs","Mid-American",2024,5086233,"Jesse Prewitt III",22,9,11,2.44444444444444,10.5855970361824,0.481163501644656,1.17617744846472,151,6.86363636363636,16.7777777777778,0.636363636363636,19,22,0.863636363636364,0,0,443,441,406,315.5,348,489,462.5,480,"G6"
"2117","Central Michigan","fbs","Mid-American",2024,5149056,"Jadyn Glasser",2,1,11,2,3.57107303012128,1.78553651506064,3.57107303012128,9,4.5,9,1,2,2,1,2,0,NA,NA,NA,NA,NA,NA,NA,NA,"G6"
"2117","Central Michigan","fbs","Mid-American",2024,5154262,"Gavin Harris",9,5,11,1.8,11.9340030415271,1.32600033794746,2.38680060830543,144,16,28.8,0.777777777777778,9,9,1,1,0,NA,NA,NA,NA,NA,NA,NA,NA,"G6"
"213","Penn State","fbs","Big Ten",2024,4430800,"Julian Fleming",14,9,13,1.55555555555556,16.0948785783679,1.14963418416913,1.78831984204087,176,12.5714285714286,19.5555555555556,0.714285714285714,14,14,1,1,0,NA,NA,NA,NA,NA,NA,NA,NA,"P4"
"213","Penn State","fbs","Big Ten",2024,4431459,"Tyler Warren",92,13,13,7.07692307692308,70.1179230733322,0.762151337753611,5.39368639025632,1047,11.3804347826087,80.5384615384615,0.728260869565217,86,92,0.934782608695652,6,1,30,74,275,160,193,7,209,22,"P4"
"213","Penn State","fbs","Big Ten",2024,4594337,"Liam Clifford",17,8,13,2.125,24.1443204975495,1.42025414691468,3.01804006219369,279,16.4117647058824,34.875,0.882352941176471,17,17,1,1,0,NA,NA,NA,NA,NA,NA,NA,NA,"P4"
"213","Penn State","fbs","Big Ten",2024,4685246,"Kaytron Allen",16,7,13,2.28571428571429,4.26495198911505,0.266559499319691,0.609278855587864,119,7.4375,17,0.5625,15,16,0.9375,2,0,NA,NA,NA,NA,NA,NA,NA,NA,"P4"
"213","Penn State","fbs","Big Ten",2024,4685396,"Anthony Ivey",1,1,13,1,0.58481062099715,0.58481062099715,0.58481062099715,15,15,15,1,1,1,1,0,0,NA,NA,NA,NA,NA,NA,NA,NA,"P4"
"213","Penn State","fbs","Big Ten",2024,4685555,"Nicholas Singleton",38,12,13,3.16666666666667,26.4618715062687,0.696365039638649,2.20515595885572,329,8.6578947368421,27.4166666666667,0.631578947368421,36,38,0.947368421052632,5,0,271,345,313,325.5,171,317,394,407,"P4"
"213","Penn State","fbs","Big Ten",2024,4699354,"Harrison Wallace III",44,11,13,4,63.2053490697283,1.43648520613019,5.74594082452076,650,14.7727272727273,59.0909090909091,0.863636363636364,40,44,0.909090909090909,4,0,43,55,29,24.5,241.5,83,53,108,"P4"
"213","Penn State","fbs","Big Ten",2024,4699678,"Khalil Dinkins",12,7,13,1.71428571428571,7.02539024544687,0.585449187120572,1.00362717792098,88,7.33333333333333,12.5714285714286,0.75,11,12,0.916666666666667,2,0,NA,NA,NA,NA,NA,NA,NA,NA,"P4"
"213","Penn State","fbs","Big Ten",2024,4702908,"Omari Evans",19,9,13,2.11111111111111,26.4246913726139,1.39077323013757,2.93607681917932,348,18.3157894736842,38.6666666666667,0.631578947368421,18,19,0.947368421052632,4,0,NA,NA,NA,NA,NA,NA,NA,NA,"P4"
"213","Penn State","fbs","Big Ten",2024,5079402,"Tyseer Denmark",2,2,13,1,7.24515841599385,3.62257920799693,3.62257920799693,28,14,14,1,2,2,1,1,0,NA,NA,NA,NA,NA,NA,NA,NA,"P4"
"213","Penn State","fbs","Big Ten",2024,5079577,"Quinton Martin Jr.",3,1,13,3,-0.416387728441726,-0.138795909480575,-0.416387728441726,18,6,18,0.333333333333333,3,3,1,0,0,NA,NA,NA,NA,NA,NA,NA,NA,"P4"
"213","Penn State","fbs","Big Ten",2024,5079699,"Corey Smith",1,1,13,1,-1.01784847827658,-1.01784847827658,-1.01784847827658,-2,-2,-2,0,1,1,1,0,0,NA,NA,NA,NA,NA,NA,NA,NA,"P4"
"213","Penn State","fbs","Big Ten",2024,5138451,"Luke Reynolds",6,3,13,2,8.22214894037404,1.37035815672901,2.74071631345801,88,14.6666666666667,29.3333333333333,1,6,6,1,1,0,NA,NA,NA,NA,NA,NA,NA,NA,"P4"
"2132","Cincinnati","fbs","Big 12",2024,4430817,"Xzavier Henderson",53,11,11,4.81818181818182,55.2794571451707,1.04300862538058,5.02540519501551,644,12.1509433962264,58.5454545454545,0.867924528301887,53,53,1,3,1,72,90,125,22,54,85.5,149,109,"P4"
"2132","Cincinnati","fbs","Big 12",2024,4431431,"Corey Kiner",15,8,11,1.875,5.54499963624192,0.369666642416128,0.69312495453024,112,7.46666666666667,14,0.533333333333333,15,15,1,0,1,NA,NA,NA,NA,NA,NA,NA,NA,"P4"
"2132","Cincinnati","fbs","Big 12",2024,4432757,"Evan Pryor",14,7,11,2,8.770417016575,0.626458358326785,1.25291671665357,168,12,24,0.428571428571429,14,14,1,1,0,NA,NA,NA,NA,NA,NA,NA,NA,"P4"
"2132","Cincinnati","fbs","Big 12",2024,4565859,"Joe Royer",43,11,11,3.90909090909091,29.0638425101081,0.675903314188561,2.64216750091892,418,9.72093023255814,38,0.674418604651163,43,43,1,2,0,248,295,322,251.5,54,225,334,279,"P4"
"2132","Cincinnati","fbs","Big 12",2024,4575528,"Francis Sherman",1,1,11,1,1.17686476385163,1.17686476385163,1.17686476385163,8,8,8,1,1,1,1,0,1,NA,NA,NA,NA,NA,NA,NA,NA,"P4"
"2132","Cincinnati","fbs","Big 12",2024,4683531,"Aaron Turner",3,1,11,3,-0.867735029947401,-0.289245009982467,-0.867735029947401,17,5.66666666666667,17,0.666666666666667,3,3,1,0,0,NA,NA,NA,NA,NA,NA,NA,NA,"P4"
"2132","Cincinnati","fbs","Big 12",2024,4692972,"Jamoi Mayes",26,10,11,2.6,26.8546708742081,1.03287195670031,2.68546708742081,325,12.5,32.5,0.807692307692308,26,26,1,1,1,268,292,130,66,54,320,123,339.5,"P4"
"2132","Cincinnati","fbs","Big 12",2024,4831971,"Kalen Carroll",1,1,11,1,0.221519176450158,0.221519176450158,0.221519176450158,6,6,6,1,1,1,1,0,0,NA,NA,NA,NA,NA,NA,NA,NA,"P4"
"2132","Cincinnati","fbs","Big 12",2024,4875687,"Tyrin Smith",4,3,11,1.33333333333333,1.99919704872071,0.499799262180178,0.666399016240237,32,8,10.6666666666667,0.75,4,4,1,0,0,NA,NA,NA,NA,NA,NA,NA,NA,"P4"
"2132","Cincinnati","fbs","Big 12",2024,4879499,"Tony Johnson",49,11,11,4.45454545454545,42.9178474047706,0.875874436832053,3.90162249134278,455,9.28571428571429,41.3636363636364,0.755102040816326,49,49,1,6,0,136,158,206,115.5,54,199,361,246,"P4"
"2132","Cincinnati","fbs","Big 12",2024,4882122,"Sterling Berkhalter",9,6,11,1.5,11.517578677799,1.27973096419989,1.91959644629983,121,13.4444444444444,20.1666666666667,1,9,9,1,0,0,NA,NA,NA,NA,NA,NA,NA,NA,"P4"
"2132","Cincinnati","fbs","Big 12",2024,4899046,"Brendan Sorsby",1,1,11,1,0.843204470788351,0.843204470788351,0.843204470788351,3,3,3,1,1,1,1,1,0,NA,NA,NA,NA,NA,NA,NA,NA,"P4"
"2132","Cincinnati","fbs","Big 12",2024,4922983,"Manny Covey",7,2,11,3.5,9.60281316406392,1.37183045200913,4.80140658203196,112,16,56,0.857142857142857,7,7,1,2,0,NA,NA,NA,NA,NA,NA,NA,NA,"P4"
"2132","Cincinnati","fbs","Big 12",2024,4923288,"Barry Jackson Jr.",2,2,11,1,0.994562004521816,0.497281002260908,0.497281002260908,17,8.5,8.5,0.5,2,2,1,0,0,NA,NA,NA,NA,NA,NA,NA,NA,"P4"
"2132","Cincinnati","fbs","Big 12",2024,5146995,"Devyn Zahursky",1,1,11,1,0.361649170345608,0.361649170345608,0.361649170345608,7,7,7,1,1,1,1,0,0,NA,NA,NA,NA,NA,NA,NA,NA,"P4"
"218","Temple","fbs","American Athletic",2024,146583,"John Adams",16,8,12,2,19.9426377858518,1.24641486161574,2.49282972323148,194,12.125,24.25,0.875,16,16,1,1,0,NA,NA,NA,NA,NA,NA,NA,NA,"G6"
"218","Temple","fbs","American Athletic",2024,4428938,"Dante Wright",70,8,12,8.75,69.5104191938231,0.993005988483187,8.68880239922788,758,10.8285714285714,94.75,0.614285714285714,60,70,0.857142857142857,6,1,31,5,146,358,359,40,246,11,"G6"
"218","Temple","fbs","American Athletic",2024,4431387,"Evan Simon",1,1,12,1,3.60781106865797,3.60781106865797,3.60781106865797,32,32,32,1,1,1,1,1,0,NA,NA,NA,NA,NA,NA,NA,NA,"G6"
"218","Temple","fbs","American Athletic",2024,4431560,"Antwain Littleton II",18,10,12,1.8,11.6601795265613,0.647787751475631,1.16601795265613,131,7.27777777777778,13.1,0.444444444444444,15,18,0.833333333333333,1,1,NA,NA,NA,NA,NA,NA,NA,NA,"G6"
"218","Temple","fbs","American Athletic",2024,4575856,"James Della Pesca",15,7,12,2.14285714285714,8.87048174657121,0.591365449771414,1.2672116780816,131,8.73333333333333,18.7142857142857,0.666666666666667,14,15,0.933333333333333,0,0,NA,NA,NA,NA,NA,NA,NA,NA,"G6"
"218","Temple","fbs","American Athletic",2024,4600418,"Kajiya Hollawayne",10,7,12,1.42857142857143,3.53193487498304,0.353193487498304,0.504562124997576,120,12,17.1428571428571,0.6,9,10,0.9,0,1,NA,NA,NA,NA,NA,NA,NA,NA,"G6"
"218","Temple","fbs","American Athletic",2024,4683306,"Landon Morris",19,7,12,2.71428571428571,24.1886936164463,1.2730891377077,3.45552765949233,251,13.2105263157895,35.8571428571429,0.684210526315789,16,19,0.842105263157895,1,0,NA,NA,NA,NA,NA,NA,NA,NA,"G6"
"218","Temple","fbs","American Athletic",2024,4717723,"Reese Clark",1,1,12,1,-0.0135726478819831,-0.0135726478819831,-0.0135726478819831,4,4,4,0,1,1,1,0,1,NA,NA,NA,NA,NA,NA,NA,NA,"G6"
"218","Temple","fbs","American Athletic",2024,4870836,"Xavier Irvin",3,3,12,1,1.78995289718776,0.596650965729254,0.596650965729254,40,13.3333333333333,13.3333333333333,1,3,3,1,0,0,NA,NA,NA,NA,NA,NA,NA,NA,"G6"
"218","Temple","fbs","American Athletic",2024,4888131,"Antonio Jones",26,10,12,2.6,-1.31680571149975,-0.0506463735192211,-0.131680571149975,120,4.61538461538461,12,0.423076923076923,21,26,0.807692307692308,0,0,501,500,501,489.5,426.5,501,501,505,"G6"
"218","Temple","fbs","American Athletic",2024,4920228,"Jocquez Smith",9,7,12,1.28571428571429,-2.25034523861119,-0.250038359845688,-0.32147789123017,43,4.77777777777778,6.14285714285714,0.333333333333333,9,9,1,0,0,NA,NA,NA,NA,NA,NA,NA,NA,"G6"
"218","Temple","fbs","American Athletic",2024,5080547,"Peter Clarke",3,3,12,1,2.94751268836456,0.982504229454852,0.982504229454852,16,5.33333333333333,5.33333333333333,1,3,3,1,2,0,NA,NA,NA,NA,NA,NA,NA,NA,"G6"
"218","Temple","fbs","American Athletic",2024,5126537,"Jamar Taylor Jr.",13,5,12,2.6,1.04576580935997,0.0804435237969211,0.209153161871995,80,6.15384615384615,16,0.384615384615385,11,13,0.846153846153846,0,0,NA,NA,NA,NA,NA,NA,NA,NA,"G6"
"218","Temple","fbs","American Athletic",2024,5147463,"Tyler Stewart",5,2,12,2.5,-0.295760298969858,-0.0591520597939717,-0.147880149484929,60,12,30,0.4,5,5,1,0,0,NA,NA,NA,NA,NA,NA,NA,NA,"G6"
"218","Temple","fbs","American Athletic",2024,5160151,"Cole Sprague",1,1,12,1,-0.441932440044348,-0.441932440044348,-0.441932440044348,4,4,4,0,1,1,1,0,0,NA,NA,NA,NA,NA,NA,NA,NA,"G6"
"218","Temple","fbs","American Athletic",2024,5219863,"Tyrei Washington",2,1,12,2,-1.42994299167673,-0.714971495838365,-1.42994299167673,8,4,8,0,2,2,1,0,0,NA,NA,NA,NA,NA,NA,NA,NA,"G6"
"218","Temple","fbs","American Athletic",2024,5219864,"Terrez Worthy",17,7,12,2.42857142857143,-9.14046488921094,-0.537674405247702,-1.30578069845871,65,3.82352941176471,9.28571428571429,0.235294117647059,16,17,0.941176470588235,0,0,NA,NA,NA,NA,NA,NA,NA,NA,"G6"
"218","Temple","fbs","American Athletic",2024,5219865,"Ashton Allen",31,11,12,2.81818181818182,24.8264791017451,0.800854164572422,2.25695264561319,322,10.3870967741935,29.2727272727273,0.580645161290323,24,31,0.774193548387097,2,0,292,337,252,394.5,451.5,324,280,380,"G6"
"218","Temple","fbs","American Athletic",2024,5219878,"Daniel Evert",9,6,12,1.5,14.3571187434497,1.59523541593886,2.39285312390828,143,15.8888888888889,23.8333333333333,0.777777777777778,8,9,0.888888888888889,2,0,NA,NA,NA,NA,NA,NA,NA,NA,"G6"
"2199","Eastern Michigan","fbs","Mid-American",2024,4427971,"Dontae McMillan",2,2,11,1,-1.27793839352199,-0.638969196760994,-0.638969196760994,1,0.5,0.5,0.5,2,2,1,0,0,NA,NA,NA,NA,NA,NA,NA,NA,"G6"
"2199","Eastern Michigan","fbs","Mid-American",2024,4428018,"Delbert Mimms III",21,8,11,2.625,2.34656446205293,0.111741164859663,0.293320557756616,131,6.23809523809524,16.375,0.428571428571429,19,21,0.904761904761905,1,0,490,485,484,486.5,254.5,498.5,476,485,"G6"
"2199","Eastern Michigan","fbs","Mid-American",2024,4433855,"Terry Lockett",52,11,11,4.72727272727273,56.8583922432271,1.09343062006206,5.16894474938428,611,11.75,55.5454545454545,0.75,43,52,0.826923076923077,4,0,62,80,108,125.5,400,106,175.5,131,"G6"
"2199","Eastern Michigan","fbs","Mid-American",2024,4565491,"Jere Getzinger Jr.",12,7,11,1.71428571428571,-1.75435692549106,-0.146196410457588,-0.250622417927294,71,5.91666666666667,10.1428571428571,0.5,11,12,0.916666666666667,0,1,NA,NA,NA,NA,NA,NA,NA,NA,"G6"
"2199","Eastern Michigan","fbs","Mid-American",2024,4570057,"Cole Snyder",8,4,11,2,30.620635425833,3.82757942822913,7.65515885645825,225,28.125,56.25,1,8,8,1,8,0,NA,NA,NA,NA,NA,NA,NA,NA,"G6"
"2199","Eastern Michigan","fbs","Mid-American",2024,4603185,"Markus Allen",52,11,11,4.72727272727273,36.6837876575716,0.7054574549533,3.33488978705196,483,9.28846153846154,43.9090909090909,0.692307692307692,42,52,0.807692307692308,2,0,184,217,309,224.5,426.5,178.5,360,217.5,"G6"
"2199","Eastern Michigan","fbs","Mid-American",2024,4611985,"Zyell Griffin",5,3,11,1.66666666666667,9.49997494485456,1.89999498897091,3.16665831495152,62,12.4,20.6666666666667,1,5,5,1,0,0,NA,NA,NA,NA,NA,NA,NA,NA,"G6"
"2199","Eastern Michigan","fbs","Mid-American",2024,4710635,"J.B. Mitchell",3,2,11,1.5,4.00077156319358,1.33359052106453,2.00038578159679,37,12.3333333333333,18.5,1,3,3,1,0,0,NA,NA,NA,NA,NA,NA,NA,NA,"G6"
"2199","Eastern Michigan","fbs","Mid-American",2024,4710860,"Oran Singleton Jr.",62,11,11,5.63636363636364,37.2559121258619,0.600901808481643,3.38690110235108,545,8.79032258064516,49.5454545454545,0.629032258064516,56,62,0.903225806451613,1,0,179,209,353,331,263,134.5,389,164.5,"G6"
"2199","Eastern Michigan","fbs","Mid-American",2024,4827049,"Max Reese",24,9,11,2.66666666666667,5.45601921097844,0.227334133790769,0.606224356775383,157,6.54166666666667,17.4444444444444,0.541666666666667,24,24,1,0,0,476,474,467,426.5,54,483,470,478,"G6"
"2199","Eastern Michigan","fbs","Mid-American",2024,4832021,"Elijah Jackson-Anderson",3,2,11,1.5,4.32642369596765,1.44214123198922,2.16321184798382,40,13.3333333333333,20,1,3,3,1,0,0,NA,NA,NA,NA,NA,NA,NA,NA,"G6"
"2199","Eastern Michigan","fbs","Mid-American",2024,4917422,"Quinn Fracassi",2,2,11,1,-1.78926078852959,-0.894630394264793,-0.894630394264793,8,4,4,0,2,2,1,0,0,NA,NA,NA,NA,NA,NA,NA,NA,"G6"
"2199","Eastern Michigan","fbs","Mid-American",2024,5083205,"Nick Devereaux",1,1,11,1,2.18472737168501,2.18472737168501,2.18472737168501,0,0,0,1,1,1,1,0,0,NA,NA,NA,NA,NA,NA,NA,NA,"G6"
"2199","Eastern Michigan","fbs","Mid-American",2024,5085335,"Deion Brown",4,4,11,1,-0.901170811584522,-0.22529270289613,-0.22529270289613,14,3.5,3.5,0.5,4,4,1,0,0,NA,NA,NA,NA,NA,NA,NA,NA,"G6"
"2199","Eastern Michigan","fbs","Mid-American",2024,5125733,"Joey Mattord",9,4,11,2.25,11.3312229794025,1.25902477548917,2.83280574485062,107,11.8888888888889,26.75,0.666666666666667,9,9,1,0,0,NA,NA,NA,NA,NA,NA,NA,NA,"G6"
"2199","Eastern Michigan","fbs","Mid-American",2024,5151472,"Jamarien Wheeler",1,1,11,1,-1.14112234894701,-1.14112234894701,-1.14112234894701,4,4,4,0,1,1,1,0,0,NA,NA,NA,NA,NA,NA,NA,NA,"G6"
"221","Pittsburgh","fbs","ACC",2024,4431303,"Jake Overman",16,8,11,2,4.42198585837912,0.276374116148695,0.55274823229739,118,7.375,14.75,0.4375,15,16,0.9375,0,0,NA,NA,NA,NA,NA,NA,NA,NA,"P4"
"221","Pittsburgh","fbs","ACC",2024,4431328,"Rodney Hammond Jr.",3,2,11,1.5,-0.708869335053893,-0.236289778351298,-0.354434667526947,10,3.33333333333333,5,0.333333333333333,2,3,0.666666666666667,0,0,NA,NA,NA,NA,NA,NA,NA,NA,"P4"
"221","Pittsburgh","fbs","ACC",2024,4431514,"Daejon Reynolds",15,8,11,1.875,20.7076280701329,1.38050853800886,2.58845350876662,189,12.6,23.625,0.866666666666667,15,15,1,1,1,NA,NA,NA,NA,NA,NA,NA,NA,"P4"
"221","Pittsburgh","fbs","ACC",2024,4431527,"Derrick Davis Jr.",2,2,11,1,-1.49960118600769,-0.749800593003847,-0.749800593003847,1,0.5,0.5,0,2,2,1,0,0,NA,NA,NA,NA,NA,NA,NA,NA,"P4"
"221","Pittsburgh","fbs","ACC",2024,4568658,"Daniel Carter",2,2,11,1,-0.18139990330424,-0.0906999516521202,-0.0906999516521202,9,4.5,4.5,0.5,2,2,1,0,0,NA,NA,NA,NA,NA,NA,NA,NA,"P4"
"221","Pittsburgh","fbs","ACC",2024,4683182,"Nate Yarnell",1,1,11,1,-0.92665437920442,-0.92665437920442,-0.92665437920442,-6,-6,-6,0,1,1,1,0,0,NA,NA,NA,NA,NA,NA,NA,NA,"P4"
"221","Pittsburgh","fbs","ACC",2024,4708049,"Gavin Bartholomew",36,11,11,3.27272727272727,27.0128310414792,0.750356417818868,2.45571191286175,308,8.55555555555556,28,0.666666666666667,34,36,0.944444444444444,4,0,266,313,280,264.5,176,343.5,397,399,"P4"
"221","Pittsburgh","fbs","ACC",2024,4710855,"Konata Mumpfield",51,11,11,4.63636363636364,57.4112462432938,1.12571071065282,5.2192042039358,743,14.5686274509804,67.5454545454545,0.764705882352941,47,51,0.92156862745098,5,0,59,78,92,102.5,219,47.5,60,57.5,"P4"
"221","Pittsburgh","fbs","ACC",2024,4833072,"Che Nwabuko",1,1,11,1,-0.431053538440434,-0.431053538440434,-0.431053538440434,2,2,2,0,1,1,1,0,0,NA,NA,NA,NA,NA,NA,NA,NA,"P4"
"221","Pittsburgh","fbs","ACC",2024,4871021,"Lamar Seymore",1,1,11,1,0.0163614374878822,0.0163614374878822,0.0163614374878822,5,5,5,1,1,1,1,0,0,NA,NA,NA,NA,NA,NA,NA,NA,"P4"
"221","Pittsburgh","fbs","ACC",2024,4877558,"Raphael Williams",33,10,11,3.3,23.2390686587556,0.704214201780473,2.32390686587556,312,9.45454545454546,31.2,0.606060606060606,29,33,0.878787878787879,4,0,317,326,310,366,309.5,339,352,364,"P4"
"221","Pittsburgh","fbs","ACC",2024,4923295,"Kenny Johnson",41,10,11,4.1,53.9958346941914,1.31697157790711,5.39958346941914,502,12.2439024390244,50.2,0.853658536585366,41,41,1,2,0,78,72,46,30,54,168,141,158,"P4"
"221","Pittsburgh","fbs","ACC",2024,5089535,"Desmond Reid",47,9,11,5.22222222222222,38.4396820548544,0.8178655756352,4.27107578387271,543,11.5531914893617,60.3333333333333,0.659574468085106,45,47,0.957446808510638,4,0,166,137,244,277,149,138,191,100,"P4"
"221","Pittsburgh","fbs","ACC",2024,5089539,"Censere Lee",15,5,11,3,10.6248187294367,0.708321248629114,2.12496374588734,146,9.73333333333333,29.2,0.866666666666667,15,15,1,2,0,NA,NA,NA,NA,NA,NA,NA,NA,"P4"
"221","Pittsburgh","fbs","ACC",2024,5124975,"Juelz Goff",3,2,11,1.5,0.773100968736592,0.257700322912197,0.386550484368296,21,7,10.5,0.666666666666667,3,3,1,0,0,NA,NA,NA,NA,NA,NA,NA,NA,"P4"
"221","Pittsburgh","fbs","ACC",2024,5146366,"Allen Bryant",1,1,11,1,-1.03134668742783,-1.03134668742783,-1.03134668742783,5,5,5,0,1,1,1,0,0,NA,NA,NA,NA,NA,NA,NA,NA,"P4"
"221","Pittsburgh","fbs","ACC",2024,5196024,"Tyreek Robinson",1,1,11,1,0.601438321577037,0.601438321577037,0.601438321577037,20,20,20,1,1,1,1,0,0,NA,NA,NA,NA,NA,NA,NA,NA,"P4"
"221","Pittsburgh","fbs","ACC",2024,5197034,"Malachi Thomas",2,1,11,2,2.79672841175959,1.39836420587979,2.79672841175959,22,11,22,1,2,2,1,1,0,NA,NA,NA,NA,NA,NA,NA,NA,"P4"
"2226","Florida Atlantic","fbs","American Athletic",2024,4428719,"Milan Tucker",12,6,11,2,11.0435590397442,0.920296586645351,1.8405931732907,141,11.75,23.5,0.666666666666667,12,12,1,0,0,NA,NA,NA,NA,NA,NA,NA,NA,"G6"
"2226","Florida Atlantic","fbs","American Athletic",2024,4431632,"Caleb Coombs",8,4,11,2,10.3537418436186,1.29421773045233,2.58843546090466,123,15.375,30.75,1,8,8,1,0,0,NA,NA,NA,NA,NA,NA,NA,NA,"G6"
"2226","Florida Atlantic","fbs","American Athletic",2024,4432666,"Kahlil Brantley",9,6,11,1.5,7.40724620776266,0.823027356418073,1.23454103462711,79,8.77777777777778,13.1666666666667,0.666666666666667,7,9,0.777777777777778,2,0,NA,NA,NA,NA,NA,NA,NA,NA,"G6"
"2226","Florida Atlantic","fbs","American Athletic",2024,4572040,"George Johnson",12,6,11,2,10.1752830790402,0.847940256586687,1.69588051317337,85,7.08333333333333,14.1666666666667,0.833333333333333,10,12,0.833333333333333,0,0,NA,NA,NA,NA,NA,NA,NA,NA,"G6"
"2226","Florida Atlantic","fbs","American Athletic",2024,4574327,"Marlyn Johnson",20,8,11,2.5,13.2391446317011,0.661957231585053,1.65489307896263,145,7.25,18.125,0.7,15,20,0.75,0,0,NA,NA,NA,NA,NA,NA,NA,NA,"G6"
"2226","Florida Atlantic","fbs","American Athletic",2024,4683665,"Zuberi Mobley",10,7,11,1.42857142857143,-0.344785010962234,-0.0344785010962234,-0.0492550015660334,71,7.1,10.1428571428571,0.4,10,10,1,0,0,NA,NA,NA,NA,NA,NA,NA,NA,"G6"
"2226","Florida Atlantic","fbs","American Athletic",2024,4715474,"Elijah Brown",2,1,11,2,0.538574517609311,0.269287258804655,0.538574517609311,22,11,22,0.5,1,2,0.5,0,0,NA,NA,NA,NA,NA,NA,NA,NA,"G6"
"2226","Florida Atlantic","fbs","American Athletic",2024,4834817,"Jayshon Platt",4,3,11,1.33333333333333,8.16550091909049,2.04137522977262,2.72183363969683,38,9.5,12.6666666666667,1,4,4,1,1,0,NA,NA,NA,NA,NA,NA,NA,NA,"G6"
"2226","Florida Atlantic","fbs","American Athletic",2024,4837269,"Omari Hayes",41,10,11,4.1,42.4722567306092,1.03590870074657,4.24722567306092,457,11.1463414634146,45.7,0.658536585365854,33,41,0.804878048780488,3,0,143,138,129,279,431.5,197,231,199,"G6"
"2226","Florida Atlantic","fbs","American Athletic",2024,4869390,"Wyatt Sullivan",12,7,11,1.71428571428571,12.8830022448509,1.07358352040424,1.84042889212156,136,11.3333333333333,19.4285714285714,0.666666666666667,11,12,0.916666666666667,2,0,NA,NA,NA,NA,NA,NA,NA,NA,"G6"
"2226","Florida Atlantic","fbs","American Athletic",2024,4871013,"Gemari Sands",4,3,11,1.33333333333333,3.66441579004891,0.916103947512227,1.2214719300163,60,15,20,0.5,3,4,0.75,0,0,NA,NA,NA,NA,NA,NA,NA,NA,"G6"
"2226","Florida Atlantic","fbs","American Athletic",2024,4873588,"CJ Campbell",40,11,11,3.63636363636364,20.0943608218383,0.502359020545956,1.82676007471257,453,11.325,41.1818181818182,0.5,38,40,0.95,3,0,351,387,400,457,165,200.5,212,247,"G6"
"2226","Florida Atlantic","fbs","American Athletic",2024,4950560,"Xavier Terrell",1,1,11,1,0.0865066167370172,0.0865066167370172,0.0865066167370172,5,5,5,1,1,1,1,0,0,NA,NA,NA,NA,NA,NA,NA,NA,"G6"
"2226","Florida Atlantic","fbs","American Athletic",2024,5077304,"Zeke Moore",5,3,11,1.66666666666667,-1.52315779721979,-0.304631559443957,-0.507719265739929,13,2.6,4.33333333333333,0.2,4,5,0.8,0,0,NA,NA,NA,NA,NA,NA,NA,NA,"G6"
"2226","Florida Atlantic","fbs","American Athletic",2024,5078533,"Jabari Smith",20,8,11,2.5,32.0780626099041,1.60390313049521,4.00975782623801,296,14.8,37,0.75,17,20,0.85,3,0,NA,NA,NA,NA,NA,NA,NA,NA,"G6"
"2226","Florida Atlantic","fbs","American Athletic",2024,5156388,"Leon Washington Jr.",4,2,11,2,-0.685662874048183,-0.171415718512046,-0.342831437024091,22,5.5,11,0.25,4,4,1,0,0,NA,NA,NA,NA,NA,NA,NA,NA,"G6"
"2226","Florida Atlantic","fbs","American Athletic",2024,5219678,"Joseph Young",2,2,11,1,2.14514729584258,1.07257364792129,1.07257364792129,41,20.5,20.5,1,2,2,1,0,0,NA,NA,NA,NA,NA,NA,NA,NA,"G6"
"2226","Florida Atlantic","fbs","American Athletic",2024,5230292,"Aliam Appler",1,1,11,1,-1.57922466094298,-1.57922466094298,-1.57922466094298,-3,-3,-3,0,1,1,1,0,0,NA,NA,NA,NA,NA,NA,NA,NA,"G6"
"2229","Florida International","fbs","Conference USA",2024,4427648,"Lexington Joseph",10,6,11,1.66666666666667,-1.66671782639101,-0.166671782639101,-0.277786304398502,41,4.1,6.83333333333333,0.2,10,10,1,0,0,NA,NA,NA,NA,NA,NA,NA,NA,"G6"
"2229","Florida International","fbs","Conference USA",2024,4430166,"Josiah Miamen",6,3,11,2,1.2403369647073,0.206722827451217,0.413445654902434,76,12.6666666666667,25.3333333333333,0.833333333333333,6,6,1,0,0,NA,NA,NA,NA,NA,NA,NA,NA,"G6"
"2229","Florida International","fbs","Conference USA",2024,4431304,"Kejon Owens",7,6,11,1.16666666666667,-0.0867624036174739,-0.0123946290882106,-0.0144604006029123,42,6,7,0.428571428571429,7,7,1,0,0,NA,NA,NA,NA,NA,NA,NA,NA,"G6"
"2229","Florida International","fbs","Conference USA",2024,4695707,"Juju Lewis",2,2,11,1,2.86417244362093,1.43208622181047,1.43208622181047,23,11.5,11.5,0.5,2,2,1,1,0,NA,NA,NA,NA,NA,NA,NA,NA,"G6"
"2229","Florida International","fbs","Conference USA",2024,4713277,"Eric Rivers",57,11,11,5.18181818181818,93.783160730025,1.64531860929869,8.52574188454773,1066,18.7017543859649,96.9090909090909,0.859649122807018,57,57,1,12,0,4,7,12,27,54,6,6,8,"G6"
"2229","Florida International","fbs","Conference USA",2024,4875612,"Ross Fournet",6,3,11,2,4.90961510259637,0.818269183766062,1.63653836753212,71,11.8333333333333,23.6666666666667,0.5,6,6,1,0,0,NA,NA,NA,NA,NA,NA,NA,NA,"G6"
"2229","Florida International","fbs","Conference USA",2024,4875613,"Dean Patterson",45,11,11,4.09090909090909,52.2199412041857,1.16044313787079,4.7472673821987,617,13.7111111111111,56.0909090909091,0.777777777777778,45,45,1,6,1,82,106,86,90.5,54,103.5,80,127.5,"G6"
"2229","Florida International","fbs","Conference USA",2024,4877014,"Nazeviah Burris",19,7,11,2.71428571428571,11.6821166475174,0.61484824460618,1.6688738067882,171,9,24.4285714285714,0.578947368421053,19,19,1,1,0,NA,NA,NA,NA,NA,NA,NA,NA,"G6"
"2229","Florida International","fbs","Conference USA",2024,4907786,"Rocky Beers",4,1,11,4,5.133311253426,1.2833278133565,5.133311253426,18,4.5,18,0.5,4,4,1,1,0,NA,NA,NA,NA,NA,NA,NA,NA,"G6"
"2229","Florida International","fbs","Conference USA",2024,5078402,"Shaborne Demps",1,1,11,1,0.430833891282574,0.430833891282574,0.430833891282574,14,14,14,1,1,1,1,0,0,NA,NA,NA,NA,NA,NA,NA,NA,"G6"
"2229","Florida International","fbs","Conference USA",2024,5078812,"Antonio Ferguson",6,4,11,1.5,6.44851041308785,1.07475173551464,1.61212760327196,83,13.8333333333333,20.75,0.666666666666667,6,6,1,1,0,NA,NA,NA,NA,NA,NA,NA,NA,"G6"
"2229","Florida International","fbs","Conference USA",2024,5096107,"C'Quan Jnopierre",10,6,11,1.66666666666667,1.35682591131109,0.135682591131109,0.226137651885182,71,7.1,11.8333333333333,0.4,10,10,1,0,0,NA,NA,NA,NA,NA,NA,NA,NA,"G6"
"2229","Florida International","fbs","Conference USA",2024,5146722,"Devonte Lyons",4,3,11,1.33333333333333,2.21690545612297,0.554226364030743,0.738968485374325,26,6.5,8.66666666666667,1,4,4,1,0,0,NA,NA,NA,NA,NA,NA,NA,NA,"G6"
"2229","Florida International","fbs","Conference USA",2024,5151599,"D.J. Washington",4,2,11,2,6.12691692469562,1.53172923117391,3.06345846234781,51,12.75,25.5,1,4,4,1,0,0,NA,NA,NA,NA,NA,NA,NA,NA,"G6"
"2247","Georgia State","fbs","Sun Belt",2024,4427111,"Michel Dukes",42,11,11,3.81818181818182,21.1584740603713,0.503773191913602,1.92349764185193,330,7.85714285714286,30,0.595238095238095,40,42,0.952380952380952,3,0,342,375,398,373,162,314.5,429,376,"G6"
"2247","Georgia State","fbs","Sun Belt",2024,4428666,"Cadarrius Thompson",1,1,11,1,-0.0917593561662912,-0.0917593561662912,-0.0917593561662912,5,5,5,0,1,1,1,0,0,NA,NA,NA,NA,NA,NA,NA,NA,"G6"
"2247","Georgia State","fbs","Sun Belt",2024,4429259,"CJ Beasley",3,2,11,1.5,-1.53297188991418,-0.510990629971392,-0.766485944957088,16,5.33333333333333,8,0,3,3,1,0,0,NA,NA,NA,NA,NA,NA,NA,NA,"G6"
"2247","Georgia State","fbs","Sun Belt",2024,4431483,"Sy'veon Wilkerson",1,1,11,1,-0.573007255397732,-0.573007255397732,-0.573007255397732,3,3,3,0,1,1,1,0,0,NA,NA,NA,NA,NA,NA,NA,NA,"G6"
"2247","Georgia State","fbs","Sun Belt",2024,4432612,"Christian Veilleux",2,1,11,2,7.30786765764275,3.65393382882138,7.30786765764275,37,18.5,37,1,2,2,1,2,0,NA,NA,NA,NA,NA,NA,NA,NA,"G6"
"2247","Georgia State","fbs","Sun Belt",2024,4597248,"Tailique Williams",13,3,11,4.33333333333333,11.1286399224627,0.856049224804825,3.70954664082091,134,10.3076923076923,44.6666666666667,0.769230769230769,13,13,1,0,0,NA,NA,NA,NA,NA,NA,NA,NA,"G6"
"2247","Georgia State","fbs","Sun Belt",2024,4608773,"Darius Bush",1,1,11,1,-1.40535948569709,-1.40535948569709,-1.40535948569709,-6,-6,-6,0,1,1,1,0,0,NA,NA,NA,NA,NA,NA,NA,NA,"G6"
"2247","Georgia State","fbs","Sun Belt",2024,4690117,"Ja'Cyais Credle",10,6,11,1.66666666666667,9.15984163795585,0.915984163795585,1.52664027299264,113,11.3,18.8333333333333,0.8,9,10,0.9,0,0,NA,NA,NA,NA,NA,NA,NA,NA,"G6"
"2247","Georgia State","fbs","Sun Belt",2024,4696071,"Freddie Brock",20,10,11,2,10.0176053787865,0.500880268939327,1.00176053787865,163,8.15,16.3,0.6,19,20,0.95,1,0,NA,NA,NA,NA,NA,NA,NA,NA,"G6"
"2247","Georgia State","fbs","Sun Belt",2024,4812474,"DJ Riles",16,8,11,2,9.99465105550479,0.624665690969049,1.2493313819381,146,9.125,18.25,0.5,15,16,0.9375,0,0,NA,NA,NA,NA,NA,NA,NA,NA,"G6"
"2247","Georgia State","fbs","Sun Belt",2024,4880360,"Josiah Robinson",1,1,11,1,1.82387561216827,1.82387561216827,1.82387561216827,5,5,5,1,1,1,1,0,0,NA,NA,NA,NA,NA,NA,NA,NA,"G6"
"2247","Georgia State","fbs","Sun Belt",2024,4880511,"Jordan Ford",5,3,11,1.66666666666667,1.2187614582997,0.243752291659941,0.406253819433234,43,8.6,14.3333333333333,0.4,5,5,1,0,0,NA,NA,NA,NA,NA,NA,NA,NA,"G6"
"2247","Georgia State","fbs","Sun Belt",2024,4888163,"Avion McBride",1,1,11,1,1.3411696812852,1.3411696812852,1.3411696812852,20,20,20,1,1,1,1,0,0,NA,NA,NA,NA,NA,NA,NA,NA,"G6"
"2247","Georgia State","fbs","Sun Belt",2024,5082439,"Rykem Laney",7,3,11,2.33333333333333,5.80687686851299,0.829553838358998,1.93562562283766,94,13.4285714285714,31.3333333333333,0.857142857142857,6,7,0.857142857142857,0,0,NA,NA,NA,NA,NA,NA,NA,NA,"G6"
"2247","Georgia State","fbs","Sun Belt",2024,5092410,"Dorian Fleming",51,11,11,4.63636363636364,47.9544913519696,0.940284144156266,4.35949921381542,530,10.3921568627451,48.1818181818182,0.666666666666667,45,51,0.882352941176471,6,0,101,128,171,264.5,301.5,151,279,178,"G6"
"2247","Georgia State","fbs","Sun Belt",2024,5145653,"Austin McGee",1,1,11,1,0.464920982560069,0.464920982560069,0.464920982560069,17,17,17,1,1,1,1,0,0,NA,NA,NA,NA,NA,NA,NA,NA,"G6"
"2247","Georgia State","fbs","Sun Belt",2024,5146273,"DJ Murray Jr.",4,2,11,2,-1.47479945713386,-0.368699864283464,-0.737399728566928,13,3.25,6.5,0.25,4,4,1,0,0,NA,NA,NA,NA,NA,NA,NA,NA,"G6"
"2247","Georgia State","fbs","Sun Belt",2024,5220680,"Ted Hurst",50,11,11,4.54545454545455,79.706738039799,1.59413476079598,7.24606709452719,837,16.74,76.0909090909091,0.82,48,50,0.96,7,0,11,16,17,54,141,23,21,31,"G6"
"2247","Georgia State","fbs","Sun Belt",2024,5220681,"Petey Tucker",28,10,11,2.8,23.2997723726462,0.832134727594507,2.32997723726462,309,11.0357142857143,30.9,0.821428571428571,26,28,0.928571428571429,0,0,314,325,231,52,202.5,341.5,238,366,"G6"
"2247","Georgia State","fbs","Sun Belt",2024,5220697,"Keron Milton",1,1,11,1,1.49614229584294,1.49614229584294,1.49614229584294,15,15,15,1,1,1,1,0,0,NA,NA,NA,NA,NA,NA,NA,NA,"G6"
"228","Clemson","fbs","ACC",2024,4379471,"Tyler Brown",5,2,11,2.5,1.87373498676516,0.374746997353032,0.936867493382581,32,6.4,16,0.6,4,5,0.8,0,0,NA,NA,NA,NA,NA,NA,NA,NA,"P4"
"228","Clemson","fbs","ACC",2024,4431196,"Jake Briningstool",51,11,11,4.63636363636364,21.1848388284838,0.415388996636938,1.92589443895308,357,7,32.4545454545455,0.529411764705882,37,51,0.725490196078431,5,0,340,374,432,435,478,273.5,456,341,"P4"
"228","Clemson","fbs","ACC",2024,4431443,"Tristan Leigh",1,1,11,1,-2.38246020817299,-2.38246020817299,-2.38246020817299,-9,-9,-9,0,1,1,1,0,0,NA,NA,NA,NA,NA,NA,NA,NA,"P4"
"228","Clemson","fbs","ACC",2024,4431562,"Phil Mafah",23,10,11,2.3,-8.03736279457678,-0.349450556285947,-0.803736279457678,88,3.82608695652174,8.8,0.260869565217391,19,23,0.826086956521739,0,0,506,506,507,508,401.5,507,508,509,"P4"
"228","Clemson","fbs","ACC",2024,4587722,"Troy Stellato",27,7,11,3.85714285714286,15.7009894530587,0.581518127891063,2.2429984932941,241,8.92592592592593,34.4285714285714,0.592592592592593,23,27,0.851851851851852,1,0,403,341,366,378,368.5,418.5,378,314,"P4"
"228","Clemson","fbs","ACC",2024,4685413,"Cade Klubnik",2,2,11,1,3.02195945327294,1.51097972663647,1.51097972663647,16,8,8,1,2,2,1,2,0,NA,NA,NA,NA,NA,NA,NA,NA,"P4"
"228","Clemson","fbs","ACC",2024,4685526,"Adam Randall",13,3,11,4.33333333333333,3.57941797525669,0.275339844250514,1.19313932508556,105,8.07692307692308,35,0.615384615384615,9,13,0.692307692307692,1,0,NA,NA,NA,NA,NA,NA,NA,NA,"P4"
"228","Clemson","fbs","ACC",2024,4870859,"Noble Johnson",1,1,11,1,0.592775858878984,0.592775858878984,0.592775858878984,6,6,6,1,1,1,1,0,0,NA,NA,NA,NA,NA,NA,NA,NA,"P4"
"228","Clemson","fbs","ACC",2024,4873270,"Jackson Crosby",1,1,11,1,-0.85040780511954,-0.85040780511954,-0.85040780511954,4,4,4,0,1,1,1,0,0,NA,NA,NA,NA,NA,NA,NA,NA,"P4"
"228","Clemson","fbs","ACC",2024,4898018,"Josh Sapp",5,5,11,1,1.5426243545063,0.30852487090126,0.30852487090126,45,9,9,0.6,5,5,1,0,0,NA,NA,NA,NA,NA,NA,NA,NA,"P4"
"228","Clemson","fbs","ACC",2024,4914980,"Cole Turner",15,8,11,1.875,5.6071384686419,0.373809231242793,0.700892308580238,147,9.8,18.375,0.4,9,15,0.6,2,0,NA,NA,NA,NA,NA,NA,NA,NA,"P4"
"228","Clemson","fbs","ACC",2024,4924141,"Misun Kelley",4,2,11,2,0.349946891879909,0.0874867229699773,0.174973445939955,20,5,10,0.5,4,4,1,0,0,NA,NA,NA,NA,NA,NA,NA,NA,"P4"
"228","Clemson","fbs","ACC",2024,5081432,"Antonio Williams",70,11,11,6.36363636363636,44.8733063962596,0.64104723423228,4.07939149056906,687,9.81428571428571,62.4545454545455,0.642857142857143,61,70,0.871428571428571,6,0,121,147,330,297,321,68,325,88,"P4"
"228","Clemson","fbs","ACC",2024,5112674,"Bryant Wesco Jr.",49,9,11,5.44444444444444,28.1458562916283,0.574405230441395,3.12731736573648,486,9.91836734693878,54,0.530612244897959,33,49,0.673469387755102,3,0,254,234,367,434,496.5,176.5,315,141.5,"P4"
"228","Clemson","fbs","ACC",2024,5150556,"Jay Haynes",6,5,11,1.2,-1.53197663203261,-0.255329438672101,-0.306395326406521,30,5,6,0.333333333333333,6,6,1,0,0,NA,NA,NA,NA,NA,NA,NA,NA,"P4"
"228","Clemson","fbs","ACC",2024,5150561,"Olsen Patt-Henry",7,4,11,1.75,10.1707083696605,1.45295833852293,2.54267709241513,93,13.2857142857143,23.25,0.857142857142857,7,7,1,3,0,NA,NA,NA,NA,NA,NA,NA,NA,"P4"
"228","Clemson","fbs","ACC",2024,5218753,"T.J. Moore",45,11,11,4.09090909090909,32.8111179763353,0.729135955029674,2.98282890693958,481,10.6888888888889,43.7272727272727,0.688888888888889,32,45,0.711111111111111,3,1,214,253,289,230,484,181.5,256,222.5,"P4"
"2294","Iowa","fbs","Big Ten",2024,4431485,"Leshon Williams",2,2,11,1,2.7523486893848,1.3761743446924,1.3761743446924,14,7,7,0.5,2,2,1,0,0,NA,NA,NA,NA,NA,NA,NA,NA,"P4"
"2294","Iowa","fbs","Big Ten",2024,4432338,"Luke Lachey",15,7,11,2.14285714285714,5.25637720356691,0.350425146904461,0.750911029080987,97,6.46666666666667,13.8571428571429,0.733333333333333,15,15,1,0,0,NA,NA,NA,NA,NA,NA,NA,NA,"P4"
"2294","Iowa","fbs","Big Ten",2024,4602966,"Jacob Gill",30,9,11,3.33333333333333,31.28939324472,1.042979774824,3.47659924941334,312,10.4,34.6666666666667,0.733333333333333,29,30,0.966666666666667,1,0,224,202,126,154,131.5,339,278,311,"P4"
"2294","Iowa","fbs","Big Ten",2024,4685283,"Kaleb Brown",1,1,11,1,2.3491202548858,2.3491202548858,2.3491202548858,18,18,18,1,1,1,1,0,0,NA,NA,NA,NA,NA,NA,NA,NA,"P4"
"2294","Iowa","fbs","Big Ten",2024,4819231,"Kaleb Johnson",21,10,11,2.1,6.53546403375676,0.311212573036036,0.653546403375676,175,8.33333333333333,17.5,0.380952380952381,21,21,1,2,0,469,471,455,495.5,54,469,413.5,477,"P4"
"2294","Iowa","fbs","Big Ten",2024,4873456,"Addison Ostrenga",11,5,11,2.2,0.90885375186648,0.0826230683514982,0.181770750373296,60,5.45454545454545,12,0.545454545454545,11,11,1,1,0,NA,NA,NA,NA,NA,NA,NA,NA,"P4"
"2294","Iowa","fbs","Big Ten",2024,4873485,"Johnny Pascuzzi",1,1,11,1,2.06332420546876,2.06332420546876,2.06332420546876,40,40,40,1,1,1,1,0,0,NA,NA,NA,NA,NA,NA,NA,NA,"P4"
"2294","Iowa","fbs","Big Ten",2024,4876598,"Seth Anderson",4,2,11,2,1.5024868090826,0.375621702270651,0.751243404541302,79,19.75,39.5,0.25,4,4,1,0,0,NA,NA,NA,NA,NA,NA,NA,NA,"P4"
"2294","Iowa","fbs","Big Ten",2024,4950379,"Zach Ortwerth",9,5,11,1.8,5.29536637392271,0.588374041546968,1.05907327478454,102,11.3333333333333,20.4,0.555555555555556,9,9,1,0,0,NA,NA,NA,NA,NA,NA,NA,NA,"P4"
"2294","Iowa","fbs","Big Ten",2024,5075920,"Jarriett Buie",6,5,11,1.2,6.65164987244171,1.10860831207362,1.33032997448834,54,9,10.8,0.833333333333333,6,6,1,0,0,NA,NA,NA,NA,NA,NA,NA,NA,"P4"
"2294","Iowa","fbs","Big Ten",2024,5076584,"Terrell Washington Jr.",3,3,11,1,-0.600957780276595,-0.200319260092198,-0.200319260092198,7,2.33333333333333,2.33333333333333,0.666666666666667,3,3,1,0,0,NA,NA,NA,NA,NA,NA,NA,NA,"P4"
"2294","Iowa","fbs","Big Ten",2024,5081332,"Jaziun Patterson",1,1,11,1,-0.34145440016609,-0.34145440016609,-0.34145440016609,0,0,0,0,1,1,1,0,0,NA,NA,NA,NA,NA,NA,NA,NA,"P4"
"2294","Iowa","fbs","Big Ten",2024,5081338,"Kaden Wetjen",2,2,11,1,0.4790812009159,0.23954060045795,0.23954060045795,33,16.5,16.5,0.5,1,2,0.5,0,0,NA,NA,NA,NA,NA,NA,NA,NA,"P4"
"2294","Iowa","fbs","Big Ten",2024,5093886,"Kamari Moulton",1,1,11,1,0.566926658693336,0.566926658693336,0.566926658693336,12,12,12,1,1,1,1,0,0,NA,NA,NA,NA,NA,NA,NA,NA,"P4"
"2294","Iowa","fbs","Big Ten",2024,5119233,"Dayton Howard",4,4,11,1,5.88412021124422,1.47103005281106,1.47103005281106,61,15.25,15.25,1,4,4,1,1,0,NA,NA,NA,NA,NA,NA,NA,NA,"P4"
"2294","Iowa","fbs","Big Ten",2024,5138293,"Reece Vander Zee",9,5,11,1.8,17.0112761256938,1.89014179174376,3.40225522513876,81,9,16.2,0.888888888888889,9,9,1,1,0,NA,NA,NA,NA,NA,NA,NA,NA,"P4"
"2294","Iowa","fbs","Big Ten",2024,5150662,"Hayden Large",3,2,11,1.5,0.744988409124669,0.248329469708223,0.372494204562335,18,6,9,0.666666666666667,3,3,1,0,0,NA,NA,NA,NA,NA,NA,NA,NA,"P4"
"23","San José State","fbs","Mountain West",2024,4427819,"Justin Lockhart",47,10,11,4.7,80.7802788431974,1.71872933708931,8.07802788431974,896,19.063829787234,89.6,0.957446808510638,47,47,1,3,0,9,10,6,2,54,17,5,16,"G6"
"23","San José State","fbs","Mountain West",2024,4570242,"Nick Nash",88,11,11,8,97.3411288772662,1.10614919178712,8.84919353429692,1162,13.2045454545455,105.636363636364,0.840909090909091,88,88,1,10,1,3,3,99,35,54,3,97,4,"G6"
"23","San José State","fbs","Mountain West",2024,4576799,"Sebastian Macaluso",12,6,11,2,7.0156665299735,0.584638877497792,1.16927775499558,172,14.3333333333333,28.6666666666667,0.583333333333333,12,12,1,0,0,NA,NA,NA,NA,NA,NA,NA,NA,"G6"
"23","San José State","fbs","Mountain West",2024,4685254,"Jabari Bates",2,2,11,1,2.48257206263897,1.24128603131949,1.24128603131949,17,8.5,8.5,0.5,2,2,1,1,0,NA,NA,NA,NA,NA,NA,NA,NA,"G6"
"23","San José State","fbs","Mountain West",2024,4687017,"Jackson Canaan",23,10,11,2.3,21.3535492578235,0.928415185122761,2.13535492578235,288,12.5217391304348,28.8,0.782608695652174,23,23,1,1,0,338,356,180,85,54,366.5,120,388,"G6"
"23","San José State","fbs","Mountain West",2024,4906882,"Kejuan Bullard",1,1,11,1,-1.68107667601795,-1.68107667601795,-1.68107667601795,-1,-1,-1,0,1,1,1,0,0,NA,NA,NA,NA,NA,NA,NA,NA,"G6"
"23","San José State","fbs","Mountain West",2024,5082587,"Matthew Coleman",20,9,11,2.22222222222222,19.1692774960437,0.958463874802185,2.12991972178263,263,13.15,29.2222222222222,0.85,20,20,1,1,0,NA,NA,NA,NA,NA,NA,NA,NA,"G6"
"23","San José State","fbs","Mountain West",2024,5085112,"Emmett Brown",6,2,11,3,19.4519952459333,3.24199920765555,9.72599762296663,90,15,45,1,6,6,1,6,0,NA,NA,NA,NA,NA,NA,NA,NA,"G6"
"23","San José State","fbs","Mountain West",2024,5085609,"Treyshun Hurry",21,9,11,2.33333333333333,25.495023154687,1.21404872165176,2.83278035052077,361,17.1904761904762,40.1111111111111,0.857142857142857,21,21,1,1,1,279,273,75,28.5,54,268.5,14,257,"G6"
"23","San José State","fbs","Mountain West",2024,5089859,"Floyd Chalk IV",4,4,11,1,0.358329150335054,0.0895822875837635,0.0895822875837635,32,8,8,0.25,4,4,1,0,0,NA,NA,NA,NA,NA,NA,NA,NA,"G6"
"23","San José State","fbs","Mountain West",2024,5151342,"Cooper Hoch",7,3,11,2.33333333333333,1.48368728927197,0.211955327038853,0.494562429757325,53,7.57142857142857,17.6666666666667,0.571428571428571,7,7,1,0,0,NA,NA,NA,NA,NA,NA,NA,NA,"G6"
"23","San José State","fbs","Mountain West",2024,5220614,"Jacob Stewart",25,9,11,2.77777777777778,10.7074072518566,0.428296290074262,1.18971191687295,209,8.36,23.2222222222222,0.64,25,25,1,1,0,440,440,426,302.5,54,444,412,439,"G6"
"2305","Kansas","fbs","Big 12",2024,4427821,"Torry Locklin",2,2,11,1,1.22381401622932,0.611907008114659,0.611907008114659,36,18,18,1,2,2,1,0,0,NA,NA,NA,NA,NA,NA,NA,NA,"P4"
"2305","Kansas","fbs","Big 12",2024,4430914,"Lawrence Arnold",26,10,11,2.6,22.9109968744471,0.881192187478733,2.29109968744471,331,12.7307692307692,33.1,0.884615384615385,24,26,0.923076923076923,1,0,321,329,203,17,215,312,113,333.5,"P4"
"2305","Kansas","fbs","Big 12",2024,4431735,"Douglas Emilien",2,2,11,1,1.52430924489956,0.76215462244978,0.76215462244978,16,8,8,1,2,2,1,0,0,NA,NA,NA,NA,NA,NA,NA,NA,"P4"
"2305","Kansas","fbs","Big 12",2024,4432326,"Trevor Kardell",11,6,11,1.83333333333333,11.7683129842824,1.06984663493477,1.9613854973804,144,13.0909090909091,24,0.818181818181818,11,11,1,0,0,NA,NA,NA,NA,NA,NA,NA,NA,"P4"
"2305","Kansas","fbs","Big 12",2024,4433830,"Luke Grimm",54,11,11,4.90909090909091,54.0798440743233,1.00147859396895,4.91634946130212,579,10.7222222222222,52.6363636363636,0.685185185185185,45,54,0.833333333333333,5,0,77,99,143,236.5,392,120,254,149,"P4"
"2305","Kansas","fbs","Big 12",2024,4568694,"Daniel Hishaw Jr.",3,3,11,1,1.86096171969717,0.62032057323239,0.62032057323239,33,11,11,1,3,3,1,0,0,NA,NA,NA,NA,NA,NA,NA,NA,"P4"
"2305","Kansas","fbs","Big 12",2024,4570250,"Trevor Wilson",9,5,11,1.8,4.16133124085421,0.46237013787269,0.832266248170842,120,13.3333333333333,24,0.666666666666667,7,9,0.777777777777778,0,0,NA,NA,NA,NA,NA,NA,NA,NA,"P4"
"2305","Kansas","fbs","Big 12",2024,4576218,"Sevion Morrison",1,1,11,1,3.33811700407785,3.33811700407785,3.33811700407785,18,18,18,1,1,1,1,0,0,NA,NA,NA,NA,NA,NA,NA,NA,"P4"
"2305","Kansas","fbs","Big 12",2024,4613050,"Quentin Skinner",27,8,11,3.375,46.8764411489802,1.73616448699927,5.85955514362252,532,19.7037037037037,66.5,0.814814814814815,24,27,0.888888888888889,4,0,109,51,4,58,288,148,4,63.5,"P4"
"2305","Kansas","fbs","Big 12",2024,4682652,"Devin Neal",27,10,11,2.7,9.56470602460281,0.354248371281586,0.956470602460281,254,9.40740740740741,25.4,0.592592592592593,24,27,0.888888888888889,1,1,450,453,443,378,288,405.5,354,422,"P4"
"2305","Kansas","fbs","Big 12",2024,4686382,"Jared Casey",20,11,11,1.81818181818182,19.2292997188549,0.961464985942745,1.74811815625954,203,10.15,18.4545454545455,0.8,18,20,0.9,2,0,NA,NA,NA,NA,NA,NA,NA,NA,"P4"
"2306","Kansas State","fbs","Big 12",2024,4426892,"Dante Cephas",13,6,11,2.16666666666667,11.4244947195937,0.878807286122594,1.90408245326562,142,10.9230769230769,23.6666666666667,0.923076923076923,13,13,1,0,0,NA,NA,NA,NA,NA,NA,NA,NA,"P4"
"2306","Kansas State","fbs","Big 12",2024,4565183,"Will Swanson",9,7,11,1.28571428571429,5.68809828768383,0.632010920853759,0.812585469669119,59,6.55555555555556,8.42857142857143,0.555555555555556,8,9,0.888888888888889,2,0,NA,NA,NA,NA,NA,NA,NA,NA,"P4"
"2306","Kansas State","fbs","Big 12",2024,4567244,"Jadon Jackson",18,7,11,2.57142857142857,11.0296833230338,0.612760184612986,1.57566904614768,134,7.44444444444444,19.1428571428571,0.555555555555556,13,18,0.722222222222222,0,0,NA,NA,NA,NA,NA,NA,NA,NA,"P4"
"2306","Kansas State","fbs","Big 12",2024,4683237,"Keagan Johnson",31,8,11,3.875,21.0816530446326,0.680053324020407,2.63520663057908,353,11.3870967741935,44.125,0.741935483870968,28,31,0.903225806451613,1,1,343,297,320,137,263,277,208,213,"P4"
"2306","Kansas State","fbs","Big 12",2024,4690909,"Ty Bowman",6,3,11,2,9.37134124000721,1.56189020666787,3.12378041333574,63,10.5,21,0.833333333333333,6,6,1,0,0,NA,NA,NA,NA,NA,NA,NA,NA,"P4"
"2306","Kansas State","fbs","Big 12",2024,4804882,"Garrett Oakley",20,8,11,2.5,22.2097703225889,1.11048851612944,2.77622129032361,185,9.25,23.125,0.75,18,20,0.9,2,0,NA,NA,NA,NA,NA,NA,NA,NA,"P4"
"2306","Kansas State","fbs","Big 12",2024,4869442,"Brayden Loftin",9,5,11,1.8,6.90849747389471,0.767610830432745,1.38169949477894,96,10.6666666666667,19.2,0.888888888888889,9,9,1,1,0,NA,NA,NA,NA,NA,NA,NA,NA,"P4"
"2306","Kansas State","fbs","Big 12",2024,4870857,"Avery Johnson",8,3,11,2.66666666666667,27.0068923591079,3.37586154488849,9.00229745303597,205,25.625,68.3333333333333,1,8,8,1,8,0,NA,NA,NA,NA,NA,NA,NA,NA,"P4"
"2306","Kansas State","fbs","Big 12",2024,4874509,"DJ Giddens",20,8,11,2.5,0.0681996722270685,0.00340998361135342,0.00852495902838356,207,10.35,25.875,0.45,17,20,0.85,0,1,NA,NA,NA,NA,NA,NA,NA,NA,"P4"
"2306","Kansas State","fbs","Big 12",2024,4891198,"Tre Spivey",12,4,11,3,14.8826433089898,1.24022027574915,3.72066082724745,134,11.1666666666667,33.5,0.833333333333333,12,12,1,1,1,NA,NA,NA,NA,NA,NA,NA,NA,"P4"
"2306","Kansas State","fbs","Big 12",2024,4918414,"Dylan Edwards",18,8,11,2.25,-0.114518352640742,-0.00636213070226342,-0.0143147940800927,87,4.83333333333333,10.875,0.388888888888889,15,18,0.833333333333333,0,0,NA,NA,NA,NA,NA,NA,NA,NA,"P4"
"2306","Kansas State","fbs","Big 12",2024,4920187,"Will Anciaux",5,4,11,1.25,5.14999208512832,1.02999841702566,1.28749802128208,59,11.8,14.75,0.6,5,5,1,1,0,NA,NA,NA,NA,NA,NA,NA,NA,"P4"
"2306","Kansas State","fbs","Big 12",2024,5078916,"Joe Jackson",3,2,11,1.5,1.53626633230434,0.512088777434781,0.768133166152172,26,8.66666666666667,13,0.333333333333333,3,3,1,0,0,NA,NA,NA,NA,NA,NA,NA,NA,"P4"
"2306","Kansas State","fbs","Big 12",2024,5121334,"Jayce Brown",42,11,11,3.81818181818182,43.7072789825135,1.04064949958366,3.97338899841032,637,15.1666666666667,57.9090909090909,0.714285714285714,36,42,0.857142857142857,4,1,129,155,128,192.5,359,92,41,116,"P4"
"2309","Kent State","fbs","Mid-American",2024,4429989,"Stanley King",5,2,11,2.5,2.31825606095554,0.463651212191108,1.15912803047777,13,2.6,6.5,0.6,3,5,0.6,0,0,NA,NA,NA,NA,NA,NA,NA,NA,"G6"
"2309","Kent State","fbs","Mid-American",2024,4431445,"Ky Thomas",7,4,11,1.75,0.606613966972833,0.0866591381389761,0.151653491743208,27,3.85714285714286,6.75,0.285714285714286,6,7,0.857142857142857,0,0,NA,NA,NA,NA,NA,NA,NA,NA,"G6"
"2309","Kent State","fbs","Mid-American",2024,4566157,"Luke Floriea",47,11,11,4.27272727272727,55.1480327573278,1.17336239909208,5.01345752339344,545,11.5957446808511,49.5454545454545,0.638297872340426,36,47,0.765957446808511,5,0,74,93,83,309.5,459,134.5,188,164.5,"G6"
"2309","Kent State","fbs","Mid-American",2024,4684638,"Ali Fisher",1,1,11,1,1.84993556935893,1.84993556935893,1.84993556935893,13,13,13,1,1,1,1,0,0,NA,NA,NA,NA,NA,NA,NA,NA,"G6"
"2309","Kent State","fbs","Mid-American",2024,4695294,"Charlie Skehan",1,1,11,1,1.10729467671561,1.10729467671561,1.10729467671561,18,18,18,1,1,1,1,0,0,NA,NA,NA,NA,NA,NA,NA,NA,"G6"
"2309","Kent State","fbs","Mid-American",2024,4869599,"Chrishon Mccray",43,9,11,4.77777777777778,45.2501772493281,1.05232970347275,5.02779747214757,500,11.6279069767442,55.5555555555556,0.581395348837209,32,43,0.744186046511628,6,0,119,89,119,393,473,170,185,130,"G6"
"2309","Kent State","fbs","Mid-American",2024,5027432,"Ardell Banks",3,3,11,1,4.18460830357126,1.39486943452375,1.39486943452375,20,6.66666666666667,6.66666666666667,0.666666666666667,2,3,0.666666666666667,0,0,NA,NA,NA,NA,NA,NA,NA,NA,"G6"
"2309","Kent State","fbs","Mid-American",2024,5082965,"Tommy Ulatowski",3,2,11,1.5,16.856973650991,5.61899121699701,8.42848682549552,160,53.3333333333333,80,1,3,3,1,3,0,NA,NA,NA,NA,NA,NA,NA,NA,"G6"
"2309","Kent State","fbs","Mid-American",2024,5125525,"Jahzae Kimbrough",5,3,11,1.66666666666667,0.361184846117301,0.0722369692234603,0.120394948705767,24,4.8,8,0.4,5,5,1,0,0,NA,NA,NA,NA,NA,NA,NA,NA,"G6"
"2309","Kent State","fbs","Mid-American",2024,5147053,"Wayne Harris",4,1,11,4,-0.831291191951591,-0.207822797987898,-0.831291191951591,19,4.75,19,0.5,3,4,0.75,0,0,NA,NA,NA,NA,NA,NA,NA,NA,"G6"
"2309","Kent State","fbs","Mid-American",2024,5222380,"Conner Muldowney",4,3,11,1.33333333333333,6.33783369180577,1.58445842295144,2.11261123060192,44,11,14.6666666666667,0.75,4,4,1,1,0,NA,NA,NA,NA,NA,NA,NA,NA,"G6"
"2309","Kent State","fbs","Mid-American",2024,5222386,"Jay Jay Etheridge",13,5,11,2.6,7.61122502788847,0.585478848299113,1.52224500557769,118,9.07692307692308,23.6,0.692307692307692,12,13,0.923076923076923,1,0,NA,NA,NA,NA,NA,NA,NA,NA,"G6"
"2309","Kent State","fbs","Mid-American",2024,5222394,"Dashawn Martin",9,4,11,2.25,4.61664307700395,0.512960341889328,1.15416076925099,79,8.77777777777778,19.75,0.666666666666667,6,9,0.666666666666667,0,0,NA,NA,NA,NA,NA,NA,NA,NA,"G6"
"2335","Liberty","fbs","Conference USA",2024,4242373,"Bentley Hanshaw",8,6,10,1.33333333333333,3.16114836633892,0.395143545792365,0.526858061056487,72,9,12,0.5,8,8,1,0,0,NA,NA,NA,NA,NA,NA,NA,NA,"G6"
"2335","Liberty","fbs","Conference USA",2024,4427841,"Billy Lucas",2,2,10,1,0.955734656638682,0.477867328319341,0.477867328319341,23,11.5,11.5,0.5,2,2,1,0,0,NA,NA,NA,NA,NA,NA,NA,NA,"G6"
"2335","Liberty","fbs","Conference USA",2024,4428486,"Treon Sibley",21,9,10,2.33333333333333,23.0929442187372,1.09966401041606,2.5658826909708,390,18.5714285714286,43.3333333333333,0.904761904761905,21,21,1,1,0,320,302,103,13,54,238.5,8,228.5,"G6"
"2335","Liberty","fbs","Conference USA",2024,4429439,"Quinton Cooley",2,2,10,1,1.5572434693776,0.778621734688799,0.778621734688799,13,6.5,6.5,1,2,2,1,0,1,NA,NA,NA,NA,NA,NA,NA,NA,"G6"
"2335","Liberty","fbs","Conference USA",2024,4430747,"Reese Smith",22,6,10,3.66666666666667,20.2070548903661,0.918502495016641,3.36784248172768,241,10.9545454545455,40.1666666666667,0.636363636363636,17,22,0.772727272727273,3,0,349,212,184,315.5,454,418.5,242,256,"G6"
"2335","Liberty","fbs","Conference USA",2024,4431001,"Elijah Canion",24,8,10,3,23.7428672214249,0.989286134226039,2.96785840267812,232,9.66666666666667,29,0.791666666666667,20,24,0.833333333333333,2,0,304,255,148,78,392,425,337.5,384.5,"G6"
"2335","Liberty","fbs","Conference USA",2024,4432803,"Kaidon Salter",1,1,10,1,3.36330638542621,3.36330638542621,3.36330638542621,10,10,10,1,1,1,1,1,0,NA,NA,NA,NA,NA,NA,NA,NA,"G6"
"2335","Liberty","fbs","Conference USA",2024,4608606,"Tyson Mobley",28,8,10,3.5,13.2081280704789,0.471718859659961,1.65101600880986,251,8.96428571428571,31.375,0.75,25,28,0.892857142857143,1,0,422,406,409,125.5,281,410,377,360,"G6"
"2335","Liberty","fbs","Conference USA",2024,4677280,"Julian Gray",7,5,10,1.4,8.11187581430728,1.1588394020439,1.62237516286146,92,13.1428571428571,18.4,0.571428571428571,5,7,0.714285714285714,2,1,NA,NA,NA,NA,NA,NA,NA,NA,"G6"
"2335","Liberty","fbs","Conference USA",2024,4693236,"Jacob Jenkins",12,6,10,2,11.0739321597582,0.922827679979852,1.84565535995971,99,8.25,16.5,0.666666666666667,10,12,0.833333333333333,2,0,NA,NA,NA,NA,NA,NA,NA,NA,"G6"
"2335","Liberty","fbs","Conference USA",2024,4699550,"Austin Henderson",2,2,10,1,1.33669937247048,0.668349686235241,0.668349686235241,20,10,10,1,2,2,1,0,0,NA,NA,NA,NA,NA,NA,NA,NA,"G6"
"2335","Liberty","fbs","Conference USA",2024,5122147,"Vaughn Blue",6,4,10,1.5,1.35509067278856,0.22584844546476,0.33877266819714,41,6.83333333333333,10.25,0.5,6,6,1,0,0,NA,NA,NA,NA,NA,NA,NA,NA,"G6"
"2335","Liberty","fbs","Conference USA",2024,5162399,"Darius Copeland",2,1,10,2,0.591139489250754,0.295569744625377,0.591139489250754,13,6.5,13,0.5,2,2,1,0,0,NA,NA,NA,NA,NA,NA,NA,NA,"G6"
"2348","Louisiana Tech","fbs","Conference USA",2024,4431142,"Jimmy Holiday",38,10,11,3.8,34.1717139087432,0.899255629177454,3.41717139087433,428,11.2631578947368,42.8,0.684210526315789,35,38,0.921052631578947,2,0,203,206,195,239,220,220,217,233,"G6"
"2348","Louisiana Tech","fbs","Conference USA",2024,4431484,"Jay Wilkerson",10,6,11,1.66666666666667,19.7944655812054,1.97944655812054,3.29907759686756,198,19.8,33,0.9,10,10,1,2,0,NA,NA,NA,NA,NA,NA,NA,NA,"G6"
"2348","Louisiana Tech","fbs","Conference USA",2024,4432727,"Solomon Lewis",16,9,11,1.77777777777778,15.2280767015457,0.951754793846608,1.69200852239397,193,12.0625,21.4444444444444,0.75,14,16,0.875,2,0,NA,NA,NA,NA,NA,NA,NA,NA,"G6"
"2348","Louisiana Tech","fbs","Conference USA",2024,4578489,"Abdul-Fatai Ibrahim",14,5,11,2.8,1.74390569576499,0.124564692554642,0.348781139152998,89,6.35714285714286,17.8,0.571428571428571,11,14,0.785714285714286,0,0,NA,NA,NA,NA,NA,NA,NA,NA,"G6"
"2348","Louisiana Tech","fbs","Conference USA",2024,4687187,"Marquis Crosby",3,2,11,1.5,-1.08933658137709,-0.363112193792364,-0.544668290688546,5,1.66666666666667,2.5,0,2,3,0.666666666666667,0,0,NA,NA,NA,NA,NA,NA,NA,NA,"G6"
"2348","Louisiana Tech","fbs","Conference USA",2024,4871100,"John Locke",1,1,11,1,0.380936816496507,0.380936816496507,0.380936816496507,2,2,2,1,1,1,1,0,0,NA,NA,NA,NA,NA,NA,NA,NA,"G6"
"2348","Louisiana Tech","fbs","Conference USA",2024,4875786,"Tru Edwards",76,11,11,6.90909090909091,74.4240567828493,0.979263905037491,6.76582334389539,883,11.6184210526316,80.2727272727273,0.631578947368421,76,76,1,5,2,19,23,149,325.5,54,18,186,24,"G6"
"2348","Louisiana Tech","fbs","Conference USA",2024,4912041,"Kendrick Rucker",1,1,11,1,1.30464125274169,1.30464125274169,1.30464125274169,11,11,11,1,1,1,1,0,0,NA,NA,NA,NA,NA,NA,NA,NA,"G6"
"2348","Louisiana Tech","fbs","Conference USA",2024,4917627,"Dakota Williams",3,2,11,1.5,1.21160072475467,0.403866908251555,0.605800362377333,25,8.33333333333333,12.5,0.666666666666667,3,3,1,0,0,NA,NA,NA,NA,NA,NA,NA,NA,"G6"
"2348","Louisiana Tech","fbs","Conference USA",2024,5076949,"Evan Bullock",1,1,11,1,3.07935527294645,3.07935527294645,3.07935527294645,15,15,15,1,1,1,1,1,0,NA,NA,NA,NA,NA,NA,NA,NA,"G6"
"2348","Louisiana Tech","fbs","Conference USA",2024,5078549,"Dedrick Latulas",1,1,11,1,0.0798971607901768,0.0798971607901768,0.0798971607901768,4,4,4,1,1,1,1,0,0,NA,NA,NA,NA,NA,NA,NA,NA,"G6"
"2348","Louisiana Tech","fbs","Conference USA",2024,5092787,"Marlion Jackson",11,3,11,3.66666666666667,5.20737235127265,0.473397486479332,1.73579078375755,146,13.2727272727273,48.6666666666667,0.727272727272727,11,11,1,0,1,NA,NA,NA,NA,NA,NA,NA,NA,"G6"
"2348","Louisiana Tech","fbs","Conference USA",2024,5121453,"Eli Finley",22,9,11,2.44444444444444,22.6378443575994,1.02899292534543,2.51531603973327,250,11.3636363636364,27.7777777777778,0.727272727272727,20,22,0.909090909090909,2,0,325,308,133,162.5,241.5,411.5,210,402,"G6"
"2348","Louisiana Tech","fbs","Conference USA",2024,5152221,"Donerio Davenport",6,2,11,3,-1.19705535237632,-0.199509225396054,-0.598527676188161,26,4.33333333333333,13,0.333333333333333,6,6,1,0,0,NA,NA,NA,NA,NA,NA,NA,NA,"G6"
"2348","Louisiana Tech","fbs","Conference USA",2024,5193224,"Fred Robertson",4,4,11,1,-1.5030041066363,-0.375751026659075,-0.375751026659075,13,3.25,3.25,0.25,4,4,1,0,0,NA,NA,NA,NA,NA,NA,NA,NA,"G6"
"2348","Louisiana Tech","fbs","Conference USA",2024,5220340,"Omiri Wiggins",23,8,11,2.875,1.96687201936364,0.0855161747549407,0.245859002420455,126,5.47826086956522,15.75,0.434782608695652,20,23,0.869565217391304,2,0,494,492,490,484,329.5,500,494,489,"G6"
"2348","Louisiana Tech","fbs","Conference USA",2024,5220352,"Hunter Tipton",5,3,11,1.66666666666667,0.89993042709469,0.179986085418938,0.299976809031563,23,4.6,7.66666666666667,0.4,5,5,1,0,0,NA,NA,NA,NA,NA,NA,NA,NA,"G6"
"2348","Louisiana Tech","fbs","Conference USA",2024,5230762,"Amani Givens",7,5,11,1.4,-1.02052577903185,-0.145789397004551,-0.204105155806371,42,6,8.4,0.285714285714286,6,7,0.857142857142857,0,0,NA,NA,NA,NA,NA,NA,NA,NA,"G6"
"235","Memphis","fbs","American Athletic",2024,4360930,"Jyaire Shorter",10,6,11,1.66666666666667,10.4782828154725,1.04782828154725,1.74638046924541,123,12.3,20.5,0.6,10,10,1,0,0,NA,NA,NA,NA,NA,NA,NA,NA,"G6"
"235","Memphis","fbs","American Athletic",2024,4429284,"DeMeer Blankumsee",42,11,11,3.81818181818182,34.7435350174391,0.82722702422474,3.15850318340355,511,12.1666666666667,46.4545454545455,0.761904761904762,38,42,0.904761904761905,5,0,197,230,236,106.5,254.5,158.5,146.5,191.5,"G6"
"235","Memphis","fbs","American Athletic",2024,4430022,"Anthony Landphere",31,9,11,3.44444444444444,27.1335055720495,0.875274373291919,3.01483395244994,348,11.2258064516129,38.6666666666667,0.67741935483871,30,31,0.967741935483871,2,0,261,249,208,249,130,286,222.5,268,"G6"
"235","Memphis","fbs","American Athletic",2024,4431597,"Roc Taylor",61,11,11,5.54545454545455,55.6692152803027,0.912610086562339,5.06083775275479,747,12.2459016393443,67.9090909090909,0.754098360655738,56,61,0.918032786885246,2,1,69,85,189,117,223,46,140,56,"G6"
"235","Memphis","fbs","American Athletic",2024,4606194,"Seth Henigan",3,1,11,3,3.77087795162641,1.2569593172088,3.77087795162641,8,2.66666666666667,8,0.666666666666667,2,3,0.666666666666667,2,0,NA,NA,NA,NA,NA,NA,NA,NA,"G6"
"235","Memphis","fbs","American Athletic",2024,4687493,"Brandon Thomas",5,2,11,2.5,0.0422872474944096,0.00845744949888192,0.0211436237472048,18,3.6,9,0.6,5,5,1,0,0,NA,NA,NA,NA,NA,NA,NA,NA,"G6"
"235","Memphis","fbs","American Athletic",2024,4687507,"Kobe Drake",40,11,11,3.63636363636364,34.3129920068317,0.857824800170793,3.11936290971198,444,11.1,40.3636363636364,0.75,36,40,0.9,1,1,201,237,219,125.5,270.5,208,234,254,"G6"
"235","Memphis","fbs","American Athletic",2024,4691889,"Gregory DeRosiers",18,5,11,3.6,12.5646501408016,0.698036118933423,2.51293002816032,128,7.11111111111111,25.6,0.611111111111111,17,18,0.944444444444444,3,0,NA,NA,NA,NA,NA,NA,NA,NA,"G6"
"235","Memphis","fbs","American Athletic",2024,4899470,"Ja'Koby Banks",3,1,11,3,-1.65949067529415,-0.553163558431385,-1.65949067529415,1,0.333333333333333,1,0,3,3,1,0,0,NA,NA,NA,NA,NA,NA,NA,NA,"G6"
"235","Memphis","fbs","American Athletic",2024,4917349,"Jamari Hawkins",3,2,11,1.5,3.03731410381645,1.01243803460548,1.51865705190823,24,8,12,0.666666666666667,3,3,1,0,0,NA,NA,NA,NA,NA,NA,NA,NA,"G6"
"235","Memphis","fbs","American Athletic",2024,5147864,"Makari Bodiford",1,1,11,1,-0.6381109373644,-0.6381109373644,-0.6381109373644,3,3,3,0,1,1,1,0,0,NA,NA,NA,NA,NA,NA,NA,NA,"G6"
"235","Memphis","fbs","American Athletic",2024,5148995,"Brady Kluse",4,3,11,1.33333333333333,4.79268238970245,1.19817059742561,1.59756079656748,76,19,25.3333333333333,0.75,4,4,1,0,0,NA,NA,NA,NA,NA,NA,NA,NA,"G6"
"235","Memphis","fbs","American Athletic",2024,5152162,"Marcello Bussey",8,3,11,2.66666666666667,11.0835552276078,1.38544440345098,3.69451840920261,108,13.5,36,1,8,8,1,1,0,NA,NA,NA,NA,NA,NA,NA,NA,"G6"
"235","Memphis","fbs","American Athletic",2024,5152166,"Jamauri Chislom",1,1,11,1,1.77368001495595,1.77368001495595,1.77368001495595,3,3,3,1,1,1,1,1,0,NA,NA,NA,NA,NA,NA,NA,NA,"G6"
"235","Memphis","fbs","American Athletic",2024,5152167,"Brendan Doyle",12,8,11,1.5,3.70649401498597,0.308874501248831,0.463311751873246,72,6,9,0.5,11,12,0.916666666666667,2,0,NA,NA,NA,NA,NA,NA,NA,NA,"G6"
"235","Memphis","fbs","American Athletic",2024,5154339,"Mario Anderson",45,11,11,4.09090909090909,9.2101721527254,0.204670492282787,0.837288377520491,286,6.35555555555556,26,0.377777777777778,45,45,1,2,0,454,461,470,500,54,369,475,418,"G6"
"238","Vanderbilt","fbs","SEC",2024,4429773,"Loic Fouonji",10,6,11,1.66666666666667,12.359960409428,1.2359960409428,2.05999340157133,138,13.8,23,0.8,10,10,1,0,0,NA,NA,NA,NA,NA,NA,NA,NA,"P4"
"238","Vanderbilt","fbs","SEC",2024,4431574,"Eli Stowers",42,10,11,4.2,49.5487944115237,1.17973320027437,4.95487944115237,544,12.952380952381,54.4,0.785714285714286,40,42,0.952380952380952,3,0,96,96,81,83,162,136.5,106,136,"P4"
"238","Vanderbilt","fbs","SEC",2024,4572380,"Quincy Skinner Jr.",30,11,11,2.72727272727273,21.3607729235967,0.712025764119891,1.9418884475997,346,11.5333333333333,31.4545454545455,0.7,26,30,0.866666666666667,2,0,337,373,302,212,338,291,193,357.5,"P4"
"238","Vanderbilt","fbs","SEC",2024,4799991,"Cole Spence",6,5,11,1.2,7.18433256947893,1.19738876157982,1.43686651389579,67,11.1666666666667,13.4,1,6,6,1,0,0,NA,NA,NA,NA,NA,NA,NA,NA,"P4"
"238","Vanderbilt","fbs","SEC",2024,4868300,"Nate Johnson",1,1,11,1,-0.7454786900294,-0.7454786900294,-0.7454786900294,1,1,1,0,1,1,1,0,0,NA,NA,NA,NA,NA,NA,NA,NA,"P4"
"238","Vanderbilt","fbs","SEC",2024,4877627,"Chase Gillespie",1,1,11,1,-0.0650415007568577,-0.0650415007568577,-0.0650415007568577,6,6,6,0,1,1,1,0,0,NA,NA,NA,NA,NA,NA,NA,NA,"P4"
"238","Vanderbilt","fbs","SEC",2024,4917981,"AJ Newberry",7,6,11,1.16666666666667,13.6153991034835,1.94505701478335,2.26923318391391,134,19.1428571428571,22.3333333333333,0.857142857142857,7,7,1,2,0,NA,NA,NA,NA,NA,NA,NA,NA,"P4"
"238","Vanderbilt","fbs","SEC",2024,5030333,"Sedrick Alexander",20,11,11,1.81818181818182,10.0486769478207,0.502433847391037,0.913516086165522,197,9.85,17.9090909090909,0.5,18,20,0.9,1,0,NA,NA,NA,NA,NA,NA,NA,NA,"P4"
"238","Vanderbilt","fbs","SEC",2024,5078165,"Junior Sherrill",28,10,11,2.8,32.1400443349983,1.14785872624994,3.21400443349983,349,12.4642857142857,34.9,0.714285714285714,26,28,0.928571428571429,2,0,218,226,87,192.5,202.5,282.5,124.5,307,"P4"
"238","Vanderbilt","fbs","SEC",2024,5084180,"Diego Pavia",3,2,11,1.5,12.0613802462599,4.02046008208663,6.03069012312995,57,19,28.5,1,3,3,1,3,0,NA,NA,NA,NA,NA,NA,NA,NA,"P4"
"238","Vanderbilt","fbs","SEC",2024,5086448,"Kamrean Johnson",1,1,11,1,3.1169954881763,3.1169954881763,3.1169954881763,6,6,6,1,1,1,1,1,0,NA,NA,NA,NA,NA,NA,NA,NA,"P4"
"238","Vanderbilt","fbs","SEC",2024,5089070,"Richie Hoskins",11,7,11,1.57142857142857,7.79199275368341,0.708362977607582,1.11314182195477,100,9.09090909090909,14.2857142857143,0.636363636363636,10,11,0.909090909090909,1,0,NA,NA,NA,NA,NA,NA,NA,NA,"P4"
"238","Vanderbilt","fbs","SEC",2024,5147367,"Joseph McVay",1,1,11,1,5.09084391592058,5.09084391592058,5.09084391592058,65,65,65,1,1,1,1,1,0,NA,NA,NA,NA,NA,NA,NA,NA,"P4"
"239","Baylor","fbs","Big 12",2024,4430689,"Dominic Richardson",1,1,11,1,2.54031409420488,2.54031409420488,2.54031409420488,19,19,19,1,1,1,1,0,0,NA,NA,NA,NA,NA,NA,NA,NA,"P4"
"239","Baylor","fbs","Big 12",2024,4431389,"Ketron Jackson",7,2,11,3.5,15.980901396852,2.28298591383601,7.99045069842602,96,13.7142857142857,48,1,7,7,1,1,0,NA,NA,NA,NA,NA,NA,NA,NA,"P4"
"239","Baylor","fbs","Big 12",2024,4432759,"Sawyer Robertson",3,2,11,1.5,8.13707309766054,2.71235769922018,4.06853654883027,67,22.3333333333333,33.5,1,3,3,1,3,0,NA,NA,NA,NA,NA,NA,NA,NA,"P4"
"239","Baylor","fbs","Big 12",2024,4594749,"Michael Trigg",27,8,11,3.375,23.1673511647404,0.858050043138535,2.89591889559256,357,13.2222222222222,44.625,0.777777777777778,27,27,1,1,1,318,262,218,90.5,54,273.5,95,208,"P4"
"239","Baylor","fbs","Big 12",2024,4613087,"Jamaal Bell",1,1,11,1,-0.718012322313574,-0.718012322313574,-0.718012322313574,-2,-2,-2,0,1,1,1,0,0,NA,NA,NA,NA,NA,NA,NA,NA,"P4"
"239","Baylor","fbs","Big 12",2024,4708127,"Monaray Baldwin",20,9,11,2.22222222222222,25.3517955354689,1.26758977677344,2.81686617060765,324,16.2,36,0.8,20,20,1,4,0,NA,NA,NA,NA,NA,NA,NA,NA,"P4"
"239","Baylor","fbs","Big 12",2024,4837335,"Richard Reese",4,4,11,1,-1.75826966299548,-0.439567415748869,-0.439567415748869,34,8.5,8.5,0.5,4,4,1,0,0,NA,NA,NA,NA,NA,NA,NA,NA,"P4"
"239","Baylor","fbs","Big 12",2024,4879189,"Hal Presley",27,10,11,2.7,32.8544402136115,1.21683111902265,3.28544402136115,365,13.5185185185185,36.5,0.740740740740741,27,27,1,2,0,213,223,73,140.5,54,266.5,85,295.5,"P4"
"239","Baylor","fbs","Big 12",2024,4879194,"Josh Cameron",43,11,11,3.90909090909091,71.4007412415147,1.66048235445383,6.49097647650133,629,14.6279069767442,57.1818181818182,0.953488372093023,43,43,1,9,0,26,33,9,3,54,99.5,59,119.5,"P4"
"239","Baylor","fbs","Big 12",2024,4879196,"Gavin Yates",3,3,11,1,0.27882010895187,0.0929400363172902,0.0929400363172902,18,6,6,0.666666666666667,3,3,1,0,0,NA,NA,NA,NA,NA,NA,NA,NA,"P4"
"239","Baylor","fbs","Big 12",2024,4879677,"Ashtyn Hawkins",38,9,11,4.22222222222222,33.351149843986,0.877661837999631,3.70568331599844,452,11.8947368421053,50.2222222222222,0.815789473684211,38,38,1,2,0,212,183,205,57,54,202,165,157,"P4"
"239","Baylor","fbs","Big 12",2024,4921305,"Matthew Klopfenstein",2,2,11,1,-0.237126588005762,-0.118563294002881,-0.118563294002881,6,3,3,0.5,2,2,1,1,0,NA,NA,NA,NA,NA,NA,NA,NA,"P4"
"239","Baylor","fbs","Big 12",2024,4921517,"Dawson Pendergrass",6,6,11,1,3.11357462228425,0.518929103714042,0.518929103714042,68,11.3333333333333,11.3333333333333,0.666666666666667,6,6,1,1,0,NA,NA,NA,NA,NA,NA,NA,NA,"P4"
"239","Baylor","fbs","Big 12",2024,4954455,"Bryson Washington",22,9,11,2.44444444444444,11.5103749978841,0.523198863540186,1.27893055532045,217,9.86363636363636,24.1111111111111,0.727272727272727,22,22,1,1,1,432,431,393,162.5,54,438,320,433,"P4"
"2390","Miami","fbs","ACC",2024,4038961,"Cam McCormick",6,5,11,1.2,7.11536803607237,1.18589467267873,1.42307360721447,42,7,8.4,0.833333333333333,6,6,1,3,0,NA,NA,NA,NA,NA,NA,NA,NA,"P4"
"2390","Miami","fbs","ACC",2024,4431353,"Xavier Restrepo",73,11,11,6.63636363636364,91.5082465738511,1.25353762429933,8.31893150671374,1018,13.9452054794521,92.5454545454545,0.73972602739726,63,73,0.863013698630137,10,0,6,9,61,144,351,9,72,13,"P4"
"2390","Miami","fbs","ACC",2024,4567784,"Jacolby George",54,11,11,4.90909090909091,67.9801488831823,1.25889164598486,6.18001353483476,700,12.962962962963,63.6363636363636,0.796296296296296,48,54,0.888888888888889,7,0,35,41,59,74,288,63,105,79,"P4"
"2390","Miami","fbs","ACC",2024,4587977,"Sam Brown",31,9,11,3.44444444444444,24.9424992511614,0.804596750037466,2.77138880568461,431,13.9032258064516,47.8888888888889,0.580645161290323,27,31,0.870967741935484,2,0,286,282,248,394.5,323,217,73,181,"P4"
"2390","Miami","fbs","ACC",2024,4678006,"Elijah Arroyo",31,10,11,3.1,40.5256624897422,1.30727943515298,4.05256624897422,506,16.3225806451613,50.6,0.806451612903226,29,31,0.935483870967742,4,0,157,150,49,69,191,164,25,156,"P4"
"2390","Miami","fbs","ACC",2024,4685383,"Isaiah Horton",56,11,11,5.09090909090909,47.2946173099081,0.84454673767693,4.2995106645371,550,9.82142857142857,50,0.732142857142857,52,56,0.928571428571429,5,1,106,133,228,155,202.5,131,324,161,"P4"
"2390","Miami","fbs","ACC",2024,4688380,"Cameron Ward",2,2,11,1,4.19335103527857,2.09667551763929,2.09667551763929,10,5,5,1,2,2,1,2,0,NA,NA,NA,NA,NA,NA,NA,NA,"P4"
"2390","Miami","fbs","ACC",2024,4808830,"Damien Martinez",17,8,11,2.125,14.331905403755,0.843053259044411,1.79148817546937,183,10.7647058823529,22.875,0.647058823529412,15,17,0.882352941176471,0,0,NA,NA,NA,NA,NA,NA,NA,NA,"P4"
"2390","Miami","fbs","ACC",2024,4870736,"Mark Fletcher Jr.",10,6,11,1.66666666666667,-2.61201004180772,-0.261201004180772,-0.435335006967954,99,9.9,16.5,0.7,9,10,0.9,0,1,NA,NA,NA,NA,NA,NA,NA,NA,"P4"
"2390","Miami","fbs","ACC",2024,4870770,"Nathaniel Joseph",2,1,11,2,1.8726549707165,0.936327485358251,1.8726549707165,52,26,52,1,2,2,1,0,0,NA,NA,NA,NA,NA,NA,NA,NA,"P4"
"2390","Miami","fbs","ACC",2024,4871054,"Riley Williams",7,5,11,1.4,4.39666092446016,0.628094417780023,0.879332184892033,88,12.5714285714286,17.6,0.571428571428571,6,7,0.857142857142857,0,0,NA,NA,NA,NA,NA,NA,NA,NA,"P4"
"2390","Miami","fbs","ACC",2024,4878394,"Ajay Allen",2,2,11,1,0.991566214773801,0.495783107386901,0.495783107386901,23,11.5,11.5,1,2,2,1,0,0,NA,NA,NA,NA,NA,NA,NA,NA,"P4"
"2390","Miami","fbs","ACC",2024,5079503,"Elija Lofton",6,4,11,1.5,6.613103485185,1.1021839141975,1.65327587129625,130,21.6666666666667,32.5,0.833333333333333,6,6,1,1,0,NA,NA,NA,NA,NA,NA,NA,NA,"P4"
"2390","Miami","fbs","ACC",2024,5079591,"Jordan Lyle",3,3,11,1,1.32452301943794,0.441507673145979,0.441507673145979,21,7,7,0.333333333333333,3,3,1,0,0,NA,NA,NA,NA,NA,NA,NA,NA,"P4"
"2390","Miami","fbs","ACC",2024,5079745,"Joshisa Trader",2,2,11,1,1.73001598820099,0.865007994100497,0.865007994100497,26,13,13,1,2,2,1,0,0,NA,NA,NA,NA,NA,NA,NA,NA,"P4"
"2390","Miami","fbs","ACC",2024,5159948,"Chris Johnson Jr.",6,3,11,2,2.28330210256724,0.380550350427873,0.761100700855746,57,9.5,19,0.333333333333333,5,6,0.833333333333333,1,0,NA,NA,NA,NA,NA,NA,NA,NA,"P4"
"2393","Middle Tennessee","fbs","Conference USA",2024,4571070,"Hayes Sutton",15,7,11,2.14285714285714,8.87369779418498,0.591579852945665,1.267671113455,126,8.4,18,0.733333333333333,15,15,1,1,0,NA,NA,NA,NA,NA,NA,NA,NA,"G6"
"2393","Middle Tennessee","fbs","Conference USA",2024,4605869,"Terry Wilkins",13,8,11,1.625,4.29665565151742,0.330511973193647,0.537081956439677,69,5.30769230769231,8.625,0.461538461538462,13,13,1,1,0,NA,NA,NA,NA,NA,NA,NA,NA,"G6"
"2393","Middle Tennessee","fbs","Conference USA",2024,4608772,"Brian Brewton",2,1,11,2,0.185990506274959,0.0929952531374796,0.185990506274959,7,3.5,7,0.5,2,2,1,0,0,NA,NA,NA,NA,NA,NA,NA,NA,"G6"
"2393","Middle Tennessee","fbs","Conference USA",2024,4611516,"Holden Willis",51,10,11,5.1,74.2910146368982,1.45668656150781,7.42910146368982,839,16.4509803921569,83.9,0.823529411764706,51,51,1,6,1,21,13,27,48.5,54,21.5,23,19,"G6"
"2393","Middle Tennessee","fbs","Conference USA",2024,4683127,"Ryan Hoerstkamp",1,1,11,1,-0.343352580264317,-0.343352580264317,-0.343352580264317,1,1,1,0,1,1,1,0,0,NA,NA,NA,NA,NA,NA,NA,NA,"G6"
"2393","Middle Tennessee","fbs","Conference USA",2024,4683658,"Javonte Sherman",8,5,11,1.6,9.56010729822821,1.19501341227853,1.91202145964564,92,11.5,18.4,0.875,8,8,1,0,0,NA,NA,NA,NA,NA,NA,NA,NA,"G6"
"2393","Middle Tennessee","fbs","Conference USA",2024,4684540,"Jacob Coleman",1,1,11,1,1.14126477120428,1.14126477120428,1.14126477120428,9,9,9,1,1,1,1,0,0,NA,NA,NA,NA,NA,NA,NA,NA,"G6"
"2393","Middle Tennessee","fbs","Conference USA",2024,4686357,"Gamarion Carter",9,6,11,1.5,5.92505367131435,0.658339296812705,0.987508945219058,90,10,15,0.777777777777778,9,9,1,0,0,NA,NA,NA,NA,NA,NA,NA,NA,"G6"
"2393","Middle Tennessee","fbs","Conference USA",2024,4686513,"Frank Peasant",1,1,11,1,-1.63839603231512,-1.63839603231512,-1.63839603231512,-4,-4,-4,0,1,1,1,0,0,NA,NA,NA,NA,NA,NA,NA,NA,"G6"
"2393","Middle Tennessee","fbs","Conference USA",2024,4701951,"Omari Kelly",49,9,11,5.44444444444444,66.1910082887006,1.35083690385103,7.35455647652229,822,16.7755102040816,91.3333333333333,0.755102040816326,49,49,1,4,2,40,14,39,115.5,54,28,18,14,"G6"
"2393","Middle Tennessee","fbs","Conference USA",2024,4837462,"Jaiden Credle",23,9,11,2.55555555555556,-0.737417117253327,-0.0320616137936229,-0.0819352352503697,100,4.34782608695652,11.1111111111111,0.391304347826087,23,23,1,0,0,499,499,499,493,54,505,503,506,"G6"
"2393","Middle Tennessee","fbs","Conference USA",2024,4875810,"Taharin Sudderth",3,3,11,1,-1.05231708512614,-0.350772361708713,-0.350772361708713,16,5.33333333333333,5.33333333333333,0.333333333333333,3,3,1,0,0,NA,NA,NA,NA,NA,NA,NA,NA,"G6"
"2393","Middle Tennessee","fbs","Conference USA",2024,4877664,"Myles Butler",26,10,11,2.6,25.1300878340003,0.966541839769243,2.51300878340003,323,12.4230769230769,32.3,0.730769230769231,26,26,1,2,0,282,309,156,156.5,54,322,126.5,343,"G6"
"2393","Middle Tennessee","fbs","Conference USA",2024,4879287,"Kellen Stewart",1,1,11,1,1.64754137717391,1.64754137717391,1.64754137717391,20,20,20,1,1,1,1,0,0,NA,NA,NA,NA,NA,NA,NA,NA,"G6"
"2393","Middle Tennessee","fbs","Conference USA",2024,5091830,"Cam'Ron Lacy",20,8,11,2.5,10.0508413786643,0.502542068933216,1.25635517233304,190,9.5,23.75,0.55,20,20,1,0,0,NA,NA,NA,NA,NA,NA,NA,NA,"G6"
"2393","Middle Tennessee","fbs","Conference USA",2024,5102932,"Ethan Crite",2,2,11,1,0.0749956612633838,0.0374978306316919,0.0374978306316919,14,7,7,0.5,2,2,1,0,0,NA,NA,NA,NA,NA,NA,NA,NA,"G6"
"2393","Middle Tennessee","fbs","Conference USA",2024,5121721,"Jekail Middlebrook",20,7,11,2.85714285714286,7.6163174390283,0.380815871951415,1.08804534843261,142,7.1,20.2857142857143,0.5,20,20,1,1,0,NA,NA,NA,NA,NA,NA,NA,NA,"G6"
"2393","Middle Tennessee","fbs","Conference USA",2024,5220390,"Evan Poticher",6,3,11,2,3.70441952620785,0.617403254367975,1.23480650873595,45,7.5,15,0.833333333333333,6,6,1,0,0,NA,NA,NA,NA,NA,NA,NA,NA,"G6"
"24","Stanford","fbs","ACC",2024,4684502,"Justin Lamson",1,1,11,1,3.41097451785602,3.41097451785602,3.41097451785602,2,2,2,1,1,1,1,1,0,NA,NA,NA,NA,NA,NA,NA,NA,"P4"
"24","Stanford","fbs","ACC",2024,4685504,"Sam Roush",39,10,11,3.9,16.0332643576696,0.41110934250435,1.60332643576696,306,7.84615384615385,30.6,0.564102564102564,37,39,0.948717948717949,1,0,398,411,434,407,166,349,430,369,"P4"
"24","Stanford","fbs","ACC",2024,4826505,"Mudia Reuben",1,1,11,1,2.68395133364039,2.68395133364039,2.68395133364039,10,10,10,1,1,1,1,0,0,NA,NA,NA,NA,NA,NA,NA,NA,"P4"
"24","Stanford","fbs","ACC",2024,4838679,"Ashton Daniels",1,1,11,1,2.13801223827456,2.13801223827456,2.13801223827456,3,3,3,1,1,1,1,1,0,NA,NA,NA,NA,NA,NA,NA,NA,"P4"
"24","Stanford","fbs","ACC",2024,4870802,"Sedrick Irvin",4,3,11,1.33333333333333,-1.31674415535756,-0.329186038839389,-0.438914718452519,15,3.75,5,0.5,3,4,0.75,0,0,NA,NA,NA,NA,NA,NA,NA,NA,"P4"
"24","Stanford","fbs","ACC",2024,4883647,"Elic Ayomanor",75,11,11,6.81818181818182,63.4184835881847,0.845579781175796,5.76531668983497,786,10.48,71.4545454545455,0.653333333333333,60,75,0.8,6,0,42,54,226,287,434.5,34,273,46,"P4"
"24","Stanford","fbs","ACC",2024,4918421,"Tiger Bachmeier",15,8,11,1.875,1.06335916712867,0.0708906111419111,0.132919895891083,67,4.46666666666667,8.375,0.466666666666667,10,15,0.666666666666667,0,0,NA,NA,NA,NA,NA,NA,NA,NA,"P4"
"24","Stanford","fbs","ACC",2024,5079371,"Chris Davis Jr.",3,3,11,1,-0.47958834629665,-0.159862782098883,-0.159862782098883,11,3.66666666666667,3.66666666666667,0.333333333333333,3,3,1,0,0,NA,NA,NA,NA,NA,NA,NA,NA,"P4"
"24","Stanford","fbs","ACC",2024,5095218,"Ryan Butler",2,1,11,2,0.597748425055227,0.298874212527614,0.597748425055227,11,5.5,11,0.5,2,2,1,0,0,NA,NA,NA,NA,NA,NA,NA,NA,"P4"
"24","Stanford","fbs","ACC",2024,5107875,"Cole Tabb",1,1,11,1,-0.0538001699127218,-0.0538001699127218,-0.0538001699127218,5,5,5,0,1,1,1,0,0,NA,NA,NA,NA,NA,NA,NA,NA,"P4"
"24","Stanford","fbs","ACC",2024,5114311,"Jackson Harris",6,1,11,6,-3.08395352411906,-0.513992254019843,-3.08395352411906,11,1.83333333333333,11,0.166666666666667,1,6,0.166666666666667,0,0,NA,NA,NA,NA,NA,NA,NA,NA,"P4"
"24","Stanford","fbs","ACC",2024,5120970,"Ismael Cisse",21,7,11,3,8.04755600520324,0.383216952628726,1.14965085788618,160,7.61904761904762,22.8571428571429,0.666666666666667,17,21,0.80952380952381,0,0,459,443,440,264.5,422.5,479.5,434,441,"P4"
"24","Stanford","fbs","ACC",2024,5143191,"Micah Ford",13,7,11,1.85714285714286,-3.04532309935397,-0.234255623027229,-0.435046157050567,48,3.69230769230769,6.85714285714286,0.384615384615385,10,13,0.769230769230769,0,0,NA,NA,NA,NA,NA,NA,NA,NA,"P4"
"24","Stanford","fbs","ACC",2024,5219242,"Marcus Brown",1,1,11,1,0.449288798213564,0.449288798213564,0.449288798213564,7,7,7,1,1,1,1,0,0,NA,NA,NA,NA,NA,NA,NA,NA,"P4"
"242","Rice","fbs","American Athletic",2024,4428035,"Elijah Mojarro",23,9,11,2.55555555555556,11.269377709255,0.489972943880653,1.25215307880611,215,9.34782608695652,23.8888888888889,0.521739130434783,22,23,0.956521739130435,3,1,435,434,404,439.5,152,439,357,435,"G6"
"242","Rice","fbs","American Athletic",2024,4429885,"Kobie Campbell",37,10,11,3.7,21.6990076589193,0.586459666457278,2.16990076589193,342,9.24324324324324,34.2,0.621621621621622,30,37,0.810810810810811,0,0,334,351,361,340.5,420.5,299.5,365,317.5,"G6"
"242","Rice","fbs","American Athletic",2024,4433909,"Matt Sykes",68,11,11,6.18181818181818,52.3669700274227,0.770102500403275,4.76063363885661,716,10.5294117647059,65.0909090909091,0.691176470588235,59,68,0.867647058823529,3,1,80,104,269,228,336,60,269,74,"G6"
"242","Rice","fbs","American Athletic",2024,4565769,"Sean Fresch",1,1,11,1,1.90336285462957,1.90336285462957,1.90336285462957,40,40,40,1,1,1,1,0,0,NA,NA,NA,NA,NA,NA,NA,NA,"G6"
"242","Rice","fbs","American Athletic",2024,4688757,"Tyson Thompson",2,1,11,2,-0.247070100917581,-0.123535050458791,-0.247070100917581,9,4.5,9,0.5,2,2,1,0,0,NA,NA,NA,NA,NA,NA,NA,NA,"G6"
"242","Rice","fbs","American Athletic",2024,4694035,"Graham Walker",23,8,11,2.875,13.9985625799126,0.608633155648376,1.74982032248908,229,9.95652173913044,28.625,0.608695652173913,21,23,0.91304347826087,0,1,419,393,349,361.5,232.5,426,312,391,"G6"
"242","Rice","fbs","American Athletic",2024,4696740,"Colin Giffen",1,1,11,1,1.30586265867245,1.30586265867245,1.30586265867245,5,5,5,1,1,1,1,1,0,NA,NA,NA,NA,NA,NA,NA,NA,"G6"
"242","Rice","fbs","American Athletic",2024,4698883,"John Long",1,1,11,1,-1.15151269325866,-1.15151269325866,-1.15151269325866,-8,-8,-8,0,1,1,1,0,0,NA,NA,NA,NA,NA,NA,NA,NA,"G6"
"242","Rice","fbs","American Athletic",2024,4869581,"Braylen Walker",22,10,11,2.2,9.99518322114317,0.454326510051962,0.999518322114317,218,9.90909090909091,21.8,0.545454545454545,17,22,0.772727272727273,0,0,445,446,414,422.5,454,436.5,316,453,"G6"
"242","Rice","fbs","American Athletic",2024,4875899,"Christian Francisco",7,4,11,1.75,1.76102106924197,0.251574438463139,0.440255267310494,57,8.14285714285714,14.25,0.428571428571429,7,7,1,0,0,NA,NA,NA,NA,NA,NA,NA,NA,"G6"
"242","Rice","fbs","American Athletic",2024,4916436,"E.J. Warner",2,2,11,1,5.9265764492862,2.9632882246431,2.9632882246431,55,27.5,27.5,1,2,2,1,2,0,NA,NA,NA,NA,NA,NA,NA,NA,"G6"
"242","Rice","fbs","American Athletic",2024,5081632,"Thai Chiaokhiao-Bowman",15,5,11,3,-0.0373468898686232,-0.00248979265790821,-0.00746937797372464,109,7.26666666666667,21.8,0.4,14,15,0.933333333333333,0,0,NA,NA,NA,NA,NA,NA,NA,NA,"G6"
"242","Rice","fbs","American Athletic",2024,5082269,"Dean Connors",53,11,11,4.81818181818182,9.44170689654731,0.178145413142402,0.85833699059521,430,8.11320754716981,39.0909090909091,0.452830188679245,49,53,0.924528301886792,2,1,452,459,474,478,211,218.5,422,260,"G6"
"242","Rice","fbs","American Athletic",2024,5082271,"Quinton Jackson",12,6,11,2,-3.04903916629506,-0.254086597191255,-0.508173194382509,52,4.33333333333333,8.66666666666667,0.25,11,12,0.916666666666667,1,0,NA,NA,NA,NA,NA,NA,NA,NA,"G6"
"242","Rice","fbs","American Athletic",2024,5082277,"Micah Barnett",2,1,11,2,-0.46116990740499,-0.230584953702495,-0.46116990740499,6,3,6,0.5,2,2,1,0,0,NA,NA,NA,NA,NA,NA,NA,NA,"G6"
"242","Rice","fbs","American Athletic",2024,5082284,"Boden Groen",5,3,11,1.66666666666667,3.13777834929581,0.627555669859163,1.04592611643194,60,12,20,0.8,5,5,1,0,0,NA,NA,NA,NA,NA,NA,NA,NA,"G6"
"242","Rice","fbs","American Athletic",2024,5151274,"Drayden Dickmann",10,6,11,1.66666666666667,3.18466919427374,0.318466919427374,0.530778199045623,70,7,11.6666666666667,0.5,8,10,0.8,1,0,NA,NA,NA,NA,NA,NA,NA,NA,"G6"
"2426","Navy","fbs","American Athletic",2024,4880681,"Amin Hassan",3,3,10,1,2.61230968608,0.870769895360001,0.870769895360001,34,11.3333333333333,11.3333333333333,0.666666666666667,3,3,1,0,0,NA,NA,NA,NA,NA,NA,NA,NA,"G6"
"2426","Navy","fbs","American Athletic",2024,4880691,"Thomas Scully",1,1,10,1,3.44713667922135,3.44713667922135,3.44713667922135,20,20,20,1,1,1,1,0,0,NA,NA,NA,NA,NA,NA,NA,NA,"G6"
"2426","Navy","fbs","American Athletic",2024,4880697,"Daba Fofana",1,1,10,1,0.00364762140234154,0.00364762140234154,0.00364762140234154,3,3,3,1,1,1,1,0,0,NA,NA,NA,NA,NA,NA,NA,NA,"G6"
"2426","Navy","fbs","American Athletic",2024,5081502,"Nathan Kent",8,4,10,2,5.61680156932228,0.702100196165285,1.40420039233057,94,11.75,23.5,0.5,6,8,0.75,1,0,NA,NA,NA,NA,NA,NA,NA,NA,"G6"
"2426","Navy","fbs","American Athletic",2024,5081504,"Blake Horvath",4,3,10,1.33333333333333,12.9868541519787,3.24671353799467,4.32895138399289,164,41,54.6666666666667,0.75,3,4,0.75,2,0,NA,NA,NA,NA,NA,NA,NA,NA,"G6"
"2426","Navy","fbs","American Athletic",2024,5081505,"Cody Howard",3,3,10,1,5.32320222953025,1.77440074317675,1.77440074317675,39,13,13,0.666666666666667,3,3,1,1,0,NA,NA,NA,NA,NA,NA,NA,NA,"G6"
"2426","Navy","fbs","American Athletic",2024,5081508,"Eli Heidenreich",32,9,10,3.55555555555556,33.598801323321,1.04996254135378,3.73320014703567,449,14.03125,49.8888888888889,0.8125,31,32,0.96875,2,0,208,179,121,59.5,128,204.5,69,162,"G6"
"2426","Navy","fbs","American Athletic",2024,5081517,"Brandon Chatman",15,8,10,1.875,16.2525410974767,1.08350273983178,2.03156763718458,185,12.3333333333333,23.125,0.666666666666667,14,15,0.933333333333333,2,0,NA,NA,NA,NA,NA,NA,NA,NA,"G6"
"2426","Navy","fbs","American Athletic",2024,5081526,"Alex Tecza",11,8,10,1.375,10.650304702021,0.968209518365542,1.33128808775262,188,17.0909090909091,23.5,0.545454545454545,10,11,0.909090909090909,2,0,NA,NA,NA,NA,NA,NA,NA,NA,"G6"
"2426","Navy","fbs","American Athletic",2024,5158341,"Luke Hutchison",3,2,10,1.5,-0.78772870759023,-0.26257623586341,-0.393864353795115,19,6.33333333333333,9.5,0.333333333333333,3,3,1,0,0,NA,NA,NA,NA,NA,NA,NA,NA,"G6"
"2426","Navy","fbs","American Athletic",2024,5158398,"Jake Norris",2,2,10,1,1.59883754232043,0.799418771160217,0.799418771160217,28,14,14,1,2,2,1,0,0,NA,NA,NA,NA,NA,NA,NA,NA,"G6"
"2426","Navy","fbs","American Athletic",2024,5220470,"Myles Slade",1,1,10,1,1.18367516846062,1.18367516846062,1.18367516846062,14,14,14,1,1,1,1,0,0,NA,NA,NA,NA,NA,NA,NA,NA,"G6"
"2429","Charlotte","fbs","American Athletic",2024,4570667,"Terez Traynor",1,1,9,1,0.286506666073163,0.286506666073163,0.286506666073163,6,6,6,1,1,1,1,0,0,NA,NA,NA,NA,NA,NA,NA,NA,"G6"
"2429","Charlotte","fbs","American Athletic",2024,4613157,"Jake Clemons",2,2,9,1,-2.06592489289105,-1.03296244644552,-1.03296244644552,-1,-0.5,-0.5,0,2,2,1,0,0,NA,NA,NA,NA,NA,NA,NA,NA,"G6"
"2429","Charlotte","fbs","American Athletic",2024,4613268,"Joseph Bearns III",1,1,9,1,1.18368043854055,1.18368043854055,1.18368043854055,17,17,17,1,1,1,1,0,0,NA,NA,NA,NA,NA,NA,NA,NA,"G6"
"2429","Charlotte","fbs","American Athletic",2024,4684173,"O'Mega Blake",29,8,9,3.625,52.3988919551343,1.80685834328049,6.54986149439179,679,23.4137931034483,84.875,0.724137931034483,24,29,0.827586206896552,8,0,79,28,2,166,398,72.5,1,18,"G6"
"2429","Charlotte","fbs","American Athletic",2024,4684281,"Jairus Mack",12,4,9,3,14.4800603648709,1.20667169707257,3.62001509121772,180,15,45,0.583333333333333,10,12,0.833333333333333,0,0,NA,NA,NA,NA,NA,NA,NA,NA,"G6"
"2429","Charlotte","fbs","American Athletic",2024,4689194,"Jack Reynolds",1,1,9,1,0.224128468933169,0.224128468933169,0.224128468933169,6,6,6,1,1,1,1,0,0,NA,NA,NA,NA,NA,NA,NA,NA,"G6"
"2429","Charlotte","fbs","American Athletic",2024,4689585,"Trexler Ivey",1,1,9,1,4.41567879564626,4.41567879564626,4.41567879564626,25,25,25,1,1,1,1,1,0,NA,NA,NA,NA,NA,NA,NA,NA,"G6"
"2429","Charlotte","fbs","American Athletic",2024,4689590,"Bryce Kennon",10,5,9,2,2.0436965150644,0.20436965150644,0.40873930301288,75,7.5,15,0.4,10,10,1,0,0,NA,NA,NA,NA,NA,NA,NA,NA,"G6"
"2429","Charlotte","fbs","American Athletic",2024,4705930,"Hahsaun Wilson",2,2,9,1,-1.60682593535762,-0.803412967678808,-0.803412967678808,9,4.5,4.5,0,2,2,1,0,0,NA,NA,NA,NA,NA,NA,NA,NA,"G6"
"2429","Charlotte","fbs","American Athletic",2024,4708099,"Gus McGee",2,2,9,1,0.0209455232834268,0.0104727616417134,0.0104727616417134,9,4.5,4.5,0.5,2,2,1,0,0,NA,NA,NA,NA,NA,NA,NA,NA,"G6"
"2429","Charlotte","fbs","American Athletic",2024,4710068,"Colin Weber",11,4,9,2.75,8.31852437202589,0.75622948836599,2.07963109300647,91,8.27272727272727,22.75,0.636363636363636,11,11,1,0,0,NA,NA,NA,NA,NA,NA,NA,NA,"G6"
"2429","Charlotte","fbs","American Athletic",2024,4870747,"Adam Hopkins",2,2,9,1,-1.70440916813997,-0.852204584069985,-0.852204584069985,0,0,0,0,2,2,1,0,0,NA,NA,NA,NA,NA,NA,NA,NA,"G6"
"2429","Charlotte","fbs","American Athletic",2024,4879655,"Henry Rutledge",6,4,9,1.5,0.853524583179664,0.142254097196611,0.213381145794916,31,5.16666666666667,7.75,0.333333333333333,6,6,1,0,0,NA,NA,NA,NA,NA,NA,NA,NA,"G6"
"2429","Charlotte","fbs","American Athletic",2024,4880964,"Terron Kellman",1,1,9,1,0.0485542664790575,0.0485542664790575,0.0485542664790575,8,8,8,1,1,1,1,0,0,NA,NA,NA,NA,NA,NA,NA,NA,"G6"
"2429","Charlotte","fbs","American Athletic",2024,4900146,"Cartevious Norton",1,1,9,1,-0.63729915878913,-0.63729915878913,-0.63729915878913,9,9,9,0,1,1,1,0,0,NA,NA,NA,NA,NA,NA,NA,NA,"G6"
"2429","Charlotte","fbs","American Athletic",2024,5081250,"Sean Brown",29,9,9,3.22222222222222,36.4014360364392,1.25522193229101,4.04460400404879,390,13.448275862069,43.3333333333333,0.827586206896552,28,29,0.96551724137931,0,0,185,151,60,44,133.5,238.5,89,228.5,"G6"
"2429","Charlotte","fbs","American Athletic",2024,5151048,"Duane Thomas Jr.",6,3,9,2,5.56518500967247,0.927530834945412,1.85506166989082,52,8.66666666666667,17.3333333333333,0.5,5,6,0.833333333333333,1,0,NA,NA,NA,NA,NA,NA,NA,NA,"G6"
"2429","Charlotte","fbs","American Athletic",2024,5193102,"Miles Burris",3,2,9,1.5,4.47607432901004,1.49202477633668,2.23803716450502,64,21.3333333333333,32,0.666666666666667,2,3,0.666666666666667,0,0,NA,NA,NA,NA,NA,NA,NA,NA,"G6"
"2429","Charlotte","fbs","American Athletic",2024,5219476,"Isaiah Myers",9,4,9,2.25,20.4965408145754,2.27739342384171,5.12413520364384,175,19.4444444444444,43.75,1,9,9,1,2,0,NA,NA,NA,NA,NA,NA,NA,NA,"G6"
"2429","Charlotte","fbs","American Athletic",2024,5228646,"Rod Gainey Jr.",1,1,9,1,1.17963962373621,1.17963962373621,1.17963962373621,13,13,13,1,1,1,1,0,0,NA,NA,NA,NA,NA,NA,NA,NA,"G6"
"2433","UL Monroe","fbs","Sun Belt",2024,4432744,"Julian Nixon",8,6,11,1.33333333333333,9.16855469897564,1.14606933737196,1.52809244982927,91,11.375,15.1666666666667,0.75,8,8,1,0,0,NA,NA,NA,NA,NA,NA,NA,NA,"G6"
"2433","UL Monroe","fbs","Sun Belt",2024,4684881,"Rylan Green",6,5,11,1.2,2.68581628263992,0.447636047106653,0.537163256527984,43,7.16666666666667,8.6,0.5,5,6,0.833333333333333,0,0,NA,NA,NA,NA,NA,NA,NA,NA,"G6"
"2433","UL Monroe","fbs","Sun Belt",2024,4695420,"Nate Sullivan Jr.",13,9,11,1.44444444444444,9.65829667961891,0.742945898432224,1.07314407551321,126,9.69230769230769,14,0.692307692307692,13,13,1,0,0,NA,NA,NA,NA,NA,NA,NA,NA,"G6"
"2433","UL Monroe","fbs","Sun Belt",2024,4713196,"Davon Wells",24,10,11,2.4,16.5312732922453,0.688803053843556,1.65312732922453,221,9.20833333333333,22.1,0.583333333333333,24,24,1,1,1,395,405,316,390.5,54,433,367,448.5,"G6"
"2433","UL Monroe","fbs","Sun Belt",2024,4838532,"Tyler Griffin",8,7,11,1.14285714285714,15.4079586334573,1.92599482918217,2.20113694763676,193,24.125,27.5714285714286,0.75,8,8,1,1,0,NA,NA,NA,NA,NA,NA,NA,NA,"G6"
"2433","UL Monroe","fbs","Sun Belt",2024,4912281,"Taven Curry",2,2,11,1,0.858842393904175,0.429421196952087,0.429421196952087,14,7,7,0.5,2,2,1,0,0,NA,NA,NA,NA,NA,NA,NA,NA,"G6"
"2433","UL Monroe","fbs","Sun Belt",2024,5081925,"General Booty",1,1,11,1,-1.27407373461134,-1.27407373461134,-1.27407373461134,-7,-7,-7,0,1,1,1,0,0,NA,NA,NA,NA,NA,NA,NA,NA,"G6"
"2433","UL Monroe","fbs","Sun Belt",2024,5122054,"Aidan Armenta",2,2,11,1,7.31019793239268,3.65509896619634,3.65509896619634,32,16,16,1,2,2,1,2,0,NA,NA,NA,NA,NA,NA,NA,NA,"G6"
"2433","UL Monroe","fbs","Sun Belt",2024,5151406,"Artis Cole",11,7,11,1.57142857142857,12.7752234342628,1.16138394856935,1.8250319191804,126,11.4545454545455,18,0.818181818181818,11,11,1,0,0,NA,NA,NA,NA,NA,NA,NA,NA,"G6"
"2433","UL Monroe","fbs","Sun Belt",2024,5163021,"Jacob Godfrey",23,9,11,2.55555555555556,16.8236987926377,0.73146516489729,1.86929986584863,257,11.1739130434783,28.5555555555556,0.565217391304348,23,23,1,2,0,391,381,287,405.5,54,399.5,229,392,"G6"
"2433","UL Monroe","fbs","Sun Belt",2024,5193217,"Jonathan Bibbs",1,1,11,1,6.51761763587057,6.51761763587057,6.51761763587057,65,65,65,1,1,1,1,1,0,NA,NA,NA,NA,NA,NA,NA,NA,"G6"
"2433","UL Monroe","fbs","Sun Belt",2024,5197065,"Ahmad Hardy",8,6,11,1.33333333333333,2.45969356049519,0.307461695061899,0.409948926749198,72,9,12,0.375,8,8,1,0,0,NA,NA,NA,NA,NA,NA,NA,NA,"G6"
"2433","UL Monroe","fbs","Sun Belt",2024,5220215,"Amir McGruder",2,2,11,1,2.96661433283415,1.48330716641707,1.48330716641707,15,7.5,7.5,1,2,2,1,0,0,NA,NA,NA,NA,NA,NA,NA,NA,"G6"
"2433","UL Monroe","fbs","Sun Belt",2024,5220219,"Wesley Campbell VI",6,4,11,1.5,6.04730233685834,1.00788372280972,1.51182558421459,55,9.16666666666667,13.75,0.666666666666667,6,6,1,0,0,NA,NA,NA,NA,NA,NA,NA,NA,"G6"
"2433","UL Monroe","fbs","Sun Belt",2024,5220222,"Javon Campbell",4,3,11,1.33333333333333,4.78410727663166,1.19602681915792,1.59470242554389,93,23.25,31,0.75,4,4,1,0,0,NA,NA,NA,NA,NA,NA,NA,NA,"G6"
"2433","UL Monroe","fbs","Sun Belt",2024,5220253,"James Jones",4,3,11,1.33333333333333,5.35448683893183,1.33862170973296,1.78482894631061,80,20,26.6666666666667,0.5,4,4,1,2,0,NA,NA,NA,NA,NA,NA,NA,NA,"G6"
"2439","UNLV","fbs","Mountain West",2024,4431281,"Christian Moore",2,2,12,1,0.722752969296323,0.361376484648162,0.361376484648162,28,14,14,0.5,2,2,1,0,0,NA,NA,NA,NA,NA,NA,NA,NA,"G6"
"2439","UNLV","fbs","Mountain West",2024,4431479,"Ricky White",75,12,12,6.25,72.4149922531809,0.965533230042411,6.03458268776507,869,11.5866666666667,72.4166666666667,0.693333333333333,71,75,0.946666666666667,7,0,23,45,158,222,173,19,190,43,"G6"
"2439","UNLV","fbs","Mountain West",2024,4565555,"Kaleo Ballungay",13,8,12,1.625,17.9089866788728,1.3776143599133,2.23862333485911,129,9.92307692307692,16.125,0.923076923076923,13,13,1,6,0,NA,NA,NA,NA,NA,NA,NA,NA,"G6"
"2439","UNLV","fbs","Mountain West",2024,4571364,"Hajj-Malik Williams",1,1,12,1,3.17524358637039,3.17524358637039,3.17524358637039,37,37,37,1,1,1,1,1,0,NA,NA,NA,NA,NA,NA,NA,NA,"G6"
"2439","UNLV","fbs","Mountain West",2024,4603190,"Casey Cain",11,6,12,1.83333333333333,11.2087762310848,1.01897965737134,1.86812937184746,136,12.3636363636364,22.6666666666667,0.636363636363636,7,11,0.636363636363636,2,0,NA,NA,NA,NA,NA,NA,NA,NA,"G6"
"2439","UNLV","fbs","Mountain West",2024,4683111,"Jaden Bradley",9,6,12,1.5,13.9166679201957,1.54629643557731,2.31944465336596,173,19.2222222222222,28.8333333333333,0.888888888888889,9,9,1,1,0,NA,NA,NA,NA,NA,NA,NA,NA,"G6"
"2439","UNLV","fbs","Mountain West",2024,4877647,"Kylin James",1,1,12,1,-0.681892828343503,-0.681892828343503,-0.681892828343503,1,1,1,0,1,1,1,0,0,NA,NA,NA,NA,NA,NA,NA,NA,"G6"
"2439","UNLV","fbs","Mountain West",2024,5125754,"Jai'Den Thomas",10,7,12,1.42857142857143,5.51149936651496,0.551149936651496,0.787357052359281,88,8.8,12.5714285714286,0.3,10,10,1,1,0,NA,NA,NA,NA,NA,NA,NA,NA,"G6"
"2439","UNLV","fbs","Mountain West",2024,5125768,"DeAngelo Irvin Jr.",5,3,12,1.66666666666667,0.812046205085037,0.162409241017007,0.270682068361679,32,6.4,10.6666666666667,0.8,5,5,1,0,0,NA,NA,NA,NA,NA,NA,NA,NA,"G6"
"2439","UNLV","fbs","Mountain West",2024,5149831,"Kayden McGee",2,1,12,2,1.53901941272239,0.769509706361193,1.53901941272239,48,24,48,0.5,2,2,1,0,0,NA,NA,NA,NA,NA,NA,NA,NA,"G6"
"2439","UNLV","fbs","Mountain West",2024,5149908,"Greg Burrell",2,2,12,1,-0.518328030547955,-0.259164015273977,-0.259164015273977,12,6,6,0,2,2,1,0,0,NA,NA,NA,NA,NA,NA,NA,NA,"G6"
"2439","UNLV","fbs","Mountain West",2024,5155179,"Jacob De Jesus",34,11,12,3.09090909090909,27.1100843041385,0.797355420709955,2.46455311855804,438,12.8823529411765,39.8181818181818,0.764705882352941,33,34,0.970588235294118,2,0,262,311,254,102.5,122,212,109,258,"G6"
"2439","UNLV","fbs","Mountain West",2024,5155193,"Corey Thompson Jr.",4,3,12,1.33333333333333,5.24386871728001,1.31096717932,1.74795623909334,60,15,20,0.75,4,4,1,0,0,NA,NA,NA,NA,NA,NA,NA,NA,"G6"
"2440","Nevada","fbs","Mountain West",2024,4426428,"Sean Dollars",11,5,12,2.2,0.208566661211634,0.018960605564694,0.0417133322423269,74,6.72727272727273,14.8,0.454545454545455,11,11,1,0,0,NA,NA,NA,NA,NA,NA,NA,NA,"G6"
"2440","Nevada","fbs","Mountain West",2024,4429149,"Brendon Lewis",1,1,12,1,0.71610875018588,0.71610875018588,0.71610875018588,18,18,18,1,1,1,1,0,0,NA,NA,NA,NA,NA,NA,NA,NA,"G6"
"2440","Nevada","fbs","Mountain West",2024,4429652,"Pat Garwo III",10,6,12,1.66666666666667,-1.74088590860893,-0.174088590860893,-0.290147651434821,45,4.5,7.5,0.3,10,10,1,0,0,NA,NA,NA,NA,NA,NA,NA,NA,"G6"
"2440","Nevada","fbs","Mountain West",2024,4430821,"Kitan Crawford",1,1,12,1,0.344807238822066,0.344807238822066,0.344807238822066,6,6,6,1,1,1,1,0,0,NA,NA,NA,NA,NA,NA,NA,NA,"G6"
"2440","Nevada","fbs","Mountain West",2024,4430836,"Chubba Purdy",2,2,12,1,0.0708787745623936,0.0354393872811968,0.0354393872811968,10,5,5,0.5,2,2,1,0,0,NA,NA,NA,NA,NA,NA,NA,NA,"G6"
"2440","Nevada","fbs","Mountain West",2024,4431997,"Nate Floyd",2,2,12,1,0.516886678315881,0.25844333915794,0.25844333915794,23,11.5,11.5,0.5,2,2,1,0,0,NA,NA,NA,NA,NA,NA,NA,NA,"G6"
"2440","Nevada","fbs","Mountain West",2024,4571194,"Marcus Bellon",33,12,12,2.75,42.9010688390251,1.30003238906137,3.57508906991876,430,13.030303030303,35.8333333333333,0.818181818181818,33,33,1,3,1,137,194,51,55.5,54,218.5,103,300,"G6"
"2440","Nevada","fbs","Mountain West",2024,4581750,"Jaden Smith",55,11,12,5,71.028271634138,1.29142312062069,6.45711560310346,764,13.8909090909091,69.4545454545455,0.836363636363636,55,55,1,6,0,28,35,52,40,54,38.5,74,51.5,"G6"
"2440","Nevada","fbs","Mountain West",2024,4687009,"Deston Hawkins",7,1,12,7,0.689129401549274,0.098447057364182,0.689129401549274,33,4.71428571428571,33,0.428571428571429,7,7,1,0,0,NA,NA,NA,NA,NA,NA,NA,NA,"G6"
"2440","Nevada","fbs","Mountain West",2024,4690811,"Savion Red",16,8,12,2,-0.680678103781887,-0.0425423814863679,-0.0850847629727358,91,5.6875,11.375,0.375,16,16,1,0,0,NA,NA,NA,NA,NA,NA,NA,NA,"G6"
"2440","Nevada","fbs","Mountain West",2024,4694468,"Jace Henry",6,3,12,2,6.48662850167115,1.08110475027852,2.16220950055705,41,6.83333333333333,13.6666666666667,0.666666666666667,6,6,1,2,0,NA,NA,NA,NA,NA,NA,NA,NA,"G6"
"2440","Nevada","fbs","Mountain West",2024,4833591,"Ky Woods",1,1,12,1,-0.596037051061922,-0.596037051061922,-0.596037051061922,2,2,2,0,1,1,1,0,0,NA,NA,NA,NA,NA,NA,NA,NA,"G6"
"2440","Nevada","fbs","Mountain West",2024,4905244,"Andrew Savaiinaea",6,3,12,2,0.656911574843943,0.109485262473991,0.218970524947981,35,5.83333333333333,11.6666666666667,0.666666666666667,6,6,1,0,0,NA,NA,NA,NA,NA,NA,NA,NA,"G6"
"2440","Nevada","fbs","Mountain West",2024,5081997,"Cortez Braham",54,11,12,4.90909090909091,49.2443147629681,0.911931754869781,4.47675588754256,697,12.9074074074074,63.3636363636364,0.666666666666667,54,54,1,4,1,97,121,190,264.5,54,65,107,81,"G6"
"2440","Nevada","fbs","Mountain West",2024,5084957,"Marquis Ashley",3,3,12,1,-0.406162035293608,-0.135387345097869,-0.135387345097869,21,7,7,0.333333333333333,3,3,1,0,0,NA,NA,NA,NA,NA,NA,NA,NA,"G6"
"2440","Nevada","fbs","Mountain West",2024,5103836,"Marshaun Brown",4,3,12,1.33333333333333,3.08283803334216,0.770709508335541,1.02761267778072,51,12.75,17,0.75,4,4,1,0,0,NA,NA,NA,NA,NA,NA,NA,NA,"G6"
"2440","Nevada","fbs","Mountain West",2024,5121696,"Nate Burleson II",3,3,12,1,6.91705119064784,2.30568373021595,2.30568373021595,71,23.6666666666667,23.6666666666667,1,3,3,1,1,0,NA,NA,NA,NA,NA,NA,NA,NA,"G6"
"2440","Nevada","fbs","Mountain West",2024,5151784,"Oliver Stuart",3,1,12,3,1.84385401971278,0.614618006570928,1.84385401971278,21,7,21,0.666666666666667,3,3,1,0,0,NA,NA,NA,NA,NA,NA,NA,NA,"G6"
"2440","Nevada","fbs","Mountain West",2024,5156860,"Caleb Ramseur",8,4,12,2,6.69052223603954,0.836315279504942,1.67263055900988,106,13.25,26.5,0.5,8,8,1,1,0,NA,NA,NA,NA,NA,NA,NA,NA,"G6"
"245","Texas A&M","fbs","SEC",2024,4430825,"E.J. Smith",8,7,11,1.14285714285714,-5.00784132185342,-0.625980165231677,-0.715405903121916,22,2.75,3.14285714285714,0.125,6,8,0.75,0,0,NA,NA,NA,NA,NA,NA,NA,NA,"P4"
"245","Texas A&M","fbs","SEC",2024,4569653,"Shane Calhoun",1,1,11,1,0.127626510810888,0.127626510810888,0.127626510810888,6,6,6,1,1,1,1,0,0,NA,NA,NA,NA,NA,NA,NA,NA,"P4"
"245","Texas A&M","fbs","SEC",2024,4608793,"Jabre Barber",35,10,11,3.5,28.1207707181457,0.80345059194702,2.81207707181457,333,9.51428571428571,33.3,0.685714285714286,31,35,0.885714285714286,1,0,255,276,250,234.5,295,309,346,330,"P4"
"245","Texas A&M","fbs","SEC",2024,4685144,"Moose Muhammad III",5,4,11,1.25,2.7514680573745,0.5502936114749,0.687867014343625,32,6.4,8,0.4,4,5,0.8,1,0,NA,NA,NA,NA,NA,NA,NA,NA,"P4"
"245","Texas A&M","fbs","SEC",2024,4685470,"Le'Veon Moss",14,6,11,2.33333333333333,0.67587364202156,0.0482766887158257,0.112645607003593,141,10.0714285714286,23.5,0.642857142857143,10,14,0.714285714285714,0,1,NA,NA,NA,NA,NA,NA,NA,NA,"P4"
"245","Texas A&M","fbs","SEC",2024,4685784,"Tre Watson",19,9,11,2.11111111111111,18.4457284934017,0.970827815442194,2.04952538815574,227,11.9473684210526,25.2222222222222,0.789473684210526,17,19,0.894736842105263,1,0,NA,NA,NA,NA,NA,NA,NA,NA,"P4"
"245","Texas A&M","fbs","SEC",2024,4718457,"Noah Thomas",39,10,11,3.9,29.9640352569903,0.768308596333084,2.99640352569903,501,12.8461538461538,50.1,0.666666666666667,29,39,0.743589743589744,5,0,237,251,271,264.5,474,169,111,160,"P4"
"245","Texas A&M","fbs","SEC",2024,4870843,"Theo Melin Ohrstrom",9,5,11,1.8,13.4732001232923,1.49702223592137,2.69464002465846,175,19.4444444444444,35,0.777777777777778,9,9,1,2,0,NA,NA,NA,NA,NA,NA,NA,NA,"P4"
"245","Texas A&M","fbs","SEC",2024,4879611,"Amari Daniels",9,7,11,1.28571428571429,1.61282752770531,0.179203058633923,0.230403932529329,60,6.66666666666667,8.57142857142857,0.444444444444444,7,9,0.777777777777778,0,0,NA,NA,NA,NA,NA,NA,NA,NA,"P4"
"245","Texas A&M","fbs","SEC",2024,4912218,"Cyrus Allen",16,7,11,2.28571428571429,11.6024792771136,0.7251549548196,1.65749703958766,197,12.3125,28.1428571428571,0.5,13,16,0.8125,1,0,NA,NA,NA,NA,NA,NA,NA,NA,"P4"
"245","Texas A&M","fbs","SEC",2024,5079326,"Terry Bussey",14,7,11,2,14.3917801651204,1.0279842975086,2.0559685950172,179,12.7857142857143,25.5714285714286,0.714285714285714,13,14,0.928571428571429,0,0,NA,NA,NA,NA,NA,NA,NA,NA,"P4"
"245","Texas A&M","fbs","SEC",2024,5079769,"Izaiah Williams",1,1,11,1,-0.506888750963325,-0.506888750963325,-0.506888750963325,7,7,7,0,1,1,1,0,0,NA,NA,NA,NA,NA,NA,NA,NA,"P4"
"245","Texas A&M","fbs","SEC",2024,5139057,"Ashton Bethel-Roman",3,1,11,3,6.85000144101086,2.28333381367029,6.85000144101086,35,11.6666666666667,35,1,3,3,1,1,0,NA,NA,NA,NA,NA,NA,NA,NA,"P4"
"245","Texas A&M","fbs","SEC",2024,5160110,"Jahdae Walker",27,8,11,3.375,23.8056971137773,0.881692485695454,2.97571213922216,284,10.5185185185185,35.5,0.740740740740741,24,27,0.888888888888889,1,0,302,254,202,140.5,288,371.5,270,302,"P4"
"2459","Northern Illinois","fbs","Mid-American",2024,4428643,"Tristen Tewes",5,5,11,1,3.77548726402953,0.755097452805906,0.755097452805906,35,7,7,0.6,5,5,1,1,0,NA,NA,NA,NA,NA,NA,NA,NA,"G6"
"2459","Northern Illinois","fbs","Mid-American",2024,4431035,"Gavin Williams",21,7,11,3,6.67602943975786,0.317906163797993,0.953718491393979,115,5.47619047619048,16.4285714285714,0.428571428571429,18,21,0.857142857142857,1,0,468,454,453,486.5,359,504,495,483,"G6"
"2459","Northern Illinois","fbs","Mid-American",2024,4433906,"Trayvon Rudolph",43,8,11,5.375,4.12966176102399,0.0960386456052091,0.516207720127999,305,7.09302325581395,38.125,0.465116279069767,33,43,0.767441860465116,0,0,481,478,487,472,457.5,350,453,275,"G6"
"2459","Northern Illinois","fbs","Mid-American",2024,4618083,"Ethan Hampton",1,1,11,1,3.71407185439295,3.71407185439295,3.71407185439295,6,6,6,1,1,1,1,1,0,NA,NA,NA,NA,NA,NA,NA,NA,"G6"
"2459","Northern Illinois","fbs","Mid-American",2024,4683282,"Justin Lynch",3,2,11,1.5,-0.763872807835273,-0.254624269278424,-0.381936403917637,8,2.66666666666667,4,0.333333333333333,3,3,1,0,0,NA,NA,NA,NA,NA,NA,NA,NA,"G6"
"2459","Northern Illinois","fbs","Mid-American",2024,4687413,"Antario Brown",6,3,11,2,11.2169035078061,1.86948391796768,3.73896783593536,159,26.5,53,0.666666666666667,6,6,1,1,0,NA,NA,NA,NA,NA,NA,NA,NA,"G6"
"2459","Northern Illinois","fbs","Mid-American",2024,4869294,"Jake Appleget",2,2,11,1,0.743926353210946,0.371963176605473,0.371963176605473,16,8,8,0.5,2,2,1,0,0,NA,NA,NA,NA,NA,NA,NA,NA,"G6"
"2459","Northern Illinois","fbs","Mid-American",2024,4869538,"Dane Pardridge",17,8,11,2.125,12.241696375119,0.720099786771704,1.53021204688987,156,9.17647058823529,19.5,0.705882352941177,16,17,0.941176470588235,1,0,NA,NA,NA,NA,NA,NA,NA,NA,"G6"
"2459","Northern Illinois","fbs","Mid-American",2024,4875767,"Brock Lampe",11,9,11,1.22222222222222,5.96392729492786,0.542175208629805,0.662658588325317,91,8.27272727272727,10.1111111111111,0.545454545454545,9,11,0.818181818181818,1,0,NA,NA,NA,NA,NA,NA,NA,NA,"G6"
"2459","Northern Illinois","fbs","Mid-American",2024,4883912,"Andrew McElroy",25,10,11,2.5,14.8540048036564,0.594160192146256,1.48540048036564,211,8.44,21.1,0.72,21,25,0.84,0,0,409,420,356,176.5,383.5,442,405,458,"G6"
"2459","Northern Illinois","fbs","Mid-American",2024,4910238,"Keyshaun Pipkin",2,2,11,1,1.48764508466758,0.74382254233379,0.74382254233379,22,11,11,1,2,2,1,0,0,NA,NA,NA,NA,NA,NA,NA,NA,"G6"
"2459","Northern Illinois","fbs","Mid-American",2024,5083748,"Cam Thompson",32,8,11,4,32.4244537801204,1.01326418062876,4.05305672251505,338,10.5625,42.25,0.71875,25,32,0.78125,1,1,216,149,137,179.5,444,305,267,239,"G6"
"2459","Northern Illinois","fbs","Mid-American",2024,5122043,"Jaylen Poe",4,3,11,1.33333333333333,-2.3848910963908,-0.596222774097701,-0.794963698796934,3,0.75,1,0,2,4,0.5,0,0,NA,NA,NA,NA,NA,NA,NA,NA,"G6"
"2459","Northern Illinois","fbs","Mid-American",2024,5151498,"Grayson Barnes",25,11,11,2.27272727272727,8.74467714896927,0.349787085958771,0.794970649906297,182,7.28,16.5454545454545,0.44,19,25,0.76,1,0,456,462,445,483,465.5,460,448,481,"G6"
"2459","Northern Illinois","fbs","Mid-American",2024,5193277,"George Dimopoulos",4,4,11,1,2.36923394704763,0.592308486761907,0.592308486761907,32,8,8,1,4,4,1,0,0,NA,NA,NA,NA,NA,NA,NA,NA,"G6"
"2459","Northern Illinois","fbs","Mid-American",2024,5193292,"La'Don Bryant",3,1,11,3,0.082277868225161,0.0274259560750537,0.082277868225161,10,3.33333333333333,10,0.333333333333333,1,3,0.333333333333333,0,0,NA,NA,NA,NA,NA,NA,NA,NA,"G6"
"2459","Northern Illinois","fbs","Mid-American",2024,5193302,"Telly Johnson Jr.",3,1,11,3,-2.84623164221739,-0.948743880739131,-2.84623164221739,1,0.333333333333333,1,0,1,3,0.333333333333333,0,0,NA,NA,NA,NA,NA,NA,NA,NA,"G6"
"248","Houston","fbs","Big 12",2024,4429949,"Maliq Carr",19,11,12,1.72727272727273,18.5527499876318,0.976460525664833,1.68661363523926,181,9.52631578947368,16.4545454545455,0.684210526315789,19,19,1,1,0,NA,NA,NA,NA,NA,NA,NA,NA,"P4"
"248","Houston","fbs","Big 12",2024,4432551,"Stacy Sneed",17,9,12,1.88888888888889,8.47488343482246,0.498522554989557,0.941653714980274,99,5.82352941176471,11,0.588235294117647,16,17,0.941176470588235,1,0,NA,NA,NA,NA,NA,NA,NA,NA,"P4"
"248","Houston","fbs","Big 12",2024,4683227,"Joseph Manjack",22,10,12,2.2,21.8523767798626,0.993289853630119,2.18523767798626,323,14.6818181818182,32.3,0.545454545454545,21,22,0.954545454545455,2,0,NA,NA,NA,NA,NA,NA,NA,NA,"P4"
"248","Houston","fbs","Big 12",2024,4683412,"Marquis Shoulders",5,3,12,1.66666666666667,-1.84116093182796,-0.368232186365591,-0.613720310609319,43,8.6,14.3333333333333,0.4,5,5,1,0,0,NA,NA,NA,NA,NA,NA,NA,NA,"P4"
"248","Houston","fbs","Big 12",2024,4690984,"Jayden York",5,4,12,1.25,0.611879297203631,0.122375859440726,0.152969824300908,31,6.2,7.75,0.4,5,5,1,0,0,NA,NA,NA,NA,NA,NA,NA,NA,"P4"
"248","Houston","fbs","Big 12",2024,4702830,"Stephon Johnson Jr.",34,10,12,3.4,18.2423740988795,0.536540414672926,1.82423740988795,389,11.4411764705882,38.9,0.617647058823529,31,34,0.911764705882353,1,1,374,388,386,352.5,236,241.5,199.5,264.5,"P4"
"248","Houston","fbs","Big 12",2024,4870518,"Zeon Chriss",4,3,12,1.33333333333333,8.16527848352315,2.04131962088079,2.72175949450772,78,19.5,26,1,4,4,1,2,0,NA,NA,NA,NA,NA,NA,NA,NA,"P4"
"248","Houston","fbs","Big 12",2024,4871059,"Jonah Wilson",9,7,12,1.28571428571429,3.97313524422806,0.441459471580895,0.567590749175437,58,6.44444444444444,8.28571428571429,0.666666666666667,9,9,1,0,0,NA,NA,NA,NA,NA,NA,NA,NA,"P4"
"248","Houston","fbs","Big 12",2024,4881836,"Mekhi Mews",33,12,12,2.75,17.2482819913559,0.522675211859269,1.43735683261299,264,8,22,0.545454545454545,30,33,0.909090909090909,1,0,384,426,394,422.5,241.5,391.5,425,451.5,"P4"
"248","Houston","fbs","Big 12",2024,4912361,"Devan Williams",13,7,12,1.85714285714286,10.696244052055,0.822788004004234,1.52803486457929,127,9.76923076923077,18.1428571428571,0.769230769230769,11,13,0.846153846153846,1,0,NA,NA,NA,NA,NA,NA,NA,NA,"P4"
"248","Houston","fbs","Big 12",2024,4923290,"Parker Jenkins",3,2,12,1.5,-1.8164816733089,-0.605493891102967,-0.908240836654451,7,2.33333333333333,3.5,0.333333333333333,3,3,1,0,0,NA,NA,NA,NA,NA,NA,NA,NA,"P4"
"248","Houston","fbs","Big 12",2024,5078223,"Re'Shaun Sanford II",17,8,12,2.125,2.07584816592777,0.12210871564281,0.259481020740971,139,8.17647058823529,17.375,0.470588235294118,17,17,1,0,0,NA,NA,NA,NA,NA,NA,NA,NA,"P4"
"248","Houston","fbs","Big 12",2024,5079360,"J'Marion Burnette",1,1,12,1,0.647177251486624,0.647177251486624,0.647177251486624,7,7,7,1,1,1,1,0,0,NA,NA,NA,NA,NA,NA,NA,NA,"P4"
"248","Houston","fbs","Big 12",2024,5136180,"Traville Frederick Jr.",2,2,12,1,1.67112980230591,0.835564901152953,0.835564901152953,23,11.5,11.5,1,2,2,1,0,0,NA,NA,NA,NA,NA,NA,NA,NA,"P4"
"248","Houston","fbs","Big 12",2024,5146728,"Koby Young",2,1,12,2,0.274932456933073,0.137466228466536,0.274932456933073,13,6.5,13,0.5,2,2,1,0,0,NA,NA,NA,NA,NA,NA,NA,NA,"P4"
"248","Houston","fbs","Big 12",2024,5149563,"DJ Butler",4,4,12,1,1.03363324150234,0.258408310375584,0.258408310375584,36,9,9,0.25,4,4,1,0,0,NA,NA,NA,NA,NA,NA,NA,NA,"P4"
"2483","Oregon","fbs","Big Ten",2024,4429125,"Gary Bryant Jr.",1,1,12,1,-1.00152118305649,-1.00152118305649,-1.00152118305649,6,6,6,0,1,1,1,0,0,NA,NA,NA,NA,NA,NA,NA,NA,"P4"
"2483","Oregon","fbs","Big Ten",2024,4429172,"Traeshon Holden",36,11,12,3.27272727272727,33.699268683799,0.936090796772193,3.06356988034536,569,15.8055555555556,51.7272727272727,0.722222222222222,33,36,0.916666666666667,3,0,207,246,174,173.5,226,124,32,153,"P4"
"2483","Oregon","fbs","Big Ten",2024,4429811,"Patrick Herbert",8,5,12,1.6,-1.16523133688257,-0.145653917110321,-0.233046267376513,86,10.75,17.2,0.5,8,8,1,0,1,NA,NA,NA,NA,NA,NA,NA,NA,"P4"
"2483","Oregon","fbs","Big Ten",2024,4432631,"Noah Whittington",18,9,12,2,-5.69407663609255,-0.316337590894031,-0.632675181788061,74,4.11111111111111,8.22222222222222,0.388888888888889,14,18,0.777777777777778,2,1,NA,NA,NA,NA,NA,NA,NA,NA,"P4"
"2483","Oregon","fbs","Big Ten",2024,4570037,"Terrance Ferguson",38,10,12,3.8,38.3928729379516,1.01033876152504,3.83928729379515,433,11.3947368421053,43.3,0.657894736842105,31,38,0.815789473684211,3,0,168,167,139,281.5,414,215.5,206,230,"P4"
"2483","Oregon","fbs","Big Ten",2024,4608810,"Tez Johnson",67,10,12,6.7,66.287549413457,0.989366409156075,6.6287549413457,787,11.7462686567164,78.7,0.776119402985075,65,67,0.970149253731343,8,0,39,27,147,93,123,33,177,26,"P4"
"2483","Oregon","fbs","Big Ten",2024,4685397,"Jordan James",24,10,12,2.4,6.26710565413779,0.261129402255741,0.626710565413779,160,6.66666666666667,16,0.458333333333333,20,24,0.833333333333333,0,0,470,473,461,476,392,479.5,466,488,"P4"
"2483","Oregon","fbs","Big Ten",2024,4685565,"Evan Stewart",51,11,12,4.63636363636364,47.0131346292347,0.921826169200681,4.27392132993043,598,11.7254901960784,54.3636363636364,0.666666666666667,45,51,0.882352941176471,5,0,108,136,183,264.5,301.5,112,179,137,"P4"
"2483","Oregon","fbs","Big Ten",2024,4870868,"Jayden Limar",2,1,12,2,4.36392942385821,2.1819647119291,4.36392942385821,71,35.5,71,0.5,2,2,1,1,0,NA,NA,NA,NA,NA,NA,NA,NA,"P4"
"2483","Oregon","fbs","Big Ten",2024,4912135,"Justius Lowe",21,7,12,3,4.78356919665748,0.227789009364642,0.683367028093926,172,8.19047619047619,24.5714285714286,0.619047619047619,18,21,0.857142857142857,1,0,NA,NA,NA,NA,NA,NA,NA,NA,"P4"
"2483","Oregon","fbs","Big Ten",2024,5079519,"Jeremiah McClellan",3,3,12,1,1.4870877164713,0.495695905490435,0.495695905490435,24,8,8,1,3,3,1,0,0,NA,NA,NA,NA,NA,NA,NA,NA,"P4"
"2483","Oregon","fbs","Big Ten",2024,5083315,"Kenyon Sadiq",18,9,12,2,17.0940450814598,0.949669171192212,1.89933834238443,243,13.5,27,0.777777777777778,18,18,1,2,0,NA,NA,NA,NA,NA,NA,NA,NA,"P4"
"2483","Oregon","fbs","Big Ten",2024,5158458,"Gernorris Wilson",1,1,12,1,1.34228617176726,1.34228617176726,1.34228617176726,3,3,3,1,1,1,1,1,0,NA,NA,NA,NA,NA,NA,NA,NA,"P4"
"2483","Oregon","fbs","Big Ten",2024,5158470,"Jurrion Dickey",1,1,12,1,-0.109104447713583,-0.109104447713583,-0.109104447713583,7,7,7,0,1,1,1,0,0,NA,NA,NA,NA,NA,NA,NA,NA,"P4"
"2483","Oregon","fbs","Big Ten",2024,5193496,"Jay Harris",1,1,12,1,-0.3093876031318,-0.3093876031318,-0.3093876031318,2,2,2,0,1,1,1,0,0,NA,NA,NA,NA,NA,NA,NA,NA,"P4"
"249","North Texas","fbs","American Athletic",2024,4426965,"Blair Conwright",36,10,11,3.6,44.2669735118855,1.22963815310793,4.42669735118855,478,13.2777777777778,47.8,0.833333333333333,36,36,1,6,0,125,123,69,41,54,185,93,182,"G6"
"249","North Texas","fbs","American Athletic",2024,4428784,"Damon Ward Jr.",32,8,11,4,47.7475160548327,1.49210987671352,5.96843950685408,486,15.1875,60.75,0.90625,32,32,1,2,0,103,47,23,12,54,176.5,38,97,"G6"
"249","North Texas","fbs","American Athletic",2024,4430666,"Ikaika Ragsdale",1,1,11,1,1.41699309697917,1.41699309697917,1.41699309697917,17,17,17,1,1,1,1,0,0,NA,NA,NA,NA,NA,NA,NA,NA,"G6"
"249","North Texas","fbs","American Athletic",2024,4569281,"Nick Rempert",11,5,11,2.2,7.16918119548179,0.6517437450438,1.43383623909636,127,11.5454545454545,25.4,0.636363636363636,11,11,1,1,0,NA,NA,NA,NA,NA,NA,NA,NA,"G6"
"249","North Texas","fbs","American Athletic",2024,4692530,"Chandler Morris",5,2,11,2.5,21.2316800810753,4.24633601621507,10.6158400405377,172,34.4,86,1,5,5,1,5,0,NA,NA,NA,NA,NA,NA,NA,NA,"G6"
"249","North Texas","fbs","American Athletic",2024,4702901,"Zach Evans",4,1,11,4,-1.00677714884743,-0.251694287211858,-1.00677714884743,10,2.5,10,0.25,4,4,1,0,0,NA,NA,NA,NA,NA,NA,NA,NA,"G6"
"249","North Texas","fbs","American Athletic",2024,4874506,"Shane Porter",15,7,11,2.14285714285714,4.64305846234225,0.309537230822817,0.663294066048893,88,5.86666666666667,12.5714285714286,0.6,15,15,1,0,0,NA,NA,NA,NA,NA,NA,NA,NA,"G6"
"249","North Texas","fbs","American Athletic",2024,4879455,"Damashja Harris",4,1,11,4,-2.69894871879372,-0.67473717969843,-2.69894871879372,7,1.75,7,0.25,4,4,1,0,0,NA,NA,NA,NA,NA,NA,NA,NA,"G6"
"249","North Texas","fbs","American Athletic",2024,4880870,"Xzavior Kautai",3,2,11,1.5,4.28590317269393,1.42863439089798,2.14295158634696,22,7.33333333333333,11,1,3,3,1,0,0,NA,NA,NA,NA,NA,NA,NA,NA,"G6"
"249","North Texas","fbs","American Athletic",2024,5081996,"Jeremiah Aaron",2,1,11,2,4.15114542718316,2.07557271359158,4.15114542718316,46,23,46,1,2,2,1,0,0,NA,NA,NA,NA,NA,NA,NA,NA,"G6"
"249","North Texas","fbs","American Athletic",2024,5103852,"Dalton Carnes",25,8,11,3.125,24.9133266319115,0.996533065276458,3.11416582898893,346,13.84,43.25,0.84,25,25,1,2,0,287,238,145,36.5,54,291,76,231,"G6"
"249","North Texas","fbs","American Athletic",2024,5122006,"Landon Sides",17,8,11,2.125,5.49769873778845,0.323394043399321,0.687212342223556,148,8.70588235294118,18.5,0.588235294117647,16,17,0.941176470588235,0,0,NA,NA,NA,NA,NA,NA,NA,NA,"G6"
"249","North Texas","fbs","American Athletic",2024,5146726,"Kiefer Sibley",13,5,11,2.6,0.459122211654736,0.0353170932042104,0.0918244423309471,65,5,13,0.461538461538462,12,13,0.923076923076923,1,0,NA,NA,NA,NA,NA,NA,NA,NA,"G6"
"249","North Texas","fbs","American Athletic",2024,5146987,"Brandon Young Jr.",1,1,11,1,-0.144925644343852,-0.144925644343852,-0.144925644343852,4,4,4,0,1,1,1,0,0,NA,NA,NA,NA,NA,NA,NA,NA,"G6"
"249","North Texas","fbs","American Athletic",2024,5148787,"Wyatt Young",12,7,11,1.71428571428571,16.1578891099679,1.34649075916399,2.30826987285256,184,15.3333333333333,26.2857142857143,0.666666666666667,12,12,1,1,0,NA,NA,NA,NA,NA,NA,NA,NA,"G6"
"249","North Texas","fbs","American Athletic",2024,5149007,"Miles Coleman",32,8,11,4,23.399355204303,0.731229850134469,2.92491940053787,274,8.5625,34.25,0.5625,30,32,0.9375,1,0,312,259,288,408,187,378,396,316,"G6"
"249","North Texas","fbs","American Athletic",2024,5149220,"Baron Tipton",1,1,11,1,0.683987260216421,0.683987260216421,0.683987260216421,8,8,8,1,1,1,1,0,0,NA,NA,NA,NA,NA,NA,NA,NA,"G6"
"249","North Texas","fbs","American Athletic",2024,5150786,"Makenzie McGill",7,4,11,1.75,-2.9547785001328,-0.422111214304686,-0.7386946250332,53,7.57142857142857,13.25,0.285714285714286,7,7,1,0,0,NA,NA,NA,NA,NA,NA,NA,NA,"G6"
"249","North Texas","fbs","American Athletic",2024,5153056,"DT Sheffield",59,10,11,5.9,56.8047733794777,0.96279276914369,5.68047733794777,731,12.3898305084746,73.1,0.694915254237288,58,59,0.983050847457627,8,3,63,61,162,220.5,109,53.5,130,41,"G6"
"249","North Texas","fbs","American Athletic",2024,5194308,"Kyle Koch",1,1,11,1,1.11069761753207,1.11069761753207,1.11069761753207,5,5,5,1,1,1,1,0,0,NA,NA,NA,NA,NA,NA,NA,NA,"G6"
"249","North Texas","fbs","American Athletic",2024,5219835,"Oscar Hammond",14,8,11,1.75,10.6946743944393,0.763905313888521,1.33683429930491,165,11.7857142857143,20.625,0.714285714285714,14,14,1,0,0,NA,NA,NA,NA,NA,NA,NA,NA,"G6"
"25","California","fbs","ACC",2024,4429608,"Corey Dyches",15,6,11,2.5,9.70917530439065,0.647278353626043,1.61819588406511,116,7.73333333333333,19.3333333333333,0.6,11,15,0.733333333333333,0,0,NA,NA,NA,NA,NA,NA,NA,NA,"P4"
"25","California","fbs","ACC",2024,4431497,"Mavin Anderson",9,4,11,2.25,1.37416144099509,0.152684604555009,0.343540360248771,48,5.33333333333333,12,0.444444444444444,8,9,0.888888888888889,0,0,NA,NA,NA,NA,NA,NA,NA,NA,"P4"
"25","California","fbs","ACC",2024,4433968,"Byron Cardwell",2,1,11,2,0.524810515249852,0.262405257624926,0.524810515249852,31,15.5,31,0.5,2,2,1,0,0,NA,NA,NA,NA,NA,NA,NA,NA,"P4"
"25","California","fbs","ACC",2024,4570554,"Chandler Rogers",1,1,11,1,-0.263616513055833,-0.263616513055833,-0.263616513055833,3,3,3,0,1,1,1,0,0,NA,NA,NA,NA,NA,NA,NA,NA,"P4"
"25","California","fbs","ACC",2024,4685476,"Tobias Merriweather",18,4,11,4.5,3.18818975346532,0.177121652970296,0.797047438366331,105,5.83333333333333,26.25,0.444444444444444,9,18,0.5,1,0,NA,NA,NA,NA,NA,NA,NA,NA,"P4"
"25","California","fbs","ACC",2024,4685489,"Jadyn Ott",23,7,11,3.28571428571429,1.44003169808013,0.0626100738295708,0.205718814011447,188,8.17391304347826,26.8571428571429,0.347826086956522,20,23,0.869565217391304,1,0,495,494,495,502,329.5,457,419,411,"P4"
"25","California","fbs","ACC",2024,4688541,"Kyion Grayes",2,1,11,2,1.74928566458552,0.87464283229276,1.74928566458552,22,11,22,1,2,2,1,0,0,NA,NA,NA,NA,NA,NA,NA,NA,"P4"
"25","California","fbs","ACC",2024,4832806,"Jonathan Brady",37,10,11,3.7,16.755810181675,0.452859734639866,1.6755810181675,307,8.2972972972973,30.7,0.648648648648649,31,37,0.837837837837838,1,0,392,403,415,291,389,346.5,416,367.5,"P4"
"25","California","fbs","ACC",2024,4837248,"Fernando Mendoza",2,2,11,1,7.55152159583132,3.77576079791566,3.77576079791566,27,13.5,13.5,1,2,2,1,2,0,NA,NA,NA,NA,NA,NA,NA,NA,"P4"
"25","California","fbs","ACC",2024,4875272,"Trond Grizzell",37,10,11,3.7,23.5281802216744,0.635896762747957,2.35281802216744,344,9.2972972972973,34.4,0.621621621621622,25,37,0.675675675675676,1,0,308,323,334,340.5,495,296,359,315,"P4"
"25","California","fbs","ACC",2024,4876056,"Jeffrey Johnson",2,2,11,1,0.15099568865532,0.0754978443276599,0.0754978443276599,13,6.5,6.5,0.5,2,2,1,0,0,NA,NA,NA,NA,NA,NA,NA,NA,"P4"
"25","California","fbs","ACC",2024,4899704,"Jordan King",5,3,11,1.66666666666667,3.32484001119848,0.664968002239696,1.10828000373283,47,9.4,15.6666666666667,0.8,5,5,1,0,0,NA,NA,NA,NA,NA,NA,NA,NA,"P4"
"25","California","fbs","ACC",2024,4921306,"Mikey Matthews",41,11,11,3.72727272727273,4.75944782982031,0.116084093410252,0.43267707543821,243,5.92682926829268,22.0909090909091,0.463414634146341,30,41,0.731707317073171,1,0,479,482,481,474,476,415,484,450,"P4"
"25","California","fbs","ACC",2024,5078312,"Nyziah Hunter",44,11,11,4,36.1261467427521,0.821048789608002,3.28419515843201,479,10.8863636363636,43.5454545454545,0.681818181818182,36,44,0.818181818181818,4,0,191,224,241,241.5,411.5,184,244,225,"P4"
"25","California","fbs","ACC",2024,5082652,"Mason Starling",9,3,11,3,6.46240105713978,0.71804456190442,2.15413368571326,121,13.4444444444444,40.3333333333333,0.888888888888889,9,9,1,0,0,NA,NA,NA,NA,NA,NA,NA,NA,"P4"
"25","California","fbs","ACC",2024,5085189,"Jack Endries",47,10,11,4.7,43.7510193991054,0.930872753172455,4.37510193991054,541,11.5106382978723,54.1,0.829787234042553,46,47,0.978723404255319,2,0,127,126,177,42,112.5,142.5,195.5,140,"P4"
"25","California","fbs","ACC",2024,5108225,"Josiah Martin",10,4,11,2.5,-0.255696070607455,-0.0255696070607455,-0.0639240176518637,72,7.2,18,0.5,8,10,0.8,0,0,NA,NA,NA,NA,NA,NA,NA,NA,"P4"
"25","California","fbs","ACC",2024,5114332,"Jaivian Thomas",8,5,11,1.6,4.49069458043446,0.561336822554307,0.898138916086891,90,11.25,18,0.5,7,8,0.875,0,0,NA,NA,NA,NA,NA,NA,NA,NA,"P4"
"25","California","fbs","ACC",2024,5151965,"Kadarius Calloway",2,2,11,1,-1.86201684905616,-0.931008424528081,-0.931008424528081,0,0,0,0,1,2,0.5,0,0,NA,NA,NA,NA,NA,NA,NA,NA,"P4"
"2509","Purdue","fbs","Big Ten",2024,4429032,"Hudson Card",2,2,11,1,-0.0129382990297531,-0.00646914951487654,-0.00646914951487654,0,0,0,0.5,2,2,1,1,0,NA,NA,NA,NA,NA,NA,NA,NA,"P4"
"2509","Purdue","fbs","Big Ten",2024,4570683,"Kam Brown",3,3,11,1,10.3130403980577,3.4376801326859,3.4376801326859,87,29,29,1,3,3,1,0,0,NA,NA,NA,NA,NA,NA,NA,NA,"P4"
"2509","Purdue","fbs","Big Ten",2024,4683174,"Drew Biber",9,5,11,1.8,4.31614349812097,0.479571499791219,0.863228699624194,70,7.77777777777778,14,0.777777777777778,9,9,1,0,0,NA,NA,NA,NA,NA,NA,NA,NA,"P4"
"2509","Purdue","fbs","Big Ten",2024,4683886,"Jahmal Edrine",28,8,11,3.5,22.5269521176156,0.804534004200558,2.81586901470195,255,9.10714285714286,31.875,0.678571428571429,18,28,0.642857142857143,2,0,327,274,249,247,504,403.5,371,350,"P4"
"2509","Purdue","fbs","Big Ten",2024,4686065,"Devin Mockobee",16,8,11,2,18.7120249404255,1.1695015587766,2.33900311755319,134,8.375,16.75,0.6875,15,16,0.9375,1,0,NA,NA,NA,NA,NA,NA,NA,NA,"P4"
"2509","Purdue","fbs","Big Ten",2024,4693184,"Andrew Sowinski",3,3,11,1,0.808967564574065,0.269655854858022,0.269655854858022,18,6,6,0.666666666666667,3,3,1,0,0,NA,NA,NA,NA,NA,NA,NA,NA,"P4"
"2509","Purdue","fbs","Big Ten",2024,4696690,"Reggie Love III",7,5,11,1.4,-1.85445579532872,-0.264922256475531,-0.370891159065744,12,1.71428571428571,2.4,0.285714285714286,7,7,1,0,0,NA,NA,NA,NA,NA,NA,NA,NA,"P4"
"2509","Purdue","fbs","Big Ten",2024,4702561,"De'Nylon Morrissette",10,7,11,1.42857142857143,9.60789017197296,0.960789017197296,1.37255573885328,79,7.9,11.2857142857143,0.8,9,10,0.9,1,0,NA,NA,NA,NA,NA,NA,NA,NA,"P4"
"2509","Purdue","fbs","Big Ten",2024,4711421,"C.J. Smith",6,3,11,2,4.32390172879499,0.720650288132499,1.441300576265,69,11.5,23,0.5,6,6,1,0,0,NA,NA,NA,NA,NA,NA,NA,NA,"P4"
"2509","Purdue","fbs","Big Ten",2024,4833029,"Max Klare",47,10,11,4.7,29.3495368033124,0.624458229857712,2.93495368033124,474,10.0851063829787,47.4,0.617021276595745,39,47,0.829787234042553,2,2,245,258,342,354.5,395,187,297,183,"P4"
"2509","Purdue","fbs","Big Ten",2024,5078225,"Jaron Tibbs",22,8,11,2.75,22.4803628098335,1.02183467317425,2.81004535122918,196,8.90909090909091,24.5,0.727272727272727,20,22,0.909090909090909,1,0,329,277,135,162.5,241.5,452,380,429,"P4"
"2509","Purdue","fbs","Big Ten",2024,5086097,"Jaheim Merriweather",2,1,11,2,-0.537898046788662,-0.268949023394331,-0.537898046788662,9,4.5,9,0.5,2,2,1,0,0,NA,NA,NA,NA,NA,NA,NA,NA,"P4"
"2509","Purdue","fbs","Big Ten",2024,5146753,"Shamar Rigby",10,7,11,1.42857142857143,6.62796380800948,0.662796380800948,0.946851972572783,100,10,14.2857142857143,0.6,9,10,0.9,0,0,NA,NA,NA,NA,NA,NA,NA,NA,"P4"
"2509","Purdue","fbs","Big Ten",2024,5150861,"Jayden Dixon-Veal",1,1,11,1,-0.810985830315844,-0.810985830315844,-0.810985830315844,0,0,0,0,1,1,1,0,0,NA,NA,NA,NA,NA,NA,NA,NA,"P4"
"2509","Purdue","fbs","Big Ten",2024,5150865,"Elijah Jackson",2,1,11,2,0.0416307823057188,0.0208153911528594,0.0416307823057188,7,3.5,7,0.5,2,2,1,0,0,NA,NA,NA,NA,NA,NA,NA,NA,"P4"
"2509","Purdue","fbs","Big Ten",2024,5219086,"Leland Smith",4,4,11,1,5.17106050842604,1.29276512710651,1.29276512710651,25,6.25,6.25,0.75,4,4,1,1,0,NA,NA,NA,NA,NA,NA,NA,NA,"P4"
"251","Texas","fbs","SEC",2024,4568075,"Juan Davis",7,6,13,1.16666666666667,2.00960006266682,0.287085723238117,0.334933343777803,42,6,7,0.714285714285714,7,7,1,0,0,NA,NA,NA,NA,NA,NA,NA,NA,"P4"
"251","Texas","fbs","SEC",2024,4590532,"Silas Bolden",22,9,13,2.44444444444444,12.7506135228566,0.579573341948025,1.41673483587295,229,10.4090909090909,25.4444444444444,0.681818181818182,20,22,0.909090909090909,0,1,NA,NA,NA,NA,NA,NA,NA,NA,"P4"
"251","Texas","fbs","SEC",2024,4685279,"Jaydon Blue",38,12,13,3.16666666666667,5.70889521040004,0.150234084484212,0.475741267533337,243,6.39473684210526,20.25,0.447368421052632,32,38,0.842105263157895,2,0,473,480,477,482,378.5,415,474,462,"P4"
"251","Texas","fbs","SEC",2024,4686728,"Gunnar Helm",55,13,13,4.23076923076923,36.3553416549516,0.661006211908212,2.79656474268859,582,10.5818181818182,44.7692307692308,0.545454545454545,47,55,0.854545454545454,3,0,186,280,327,422.5,363,118,264,206,"P4"
"251","Texas","fbs","SEC",2024,4701936,"Matthew Golden",50,13,13,3.84615384615385,45.4476166722178,0.908952333444355,3.49597051324752,633,12.66,48.6923076923077,0.66,40,50,0.8,2,0,116,200,191,276,434.5,95.5,115,172,"P4"
"251","Texas","fbs","SEC",2024,4808839,"Isaiah Bond",43,12,13,3.58333333333333,30.4017848641322,0.707018252654237,2.53348207201102,462,10.7441860465116,38.5,0.627906976744186,30,43,0.697674418604651,2,0,232,306,306,333,485.5,193,252,270.5,"P4"
"251","Texas","fbs","SEC",2024,4869534,"Amari Niblack",6,4,13,1.5,-1.00722756878286,-0.16787126146381,-0.251806892195716,33,5.5,8.25,0.5,5,6,0.833333333333333,0,0,NA,NA,NA,NA,NA,NA,NA,NA,"P4"
"251","Texas","fbs","SEC",2024,4870656,"Johntay Cook II",8,4,13,2,8.73896648027583,1.09237081003448,2.18474162006896,137,17.125,34.25,0.75,8,8,1,2,0,NA,NA,NA,NA,NA,NA,NA,NA,"P4"
"251","Texas","fbs","SEC",2024,4870860,"DeAndre Moore Jr.",39,9,13,4.33333333333333,23.5157364789886,0.602967602025348,2.61285960877651,345,8.84615384615385,38.3333333333333,0.538461538461538,30,39,0.769230769230769,5,0,309,300,350,428.5,456,294,384,274,"P4"
"251","Texas","fbs","SEC",2024,4870906,"Arch Manning",2,2,13,1,6.25053864480194,3.12526932240097,3.12526932240097,56,28,28,1,2,2,1,2,0,NA,NA,NA,NA,NA,NA,NA,NA,"P4"
"251","Texas","fbs","SEC",2024,4871076,"Tre Wisner",37,12,13,3.08333333333333,-5.36807521561075,-0.145083113935426,-0.447339601300896,180,4.86486486486486,15,0.378378378378378,30,37,0.810810810810811,0,0,505,505,505,499,420.5,463,500,494.5,"P4"
"251","Texas","fbs","SEC",2024,4889929,"Quinn Ewers",14,7,13,2,42.5933405760404,3.04238146971717,6.08476293943434,279,19.9285714285714,39.8571428571429,1,14,14,1,14,0,NA,NA,NA,NA,NA,NA,NA,NA,"P4"
"251","Texas","fbs","SEC",2024,4899367,"Ryan Niblett",3,3,13,1,2.71584809764414,0.905282699214714,0.905282699214714,24,8,8,0.666666666666667,3,3,1,0,0,NA,NA,NA,NA,NA,NA,NA,NA,"P4"
"251","Texas","fbs","SEC",2024,5079410,"Jerrick Gibson",3,3,13,1,0.700836660116424,0.233612220038808,0.233612220038808,25,8.33333333333333,8.33333333333333,1,3,3,1,0,0,NA,NA,NA,NA,NA,NA,NA,NA,"P4"
"251","Texas","fbs","SEC",2024,5218633,"Ryan Wingo",31,10,13,3.1,9.60991604657857,0.309997291825115,0.960991604657857,339,10.9354838709677,33.9,0.451612903225806,21,31,0.67741935483871,2,0,449,452,456,480,494,303.5,243,324,"P4"
"252","BYU","fbs","Big 12",2024,4366189,"Marque Collins",1,1,11,1,-1.45068209126692,-1.45068209126692,-1.45068209126692,0,0,0,0,0,1,0,0,0,NA,NA,NA,NA,NA,NA,NA,NA,"P4"
"252","BYU","fbs","Big 12",2024,4431750,"Kody Epps",6,4,11,1.5,4.34308266476727,0.723847110794544,1.08577066619182,46,7.66666666666667,11.5,0.833333333333333,6,6,1,1,0,NA,NA,NA,NA,NA,NA,NA,NA,"P4"
"252","BYU","fbs","Big 12",2024,4569948,"Keanu Hill",13,7,11,1.85714285714286,9.04466882825058,0.695743756019275,1.29209554689294,101,7.76923076923077,14.4285714285714,0.461538461538462,11,13,0.846153846153846,1,0,NA,NA,NA,NA,NA,NA,NA,NA,"P4"
"252","BYU","fbs","Big 12",2024,4569988,"Enoch Nawahine",1,1,11,1,-1.50663512933477,-1.50663512933477,-1.50663512933477,1,1,1,0,1,1,1,0,0,NA,NA,NA,NA,NA,NA,NA,NA,"P4"
"252","BYU","fbs","Big 12",2024,4604004,"Keelan Marion",28,11,11,2.54545454545455,15.9792586621479,0.570687809362424,1.45265987837708,268,9.57142857142857,24.3636363636364,0.678571428571429,19,28,0.678571428571429,1,0,399,423,370,247,493,386,344,430,"P4"
"252","BYU","fbs","Big 12",2024,4613105,"Miles Davis",4,3,11,1.33333333333333,3.01430916559765,0.753577291399413,1.00476972186588,47,11.75,15.6666666666667,0.5,4,4,1,1,0,NA,NA,NA,NA,NA,NA,NA,NA,"P4"
"252","BYU","fbs","Big 12",2024,4613201,"Crew Wakley",1,1,11,1,-0.927239659493471,-0.927239659493471,-0.927239659493471,0,0,0,0,0,1,0,0,0,NA,NA,NA,NA,NA,NA,NA,NA,"P4"
"252","BYU","fbs","Big 12",2024,4687463,"Hinckley Ropati",5,4,11,1.25,4.63035010129973,0.926070020259946,1.15758752532493,76,15.2,19,0.6,5,5,1,1,0,NA,NA,NA,NA,NA,NA,NA,NA,"P4"
"252","BYU","fbs","Big 12",2024,4710802,"Sione Moa",1,1,11,1,0.864099614813031,0.864099614813031,0.864099614813031,9,9,9,1,1,1,1,0,0,NA,NA,NA,NA,NA,NA,NA,NA,"P4"
"252","BYU","fbs","Big 12",2024,4714388,"Chase Roberts",50,11,11,4.54545454545455,46.1563749701148,0.923127499402297,4.19603408819226,684,13.68,62.1818181818182,0.78,42,50,0.84,3,0,113,141,182,87,383.5,71,84,93,"P4"
"252","BYU","fbs","Big 12",2024,4799963,"Mata'ava Ta'ase",7,4,11,1.75,5.2031687261411,0.743309818020158,1.30079218153528,66,9.42857142857143,16.5,0.571428571428571,7,7,1,2,0,NA,NA,NA,NA,NA,NA,NA,NA,"P4"
"252","BYU","fbs","Big 12",2024,4888706,"Parker Kingston",11,5,11,2.2,10.0524168457671,0.913856076887921,2.01048336915343,136,12.3636363636364,27.2,0.909090909090909,11,11,1,1,0,NA,NA,NA,NA,NA,NA,NA,NA,"P4"
"252","BYU","fbs","Big 12",2024,4918126,"LJ Martin",12,7,11,1.71428571428571,-1.36568794092516,-0.11380732841043,-0.195098277275023,58,4.83333333333333,8.28571428571429,0.333333333333333,7,12,0.583333333333333,1,0,NA,NA,NA,NA,NA,NA,NA,NA,"P4"
"252","BYU","fbs","Big 12",2024,5083198,"Darius Lassiter",59,10,11,5.9,36.1122060250452,0.612071288560089,3.61122060250452,624,10.5762711864407,62.4,0.542372881355932,41,59,0.694915254237288,2,0,192,191,347,425,488,101,266,90,"P4"
"252","BYU","fbs","Big 12",2024,5126536,"Ryner Swanson",9,7,11,1.28571428571429,1.39745742340597,0.155273047045108,0.199636774772282,61,6.77777777777778,8.71428571428571,0.333333333333333,8,9,0.888888888888889,0,0,NA,NA,NA,NA,NA,NA,NA,NA,"P4"
"252","BYU","fbs","Big 12",2024,5150611,"Jake Retzlaff",3,3,11,1,11.7825896357146,3.92752987857152,3.92752987857152,76,25.3333333333333,25.3333333333333,1,3,3,1,3,0,NA,NA,NA,NA,NA,NA,NA,NA,"P4"
"252","BYU","fbs","Big 12",2024,5160955,"Jojo Phillips",13,5,11,2.6,1.84562385584265,0.14197106583405,0.369124771168529,120,9.23076923076923,24,0.384615384615385,7,13,0.538461538461538,0,0,NA,NA,NA,NA,NA,NA,NA,NA,"P4"
"252","BYU","fbs","Big 12",2024,5219641,"Cody Hagen",2,2,11,1,0.984838918032407,0.492419459016204,0.492419459016204,18,9,9,0.5,2,2,1,0,0,NA,NA,NA,NA,NA,NA,NA,NA,"P4"
"252","BYU","fbs","Big 12",2024,5219642,"Pokaiaua Haunga",5,3,11,1.66666666666667,2.02914397176138,0.405828794352275,0.676381323920458,44,8.8,14.6666666666667,0.6,4,5,0.8,0,0,NA,NA,NA,NA,NA,NA,NA,NA,"P4"
"2534","Sam Houston","fbs","Conference USA",2024,4426528,"Ife Adeyi",27,10,12,2.7,16.6275911373076,0.615836708789171,1.66275911373076,165,6.11111111111111,16.5,0.666666666666667,22,27,0.814814814814815,0,0,393,404,344,264.5,416,475.5,479,482,"G6"
"2534","Sam Houston","fbs","Conference USA",2024,4430512,"Noah Smith",40,9,12,4.44444444444444,14.4307308005364,0.36076827001341,1.60341453339294,236,5.9,26.2222222222222,0.6,33,40,0.825,0,0,414,410,442,370,403,422,485,415.5,"G6"
"2534","Sam Houston","fbs","Conference USA",2024,4431074,"Jevyon Ducker",16,9,12,1.77777777777778,-0.253637256145805,-0.0158523285091128,-0.0281819173495338,110,6.875,12.2222222222222,0.375,15,16,0.9375,0,0,NA,NA,NA,NA,NA,NA,NA,NA,"G6"
"2534","Sam Houston","fbs","Conference USA",2024,4433821,"John Gentry",6,4,12,1.5,-4.90276155618977,-0.817126926031628,-1.22569038904744,5,0.833333333333333,1.25,0.166666666666667,5,6,0.833333333333333,1,1,NA,NA,NA,NA,NA,NA,NA,NA,"G6"
"2534","Sam Houston","fbs","Conference USA",2024,4682613,"Fernando Garza",1,1,12,1,-0.451365659237067,-0.451365659237067,-0.451365659237067,2,2,2,0,1,1,1,0,0,NA,NA,NA,NA,NA,NA,NA,NA,"G6"
"2534","Sam Houston","fbs","Conference USA",2024,4689118,"Jay Rockwell",6,3,12,2,3.58666144459866,0.597776907433109,1.19555381486622,50,8.33333333333333,16.6666666666667,0.666666666666667,6,6,1,0,0,NA,NA,NA,NA,NA,NA,NA,NA,"G6"
"2534","Sam Houston","fbs","Conference USA",2024,4709012,"Jase Bauer",1,1,12,1,-0.750935542383565,-0.750935542383565,-0.750935542383565,1,1,1,0,1,1,1,0,0,NA,NA,NA,NA,NA,NA,NA,NA,"G6"
"2534","Sam Houston","fbs","Conference USA",2024,4879507,"Zach Hrbacek",2,2,12,1,-0.796357454753957,-0.398178727376979,-0.398178727376979,2,1,1,0,2,2,1,0,0,NA,NA,NA,NA,NA,NA,NA,NA,"G6"
"2534","Sam Houston","fbs","Conference USA",2024,4879526,"Shane Johnson",2,1,12,2,0.773483515391765,0.386741757695883,0.773483515391765,14,7,14,1,2,2,1,0,0,NA,NA,NA,NA,NA,NA,NA,NA,"G6"
"2534","Sam Houston","fbs","Conference USA",2024,4879931,"Simeon Evans",46,12,12,3.83333333333333,26.8722346375884,0.584179013860617,2.2393528864657,389,8.45652173913044,32.4166666666667,0.58695652173913,40,46,0.869565217391304,4,0,267,342,362,384,329.5,241.5,404,342,"G6"
"2534","Sam Houston","fbs","Conference USA",2024,5098435,"Elijah Sohn",13,9,12,1.44444444444444,8.84891661672652,0.680685893594348,0.983212957414058,107,8.23076923076923,11.8888888888889,0.769230769230769,13,13,1,0,0,NA,NA,NA,NA,NA,NA,NA,NA,"G6"
"2534","Sam Houston","fbs","Conference USA",2024,5125823,"DJ McKinney",11,5,12,2.2,2.51832731030431,0.228938846391301,0.503665462060863,79,7.18181818181818,15.8,0.454545454545455,11,11,1,0,0,NA,NA,NA,NA,NA,NA,NA,NA,"G6"
"2534","Sam Houston","fbs","Conference USA",2024,5151199,"Malik Phillips",2,1,12,2,3.88611622227462,1.94305811113731,3.88611622227462,25,12.5,25,1,2,2,1,0,0,NA,NA,NA,NA,NA,NA,NA,NA,"G6"
"2534","Sam Houston","fbs","Conference USA",2024,5151200,"Qua'Vez Humphreys",17,7,12,2.42857142857143,28.8320755811954,1.69600444595267,4.11886794017076,295,17.3529411764706,42.1428571428571,0.823529411764706,17,17,1,3,0,NA,NA,NA,NA,NA,NA,NA,NA,"G6"
"2534","Sam Houston","fbs","Conference USA",2024,5220423,"Michael Phoenix II",13,8,12,1.625,8.4154241199057,0.647340316915823,1.05192801498821,155,11.9230769230769,19.375,0.538461538461538,12,13,0.923076923076923,2,1,NA,NA,NA,NA,NA,NA,NA,NA,"G6"
"2534","Sam Houston","fbs","Conference USA",2024,5220424,"Hunter Watson",4,3,12,1.33333333333333,18.0681956742326,4.51704891855815,6.02273189141087,166,41.5,55.3333333333333,1,4,4,1,4,0,NA,NA,NA,NA,NA,NA,NA,NA,"G6"
"254","Utah","fbs","Big 12",2024,4361014,"Brant Kuithe",34,8,11,4.25,14.1155507414349,0.415163257101026,1.76444384267936,300,8.82352941176471,37.5,0.617647058823529,28,34,0.823529411764706,0,0,417,392,433,352.5,405,355,385,283.5,"P4"
"254","Utah","fbs","Big 12",2024,4426410,"Mycah Pittman",6,5,11,1.2,0.44554344124059,0.0742572402067649,0.0891086882481179,50,8.33333333333333,10,0.5,6,6,1,0,0,NA,NA,NA,NA,NA,NA,NA,NA,"P4"
"254","Utah","fbs","Big 12",2024,4426696,"Micah Bernard",34,10,11,3.4,-11.7263221291157,-0.344891827326934,-1.17263221291157,143,4.20588235294118,14.3,0.323529411764706,29,34,0.852941176470588,1,1,508,507,506,506,366,493.5,504,499.5,"P4"
"254","Utah","fbs","Big 12",2024,4428754,"Charlie Vincent",2,2,11,1,-0.0520912156338931,-0.0260456078169465,-0.0260456078169465,9,4.5,4.5,0.5,2,2,1,0,0,NA,NA,NA,NA,NA,NA,NA,NA,"P4"
"254","Utah","fbs","Big 12",2024,4430103,"Munir McClain",4,2,11,2,2.82702606791697,0.706756516979243,1.41351303395849,20,5,10,0.5,3,4,0.75,0,0,NA,NA,NA,NA,NA,NA,NA,NA,"P4"
"254","Utah","fbs","Big 12",2024,4431309,"Money Parks",21,7,11,3,15.9613196621573,0.760062841055109,2.28018852316533,219,10.4285714285714,31.2857142857143,0.619047619047619,19,21,0.904761904761905,2,0,400,332,276,349,254.5,435,277,362,"P4"
"254","Utah","fbs","Big 12",2024,4432208,"Caleb Lohner",3,3,11,1,7.67519899846413,2.55839966615471,2.55839966615471,34,11.3333333333333,11.3333333333333,1,3,3,1,3,0,NA,NA,NA,NA,NA,NA,NA,NA,"P4"
"254","Utah","fbs","Big 12",2024,4602192,"Landen King",3,3,11,1,10.0556988958072,3.35189963193573,3.35189963193573,54,18,18,1,3,3,1,1,0,NA,NA,NA,NA,NA,NA,NA,NA,"P4"
"254","Utah","fbs","Big 12",2024,4685540,"Carsen Ryan",10,5,11,2,11.8326356488108,1.18326356488108,2.36652712976216,113,11.3,22.6,0.9,10,10,1,1,0,NA,NA,NA,NA,NA,NA,NA,NA,"P4"
"254","Utah","fbs","Big 12",2024,4711055,"Dorian Singer",62,11,11,5.63636363636364,37.2937367715177,0.601511883411575,3.39033970650161,671,10.8225806451613,61,0.629032258064516,51,62,0.82258064516129,1,0,178,208,352,331,406,75,247,96,"P4"
"254","Utah","fbs","Big 12",2024,4804885,"Brandon Rose",2,1,11,2,5.68776829745582,2.84388414872791,5.68776829745582,27,13.5,27,1,2,2,1,2,0,NA,NA,NA,NA,NA,NA,NA,NA,"P4"
"254","Utah","fbs","Big 12",2024,4922995,"Dijon Stanley",4,4,11,1,-0.359184375209495,-0.0897960938023736,-0.0897960938023736,16,4,4,0.25,4,4,1,0,0,NA,NA,NA,NA,NA,NA,NA,NA,"P4"
"254","Utah","fbs","Big 12",2024,5079771,"Isaac Wilson",3,3,11,1,16.6079615504286,5.53598718347621,5.53598718347621,187,62.3333333333333,62.3333333333333,1,3,3,1,3,0,NA,NA,NA,NA,NA,NA,NA,NA,"P4"
"254","Utah","fbs","Big 12",2024,5084829,"Luca Caldarella",2,2,11,1,-0.0144619601827327,-0.00723098009136636,-0.00723098009136636,17,8.5,8.5,0.5,1,2,0.5,0,0,NA,NA,NA,NA,NA,NA,NA,NA,"P4"
"254","Utah","fbs","Big 12",2024,5103514,"Daidren Zipperer",5,2,11,2.5,4.96839184165171,0.993678368330343,2.48419592082586,84,16.8,42,0.6,5,5,1,0,0,NA,NA,NA,NA,NA,NA,NA,NA,"P4"
"254","Utah","fbs","Big 12",2024,5152900,"Mike Mitchell",1,1,11,1,0.493365638232977,0.493365638232977,0.493365638232977,5,5,5,1,1,1,1,0,0,NA,NA,NA,NA,NA,NA,NA,NA,"P4"
"254","Utah","fbs","Big 12",2024,5159802,"Dallen Bentley",2,1,11,2,1.20273239336433,0.601366196682166,1.20273239336433,15,7.5,15,0.5,2,2,1,0,0,NA,NA,NA,NA,NA,NA,NA,NA,"P4"
"256","James Madison","fbs","Sun Belt",2024,4428219,"Brionne Penny",1,1,11,1,2.41686696518294,2.41686696518294,2.41686696518294,16,16,16,1,1,1,1,0,0,NA,NA,NA,NA,NA,NA,NA,NA,"G6"
"256","James Madison","fbs","Sun Belt",2024,4430183,"Logan Kyle",10,8,11,1.25,11.6631816207398,1.16631816207398,1.45789770259247,110,11,13.75,0.8,10,10,1,1,0,NA,NA,NA,NA,NA,NA,NA,NA,"G6"
"256","James Madison","fbs","Sun Belt",2024,4565889,"Omarion Dollison",32,10,11,3.2,40.9407126389287,1.27939726996652,4.09407126389287,482,15.0625,48.2,0.8125,30,32,0.9375,5,0,152,145,55,59.5,187,180,45,177,"G6"
"256","James Madison","fbs","Sun Belt",2024,4567736,"Taji Hudson",3,2,11,1.5,4.3208209650644,1.44027365502147,2.1604104825322,30,10,15,0.666666666666667,3,3,1,0,0,NA,NA,NA,NA,NA,NA,NA,NA,"G6"
"256","James Madison","fbs","Sun Belt",2024,4569001,"Cameron Ross",41,11,11,3.72727272727273,22.6042630117711,0.551323488091977,2.0549330010701,413,10.0731707317073,37.5454545454545,0.585365853658537,33,41,0.804878048780488,2,1,326,362,383,388.5,431.5,227,300,282,"G6"
"256","James Madison","fbs","Sun Belt",2024,4571803,"Tyler Purdy",6,5,11,1.2,-0.153221068526352,-0.025536844754392,-0.0306442137052703,44,7.33333333333333,8.8,0.5,6,6,1,0,0,NA,NA,NA,NA,NA,NA,NA,NA,"G6"
"256","James Madison","fbs","Sun Belt",2024,4577880,"Jobi Malary",1,1,11,1,-0.129271917202643,-0.129271917202643,-0.129271917202643,6,6,6,0,1,1,1,0,0,NA,NA,NA,NA,NA,NA,NA,NA,"G6"
"256","James Madison","fbs","Sun Belt",2024,4608450,"Taylor Thompson",32,11,11,2.90909090909091,25.0862222060775,0.783944443939923,2.28056565509796,376,11.75,34.1818181818182,0.75,28,32,0.875,4,0,284,330,260,125.5,317,254,175.5,319.5,"G6"
"256","James Madison","fbs","Sun Belt",2024,4685494,"George Pettaway",23,11,11,2.09090909090909,7.00205346027764,0.304437106968593,0.636550314570694,165,7.17391304347826,15,0.478260869565217,20,23,0.869565217391304,2,0,466,472,457,468,329.5,475.5,451,494.5,"G6"
"256","James Madison","fbs","Sun Belt",2024,4911929,"Alonza Barnett",3,3,11,1,11.0108720560745,3.67029068535816,3.67029068535816,101,33.6666666666667,33.6666666666667,1,3,3,1,3,0,NA,NA,NA,NA,NA,NA,NA,NA,"G6"
"256","James Madison","fbs","Sun Belt",2024,4912342,"Wayne Knight",10,6,11,1.66666666666667,7.06894530740501,0.706894530740501,1.17815755123417,104,10.4,17.3333333333333,0.6,10,10,1,1,0,NA,NA,NA,NA,NA,NA,NA,NA,"G6"
"256","James Madison","fbs","Sun Belt",2024,5084910,"Josh Phifer",2,2,11,1,3.84580175786314,1.92290087893157,1.92290087893157,41,20.5,20.5,1,2,2,1,1,0,NA,NA,NA,NA,NA,NA,NA,NA,"G6"
"256","James Madison","fbs","Sun Belt",2024,5120977,"Maxwell Moss",1,1,11,1,1.42801068969341,1.42801068969341,1.42801068969341,11,11,11,1,1,1,1,0,0,NA,NA,NA,NA,NA,NA,NA,NA,"G6"
"256","James Madison","fbs","Sun Belt",2024,5121750,"Yamir Knight",47,11,11,4.27272727272727,36.798137765607,0.782939101395893,3.34528525141882,541,11.5106382978723,49.1818181818182,0.638297872340426,45,47,0.957446808510638,4,0,182,216,262,309.5,149,142.5,195.5,167,"G6"
"256","James Madison","fbs","Sun Belt",2024,5153036,"Dylan Williams",5,4,11,1.25,6.10372631736404,1.22074526347281,1.52593157934101,38,7.6,9.5,1,5,5,1,2,0,NA,NA,NA,NA,NA,NA,NA,NA,"G6"
"2567","SMU","fbs","ACC",2024,4429043,"Jaylan Knighton",4,2,12,2,3.5301627403952,0.8825406850988,1.7650813701976,42,10.5,21,0.5,4,4,1,0,0,NA,NA,NA,NA,NA,NA,NA,NA,"P4"
"2567","SMU","fbs","ACC",2024,4431068,"Kelvontay Dixon",23,9,12,2.55555555555556,33.9044957799036,1.47410851216972,3.76716619776707,378,16.4347826086957,42,0.782608695652174,20,23,0.869565217391304,1,0,205,175,26,85,329.5,252,24,240,"P4"
"2567","SMU","fbs","ACC",2024,4431197,"Romello Brinson",13,4,12,3.25,8.07183204382212,0.620910157217086,2.01795801095553,132,10.1538461538462,33,0.769230769230769,12,13,0.923076923076923,0,0,NA,NA,NA,NA,NA,NA,NA,NA,"P4"
"2567","SMU","fbs","ACC",2024,4432260,"Matthew Hibner",22,7,12,3.14285714285714,23.2726117622845,1.05784598919475,3.3246588231835,312,14.1818181818182,44.5714285714286,0.636363636363636,20,22,0.909090909090909,3,1,NA,NA,NA,NA,NA,NA,NA,NA,"P4"
"2567","SMU","fbs","ACC",2024,4432718,"LJ Johnson Jr.",9,5,12,1.8,0.338765219229884,0.0376405799144316,0.0677530438459769,72,8,14.4,0.444444444444444,9,9,1,0,0,NA,NA,NA,NA,NA,NA,NA,NA,"P4"
"2567","SMU","fbs","ACC",2024,4570190,"Jake Bailey",15,6,12,2.5,16.298675602492,1.08657837349946,2.71644593374866,216,14.4,36,0.6,15,15,1,0,0,NA,NA,NA,NA,NA,NA,NA,NA,"P4"
"2567","SMU","fbs","ACC",2024,4594446,"Roderick Daniels",36,10,12,3.6,51.7976106141468,1.43882251705963,5.17976106141468,556,15.4444444444444,55.6,0.777777777777778,34,36,0.944444444444444,3,0,87,79,28,90.5,176,128,36,129,"P4"
"2567","SMU","fbs","ACC",2024,4596602,"Brashard Smith",41,12,12,3.41666666666667,17.4367149406402,0.425285730259516,1.45305957838668,303,7.39024390243902,25.25,0.536585365853659,35,41,0.853658536585366,4,0,381,422,428,430,365,352.5,442,423.5,"P4"
"2567","SMU","fbs","ACC",2024,4607419,"Keyshawn Smith",35,11,12,3.18181818181818,35.3228213861004,1.0092234681743,3.21116558055458,481,13.7428571428571,43.7272727272727,0.714285714285714,30,35,0.857142857142857,4,0,195,228,140,192.5,359,181.5,78,222.5,"P4"
"2567","SMU","fbs","ACC",2024,4685409,"Jordan Hudson",35,11,12,3.18181818181818,24.6999176466778,0.705711932762223,2.24544705878889,348,9.94285714285714,31.6363636363636,0.657142857142857,33,35,0.942857142857143,4,0,293,340,308,283.5,179.5,286,313,352.5,"P4"
"2567","SMU","fbs","ACC",2024,4689553,"Carter Campbell",1,1,12,1,-0.633478537889391,-0.633478537889391,-0.633478537889391,0,0,0,0,1,1,1,0,0,NA,NA,NA,NA,NA,NA,NA,NA,"P4"
"2567","SMU","fbs","ACC",2024,4702913,"R.J. Maryland",22,6,12,3.66666666666667,26.1473205229365,1.18851456922439,4.35788675382275,320,14.5454545454545,53.3333333333333,0.636363636363636,22,22,1,4,0,NA,NA,NA,NA,NA,NA,NA,NA,"P4"
"2567","SMU","fbs","ACC",2024,5079523,"Derrick McFall",3,1,12,3,1.34794091797352,0.449313639324508,1.34794091797352,34,11.3333333333333,34,0.666666666666667,3,3,1,0,0,NA,NA,NA,NA,NA,NA,NA,NA,"P4"
"2567","SMU","fbs","ACC",2024,5084084,"Kevin Jennings",1,1,12,1,2.67137554420343,2.67137554420343,2.67137554420343,11,11,11,1,1,1,1,1,0,NA,NA,NA,NA,NA,NA,NA,NA,"P4"
"2572","Southern Miss","fbs","Sun Belt",2024,4426463,"Dannis Jackson",10,4,11,2.5,15.1395021681714,1.51395021681714,3.78487554204286,204,20.4,51,0.9,10,10,1,0,0,NA,NA,NA,NA,NA,NA,NA,NA,"G6"
"2572","Southern Miss","fbs","Sun Belt",2024,4433886,"Tate Rodemaker",1,1,11,1,4.50028826239381,4.50028826239381,4.50028826239381,42,42,42,1,1,1,1,0,0,NA,NA,NA,NA,NA,NA,NA,NA,"G6"
"2572","Southern Miss","fbs","Sun Belt",2024,4567507,"Rodrigues Clark",9,7,11,1.28571428571429,0.124603676685873,0.013844852965097,0.0178005252408389,40,4.44444444444444,5.71428571428571,0.444444444444444,9,9,1,0,0,NA,NA,NA,NA,NA,NA,NA,NA,"G6"
"2572","Southern Miss","fbs","Sun Belt",2024,4596336,"Chandler Pittman",8,4,11,2,0.877827891144467,0.109728486393058,0.219456972786117,51,6.375,12.75,0.5,8,8,1,0,0,NA,NA,NA,NA,NA,NA,NA,NA,"G6"
"2572","Southern Miss","fbs","Sun Belt",2024,4685704,"Larry Simmons",26,11,11,2.36363636363636,20.5607498187238,0.790798069950914,1.86915907442943,321,12.3461538461538,29.1818181818182,0.615384615384615,22,26,0.846153846153846,1,1,346,382,257,356.5,375.5,325,133,382,"G6"
"2572","Southern Miss","fbs","Sun Belt",2024,4869745,"Kyirin Heath",11,7,11,1.57142857142857,13.4684653757339,1.22440594324853,1.9240664822477,172,15.6363636363636,24.5714285714286,0.909090909090909,11,11,1,1,0,NA,NA,NA,NA,NA,NA,NA,NA,"G6"
"2572","Southern Miss","fbs","Sun Belt",2024,4869802,"Davis Dalton",17,8,11,2.125,6.43832313827971,0.378724890487042,0.804790392284964,167,9.82352941176471,20.875,0.647058823529412,14,17,0.823529411764706,1,1,NA,NA,NA,NA,NA,NA,NA,NA,"G6"
"2572","Southern Miss","fbs","Sun Belt",2024,4888886,"Kenyon Clay",18,8,11,2.25,6.99362422663221,0.388534679257345,0.874203028329026,216,12,27,0.555555555555556,18,18,1,1,1,NA,NA,NA,NA,NA,NA,NA,NA,"G6"
"2572","Southern Miss","fbs","Sun Belt",2024,5077264,"Javieon Butler",2,2,11,1,3.33710572877341,1.66855286438671,1.66855286438671,22,11,11,0.5,2,2,1,0,0,NA,NA,NA,NA,NA,NA,NA,NA,"G6"
"2572","Southern Miss","fbs","Sun Belt",2024,5077877,"Justyn Reid",5,5,11,1,7.51561315632298,1.5031226312646,1.5031226312646,83,16.6,16.6,1,5,5,1,0,0,NA,NA,NA,NA,NA,NA,NA,NA,"G6"
"2572","Southern Miss","fbs","Sun Belt",2024,5092470,"Tiaquelin Mims",32,9,11,3.55555555555556,22.6607149334945,0.708147341671703,2.51785721483272,384,12,42.6666666666667,0.53125,31,32,0.96875,1,0,324,307,305,432.5,128,248,156,235,"G6"
"2572","Southern Miss","fbs","Sun Belt",2024,5147204,"Jalen Washington",1,1,11,1,3.19687706563377,3.19687706563377,3.19687706563377,21,21,21,1,1,1,1,0,0,NA,NA,NA,NA,NA,NA,NA,NA,"G6"
"2572","Southern Miss","fbs","Sun Belt",2024,5147382,"Reed Jesiolowski",8,4,11,2,7.73285558196329,0.966606947745411,1.93321389549082,98,12.25,24.5,0.625,8,8,1,0,0,NA,NA,NA,NA,NA,NA,NA,NA,"G6"
"2572","Southern Miss","fbs","Sun Belt",2024,5152924,"JQ Gray",2,2,11,1,-1.25445472246658,-0.62722736123329,-0.62722736123329,6,3,3,0.5,2,2,1,0,0,NA,NA,NA,NA,NA,NA,NA,NA,"G6"
"2572","Southern Miss","fbs","Sun Belt",2024,5228126,"Ray Daly Jr.",1,1,11,1,1.61764807343171,1.61764807343171,1.61764807343171,25,25,25,1,1,1,1,0,0,NA,NA,NA,NA,NA,NA,NA,NA,"G6"
"2579","South Carolina","fbs","SEC",2024,4427630,"Oscar Adaway III",7,4,11,1.75,5.71360162145985,0.816228803065693,1.42840040536496,44,6.28571428571429,11,0.571428571428571,6,7,0.857142857142857,0,0,NA,NA,NA,NA,NA,NA,NA,NA,"P4"
"2579","South Carolina","fbs","SEC",2024,4430482,"Joshua Simon",38,10,11,3.8,18.0438051824891,0.474836978486556,1.80438051824891,375,9.86842105263158,37.5,0.578947368421053,29,38,0.763157894736842,4,2,376,391,408,397.5,461,256.5,319,283.5,"P4"
"2579","South Carolina","fbs","SEC",2024,4569372,"Dalevon Campbell",5,4,11,1.25,8.82241971253844,1.76448394250769,2.20560492813461,127,25.4,31.75,1,5,5,1,0,0,NA,NA,NA,NA,NA,NA,NA,NA,"P4"
"2579","South Carolina","fbs","SEC",2024,4601080,"Raheim Sanders",25,10,11,2.5,12.0004085378048,0.480016341512191,1.20004085378048,266,10.64,26.6,0.56,21,25,0.84,2,2,431,438,407,411,383.5,389,261,413.5,"P4"
"2579","South Carolina","fbs","SEC",2024,4683210,"Brady Hunt",2,2,11,1,2.90195149218374,1.45097574609187,1.45097574609187,22,11,11,1,2,2,1,0,0,NA,NA,NA,NA,NA,NA,NA,NA,"P4"
"2579","South Carolina","fbs","SEC",2024,4692826,"Payton Mangrum",1,1,11,1,-0.784014136935754,-0.784014136935754,-0.784014136935754,4,4,4,0,1,1,1,0,0,NA,NA,NA,NA,NA,NA,NA,NA,"P4"
"2579","South Carolina","fbs","SEC",2024,4700453,"Jared Brown",19,7,11,2.71428571428571,14.6209747200646,0.769524985266555,2.08871067429494,244,12.8421052631579,34.8571428571429,0.578947368421053,15,19,0.789473684210526,1,0,NA,NA,NA,NA,NA,NA,NA,NA,"P4"
"2579","South Carolina","fbs","SEC",2024,4870745,"Nyck Harbor",22,8,11,2.75,18.1783511347472,0.826288687943054,2.2722938918434,223,10.1363636363636,27.875,0.636363636363636,17,22,0.772727272727273,1,0,375,334,237,315.5,454,430,292,401,"P4"
"2579","South Carolina","fbs","SEC",2024,4870842,"Vandrevious Jacobs",12,6,11,2,15.2936538257465,1.27447115214554,2.54894230429108,136,11.3333333333333,22.6666666666667,0.833333333333333,11,12,0.916666666666667,0,0,NA,NA,NA,NA,NA,NA,NA,NA,"P4"
"2579","South Carolina","fbs","SEC",2024,4875127,"Lanorris Sellers",5,3,11,1.66666666666667,17.8732155275011,3.57464310550022,5.95773850916703,112,22.4,37.3333333333333,1,5,5,1,5,0,NA,NA,NA,NA,NA,NA,NA,NA,"P4"
"2579","South Carolina","fbs","SEC",2024,4877203,"Gage Larvadain",24,8,11,3,-1.17315359610468,-0.048881399837695,-0.146644199513085,193,8.04166666666667,24.125,0.5,16,24,0.666666666666667,0,0,500,502,500,457,499.5,453.5,423,432,"P4"
"2579","South Carolina","fbs","SEC",2024,4880608,"Juju McDowell",1,1,11,1,4.53058498377265,4.53058498377265,4.53058498377265,12,12,12,1,1,1,1,1,0,NA,NA,NA,NA,NA,NA,NA,NA,"P4"
"2579","South Carolina","fbs","SEC",2024,4880610,"Eriq Rice",2,1,11,2,0.705027296243319,0.352513648121659,0.705027296243319,20,10,20,0.5,2,2,1,0,0,NA,NA,NA,NA,NA,NA,NA,NA,"P4"
"2579","South Carolina","fbs","SEC",2024,4923057,"Connor Cox",1,1,11,1,2.23851060367114,2.23851060367114,2.23851060367114,9,9,9,1,1,1,1,1,0,NA,NA,NA,NA,NA,NA,NA,NA,"P4"
"2579","South Carolina","fbs","SEC",2024,5077210,"Jatavius Shivers",1,1,11,1,-0.236218188027564,-0.236218188027564,-0.236218188027564,2,2,2,0,1,1,1,0,0,NA,NA,NA,NA,NA,NA,NA,NA,"P4"
"2579","South Carolina","fbs","SEC",2024,5079329,"Mazeo Bennett",26,8,11,3.25,16.3236716001448,0.627833523082491,2.0404589500181,221,8.5,27.625,0.576923076923077,22,26,0.846153846153846,1,0,396,363,339,400,375.5,433,399,403,"P4"
"2579","South Carolina","fbs","SEC",2024,5079592,"Michael Smith",6,3,11,2,7.60066019769526,1.26677669961588,2.53355339923175,62,10.3333333333333,20.6666666666667,0.666666666666667,5,6,0.833333333333333,0,0,NA,NA,NA,NA,NA,NA,NA,NA,"P4"
"258","Virginia","fbs","ACC",2024,4430804,"Chris Tyree",26,9,11,2.88888888888889,6.16325378522212,0.237048222508543,0.684805976135791,193,7.42307692307692,21.4444444444444,0.5,24,26,0.923076923076923,0,0,471,468,466,457,215,453.5,441,454,"P4"
"258","Virginia","fbs","ACC",2024,4431081,"Sage Ennis",1,1,11,1,-1.13779776593695,-1.13779776593695,-1.13779776593695,2,2,2,0,1,1,1,0,0,NA,NA,NA,NA,NA,NA,NA,NA,"P4"
"258","Virginia","fbs","ACC",2024,4682648,"Malachi Fields",53,11,11,4.81818181818182,62.8249669755706,1.18537673538813,5.71136063414278,641,12.0943396226415,58.2727272727273,0.716981132075472,48,53,0.905660377358491,3,2,46,60,78,185.5,249,88,153,111,"P4"
"258","Virginia","fbs","ACC",2024,4684953,"Sackett Wood Jr.",1,1,11,1,-0.278817058218472,-0.278817058218472,-0.278817058218472,3,3,3,0,1,1,1,0,0,NA,NA,NA,NA,NA,NA,NA,NA,"P4"
"258","Virginia","fbs","ACC",2024,4685364,"Andre Greene Jr.",9,4,11,2.25,1.30087141898386,0.144541268775984,0.325217854745964,74,8.22222222222222,18.5,0.444444444444444,9,9,1,0,0,NA,NA,NA,NA,NA,NA,NA,NA,"P4"
"258","Virginia","fbs","ACC",2024,4685594,"Dakota Twitty",8,5,11,1.6,5.42712793780414,0.678390992225517,1.08542558756083,61,7.625,12.2,0.625,8,8,1,1,0,NA,NA,NA,NA,NA,NA,NA,NA,"P4"
"258","Virginia","fbs","ACC",2024,4686095,"Kobe Pace",21,9,11,2.33333333333333,2.38095411465171,0.113378767364367,0.264550457183523,145,6.90476190476191,16.1111111111111,0.333333333333333,20,21,0.952380952380952,0,0,489,490,483,504,162,492,461,486,"P4"
"258","Virginia","fbs","ACC",2024,4695765,"Tyler Neville",37,11,11,3.36363636363636,34.3703420299587,0.928928162971856,3.12457654817806,373,10.0810810810811,33.9090909090909,0.702702702702703,35,37,0.945945945945946,2,0,200,236,178,210,174,258.5,298,323,"P4"
"258","Virginia","fbs","ACC",2024,4775264,"Tony Muskett",2,2,11,1,11.5891125103045,5.79455625515223,5.79455625515223,76,38,38,1,2,2,1,2,0,NA,NA,NA,NA,NA,NA,NA,NA,"P4"
"258","Virginia","fbs","ACC",2024,4873442,"Xavier Brown",11,7,11,1.57142857142857,12.3759945788902,1.12509041626274,1.76799922555574,127,11.5454545454545,18.1428571428571,0.545454545454545,9,11,0.818181818181818,2,0,NA,NA,NA,NA,NA,NA,NA,NA,"P4"
"258","Virginia","fbs","ACC",2024,4879643,"Ethan Davies",2,2,11,1,5.8597490566979,2.92987452834895,2.92987452834895,65,32.5,32.5,0.5,1,2,0.5,1,0,NA,NA,NA,NA,NA,NA,NA,NA,"P4"
"258","Virginia","fbs","ACC",2024,4896391,"Sean Wilson",8,4,11,2,-1.30085561612379,-0.162606952015474,-0.325213904030948,53,6.625,13.25,0.5,7,8,0.875,0,0,NA,NA,NA,NA,NA,NA,NA,NA,"P4"
"258","Virginia","fbs","ACC",2024,4912130,"Trell Harris",13,3,11,4.33333333333333,20.2197909449277,1.55536853422521,6.7399303149759,183,14.0769230769231,61,0.846153846153846,13,13,1,1,0,NA,NA,NA,NA,NA,NA,NA,NA,"P4"
"258","Virginia","fbs","ACC",2024,5044387,"Anthony Colandrea",3,3,11,1,7.88184504617971,2.6272816820599,2.6272816820599,94,31.3333333333333,31.3333333333333,1,3,3,1,2,0,NA,NA,NA,NA,NA,NA,NA,NA,"P4"
"258","Virginia","fbs","ACC",2024,5075026,"Donte Hawthorne",1,1,11,1,-0.207898769160849,-0.207898769160849,-0.207898769160849,2,2,2,0,1,1,1,0,0,NA,NA,NA,NA,NA,NA,NA,NA,"P4"
"258","Virginia","fbs","ACC",2024,5078110,"Noah Vaughn",11,6,11,1.83333333333333,6.10701857939653,0.555183507217866,1.01783642989942,77,7,12.8333333333333,0.727272727272727,10,11,0.909090909090909,0,0,NA,NA,NA,NA,NA,NA,NA,NA,"P4"
"258","Virginia","fbs","ACC",2024,5081209,"Eli Wood",1,1,11,1,0.89925832319239,0.89925832319239,0.89925832319239,6,6,6,1,1,1,1,0,0,NA,NA,NA,NA,NA,NA,NA,NA,"P4"
"258","Virginia","fbs","ACC",2024,5085246,"Tylyric Coleman",5,3,11,1.66666666666667,1.64499019526664,0.328998039053327,0.548330065088879,33,6.6,11,0.6,4,5,0.8,0,0,NA,NA,NA,NA,NA,NA,NA,NA,"P4"
"258","Virginia","fbs","ACC",2024,5092348,"Jaden Gibson",10,5,11,2,5.79745643420806,0.579745643420806,1.15949128684161,91,9.1,18.2,0.7,10,10,1,0,0,NA,NA,NA,NA,NA,NA,NA,NA,"P4"
"258","Virginia","fbs","ACC",2024,5114331,"Suderian Harrison",10,4,11,2.5,2.41465935081262,0.241465935081262,0.603664837703156,86,8.6,21.5,0.6,10,10,1,0,0,NA,NA,NA,NA,NA,NA,NA,NA,"P4"
"258","Virginia","fbs","ACC",2024,5147376,"Kameron Courtney",13,6,11,2.16666666666667,4.83804047466387,0.372156959589529,0.806340079110645,114,8.76923076923077,19,0.615384615384615,12,13,0.923076923076923,0,0,NA,NA,NA,NA,NA,NA,NA,NA,"P4"
"259","Virginia Tech","fbs","ACC",2024,4427601,"Ali Jennings",19,6,12,3.16666666666667,34.721063426161,1.82742439085058,5.78684390436016,386,20.3157894736842,64.3333333333333,0.842105263157895,16,19,0.842105263157895,3,0,NA,NA,NA,NA,NA,NA,NA,NA,"P4"
"259","Virginia Tech","fbs","ACC",2024,4432215,"Stephen Gosnell",33,11,12,3,31.4988570735772,0.954510820411431,2.86353246123429,492,14.9090909090909,44.7272727272727,0.757575757575758,26,33,0.787878787878788,1,0,223,267,165,110,441.5,173.5,48,207,"P4"
"259","Virginia Tech","fbs","ACC",2024,4575348,"Da'Quan Felton",37,11,12,3.36363636363636,24.5865544354206,0.664501471227584,2.23514131231097,360,9.72972972972973,32.7272727272727,0.621621621621622,32,37,0.864864864864865,2,0,294,343,324,340.5,343,271,332.5,336.5,"P4"
"259","Virginia Tech","fbs","ACC",2024,4602667,"Jaylin Lane",42,11,12,3.81818181818182,33.4548816681425,0.796544801622442,3.04135287892205,470,11.1904761904762,42.7272727272727,0.619047619047619,38,42,0.904761904761905,2,1,210,248,255,349,254.5,191,228,234,"P4"
"259","Virginia Tech","fbs","ACC",2024,4678010,"Kyron Drones",2,1,12,2,0.752052007531372,0.376026003765686,0.752052007531372,-2,-1,-2,0.5,2,2,1,1,0,NA,NA,NA,NA,NA,NA,NA,NA,"P4"
"259","Virginia Tech","fbs","ACC",2024,4685366,"Benji Gosnell",39,12,12,3.25,17.4259276799605,0.446818658460525,1.45216063999671,330,8.46153846153846,27.5,0.641025641025641,31,39,0.794871794871795,2,1,382,424,416,299,438.5,314.5,403,406,"P4"
"259","Virginia Tech","fbs","ACC",2024,4686223,"Malachi Thomas",4,3,12,1.33333333333333,0.29773888538478,0.074434721346195,0.0992462951282599,25,6.25,8.33333333333333,0.5,4,4,1,0,0,NA,NA,NA,NA,NA,NA,NA,NA,"P4"
"259","Virginia Tech","fbs","ACC",2024,4726129,"Harrison Saint Germain",5,4,12,1.25,-2.54057427312324,-0.508114854624648,-0.63514356828081,25,5,6.25,0.4,4,5,0.8,0,0,NA,NA,NA,NA,NA,NA,NA,NA,"P4"
"259","Virginia Tech","fbs","ACC",2024,4880271,"Miles Ellis",1,1,12,1,-1.64763251928652,-1.64763251928652,-1.64763251928652,2,2,2,0,1,1,1,0,0,NA,NA,NA,NA,NA,NA,NA,NA,"P4"
"259","Virginia Tech","fbs","ACC",2024,4882093,"Bhayshul Tuten",22,8,12,2.75,0.106521787731366,0.00484189944233483,0.0133152234664208,78,3.54545454545455,9.75,0.227272727272727,21,22,0.954545454545455,2,0,NA,NA,NA,NA,NA,NA,NA,NA,"P4"
"259","Virginia Tech","fbs","ACC",2024,4918417,"Ayden Greene",15,8,12,1.875,14.0818391945129,0.938789279634193,1.76022989931411,142,9.46666666666667,17.75,0.666666666666667,12,15,0.8,2,0,NA,NA,NA,NA,NA,NA,NA,NA,"P4"
"259","Virginia Tech","fbs","ACC",2024,4922987,"Takye Heath",1,1,12,1,-0.0316514161795163,-0.0316514161795163,-0.0316514161795163,5,5,5,0,1,1,1,0,0,NA,NA,NA,NA,NA,NA,NA,NA,"P4"
"26","UCLA","fbs","Big Ten",2024,4427634,"Keegan Jones",19,7,12,2.71428571428571,7.03047134738704,0.370024807757212,1.00435304962672,202,10.6315789473684,28.8571428571429,0.421052631578947,19,19,1,1,0,NA,NA,NA,NA,NA,NA,NA,NA,"P4"
"26","UCLA","fbs","Big Ten",2024,4430843,"Jalen Berger",10,6,12,1.66666666666667,3.4507605716423,0.34507605716423,0.575126761940383,59,5.9,9.83333333333333,0.4,10,10,1,2,0,NA,NA,NA,NA,NA,NA,NA,NA,"P4"
"26","UCLA","fbs","Big Ten",2024,4431234,"Logan Loya",31,10,12,3.1,50.690845003348,1.6351885484951,5.0690845003348,348,11.2258064516129,34.8,0.838709677419355,29,31,0.935483870967742,4,0,90,83,13,38.5,191,286,222.5,309.5,"P4"
"26","UCLA","fbs","Big Ten",2024,4432731,"Moliki Matavao",45,11,12,4.09090909090909,42.0471566564172,0.934381259031493,3.82246878694702,539,11.9777777777778,49,0.755555555555556,42,45,0.933333333333333,2,1,146,171,176,114,195,145,158,168.5,"P4"
"26","UCLA","fbs","Big Ten",2024,4635009,"J.Michael Sturdivant",24,7,12,3.42857142857143,28.6414956433101,1.19339565180459,4.09164223475859,315,13.125,45,0.791666666666667,22,24,0.916666666666667,2,0,250,146,76,78,226,331,100,202.5,"P4"
"26","UCLA","fbs","Big Ten",2024,4685492,"Jack Pedersen",14,8,12,1.75,3.60367295147727,0.257405210819805,0.450459118934659,126,9,15.75,0.571428571428571,12,14,0.857142857142857,1,1,NA,NA,NA,NA,NA,NA,NA,NA,"P4"
"26","UCLA","fbs","Big Ten",2024,4710344,"Titus Mokiao-Atimalala",32,9,12,3.55555555555556,24.857931076451,0.776810346139093,2.76199234182789,294,9.1875,32.6666666666667,0.71875,28,32,0.875,1,1,290,284,264,179.5,317,358.5,368,338,"P4"
"26","UCLA","fbs","Big Ten",2024,4870713,"Rico Flores",13,4,12,3.25,14.1929630321373,1.09176638708748,3.54824075803432,187,14.3846153846154,46.75,0.769230769230769,12,13,0.923076923076923,1,0,NA,NA,NA,NA,NA,NA,NA,NA,"P4"
"26","UCLA","fbs","Big Ten",2024,5081907,"Anthony Frias II",2,1,12,2,1.44329833877712,0.721649169388559,1.44329833877712,18,9,18,0.5,2,2,1,0,0,NA,NA,NA,NA,NA,NA,NA,NA,"P4"
"26","UCLA","fbs","Big Ten",2024,5082648,"Bryce Pierre",11,7,12,1.57142857142857,8.6404932938963,0.785499390354209,1.23435618484233,94,8.54545454545454,13.4285714285714,0.818181818181818,11,11,1,0,0,NA,NA,NA,NA,NA,NA,NA,NA,"P4"
"26","UCLA","fbs","Big Ten",2024,5127885,"Kwazi Gilmer",40,10,12,4,20.1392993042861,0.503482482607153,2.01392993042861,345,8.625,34.5,0.6,31,40,0.775,2,0,350,365,399,370,450,294,395,312,"P4"
"26","UCLA","fbs","Big Ten",2024,5153613,"Carter Shaw",3,3,12,1,2.95198017474222,0.983993391580741,0.983993391580741,45,15,15,0.666666666666667,2,3,0.666666666666667,0,0,NA,NA,NA,NA,NA,NA,NA,NA,"P4"
"2628","TCU","fbs","Big 12",2024,4429466,"Drake Dabney",15,7,11,2.14285714285714,4.75431750740027,0.316954500493351,0.679188215342895,105,7,15,0.666666666666667,13,15,0.866666666666667,0,0,NA,NA,NA,NA,NA,NA,NA,NA,"P4"
"2628","TCU","fbs","Big 12",2024,4431297,"Blake Nowell",6,3,11,2,5.15637440617712,0.859395734362854,1.71879146872571,109,18.1666666666667,36.3333333333333,0.666666666666667,6,6,1,0,0,NA,NA,NA,NA,NA,NA,NA,NA,"P4"
"2628","TCU","fbs","Big 12",2024,4431487,"Savion Williams",66,11,11,6,40.6676561132638,0.616176607776724,3.69705964666034,511,7.74242424242424,46.4545454545455,0.560606060606061,54,66,0.818181818181818,6,0,155,185,343,410,411.5,158.5,431,191.5,"P4"
"2628","TCU","fbs","Big 12",2024,4432694,"JoJo Earle",4,3,11,1.33333333333333,-1.02478333441132,-0.256195833602829,-0.341594444803772,6,1.5,2,0.25,4,4,1,0,0,NA,NA,NA,NA,NA,NA,NA,NA,"P4"
"2628","TCU","fbs","Big 12",2024,4602185,"Eric McAlister",35,9,11,3.88888888888889,51.9253494689907,1.48358141339973,5.7694832743323,567,16.2,63,0.8,29,35,0.828571428571429,4,0,86,53,24,71.5,396,125,30,84.5,"P4"
"2628","TCU","fbs","Big 12",2024,4602783,"Trent Battle",5,3,11,1.66666666666667,-1.36470613763599,-0.272941227527197,-0.454902045878662,16,3.2,5.33333333333333,0.2,5,5,1,0,0,NA,NA,NA,NA,NA,NA,NA,NA,"P4"
"2628","TCU","fbs","Big 12",2024,4603186,"Jack Bech",77,11,11,7,77.833634267762,1.01082641906184,7.07578493343291,804,10.4415584415584,73.0909090909091,0.675324675324675,58,77,0.753246753246753,7,0,15,20,138,250,469,31,276,42,"P4"
"2628","TCU","fbs","Big 12",2024,4683278,"Carson Bruno",1,1,11,1,-0.284842394651107,-0.284842394651107,-0.284842394651107,3,3,3,0,1,1,1,0,0,NA,NA,NA,NA,NA,NA,NA,NA,"P4"
"2628","TCU","fbs","Big 12",2024,4685183,"John Paul Richardson",58,11,11,5.27272727272727,34.0959423118344,0.587861074341973,3.09963111925767,609,10.5,55.3636363636364,0.706896551724138,50,58,0.862068965517241,1,3,204,240,359,206,352,107,272,132,"P4"
"2628","TCU","fbs","Big 12",2024,4685401,"Josh Hoover",3,2,11,1.5,8.8441595946637,2.94805319822123,4.42207979733185,24,8,12,1,3,3,1,3,0,NA,NA,NA,NA,NA,NA,NA,NA,"P4"
"2628","TCU","fbs","Big 12",2024,4695223,"Chase Curtis",2,1,11,2,3.06928175182434,1.53464087591217,3.06928175182434,36,18,36,0.5,2,2,1,0,0,NA,NA,NA,NA,NA,NA,NA,NA,"P4"
"2628","TCU","fbs","Big 12",2024,4710711,"D'Andre Rogers",12,7,11,1.71428571428571,7.03797460983498,0.586497884152915,1.00542494426214,131,10.9166666666667,18.7142857142857,0.583333333333333,10,12,0.833333333333333,1,0,NA,NA,NA,NA,NA,NA,NA,NA,"P4"
"2628","TCU","fbs","Big 12",2024,4832792,"Major Everhart",1,1,11,1,-0.402312730609141,-0.402312730609141,-0.402312730609141,4,4,4,0,1,1,1,0,0,NA,NA,NA,NA,NA,NA,NA,NA,"P4"
"2628","TCU","fbs","Big 12",2024,4870592,"Jordyn Bailey",10,4,11,2.5,4.94090591849306,0.494090591849306,1.23522647962327,34,3.4,8.5,0.5,7,10,0.7,2,0,NA,NA,NA,NA,NA,NA,NA,NA,"P4"
"2628","TCU","fbs","Big 12",2024,4918103,"Cam Cook",23,7,11,3.28571428571429,-14.3760064123474,-0.625043757058583,-2.05371520176392,65,2.82608695652174,9.28571428571429,0.217391304347826,16,23,0.695652173913043,0,0,509,509,509,509,487,509,509,508,"P4"
"2628","TCU","fbs","Big 12",2024,5079663,"Jeremy Payne",11,6,11,1.83333333333333,2.79499299787385,0.254090272533986,0.465832166312308,70,6.36363636363636,11.6666666666667,0.454545454545455,11,11,1,0,0,NA,NA,NA,NA,NA,NA,NA,NA,"P4"
"2628","TCU","fbs","Big 12",2024,5092965,"Parker Clark",2,2,11,1,1.47925271521213,0.739626357606066,0.739626357606066,21,10.5,10.5,1,2,2,1,0,0,NA,NA,NA,NA,NA,NA,NA,NA,"P4"
"2633","Tennessee","fbs","SEC",2024,4426337,"Bru McCoy",37,9,11,4.11111111111111,25.8700490214074,0.699190514092091,2.87444989126748,343,9.27027027027027,38.1111111111111,0.702702702702703,29,37,0.783783783783784,2,0,274,266,311,210,443,297,363,276,"P4"
"2633","Tennessee","fbs","SEC",2024,4432775,"Dont'E Thornton",25,8,11,3.125,35.4863977225201,1.4194559089008,4.43579971531501,531,21.24,66.375,0.72,21,25,0.84,4,0,194,122,33,176.5,383.5,149.5,2,66,"P4"
"2633","Tennessee","fbs","SEC",2024,4685573,"Holden Staes",12,8,11,1.5,8.61588154282844,0.717990128569037,1.07698519285355,115,9.58333333333333,14.375,0.583333333333333,12,12,1,1,0,NA,NA,NA,NA,NA,NA,NA,NA,"P4"
"2633","Tennessee","fbs","SEC",2024,4838556,"Kaleb Webb",5,3,11,1.66666666666667,0.0873206807870988,0.0174641361574198,0.0291068935956996,29,5.8,9.66666666666667,0.6,4,5,0.8,0,0,NA,NA,NA,NA,NA,NA,NA,NA,"P4"
"2633","Tennessee","fbs","SEC",2024,4870683,"Ethan Davis",12,7,11,1.71428571428571,8.52917609101205,0.710764674251004,1.21845372728744,80,6.66666666666667,11.4285714285714,0.666666666666667,11,12,0.916666666666667,1,0,NA,NA,NA,NA,NA,NA,NA,NA,"P4"
"2633","Tennessee","fbs","SEC",2024,5078917,"Khalifa Keith",1,1,11,1,0.359896531915137,0.359896531915137,0.359896531915137,8,8,8,1,1,1,1,0,0,NA,NA,NA,NA,NA,NA,NA,NA,"P4"
"2633","Tennessee","fbs","SEC",2024,5079580,"Mike Matthews",10,4,11,2.5,6.33033136963628,0.633033136963628,1.58258284240907,90,9,22.5,0.6,7,10,0.7,2,0,NA,NA,NA,NA,NA,NA,NA,NA,"P4"
"2633","Tennessee","fbs","SEC",2024,5081367,"Chas Nimrod",16,5,11,3.2,7.598665205552,0.474916575347,1.5197330411104,114,7.125,22.8,0.5625,9,16,0.5625,0,0,NA,NA,NA,NA,NA,NA,NA,NA,"P4"
"2633","Tennessee","fbs","SEC",2024,5081368,"Squirrel White",42,9,11,4.66666666666667,14.0196835272106,0.33380198874311,1.55774261413451,342,8.14285714285714,38,0.452380952380952,31,42,0.738095238095238,2,0,418,417,449,479,475,299.5,420,279,"P4"
"2633","Tennessee","fbs","SEC",2024,5081397,"Dylan Sampson",20,10,11,2,0.773691772036608,0.0386845886018304,0.0773691772036608,118,5.9,11.8,0.45,16,20,0.8,0,0,NA,NA,NA,NA,NA,NA,NA,NA,"P4"
"2633","Tennessee","fbs","SEC",2024,5089453,"Miles Kitselman",25,8,11,3.125,27.0614465474648,1.08245786189859,3.38268081843309,296,11.84,37,0.8,21,25,0.84,4,0,265,211,110,71.5,383.5,357,171,291,"P4"
"2633","Tennessee","fbs","SEC",2024,5091739,"Chris Brazzell II",37,10,11,3.7,9.47482689566092,0.25607640258543,0.947482689566092,266,7.18918918918919,26.6,0.513513513513513,23,37,0.621621621621622,2,0,451,455,462,447,507,389,450,413.5,"P4"
"2633","Tennessee","fbs","SEC",2024,5122553,"Peyton Lewis",2,2,11,1,-1.15736517045334,-0.578682585226671,-0.578682585226671,7,3.5,3.5,0,1,2,0.5,0,0,NA,NA,NA,NA,NA,NA,NA,NA,"P4"
"2633","Tennessee","fbs","SEC",2024,5132629,"Braylon Staley",3,1,11,3,-0.528783460311482,-0.176261153437161,-0.528783460311482,10,3.33333333333333,10,0.333333333333333,1,3,0.333333333333333,0,0,NA,NA,NA,NA,NA,NA,NA,NA,"P4"
"2636","UTSA","fbs","American Athletic",2024,4426857,"Oscar Cardenas",10,6,11,1.66666666666667,15.0126712639038,1.50126712639038,2.50211187731729,120,12,20,0.8,10,10,1,3,0,NA,NA,NA,NA,NA,NA,NA,NA,"G6"
"2636","UTSA","fbs","American Athletic",2024,4426919,"De'Corian Clark",1,1,11,1,0.650861265397267,0.650861265397267,0.650861265397267,14,14,14,1,1,1,1,0,0,NA,NA,NA,NA,NA,NA,NA,NA,"G6"
"2636","UTSA","fbs","American Athletic",2024,4432555,"J.J. Sparkman",8,5,11,1.6,1.30907327782279,0.163634159727848,0.261814655564557,63,7.875,12.6,0.5,5,8,0.625,0,0,NA,NA,NA,NA,NA,NA,NA,NA,"G6"
"2636","UTSA","fbs","American Athletic",2024,4433827,"Rocko Griffin",3,2,11,1.5,-0.674124374493627,-0.224708124831209,-0.337062187246813,12,4,6,0,3,3,1,0,0,NA,NA,NA,NA,NA,NA,NA,NA,"G6"
"2636","UTSA","fbs","American Athletic",2024,4565211,"Dan Dishman",12,6,11,2,15.9515550105618,1.32929625088015,2.6585925017603,169,14.0833333333333,28.1666666666667,0.833333333333333,11,12,0.916666666666667,3,0,NA,NA,NA,NA,NA,NA,NA,NA,"G6"
"2636","UTSA","fbs","American Athletic",2024,4686767,"Chris Carpenter",35,9,11,3.88888888888889,30.1481242836109,0.861374979531741,3.34979158706788,403,11.5142857142857,44.7777777777778,0.657142857142857,35,35,1,1,1,236,215,216,283.5,54,231.5,194,205,"G6"
"2636","UTSA","fbs","American Athletic",2024,4688595,"Kevorian Barnes",7,6,11,1.16666666666667,-2.31590680779188,-0.330843829684555,-0.385984467965314,61,8.71428571428571,10.1666666666667,0.285714285714286,7,7,1,0,1,NA,NA,NA,NA,NA,NA,NA,NA,"G6"
"2636","UTSA","fbs","American Athletic",2024,4702790,"DJ Allen",13,5,11,2.6,9.38810741653792,0.722162108964455,1.87762148330758,130,10,26,0.615384615384615,10,13,0.769230769230769,1,0,NA,NA,NA,NA,NA,NA,NA,NA,"G6"
"2636","UTSA","fbs","American Athletic",2024,4702820,"Bryson Donnell",3,1,11,3,-0.922470875277314,-0.307490291759105,-0.922470875277314,7,2.33333333333333,7,0,3,3,1,0,0,NA,NA,NA,NA,NA,NA,NA,NA,"G6"
"2636","UTSA","fbs","American Athletic",2024,4775136,"Owen McCown",2,2,11,1,6.79310034393983,3.39655017196991,3.39655017196991,25,12.5,12.5,1,2,2,1,2,0,NA,NA,NA,NA,NA,NA,NA,NA,"G6"
"2636","UTSA","fbs","American Athletic",2024,4801276,"Houston Thomas",33,10,11,3.3,36.7644453501823,1.11407410152068,3.67644453501823,385,11.6666666666667,38.5,0.666666666666667,30,33,0.909090909090909,3,0,183,187,98,264.5,241.5,247,182,270.5,"G6"
"2636","UTSA","fbs","American Athletic",2024,4833629,"Jace Wilson",8,5,11,1.6,1.94952630781163,0.243690788476453,0.389905261562325,40,5,8,0.625,6,8,0.75,0,0,NA,NA,NA,NA,NA,NA,NA,NA,"G6"
"2636","UTSA","fbs","American Athletic",2024,4917054,"David Amador",26,4,11,6.5,11.4511681246638,0.440429543256299,2.86279203116594,266,10.2307692307692,66.5,0.615384615384615,24,26,0.923076923076923,1,0,433,268,418,356.5,215,389,286,63.5,"G6"
"2636","UTSA","fbs","American Athletic",2024,4923281,"Jamel Hardy",10,6,11,1.66666666666667,12.0187825545439,1.20187825545439,2.00313042575731,111,11.1,18.5,0.8,9,10,0.9,1,0,NA,NA,NA,NA,NA,NA,NA,NA,"G6"
"2636","UTSA","fbs","American Athletic",2024,5076952,"Devin Mccuin",38,6,11,6.33333333333333,18.5625145053258,0.488487223824364,3.09375241755431,264,6.94736842105263,44,0.552631578947368,32,38,0.842105263157895,2,0,370,242,405,416,378.5,391.5,459,215.5,"G6"
"2636","UTSA","fbs","American Athletic",2024,5078422,"Brandon High",4,4,11,1,0.252531474434522,0.0631328686086306,0.0631328686086306,31,7.75,7.75,0.25,4,4,1,0,0,NA,NA,NA,NA,NA,NA,NA,NA,"G6"
"2636","UTSA","fbs","American Athletic",2024,5120299,"Patrick Overmyer",28,7,11,4,12.9836836834311,0.463702988693969,1.85481195477587,236,8.42857142857143,33.7142857142857,0.607142857142857,23,28,0.821428571428571,2,0,424,384,412,364,407.5,422,408,326,"G6"
"2636","UTSA","fbs","American Athletic",2024,5151317,"Robert Henry",22,9,11,2.44444444444444,2.50372335249138,0.113805606931427,0.278191483610154,204,9.27272727272727,22.6666666666667,0.409090909090909,19,22,0.863636363636364,0,0,486,486,482,492,348,446.5,362,443.5,"G6"
"2636","UTSA","fbs","American Athletic",2024,5151318,"Willie McCoy",36,9,11,4,15.3670889592697,0.426863582201936,1.70745432880774,373,10.3611111111111,41.4444444444444,0.527777777777778,25,36,0.694444444444444,3,0,405,398,427,436,489,258.5,282,245,"G6"
"2636","UTSA","fbs","American Athletic",2024,5223167,"Will Henderson III",5,3,11,1.66666666666667,-1.06418254695045,-0.212836509390089,-0.354727515650149,11,2.2,3.66666666666667,0.6,4,5,0.8,0,0,NA,NA,NA,NA,NA,NA,NA,NA,"G6"
"2638","UTEP","fbs","Conference USA",2024,4433947,"Corey Wren",1,1,11,1,0.326425467094499,0.326425467094499,0.326425467094499,6,6,6,1,1,1,1,0,0,NA,NA,NA,NA,NA,NA,NA,NA,"G6"
"2638","UTEP","fbs","Conference USA",2024,4705927,"Jevon Jackson",13,5,11,2.6,6.01688073117124,0.462836979320864,1.20337614623425,77,5.92307692307692,15.4,0.538461538461538,12,13,0.923076923076923,1,0,NA,NA,NA,NA,NA,NA,NA,NA,"G6"
"2638","UTEP","fbs","Conference USA",2024,4877714,"Jaden Smith",15,3,11,5,10.8202617546935,0.721350783646233,3.60675391823117,116,7.73333333333333,38.6666666666667,0.666666666666667,15,15,1,0,0,NA,NA,NA,NA,NA,NA,NA,NA,"G6"
"2638","UTEP","fbs","Conference USA",2024,4879292,"Kam Thomas",34,8,11,4.25,19.2937556067319,0.567463400197998,2.41171945084149,339,9.97058823529412,42.375,0.558823529411765,34,34,1,1,0,364,317,371,413.5,54,303.5,308,238,"G6"
"2638","UTEP","fbs","Conference USA",2024,4879298,"Trey Goodman",48,11,11,4.36363636363636,25.5071312452762,0.531398567609922,2.31883011320693,469,9.77083333333333,42.6363636363636,0.708333333333333,45,48,0.9375,0,1,278,327,391,204,187,192,327,236,"G6"
"2638","UTEP","fbs","Conference USA",2024,5082302,"Emari White",17,6,11,2.83333333333333,4.79036339842094,0.281786082260055,0.798393899736823,107,6.29411764705882,17.8333333333333,0.647058823529412,15,17,0.882352941176471,0,0,NA,NA,NA,NA,NA,NA,NA,NA,"G6"
"2638","UTEP","fbs","Conference USA",2024,5083042,"Skyler Locklear",3,3,11,1,4.65060317806282,1.55020105935427,1.55020105935427,66,22,22,0.666666666666667,3,3,1,1,0,NA,NA,NA,NA,NA,NA,NA,NA,"G6"
"2638","UTEP","fbs","Conference USA",2024,5083068,"Kenny Odom",41,10,11,4.1,32.1206689989942,0.783430951194981,3.21206689989942,542,13.219512195122,54.2,0.585365853658537,36,41,0.878048780487805,4,1,219,227,261,388.5,312.5,140,96,138.5,"G6"
"2638","UTEP","fbs","Conference USA",2024,5121571,"Ezell Jolly",5,4,11,1.25,0.788631206317133,0.157726241263427,0.197157801579283,31,6.2,7.75,0.6,5,5,1,0,0,NA,NA,NA,NA,NA,NA,NA,NA,"G6"
"2638","UTEP","fbs","Conference USA",2024,5151179,"Javoni Gardere",1,1,11,1,0.666060546184085,0.666060546184085,0.666060546184085,7,7,7,1,1,1,1,0,0,NA,NA,NA,NA,NA,NA,NA,NA,"G6"
"2638","UTEP","fbs","Conference USA",2024,5151193,"Marcus Vinson",9,8,11,1.125,8.76248673392593,0.973609637102881,1.09531084174074,95,10.5555555555556,11.875,0.333333333333333,8,9,0.888888888888889,2,0,NA,NA,NA,NA,NA,NA,NA,NA,"G6"
"2638","UTEP","fbs","Conference USA",2024,5153727,"Ashton Nickelberry",4,3,11,1.33333333333333,7.46507582646058,1.86626895661514,2.48835860882019,53,13.25,17.6666666666667,1,4,4,1,0,0,NA,NA,NA,NA,NA,NA,NA,NA,"G6"
"2638","UTEP","fbs","Conference USA",2024,5192899,"Ashten Emory",2,1,11,2,2.301441661483,1.1507208307415,2.301441661483,12,6,12,1,2,2,1,0,0,NA,NA,NA,NA,NA,NA,NA,NA,"G6"
"2638","UTEP","fbs","Conference USA",2024,5195952,"Wondame Davis Jr.",1,1,11,1,0.0471519343346578,0.0471519343346578,0.0471519343346578,7,7,7,1,1,1,1,0,0,NA,NA,NA,NA,NA,NA,NA,NA,"G6"
"264","Washington","fbs","Big Ten",2024,102597,"Will Rogers",1,1,11,1,2.19392546093978,2.19392546093978,2.19392546093978,24,24,24,1,1,1,1,1,0,NA,NA,NA,NA,NA,NA,NA,NA,"P4"
"264","Washington","fbs","Big Ten",2024,4427569,"Giles Jackson",65,11,11,5.90909090909091,40.7467979591675,0.626873814756423,3.70425435992432,691,10.6307692307692,62.8181818181818,0.630769230769231,63,65,0.969230769230769,3,0,154,184,340,328,125.5,67,262,86,"P4"
"264","Washington","fbs","Big Ten",2024,4429963,"Jeremiah Hunter",34,11,11,3.09090909090909,30.2885877916045,0.890840817400133,2.75350798105496,389,11.4411764705882,35.3636363636364,0.823529411764706,32,34,0.941176470588235,0,0,233,285,198,48.5,181.5,241.5,199.5,303,"P4"
"264","Washington","fbs","Big Ten",2024,4569594,"Cameron Davis",11,6,11,1.83333333333333,4.49254744586662,0.408413404169693,0.748757907644437,118,10.7272727272727,19.6666666666667,0.545454545454545,11,11,1,0,0,NA,NA,NA,NA,NA,NA,NA,NA,"P4"
"264","Washington","fbs","Big Ten",2024,4688552,"Keleki Latu",36,10,11,3.6,26.410791341491,0.733633092819194,2.6410791341491,342,9.5,34.2,0.722222222222222,36,36,1,1,0,272,296,285,173.5,54,299.5,347.5,317.5,"P4"
"264","Washington","fbs","Big Ten",2024,4702555,"Jonah Coleman",21,11,11,1.90909090909091,7.60554489943054,0.362168804734787,0.691413172675503,151,7.19047619047619,13.7272727272727,0.619047619047619,20,21,0.952380952380952,0,0,462,467,441,349,162,489,449,502,"P4"
"264","Washington","fbs","Big Ten",2024,4832800,"Denzel Boston",56,11,11,5.09090909090909,71.7725713758982,1.2816530602839,6.52477921599075,731,13.0535714285714,66.4545454545455,0.821428571428571,54,56,0.964285714285714,8,0,24,30,54,52,136.5,53.5,102,65,"P4"
"264","Washington","fbs","Big Ten",2024,4871068,"Rashid Williams",10,6,11,1.66666666666667,10.2289038781262,1.02289038781262,1.70481731302104,119,11.9,19.8333333333333,0.8,10,10,1,1,0,NA,NA,NA,NA,NA,NA,NA,NA,"P4"
"264","Washington","fbs","Big Ten",2024,5017177,"Keith Reynolds",6,4,11,1.5,-2.43920608034891,-0.406534346724818,-0.609801520087227,35,5.83333333333333,8.75,0.333333333333333,5,6,0.833333333333333,0,0,NA,NA,NA,NA,NA,NA,NA,NA,"P4"
"264","Washington","fbs","Big Ten",2024,5079373,"Decker DeGraaf",13,8,11,1.625,10.4056688269134,0.800436063608723,1.30070860336418,166,12.7692307692308,20.75,0.769230769230769,13,13,1,2,0,NA,NA,NA,NA,NA,NA,NA,NA,"P4"
"264","Washington","fbs","Big Ten",2024,5079499,"Audric Harris",1,1,11,1,1.30859211918788,1.30859211918788,1.30859211918788,9,9,9,1,1,1,1,0,0,NA,NA,NA,NA,NA,NA,NA,NA,"P4"
"264","Washington","fbs","Big Ten",2024,5079653,"Demond Williams Jr.",1,1,11,1,-0.306357049559586,-0.306357049559586,-0.306357049559586,3,3,3,0,1,1,1,0,0,NA,NA,NA,NA,NA,NA,NA,NA,"P4"
"264","Washington","fbs","Big Ten",2024,5147861,"Adam Mohammed",4,4,11,1,-1.92198942221753,-0.480497355554382,-0.480497355554382,28,7,7,0.5,4,4,1,0,0,NA,NA,NA,NA,NA,NA,NA,NA,"P4"
"2641","Texas Tech","fbs","Big 12",2024,4429299,"Tahj Brooks",26,8,11,3.25,6.8995663819902,0.265367937768854,0.862445797748775,171,6.57692307692308,21.375,0.384615384615385,23,26,0.884615384615385,1,0,467,458,460,494,298,471,468,455,"P4"
"2641","Texas Tech","fbs","Big 12",2024,4431044,"Jalin Conyers",4,1,11,4,3.60377350832926,0.900943377082314,3.60377350832926,37,9.25,37,0.75,4,4,1,0,0,NA,NA,NA,NA,NA,NA,NA,NA,"P4"
"2641","Texas Tech","fbs","Big 12",2024,4431465,"Behren Morton",5,2,11,2.5,18.5624956370605,3.71249912741211,9.28124781853026,147,29.4,73.5,1,5,5,1,5,0,NA,NA,NA,NA,NA,NA,NA,NA,"P4"
"2641","Texas Tech","fbs","Big 12",2024,4575558,"Josh Kelly",77,11,11,7,59.4511899841567,0.772093376417619,5.40465363492334,829,10.7662337662338,75.3636363636364,0.714285714285714,75,77,0.974025974025974,3,2,53,71,267,192.5,116,27,251,34,"P4"
"2641","Texas Tech","fbs","Big 12",2024,4587705,"Cam'Ron Valdez",1,1,11,1,-0.181563098583225,-0.181563098583225,-0.181563098583225,1,1,1,0,1,1,1,0,0,NA,NA,NA,NA,NA,NA,NA,NA,"P4"
"2641","Texas Tech","fbs","Big 12",2024,4592572,"Mason Tharp",12,7,11,1.71428571428571,10.1496516281929,0.845804302349404,1.44995023259898,86,7.16666666666667,12.2857142857143,0.666666666666667,10,12,0.833333333333333,2,0,NA,NA,NA,NA,NA,NA,NA,NA,"P4"
"2641","Texas Tech","fbs","Big 12",2024,4594319,"Brady Boyd",1,1,11,1,0.514969860384499,0.514969860384499,0.514969860384499,7,7,7,1,1,1,1,0,0,NA,NA,NA,NA,NA,NA,NA,NA,"P4"
"2641","Texas Tech","fbs","Big 12",2024,4686373,"Jordan Brown",8,5,11,1.6,7.70596101383538,0.963245126729423,1.54119220276708,79,9.875,15.8,0.625,8,8,1,0,0,NA,NA,NA,NA,NA,NA,NA,NA,"P4"
"2641","Texas Tech","fbs","Big 12",2024,4692538,"Jalin Conyers",20,7,11,2.85714285714286,16.7992108963105,0.839960544815523,2.3998872709015,198,9.9,28.2857142857143,0.6,19,20,0.95,3,0,NA,NA,NA,NA,NA,NA,NA,NA,"P4"
"2641","Texas Tech","fbs","Big 12",2024,4869645,"Caleb Douglas",57,11,11,5.18181818181818,55.2099547657912,0.96859569764546,5.01908679689011,723,12.6842105263158,65.7272727272727,0.736842105263158,49,57,0.859649122807018,5,0,73,91,155,149.5,355,57.5,114,69.5,"P4"
"2641","Texas Tech","fbs","Big 12",2024,4877773,"Johncarlos Miller II",7,6,11,1.16666666666667,12.8632004656338,1.83760006651911,2.14386674427229,74,10.5714285714286,12.3333333333333,0.857142857142857,7,7,1,2,0,NA,NA,NA,NA,NA,NA,NA,NA,"P4"
"2641","Texas Tech","fbs","Big 12",2024,4879288,"Drae McCray",12,5,11,2.4,2.72992091311077,0.227493409425897,0.545984182622154,74,6.16666666666667,14.8,0.416666666666667,12,12,1,0,0,NA,NA,NA,NA,NA,NA,NA,NA,"P4"
"2641","Texas Tech","fbs","Big 12",2024,4916941,"Coy Eakin",43,10,11,4.3,29.9442413397905,0.696377705576523,2.99442413397905,459,10.6744186046512,45.9,0.651162790697674,39,43,0.906976744186046,3,0,238,252,312,289,247,194.5,257,195,"P4"
"2641","Texas Tech","fbs","Big 12",2024,4920163,"Kelby Valsin",1,1,11,1,-0.128689307541157,-0.128689307541157,-0.128689307541157,5,5,5,0,1,1,1,0,0,NA,NA,NA,NA,NA,NA,NA,NA,"P4"
"2641","Texas Tech","fbs","Big 12",2024,5079492,"Micah Hudson",8,5,11,1.6,7.63668903828847,0.954586129786059,1.52733780765769,123,15.375,24.6,0.625,8,8,1,0,0,NA,NA,NA,NA,NA,NA,NA,NA,"P4"
"2641","Texas Tech","fbs","Big 12",2024,5086393,"J'Koby Williams",7,5,11,1.4,4.10638670334919,0.586626671907027,0.821277340669838,64,9.14285714285714,12.8,0.571428571428571,6,7,0.857142857142857,1,0,NA,NA,NA,NA,NA,NA,NA,NA,"P4"
"2641","Texas Tech","fbs","Big 12",2024,5110451,"Peyton Morgan",1,1,11,1,0.474232615096884,0.474232615096884,0.474232615096884,14,14,14,1,1,1,1,0,0,NA,NA,NA,NA,NA,NA,NA,NA,"P4"
"2641","Texas Tech","fbs","Big 12",2024,5139854,"Trey Jackson",1,1,11,1,-1.37994908511528,-1.37994908511528,-1.37994908511528,-1,-1,-1,0,1,1,1,0,0,NA,NA,NA,NA,NA,NA,NA,NA,"P4"
"2641","Texas Tech","fbs","Big 12",2024,5147344,"Tyson Turner",1,1,11,1,-0.397485829369284,-0.397485829369284,-0.397485829369284,4,4,4,0,1,1,1,0,0,NA,NA,NA,NA,NA,NA,NA,NA,"P4"
"2641","Texas Tech","fbs","Big 12",2024,5193580,"Cameron Dickey",7,3,11,2.33333333333333,0.0743200812619544,0.0106171544659935,0.0247733604206515,30,4.28571428571429,10,0.428571428571429,7,7,1,0,0,NA,NA,NA,NA,NA,NA,NA,NA,"P4"
"2649","Toledo","fbs","Mid-American",2024,4362248,"Anthony Torres",27,11,11,2.45454545454545,26.0698516892019,0.965550062563032,2.36998651720017,313,11.5925925925926,28.4545454545455,0.666666666666667,23,27,0.851851851851852,5,0,273,320,157,264.5,368.5,336.5,189,394,"G6"
"2649","Toledo","fbs","Mid-American",2024,4428606,"Jacquez Stuart",15,8,11,1.875,12.9671532299528,0.864476881996853,1.6208941537441,170,11.3333333333333,21.25,0.6,15,15,1,0,0,NA,NA,NA,NA,NA,NA,NA,NA,"G6"
"2649","Toledo","fbs","Mid-American",2024,4429410,"Sevaughn Clark",8,5,11,1.6,-0.930909310466723,-0.11636366380834,-0.186181862093345,44,5.5,8.8,0.25,8,8,1,0,0,NA,NA,NA,NA,NA,NA,NA,NA,"G6"
"2649","Toledo","fbs","Mid-American",2024,4429801,"Tucker Gleason",4,3,11,1.33333333333333,14.9352145045578,3.73380362613944,4.97840483485259,91,22.75,30.3333333333333,1,4,4,1,4,0,NA,NA,NA,NA,NA,NA,NA,NA,"G6"
"2649","Toledo","fbs","Mid-American",2024,4430254,"Jerjuan Newton",59,11,11,5.36363636363636,52.0883225423413,0.882852924446462,4.73530204930375,719,12.1864406779661,65.3636363636364,0.711864406779661,53,59,0.898305084745763,6,0,85,108,201,198,273,59,144,72,"G6"
"2649","Toledo","fbs","Mid-American",2024,4430857,"Jaden Dottin",9,4,11,2.25,10.2834728108155,1.14260809009061,2.57086820270386,109,12.1111111111111,27.25,0.777777777777778,8,9,0.888888888888889,0,0,NA,NA,NA,NA,NA,NA,NA,NA,"G6"
"2649","Toledo","fbs","Mid-American",2024,4570309,"Justin Stephens",1,1,11,1,0.875499753677532,0.875499753677532,0.875499753677532,17,17,17,1,1,1,1,0,0,NA,NA,NA,NA,NA,NA,NA,NA,"G6"
"2649","Toledo","fbs","Mid-American",2024,4590295,"Thomas Zsiros",11,6,11,1.83333333333333,12.9632038288745,1.17847307535222,2.16053397147908,127,11.5454545454545,21.1666666666667,0.909090909090909,10,11,0.909090909090909,1,0,NA,NA,NA,NA,NA,NA,NA,NA,"G6"
"2649","Toledo","fbs","Mid-American",2024,4683272,"Willie Shaw III",2,1,11,2,1.68153493626311,0.840767468131555,1.68153493626311,22,11,22,0.5,2,2,1,0,0,NA,NA,NA,NA,NA,NA,NA,NA,"G6"
"2649","Toledo","fbs","Mid-American",2024,4686284,"Larry Stephens",2,2,11,1,3.0250180957063,1.51250904785315,1.51250904785315,42,21,21,1,2,2,1,0,0,NA,NA,NA,NA,NA,NA,NA,NA,"G6"
"2649","Toledo","fbs","Mid-American",2024,4812374,"Terrell Crosby Jr.",1,1,11,1,-0.491478740992733,-0.491478740992733,-0.491478740992733,2,2,2,0,1,1,1,0,0,NA,NA,NA,NA,NA,NA,NA,NA,"G6"
"2649","Toledo","fbs","Mid-American",2024,4837200,"Junior Vandeross",71,11,11,6.45454545454545,52.2469948699176,0.735873167181939,4.74972680635615,705,9.92957746478873,64.0909090909091,0.704225352112676,67,71,0.943661971830986,3,0,81,105,284,208,178,62,314,77,"G6"
"2649","Toledo","fbs","Mid-American",2024,4879810,"Eric Holley",15,7,11,2.14285714285714,-4.50997311773021,-0.300664874515347,-0.644281873961458,117,7.8,16.7142857142857,0.466666666666667,13,15,0.866666666666667,0,1,NA,NA,NA,NA,NA,NA,NA,NA,"G6"
"2649","Toledo","fbs","Mid-American",2024,5078063,"Connor Walendzak",13,7,11,1.85714285714286,1.05424758832297,0.0810959683325364,0.150606798331853,60,4.61538461538461,8.57142857142857,0.461538461538462,12,13,0.923076923076923,0,0,NA,NA,NA,NA,NA,NA,NA,NA,"G6"
"2649","Toledo","fbs","Mid-American",2024,5079486,"Zy'marion Lang",2,2,11,1,1.55081423818836,0.775407119094179,0.775407119094179,31,15.5,15.5,0.5,2,2,1,1,0,NA,NA,NA,NA,NA,NA,NA,NA,"G6"
"2649","Toledo","fbs","Mid-American",2024,5082330,"John Alan Richter",1,1,11,1,3.72808447916141,3.72808447916141,3.72808447916141,23,23,23,1,1,1,1,1,0,NA,NA,NA,NA,NA,NA,NA,NA,"G6"
"265","Washington State","fbs","Pac-12",2024,4429967,"Kris Hutson",56,11,11,5.09090909090909,47.2530498040341,0.843804460786323,4.29573180036673,542,9.67857142857143,49.2727272727273,0.75,50,56,0.892857142857143,1,1,107,134,229,125.5,281,140,336,166,"G6"
"265","Washington State","fbs","Pac-12",2024,4600410,"Tre Shackelford",8,4,11,2,12.6221830875683,1.57777288594604,3.15554577189207,92,11.5,23,0.875,8,8,1,0,0,NA,NA,NA,NA,NA,NA,NA,NA,"G6"
"265","Washington State","fbs","Pac-12",2024,4613202,"Kyle Williams",57,11,11,5.18181818181818,74.2932687681098,1.30339068014228,6.75393352437362,839,14.719298245614,76.2727272727273,0.824561403508772,55,57,0.964912280701754,10,1,20,24,50,47,135,21.5,55,30,"G6"
"265","Washington State","fbs","Pac-12",2024,4685333,"Andre Dollar",2,1,11,2,1.29992099917395,0.649960499586973,1.29992099917395,13,6.5,13,0.5,2,2,1,0,0,NA,NA,NA,NA,NA,NA,NA,NA,"G6"
"265","Washington State","fbs","Pac-12",2024,4687189,"Josh Meredith",33,10,11,3.3,28.5102781124363,0.863947821588979,2.85102781124363,392,11.8787878787879,39.2,0.666666666666667,33,33,1,1,2,252,269,213,264.5,54,235,166,259,"G6"
"265","Washington State","fbs","Pac-12",2024,4697630,"Cooper Mathers",11,6,11,1.83333333333333,26.6953408884842,2.42684917168038,4.44922348141403,184,16.7272727272727,30.6666666666667,1,11,11,1,4,0,NA,NA,NA,NA,NA,NA,NA,NA,"G6"
"265","Washington State","fbs","Pac-12",2024,4832819,"Djouvensky Schlenbaker",2,2,11,1,-1.0424135770008,-0.521206788500398,-0.521206788500398,-1,-0.5,-0.5,0,1,2,0.5,0,0,NA,NA,NA,NA,NA,NA,NA,NA,"G6"
"265","Washington State","fbs","Pac-12",2024,4915980,"John Mateer",4,1,11,4,11.3597609867997,2.83994024669992,11.3597609867997,61,15.25,61,1,4,4,1,4,0,NA,NA,NA,NA,NA,NA,NA,NA,"G6"
"265","Washington State","fbs","Pac-12",2024,5024359,"Trey Leckner",1,1,11,1,0.140419495293751,0.140419495293751,0.140419495293751,7,7,7,1,1,1,1,0,0,NA,NA,NA,NA,NA,NA,NA,NA,"G6"
"265","Washington State","fbs","Pac-12",2024,5076654,"Leo Pulalasi",6,4,11,1.5,4.51828710172821,0.753047850288035,1.12957177543205,36,6,9,0.833333333333333,6,6,1,0,0,NA,NA,NA,NA,NA,NA,NA,NA,"G6"
"265","Washington State","fbs","Pac-12",2024,5153065,"Branden Ganashamoorthy",3,2,11,1.5,1.6370379279145,0.545679309304832,0.818518963957248,32,10.6666666666667,16,0.666666666666667,3,3,1,0,0,NA,NA,NA,NA,NA,NA,NA,NA,"G6"
"265","Washington State","fbs","Pac-12",2024,5153074,"Carlos Hernandez",26,7,11,3.71428571428571,25.09412494718,0.965158651814616,3.58487499245429,308,11.8461538461538,44,0.846153846153846,23,26,0.884615384615385,4,0,283,192,159,33.5,298,343.5,170,215.5,"G6"
"265","Washington State","fbs","Pac-12",2024,5173431,"Wayshawn Parker",10,7,11,1.42857142857143,1.94943110543953,0.194943110543953,0.278490157919932,53,5.3,7.57142857142857,0.4,9,10,0.9,0,0,NA,NA,NA,NA,NA,NA,NA,NA,"G6"
"265","Washington State","fbs","Pac-12",2024,5221381,"Tony Freeman",6,4,11,1.5,6.00923550368418,1.00153925061403,1.50230887592104,74,12.3333333333333,18.5,0.833333333333333,6,6,1,0,0,NA,NA,NA,NA,NA,NA,NA,NA,"G6"
"2653","Troy","fbs","Sun Belt",2024,4370170,"Landon Parker",26,9,11,2.88888888888889,29.6406251286766,1.14002404341064,3.29340279207518,327,12.5769230769231,36.3333333333333,0.923076923076923,26,26,1,0,0,243,222,89,8.5,54,319,118,297,"G6"
"2653","Troy","fbs","Sun Belt",2024,4427332,"Gerald Green",8,5,11,1.6,5.27188758708466,0.658985948385583,1.05437751741693,124,15.5,24.8,0.5,8,8,1,1,1,NA,NA,NA,NA,NA,NA,NA,NA,"G6"
"2653","Troy","fbs","Sun Belt",2024,4430934,"Zeriah Beason",16,7,11,2.28571428571429,20.1338470107834,1.25836543817397,2.87626385868335,208,13,29.7142857142857,0.9375,16,16,1,0,0,NA,NA,NA,NA,NA,NA,NA,NA,"G6"
"2653","Troy","fbs","Sun Belt",2024,4431633,"Will Crowder",1,1,11,1,4.40080035512253,4.40080035512253,4.40080035512253,16,16,16,1,1,1,1,1,0,NA,NA,NA,NA,NA,NA,NA,NA,"G6"
"2653","Troy","fbs","Sun Belt",2024,4602785,"Peyton Higgins",28,9,11,3.11111111111111,16.8604321667747,0.602158291670523,1.87338135186385,281,10.0357142857143,31.2222222222222,0.714285714285714,28,28,1,1,1,389,380,351,192.5,54,374,305,363,"G6"
"2653","Troy","fbs","Sun Belt",2024,4683889,"Damien Taylor",2,2,11,1,1.6999865578635,0.849993278931749,0.849993278931749,12,6,6,1,2,2,1,0,0,NA,NA,NA,NA,NA,NA,NA,NA,"G6"
"2653","Troy","fbs","Sun Belt",2024,4701593,"Marquez Dortch",2,2,11,1,0.862150896816304,0.431075448408152,0.431075448408152,-2,-1,-1,0.5,2,2,1,1,0,NA,NA,NA,NA,NA,NA,NA,NA,"G6"
"2653","Troy","fbs","Sun Belt",2024,4709651,"Brody Dalton",14,7,11,2,20.444248406807,1.46030345762907,2.92060691525814,180,12.8571428571429,25.7142857142857,0.928571428571429,14,14,1,3,0,NA,NA,NA,NA,NA,NA,NA,NA,"G6"
"2653","Troy","fbs","Sun Belt",2024,4709678,"Devonte Ross",63,11,11,5.72727272727273,80.8242075516808,1.28292392939176,7.34765523197098,788,12.5079365079365,71.6363636363636,0.825396825396825,63,63,1,6,0,8,15,53,46,54,32,122,45,"G6"
"2653","Troy","fbs","Sun Belt",2024,4877717,"Matthew Caldwell",2,2,11,1,5.93309684008417,2.96654842004209,2.96654842004209,40,20,20,1,2,2,1,1,0,NA,NA,NA,NA,NA,NA,NA,NA,"G6"
"2653","Troy","fbs","Sun Belt",2024,5120317,"Jordan Lovett",8,4,11,2,-0.449653148966182,-0.0562066436207727,-0.112413287241545,56,7,14,0.625,8,8,1,0,0,NA,NA,NA,NA,NA,NA,NA,NA,"G6"
"2653","Troy","fbs","Sun Belt",2024,5122106,"Jackson Worley",4,3,11,1.33333333333333,4.44125344656088,1.11031336164022,1.48041781552029,31,7.75,10.3333333333333,1,4,4,1,1,0,NA,NA,NA,NA,NA,NA,NA,NA,"G6"
"2653","Troy","fbs","Sun Belt",2024,5151528,"Ethan Conner",12,3,11,4,11.7931525823701,0.982762715197512,3.93105086079005,115,9.58333333333333,38.3333333333333,0.666666666666667,12,12,1,0,0,NA,NA,NA,NA,NA,NA,NA,NA,"G6"
"2653","Troy","fbs","Sun Belt",2024,5220333,"Trae Swartz",4,2,11,2,7.6651947526225,1.91629868815563,3.83259737631125,41,10.25,20.5,0.75,4,4,1,2,0,NA,NA,NA,NA,NA,NA,NA,NA,"G6"
"2653","Troy","fbs","Sun Belt",2024,5227998,"Roman Mothershed",4,2,11,2,1.06944043421093,0.267360108552733,0.534720217105466,38,9.5,19,0.5,4,4,1,0,0,NA,NA,NA,NA,NA,NA,NA,NA,"G6"
"2655","Tulane","fbs","American Athletic",2024,4431618,"Mario Williams",62,12,12,5.16666666666667,56.6972072747139,0.91447108507603,4.72476727289282,816,13.1612903225806,68,0.629032258064516,50,62,0.806451612903226,5,1,64,109,187,331,430,29,98,55,"G6"
"2655","Tulane","fbs","American Athletic",2024,4565297,"Dontae Fleming",38,12,12,3.16666666666667,36.9347226182969,0.971966384692024,3.07789355152474,577,15.1842105263158,48.0833333333333,0.736842105263158,29,38,0.763157894736842,1,0,180,245,151,149.5,461,121,40,180,"G6"
"2655","Tulane","fbs","American Athletic",2024,4596539,"Yulkeith Brown",37,11,12,3.36363636363636,16.2325964234548,0.438718822255535,1.47569058395043,448,12.1081081081081,40.7272727272727,0.621621621621622,32,37,0.864864864864865,3,1,397,421,421,340.5,343,206,152,252,"G6"
"2655","Tulane","fbs","American Athletic",2024,4685038,"Phat Watts",1,1,12,1,0.792118428212071,0.792118428212071,0.792118428212071,27,27,27,1,1,1,1,0,0,NA,NA,NA,NA,NA,NA,NA,NA,"G6"
"2655","Tulane","fbs","American Athletic",2024,4685056,"Reggie Brown",2,2,12,1,3.3339318865505,1.66696594327525,1.66696594327525,10,5,5,0.5,2,2,1,1,0,NA,NA,NA,NA,NA,NA,NA,NA,"G6"
"2655","Tulane","fbs","American Athletic",2024,4685516,"Shazz Preston",4,4,12,1,14.5115689087823,3.62789222719557,3.62789222719557,99,24.75,24.75,1,4,4,1,2,0,NA,NA,NA,NA,NA,NA,NA,NA,"G6"
"2655","Tulane","fbs","American Athletic",2024,4686769,"Ashaad Clayton",7,5,12,1.4,3.50730361296589,0.501043373280842,0.701460722593179,53,7.57142857142857,10.6,0.714285714285714,7,7,1,0,0,NA,NA,NA,NA,NA,NA,NA,NA,"G6"
"2655","Tulane","fbs","American Athletic",2024,4705595,"Bryce Bohanon",10,7,12,1.42857142857143,5.25060928798699,0.525060928798699,0.750087041140999,98,9.8,14,0.6,9,10,0.9,0,0,NA,NA,NA,NA,NA,NA,NA,NA,"G6"
"2655","Tulane","fbs","American Athletic",2024,4816098,"Makhi Hughes",23,10,12,2.3,12.3230390197663,0.535784305207232,1.23230390197663,176,7.65217391304348,17.6,0.521739130434783,19,23,0.826086956521739,2,0,428,435,387,439.5,401.5,466.5,433,475,"G6"
"2655","Tulane","fbs","American Athletic",2024,4832029,"Alex Bauman",17,9,12,1.88888888888889,10.4420656440504,0.614239155532377,1.1602295160056,120,7.05882352941176,13.3333333333333,0.588235294117647,14,17,0.823529411764706,4,0,NA,NA,NA,NA,NA,NA,NA,NA,"G6"
"2655","Tulane","fbs","American Athletic",2024,4917302,"Shadre Hurst",1,1,12,1,0.0392216384295603,0.0392216384295603,0.0392216384295603,5,5,5,1,1,1,1,0,0,NA,NA,NA,NA,NA,NA,NA,NA,"G6"
"2655","Tulane","fbs","American Athletic",2024,5075952,"Trey Cornist",1,1,12,1,1.11916899092853,1.11916899092853,1.11916899092853,10,10,10,1,1,1,1,0,0,NA,NA,NA,NA,NA,NA,NA,NA,"G6"
"2655","Tulane","fbs","American Athletic",2024,5110516,"Arnold Barnes",10,6,12,1.66666666666667,-3.45093707188702,-0.345093707188702,-0.575156178647837,25,2.5,4.16666666666667,0.3,8,10,0.8,1,0,NA,NA,NA,NA,NA,NA,NA,NA,"G6"
"2655","Tulane","fbs","American Athletic",2024,5110569,"Anthony Miller Jr.",1,1,12,1,-0.187706482708891,-0.187706482708891,-0.187706482708891,4,4,4,0,1,1,1,0,0,NA,NA,NA,NA,NA,NA,NA,NA,"G6"
"2655","Tulane","fbs","American Athletic",2024,5121169,"Darian Mensah",2,1,12,2,6.39401506732802,3.19700753366401,6.39401506732802,49,24.5,49,1,2,2,1,2,0,NA,NA,NA,NA,NA,NA,NA,NA,"G6"
"2655","Tulane","fbs","American Athletic",2024,5148838,"Jamauri McClure",1,1,12,1,1.3562176527762,1.3562176527762,1.3562176527762,24,24,24,1,1,1,1,0,0,NA,NA,NA,NA,NA,NA,NA,NA,"G6"
"2711","Western Michigan","fbs","Mid-American",2024,4430598,"Christopher Toudle",2,2,11,1,0.584186514012935,0.292093257006467,0.292093257006467,14,7,7,0.5,2,2,1,0,0,NA,NA,NA,NA,NA,NA,NA,NA,"G6"
"2711","Western Michigan","fbs","Mid-American",2024,4430775,"Hayden Wolff",4,2,11,2,7.34557692296187,1.83639423074047,3.67278846148094,42,10.5,21,0.75,3,4,0.75,3,0,NA,NA,NA,NA,NA,NA,NA,NA,"G6"
"2711","Western Michigan","fbs","Mid-American",2024,4432367,"Kaevion Mack",6,3,11,2,7.73176641572123,1.28862773595354,2.57725547190708,63,10.5,21,0.666666666666667,5,6,0.833333333333333,2,0,NA,NA,NA,NA,NA,NA,NA,NA,"G6"
"2711","Western Michigan","fbs","Mid-American",2024,4565361,"Anthony Sambucci",31,8,11,3.875,19.9984598674332,0.645111608626878,2.49980748342915,292,9.41935483870968,36.5,0.709677419354839,28,31,0.903225806451613,1,0,352,310,329,202,263,362,353,295.5,"G6"
"2711","Western Michigan","fbs","Mid-American",2024,4612189,"Kadinn Morris",1,1,11,1,1.73936269367347,1.73936269367347,1.73936269367347,9,9,9,1,1,1,1,0,0,NA,NA,NA,NA,NA,NA,NA,NA,"G6"
"2711","Western Michigan","fbs","Mid-American",2024,4682904,"Zahir Abdus-Salaam",26,8,11,3.25,5.60523173997348,0.215585836152826,0.700653967496685,181,6.96153846153846,22.625,0.423076923076923,26,26,1,1,0,475,466,468,489.5,54,461.5,457,445.5,"G6"
"2711","Western Michigan","fbs","Mid-American",2024,4683165,"Jaden Nixon",9,7,11,1.28571428571429,4.67570475382311,0.51952275042479,0.66795782197473,63,7,9,0.666666666666667,8,9,0.888888888888889,0,0,NA,NA,NA,NA,NA,NA,NA,NA,"G6"
"2711","Western Michigan","fbs","Mid-American",2024,4683561,"Mareyohn Hrabowski",3,2,11,1.5,6.28567490206611,2.09522496735537,3.14283745103306,39,13,19.5,1,3,3,1,1,0,NA,NA,NA,NA,NA,NA,NA,NA,"G6"
"2711","Western Michigan","fbs","Mid-American",2024,4696147,"Kenneth Womack",38,8,11,4.75,29.9083452359911,0.787061716736609,3.73854315449889,453,11.9210526315789,56.625,0.631578947368421,33,38,0.868421052631579,1,0,239,178,258,325.5,335,200.5,161,122,"G6"
"2711","Western Michigan","fbs","Mid-American",2024,4710744,"Malique Dieudonne",13,7,11,1.85714285714286,17.3515676426956,1.33473597251505,2.47879537752795,185,14.2307692307692,26.4285714285714,0.769230769230769,11,13,0.846153846153846,2,0,NA,NA,NA,NA,NA,NA,NA,NA,"G6"
"2711","Western Michigan","fbs","Mid-American",2024,4880449,"Blake Bosma",33,9,11,3.66666666666667,23.6965636738057,0.71807768708502,2.63295151931174,271,8.21212121212121,30.1111111111111,0.666666666666667,30,33,0.909090909090909,3,1,305,299,298,264.5,241.5,382.5,418,372.5,"G6"
"2711","Western Michigan","fbs","Mid-American",2024,4909483,"Jordin Parker",16,6,11,2.66666666666667,2.52193071409761,0.157620669631101,0.420321785682935,109,6.8125,18.1666666666667,0.4375,11,16,0.6875,0,0,NA,NA,NA,NA,NA,NA,NA,NA,"G6"
"2711","Western Michigan","fbs","Mid-American",2024,5085006,"Jalen Buckley",12,7,11,1.71428571428571,3.26916189505913,0.272430157921594,0.46702312786559,85,7.08333333333333,12.1428571428571,0.666666666666667,12,12,1,0,0,NA,NA,NA,NA,NA,NA,NA,NA,"G6"
"275","Wisconsin","fbs","Big Ten",2024,4426409,"Chez Mellusi",5,2,11,2.5,-1.33360383005855,-0.266720766011709,-0.666801915029274,15,3,7.5,0.2,5,5,1,0,0,NA,NA,NA,NA,NA,NA,NA,NA,"P4"
"275","Wisconsin","fbs","Big Ten",2024,4431152,"Jackson Acker",3,3,11,1,-0.0594824955480887,-0.0198274985160296,-0.0198274985160296,18,6,6,0.333333333333333,3,3,1,0,0,NA,NA,NA,NA,NA,NA,NA,NA,"P4"
"275","Wisconsin","fbs","Big Ten",2024,4432705,"Bryson Green",14,5,11,2.8,15.5637771136041,1.11169836525743,3.11275542272082,181,12.9285714285714,36.2,0.785714285714286,14,14,1,2,0,NA,NA,NA,NA,NA,NA,NA,NA,"P4"
"275","Wisconsin","fbs","Big Ten",2024,4683114,"Will Pauling",37,8,11,4.625,23.2520337161847,0.628433343680667,2.90650421452308,356,9.62162162162162,44.5,0.756756756756757,37,37,1,2,1,316,261,338,111.5,54,275,340,210.5,"P4"
"275","Wisconsin","fbs","Big Ten",2024,4693370,"Riley Nowakowski",11,7,11,1.57142857142857,3.54988441343887,0.322716764858079,0.507126344776981,74,6.72727272727273,10.5714285714286,0.636363636363636,11,11,1,0,0,NA,NA,NA,NA,NA,NA,NA,NA,"P4"
"275","Wisconsin","fbs","Big Ten",2024,4702829,"Braedyn Locke",2,2,11,1,9.77471891983078,4.88735945991539,4.88735945991539,61,30.5,30.5,1,2,2,1,2,0,NA,NA,NA,NA,NA,NA,NA,NA,"P4"
"275","Wisconsin","fbs","Big Ten",2024,4714046,"Tyrell Henry",1,1,11,1,1.12308571849052,1.12308571849052,1.12308571849052,12,12,12,1,1,1,1,0,0,NA,NA,NA,NA,NA,NA,NA,NA,"P4"
"275","Wisconsin","fbs","Big Ten",2024,4716507,"Quincy Burroughs",1,1,11,1,0.63604689639687,0.63604689639687,0.63604689639687,13,13,13,1,1,1,1,0,0,NA,NA,NA,NA,NA,NA,NA,NA,"P4"
"275","Wisconsin","fbs","Big Ten",2024,4869322,"J.T. Seagreaves",4,3,11,1.33333333333333,1.14138251493204,0.285345628733011,0.380460838310681,44,11,14.6666666666667,0.5,4,4,1,0,0,NA,NA,NA,NA,NA,NA,NA,NA,"P4"
"275","Wisconsin","fbs","Big Ten",2024,4869341,"Cade Yacamelli",2,2,11,1,5.82347985233537,2.91173992616768,2.91173992616768,22,11,11,1,2,2,1,0,0,NA,NA,NA,NA,NA,NA,NA,NA,"P4"
"275","Wisconsin","fbs","Big Ten",2024,4869816,"Vinny Anthony",37,10,11,3.7,43.7345791076719,1.1820156515587,4.37345791076719,573,15.4864864864865,57.3,0.810810810810811,36,37,0.972972972972973,3,0,128,127,80,61.5,118,123,35,118,"P4"
"275","Wisconsin","fbs","Big Ten",2024,4915376,"Jackson McGohan",1,1,11,1,-0.501622299020741,-0.501622299020741,-0.501622299020741,2,2,2,0,1,1,1,0,0,NA,NA,NA,NA,NA,NA,NA,NA,"P4"
"275","Wisconsin","fbs","Big Ten",2024,4917172,"Chris Brooks Jr.",1,1,11,1,2.05966130389983,2.05966130389983,2.05966130389983,27,27,27,1,1,1,1,0,0,NA,NA,NA,NA,NA,NA,NA,NA,"P4"
"275","Wisconsin","fbs","Big Ten",2024,5032961,"Tucker Ashcraft",14,8,11,1.75,1.42548069762589,0.101820049830421,0.178185087203236,82,5.85714285714286,10.25,0.571428571428571,12,14,0.857142857142857,1,0,NA,NA,NA,NA,NA,NA,NA,NA,"P4"
"275","Wisconsin","fbs","Big Ten",2024,5077266,"Trech Kekahuna",29,7,11,4.14285714285714,21.6805622760706,0.747605595726572,3.0972231822958,331,11.4137931034483,47.2857142857143,0.620689655172414,24,29,0.827586206896552,2,0,335,241,282,344.5,398,312,205,184,"P4"
"275","Wisconsin","fbs","Big Ten",2024,5079378,"Darrion Dupree",12,8,11,1.5,7.07221655633715,0.589351379694762,0.884027069542143,119,9.91666666666667,14.875,0.5,12,12,1,0,0,NA,NA,NA,NA,NA,NA,NA,NA,"P4"
"275","Wisconsin","fbs","Big Ten",2024,5081926,"Tawee Walker",10,7,11,1.42857142857143,-2.88787692232673,-0.288787692232673,-0.412553846046675,31,3.1,4.42857142857143,0.2,10,10,1,0,0,NA,NA,NA,NA,NA,NA,NA,NA,"P4"
"275","Wisconsin","fbs","Big Ten",2024,5085024,"CJ Williams",14,8,11,1.75,16.9268136647664,1.20905811891189,2.1158517080958,195,13.9285714285714,24.375,0.785714285714286,14,14,1,1,0,NA,NA,NA,NA,NA,NA,NA,NA,"P4"
"2751","Wyoming","fbs","Mountain West",2024,4567532,"Devin Boddie Jr.",3,3,11,1,4.38930297783554,1.46310099261185,1.46310099261185,28,9.33333333333333,9.33333333333333,0.666666666666667,3,3,1,0,0,NA,NA,NA,NA,NA,NA,NA,NA,"G6"
"2751","Wyoming","fbs","Mountain West",2024,4569896,"Alex Brown",1,1,11,1,2.04571222205941,2.04571222205941,2.04571222205941,15,15,15,1,1,1,1,0,0,NA,NA,NA,NA,NA,NA,NA,NA,"G6"
"2751","Wyoming","fbs","Mountain West",2024,4576294,"Harrison Waylee",2,2,11,1,-1.00003926056174,-0.50001963028087,-0.50001963028087,5,2.5,2.5,0,2,2,1,0,0,NA,NA,NA,NA,NA,NA,NA,NA,"G6"
"2751","Wyoming","fbs","Mountain West",2024,4608605,"Nick Miles",6,5,11,1.2,-1.94324459073705,-0.323874098456174,-0.388648918147409,40,6.66666666666667,8,0.166666666666667,6,6,1,0,0,NA,NA,NA,NA,NA,NA,NA,NA,"G6"
"2751","Wyoming","fbs","Mountain West",2024,4688818,"D.J. Jones",2,1,11,2,1.16388133036243,0.581940665181215,1.16388133036243,20,10,20,1,2,2,1,0,0,NA,NA,NA,NA,NA,NA,NA,NA,"G6"
"2751","Wyoming","fbs","Mountain West",2024,4699805,"Will Pelissier",13,7,11,1.85714285714286,16.3420853628604,1.2570834894508,2.33458362326577,174,13.3846153846154,24.8571428571429,0.923076923076923,13,13,1,0,1,NA,NA,NA,NA,NA,NA,NA,NA,"G6"
"2751","Wyoming","fbs","Mountain West",2024,4700138,"Sam Scott",9,6,11,1.5,6.0552433449478,0.672804816105311,1.00920722415797,53,5.88888888888889,8.83333333333333,0.444444444444444,9,9,1,1,0,NA,NA,NA,NA,NA,NA,NA,NA,"G6"
"2751","Wyoming","fbs","Mountain West",2024,4705934,"Jaylen Sargent",23,9,11,2.55555555555556,42.4842879818121,1.84714295573096,4.72047644242357,480,20.8695652173913,53.3333333333333,0.91304347826087,23,23,1,2,0,141,110,1,11,54,183,3,144,"G6"
"2751","Wyoming","fbs","Mountain West",2024,4708490,"Johnmichael Gyllenborg",29,8,11,3.625,40.3858947391193,1.39261705996963,5.04823684238991,425,14.6551724137931,53.125,0.724137931034483,29,29,1,3,0,159,87,35,166,54,222,58,145,"G6"
"2751","Wyoming","fbs","Mountain West",2024,4710634,"Clay Nanke",4,4,11,1,4.40727728783869,1.10181932195967,1.10181932195967,64,16,16,0.75,4,4,1,0,0,NA,NA,NA,NA,NA,NA,NA,NA,"G6"
"2751","Wyoming","fbs","Mountain West",2024,4869443,"Tyler King",17,8,11,2.125,17.9221266072705,1.05424274160415,2.24026582590882,236,13.8823529411765,29.5,0.705882352941177,17,17,1,0,0,NA,NA,NA,NA,NA,NA,NA,NA,"G6"
"2751","Wyoming","fbs","Mountain West",2024,4899468,"Kaden Anderson",1,1,11,1,3.88068030065471,3.88068030065471,3.88068030065471,3,3,3,1,1,1,1,1,0,NA,NA,NA,NA,NA,NA,NA,NA,"G6"
"2751","Wyoming","fbs","Mountain West",2024,5122082,"Justin Stevenson",17,10,11,1.7,18.6065492104763,1.0945028947339,1.86065492104763,204,12,20.4,0.764705882352941,17,17,1,3,0,NA,NA,NA,NA,NA,NA,NA,NA,"G6"
"2751","Wyoming","fbs","Mountain West",2024,5152200,"Jamari Ferrell",4,4,11,1,0.905401855516717,0.226350463879179,0.226350463879179,17,4.25,4.25,0.75,4,4,1,0,0,NA,NA,NA,NA,NA,NA,NA,NA,"G6"
"2751","Wyoming","fbs","Mountain West",2024,5193298,"Chris Durr Jr.",28,8,11,3.5,30.6536901134072,1.0947746469074,3.8317112641759,332,11.8571428571429,41.5,0.678571428571429,28,28,1,0,0,230,170,106,247,54,310,168,243,"G6"
"2751","Wyoming","fbs","Mountain West",2024,5220545,"Trey Olsen",1,1,11,1,-0.16628649726608,-0.16628649726608,-0.16628649726608,4,4,4,0,1,1,1,0,0,NA,NA,NA,NA,NA,NA,NA,NA,"G6"
"2751","Wyoming","fbs","Mountain West",2024,5220547,"Jack Harvey",1,1,11,1,-0.0979527173970036,-0.0979527173970036,-0.0979527173970036,3,3,3,0,1,1,1,0,0,NA,NA,NA,NA,NA,NA,NA,NA,"G6"
"276","Marshall","fbs","Sun Belt",2024,4429751,"DeMarcus Harris",1,1,12,1,1.32682620954311,1.32682620954311,1.32682620954311,10,10,10,1,1,1,1,0,0,NA,NA,NA,NA,NA,NA,NA,NA,"G6"
"276","Marshall","fbs","Sun Belt",2024,4431094,"Christian Fitzpatrick",33,11,12,3,31.7420608663055,0.961880632312287,2.88564189693686,422,12.7878787878788,38.3636363636364,0.696969696969697,28,33,0.848484848484849,5,1,220,264,163,215.5,372,223,112,273,"G6"
"276","Marshall","fbs","Sun Belt",2024,4431651,"Elijah Metcalf",17,4,12,4.25,13.8925210222512,0.81720711895595,3.47313025556279,68,4,17,0.647058823529412,16,17,0.941176470588235,1,0,NA,NA,NA,NA,NA,NA,NA,NA,"G6"
"276","Marshall","fbs","Sun Belt",2024,4565181,"Bralon Brown",15,7,12,2.14285714285714,11.5770419259862,0.771802795065744,1.65386313228374,109,7.26666666666667,15.5714285714286,0.6,12,15,0.8,1,0,NA,NA,NA,NA,NA,NA,NA,NA,"G6"
"276","Marshall","fbs","Sun Belt",2024,4568312,"Jordan Houston",16,10,12,1.6,6.82771541609617,0.42673221350601,0.682771541609617,169,10.5625,16.9,0.4375,13,16,0.8125,1,1,NA,NA,NA,NA,NA,NA,NA,NA,"G6"
"276","Marshall","fbs","Sun Belt",2024,4600403,"Braylon Braxton",2,2,12,1,6.89968513555597,3.44984256777798,3.44984256777798,51,25.5,25.5,1,2,2,1,2,0,NA,NA,NA,NA,NA,NA,NA,NA,"G6"
"276","Marshall","fbs","Sun Belt",2024,4684939,"Bryan Robinson",4,2,12,2,2.50142465511355,0.625356163778389,1.25071232755678,52,13,26,0.75,4,4,1,0,0,NA,NA,NA,NA,NA,NA,NA,NA,"G6"
"276","Marshall","fbs","Sun Belt",2024,4685290,"Tychaun Chapman",18,10,12,1.8,3.08343896865183,0.171302164925102,0.308343896865183,141,7.83333333333333,14.1,0.555555555555556,17,18,0.944444444444444,1,1,NA,NA,NA,NA,NA,NA,NA,NA,"G6"
"276","Marshall","fbs","Sun Belt",2024,4709672,"Ethan Payne",7,6,12,1.16666666666667,-4.84865613683546,-0.692665162405066,-0.808109356139244,19,2.71428571428571,3.16666666666667,0.142857142857143,6,7,0.857142857142857,0,0,NA,NA,NA,NA,NA,NA,NA,NA,"G6"
"276","Marshall","fbs","Sun Belt",2024,4869602,"Toby Payne",16,9,12,1.77777777777778,15.1629249212754,0.947682807579713,1.68476943569727,169,10.5625,18.7777777777778,0.6875,16,16,1,6,0,NA,NA,NA,NA,NA,NA,NA,NA,"G6"
"276","Marshall","fbs","Sun Belt",2024,4880845,"Charles Montgomery",31,10,12,3.1,18.9294613684112,0.610627786077779,1.89294613684112,335,10.8064516129032,33.5,0.645161290322581,27,31,0.870967741935484,2,1,367,377,348,294.5,323,307.5,248,329,"G6"
"276","Marshall","fbs","Sun Belt",2024,4910711,"Justin Holmes",1,1,12,1,0.313057203596659,0.313057203596659,0.313057203596659,11,11,11,1,1,1,1,0,0,NA,NA,NA,NA,NA,NA,NA,NA,"G6"
"276","Marshall","fbs","Sun Belt",2024,5082548,"A.J. Turner",7,7,12,1,6.35786930999544,0.908267044285063,0.908267044285063,46,6.57142857142857,6.57142857142857,0.428571428571429,7,7,1,2,0,NA,NA,NA,NA,NA,NA,NA,NA,"G6"
"276","Marshall","fbs","Sun Belt",2024,5093009,"Carl Chester",20,9,12,2.22222222222222,28.3597262097988,1.41798631048994,3.15108068997764,277,13.85,30.7777777777778,0.75,17,20,0.85,1,0,NA,NA,NA,NA,NA,NA,NA,NA,"G6"
"277","West Virginia","fbs","Big 12",2024,4429847,"Garrett Greene",1,1,11,1,3.24715240441738,3.24715240441738,3.24715240441738,7,7,7,1,1,1,1,1,0,NA,NA,NA,NA,NA,NA,NA,NA,"P4"
"277","West Virginia","fbs","Big 12",2024,4433921,"Kole Taylor",35,11,11,3.18181818181818,30.9528487633294,0.884367107523696,2.81389534212085,353,10.0857142857143,32.0909090909091,0.742857142857143,35,35,1,2,0,227,275,200,136,54,277,296,344,"P4"
"277","West Virginia","fbs","Big 12",2024,4619186,"Treylan Davis",5,5,11,1,3.14062226638327,0.628124453276653,0.628124453276653,58,11.6,11.6,0.6,5,5,1,0,0,NA,NA,NA,NA,NA,NA,NA,NA,"P4"
"277","West Virginia","fbs","Big 12",2024,4683719,"Jaden Bray",1,1,11,1,5.35336562083523,5.35336562083523,5.35336562083523,44,44,44,1,1,1,1,0,0,NA,NA,NA,NA,NA,NA,NA,NA,"P4"
"277","West Virginia","fbs","Big 12",2024,4685769,"Justin Robinson",14,7,11,2,31.8937626327245,2.27812590233747,4.55625180467493,214,15.2857142857143,30.5714285714286,0.928571428571429,14,14,1,2,0,NA,NA,NA,NA,NA,NA,NA,NA,"P4"
"277","West Virginia","fbs","Big 12",2024,4691003,"Preston Fox",8,5,11,1.6,7.73421885767611,0.966777357209514,1.54684377153522,107,13.375,21.4,0.625,8,8,1,0,0,NA,NA,NA,NA,NA,NA,NA,NA,"P4"
"277","West Virginia","fbs","Big 12",2024,4870754,"Rodney Gallagher",18,10,11,1.8,20.3987484507932,1.13326380282184,2.03987484507932,195,10.8333333333333,19.5,0.666666666666667,18,18,1,3,0,NA,NA,NA,NA,NA,NA,NA,NA,"P4"
"277","West Virginia","fbs","Big 12",2024,4870912,"Traylon Ray",25,9,11,2.77777777777778,42.9283535830325,1.7171341433213,4.76981706478139,391,15.64,43.4444444444444,0.8,25,25,1,4,0,135,103,7,71.5,54,236.5,34,226,"P4"
"277","West Virginia","fbs","Big 12",2024,4911971,"Jahiem White",18,10,11,1.8,3.84400120549803,0.213555622527668,0.384400120549803,119,6.61111111111111,11.9,0.333333333333333,18,18,1,1,0,NA,NA,NA,NA,NA,NA,NA,NA,"P4"
"277","West Virginia","fbs","Big 12",2024,4913159,"Jaylen Anderson",1,1,11,1,1.17289548214393,1.17289548214393,1.17289548214393,9,9,9,1,1,1,1,0,0,NA,NA,NA,NA,NA,NA,NA,NA,"P4"
"277","West Virginia","fbs","Big 12",2024,5079386,"Ric'Darious Farmer",3,2,11,1.5,1.43898400138019,0.479661333793397,0.719492000690095,35,11.6666666666667,17.5,0.666666666666667,3,3,1,0,0,NA,NA,NA,NA,NA,NA,NA,NA,"P4"
"277","West Virginia","fbs","Big 12",2024,5081999,"CJ Donaldson",11,5,11,2.2,8.10286347874404,0.736623952613095,1.62057269574881,87,7.90909090909091,17.4,0.636363636363636,11,11,1,1,0,NA,NA,NA,NA,NA,NA,NA,NA,"P4"
"277","West Virginia","fbs","Big 12",2024,5100582,"Hudson Clement",35,10,11,3.5,56.6261360340487,1.61788960097282,5.66261360340487,529,15.1142857142857,52.9,0.885714285714286,35,35,1,1,0,65,62,15,16,54,152.5,43,148,"P4"
"278","Fresno State","fbs","Mountain West",2024,550577,"Jordan Brown",3,3,11,1,0.0460012554712333,0.0153337518237444,0.0153337518237444,18,6,6,0.666666666666667,3,3,1,0,0,NA,NA,NA,NA,NA,NA,NA,NA,"G6"
"278","Fresno State","fbs","Mountain West",2024,4431053,"Mac Dalena",45,10,11,4.5,55.8002481265028,1.24000551392228,5.58002481265027,605,13.4444444444444,60.5,0.711111111111111,45,45,1,7,0,68,64,62,199.5,54,108,90,98,"G6"
"278","Fresno State","fbs","Mountain West",2024,4597499,"Mikey Keene",2,2,11,1,7.22932744843982,3.61466372421991,3.61466372421991,21,10.5,10.5,1,2,2,1,2,0,NA,NA,NA,NA,NA,NA,NA,NA,"G6"
"278","Fresno State","fbs","Mountain West",2024,4607267,"Malik Sherrod",5,2,11,2.5,-3.06370683042648,-0.612741366085297,-1.53185341521324,19,3.8,9.5,0.4,5,5,1,0,0,NA,NA,NA,NA,NA,NA,NA,NA,"G6"
"278","Fresno State","fbs","Mountain West",2024,4685824,"Johnathan Arceneaux",4,3,11,1.33333333333333,1.65682483089995,0.414206207724988,0.552274943633317,42,10.5,14,0.75,4,4,1,0,0,NA,NA,NA,NA,NA,NA,NA,NA,"G6"
"278","Fresno State","fbs","Mountain West",2024,4699761,"Elijah Gilliam",27,11,11,2.45454545454545,2.07239282609852,0.0767552898555006,0.188399347827138,177,6.55555555555556,16.0909090909091,0.333333333333333,26,27,0.962962962962963,0,0,492,495,493,504,138.5,465,469,487,"G6"
"278","Fresno State","fbs","Mountain West",2024,4804883,"Jalen Moss",44,11,11,4,37.6358443635373,0.855360099171301,3.4214403966852,483,10.9772727272727,43.9090909090909,0.613636363636364,42,44,0.954545454545455,4,0,175,205,222,359,156.5,178.5,241,217.5,"G6"
"278","Fresno State","fbs","Mountain West",2024,4833016,"Chedon James",2,2,11,1,4.09814847383953,2.04907423691976,2.04907423691976,41,20.5,20.5,0.5,2,2,1,0,0,NA,NA,NA,NA,NA,NA,NA,NA,"G6"
"278","Fresno State","fbs","Mountain West",2024,4872957,"Raylen Sharpe",51,10,11,5.1,46.7382533024746,0.916436339264208,4.67382533024746,445,8.72549019607843,44.5,0.745098039215686,48,51,0.941176470588235,2,0,111,112,186,132,181.5,207,392,210.5,"G6"
"278","Fresno State","fbs","Mountain West",2024,4875608,"Kamron Beachem",6,3,11,2,9.76982100076655,1.62830350012776,3.25660700025552,67,11.1666666666667,22.3333333333333,0.833333333333333,6,6,1,1,0,NA,NA,NA,NA,NA,NA,NA,NA,"G6"
"278","Fresno State","fbs","Mountain West",2024,4880774,"Jake Boust",3,2,11,1.5,-0.526830096715388,-0.175610032238463,-0.263415048357694,20,6.66666666666667,10,0.333333333333333,3,3,1,0,0,NA,NA,NA,NA,NA,NA,NA,NA,"G6"
"278","Fresno State","fbs","Mountain West",2024,5078160,"Richie Anderson",14,7,11,2,10.2021394907851,0.72872424934179,1.45744849868358,123,8.78571428571429,17.5714285714286,0.857142857142857,14,14,1,0,0,NA,NA,NA,NA,NA,NA,NA,NA,"G6"
"278","Fresno State","fbs","Mountain West",2024,5082315,"Nathan Acevedo",7,5,11,1.4,3.68960621151968,0.527086601645668,0.737921242303935,56,8,11.2,0.714285714285714,7,7,1,0,0,NA,NA,NA,NA,NA,NA,NA,NA,"G6"
"278","Fresno State","fbs","Mountain West",2024,5092483,"Josiah Freeman",7,3,11,2.33333333333333,8.58120146942317,1.22588592420331,2.86040048980772,51,7.28571428571429,17,0.857142857142857,7,7,1,1,0,NA,NA,NA,NA,NA,NA,NA,NA,"G6"
"278","Fresno State","fbs","Mountain West",2024,5151403,"Tim Grear Jr.",4,2,11,2,3.23964983489136,0.80991245872284,1.61982491744568,26,6.5,13,0.75,4,4,1,0,0,NA,NA,NA,NA,NA,NA,NA,NA,"G6"
"278","Fresno State","fbs","Mountain West",2024,5151408,"Joe Dalena",7,1,11,7,0.802357093442375,0.114622441920339,0.802357093442375,0,0,0,0.571428571428571,4,7,0.571428571428571,0,0,NA,NA,NA,NA,NA,NA,NA,NA,"G6"
"278","Fresno State","fbs","Mountain West",2024,5151417,"Jake Tarwater",5,4,11,1.25,-2.28579032981129,-0.457158065962257,-0.571447582452822,20,4,5,0,5,5,1,0,0,NA,NA,NA,NA,NA,NA,NA,NA,"G6"
"278","Fresno State","fbs","Mountain West",2024,5175334,"Bryson Donelson",18,6,11,3,-6.66098546685685,-0.370054748158714,-1.11016424447614,52,2.88888888888889,8.66666666666667,0.333333333333333,18,18,1,0,0,NA,NA,NA,NA,NA,NA,NA,NA,"G6"
"278","Fresno State","fbs","Mountain West",2024,5219270,"Lyndon Ravare",2,2,11,1,1.3665930781624,0.6832965390812,0.6832965390812,14,7,7,1,2,2,1,0,0,NA,NA,NA,NA,NA,NA,NA,NA,"G6"
"290","Georgia Southern","fbs","Sun Belt",2024,4430993,"LV Bunkley-Shelton",26,10,11,2.6,22.0206526316684,0.846948178141093,2.20206526316684,276,10.6153846153846,27.6,0.807692307692308,26,26,1,0,0,331,346,225,66,54,377,263,404,"G6"
"290","Georgia Southern","fbs","Sun Belt",2024,4565533,"Samuel Kenerson",1,1,11,1,2.3829132606133,2.3829132606133,2.3829132606133,16,16,16,1,1,1,1,0,0,NA,NA,NA,NA,NA,NA,NA,NA,"G6"
"290","Georgia Southern","fbs","Sun Belt",2024,4567234,"Tyler Fromm",20,9,11,2.22222222222222,14.331258852446,0.716562942622298,1.59236209471622,217,10.85,24.1111111111111,0.55,20,20,1,1,1,NA,NA,NA,NA,NA,NA,NA,NA,"G6"
"290","Georgia Southern","fbs","Sun Belt",2024,4568425,"Beau Johnson",9,5,11,1.8,6.374135791821,0.708237310202333,1.2748271583642,71,7.88888888888889,14.2,0.777777777777778,9,9,1,1,0,NA,NA,NA,NA,NA,NA,NA,NA,"G6"
"290","Georgia Southern","fbs","Sun Belt",2024,4602940,"Derwin Burgess Jr.",52,11,11,4.72727272727273,50.6759264621549,0.974537047349133,4.60690240565045,576,11.0769230769231,52.3636363636364,0.788461538461538,52,52,1,3,0,91,115,150,82,54,122,236.5,151,"G6"
"290","Georgia Southern","fbs","Sun Belt",2024,4610703,"Jalen White",16,8,11,2,-5.05304988227092,-0.315815617641933,-0.631631235283865,59,3.6875,7.375,0.125,16,16,1,0,0,NA,NA,NA,NA,NA,NA,NA,NA,"G6"
"290","Georgia Southern","fbs","Sun Belt",2024,4685345,"JC French",1,1,11,1,1.1645394133163,1.1645394133163,1.1645394133163,1,1,1,1,1,1,1,1,0,NA,NA,NA,NA,NA,NA,NA,NA,"G6"
"290","Georgia Southern","fbs","Sun Belt",2024,4685348,"Terrance Gibbs",1,1,11,1,-1.30081920978021,-1.30081920978021,-1.30081920978021,2,2,2,0,1,1,1,0,0,NA,NA,NA,NA,NA,NA,NA,NA,"G6"
"290","Georgia Southern","fbs","Sun Belt",2024,4838269,"OJ Arnold",23,9,11,2.55555555555556,0.728552462608737,0.0316761940264668,0.080950273623193,131,5.69565217391304,14.5555555555556,0.478260869565217,23,23,1,1,0,497,497,496,468,54,498.5,489,497,"G6"
"290","Georgia Southern","fbs","Sun Belt",2024,4838527,"Josh Dallas",38,11,11,3.45454545454545,42.6048674978838,1.12118072362852,3.87316977253489,490,12.8947368421053,44.5454545454545,0.736842105263158,38,38,1,4,1,140,163,95,149.5,54,175,108,209,"G6"
"290","Georgia Southern","fbs","Sun Belt",2024,4907543,"Marcus Sanders Jr.",7,5,11,1.4,10.7783615736838,1.53976593909768,2.15567231473676,107,15.2857142857143,21.4,0.857142857142857,7,7,1,1,0,NA,NA,NA,NA,NA,NA,NA,NA,"G6"
"290","Georgia Southern","fbs","Sun Belt",2024,4907573,"Dalen Cobb",44,11,11,4,47.3310783301976,1.07570632568631,4.30282530274523,508,11.5454545454545,46.1818181818182,0.75,44,44,1,4,1,105,132,111,125.5,54,162,192,194,"G6"
"290","Georgia Southern","fbs","Sun Belt",2024,4911932,"Joshua Thompson",3,2,11,1.5,4.557426292561,1.51914209752033,2.2787131462805,74,24.6666666666667,37,0.666666666666667,3,3,1,1,0,NA,NA,NA,NA,NA,NA,NA,NA,"G6"
"290","Georgia Southern","fbs","Sun Belt",2024,5078466,"Elija Walton",1,1,11,1,1.6286331487182,1.6286331487182,1.6286331487182,2,2,2,1,1,1,1,1,0,NA,NA,NA,NA,NA,NA,NA,NA,"G6"
"290","Georgia Southern","fbs","Sun Belt",2024,5087357,"Deandre Buchannon",3,2,11,1.5,7.4339882050549,2.47799606835163,3.71699410252745,51,17,25.5,0.666666666666667,3,3,1,0,0,NA,NA,NA,NA,NA,NA,NA,NA,"G6"
"290","Georgia Southern","fbs","Sun Belt",2024,5123988,"Taylor Bradshaw",1,1,11,1,2.64188627738182,2.64188627738182,2.64188627738182,31,31,31,1,1,1,1,0,0,NA,NA,NA,NA,NA,NA,NA,NA,"G6"
"290","Georgia Southern","fbs","Sun Belt",2024,5151112,"David Mbadinga",2,2,11,1,1.66644701145316,0.833223505726579,0.833223505726579,19,9.5,9.5,1,2,2,1,0,0,NA,NA,NA,NA,NA,NA,NA,NA,"G6"
"295","Old Dominion","fbs","Sun Belt",2024,553074,"Aaron Young",6,5,12,1.2,-1.95149953984416,-0.325249923307359,-0.390299907968831,23,3.83333333333333,4.6,0.166666666666667,5,6,0.833333333333333,0,0,NA,NA,NA,NA,NA,NA,NA,NA,"G6"
"295","Old Dominion","fbs","Sun Belt",2024,4427518,"Demariyon Houston",9,4,12,2.25,8.65849296491797,0.962054773879775,2.16462324122949,83,9.22222222222222,20.75,0.555555555555556,9,9,1,3,0,NA,NA,NA,NA,NA,NA,NA,NA,"G6"
"295","Old Dominion","fbs","Sun Belt",2024,4565879,"Diante Vines",37,11,12,3.36363636363636,31.7176791798321,0.857234572427894,2.88342537998473,360,9.72972972972973,32.7272727272727,0.702702702702703,32,37,0.864864864864865,2,0,222,265,220,210,343,271,332.5,336.5,"G6"
"295","Old Dominion","fbs","Sun Belt",2024,4574732,"Aaron Young",2,1,12,2,1.93804790180719,0.969023950903597,1.93804790180719,39,19.5,39,0.5,2,2,1,0,0,NA,NA,NA,NA,NA,NA,NA,NA,"G6"
"295","Old Dominion","fbs","Sun Belt",2024,4579667,"Pat Conroy",35,11,12,3.18181818181818,43.0611935749787,1.23031981642796,3.9146539613617,497,14.2,45.1818181818182,0.714285714285714,33,35,0.942857142857143,5,0,132,156,68,192.5,179.5,171.5,66,200.5,"G6"
"295","Old Dominion","fbs","Sun Belt",2024,4683144,"Myles Alston",25,9,12,2.77777777777778,19.3249141133957,0.77299656453583,2.14721267926619,210,8.4,23.3333333333333,0.68,22,25,0.88,0,0,363,355,266,244,307.5,443,410,438,"G6"
"295","Old Dominion","fbs","Sun Belt",2024,4683986,"Tariq Sims",1,1,12,1,-1.08520599377587,-1.08520599377587,-1.08520599377587,0,0,0,0,0,1,0,0,0,NA,NA,NA,NA,NA,NA,NA,NA,"G6"
"295","Old Dominion","fbs","Sun Belt",2024,4695867,"Grant Wilson",1,1,12,1,6.95113957731846,6.95113957731846,6.95113957731846,72,72,72,1,1,1,1,1,0,NA,NA,NA,NA,NA,NA,NA,NA,"G6"
"295","Old Dominion","fbs","Sun Belt",2024,4832874,"Bryce Duke",9,6,12,1.5,-1.25948626450996,-0.139942918278884,-0.209914377418327,54,6,9,0.333333333333333,8,9,0.888888888888889,1,0,NA,NA,NA,NA,NA,NA,NA,NA,"G6"
"295","Old Dominion","fbs","Sun Belt",2024,4875867,"Isiah Paige",70,12,12,5.83333333333333,50.2772986527122,0.718247123610175,4.18977488772602,698,9.97142857142857,58.1666666666667,0.642857142857143,57,70,0.814285714285714,2,0,93,142,297,297,418,64,307,113,"G6"
"295","Old Dominion","fbs","Sun Belt",2024,4922993,"Devin Roche",10,5,12,2,4.52288074588532,0.452288074588532,0.904576149177064,33,3.3,6.6,0.5,7,10,0.7,1,0,NA,NA,NA,NA,NA,NA,NA,NA,"G6"
"295","Old Dominion","fbs","Sun Belt",2024,5151979,"Kelby Williams",2,1,12,2,4.70374174957356,2.35187087478678,4.70374174957356,52,26,52,1,2,2,1,1,0,NA,NA,NA,NA,NA,NA,NA,NA,"G6"
"295","Old Dominion","fbs","Sun Belt",2024,5194795,"Na'eem Abdul-Rahim Gladding",2,1,12,2,3.38578591753136,1.69289295876568,3.38578591753136,21,10.5,21,0.5,2,2,1,1,0,NA,NA,NA,NA,NA,NA,NA,NA,"G6"
"30","USC","fbs","Big Ten",2024,4426357,"Kyle Ford",23,9,12,2.55555555555556,21.9820474030365,0.955741191436367,2.44244971144849,258,11.2173913043478,28.6666666666667,0.652173913043478,20,23,0.869565217391304,2,1,332,314,164,288,329.5,398,225,390,"P4"
"30","USC","fbs","Big Ten",2024,4429059,"Jo'quavious Marks",47,11,12,4.27272727272727,8.24039729483748,0.175327602017819,0.749127026803407,318,6.76595744680851,28.9090909090909,0.553191489361702,46,47,0.978723404255319,0,0,458,464,475,415,112.5,329.5,465,386,"P4"
"30","USC","fbs","Big Ten",2024,4431580,"Miller Moss",2,2,12,1,6.12048150028743,3.06024075014372,3.06024075014372,38,19,19,1,2,2,1,2,0,NA,NA,NA,NA,NA,NA,NA,NA,"P4"
"30","USC","fbs","Big Ten",2024,4432784,"Kyron Ware-Hudson",42,11,12,3.81818181818182,36.2550041015211,0.86321438336955,3.29590946377464,450,10.7142857142857,40.9090909090909,0.761904761904762,37,42,0.880952380952381,2,0,189,221,214,106.5,305,203,255,248,"P4"
"30","USC","fbs","Big Ten",2024,4566198,"Lake McRee",26,9,12,2.88888888888889,19.6034860724107,0.753980233554256,2.17816511915674,288,11.0769230769231,32,0.692307692307692,26,26,1,0,1,359,350,278,224.5,54,366.5,236.5,347,"P4"
"30","USC","fbs","Big Ten",2024,4569086,"Charles Ross",1,1,12,1,0.35961646875961,0.35961646875961,0.35961646875961,11,11,11,1,1,1,1,0,0,NA,NA,NA,NA,NA,NA,NA,NA,"P4"
"30","USC","fbs","Big Ten",2024,4685454,"Jayden Maiava",3,1,12,3,8.83646818941381,2.94548939647127,8.83646818941381,66,22,66,1,3,3,1,3,0,NA,NA,NA,NA,NA,NA,NA,NA,"P4"
"30","USC","fbs","Big Ten",2024,4712578,"Jay Fair",8,5,12,1.6,4.43369432622053,0.554211790777567,0.886738865244107,78,9.75,15.6,0.5,8,8,1,1,0,NA,NA,NA,NA,NA,NA,NA,NA,"P4"
"30","USC","fbs","Big Ten",2024,4870612,"Zachariah Branch",50,12,12,4.16666666666667,24.8514328063725,0.497028656127451,2.07095273386438,510,10.2,42.5,0.64,46,50,0.92,0,0,291,361,401,302.5,221.5,160.5,289.5,237,"P4"
"30","USC","fbs","Big Ten",2024,4870795,"Makai Lemon",46,10,12,4.6,38.2069201807585,0.830585221320836,3.82069201807585,651,14.1521739130435,65.1,0.717391304347826,44,46,0.956521739130435,2,0,170,172,233,183,152,82,67,73,"P4"
"30","USC","fbs","Big Ten",2024,4870847,"Ja'Kobi Lane",35,11,12,3.18181818181818,42.7647268305025,1.22184933801436,3.88770243913659,366,10.4571428571429,33.2727272727273,0.828571428571429,35,35,1,7,0,138,160,72,43,54,265,275,331,"P4"
"30","USC","fbs","Big Ten",2024,4870922,"Duce Robinson",23,10,12,2.3,37.3161359775666,1.62244069467681,3.73161359775666,348,15.1304347826087,34.8,0.869565217391304,22,23,0.956521739130435,4,0,177,180,14,20.5,152,286,42,309.5,"P4"
"30","USC","fbs","Big Ten",2024,4917949,"Quinten Joyner",12,9,12,1.33333333333333,2.8396732104834,0.23663943420695,0.315519245609267,89,7.41666666666667,9.88888888888889,0.666666666666667,12,12,1,1,1,NA,NA,NA,NA,NA,NA,NA,NA,"P4"
"30","USC","fbs","Big Ten",2024,5077668,"Kade Eldridge",3,3,12,1,1.00749945075383,0.335833150251275,0.335833150251275,19,6.33333333333333,6.33333333333333,0.666666666666667,3,3,1,0,0,NA,NA,NA,NA,NA,NA,NA,NA,"P4"
"30","USC","fbs","Big Ten",2024,5079500,"Bryan Jackson",1,1,12,1,-0.54417120351413,-0.54417120351413,-0.54417120351413,0,0,0,0,1,1,1,0,0,NA,NA,NA,NA,NA,NA,NA,NA,"P4"
"30","USC","fbs","Big Ten",2024,5194576,"Jaden Richardson",1,1,12,1,0.757621501147399,0.757621501147399,0.757621501147399,19,19,19,1,1,1,1,0,0,NA,NA,NA,NA,NA,NA,NA,NA,"P4"
"30","USC","fbs","Big Ten",2024,5221043,"Walker Lyons",6,3,12,2,1.27804445878336,0.213007409797227,0.426014819594454,36,6,12,0.666666666666667,6,6,1,0,0,NA,NA,NA,NA,NA,NA,NA,NA,"P4"
"309","Louisiana","fbs","Sun Belt",2024,4373895,"Ben Wooldridge",1,1,12,1,0.851376707455655,0.851376707455655,0.851376707455655,1,1,1,1,1,1,1,1,0,NA,NA,NA,NA,NA,NA,NA,NA,"G6"
"309","Louisiana","fbs","Sun Belt",2024,4426454,"Lance LeGendre",45,12,12,3.75,59.7347477092288,1.32743883798286,4.97789564243573,767,17.0444444444444,63.9166666666667,0.822222222222222,45,45,1,6,1,51,94,44,50,54,37,15,78,"G6"
"309","Louisiana","fbs","Sun Belt",2024,4428808,"Jacob Bernard",22,11,12,2,19.4172863277951,0.882603923990686,1.76520784798137,315,14.3181818181818,28.6363636363636,0.681818181818182,21,22,0.954545454545455,0,0,NA,NA,NA,NA,NA,NA,NA,NA,"G6"
"309","Louisiana","fbs","Sun Belt",2024,4570296,"Dalen Cambre",2,2,12,1,1.44422214977346,0.722111074886729,0.722111074886729,22,11,11,1,2,2,1,0,0,NA,NA,NA,NA,NA,NA,NA,NA,"G6"
"309","Louisiana","fbs","Sun Belt",2024,4573495,"Chaz Ward",1,1,12,1,-0.365050709601241,-0.365050709601241,-0.365050709601241,2,2,2,0,1,1,1,0,0,NA,NA,NA,NA,NA,NA,NA,NA,"G6"
"309","Louisiana","fbs","Sun Belt",2024,4685829,"Dre'Lyn Washington",6,5,12,1.2,8.75169588582354,1.45861598097059,1.75033917716471,107,17.8333333333333,21.4,0.5,6,6,1,1,0,NA,NA,NA,NA,NA,NA,NA,NA,"G6"
"309","Louisiana","fbs","Sun Belt",2024,4690461,"Robert Williams",19,9,12,2.11111111111111,12.2546661825618,0.644982430661147,1.3616295758402,234,12.3157894736842,26,0.684210526315789,19,19,1,1,0,NA,NA,NA,NA,NA,NA,NA,NA,"G6"
"309","Louisiana","fbs","Sun Belt",2024,4833238,"Jaydon Johnson",5,4,12,1.25,6.65643226727298,1.3312864534546,1.66410806681825,73,14.6,18.25,1,5,5,1,0,0,NA,NA,NA,NA,NA,NA,NA,NA,"G6"
"309","Louisiana","fbs","Sun Belt",2024,4867887,"Terrance Carter",44,11,12,4,55.6511303184021,1.26479841632732,5.05919366530928,654,14.8636363636364,59.4545454545455,0.795454545454545,44,44,1,3,0,70,86,58,75.5,54,80,50.5,105,"G6"
"309","Louisiana","fbs","Sun Belt",2024,4875451,"Dale Martin",3,2,12,1.5,-0.123054327747295,-0.0410181092490984,-0.0615271638736475,11,3.66666666666667,5.5,0.333333333333333,3,3,1,0,0,NA,NA,NA,NA,NA,NA,NA,NA,"G6"
"309","Louisiana","fbs","Sun Belt",2024,4875452,"Treyv'on Culbert",2,2,12,1,2.09244590207519,1.0462229510376,1.0462229510376,14,7,7,1,2,2,1,0,0,NA,NA,NA,NA,NA,NA,NA,NA,"G6"
"309","Louisiana","fbs","Sun Belt",2024,4917310,"Zylan Perry",7,4,12,1.75,-0.00775807015245356,-0.00110829573606479,-0.00193951753811339,35,5,8.75,0.285714285714286,7,7,1,0,0,NA,NA,NA,NA,NA,NA,NA,NA,"G6"
"309","Louisiana","fbs","Sun Belt",2024,4918412,"Harvey Broussard",27,11,12,2.45454545454545,38.4184882081306,1.4229069706715,3.49258983710278,410,15.1851851851852,37.2727272727273,0.925925925925926,27,27,1,2,0,167,201,32,7,54,228.5,39,286.5,"G6"
"309","Louisiana","fbs","Sun Belt",2024,5085497,"Ty Stamey",5,3,12,1.66666666666667,3.58093779588521,0.716187559177043,1.19364593196174,51,10.2,17,1,5,5,1,0,0,NA,NA,NA,NA,NA,NA,NA,NA,"G6"
"309","Louisiana","fbs","Sun Belt",2024,5156906,"Bill Davis",10,5,12,2,2.25893421666361,0.225893421666361,0.451786843332721,89,8.9,17.8,0.7,10,10,1,1,0,NA,NA,NA,NA,NA,NA,NA,NA,"G6"
"309","Louisiana","fbs","Sun Belt",2024,5156926,"Tavion Smith",10,7,12,1.42857142857143,15.6175980043928,1.56175980043928,2.23108542919897,105,10.5,15,0.8,10,10,1,3,0,NA,NA,NA,NA,NA,NA,NA,NA,"G6"
"309","Louisiana","fbs","Sun Belt",2024,5156928,"Caden Jensen",14,9,12,1.55555555555556,3.14162919149409,0.224402085106721,0.34906991016601,96,6.85714285714286,10.6666666666667,0.642857142857143,14,14,1,1,0,NA,NA,NA,NA,NA,NA,NA,NA,"G6"
"324","Coastal Carolina","fbs","Sun Belt",2024,4432327,"Kendall Karr",13,9,11,1.44444444444444,24.1358852006573,1.85660655389671,2.68176502229525,234,18,26,0.923076923076923,13,13,1,1,1,NA,NA,NA,NA,NA,NA,NA,NA,"G6"
"324","Coastal Carolina","fbs","Sun Belt",2024,4432662,"Cane Berrong",10,8,11,1.25,11.9506775601432,1.19506775601432,1.4938346950179,131,13.1,16.375,0.7,10,10,1,1,0,NA,NA,NA,NA,NA,NA,NA,NA,"G6"
"324","Coastal Carolina","fbs","Sun Belt",2024,4567459,"Juan Powell",1,1,11,1,-0.053335383383337,-0.053335383383337,-0.053335383383337,4,4,4,0,1,1,1,0,0,NA,NA,NA,NA,NA,NA,NA,NA,"G6"
"324","Coastal Carolina","fbs","Sun Belt",2024,4570636,"Malick Meiga",5,4,11,1.25,7.85255094832234,1.57051018966447,1.96313773708059,84,16.8,21,1,5,5,1,0,0,NA,NA,NA,NA,NA,NA,NA,NA,"G6"
"324","Coastal Carolina","fbs","Sun Belt",2024,4608922,"Braydon Bennett",20,8,11,2.5,9.7278578807054,0.48639289403527,1.21598223508817,156,7.8,19.5,0.6,20,20,1,2,0,NA,NA,NA,NA,NA,NA,NA,NA,"G6"
"324","Coastal Carolina","fbs","Sun Belt",2024,4684421,"Simeon Price",2,1,11,2,-0.156320013052651,-0.0781600065263253,-0.156320013052651,7,3.5,7,0.5,2,2,1,0,0,NA,NA,NA,NA,NA,NA,NA,NA,"G6"
"324","Coastal Carolina","fbs","Sun Belt",2024,4708621,"Kyre Duplessis",2,2,11,1,3.50326874984734,1.75163437492367,1.75163437492367,49,24.5,24.5,1,2,2,1,0,0,NA,NA,NA,NA,NA,NA,NA,NA,"G6"
"324","Coastal Carolina","fbs","Sun Belt",2024,4710765,"Jameson Tucker",31,11,11,2.81818181818182,54.3351544515269,1.75274691779119,4.93955949559335,519,16.741935483871,47.1818181818182,0.774193548387097,31,31,1,6,0,76,97,3,94,54,155,20,185,"G6"
"324","Coastal Carolina","fbs","Sun Belt",2024,4832918,"Ethan Vasko",1,1,11,1,2.39749202953436,2.39749202953436,2.39749202953436,8,8,8,1,1,1,1,1,0,NA,NA,NA,NA,NA,NA,NA,NA,"G6"
"324","Coastal Carolina","fbs","Sun Belt",2024,4833356,"Zach Courtney",2,2,11,1,3.34561672893487,1.67280836446743,1.67280836446743,13,6.5,6.5,1,2,2,1,1,0,NA,NA,NA,NA,NA,NA,NA,NA,"G6"
"324","Coastal Carolina","fbs","Sun Belt",2024,4900903,"Senika McKie",19,10,11,1.9,26.9918134875661,1.42062176250348,2.69918134875661,279,14.6842105263158,27.9,0.894736842105263,19,19,1,3,0,NA,NA,NA,NA,NA,NA,NA,NA,"G6"
"324","Coastal Carolina","fbs","Sun Belt",2024,4912275,"Christian Washington",4,3,11,1.33333333333333,4.57262521359578,1.14315630339894,1.52420840453193,36,9,12,1,4,4,1,0,0,NA,NA,NA,NA,NA,NA,NA,NA,"G6"
"324","Coastal Carolina","fbs","Sun Belt",2024,5157266,"Bryson Graves",22,8,11,2.75,20.4349041525594,0.928859279661792,2.55436301906993,256,11.6363636363636,32,0.636363636363636,22,22,1,1,0,347,304,179,315.5,54,401.5,184,347,"G6"
"324","Coastal Carolina","fbs","Sun Belt",2024,5157268,"Darren Lloyd",1,1,11,1,-0.501932830919376,-0.501932830919376,-0.501932830919376,0,0,0,0,1,1,1,0,0,NA,NA,NA,NA,NA,NA,NA,NA,"G6"
"324","Coastal Carolina","fbs","Sun Belt",2024,5221074,"Tray Taylor",17,7,11,2.42857142857143,15.0599363152334,0.885878606778433,2.15141947360477,223,13.1176470588235,31.8571428571429,0.529411764705882,17,17,1,1,0,NA,NA,NA,NA,NA,NA,NA,NA,"G6"
"324","Coastal Carolina","fbs","Sun Belt",2024,5221079,"Cameron Wright",14,8,11,1.75,25.107796855249,1.79341406108921,3.13847460690612,261,18.6428571428571,32.625,0.857142857142857,14,14,1,1,0,NA,NA,NA,NA,NA,NA,NA,NA,"G6"
"326","Texas State","fbs","Sun Belt",2024,4429632,"Konner Fox",11,3,11,3.66666666666667,4.42310905838606,0.402100823489641,1.47436968612869,113,10.2727272727273,37.6666666666667,0.636363636363636,9,11,0.818181818181818,1,0,NA,NA,NA,NA,NA,NA,NA,NA,"G6"
"326","Texas State","fbs","Sun Belt",2024,4432267,"Joey Hobert",63,10,11,6.3,45.8637398534562,0.727995870689781,4.58637398534562,381,6.04761904761905,38.1,0.619047619047619,57,63,0.904761904761905,6,1,114,116,291,349,254.5,250,482,277,"G6"
"326","Texas State","fbs","Sun Belt",2024,4608607,"Lincoln Pare",8,4,11,2,5.71553306711753,0.714441633389691,1.42888326677938,102,12.75,25.5,0.75,8,8,1,0,0,NA,NA,NA,NA,NA,NA,NA,NA,"G6"
"326","Texas State","fbs","Sun Belt",2024,4689266,"Drew Donley",1,1,11,1,2.82289152029236,2.82289152029236,2.82289152029236,60,60,60,1,1,1,1,1,0,NA,NA,NA,NA,NA,NA,NA,NA,"G6"
"326","Texas State","fbs","Sun Belt",2024,4700456,"Jaden Williams",52,10,11,5.2,37.4565488560365,0.720318247231471,3.74565488560365,458,8.80769230769231,45.8,0.634615384615385,42,52,0.807692307692308,5,0,176,176,294,320,426.5,196,388,198,"G6"
"326","Texas State","fbs","Sun Belt",2024,5077873,"Chris Dawn Jr.",43,9,11,4.77777777777778,16.9062716433594,0.393169107985103,1.87847462703994,178,4.13953488372093,19.7777777777778,0.511627906976744,30,43,0.697674418604651,6,0,388,379,437,449,485.5,464,505,463,"G6"
"326","Texas State","fbs","Sun Belt",2024,5082564,"Titus Lyons",3,3,11,1,1.28401214663497,0.428004048878322,0.428004048878322,24,8,8,0.333333333333333,3,3,1,0,0,NA,NA,NA,NA,NA,NA,NA,NA,"G6"
"326","Texas State","fbs","Sun Belt",2024,5084798,"Ismail Mahdi",25,9,11,2.77777777777778,14.5770915432456,0.583083661729826,1.6196768381384,99,3.96,11,0.64,23,25,0.92,2,0,411,409,364,302.5,221.5,506,507,507,"G6"
"326","Texas State","fbs","Sun Belt",2024,5088888,"Torrance Burgess Jr.",7,3,11,2.33333333333333,6.68504813404366,0.955006876291951,2.22834937801455,80,11.4285714285714,26.6666666666667,0.857142857142857,7,7,1,0,0,NA,NA,NA,NA,NA,NA,NA,NA,"G6"
"326","Texas State","fbs","Sun Belt",2024,5096863,"Kole Wilson",50,11,11,4.54545454545455,25.4839270471212,0.509678540942425,2.31672064064739,510,10.2,46.3636363636364,0.58,36,50,0.72,4,0,280,328,397,396,480,160.5,289.5,193,"G6"
"326","Texas State","fbs","Sun Belt",2024,5152414,"Beau Sparks",21,9,11,2.33333333333333,17.9509840569438,0.854808764616373,1.99455378410487,119,5.66666666666667,13.2222222222222,0.80952380952381,19,21,0.904761904761905,2,0,377,366,223,63.5,254.5,502,490,503,"G6"
"328","Utah State","fbs","Mountain West",2024,4360480,"Spencer Petras",3,2,11,1.5,9.22376443964873,3.07458814654958,4.61188221982437,85,28.3333333333333,42.5,1,3,3,1,3,0,NA,NA,NA,NA,NA,NA,NA,NA,"G6"
"328","Utah State","fbs","Mountain West",2024,4426478,"Colby Bowman",6,4,11,1.5,7.78664989354935,1.29777498225822,1.94666247338734,64,10.6666666666667,16,0.833333333333333,6,6,1,0,0,NA,NA,NA,NA,NA,NA,NA,NA,"G6"
"328","Utah State","fbs","Mountain West",2024,4574860,"Kyrese Rowan",36,8,11,4.5,29.0685667969322,0.807460188803672,3.63357084961652,351,9.75,43.875,0.722222222222222,35,36,0.972222222222222,1,0,247,190,246,173.5,119.5,279.5,330.5,220,"G6"
"328","Utah State","fbs","Mountain West",2024,4612824,"Broc Lane",12,4,11,3,13.1139483518678,1.09282902932232,3.27848708796696,120,10,30,0.833333333333333,12,12,1,2,0,NA,NA,NA,NA,NA,NA,NA,NA,"G6"
"328","Utah State","fbs","Mountain West",2024,4613199,"Josh Sterzer",18,7,11,2.57142857142857,15.4823422151955,0.860130123066418,2.21176317359936,177,9.83333333333333,25.2857142857143,0.833333333333333,16,18,0.888888888888889,1,1,NA,NA,NA,NA,NA,NA,NA,NA,"G6"
"328","Utah State","fbs","Mountain West",2024,4695600,"Bryson Barnes",6,3,11,2,10.6733583198739,1.77889305331233,3.55778610662465,31,5.16666666666667,10.3333333333333,1,6,6,1,6,0,NA,NA,NA,NA,NA,NA,NA,NA,"G6"
"328","Utah State","fbs","Mountain West",2024,4702560,"Grant Page",30,8,11,3.75,10.6130349612864,0.353767832042879,1.3266293701608,253,8.43333333333333,31.625,0.666666666666667,29,30,0.966666666666667,0,1,442,429,444,264.5,131.5,408,406,354.5,"G6"
"328","Utah State","fbs","Mountain West",2024,4714413,"Otto Tia",40,10,11,4,22.506874847269,0.562671871181724,2.2506874847269,340,8.5,34,0.625,37,40,0.925,4,0,328,338,373,336,209.5,302,399,322,"G6"
"328","Utah State","fbs","Mountain West",2024,4890060,"Jack Hestera",24,8,11,3,27.3127521665078,1.13803134027116,3.41409402081348,312,13,39,0.791666666666667,23,24,0.958333333333333,3,0,260,207,90,78,145,339,104,262,"G6"
"328","Utah State","fbs","Mountain West",2024,5082630,"Jalen Royals",44,6,11,7.33333333333333,66.8268630317615,1.51879234163094,11.1378105052936,594,13.5,99,0.863636363636364,44,44,1,4,0,38,1,21,24.5,54,114.5,86,6,"G6"
"328","Utah State","fbs","Mountain West",2024,5114312,"Will Monney",8,5,11,1.6,6.63142792341885,0.828928490427356,1.32628558468377,86,10.75,17.2,0.75,8,8,1,0,0,NA,NA,NA,NA,NA,NA,NA,NA,"G6"
"328","Utah State","fbs","Mountain West",2024,5156933,"Rahsul Faison",17,6,11,2.83333333333333,-7.92799673964126,-0.466352749390663,-1.32133278994021,64,3.76470588235294,10.6666666666667,0.352941176470588,17,17,1,0,0,NA,NA,NA,NA,NA,NA,NA,NA,"G6"
"328","Utah State","fbs","Mountain West",2024,5220671,"Herschel Turner",11,6,11,1.83333333333333,1.20059334963031,0.109144849966391,0.200098891605051,60,5.45454545454545,10,0.454545454545455,11,11,1,0,0,NA,NA,NA,NA,NA,NA,NA,NA,"G6"
"333","Alabama","fbs","SEC",2024,4432734,"Jalen Milroe",10,5,11,2,46.8206259286517,4.68206259286517,9.36412518573034,402,40.2,80.4,1,10,10,1,10,0,NA,NA,NA,NA,NA,NA,NA,NA,"P4"
"333","Alabama","fbs","SEC",2024,4596545,"C.J. Dippre",24,9,11,2.66666666666667,7.63143201527421,0.317976333969759,0.847936890586023,233,9.70833333333333,25.8888888888889,0.5,19,24,0.791666666666667,0,0,461,460,452,457,440,424,335,420,"P4"
"333","Alabama","fbs","SEC",2024,4685261,"Germie Bernard",56,11,11,5.09090909090909,32.6060480515619,0.582250858063605,2.96418618650562,547,9.76785714285714,49.7272727272727,0.607142857142857,40,56,0.714285714285714,0,0,215,256,365,364,483,133,329,163,"P4"
"333","Alabama","fbs","SEC",2024,4685381,"Emmanuel Henderson Jr.",5,4,11,1.25,5.2083900529755,1.0416780105951,1.30209751324387,82,16.4,20.5,0.8,4,5,0.8,0,0,NA,NA,NA,NA,NA,NA,NA,NA,"P4"
"333","Alabama","fbs","SEC",2024,4685441,"Kendrick Law",13,6,11,2.16666666666667,0.231429391529315,0.0178022608868704,0.0385715652548858,83,6.38461538461539,13.8333333333333,0.384615384615385,9,13,0.692307692307692,0,0,NA,NA,NA,NA,NA,NA,NA,NA,"P4"
"333","Alabama","fbs","SEC",2024,4685477,"Jamarion Miller",14,8,11,1.75,3.82843639726221,0.273459742661586,0.478554549657776,92,6.57142857142857,11.5,0.5,11,14,0.785714285714286,0,0,NA,NA,NA,NA,NA,NA,NA,NA,"P4"
"333","Alabama","fbs","SEC",2024,4691688,"Robbie Ouzts",6,5,11,1.2,1.54264179408823,0.257106965681371,0.308528358817645,39,6.5,7.8,0.666666666666667,6,6,1,0,0,NA,NA,NA,NA,NA,NA,NA,NA,"P4"
"333","Alabama","fbs","SEC",2024,4869965,"Kobe Prentice",9,5,11,1.8,6.53018435851165,0.725576039834627,1.30603687170233,105,11.6666666666667,21,0.888888888888889,8,9,0.888888888888889,0,0,NA,NA,NA,NA,NA,NA,NA,NA,"P4"
"333","Alabama","fbs","SEC",2024,4870760,"Justice Haynes",18,7,11,2.57142857142857,-1.45653010439175,-0.0809183391328751,-0.208075729198822,99,5.5,14.1428571428571,0.333333333333333,17,18,0.944444444444444,0,0,NA,NA,NA,NA,NA,NA,NA,NA,"P4"
"333","Alabama","fbs","SEC",2024,4871081,"Richard Young",3,2,11,1.5,-1.38536129094018,-0.46178709698006,-0.69268064547009,7,2.33333333333333,3.5,0,1,3,0.333333333333333,0,0,NA,NA,NA,NA,NA,NA,NA,NA,"P4"
"333","Alabama","fbs","SEC",2024,4876132,"Josh Cuevas",13,8,11,1.625,14.0117267418549,1.07782513398884,1.75146584273186,167,12.8461538461538,20.875,0.769230769230769,13,13,1,1,0,NA,NA,NA,NA,NA,NA,NA,NA,"P4"
"333","Alabama","fbs","SEC",2024,4918121,"Cole Adams",6,4,11,1.5,9.220187505637,1.53669791760617,2.30504687640925,94,15.6666666666667,23.5,0.833333333333333,6,6,1,0,0,NA,NA,NA,NA,NA,NA,NA,NA,"P4"
"333","Alabama","fbs","SEC",2024,5079647,"Caleb Odom",6,3,11,2,1.72644018913446,0.287740031522409,0.575480063044819,45,7.5,15,0.833333333333333,5,6,0.833333333333333,0,0,NA,NA,NA,NA,NA,NA,NA,NA,"P4"
"333","Alabama","fbs","SEC",2024,5079714,"Rico Scott",2,1,11,2,1.2656448513191,0.632822425659552,1.2656448513191,14,7,14,1,2,2,1,0,0,NA,NA,NA,NA,NA,NA,NA,NA,"P4"
"333","Alabama","fbs","SEC",2024,5141711,"Ryan Williams",65,10,11,6.5,12.6216581870438,0.194179356723751,1.26216581870438,548,8.43076923076923,54.8,0.507692307692308,39,65,0.6,2,1,427,433,472,450,508,132,407,134,"P4"
"338","Kennesaw State","fbs","Conference USA",2024,4573886,"Preston Daniels",2,2,11,1,0.564513827720642,0.282256913860321,0.282256913860321,18,9,9,1,2,2,1,0,0,NA,NA,NA,NA,NA,NA,NA,NA,"G6"
"338","Kennesaw State","fbs","Conference USA",2024,4573916,"Michael Benefield",5,4,11,1.25,0.204172186126371,0.0408344372252742,0.0510430465315928,15,3,3.75,0.4,5,5,1,0,0,NA,NA,NA,NA,NA,NA,NA,NA,"G6"
"338","Kennesaw State","fbs","Conference USA",2024,4695649,"Jackson Manning",1,1,11,1,-0.354936159529394,-0.354936159529394,-0.354936159529394,6,6,6,0,1,1,1,0,0,NA,NA,NA,NA,NA,NA,NA,NA,"G6"
"338","Kennesaw State","fbs","Conference USA",2024,4709669,"Christian Moss",12,7,11,1.71428571428571,12.5045583792497,1.04204653160415,1.78636548274996,201,16.75,28.7142857142857,0.833333333333333,12,12,1,2,0,NA,NA,NA,NA,NA,NA,NA,NA,"G6"
"338","Kennesaw State","fbs","Conference USA",2024,4876752,"Gabriel Benyard",19,6,11,3.16666666666667,-0.624221453870277,-0.0328537607300146,-0.10403690897838,162,8.52631578947368,27,0.526315789473684,19,19,1,0,1,NA,NA,NA,NA,NA,NA,NA,NA,"G6"
"338","Kennesaw State","fbs","Conference USA",2024,4876753,"Tykeem Wallace",21,11,11,1.90909090909091,9.74769225512309,0.464175821672528,0.886153841374826,158,7.52380952380952,14.3636363636364,0.523809523809524,21,21,1,0,0,447,456,411,437,54,481.5,438,498,"G6"
"338","Kennesaw State","fbs","Conference USA",2024,4876772,"Blake Bohannon",18,11,11,1.63636363636364,24.1914162056013,1.34396756697785,2.19921965505466,224,12.4444444444444,20.3636363636364,0.888888888888889,18,18,1,0,0,NA,NA,NA,NA,NA,NA,NA,NA,"G6"
"338","Kennesaw State","fbs","Conference USA",2024,4888607,"Destun Thomas",1,1,11,1,2.20949799388446,2.20949799388446,2.20949799388446,19,19,19,1,1,1,1,0,0,NA,NA,NA,NA,NA,NA,NA,NA,"G6"
"338","Kennesaw State","fbs","Conference USA",2024,4892292,"Connor Finer",3,3,11,1,4.74666385844295,1.58222128614765,1.58222128614765,29,9.66666666666667,9.66666666666667,0.666666666666667,3,3,1,0,0,NA,NA,NA,NA,NA,NA,NA,NA,"G6"
"338","Kennesaw State","fbs","Conference USA",2024,5083111,"Qua Ashley",24,9,11,2.66666666666667,10.4950491798894,0.437293715828724,1.16611657554326,218,9.08333333333333,24.2222222222222,0.416666666666667,24,24,1,0,0,444,442,423,491,54,436.5,372,431,"G6"
"338","Kennesaw State","fbs","Conference USA",2024,5083135,"Carson Kent",17,7,11,2.42857142857143,24.9904184761323,1.47002461624308,3.57005978230461,212,12.4705882352941,30.2857142857143,0.941176470588235,17,17,1,3,0,NA,NA,NA,NA,NA,NA,NA,NA,"G6"
"338","Kennesaw State","fbs","Conference USA",2024,5147191,"Javon Rogers",1,1,11,1,-0.931104973542643,-0.931104973542643,-0.931104973542643,4,4,4,0,1,1,1,0,0,NA,NA,NA,NA,NA,NA,NA,NA,"G6"
"338","Kennesaw State","fbs","Conference USA",2024,5154227,"Navelle Dean",3,2,11,1.5,3.11077786890431,1.03692595630144,1.55538893445215,49,16.3333333333333,24.5,0.666666666666667,3,3,1,0,0,NA,NA,NA,NA,NA,NA,NA,NA,"G6"
"338","Kennesaw State","fbs","Conference USA",2024,5194625,"Jaden Robinson",9,6,11,1.5,11.2304766191824,1.24783073546471,1.87174610319706,136,15.1111111111111,22.6666666666667,0.777777777777778,9,9,1,0,0,NA,NA,NA,NA,NA,NA,NA,NA,"G6"
"344","Mississippi State","fbs","SEC",2024,4429077,"Keyvone Lee",2,1,11,2,-1.79345137761063,-0.896725688805313,-1.79345137761063,11,5.5,11,0.5,2,2,1,0,0,NA,NA,NA,NA,NA,NA,NA,NA,"P4"
"344","Mississippi State","fbs","SEC",2024,4431468,"Jordan Mosley",21,8,11,2.625,14.5478987602738,0.692757083822563,1.81848734503423,260,12.3809523809524,32.5,0.714285714285714,16,21,0.761904761904762,1,0,412,389,314,192.5,463.5,395,132,339.5,"P4"
"344","Mississippi State","fbs","SEC",2024,4565315,"Blake Shapen",2,2,11,1,9.69593451383591,4.84796725691796,4.84796725691796,93,46.5,46.5,1,2,2,1,2,0,NA,NA,NA,NA,NA,NA,NA,NA,"P4"
"344","Mississippi State","fbs","SEC",2024,4567543,"Justin Ball",8,5,11,1.6,5.49496116309566,0.686870145386958,1.09899223261913,75,9.375,15,0.5,8,8,1,0,0,NA,NA,NA,NA,NA,NA,NA,NA,"P4"
"344","Mississippi State","fbs","SEC",2024,4685307,"Kevin Coleman Jr.",72,11,11,6.54545454545455,40.5003479417321,0.562504832524057,3.68184981288474,696,9.66666666666667,63.2727272727273,0.638888888888889,63,72,0.875,2,0,158,186,374,308,317,66,337.5,82,"P4"
"344","Mississippi State","fbs","SEC",2024,4714379,"Seydou Traore",37,11,11,3.36363636363636,14.5166838277256,0.392342806154747,1.31969852979324,314,8.48648648648649,28.5454545454545,0.621621621621622,32,37,0.864864864864865,1,1,413,430,438,340.5,343,333.5,401.5,393,"P4"
"344","Mississippi State","fbs","SEC",2024,4871040,"Creed Whittemore",3,2,11,1.5,5.15077347906719,1.7169244930224,2.57538673953359,62,20.6666666666667,31,1,3,3,1,0,0,NA,NA,NA,NA,NA,NA,NA,NA,"P4"
"344","Mississippi State","fbs","SEC",2024,5079345,"Mario Craver",21,7,11,3,23.4885285438191,1.11850135922948,3.35550407768845,314,14.952380952381,44.8571428571429,0.666666666666667,16,21,0.761904761904762,2,0,310,213,96,264.5,463.5,333.5,47,204,"P4"
"344","Mississippi State","fbs","SEC",2024,5079620,"Michael Van Buren Jr.",1,1,11,1,6.36458459398982,6.36458459398982,6.36458459398982,34,34,34,1,1,1,1,1,0,NA,NA,NA,NA,NA,NA,NA,NA,"P4"
"344","Mississippi State","fbs","SEC",2024,5082289,"Kelly Akharaiyi",27,10,11,2.7,38.4779659477705,1.42510984991743,3.84779659477705,386,14.2962962962963,38.6,0.777777777777778,24,27,0.888888888888889,2,0,164,166,31,90.5,288,245,64.5,269,"P4"
"344","Mississippi State","fbs","SEC",2024,5132652,"Ricky Johnson",2,1,11,2,3.31324879889539,1.6566243994477,3.31324879889539,9,4.5,9,0.5,2,2,1,0,0,NA,NA,NA,NA,NA,NA,NA,NA,"P4"
"344","Mississippi State","fbs","SEC",2024,5146736,"Sanfrisco Magee",1,1,11,1,0.177822667568332,0.177822667568332,0.177822667568332,6,6,6,1,1,1,1,0,0,NA,NA,NA,NA,NA,NA,NA,NA,"P4"
"344","Mississippi State","fbs","SEC",2024,5146781,"Xavier Gayten",1,1,11,1,0.576060206000516,0.576060206000516,0.576060206000516,10,10,10,1,1,1,1,0,0,NA,NA,NA,NA,NA,NA,NA,NA,"P4"
"344","Mississippi State","fbs","SEC",2024,5153650,"Davon Booth",15,9,11,1.66666666666667,21.3312955737805,1.42208637158536,2.37014395264227,164,10.9333333333333,18.2222222222222,0.6,13,15,0.866666666666667,4,0,NA,NA,NA,NA,NA,NA,NA,NA,"P4"
"344","Mississippi State","fbs","SEC",2024,5218820,"Johnnie Daniels",10,6,11,1.66666666666667,1.28437352728804,0.128437352728804,0.214062254548007,64,6.4,10.6666666666667,0.2,7,10,0.7,0,0,NA,NA,NA,NA,NA,NA,NA,NA,"P4"
"349","Army","fbs","American Athletic",2024,4689825,"Tyrell Robinson",5,3,11,1.66666666666667,-2.51380423327872,-0.502760846655743,-0.837934744426238,9,1.8,3,0.2,3,5,0.6,0,0,NA,NA,NA,NA,NA,NA,NA,NA,"G6"
"349","Army","fbs","American Athletic",2024,4879928,"Bryson Daily",2,2,11,1,2.21198259161516,1.10599129580758,1.10599129580758,41,20.5,20.5,0.5,1,2,0.5,1,0,NA,NA,NA,NA,NA,NA,NA,NA,"G6"
"349","Army","fbs","American Athletic",2024,4879956,"Will Montesi",1,1,11,1,1.58809257769387,1.58809257769387,1.58809257769387,20,20,20,1,1,1,1,0,0,NA,NA,NA,NA,NA,NA,NA,NA,"G6"
"349","Army","fbs","American Athletic",2024,4879965,"Casey Reynolds",20,9,11,2.22222222222222,26.860108009747,1.34300540048735,2.98445644552745,363,18.15,40.3333333333333,0.75,15,20,0.75,1,0,NA,NA,NA,NA,NA,NA,NA,NA,"G6"
"349","Army","fbs","American Athletic",2024,4879971,"Cam Schurr",4,4,11,1,6.22565638061406,1.55641409515352,1.55641409515352,52,13,13,1,4,4,1,1,0,NA,NA,NA,NA,NA,NA,NA,NA,"G6"
"349","Army","fbs","American Athletic",2024,4879975,"Miles Stewart",3,2,11,1.5,1.68726269398832,0.562420897996105,0.843631346994158,26,8.66666666666667,13,0.666666666666667,3,3,1,1,0,NA,NA,NA,NA,NA,NA,NA,NA,"G6"
"349","Army","fbs","American Athletic",2024,5082140,"Liam Fortner",1,1,11,1,1.7226977660008,1.7226977660008,1.7226977660008,28,28,28,1,1,1,1,0,0,NA,NA,NA,NA,NA,NA,NA,NA,"G6"
"349","Army","fbs","American Athletic",2024,5082142,"Noah Short",18,9,11,2,26.5563315512345,1.47535175284636,2.95070350569272,266,14.7777777777778,29.5555555555556,0.722222222222222,14,18,0.777777777777778,2,0,NA,NA,NA,NA,NA,NA,NA,NA,"G6"
"349","Army","fbs","American Athletic",2024,5082144,"Hayden Reed",5,3,11,1.66666666666667,-2.1469363221114,-0.429387264422281,-0.715645440703801,34,6.8,11.3333333333333,0.4,4,5,0.8,0,0,NA,NA,NA,NA,NA,NA,NA,NA,"G6"
"349","Army","fbs","American Athletic",2024,5150313,"Kanye Udoh",1,1,11,1,-0.543077974460144,-0.543077974460144,-0.543077974460144,3,3,3,0,1,1,1,0,0,NA,NA,NA,NA,NA,NA,NA,NA,"G6"
"349","Army","fbs","American Athletic",2024,5150316,"Samari Howard",1,1,11,1,-0.158195082816192,-0.158195082816192,-0.158195082816192,4,4,4,0,1,1,1,0,0,NA,NA,NA,NA,NA,NA,NA,NA,"G6"
"349","Army","fbs","American Athletic",2024,5150368,"KP Pointer",1,1,11,1,0.326609404257575,0.326609404257575,0.326609404257575,9,9,9,1,1,1,1,0,0,NA,NA,NA,NA,NA,NA,NA,NA,"G6"
"349","Army","fbs","American Athletic",2024,5150376,"Josh Horton",1,1,11,1,1.77788026788262,1.77788026788262,1.77788026788262,8,8,8,1,1,1,1,0,0,NA,NA,NA,NA,NA,NA,NA,NA,"G6"
"356","Illinois","fbs","Big Ten",2024,4427225,"Zakhari Franklin",56,10,11,5.6,62.6106372354949,1.11804709349098,6.26106372354949,531,9.48214285714286,53.1,0.696428571428571,50,56,0.892857142857143,3,1,47,37,97,218,281,149.5,349,146,"P4"
"356","Illinois","fbs","Big Ten",2024,4597679,"Luke Altmyer",2,2,11,1,3.05861365214129,1.52930682607065,1.52930682607065,46,23,23,0.5,2,2,1,1,0,NA,NA,NA,NA,NA,NA,NA,NA,"P4"
"356","Illinois","fbs","Big Ten",2024,4600981,"Patrick Bryant",52,11,11,4.72727272727273,63.135948953963,1.21415286449929,5.73963172308754,764,14.6923076923077,69.4545454545455,0.769230769230769,45,52,0.865384615384615,5,0,44,56,74,98.5,340,38.5,57,51.5,"P4"
"356","Illinois","fbs","Big Ten",2024,4682640,"Joshua McCray",13,7,11,1.85714285714286,11.2513981457955,0.865492165061195,1.60734259225651,67,5.15384615384615,9.57142857142857,0.538461538461538,12,13,0.923076923076923,1,0,NA,NA,NA,NA,NA,NA,NA,NA,"P4"
"356","Illinois","fbs","Big Ten",2024,4683308,"Tanner Arkin",18,7,11,2.57142857142857,0.737859284511253,0.0409921824728474,0.105408469215893,81,4.5,11.5714285714286,0.444444444444444,13,18,0.722222222222222,2,0,NA,NA,NA,NA,NA,NA,NA,NA,"P4"
"356","Illinois","fbs","Big Ten",2024,4814930,"Hank Beatty",19,9,11,2.11111111111111,7.33012776242482,0.385796198022359,0.814458640269425,149,7.84210526315789,16.5555555555556,0.631578947368421,14,19,0.736842105263158,1,1,NA,NA,NA,NA,NA,NA,NA,NA,"P4"
"356","Illinois","fbs","Big Ten",2024,4827047,"Aidan Laughery",5,4,11,1.25,-0.393057918085275,-0.078611583617055,-0.0982644795213188,16,3.2,4,0.6,5,5,1,0,0,NA,NA,NA,NA,NA,NA,NA,NA,"P4"
"356","Illinois","fbs","Big Ten",2024,4870696,"Malik Elzy",1,1,11,1,0.959901782833439,0.959901782833439,0.959901782833439,15,15,15,1,1,1,1,0,0,NA,NA,NA,NA,NA,NA,NA,NA,"P4"
"356","Illinois","fbs","Big Ten",2024,4870728,"Kaden Feagin",5,3,11,1.66666666666667,2.66001320194068,0.532002640388135,0.886671067313558,37,7.4,12.3333333333333,0.6,5,5,1,0,0,NA,NA,NA,NA,NA,NA,NA,NA,"P4"
"356","Illinois","fbs","Big Ten",2024,4885048,"Carson Goda",3,2,11,1.5,1.67269194011853,0.557563980039511,0.836345970059267,31,10.3333333333333,15.5,0.666666666666667,3,3,1,1,0,NA,NA,NA,NA,NA,NA,NA,NA,"P4"
"356","Illinois","fbs","Big Ten",2024,4921407,"Brandon Henderson",1,1,11,1,4.56399118168634,4.56399118168634,4.56399118168634,6,6,6,1,1,1,1,1,0,NA,NA,NA,NA,NA,NA,NA,NA,"P4"
"356","Illinois","fbs","Big Ten",2024,4923226,"Collin Dixon",17,9,11,1.88888888888889,16.1290305717407,0.948766504220041,1.79211450797119,161,9.47058823529412,17.8888888888889,0.705882352941177,16,17,0.941176470588235,0,0,NA,NA,NA,NA,NA,NA,NA,NA,"P4"
"356","Illinois","fbs","Big Ten",2024,5078909,"Kenari Wilcher",2,1,11,2,0.23749666608325,0.118748333041625,0.23749666608325,12,6,12,1,2,2,1,0,0,NA,NA,NA,NA,NA,NA,NA,NA,"P4"
"356","Illinois","fbs","Big Ten",2024,5106299,"Ca'Lil Valentine",7,5,11,1.4,-3.70613910126542,-0.529448443037917,-0.741227820253084,15,2.14285714285714,3,0.428571428571429,5,7,0.714285714285714,0,0,NA,NA,NA,NA,NA,NA,NA,NA,"P4"
"356","Illinois","fbs","Big Ten",2024,5154321,"Alex Capka-Jones",1,1,11,1,2.65782571116668,2.65782571116668,2.65782571116668,16,16,16,1,1,1,1,0,0,NA,NA,NA,NA,NA,NA,NA,NA,"P4"
"36","Colorado State","fbs","Mountain West",2024,4428163,"Donovan Ollie",1,1,11,1,-1.38826300520616,-1.38826300520616,-1.38826300520616,3,3,3,0,1,1,1,0,0,NA,NA,NA,NA,NA,NA,NA,NA,"G6"
"36","Colorado State","fbs","Mountain West",2024,4432431,"Avery Morrow",13,7,11,1.85714285714286,3.62735028731565,0.279026945178127,0.51819289818795,78,6,11.1428571428571,0.538461538461538,13,13,1,0,0,NA,NA,NA,NA,NA,NA,NA,NA,"G6"
"36","Colorado State","fbs","Mountain West",2024,4572525,"Kobe Johnson",1,1,11,1,-0.799109123725705,-0.799109123725705,-0.799109123725705,7,7,7,0,1,1,1,0,0,NA,NA,NA,NA,NA,NA,NA,NA,"G6"
"36","Colorado State","fbs","Mountain West",2024,4589233,"Dylan Goffney",6,2,11,3,0.803719298378244,0.133953216396374,0.401859649189122,45,7.5,22.5,0.5,5,6,0.833333333333333,0,0,NA,NA,NA,NA,NA,NA,NA,NA,"G6"
"36","Colorado State","fbs","Mountain West",2024,4591746,"Dane Olson",13,7,11,1.85714285714286,32.2575950475653,2.48135346519733,4.60822786393789,266,20.4615384615385,38,0.846153846153846,13,13,1,1,0,NA,NA,NA,NA,NA,NA,NA,NA,"G6"
"36","Colorado State","fbs","Mountain West",2024,4597703,"Tory Horton",21,4,11,5.25,11.2038459176679,0.533516472269902,2.80096147941699,253,12.047619047619,63.25,0.571428571428571,21,21,1,0,1,436,279,388,403,54,408,155,83,"G6"
"36","Colorado State","fbs","Mountain West",2024,4608853,"Peter Montini",4,3,11,1.33333333333333,4.03258586668781,1.00814646667195,1.34419528889594,41,10.25,13.6666666666667,0.75,4,4,1,0,0,NA,NA,NA,NA,NA,NA,NA,NA,"G6"
"36","Colorado State","fbs","Mountain West",2024,4685601,"Armani Winfield",34,11,11,3.09090909090909,19.0692192973037,0.560859391097167,1.73356539066397,319,9.38235294117647,29,0.705882352941177,34,34,1,1,1,366,395,376,207,54,328,355,384.5,"G6"
"36","Colorado State","fbs","Mountain West",2024,4833597,"Brayden Fowler-Nicolosi",5,3,11,1.66666666666667,16.6990434143324,3.33980868286648,5.56634780477746,76,15.2,25.3333333333333,1,5,5,1,5,0,NA,NA,NA,NA,NA,NA,NA,NA,"G6"
"36","Colorado State","fbs","Mountain West",2024,4920896,"Lavon Brown",3,1,11,3,2.33979309726493,0.779931032421644,2.33979309726493,32,10.6666666666667,32,0.666666666666667,3,3,1,0,0,NA,NA,NA,NA,NA,NA,NA,NA,"G6"
"36","Colorado State","fbs","Mountain West",2024,5078251,"Justin Marshall",6,5,11,1.2,0.0562623295374927,0.00937705492291544,0.0112524659074985,49,8.16666666666667,9.8,0.5,6,6,1,0,0,NA,NA,NA,NA,NA,NA,NA,NA,"G6"
"36","Colorado State","fbs","Mountain West",2024,5079585,"Jordan Ross",9,6,11,1.5,15.0308357258421,1.6700928584269,2.50513928764034,131,14.5555555555556,21.8333333333333,0.777777777777778,9,9,1,0,0,NA,NA,NA,NA,NA,NA,NA,NA,"G6"
"36","Colorado State","fbs","Mountain West",2024,5082253,"Keegan Holles",2,1,11,2,0.598055891213206,0.299027945606603,0.598055891213206,4,2,4,0.5,1,2,0.5,0,0,NA,NA,NA,NA,NA,NA,NA,NA,"G6"
"36","Colorado State","fbs","Mountain West",2024,5117836,"Jamari Person",32,10,11,3.2,27.419138459247,0.856848076851469,2.7419138459247,353,11.03125,35.3,0.59375,32,32,1,1,0,259,287,221,375,54,277,239,305,"G6"
"36","Colorado State","fbs","Mountain West",2024,5120454,"Caleb Goodie",16,8,11,2,28.3214754853489,1.77009221783431,3.54018443566862,347,21.6875,43.375,0.875,16,16,1,2,1,NA,NA,NA,NA,NA,NA,NA,NA,"G6"
"36","Colorado State","fbs","Mountain West",2024,5151382,"Vince Brown II",17,9,11,1.88888888888889,9.81025981056625,0.577074106503897,1.09002886784069,138,8.11764705882353,15.3333333333333,0.705882352941177,17,17,1,1,0,NA,NA,NA,NA,NA,NA,NA,NA,"G6"
"36","Colorado State","fbs","Mountain West",2024,5193112,"Jalen Dupree",1,1,11,1,-1.37643433195421,-1.37643433195421,-1.37643433195421,2,2,2,0,1,1,1,0,0,NA,NA,NA,NA,NA,NA,NA,NA,"G6"
"36","Colorado State","fbs","Mountain West",2024,5219136,"Tommy Maher",2,2,11,1,3.51641147264511,1.75820573632255,1.75820573632255,58,29,29,0.5,2,2,1,1,0,NA,NA,NA,NA,NA,NA,NA,NA,"G6"
"38","Colorado","fbs","Big 12",2024,4428997,"Sav'ell Smalls",8,8,11,1,3.69115334129958,0.461394167662447,0.461394167662447,66,8.25,8.25,0.75,8,8,1,0,0,NA,NA,NA,NA,NA,NA,NA,NA,"P4"
"38","Colorado","fbs","Big 12",2024,4432762,"Shedeur Sanders",5,1,11,5,13.8463854728934,2.76927709457868,13.8463854728934,121,24.2,121,1,5,5,1,5,0,NA,NA,NA,NA,NA,NA,NA,NA,"P4"
"38","Colorado","fbs","Big 12",2024,4570038,"Sam Hart",2,2,11,1,-1.56929278052801,-0.784646390264007,-0.784646390264007,1,0.5,0.5,0,2,2,1,0,0,NA,NA,NA,NA,NA,NA,NA,NA,"P4"
"38","Colorado","fbs","Big 12",2024,4608679,"Will Sheppard",47,11,11,4.27272727272727,39.1806434872388,0.833630712494443,3.56187668065807,594,12.6382978723404,54,0.723404255319149,45,47,0.957446808510638,6,1,162,196,230,169,149,114.5,116,141.5,"P4"
"38","Colorado","fbs","Big 12",2024,4685415,"Travis Hunter",82,11,11,7.45454545454545,67.1751814101886,0.819209529392543,6.10683467365351,913,11.1341463414634,83,0.646341463414634,77,82,0.939024390243902,8,0,37,43,243,293,184,15,232,20,"P4"
"38","Colorado","fbs","Big 12",2024,4690143,"LaJohntay Wester",65,11,11,5.90909090909091,68.2285380393155,1.04966981598947,6.2025943672105,743,11.4307692307692,67.5454545454545,0.723076923076923,63,65,0.969230769230769,8,0,34,40,122,170.5,125.5,47.5,202,57.5,"P4"
"38","Colorado","fbs","Big 12",2024,4698727,"Dallan Hayden",17,8,11,2.125,-1.14014096926861,-0.0670671158393302,-0.142517621158577,80,4.70588235294118,10,0.352941176470588,15,17,0.882352941176471,0,0,NA,NA,NA,NA,NA,NA,NA,NA,"P4"
"38","Colorado","fbs","Big 12",2024,4708486,"Jimmy Horn Jr.",24,7,11,3.42857142857143,9.38411394151535,0.391004747563139,1.34058770593076,176,7.33333333333333,25.1428571428571,0.625,24,24,1,0,0,453,428,439,336,54,466.5,445,426,"P4"
"38","Colorado","fbs","Big 12",2024,4870710,"Isaiah Hardge",1,1,11,1,1.72386967107331,1.72386967107331,1.72386967107331,39,39,39,1,1,1,1,0,0,NA,NA,NA,NA,NA,NA,NA,NA,"P4"
"38","Colorado","fbs","Big 12",2024,4870850,"Omarion Miller",9,2,11,4.5,12.8908057389711,1.43231174877456,6.44540286948554,158,17.5555555555556,79,0.777777777777778,9,9,1,0,0,NA,NA,NA,NA,NA,NA,NA,NA,"P4"
"38","Colorado","fbs","Big 12",2024,4875282,"Charlie Offerdahl",2,2,11,1,-1.1541838215131,-0.577091910756551,-0.577091910756551,0,0,0,0,2,2,1,0,0,NA,NA,NA,NA,NA,NA,NA,NA,"P4"
"38","Colorado","fbs","Big 12",2024,4892983,"Terrell Timmons Jr.",2,2,11,1,-0.182122163567319,-0.0910610817836595,-0.0910610817836595,10,5,5,0,2,2,1,0,0,NA,NA,NA,NA,NA,NA,NA,NA,"P4"
"38","Colorado","fbs","Big 12",2024,4921292,"Isaiah Augustave",11,8,11,1.375,-7.25716842108256,-0.659742583734778,-0.90714605263532,62,5.63636363636364,7.75,0.363636363636364,11,11,1,0,1,NA,NA,NA,NA,NA,NA,NA,NA,"P4"
"38","Colorado","fbs","Big 12",2024,5079612,"Drelon Miller",29,9,11,3.22222222222222,16.5837933723615,0.571854943874533,1.84264370804016,262,9.03448275862069,29.1111111111111,0.655172413793103,28,29,0.96551724137931,3,0,394,385,369,285,133.5,393.5,375,383,"P4"
"38","Colorado","fbs","Big 12",2024,5079626,"Micah Welch",8,5,11,1.6,1.26011977063421,0.157514971329277,0.252023954126843,54,6.75,10.8,0.625,8,8,1,0,0,NA,NA,NA,NA,NA,NA,NA,NA,"P4"
"38","Colorado","fbs","Big 12",2024,5114313,"Jordan Onovughe",1,1,11,1,-0.152305941791506,-0.152305941791506,-0.152305941791506,1,1,1,0,1,1,1,0,0,NA,NA,NA,NA,NA,NA,NA,NA,"P4"
"41","UConn","fbs","FBS Independents",2024,4426570,"Ezeriah Anderson",2,2,11,1,-0.561141652997721,-0.280570826498861,-0.280570826498861,11,5.5,5.5,0.5,2,2,1,0,0,NA,NA,NA,NA,NA,NA,NA,NA,"G6"
"41","UConn","fbs","FBS Independents",2024,4429582,"Joe Fagnano",4,3,11,1.33333333333333,15.7666013040771,3.94165032601928,5.2555337680257,135,33.75,45,1,4,4,1,4,0,NA,NA,NA,NA,NA,NA,NA,NA,"G6"
"41","UConn","fbs","FBS Independents",2024,4430470,"TJ Sheffield",48,10,11,4.8,26.7468154483792,0.557225321841233,2.67468154483792,439,9.14583333333333,43.9,0.604166666666667,45,48,0.9375,3,1,269,294,379,367,187,211,370,219,"G6"
"41","UConn","fbs","FBS Independents",2024,4569262,"Alex Honig",1,1,11,1,2.56267209548211,2.56267209548211,2.56267209548211,13,13,13,1,1,1,1,1,0,NA,NA,NA,NA,NA,NA,NA,NA,"G6"
"41","UConn","fbs","FBS Independents",2024,4569727,"Louis Hansen",21,9,11,2.33333333333333,20.4061385380034,0.971720882762065,2.26734872644482,175,8.33333333333333,19.4444444444444,0.714285714285714,21,21,1,3,0,348,335,152,192.5,54,469,413.5,465.5,"G6"
"41","UConn","fbs","FBS Independents",2024,4573222,"Brett Buckman",7,4,11,1.75,8.13844600436176,1.16263514348025,2.03461150109044,91,13,22.75,0.714285714285714,7,7,1,0,0,NA,NA,NA,NA,NA,NA,NA,NA,"G6"
"41","UConn","fbs","FBS Independents",2024,4683153,"Skyler Bell",50,11,11,4.54545454545455,59.1265554978461,1.18253110995692,5.3751414088951,686,13.72,62.3636363636364,0.76,45,50,0.9,3,0,55,76,79,109,270.5,69.5,79,91,"G6"
"41","UConn","fbs","FBS Independents",2024,4710843,"Jasaiah Gathings",30,10,11,3,16.8398833620965,0.561329445403217,1.68398833620965,223,7.43333333333333,22.3,0.633333333333333,26,30,0.866666666666667,1,0,390,400,375,321.5,338,430,440,447,"G6"
"41","UConn","fbs","FBS Independents",2024,4870959,"Shamar Porter",5,3,11,1.66666666666667,6.93841185927221,1.38768237185444,2.31280395309074,38,7.6,12.6666666666667,0.6,3,5,0.6,1,0,NA,NA,NA,NA,NA,NA,NA,NA,"G6"
"41","UConn","fbs","FBS Independents",2024,4873234,"Victor Rosa",1,1,11,1,0.945647703923385,0.945647703923385,0.945647703923385,8,8,8,1,1,1,1,0,0,NA,NA,NA,NA,NA,NA,NA,NA,"G6"
"41","UConn","fbs","FBS Independents",2024,4894661,"Durell Robinson",12,6,11,2,-1.23637285508193,-0.103031071256827,-0.206062142513654,65,5.41666666666667,10.8333333333333,0.5,12,12,1,0,0,NA,NA,NA,NA,NA,NA,NA,NA,"G6"
"41","UConn","fbs","FBS Independents",2024,5086034,"Camryn Edwards",13,8,11,1.625,6.45094762132207,0.496226740101697,0.806368452665258,98,7.53846153846154,12.25,0.769230769230769,12,13,0.923076923076923,1,0,NA,NA,NA,NA,NA,NA,NA,NA,"G6"
"5","UAB","fbs","American Athletic",2024,4426417,"Jacob Zeno",1,1,11,1,4.4829578502257,4.4829578502257,4.4829578502257,39,39,39,1,1,1,1,1,0,NA,NA,NA,NA,NA,NA,NA,NA,"G6"
"5","UAB","fbs","American Athletic",2024,4427960,"Terrell McDonald",15,9,11,1.66666666666667,10.8234972658618,0.721566484390786,1.20261080731798,192,12.8,21.3333333333333,0.666666666666667,15,15,1,0,2,NA,NA,NA,NA,NA,NA,NA,NA,"G6"
"5","UAB","fbs","American Athletic",2024,4428915,"Lee Witherspoon",2,1,11,2,-1.48897737928965,-0.744488689644825,-1.48897737928965,4,2,4,0,2,2,1,0,0,NA,NA,NA,NA,NA,NA,NA,NA,"G6"
"5","UAB","fbs","American Athletic",2024,4431286,"Armoni Goodwin",1,1,11,1,2.44896448862931,2.44896448862931,2.44896448862931,20,20,20,1,1,1,1,1,0,NA,NA,NA,NA,NA,NA,NA,NA,"G6"
"5","UAB","fbs","American Athletic",2024,4432297,"Isaiah Jacobs",4,2,11,2,0.160790077559436,0.0401975193898591,0.0803950387797182,19,4.75,9.5,0.75,4,4,1,0,0,NA,NA,NA,NA,NA,NA,NA,NA,"G6"
"5","UAB","fbs","American Athletic",2024,4565187,"Jalen Kitna",2,2,11,1,2.96165039374293,1.48082519687146,1.48082519687146,-1,-0.5,-0.5,0.5,2,2,1,1,0,NA,NA,NA,NA,NA,NA,NA,NA,"G6"
"5","UAB","fbs","American Athletic",2024,4685484,"Jack Nickel",1,1,11,1,0.620977587277599,0.620977587277599,0.620977587277599,6,6,6,1,1,1,1,0,0,NA,NA,NA,NA,NA,NA,NA,NA,"G6"
"5","UAB","fbs","American Athletic",2024,4687700,"Malachi Holt-Bennett",15,10,11,1.5,18.9835039745932,1.26556693163955,1.89835039745932,219,14.6,21.9,0.866666666666667,15,15,1,1,0,NA,NA,NA,NA,NA,NA,NA,NA,"G6"
"5","UAB","fbs","American Athletic",2024,4880644,"Bryce Damous",21,8,11,2.625,14.8407041616585,0.706700198174216,1.85508802020732,240,11.4285714285714,30,0.714285714285714,21,21,1,1,1,410,383,307,192.5,54,420,203,376,"G6"
"5","UAB","fbs","American Athletic",2024,4912265,"J.C. Sivley",1,1,11,1,0.272039856189978,0.272039856189978,0.272039856189978,9,9,9,1,1,1,1,0,0,NA,NA,NA,NA,NA,NA,NA,NA,"G6"
"5","UAB","fbs","American Athletic",2024,4912286,"Iverson Hooks",14,5,11,2.8,9.26380701889969,0.661700501349978,1.85276140377994,151,10.7857142857143,30.2,0.714285714285714,14,14,1,0,0,NA,NA,NA,NA,NA,NA,NA,NA,"G6"
"5","UAB","fbs","American Athletic",2024,5077060,"Amare Thomas",67,10,11,6.7,57.2679504050869,0.854745528434133,5.72679504050869,668,9.97014925373134,66.8,0.686567164179104,62,67,0.925373134328358,6,0,60,58,224,232,208,76,309,62,"G6"
"5","UAB","fbs","American Athletic",2024,5081178,"Trace Campbell",2,1,11,2,-2.55257874146685,-1.27628937073342,-2.55257874146685,-5,-2.5,-5,0,2,2,1,0,0,NA,NA,NA,NA,NA,NA,NA,NA,"G6"
"5","UAB","fbs","American Athletic",2024,5082370,"Dallas Payne",18,6,11,3,11.3790019486795,0.632166774926637,1.89650032477991,181,10.0555555555556,30.1666666666667,0.666666666666667,16,18,0.888888888888889,1,0,NA,NA,NA,NA,NA,NA,NA,NA,"G6"
"5","UAB","fbs","American Athletic",2024,5091725,"Lee Beebe",32,10,11,3.2,7.83071758954223,0.244709924673195,0.783071758954223,228,7.125,22.8,0.53125,31,32,0.96875,1,2,460,463,463,432.5,128,427,452,442,"G6"
"5","UAB","fbs","American Athletic",2024,5121666,"Kameran Shanks",69,11,11,6.27272727272727,44.6230344848695,0.646710644708253,4.0566394986245,661,9.57971014492754,60.0909090909091,0.565217391304348,60,69,0.869565217391304,6,1,123,148,328,405.5,329.5,78.5,343,102,"G6"
"5","UAB","fbs","American Athletic",2024,5125905,"Corri Milliner",25,6,11,4.16666666666667,30.7236777396598,1.22894710958639,5.12061295660997,376,15.04,62.6666666666667,0.64,21,25,0.84,3,0,229,81,70,302.5,383.5,254,46,87,"G6"
"5","UAB","fbs","American Athletic",2024,5151662,"BJ Hawkins Jr.",1,1,11,1,2.059244257057,2.059244257057,2.059244257057,23,23,23,1,1,1,1,0,0,NA,NA,NA,NA,NA,NA,NA,NA,"G6"
"5","UAB","fbs","American Athletic",2024,5219693,"Solomon Beebe",2,2,11,1,0.00603932362433168,0.00301966181216584,0.00301966181216584,12,6,6,0.5,2,2,1,0,0,NA,NA,NA,NA,NA,NA,NA,NA,"G6"
"5","UAB","fbs","American Athletic",2024,5219702,"Xavier Daisy",1,1,11,1,2.22268716665894,2.22268716665894,2.22268716665894,24,24,24,1,1,1,1,0,0,NA,NA,NA,NA,NA,NA,NA,NA,"G6"
"52","Florida State","fbs","ACC",2024,4429072,"Lawrance Toafili",29,11,11,2.63636363636364,3.51524404068067,0.121215311747609,0.319567640061879,212,7.31034482758621,19.2727272727273,0.379310344827586,24,29,0.827586206896552,0,0,483,484,480,498,398,441,446,467,"P4"
"52","Florida State","fbs","ACC",2024,4430636,"Kentron Poitier",10,6,11,1.66666666666667,19.7828261296139,1.97828261296139,3.29713768826898,155,15.5,25.8333333333333,1,10,10,1,2,0,NA,NA,NA,NA,NA,NA,NA,NA,"P4"
"52","Florida State","fbs","ACC",2024,4430885,"Ja'Khi Douglas",38,10,11,3.8,46.7938569113494,1.23141728714077,4.67938569113494,437,11.5,43.7,0.657894736842105,29,38,0.763157894736842,3,0,110,111,66,281.5,461,213,198,224,"P4"
"52","Florida State","fbs","ACC",2024,4430894,"Caziah Holmes",1,1,11,1,-1.47151994898247,-1.47151994898247,-1.47151994898247,0,0,0,0,0,1,0,0,0,NA,NA,NA,NA,NA,NA,NA,NA,"P4"
"52","Florida State","fbs","ACC",2024,4567253,"Darion Williamson",8,4,11,2,1.17740261946471,0.147175327433089,0.294350654866179,58,7.25,14.5,0.375,4,8,0.5,0,0,NA,NA,NA,NA,NA,NA,NA,NA,"P4"
"52","Florida State","fbs","ACC",2024,4685723,"Roydell Williams",7,2,11,3.5,0.966961380662505,0.138137340094644,0.483480690331253,46,6.57142857142857,23,0.428571428571429,5,7,0.714285714285714,0,0,NA,NA,NA,NA,NA,NA,NA,NA,"P4"
"52","Florida State","fbs","ACC",2024,4696686,"Deuce Spann",1,1,11,1,-1.83292894734794,-1.83292894734794,-1.83292894734794,5,5,5,0,1,1,1,0,0,NA,NA,NA,NA,NA,NA,NA,NA,"P4"
"52","Florida State","fbs","ACC",2024,4731586,"Kyle Morlock",16,8,11,2,11.1944475276777,0.699652970479858,1.39930594095972,149,9.3125,18.625,0.75,13,16,0.8125,0,0,NA,NA,NA,NA,NA,NA,NA,NA,"P4"
"52","Florida State","fbs","ACC",2024,4812439,"Brian Courtney",1,1,11,1,-1.45897825739586,-1.45897825739586,-1.45897825739586,3,3,3,0,1,1,1,0,0,NA,NA,NA,NA,NA,NA,NA,NA,"P4"
"52","Florida State","fbs","ACC",2024,4870619,"Jalen Brown",9,5,11,1.8,5.01679761344703,0.55742195704967,1.00335952268941,75,8.33333333333333,15,0.555555555555556,8,9,0.888888888888889,0,0,NA,NA,NA,NA,NA,NA,NA,NA,"P4"
"52","Florida State","fbs","ACC",2024,4870955,"Samuel Singleton",2,2,11,1,-0.773948065159187,-0.386974032579593,-0.386974032579593,6,3,3,0,2,2,1,0,0,NA,NA,NA,NA,NA,NA,NA,NA,"P4"
"52","Florida State","fbs","ACC",2024,4871048,"Hykeem Williams",17,7,11,2.42857142857143,11.0020041317184,0.647176713630494,1.57171487595977,152,8.94117647058824,21.7142857142857,0.529411764705882,14,17,0.823529411764706,0,1,NA,NA,NA,NA,NA,NA,NA,NA,"P4"
"52","Florida State","fbs","ACC",2024,4871148,"Jaylin Lucas",4,2,11,2,3.55541789092564,0.888854472731409,1.77770894546282,39,9.75,19.5,0.75,3,4,0.75,0,0,NA,NA,NA,NA,NA,NA,NA,NA,"P4"
"52","Florida State","fbs","ACC",2024,5079364,"Kam Davis",3,3,11,1,0.509935217817051,0.169978405939017,0.169978405939017,21,7,7,0.333333333333333,2,3,0.666666666666667,0,0,NA,NA,NA,NA,NA,NA,NA,NA,"P4"
"52","Florida State","fbs","ACC",2024,5079539,"Elijah Moore",2,2,11,1,0.342465864978771,0.171232932489385,0.171232932489385,17,8.5,8.5,0.5,2,2,1,0,0,NA,NA,NA,NA,NA,NA,NA,NA,"P4"
"52","Florida State","fbs","ACC",2024,5079738,"Landen Thomas",13,5,11,2.6,10.3271167518066,0.794393596292818,2.06542335036133,141,10.8461538461538,28.2,0.615384615384615,12,13,0.923076923076923,1,0,NA,NA,NA,NA,NA,NA,NA,NA,"P4"
"52","Florida State","fbs","ACC",2024,5086096,"Lawayne McCoy",5,3,11,1.66666666666667,3.9464582541193,0.78929165082386,1.31548608470643,42,8.4,14,0.8,5,5,1,0,0,NA,NA,NA,NA,NA,NA,NA,NA,"P4"
"52","Florida State","fbs","ACC",2024,5088153,"Micahi Danzy",1,1,11,1,-0.934780753770475,-0.934780753770475,-0.934780753770475,0,0,0,0,0,1,0,0,0,NA,NA,NA,NA,NA,NA,NA,NA,"P4"
"52","Florida State","fbs","ACC",2024,5141763,"Amaree Williams",3,3,11,1,9.18292232145679,3.06097410715226,3.06097410715226,60,20,20,1,3,3,1,1,1,NA,NA,NA,NA,NA,NA,NA,NA,"P4"
"52","Florida State","fbs","ACC",2024,5150247,"Malik Benson",31,10,11,3.1,23.6693453878043,0.763527270574333,2.36693453878043,307,9.90322580645161,30.7,0.516129032258065,24,31,0.774193548387097,1,0,306,321,272,444,451.5,346.5,317,367.5,"P4"
"55","Jacksonville State","fbs","Conference USA",2024,4570115,"Samario Rudolph",6,4,13,1.5,4.88658602367923,0.814431003946538,1.22164650591981,54,9,13.5,0.666666666666667,6,6,1,0,0,NA,NA,NA,NA,NA,NA,NA,NA,"G6"
"55","Jacksonville State","fbs","Conference USA",2024,4570580,"Sean Brown",11,8,13,1.375,19.3168280257838,1.75607527507125,2.41460350322297,181,16.4545454545455,22.625,0.909090909090909,11,11,1,3,0,NA,NA,NA,NA,NA,NA,NA,NA,"G6"
"55","Jacksonville State","fbs","Conference USA",2024,4574356,"Tyler Huff",2,1,13,2,6.48337860856536,3.24168930428268,6.48337860856536,69,34.5,69,1,2,2,1,2,0,NA,NA,NA,NA,NA,NA,NA,NA,"G6"
"55","Jacksonville State","fbs","Conference USA",2024,4578042,"P.J. Wells",11,5,13,2.2,2.91133142377563,0.264666493070512,0.582266284755126,71,6.45454545454545,14.2,0.545454545454545,11,11,1,0,0,NA,NA,NA,NA,NA,NA,NA,NA,"G6"
"55","Jacksonville State","fbs","Conference USA",2024,4610011,"Tar'Varish Dawson Jr.",1,1,13,1,0.633867666066912,0.633867666066912,0.633867666066912,16,16,16,1,1,1,1,0,0,NA,NA,NA,NA,NA,NA,NA,NA,"G6"
"55","Jacksonville State","fbs","Conference USA",2024,4693219,"Ron Wiggins",1,1,13,1,-0.410350325550574,-0.410350325550574,-0.410350325550574,5,5,5,0,1,1,1,0,0,NA,NA,NA,NA,NA,NA,NA,NA,"G6"
"55","Jacksonville State","fbs","Conference USA",2024,4736210,"Michael Pettway",23,12,13,1.91666666666667,32.6325058975729,1.4188046042423,2.71937549146441,396,17.2173913043478,33,0.826086956521739,22,23,0.956521739130435,2,1,NA,NA,NA,NA,NA,NA,NA,NA,"G6"
"55","Jacksonville State","fbs","Conference USA",2024,4877733,"Pearson Baldwin",1,1,13,1,1.77903814185974,1.77903814185974,1.77903814185974,16,16,16,1,1,1,1,0,0,NA,NA,NA,NA,NA,NA,NA,NA,"G6"
"55","Jacksonville State","fbs","Conference USA",2024,4877738,"Brock Rechsteiner",13,10,13,1.3,13.8199807362589,1.06307544125068,1.38199807362589,205,15.7692307692308,20.5,0.615384615384615,13,13,1,2,0,NA,NA,NA,NA,NA,NA,NA,NA,"G6"
"55","Jacksonville State","fbs","Conference USA",2024,4911914,"Andrew Paul",1,1,13,1,-3.09268447405463,-3.09268447405463,-3.09268447405463,-2,-2,-2,0,1,1,1,0,0,NA,NA,NA,NA,NA,NA,NA,NA,"G6"
"55","Jacksonville State","fbs","Conference USA",2024,4912254,"Jordan McCants",13,8,13,1.625,12.3005149924228,0.946193460955598,1.53756437405285,140,10.7692307692308,17.5,0.846153846153846,13,13,1,0,0,NA,NA,NA,NA,NA,NA,NA,NA,"G6"
"55","Jacksonville State","fbs","Conference USA",2024,4917296,"Jacob Barrick",6,6,13,1,4.60545480084399,0.767575800140665,0.767575800140665,70,11.6666666666667,11.6666666666667,0.833333333333333,6,6,1,0,0,NA,NA,NA,NA,NA,NA,NA,NA,"G6"
"55","Jacksonville State","fbs","Conference USA",2024,5085265,"Anwar Lewis",3,3,13,1,3.80246901492325,1.26748967164108,1.26748967164108,54,18,18,0.333333333333333,3,3,1,0,0,NA,NA,NA,NA,NA,NA,NA,NA,"G6"
"55","Jacksonville State","fbs","Conference USA",2024,5093062,"Tre Stewart",15,9,13,1.66666666666667,11.5248043644462,0.76832029096308,1.2805338182718,200,13.3333333333333,22.2222222222222,0.6,15,15,1,1,0,NA,NA,NA,NA,NA,NA,NA,NA,"G6"
"55","Jacksonville State","fbs","Conference USA",2024,5093183,"Demarcus Lacey",8,4,13,2,7.45164740674552,0.931455925843191,1.86291185168638,84,10.5,21,0.75,8,8,1,0,0,NA,NA,NA,NA,NA,NA,NA,NA,"G6"
"55","Jacksonville State","fbs","Conference USA",2024,5150902,"Jarod Bowie",8,4,13,2,7.38797470127775,0.923496837659719,1.84699367531944,97,12.125,24.25,1,8,8,1,0,0,NA,NA,NA,NA,NA,NA,NA,NA,"G6"
"55","Jacksonville State","fbs","Conference USA",2024,5150904,"Cam Vaughn",39,12,13,3.25,42.9474001308926,1.10121538797161,3.57895001090772,562,14.4102564102564,46.8333333333333,0.769230769230769,35,39,0.897435897435897,3,0,134,193,102,98.5,275,127,62,189,"G6"
"55","Jacksonville State","fbs","Conference USA",2024,5230759,"Samario Rudolph",3,2,13,1.5,-0.165134114477531,-0.0550447048258436,-0.0825670572387654,20,6.66666666666667,10,0.666666666666667,3,3,1,0,0,NA,NA,NA,NA,NA,NA,NA,NA,"G6"
"57","Florida","fbs","SEC",2024,4426335,"Graham Mertz",4,2,11,2,9.22017176592632,2.30504294148158,4.61008588296316,71,17.75,35.5,1,4,4,1,4,0,NA,NA,NA,NA,NA,NA,NA,NA,"P4"
"57","Florida","fbs","SEC",2024,4429184,"Elijhah Badger",49,10,11,4.9,37.8861393307728,0.773186516954548,3.78861393307729,630,12.8571428571429,63,0.63265306122449,33,49,0.673469387755102,2,0,174,174,265,323,496.5,98,110,84.5,"P4"
"57","Florida","fbs","SEC",2024,4430833,"Ja'Quavion Fraziars",1,1,11,1,0.756013462636015,0.756013462636015,0.756013462636015,14,14,14,1,1,1,1,0,0,NA,NA,NA,NA,NA,NA,NA,NA,"P4"
"57","Florida","fbs","SEC",2024,4431268,"Chimere Dike",47,11,11,4.27272727272727,41.1245892430762,0.874991260490983,3.73859902209784,643,13.6808510638298,58.4545454545455,0.617021276595745,35,47,0.74468085106383,2,1,151,177,209,354.5,472,87,83,110,"P4"
"57","Florida","fbs","SEC",2024,4592832,"Marcus Burke",9,3,11,3,1.88548002638633,0.209497780709593,0.628493342128777,49,5.44444444444444,16.3333333333333,0.444444444444444,7,9,0.777777777777778,1,0,NA,NA,NA,NA,NA,NA,NA,NA,"P4"
"57","Florida","fbs","SEC",2024,4684625,"Montrell Johnson",14,6,11,2.33333333333333,-5.25217915099991,-0.37515565364285,-0.875363191833318,55,3.92857142857143,9.16666666666667,0.357142857142857,11,14,0.785714285714286,0,0,NA,NA,NA,NA,NA,NA,NA,NA,"P4"
"57","Florida","fbs","SEC",2024,4693740,"Kahleil Jackson",2,1,11,2,0.328071294191118,0.164035647095559,0.328071294191118,13,6.5,13,0.5,1,2,0.5,0,0,NA,NA,NA,NA,NA,NA,NA,NA,"P4"
"57","Florida","fbs","SEC",2024,4702556,"Arlis Boardingham",18,8,11,2.25,-2.73778534256897,-0.152099185698276,-0.342223167821121,109,6.05555555555556,13.625,0.444444444444444,15,18,0.833333333333333,1,0,NA,NA,NA,NA,NA,NA,NA,NA,"P4"
"57","Florida","fbs","SEC",2024,4878109,"Hayden Hansen",12,5,11,2.4,7.10818626044535,0.592348855037113,1.42163725208907,108,9,21.6,0.75,10,12,0.833333333333333,0,0,NA,NA,NA,NA,NA,NA,NA,NA,"P4"
"57","Florida","fbs","SEC",2024,4917945,"Aidan Mizell",15,5,11,3,2.34021754975082,0.156014503316721,0.468043509950164,111,7.4,22.2,0.4,12,15,0.8,1,0,NA,NA,NA,NA,NA,NA,NA,NA,"P4"
"57","Florida","fbs","SEC",2024,4921154,"Eugene Wilson",16,3,11,5.33333333333333,-0.346964146911633,-0.0216852591819771,-0.115654715637211,124,7.75,41.3333333333333,0.5,13,16,0.8125,0,0,NA,NA,NA,NA,NA,NA,NA,NA,"P4"
"57","Florida","fbs","SEC",2024,5079289,"Tawaski Abrams",1,1,11,1,-0.102601547454759,-0.102601547454759,-0.102601547454759,3,3,3,0,1,1,1,0,0,NA,NA,NA,NA,NA,NA,NA,NA,"P4"
"57","Florida","fbs","SEC",2024,5079322,"Jadan Baugh",3,3,11,1,6.04351494627727,2.01450498209242,2.01450498209242,32,10.6666666666667,10.6666666666667,0.666666666666667,2,3,0.666666666666667,1,0,NA,NA,NA,NA,NA,NA,NA,NA,"P4"
"57","Florida","fbs","SEC",2024,5079555,"D.J. Lagway",2,2,11,1,5.96935666298838,2.98467833149419,2.98467833149419,31,15.5,15.5,1,2,2,1,2,0,NA,NA,NA,NA,NA,NA,NA,NA,"P4"
"57","Florida","fbs","SEC",2024,5121893,"Tony Livingston",8,4,11,2,0.91738333340259,0.114672916675324,0.229345833350648,43,5.375,10.75,0.5,5,8,0.625,0,0,NA,NA,NA,NA,NA,NA,NA,NA,"P4"
"57","Florida","fbs","SEC",2024,5151892,"Ja'Kobi Jackson",7,4,11,1.75,-0.0742063510834403,-0.0106009072976343,-0.0185515877708601,47,6.71428571428571,11.75,0.428571428571429,5,7,0.714285714285714,0,0,NA,NA,NA,NA,NA,NA,NA,NA,"P4"
"57","Florida","fbs","SEC",2024,5222221,"Tank Hawkins",12,3,11,4,1.35796043032845,0.113163369194037,0.452653476776149,64,5.33333333333333,21.3333333333333,0.5,10,12,0.833333333333333,0,1,NA,NA,NA,NA,NA,NA,NA,NA,"P4"
"58","South Florida","fbs","American Athletic",2024,4426815,"Mike Brown-Stephens",33,9,11,3.66666666666667,29.7656935878922,0.901990714784611,3.30729928754357,318,9.63636363636364,35.3333333333333,0.696969696969697,25,33,0.757575757575758,3,0,241,218,194,215.5,467.5,329.5,339,304,"G6"
"58","South Florida","fbs","American Athletic",2024,4427649,"Kelley Joiner Jr.",10,6,11,1.66666666666667,3.04629663575555,0.304629663575555,0.507716105959258,80,8,13.3333333333333,0.5,8,10,0.8,2,0,NA,NA,NA,NA,NA,NA,NA,NA,"G6"
"58","South Florida","fbs","American Athletic",2024,4433940,"Abdur-Rahmaan Yaseen",16,6,11,2.66666666666667,2.05226809291674,0.128266755807296,0.342044682152789,171,10.6875,28.5,0.625,14,16,0.875,0,1,NA,NA,NA,NA,NA,NA,NA,NA,"G6"
"58","South Florida","fbs","American Athletic",2024,4567400,"Nay'Quan Wright",18,9,11,2,4.70079567473773,0.261155315263207,0.522310630526415,112,6.22222222222222,12.4444444444444,0.444444444444444,16,18,0.888888888888889,0,0,NA,NA,NA,NA,NA,NA,NA,NA,"G6"
"58","South Florida","fbs","American Athletic",2024,4571563,"Sean Atkins",75,11,11,6.81818181818182,34.2437736357657,0.456583648476876,3.11307033052415,629,8.38666666666667,57.1818181818182,0.586666666666667,63,75,0.84,2,3,202,239,413,385,383.5,99.5,411,119.5,"G6"
"58","South Florida","fbs","American Athletic",2024,4571942,"Payten Singletary",17,7,11,2.42857142857143,12.4404533815236,0.731791375383741,1.77720762593194,174,10.2352941176471,24.8571428571429,0.529411764705882,16,17,0.941176470588235,2,0,NA,NA,NA,NA,NA,NA,NA,NA,"G6"
"58","South Florida","fbs","American Athletic",2024,4575831,"Taron Keith",13,5,11,2.6,6.58431412150215,0.506485701654011,1.31686282430043,157,12.0769230769231,31.4,0.692307692307692,13,13,1,0,0,NA,NA,NA,NA,NA,NA,NA,NA,"G6"
"58","South Florida","fbs","American Athletic",2024,4613193,"Joshua Cobbs",1,1,11,1,2.0951876134738,2.0951876134738,2.0951876134738,3,3,3,1,1,1,1,1,0,NA,NA,NA,NA,NA,NA,NA,NA,"G6"
"58","South Florida","fbs","American Athletic",2024,4643696,"Gunnar Greenwald",1,1,11,1,-0.693125412650174,-0.693125412650174,-0.693125412650174,2,2,2,0,1,1,1,0,0,NA,NA,NA,NA,NA,NA,NA,NA,"G6"
"58","South Florida","fbs","American Athletic",2024,4880272,"Byrum Brown",1,1,11,1,2.75044569928416,2.75044569928416,2.75044569928416,12,12,12,1,1,1,1,1,0,NA,NA,NA,NA,NA,NA,NA,NA,"G6"
"58","South Florida","fbs","American Athletic",2024,4950550,"Jeyquan Smith",5,3,11,1.66666666666667,7.73466280265851,1.5469325605317,2.5782209342195,101,20.2,33.6666666666667,0.8,5,5,1,0,0,NA,NA,NA,NA,NA,NA,NA,NA,"G6"
"58","South Florida","fbs","American Athletic",2024,5079382,"Jonathan Echols",1,1,11,1,5.13109681672535,5.13109681672535,5.13109681672535,59,59,59,1,1,1,1,1,0,NA,NA,NA,NA,NA,NA,NA,NA,"G6"
"58","South Florida","fbs","American Athletic",2024,5079660,"Brandon Winton",3,1,11,3,1.34543532206627,0.448478440688755,1.34543532206627,14,4.66666666666667,14,1,3,3,1,0,0,NA,NA,NA,NA,NA,NA,NA,NA,"G6"
"58","South Florida","fbs","American Athletic",2024,5121879,"Keshaun Singleton",24,5,11,4.8,30.470112991626,1.26958804131775,6.0940225983252,391,16.2916666666667,78.2,0.708333333333333,23,24,0.958333333333333,3,0,231,44,57,204,145,236.5,28,27,"G6"
"58","South Florida","fbs","American Athletic",2024,5146576,"Joshua Porter",22,9,11,2.44444444444444,3.67934720558633,0.167243054799379,0.408816356176259,175,7.95454545454545,19.4444444444444,0.5,21,22,0.954545454545455,0,0,482,483,476,457,156.5,469,427,465.5,"G6"
"59","Georgia Tech","fbs","ACC",2024,4426421,"Ryland Goede",5,4,11,1.25,4.98093920060224,0.996187840120448,1.24523480015056,68,13.6,17,1,5,5,1,0,0,NA,NA,NA,NA,NA,NA,NA,NA,"P4"
"59","Georgia Tech","fbs","ACC",2024,4426459,"Chase Lane",21,8,11,2.625,23.6176101505586,1.12464810240755,2.95220126881982,202,9.61904761904762,25.25,0.857142857142857,19,21,0.904761904761905,3,0,307,257,93,28.5,254.5,448,341,423.5,"P4"
"59","Georgia Tech","fbs","ACC",2024,4573699,"Jackson Hawes",13,8,11,1.625,20.8219712428457,1.60169009560352,2.60274640535571,161,12.3846153846154,20.125,1,13,13,1,0,0,NA,NA,NA,NA,NA,NA,NA,NA,"P4"
"59","Georgia Tech","fbs","ACC",2024,4577541,"Avery Boyd",21,8,11,2.625,19.1850192122913,0.913572343442442,2.39812740153641,256,12.1904761904762,32,0.666666666666667,19,21,0.904761904761905,1,0,365,319,188,264.5,254.5,401.5,143,347,"P4"
"59","Georgia Tech","fbs","ACC",2024,4587702,"Christian Leary",1,1,11,1,-0.486500652557894,-0.486500652557894,-0.486500652557894,2,2,2,0,1,1,1,0,0,NA,NA,NA,NA,NA,NA,NA,NA,"P4"
"59","Georgia Tech","fbs","ACC",2024,4601283,"Trevion Cooley",1,1,11,1,0.477284230235911,0.477284230235911,0.477284230235911,4,4,4,1,1,1,1,0,0,NA,NA,NA,NA,NA,NA,NA,NA,"P4"
"59","Georgia Tech","fbs","ACC",2024,4603746,"Malik Rutherford",59,11,11,5.36363636363636,42.1822849393136,0.714953982022264,3.83475317630123,620,10.5084745762712,56.3636363636364,0.694915254237288,55,59,0.932203389830508,2,0,144,169,299,220.5,197,102,271,123,"P4"
"59","Georgia Tech","fbs","ACC",2024,4611995,"Jamal Haynes",21,9,11,2.33333333333333,5.03316262375134,0.239674410654826,0.559240291527926,117,5.57142857142857,13,0.571428571428571,21,21,1,2,0,477,475,465,403,54,503,492,504,"P4"
"59","Georgia Tech","fbs","ACC",2024,4694912,"Abdul Janneh",3,3,11,1,5.02557240941809,1.67519080313936,1.67519080313936,74,24.6666666666667,24.6666666666667,0.666666666666667,3,3,1,0,0,NA,NA,NA,NA,NA,NA,NA,NA,"P4"
"59","Georgia Tech","fbs","ACC",2024,4696688,"Josh Beetham",3,2,11,1.5,3.3190635875059,1.10635452916863,1.65953179375295,29,9.66666666666667,14.5,1,3,3,1,0,0,NA,NA,NA,NA,NA,NA,NA,NA,"P4"
"59","Georgia Tech","fbs","ACC",2024,5079372,"Anthony Carrie",3,3,11,1,-3.63323682693632,-1.21107894231211,-1.21107894231211,4,1.33333333333333,1.33333333333333,0,3,3,1,0,0,NA,NA,NA,NA,NA,NA,NA,NA,"P4"
"59","Georgia Tech","fbs","ACC",2024,5095360,"Eric Singleton Jr.",57,11,11,5.18181818181818,45.5089246766247,0.798402187309205,4.13717497060224,640,11.2280701754386,58.1818181818182,0.631578947368421,50,57,0.87719298245614,1,0,115,143,253,325.5,314,89,221,112,"P4"
"59","Georgia Tech","fbs","ACC",2024,5103639,"Trelain Maddox",1,1,11,1,1.2802475902594,1.2802475902594,1.2802475902594,9,9,9,1,1,1,1,0,0,NA,NA,NA,NA,NA,NA,NA,NA,"P4"
"59","Georgia Tech","fbs","ACC",2024,5125580,"Chad Alexander",5,4,11,1.25,-0.828750501458914,-0.165750100291783,-0.207187625364729,22,4.4,5.5,0.2,5,5,1,0,0,NA,NA,NA,NA,NA,NA,NA,NA,"P4"
"59","Georgia Tech","fbs","ACC",2024,5125593,"Bailey Stockton",12,7,11,1.71428571428571,13.3655951949215,1.11379959957679,1.90937074213165,147,12.25,21,0.833333333333333,12,12,1,0,0,NA,NA,NA,NA,NA,NA,NA,NA,"P4"
"59","Georgia Tech","fbs","ACC",2024,5132253,"Isiah Canion",4,3,11,1.33333333333333,4.57654311661062,1.14413577915265,1.52551437220354,63,15.75,21,0.75,4,4,1,0,0,NA,NA,NA,NA,NA,NA,NA,NA,"P4"
"59","Georgia Tech","fbs","ACC",2024,5218907,"Luke Harpring",2,1,11,2,2.01182409159633,1.00591204579816,2.01182409159633,36,18,36,1,2,2,1,0,0,NA,NA,NA,NA,NA,NA,NA,NA,"P4"
"6","South Alabama","fbs","Sun Belt",2024,4426684,"Andrew Bench",1,1,11,1,1.79066043644951,1.79066043644951,1.79066043644951,19,19,19,1,1,1,1,0,0,NA,NA,NA,NA,NA,NA,NA,NA,"G6"
"6","South Alabama","fbs","Sun Belt",2024,4430992,"Kentrel Bullock",13,8,11,1.625,13.7983528208194,1.06141175544765,1.72479410260243,124,9.53846153846154,15.5,0.692307692307692,13,13,1,1,0,NA,NA,NA,NA,NA,NA,NA,NA,"G6"
"6","South Alabama","fbs","Sun Belt",2024,4432677,"Iverson Celestine",1,1,11,1,-0.840129858753675,-0.840129858753675,-0.840129858753675,0,0,0,0,1,1,1,0,0,NA,NA,NA,NA,NA,NA,NA,NA,"G6"
"6","South Alabama","fbs","Sun Belt",2024,4567525,"Javon Ivory",2,2,11,1,5.21663887398075,2.60831943699038,2.60831943699038,71,35.5,35.5,1,2,2,1,0,0,NA,NA,NA,NA,NA,NA,NA,NA,"G6"
"6","South Alabama","fbs","Sun Belt",2024,4570507,"Devin Voisin",25,10,11,2.5,25.4012180626089,1.01604872250435,2.54012180626089,284,11.36,28.4,0.88,25,25,1,0,0,281,305,136,18,54,371.5,211,395,"G6"
"6","South Alabama","fbs","Sun Belt",2024,4572655,"Jeremiah Webb",27,11,11,2.45454545454545,29.6076232676835,1.09657863954383,2.69160211524395,386,14.2962962962963,35.0909090909091,0.740740740740741,27,27,1,2,0,244,291,105,140.5,54,245,64.5,306,"G6"
"6","South Alabama","fbs","Sun Belt",2024,4576150,"Shamar Sandgren",14,7,11,2,9.75071909859418,0.69647993561387,1.39295987122774,148,10.5714285714286,21.1428571428571,0.928571428571429,13,14,0.928571428571429,0,0,NA,NA,NA,NA,NA,NA,NA,NA,"G6"
"6","South Alabama","fbs","Sun Belt",2024,4690170,"Damarcus Thomas",17,9,11,1.88888888888889,11.6636366054197,0.686096270907042,1.29595962282441,140,8.23529411764706,15.5555555555556,0.823529411764706,17,17,1,1,0,NA,NA,NA,NA,NA,NA,NA,NA,"G6"
"6","South Alabama","fbs","Sun Belt",2024,4892576,"Jamaal Pritchett",86,11,11,7.81818181818182,76.5563615479327,0.890190250557356,6.95966923163024,1046,12.1627906976744,95.0909090909091,0.744186046511628,85,86,0.988372093023256,6,0,16,21,199,133,108,8,148,10,"G6"
"6","South Alabama","fbs","Sun Belt",2024,4920227,"Giovanni Lopez",3,1,11,3,10.3786776236547,3.4595592078849,10.3786776236547,70,23.3333333333333,70,1,3,3,1,3,0,NA,NA,NA,NA,NA,NA,NA,NA,"G6"
"6","South Alabama","fbs","Sun Belt",2024,5075529,"Anthony Eager",7,4,11,1.75,9.99102210505463,1.42728887215066,2.49775552626366,99,14.1428571428571,24.75,0.714285714285714,7,7,1,1,0,NA,NA,NA,NA,NA,NA,NA,NA,"G6"
"6","South Alabama","fbs","Sun Belt",2024,5119659,"Trent Thomas",1,1,11,1,0.0366897441854288,0.0366897441854288,0.0366897441854288,5,5,5,1,1,1,1,0,0,NA,NA,NA,NA,NA,NA,NA,NA,"G6"
"6","South Alabama","fbs","Sun Belt",2024,5124334,"PJ Martin",3,2,11,1.5,1.70498430803662,0.568328102678874,0.852492154018311,33,11,16.5,0.333333333333333,3,3,1,0,0,NA,NA,NA,NA,NA,NA,NA,NA,"G6"
"6","South Alabama","fbs","Sun Belt",2024,5220195,"Rod Gibbs",1,1,11,1,-0.251574689379993,-0.251574689379993,-0.251574689379993,4,4,4,0,1,1,1,0,0,NA,NA,NA,NA,NA,NA,NA,NA,"G6"
"6","South Alabama","fbs","Sun Belt",2024,5220197,"Fluff Bothwell",12,6,11,2,6.52331042156297,0.543609201796914,1.08721840359383,90,7.5,15,0.75,12,12,1,0,0,NA,NA,NA,NA,NA,NA,NA,NA,"G6"
"61","Georgia","fbs","SEC",2024,4429105,"Arian Smith",50,12,12,4.16666666666667,43.7013692685003,0.874027385370005,3.64178077237502,616,12.32,51.3333333333333,0.64,41,50,0.82,2,1,130,188,210,302.5,409,105,135,154,"P4"
"61","Georgia","fbs","SEC",2024,4430841,"Carson Beck",4,2,12,2,14.8691505428947,3.71728763572369,7.43457527144737,98,24.5,49,1,4,4,1,4,0,NA,NA,NA,NA,NA,NA,NA,NA,"P4"
"61","Georgia","fbs","SEC",2024,4433959,"Ben Yurosek",17,7,12,2.42857142857143,12.2190871976198,0.718769835154108,1.74558388537426,184,10.8235294117647,26.2857142857143,0.647058823529412,15,17,0.882352941176471,0,0,NA,NA,NA,NA,NA,NA,NA,NA,"P4"
"61","Georgia","fbs","SEC",2024,4596439,"Dominic Lovett",71,12,12,5.91666666666667,19.624776978121,0.276405309551,1.63539808151008,529,7.45070422535211,44.0833333333333,0.464788732394366,51,71,0.71830985915493,4,2,358,407,458,473,481,152.5,439,214,"P4"
"61","Georgia","fbs","SEC",2024,4685350,"Trevor Etienne",31,7,12,4.42857142857143,3.38019777870997,0.109038638022902,0.482885396958567,154,4.96774193548387,22,0.548387096774194,26,31,0.838709677419355,0,1,484,479,485,420,388,486,498,451.5,"P4"
"61","Georgia","fbs","SEC",2024,4702559,"Oscar Delp",24,9,12,2.66666666666667,13.7627064343688,0.573446101432035,1.52918960381876,204,8.5,22.6666666666667,0.583333333333333,16,24,0.666666666666667,4,1,420,418,368,390.5,499.5,446.5,399,443.5,"P4"
"61","Georgia","fbs","SEC",2024,4712579,"Dillon Bell",50,10,12,5,16.9452739328215,0.338905478656431,1.69452739328215,320,6.4,32,0.5,32,50,0.64,2,0,387,399,447,457,505,326.5,473,347,"P4"
"61","Georgia","fbs","SEC",2024,4713489,"Branson Robinson",4,3,12,1.33333333333333,-0.0570796029664458,-0.0142699007416114,-0.0190265343221486,12,3,4,0.25,4,4,1,0,0,NA,NA,NA,NA,NA,NA,NA,NA,"P4"
"61","Georgia","fbs","SEC",2024,4870874,"Lawson Luckie",26,11,12,2.36363636363636,15.6068886849065,0.600264949419482,1.41880806226423,297,11.4230769230769,27,0.653846153846154,21,26,0.807692307692308,1,1,404,427,354,286,426.5,356,204,409.5,"P4"
"61","Georgia","fbs","SEC",2024,4880453,"Cole Speer",1,1,12,1,1.05824220410786,1.05824220410786,1.05824220410786,20,20,20,1,1,1,1,0,0,NA,NA,NA,NA,NA,NA,NA,NA,"P4"
"61","Georgia","fbs","SEC",2024,4881826,"Cash Jones",20,10,12,2,9.39179673371359,0.469589836685679,0.939179673371359,207,10.35,20.7,0.55,20,20,1,2,0,NA,NA,NA,NA,NA,NA,NA,NA,"P4"
"61","Georgia","fbs","SEC",2024,4907671,"Anthony Evans III",9,3,12,3,2.23664447756442,0.248516053062713,0.74554815918814,77,8.55555555555556,25.6666666666667,0.666666666666667,8,9,0.888888888888889,0,0,NA,NA,NA,NA,NA,NA,NA,NA,"P4"
"61","Georgia","fbs","SEC",2024,4918110,"Roderick Robinson II",2,1,12,2,2.39411394636479,1.19705697318239,2.39411394636479,34,17,34,1,2,2,1,0,0,NA,NA,NA,NA,NA,NA,NA,NA,"P4"
"61","Georgia","fbs","SEC",2024,5078453,"London Humphreys",16,7,12,2.28571428571429,16.4357703796371,1.02723564872732,2.34796719709102,230,14.375,32.8571428571429,0.75,14,16,0.875,1,0,NA,NA,NA,NA,NA,NA,NA,NA,"P4"
"61","Georgia","fbs","SEC",2024,5079561,"Dwight Phillips Jr.",1,1,12,1,1.86942648472689,1.86942648472689,1.86942648472689,15,15,15,1,1,1,1,0,0,NA,NA,NA,NA,NA,NA,NA,NA,"P4"
"61","Georgia","fbs","SEC",2024,5084047,"Nate Frazier",12,8,12,1.5,-5.18946551116374,-0.432455459263645,-0.648683188895468,68,5.66666666666667,8.5,0.5,10,12,0.833333333333333,0,1,NA,NA,NA,NA,NA,NA,NA,NA,"P4"
"61","Georgia","fbs","SEC",2024,5092508,"Colbie Young",13,4,12,3.25,8.81655212712583,0.678196317471218,2.20413803178146,143,11,35.75,0.461538461538462,10,13,0.769230769230769,1,0,NA,NA,NA,NA,NA,NA,NA,NA,"P4"
"61","Georgia","fbs","SEC",2024,5105269,"Sacovie White",2,1,12,2,1.76260839041875,0.881304195209375,1.76260839041875,16,8,16,1,2,2,1,0,0,NA,NA,NA,NA,NA,NA,NA,NA,"P4"
"61","Georgia","fbs","SEC",2024,5130792,"Nitro Tuggle",4,1,12,4,4.2683410384922,1.06708525962305,4.2683410384922,25,6.25,25,0.5,2,4,0.5,0,0,NA,NA,NA,NA,NA,NA,NA,NA,"P4"
"61","Georgia","fbs","SEC",2024,5218582,"Jaden Reddell",1,1,12,1,1.59623466920873,1.59623466920873,1.59623466920873,13,13,13,1,1,1,1,0,0,NA,NA,NA,NA,NA,NA,NA,NA,"P4"
"62","Hawai'i","fbs","Mountain West",2024,4251136,"Spencer Curtis",15,7,10,2.14285714285714,22.3769377610186,1.49179585073457,3.19670539443123,216,14.4,30.8571428571429,0.933333333333333,15,15,1,0,0,NA,NA,NA,NA,NA,NA,NA,NA,"G6"
"62","Hawai'i","fbs","Mountain West",2024,4431271,"Tamatoa Mokiao-Atimalala",10,5,10,2,8.13170812817601,0.813170812817601,1.6263416256352,61,6.1,12.2,0.6,10,10,1,2,0,NA,NA,NA,NA,NA,NA,NA,NA,"G6"
"62","Hawai'i","fbs","Mountain West",2024,4431525,"Dekel Crowdus",9,6,10,1.5,20.2402657581372,2.2489184175708,3.37337762635621,226,25.1111111111111,37.6666666666667,0.888888888888889,9,9,1,2,0,NA,NA,NA,NA,NA,NA,NA,NA,"G6"
"62","Hawai'i","fbs","Mountain West",2024,4570218,"Jonah Panoke",27,9,10,3,27.8320793602037,1.03081775408162,3.09245326224486,273,10.1111111111111,30.3333333333333,0.851851851851852,27,27,1,0,0,257,243,132,31.5,54,379.5,294,371,"G6"
"62","Hawai'i","fbs","Mountain West",2024,4693798,"Koali Nishigaya",4,3,10,1.33333333333333,2.86301952051016,0.715754880127539,0.954339840170052,33,8.25,11,0.75,4,4,1,0,0,NA,NA,NA,NA,NA,NA,NA,NA,"G6"
"62","Hawai'i","fbs","Mountain West",2024,4709977,"Brayden Schager",2,1,10,2,5.72726965645629,2.86363482822814,5.72726965645629,54,27,54,1,2,2,1,2,0,NA,NA,NA,NA,NA,NA,NA,NA,"G6"
"62","Hawai'i","fbs","Mountain West",2024,4869316,"Oakie Salave'a",1,1,10,1,0.810814810254024,0.810814810254024,0.810814810254024,8,8,8,1,1,1,1,0,0,NA,NA,NA,NA,NA,NA,NA,NA,"G6"
"62","Hawai'i","fbs","Mountain West",2024,4869582,"Cam Barfield",7,4,10,1.75,4.01249081967832,0.573212974239759,1.00312270491958,55,7.85714285714286,13.75,0.571428571428571,7,7,1,0,0,NA,NA,NA,NA,NA,NA,NA,NA,"G6"
"62","Hawai'i","fbs","Mountain West",2024,4875791,"Landon Sims",9,8,10,1.125,3.80863565347944,0.423181739275493,0.476079456684929,110,12.2222222222222,13.75,0.666666666666667,9,9,1,0,0,NA,NA,NA,NA,NA,NA,NA,NA,"G6"
"62","Hawai'i","fbs","Mountain West",2024,4875792,"David Cordero",1,1,10,1,-1.19133467604282,-1.19133467604282,-1.19133467604282,-1,-1,-1,0,1,1,1,0,0,NA,NA,NA,NA,NA,NA,NA,NA,"G6"
"62","Hawai'i","fbs","Mountain West",2024,4875803,"Karsyn Pupunu",4,3,10,1.33333333333333,3.79932440861671,0.949831102154176,1.2664414695389,47,11.75,15.6666666666667,1,4,4,1,0,0,NA,NA,NA,NA,NA,NA,NA,NA,"G6"
"62","Hawai'i","fbs","Mountain West",2024,4912240,"Tylan Hines",20,8,10,2.5,12.6936298791791,0.634681493958955,1.58670373489739,181,9.05,22.625,0.65,20,20,1,3,1,425,414,335,290,54,461.5,374,445.5,"G6"
"62","Hawai'i","fbs","Mountain West",2024,5084133,"Alex Perry",17,9,10,1.88888888888889,19.5090616027185,1.14759185898344,2.16767351141317,161,9.47058823529412,17.8888888888889,0.764705882352941,17,17,1,0,0,NA,NA,NA,NA,NA,NA,NA,NA,"G6"
"62","Hawai'i","fbs","Mountain West",2024,5084135,"Pofele Ashlock",46,9,10,5.11111111111111,48.5042843335311,1.05444096377241,5.3893649259479,472,10.2608695652174,52.4444444444444,0.826086956521739,46,46,1,5,2,99,75,116,45,54,188,284,150,"G6"
"62","Hawai'i","fbs","Mountain West",2024,5092477,"Nicholas Cenacle",53,10,10,5.3,46.3195812154642,0.873954362555928,4.63195812154642,635,11.9811320754717,63.5,0.716981132075472,52,53,0.981132075471698,4,2,112,113,211,185.5,111,94,157,80,"G6"
"62","Hawai'i","fbs","Mountain West",2024,5101124,"Micah Alejado",1,1,10,1,6.06254977245931,6.06254977245931,6.06254977245931,44,44,44,1,1,1,1,1,0,NA,NA,NA,NA,NA,NA,NA,NA,"G6"
"62","Hawai'i","fbs","Mountain West",2024,5218880,"Blaze Kamoku",2,1,10,2,0.498779145646115,0.249389572823057,0.498779145646115,11,5.5,11,1,2,2,1,0,0,NA,NA,NA,NA,NA,NA,NA,NA,"G6"
"62","Hawai'i","fbs","Mountain West",2024,5218881,"Tama Uiliata",3,2,10,1.5,1.2657228564626,0.421907618820866,0.632861428231299,24,8,12,1,3,3,1,0,0,NA,NA,NA,NA,NA,NA,NA,NA,"G6"
"66","Iowa State","fbs","Big 12",2024,4586312,"Jaylin Noel",69,12,12,5.75,54.6922065119654,0.792640674086455,4.55768387599712,928,13.4492753623188,77.3333333333333,0.63768115942029,63,69,0.91304347826087,4,0,75,117,256,311,232.5,14,88,29,"P4"
"66","Iowa State","fbs","Big 12",2024,4683119,"Tyler Moore",6,5,12,1.2,7.01477498971565,1.16912916495261,1.40295499794313,60,10,12,0.666666666666667,6,6,1,1,0,NA,NA,NA,NA,NA,NA,NA,NA,"P4"
"66","Iowa State","fbs","Big 12",2024,4686438,"Stevo Klotz",8,4,12,2,6.18979853761767,0.773724817202209,1.54744963440442,93,11.625,23.25,0.5,7,8,0.875,1,0,NA,NA,NA,NA,NA,NA,NA,NA,"P4"
"66","Iowa State","fbs","Big 12",2024,4696240,"Jaylon Jackson",6,5,12,1.2,1.00453273695594,0.167422122825989,0.200906547391187,38,6.33333333333333,7.6,0.166666666666667,6,6,1,1,0,NA,NA,NA,NA,NA,NA,NA,NA,"P4"
"66","Iowa State","fbs","Big 12",2024,4801299,"Rocco Becht",3,2,12,1.5,8.65341065900961,2.88447021966987,4.32670532950481,46,15.3333333333333,23,1,3,3,1,3,0,NA,NA,NA,NA,NA,NA,NA,NA,"P4"
"66","Iowa State","fbs","Big 12",2024,4869519,"Gabe Burkle",22,8,12,2.75,15.3983363006708,0.699924377303217,1.92479203758385,237,10.7727272727273,29.625,0.727272727272727,21,22,0.954545454545455,0,1,NA,NA,NA,NA,NA,NA,NA,NA,"P4"
"66","Iowa State","fbs","Big 12",2024,4870608,"Benjamin Brahmer",10,5,12,2,18.1963453722351,1.81963453722351,3.63926907444702,179,17.9,35.8,0.9,10,10,1,1,0,NA,NA,NA,NA,NA,NA,NA,NA,"P4"
"66","Iowa State","fbs","Big 12",2024,4877706,"Jayden Higgins",92,12,12,7.66666666666667,104.138522286782,1.13194045963894,8.67821019056517,1082,11.7608695652174,90.1666666666667,0.75,81,92,0.880434782608696,8,0,2,6,91,125.5,306,5,174,15,"P4"
"66","Iowa State","fbs","Big 12",2024,4879248,"Eli Green",3,2,12,1.5,4.19943202043888,1.39981067347963,2.09971601021944,51,17,25.5,1,3,3,1,0,0,NA,NA,NA,NA,NA,NA,NA,NA,"P4"
"66","Iowa State","fbs","Big 12",2024,4918422,"Kai Black",1,1,12,1,0.203812045896502,0.203812045896502,0.203812045896502,7,7,7,1,1,1,1,0,0,NA,NA,NA,NA,NA,NA,NA,NA,"P4"
"66","Iowa State","fbs","Big 12",2024,4920898,"Beni Ngoyi",1,1,12,1,0.240021295672638,0.240021295672638,0.240021295672638,17,17,17,1,1,1,1,0,0,NA,NA,NA,NA,NA,NA,NA,NA,"P4"
"66","Iowa State","fbs","Big 12",2024,5077502,"Carson Hansen",11,6,12,1.83333333333333,2.67639792341773,0.243308902128884,0.446066320569621,72,6.54545454545455,12,0.545454545454545,11,11,1,0,1,NA,NA,NA,NA,NA,NA,NA,NA,"P4"
"66","Iowa State","fbs","Big 12",2024,5078005,"Abu Sama III",8,6,12,1.33333333333333,2.23889469995616,0.27986183749452,0.37314911665936,58,7.25,9.66666666666667,0.5,7,8,0.875,0,0,NA,NA,NA,NA,NA,NA,NA,NA,"P4"
"66","Iowa State","fbs","Big 12",2024,5081863,"Carson Brown",9,7,12,1.28571428571429,15.467041073454,1.71856011927267,2.20957729620772,129,14.3333333333333,18.4285714285714,0.666666666666667,9,9,1,1,0,NA,NA,NA,NA,NA,NA,NA,NA,"P4"
"66","Iowa State","fbs","Big 12",2024,5122883,"Dylan Lee",1,1,12,1,0.147547171762636,0.147547171762636,0.147547171762636,7,7,7,1,1,1,1,0,0,NA,NA,NA,NA,NA,NA,NA,NA,"P4"
"66","Iowa State","fbs","Big 12",2024,5148535,"Brett Eskildsen",2,1,12,2,3.77547234847234,1.88773617423617,3.77547234847234,17,8.5,17,1,2,2,1,0,0,NA,NA,NA,NA,NA,NA,NA,NA,"P4"
"66","Iowa State","fbs","Big 12",2024,5150694,"Tripp Walsh",1,1,12,1,1.15192194240251,1.15192194240251,1.15192194240251,11,11,11,1,1,1,1,0,0,NA,NA,NA,NA,NA,NA,NA,NA,"P4"
"66","Iowa State","fbs","Big 12",2024,5192958,"Dominic Overby",1,1,12,1,1.93454916857789,1.93454916857789,1.93454916857789,9,9,9,1,1,1,1,0,0,NA,NA,NA,NA,NA,NA,NA,NA,"P4"
"68","Boise State","fbs","Mountain West",2024,4429283,"Austin Bolt",14,8,12,1.75,20.3482748363167,1.45344820259405,2.54353435453959,182,13,22.75,0.714285714285714,14,14,1,4,0,NA,NA,NA,NA,NA,NA,NA,NA,"G6"
"68","Boise State","fbs","Mountain West",2024,4431002,"Latrell Caples",33,9,12,3.66666666666667,44.3160366732413,1.34291020221943,4.92400407480459,433,13.1212121212121,48.1111111111111,0.878787878787879,33,33,1,5,0,124,98,41,19,54,215.5,101,179,"G6"
"68","Boise State","fbs","Mountain West",2024,4575538,"Tyler Crowe",2,2,12,1,-0.399194916740055,-0.199597458370027,-0.199597458370027,8,4,4,0,2,2,1,0,0,NA,NA,NA,NA,NA,NA,NA,NA,"G6"
"68","Boise State","fbs","Mountain West",2024,4612411,"Chase Penry",12,5,12,2.4,14.3619197176638,1.19682664313865,2.87238394353275,148,12.3333333333333,29.6,0.833333333333333,12,12,1,0,0,NA,NA,NA,NA,NA,NA,NA,NA,"G6"
"68","Boise State","fbs","Mountain West",2024,4687486,"Matt Lauter",37,12,12,3.08333333333333,43.6355910412926,1.17934029841331,3.63629925344105,442,11.9459459459459,36.8333333333333,0.810810810810811,37,37,1,5,0,131,189,82,61.5,54,209,160,292,"G6"
"68","Boise State","fbs","Mountain West",2024,4714341,"Ben Ford",3,3,12,1,1.89546874911905,0.631822916373016,0.631822916373016,22,7.33333333333333,7.33333333333333,0.666666666666667,3,3,1,0,0,NA,NA,NA,NA,NA,NA,NA,NA,"G6"
"68","Boise State","fbs","Mountain West",2024,4717430,"Chris Marshall",3,2,12,1.5,-0.105708992669011,-0.0352363308896705,-0.0528544963345057,13,4.33333333333333,6.5,0.666666666666667,3,3,1,0,0,NA,NA,NA,NA,NA,NA,NA,NA,"G6"
"68","Boise State","fbs","Mountain West",2024,4832824,"Austin Terry",1,1,12,1,0.264107890434396,0.264107890434396,0.264107890434396,7,7,7,1,1,1,1,0,0,NA,NA,NA,NA,NA,NA,NA,NA,"G6"
"68","Boise State","fbs","Mountain West",2024,4890973,"Ashton Jeanty",20,10,12,2,2.78037201034423,0.139018600517211,0.278037201034423,116,5.8,11.6,0.65,20,20,1,1,0,NA,NA,NA,NA,NA,NA,NA,NA,"G6"
"68","Boise State","fbs","Mountain West",2024,5077390,"Jambres Dubar",2,2,12,1,1.06300432392195,0.531502161960973,0.531502161960973,18,9,9,1,2,2,1,0,0,NA,NA,NA,NA,NA,NA,NA,NA,"G6"
"68","Boise State","fbs","Mountain West",2024,5080888,"Matt Wagner",6,5,12,1.2,-0.0274177714051851,-0.00456962856753085,-0.00548355428103702,65,10.8333333333333,13,0.666666666666667,6,6,1,0,0,NA,NA,NA,NA,NA,NA,NA,NA,"G6"
"68","Boise State","fbs","Mountain West",2024,5081322,"Cam Camper",52,12,12,4.33333333333333,57.4780505829276,1.10534712659476,4.7898375485773,749,14.4038461538462,62.4166666666667,0.865384615384615,52,52,1,2,0,58,101,100,23,54,42.5,63,89,"G6"
"68","Boise State","fbs","Mountain West",2024,5146712,"Dylan Riley",2,1,12,2,-0.379523348777903,-0.189761674388952,-0.379523348777903,9,4.5,9,0.5,2,2,1,0,0,NA,NA,NA,NA,NA,NA,NA,NA,"G6"
"68","Boise State","fbs","Mountain West",2024,5147379,"Sire Gaines",3,1,12,3,5.1557125440497,1.71857084801657,5.1557125440497,44,14.6666666666667,44,1,3,3,1,1,0,NA,NA,NA,NA,NA,NA,NA,NA,"G6"
"68","Boise State","fbs","Mountain West",2024,5151353,"Prince Strachan",19,9,12,2.11111111111111,21.8924458295221,1.15223399102748,2.43249398105801,252,13.2631578947368,28,0.947368421052632,19,19,1,1,0,NA,NA,NA,NA,NA,NA,NA,NA,"G6"
"68","Boise State","fbs","Mountain West",2024,5157187,"Cameron Bates",7,7,12,1,2.2660938269775,0.323727689568215,0.323727689568215,61,8.71428571428571,8.71428571428571,0.714285714285714,7,7,1,0,0,NA,NA,NA,NA,NA,NA,NA,NA,"G6"
"77","Northwestern","fbs","Big Ten",2024,4428162,"Duke Olges",1,1,11,1,0.749616817458613,0.749616817458613,0.749616817458613,6,6,6,1,1,1,1,0,0,NA,NA,NA,NA,NA,NA,NA,NA,"P4"
"77","Northwestern","fbs","Big Ten",2024,4429053,"A.J. Henning",51,10,11,5.1,32.1498714793099,0.630389636849214,3.21498714793099,471,9.23529411764706,47.1,0.627450980392157,49,51,0.96078431372549,1,0,217,225,337,334,140,189.5,366,186,"P4"
"77","Northwestern","fbs","Big Ten",2024,4429994,"Bryce Kirtz",39,9,11,4.33333333333333,41.6292836343627,1.06741752908622,4.62547595937363,580,14.8717948717949,64.4444444444444,0.743589743589744,36,39,0.923076923076923,0,0,149,114,112,134.5,215,119,49,75,"P4"
"77","Northwestern","fbs","Big Ten",2024,4433932,"Mike Wright",1,1,11,1,-1.50257482654853,-1.50257482654853,-1.50257482654853,2,2,2,0,1,1,1,0,0,NA,NA,NA,NA,NA,NA,NA,NA,"P4"
"77","Northwestern","fbs","Big Ten",2024,4566195,"Marshall Lang",11,6,11,1.83333333333333,7.82952190402626,0.711774718547842,1.30492031733771,87,7.90909090909091,14.5,0.727272727272727,9,11,0.818181818181818,0,0,NA,NA,NA,NA,NA,NA,NA,NA,"P4"
"77","Northwestern","fbs","Big Ten",2024,4569615,"Thomas Gordon",25,11,11,2.27272727272727,15.9231501286433,0.636926005145732,1.44755910260394,227,9.08,20.6363636363636,0.68,25,25,1,1,0,401,425,332,244,54,428,373,460,"P4"
"77","Northwestern","fbs","Big Ten",2024,4594447,"Donnie Gray",3,2,11,1.5,0.703273335323915,0.234424445107972,0.351636667661958,20,6.66666666666667,10,0.666666666666667,2,3,0.666666666666667,0,0,NA,NA,NA,NA,NA,NA,NA,NA,"P4"
"77","Northwestern","fbs","Big Ten",2024,4687475,"Cam Porter",19,8,11,2.375,8.51382804318085,0.448096212798992,1.06422850539761,152,8,19,0.736842105263158,19,19,1,0,1,NA,NA,NA,NA,NA,NA,NA,NA,"P4"
"77","Northwestern","fbs","Big Ten",2024,4687476,"Jake Arthurs",2,2,11,1,-0.438742994972538,-0.219371497486269,-0.219371497486269,6,3,3,0,2,2,1,0,0,NA,NA,NA,NA,NA,NA,NA,NA,"P4"
"77","Northwestern","fbs","Big Ten",2024,4710673,"CJ Johnson II",10,7,11,1.42857142857143,11.9832201100616,1.19832201100616,1.71188858715166,105,10.5,15,0.8,10,10,1,0,0,NA,NA,NA,NA,NA,NA,NA,NA,"P4"
"77","Northwestern","fbs","Big Ten",2024,4816307,"Joseph Himon II",12,9,11,1.33333333333333,-1.18943101326529,-0.0991192511054406,-0.132159001473921,50,4.16666666666667,5.55555555555556,0.416666666666667,11,12,0.916666666666667,0,0,NA,NA,NA,NA,NA,NA,NA,NA,"P4"
"77","Northwestern","fbs","Big Ten",2024,4911961,"Jack Lausch",2,2,11,1,3.52546668426615,1.76273334213307,1.76273334213307,13,6.5,6.5,1,2,2,1,2,0,NA,NA,NA,NA,NA,NA,NA,NA,"P4"
"77","Northwestern","fbs","Big Ten",2024,4917942,"Frank Covey IV",9,5,11,1.8,10.9553063734308,1.21725626371453,2.19106127468616,82,9.11111111111111,16.4,0.777777777777778,9,9,1,0,0,NA,NA,NA,NA,NA,NA,NA,NA,"P4"
"77","Northwestern","fbs","Big Ten",2024,5078244,"Caleb Komolafe",2,2,11,1,-0.288905267586357,-0.144452633793179,-0.144452633793179,8,4,4,0.5,2,2,1,0,0,NA,NA,NA,NA,NA,NA,NA,NA,"P4"
"77","Northwestern","fbs","Big Ten",2024,5084772,"Hayden Eligon Ii",4,3,11,1.33333333333333,2.81672842182368,0.704182105455919,0.938909473941225,83,20.75,27.6666666666667,0.75,4,4,1,0,0,NA,NA,NA,NA,NA,NA,NA,NA,"P4"
"77","Northwestern","fbs","Big Ten",2024,5222752,"Drew Wagner",3,2,11,1.5,2.22283608081428,0.740945360271428,1.11141804040714,31,10.3333333333333,15.5,0.666666666666667,3,3,1,0,0,NA,NA,NA,NA,NA,NA,NA,NA,"P4"
"8","Arkansas","fbs","SEC",2024,4429313,"Tyrone Broden Jr.",16,6,11,2.66666666666667,12.3992551166515,0.77495344479072,2.06654251944192,162,10.125,27,0.625,12,16,0.75,0,0,NA,NA,NA,NA,NA,NA,NA,NA,"P4"
"8","Arkansas","fbs","SEC",2024,4431325,"Taylen Green",1,1,11,1,5.06134624271726,5.06134624271726,5.06134624271726,43,43,43,1,1,1,1,1,0,NA,NA,NA,NA,NA,NA,NA,NA,"P4"
"8","Arkansas","fbs","SEC",2024,4583089,"Var'Keyes Gumms",1,1,11,1,-3.74069686287582,-3.74069686287582,-3.74069686287582,0,0,0,0,1,1,1,0,0,NA,NA,NA,NA,NA,NA,NA,NA,"P4"
"8","Arkansas","fbs","SEC",2024,4685374,"Rodney Hill",5,4,11,1.25,-0.996851258686414,-0.199370251737283,-0.249212814671603,43,8.6,10.75,0.2,5,5,1,0,0,NA,NA,NA,NA,NA,NA,NA,NA,"P4"
"8","Arkansas","fbs","SEC",2024,4690972,"Ja'Quinden Jackson",15,7,11,2.14285714285714,5.05016545926186,0.336677697284124,0.72145220846598,119,7.93333333333333,17,0.6,11,15,0.733333333333333,0,0,NA,NA,NA,NA,NA,NA,NA,NA,"P4"
"8","Arkansas","fbs","SEC",2024,4710718,"Andreas Paaske",3,1,11,3,4.15904731901971,1.3863491063399,4.15904731901971,19,6.33333333333333,19,1,3,3,1,2,0,NA,NA,NA,NA,NA,NA,NA,NA,"P4"
"8","Arkansas","fbs","SEC",2024,4717724,"Rashod Dubinion",14,6,11,2.33333333333333,1.05237213844783,0.0751694384605593,0.175395356407972,107,7.64285714285714,17.8333333333333,0.5,13,14,0.928571428571429,0,0,NA,NA,NA,NA,NA,NA,NA,NA,"P4"
"8","Arkansas","fbs","SEC",2024,4837392,"Ty Washington",1,1,11,1,-0.383109733637681,-0.383109733637681,-0.383109733637681,2,2,2,0,1,1,1,0,0,NA,NA,NA,NA,NA,NA,NA,NA,"P4"
"8","Arkansas","fbs","SEC",2024,4870797,"Luke Hasz",24,9,11,2.66666666666667,25.5374574898167,1.06406072874236,2.8374952766463,236,9.83333333333333,26.2222222222222,0.666666666666667,21,24,0.875,3,1,277,272,113,264.5,317,422,321,415.5,"P4"
"8","Arkansas","fbs","SEC",2024,4873168,"Jordan Anthony",6,5,11,1.2,4.15582962802412,0.692638271337353,0.831165925604824,65,10.8333333333333,13,0.5,5,6,0.833333333333333,1,0,NA,NA,NA,NA,NA,NA,NA,NA,"P4"
"8","Arkansas","fbs","SEC",2024,5079589,"Braylen Russell",3,3,11,1,0.777393316669847,0.259131105556616,0.259131105556616,18,6,6,0.333333333333333,3,3,1,0,0,NA,NA,NA,NA,NA,NA,NA,NA,"P4"
"8","Arkansas","fbs","SEC",2024,5080703,"Isaiah Sategna",44,11,11,4,24.9024471981406,0.565964709048651,2.2638588361946,456,10.3636363636364,41.4545454545455,0.636363636363636,36,44,0.818181818181818,1,1,289,336,372,315.5,411.5,198,281,244,"P4"
"8","Arkansas","fbs","SEC",2024,5093923,"Andrew Armstrong",93,11,11,8.45454545454546,78.5540303142409,0.844666992626246,7.14127548311281,1146,12.3225806451613,104.181818181818,0.752688172043011,79,93,0.849462365591398,1,2,12,18,227,120,370,4,134,5,"P4"
"8","Arkansas","fbs","SEC",2024,5123663,"Isaac Teslaa",24,8,11,3,24.0116204217296,1.00048418423873,3.00145255271619,386,16.0833333333333,48.25,0.75,22,24,0.916666666666667,3,1,301,250,144,125.5,226,245,31,176,"P4"
"8","Arkansas","fbs","SEC",2024,5146719,"CJ Brown",1,1,11,1,-4.00879032228407,-4.00879032228407,-4.00879032228407,12,12,12,0,1,1,1,0,1,NA,NA,NA,NA,NA,NA,NA,NA,"P4"
"84","Indiana","fbs","Big Ten",2024,4367069,"Ty Son Lawton",13,8,11,1.625,3.07354848202128,0.236426806309329,0.38419356025266,114,8.76923076923077,14.25,0.615384615384615,11,13,0.846153846153846,0,0,NA,NA,NA,NA,NA,NA,NA,NA,"P4"
"84","Indiana","fbs","Big Ten",2024,4429618,"Justice Ellison",11,6,11,1.83333333333333,3.97292456471355,0.361174960428505,0.662154094118925,84,7.63636363636364,14,0.545454545454545,11,11,1,0,0,NA,NA,NA,NA,NA,NA,NA,NA,"P4"
"84","Indiana","fbs","Big Ten",2024,4430431,"Kurtis Rourke",3,2,11,1.5,8.74750822407484,2.91583607469161,4.37375411203742,48,16,24,1,3,3,1,3,0,NA,NA,NA,NA,NA,NA,NA,NA,"P4"
"84","Indiana","fbs","Big Ten",2024,4430656,"Myles Price",30,11,11,2.72727272727273,30.205085788455,1.0068361929485,2.74591688985954,348,11.6,31.6363636363636,0.766666666666667,27,30,0.9,1,0,234,286,141,100,270.5,286,187,352.5,"P4"
"84","Indiana","fbs","Big Ten",2024,4570738,"Ke'Shawn Williams",33,10,11,3.3,25.6591168600219,0.777548995758238,2.56591168600219,372,11.2727272727273,37.2,0.696969696969697,32,33,0.96969696969697,4,0,275,301,263,215.5,124,260.5,215,288.5,"P4"
"84","Indiana","fbs","Big Ten",2024,4596347,"Donaven McCulley",2,2,11,1,4.04542727820921,2.02271363910461,2.02271363910461,21,10.5,10.5,1,2,2,1,1,0,NA,NA,NA,NA,NA,NA,NA,NA,"P4"
"84","Indiana","fbs","Big Ten",2024,4685230,"Miles Cross",26,8,11,3.25,38.4487397228735,1.47879768164898,4.80609246535919,323,12.4230769230769,40.375,0.923076923076923,26,26,1,4,0,165,100,25,8.5,54,322,126.5,253,"P4"
"84","Indiana","fbs","Big Ten",2024,4686093,"E.J. Williams",2,2,11,1,1.96684566772548,0.983422833862739,0.983422833862739,49,24.5,24.5,1,2,2,1,0,0,NA,NA,NA,NA,NA,NA,NA,NA,"P4"
"84","Indiana","fbs","Big Ten",2024,4696044,"Kaelon Black",4,3,11,1.33333333333333,-0.412718398120917,-0.103179599530229,-0.137572799373639,6,1.5,2,0.25,4,4,1,0,0,NA,NA,NA,NA,NA,NA,NA,NA,"P4"
"84","Indiana","fbs","Big Ten",2024,4723820,"Omar Cooper Jr.",22,9,11,2.44444444444444,36.2411654643451,1.64732570292478,4.02679616270501,398,18.0909090909091,44.2222222222222,1,22,22,1,4,0,190,152,11,1,54,233,11,212,"P4"
"84","Indiana","fbs","Big Ten",2024,4801307,"Tayven Jackson",1,1,11,1,3.46821875691567,3.46821875691567,3.46821875691567,42,42,42,1,1,1,1,1,0,NA,NA,NA,NA,NA,NA,NA,NA,"P4"
"84","Indiana","fbs","Big Ten",2024,4875209,"Andison Coby",2,2,11,1,2.1358303926456,1.0679151963228,1.0679151963228,32,16,16,1,2,2,1,0,0,NA,NA,NA,NA,NA,NA,NA,NA,"P4"
"84","Indiana","fbs","Big Ten",2024,4877824,"Zach Horton",20,9,11,2.22222222222222,15.0419601658436,0.752098008292178,1.67132890731595,182,9.1,20.2222222222222,0.75,20,20,1,4,0,NA,NA,NA,NA,NA,NA,NA,NA,"P4"
"84","Indiana","fbs","Big Ten",2024,4920164,"Sam West",1,1,11,1,2.03678611783778,2.03678611783778,2.03678611783778,37,37,37,1,1,1,1,0,0,NA,NA,NA,NA,NA,NA,NA,NA,"P4"
"84","Indiana","fbs","Big Ten",2024,5088338,"Elijah Sarratt",44,11,11,4,67.6270598360966,1.53697863263856,6.14791453055423,742,16.8636363636364,67.4545454545455,0.931818181818182,42,44,0.954545454545455,6,0,36,42,19,5,156.5,49,17,59,"P4"
"87","Notre Dame","fbs","FBS Independents",2024,4426420,"Devyn Ford",2,2,12,1,-0.323066894715402,-0.161533447357701,-0.161533447357701,6,3,3,0.5,2,2,1,0,0,NA,NA,NA,NA,NA,NA,NA,NA,"P4"
"87","Notre Dame","fbs","FBS Independents",2024,4428025,"Kris Mitchell",20,9,12,2.22222222222222,19.1743203329331,0.958716016646657,2.13048003699257,190,9.5,21.1111111111111,0.7,18,20,0.9,2,0,NA,NA,NA,NA,NA,NA,NA,NA,"P4"
"87","Notre Dame","fbs","FBS Independents",2024,4429174,"Kevin Bauman",1,1,12,1,1.45932383810301,1.45932383810301,1.45932383810301,8,8,8,1,1,1,1,1,0,NA,NA,NA,NA,NA,NA,NA,NA,"P4"
"87","Notre Dame","fbs","FBS Independents",2024,4431210,"Beaux Collins",34,11,12,3.09090909090909,19.9441171409293,0.586591680615568,1.8131015582663,427,12.5588235294118,38.8181818181818,0.764705882352941,34,34,1,2,1,353,390,360,102.5,54,221,119,266,"P4"
"87","Notre Dame","fbs","FBS Independents",2024,4431213,"Deion Colzie",5,4,12,1.25,2.66264839852529,0.532529679705058,0.665662099631323,41,8.2,10.25,0.8,5,5,1,1,0,NA,NA,NA,NA,NA,NA,NA,NA,"P4"
"87","Notre Dame","fbs","FBS Independents",2024,4431600,"Jayden Thomas",18,11,12,1.63636363636364,5.4605741744767,0.303365231915372,0.496415834043336,154,8.55555555555556,14,0.611111111111111,16,18,0.888888888888889,1,1,NA,NA,NA,NA,NA,NA,NA,NA,"P4"
"87","Notre Dame","fbs","FBS Independents",2024,4567545,"Jayden Harrison",15,8,12,1.875,14.8275919966182,0.988506133107879,1.85344899957727,193,12.8666666666667,24.125,0.666666666666667,15,15,1,1,0,NA,NA,NA,NA,NA,NA,NA,NA,"P4"
"87","Notre Dame","fbs","FBS Independents",2024,4596542,"Pat Coogan",1,1,12,1,0.385327049232691,0.385327049232691,0.385327049232691,11,11,11,1,1,1,1,0,0,NA,NA,NA,NA,NA,NA,NA,NA,"P4"
"87","Notre Dame","fbs","FBS Independents",2024,4683243,"Mitchell Evans",29,10,12,2.9,23.4482671967152,0.808560937817765,2.34482671967152,272,9.37931034482759,27.2,0.620689655172414,29,29,1,3,0,311,324,245,344.5,54,381,356,408,"P4"
"87","Notre Dame","fbs","FBS Independents",2024,4683423,"Riley Leonard",2,1,12,2,4.95079886699915,2.47539943349958,4.95079886699915,34,17,34,1,2,2,1,2,0,NA,NA,NA,NA,NA,NA,NA,NA,"P4"
"87","Notre Dame","fbs","FBS Independents",2024,4685512,"Jadarian Price",3,3,12,1,-2.30205314775834,-0.767351049252781,-0.767351049252781,2,0.666666666666667,0.666666666666667,0,3,3,1,0,0,NA,NA,NA,NA,NA,NA,NA,NA,"P4"
"87","Notre Dame","fbs","FBS Independents",2024,4831959,"Eli Raridon",7,5,12,1.4,5.23157696425977,0.747368137751396,1.04631539285195,54,7.71428571428571,10.8,0.857142857142857,7,7,1,1,0,NA,NA,NA,NA,NA,NA,NA,NA,"P4"
"87","Notre Dame","fbs","FBS Independents",2024,4870733,"Cooper Flanagan",4,3,12,1.33333333333333,6.27921594692813,1.56980398673203,2.09307198230938,55,13.75,18.3333333333333,1,4,4,1,2,0,NA,NA,NA,NA,NA,NA,NA,NA,"P4"
"87","Notre Dame","fbs","FBS Independents",2024,4870768,"Jaden Greathouse",29,11,12,2.63636363636364,24.1226267948065,0.831814717062292,2.19296607225513,345,11.8965517241379,31.3636363636364,0.689655172413793,26,29,0.896551724137931,1,0,297,348,232,229,277,294,164,361,"P4"
"87","Notre Dame","fbs","FBS Independents",2024,4870808,"Jeremiyah Love",22,11,12,2,-0.752896866432573,-0.0342225848378442,-0.0684451696756885,170,7.72727272727273,15.4545454545455,0.454545454545455,22,22,1,1,0,NA,NA,NA,NA,NA,NA,NA,NA,"P4"
"87","Notre Dame","fbs","FBS Independents",2024,4875674,"Jake Tafelski",1,1,12,1,0.598940269022913,0.598940269022913,0.598940269022913,14,14,14,1,1,1,1,0,0,NA,NA,NA,NA,NA,NA,NA,NA,"P4"
"87","Notre Dame","fbs","FBS Independents",2024,4880369,"Davis Sherwood",1,1,12,1,0.638199893226783,0.638199893226783,0.638199893226783,19,19,19,1,1,1,1,0,0,NA,NA,NA,NA,NA,NA,NA,NA,"P4"
"87","Notre Dame","fbs","FBS Independents",2024,5079742,"Aneyas Williams",7,5,12,1.4,6.30848592732391,0.901212275331987,1.26169718546478,86,12.2857142857143,17.2,0.857142857142857,7,7,1,0,0,NA,NA,NA,NA,NA,NA,NA,NA,"P4"
"87","Notre Dame","fbs","FBS Independents",2024,5081698,"Justin Fisher",1,1,12,1,1.33778819309382,1.33778819309382,1.33778819309382,16,16,16,1,1,1,1,0,0,NA,NA,NA,NA,NA,NA,NA,NA,"P4"
"87","Notre Dame","fbs","FBS Independents",2024,5150418,"KK Smith",3,2,12,1.5,2.72986473302166,0.909954911007219,1.36493236651083,38,12.6666666666667,19,0.666666666666667,3,3,1,0,0,NA,NA,NA,NA,NA,NA,NA,NA,"P4"
"87","Notre Dame","fbs","FBS Independents",2024,5150424,"Jordan Faison",16,7,12,2.28571428571429,11.6937143826188,0.730857148913677,1.6705306260884,162,10.125,23.1428571428571,0.625,15,16,0.9375,0,0,NA,NA,NA,NA,NA,NA,NA,NA,"P4"
"9","Arizona State","fbs","Big 12",2024,4428594,"Melquan Stovall",18,10,13,1.8,17.3503783726242,0.963909909590235,1.73503783726242,246,13.6666666666667,24.6,0.666666666666667,16,18,0.888888888888889,0,1,NA,NA,NA,NA,NA,NA,NA,NA,"P4"
"9","Arizona State","fbs","Big 12",2024,4429316,"DeCarlos Brooks",1,1,13,1,0.0555286511627551,0.0555286511627551,0.0555286511627551,7,7,7,1,1,1,1,0,0,NA,NA,NA,NA,NA,NA,NA,NA,"P4"
"9","Arizona State","fbs","Big 12",2024,4430827,"Troy Omeire",3,3,13,1,1.34621747347368,0.448739157824561,0.448739157824561,19,6.33333333333333,6.33333333333333,0.666666666666667,3,3,1,0,0,NA,NA,NA,NA,NA,NA,NA,NA,"P4"
"9","Arizona State","fbs","Big 12",2024,4431461,"Chamon Metayer",25,11,13,2.27272727272727,20.7169458818304,0.828677835273218,1.88335871653004,201,8.04,18.2727272727273,0.68,22,25,0.88,4,0,344,378,235,244,307.5,449.5,424,472,"P4"
"9","Arizona State","fbs","Big 12",2024,4432765,"Clayton Smith",1,1,13,1,2.97881846337942,2.97881846337942,2.97881846337942,15,15,15,1,1,1,1,0,0,NA,NA,NA,NA,NA,NA,NA,NA,"P4"
"9","Arizona State","fbs","Big 12",2024,4569184,"Trenton Bourguet",1,1,13,1,3.46144114607721,3.46144114607721,3.46144114607721,64,64,64,1,1,1,1,1,0,NA,NA,NA,NA,NA,NA,NA,NA,"P4"
"9","Arizona State","fbs","Big 12",2024,4572455,"Jake Smith",8,4,13,2,4.64578870081786,0.580723587602233,1.16144717520447,91,11.375,22.75,0.5,6,8,0.75,0,0,NA,NA,NA,NA,NA,NA,NA,NA,"P4"
"9","Arizona State","fbs","Big 12",2024,4612297,"Markeston Douglas",1,1,13,1,-0.527325211605974,-0.527325211605974,-0.527325211605974,3,3,3,0,1,1,1,0,0,NA,NA,NA,NA,NA,NA,NA,NA,"P4"
"9","Arizona State","fbs","Big 12",2024,4682509,"Malik McClain",1,1,13,1,2.27211476345634,2.27211476345634,2.27211476345634,43,43,43,1,1,1,1,0,0,NA,NA,NA,NA,NA,NA,NA,NA,"P4"
"9","Arizona State","fbs","Big 12",2024,4685268,"Raleek Brown",2,1,13,2,-0.660252881667034,-0.330126440833517,-0.660252881667034,4,2,4,0,2,2,1,0,0,NA,NA,NA,NA,NA,NA,NA,NA,"P4"
"9","Arizona State","fbs","Big 12",2024,4695910,"Xavier Guillory",25,11,13,2.27272727272727,17.8543039312771,0.714172157251083,1.62311853920701,277,11.08,25.1818181818182,0.6,17,25,0.68,3,0,378,408,300,370,492,376,235,425,"P4"
"9","Arizona State","fbs","Big 12",2024,4696981,"Cameron Skattebo",35,11,13,3.18181818181818,17.1689114310369,0.490540326601053,1.56081013009426,394,11.2571428571429,35.8181818181818,0.685714285714286,34,35,0.971428571428571,1,0,386,416,403,234.5,121,234,218,301,"P4"
"9","Arizona State","fbs","Big 12",2024,4880281,"Jordyn Tyson",81,12,13,6.75,78.4567969029535,0.96860243090066,6.53806640857946,965,11.9135802469136,80.4166666666667,0.728395061728395,73,81,0.901234567901235,8,3,13,29,154,159,267,11,162,23,"P4"
"9","Arizona State","fbs","Big 12",2024,5078810,"Sam Leavitt",7,3,13,2.33333333333333,19.1851672252523,2.74073817503604,6.39505574175075,177,25.2857142857143,59,1,7,7,1,7,0,NA,NA,NA,NA,NA,NA,NA,NA,"P4"
"9","Arizona State","fbs","Big 12",2024,5082650,"Coben Bourguet",1,1,13,1,0.695974787246123,0.695974787246123,0.695974787246123,7,7,7,1,1,1,1,0,0,NA,NA,NA,NA,NA,NA,NA,NA,"P4"
"9","Arizona State","fbs","Big 12",2024,5110535,"Kyson Brown",11,5,13,2.2,5.21335705504511,0.473941550458647,1.04267141100902,94,8.54545454545454,18.8,0.636363636363636,9,11,0.818181818181818,0,0,NA,NA,NA,NA,NA,NA,NA,NA,"P4"
"96","Kentucky","fbs","SEC",2024,4430270,"Jay Maclin",16,7,11,2.28571428571429,22.2090480838632,1.38806550524145,3.1727211548376,294,18.375,42,0.5625,12,16,0.75,3,0,NA,NA,NA,NA,NA,NA,NA,NA,"P4"
"96","Kentucky","fbs","SEC",2024,4432782,"Brock Vandagriff",2,2,11,1,4.28675426057069,2.14337713028534,2.14337713028534,10,5,5,1,2,2,1,2,0,NA,NA,NA,NA,NA,NA,NA,NA,"P4"
"96","Kentucky","fbs","SEC",2024,4596346,"Jordan Dingle",6,4,11,1.5,0.69810640097942,0.116351066829903,0.174526600244855,49,8.16666666666667,12.25,0.666666666666667,6,6,1,0,0,NA,NA,NA,NA,NA,NA,NA,NA,"P4"
"96","Kentucky","fbs","SEC",2024,4606195,"Demie Sumo",16,9,11,1.77777777777778,4.60628417999465,0.287892761249666,0.511809353332739,131,8.1875,14.5555555555556,0.625,16,16,1,0,0,NA,NA,NA,NA,NA,NA,NA,NA,"P4"
"96","Kentucky","fbs","SEC",2024,4685424,"Dane Key",52,10,11,5.2,50.1692733778711,0.964793718805214,5.01692733778711,644,12.3846153846154,64.4,0.730769230769231,42,52,0.807692307692308,1,1,94,92,160,156.5,426.5,85.5,131,76,"P4"
"96","Kentucky","fbs","SEC",2024,4698597,"Barion Brown",32,11,11,2.90909090909091,23.7512470039075,0.742226468872111,2.1592042730825,361,11.28125,32.8181818181818,0.46875,29,32,0.90625,3,0,303,354,283,470,248,268.5,214,335,"P4"
"96","Kentucky","fbs","SEC",2024,4714290,"Fred Farrier II",13,9,11,1.44444444444444,6.24135418011465,0.480104167701127,0.693483797790517,102,7.84615384615385,11.3333333333333,0.538461538461538,11,13,0.846153846153846,0,0,NA,NA,NA,NA,NA,NA,NA,NA,"P4"
"96","Kentucky","fbs","SEC",2024,4819215,"Josh Kattus",6,6,11,1,10.7231743424673,1.78719572374454,1.78719572374454,58,9.66666666666667,9.66666666666667,0.5,5,6,0.833333333333333,2,0,NA,NA,NA,NA,NA,NA,NA,NA,"P4"
"96","Kentucky","fbs","SEC",2024,4870635,"Anthony Brown",4,3,11,1.33333333333333,-2.06197715615303,-0.515494289038257,-0.687325718717676,26,6.5,8.66666666666667,0.25,2,4,0.5,0,0,NA,NA,NA,NA,NA,NA,NA,NA,"P4"
"96","Kentucky","fbs","SEC",2024,4917619,"Khamari Anderson",4,3,11,1.33333333333333,0.498423085829589,0.124605771457397,0.166141028609863,25,6.25,8.33333333333333,0.5,4,4,1,0,0,NA,NA,NA,NA,NA,NA,NA,NA,"P4"
"96","Kentucky","fbs","SEC",2024,4954506,"Jamarion Wilcox",7,4,11,1.75,-1.41835393144035,-0.202621990205764,-0.354588482860086,21,3,5.25,0.285714285714286,6,7,0.857142857142857,0,0,NA,NA,NA,NA,NA,NA,NA,NA,"P4"
"96","Kentucky","fbs","SEC",2024,5123048,"Jason Patterson",1,1,11,1,1.24027747029052,1.24027747029052,1.24027747029052,15,15,15,1,1,1,1,0,0,NA,NA,NA,NA,NA,NA,NA,NA,"P4"
"96","Kentucky","fbs","SEC",2024,5136838,"Willie Rodriguez",4,2,11,2,4.71859548611803,1.17964887152951,2.35929774305901,78,19.5,39,0.75,4,4,1,0,0,NA,NA,NA,NA,NA,NA,NA,NA,"P4"
"96","Kentucky","fbs","SEC",2024,5141471,"Hardley Gilmore IV",4,4,11,1,6.0367107282732,1.5091776820683,1.5091776820683,81,20.25,20.25,0.75,4,4,1,0,0,NA,NA,NA,NA,NA,NA,NA,NA,"P4"
"97","Louisville","fbs","ACC",2024,4430185,"Caullin Lacy",15,4,11,3.75,13.6949011230533,0.912993408203554,3.42372528076333,179,11.9333333333333,44.75,0.733333333333333,15,15,1,0,0,NA,NA,NA,NA,NA,NA,NA,NA,"P4"
"97","Louisville","fbs","ACC",2024,4430905,"Jadon Thompson",3,2,11,1.5,1.69185086915603,0.563950289718678,0.845925434578016,44,14.6666666666667,22,0.666666666666667,3,3,1,0,0,NA,NA,NA,NA,NA,NA,NA,NA,"P4"
"97","Louisville","fbs","ACC",2024,4431051,"Izayah Cummings",2,1,11,2,1.32198192019013,0.660990960095066,1.32198192019013,28,14,28,1,2,2,1,0,0,NA,NA,NA,NA,NA,NA,NA,NA,"P4"
"97","Louisville","fbs","ACC",2024,4431241,"Duane Martin",1,1,11,1,2.97906062234362,2.97906062234362,2.97906062234362,6,6,6,1,1,1,1,0,0,NA,NA,NA,NA,NA,NA,NA,NA,"P4"
"97","Louisville","fbs","ACC",2024,4431338,"Ahmari Huggins-Bruce",40,8,11,5,5.65131332930345,0.141282833232586,0.706414166162931,492,12.3,61.5,0.55,36,40,0.9,0,4,474,465,478,418.5,270.5,173.5,137,94,"P4"
"97","Louisville","fbs","ACC",2024,4431346,"Mark Redman",23,9,11,2.55555555555556,17.5476248532976,0.762940211012941,1.94973609481085,213,9.26086956521739,23.6666666666667,0.695652173913043,21,23,0.91304347826087,2,0,380,372,274,219,232.5,440,364,436,"P4"
"97","Louisville","fbs","ACC",2024,4431506,"Ja'Corey Brooks",57,10,11,5.7,87.1495147409371,1.52893885510416,8.71495147409371,930,16.3157894736842,93,0.789473684210526,54,57,0.947368421052632,8,0,7,4,20,81,171,13,26,12,"P4"
"97","Louisville","fbs","ACC",2024,4685184,"Donald Chaney Jr.",5,4,11,1.25,2.39045459094001,0.478090918188002,0.597613647735002,45,9,11.25,0.6,5,5,1,0,0,NA,NA,NA,NA,NA,NA,NA,NA,"P4"
"97","Louisville","fbs","ACC",2024,4816323,"Nate Kurisky",10,5,11,2,11.2077883749338,1.12077883749338,2.24155767498676,87,8.7,17.4,0.8,10,10,1,2,0,NA,NA,NA,NA,NA,NA,NA,NA,"P4"
"97","Louisville","fbs","ACC",2024,4869961,"Chris Bell",39,11,11,3.54545454545455,52.1743432420782,1.3378036728738,4.7431221129162,653,16.7435897435897,59.3636363636364,0.846153846153846,36,39,0.923076923076923,4,0,83,107,42,33.5,215,81,19,106,"P4"
"97","Louisville","fbs","ACC",2024,4922988,"Jamari Johnson",10,6,11,1.66666666666667,14.5887252069478,1.45887252069478,2.43145420115797,128,12.8,21.3333333333333,1,10,10,1,1,0,NA,NA,NA,NA,NA,NA,NA,NA,"P4"
"97","Louisville","fbs","ACC",2024,4923046,"Keyjuan Brown",3,2,11,1.5,2.36631512906669,0.788771709688896,1.18315756453334,43,14.3333333333333,21.5,1,3,3,1,0,0,NA,NA,NA,NA,NA,NA,NA,NA,"P4"
"97","Louisville","fbs","ACC",2024,5079349,"Isaac Brown",29,10,11,2.9,-2.58358648988832,-0.0890891893064938,-0.258358648988832,143,4.93103448275862,14.3,0.310344827586207,29,29,1,1,0,504,504,503,507,54,493.5,499,499.5,"P4"
"97","Louisville","fbs","ACC",2024,5102556,"Cataurus Hicks",11,5,11,2.2,7.31096645817649,0.664633314379681,1.4621932916353,143,13,28.6,0.545454545454545,11,11,1,0,0,NA,NA,NA,NA,NA,NA,NA,NA,"P4"
"97","Louisville","fbs","ACC",2024,5136049,"Duke Watson",4,4,11,1,7.53308362189976,1.88327090547494,1.88327090547494,59,14.75,14.75,1,4,4,1,1,0,NA,NA,NA,NA,NA,NA,NA,NA,"P4"
"97","Louisville","fbs","ACC",2024,5159944,"Kris Hughes",5,3,11,1.66666666666667,6.23068693792868,1.24613738758574,2.07689564597623,50,10,16.6666666666667,0.8,5,5,1,0,0,NA,NA,NA,NA,NA,NA,NA,NA,"P4"
"98","Western Kentucky","fbs","Conference USA",2024,4428527,"Dalvin Smith",30,11,12,2.72727272727273,21.8507199095024,0.728357330316745,1.98642908268203,287,9.56666666666667,26.0909090909091,0.666666666666667,24,30,0.8,2,0,333,368,290,264.5,434.5,368,345,417,"G6"
"98","Western Kentucky","fbs","Conference USA",2024,4430089,"Michael Mathison",11,7,12,1.57142857142857,9.00295210833715,0.818450191667013,1.28613601547674,120,10.9090909090909,17.1428571428571,0.636363636363636,10,11,0.909090909090909,2,0,NA,NA,NA,NA,NA,NA,NA,NA,"G6"
"98","Western Kentucky","fbs","Conference USA",2024,4431948,"TJ Finley",1,1,12,1,-2.60543870124799,-2.60543870124799,-2.60543870124799,-7,-7,-7,0,1,1,1,0,0,NA,NA,NA,NA,NA,NA,NA,NA,"G6"
"98","Western Kentucky","fbs","Conference USA",2024,4433945,"Elijah Young",42,11,12,3.81818181818182,18.4971166882193,0.440407540195697,1.68155606256539,346,8.23809523809524,31.4545454545455,0.5,39,42,0.928571428571429,1,0,371,401,419,457,202.5,291,417,357.5,"G6"
"98","Western Kentucky","fbs","Conference USA",2024,4576186,"Trevor Borland",2,2,12,1,4.797354818099,2.3986774090495,2.3986774090495,8,4,4,1,2,2,1,2,0,NA,NA,NA,NA,NA,NA,NA,NA,"G6"
"98","Western Kentucky","fbs","Conference USA",2024,4613165,"Demick Starling",2,2,12,1,1.16108661814381,0.580543309071906,0.580543309071906,35,17.5,17.5,0.5,2,2,1,0,1,NA,NA,NA,NA,NA,NA,NA,NA,"G6"
"98","Western Kentucky","fbs","Conference USA",2024,4686145,"Bryce Childress",6,4,12,1.5,5.07997822644426,0.84666303774071,1.26999455661106,64,10.6666666666667,16,0.666666666666667,5,6,0.833333333333333,0,0,NA,NA,NA,NA,NA,NA,NA,NA,"G6"
"98","Western Kentucky","fbs","Conference USA",2024,4693881,"Kisean Johnson",69,12,12,5.75,52.1528207968916,0.755837982563646,4.34606839974096,736,10.6666666666667,61.3333333333333,0.666666666666667,60,69,0.869565217391304,7,1,84,130,277,264.5,329.5,52,258,95,"G6"
"98","Western Kentucky","fbs","Conference USA",2024,4698179,"River Helms",17,6,12,2.83333333333333,16.5813216695352,0.975371862913834,2.7635536115892,195,11.4705882352941,32.5,0.647058823529412,16,17,0.941176470588235,2,0,NA,NA,NA,NA,NA,NA,NA,NA,"G6"
"98","Western Kentucky","fbs","Conference USA",2024,4705859,"K.D. Hutchinson",24,10,12,2.4,19.7609799373388,0.823374164055783,1.97609799373388,292,12.1666666666667,29.2,0.625,22,24,0.916666666666667,2,0,356,369,240,336,226,362,146.5,381,"G6"
"98","Western Kentucky","fbs","Conference USA",2024,4869991,"Caden Veltkamp",3,2,12,1.5,11.788465635504,3.92948854516799,5.89423281775199,102,34,51,1,3,3,1,3,0,NA,NA,NA,NA,NA,NA,NA,NA,"G6"
"98","Western Kentucky","fbs","Conference USA",2024,4875267,"George Hart III",9,6,12,1.5,2.28367231638953,0.253741368487726,0.380612052731589,40,4.44444444444444,6.66666666666667,0.444444444444444,7,9,0.777777777777778,0,0,NA,NA,NA,NA,NA,NA,NA,NA,"G6"
"98","Western Kentucky","fbs","Conference USA",2024,4914830,"Easton Messer",56,12,12,4.66666666666667,51.3563377252958,0.917077459380283,4.27969481044132,686,12.25,57.1666666666667,0.660714285714286,48,56,0.857142857142857,4,0,89,135,185,275,359,69.5,138.5,121,"G6"
"98","Western Kentucky","fbs","Conference USA",2024,5085434,"LT Sanders",3,3,12,1,-1.45411084814792,-0.484703616049305,-0.484703616049305,7,2.33333333333333,2.33333333333333,0,3,3,1,0,0,NA,NA,NA,NA,NA,NA,NA,NA,"G6"
"98","Western Kentucky","fbs","Conference USA",2024,5095915,"Moussa Barry",8,2,12,4,-0.249528386106071,-0.0311910482632589,-0.124764193053035,36,4.5,18,0.375,5,8,0.625,0,0,NA,NA,NA,NA,NA,NA,NA,NA,"G6"
"98","Western Kentucky","fbs","Conference USA",2024,5121720,"Noah Meyers",8,4,12,2,5.66700540773201,0.708375675966502,1.416751351933,106,13.25,26.5,0.625,6,8,0.75,0,0,NA,NA,NA,NA,NA,NA,NA,NA,"G6"
"98","Western Kentucky","fbs","Conference USA",2024,5151136,"Elvin Fofanah",2,2,12,1,-1.65695737547869,-0.828478687739347,-0.828478687739347,9,4.5,4.5,0,2,2,1,0,0,NA,NA,NA,NA,NA,NA,NA,NA,"G6"
"98","Western Kentucky","fbs","Conference USA",2024,5155579,"Cameron Flowers",1,1,12,1,0.503918754867737,0.503918754867737,0.503918754867737,13,13,13,1,1,1,1,0,0,NA,NA,NA,NA,NA,NA,NA,NA,"G6"
"99","LSU","fbs","SEC",2024,4426333,"John Emery Jr.",1,1,11,1,0.979731904273729,0.979731904273729,0.979731904273729,10,10,10,1,1,1,1,0,0,NA,NA,NA,NA,NA,NA,NA,NA,"P4"
"99","LSU","fbs","SEC",2024,4431219,"Kyren Lacy",79,11,11,7.18181818181818,57.8486271661883,0.732261103369472,5.25896610601712,776,9.82278481012658,70.5454545454545,0.594936708860759,52,79,0.658227848101266,5,0,57,77,286,374,501,36,323,49,"P4"
"99","LSU","fbs","SEC",2024,4431334,"Chris Hilton Jr.",9,3,11,3,9.60658613726935,1.06739845969659,3.20219537908978,130,14.4444444444444,43.3333333333333,0.555555555555556,5,9,0.555555555555556,2,0,NA,NA,NA,NA,NA,NA,NA,NA,"P4"
"99","LSU","fbs","SEC",2024,4567747,"Garrett Nussmeier",2,2,11,1,11.2005471587312,5.60027357936558,5.60027357936558,104,52,52,1,2,2,1,2,0,NA,NA,NA,NA,NA,NA,NA,NA,"P4"
"99","LSU","fbs","SEC",2024,4568024,"Josh Williams",33,10,11,3.3,2.7526988539148,0.083415116785297,0.27526988539148,249,7.54545454545455,24.9,0.484848484848485,29,33,0.878787878787879,0,0,485,487,491,465,309.5,413,435,428,"P4"
"99","LSU","fbs","SEC",2024,4605951,"C.J. Daniels",41,10,11,4.1,29.2309962029094,0.71295112690023,2.92309962029094,409,9.97560975609756,40.9,0.658536585365854,38,41,0.926829268292683,0,0,246,260,301,279,205.5,230,306,249,"P4"
"99","LSU","fbs","SEC",2024,4691138,"Aaron Anderson",59,11,11,5.36363636363636,42.4834628655816,0.720058692636977,3.86213298778015,617,10.4576271186441,56.0909090909091,0.593220338983051,46,59,0.779661016949153,3,0,142,165,295,376,447,103.5,274,127.5,"P4"
"99","LSU","fbs","SEC",2024,4808766,"Mason Taylor",66,11,11,6,28.9747964182476,0.439012066943146,2.63407240165888,497,7.53030303030303,45.1818181818182,0.590909090909091,50,66,0.757575757575758,2,0,249,298,420,380.5,467.5,171.5,436,200.5,"P4"
"99","LSU","fbs","SEC",2024,4869748,"Zavion Thomas",30,9,11,3.33333333333333,-10.5944844168719,-0.353149480562395,-1.17716493520798,138,4.6,15.3333333333333,0.333333333333333,15,30,0.5,1,0,507,508,508,504,509,496,502,492,"P4"
"99","LSU","fbs","SEC",2024,4870839,"Kaleb Jackson",6,3,11,2,3.08218153878706,0.513696923131177,1.02739384626235,42,7,14,0.666666666666667,5,6,0.833333333333333,0,0,NA,NA,NA,NA,NA,NA,NA,NA,"P4"
"99","LSU","fbs","SEC",2024,4900640,"Kyle Parker",4,3,11,1.33333333333333,3.02747426253507,0.756868565633767,1.00915808751169,55,13.75,18.3333333333333,0.25,3,4,0.75,1,0,NA,NA,NA,NA,NA,NA,NA,NA,"P4"
"99","LSU","fbs","SEC",2024,5079379,"Caden Durham",29,10,11,2.9,12.6611071347488,0.436589901198235,1.26611071347488,257,8.86206896551724,25.7,0.448275862068966,27,29,0.931034482758621,2,0,426,432,424,481,199,399.5,383,421,"P4"
"99","LSU","fbs","SEC",2024,5079420,"Trey'Dez Green",7,5,11,1.4,5.58604260503235,0.798006086433193,1.11720852100647,47,6.71428571428571,9.4,0.714285714285714,6,7,0.857142857142857,1,0,NA,NA,NA,NA,NA,NA,NA,NA,"P4"
"99","LSU","fbs","SEC",2024,5079537,"Ju'Juan Johnson",2,1,11,2,-1.14811496417927,-0.574057482089634,-1.14811496417927,6,3,6,0.5,2,2,1,0,0,NA,NA,NA,NA,NA,NA,NA,NA,"P4"
"99","LSU","fbs","SEC",2024,5081131,"Javen Nicholas",2,1,11,2,1.08628972717854,0.543144863589272,1.08628972717854,16,8,16,1,2,2,1,0,0,NA,NA,NA,NA,NA,NA,NA,NA,"P4"
"99","LSU","fbs","SEC",2024,5084293,"Ka'Morreun Pimpton",6,5,11,1.2,2.93016075946686,0.488360126577809,0.586032151893371,79,13.1666666666667,15.8,0.666666666666667,6,6,1,0,0,NA,NA,NA,NA,NA,NA,NA,NA,"P4"
