"team_id","pos_team","division","conference","season","player_id","rusher_player_name","plays","games","team_games","playsgame","TEPA","EPAplay","EPAgame","yards","yardsplay","yardsgame","success","rushing_td","fumbles","TEPA_rank","EPAgame_rank","EPAplay_rank","success_rank","yards_rank","yardsplay_rank","yardsgame_rank","fbs_class"
"103","Boston College","fbs","ACC",2024,4428783,"Treshaun Ward",70,9,11,7.77777777777778,-8.26534821831556,-0.118076403118794,-0.918372024257284,353,5.04285714285714,39.2222222222222,0.3,1,1,199,201,216,235.5,215,130,202,"P4"
"103","Boston College","fbs","ACC",2024,4567707,"Grayson James",18,4,11,4.5,10.7497437185251,0.597207984362504,2.68743592963127,113,6.27777777777778,28.25,0.555555555555556,3,0,NA,NA,NA,NA,NA,NA,NA,"P4"
"103","Boston College","fbs","ACC",2024,4683159,"Lewis Bond",3,2,11,1.5,-1.94977380759287,-0.649924602530957,-0.974886903796436,4,1.33333333333333,2,0.333333333333333,0,0,NA,NA,NA,NA,NA,NA,NA,"P4"
"103","Boston College","fbs","ACC",2024,4773919,"Thomas Castellanos",72,7,11,10.2857142857143,-14.3297536144636,-0.199024355756439,-2.04710765920908,302,4.19444444444444,43.1428571428571,0.347222222222222,1,4,225,238,236,213,230,210,189,"P4"
"103","Boston College","fbs","ACC",2024,4837385,"Jordan McDonald",43,4,11,10.75,4.57928630899713,0.106495030441794,1.14482157724928,288,6.69767441860465,72,0.465116279069767,2,0,NA,NA,NA,NA,NA,NA,NA,"P4"
"103","Boston College","fbs","ACC",2024,4870820,"Datrell Jones",3,1,11,3,-0.64645737459835,-0.215485791532783,-0.64645737459835,8,2.66666666666667,8,0.333333333333333,0,0,NA,NA,NA,NA,NA,NA,NA,"P4"
"103","Boston College","fbs","ACC",2024,4880638,"Kye Robichaux",161,10,11,16.1,-2.20066606939974,-0.0136687333503089,-0.220066606939974,688,4.27329192546584,68.8,0.391304347826087,10,2,173,174,169,156.5,85.5,203,79,"P4"
"103","Boston College","fbs","ACC",2024,4883774,"Jayden McGowan",2,1,11,2,2.50873401007092,1.25436700503546,2.50873401007092,13,6.5,13,1,0,0,NA,NA,NA,NA,NA,NA,NA,"P4"
"103","Boston College","fbs","ACC",2024,5146724,"Turbo Richard",36,6,11,6,5.0850405339346,0.141251125942628,0.847506755655766,201,5.58333333333333,33.5,0.444444444444444,1,0,NA,NA,NA,NA,NA,NA,NA,"P4"
"103","Boston College","fbs","ACC",2024,5222689,"Johnathan Montague Jr.",3,3,11,1,2.39290598248502,0.797635327495007,0.797635327495007,32,10.6666666666667,10.6666666666667,0.666666666666667,1,0,NA,NA,NA,NA,NA,NA,NA,"P4"
"113","Massachusetts","fbs","FBS Independents",2024,4362188,"Sterling Galban",1,1,10,1,-1.89440903982228,-1.89440903982228,-1.89440903982228,-7,-7,-7,0,0,0,NA,NA,NA,NA,NA,NA,NA,"G6"
"113","Massachusetts","fbs","FBS Independents",2024,4426430,"Taisun Phommachanh",65,7,10,9.28571428571429,9.44142018526201,0.1452526182348,1.34877431218029,366,5.63076923076923,52.2857142857143,0.446153846153846,1,2,106,81,63,83.5,214,81,142,"G6"
"113","Massachusetts","fbs","FBS Independents",2024,4427934,"Dominick Mazotti",1,1,10,1,3.26439643642904,3.26439643642904,3.26439643642904,3,3,3,1,0,0,NA,NA,NA,NA,NA,NA,NA,"G6"
"113","Massachusetts","fbs","FBS Independents",2024,4433965,"Brandon Campbell",44,7,10,6.28571428571429,-3.20508544854877,-0.072842851103381,-0.457869349792681,174,3.95454545454545,24.8571428571429,0.318181818181818,1,0,NA,NA,NA,NA,NA,NA,NA,"G6"
"113","Massachusetts","fbs","FBS Independents",2024,4569655,"Te'Rai Powell",1,1,10,1,2.053907274023,2.053907274023,2.053907274023,39,39,39,1,0,0,NA,NA,NA,NA,NA,NA,NA,"G6"
"113","Massachusetts","fbs","FBS Independents",2024,4697741,"Jalen John",92,8,10,11.5,-0.299532681226564,-0.00325579001333222,-0.0374415851533205,441,4.79347826086957,55.125,0.391304347826087,4,1,163,163,163,156.5,181.5,155,127,"G6"
"113","Massachusetts","fbs","FBS Independents",2024,4869699,"Jackson Paradis",6,3,10,2,-1.37641538574812,-0.229402564291353,-0.458805128582706,10,1.66666666666667,3.33333333333333,0.333333333333333,0,0,NA,NA,NA,NA,NA,NA,NA,"G6"
"113","Massachusetts","fbs","FBS Independents",2024,4870757,"Ahmad Haston",17,5,10,3.4,9.42211398176838,0.554241998927552,1.88442279635368,160,9.41176470588235,32,0.647058823529412,1,0,NA,NA,NA,NA,NA,NA,NA,"G6"
"113","Massachusetts","fbs","FBS Independents",2024,4909541,"T.Y. Harding",2,2,10,1,0.355242543695329,0.177621271847664,0.177621271847664,10,5,5,1,0,0,NA,NA,NA,NA,NA,NA,NA,"G6"
"113","Massachusetts","fbs","FBS Independents",2024,4923282,"CJ Hester",107,10,10,10.7,-2.40921477163743,-0.0225160259031536,-0.240921477163743,480,4.48598130841121,48,0.364485981308411,4,0,174,175,174,195,172,190,163.5,"G6"
"113","Massachusetts","fbs","FBS Independents",2024,5081898,"Cookie Desiderio",8,2,10,4,-4.81819721908827,-0.602274652386034,-2.40909860954414,20,2.5,10,0,0,0,NA,NA,NA,NA,NA,NA,NA,"G6"
"113","Massachusetts","fbs","FBS Independents",2024,5146355,"AJ Hairston",18,4,10,4.5,3.72567549696693,0.206981972053718,0.931418874241731,47,2.61111111111111,11.75,0.444444444444444,1,0,NA,NA,NA,NA,NA,NA,NA,"G6"
"113","Massachusetts","fbs","FBS Independents",2024,5147852,"Da'Marion Alberic",1,1,10,1,-0.900605092831041,-0.900605092831041,-0.900605092831041,0,0,0,0,0,0,NA,NA,NA,NA,NA,NA,NA,"G6"
"113","Massachusetts","fbs","FBS Independents",2024,5218971,"Will Perry",1,1,10,1,-0.197486401260718,-0.197486401260718,-0.197486401260718,2,2,2,0,0,0,NA,NA,NA,NA,NA,NA,NA,"G6"
"113","Massachusetts","fbs","FBS Independents",2024,5232598,"Brandon Campbell",2,1,10,2,-0.431093551279118,-0.215546775639559,-0.431093551279118,5,2.5,5,0.5,0,0,NA,NA,NA,NA,NA,NA,NA,"G6"
"12","Arizona","fbs","Big 12",2024,4575131,"Jacory Croskey-Merritt",13,1,11,13,4.29128022974404,0.33009847921108,4.29128022974404,106,8.15384615384615,106,0.538461538461538,1,0,NA,NA,NA,NA,NA,NA,NA,"P4"
"12","Arizona","fbs","Big 12",2024,4685445,"Rayshon Luke",2,2,11,1,0.193033592975541,0.0965167964877705,0.0965167964877705,11,5.5,5.5,0.5,0,1,NA,NA,NA,NA,NA,NA,NA,"P4"
"12","Arizona","fbs","Big 12",2024,4686775,"Montana Lemonious-Craig",1,1,11,1,-0.0139102250577583,-0.0139102250577583,-0.0139102250577583,5,5,5,0,0,0,NA,NA,NA,NA,NA,NA,NA,"P4"
"12","Arizona","fbs","Big 12",2024,4694583,"Quali Conley",133,11,11,12.0909090909091,-18.4655777213916,-0.138838930236027,-1.67868888376287,633,4.7593984962406,57.5454545454545,0.353383458646617,8,3,233,232,224,209,106,159,119,"P4"
"12","Arizona","fbs","Big 12",2024,4801717,"Noah Fifita",36,11,11,3.27272727272727,13.8115780756103,0.383654946544731,1.25559800687367,226,6.27777777777778,20.5454545454545,0.555555555555556,1,0,NA,NA,NA,NA,NA,NA,NA,"P4"
"12","Arizona","fbs","Big 12",2024,4899361,"Kedrick Reescano",70,11,11,6.36363636363636,-10.3091469769156,-0.147273528241651,-0.937195179719598,282,4.02857142857143,25.6363636363636,0.371428571428571,0,0,209,204,227,188,240,220,241,"P4"
"12","Arizona","fbs","Big 12",2024,5078014,"Brandon Johnson",3,2,11,1.5,-0.609630985824754,-0.203210328608251,-0.304815492912377,11,3.66666666666667,5.5,0,0,0,NA,NA,NA,NA,NA,NA,NA,"P4"
"12","Arizona","fbs","Big 12",2024,5086627,"Cole Tannenbaum",1,1,11,1,-3.69426128726948,-3.69426128726948,-3.69426128726948,-4,-4,-4,0,0,1,NA,NA,NA,NA,NA,NA,NA,"P4"
"12","Arizona","fbs","Big 12",2024,5093837,"Chris Hunter",1,1,11,1,3.28598351228542,3.28598351228542,3.28598351228542,7,7,7,1,0,0,NA,NA,NA,NA,NA,NA,NA,"P4"
"12","Arizona","fbs","Big 12",2024,5151339,"Anthony Garcia",1,1,11,1,-0.740454034493377,-0.740454034493377,-0.740454034493377,1,1,1,0,0,0,NA,NA,NA,NA,NA,NA,NA,"P4"
"12","Arizona","fbs","Big 12",2024,5219140,"Jeremiah Patterson",2,2,11,1,-2.14585509689991,-1.07292754844996,-1.07292754844996,-2,-1,-1,0,0,0,NA,NA,NA,NA,NA,NA,NA,"P4"
"12","Arizona","fbs","Big 12",2024,5219143,"Kayden Luke",5,4,11,1.25,-1.07279719929021,-0.214559439858042,-0.268199299822552,20,4,5,0.6,0,0,NA,NA,NA,NA,NA,NA,NA,"P4"
"120","Maryland","fbs","Big Ten",2024,4431509,"Kaden Prather",1,1,11,1,-1.08059952105481,-1.08059952105481,-1.08059952105481,-1,-1,-1,0,0,0,NA,NA,NA,NA,NA,NA,NA,"P4"
"120","Maryland","fbs","Big Ten",2024,4565185,"Tai Felton",2,2,11,1,1.51304686606886,0.756523433034428,0.756523433034428,23,11.5,11.5,0.5,0,0,NA,NA,NA,NA,NA,NA,NA,"P4"
"120","Maryland","fbs","Big Ten",2024,4588200,"Colby McDonald",24,5,11,4.8,0.597065302765065,0.0248777209485444,0.119413060553013,108,4.5,21.6,0.458333333333333,0,0,NA,NA,NA,NA,NA,NA,NA,"P4"
"120","Maryland","fbs","Big Ten",2024,4592532,"Billy Edwards Jr.",61,10,11,6.1,12.8350817888473,0.210411176866349,1.28350817888473,273,4.47540983606557,27.3,0.459016393442623,5,0,NA,NA,NA,NA,NA,NA,NA,"P4"
"120","Maryland","fbs","Big Ten",2024,4685488,"MJ Morris",16,5,11,3.2,-3.282141046473,-0.205133815404562,-0.6564282092946,38,2.375,7.6,0.125,0,0,NA,NA,NA,NA,NA,NA,NA,"P4"
"120","Maryland","fbs","Big Ten",2024,4688835,"Roman Hemby",119,11,11,10.8181818181818,-4.12770127886464,-0.0346865653686104,-0.375245570805876,537,4.51260504201681,48.8181818181818,0.38655462184874,5,0,179,178,178,169,146,186,156,"P4"
"120","Maryland","fbs","Big Ten",2024,4695703,"Kellan Wyatt",1,1,11,1,0.501814364424002,0.501814364424002,0.501814364424002,-1,-1,-1,1,0,0,NA,NA,NA,NA,NA,NA,NA,"P4"
"120","Maryland","fbs","Big Ten",2024,4869520,"Octavian Smith Jr.",1,1,11,1,-0.122748904188323,-0.122748904188323,-0.122748904188323,2,2,2,0,0,0,NA,NA,NA,NA,NA,NA,NA,"P4"
"120","Maryland","fbs","Big Ten",2024,4921316,"Nolan Ray",68,11,11,6.18181818181818,-3.51281427519213,-0.0516590334587078,-0.319346752290194,342,5.02941176470588,31.0909090909091,0.367647058823529,1,0,NA,NA,NA,NA,NA,NA,NA,"P4"
"120","Maryland","fbs","Big Ten",2024,5079650,"DeJuan Williams",8,3,11,2.66666666666667,3.30371532413906,0.412964415517383,1.10123844137969,46,5.75,15.3333333333333,0.375,1,0,NA,NA,NA,NA,NA,NA,NA,"P4"
"120","Maryland","fbs","Big Ten",2024,5147685,"Josiah McLaurin",2,1,11,2,-1.40889110875408,-0.704445554377038,-1.40889110875408,3,1.5,3,0,0,0,NA,NA,NA,NA,NA,NA,NA,"P4"
"127","Michigan State","fbs","Big Ten",2024,4426530,"Kay'Ron Lynch-Adams",117,11,11,10.6363636363636,-9.56434964430015,-0.0817465781564116,-0.869486331300014,579,4.94871794871795,52.6363636363636,0.384615384615385,2,0,207,200,202,173,129,140,140,"P4"
"127","Michigan State","fbs","Big Ten",2024,4427117,"Quindarius Dunnigan",1,1,11,1,-0.884755116157762,-0.884755116157762,-0.884755116157762,-1,-1,-1,0,0,0,NA,NA,NA,NA,NA,NA,NA,"P4"
"127","Michigan State","fbs","Big Ten",2024,4579073,"Tommy Schuster",1,1,11,1,1.76260355557364,1.76260355557364,1.76260355557364,5,5,5,1,0,0,NA,NA,NA,NA,NA,NA,NA,"P4"
"127","Michigan State","fbs","Big Ten",2024,4600597,"Montorie Foster Jr.",2,2,11,1,0.0937136144624895,0.0468568072312447,0.0468568072312447,7,3.5,3.5,1,0,0,NA,NA,NA,NA,NA,NA,NA,"P4"
"127","Michigan State","fbs","Big Ten",2024,4605477,"Alante Brown",3,2,11,1.5,0.767116994474565,0.255705664824855,0.383558497237283,17,5.66666666666667,8.5,0.666666666666667,0,0,NA,NA,NA,NA,NA,NA,NA,"P4"
"127","Michigan State","fbs","Big Ten",2024,4869252,"Jaron Glover",2,2,11,1,0.73380307159195,0.366901535795975,0.366901535795975,20,10,10,1,0,0,NA,NA,NA,NA,NA,NA,NA,"P4"
"127","Michigan State","fbs","Big Ten",2024,5075805,"Aidan Chiles",63,11,11,5.72727272727273,20.2868926720442,0.322014169397527,1.84426297018584,395,6.26984126984127,35.9090909090909,0.666666666666667,2,1,NA,NA,NA,NA,NA,NA,NA,"P4"
"127","Michigan State","fbs","Big Ten",2024,5079600,"Nick Marsh",3,3,11,1,0.671607632704113,0.223869210901371,0.223869210901371,27,9,9,0.666666666666667,0,1,NA,NA,NA,NA,NA,NA,NA,"P4"
"127","Michigan State","fbs","Big Ten",2024,5084286,"Makhi Frazier",6,4,11,1.5,-1.55762303370369,-0.259603838950616,-0.389405758425924,16,2.66666666666667,4,0.333333333333333,0,0,NA,NA,NA,NA,NA,NA,NA,"P4"
"127","Michigan State","fbs","Big Ten",2024,5084956,"Ryan Eckley",1,1,11,1,-1.81702312191361,-1.81702312191361,-1.81702312191361,-9,-9,-9,0,0,0,NA,NA,NA,NA,NA,NA,NA,"P4"
"127","Michigan State","fbs","Big Ten",2024,5120971,"Aziah Johnson",1,1,11,1,0.567268921837273,0.567268921837273,0.567268921837273,15,15,15,1,0,0,NA,NA,NA,NA,NA,NA,NA,"P4"
"127","Michigan State","fbs","Big Ten",2024,5150125,"Brandon Tullis",4,2,11,2,-0.961548074778309,-0.240387018694577,-0.480774037389155,7,1.75,3.5,0.25,0,0,NA,NA,NA,NA,NA,NA,NA,"P4"
"130","Michigan","fbs","Big Ten",2024,4361025,"Jack Tuttle",9,2,12,4.5,-7.75102918012362,-0.86122546445818,-3.87551459006181,46,5.11111111111111,23,0.444444444444444,0,2,NA,NA,NA,NA,NA,NA,NA,"P4"
"130","Michigan","fbs","Big Ten",2024,4429121,"Kalel Mullings",183,12,12,15.25,29.8008889515808,0.162846387713556,2.48340741263173,963,5.26229508196721,80.25,0.459016393442623,12,0,26,32,53,68,35,104.5,52,"P4"
"130","Michigan","fbs","Big Ten",2024,4431536,"Donovan Edwards",128,12,12,10.6666666666667,-11.7298311104846,-0.0916393055506608,-0.977485925873715,623,4.8671875,51.9166666666667,0.3828125,4,3,216,209,208,176,112.5,148,145,"P4"
"130","Michigan","fbs","Big Ten",2024,4685464,"Tyler Morris",1,1,12,1,0.354012275504092,0.354012275504092,0.354012275504092,9,9,9,1,0,0,NA,NA,NA,NA,NA,NA,NA,"P4"
"130","Michigan","fbs","Big Ten",2024,4685495,"Alex Orji",51,10,12,5.1,3.01857004745076,0.0591876479892306,0.301857004745076,285,5.58823529411765,28.5,0.411764705882353,1,2,NA,NA,NA,NA,NA,NA,NA,"P4"
"130","Michigan","fbs","Big Ten",2024,4723086,"Colston Loveland",1,1,12,1,-0.564999137545651,-0.564999137545651,-0.564999137545651,2,2,2,0,0,0,NA,NA,NA,NA,NA,NA,NA,"P4"
"130","Michigan","fbs","Big Ten",2024,4878681,"Davis Warren",9,6,12,1.5,1.71388373133293,0.190431525703659,0.285647288555488,31,3.44444444444444,5.16666666666667,0.666666666666667,0,2,NA,NA,NA,NA,NA,NA,NA,"P4"
"130","Michigan","fbs","Big Ten",2024,4899366,"Semaj Morgan",6,6,12,1,1.69926621933945,0.283211036556575,0.283211036556575,36,6,6,0.666666666666667,0,0,NA,NA,NA,NA,NA,NA,NA,"P4"
"130","Michigan","fbs","Big Ten",2024,4905609,"Fredrick Moore",3,3,12,1,0.0989681816540839,0.0329893938846946,0.0329893938846946,20,6.66666666666667,6.66666666666667,0.666666666666667,0,0,NA,NA,NA,NA,NA,NA,NA,"P4"
"130","Michigan","fbs","Big Ten",2024,5008017,"Benjamin Hall",13,5,12,2.6,-2.65270871218101,-0.204054516321616,-0.530541742436202,44,3.38461538461538,8.8,0.307692307692308,0,0,NA,NA,NA,NA,NA,NA,NA,"P4"
"130","Michigan","fbs","Big Ten",2024,5079574,"Jordan Marshall",8,2,12,4,0.455289379509205,0.0569111724386506,0.227644689754603,20,2.5,10,0.5,0,0,NA,NA,NA,NA,NA,NA,NA,"P4"
"135","Minnesota","fbs","Big Ten",2024,4426484,"Marcus Major",71,11,11,6.45454545454545,-1.24055246868015,-0.0174725699814106,-0.112777497152741,340,4.7887323943662,30.9090909090909,0.352112676056338,2,0,168,167,172,210,217,156,230,"P4"
"135","Minnesota","fbs","Big Ten",2024,4430067,"Jaren Mangham",6,3,11,2,-1.01987348200633,-0.169978913667722,-0.339957827335443,37,6.16666666666667,12.3333333333333,0.333333333333333,0,0,NA,NA,NA,NA,NA,NA,NA,"P4"
"135","Minnesota","fbs","Big Ten",2024,4430875,"Daniel Jackson",3,3,11,1,-0.851452551103064,-0.283817517034355,-0.283817517034355,13,4.33333333333333,4.33333333333333,0,0,0,NA,NA,NA,NA,NA,NA,NA,"P4"
"135","Minnesota","fbs","Big Ten",2024,4431499,"Sieh Bangura",3,2,11,1.5,-3.24879669209044,-1.08293223069681,-1.62439834604522,6,2,3,0.333333333333333,0,0,NA,NA,NA,NA,NA,NA,NA,"P4"
"135","Minnesota","fbs","Big Ten",2024,4573398,"Max Brosmer",36,10,11,3.6,1.47003595529972,0.0408343320916588,0.147003595529972,118,3.27777777777778,11.8,0.472222222222222,5,2,NA,NA,NA,NA,NA,NA,NA,"P4"
"135","Minnesota","fbs","Big Ten",2024,4609218,"Mark Crawford",2,1,11,2,-1.54605268395224,-0.773026341976119,-1.54605268395224,20,10,20,0.5,0,2,NA,NA,NA,NA,NA,NA,NA,"P4"
"135","Minnesota","fbs","Big Ten",2024,4685342,"Cristian Driver",2,2,11,1,-0.237593189429422,-0.118796594714711,-0.118796594714711,9,4.5,4.5,0,0,0,NA,NA,NA,NA,NA,NA,NA,"P4"
"135","Minnesota","fbs","Big Ten",2024,4720949,"Kristen Hoskins",1,1,11,1,-0.39842109283837,-0.39842109283837,-0.39842109283837,2,2,2,0,0,0,NA,NA,NA,NA,NA,NA,NA,"P4"
"135","Minnesota","fbs","Big Ten",2024,4875385,"Jordan Nubin",7,4,11,1.75,-3.7472201772152,-0.5353171681736,-0.9368050443038,18,2.57142857142857,4.5,0.285714285714286,0,0,NA,NA,NA,NA,NA,NA,NA,"P4"
"135","Minnesota","fbs","Big Ten",2024,4920901,"Darius Taylor",165,10,11,16.5,-2.41179379074041,-0.0146169320650934,-0.241179379074041,801,4.85454545454545,80.1,0.393939393939394,8,0,175,176,170,155,59,150,53,"P4"
"135","Minnesota","fbs","Big Ten",2024,5218961,"Fame Ijeboi",2,1,11,2,0.203790572370559,0.10189528618528,0.203790572370559,13,6.5,13,0.5,0,0,NA,NA,NA,NA,NA,NA,NA,"P4"
"142","Missouri","fbs","SEC",2024,4429088,"Drew Pyne",10,4,11,2.5,-3.42211388201289,-0.342211388201289,-0.855528470503222,40,4,10,0.3,0,1,NA,NA,NA,NA,NA,NA,NA,"P4"
"142","Missouri","fbs","SEC",2024,4429435,"Brady Cook",49,9,11,5.44444444444444,17.980690756621,0.366952872584103,1.99785452851345,259,5.28571428571429,28.7777777777778,0.530612244897959,4,1,NA,NA,NA,NA,NA,NA,NA,"P4"
"142","Missouri","fbs","SEC",2024,4430828,"Mookie Cooper",1,1,11,1,-0.104412245063838,-0.104412245063838,-0.104412245063838,4,4,4,0,0,0,NA,NA,NA,NA,NA,NA,NA,"P4"
"142","Missouri","fbs","SEC",2024,4574790,"JR Blood",1,1,11,1,-1.74061200561744,-1.74061200561744,-1.74061200561744,-1,-1,-1,0,0,0,NA,NA,NA,NA,NA,NA,NA,"P4"
"142","Missouri","fbs","SEC",2024,4576318,"Marcus Carroll",126,11,11,11.4545454545455,15.1939842521833,0.120587176604629,1.38127129565302,520,4.12698412698413,47.2727272727273,0.452380952380952,10,1,76,78,78,75,154,213,167,"P4"
"142","Missouri","fbs","SEC",2024,4613032,"Nate Noel",144,9,11,16,6.48643517149553,0.0450446886909412,0.720715019055059,751,5.21527777777778,83.4444444444444,0.395833333333333,2,0,125,114,131,151,69,109,41,"P4"
"142","Missouri","fbs","SEC",2024,4685278,"Luther Burden III",9,5,11,1.8,4.18120062708822,0.464577847454247,0.836240125417644,115,12.7777777777778,23,0.666666666666667,2,0,NA,NA,NA,NA,NA,NA,NA,"P4"
"142","Missouri","fbs","SEC",2024,4685418,"Tavorus Jones",6,1,11,6,-2.4978235810581,-0.416303930176351,-2.4978235810581,41,6.83333333333333,41,0.333333333333333,0,0,NA,NA,NA,NA,NA,NA,NA,"P4"
"142","Missouri","fbs","SEC",2024,4712886,"Mekhi Miller",1,1,11,1,-2.11655035631655,-2.11655035631655,-2.11655035631655,-4,-4,-4,0,0,0,NA,NA,NA,NA,NA,NA,NA,"P4"
"142","Missouri","fbs","SEC",2024,4921116,"Jamal Roberts",47,7,11,6.71428571428571,11.6962858510484,0.248857145766987,1.6708979787212,196,4.17021276595745,28,0.595744680851064,2,0,NA,NA,NA,NA,NA,NA,NA,"P4"
"142","Missouri","fbs","SEC",2024,5086388,"Kewan Lacy",18,5,11,3.6,-0.677109777202565,-0.037617209844587,-0.135421955440513,66,3.66666666666667,13.2,0.444444444444444,0,1,NA,NA,NA,NA,NA,NA,NA,"P4"
"145","Ole Miss","fbs","SEC",2024,4426689,"Ulysses Bentley IV",63,8,11,7.875,-8.8449676805411,-0.140396312389541,-1.10562096006764,319,5.06349206349206,39.875,0.253968253968254,3,0,NA,NA,NA,NA,NA,NA,NA,"P4"
"145","Ole Miss","fbs","SEC",2024,4429212,"Rashad Amos",6,3,11,2,-1.45873089900732,-0.24312181650122,-0.486243633002441,65,10.8333333333333,21.6666666666667,0.333333333333333,0,0,NA,NA,NA,NA,NA,NA,NA,"P4"
"145","Ole Miss","fbs","SEC",2024,4430896,"JJ Pegues",18,9,11,2,11.631844645722,0.646213591429001,1.292427182858,50,2.77777777777778,5.55555555555556,0.777777777777778,6,0,NA,NA,NA,NA,NA,NA,NA,"P4"
"145","Ole Miss","fbs","SEC",2024,4431310,"Henry Parrish Jr.",122,8,11,15.25,5.52816434229696,0.045312822477844,0.69102054278712,653,5.35245901639344,81.625,0.418032786885246,10,0,132,116,130,117.5,97,98,47,"P4"
"145","Ole Miss","fbs","SEC",2024,4431466,"Jordan Watkins",3,1,11,3,-0.138186148976166,-0.0460620496587218,-0.138186148976166,20,6.66666666666667,20,0.333333333333333,0,0,NA,NA,NA,NA,NA,NA,NA,"P4"
"145","Ole Miss","fbs","SEC",2024,4689114,"Jaxson Dart",81,11,11,7.36363636363636,17.5574140889849,0.216758198629443,1.59612855354408,560,6.91358024691358,50.9090909090909,0.54320987654321,2,0,68,70,34,15.5,136,18,151,"P4"
"145","Ole Miss","fbs","SEC",2024,4693817,"Micah Davis",38,2,11,19,-16.7032334041684,-0.439558773793906,-8.35161670208421,90,2.36842105263158,45,0.263157894736842,0,0,NA,NA,NA,NA,NA,NA,NA,"P4"
"145","Ole Miss","fbs","SEC",2024,4696062,"Antwane Wells Jr.",3,3,11,1,-4.20816229812417,-1.40272076604139,-1.40272076604139,-4,-1.33333333333333,-1.33333333333333,0,0,0,NA,NA,NA,NA,NA,NA,NA,"P4"
"145","Ole Miss","fbs","SEC",2024,4870858,"Cayden Lee",2,1,11,2,0.914167024215104,0.457083512107552,0.914167024215104,18,9,18,0.5,0,0,NA,NA,NA,NA,NA,NA,NA,"P4"
"145","Ole Miss","fbs","SEC",2024,4875065,"Matt Jones",40,6,11,6.66666666666667,2.74295634235938,0.0685739085589844,0.457159390393229,161,4.025,26.8333333333333,0.5,1,1,NA,NA,NA,NA,NA,NA,NA,"P4"
"145","Ole Miss","fbs","SEC",2024,5081436,"Domonique Thomas",35,6,11,5.83333333333333,-2.77436147241052,-0.0792674706403004,-0.462393578735086,144,4.11428571428571,24,0.4,1,0,NA,NA,NA,NA,NA,NA,NA,"P4"
"145","Ole Miss","fbs","SEC",2024,5081766,"Jason Albritton",5,1,11,5,-2.62168433749945,-0.524336867499891,-2.62168433749945,8,1.6,8,0,0,0,NA,NA,NA,NA,NA,NA,NA,"P4"
"145","Ole Miss","fbs","SEC",2024,5141684,"Austin Simmons",2,1,11,2,-1.15935820236294,-0.57967910118147,-1.15935820236294,4,2,4,0,0,0,NA,NA,NA,NA,NA,NA,NA,"P4"
"150","Duke","fbs","ACC",2024,4685252,"Henry Belin IV",5,2,11,2.5,1.14591737086273,0.229183474172546,0.572958685431366,23,4.6,11.5,0.6,0,0,NA,NA,NA,NA,NA,NA,NA,"P4"
"150","Duke","fbs","ACC",2024,4685497,"Maalik Murphy",7,5,11,1.4,-5.68552794222133,-0.81221827746019,-1.13710558844427,11,1.57142857142857,2.2,0.428571428571429,2,2,NA,NA,NA,NA,NA,NA,NA,"P4"
"150","Duke","fbs","ACC",2024,4692058,"Al Wooten II",2,1,11,2,-1.32432909939085,-0.662164549695423,-1.32432909939085,1,0.5,1,0,0,0,NA,NA,NA,NA,NA,NA,NA,"P4"
"150","Duke","fbs","ACC",2024,4708487,"Jaquez Moore",13,3,11,4.33333333333333,-5.30416629652662,-0.408012792040509,-1.76805543217554,52,4,17.3333333333333,0.307692307692308,0,0,NA,NA,NA,NA,NA,NA,NA,"P4"
"150","Duke","fbs","ACC",2024,4915837,"Grayson Loftis",2,2,11,1,-0.701568999801978,-0.350784499900989,-0.350784499900989,4,2,2,0.5,0,0,NA,NA,NA,NA,NA,NA,NA,"P4"
"150","Duke","fbs","ACC",2024,4923298,"Peyton Jones",70,10,11,7,-9.44302336457345,-0.134900333779621,-0.944302336457345,286,4.08571428571429,28.6,0.357142857142857,3,0,204,205,221,205,237.5,215,234,"P4"
"150","Duke","fbs","ACC",2024,5078011,"Quran Boyd",2,1,11,2,-1.35868579295438,-0.679342896477191,-1.35868579295438,0,0,0,0,0,0,NA,NA,NA,NA,NA,NA,NA,"P4"
"150","Duke","fbs","ACC",2024,5084179,"Star Thomas",199,11,11,18.0909090909091,-15.1036657893254,-0.075897818036811,-1.37306052630231,868,4.36180904522613,78.9090909090909,0.35678391959799,7,1,228,224,198,206,48,197,56,"P4"
"150","Duke","fbs","ACC",2024,5218787,"Que'Sean Brown",2,2,11,1,-1.15586799931649,-0.577933999658245,-0.577933999658245,1,0.5,0.5,0,0,0,NA,NA,NA,NA,NA,NA,NA,"P4"
"151","East Carolina","fbs","American Athletic",2024,4432703,"Jake Garcia",21,4,10,5.25,2.62242244595892,0.124877259331377,0.65560561148973,74,3.52380952380952,18.5,0.476190476190476,2,1,NA,NA,NA,NA,NA,NA,NA,"G6"
"151","East Carolina","fbs","American Athletic",2024,4569452,"Winston Wright Jr.",10,6,10,1.66666666666667,1.82635637695867,0.182635637695867,0.304392729493111,63,6.3,10.5,0.5,0,0,NA,NA,NA,NA,NA,NA,NA,"G6"
"151","East Carolina","fbs","American Athletic",2024,4590347,"Rahjai Harris",170,10,10,17,17.7981056070409,0.104694738864946,1.77981056070409,843,4.95882352941176,84.3,0.4,10,2,67,63,86,144.5,50,138,39,"G6"
"151","East Carolina","fbs","American Athletic",2024,4794107,"Marlon Gunn Jr.",55,9,10,6.11111111111111,-4.65151418183616,-0.0845729851242938,-0.516834909092907,211,3.83636363636364,23.4444444444444,0.418181818181818,3,0,NA,NA,NA,NA,NA,NA,NA,"G6"
"151","East Carolina","fbs","American Athletic",2024,4795295,"Katin Houser",25,6,10,4.16666666666667,10.9088083573782,0.436352334295127,1.8181347262297,138,5.52,23,0.44,2,2,NA,NA,NA,NA,NA,NA,NA,"G6"
"151","East Carolina","fbs","American Athletic",2024,4869340,"Brock Spalding",1,1,10,1,-0.880789310657689,-0.880789310657689,-0.880789310657689,0,0,0,0,0,0,NA,NA,NA,NA,NA,NA,NA,"G6"
"151","East Carolina","fbs","American Athletic",2024,4870616,"Javious Bond",10,3,10,3.33333333333333,0.902146252444652,0.0902146252444652,0.300715417481551,65,6.5,21.6666666666667,0.5,0,0,NA,NA,NA,NA,NA,NA,NA,"G6"
"151","East Carolina","fbs","American Athletic",2024,4872836,"Jhari Patterson",6,2,10,3,5.48124914184482,0.913541523640803,2.74062457092241,79,13.1666666666667,39.5,1,0,0,NA,NA,NA,NA,NA,NA,NA,"G6"
"151","East Carolina","fbs","American Athletic",2024,4912864,"Raheim Jeter",1,1,10,1,1.13541263725763,1.13541263725763,1.13541263725763,7,7,7,1,0,0,NA,NA,NA,NA,NA,NA,NA,"G6"
"151","East Carolina","fbs","American Athletic",2024,4941012,"London Montgomery",47,7,10,6.71428571428571,-5.89890588796354,-0.125508635914118,-0.842700841137648,224,4.76595744680851,32,0.361702127659574,1,0,NA,NA,NA,NA,NA,NA,NA,"G6"
"151","East Carolina","fbs","American Athletic",2024,5155519,"Yannick Smith",1,1,10,1,-0.330653757197702,-0.330653757197702,-0.330653757197702,3,3,3,0,0,0,NA,NA,NA,NA,NA,NA,NA,"G6"
"152","NC State","fbs","ACC",2024,4427936,"Grayson McCall",10,2,11,5,-7.94805027774562,-0.794805027774562,-3.97402513887281,41,4.1,20.5,0.2,0,1,NA,NA,NA,NA,NA,NA,NA,"P4"
"152","NC State","fbs","ACC",2024,4428803,"Jordan Waters",69,10,11,6.9,-7.32367805202633,-0.10614026162357,-0.732367805202633,314,4.55072463768116,31.4,0.36231884057971,2,0,196,197,214,198.5,225,180,226.5,"P4"
"152","NC State","fbs","ACC",2024,4568316,"Demarcus Jones II",3,1,11,3,2.22374293484419,0.741247644948062,2.22374293484419,13,4.33333333333333,13,0.666666666666667,1,0,NA,NA,NA,NA,NA,NA,NA,"P4"
"152","NC State","fbs","ACC",2024,4684139,"Sean Brown",1,1,11,1,2.61741012604145,2.61741012604145,2.61741012604145,2,2,2,1,0,0,NA,NA,NA,NA,NA,NA,NA,"P4"
"152","NC State","fbs","ACC",2024,4870653,"Kevin Concepcion",17,9,11,1.88888888888889,-0.707988243739619,-0.0416463672788011,-0.0786653604155133,59,3.47058823529412,6.55555555555556,0.294117647058824,2,0,NA,NA,NA,NA,NA,NA,NA,"P4"
"152","NC State","fbs","ACC",2024,4871053,"Hollywood Smothers",71,9,11,7.88888888888889,9.03232861343202,0.127215895963831,1.00359206815911,415,5.84507042253521,46.1111111111111,0.394366197183099,6,0,108,99,74,154,195.5,63,171,"P4"
"152","NC State","fbs","ACC",2024,4875128,"Lex Thomas",1,1,11,1,1.03189107460028,1.03189107460028,1.03189107460028,9,9,9,1,0,0,NA,NA,NA,NA,NA,NA,NA,"P4"
"152","NC State","fbs","ACC",2024,4899368,"Kendrick Raphael",67,10,11,6.7,7.80527587436408,0.116496654841255,0.780527587436408,392,5.85074626865672,39.2,0.447761194029851,3,1,NA,NA,NA,NA,NA,NA,NA,"P4"
"152","NC State","fbs","ACC",2024,5079301,"CJ Bailey",66,11,11,6,14.8512986406682,0.22501967637376,1.35011805824256,390,5.90909090909091,35.4545454545455,0.53030303030303,5,3,NA,NA,NA,NA,NA,NA,NA,"P4"
"152","NC State","fbs","ACC",2024,5126513,"Jayden Scott",3,1,11,3,-2.45116903991255,-0.817056346637515,-2.45116903991255,10,3.33333333333333,10,0,0,0,NA,NA,NA,NA,NA,NA,NA,"P4"
"152","NC State","fbs","ACC",2024,5151811,"Coleson Fields",3,1,11,3,-1.50230251666462,-0.500767505554873,-1.50230251666462,8,2.66666666666667,8,0,0,0,NA,NA,NA,NA,NA,NA,NA,"P4"
"153","North Carolina","fbs","ACC",2024,4426635,"Darwin Barlow",4,2,10,2,1.4397536078116,0.359938401952901,0.719876803905802,29,7.25,14.5,0.5,0,0,NA,NA,NA,NA,NA,NA,NA,"P4"
"153","North Carolina","fbs","ACC",2024,4429463,"Jacolby Criswell",43,9,10,4.77777777777778,18.759876621859,0.436276200508349,2.08443073576211,247,5.74418604651163,27.4444444444444,0.558139534883721,3,2,NA,NA,NA,NA,NA,NA,NA,"P4"
"153","North Carolina","fbs","ACC",2024,4431045,"John Copenhaver",1,1,10,1,3.70592912782588,3.70592912782588,3.70592912782588,6,6,6,1,0,0,NA,NA,NA,NA,NA,NA,NA,"P4"
"153","North Carolina","fbs","ACC",2024,4432387,"Nate McCollum",3,3,10,1,1.12035089786438,0.373450299288127,0.373450299288127,20,6.66666666666667,6.66666666666667,0.666666666666667,0,0,NA,NA,NA,NA,NA,NA,NA,"P4"
"153","North Carolina","fbs","ACC",2024,4595341,"Caleb Hood",5,3,10,1.66666666666667,-2.5171259737284,-0.503425194745681,-0.839041991242801,9,1.8,3,0,0,0,NA,NA,NA,NA,NA,NA,NA,"P4"
"153","North Carolina","fbs","ACC",2024,4685382,"Omarion Hampton",242,10,10,24.2,34.6386532230704,0.143134930673845,3.46386532230704,1399,5.78099173553719,139.9,0.421487603305785,12,0,21,17,65,111.5,6,67,3,"P4"
"153","North Carolina","fbs","ACC",2024,4685740,"Max Johnson",4,1,10,4,3.01102779763456,0.75275694940864,3.01102779763456,20,5,20,0.5,1,0,NA,NA,NA,NA,NA,NA,NA,"P4"
"153","North Carolina","fbs","ACC",2024,4801306,"Conner Harrell",5,3,10,1.66666666666667,-6.71846241197262,-1.34369248239452,-2.23948747065754,16,3.2,5.33333333333333,0.2,0,2,NA,NA,NA,NA,NA,NA,NA,"P4"
"153","North Carolina","fbs","ACC",2024,4899472,"Chris Culliver",1,1,10,1,0.775686944905544,0.775686944905544,0.775686944905544,8,8,8,1,0,0,NA,NA,NA,NA,NA,NA,NA,"P4"
"153","North Carolina","fbs","ACC",2024,5079468,"Davion Gause",38,8,10,4.75,2.37002332868536,0.0623690349654041,0.29625291608567,185,4.86842105263158,23.125,0.368421052631579,2,0,NA,NA,NA,NA,NA,NA,NA,"P4"
"153","North Carolina","fbs","ACC",2024,5146747,"Javarius Green",1,1,10,1,0.22824620194588,0.22824620194588,0.22824620194588,8,8,8,1,0,0,NA,NA,NA,NA,NA,NA,NA,"P4"
"153","North Carolina","fbs","ACC",2024,5219169,"Charleston French",2,1,10,2,-2.35568391991374,-1.17784195995687,-2.35568391991374,6,3,6,0,0,0,NA,NA,NA,NA,NA,NA,NA,"P4"
"154","Wake Forest","fbs","ACC",2024,4426499,"Hank Bachmeier",55,11,11,5,23.8396838697298,0.433448797631452,2.16724398815726,329,5.98181818181818,29.9090909090909,0.581818181818182,1,0,NA,NA,NA,NA,NA,NA,NA,"P4"
"154","Wake Forest","fbs","ACC",2024,4431008,"Jasheen Davis",1,1,11,1,-0.179568689429301,-0.179568689429301,-0.179568689429301,4,4,4,0,0,0,NA,NA,NA,NA,NA,NA,NA,"P4"
"154","Wake Forest","fbs","ACC",2024,4567031,"Michael Kern",2,2,11,1,-0.674765805917302,-0.337382902958651,-0.337382902958651,10,5,5,0,0,0,NA,NA,NA,NA,NA,NA,NA,"P4"
"154","Wake Forest","fbs","ACC",2024,4567044,"Taylor Morin",1,1,11,1,1.00341134419949,1.00341134419949,1.00341134419949,9,9,9,1,0,0,NA,NA,NA,NA,NA,NA,NA,"P4"
"154","Wake Forest","fbs","ACC",2024,4812356,"Jaydn Girard",1,1,11,1,-0.271663525363483,-0.271663525363483,-0.271663525363483,3,3,3,0,0,0,NA,NA,NA,NA,NA,NA,NA,"P4"
"154","Wake Forest","fbs","ACC",2024,4832846,"Demond Claiborne",210,11,11,19.0909090909091,8.04397537148468,0.0383046446261175,0.731270488316789,936,4.45714285714286,85.0909090909091,0.376190476190476,10,0,112,113,137,184,36,192,38,"P4"
"154","Wake Forest","fbs","ACC",2024,4868171,"Tate Carney",72,11,11,6.54545454545455,-1.66990605293058,-0.0231931396240358,-0.151809641175507,291,4.04166666666667,26.4545454545455,0.388888888888889,5,0,170,170,175,162.5,234,218,238,"P4"
"154","Wake Forest","fbs","ACC",2024,5152158,"Deuce Alexander",1,1,11,1,0.89677573062937,0.89677573062937,0.89677573062937,3,3,3,1,0,0,NA,NA,NA,NA,NA,NA,NA,"P4"
"154","Wake Forest","fbs","ACC",2024,5186586,"Ty Clark III",11,2,11,5.5,-3.25326408567512,-0.29575128051592,-1.62663204283756,50,4.54545454545455,25,0.454545454545455,0,1,NA,NA,NA,NA,NA,NA,NA,"P4"
"154","Wake Forest","fbs","ACC",2024,5219011,"EJ Reid",1,1,11,1,-0.173842513508724,-0.173842513508724,-0.173842513508724,3,3,3,0,0,0,NA,NA,NA,NA,NA,NA,NA,"P4"
"158","Nebraska","fbs","Big Ten",2024,4427609,"Rahmir Johnson",43,8,11,5.375,-1.87247095288436,-0.0435458361135898,-0.234058869110545,167,3.88372093023256,20.875,0.395348837209302,0,0,NA,NA,NA,NA,NA,NA,NA,"P4"
"158","Nebraska","fbs","Big Ten",2024,4428116,"Isaiah Neyor",2,2,11,1,-0.0463917987266225,-0.0231958993633112,-0.0231958993633112,6,3,3,0.5,0,0,NA,NA,NA,NA,NA,NA,NA,"P4"
"158","Nebraska","fbs","Big Ten",2024,4595354,"Gabe Ervin Jr.",11,5,11,2.2,-0.435035321072216,-0.0395486655520197,-0.0870070642144433,38,3.45454545454545,7.6,0.545454545454545,2,0,NA,NA,NA,NA,NA,NA,NA,"P4"
"158","Nebraska","fbs","Big Ten",2024,4683263,"Heinrich Haarberg",21,7,11,3,2.16258878189652,0.102980418185549,0.308941254556646,108,5.14285714285714,15.4285714285714,0.428571428571429,1,0,NA,NA,NA,NA,NA,NA,NA,"P4"
"158","Nebraska","fbs","Big Ten",2024,4685274,NA,1,1,11,1,3.97787285278634,3.97787285278634,3.97787285278634,0,0,0,1,1,0,NA,NA,NA,NA,NA,NA,NA,"P4"
"158","Nebraska","fbs","Big Ten",2024,4832955,"Emmett Johnson",95,10,11,9.5,2.07251113483811,0.0218159066825064,0.207251113483811,439,4.62105263157895,43.9,0.421052631578947,0,0,148,147,146,113,183,173,186,"P4"
"158","Nebraska","fbs","Big Ten",2024,4923252,"Dante Dowdell",137,11,11,12.4545454545455,18.2585278759426,0.133273926101771,1.65986617054024,522,3.81021897810219,47.4545454545455,0.474452554744526,12,2,62,68,69,53,153,229,166,"P4"
"158","Nebraska","fbs","Big Ten",2024,5079572,"Dylan Raiola",20,7,11,2.85714285714286,5.1333353686669,0.256666768433345,0.733333624095272,122,6.1,17.4285714285714,0.45,0,2,NA,NA,NA,NA,NA,NA,NA,"P4"
"158","Nebraska","fbs","Big Ten",2024,5083370,"Jacory Barney Jr.",8,5,11,1.6,8.02063730636555,1.00257966329569,1.60412746127311,117,14.625,23.4,0.875,2,0,NA,NA,NA,NA,NA,NA,NA,"P4"
"158","Nebraska","fbs","Big Ten",2024,5110168,"Carter Nelson",2,2,11,1,-2.51544003507971,-1.25772001753985,-1.25772001753985,-1,-0.5,-0.5,0,0,0,NA,NA,NA,NA,NA,NA,NA,"P4"
"158","Nebraska","fbs","Big Ten",2024,5119868,"Jaylen Lloyd",2,2,11,1,0.12003747918592,0.0600187395929599,0.0600187395929599,8,4,4,0.5,0,0,NA,NA,NA,NA,NA,NA,NA,"P4"
"158","Nebraska","fbs","Big Ten",2024,5120456,"Kwinten Ives",5,2,11,2.5,-2.05463354778824,-0.410926709557648,-1.02731677389412,7,1.4,3.5,0.4,0,0,NA,NA,NA,NA,NA,NA,NA,"P4"
"158","Nebraska","fbs","Big Ten",2024,5163745,"Jalyn Gramstad",1,1,11,1,-1.57084952848873,-1.57084952848873,-1.57084952848873,2,2,2,0,0,0,NA,NA,NA,NA,NA,NA,NA,"P4"
"158","Nebraska","fbs","Big Ten",2024,5168288,"Maurice Mazzccua Jr.",5,1,11,5,0.731332587161192,0.146266517432238,0.731332587161192,10,2,10,0.4,0,0,NA,NA,NA,NA,NA,NA,NA,"P4"
"158","Nebraska","fbs","Big Ten",2024,5174993,"Kenneth Williams",1,1,11,1,-0.0956330224616893,-0.0956330224616893,-0.0956330224616893,5,5,5,0,0,0,NA,NA,NA,NA,NA,NA,NA,"P4"
"158","Nebraska","fbs","Big Ten",2024,5227018,"Mekhi Nelson",1,1,11,1,-0.386818108550647,-0.386818108550647,-0.386818108550647,2,2,2,0,0,0,NA,NA,NA,NA,NA,NA,NA,"P4"
"164","Rutgers","fbs","Big Ten",2024,4432722,"Athan Kaliakmanis",57,10,11,5.7,11.3562938964006,0.199233226252642,1.13562938964006,273,4.78947368421053,27.3,0.508771929824561,3,1,NA,NA,NA,NA,NA,NA,NA,"P4"
"164","Rutgers","fbs","Big Ten",2024,4608686,"Kyle Monangai",235,10,11,23.5,10.2151481273792,0.0434687154356562,1.02151481273792,1020,4.34042553191489,102,0.4,12,0,100,97,132,144.5,26,200,20,"P4"
"164","Rutgers","fbs","Big Ten",2024,4685695,NA,3,1,11,3,-0.522079887211833,-0.174026629070611,-0.522079887211833,0,0,0,0.333333333333333,0,0,NA,NA,NA,NA,NA,NA,NA,"P4"
"164","Rutgers","fbs","Big Ten",2024,4775266,"Dymere Miller",1,1,11,1,-0.718808658463378,-0.718808658463378,-0.718808658463378,0,0,0,0,0,0,NA,NA,NA,NA,NA,NA,NA,"P4"
"164","Rutgers","fbs","Big Ten",2024,5078166,"Ajani Sheppard",2,1,11,2,-0.541384639212272,-0.270692319606136,-0.541384639212272,20,10,20,0.5,0,0,NA,NA,NA,NA,NA,NA,NA,"P4"
"164","Rutgers","fbs","Big Ten",2024,5081869,NA,1,1,11,1,-2.72115995834646,-2.72115995834646,-2.72115995834646,0,0,0,0,0,0,NA,NA,NA,NA,NA,NA,NA,"P4"
"164","Rutgers","fbs","Big Ten",2024,5099736,"Ja'shon Benjamin",12,2,11,6,-1.12042038580423,-0.0933683654836858,-0.560210192902115,67,5.58333333333333,33.5,0.416666666666667,0,0,NA,NA,NA,NA,NA,NA,NA,"P4"
"164","Rutgers","fbs","Big Ten",2024,5209945,"Antwan Raymond",74,8,11,9.25,-5.11444587412924,-0.069114133434179,-0.639305734266155,295,3.98648648648649,36.875,0.378378378378378,4,0,182,192,192,180,232,223,216,"P4"
"166","New Mexico State","fbs","Conference USA",2024,4431606,"Monte Watkins",9,4,11,2.25,-1.8117159767774,-0.201301775197489,-0.452928994194349,58,6.44444444444444,14.5,0.333333333333333,0,0,NA,NA,NA,NA,NA,NA,NA,"G6"
"166","New Mexico State","fbs","Conference USA",2024,4570743,"Santino Marucci",29,6,11,4.83333333333333,2.43080200356502,0.0838207587436213,0.405133667260836,136,4.68965517241379,22.6666666666667,0.448275862068966,1,0,NA,NA,NA,NA,NA,NA,NA,"G6"
"166","New Mexico State","fbs","Conference USA",2024,4613198,"Larenzo McMillan",7,5,11,1.4,6.46589453011272,0.923699218587531,1.29317890602254,111,15.8571428571429,22.2,0.428571428571429,1,0,NA,NA,NA,NA,NA,NA,NA,"G6"
"166","New Mexico State","fbs","Conference USA",2024,4683425,"PJ Johnson III",4,4,11,1,-2.2609936548527,-0.565248413713176,-0.565248413713176,6,1.5,1.5,0.25,0,0,NA,NA,NA,NA,NA,NA,NA,"G6"
"166","New Mexico State","fbs","Conference USA",2024,4686468,"Seth McGowan",136,11,11,12.3636363636364,6.83545321634457,0.0502606854142983,0.621404837849507,651,4.78676470588235,59.1818181818182,0.470588235294118,1,1,120,126,128,56.5,98,158,116,"G6"
"166","New Mexico State","fbs","Conference USA",2024,4686658,"Mike Washington",135,11,11,12.2727272727273,-7.28533464312434,-0.053965441800921,-0.66230314937494,611,4.52592592592593,55.5454545454545,0.37037037037037,7,7,195,193,185,190.5,119,184,126,"G6"
"166","New Mexico State","fbs","Conference USA",2024,4872943,"Tim Gans",16,5,11,3.2,-3.87407227252504,-0.242129517032815,-0.774814454505009,62,3.875,12.4,0.375,0,0,NA,NA,NA,NA,NA,NA,NA,"G6"
"166","New Mexico State","fbs","Conference USA",2024,5122162,"Jordan Smith",1,1,11,1,-1.81507979682772,-1.81507979682772,-1.81507979682772,-6,-6,-6,0,0,0,NA,NA,NA,NA,NA,NA,NA,"G6"
"166","New Mexico State","fbs","Conference USA",2024,5159139,"Donovan Faupel",1,1,11,1,1.65880153641337,1.65880153641337,1.65880153641337,18,18,18,1,0,0,NA,NA,NA,NA,NA,NA,NA,"G6"
"166","New Mexico State","fbs","Conference USA",2024,5159150,"Isaiah Rudison",1,1,11,1,0.934245352779929,0.934245352779929,0.934245352779929,10,10,10,1,0,0,NA,NA,NA,NA,NA,NA,NA,"G6"
"166","New Mexico State","fbs","Conference USA",2024,5220782,"Brandon Nunez",21,5,11,4.2,-1.50253757717345,-0.0715494084368311,-0.30050751543469,85,4.04761904761905,17,0.380952380952381,2,2,NA,NA,NA,NA,NA,NA,NA,"G6"
"166","New Mexico State","fbs","Conference USA",2024,5220783,"Parker Awad",37,6,11,6.16666666666667,6.73193325279648,0.181944141967472,1.12198887546608,206,5.56756756756757,34.3333333333333,0.540540540540541,1,0,NA,NA,NA,NA,NA,NA,NA,"G6"
"166","New Mexico State","fbs","Conference USA",2024,5220785,"TJ Pride",2,2,11,1,0.277953984556336,0.138976992278168,0.138976992278168,15,7.5,7.5,0.5,0,0,NA,NA,NA,NA,NA,NA,NA,"G6"
"167","New Mexico","fbs","Mountain West",2024,4432369,"Sol-Jay Maiava-Peters",20,5,11,4,-4.81210385838876,-0.240605192919438,-0.962420771677751,119,5.95,23.8,0.4,1,1,NA,NA,NA,NA,NA,NA,NA,"G6"
"167","New Mexico","fbs","Mountain West",2024,4682761,"Luke Wysong",7,4,11,1.75,3.43358457009308,0.490512081441868,0.858396142523269,45,6.42857142857143,11.25,0.571428571428571,0,0,NA,NA,NA,NA,NA,NA,NA,"G6"
"167","New Mexico","fbs","Mountain West",2024,4684525,"Eli Sanders",118,11,11,10.7272727272727,26.5973998231565,0.22540169341658,2.41794543846877,904,7.66101694915254,82.1818181818182,0.389830508474576,7,1,33,36,31,161,39,5,44,"G6"
"167","New Mexico","fbs","Mountain West",2024,4695616,"Isaiah Chavez",1,1,11,1,0.301234748349822,0.301234748349822,0.301234748349822,1,1,1,1,0,0,NA,NA,NA,NA,NA,NA,NA,"G6"
"167","New Mexico","fbs","Mountain West",2024,4816099,"Javen Jacobs",30,5,11,6,10.3153705265042,0.343845684216806,2.06307410530083,219,7.3,43.8,0.533333333333333,2,0,NA,NA,NA,NA,NA,NA,NA,"G6"
"167","New Mexico","fbs","Mountain West",2024,5086050,"NaQuari Rogers",49,6,11,8.16666666666667,8.97117376901888,0.183085178959569,1.49519562816981,268,5.46938775510204,44.6666666666667,0.551020408163265,4,0,NA,NA,NA,NA,NA,NA,NA,"G6"
"167","New Mexico","fbs","Mountain West",2024,5105849,"Devon Dampier",131,10,11,13.1,77.1384082027691,0.588842810708161,7.71384082027691,1033,7.88549618320611,103.3,0.648854961832061,16,6,4,2,1,1,25,2,17,"G6"
"183","Syracuse","fbs","ACC",2024,4430565,"Will Nixon",12,2,11,6,-1.77242861898812,-0.147702384915676,-0.886214309494059,47,3.91666666666667,23.5,0.5,0,0,NA,NA,NA,NA,NA,NA,NA,"P4"
"183","Syracuse","fbs","ACC",2024,4433971,"Kyle McCord",38,10,11,3.8,13.9510929282867,0.367134024428597,1.39510929282867,132,3.47368421052632,13.2,0.526315789473684,3,2,NA,NA,NA,NA,NA,NA,NA,"P4"
"183","Syracuse","fbs","ACC",2024,4575862,"Trebor Pena",9,5,11,1.8,3.17705405044452,0.353006005604947,0.635410810088905,44,4.88888888888889,8.8,0.555555555555556,1,0,NA,NA,NA,NA,NA,NA,NA,"P4"
"183","Syracuse","fbs","ACC",2024,4595342,"Oronde Gadsden II",1,1,11,1,3.14733344441121,3.14733344441121,3.14733344441121,12,12,12,1,0,0,NA,NA,NA,NA,NA,NA,NA,"P4"
"183","Syracuse","fbs","ACC",2024,4608858,"Dan Villari",12,5,11,2.4,-0.132471336993004,-0.0110392780827503,-0.0264942673986007,29,2.41666666666667,5.8,0.416666666666667,1,0,NA,NA,NA,NA,NA,NA,NA,"P4"
"183","Syracuse","fbs","ACC",2024,4874436,"Jack Stonehouse",1,1,11,1,-3.32752638796604,-3.32752638796604,-3.32752638796604,13,13,13,0,0,0,NA,NA,NA,NA,NA,NA,NA,"P4"
"183","Syracuse","fbs","ACC",2024,4911851,"LeQuint Allen",190,11,11,17.2727272727273,-17.5812337951375,-0.0925328094480922,-1.59829398137614,812,4.27368421052632,73.8181818181818,0.336842105263158,11,1,232,229,209,221,57,202,65,"P4"
"183","Syracuse","fbs","ACC",2024,5079749,"Yasin Willis",31,8,11,3.875,-10.7471163566577,-0.34668117279541,-1.34338954458222,118,3.80645161290323,14.75,0.258064516129032,1,1,NA,NA,NA,NA,NA,NA,NA,"P4"
"183","Syracuse","fbs","ACC",2024,5084906,"Jaden Hart",1,1,11,1,0.0682022413108734,0.0682022413108734,0.0682022413108734,5,5,5,1,0,0,NA,NA,NA,NA,NA,NA,NA,"P4"
"183","Syracuse","fbs","ACC",2024,5125819,"Darrell Gill Jr.",2,2,11,1,-0.34869367411306,-0.17434683705653,-0.17434683705653,6,3,3,0.5,0,0,NA,NA,NA,NA,NA,NA,NA,"P4"
"183","Syracuse","fbs","ACC",2024,5150378,"Zeed Haynes",1,1,11,1,3.04644049946269,3.04644049946269,3.04644049946269,11,11,11,1,0,0,NA,NA,NA,NA,NA,NA,NA,"P4"
"183","Syracuse","fbs","ACC",2024,5173438,"Ja'Meer Thomas",1,1,11,1,-0.767708528859751,-0.767708528859751,-0.767708528859751,1,1,1,0,0,0,NA,NA,NA,NA,NA,NA,NA,"P4"
"189","Bowling Green","fbs","Mid-American",2024,4426444,"Connor Bazelak",21,8,11,2.625,3.73766705393363,0.177984145425411,0.467208381741703,89,4.23809523809524,11.125,0.523809523809524,1,1,NA,NA,NA,NA,NA,NA,NA,"G6"
"189","Bowling Green","fbs","Mid-American",2024,4565318,"Terion Stewart",144,9,11,16,-14.3984740649195,-0.0999894032286077,-1.59983045165772,748,5.19444444444444,83.1111111111111,0.340277777777778,3,2,226,230,211,220,70,110,42,"G6"
"189","Bowling Green","fbs","Mid-American",2024,4612211,"Jaison Patterson",85,11,11,7.72727272727273,1.36979315667403,0.0161152136079297,0.12452665060673,409,4.81176470588235,37.1818181818182,0.4,5,1,152,152,150,144.5,201,152,212,"G6"
"189","Bowling Green","fbs","Mid-American",2024,4685827,"Jamal Johnson",23,8,11,2.875,11.3327353553567,0.492727624145941,1.41659191941958,174,7.56521739130435,21.75,0.521739130434783,1,0,NA,NA,NA,NA,NA,NA,NA,"G6"
"189","Bowling Green","fbs","Mid-American",2024,4695580,"Malcolm Johnson Jr.",1,1,11,1,-0.554765670346078,-0.554765670346078,-0.554765670346078,4,4,4,0,0,0,NA,NA,NA,NA,NA,NA,NA,"G6"
"189","Bowling Green","fbs","Mid-American",2024,5083076,"Harold Fannin Jr.",8,5,11,1.6,6.74644541146147,0.843305676432683,1.34928908229229,57,7.125,11.4,0.5,1,0,NA,NA,NA,NA,NA,NA,NA,"G6"
"189","Bowling Green","fbs","Mid-American",2024,5084054,"Justin Pegues",9,4,11,2.25,-0.600788316760503,-0.0667542574178337,-0.150197079190126,41,4.55555555555556,10.25,0.222222222222222,0,0,NA,NA,NA,NA,NA,NA,NA,"G6"
"189","Bowling Green","fbs","Mid-American",2024,5085830,"Rahkeem Smith",16,8,11,2,7.29331423131342,0.455832139457089,0.911664278914178,109,6.8125,13.625,0.625,3,0,NA,NA,NA,NA,NA,NA,NA,"G6"
"189","Bowling Green","fbs","Mid-American",2024,5150132,"Mar'Kel Porter",3,1,11,3,-1.04003954764305,-0.34667984921435,-1.04003954764305,5,1.66666666666667,5,0,0,0,NA,NA,NA,NA,NA,NA,NA,"G6"
"189","Bowling Green","fbs","Mid-American",2024,5151218,"Lucian Anderson III",16,6,11,2.66666666666667,0.120170804650393,0.00751067529064958,0.0200284674417322,66,4.125,11,0.375,1,0,NA,NA,NA,NA,NA,NA,NA,"G6"
"189","Bowling Green","fbs","Mid-American",2024,5219016,"John Henderson",2,2,11,1,2.58858111347231,1.29429055673616,1.29429055673616,29,14.5,14.5,0.5,0,0,NA,NA,NA,NA,NA,NA,NA,"G6"
"193","Miami (OH)","fbs","Mid-American",2024,4427243,"Brett Gabbert",24,10,13,2.4,-3.71041301083469,-0.154600542118112,-0.371041301083469,134,5.58333333333333,13.4,0.291666666666667,0,0,NA,NA,NA,NA,NA,NA,NA,"G6"
"193","Miami (OH)","fbs","Mid-American",2024,4431398,"Dylan Downing",43,10,13,4.3,-4.31596072780862,-0.100371179716479,-0.431596072780862,132,3.06976744186047,13.2,0.395348837209302,1,0,NA,NA,NA,NA,NA,NA,NA,"G6"
"193","Miami (OH)","fbs","Mid-American",2024,4432434,"Keyon Mozee",168,13,13,12.9230769230769,12.2988190501858,0.0732072562511061,0.946063003860448,892,5.30952380952381,68.6153846153846,0.386904761904762,4,1,89,103,107,167,44.5,100,80,"G6"
"193","Miami (OH)","fbs","Mid-American",2024,4565532,"Jordan Brunson",42,7,13,6,1.53707580902254,0.0365970430719652,0.219582258431791,245,5.83333333333333,35,0.452380952380952,2,0,NA,NA,NA,NA,NA,NA,NA,"G6"
"193","Miami (OH)","fbs","Mid-American",2024,4569507,"Cade McDonald",1,1,13,1,0.0368664916965584,0.0368664916965584,0.0368664916965584,7,7,7,1,0,0,NA,NA,NA,NA,NA,NA,NA,"G6"
"193","Miami (OH)","fbs","Mid-American",2024,4576183,"Kevin Davis",38,12,13,3.16666666666667,0.747460451835948,0.0196700118904197,0.062288370986329,184,4.84210526315789,15.3333333333333,0.421052631578947,2,0,NA,NA,NA,NA,NA,NA,NA,"G6"
"193","Miami (OH)","fbs","Mid-American",2024,4701307,"Henry Hesson",6,3,13,2,-1.16793948103393,-0.194656580172321,-0.389313160344642,33,5.5,11,0.166666666666667,0,0,NA,NA,NA,NA,NA,NA,NA,"G6"
"193","Miami (OH)","fbs","Mid-American",2024,5082985,"Nate Milanowski",4,2,13,2,0.650609271055471,0.162652317763868,0.325304635527736,12,3,6,0.25,0,0,NA,NA,NA,NA,NA,NA,NA,"G6"
"193","Miami (OH)","fbs","Mid-American",2024,5139055,"Josh Ringer",4,2,13,2,-3.14530402161412,-0.78632600540353,-1.57265201080706,5,1.25,2.5,0,0,0,NA,NA,NA,NA,NA,NA,NA,"G6"
"193","Miami (OH)","fbs","Mid-American",2024,5193270,"D'Shawntae Jones",1,1,13,1,-0.764922409067437,-0.764922409067437,-0.764922409067437,2,2,2,0,0,0,NA,NA,NA,NA,NA,NA,NA,"G6"
"194","Ohio State","fbs","Big Ten",2024,4429955,"Will Howard",59,12,12,4.91666666666667,5.97484650294261,0.101268584795637,0.497903875245218,216,3.66101694915254,18,0.559322033898305,7,4,NA,NA,NA,NA,NA,NA,NA,"P4"
"194","Ohio State","fbs","Big Ten",2024,4432710,"TreVeyon Henderson",108,12,12,9,29.5014188137706,0.273161285312691,2.45845156781422,631,5.84259259259259,52.5833333333333,0.453703703703704,6,0,27,34,22,73,107,64,141,"P4"
"194","Ohio State","fbs","Big Ten",2024,4567750,"Emeka Egbuka",4,2,12,2,0.984489848891762,0.246122462222941,0.492244924445881,26,6.5,13,0.75,0,0,NA,NA,NA,NA,NA,NA,NA,"P4"
"194","Ohio State","fbs","Big Ten",2024,4685702,"Quinshon Judkins",148,12,12,12.3333333333333,17.200788450433,0.116221543584007,1.43339903753609,641,4.33108108108108,53.4166666666667,0.452702702702703,8,1,70,75,82,74,101.5,201,136,"P4"
"194","Ohio State","fbs","Big Ten",2024,4695709,"Devin Brown",5,4,12,1.25,-0.590323645417679,-0.118064729083536,-0.14758091135442,11,2.2,2.75,0.4,0,0,NA,NA,NA,NA,NA,NA,NA,"P4"
"194","Ohio State","fbs","Big Ten",2024,4870706,"Caleb Downs",1,1,12,1,-0.387108648223794,-0.387108648223794,-0.387108648223794,-3,-3,-3,0,0,1,NA,NA,NA,NA,NA,NA,NA,"P4"
"194","Ohio State","fbs","Big Ten",2024,5079712,"Julian Sayin",2,2,12,1,1.50440213970596,0.752201069852978,0.752201069852978,24,12,12,0.5,0,0,NA,NA,NA,NA,NA,NA,NA,"P4"
"194","Ohio State","fbs","Big Ten",2024,5079720,"Jeremiah Smith",4,4,12,1,2.56691406784689,0.641728516961723,0.641728516961723,33,8.25,8.25,0.75,1,0,NA,NA,NA,NA,NA,NA,NA,"P4"
"194","Ohio State","fbs","Big Ten",2024,5081804,"Mason Maggs",1,1,12,1,-3.86139666104355,-3.86139666104355,-3.86139666104355,3,3,3,0,0,0,NA,NA,NA,NA,NA,NA,NA,"P4"
"194","Ohio State","fbs","Big Ten",2024,5110454,"James Peoples",42,7,12,6,1.4346912701832,0.0341593159567429,0.204955895740457,160,3.80952380952381,22.8571428571429,0.357142857142857,2,0,NA,NA,NA,NA,NA,NA,NA,"P4"
"194","Ohio State","fbs","Big Ten",2024,5126515,"Sam Williams-Dixon",7,3,12,2.33333333333333,-0.581033021330793,-0.0830047173329704,-0.193677673776931,53,7.57142857142857,17.6666666666667,0.142857142857143,0,0,NA,NA,NA,NA,NA,NA,NA,"P4"
"195","Ohio","fbs","Mid-American",2024,4429552,"Eamonn Dennis",5,4,12,1.25,-0.0483516883775401,-0.00967033767550802,-0.012087922094385,30,6,7.5,0.6,0,0,NA,NA,NA,NA,NA,NA,NA,"G6"
"195","Ohio","fbs","Mid-American",2024,4578436,"Coleman Owen",2,2,12,1,1.9525962549797,0.976298127489851,0.976298127489851,26,13,13,0.5,1,0,NA,NA,NA,NA,NA,NA,NA,"G6"
"195","Ohio","fbs","Mid-American",2024,4610131,"Parker Navarro",128,11,12,11.6363636363636,60.9438717707323,0.476123998208846,5.54035197915749,992,7.75,90.1818181818182,0.5703125,14,1,5,6,3,6,28,3,31,"G6"
"195","Ohio","fbs","Mid-American",2024,4709392,"Anthony Tyus III",189,11,12,17.1818181818182,3.08442484195445,0.0163197081584892,0.280402258359496,979,5.17989417989418,89,0.433862433862434,8,2,144,144,149,96,31,114,34,"G6"
"195","Ohio","fbs","Mid-American",2024,4880239,"Nolan McCormick",20,4,12,5,-0.545237529513033,-0.0272618764756516,-0.136309382378258,76,3.8,19,0.5,2,0,NA,NA,NA,NA,NA,NA,NA,"G6"
"195","Ohio","fbs","Mid-American",2024,5081611,"Mason Williams",2,2,12,1,4.098854413326,2.049427206663,2.049427206663,7,3.5,3.5,1,1,0,NA,NA,NA,NA,NA,NA,NA,"G6"
"195","Ohio","fbs","Mid-American",2024,5121709,"Rickey Hunt Jr.",65,11,12,5.90909090909091,-5.97723809958358,-0.0919575092243627,-0.543385281780325,339,5.21538461538462,30.8181818181818,0.307692307692308,2,0,NA,NA,NA,NA,NA,NA,NA,"G6"
"195","Ohio","fbs","Mid-American",2024,5167252,"Duncan Brune",26,6,12,4.33333333333333,-12.95275493548,-0.498182882133846,-2.15879248924667,81,3.11538461538462,13.5,0.269230769230769,1,0,NA,NA,NA,NA,NA,NA,NA,"G6"
"195","Ohio","fbs","Mid-American",2024,5228762,"Nick Poulos",18,5,12,3.6,-1.52236237801943,-0.0845756876677464,-0.304472475603887,115,6.38888888888889,23,0.611111111111111,0,2,NA,NA,NA,NA,NA,NA,NA,"G6"
"197","Oklahoma State","fbs","Big 12",2024,4362159,"Alan Bowman",13,7,11,1.85714285714286,-4.93773915832752,-0.379826089102117,-0.705391308332503,29,2.23076923076923,4.14285714285714,0.307692307692308,0,0,NA,NA,NA,NA,NA,NA,NA,"P4"
"197","Oklahoma State","fbs","Big 12",2024,4431342,"Brennan Presley",7,6,11,1.16666666666667,4.22831572324473,0.604045103320676,0.704719287207456,55,7.85714285714286,9.16666666666667,0.571428571428571,1,0,NA,NA,NA,NA,NA,NA,NA,"P4"
"197","Oklahoma State","fbs","Big 12",2024,4574767,"Jake Schultz",1,1,11,1,-1.72237325170085,-1.72237325170085,-1.72237325170085,0,0,0,0,0,0,NA,NA,NA,NA,NA,NA,NA,"P4"
"197","Oklahoma State","fbs","Big 12",2024,4683667,"Trent Howland",38,7,11,5.42857142857143,10.3983083886362,0.273639694437795,1.48547262694803,227,5.97368421052632,32.4285714285714,0.526315789473684,1,0,NA,NA,NA,NA,NA,NA,NA,"P4"
"197","Oklahoma State","fbs","Big 12",2024,4685521,"Garret Rangel",8,4,11,2,3.25178365747819,0.406472957184773,0.812945914369547,97,12.125,24.25,0.625,0,0,NA,NA,NA,NA,NA,NA,NA,"P4"
"197","Oklahoma State","fbs","Big 12",2024,4711533,"Ollie Gordon II",156,11,11,14.1818181818182,9.33035517139644,0.0598099690474131,0.848214106490585,729,4.67307692307692,66.2727272727273,0.397435897435897,8,1,107,110,118,149,73.5,170,88.5,"P4"
"197","Oklahoma State","fbs","Big 12",2024,5093922,"Maealiuaki Smith",11,3,11,3.66666666666667,-7.41413487984909,-0.674012261804463,-2.47137829328303,22,2,7.33333333333333,0.272727272727273,1,2,NA,NA,NA,NA,NA,NA,NA,"P4"
"197","Oklahoma State","fbs","Big 12",2024,5125335,"Rodney Fields Jr.",21,4,11,5.25,6.65164714434314,0.316745102111578,1.66291178608578,99,4.71428571428571,24.75,0.476190476190476,1,0,NA,NA,NA,NA,NA,NA,NA,"P4"
"197","Oklahoma State","fbs","Big 12",2024,5125366,"Sesi Vailahi",37,9,11,4.11111111111111,-6.55725349375458,-0.177223067398772,-0.728583721528287,115,3.10810810810811,12.7777777777778,0.324324324324324,2,0,NA,NA,NA,NA,NA,NA,NA,"P4"
"2","Auburn","fbs","SEC",2024,4430590,"Payton Thorne",79,10,11,7.9,-1.97698230897397,-0.0250250925186578,-0.197698230897397,387,4.89873417721519,38.7,0.468354430379747,1,2,171,171,176,59,206,146,204,"P4"
"2","Auburn","fbs","SEC",2024,4685699,"Damari Alston",48,10,11,4.8,0.708010097274786,0.0147502103598914,0.0708010097274786,228,4.75,22.8,0.4375,2,1,NA,NA,NA,NA,NA,NA,NA,"P4"
"2","Auburn","fbs","SEC",2024,4695231,"Oscar Chapman",1,1,11,1,-1.68897570795802,-1.68897570795802,-1.68897570795802,6,6,6,0,0,0,NA,NA,NA,NA,NA,NA,NA,"P4"
"2","Auburn","fbs","SEC",2024,4710341,"Jarquez Hunter",178,11,11,16.1818181818182,16.9189709138503,0.0950503983924171,1.53808826489548,1136,6.38202247191011,103.272727272727,0.48314606741573,6,2,72,72,88,44,18,37,18,"P4"
"2","Auburn","fbs","SEC",2024,4714300,"Holden Geriner",1,1,11,1,-1.00580710375742,-1.00580710375742,-1.00580710375742,6,6,6,0,0,0,NA,NA,NA,NA,NA,NA,NA,"P4"
"2","Auburn","fbs","SEC",2024,4870642,"Jeremiah Cobb",26,8,11,3.25,-6.4676750472959,-0.248756732588304,-0.808459380911987,116,4.46153846153846,14.5,0.346153846153846,0,0,NA,NA,NA,NA,NA,NA,NA,"P4"
"2","Auburn","fbs","SEC",2024,5079691,"Malcolm Simmons",4,3,11,1.33333333333333,-1.89316694297386,-0.473291735743465,-0.631055647657954,13,3.25,4.33333333333333,0.5,0,0,NA,NA,NA,NA,NA,NA,NA,"P4"
"2","Auburn","fbs","SEC",2024,5079764,"Walker White",4,1,11,4,-3.3978117956342,-0.84945294890855,-3.3978117956342,18,4.5,18,0.5,0,1,NA,NA,NA,NA,NA,NA,NA,"P4"
"2","Auburn","fbs","SEC",2024,5089314,"Hank Brown",3,2,11,1.5,-1.21010118704145,-0.40336706234715,-0.605050593520725,10,3.33333333333333,5,0.333333333333333,0,0,NA,NA,NA,NA,NA,NA,NA,"P4"
"2005","Air Force","fbs","Mountain West",2024,5085137,"Cade Harris",43,11,11,3.90909090909091,12.4177454422059,0.288784777725719,1.12888594929145,270,6.27906976744186,24.5454545454545,0.511627906976744,2,0,NA,NA,NA,NA,NA,NA,NA,"G6"
"2005","Air Force","fbs","Mountain West",2024,5085138,"Aiden Calvert",15,3,11,5,3.0472341148327,0.203148940988847,1.01574470494423,90,6,30,0.466666666666667,1,0,NA,NA,NA,NA,NA,NA,NA,"G6"
"2005","Air Force","fbs","Mountain West",2024,5085140,"Cameron Breier",2,2,11,1,0.405419261508538,0.202709630754269,0.202709630754269,12,6,6,0.5,0,0,NA,NA,NA,NA,NA,NA,NA,"G6"
"2005","Air Force","fbs","Mountain West",2024,5151903,"Kade Frew",43,7,11,6.14285714285714,7.82518717880562,0.181981097181526,1.11788388268652,260,6.04651162790698,37.1428571428571,0.441860465116279,1,0,NA,NA,NA,NA,NA,NA,NA,"G6"
"2005","Air Force","fbs","Mountain West",2024,5151904,"John Busha",63,5,11,12.6,-12.2576932505488,-0.194566559532521,-2.45153865010977,177,2.80952380952381,35.4,0.365079365079365,1,3,NA,NA,NA,NA,NA,NA,NA,"G6"
"2005","Air Force","fbs","Mountain West",2024,5151906,"Dylan Carson",129,9,11,14.3333333333333,8.04653280617326,0.0623762233036687,0.894059200685918,581,4.50387596899225,64.5555555555556,0.418604651162791,5,0,111,106,113,116,128,188,98,"G6"
"2005","Air Force","fbs","Mountain West",2024,5151909,"Kaden Cloud",5,4,11,1.25,-0.802835297265847,-0.160567059453169,-0.200708824316462,19,3.8,4.75,0.2,0,0,NA,NA,NA,NA,NA,NA,NA,"G6"
"2005","Air Force","fbs","Mountain West",2024,5151915,"Terrence Gist",30,4,11,7.5,-1.08210663426884,-0.0360702211422948,-0.270526658567211,130,4.33333333333333,32.5,0.433333333333333,0,1,NA,NA,NA,NA,NA,NA,NA,"G6"
"2005","Air Force","fbs","Mountain West",2024,5162879,"Tylor Latham",22,6,11,3.66666666666667,-9.93648375562367,-0.451658352528349,-1.65608062593728,66,3,11,0.136363636363636,1,0,NA,NA,NA,NA,NA,NA,NA,"G6"
"2005","Air Force","fbs","Mountain West",2024,5223107,"Quentin Hayes",116,8,11,14.5,18.2358639260965,0.157205723500832,2.27948299076206,530,4.56896551724138,66.25,0.53448275862069,7,5,63,42,56,20,149,177,90,"G6"
"2005","Air Force","fbs","Mountain West",2024,5223108,"Josh Johnson",13,3,11,4.33333333333333,2.72476993336487,0.209597687181913,0.908256644454957,99,7.61538461538461,33,0.384615384615385,0,1,NA,NA,NA,NA,NA,NA,NA,"G6"
"2005","Air Force","fbs","Mountain West",2024,5223112,"Kemper Hodges",19,6,11,3.16666666666667,-8.15055511872892,-0.428976585196259,-1.35842585312149,74,3.89473684210526,12.3333333333333,0.315789473684211,1,1,NA,NA,NA,NA,NA,NA,NA,"G6"
"2005","Air Force","fbs","Mountain West",2024,5223119,"Owen Allen",61,8,11,7.625,2.3058794904513,0.0378013031221525,0.288234936306413,272,4.45901639344262,34,0.426229508196721,2,0,NA,NA,NA,NA,NA,NA,NA,"G6"
"2005","Air Force","fbs","Mountain West",2024,5223121,"Roman Bradley",21,2,11,10.5,-7.5609989466451,-0.360047568887862,-3.78049947332255,56,2.66666666666667,28,0.238095238095238,0,0,NA,NA,NA,NA,NA,NA,NA,"G6"
"2005","Air Force","fbs","Mountain West",2024,5223131,"Rocco Conti",8,3,11,2.66666666666667,-3.40273025768106,-0.425341282210132,-1.13424341922702,19,2.375,6.33333333333333,0.125,0,0,NA,NA,NA,NA,NA,NA,NA,"G6"
"2006","Akron","fbs","Mid-American",2024,4430712,"Jordon Simmons",97,10,11,9.7,20.1539507939827,0.207772688597759,2.01539507939827,641,6.60824742268041,64.1,0.505154639175258,2,0,51,49,39,32,101.5,26,100,"G6"
"2006","Akron","fbs","Mid-American",2024,4431091,"Ben Finley",46,11,11,4.18181818181818,-3.88379029981081,-0.0844302239089306,-0.353071845437346,227,4.93478260869565,20.6363636363636,0.391304347826087,0,2,NA,NA,NA,NA,NA,NA,NA,"G6"
"2006","Akron","fbs","Mid-American",2024,4684003,"Tahj Bullock",44,10,11,4.4,7.90459245185863,0.179649828451333,0.790459245185863,157,3.56818181818182,15.7,0.522727272727273,7,0,NA,NA,NA,NA,NA,NA,NA,"G6"
"2006","Akron","fbs","Mid-American",2024,4871050,"Marquese Williams",6,4,11,1.5,-2.59509513910438,-0.432515856517397,-0.648773784776095,13,2.16666666666667,3.25,0.166666666666667,0,0,NA,NA,NA,NA,NA,NA,NA,"G6"
"2006","Akron","fbs","Mid-American",2024,4916306,"Bobby Golden",1,1,11,1,1.4944615193146,1.4944615193146,1.4944615193146,14,14,14,1,0,0,NA,NA,NA,NA,NA,NA,NA,"G6"
"2006","Akron","fbs","Mid-American",2024,4917288,"Charles Kellom",72,11,11,6.54545454545455,-13.9366109890809,-0.193564041515012,-1.26696463537099,328,4.55555555555556,29.8181818181818,0.375,1,2,223,221,234,185,222,178,232,"G6"
"2006","Akron","fbs","Mid-American",2024,5225256,"Avery Book",1,1,11,1,-2.62567642032347,-2.62567642032347,-2.62567642032347,11,11,11,0,0,1,NA,NA,NA,NA,NA,NA,NA,"G6"
"201","Oklahoma","fbs","SEC",2024,4683151,"Deion Burks",5,2,11,2.5,1.57104601422335,0.314209202844669,0.785523007111673,32,6.4,16,0.4,0,0,NA,NA,NA,NA,NA,NA,NA,"P4"
"201","Oklahoma","fbs","SEC",2024,4685269,"Jovantae Barnes",102,8,11,12.75,-4.08365082361538,-0.0400357923883861,-0.510456352951923,308,3.01960784313725,38.5,0.382352941176471,2,0,178,182,180,178,227.5,241,205,"P4"
"201","Oklahoma","fbs","SEC",2024,4685545,"Gavin Sawchuk",26,7,11,3.71428571428571,-4.41368112313894,-0.169756966274574,-0.630525874734134,61,2.34615384615385,8.71428571428571,0.269230769230769,0,0,NA,NA,NA,NA,NA,NA,NA,"P4"
"201","Oklahoma","fbs","SEC",2024,4870607,"Jackson Arnold",104,9,11,11.5555555555556,0.661010840285594,0.00635587346428456,0.0734456489206216,591,5.68269230769231,65.6666666666667,0.480769230769231,2,4,155,155,156,46,124,74,93,"P4"
"201","Oklahoma","fbs","SEC",2024,4877529,"Sam Franklin",12,4,11,3,-0.812463872485161,-0.0677053227070968,-0.20311596812129,106,8.83333333333333,26.5,0.5,0,0,NA,NA,NA,NA,NA,NA,NA,"P4"
"201","Oklahoma","fbs","SEC",2024,4890373,"Bauer Sharp",2,2,11,1,-1.90226837335642,-0.95113418667821,-0.95113418667821,-5,-2.5,-2.5,0,0,0,NA,NA,NA,NA,NA,NA,NA,"P4"
"201","Oklahoma","fbs","SEC",2024,4920135,NA,1,1,11,1,-0.0942815823104152,-0.0942815823104152,-0.0942815823104152,0,0,0,0,0,0,NA,NA,NA,NA,NA,NA,NA,"P4"
"201","Oklahoma","fbs","SEC",2024,5079465,"Michael Hawkins Jr.",39,4,11,9.75,-3.59234561080376,-0.0921114259180452,-0.898086402700941,187,4.79487179487179,46.75,0.230769230769231,1,1,NA,NA,NA,NA,NA,NA,NA,"P4"
"201","Oklahoma","fbs","SEC",2024,5079643,"Zion Ragins",1,1,11,1,-0.546501260309121,-0.546501260309121,-0.546501260309121,3,3,3,0,0,0,NA,NA,NA,NA,NA,NA,NA,"P4"
"201","Oklahoma","fbs","SEC",2024,5079719,"Taylor Tatum",43,9,11,4.77777777777778,-14.7478137023494,-0.342972411682545,-1.63864596692771,208,4.83720930232558,23.1111111111111,0.27906976744186,2,4,NA,NA,NA,NA,NA,NA,NA,"P4"
"201","Oklahoma","fbs","SEC",2024,5122554,"Xavier Robinson",37,3,11,12.3333333333333,7.8606336241459,0.212449557409349,2.62021120804863,183,4.94594594594595,61,0.486486486486487,3,0,NA,NA,NA,NA,NA,NA,NA,"P4"
"201","Oklahoma","fbs","SEC",2024,5218767,"Jacob Jordan",1,1,11,1,-1.25508805340886,-1.25508805340886,-1.25508805340886,3,3,3,0,0,0,NA,NA,NA,NA,NA,NA,NA,"P4"
"202","Tulsa","fbs","American Athletic",2024,4430033,"Cooper Legas",64,9,11,7.11111111111111,1.66788113358543,0.0260606427122724,0.185320125953937,296,4.625,32.8888888888889,0.390625,1,0,NA,NA,NA,NA,NA,NA,NA,"G6"
"202","Tulsa","fbs","American Athletic",2024,4568649,"Ethan Hall",1,1,11,1,-2.63161887171405,-2.63161887171405,-2.63161887171405,1,1,1,0,0,0,NA,NA,NA,NA,NA,NA,NA,"G6"
"202","Tulsa","fbs","American Athletic",2024,4569481,"Anthony Watkins",81,10,11,8.1,-4.93148607613109,-0.0608825441497665,-0.493148607613109,371,4.58024691358025,37.1,0.37037037037037,3,0,180,181,189,190.5,212,176,213,"G6"
"202","Tulsa","fbs","American Athletic",2024,4683319,"Bill Jackson",57,9,11,6.33333333333333,-20.4534346699762,-0.358832187192566,-2.27260385221958,216,3.78947368421053,24,0.245614035087719,0,1,NA,NA,NA,NA,NA,NA,NA,"G6"
"202","Tulsa","fbs","American Athletic",2024,4685087,"Kamdyn Benjamin",4,3,11,1.33333333333333,-0.633689688527782,-0.158422422131945,-0.211229896175927,15,3.75,5,0.25,0,0,NA,NA,NA,NA,NA,NA,NA,"G6"
"202","Tulsa","fbs","American Athletic",2024,4702729,"Braylin Presley",2,1,11,2,-0.471114446531476,-0.235557223265738,-0.471114446531476,8,4,8,0.5,0,0,NA,NA,NA,NA,NA,NA,NA,"G6"
"202","Tulsa","fbs","American Athletic",2024,4872721,"Cardell Williams",8,5,11,1.6,2.9797167263619,0.372464590795238,0.59594334527238,48,6,9.6,0.375,1,0,NA,NA,NA,NA,NA,NA,NA,"G6"
"202","Tulsa","fbs","American Athletic",2024,4900934,"Stephen Kittleman",2,1,11,2,3.10712462860334,1.55356231430167,3.10712462860334,11,5.5,11,0.5,1,0,NA,NA,NA,NA,NA,NA,NA,"G6"
"202","Tulsa","fbs","American Athletic",2024,5079298,"Lloyd Avant",64,11,11,5.81818181818182,-10.6809277048493,-0.16688949538827,-0.97099342771357,200,3.125,18.1818181818182,0.328125,1,0,NA,NA,NA,NA,NA,NA,NA,"G6"
"202","Tulsa","fbs","American Athletic",2024,5121616,"Grayson Tempest",4,2,11,2,0.775002514101277,0.193750628525319,0.387501257050638,17,4.25,8.5,0.25,0,0,NA,NA,NA,NA,NA,NA,NA,"G6"
"202","Tulsa","fbs","American Athletic",2024,5126465,"Tim Carpenter",10,3,11,3.33333333333333,4.69518666435561,0.469518666435561,1.56506222145187,79,7.9,26.3333333333333,0.7,0,0,NA,NA,NA,NA,NA,NA,NA,"G6"
"202","Tulsa","fbs","American Athletic",2024,5138132,"Corey Smith",1,1,11,1,-0.730275204578608,-0.730275204578608,-0.730275204578608,2,2,2,0,0,0,NA,NA,NA,NA,NA,NA,NA,"G6"
"202","Tulsa","fbs","American Athletic",2024,5146745,"Jacob Emmers",1,1,11,1,-0.064869521352988,-0.064869521352988,-0.064869521352988,4,4,4,0,0,0,NA,NA,NA,NA,NA,NA,NA,"G6"
"202","Tulsa","fbs","American Athletic",2024,5151618,"Kirk Francis",17,9,11,1.88888888888889,-4.87565019918894,-0.286802952893467,-0.541738911020993,60,3.52941176470588,6.66666666666667,0.294117647058824,0,1,NA,NA,NA,NA,NA,NA,NA,"G6"
"202","Tulsa","fbs","American Athletic",2024,5161800,"Viron Ellison Jr.",57,8,11,7.125,12.8001916735615,0.224564766202833,1.60002395919518,327,5.73684210526316,40.875,0.491228070175439,1,0,NA,NA,NA,NA,NA,NA,NA,"G6"
"202","Tulsa","fbs","American Athletic",2024,5189530,"Joseph Williams",1,1,11,1,-0.0611348855576086,-0.0611348855576086,-0.0611348855576086,6,6,6,0,0,0,NA,NA,NA,NA,NA,NA,NA,"G6"
"2026","App State","fbs","Sun Belt",2024,4432374,"Ahmani Marshall",138,9,9,15.3333333333333,7.78549762584598,0.0564166494626521,0.865055291760665,666,4.82608695652174,74,0.420289855072464,7,1,113,108,126,114,94,151,64,"G6"
"2026","App State","fbs","Sun Belt",2024,4612558,"Anderson Castle",34,6,9,5.66666666666667,-4.60058158018991,-0.135311222946762,-0.766763596698318,148,4.35294117647059,24.6666666666667,0.441176470588235,0,0,NA,NA,NA,NA,NA,NA,NA,"G6"
"2026","App State","fbs","Sun Belt",2024,4880684,"Maquel Haywood",22,4,9,5.5,3.03874142734139,0.138124610333699,0.759685356835347,124,5.63636363636364,31,0.5,1,0,NA,NA,NA,NA,NA,NA,NA,"G6"
"2026","App State","fbs","Sun Belt",2024,4900025,"Kanye Roberts",67,6,9,11.1666666666667,-18.6813811741399,-0.278826584688655,-3.11356352902332,283,4.22388059701493,47.1666666666667,0.343283582089552,1,1,234,241,240,216,239,206,168,"G6"
"2026","App State","fbs","Sun Belt",2024,5088336,"Makai Jackson",2,2,9,1,2.91098503844933,1.45549251922467,1.45549251922467,19,9.5,9.5,0.5,0,0,NA,NA,NA,NA,NA,NA,NA,"G6"
"2026","App State","fbs","Sun Belt",2024,5151948,"Joey Aguilar",37,9,9,4.11111111111111,30.3748442454641,0.820941736363895,3.37498269394046,321,8.67567567567568,35.6666666666667,0.648648648648649,0,0,NA,NA,NA,NA,NA,NA,NA,"G6"
"2032","Arkansas State","fbs","Sun Belt",2024,4429133,"Malik Hornsby",5,4,11,1.25,6.15675845261468,1.23135169052294,1.53918961315367,98,19.6,24.5,0.6,1,0,NA,NA,NA,NA,NA,NA,NA,"G6"
"2032","Arkansas State","fbs","Sun Belt",2024,4433969,"Timmy McClain",14,3,11,4.66666666666667,-0.671453582473465,-0.047960970176676,-0.223817860824488,66,4.71428571428571,22,0.357142857142857,1,1,NA,NA,NA,NA,NA,NA,NA,"G6"
"2032","Arkansas State","fbs","Sun Belt",2024,4571305,"Zak Wallace",122,11,11,11.0909090909091,19.0000340821754,0.155737984280127,1.72727582565231,584,4.78688524590164,53.0909090909091,0.368852459016393,8,0,55,64,57,193,125,157,137,"G6"
"2032","Arkansas State","fbs","Sun Belt",2024,4700811,"Ja'Quez Cross",94,11,11,8.54545454545454,3.90396271776938,0.0415315182741423,0.354905701615398,561,5.96808510638298,51,0.446808510638298,2,1,139,141,134,82,135,57,149.5,"G6"
"2032","Arkansas State","fbs","Sun Belt",2024,4881563,"Mike Sharpe II",4,2,11,2,0.485221004090024,0.121305251022506,0.242610502045012,22,5.5,11,0.5,0,0,NA,NA,NA,NA,NA,NA,NA,"G6"
"2032","Arkansas State","fbs","Sun Belt",2024,5077785,"Cedric Hawkins",2,2,11,1,-2.68378307704359,-1.3418915385218,-1.3418915385218,-6,-3,-3,0,0,0,NA,NA,NA,NA,NA,NA,NA,"G6"
"2032","Arkansas State","fbs","Sun Belt",2024,5080403,"Jaylen Raynor",85,11,11,7.72727272727273,0.750527173980524,0.0088297314585944,0.0682297430891385,473,5.56470588235294,43,0.4,1,2,154,156,153,144.5,174,85,190,"G6"
"2032","Arkansas State","fbs","Sun Belt",2024,5149058,"Devin Spencer",41,7,11,5.85714285714286,-11.3774935245232,-0.277499842061541,-1.62535621778902,214,5.21951219512195,30.5714285714286,0.48780487804878,0,2,NA,NA,NA,NA,NA,NA,NA,"G6"
"2032","Arkansas State","fbs","Sun Belt",2024,5221058,"Damon Sisa",1,1,11,1,-0.208312630406705,-0.208312630406705,-0.208312630406705,1,1,1,0,0,0,NA,NA,NA,NA,NA,NA,NA,"G6"
"204","Oregon State","fbs","Pac-12",2024,4429709,"Jam Griffin",53,4,11,13.25,2.10827969466034,0.0397788621634025,0.527069923665084,290,5.47169811320755,72.5,0.471698113207547,2,1,NA,NA,NA,NA,NA,NA,NA,"G6"
"204","Oregon State","fbs","Pac-12",2024,4431114,"Ben Gulbranson",9,3,11,3,8.03375627738872,0.892639586376525,2.67791875912957,22,2.44444444444444,7.33333333333333,0.777777777777778,1,0,NA,NA,NA,NA,NA,NA,NA,"G6"
"204","Oregon State","fbs","Pac-12",2024,4685297,"Darrius Clemons",2,1,11,2,-2.5298869255808,-1.2649434627904,-2.5298869255808,-6,-3,-6,0,0,0,NA,NA,NA,NA,NA,NA,NA,"G6"
"204","Oregon State","fbs","Pac-12",2024,4685385,"Anthony Hankerson",202,11,11,18.3636363636364,-7.32894456725614,-0.0362819037982977,-0.666267687932376,892,4.41584158415842,81.0909090909091,0.391089108910891,12,3,197,194,179,158,44.5,195,49,"G6"
"204","Oregon State","fbs","Pac-12",2024,4870864,"Gabarri Johnson",19,5,11,3.8,2.98642398477711,0.157180209725111,0.597284796955422,125,6.57894736842105,25,0.368421052631579,1,0,NA,NA,NA,NA,NA,NA,NA,"G6"
"204","Oregon State","fbs","Pac-12",2024,4879567,"Trent Walker",4,3,11,1.33333333333333,-1.55565701480555,-0.388914253701387,-0.518552338268516,8,2,2.66666666666667,0.25,0,0,NA,NA,NA,NA,NA,NA,NA,"G6"
"204","Oregon State","fbs","Pac-12",2024,4879574,"Bryce Caufield",1,1,11,1,0.983322944912343,0.983322944912343,0.983322944912343,2,2,2,1,0,0,NA,NA,NA,NA,NA,NA,NA,"G6"
"204","Oregon State","fbs","Pac-12",2024,4887446,"Gevani McCoy",42,9,11,4.66666666666667,38.1588592542487,0.908544267958302,4.23987325047208,384,9.14285714285714,42.6666666666667,0.571428571428571,4,2,NA,NA,NA,NA,NA,NA,NA,"G6"
"204","Oregon State","fbs","Pac-12",2024,5077784,"Zachary Card",5,3,11,1.66666666666667,4.81720286856142,0.963440573712284,1.60573428952047,60,12,20,0.8,1,0,NA,NA,NA,NA,NA,NA,NA,"G6"
"204","Oregon State","fbs","Pac-12",2024,5085883,"Jake Reichle",5,4,11,1.25,0.240868142051995,0.048173628410399,0.0602170355129988,18,3.6,4.5,0.4,1,0,NA,NA,NA,NA,NA,NA,NA,"G6"
"204","Oregon State","fbs","Pac-12",2024,5150582,"Salahadin Allah",48,9,11,5.33333333333333,-4.89497509623312,-0.10197864783819,-0.543886121803679,213,4.4375,23.6666666666667,0.395833333333333,1,1,NA,NA,NA,NA,NA,NA,NA,"G6"
"2050","Ball State","fbs","Mid-American",2024,4431416,"Kiael Kelly",32,9,11,3.55555555555556,-9.75356755559444,-0.304798986112326,-1.08372972839938,126,3.9375,14,0.34375,1,2,NA,NA,NA,NA,NA,NA,NA,"G6"
"2050","Ball State","fbs","Mid-American",2024,4693615,"Charlie Spegal",12,6,11,2,-2.96603556337903,-0.247169630281586,-0.494339260563172,39,3.25,6.5,0.333333333333333,0,0,NA,NA,NA,NA,NA,NA,NA,"G6"
"2050","Ball State","fbs","Mid-American",2024,4709788,"Vaughn Pemberton",53,9,11,5.88888888888889,3.8219942176133,0.0721130984455339,0.424666024179255,260,4.90566037735849,28.8888888888889,0.452830188679245,2,1,NA,NA,NA,NA,NA,NA,NA,"G6"
"2050","Ball State","fbs","Mid-American",2024,4869603,"Cam Pickett",14,8,11,1.75,10.13374387184,0.723838847988568,1.26671798397999,158,11.2857142857143,19.75,0.785714285714286,2,0,NA,NA,NA,NA,NA,NA,NA,"G6"
"2050","Ball State","fbs","Mid-American",2024,4877713,"Braedon Sloan",125,11,11,11.3636363636364,15.0415927323372,0.120332741858697,1.36741752112156,503,4.024,45.7272727272727,0.432,3,0,79,80,79,97,163,222,176,"G6"
"2050","Ball State","fbs","Mid-American",2024,4917427,"Tanner Koziol",1,1,11,1,-0.277321426485594,-0.277321426485594,-0.277321426485594,6,6,6,0,0,0,NA,NA,NA,NA,NA,NA,NA,"G6"
"2050","Ball State","fbs","Mid-American",2024,4918437,"Christian Davis",11,4,11,2.75,-7.77926894167573,-0.707206267425067,-1.94481723541893,11,1,2.75,0.0909090909090909,0,0,NA,NA,NA,NA,NA,NA,NA,"G6"
"2050","Ball State","fbs","Mid-American",2024,5077876,"TJ Horton",9,2,11,4.5,-1.97144188820218,-0.219049098689131,-0.985720944101088,30,3.33333333333333,15,0.222222222222222,0,0,NA,NA,NA,NA,NA,NA,NA,"G6"
"2050","Ball State","fbs","Mid-American",2024,5078053,"Isaiah Thacker",1,1,11,1,1.13601590090516,1.13601590090516,1.13601590090516,6,6,6,1,0,0,NA,NA,NA,NA,NA,NA,NA,"G6"
"2050","Ball State","fbs","Mid-American",2024,5091890,"Kadin Semonza",17,9,11,1.88888888888889,4.66546892318996,0.274439348422939,0.518385435909996,120,7.05882352941176,13.3333333333333,0.470588235294118,0,0,NA,NA,NA,NA,NA,NA,NA,"G6"
"2050","Ball State","fbs","Mid-American",2024,5151982,"Malcolm Gillie",4,3,11,1.33333333333333,-10.7175481064819,-2.67938702662049,-3.57251603549398,22,5.5,7.33333333333333,0.25,0,1,NA,NA,NA,NA,NA,NA,NA,"G6"
"2084","Buffalo","fbs","Mid-American",2024,4599158,"Al-Jay Henderson",159,11,11,14.4545454545455,13.8057810461839,0.0868288116112195,1.25507100419854,925,5.81761006289308,84.0909090909091,0.433962264150943,7,1,85,86,96,95,37,66,40,"G6"
"2084","Buffalo","fbs","Mid-American",2024,4881352,"Jack Shields",3,1,11,3,-2.52004095113204,-0.840013650377347,-2.52004095113204,1,0.333333333333333,1,0,0,0,NA,NA,NA,NA,NA,NA,NA,"G6"
"2084","Buffalo","fbs","Mid-American",2024,5084967,"Victor Snow",7,5,11,1.4,5.43425656292009,0.776322366131442,1.08685131258402,43,6.14285714285714,8.6,0.714285714285714,2,0,NA,NA,NA,NA,NA,NA,NA,"G6"
"2084","Buffalo","fbs","Mid-American",2024,5091891,"Lamar Sperling",26,7,11,3.71428571428571,-1.56189582034921,-0.0600729161672774,-0.223127974335602,114,4.38461538461539,16.2857142857143,0.307692307692308,1,0,NA,NA,NA,NA,NA,NA,NA,"G6"
"2084","Buffalo","fbs","Mid-American",2024,5150003,"Terrance Shelton Jr.",13,6,11,2.16666666666667,-2.39503986405134,-0.184233835696257,-0.399173310675223,52,4,8.66666666666667,0.307692307692308,0,0,NA,NA,NA,NA,NA,NA,NA,"G6"
"2084","Buffalo","fbs","Mid-American",2024,5151369,"Messiah Burch",24,10,11,2.4,6.39873570038033,0.266613987515847,0.639873570038033,157,6.54166666666667,15.7,0.458333333333333,2,0,NA,NA,NA,NA,NA,NA,NA,"G6"
"2084","Buffalo","fbs","Mid-American",2024,5162845,"Jacqez Barksdale",61,9,11,6.77777777777778,-8.7758207016776,-0.143865913142256,-0.975091189075288,190,3.11475409836066,21.1111111111111,0.327868852459016,0,0,NA,NA,NA,NA,NA,NA,NA,"G6"
"2084","Buffalo","fbs","Mid-American",2024,5168829,"Mark-Anthony Scott Jr.",3,2,11,1.5,-0.880926249212514,-0.293642083070838,-0.440463124606257,6,2,3,0,0,0,NA,NA,NA,NA,NA,NA,NA,"G6"
"21","San Diego State","fbs","Mountain West",2024,4429227,"Jaylon Armstead",8,2,11,4,-0.55810159105417,-0.0697626988817712,-0.279050795527085,24,3,12,0.25,0,0,NA,NA,NA,NA,NA,NA,NA,"G6"
"21","San Diego State","fbs","Mountain West",2024,4430323,"Ja'Shaun Poke",3,3,11,1,-0.833377302491977,-0.277792434163992,-0.277792434163992,9,3,3,0,0,0,NA,NA,NA,NA,NA,NA,NA,"G6"
"21","San Diego State","fbs","Mountain West",2024,4430468,"Marquez Cooper",262,11,11,23.8181818181818,-14.4619401210799,-0.0551982447369463,-1.31472182918909,1041,3.97328244274809,94.6363636363636,0.374045801526718,10,0,227,222,186,186,24,224,27,"G6"
"21","San Diego State","fbs","Mountain West",2024,4682487,"Cam Davis",14,6,11,2.33333333333333,1.50366086745146,0.107404347675104,0.250610144575243,84,6,14,0.5,0,0,NA,NA,NA,NA,NA,NA,NA,"G6"
"21","San Diego State","fbs","Mountain West",2024,4898201,"Trey White",1,1,11,1,2.66095105428459,2.66095105428459,2.66095105428459,4,4,4,1,0,0,NA,NA,NA,NA,NA,NA,NA,"G6"
"21","San Diego State","fbs","Mountain West",2024,4912453,"Lucky Sutton",4,2,11,2,0.521673846560079,0.13041846164002,0.26083692328004,17,4.25,8.5,0.25,0,0,NA,NA,NA,NA,NA,NA,NA,"G6"
"21","San Diego State","fbs","Mountain West",2024,4918108,"Jordan Napier",3,2,11,1.5,-2.49450685884713,-0.831502286282377,-1.24725342942357,0,0,0,0,0,0,NA,NA,NA,NA,NA,NA,NA,"G6"
"21","San Diego State","fbs","Mountain West",2024,4920196,"Javance Tupou'ata-Johnson",10,3,11,3.33333333333333,-1.31588927713153,-0.131588927713153,-0.438629759043842,39,3.9,13,0.4,0,0,NA,NA,NA,NA,NA,NA,NA,"G6"
"21","San Diego State","fbs","Mountain West",2024,5126474,"Danny O'Neil",43,10,11,4.3,-5.96792203161617,-0.13878888445619,-0.596792203161617,213,4.95348837209302,21.3,0.395348837209302,1,3,NA,NA,NA,NA,NA,NA,NA,"G6"
"2116","UCF","fbs","Big 12",2024,4429287,"Peny Boone",26,4,11,6.5,5.96643522892193,0.229478278035459,1.49160880723048,103,3.96153846153846,25.75,0.653846153846154,1,0,NA,NA,NA,NA,NA,NA,NA,"P4"
"2116","UCF","fbs","Big 12",2024,4567149,"KJ Jefferson",36,4,11,9,9.38705894159914,0.260751637266643,2.34676473539978,171,4.75,42.75,0.444444444444444,1,0,NA,NA,NA,NA,NA,NA,NA,"P4"
"2116","UCF","fbs","Big 12",2024,4567217,"Ja'Varrius Johnson",4,4,11,1,2.10733191371631,0.526832978429078,0.526832978429078,40,10,10,0.5,0,0,NA,NA,NA,NA,NA,NA,NA,"P4"
"2116","UCF","fbs","Big 12",2024,4568490,"RJ Harvey",218,11,11,19.8181818181818,58.5622866844519,0.268634342589229,5.32384424404108,1259,5.77522935779816,114.454545454545,0.477064220183486,20,2,6,8,23,48,11,68,9,"P4"
"2116","UCF","fbs","Big 12",2024,4676889,"Myles Montgomery",43,9,11,4.77777777777778,6.29977356003424,0.146506361861261,0.699974840003804,203,4.72093023255814,22.5555555555556,0.441860465116279,2,0,NA,NA,NA,NA,NA,NA,NA,"P4"
"2116","UCF","fbs","Big 12",2024,4685291,"Jacurri Brown",40,8,11,5,33.1593180360196,0.82898295090049,4.14491475450245,364,9.1,45.5,0.625,4,1,NA,NA,NA,NA,NA,NA,NA,"P4"
"2116","UCF","fbs","Big 12",2024,4690120,"Johnny Richardson",17,9,11,1.88888888888889,-4.19834472606797,-0.246961454474586,-0.466482747340885,72,4.23529411764706,8,0.529411764705882,0,1,NA,NA,NA,NA,NA,NA,NA,"P4"
"2116","UCF","fbs","Big 12",2024,4808767,"Xavier Townsend",10,3,11,3.33333333333333,2.66802360698436,0.266802360698436,0.88934120232812,57,5.7,19,0.7,0,0,NA,NA,NA,NA,NA,NA,NA,"P4"
"2116","UCF","fbs","Big 12",2024,4877351,"Kam Ingram",1,1,11,1,-1.08163195380759,-1.08163195380759,-1.08163195380759,-2,-2,-2,0,0,0,NA,NA,NA,NA,NA,NA,NA,"P4"
"2116","UCF","fbs","Big 12",2024,4920156,"Dylan Rizk",19,6,11,3.16666666666667,-3.68949346681112,-0.194183866674269,-0.614915577801853,108,5.68421052631579,18,0.578947368421053,0,1,NA,NA,NA,NA,NA,NA,NA,"P4"
"2116","UCF","fbs","Big 12",2024,5141395,"EJ Colson",9,2,11,4.5,3.14418522897517,0.349353914330574,1.57209261448758,42,4.66666666666667,21,0.555555555555556,0,1,NA,NA,NA,NA,NA,NA,NA,"P4"
"2117","Central Michigan","fbs","Mid-American",2024,4431639,"B.J. Harris",88,11,11,8,6.82240411139876,0.0775273194477132,0.620218555581705,478,5.43181818181818,43.4545454545455,0.431818181818182,2,1,121,127,102,98,173,93,187,"G6"
"2117","Central Michigan","fbs","Mid-American",2024,4574651,"Solomon Davis",3,3,11,1,-0.0851095353284708,-0.0283698451094903,-0.0283698451094903,11,3.66666666666667,3.66666666666667,0.666666666666667,0,0,NA,NA,NA,NA,NA,NA,NA,"G6"
"2117","Central Michigan","fbs","Mid-American",2024,4683291,"Joe Labas",11,4,11,2.75,4.71726222417345,0.428842020379404,1.17931555604336,64,5.81818181818182,16,0.636363636363636,0,1,NA,NA,NA,NA,NA,NA,NA,"G6"
"2117","Central Michigan","fbs","Mid-American",2024,4870848,"Tyler Jefferson",30,6,11,5,2.50345595317196,0.0834485317723988,0.417242658861994,259,8.63333333333333,43.1666666666667,0.433333333333333,1,2,NA,NA,NA,NA,NA,NA,NA,"G6"
"2117","Central Michigan","fbs","Mid-American",2024,4875666,"Nahree Biggins",15,3,11,5,1.39805577557104,0.0932037183714025,0.466018591857012,132,8.8,44,0.333333333333333,0,0,NA,NA,NA,NA,NA,NA,NA,"G6"
"2117","Central Michigan","fbs","Mid-American",2024,4875667,"Marion Lukes",157,11,11,14.2727272727273,10.8947407886572,0.0693932534309376,0.990430980787019,811,5.1656050955414,73.7272727272727,0.382165605095541,5,3,96,100,110,179,58,115,66,"G6"
"2117","Central Michigan","fbs","Mid-American",2024,4875671,"Myles Bailey",41,8,11,5.125,8.69630432087788,0.212104983436046,1.08703804010974,240,5.85365853658537,30,0.536585365853659,1,0,NA,NA,NA,NA,NA,NA,NA,"G6"
"2117","Central Michigan","fbs","Mid-American",2024,4916888,"Bert Emanuel Jr.",27,3,11,9,-1.51090682833198,-0.0559595121604438,-0.503635609443994,162,6,54,0.481481481481481,3,0,NA,NA,NA,NA,NA,NA,NA,"G6"
"2117","Central Michigan","fbs","Mid-American",2024,5149056,"Jadyn Glasser",11,4,11,2.75,-4.49742056298477,-0.408856414816797,-1.12435514074619,17,1.54545454545455,4.25,0.363636363636364,1,1,NA,NA,NA,NA,NA,NA,NA,"G6"
"2117","Central Michigan","fbs","Mid-American",2024,5154262,"Gavin Harris",2,1,11,2,0.941176783774016,0.470588391887008,0.941176783774016,13,6.5,13,1,1,0,NA,NA,NA,NA,NA,NA,NA,"G6"
"213","Penn State","fbs","Big Ten",2024,4431459,"Tyler Warren",23,11,13,2.09090909090909,16.0148590623756,0.696298220103285,1.45589627839778,187,8.1304347826087,17,0.739130434782609,4,1,NA,NA,NA,NA,NA,NA,NA,"P4"
"213","Penn State","fbs","Big Ten",2024,4594337,"Liam Clifford",1,1,13,1,1.54156605040866,1.54156605040866,1.54156605040866,12,12,12,1,0,0,NA,NA,NA,NA,NA,NA,NA,"P4"
"213","Penn State","fbs","Big Ten",2024,4685246,"Kaytron Allen",170,13,13,13.0769230769231,-2.77486430052906,-0.0163227311795827,-0.213451100040697,800,4.70588235294118,61.5384615384615,0.435294117647059,6,1,176,173,171,93,60.5,166,111,"P4"
"213","Penn State","fbs","Big Ten",2024,4685555,"Nicholas Singleton",131,12,13,10.9166666666667,24.1316514818683,0.184211080014262,2.01097095682236,837,6.38931297709924,69.75,0.488549618320611,7,1,41,51,45,42,51,36,73,"P4"
"213","Penn State","fbs","Big Ten",2024,4685696,"Beau Pribula",37,12,13,3.08333333333333,9.27458878866842,0.250664561855903,0.772882399055702,248,6.7027027027027,20.6666666666667,0.648648648648649,4,2,NA,NA,NA,NA,NA,NA,NA,"P4"
"213","Penn State","fbs","Big Ten",2024,4702908,"Omari Evans",1,1,13,1,-0.687104988876453,-0.687104988876453,-0.687104988876453,1,1,1,0,0,0,NA,NA,NA,NA,NA,NA,NA,"P4"
"213","Penn State","fbs","Big Ten",2024,4714771,"Drew Allar",60,13,13,4.61538461538461,27.9840390879794,0.466400651466324,2.15261839138303,356,5.93333333333333,27.3846153846154,0.633333333333333,6,1,NA,NA,NA,NA,NA,NA,NA,"P4"
"213","Penn State","fbs","Big Ten",2024,5079402,"Tyseer Denmark",1,1,13,1,-1.22899221344533,-1.22899221344533,-1.22899221344533,-4,-4,-4,0,0,0,NA,NA,NA,NA,NA,NA,NA,"P4"
"213","Penn State","fbs","Big Ten",2024,5079577,"Quinton Martin Jr.",10,3,13,3.33333333333333,-1.97364226722122,-0.197364226722122,-0.657880755740405,25,2.5,8.33333333333333,0.2,0,0,NA,NA,NA,NA,NA,NA,NA,"P4"
"213","Penn State","fbs","Big Ten",2024,5079699,"Corey Smith",18,3,13,6,-0.668866455150422,-0.0371592475083568,-0.222955485050141,146,8.11111111111111,48.6666666666667,0.444444444444444,0,0,NA,NA,NA,NA,NA,NA,NA,"P4"
"213","Penn State","fbs","Big Ten",2024,5121541,"Cam Wallace",18,2,13,9,-6.64355669795943,-0.369086483219968,-3.32177834897972,63,3.5,31.5,0.277777777777778,1,0,NA,NA,NA,NA,NA,NA,NA,"P4"
"213","Penn State","fbs","Big Ten",2024,5138451,"Luke Reynolds",1,1,13,1,2.78630462353558,2.78630462353558,2.78630462353558,32,32,32,1,0,0,NA,NA,NA,NA,NA,NA,NA,"P4"
"2132","Cincinnati","fbs","Big 12",2024,4431431,"Corey Kiner",194,11,11,17.6363636363636,14.0414978781363,0.0723788550419399,1.2764998071033,1094,5.63917525773196,99.4545454545455,0.427835051546392,3,2,83,84,108,106,21,80,23,"P4"
"2132","Cincinnati","fbs","Big 12",2024,4432757,"Evan Pryor",51,11,11,4.63636363636364,-7.06876628743856,-0.138603260538011,-0.642615117039869,245,4.80392156862745,22.2727272727273,0.333333333333333,4,1,NA,NA,NA,NA,NA,NA,NA,"P4"
"2132","Cincinnati","fbs","Big 12",2024,4590294,"Brady Lichtenberg",3,1,11,3,-1.67315214906524,-0.557717383021746,-1.67315214906524,2,0.666666666666667,2,0.333333333333333,0,1,NA,NA,NA,NA,NA,NA,NA,"P4"
"2132","Cincinnati","fbs","Big 12",2024,4878994,"Victor Dawson",5,3,11,1.66666666666667,-3.79406090152792,-0.758812180305584,-1.26468696717597,9,1.8,3,0,0,0,NA,NA,NA,NA,NA,NA,NA,"P4"
"2132","Cincinnati","fbs","Big 12",2024,4879499,"Tony Johnson",1,1,11,1,-2.49592476079317,-2.49592476079317,-2.49592476079317,0,0,0,0,0,0,NA,NA,NA,NA,NA,NA,NA,"P4"
"2132","Cincinnati","fbs","Big 12",2024,4899046,"Brendan Sorsby",84,11,11,7.63636363636364,30.1292829250406,0.358681939583817,2.73902572045824,535,6.36904761904762,48.6363636363636,0.523809523809524,7,2,25,28,10,25,148,38,158,"P4"
"2132","Cincinnati","fbs","Big 12",2024,4922983,"Manny Covey",12,3,11,4,-1.9958306977271,-0.166319224810592,-0.665276899242367,36,3,12,0.25,0,0,NA,NA,NA,NA,NA,NA,NA,"P4"
"2132","Cincinnati","fbs","Big 12",2024,4923288,"Barry Jackson Jr.",6,5,11,1.2,-2.13086436724411,-0.355144061207352,-0.426172873448822,16,2.66666666666667,3.2,0.5,0,0,NA,NA,NA,NA,NA,NA,NA,"P4"
"2132","Cincinnati","fbs","Big 12",2024,5089860,"Chance Williams",10,3,11,3.33333333333333,-2.38198916264371,-0.238198916264371,-0.793996387547902,44,4.4,14.6666666666667,0.2,0,0,NA,NA,NA,NA,NA,NA,NA,"P4"
"218","Temple","fbs","American Athletic",2024,146583,"John Adams",3,3,12,1,0.0712344090865309,0.0237448030288436,0.0237448030288436,9,3,3,0.666666666666667,0,0,NA,NA,NA,NA,NA,NA,NA,"G6"
"218","Temple","fbs","American Athletic",2024,4428938,"Dante Wright",5,4,12,1.25,0.566189051628653,0.113237810325731,0.141547262907163,17,3.4,4.25,0.4,0,0,NA,NA,NA,NA,NA,NA,NA,"G6"
"218","Temple","fbs","American Athletic",2024,4431387,"Evan Simon",58,9,12,6.44444444444444,-9.73342353577772,-0.167817647168581,-1.0814915039753,203,3.5,22.5555555555556,0.310344827586207,3,0,NA,NA,NA,NA,NA,NA,NA,"G6"
"218","Temple","fbs","American Athletic",2024,4431560,"Antwain Littleton",81,10,12,8.1,-23.7215160908553,-0.292858223343893,-2.37215160908553,270,3.33333333333333,27,0.271604938271605,1,0,240,239,242,240,242,240,236,"G6"
"218","Temple","fbs","American Athletic",2024,4600418,"Kajiya Hollawayne",1,1,12,1,1.3117574425673,1.3117574425673,1.3117574425673,16,16,16,1,0,0,NA,NA,NA,NA,NA,NA,NA,"G6"
"218","Temple","fbs","American Athletic",2024,4687515,"E.J. Wilson",6,1,12,6,1.49230262106501,0.248717103510834,1.49230262106501,31,5.16666666666667,31,0.5,0,0,NA,NA,NA,NA,NA,NA,NA,"G6"
"218","Temple","fbs","American Athletic",2024,4888131,"Antonio Jones",3,2,12,1.5,-0.953012353836773,-0.317670784612258,-0.476506176918387,10,3.33333333333333,5,0.333333333333333,0,0,NA,NA,NA,NA,NA,NA,NA,"G6"
"218","Temple","fbs","American Athletic",2024,4920228,"Joquez Smith",36,10,12,3.6,-7.65217636997637,-0.212560454721566,-0.765217636997637,134,3.72222222222222,13.4,0.277777777777778,1,1,NA,NA,NA,NA,NA,NA,NA,"G6"
"218","Temple","fbs","American Athletic",2024,5076111,"Tyler Douglas",12,2,12,6,-2.00998589497006,-0.167498824580838,-1.00499294748503,31,2.58333333333333,15.5,0.25,0,0,NA,NA,NA,NA,NA,NA,NA,"G6"
"218","Temple","fbs","American Athletic",2024,5147463,"Tyler Stewart",3,1,12,3,0.155714740250143,0.0519049134167142,0.155714740250143,28,9.33333333333333,28,0.333333333333333,0,0,NA,NA,NA,NA,NA,NA,NA,"G6"
"218","Temple","fbs","American Athletic",2024,5151231,"Forrest Brock",19,3,12,6.33333333333333,-10.5976213168724,-0.557769542993286,-3.53254043895748,81,4.26315789473684,27,0.263157894736842,1,2,NA,NA,NA,NA,NA,NA,NA,"G6"
"218","Temple","fbs","American Athletic",2024,5219863,"Tyrei Washington",3,1,12,3,-1.66917012152742,-0.55639004050914,-1.66917012152742,4,1.33333333333333,4,0,0,0,NA,NA,NA,NA,NA,NA,NA,"G6"
"218","Temple","fbs","American Athletic",2024,5219864,"Terrez Worthy",78,9,12,8.66666666666667,10.3566822113726,0.13277797706888,1.15074246793029,433,5.55128205128205,48.1111111111111,0.346153846153846,4,0,98,93,70,215,185,87,161,"G6"
"218","Temple","fbs","American Athletic",2024,5219865,"Ashton Allen",6,3,12,2,4.25094637737918,0.70849106289653,1.41698212579306,55,9.16666666666667,18.3333333333333,0.833333333333333,0,0,NA,NA,NA,NA,NA,NA,NA,"G6"
"218","Temple","fbs","American Athletic",2024,5219878,"Daniel Evert",1,1,12,1,-0.453062423587553,-0.453062423587553,-0.453062423587553,2,2,2,0,0,0,NA,NA,NA,NA,NA,NA,NA,"G6"
"2199","Eastern Michigan","fbs","Mid-American",2024,4427971,"Dontae McMillan",23,2,11,11.5,-2.00432620169812,-0.0871446174651357,-1.00216310084906,87,3.78260869565217,43.5,0.391304347826087,0,0,NA,NA,NA,NA,NA,NA,NA,"G6"
"2199","Eastern Michigan","fbs","Mid-American",2024,4428018,"Delbert Mimms III",144,10,11,14.4,10.2501556580785,0.0711816365144337,1.02501556580785,542,3.76388888888889,54.2,0.444444444444444,7,0,99,96,109,86,144,231,133,"G6"
"2199","Eastern Michigan","fbs","Mid-American",2024,4433855,"Terry Lockett Jr.",2,2,11,1,1.19961545726189,0.599807728630947,0.599807728630947,11,5.5,5.5,1,0,0,NA,NA,NA,NA,NA,NA,NA,"G6"
"2199","Eastern Michigan","fbs","Mid-American",2024,4570057,"Cole Snyder",93,11,11,8.45454545454546,7.02016368250791,0.0754856309947087,0.63819669840981,487,5.23655913978495,44.2727272727273,0.537634408602151,4,5,119,122,103,19,167,106,183,"G6"
"2199","Eastern Michigan","fbs","Mid-American",2024,4709774,"Quentavius Scandrett",2,1,11,2,-0.230442725785499,-0.115221362892749,-0.230442725785499,7,3.5,7,0.5,0,0,NA,NA,NA,NA,NA,NA,NA,"G6"
"2199","Eastern Michigan","fbs","Mid-American",2024,4710860,"Oran Singleton",5,5,11,1,0.570546280709167,0.114109256141833,0.114109256141833,14,2.8,2.8,0.6,0,0,NA,NA,NA,NA,NA,NA,NA,"G6"
"2199","Eastern Michigan","fbs","Mid-American",2024,4827049,"Max Reese",1,1,11,1,-0.371489107659228,-0.371489107659228,-0.371489107659228,3,3,3,0,0,0,NA,NA,NA,NA,NA,NA,NA,"G6"
"2199","Eastern Michigan","fbs","Mid-American",2024,4832021,"Elijah Jackson-Anderson",39,7,11,5.57142857142857,-6.78113731543183,-0.173875315780303,-0.968733902204548,172,4.41025641025641,24.5714285714286,0.384615384615385,2,1,NA,NA,NA,NA,NA,NA,NA,"G6"
"2199","Eastern Michigan","fbs","Mid-American",2024,5083199,"Jeremiah Salem",1,1,11,1,-0.464726539786247,-0.464726539786247,-0.464726539786247,1,1,1,0,0,0,NA,NA,NA,NA,NA,NA,NA,"G6"
"2199","Eastern Michigan","fbs","Mid-American",2024,5085335,"Deion Brown",18,5,11,3.6,-6.18772698149148,-0.34376261008286,-1.2375453962983,80,4.44444444444444,16,0.222222222222222,1,0,NA,NA,NA,NA,NA,NA,NA,"G6"
"2199","Eastern Michigan","fbs","Mid-American",2024,5125733,"Joey Mattord",20,4,11,5,-3.74286744368627,-0.187143372184313,-0.935716860921567,66,3.3,16.5,0.4,1,0,NA,NA,NA,NA,NA,NA,NA,"G6"
"221","Pittsburgh","fbs","ACC",2024,4431328,"Rodney Hammond Jr.",12,4,11,3,-0.371305207979369,-0.0309421006649474,-0.0928263019948423,37,3.08333333333333,9.25,0.25,0,0,NA,NA,NA,NA,NA,NA,NA,"P4"
"221","Pittsburgh","fbs","ACC",2024,4431527,"Derrick Davis Jr.",20,7,11,2.85714285714286,-4.58288172935882,-0.229144086467941,-0.654697389908403,47,2.35,6.71428571428571,0.3,2,0,NA,NA,NA,NA,NA,NA,NA,"P4"
"221","Pittsburgh","fbs","ACC",2024,4568658,"Daniel Carter",15,6,11,2.5,5.05705564353123,0.337137042902082,0.842842607255205,99,6.6,16.5,0.6,2,0,NA,NA,NA,NA,NA,NA,NA,"P4"
"221","Pittsburgh","fbs","ACC",2024,4683182,"Nate Yarnell",17,6,11,2.83333333333333,4.65958141446199,0.274093024380117,0.776596902410332,83,4.88235294117647,13.8333333333333,0.470588235294118,0,1,NA,NA,NA,NA,NA,NA,NA,"P4"
"221","Pittsburgh","fbs","ACC",2024,4833072,"Che Nwabuko",3,2,11,1.5,-0.509599456284202,-0.169866485428067,-0.254799728142101,11,3.66666666666667,5.5,0,0,0,NA,NA,NA,NA,NA,NA,NA,"P4"
"221","Pittsburgh","fbs","ACC",2024,4870819,"Eli Holstein",50,9,11,5.55555555555556,13.9169401931244,0.278338803862487,1.54632668812493,337,6.74,37.4444444444444,0.52,1,3,NA,NA,NA,NA,NA,NA,NA,"P4"
"221","Pittsburgh","fbs","ACC",2024,4877558,"Raphael Williams Jr.",1,1,11,1,-1.2051075912514,-1.2051075912514,-1.2051075912514,-3,-3,-3,0,0,0,NA,NA,NA,NA,NA,NA,NA,"P4"
"221","Pittsburgh","fbs","ACC",2024,4923295,"Kenny Johnson",3,3,11,1,-0.0332315771965108,-0.0110771923988369,-0.0110771923988369,-2,-0.666666666666667,-0.666666666666667,0.333333333333333,0,0,NA,NA,NA,NA,NA,NA,NA,"P4"
"221","Pittsburgh","fbs","ACC",2024,5089535,"Desmond Reid",148,10,11,14.8,1.46314210708155,0.00988609531811859,0.146314210708155,767,5.18243243243243,76.7,0.358108108108108,4,0,150,150,152,203,66,113,59,"P4"
"221","Pittsburgh","fbs","ACC",2024,5124975,"Juelz Goff",8,1,11,8,-5.26883585792891,-0.658604482241114,-5.26883585792891,14,1.75,14,0,0,0,NA,NA,NA,NA,NA,NA,NA,"P4"
"221","Pittsburgh","fbs","ACC",2024,5146366,"Allen Bryant",1,1,11,1,-0.700477189548432,-0.700477189548432,-0.700477189548432,1,1,1,0,0,0,NA,NA,NA,NA,NA,NA,NA,"P4"
"221","Pittsburgh","fbs","ACC",2024,5154302,"David Lynch",1,1,11,1,-0.773612734340508,-0.773612734340508,-0.773612734340508,2,2,2,0,0,0,NA,NA,NA,NA,NA,NA,NA,"P4"
"2226","Florida Atlantic","fbs","American Athletic",2024,4683665,"Zuberi Mobley",82,8,11,10.25,-9.50316427957246,-0.115892247311859,-1.18789553494656,408,4.97560975609756,51,0.292682926829268,3,1,205,219,215,238,202,137,149.5,"G6"
"2226","Florida Atlantic","fbs","American Athletic",2024,4700135,"Cam Fancher",70,8,11,8.75,18.3472333701501,0.262103333859287,2.29340417126876,494,7.05714285714286,61.75,0.428571428571429,3,2,61,41,28,104,165,15,109,"G6"
"2226","Florida Atlantic","fbs","American Athletic",2024,4837269,"Omari Hayes",2,2,11,1,0.029673194085849,0.0148365970429245,0.0148365970429245,11,5.5,5.5,0.5,0,0,NA,NA,NA,NA,NA,NA,NA,"G6"
"2226","Florida Atlantic","fbs","American Athletic",2024,4871013,"Gemari Sands",26,5,11,5.2,-14.6291539908624,-0.562659768879323,-2.92583079817248,95,3.65384615384615,19,0.269230769230769,1,1,NA,NA,NA,NA,NA,NA,NA,"G6"
"2226","Florida Atlantic","fbs","American Athletic",2024,4873588,"CJ Campbell Jr.",147,11,11,13.3636363636364,0.176960749805274,0.00120381462452567,0.0160873408913885,763,5.19047619047619,69.3636363636364,0.346938775510204,9,0,160,160,160,214,67,112,74,"G6"
"2226","Florida Atlantic","fbs","American Athletic",2024,4950560,"Xavier Terrell",10,3,11,3.33333333333333,18.5118446985149,1.85118446985149,6.17061489950496,227,22.7,75.6666666666667,0.6,3,0,NA,NA,NA,NA,NA,NA,NA,"G6"
"2226","Florida Atlantic","fbs","American Athletic",2024,4954456,"Kasen Weisman",9,3,11,3,9.1188240300634,1.01320267000704,3.03960801002113,72,8,24,0.555555555555556,0,0,NA,NA,NA,NA,NA,NA,NA,"G6"
"2226","Florida Atlantic","fbs","American Athletic",2024,5082005,"Tyriq Starks",18,4,11,4.5,5.88921966342168,0.327178870190094,1.47230491585542,111,6.16666666666667,27.75,0.611111111111111,0,0,NA,NA,NA,NA,NA,NA,NA,"G6"
"2226","Florida Atlantic","fbs","American Athletic",2024,5146725,"Kaden Shields-Dutton",8,1,11,8,-1.59288325249367,-0.199110406561709,-1.59288325249367,37,4.625,37,0.375,0,0,NA,NA,NA,NA,NA,NA,NA,"G6"
"2226","Florida Atlantic","fbs","American Athletic",2024,5219671,"Tremonte Underwood Jr.",2,1,11,2,-3.13220535572428,-1.56610267786214,-3.13220535572428,16,8,16,0,0,1,NA,NA,NA,NA,NA,NA,NA,"G6"
"2229","Florida International","fbs","Conference USA",2024,4427648,"Lexington Joseph",75,11,11,6.81818181818182,-19.0120506667428,-0.253494008889904,-1.72836824243116,271,3.61333333333333,24.6363636363636,0.32,3,0,235,233,239,225,241,236,242,"G6"
"2229","Florida International","fbs","Conference USA",2024,4431304,"Kejon Owens",77,10,11,7.7,-0.724490842495342,-0.00940897198045898,-0.0724490842495342,314,4.07792207792208,31.4,0.428571428571429,3,1,165,165,166,104,225,216,226.5,"G6"
"2229","Florida International","fbs","Conference USA",2024,4602898,"Chayden Peery",8,1,11,8,4.59550755630773,0.574438444538466,4.59550755630773,30,3.75,30,0.625,0,0,NA,NA,NA,NA,NA,NA,NA,"G6"
"2229","Florida International","fbs","Conference USA",2024,4695787,"Shomari Lawrence",45,7,11,6.42857142857143,-3.0083768809855,-0.0668528195774555,-0.429768125855071,185,4.11111111111111,26.4285714285714,0.488888888888889,1,0,NA,NA,NA,NA,NA,NA,NA,"G6"
"2229","Florida International","fbs","Conference USA",2024,4713277,"Eric Rivers",1,1,11,1,-2.15245536519961,-2.15245536519961,-2.15245536519961,-3,-3,-3,0,0,0,NA,NA,NA,NA,NA,NA,NA,"G6"
"2229","Florida International","fbs","Conference USA",2024,4837469,"Amari Jones",10,3,11,3.33333333333333,-4.1585369843328,-0.41585369843328,-1.3861789947776,32,3.2,10.6666666666667,0.3,0,1,NA,NA,NA,NA,NA,NA,NA,"G6"
"2229","Florida International","fbs","Conference USA",2024,4875612,"Ross Fournet",3,3,11,1,3.38447898039902,1.12815966013301,1.12815966013301,48,16,16,0.333333333333333,0,0,NA,NA,NA,NA,NA,NA,NA,"G6"
"2229","Florida International","fbs","Conference USA",2024,4875613,"Dean Patterson",4,4,11,1,1.96003926905163,0.490009817262908,0.490009817262908,5,1.25,1.25,0.75,1,0,NA,NA,NA,NA,NA,NA,NA,"G6"
"2229","Florida International","fbs","Conference USA",2024,4877014,"Nazeviah Burris",2,2,11,1,-0.395132294260431,-0.197566147130216,-0.197566147130216,13,6.5,6.5,0.5,0,0,NA,NA,NA,NA,NA,NA,NA,"G6"
"2229","Florida International","fbs","Conference USA",2024,4921307,"Luby Maurice Jr.",1,1,11,1,3.15637946337691,3.15637946337691,3.15637946337691,15,15,15,1,1,0,NA,NA,NA,NA,NA,NA,NA,"G6"
"2229","Florida International","fbs","Conference USA",2024,5078402,"Shaborne Demps",7,5,11,1.4,-1.83375105012662,-0.261964435732375,-0.366750210025325,26,3.71428571428571,5.2,0.285714285714286,0,0,NA,NA,NA,NA,NA,NA,NA,"G6"
"2229","Florida International","fbs","Conference USA",2024,5085337,"Keyone Jenkins",55,10,11,5.5,-11.5090254046355,-0.209255007357009,-1.15090254046355,188,3.41818181818182,18.8,0.363636363636364,2,4,NA,NA,NA,NA,NA,NA,NA,"G6"
"2229","Florida International","fbs","Conference USA",2024,5096107,"C'Quan Jnopierre",6,5,11,1.2,-3.7797399321196,-0.629956655353266,-0.75594798642392,7,1.16666666666667,1.4,0.333333333333333,0,0,NA,NA,NA,NA,NA,NA,NA,"G6"
"2229","Florida International","fbs","Conference USA",2024,5146722,"Devonte Lyons",42,3,11,14,1.43325036586849,0.0341250087111544,0.477750121956162,284,6.76190476190476,94.6666666666667,0.452380952380952,2,1,NA,NA,NA,NA,NA,NA,NA,"G6"
"2247","Georgia State","fbs","Sun Belt",2024,4427111,"Michel Dukes",58,11,11,5.27272727272727,-3.02941083158676,-0.0522312212342545,-0.275400984689705,331,5.70689655172414,30.0909090909091,0.344827586206897,2,0,NA,NA,NA,NA,NA,NA,NA,"G6"
"2247","Georgia State","fbs","Sun Belt",2024,4429259,"CJ Beasley",13,5,11,2.6,-0.987113978966419,-0.0759318445358784,-0.197422795793284,71,5.46153846153846,14.2,0.307692307692308,0,0,NA,NA,NA,NA,NA,NA,NA,"G6"
"2247","Georgia State","fbs","Sun Belt",2024,4431483,"Sy'veon Wilkerson",14,3,11,4.66666666666667,-6.85334695611879,-0.489524782579913,-2.28444898537293,56,4,18.6666666666667,0.0714285714285714,0,0,NA,NA,NA,NA,NA,NA,NA,"G6"
"2247","Georgia State","fbs","Sun Belt",2024,4432612,"Christian Veilleux",17,6,11,2.83333333333333,8.14339109926673,0.47902300583922,1.35723184987779,156,9.17647058823529,26,0.588235294117647,1,1,NA,NA,NA,NA,NA,NA,NA,"G6"
"2247","Georgia State","fbs","Sun Belt",2024,4568336,"Zach Gibson",31,6,11,5.16666666666667,10.2976738776531,0.332183028311392,1.71627897960886,148,4.7741935483871,24.6666666666667,0.548387096774194,1,0,NA,NA,NA,NA,NA,NA,NA,"G6"
"2247","Georgia State","fbs","Sun Belt",2024,4597248,"Tailique Williams",1,1,11,1,-2.0701351657194,-2.0701351657194,-2.0701351657194,-1,-1,-1,0,0,0,NA,NA,NA,NA,NA,NA,NA,"G6"
"2247","Georgia State","fbs","Sun Belt",2024,4685440,"Kyle Lowe",8,5,11,1.6,2.24266537185573,0.280333171481966,0.448533074371145,66,8.25,13.2,0.375,1,0,NA,NA,NA,NA,NA,NA,NA,"G6"
"2247","Georgia State","fbs","Sun Belt",2024,4696071,"Freddie Brock",135,11,11,12.2727272727273,5.29246587407477,0.0392034509190724,0.481133261279524,741,5.48888888888889,67.3636363636364,0.42962962962963,7,0,135,136,135,101,71,88,85,"G6"
"2247","Georgia State","fbs","Sun Belt",2024,4812474,"DJ Riles",1,1,11,1,1.00448512093703,1.00448512093703,1.00448512093703,17,17,17,1,0,0,NA,NA,NA,NA,NA,NA,NA,"G6"
"2247","Georgia State","fbs","Sun Belt",2024,4880511,"Jordan Ford",12,4,11,3,-5.58596515294968,-0.46549709607914,-1.39649128823742,38,3.16666666666667,9.5,0.333333333333333,0,1,NA,NA,NA,NA,NA,NA,NA,"G6"
"2247","Georgia State","fbs","Sun Belt",2024,5092410,"Dorian Fleming",1,1,11,1,-0.749270823188325,-0.749270823188325,-0.749270823188325,-3,-3,-3,0,0,0,NA,NA,NA,NA,NA,NA,NA,"G6"
"2247","Georgia State","fbs","Sun Belt",2024,5146273,"DJ Murray Jr.",3,2,11,1.5,1.56358574933485,0.521195249778282,0.781792874667424,18,6,9,0.666666666666667,0,0,NA,NA,NA,NA,NA,NA,NA,"G6"
"2247","Georgia State","fbs","Sun Belt",2024,5220683,"Phoenix Moss",2,1,11,2,-1.99140522657826,-0.995702613289132,-1.99140522657826,-4,-2,-4,0,0,0,NA,NA,NA,NA,NA,NA,NA,"G6"
"228","Clemson","fbs","ACC",2024,4379471,"Tyler Brown",1,1,11,1,-0.94129356301886,-0.94129356301886,-0.94129356301886,-2,-2,-2,0,0,0,NA,NA,NA,NA,NA,NA,NA,"P4"
"228","Clemson","fbs","ACC",2024,4431562,"Phil Mafah",201,11,11,18.2727272727273,6.65892454564832,0.0331289778390464,0.60535677687712,1006,5.00497512437811,91.4545454545455,0.437810945273632,7,1,124,130,140,91,27,134,30,"P4"
"228","Clemson","fbs","ACC",2024,4587722,"Troy Stellato",1,1,11,1,0.315211947498765,0.315211947498765,0.315211947498765,11,11,11,1,0,0,NA,NA,NA,NA,NA,NA,NA,"P4"
"228","Clemson","fbs","ACC",2024,4685413,"Cade Klubnik",78,11,11,7.09090909090909,25.7065168200352,0.32957072846199,2.33695607454865,511,6.55128205128205,46.4545454545455,0.5,4,3,39,40,12,36,158,30,170,"P4"
"228","Clemson","fbs","ACC",2024,4873283,"Wise Segars Jr.",1,1,11,1,-0.476605870046477,-0.476605870046477,-0.476605870046477,2,2,2,0,0,0,NA,NA,NA,NA,NA,NA,NA,"P4"
"228","Clemson","fbs","ACC",2024,4899369,"Christopher Vizzina",2,2,11,1,-0.233006870023422,-0.116503435011711,-0.116503435011711,10,5,5,0.5,0,0,NA,NA,NA,NA,NA,NA,NA,"P4"
"228","Clemson","fbs","ACC",2024,4914980,"Cole Turner",3,3,11,1,1.44634750960178,0.482115836533927,0.482115836533927,21,7,7,0.333333333333333,1,0,NA,NA,NA,NA,NA,NA,NA,"P4"
"228","Clemson","fbs","ACC",2024,5079438,"David Eziomume",2,1,11,2,-0.544245237845733,-0.272122618922866,-0.544245237845733,2,1,2,0.5,0,0,NA,NA,NA,NA,NA,NA,NA,"P4"
"228","Clemson","fbs","ACC",2024,5081432,"Antonio Williams",7,5,11,1.4,9.86599719844292,1.40942817120613,1.97319943968858,101,14.4285714285714,20.2,0.857142857142857,1,0,NA,NA,NA,NA,NA,NA,NA,"P4"
"228","Clemson","fbs","ACC",2024,5081434,"Trent Pearman",2,1,11,2,1.1570943292292,0.578547164614601,1.1570943292292,15,7.5,15,1,0,0,NA,NA,NA,NA,NA,NA,NA,"P4"
"228","Clemson","fbs","ACC",2024,5081435,"Keith Adams Jr.",17,5,11,3.4,-1.47776263354976,-0.0869272137382215,-0.295552526709953,69,4.05882352941176,13.8,0.352941176470588,1,0,NA,NA,NA,NA,NA,NA,NA,"P4"
"228","Clemson","fbs","ACC",2024,5093141,"Jarvis Green",5,2,11,2.5,-1.7769813946823,-0.355396278936461,-0.888490697341152,24,4.8,12,0.2,0,0,NA,NA,NA,NA,NA,NA,NA,"P4"
"228","Clemson","fbs","ACC",2024,5121793,"Peyton Streko",2,1,11,2,-5.43080428030826,-2.71540214015413,-5.43080428030826,15,7.5,15,0,0,0,NA,NA,NA,NA,NA,NA,NA,"P4"
"228","Clemson","fbs","ACC",2024,5150556,"Jay Haynes",33,9,11,3.66666666666667,-4.62951114289274,-0.140288216451295,-0.514390126988082,128,3.87878787878788,14.2222222222222,0.303030303030303,1,0,NA,NA,NA,NA,NA,NA,NA,"P4"
"2294","Iowa","fbs","Big Ten",2024,4427455,"Cade McNamara",4,3,11,1.33333333333333,-2.09905598222697,-0.524763995556742,-0.699685327408989,10,2.5,3.33333333333333,0.5,0,0,NA,NA,NA,NA,NA,NA,NA,"P4"
"2294","Iowa","fbs","Big Ten",2024,4431485,"Leshon Williams",6,2,11,3,-2.09153170309435,-0.348588617182391,-1.04576585154717,12,2,6,0.166666666666667,0,0,NA,NA,NA,NA,NA,NA,NA,"P4"
"2294","Iowa","fbs","Big Ten",2024,4602966,"Jacob Gill",4,4,11,1,-1.50868777066148,-0.37717194266537,-0.37717194266537,7,1.75,1.75,0.25,0,0,NA,NA,NA,NA,NA,NA,NA,"P4"
"2294","Iowa","fbs","Big Ten",2024,4683058,"Brendan Sullivan",28,7,11,4,2.48532977043814,0.088761777515648,0.355047110062592,131,4.67857142857143,18.7142857142857,0.535714285714286,4,2,NA,NA,NA,NA,NA,NA,NA,"P4"
"2294","Iowa","fbs","Big Ten",2024,4819231,"Kaleb Johnson",226,11,11,20.5454545454545,25.7972786128565,0.114147250499365,2.34520714662332,1324,5.85840707964602,120.363636363636,0.402654867256637,19,0,38,39,84,138,9,61,8,"P4"
"2294","Iowa","fbs","Big Ten",2024,4836471,"Jackson Stratton",4,3,11,1.33333333333333,1.20733018636801,0.301832546592002,0.402443395456003,18,4.5,6,0.5,0,1,NA,NA,NA,NA,NA,NA,NA,"P4"
"2294","Iowa","fbs","Big Ten",2024,4873456,"Addison Ostrenga",1,1,11,1,-0.875937333977687,-0.875937333977687,-0.875937333977687,-3,-3,-3,0,0,0,NA,NA,NA,NA,NA,NA,NA,"P4"
"2294","Iowa","fbs","Big Ten",2024,4873475,"Max White",4,1,11,4,-1.59711251932272,-0.399278129830681,-1.59711251932272,14,3.5,14,0,0,0,NA,NA,NA,NA,NA,NA,NA,"P4"
"2294","Iowa","fbs","Big Ten",2024,4876598,"Seth Anderson",2,2,11,1,0.187195909020806,0.093597954510403,0.093597954510403,8,4,4,0.5,0,0,NA,NA,NA,NA,NA,NA,NA,"P4"
"2294","Iowa","fbs","Big Ten",2024,5076584,"Terrell Washington Jr.",10,3,11,3.33333333333333,-5.35096239190993,-0.535096239190993,-1.78365413063664,22,2.2,7.33333333333333,0.1,0,0,NA,NA,NA,NA,NA,NA,NA,"P4"
"2294","Iowa","fbs","Big Ten",2024,5081332,"Jaziun Patterson",54,9,11,6,-0.104257597365675,-0.0019306962475125,-0.011584177485075,229,4.24074074074074,25.4444444444444,0.296296296296296,2,0,NA,NA,NA,NA,NA,NA,NA,"P4"
"2294","Iowa","fbs","Big Ten",2024,5081338,"Kaden Wetjen",4,4,11,1,2.2229215977705,0.555730399442626,0.555730399442626,33,8.25,8.25,0.75,0,0,NA,NA,NA,NA,NA,NA,NA,"P4"
"2294","Iowa","fbs","Big Ten",2024,5093886,"Kamari Moulton",51,10,11,5.1,-4.64081062240377,-0.0909962867137993,-0.464081062240377,306,6,30.6,0.392156862745098,2,1,NA,NA,NA,NA,NA,NA,NA,"P4"
"2294","Iowa","fbs","Big Ten",2024,5150662,"Hayden Large",2,2,11,1,1.48069570303785,0.740347851518924,0.740347851518924,2,1,1,0.5,0,0,NA,NA,NA,NA,NA,NA,NA,"P4"
"23","San José State","fbs","Mountain West",2024,4570242,"Nick Nash",1,1,11,1,-6.13833860353067,-6.13833860353067,-6.13833860353067,-9,-9,-9,0,0,1,NA,NA,NA,NA,NA,NA,NA,"G6"
"23","San José State","fbs","Mountain West",2024,4685254,"Jabari Bates",52,11,11,4.72727272727273,-3.95713350779995,-0.0760987213038452,-0.359739409799996,223,4.28846153846154,20.2727272727273,0.365384615384615,1,0,NA,NA,NA,NA,NA,NA,NA,"G6"
"23","San José State","fbs","Mountain West",2024,4694149,"Walker Eget",20,8,11,2.5,-10.5927908849235,-0.529639544246174,-1.32409886061544,118,5.9,14.75,0.55,0,3,NA,NA,NA,NA,NA,NA,NA,"G6"
"23","San José State","fbs","Mountain West",2024,4917332,"Jordan Pollard",1,1,11,1,1.54455314466769,1.54455314466769,1.54455314466769,9,9,9,1,0,0,NA,NA,NA,NA,NA,NA,NA,"G6"
"23","San José State","fbs","Mountain West",2024,5079641,"Lamar Radcliffe",18,6,11,3,6.073861542467,0.337436752359278,1.01231025707783,76,4.22222222222222,12.6666666666667,0.388888888888889,0,1,NA,NA,NA,NA,NA,NA,NA,"G6"
"23","San José State","fbs","Mountain West",2024,5085112,"Emmett Brown",18,6,11,3,-8.35609181569184,-0.464227323093991,-1.39268196928197,53,2.94444444444444,8.83333333333333,0.333333333333333,1,0,NA,NA,NA,NA,NA,NA,NA,"G6"
"23","San José State","fbs","Mountain West",2024,5089859,"Floyd Chalk IV",116,11,11,10.5454545454545,7.21445387694599,0.0621935679047068,0.655859443358726,569,4.9051724137931,51.7272727272727,0.405172413793103,7,1,118,120,114,133,133,144,146,"G6"
"23","San José State","fbs","Mountain West",2024,5220614,"Jacob Stewart",1,1,11,1,-1.2556195182555,-1.2556195182555,-1.2556195182555,-9,-9,-9,0,0,0,NA,NA,NA,NA,NA,NA,NA,"G6"
"2305","Kansas","fbs","Big 12",2024,4427821,"Torry Locklin",2,2,11,1,-1.09045210641036,-0.545226053205179,-0.545226053205179,5,2.5,2.5,0,0,0,NA,NA,NA,NA,NA,NA,NA,"P4"
"2305","Kansas","fbs","Big 12",2024,4430914,"Lawrence Arnold",2,2,11,1,3.2062281842596,1.6031140921298,1.6031140921298,28,14,14,1,1,0,NA,NA,NA,NA,NA,NA,NA,"P4"
"2305","Kansas","fbs","Big 12",2024,4433830,"Luke Grimm",10,7,11,1.42857142857143,7.05342059250064,0.705342059250064,1.00763151321438,109,10.9,15.5714285714286,0.7,1,0,NA,NA,NA,NA,NA,NA,NA,"P4"
"2305","Kansas","fbs","Big 12",2024,4568694,"Daniel Hishaw Jr.",55,7,11,7.85714285714286,12.2168153670271,0.222123915764129,1.74525933814673,312,5.67272727272727,44.5714285714286,0.418181818181818,2,0,NA,NA,NA,NA,NA,NA,NA,"P4"
"2305","Kansas","fbs","Big 12",2024,4570250,"Trevor Wilson",3,3,11,1,0.584054136756809,0.19468471225227,0.19468471225227,21,7,7,0.666666666666667,0,0,NA,NA,NA,NA,NA,NA,NA,"P4"
"2305","Kansas","fbs","Big 12",2024,4576218,"Sevion Morrison",19,5,11,3.8,3.51283008684019,0.184885794044221,0.702566017368039,119,6.26315789473684,23.8,0.421052631578947,1,0,NA,NA,NA,NA,NA,NA,NA,"P4"
"2305","Kansas","fbs","Big 12",2024,4596472,"Jalon Daniels",84,11,11,7.63636363636364,26.9485849308022,0.320816487271455,2.44987135734566,557,6.63095238095238,50.6363636363636,0.571428571428571,6,3,31,35,16,5,138,25,152,"P4"
"2305","Kansas","fbs","Big 12",2024,4613050,"Quentin Skinner",2,2,11,1,-0.625894016003348,-0.312947008001674,-0.312947008001674,9,4.5,4.5,0,0,1,NA,NA,NA,NA,NA,NA,NA,"P4"
"2305","Kansas","fbs","Big 12",2024,4682652,"Devin Neal",209,11,11,19,37.9424175294531,0.181542667605039,3.44931068449574,1135,5.43062200956938,103.181818181818,0.45933014354067,13,0,17,18,47,67,19.5,94,19,"P4"
"2305","Kansas","fbs","Big 12",2024,4686382,"Jared Casey",1,1,11,1,2.34588765844342,2.34588765844342,2.34588765844342,1,1,1,1,0,0,NA,NA,NA,NA,NA,NA,NA,"P4"
"2305","Kansas","fbs","Big 12",2024,5151060,"Cole Ballard",2,2,11,1,0.878882720796455,0.439441360398227,0.439441360398227,22,11,11,1,0,0,NA,NA,NA,NA,NA,NA,NA,"P4"
"2306","Kansas State","fbs","Big 12",2024,4427313,"Ta'Quan Roberson",1,1,11,1,0.310180625011452,0.310180625011452,0.310180625011452,7,7,7,1,0,0,NA,NA,NA,NA,NA,NA,NA,"P4"
"2306","Kansas State","fbs","Big 12",2024,4567244,"Jadon Jackson",1,1,11,1,-0.90404185907904,-0.90404185907904,-0.90404185907904,0,0,0,0,0,0,NA,NA,NA,NA,NA,NA,NA,"P4"
"2306","Kansas State","fbs","Big 12",2024,4683237,"Keagan Johnson",1,1,11,1,0.978291051520044,0.978291051520044,0.978291051520044,8,8,8,1,0,0,NA,NA,NA,NA,NA,NA,NA,"P4"
"2306","Kansas State","fbs","Big 12",2024,4736246,"Jacob Knuth",2,1,11,2,-0.810172886678528,-0.405086443339264,-0.810172886678528,4,2,4,0,0,1,NA,NA,NA,NA,NA,NA,NA,"P4"
"2306","Kansas State","fbs","Big 12",2024,4870857,"Avery Johnson",88,10,11,8.8,27.2560787230218,0.309728167307066,2.72560787230218,612,6.95454545454545,61.2,0.511363636363636,6,1,30,29,17,30,118,17,113,"P4"
"2306","Kansas State","fbs","Big 12",2024,4874509,"DJ Giddens",189,11,11,17.1818181818182,10.8074883100856,0.0571824778311409,0.982498937280512,1230,6.50793650793651,111.818181818182,0.417989417989418,7,0,97,101,123,119,13.5,33,11.5,"P4"
"2306","Kansas State","fbs","Big 12",2024,4918414,"Dylan Edwards",50,10,11,5,5.32468142866412,0.106493628573282,0.532468142866412,299,5.98,29.9,0.4,2,1,NA,NA,NA,NA,NA,NA,NA,"P4"
"2306","Kansas State","fbs","Big 12",2024,5078916,"Joe Jackson",25,6,11,4.16666666666667,-8.34700905574161,-0.333880362229664,-1.39116817595693,129,5.16,21.5,0.36,1,0,NA,NA,NA,NA,NA,NA,NA,"P4"
"2306","Kansas State","fbs","Big 12",2024,5081902,"Evan Cantu",3,1,11,3,-1.4540836261124,-0.484694542037468,-1.4540836261124,13,4.33333333333333,13,0,0,0,NA,NA,NA,NA,NA,NA,NA,"P4"
"2309","Kent State","fbs","Mid-American",2024,4431445,"Ky Thomas",122,10,11,12.2,-25.8176601268409,-0.211620164974106,-2.58176601268409,483,3.95901639344262,48.3,0.336065573770492,1,2,242,240,238,222,169.5,225,160,"G6"
"2309","Kent State","fbs","Mid-American",2024,4566157,"Luke Floriea",1,1,11,1,0.625537220281479,0.625537220281479,0.625537220281479,7,7,7,1,0,0,NA,NA,NA,NA,NA,NA,NA,"G6"
"2309","Kent State","fbs","Mid-American",2024,4685693,"Devin Kargman",1,1,11,1,0.539100724650148,0.539100724650148,0.539100724650148,3,3,3,1,0,0,NA,NA,NA,NA,NA,NA,NA,"G6"
"2309","Kent State","fbs","Mid-American",2024,4686274,"Jordan Lowe",15,3,11,5,-4.90813660509989,-0.32720910700666,-1.6360455350333,43,2.86666666666667,14.3333333333333,0.266666666666667,0,0,NA,NA,NA,NA,NA,NA,NA,"G6"
"2309","Kent State","fbs","Mid-American",2024,4869599,"Chrishon McCray",2,2,11,1,-1.41549006090017,-0.707745030450086,-0.707745030450086,5,2.5,2.5,0.5,0,0,NA,NA,NA,NA,NA,NA,NA,"G6"
"2309","Kent State","fbs","Mid-American",2024,5078404,"Marques Hicks",3,1,11,3,-0.48278167731865,-0.160927225772883,-0.48278167731865,-5,-1.66666666666667,-5,0.333333333333333,0,0,NA,NA,NA,NA,NA,NA,NA,"G6"
"2309","Kent State","fbs","Mid-American",2024,5082965,"Tommy Ulatowski",33,8,11,4.125,-4.8548453984908,-0.147116527226994,-0.60685567481135,127,3.84848484848485,15.875,0.303030303030303,1,1,NA,NA,NA,NA,NA,NA,NA,"G6"
"2309","Kent State","fbs","Mid-American",2024,5092662,"JD Sherrod",12,2,11,6,2.90251863141681,0.241876552618068,1.45125931570841,71,5.91666666666667,35.5,0.416666666666667,0,0,NA,NA,NA,NA,NA,NA,NA,"G6"
"2309","Kent State","fbs","Mid-American",2024,5125525,"Jahzae Kimbrough",27,7,11,3.85714285714286,2.32500848236043,0.0861114252726086,0.332144068908633,103,3.81481481481481,14.7142857142857,0.407407407407407,0,0,NA,NA,NA,NA,NA,NA,NA,"G6"
"2309","Kent State","fbs","Mid-American",2024,5146972,"Ayden Harris",28,4,11,7,-2.47348838936245,-0.0883388710486589,-0.618372097340612,110,3.92857142857143,27.5,0.321428571428571,1,0,NA,NA,NA,NA,NA,NA,NA,"G6"
"2309","Kent State","fbs","Mid-American",2024,5159834,"Curtis Douglas",37,7,11,5.28571428571429,-6.45313828414555,-0.174409142814745,-0.921876897735079,110,2.97297297297297,15.7142857142857,0.324324324324324,0,0,NA,NA,NA,NA,NA,NA,NA,"G6"
"2309","Kent State","fbs","Mid-American",2024,5193274,"Cade Wolford",4,2,11,2,-2.21027771448702,-0.552569428621754,-1.10513885724351,10,2.5,5,0,0,0,NA,NA,NA,NA,NA,NA,NA,"G6"
"2309","Kent State","fbs","Mid-American",2024,5222398,"Ruel Tomlinson",18,4,11,4.5,-8.93516350301405,-0.496397972389669,-2.23379087575351,31,1.72222222222222,7.75,0.277777777777778,0,0,NA,NA,NA,NA,NA,NA,NA,"G6"
"2335","Liberty","fbs","Conference USA",2024,4427841,"Billy Lucas",103,9,10,11.4444444444444,16.2474133227867,0.157741876920259,1.8052681469763,583,5.66019417475728,64.7777777777778,0.504854368932039,4,1,73,61,55,33,126,76,97,"G6"
"2335","Liberty","fbs","Conference USA",2024,4429439,"Quinton Cooley",180,10,10,18,31.4436771148513,0.174687095082507,3.14436771148513,1085,6.02777777777778,108.5,0.527777777777778,11,2,24,21,49,23,22,53,14,"G6"
"2335","Liberty","fbs","Conference USA",2024,4432803,"Kaidon Salter",85,10,10,8.5,24.605996819482,0.289482315523318,2.4605996819482,615,7.23529411764706,61.5,0.541176470588235,6,7,40,33,19,18,115.5,10,112,"G6"
"2335","Liberty","fbs","Conference USA",2024,4677280,"Julian Gray",6,2,10,3,0.654422515043275,0.109070419173879,0.327211257521637,66,11,33,0.666666666666667,1,1,NA,NA,NA,NA,NA,NA,NA,"G6"
"2335","Liberty","fbs","Conference USA",2024,4685701,"James Jointer Jr.",9,2,10,4.5,-0.488868395661641,-0.0543187106290713,-0.244434197830821,37,4.11111111111111,18.5,0.444444444444444,0,0,NA,NA,NA,NA,NA,NA,NA,"G6"
"2335","Liberty","fbs","Conference USA",2024,4799987,"Ryan Burger",5,1,10,5,-3.90857184232924,-0.781714368465849,-3.90857184232924,7,1.4,7,0.2,0,0,NA,NA,NA,NA,NA,NA,NA,"G6"
"2335","Liberty","fbs","Conference USA",2024,5122147,"Vaughn Blue",28,9,10,3.11111111111111,0.118114511692045,0.00421837541757305,0.0131238346324495,184,6.57142857142857,20.4444444444444,0.535714285714286,1,2,NA,NA,NA,NA,NA,NA,NA,"G6"
"2335","Liberty","fbs","Conference USA",2024,5139857,"Caden Williams",2,1,10,2,-0.893140467132205,-0.446570233566102,-0.893140467132205,7,3.5,7,0,0,0,NA,NA,NA,NA,NA,NA,NA,"G6"
"2335","Liberty","fbs","Conference USA",2024,5162399,"Darius Copeland",1,1,10,1,1.25713960526887,1.25713960526887,1.25713960526887,7,7,7,1,0,0,NA,NA,NA,NA,NA,NA,NA,"G6"
"2348","Louisiana Tech","fbs","Conference USA",2024,4431142,"Jimmy Holiday",42,10,11,4.2,-2.61866443076326,-0.0623491531134111,-0.261866443076327,167,3.97619047619048,16.7,0.404761904761905,3,1,NA,NA,NA,NA,NA,NA,NA,"G6"
"2348","Louisiana Tech","fbs","Conference USA",2024,4431484,"Jay Wilkerson",1,1,11,1,0.824838723024286,0.824838723024286,0.824838723024286,15,15,15,1,0,0,NA,NA,NA,NA,NA,NA,NA,"G6"
"2348","Louisiana Tech","fbs","Conference USA",2024,4432727,"Solo Lewis",3,2,11,1.5,-0.247453181100565,-0.0824843937001885,-0.123726590550283,11,3.66666666666667,5.5,0.333333333333333,0,0,NA,NA,NA,NA,NA,NA,NA,"G6"
"2348","Louisiana Tech","fbs","Conference USA",2024,4578489,"Abdul-Fatai Ibrahim",2,2,11,1,0.031594500735164,0.015797250367582,0.015797250367582,12,6,6,0.5,0,0,NA,NA,NA,NA,NA,NA,NA,"G6"
"2348","Louisiana Tech","fbs","Conference USA",2024,4687187,"Marquis Crosby",43,9,11,4.77777777777778,-9.97731795166794,-0.232030650038789,-1.10859088351866,166,3.86046511627907,18.4444444444444,0.27906976744186,1,0,NA,NA,NA,NA,NA,NA,NA,"G6"
"2348","Louisiana Tech","fbs","Conference USA",2024,4882138,"Buck Buchanan",1,1,11,1,3.37210487171823,3.37210487171823,3.37210487171823,7,7,7,1,0,0,NA,NA,NA,NA,NA,NA,NA,"G6"
"2348","Louisiana Tech","fbs","Conference USA",2024,4917627,"Dakota Williams",3,1,11,3,1.04183422579637,0.347278075265455,1.04183422579637,21,7,21,0.666666666666667,0,0,NA,NA,NA,NA,NA,NA,NA,"G6"
"2348","Louisiana Tech","fbs","Conference USA",2024,5076949,"Evan Bullock",28,9,11,3.11111111111111,-14.8710222577887,-0.531107937778169,-1.65233580642097,85,3.03571428571429,9.44444444444444,0.285714285714286,1,3,NA,NA,NA,NA,NA,NA,NA,"G6"
"2348","Louisiana Tech","fbs","Conference USA",2024,5082053,"Patrick Rea",1,1,11,1,5.08099805341568,5.08099805341568,5.08099805341568,26,26,26,1,0,0,NA,NA,NA,NA,NA,NA,NA,"G6"
"2348","Louisiana Tech","fbs","Conference USA",2024,5092781,"Jack Turner",8,3,11,2.66666666666667,0.136327023218148,0.0170408779022685,0.045442341072716,23,2.875,7.66666666666667,0.375,0,0,NA,NA,NA,NA,NA,NA,NA,"G6"
"2348","Louisiana Tech","fbs","Conference USA",2024,5092787,"Marlion Jackson",5,2,11,2.5,-3.56362962802902,-0.712725925605805,-1.78181481401451,13,2.6,6.5,0.2,0,0,NA,NA,NA,NA,NA,NA,NA,"G6"
"2348","Louisiana Tech","fbs","Conference USA",2024,5150998,"Blake Baker",7,1,11,7,-1.38896046620747,-0.198422923743924,-1.38896046620747,4,0.571428571428571,4,0.285714285714286,1,0,NA,NA,NA,NA,NA,NA,NA,"G6"
"2348","Louisiana Tech","fbs","Conference USA",2024,5152221,"Donerio Davenport",20,3,11,6.66666666666667,1.97444724756946,0.0987223623784731,0.658149082523154,81,4.05,27,0.35,1,1,NA,NA,NA,NA,NA,NA,NA,"G6"
"2348","Louisiana Tech","fbs","Conference USA",2024,5193224,"Fred Robertson",28,6,11,4.66666666666667,-3.30378718063541,-0.117992399308407,-0.550631196772568,113,4.03571428571429,18.8333333333333,0.392857142857143,0,1,NA,NA,NA,NA,NA,NA,NA,"G6"
"2348","Louisiana Tech","fbs","Conference USA",2024,5220340,"Omiri Wiggins",92,11,11,8.36363636363636,-7.79963105255658,-0.0847785983973541,-0.709057368414235,463,5.03260869565217,42.0909090909091,0.423913043478261,4,1,198,195,205,109,175,132,196,"G6"
"2348","Louisiana Tech","fbs","Conference USA",2024,5220352,"Hunter Tipton",1,1,11,1,-1.64667338675076,-1.64667338675076,-1.64667338675076,0,0,0,0,0,0,NA,NA,NA,NA,NA,NA,NA,"G6"
"2348","Louisiana Tech","fbs","Conference USA",2024,5230762,"Amani Givens",56,6,11,9.33333333333333,-7.33881763059695,-0.131050314832088,-1.22313627176616,238,4.25,39.6666666666667,0.339285714285714,2,0,NA,NA,NA,NA,NA,NA,NA,"G6"
"235","Memphis","fbs","American Athletic",2024,4429284,"Demeer Blankumsee",2,2,11,1,-3.55410533910095,-1.77705266955047,-1.77705266955047,-4,-2,-2,0,0,0,NA,NA,NA,NA,NA,NA,NA,"G6"
"235","Memphis","fbs","American Athletic",2024,4431597,"Roc Taylor",1,1,11,1,-0.389308105221005,-0.389308105221005,-0.389308105221005,4,4,4,0,0,0,NA,NA,NA,NA,NA,NA,NA,"G6"
"235","Memphis","fbs","American Athletic",2024,4606194,"Seth Henigan",47,11,11,4.27272727272727,7.3574285698264,0.156541033400562,0.668857142711491,227,4.82978723404255,20.6363636363636,0.446808510638298,1,0,NA,NA,NA,NA,NA,NA,NA,"G6"
"235","Memphis","fbs","American Athletic",2024,4687493,"Brandon Thomas",54,9,11,6,7.03990745728773,0.130368656616439,0.782211939698636,332,6.14814814814815,36.8888888888889,0.481481481481481,8,1,NA,NA,NA,NA,NA,NA,NA,"G6"
"235","Memphis","fbs","American Athletic",2024,4691889,"Greg Desrosiers Jr.",25,5,11,5,2.8903065377196,0.115612261508784,0.578061307543919,174,6.96,34.8,0.4,1,0,NA,NA,NA,NA,NA,NA,NA,"G6"
"235","Memphis","fbs","American Athletic",2024,4899470,"Ja'Koby Banks",8,5,11,1.6,-1.70927466416334,-0.213659333020418,-0.341854932832669,29,3.625,5.8,0.125,0,0,NA,NA,NA,NA,NA,NA,NA,"G6"
"235","Memphis","fbs","American Athletic",2024,4917349,"Jamari Hawkins",4,4,11,1,1.46926525237559,0.367316313093898,0.367316313093898,31,7.75,7.75,0.75,0,0,NA,NA,NA,NA,NA,NA,NA,"G6"
"235","Memphis","fbs","American Athletic",2024,5147757,"Arrington Maiden",1,1,11,1,-0.831371720429293,-0.831371720429293,-0.831371720429293,-3,-3,-3,0,0,0,NA,NA,NA,NA,NA,NA,NA,"G6"
"235","Memphis","fbs","American Athletic",2024,5147864,"Makari Bodiford",12,4,11,3,7.8777808788627,0.656481739905225,1.96944521971567,106,8.83333333333333,26.5,0.583333333333333,1,0,NA,NA,NA,NA,NA,NA,NA,"G6"
"235","Memphis","fbs","American Athletic",2024,5152163,"Harris Boyd",1,1,11,1,2.63657157256211,2.63657157256211,2.63657157256211,4,4,4,1,1,0,NA,NA,NA,NA,NA,NA,NA,"G6"
"235","Memphis","fbs","American Athletic",2024,5154339,"Mario Anderson",205,11,11,18.6363636363636,33.0958259638054,0.161443053481977,3.00871145125503,1230,6,111.818181818182,0.44390243902439,15,0,23,23,54,88,13.5,56,11.5,"G6"
"238","Vanderbilt","fbs","SEC",2024,4431574,"Eli Stowers",6,5,11,1.2,-3.6257403923577,-0.60429006539295,-0.72514807847154,7,1.16666666666667,1.4,0.333333333333333,0,0,NA,NA,NA,NA,NA,NA,NA,"P4"
"238","Vanderbilt","fbs","SEC",2024,4683851,"Jesse Mirco",1,1,11,1,3.54028625742361,3.54028625742361,3.54028625742361,9,9,9,1,0,0,NA,NA,NA,NA,NA,NA,NA,"P4"
"238","Vanderbilt","fbs","SEC",2024,4868300,"Nate Johnson",9,6,11,1.5,-0.10366638660031,-0.0115184874000345,-0.0172777311000517,45,5,7.5,0.555555555555556,0,0,NA,NA,NA,NA,NA,NA,NA,"P4"
"238","Vanderbilt","fbs","SEC",2024,4877627,"Chase Gillespie",11,5,11,2.2,-1.17988812038836,-0.107262556398941,-0.235977624077671,41,3.72727272727273,8.2,0.272727272727273,0,0,NA,NA,NA,NA,NA,NA,NA,"P4"
"238","Vanderbilt","fbs","SEC",2024,4917981,"AJ Newberry",34,10,11,3.4,-4.144039111227,-0.121883503271382,-0.4144039111227,120,3.52941176470588,12,0.323529411764706,1,0,NA,NA,NA,NA,NA,NA,NA,"P4"
"238","Vanderbilt","fbs","SEC",2024,5030333,"Sedrick Alexander",134,11,11,12.1818181818182,-5.75477042477059,-0.0429460479460492,-0.523160947706417,504,3.76119402985075,45.8181818181818,0.388059701492537,5,1,185,183,182,166,161.5,232,174.5,"P4"
"238","Vanderbilt","fbs","SEC",2024,5078165,"Junior Sherrill",4,4,11,1,-1.45149114393382,-0.362872785983456,-0.362872785983456,0,0,0,0.5,0,2,NA,NA,NA,NA,NA,NA,NA,"P4"
"238","Vanderbilt","fbs","SEC",2024,5084178,"Jamoni Jones",4,3,11,1.33333333333333,-3.07633988665016,-0.76908497166254,-1.02544662888339,4,1,1.33333333333333,0,0,0,NA,NA,NA,NA,NA,NA,NA,"P4"
"238","Vanderbilt","fbs","SEC",2024,5084180,"Diego Pavia",141,11,11,12.8181818181818,9.6576457232628,0.0684939412997362,0.877967793023891,715,5.0709219858156,65,0.390070921985816,4,3,104,107,111,160,80,127,96,"P4"
"238","Vanderbilt","fbs","SEC",2024,5149910,"Tristen Brown",1,1,11,1,-0.699836612759155,-0.699836612759155,-0.699836612759155,1,1,1,0,0,0,NA,NA,NA,NA,NA,NA,NA,"P4"
"239","Baylor","fbs","Big 12",2024,4427191,"Dequan Finn",12,2,11,6,8.87426865886766,0.739522388238972,4.43713432943383,79,6.58333333333333,39.5,0.583333333333333,1,0,NA,NA,NA,NA,NA,NA,NA,"P4"
"239","Baylor","fbs","Big 12",2024,4430689,"Dominic Richardson",28,4,11,7,-5.31332979789983,-0.189761778496423,-1.32833244947496,107,3.82142857142857,26.75,0.392857142857143,0,0,NA,NA,NA,NA,NA,NA,NA,"P4"
"239","Baylor","fbs","Big 12",2024,4432759,"Sawyer Robertson",42,10,11,4.2,19.0285125141534,0.453059821765557,1.90285125141534,291,6.92857142857143,29.1,0.571428571428571,3,0,NA,NA,NA,NA,NA,NA,NA,"P4"
"239","Baylor","fbs","Big 12",2024,4613087,"Jamaal Bell",5,3,11,1.66666666666667,-2.8578520793251,-0.571570415865019,-0.952617359775032,27,5.4,9,0.2,0,0,NA,NA,NA,NA,NA,NA,NA,"P4"
"239","Baylor","fbs","Big 12",2024,4708127,"Monaray Baldwin",3,3,11,1,-1.80761246751106,-0.602537489170353,-0.602537489170353,3,1,1,0,0,0,NA,NA,NA,NA,NA,NA,NA,"P4"
"239","Baylor","fbs","Big 12",2024,4837335,"Richard Reese",38,9,11,4.22222222222222,-14.4086866712655,-0.379175965033303,-1.60096518569617,155,4.07894736842105,17.2222222222222,0.210526315789474,1,0,NA,NA,NA,NA,NA,NA,NA,"P4"
"239","Baylor","fbs","Big 12",2024,4879677,"Ashtyn Hawkins",3,1,11,3,-2.48083787056105,-0.826945956853683,-2.48083787056105,4,1.33333333333333,4,0,0,0,NA,NA,NA,NA,NA,NA,NA,"P4"
"239","Baylor","fbs","Big 12",2024,4921517,"Dawson Pendergrass",82,10,11,8.2,11.7394929730748,0.143164548452132,1.17394929730748,546,6.65853658536585,54.6,0.524390243902439,3,1,91,90,64,24,143,23,132,"P4"
"239","Baylor","fbs","Big 12",2024,4954455,"Bryson Washington",169,10,11,16.9,22.3256123916221,0.132104215335042,2.23256123916221,974,5.76331360946746,97.4,0.473372781065089,12,0,46,43,71,54,32,69,25,"P4"
"239","Baylor","fbs","Big 12",2024,5222190,"Joseph Hagman",2,1,11,2,-3.16500531776585,-1.58250265888293,-3.16500531776585,11,5.5,11,0,0,1,NA,NA,NA,NA,NA,NA,NA,"P4"
"2390","Miami","fbs","ACC",2024,4567784,"Jacolby George",2,2,11,1,-0.794226415533991,-0.397113207766995,-0.397113207766995,-8,-4,-4,0.5,0,0,NA,NA,NA,NA,NA,NA,NA,"P4"
"2390","Miami","fbs","ACC",2024,4688380,"Cam Ward",31,10,11,3.1,35.6117504274869,1.14876614282216,3.56117504274869,297,9.58064516129032,29.7,0.806451612903226,3,0,NA,NA,NA,NA,NA,NA,NA,"P4"
"2390","Miami","fbs","ACC",2024,4808830,"Damien Martinez",133,11,11,12.0909090909091,19.7894698209907,0.148793006172863,1.79904271099916,727,5.46616541353383,66.0909090909091,0.481203007518797,8,0,52,62,60,45,75.5,89,91,"P4"
"2390","Miami","fbs","ACC",2024,4870736,"Mark Fletcher Jr.",94,11,11,8.54545454545454,18.8835820615032,0.200889170867055,1.71668927831847,500,5.31914893617021,45.4545454545455,0.521276595744681,7,0,58,67,43,27,164,99,178,"P4"
"2390","Miami","fbs","ACC",2024,4878394,"Ajay Allen",18,5,11,3.6,2.94139981980849,0.163411101100472,0.588279963961699,156,8.66666666666667,31.2,0.388888888888889,2,0,NA,NA,NA,NA,NA,NA,NA,"P4"
"2390","Miami","fbs","ACC",2024,5079503,"Elija Lofton",1,1,11,1,0.595904178366793,0.595904178366793,0.595904178366793,2,2,2,1,1,0,NA,NA,NA,NA,NA,NA,NA,"P4"
"2390","Miami","fbs","ACC",2024,5079591,"Jordan Lyle",39,9,11,4.33333333333333,8.01938616205885,0.205625286206637,0.891042906895428,326,8.35897435897436,36.2222222222222,0.384615384615385,3,0,NA,NA,NA,NA,NA,NA,NA,"P4"
"2390","Miami","fbs","ACC",2024,5159948,"Chris Johnson Jr.",5,2,11,2.5,-1.80488972792699,-0.360977945585399,-0.902444863963497,36,7.2,18,0.4,0,0,NA,NA,NA,NA,NA,NA,NA,"P4"
"2393","Middle Tennessee","fbs","Conference USA",2024,4605869,"Terry Wilkins",48,10,11,4.8,-12.5874535564042,-0.262238615758421,-1.25874535564042,192,4,19.2,0.354166666666667,1,2,NA,NA,NA,NA,NA,NA,NA,"G6"
"2393","Middle Tennessee","fbs","Conference USA",2024,4682518,"Nicholas Vattiato",54,11,11,4.90909090909091,-0.517142806102584,-0.00957671863152933,-0.0470129823729621,226,4.18518518518519,20.5454545454545,0.425925925925926,1,2,NA,NA,NA,NA,NA,NA,NA,"G6"
"2393","Middle Tennessee","fbs","Conference USA",2024,4701951,"Omari Kelly",3,2,11,1.5,-1.60717388244532,-0.535724627481775,-0.803586941222662,0,0,0,0.333333333333333,0,0,NA,NA,NA,NA,NA,NA,NA,"G6"
"2393","Middle Tennessee","fbs","Conference USA",2024,4837462,"Jaiden Credle",96,11,11,8.72727272727273,-12.6567320630651,-0.131840958990262,-1.15061200573319,445,4.63541666666667,40.4545454545455,0.354166666666667,3,0,219,218,220,208,179,171,198,"G6"
"2393","Middle Tennessee","fbs","Conference USA",2024,5091830,"Cam'ron Lacy",1,1,11,1,-0.474540763319122,-0.474540763319122,-0.474540763319122,1,1,1,0,0,0,NA,NA,NA,NA,NA,NA,NA,"G6"
"2393","Middle Tennessee","fbs","Conference USA",2024,5121721,"Jekail Middlebrook",52,8,11,6.5,2.25585606192803,0.0433818473447699,0.281982007741004,254,4.88461538461539,31.75,0.480769230769231,2,0,NA,NA,NA,NA,NA,NA,NA,"G6"
"2393","Middle Tennessee","fbs","Conference USA",2024,5162619,"Jayce Gardner",1,1,11,1,1.08357985980373,1.08357985980373,1.08357985980373,8,8,8,1,0,0,NA,NA,NA,NA,NA,NA,NA,"G6"
"2393","Middle Tennessee","fbs","Conference USA",2024,5164887,"Xavier Williams",4,2,11,2,1.13684079091376,0.284210197728441,0.568420395456882,8,2,4,0.25,0,0,NA,NA,NA,NA,NA,NA,NA,"G6"
"2393","Middle Tennessee","fbs","Conference USA",2024,5194626,"Roman Gagliano",1,1,11,1,0.460524058642041,0.460524058642041,0.460524058642041,9,9,9,1,0,0,NA,NA,NA,NA,NA,NA,NA,"G6"
"24","Stanford","fbs","ACC",2024,4429173,"Bryce Farrell",2,2,11,1,-0.807675586870127,-0.403837793435064,-0.403837793435064,5,2.5,2.5,0,0,0,NA,NA,NA,NA,NA,NA,NA,"P4"
"24","Stanford","fbs","ACC",2024,4684502,"Justin Lamson",51,11,11,4.63636363636364,11.7310596768683,0.230020777977809,1.06645997062439,146,2.86274509803922,13.2727272727273,0.568627450980392,7,2,NA,NA,NA,NA,NA,NA,NA,"P4"
"24","Stanford","fbs","ACC",2024,4838679,"Ashton Daniels",120,10,11,12,13.8554542360795,0.115462118633996,1.38554542360795,796,6.63333333333333,79.6,0.45,3,4,84,77,83,80,62.5,24,55,"P4"
"24","Stanford","fbs","ACC",2024,4870802,"Sedrick Irvin",13,4,11,3.25,2.88981166378306,0.222293204906389,0.722452915945765,67,5.15384615384615,16.75,0.384615384615385,0,0,NA,NA,NA,NA,NA,NA,NA,"P4"
"24","Stanford","fbs","ACC",2024,4918421,"Tiger Bachmeier",1,1,11,1,-0.929339399909531,-0.929339399909531,-0.929339399909531,-1,-1,-1,0,0,0,NA,NA,NA,NA,NA,NA,NA,"P4"
"24","Stanford","fbs","ACC",2024,5079318,"Elijah Brown",6,1,11,6,-2.22461641025316,-0.37076940170886,-2.22461641025316,17,2.83333333333333,17,0.166666666666667,0,0,NA,NA,NA,NA,NA,NA,NA,"P4"
"24","Stanford","fbs","ACC",2024,5079371,"Chris Davis Jr.",47,10,11,4.7,-2.84907661022532,-0.0606186512813899,-0.284907661022532,224,4.76595744680851,22.4,0.404255319148936,0,0,NA,NA,NA,NA,NA,NA,NA,"P4"
"24","Stanford","fbs","ACC",2024,5095218,"Ryan Butler",7,2,11,3.5,0.281606370078508,0.0402294814397869,0.140803185039254,44,6.28571428571429,22,0.571428571428571,0,0,NA,NA,NA,NA,NA,NA,NA,"P4"
"24","Stanford","fbs","ACC",2024,5107875,"Cole Tabb",27,3,11,9,-1.3599147741243,-0.0503672138564556,-0.453304924708101,144,5.33333333333333,48,0.333333333333333,0,0,NA,NA,NA,NA,NA,NA,NA,"P4"
"24","Stanford","fbs","ACC",2024,5120970,"Ismael Cisse",2,1,11,2,-2.21290641850413,-1.10645320925207,-2.21290641850413,-10,-5,-10,0,0,0,NA,NA,NA,NA,NA,NA,NA,"P4"
"24","Stanford","fbs","ACC",2024,5143191,"Micah Ford",72,8,11,9,-12.8920074308884,-0.179055658762339,-1.61150092886105,314,4.36111111111111,39.25,0.319444444444444,0,0,220,231,231,226,225,198,201,"P4"
"24","Stanford","fbs","ACC",2024,5156056,"Champ Hampton",2,1,11,2,0.303429787326509,0.151714893663255,0.303429787326509,9,4.5,9,0.5,0,0,NA,NA,NA,NA,NA,NA,NA,"P4"
"242","Rice","fbs","American Athletic",2024,4433909,"Matt Sykes",2,1,11,2,-0.995263134114834,-0.497631567057417,-0.995263134114834,4,2,4,0,0,0,NA,NA,NA,NA,NA,NA,NA,"G6"
"242","Rice","fbs","American Athletic",2024,4875899,"Christian Francisco",16,5,11,3.2,0.173943860659152,0.010871491291197,0.0347887721318304,77,4.8125,15.4,0.4375,0,0,NA,NA,NA,NA,NA,NA,NA,"G6"
"242","Rice","fbs","American Athletic",2024,4916436,"E.J. Warner",19,9,11,2.11111111111111,-6.79172300512099,-0.357459105532684,-0.754635889457888,82,4.31578947368421,9.11111111111111,0.421052631578947,1,1,NA,NA,NA,NA,NA,NA,NA,"G6"
"242","Rice","fbs","American Athletic",2024,5081632,"Thai Chiaokhiao-Bowman",1,1,11,1,-0.509426366175521,-0.509426366175521,-0.509426366175521,2,2,2,0,0,0,NA,NA,NA,NA,NA,NA,NA,"G6"
"242","Rice","fbs","American Athletic",2024,5082269,"Dean Connors",149,11,11,13.5454545454545,-11.8528805161416,-0.07954953366538,-1.07753459237651,663,4.4496644295302,60.2727272727273,0.355704697986577,6,3,217,215,200,207,95,193,115,"G6"
"242","Rice","fbs","American Athletic",2024,5082271,"Quinton Jackson",45,9,11,5,-5.47645708697009,-0.121699046377113,-0.608495231885566,243,5.4,27,0.355555555555556,1,0,NA,NA,NA,NA,NA,NA,NA,"G6"
"242","Rice","fbs","American Athletic",2024,5147756,"Taji Atkins",13,4,11,3.25,1.2857226547061,0.0989017426696998,0.321430663676524,75,5.76923076923077,18.75,0.307692307692308,0,0,NA,NA,NA,NA,NA,NA,NA,"G6"
"242","Rice","fbs","American Athletic",2024,5151274,"Drayden Dickmann",1,1,11,1,-0.166696562599689,-0.166696562599689,-0.166696562599689,4,4,4,0,0,0,NA,NA,NA,NA,NA,NA,NA,"G6"
"242","Rice","fbs","American Athletic",2024,5219898,"Drew Devillier",5,2,11,2.5,-1.73917289323836,-0.347834578647673,-0.869586446619182,23,4.6,11.5,0.4,0,1,NA,NA,NA,NA,NA,NA,NA,"G6"
"2426","Navy","fbs","American Athletic",2024,4880681,"Amin Hassan",12,6,10,2,-2.89335874626777,-0.241113228855647,-0.482226457711294,42,3.5,7,0.166666666666667,0,0,NA,NA,NA,NA,NA,NA,NA,"G6"
"2426","Navy","fbs","American Athletic",2024,4880697,"Daba Fofana",48,10,10,4.8,-7.87538593155298,-0.164070540240687,-0.787538593155298,177,3.6875,17.7,0.270833333333333,1,0,NA,NA,NA,NA,NA,NA,NA,"G6"
"2426","Navy","fbs","American Athletic",2024,5081502,"Nathan Kent",2,2,10,1,6.76186426195783,3.38093213097891,3.38093213097891,51,25.5,25.5,1,1,0,NA,NA,NA,NA,NA,NA,NA,"G6"
"2426","Navy","fbs","American Athletic",2024,5081504,"Blake Horvath",116,9,10,12.8888888888889,53.9229869326306,0.464853335626126,5.99144299251451,896,7.72413793103448,99.5555555555556,0.586206896551724,12,3,10,5,4,3,41.5,4,22,"G6"
"2426","Navy","fbs","American Athletic",2024,5081508,"Eli Heidenreich",53,10,10,5.3,15.9968765861221,0.301827860115512,1.59968765861221,399,7.52830188679245,39.9,0.547169811320755,3,0,NA,NA,NA,NA,NA,NA,NA,"G6"
"2426","Navy","fbs","American Athletic",2024,5081517,"Brandon Chatman",42,9,10,4.66666666666667,1.82074248642609,0.0433510115815735,0.20230472071401,211,5.02380952380952,23.4444444444444,0.428571428571429,3,1,NA,NA,NA,NA,NA,NA,NA,"G6"
"2426","Navy","fbs","American Athletic",2024,5081522,"Shane Reynolds",20,6,10,3.33333333333333,-9.87719875368845,-0.493859937684423,-1.64619979228141,65,3.25,10.8333333333333,0.25,0,0,NA,NA,NA,NA,NA,NA,NA,"G6"
"2426","Navy","fbs","American Athletic",2024,5081526,"Alex Tecza",88,10,10,8.8,-1.18472624260354,-0.0134627982114039,-0.118472624260354,449,5.10227272727273,44.9,0.386363636363636,6,2,167,168,168,170,178,123,180,"G6"
"2426","Navy","fbs","American Athletic",2024,5081542,"Landon Robinson",1,1,10,1,3.47944808906579,3.47944808906579,3.47944808906579,34,34,34,1,0,0,NA,NA,NA,NA,NA,NA,NA,"G6"
"2426","Navy","fbs","American Athletic",2024,5158343,"Braxton Woodson",39,6,10,6.5,-11.0536370773674,-0.283426591727369,-1.8422728462279,166,4.25641025641026,27.6666666666667,0.282051282051282,2,2,NA,NA,NA,NA,NA,NA,NA,"G6"
"2426","Navy","fbs","American Athletic",2024,5158374,"Isaiah Bryant",6,5,10,1.2,-0.37188282525291,-0.061980470875485,-0.0743765650505819,50,8.33333333333333,10,0.333333333333333,0,0,NA,NA,NA,NA,NA,NA,NA,"G6"
"2426","Navy","fbs","American Athletic",2024,5220473,"Jackson Gutierrez",4,1,10,4,1.22188564616186,0.305471411540465,1.22188564616186,18,4.5,18,0.5,0,0,NA,NA,NA,NA,NA,NA,NA,"G6"
"2429","Charlotte","fbs","American Athletic",2024,4684173,"O'Mega Blake",2,1,9,2,0.323685932958242,0.161842966479121,0.323685932958242,7,3.5,7,0.5,0,0,NA,NA,NA,NA,NA,NA,NA,"G6"
"2429","Charlotte","fbs","American Athletic",2024,4684281,"Jairus Mack",1,1,9,1,-0.145701429770663,-0.145701429770663,-0.145701429770663,4,4,4,0,0,0,NA,NA,NA,NA,NA,NA,NA,"G6"
"2429","Charlotte","fbs","American Athletic",2024,4685535,"CJ Stokes",5,1,9,5,3.8170626147523,0.763412522950459,3.8170626147523,25,5,25,0.6,1,0,NA,NA,NA,NA,NA,NA,NA,"G6"
"2429","Charlotte","fbs","American Athletic",2024,4689585,"Trexler Ivey",2,2,9,1,0.104229209640056,0.052114604820028,0.052114604820028,13,6.5,6.5,0.5,0,0,NA,NA,NA,NA,NA,NA,NA,"G6"
"2429","Charlotte","fbs","American Athletic",2024,4705930,"Hahsaun Wilson",62,9,9,6.88888888888889,-6.43687091264561,-0.103820498591058,-0.715207879182845,318,5.12903225806452,35.3333333333333,0.306451612903226,3,1,191,196,213,230,223,118,219,"G6"
"2429","Charlotte","fbs","American Athletic",2024,4875125,"Max Brown",22,4,9,5.5,-1.81424942277011,-0.0824658828531869,-0.453562355692528,124,5.63636363636364,31,0.409090909090909,0,1,NA,NA,NA,NA,NA,NA,NA,"G6"
"2429","Charlotte","fbs","American Athletic",2024,4879655,"Henry Rutledge",6,2,9,3,1.21506992832326,0.202511654720543,0.60753496416163,47,7.83333333333333,23.5,0.333333333333333,0,0,NA,NA,NA,NA,NA,NA,NA,"G6"
"2429","Charlotte","fbs","American Athletic",2024,4880964,"Terron Kellman",33,6,9,5.5,7.75615824443946,0.235035098316347,1.29269304073991,194,5.87878787878788,32.3333333333333,0.424242424242424,0,0,NA,NA,NA,NA,NA,NA,NA,"G6"
"2429","Charlotte","fbs","American Athletic",2024,4900146,"Cartevious Norton",108,9,9,12,-8.79427652890606,-0.0814284863787598,-0.977141836545118,404,3.74074074074074,44.8888888888889,0.407407407407407,5,1,202,208,201,129,204,233,181,"G6"
"2429","Charlotte","fbs","American Athletic",2024,5121998,"Lacota Dippre",1,1,9,1,-2.56532667288151,-2.56532667288151,-2.56532667288151,-8,-8,-8,0,0,1,NA,NA,NA,NA,NA,NA,NA,"G6"
"2429","Charlotte","fbs","American Athletic",2024,5138131,"Deshawn Purdie",9,4,9,2.25,1.24184737806683,0.137983042007426,0.310461844516708,53,5.88888888888889,13.25,0.333333333333333,0,0,NA,NA,NA,NA,NA,NA,NA,"G6"
"2429","Charlotte","fbs","American Athletic",2024,5151048,"Duane Thomas Jr.",2,1,9,2,1.26762514317563,0.633812571587816,1.26762514317563,18,9,18,1,0,0,NA,NA,NA,NA,NA,NA,NA,"G6"
"2429","Charlotte","fbs","American Athletic",2024,5228646,"Rod Gainey Jr.",4,1,9,4,-0.166325712636908,-0.0415814281592269,-0.166325712636908,6,1.5,6,0.25,0,0,NA,NA,NA,NA,NA,NA,NA,"G6"
"2433","UL Monroe","fbs","Sun Belt",2024,4432744,"Julian Nixon",1,1,11,1,1.13029349063665,1.13029349063665,1.13029349063665,1,1,1,1,0,0,NA,NA,NA,NA,NA,NA,NA,"G6"
"2433","UL Monroe","fbs","Sun Belt",2024,4575758,"Charlie Norman",3,1,11,3,-2.20016604830386,-0.733388682767955,-2.20016604830386,4,1.33333333333333,4,0,0,0,NA,NA,NA,NA,NA,NA,NA,"G6"
"2433","UL Monroe","fbs","Sun Belt",2024,4683912,"Hunter Herring",15,7,11,2.14285714285714,15.2712678655137,1.01808452436758,2.18160969507338,115,7.66666666666667,16.4285714285714,0.733333333333333,2,0,NA,NA,NA,NA,NA,NA,NA,"G6"
"2433","UL Monroe","fbs","Sun Belt",2024,4713196,"Davon Wells",4,4,11,1,-2.31424190514758,-0.578560476286896,-0.578560476286896,5,1.25,1.25,0.25,0,0,NA,NA,NA,NA,NA,NA,NA,"G6"
"2433","UL Monroe","fbs","Sun Belt",2024,4912281,"Taven Curry",28,6,11,4.66666666666667,-5.6470063352874,-0.201678797688836,-0.9411677225479,129,4.60714285714286,21.5,0.285714285714286,0,0,NA,NA,NA,NA,NA,NA,NA,"G6"
"2433","UL Monroe","fbs","Sun Belt",2024,5081925,"General Booty",1,1,11,1,-0.605870338473999,-0.605870338473999,-0.605870338473999,2,2,2,0,0,0,NA,NA,NA,NA,NA,NA,NA,"G6"
"2433","UL Monroe","fbs","Sun Belt",2024,5098806,"Bennett Galloway",9,5,11,1.8,-4.28134231613231,-0.475704701792479,-0.856268463226463,31,3.44444444444444,6.2,0.333333333333333,0,0,NA,NA,NA,NA,NA,NA,NA,"G6"
"2433","UL Monroe","fbs","Sun Belt",2024,5099141,"Chris Smith",1,1,11,1,-1.71668905495397,-1.71668905495397,-1.71668905495397,4,4,4,0,0,0,NA,NA,NA,NA,NA,NA,NA,"G6"
"2433","UL Monroe","fbs","Sun Belt",2024,5122054,"Aidan Armenta",28,10,11,2.8,4.42910738763724,0.15818240670133,0.442910738763724,184,6.57142857142857,18.4,0.357142857142857,1,0,NA,NA,NA,NA,NA,NA,NA,"G6"
"2433","UL Monroe","fbs","Sun Belt",2024,5163021,"Jake Godfrey",1,1,11,1,1.04233758606512,1.04233758606512,1.04233758606512,22,22,22,1,0,0,NA,NA,NA,NA,NA,NA,NA,"G6"
"2433","UL Monroe","fbs","Sun Belt",2024,5197065,"Ahmad Hardy",217,11,11,19.7272727272727,18.9677635626223,0.0874090486756786,1.72434214205657,1247,5.74654377880184,113.363636363636,0.382488479262673,12,3,56,65,95,177,12,71,10,"G6"
"2433","UL Monroe","fbs","Sun Belt",2024,5220253,"James Jones",69,9,11,7.66666666666667,-9.51114945110842,-0.137842745668238,-1.05679438345649,286,4.14492753623188,31.7777777777778,0.36231884057971,0,0,206,213,222,198.5,237.5,212,225,"G6"
"2433","UL Monroe","fbs","Sun Belt",2024,5220254,"Ozarrio Smith",4,1,11,4,-1.9876467832441,-0.496911695811025,-1.9876467832441,5,1.25,5,0,0,0,NA,NA,NA,NA,NA,NA,NA,"G6"
"2439","UNLV","fbs","Mountain West",2024,4427135,"Jett Elad",2,1,12,2,-3.6798838384536,-1.8399419192268,-3.6798838384536,-1,-0.5,-1,0,0,0,NA,NA,NA,NA,NA,NA,NA,"G6"
"2439","UNLV","fbs","Mountain West",2024,4431281,"Christian Moore",1,1,12,1,-0.282364477356147,-0.282364477356147,-0.282364477356147,3,3,3,0,0,0,NA,NA,NA,NA,NA,NA,NA,"G6"
"2439","UNLV","fbs","Mountain West",2024,4571364,"Hajj-Malik Williams",113,10,12,11.3,54.5777131015419,0.48298861151807,5.45777131015419,894,7.91150442477876,89.4,0.566371681415929,9,3,9,7,2,8,43,1,33,"G6"
"2439","UNLV","fbs","Mountain West",2024,4603190,"Casey Cain",1,1,12,1,0.545178483409394,0.545178483409394,0.545178483409394,7,7,7,1,0,0,NA,NA,NA,NA,NA,NA,NA,"G6"
"2439","UNLV","fbs","Mountain West",2024,4683111,"Jaden Bradley",1,1,12,1,0.240890184683002,0.240890184683002,0.240890184683002,6,6,6,1,0,0,NA,NA,NA,NA,NA,NA,NA,"G6"
"2439","UNLV","fbs","Mountain West",2024,4683451,"Cameron Friel",5,3,12,1.66666666666667,-15.9962643745173,-3.19925287490346,-5.3320881248391,22,4.4,7.33333333333333,0.6,1,2,NA,NA,NA,NA,NA,NA,NA,"G6"
"2439","UNLV","fbs","Mountain West",2024,4685237,"Michael Allen",11,2,12,5.5,-1.28463506985502,-0.116785006350456,-0.64231753492751,68,6.18181818181818,34,0.181818181818182,0,0,NA,NA,NA,NA,NA,NA,NA,"G6"
"2439","UNLV","fbs","Mountain West",2024,4695904,"Matthew Sluka",26,2,12,13,13.6610898793384,0.525426533820707,6.83054493966919,201,7.73076923076923,100.5,0.576923076923077,0,1,NA,NA,NA,NA,NA,NA,NA,"G6"
"2439","UNLV","fbs","Mountain West",2024,4696273,"Timothy Conerly",1,1,12,1,1.02684109435689,1.02684109435689,1.02684109435689,7,7,7,1,0,0,NA,NA,NA,NA,NA,NA,NA,"G6"
"2439","UNLV","fbs","Mountain West",2024,4877647,"Kylin James",73,12,12,6.08333333333333,9.16304853531664,0.125521212812557,0.763587377943053,543,7.43835616438356,45.25,0.383561643835616,4,1,NA,NA,NA,NA,NA,NA,NA,"G6"
"2439","UNLV","fbs","Mountain West",2024,5125754,"Jai'Den Thomas",141,12,12,11.75,18.5211625879759,0.13135576303529,1.54343021566466,823,5.83687943262411,68.5833333333333,0.468085106382979,6,0,59,71,72,60,54,65,81,"G6"
"2439","UNLV","fbs","Mountain West",2024,5125768,"DeAngelo Irvin Jr.",6,5,12,1.2,-1.38303765234618,-0.230506275391029,-0.276607530469235,30,5,6,0.166666666666667,0,0,NA,NA,NA,NA,NA,NA,NA,"G6"
"2439","UNLV","fbs","Mountain West",2024,5147380,"Devin Green",22,8,12,2.75,-7.82779494606838,-0.355808861184926,-0.978474368258547,61,2.77272727272727,7.625,0.181818181818182,0,0,NA,NA,NA,NA,NA,NA,NA,"G6"
"2439","UNLV","fbs","Mountain West",2024,5149908,"Greg Burrell",54,9,12,6,-1.65442211685417,-0.0306374466084105,-0.183824679650463,263,4.87037037037037,29.2222222222222,0.351851851851852,2,0,NA,NA,NA,NA,NA,NA,NA,"G6"
"2439","UNLV","fbs","Mountain West",2024,5155179,"Jacob De Jesus",11,5,12,2.2,2.76374011793327,0.251249101630297,0.552748023586653,82,7.45454545454545,16.4,0.363636363636364,0,0,NA,NA,NA,NA,NA,NA,NA,"G6"
"2440","Nevada","fbs","Mountain West",2024,4426428,"Sean Dollars",45,7,12,6.42857142857143,-10.8562437180591,-0.241249860401312,-1.55089195972272,151,3.35555555555556,21.5714285714286,0.333333333333333,0,2,NA,NA,NA,NA,NA,NA,NA,"G6"
"2440","Nevada","fbs","Mountain West",2024,4429149,"Brendon Lewis",122,11,12,11.0909090909091,43.9012888435546,0.359846629865201,3.99102625850496,896,7.34426229508197,81.4545454545455,0.60655737704918,8,0,13,14,9,2,41.5,7,48,"G6"
"2440","Nevada","fbs","Mountain West",2024,4429652,"Patrick Garwo III",45,8,12,5.625,3.355601338015,0.0745689186225555,0.419450167251875,183,4.06666666666667,22.875,0.466666666666667,2,0,NA,NA,NA,NA,NA,NA,NA,"G6"
"2440","Nevada","fbs","Mountain West",2024,4430821,"Kitan Crawford",1,1,12,1,-1.10600016974198,-1.10600016974198,-1.10600016974198,-4,-4,-4,0,0,1,NA,NA,NA,NA,NA,NA,NA,"G6"
"2440","Nevada","fbs","Mountain West",2024,4430836,"Chubba Purdy",11,4,12,2.75,0.0523839996455433,0.00476218178595848,0.0130959999113858,73,6.63636363636364,18.25,0.454545454545455,0,0,NA,NA,NA,NA,NA,NA,NA,"G6"
"2440","Nevada","fbs","Mountain West",2024,4571194,"Marcus Bellon",9,5,12,1.8,-1.98055145131355,-0.220061272368173,-0.396110290262711,38,4.22222222222222,7.6,0.333333333333333,0,0,NA,NA,NA,NA,NA,NA,NA,"G6"
"2440","Nevada","fbs","Mountain West",2024,4685167,"Matthew Killam",1,1,12,1,-1.81925227921612,-1.81925227921612,-1.81925227921612,1,1,1,0,0,0,NA,NA,NA,NA,NA,NA,NA,"G6"
"2440","Nevada","fbs","Mountain West",2024,4687009,"Deston Hawkins",6,1,12,6,-0.60933377252864,-0.101555628754773,-0.60933377252864,32,5.33333333333333,32,0.166666666666667,0,0,NA,NA,NA,NA,NA,NA,NA,"G6"
"2440","Nevada","fbs","Mountain West",2024,4690811,"Savion Red",102,11,12,9.27272727272727,12.7012014628749,0.124521582969361,1.15465467844317,540,5.29411764705882,49.0909090909091,0.450980392156863,6,1,87,92,75,79,145,102,155,"G6"
"2440","Nevada","fbs","Mountain West",2024,4819250,"AJ Bianco",4,1,12,4,1.22066664719739,0.305166661799348,1.22066664719739,17,4.25,17,0.25,0,0,NA,NA,NA,NA,NA,NA,NA,"G6"
"2440","Nevada","fbs","Mountain West",2024,4833591,"Ky Woods",6,5,12,1.2,-0.741090189538744,-0.123515031589791,-0.148218037907749,19,3.16666666666667,3.8,0.666666666666667,0,0,NA,NA,NA,NA,NA,NA,NA,"G6"
"2440","Nevada","fbs","Mountain West",2024,4869120,"Ashton Hayes",2,1,12,2,1.67660043294166,0.838300216470831,1.67660043294166,13,6.5,13,1,0,0,NA,NA,NA,NA,NA,NA,NA,"G6"
"2440","Nevada","fbs","Mountain West",2024,5081997,"Cortez Braham Jr.",1,1,12,1,-0.74037874292664,-0.74037874292664,-0.74037874292664,1,1,1,0,0,0,NA,NA,NA,NA,NA,NA,NA,"G6"
"2440","Nevada","fbs","Mountain West",2024,5156860,"Caleb Ramseur",23,6,12,3.83333333333333,-8.9657923125799,-0.389817057068691,-1.49429871876332,53,2.30434782608696,8.83333333333333,0.217391304347826,0,1,NA,NA,NA,NA,NA,NA,NA,"G6"
"2440","Nevada","fbs","Mountain West",2024,5193656,"Guy Gillespie",2,1,12,2,-6.0317015747935,-3.01585078739675,-6.0317015747935,-22,-11,-22,0,0,0,NA,NA,NA,NA,NA,NA,NA,"G6"
"245","Texas A&M","fbs","SEC",2024,4430825,"EJ Smith",48,10,11,4.8,-15.6317642494939,-0.32566175519779,-1.56317642494939,170,3.54166666666667,17,0.270833333333333,0,0,NA,NA,NA,NA,NA,NA,NA,"P4"
"245","Texas A&M","fbs","SEC",2024,4608793,"Jabre Barber",7,6,11,1.16666666666667,-2.23574472729123,-0.319392103898747,-0.372624121215205,18,2.57142857142857,3,0.285714285714286,0,0,NA,NA,NA,NA,NA,NA,NA,"P4"
"245","Texas A&M","fbs","SEC",2024,4685470,"Le'Veon Moss",112,8,11,14,15.9866865339116,0.14273827262421,1.99833581673895,658,5.875,82.25,0.383928571428571,8,0,74,52,66,175,96,59,43,"P4"
"245","Texas A&M","fbs","SEC",2024,4685574,"Conner Weigman",16,5,11,3.2,6.62222040898016,0.41388877556126,1.32444408179603,102,6.375,20.4,0.6875,0,0,NA,NA,NA,NA,NA,NA,NA,"P4"
"245","Texas A&M","fbs","SEC",2024,4718457,"Noah Thomas",4,3,11,1.33333333333333,-0.207949838216421,-0.0519874595541053,-0.0693166127388071,18,4.5,6,0.5,0,0,NA,NA,NA,NA,NA,NA,NA,"P4"
"245","Texas A&M","fbs","SEC",2024,4870934,"Rueben Owens",3,1,11,3,-0.25339197125449,-0.0844639904181633,-0.25339197125449,10,3.33333333333333,10,0.333333333333333,0,0,NA,NA,NA,NA,NA,NA,NA,"P4"
"245","Texas A&M","fbs","SEC",2024,4870971,"Marcel Reed",84,9,11,9.33333333333333,17.9344314448134,0.213505136247779,1.99271460497927,547,6.51190476190476,60.7777777777778,0.547619047619048,5,3,65,53,35,13,142,32,114,"P4"
"245","Texas A&M","fbs","SEC",2024,4879611,"Amari Daniels",122,11,11,11.0909090909091,0.427661794388995,0.00350542454417209,0.0388783449444541,575,4.71311475409836,52.2727272727273,0.377049180327869,6,0,157,157,158,182,130.5,164,143.5,"P4"
"245","Texas A&M","fbs","SEC",2024,5079326,"Terry Bussey",12,7,11,1.71428571428571,-2.36217128102629,-0.196847606752191,-0.337453040146613,37,3.08333333333333,5.28571428571429,0.25,1,0,NA,NA,NA,NA,NA,NA,NA,"P4"
"245","Texas A&M","fbs","SEC",2024,5160110,"Jahdae Walker",3,3,11,1,0.403124622602359,0.134374874200786,0.134374874200786,12,4,4,0.666666666666667,0,0,NA,NA,NA,NA,NA,NA,NA,"P4"
"2459","Northern Illinois","fbs","Mid-American",2024,4431035,"Gavin Williams",122,11,11,11.0909090909091,10.0593140789944,0.0824533940901182,0.914483098090402,759,6.22131147540984,69,0.401639344262295,4,1,102,105,97,141,68,45,77,"G6"
"2459","Northern Illinois","fbs","Mid-American",2024,4433906,"Trayvon Rudolph",12,6,11,2,7.7070707348689,0.642255894572408,1.28451178914482,118,9.83333333333333,19.6666666666667,0.666666666666667,1,0,NA,NA,NA,NA,NA,NA,NA,"G6"
"2459","Northern Illinois","fbs","Mid-American",2024,4618083,"Ethan Hampton",34,10,11,3.4,17.3963601092129,0.511657650270969,1.73963601092129,190,5.58823529411765,19,0.558823529411765,2,1,NA,NA,NA,NA,NA,NA,NA,"G6"
"2459","Northern Illinois","fbs","Mid-American",2024,4683282,"Justin Lynch",11,3,11,3.66666666666667,-2.81155557216348,-0.255595961105771,-0.937185190721159,40,3.63636363636364,13.3333333333333,0.181818181818182,0,0,NA,NA,NA,NA,NA,NA,NA,"G6"
"2459","Northern Illinois","fbs","Mid-American",2024,4687413,"Antario Brown",104,7,11,14.8571428571429,-8.7392289011561,-0.084031047126501,-1.24846127159373,559,5.375,79.8571428571429,0.298076923076923,4,2,201,220,204,237,137,97,54,"G6"
"2459","Northern Illinois","fbs","Mid-American",2024,4875767,"Brock Lampe",7,3,11,2.33333333333333,-0.40805098348135,-0.0582929976401929,-0.136016994493783,12,1.71428571428571,4,0.714285714285714,1,0,NA,NA,NA,NA,NA,NA,NA,"G6"
"2459","Northern Illinois","fbs","Mid-American",2024,4875775,"Kanon Woodill",1,1,11,1,-1.74266390431581,-1.74266390431581,-1.74266390431581,0,0,0,0,0,0,NA,NA,NA,NA,NA,NA,NA,"G6"
"2459","Northern Illinois","fbs","Mid-American",2024,5122043,"Jaylen Poe",21,3,11,7,2.58870011784601,0.123271434183144,0.862900039282005,114,5.42857142857143,38,0.523809523809524,2,0,NA,NA,NA,NA,NA,NA,NA,"G6"
"2459","Northern Illinois","fbs","Mid-American",2024,5151498,"Grayson Barnes",3,3,11,1,-6.52005467844891,-2.17335155948297,-2.17335155948297,19,6.33333333333333,6.33333333333333,0.333333333333333,0,2,NA,NA,NA,NA,NA,NA,NA,"G6"
"2459","Northern Illinois","fbs","Mid-American",2024,5151506,"Josh Holst",30,5,11,6,5.38835145655326,0.179611715218442,1.07767029131065,205,6.83333333333333,41,0.433333333333333,1,1,NA,NA,NA,NA,NA,NA,NA,"G6"
"2459","Northern Illinois","fbs","Mid-American",2024,5193277,"George Dimopoulos",2,2,11,1,0.178306785432934,0.0891533927164669,0.0891533927164669,19,9.5,9.5,0.5,0,0,NA,NA,NA,NA,NA,NA,NA,"G6"
"2459","Northern Illinois","fbs","Mid-American",2024,5193302,"Telly Johnson Jr.",85,5,11,17,3.27104960221818,0.0384829364966845,0.654209920443636,432,5.08235294117647,86.4,0.470588235294118,4,2,143,121,136,56.5,186.5,125.5,37,"G6"
"2459","Northern Illinois","fbs","Mid-American",2024,5194702,"Ahmir Smith",3,1,11,3,-1.53552739996595,-0.511842466655318,-1.53552739996595,6,2,6,0,0,0,NA,NA,NA,NA,NA,NA,NA,"G6"
"248","Houston","fbs","Big 12",2024,4432551,"Stacy Sneed",59,10,12,5.9,-0.540383585460388,-0.00915904382136251,-0.0540383585460388,319,5.40677966101695,31.9,0.355932203389831,1,1,NA,NA,NA,NA,NA,NA,NA,"P4"
"248","Houston","fbs","Big 12",2024,4683227,"Joseph Manjack IV",1,1,12,1,-1.05292624045692,-1.05292624045692,-1.05292624045692,-2,-2,-2,0,0,0,NA,NA,NA,NA,NA,NA,NA,"P4"
"248","Houston","fbs","Big 12",2024,4683412,"Marquis Shoulders",1,1,12,1,0.075671470442693,0.075671470442693,0.075671470442693,5,5,5,1,0,0,NA,NA,NA,NA,NA,NA,NA,"P4"
"248","Houston","fbs","Big 12",2024,4690977,"Donovan Smith",51,9,12,5.66666666666667,4.12486093019019,0.0808796260821606,0.458317881132243,258,5.05882352941176,28.6666666666667,0.450980392156863,3,2,NA,NA,NA,NA,NA,NA,NA,"P4"
"248","Houston","fbs","Big 12",2024,4702830,"Stephon Johnson",3,2,12,1.5,3.61694355722693,1.20564785240898,1.80847177861347,19,6.33333333333333,9.5,1,0,0,NA,NA,NA,NA,NA,NA,NA,"P4"
"248","Houston","fbs","Big 12",2024,4870518,"Zeon Chriss",95,10,12,9.5,-2.04059439635139,-0.0214799410142251,-0.204059439635139,481,5.06315789473684,48.1,0.305263157894737,4,3,172,172,173,233,171,129,162,"P4"
"248","Houston","fbs","Big 12",2024,4881836,"Mekhi Mews",4,4,12,1,-0.525718412400809,-0.131429603100202,-0.131429603100202,19,4.75,4.75,0.25,0,0,NA,NA,NA,NA,NA,NA,NA,"P4"
"248","Houston","fbs","Big 12",2024,4912361,"Devan Williams",1,1,12,1,-1.57424914721744,-1.57424914721744,-1.57424914721744,-5,-5,-5,0,0,0,NA,NA,NA,NA,NA,NA,NA,"P4"
"248","Houston","fbs","Big 12",2024,4923290,"Parker Jenkins",17,5,12,3.4,-10.375659564477,-0.61033291555747,-2.0751319128954,34,2,6.8,0.117647058823529,0,0,NA,NA,NA,NA,NA,NA,NA,"P4"
"248","Houston","fbs","Big 12",2024,5078223,"Re'Shaun Sanford II",91,12,12,7.58333333333333,-11.1449068616486,-0.122471503974161,-0.928742238470719,419,4.6043956043956,34.9166666666667,0.362637362637363,1,0,214,203,218,197,194,175,220,"P4"
"248","Houston","fbs","Big 12",2024,5079360,"J'Marion Burnette",42,8,12,5.25,-13.5334285496672,-0.32222448927779,-1.6916785687084,182,4.33333333333333,22.75,0.357142857142857,0,2,NA,NA,NA,NA,NA,NA,NA,"P4"
"248","Houston","fbs","Big 12",2024,5149563,"DJ Butler",16,7,12,2.28571428571429,-1.47286126611776,-0.0920538291323598,-0.210408752302537,102,6.375,14.5714285714286,0.3125,0,0,NA,NA,NA,NA,NA,NA,NA,"P4"
"248","Houston","fbs","Big 12",2024,5150645,"Ui Ale",2,2,12,1,-1.30702437212302,-0.653512186061508,-0.653512186061508,4,2,2,0,0,0,NA,NA,NA,NA,NA,NA,NA,"P4"
"248","Houston","fbs","Big 12",2024,5150648,"Sherman Smith",1,1,12,1,-0.345496672718,-0.345496672718,-0.345496672718,0,0,0,0,0,0,NA,NA,NA,NA,NA,NA,NA,"P4"
"2483","Oregon","fbs","Big Ten",2024,4427238,"Dillon Gabriel",50,12,12,4.16666666666667,6.72431150465823,0.134486230093165,0.560359292054852,309,6.18,25.75,0.44,7,3,NA,NA,NA,NA,NA,NA,NA,"P4"
"2483","Oregon","fbs","Big Ten",2024,4428996,"Jordan Burch",1,1,12,1,5.13508916566519,5.13508916566519,5.13508916566519,36,36,36,1,0,0,NA,NA,NA,NA,NA,NA,NA,"P4"
"2483","Oregon","fbs","Big Ten",2024,4429172,"Traeshon Holden",2,2,12,1,0.452142370737573,0.226071185368786,0.226071185368786,22,11,11,0.5,0,0,NA,NA,NA,NA,NA,NA,NA,"P4"
"2483","Oregon","fbs","Big Ten",2024,4432631,"Noah Whittington",97,12,12,8.08333333333333,11.718028110613,0.120804413511474,0.976502342551084,512,5.27835051546392,42.6666666666667,0.402061855670103,5,0,92,102,77,140,157,103,191,"P4"
"2483","Oregon","fbs","Big Ten",2024,4685397,"Jordan James",209,12,12,17.4166666666667,57.1348824514892,0.273372643308561,4.76124020429077,1174,5.61722488038277,97.8333333333333,0.564593301435407,14,0,7,9,21,9,16,83,24,"P4"
"2483","Oregon","fbs","Big Ten",2024,4870868,"Jayden Limar",23,7,12,3.28571428571429,-5.9685088810082,-0.259500386130791,-0.852644125858315,87,3.78260869565217,12.4285714285714,0.304347826086957,0,0,NA,NA,NA,NA,NA,NA,NA,"P4"
"2483","Oregon","fbs","Big Ten",2024,4870921,"Dante Moore",1,1,12,1,-0.244288466242354,-0.244288466242354,-0.244288466242354,6,6,6,0,0,0,NA,NA,NA,NA,NA,NA,NA,"P4"
"2483","Oregon","fbs","Big Ten",2024,5083315,"Kenyon Sadiq",3,3,12,1,0.980396901764188,0.32679896725473,0.32679896725473,19,6.33333333333333,6.33333333333333,0.666666666666667,0,0,NA,NA,NA,NA,NA,NA,NA,"P4"
"2483","Oregon","fbs","Big Ten",2024,5088579,"Ross James",1,1,12,1,-4.24564844687371,-4.24564844687371,-4.24564844687371,3,3,3,0,0,0,NA,NA,NA,NA,NA,NA,NA,"P4"
"2483","Oregon","fbs","Big Ten",2024,5146711,"Da'Jaun Riggs",10,2,12,5,2.38548691968593,0.238548691968593,1.19274345984296,77,7.7,38.5,0.6,1,0,NA,NA,NA,NA,NA,NA,NA,"P4"
"2483","Oregon","fbs","Big Ten",2024,5193496,"Jay Harris",9,2,12,4.5,1.04821286524726,0.116468096138584,0.52410643262363,35,3.88888888888889,17.5,0.555555555555556,1,0,NA,NA,NA,NA,NA,NA,NA,"P4"
"249","North Texas","fbs","American Athletic",2024,4428272,"Juwaun Price",7,1,11,7,-0.184964172932395,-0.0264234532760564,-0.184964172932395,21,3,21,0.285714285714286,0,0,NA,NA,NA,NA,NA,NA,NA,"G6"
"249","North Texas","fbs","American Athletic",2024,4430666,"Ikaika Ragsdale",14,1,11,14,-2.720028546206,-0.194287753300428,-2.720028546206,45,3.21428571428571,45,0.285714285714286,1,0,NA,NA,NA,NA,NA,NA,NA,"G6"
"249","North Texas","fbs","American Athletic",2024,4569281,"Nick Rempert",1,1,11,1,0.743805528240875,0.743805528240875,0.743805528240875,23,23,23,1,0,0,NA,NA,NA,NA,NA,NA,NA,"G6"
"249","North Texas","fbs","American Athletic",2024,4692530,"Chandler Morris",46,10,11,4.6,9.54178533488304,0.207430115975718,0.954178533488304,299,6.5,29.9,0.434782608695652,4,0,NA,NA,NA,NA,NA,NA,NA,"G6"
"249","North Texas","fbs","American Athletic",2024,4702901,"Zach Evans",9,2,11,4.5,-2.16527955187985,-0.240586616875539,-1.08263977593993,58,6.44444444444444,29,0.111111111111111,0,0,NA,NA,NA,NA,NA,NA,NA,"G6"
"249","North Texas","fbs","American Athletic",2024,4874506,"Shane Porter",94,10,11,9.4,19.7281339023185,0.209873764918282,1.97281339023185,634,6.74468085106383,63.4,0.436170212765957,5,1,53,54,38,92,105,20,103,"G6"
"249","North Texas","fbs","American Athletic",2024,4879455,"Damashja Harris",13,2,11,6.5,-3.32227904303462,-0.255559926387278,-1.66113952151731,51,3.92307692307692,25.5,0.230769230769231,0,0,NA,NA,NA,NA,NA,NA,NA,"G6"
"249","North Texas","fbs","American Athletic",2024,5146726,"Kiefer Sibley",42,7,11,6,-9.38254334566401,-0.223393889182476,-1.34036333509486,188,4.47619047619048,26.8571428571429,0.30952380952381,0,0,NA,NA,NA,NA,NA,NA,NA,"G6"
"249","North Texas","fbs","American Athletic",2024,5148787,"Wyatt Young",2,2,11,1,-0.695345890741061,-0.347672945370531,-0.347672945370531,-3,-1.5,-1.5,0.5,1,0,NA,NA,NA,NA,NA,NA,NA,"G6"
"249","North Texas","fbs","American Athletic",2024,5149007,"Miles Coleman",1,1,11,1,0.221066504954823,0.221066504954823,0.221066504954823,8,8,8,1,0,0,NA,NA,NA,NA,NA,NA,NA,"G6"
"249","North Texas","fbs","American Athletic",2024,5150786,"Makenzie McGill II",58,10,11,5.8,-11.4679770221242,-0.197723741760762,-1.14679770221242,354,6.10344827586207,35.4,0.362068965517241,7,1,NA,NA,NA,NA,NA,NA,NA,"G6"
"249","North Texas","fbs","American Athletic",2024,5153056,"DT Sheffield",4,3,11,1.33333333333333,6.64434417652549,1.66108604413137,2.21478139217516,86,21.5,28.6666666666667,0.5,1,0,NA,NA,NA,NA,NA,NA,NA,"G6"
"249","North Texas","fbs","American Athletic",2024,5194308,"Kyle Koch",1,1,11,1,1.48627390723287,1.48627390723287,1.48627390723287,9,9,9,1,0,0,NA,NA,NA,NA,NA,NA,NA,"G6"
"249","North Texas","fbs","American Athletic",2024,5219834,"Drew Mestemaker",4,2,11,2,4.68734302178791,1.17183575544698,2.34367151089395,35,8.75,17.5,1,0,0,NA,NA,NA,NA,NA,NA,NA,"G6"
"25","California","fbs","ACC",2024,4433968,"Byron Cardwell Jr.",17,4,11,4.25,-8.26507143953301,-0.486180672913707,-2.06626785988325,61,3.58823529411765,15.25,0.352941176470588,0,0,NA,NA,NA,NA,NA,NA,NA,"P4"
"25","California","fbs","ACC",2024,4570554,"Chandler Rogers",17,6,11,2.83333333333333,1.38865746449606,0.0816857332056508,0.231442910749344,87,5.11764705882353,14.5,0.411764705882353,1,0,NA,NA,NA,NA,NA,NA,NA,"P4"
"25","California","fbs","ACC",2024,4685489,"Jaydn Ott",89,8,11,11.125,-24.9355976789682,-0.280175254819867,-3.11694970987102,303,3.40449438202247,37.875,0.235955056179775,3,0,241,242,241,242,229,239,209,"P4"
"25","California","fbs","ACC",2024,4686788,"CJ Harris",5,1,11,5,1.50807586732599,0.301615173465198,1.50807586732599,31,6.2,31,0.6,0,0,NA,NA,NA,NA,NA,NA,NA,"P4"
"25","California","fbs","ACC",2024,4832806,"Jonathan Brady",5,4,11,1.25,-0.752761253866239,-0.150552250773248,-0.18819031346656,28,5.6,7,0.2,0,0,NA,NA,NA,NA,NA,NA,NA,"P4"
"25","California","fbs","ACC",2024,4837248,"Fernando Mendoza",45,10,11,4.5,21.8582741809915,0.485739426244256,2.18582741809915,303,6.73333333333333,30.3,0.533333333333333,2,0,NA,NA,NA,NA,NA,NA,NA,"P4"
"25","California","fbs","ACC",2024,4921306,"Mikey Matthews",6,5,11,1.2,0.581850621896818,0.0969751036494697,0.116370124379364,32,5.33333333333333,6.4,0.5,0,0,NA,NA,NA,NA,NA,NA,NA,"P4"
"25","California","fbs","ACC",2024,5078312,"Nyziah Hunter",1,1,11,1,-0.0875564507356312,-0.0875564507356312,-0.0875564507356312,6,6,6,0,0,0,NA,NA,NA,NA,NA,NA,NA,"P4"
"25","California","fbs","ACC",2024,5086392,"Jamaal Wiley",6,3,11,2,1.38994577015199,0.231657628358664,0.463315256717329,7,1.16666666666667,2.33333333333333,0.5,1,0,NA,NA,NA,NA,NA,NA,NA,"P4"
"25","California","fbs","ACC",2024,5108225,"Josiah Martin",3,2,11,1.5,-1.38505051547147,-0.461683505157157,-0.692525257735736,5,1.66666666666667,2.5,0.333333333333333,0,0,NA,NA,NA,NA,NA,NA,NA,"P4"
"25","California","fbs","ACC",2024,5114332,"Jaivian Thomas",85,10,11,8.5,6.29440178233193,0.0740517856744933,0.629440178233193,432,5.08235294117647,43.2,0.388235294117647,8,2,127,124,106,165,186.5,125.5,188,"P4"
"25","California","fbs","ACC",2024,5151965,"Kadarius Calloway",24,5,11,4.8,-6.08536282443804,-0.253556784351585,-1.21707256488761,33,1.375,6.6,0.208333333333333,1,0,NA,NA,NA,NA,NA,NA,NA,"P4"
"2509","Purdue","fbs","Big Ten",2024,4429032,"Hudson Card",23,9,11,2.55555555555556,-1.65152882175807,-0.071805600946003,-0.183503202417563,109,4.73913043478261,12.1111111111111,0.391304347826087,0,0,NA,NA,NA,NA,NA,NA,NA,"P4"
"2509","Purdue","fbs","Big Ten",2024,4686065,"Devin Mockobee",125,11,11,11.3636363636364,-20.8407632134688,-0.16672610570775,-1.89461483758807,491,3.928,44.6363636363636,0.424,4,4,237,236,229,108,166,226,182,"P4"
"2509","Purdue","fbs","Big Ten",2024,4690801,"Christian Gelov",1,1,11,1,0.907771199823099,0.907771199823099,0.907771199823099,12,12,12,1,0,0,NA,NA,NA,NA,NA,NA,NA,"P4"
"2509","Purdue","fbs","Big Ten",2024,4696690,"Reggie Love III",76,10,11,7.6,-10.5081044459827,-0.138264532183983,-1.05081044459827,332,4.36842105263158,33.2,0.394736842105263,1,0,212,212,223,153,220,196,224,"P4"
"2509","Purdue","fbs","Big Ten",2024,4702561,"De'Nylon Morrissette",1,1,11,1,1.81317918250027,1.81317918250027,1.81317918250027,11,11,11,1,0,0,NA,NA,NA,NA,NA,NA,NA,"P4"
"2509","Purdue","fbs","Big Ten",2024,5086097,"Jaheim Merriweather",11,5,11,2.2,-6.35870876035222,-0.578064432759293,-1.27174175207044,65,5.90909090909091,13,0.363636363636364,0,2,NA,NA,NA,NA,NA,NA,NA,"P4"
"2509","Purdue","fbs","Big Ten",2024,5104738,"Ryan Browne",37,7,11,5.28571428571429,1.08872718247484,0.0294250589858065,0.155532454639263,83,2.24324324324324,11.8571428571429,0.513513513513513,0,0,NA,NA,NA,NA,NA,NA,NA,"P4"
"2509","Purdue","fbs","Big Ten",2024,5146753,"Shamar Rigby",1,1,11,1,-0.289283108079883,-0.289283108079883,-0.289283108079883,5,5,5,0,0,0,NA,NA,NA,NA,NA,NA,NA,"P4"
"2509","Purdue","fbs","Big Ten",2024,5150865,"Elijah Jackson",3,2,11,1.5,0.298151857510447,0.0993839525034824,0.149075928755224,14,4.66666666666667,7,0.666666666666667,0,0,NA,NA,NA,NA,NA,NA,NA,"P4"
"2509","Purdue","fbs","Big Ten",2024,5219089,"Antonio Harris",1,1,11,1,-1.10475908464542,-1.10475908464542,-1.10475908464542,4,4,4,0,0,0,NA,NA,NA,NA,NA,NA,NA,"P4"
"251","Texas","fbs","SEC",2024,4427251,"Velton Gardner",5,1,13,5,-1.86945598776612,-0.373891197553225,-1.86945598776612,15,3,15,0.4,0,0,NA,NA,NA,NA,NA,NA,NA,"P4"
"251","Texas","fbs","SEC",2024,4590532,"Silas Bolden",1,1,13,1,-1.60225530075758,-1.60225530075758,-1.60225530075758,-8,-8,-8,0,0,0,NA,NA,NA,NA,NA,NA,NA,"P4"
"251","Texas","fbs","SEC",2024,4685279,"Jaydon Blue",109,11,13,9.90909090909091,-6.85228829080055,-0.0628650301908307,-0.622935299163686,552,5.06422018348624,50.1818181818182,0.431192660550459,6,4,192,188,190,100,140,128,154,"P4"
"251","Texas","fbs","SEC",2024,4808839,"Isaiah Bond",4,4,13,1,7.71563856568465,1.92890964142116,1.92890964142116,98,24.5,24.5,0.75,1,0,NA,NA,NA,NA,NA,NA,NA,"P4"
"251","Texas","fbs","SEC",2024,4870906,"Arch Manning",14,5,13,2.8,12.2404161530809,0.874315439505778,2.44808323061618,133,9.5,26.6,0.571428571428571,4,0,NA,NA,NA,NA,NA,NA,NA,"P4"
"251","Texas","fbs","SEC",2024,4871076,"Quintrevion Wisner",173,12,13,14.4166666666667,-0.909326803949593,-0.00525622430028666,-0.0757772336624661,822,4.7514450867052,68.5,0.410404624277457,3,0,166,166,165,127,55,161,82.5,"P4"
"251","Texas","fbs","SEC",2024,4889929,"Quinn Ewers",19,9,13,2.11111111111111,6.79002204469899,0.357369581299947,0.754446893855443,77,4.05263157894737,8.55555555555556,0.526315789473684,1,0,NA,NA,NA,NA,NA,NA,NA,"P4"
"251","Texas","fbs","SEC",2024,4899367,"Ryan Niblett",8,4,13,2,2.59229064996862,0.324036331246078,0.648072662492155,23,2.875,5.75,0.625,1,0,NA,NA,NA,NA,NA,NA,NA,"P4"
"251","Texas","fbs","SEC",2024,4950398,"Warren Roberson",4,1,13,4,-0.601070307521788,-0.150267576880447,-0.601070307521788,11,2.75,11,0.25,0,0,NA,NA,NA,NA,NA,NA,NA,"P4"
"251","Texas","fbs","SEC",2024,5079410,"Jerrick Gibson",68,10,13,6.8,3.35971067248842,0.0494075098895356,0.335971067248842,342,5.02941176470588,34.2,0.558823529411765,4,3,NA,NA,NA,NA,NA,NA,NA,"P4"
"251","Texas","fbs","SEC",2024,5081966,"Colin Page",18,4,13,4.5,-4.73842406777629,-0.263245781543127,-1.18460601694407,99,5.5,24.75,0.222222222222222,0,0,NA,NA,NA,NA,NA,NA,NA,"P4"
"251","Texas","fbs","SEC",2024,5123665,"Trey Owens",1,1,13,1,-0.264186404048116,-0.264186404048116,-0.264186404048116,3,3,3,0,0,0,NA,NA,NA,NA,NA,NA,NA,"P4"
"251","Texas","fbs","SEC",2024,5218633,"Ryan Wingo",3,3,13,1,7.60420831111753,2.53473610370584,2.53473610370584,87,29,29,1,0,0,NA,NA,NA,NA,NA,NA,NA,"P4"
"251","Texas","fbs","SEC",2024,5218636,"Reid Watkins",4,1,13,4,-1.77301983603074,-0.443254959007684,-1.77301983603074,15,3.75,15,0.5,0,0,NA,NA,NA,NA,NA,NA,NA,"P4"
"252","BYU","fbs","Big 12",2024,4362915,"Gerry Bohanon",3,1,11,3,-0.0303543424674975,-0.0101181141558325,-0.0303543424674975,11,3.66666666666667,11,0.333333333333333,0,0,NA,NA,NA,NA,NA,NA,NA,"P4"
"252","BYU","fbs","Big 12",2024,4569988,"Enoch Nawahine",29,4,11,7.25,-3.17296304267518,-0.109412518712937,-0.793240760668796,102,3.51724137931034,25.5,0.310344827586207,1,0,NA,NA,NA,NA,NA,NA,NA,"P4"
"252","BYU","fbs","Big 12",2024,4604004,"Keelan Marion",17,8,11,2.125,4.80539835244459,0.28267049132027,0.600674794055574,97,5.70588235294118,12.125,0.588235294117647,2,0,NA,NA,NA,NA,NA,NA,NA,"P4"
"252","BYU","fbs","Big 12",2024,4613105,"Miles Davis",13,3,11,4.33333333333333,-5.03394414334178,-0.387226472564752,-1.67798138111393,52,4,17.3333333333333,0.153846153846154,0,0,NA,NA,NA,NA,NA,NA,NA,"P4"
"252","BYU","fbs","Big 12",2024,4687463,"Hinckley Ropati",55,7,11,7.85714285714286,0.227272403704604,0.00413222552190189,0.0324674862435149,303,5.50909090909091,43.2857142857143,0.454545454545455,0,1,NA,NA,NA,NA,NA,NA,NA,"P4"
"252","BYU","fbs","Big 12",2024,4710802,"Sione Moa",6,1,11,6,-3.00364125317321,-0.500606875528868,-3.00364125317321,17,2.83333333333333,17,0.333333333333333,0,0,NA,NA,NA,NA,NA,NA,NA,"P4"
"252","BYU","fbs","Big 12",2024,4714388,"Chase Roberts",4,3,11,1.33333333333333,0.209203487911625,0.0523008719779062,0.0697344959705416,13,3.25,4.33333333333333,0.5,1,0,NA,NA,NA,NA,NA,NA,NA,"P4"
"252","BYU","fbs","Big 12",2024,4880198,"Will Ferrin",1,1,11,1,3.0378684845392,3.0378684845392,3.0378684845392,8,8,8,1,0,0,NA,NA,NA,NA,NA,NA,NA,"P4"
"252","BYU","fbs","Big 12",2024,4888706,"Parker Kingston",5,5,11,1,2.31707026959358,0.463414053918717,0.463414053918717,39,7.8,7.8,0.6,0,0,NA,NA,NA,NA,NA,NA,NA,"P4"
"252","BYU","fbs","Big 12",2024,4911863,"Sam Vander Haar",1,1,11,1,4.96156310004162,4.96156310004162,4.96156310004162,22,22,22,1,0,0,NA,NA,NA,NA,NA,NA,NA,"P4"
"252","BYU","fbs","Big 12",2024,4918126,"LJ Martin",107,8,11,13.375,9.70953449353731,0.0907433130237131,1.21369181169216,551,5.14953271028037,68.875,0.504672897196262,4,3,103,88,93,34,141,117,78,"P4"
"252","BYU","fbs","Big 12",2024,5083198,"Darius Lassiter",1,1,11,1,-0.56856175441566,-0.56856175441566,-0.56856175441566,0,0,0,0,0,0,NA,NA,NA,NA,NA,NA,NA,"P4"
"252","BYU","fbs","Big 12",2024,5150611,"Jake Retzlaff",71,11,11,6.45454545454545,13.5607020336448,0.190995803290772,1.23279109396771,442,6.22535211267606,40.1818181818182,0.492957746478873,6,4,86,87,44,41,180,44,199,"P4"
"252","BYU","fbs","Big 12",2024,5219642,"Pokaiaua Haunga",12,2,11,6,-0.310063658410394,-0.0258386382008661,-0.155031829205197,60,5,30,0.25,0,0,NA,NA,NA,NA,NA,NA,NA,"P4"
"2534","Sam Houston","fbs","Conference USA",2024,4426528,"Ife Adeyi",7,6,12,1.16666666666667,4.8411020238542,0.691586003407743,0.806850337309034,67,9.57142857142857,11.1666666666667,0.571428571428571,1,0,NA,NA,NA,NA,NA,NA,NA,"G6"
"2534","Sam Houston","fbs","Conference USA",2024,4430512,"Noah Smith",11,8,12,1.375,3.58309820406703,0.32573620036973,0.447887275508379,58,5.27272727272727,7.25,0.636363636363636,0,0,NA,NA,NA,NA,NA,NA,NA,"G6"
"2534","Sam Houston","fbs","Conference USA",2024,4431074,"Jay Ducker",145,12,12,12.0833333333333,3.37465188998872,0.023273461310267,0.281220990832393,671,4.62758620689655,55.9166666666667,0.351724137931034,7,0,142,143,144,211,92,172,124,"G6"
"2534","Sam Houston","fbs","Conference USA",2024,4433821,"John Gentry",26,5,12,5.2,-5.94100629796473,-0.228500242229413,-1.18820125959295,76,2.92307692307692,15.2,0.230769230769231,1,0,NA,NA,NA,NA,NA,NA,NA,"G6"
"2534","Sam Houston","fbs","Conference USA",2024,4709012,"Jase Bauer",42,6,12,7,-8.14683567778055,-0.193972278042394,-1.35780594629676,182,4.33333333333333,30.3333333333333,0.333333333333333,0,2,NA,NA,NA,NA,NA,NA,NA,"G6"
"2534","Sam Houston","fbs","Conference USA",2024,4879507,"Zach Hrbacek",11,4,12,2.75,-4.12748241685319,-0.375225674259381,-1.0318706042133,32,2.90909090909091,8,0.181818181818182,0,0,NA,NA,NA,NA,NA,NA,NA,"G6"
"2534","Sam Houston","fbs","Conference USA",2024,4879931,"Simeon Evans",5,4,12,1.25,-0.729189702444198,-0.14583794048884,-0.18229742561105,17,3.4,4.25,0.4,0,0,NA,NA,NA,NA,NA,NA,NA,"G6"
"2534","Sam Houston","fbs","Conference USA",2024,5125823,"DJ McKinney",93,11,12,8.45454545454546,-0.0236731792454199,-0.00025455031446688,-0.00215210720412908,415,4.46236559139785,37.7272727272727,0.419354838709677,3,1,161,161,161,115,195.5,191,210,"G6"
"2534","Sam Houston","fbs","Conference USA",2024,5151199,"Malik Phillips",1,1,12,1,-0.217169806498486,-0.217169806498486,-0.217169806498486,4,4,4,0,0,0,NA,NA,NA,NA,NA,NA,NA,"G6"
"2534","Sam Houston","fbs","Conference USA",2024,5151200,"Qua'Vez Humphreys",3,3,12,1,3.66540191805526,1.22180063935175,1.22180063935175,21,7,7,1,0,0,NA,NA,NA,NA,NA,NA,NA,"G6"
"2534","Sam Houston","fbs","Conference USA",2024,5220423,"Michael Phoenix II",3,3,12,1,-3.25755667259624,-1.08585222419875,-1.08585222419875,-5,-1.66666666666667,-1.66666666666667,0,0,0,NA,NA,NA,NA,NA,NA,NA,"G6"
"2534","Sam Houston","fbs","Conference USA",2024,5220424,"Hunter Watson",125,11,12,11.3636363636364,40.1584609380946,0.321267687504756,3.65076917619041,639,5.112,58.0909090909091,0.48,6,1,15,16,15,47,104,122,118,"G6"
"254","Utah","fbs","Big 12",2024,4361014,"Brant Kuithe",8,5,11,1.6,1.93869559475313,0.242336949344141,0.387739118950626,26,3.25,5.2,0.625,2,0,NA,NA,NA,NA,NA,NA,NA,"P4"
"254","Utah","fbs","Big 12",2024,4362075,"Cameron Rising",1,1,11,1,3.23633149244665,3.23633149244665,3.23633149244665,25,25,25,1,0,0,NA,NA,NA,NA,NA,NA,NA,"P4"
"254","Utah","fbs","Big 12",2024,4426696,"Micah Bernard",190,11,11,17.2727272727273,-6.13681365831366,-0.0322990192542824,-0.557892150755787,972,5.11578947368421,88.3636363636364,0.384210526315789,4,2,186,185,177,174,33,121,35,"P4"
"254","Utah","fbs","Big 12",2024,4428754,"Charlie Vincent",10,6,11,1.66666666666667,-2.91354389798296,-0.291354389798296,-0.485590649663827,32,3.2,5.33333333333333,0.3,0,0,NA,NA,NA,NA,NA,NA,NA,"P4"
"254","Utah","fbs","Big 12",2024,4431309,"Money Parks",1,1,11,1,-0.518322945520604,-0.518322945520604,-0.518322945520604,3,3,3,0,0,0,NA,NA,NA,NA,NA,NA,NA,"P4"
"254","Utah","fbs","Big 12",2024,4432209,"Alaka'i Gilman",2,1,11,2,-1.31008705332152,-0.655043526660758,-1.31008705332152,0,0,0,0,0,0,NA,NA,NA,NA,NA,NA,NA,"P4"
"254","Utah","fbs","Big 12",2024,4804885,"Brandon Rose",10,2,11,5,0.209530623977986,0.0209530623977986,0.104765311988993,58,5.8,29,0.5,0,0,NA,NA,NA,NA,NA,NA,NA,"P4"
"254","Utah","fbs","Big 12",2024,4808744,"Jaylon Glover",8,2,11,4,0.109177644581519,0.0136472055726899,0.0545888222907597,45,5.625,22.5,0.5,0,0,NA,NA,NA,NA,NA,NA,NA,"P4"
"254","Utah","fbs","Big 12",2024,4922995,"Dijon Stanley",14,4,11,3.5,-6.56546354936959,-0.468961682097828,-1.6413658873424,32,2.28571428571429,8,0.142857142857143,0,0,NA,NA,NA,NA,NA,NA,NA,"P4"
"254","Utah","fbs","Big 12",2024,5079771,"Isaac Wilson",34,8,11,4.25,-8.03948017123856,-0.236455299154075,-1.00493502140482,155,4.55882352941176,19.375,0.235294117647059,0,1,NA,NA,NA,NA,NA,NA,NA,"P4"
"254","Utah","fbs","Big 12",2024,5084828,"Luke Bottari",6,2,11,3,2.20170177963452,0.366950296605753,1.10085088981726,60,10,30,0.333333333333333,0,1,NA,NA,NA,NA,NA,NA,NA,"P4"
"254","Utah","fbs","Big 12",2024,5152900,"Mike Mitchell",41,7,11,5.85714285714286,-12.8418296559013,-0.313215357461007,-1.83454709370018,137,3.34146341463415,19.5714285714286,0.365853658536585,0,0,NA,NA,NA,NA,NA,NA,NA,"P4"
"256","James Madison","fbs","Sun Belt",2024,4430183,"Logan Kyle",1,1,11,1,-2.4026169279516,-2.4026169279516,-2.4026169279516,-2,-2,-2,0,0,0,NA,NA,NA,NA,NA,NA,NA,"G6"
"256","James Madison","fbs","Sun Belt",2024,4569001,"Cam Ross",4,4,11,1,2.01725415559358,0.504313538898396,0.504313538898396,56,14,14,0.5,0,0,NA,NA,NA,NA,NA,NA,NA,"G6"
"256","James Madison","fbs","Sun Belt",2024,4571803,"Tyler Purdy",27,6,11,4.5,4.7332547945539,0.175305733131626,0.788875799092317,113,4.18518518518519,18.8333333333333,0.518518518518518,1,0,NA,NA,NA,NA,NA,NA,NA,"G6"
"256","James Madison","fbs","Sun Belt",2024,4577880,"Jobi Malary",37,8,11,4.625,4.11039591920772,0.111091781600209,0.513799489900965,248,6.7027027027027,31,0.540540540540541,2,0,NA,NA,NA,NA,NA,NA,NA,"G6"
"256","James Madison","fbs","Sun Belt",2024,4685494,"George Pettaway",136,11,11,12.3636363636364,8.67370803768337,0.063777264982966,0.78851891251667,796,5.85294117647059,72.3636363636364,0.463235294117647,5,0,110,112,112,65,62.5,62,69,"G6"
"256","James Madison","fbs","Sun Belt",2024,4875861,"Ayo Adeyi",17,1,11,17,-3.65649341465872,-0.215087847921101,-3.65649341465872,41,2.41176470588235,41,0.294117647058824,1,0,NA,NA,NA,NA,NA,NA,NA,"G6"
"256","James Madison","fbs","Sun Belt",2024,4911929,"Alonza Barnett III",88,11,11,8,34.4989199083078,0.392033180776225,3.1362654462098,630,7.15909090909091,57.2727272727273,0.545454545454545,7,1,22,22,8,14,108,14,120,"G6"
"256","James Madison","fbs","Sun Belt",2024,4912342,"Wayne Knight",63,11,11,5.72727272727273,6.99993385958925,0.111110061263321,0.636357623599022,424,6.73015873015873,38.5454545454545,0.412698412698413,2,0,NA,NA,NA,NA,NA,NA,NA,"G6"
"256","James Madison","fbs","Sun Belt",2024,4912346,"Jayden Mines",1,1,11,1,1.17386174525099,1.17386174525099,1.17386174525099,24,24,24,1,0,0,NA,NA,NA,NA,NA,NA,NA,"G6"
"256","James Madison","fbs","Sun Belt",2024,5121607,"Ke'Marion Baldwin",6,2,11,3,-1.48114025358999,-0.246856708931665,-0.740570126794994,17,2.83333333333333,8.5,0.166666666666667,0,0,NA,NA,NA,NA,NA,NA,NA,"G6"
"256","James Madison","fbs","Sun Belt",2024,5172036,"JC Evans",5,2,11,2.5,-0.852400871133699,-0.17048017422674,-0.426200435566849,16,3.2,8,0.6,0,0,NA,NA,NA,NA,NA,NA,NA,"G6"
"2567","SMU","fbs","ACC",2024,4429043,"Jaylan Knighton",11,2,12,5.5,-4.15441720949178,-0.37767429177198,-2.07720860474589,40,3.63636363636364,20,0.181818181818182,0,0,NA,NA,NA,NA,NA,NA,NA,"P4"
"2567","SMU","fbs","ACC",2024,4431068,"Moochie Dixon",1,1,12,1,-0.455194965914314,-0.455194965914314,-0.455194965914314,2,2,2,0,0,0,NA,NA,NA,NA,NA,NA,NA,"P4"
"2567","SMU","fbs","ACC",2024,4432718,"LJ Johnson Jr.",57,9,12,6.33333333333333,2.77571480393204,0.0486967509461762,0.308412755992449,231,4.05263157894737,25.6666666666667,0.421052631578947,5,0,NA,NA,NA,NA,NA,NA,NA,"P4"
"2567","SMU","fbs","ACC",2024,4432767,"Preston Stone",7,3,12,2.33333333333333,0.509078907837406,0.0727255582624866,0.169692969279135,35,5,11.6666666666667,0.571428571428571,0,0,NA,NA,NA,NA,NA,NA,NA,"P4"
"2567","SMU","fbs","ACC",2024,4594446,"Roderick Daniels Jr.",37,10,12,3.7,-0.82333812765757,-0.022252381828583,-0.082333812765757,148,4,14.8,0.351351351351351,3,0,NA,NA,NA,NA,NA,NA,NA,"P4"
"2567","SMU","fbs","ACC",2024,4596602,"Brashard Smith",204,12,12,17,12.2398687985421,0.0599993568555984,1.01998906654517,1135,5.56372549019608,94.5833333333333,0.431372549019608,11,1,90,98,117,99,19.5,86,28,"P4"
"2567","SMU","fbs","ACC",2024,4607419,"Key'Shawn Smith",1,1,12,1,-1.32472965632919,-1.32472965632919,-1.32472965632919,3,3,3,0,0,1,NA,NA,NA,NA,NA,NA,NA,"P4"
"2567","SMU","fbs","ACC",2024,4685409,"Jordan Hudson",1,1,12,1,0.826665297891346,0.826665297891346,0.826665297891346,8,8,8,1,0,0,NA,NA,NA,NA,NA,NA,NA,"P4"
"2567","SMU","fbs","ACC",2024,4689553,"Carter Campbell",1,1,12,1,1.1784548140577,1.1784548140577,1.1784548140577,6,6,6,1,0,0,NA,NA,NA,NA,NA,NA,NA,"P4"
"2567","SMU","fbs","ACC",2024,5075392,"Keldric Luster",4,2,12,2,0.791601815670991,0.197900453917748,0.395800907835495,20,5,10,0.5,0,0,NA,NA,NA,NA,NA,NA,NA,"P4"
"2567","SMU","fbs","ACC",2024,5079523,"Derrick McFall",7,3,12,2.33333333333333,1.33771624504941,0.191102320721344,0.445905415016469,37,5.28571428571429,12.3333333333333,0.571428571428571,1,0,NA,NA,NA,NA,NA,NA,NA,"P4"
"2567","SMU","fbs","ACC",2024,5084084,"Kevin Jennings",74,11,12,6.72727272727273,-4.76970658975856,-0.0644554944561967,-0.433609689978051,367,4.95945945945946,33.3636363636364,0.432432432432432,4,4,NA,NA,NA,NA,NA,NA,NA,"P4"
"2567","SMU","fbs","ACC",2024,5219225,"Zach Hernandez",3,1,12,3,-1.63605999148064,-0.545353330493545,-1.63605999148064,4,1.33333333333333,4,0,0,0,NA,NA,NA,NA,NA,NA,NA,"P4"
"2572","Southern Miss","fbs","Sun Belt",2024,4426463,"Dannis Jackson",2,2,11,1,0.370939835937797,0.185469917968898,0.185469917968898,11,5.5,5.5,0.5,0,0,NA,NA,NA,NA,NA,NA,NA,"G6"
"2572","Southern Miss","fbs","Sun Belt",2024,4433886,"Tate Rodemaker",9,5,11,1.8,-5.87670010461605,-0.652966678290672,-1.17534002092321,23,2.55555555555556,4.6,0.444444444444444,0,1,NA,NA,NA,NA,NA,NA,NA,"G6"
"2572","Southern Miss","fbs","Sun Belt",2024,4567507,"Rodrigues Clark",110,11,11,10,-6.1414016637789,-0.0558309242161718,-0.558309242161718,564,5.12727272727273,51.2727272727273,0.390909090909091,0,1,187,186,188,159,134,119,148,"G6"
"2572","Southern Miss","fbs","Sun Belt",2024,4596336,"Chandler Pittman",2,2,11,1,-0.692321421751188,-0.346160710875594,-0.346160710875594,7,3.5,3.5,0.5,0,0,NA,NA,NA,NA,NA,NA,NA,"G6"
"2572","Southern Miss","fbs","Sun Belt",2024,4685704,"Larry Simmons",2,2,11,1,-2.04702610424293,-1.02351305212146,-1.02351305212146,-12,-6,-6,0,0,0,NA,NA,NA,NA,NA,NA,NA,"G6"
"2572","Southern Miss","fbs","Sun Belt",2024,4888886,"Kenyon Clay",79,11,11,7.18181818181818,-6.94677456955331,-0.0879338553108014,-0.631524960868483,301,3.81012658227848,27.3636363636364,0.40506329113924,6,0,194,190,206,134,231,230,235,"G6"
"2572","Southern Miss","fbs","Sun Belt",2024,4912317,"Bryce Lofton",1,1,11,1,4.82841733901548,4.82841733901548,4.82841733901548,28,28,28,1,0,0,NA,NA,NA,NA,NA,NA,NA,"G6"
"2572","Southern Miss","fbs","Sun Belt",2024,4920193,"Ethan Crawford",66,7,11,9.42857142857143,6.50596861167329,0.0985752819950498,0.929424087381898,324,4.90909090909091,46.2857142857143,0.424242424242424,3,0,NA,NA,NA,NA,NA,NA,NA,"G6"
"2572","Southern Miss","fbs","Sun Belt",2024,5079628,"John White",5,3,11,1.66666666666667,-0.117867965302922,-0.0235735930605844,-0.0392893217676407,-13,-2.6,-4.33333333333333,0.6,1,1,NA,NA,NA,NA,NA,NA,NA,"G6"
"2572","Southern Miss","fbs","Sun Belt",2024,5092470,"Tiaquelin Mims",2,2,11,1,2.33207749044049,1.16603874522024,1.16603874522024,17,8.5,8.5,1,0,0,NA,NA,NA,NA,NA,NA,NA,"G6"
"2572","Southern Miss","fbs","Sun Belt",2024,5147204,"Jalen Washington",26,4,11,6.5,-3.34675744780267,-0.128721440300103,-0.836689361950667,118,4.53846153846154,29.5,0.384615384615385,1,0,NA,NA,NA,NA,NA,NA,NA,"G6"
"2572","Southern Miss","fbs","Sun Belt",2024,5152924,"JQ Gray",30,5,11,6,-8.52861374055868,-0.284287124685289,-1.70572274811174,86,2.86666666666667,17.2,0.266666666666667,0,1,NA,NA,NA,NA,NA,NA,NA,"G6"
"2579","South Carolina","fbs","SEC",2024,4427630,"Oscar Adaway III",59,11,11,5.36363636363636,-6.08338658992517,-0.103108247286867,-0.553035144538652,217,3.67796610169492,19.7272727272727,0.355932203389831,2,0,NA,NA,NA,NA,NA,NA,NA,"P4"
"2579","South Carolina","fbs","SEC",2024,4601080,"Raheim Sanders",168,11,11,15.2727272727273,9.48016697982094,0.056429565356077,0.861833361801904,786,4.67857142857143,71.4545454545455,0.410714285714286,10,1,105,109,124,126,65,169,71,"P4"
"2579","South Carolina","fbs","SEC",2024,4692830,"Bradley Dunn",2,1,11,2,-1.89099214160331,-0.945496070801654,-1.89099214160331,10,5,10,0,0,0,NA,NA,NA,NA,NA,NA,NA,"P4"
"2579","South Carolina","fbs","SEC",2024,4697512,"Robby Ashford",32,6,11,5.33333333333333,-8.62161469580095,-0.26942545924378,-1.43693578263349,238,7.4375,39.6666666666667,0.40625,1,2,NA,NA,NA,NA,NA,NA,NA,"P4"
"2579","South Carolina","fbs","SEC",2024,4700453,"Jared Brown",5,5,11,1,-0.655539608688126,-0.131107921737625,-0.131107921737625,38,7.6,7.6,0.4,0,0,NA,NA,NA,NA,NA,NA,NA,"P4"
"2579","South Carolina","fbs","SEC",2024,4870745,"Nyck Harbor",1,1,11,1,-0.644428561921436,-0.644428561921436,-0.644428561921436,1,1,1,0,0,0,NA,NA,NA,NA,NA,NA,NA,"P4"
"2579","South Carolina","fbs","SEC",2024,4875127,"LaNorris Sellers",113,10,11,11.3,3.50685057606209,0.0310340758943548,0.350685057606209,727,6.43362831858407,72.7,0.451327433628319,6,4,141,142,143,78,75.5,34,67,"P4"
"2579","South Carolina","fbs","SEC",2024,4877203,"Gage Larvadain",1,1,11,1,1.6705544289702,1.6705544289702,1.6705544289702,10,10,10,1,0,0,NA,NA,NA,NA,NA,NA,NA,"P4"
"2579","South Carolina","fbs","SEC",2024,4880608,"Juju McDowell",19,6,11,3.16666666666667,2.42845682636685,0.127813517177203,0.404742804394475,73,3.84210526315789,12.1666666666667,0.421052631578947,0,0,NA,NA,NA,NA,NA,NA,NA,"P4"
"2579","South Carolina","fbs","SEC",2024,5145737,"Matthew Fuller",8,1,11,8,1.731970525591,0.216496315698876,1.731970525591,25,3.125,25,0.375,0,0,NA,NA,NA,NA,NA,NA,NA,"P4"
"2579","South Carolina","fbs","SEC",2024,5154341,"Maurice Brown II",1,1,11,1,-3.44765673040151,-3.44765673040151,-3.44765673040151,0,0,0,0,0,0,NA,NA,NA,NA,NA,NA,NA,"P4"
"2579","South Carolina","fbs","SEC",2024,5159232,"Jawarn Howell",9,2,11,4.5,1.8435063304472,0.204834036716356,0.921753165223602,52,5.77777777777778,26,0.333333333333333,1,0,NA,NA,NA,NA,NA,NA,NA,"P4"
"258","Virginia","fbs","ACC",2024,4430804,"Chris Tyree",11,4,11,2.75,-4.14644072969039,-0.376949157244581,-1.0366101824226,43,3.90909090909091,10.75,0.363636363636364,0,0,NA,NA,NA,NA,NA,NA,NA,"P4"
"258","Virginia","fbs","ACC",2024,4686095,"Kobe Pace",101,10,11,10.1,-14.1640280653828,-0.140237901637453,-1.41640280653828,414,4.0990099009901,41.4,0.396039603960396,2,1,224,225,225,150,197,214,197,"P4"
"258","Virginia","fbs","ACC",2024,4775264,"Tony Muskett",19,4,11,4.75,25.0618991141178,1.31904732179568,6.26547477852946,148,7.78947368421053,37,0.736842105263158,4,0,NA,NA,NA,NA,NA,NA,NA,"P4"
"258","Virginia","fbs","ACC",2024,4868249,"Davis Lane Jr.",1,1,11,1,-0.499623970436149,-0.499623970436149,-0.499623970436149,1,1,1,0,0,0,NA,NA,NA,NA,NA,NA,NA,"P4"
"258","Virginia","fbs","ACC",2024,4873442,"Xavier Brown",72,10,11,7.2,5.64300282033996,0.0783750391713884,0.564300282033996,452,6.27777777777778,45.2,0.388888888888889,1,0,131,131,100,162.5,177,41,179,"P4"
"258","Virginia","fbs","ACC",2024,5044387,"Anthony Colandrea",79,10,11,7.9,0.367577954122797,0.00465288549522528,0.0367577954122797,484,6.12658227848101,48.4,0.443037974683544,1,2,158,158,157,89,168,48,159,"P4"
"258","Virginia","fbs","ACC",2024,5075026,"Donte Hawthorne",1,1,11,1,-3.76120492912553,-3.76120492912553,-3.76120492912553,12,12,12,0,0,0,NA,NA,NA,NA,NA,NA,NA,"P4"
"258","Virginia","fbs","ACC",2024,5078110,"Noah Vaughn",36,8,11,4.5,-1.58771242233698,-0.0441031228426939,-0.198464052792123,120,3.33333333333333,15,0.333333333333333,0,0,NA,NA,NA,NA,NA,NA,NA,"P4"
"258","Virginia","fbs","ACC",2024,5081197,"Grady Brosterhous",8,5,11,1.6,9.86394146221771,1.23299268277721,1.97278829244354,12,1.5,2.4,0.75,4,0,NA,NA,NA,NA,NA,NA,NA,"P4"
"258","Virginia","fbs","ACC",2024,5081202,"Jack Griese",10,2,11,5,-2.87346672860697,-0.287346672860697,-1.43673336430348,43,4.3,21.5,0.3,0,0,NA,NA,NA,NA,NA,NA,NA,"P4"
"258","Virginia","fbs","ACC",2024,5147376,"Kameron Courtney",2,1,11,2,-0.905477978661576,-0.452738989330788,-0.905477978661576,6,3,6,0,0,0,NA,NA,NA,NA,NA,NA,NA,"P4"
"259","Virginia Tech","fbs","ACC",2024,4428439,"Collin Schlee",32,5,12,6.4,-2.84606156636179,-0.0889394239488061,-0.569212313272359,147,4.59375,29.4,0.53125,1,1,NA,NA,NA,NA,NA,NA,NA,"P4"
"259","Virginia Tech","fbs","ACC",2024,4575348,"Da'Quan Felton",1,1,12,1,0.310387289110787,0.310387289110787,0.310387289110787,10,10,10,1,0,0,NA,NA,NA,NA,NA,NA,NA,"P4"
"259","Virginia Tech","fbs","ACC",2024,4602667,"Jaylin Lane",17,10,12,1.7,5.49053167005729,0.32297245117984,0.549053167005728,111,6.52941176470588,11.1,0.529411764705882,2,0,NA,NA,NA,NA,NA,NA,NA,"P4"
"259","Virginia Tech","fbs","ACC",2024,4678010,"Kyron Drones",82,9,12,9.11111111111111,1.54887681120303,0.0188887416000369,0.172097423467003,428,5.21951219512195,47.5555555555556,0.5,6,3,149,149,147,36,188.5,108,165,"P4"
"259","Virginia Tech","fbs","ACC",2024,4686223,"Malachi Thomas",36,9,12,4,-2.49063720242794,-0.0691843667341094,-0.276737466936438,137,3.80555555555556,15.2222222222222,0.305555555555556,1,0,NA,NA,NA,NA,NA,NA,NA,"P4"
"259","Virginia Tech","fbs","ACC",2024,4880279,"P.J. Prioleau",4,2,12,2,-0.151258838863939,-0.0378147097159847,-0.0756294194319693,12,3,6,0.5,0,0,NA,NA,NA,NA,NA,NA,NA,"P4"
"259","Virginia Tech","fbs","ACC",2024,4882093,"Bhayshul Tuten",181,11,12,16.4545454545455,21.435967093464,0.118430757422453,1.948724281224,1163,6.42541436464088,105.727272727273,0.386740331491713,15,4,48,56,81,168,17,35,16,"P4"
"259","Virginia Tech","fbs","ACC",2024,4918417,"Ayden Greene",6,5,12,1.2,2.69634444083166,0.449390740138609,0.539268888166331,61,10.1666666666667,12.2,0.5,1,1,NA,NA,NA,NA,NA,NA,NA,"P4"
"259","Virginia Tech","fbs","ACC",2024,4920153,"William Watson III",21,3,12,7,12.9917148694632,0.618653089022056,4.33057162315439,123,5.85714285714286,41,0.666666666666667,1,0,NA,NA,NA,NA,NA,NA,NA,"P4"
"259","Virginia Tech","fbs","ACC",2024,4922987,"Takye Heath",1,1,12,1,0.354305693692981,0.354305693692981,0.354305693692981,6,6,6,1,0,0,NA,NA,NA,NA,NA,NA,NA,"P4"
"259","Virginia Tech","fbs","ACC",2024,4923059,"Jeremiah Coney",25,6,12,4.16666666666667,-11.4960486423401,-0.459841945693606,-1.91600810705669,169,6.76,28.1666666666667,0.28,0,1,NA,NA,NA,NA,NA,NA,NA,"P4"
"259","Virginia Tech","fbs","ACC",2024,5142238,"Tyler Mason",3,1,12,3,-1.21327624166845,-0.404425413889483,-1.21327624166845,6,2,6,0,0,0,NA,NA,NA,NA,NA,NA,NA,"P4"
"26","UCLA","fbs","Big Ten",2024,4427634,"Keegan Jones",47,12,12,3.91666666666667,-11.1677627786373,-0.23761197401356,-0.930646898219775,183,3.8936170212766,15.25,0.276595744680851,1,0,NA,NA,NA,NA,NA,NA,NA,"P4"
"26","UCLA","fbs","Big Ten",2024,4429068,"Ethan Garbers",50,11,12,4.54545454545455,14.2463422957314,0.284926845914627,1.29512202688467,332,6.64,30.1818181818182,0.48,1,3,NA,NA,NA,NA,NA,NA,NA,"P4"
"26","UCLA","fbs","Big Ten",2024,4430843,"Jalen Berger",48,8,12,6,-4.9860017844891,-0.103875037176856,-0.623250223061137,180,3.75,22.5,0.333333333333333,0,0,NA,NA,NA,NA,NA,NA,NA,"P4"
"26","UCLA","fbs","Big Ten",2024,4635009,"J.Michael Sturdivant",1,1,12,1,-0.111927966352908,-0.111927966352908,-0.111927966352908,5,5,5,0,0,0,NA,NA,NA,NA,NA,NA,NA,"P4"
"26","UCLA","fbs","Big Ten",2024,4685435,"Justyn Martin",6,2,12,3,-0.723064806957943,-0.120510801159657,-0.361532403478971,21,3.5,10.5,0.5,0,0,NA,NA,NA,NA,NA,NA,NA,"P4"
"26","UCLA","fbs","Big Ten",2024,5081907,"Anthony Frias II",15,3,12,5,-4.44441519797407,-0.296294346531605,-1.48147173265802,47,3.13333333333333,15.6666666666667,0.2,0,0,NA,NA,NA,NA,NA,NA,NA,"P4"
"26","UCLA","fbs","Big Ten",2024,5127885,"Kwazi Gilmer",1,1,12,1,0.247504522180548,0.247504522180548,0.247504522180548,8,8,8,1,0,0,NA,NA,NA,NA,NA,NA,NA,"P4"
"26","UCLA","fbs","Big Ten",2024,5153613,"Carter Shaw",2,2,12,1,-0.229780724288521,-0.114890362144261,-0.114890362144261,9,4.5,4.5,0.5,0,0,NA,NA,NA,NA,NA,NA,NA,"P4"
"2628","TCU","fbs","Big 12",2024,107494,"Trey Sanders",9,4,11,2.25,1.42686367291909,0.158540408102121,0.356715918229772,31,3.44444444444444,7.75,0.333333333333333,0,1,NA,NA,NA,NA,NA,NA,NA,"P4"
"2628","TCU","fbs","Big 12",2024,4430063,"Dominique Johnson",11,6,11,1.83333333333333,-2.84234887166113,-0.258395351969194,-0.473724811943522,23,2.09090909090909,3.83333333333333,0.454545454545455,0,0,NA,NA,NA,NA,NA,NA,NA,"P4"
"2628","TCU","fbs","Big 12",2024,4431375,"Ken Seals",1,1,11,1,-0.473932369703945,-0.473932369703945,-0.473932369703945,2,2,2,0,0,0,NA,NA,NA,NA,NA,NA,NA,"P4"
"2628","TCU","fbs","Big 12",2024,4431487,"Savion Williams",50,9,11,5.55555555555556,26.0628393145826,0.521256786291652,2.89587103495362,332,6.64,36.8888888888889,0.58,6,0,NA,NA,NA,NA,NA,NA,NA,"P4"
"2628","TCU","fbs","Big 12",2024,4432694,"JoJo Earle",2,1,11,2,1.19759887527703,0.598799437638515,1.19759887527703,21,10.5,21,0.5,0,0,NA,NA,NA,NA,NA,NA,NA,"P4"
"2628","TCU","fbs","Big 12",2024,4602783,"Trent Battle",35,6,11,5.83333333333333,0.655082643116768,0.0187166469461934,0.109180440519461,152,4.34285714285714,25.3333333333333,0.371428571428571,2,0,NA,NA,NA,NA,NA,NA,NA,"P4"
"2628","TCU","fbs","Big 12",2024,4685183,"JP Richardson",1,1,11,1,-0.333517761415534,-0.333517761415534,-0.333517761415534,3,3,3,0,0,0,NA,NA,NA,NA,NA,NA,NA,"P4"
"2628","TCU","fbs","Big 12",2024,4685401,"Josh Hoover",28,11,11,2.54545454545455,-6.81574771690912,-0.243419561318183,-0.61961342880992,83,2.96428571428571,7.54545454545455,0.5,4,2,NA,NA,NA,NA,NA,NA,NA,"P4"
"2628","TCU","fbs","Big 12",2024,4695223,"Chase Curtis",1,1,11,1,0.531684441025541,0.531684441025541,0.531684441025541,3,3,3,1,0,0,NA,NA,NA,NA,NA,NA,NA,"P4"
"2628","TCU","fbs","Big 12",2024,4870592,"Jordyn Bailey",2,2,11,1,3.96065313200102,1.98032656600051,1.98032656600051,65,32.5,32.5,1,1,0,NA,NA,NA,NA,NA,NA,NA,"P4"
"2628","TCU","fbs","Big 12",2024,4880322,"Franklin Estrada II",3,1,11,3,-1.79396826338556,-0.59798942112852,-1.79396826338556,5,1.66666666666667,5,0,0,0,NA,NA,NA,NA,NA,NA,NA,"P4"
"2628","TCU","fbs","Big 12",2024,4918103,"Cam Cook",106,11,11,9.63636363636364,-6.92571793625422,-0.0653369616627757,-0.629610721477657,373,3.5188679245283,33.9090909090909,0.415094339622642,6,3,193,189,191,120.5,211,237,222,"P4"
"2628","TCU","fbs","Big 12",2024,5079443,"Hauss Hejny",15,4,11,3.75,-1.03389428737369,-0.0689262858249129,-0.258473571843423,69,4.6,17.25,0.4,0,0,NA,NA,NA,NA,NA,NA,NA,"P4"
"2628","TCU","fbs","Big 12",2024,5079663,"Jeremy Payne",36,9,11,4,0.31056838154331,0.00862689948731417,0.0345075979492567,170,4.72222222222222,18.8888888888889,0.333333333333333,3,0,NA,NA,NA,NA,NA,NA,NA,"P4"
"2633","Tennessee","fbs","SEC",2024,4426337,"Bru McCoy",1,1,11,1,0.340189887701741,0.340189887701741,0.340189887701741,6,6,6,1,0,0,NA,NA,NA,NA,NA,NA,NA,"P4"
"2633","Tennessee","fbs","SEC",2024,4565892,"Navy Shuler",2,2,11,1,-0.706607631633396,-0.353303815816698,-0.353303815816698,5,2.5,2.5,0.5,0,0,NA,NA,NA,NA,NA,NA,NA,"P4"
"2633","Tennessee","fbs","SEC",2024,4697122,"Gaston Moore",3,2,11,1.5,-1.29364175709366,-0.431213919031222,-0.646820878546832,18,6,9,0.333333333333333,0,1,NA,NA,NA,NA,NA,NA,NA,"P4"
"2633","Tennessee","fbs","SEC",2024,4870799,"Nico Iamaleava",63,11,11,5.72727272727273,5.0995457114765,0.0809451700234366,0.463595064679682,411,6.52380952380952,37.3636363636364,0.428571428571429,1,6,NA,NA,NA,NA,NA,NA,NA,"P4"
"2633","Tennessee","fbs","SEC",2024,4870941,"Cameron Seldon",16,3,11,5.33333333333333,-1.64316803718281,-0.102698002323926,-0.547722679060938,71,4.4375,23.6666666666667,0.5,1,0,NA,NA,NA,NA,NA,NA,NA,"P4"
"2633","Tennessee","fbs","SEC",2024,4875199,"Patrick Wilk",3,1,11,3,-0.773140039418656,-0.257713346472885,-0.773140039418656,12,4,12,0.333333333333333,0,0,NA,NA,NA,NA,NA,NA,NA,"P4"
"2633","Tennessee","fbs","SEC",2024,4921108,"DeSean Bishop",62,8,11,7.75,2.22460957274556,0.0358807995604123,0.278076196593195,377,6.08064516129032,47.125,0.435483870967742,2,0,NA,NA,NA,NA,NA,NA,NA,"P4"
"2633","Tennessee","fbs","SEC",2024,5078917,"Khalifa Keith",11,3,11,3.66666666666667,-0.731283047229424,-0.0664802770208568,-0.243761015743141,57,5.18181818181818,19,0.363636363636364,0,0,NA,NA,NA,NA,NA,NA,NA,"P4"
"2633","Tennessee","fbs","SEC",2024,5079531,"Jake Merklinger",3,1,11,3,0.262611593332462,0.0875371977774873,0.262611593332462,27,9,27,0.333333333333333,0,0,NA,NA,NA,NA,NA,NA,NA,"P4"
"2633","Tennessee","fbs","SEC",2024,5081368,"Squirrel White",1,1,11,1,-2.78823288490793,-2.78823288490793,-2.78823288490793,-7,-7,-7,0,0,0,NA,NA,NA,NA,NA,NA,NA,"P4"
"2633","Tennessee","fbs","SEC",2024,5081378,"Hunter Barnes",7,1,11,7,-4.24293099111146,-0.606132998730208,-4.24293099111146,38,5.42857142857143,38,0.428571428571429,0,0,NA,NA,NA,NA,NA,NA,NA,"P4"
"2633","Tennessee","fbs","SEC",2024,5081397,"Dylan Sampson",241,11,11,21.9090909090909,7.62309174540398,0.0316310860805144,0.693008340491271,1361,5.64730290456432,123.727272727273,0.443983402489627,18,4,114,115,142,87,7,78,6,"P4"
"2633","Tennessee","fbs","SEC",2024,5089453,"Miles Kitselman",2,2,11,1,-2.4507500301048,-1.2253750150524,-1.2253750150524,1,0.5,0.5,0.5,1,0,NA,NA,NA,NA,NA,NA,NA,"P4"
"2633","Tennessee","fbs","SEC",2024,5122553,"Peyton Lewis",50,7,11,7.14285714285714,-6.6157990746954,-0.132315981493908,-0.945114153527914,250,5,35.7142857142857,0.44,3,0,NA,NA,NA,NA,NA,NA,NA,"P4"
"2636","UTSA","fbs","American Athletic",2024,4426857,"Oscar Cardenas",1,1,11,1,-3.18461705927016,-3.18461705927016,-3.18461705927016,0,0,0,0,0,0,NA,NA,NA,NA,NA,NA,NA,"G6"
"2636","UTSA","fbs","American Athletic",2024,4433827,"Rocko Griffin",16,3,11,5.33333333333333,-2.85429099055925,-0.178393186909953,-0.951430330186416,28,1.75,9.33333333333333,0.3125,0,0,NA,NA,NA,NA,NA,NA,NA,"G6"
"2636","UTSA","fbs","American Athletic",2024,4683012,NA,5,1,11,5,5.05847293394045,1.01169458678809,5.05847293394045,0,0,0,0.8,0,0,NA,NA,NA,NA,NA,NA,NA,"G6"
"2636","UTSA","fbs","American Athletic",2024,4686767,"Chris Carpenter",4,3,11,1.33333333333333,0.113447238762006,0.0283618096905014,0.0378157462540019,22,5.5,7.33333333333333,0.5,0,0,NA,NA,NA,NA,NA,NA,NA,"G6"
"2636","UTSA","fbs","American Athletic",2024,4688595,"Kevorian Barnes",66,10,11,6.6,-28.8769364496097,-0.437529340145601,-2.88769364496097,157,2.37878787878788,15.7,0.227272727272727,1,0,NA,NA,NA,NA,NA,NA,NA,"G6"
"2636","UTSA","fbs","American Athletic",2024,4702820,"Bryson Donnell",16,7,11,2.28571428571429,-4.97714667148651,-0.311071666967907,-0.711020953069501,65,4.0625,9.28571428571429,0.3125,0,0,NA,NA,NA,NA,NA,NA,NA,"G6"
"2636","UTSA","fbs","American Athletic",2024,4775136,"Owen McCown",54,11,11,4.90909090909091,28.3010021853421,0.524092633061891,2.57281838048565,472,8.74074074074074,42.9090909090909,0.537037037037037,2,0,NA,NA,NA,NA,NA,NA,NA,"G6"
"2636","UTSA","fbs","American Athletic",2024,4917054,"David Amador II",1,1,11,1,-0.541048176991417,-0.541048176991417,-0.541048176991417,3,3,3,0,0,0,NA,NA,NA,NA,NA,NA,NA,"G6"
"2636","UTSA","fbs","American Athletic",2024,5076952,"Devin McCuin",2,1,11,2,0.69955479702958,0.34977739851479,0.69955479702958,21,10.5,21,0.5,0,0,NA,NA,NA,NA,NA,NA,NA,"G6"
"2636","UTSA","fbs","American Athletic",2024,5078422,"Brandon High Jr.",73,10,11,7.3,4.31727131174125,0.0591407029005651,0.431727131174125,344,4.71232876712329,34.4,0.36986301369863,6,0,138,139,121,192,216,165,221,"G6"
"2636","UTSA","fbs","American Athletic",2024,5151317,"Robert Henry",123,10,11,12.3,-1.26938582101795,-0.0103202099269752,-0.126938582101795,670,5.44715447154472,67,0.317073170731707,7,2,169,169,167,227,93,92,86,"G6"
"2636","UTSA","fbs","American Athletic",2024,5151318,"Willie McCoy",3,3,11,1,-0.859956991084297,-0.286652330361432,-0.286652330361432,8,2.66666666666667,2.66666666666667,0.333333333333333,0,1,NA,NA,NA,NA,NA,NA,NA,"G6"
"2636","UTSA","fbs","American Athletic",2024,5194309,"Mekhi Anderson",1,1,11,1,-0.143077261575277,-0.143077261575277,-0.143077261575277,4,4,4,0,0,0,NA,NA,NA,NA,NA,NA,NA,"G6"
"2636","UTSA","fbs","American Athletic",2024,5223167,"Will Henderson III",9,4,11,2.25,-7.75757103955274,-0.861952337728082,-1.93939275988818,12,1.33333333333333,3,0,0,0,NA,NA,NA,NA,NA,NA,NA,"G6"
"2638","UTEP","fbs","Conference USA",2024,4433947,"Corey Wren",10,3,11,3.33333333333333,-0.35608886717893,-0.035608886717893,-0.118696289059643,42,4.2,14,0.5,0,0,NA,NA,NA,NA,NA,NA,NA,"G6"
"2638","UTEP","fbs","Conference USA",2024,4705927,"Jevon Jackson",165,11,11,15,-17.1055462695746,-0.103669977391361,-1.55504966087042,687,4.16363636363636,62.4545454545455,0.351515151515152,4,0,231,228,212,212,87,211,107,"G6"
"2638","UTEP","fbs","Conference USA",2024,4877714,"Jaden Smith",1,1,11,1,-0.957213688791369,-0.957213688791369,-0.957213688791369,1,1,1,0,0,0,NA,NA,NA,NA,NA,NA,NA,"G6"
"2638","UTEP","fbs","Conference USA",2024,4879292,"Kam Thomas",11,4,11,2.75,-7.07091632721361,-0.642810575201237,-1.7677290818034,28,2.54545454545455,7,0.272727272727273,0,2,NA,NA,NA,NA,NA,NA,NA,"G6"
"2638","UTEP","fbs","Conference USA",2024,4879298,"Trey Goodman",1,1,11,1,0.560184493332273,0.560184493332273,0.560184493332273,9,9,9,1,0,0,NA,NA,NA,NA,NA,NA,NA,"G6"
"2638","UTEP","fbs","Conference USA",2024,4920127,"Marquez Taylor",1,1,11,1,-0.100174473634102,-0.100174473634102,-0.100174473634102,0,0,0,0,0,0,NA,NA,NA,NA,NA,NA,NA,"G6"
"2638","UTEP","fbs","Conference USA",2024,5083042,"Skyler Locklear",53,9,11,5.88888888888889,-1.03268111824021,-0.0194845494007587,-0.114742346471135,250,4.71698113207547,27.7777777777778,0.415094339622642,1,1,NA,NA,NA,NA,NA,NA,NA,"G6"
"2638","UTEP","fbs","Conference USA",2024,5083068,"Kenny Odom",4,2,11,2,-2.56017355101014,-0.640043387752534,-1.28008677550507,0,0,0,0.25,0,0,NA,NA,NA,NA,NA,NA,NA,"G6"
"2638","UTEP","fbs","Conference USA",2024,5088893,"Cade McConnell",9,3,11,3,-5.33571134199243,-0.592856815776936,-1.77857044733081,18,2,6,0.333333333333333,0,1,NA,NA,NA,NA,NA,NA,NA,"G6"
"2638","UTEP","fbs","Conference USA",2024,5121571,"Ezell Jolly",64,6,11,10.6666666666667,-12.1703027499965,-0.190160980468695,-2.02838379166608,269,4.203125,44.8333333333333,0.390625,1,2,NA,NA,NA,NA,NA,NA,NA,"G6"
"2638","UTEP","fbs","Conference USA",2024,5125900,"Joshua Dye",6,2,11,3,-0.0307034160774349,-0.00511723601290581,-0.0153517080387174,20,3.33333333333333,10,0.166666666666667,0,0,NA,NA,NA,NA,NA,NA,NA,"G6"
"2638","UTEP","fbs","Conference USA",2024,5127900,"Shay Smith",4,3,11,1.33333333333333,-6.06023587280897,-1.51505896820224,-2.02007862426965,6,1.5,2,0.25,1,1,NA,NA,NA,NA,NA,NA,NA,"G6"
"2638","UTEP","fbs","Conference USA",2024,5192899,"Ashten Emory",6,1,11,6,-3.65400711539566,-0.609001185899277,-3.65400711539566,23,3.83333333333333,23,0.166666666666667,0,0,NA,NA,NA,NA,NA,NA,NA,"G6"
"2638","UTEP","fbs","Conference USA",2024,5193282,"JP Pickles",33,3,11,11,2.41551654685314,0.0731974711167618,0.80517218228438,166,5.03030303030303,55.3333333333333,0.454545454545455,1,0,NA,NA,NA,NA,NA,NA,NA,"G6"
"264","Washington","fbs","Big Ten",2024,102597,"Will Rogers",12,6,11,2,-6.7168291204267,-0.559735760035558,-1.11947152007112,72,6,12,0.5,0,2,NA,NA,NA,NA,NA,NA,NA,"P4"
"264","Washington","fbs","Big Ten",2024,4427569,"Giles Jackson",3,3,11,1,1.23894956129535,0.412983187098448,0.412983187098448,11,3.66666666666667,3.66666666666667,0.333333333333333,1,0,NA,NA,NA,NA,NA,NA,NA,"P4"
"264","Washington","fbs","Big Ten",2024,4429186,"Sam Adams II",5,2,11,2.5,-0.652146153624849,-0.13042923072497,-0.326073076812425,17,3.4,8.5,0.4,0,0,NA,NA,NA,NA,NA,NA,NA,"P4"
"264","Washington","fbs","Big Ten",2024,4429963,"Jeremiah Hunter",1,1,11,1,-1.21549948135056,-1.21549948135056,-1.21549948135056,4,4,4,0,0,0,NA,NA,NA,NA,NA,NA,NA,"P4"
"264","Washington","fbs","Big Ten",2024,4430810,"Daniyel Ngata",2,1,11,2,-0.231986585197154,-0.115993292598577,-0.231986585197154,9,4.5,9,0.5,0,0,NA,NA,NA,NA,NA,NA,NA,"P4"
"264","Washington","fbs","Big Ten",2024,4569594,"Cameron Davis",39,8,11,4.875,-1.86929359467066,-0.0479306049915554,-0.233661699333833,176,4.51282051282051,22,0.41025641025641,0,0,NA,NA,NA,NA,NA,NA,NA,"P4"
"264","Washington","fbs","Big Ten",2024,4702555,"Jonah Coleman",165,11,11,15,1.40534709213929,0.00851725510387449,0.127758826558117,887,5.37575757575758,80.6363636363636,0.357575757575758,7,1,151,151,154,204,46,96,50,"P4"
"264","Washington","fbs","Big Ten",2024,5017177,"Keith Reynolds",1,1,11,1,1.04163254574732,1.04163254574732,1.04163254574732,4,4,4,1,1,0,NA,NA,NA,NA,NA,NA,NA,"P4"
"264","Washington","fbs","Big Ten",2024,5079653,"Demond Williams Jr.",44,10,11,4.4,12.5166787699193,0.284469972043621,1.25166787699193,312,7.09090909090909,31.2,0.545454545454545,1,1,NA,NA,NA,NA,NA,NA,NA,"P4"
"264","Washington","fbs","Big Ten",2024,5147861,"Adam Mohammed",35,10,11,3.5,-2.24150007217447,-0.064042859204985,-0.224150007217447,149,4.25714285714286,14.9,0.457142857142857,0,0,NA,NA,NA,NA,NA,NA,NA,"P4"
"264","Washington","fbs","Big Ten",2024,5219119,"Jordan Washington",1,1,11,1,-0.389499611416663,-0.389499611416663,-0.389499611416663,4,4,4,0,0,0,NA,NA,NA,NA,NA,NA,NA,"P4"
"2641","Texas Tech","fbs","Big 12",2024,4429299,"Tahj Brooks",257,10,11,25.7,19.3916922660054,0.0754540555097487,1.93916922660054,1344,5.2295719844358,134.4,0.45136186770428,16,2,54,57,104,77,8,107,4,"P4"
"2641","Texas Tech","fbs","Big 12",2024,4431044,"Jalin Conyers",1,1,11,1,-1.48521751284388,-1.48521751284388,-1.48521751284388,-3,-3,-3,0,0,0,NA,NA,NA,NA,NA,NA,NA,"P4"
"2641","Texas Tech","fbs","Big 12",2024,4431465,"Behren Morton",32,11,11,2.90909090909091,-0.591884924591504,-0.0184964038934845,-0.0538077204174095,152,4.75,13.8181818181818,0.40625,1,0,NA,NA,NA,NA,NA,NA,NA,"P4"
"2641","Texas Tech","fbs","Big 12",2024,4587705,"Cam'Ron Valdez",8,1,11,8,-0.984723706862804,-0.12309046335785,-0.984723706862804,34,4.25,34,0.375,0,0,NA,NA,NA,NA,NA,NA,NA,"P4"
"2641","Texas Tech","fbs","Big 12",2024,4689656,"Reese Burkhardt",1,1,11,1,4.03339325931152,4.03339325931152,4.03339325931152,4,4,4,1,1,0,NA,NA,NA,NA,NA,NA,NA,"P4"
"2641","Texas Tech","fbs","Big 12",2024,4692538,"Jalin Conyers",5,3,11,1.66666666666667,2.32676173768629,0.465352347537257,0.775587245895429,28,5.6,9.33333333333333,0.8,1,0,NA,NA,NA,NA,NA,NA,NA,"P4"
"2641","Texas Tech","fbs","Big 12",2024,4879288,"Drae McCray",1,1,11,1,1.63086349469346,1.63086349469346,1.63086349469346,13,13,13,1,0,0,NA,NA,NA,NA,NA,NA,NA,"P4"
"2641","Texas Tech","fbs","Big 12",2024,5086393,"J'Koby Williams",26,7,11,3.71428571428571,0.578203265525986,0.0222385871356148,0.0826004665037122,113,4.34615384615385,16.1428571428571,0.384615384615385,1,0,NA,NA,NA,NA,NA,NA,NA,"P4"
"2641","Texas Tech","fbs","Big 12",2024,5126468,"Will Hammond",11,3,11,3.66666666666667,5.0884116204689,0.462582874588082,1.69613720682297,51,4.63636363636364,17,0.454545454545455,2,1,NA,NA,NA,NA,NA,NA,NA,"P4"
"2641","Texas Tech","fbs","Big 12",2024,5193580,"Cameron Dickey",24,4,11,6,3.52142190529199,0.1467259127205,0.880355476322997,145,6.04166666666667,36.25,0.458333333333333,1,0,NA,NA,NA,NA,NA,NA,NA,"P4"
"2641","Texas Tech","fbs","Big 12",2024,5193926,"Cameran Brown",7,2,11,3.5,1.33108646125419,0.190155208750598,0.665543230627095,81,11.5714285714286,40.5,0.714285714285714,0,0,NA,NA,NA,NA,NA,NA,NA,"P4"
"2641","Texas Tech","fbs","Big 12",2024,5220111,"Adam Hill",1,1,11,1,-0.735123753746577,-0.735123753746577,-0.735123753746577,1,1,1,0,0,0,NA,NA,NA,NA,NA,NA,NA,"P4"
"2649","Toledo","fbs","Mid-American",2024,4428606,"Jacquez Stuart",52,9,11,5.77777777777778,-7.95346242827452,-0.152951200543741,-0.883718047586058,197,3.78846153846154,21.8888888888889,0.288461538461538,0,0,NA,NA,NA,NA,NA,NA,NA,"G6"
"2649","Toledo","fbs","Mid-American",2024,4429410,"Sevaughn Clark",50,9,11,5.55555555555556,-20.8024052388715,-0.416048104777431,-2.31137835987462,164,3.28,18.2222222222222,0.28,0,1,NA,NA,NA,NA,NA,NA,NA,"G6"
"2649","Toledo","fbs","Mid-American",2024,4429801,"Tucker Gleason",61,10,11,6.1,1.80808370322922,0.0296407164463806,0.180808370322922,370,6.0655737704918,37,0.442622950819672,5,5,NA,NA,NA,NA,NA,NA,NA,"G6"
"2649","Toledo","fbs","Mid-American",2024,4430254,"Jerjuan Newton",1,1,11,1,-0.737574935185493,-0.737574935185493,-0.737574935185493,1,1,1,0,0,0,NA,NA,NA,NA,NA,NA,NA,"G6"
"2649","Toledo","fbs","Mid-American",2024,4683272,"Willie Shaw III",39,5,11,7.8,3.55365791026162,0.0911194335964517,0.710731582052323,148,3.79487179487179,29.6,0.487179487179487,2,0,NA,NA,NA,NA,NA,NA,NA,"G6"
"2649","Toledo","fbs","Mid-American",2024,4812374,"Terrell Crosby Jr.",1,1,11,1,-0.641996044455985,-0.641996044455985,-0.641996044455985,2,2,2,0,0,0,NA,NA,NA,NA,NA,NA,NA,"G6"
"2649","Toledo","fbs","Mid-American",2024,4837200,"Junior Vandeross III",1,1,11,1,0.342572761296357,0.342572761296357,0.342572761296357,6,6,6,1,0,0,NA,NA,NA,NA,NA,NA,NA,"G6"
"2649","Toledo","fbs","Mid-American",2024,5078063,"Connor Walendzak",105,11,11,9.54545454545454,-20.9472015160034,-0.199497157295271,-1.9042910469094,406,3.86666666666667,36.9090909090909,0.304761904761905,1,1,238,237,237,234,203,228,214,"G6"
"2649","Toledo","fbs","Mid-American",2024,5082330,"John Alan Richter",8,3,11,2.66666666666667,-2.58171878105029,-0.322714847631286,-0.860572927016762,34,4.25,11.3333333333333,0.125,0,0,NA,NA,NA,NA,NA,NA,NA,"G6"
"2649","Toledo","fbs","Mid-American",2024,5220125,"Dane Nauman",2,1,11,2,-0.707202359562469,-0.353601179781235,-0.707202359562469,3,1.5,3,0,0,0,NA,NA,NA,NA,NA,NA,NA,"G6"
"265","Washington State","fbs","Pac-12",2024,4429967,"Kris Hutson",4,4,11,1,1.20003176186845,0.300007940467113,0.300007940467113,26,6.5,6.5,0.5,1,0,NA,NA,NA,NA,NA,NA,NA,"G6"
"265","Washington State","fbs","Pac-12",2024,4569635,"Dean Janikowski",1,1,11,1,-1.69823271511488,-1.69823271511488,-1.69823271511488,5,5,5,0,0,0,NA,NA,NA,NA,NA,NA,NA,"G6"
"265","Washington State","fbs","Pac-12",2024,4613202,"Kyle Williams",9,7,11,1.28571428571429,1.6748717183396,0.186096857593289,0.239267388334228,46,5.11111111111111,6.57142857142857,0.555555555555556,0,0,NA,NA,NA,NA,NA,NA,NA,"G6"
"265","Washington State","fbs","Pac-12",2024,4697633,"Dylan Paine",3,1,11,3,3.01098869453377,1.00366289817792,3.01098869453377,13,4.33333333333333,13,0.666666666666667,1,0,NA,NA,NA,NA,NA,NA,NA,"G6"
"265","Washington State","fbs","Pac-12",2024,4832819,"Djouvensky Schlenbaker",36,7,11,5.14285714285714,-5.21888542395315,-0.144969039554254,-0.745555060564736,120,3.33333333333333,17.1428571428571,0.361111111111111,2,0,NA,NA,NA,NA,NA,NA,NA,"G6"
"265","Washington State","fbs","Pac-12",2024,4915980,"John Mateer",139,11,11,12.6363636363636,45.1302053199759,0.324677736114934,4.10274593817962,884,6.35971223021583,80.3636363636364,0.532374100719424,14,2,12,13,13,21,47,39,51,"G6"
"265","Washington State","fbs","Pac-12",2024,5076654,"Leo Pulalasi",43,11,11,3.90909090909091,-2.42733575946133,-0.0564496688246822,-0.220666887223758,191,4.44186046511628,17.3636363636364,0.372093023255814,2,1,NA,NA,NA,NA,NA,NA,NA,"G6"
"265","Washington State","fbs","Pac-12",2024,5173431,"Wayshawn Parker",128,11,11,11.6363636363636,-16.0827470474128,-0.125646461307912,-1.46206791340116,575,4.4921875,52.2727272727273,0.3671875,3,1,229,226,219,194,130.5,189,143.5,"G6"
"2653","Troy","fbs","Sun Belt",2024,4427332,"Gerald Green",105,11,11,9.54545454545454,5.38983384923741,0.0513317509451181,0.489984895385219,528,5.02857142857143,48,0.466666666666667,3,1,134,135,127,61.5,150.5,133,163.5,"G6"
"2653","Troy","fbs","Sun Belt",2024,4431609,"Jarris Williams",2,1,11,2,-0.671087631966099,-0.33554381598305,-0.671087631966099,7,3.5,7,0,0,0,NA,NA,NA,NA,NA,NA,NA,"G6"
"2653","Troy","fbs","Sun Belt",2024,4431633,"Goose Crowder",11,2,11,5.5,2.28829450416676,0.208026773106069,1.14414725208338,45,4.09090909090909,22.5,0.363636363636364,1,0,NA,NA,NA,NA,NA,NA,NA,"G6"
"2653","Troy","fbs","Sun Belt",2024,4602785,"Peyton Higgins",1,1,11,1,-1.51779099323653,-1.51779099323653,-1.51779099323653,-3,-3,-3,0,0,0,NA,NA,NA,NA,NA,NA,NA,"G6"
"2653","Troy","fbs","Sun Belt",2024,4683889,"Damien Taylor",157,11,11,14.2727272727273,14.7959883305828,0.0942419638890624,1.3450898482348,903,5.7515923566879,82.0909090909091,0.414012738853503,6,1,80,82,90,122,40,70,45,"G6"
"2653","Troy","fbs","Sun Belt",2024,4701593,"Mojo Dortch",2,1,11,2,1.67853624180414,0.83926812090207,1.67853624180414,15,7.5,15,1,0,0,NA,NA,NA,NA,NA,NA,NA,"G6"
"2653","Troy","fbs","Sun Belt",2024,4709678,"Devonte Ross",6,6,11,1,0.155983332778608,0.0259972221297679,0.0259972221297679,36,6,6,0.5,0,0,NA,NA,NA,NA,NA,NA,NA,"G6"
"2653","Troy","fbs","Sun Belt",2024,4877717,"Matthew Caldwell",36,7,11,5.14285714285714,9.99056513785279,0.277515698273689,1.42722359112183,131,3.63888888888889,18.7142857142857,0.472222222222222,5,3,NA,NA,NA,NA,NA,NA,NA,"G6"
"2653","Troy","fbs","Sun Belt",2024,4880395,"Tae Meadows",2,2,11,1,2.09328698556485,1.04664349278243,1.04664349278243,42,21,21,0.5,0,0,NA,NA,NA,NA,NA,NA,NA,"G6"
"2653","Troy","fbs","Sun Belt",2024,4912119,"Tucker Kilcrease",26,5,11,5.2,-12.1885898019347,-0.468791915459026,-2.43771796038693,125,4.80769230769231,25,0.230769230769231,0,1,NA,NA,NA,NA,NA,NA,NA,"G6"
"2653","Troy","fbs","Sun Belt",2024,5120317,"Jordan Lovett",17,4,11,4.25,-3.46981954888123,-0.204107032287131,-0.867454887220307,53,3.11764705882353,13.25,0.352941176470588,1,0,NA,NA,NA,NA,NA,NA,NA,"G6"
"2653","Troy","fbs","Sun Belt",2024,5227998,"Roman Mothershed",1,1,11,1,0.435638592513043,0.435638592513043,0.435638592513043,8,8,8,1,0,0,NA,NA,NA,NA,NA,NA,NA,"G6"
"2655","Tulane","fbs","American Athletic",2024,4431618,"Mario Williams",1,1,12,1,0.79068021066318,0.79068021066318,0.79068021066318,1,1,1,1,0,0,NA,NA,NA,NA,NA,NA,NA,"G6"
"2655","Tulane","fbs","American Athletic",2024,4432774,"Ty Thompson",36,9,12,4,14.0928532648055,0.391468146244598,1.56587258497839,220,6.11111111111111,24.4444444444444,0.555555555555556,4,0,NA,NA,NA,NA,NA,NA,NA,"G6"
"2655","Tulane","fbs","American Athletic",2024,4565297,"Dontae Fleming",3,3,12,1,0.423477090465782,0.141159030155261,0.141159030155261,21,7,7,0.333333333333333,0,0,NA,NA,NA,NA,NA,NA,NA,"G6"
"2655","Tulane","fbs","American Athletic",2024,4596539,"Yulkeith Brown",8,6,12,1.33333333333333,2.22867306924131,0.278584133655164,0.371445511540219,41,5.125,6.83333333333333,0.375,1,0,NA,NA,NA,NA,NA,NA,NA,"G6"
"2655","Tulane","fbs","American Athletic",2024,4686769,"Shaadie Clayton-Johnson",24,8,12,3,2.98101555311221,0.124208981379676,0.372626944139027,159,6.625,19.875,0.458333333333333,1,0,NA,NA,NA,NA,NA,NA,NA,"G6"
"2655","Tulane","fbs","American Athletic",2024,4816098,"Makhi Hughes",241,12,12,20.0833333333333,14.3382748490898,0.0594949163862648,1.19485623742415,1279,5.30705394190871,106.583333333333,0.402489626556017,14,0,82,89,120,139,10,101,15,"G6"
"2655","Tulane","fbs","American Athletic",2024,5075952,"Trey Cornist",19,4,12,4.75,-1.73915252948861,-0.0915343436572954,-0.434788132372153,116,6.10526315789474,29,0.421052631578947,1,1,NA,NA,NA,NA,NA,NA,NA,"G6"
"2655","Tulane","fbs","American Athletic",2024,5091736,"George Arata",2,1,12,2,-1.61589817709086,-0.807949088545428,-1.61589817709086,5,2.5,5,0,0,0,NA,NA,NA,NA,NA,NA,NA,"G6"
"2655","Tulane","fbs","American Athletic",2024,5091741,"Brice Busch",1,1,12,1,-3.3707257918386,-3.3707257918386,-3.3707257918386,-9,-9,-9,0,0,1,NA,NA,NA,NA,NA,NA,NA,"G6"
"2655","Tulane","fbs","American Athletic",2024,5110516,"Arnold Barnes III",78,12,12,6.5,7.3735425775817,0.0945325971484834,0.614461881465142,374,4.79487179487179,31.1666666666667,0.423076923076923,5,1,117,129,89,110,210,154,229,"G6"
"2655","Tulane","fbs","American Athletic",2024,5121169,"Darian Mensah",41,12,12,3.41666666666667,23.5485671311501,0.574355295881709,1.96238059426251,240,5.85365853658537,20,0.585365853658537,1,1,NA,NA,NA,NA,NA,NA,NA,"G6"
"2655","Tulane","fbs","American Athletic",2024,5148838,"Jamauri McClure",14,2,12,7,-0.409564338209217,-0.0292545955863727,-0.204782169104609,104,7.42857142857143,52,0.428571428571429,1,0,NA,NA,NA,NA,NA,NA,NA,"G6"
"2711","Western Michigan","fbs","Mid-American",2024,4427709,"Keshawn King",8,1,11,8,-2.03325205035173,-0.254156506293967,-2.03325205035173,22,2.75,22,0.25,0,0,NA,NA,NA,NA,NA,NA,NA,"G6"
"2711","Western Michigan","fbs","Mid-American",2024,4430775,"Hayden Wolff",13,10,11,1.3,-18.9297355375315,-1.45613350288704,-1.89297355375315,11,0.846153846153846,1.1,0,0,2,NA,NA,NA,NA,NA,NA,NA,"G6"
"2711","Western Michigan","fbs","Mid-American",2024,4682904,"Zahir Abdus-Salaam",86,11,11,7.81818181818182,5.14001931280007,0.0597676664279078,0.467274482981825,334,3.88372093023256,30.3636363636364,0.406976744186047,1,0,137,138,119,130,219,227,231,"G6"
"2711","Western Michigan","fbs","Mid-American",2024,4683165,"Jaden Nixon",111,11,11,10.0909090909091,-10.9290098087511,-0.0984595478265868,-0.993546346250103,686,6.18018018018018,62.3636363636364,0.306306306306306,10,2,213,210,210,231,88,47,108,"G6"
"2711","Western Michigan","fbs","Mid-American",2024,4696147,"Kenneth Womack",2,2,11,1,-0.863439839574485,-0.431719919787242,-0.431719919787242,7,3.5,3.5,0,0,0,NA,NA,NA,NA,NA,NA,NA,"G6"
"2711","Western Michigan","fbs","Mid-American",2024,4710744,"Malique Dieudonne",1,1,11,1,-0.703034793258662,-0.703034793258662,-0.703034793258662,0,0,0,0,0,0,NA,NA,NA,NA,NA,NA,NA,"G6"
"2711","Western Michigan","fbs","Mid-American",2024,4909483,"Jordin Parker",3,3,11,1,2.60476786875124,0.868255956250415,0.868255956250415,55,18.3333333333333,18.3333333333333,0.666666666666667,0,0,NA,NA,NA,NA,NA,NA,NA,"G6"
"2711","Western Michigan","fbs","Mid-American",2024,4910682,"Jamal Hailey",4,2,11,2,-0.657377342734086,-0.164344335683522,-0.328688671367043,9,2.25,4.5,0.25,0,0,NA,NA,NA,NA,NA,NA,NA,"G6"
"2711","Western Michigan","fbs","Mid-American",2024,4912229,"Palmer Domschke",1,1,11,1,4.96050856192244,4.96050856192244,4.96050856192244,26,26,26,1,0,0,NA,NA,NA,NA,NA,NA,NA,"G6"
"2711","Western Michigan","fbs","Mid-American",2024,5074245,"Broc Lowry",17,7,11,2.42857142857143,4.98241728352728,0.293083369619252,0.711773897646754,94,5.52941176470588,13.4285714285714,0.352941176470588,3,0,NA,NA,NA,NA,NA,NA,NA,"G6"
"2711","Western Michigan","fbs","Mid-American",2024,5085006,"Jalen Buckley",121,9,11,13.4444444444444,39.0928548794806,0.323081445284963,4.34365054216451,574,4.74380165289256,63.7777777777778,0.528925619834711,8,1,16,11,14,22,132,162,102,"G6"
"2711","Western Michigan","fbs","Mid-American",2024,5124516,"Tre' Hartwell",3,1,11,3,-1.69842364565036,-0.566141215216786,-1.69842364565036,4,1.33333333333333,4,0,0,0,NA,NA,NA,NA,NA,NA,NA,"G6"
"2711","Western Michigan","fbs","Mid-American",2024,5150505,"Lorenzo Williams Jr.",1,1,11,1,-0.167577923633609,-0.167577923633609,-0.167577923633609,4,4,4,0,0,0,NA,NA,NA,NA,NA,NA,NA,"G6"
"275","Wisconsin","fbs","Big Ten",2024,4426409,"Chez Mellusi",39,3,11,13,-0.123870047405753,-0.00317615506168597,-0.0412900158019176,171,4.38461538461539,57,0.487179487179487,1,1,NA,NA,NA,NA,NA,NA,NA,"P4"
"275","Wisconsin","fbs","Big Ten",2024,4683114,"Will Pauling",1,1,11,1,-0.0722271932879734,-0.0722271932879734,-0.0722271932879734,4,4,4,0,0,0,NA,NA,NA,NA,NA,NA,NA,"P4"
"275","Wisconsin","fbs","Big Ten",2024,4685186,"Tyler Van Dyke",7,2,11,3.5,4.20663875965267,0.600948394236096,2.10331937982634,39,5.57142857142857,19.5,0.714285714285714,1,0,NA,NA,NA,NA,NA,NA,NA,"P4"
"275","Wisconsin","fbs","Big Ten",2024,4702829,"Braedyn Locke",10,5,11,2,5.33990166071979,0.533990166071979,1.06798033214396,59,5.9,11.8,0.8,2,0,NA,NA,NA,NA,NA,NA,NA,"P4"
"275","Wisconsin","fbs","Big Ten",2024,4869341,"Cade Yacamelli",25,6,11,4.16666666666667,-0.904013245950119,-0.0361605298380048,-0.15066887432502,201,8.04,33.5,0.48,2,1,NA,NA,NA,NA,NA,NA,NA,"P4"
"275","Wisconsin","fbs","Big Ten",2024,4869816,"Vinny Anthony II",1,1,11,1,-0.081023823018505,-0.081023823018505,-0.081023823018505,4,4,4,0,0,0,NA,NA,NA,NA,NA,NA,NA,"P4"
"275","Wisconsin","fbs","Big Ten",2024,5077266,"Trech Kekahuna",1,1,11,1,0.529958364190046,0.529958364190046,0.529958364190046,11,11,11,1,0,0,NA,NA,NA,NA,NA,NA,NA,"P4"
"275","Wisconsin","fbs","Big Ten",2024,5079378,"Darrion Dupree",72,10,11,7.2,-10.2796037238169,-0.142772273941902,-1.02796037238169,290,4.02777777777778,29,0.402777777777778,1,0,208,211,226,137,235,221,233,"P4"
"275","Wisconsin","fbs","Big Ten",2024,5079482,"Dilin Jones",12,2,11,6,-2.61151342948993,-0.217626119124161,-1.30575671474496,74,6.16666666666667,37,0.166666666666667,0,0,NA,NA,NA,NA,NA,NA,NA,"P4"
"275","Wisconsin","fbs","Big Ten",2024,5079533,"Mabrey Mettauer",1,1,11,1,-0.913243909875036,-0.913243909875036,-0.913243909875036,2,2,2,0,0,0,NA,NA,NA,NA,NA,NA,NA,"P4"
"275","Wisconsin","fbs","Big Ten",2024,5081926,"Tawee Walker",188,11,11,17.0909090909091,-10.487045206813,-0.0557821553553884,-0.953367746073912,847,4.50531914893617,77,0.388297872340426,10,1,210,206,187,164,49,187,57,"P4"
"275","Wisconsin","fbs","Big Ten",2024,5126510,"Gideon Ituka",2,1,11,2,-0.70268750618662,-0.35134375309331,-0.70268750618662,4,2,4,0,0,0,NA,NA,NA,NA,NA,NA,NA,"P4"
"275","Wisconsin","fbs","Big Ten",2024,5160651,"Atticus Bertrams",1,1,11,1,4.73998971055082,4.73998971055082,4.73998971055082,15,15,15,1,0,0,NA,NA,NA,NA,NA,NA,NA,"P4"
"2751","Wyoming","fbs","Mountain West",2024,4427983,"Dawaiian McNeely",1,1,11,1,0.858895276211078,0.858895276211078,0.858895276211078,8,8,8,1,0,0,NA,NA,NA,NA,NA,NA,NA,"G6"
"2751","Wyoming","fbs","Mountain West",2024,4567532,"Devin Boddie Jr.",1,1,11,1,-0.599074990629936,-0.599074990629936,-0.599074990629936,2,2,2,0,0,0,NA,NA,NA,NA,NA,NA,NA,"G6"
"2751","Wyoming","fbs","Mountain West",2024,4576294,"Harrison Waylee",62,4,11,15.5,7.76230050105866,0.125198395178365,1.94057512526467,320,5.16129032258065,80,0.5,1,1,NA,NA,NA,NA,NA,NA,NA,"G6"
"2751","Wyoming","fbs","Mountain West",2024,4688818,"DJ Jones",38,3,11,12.6666666666667,-16.2994991747992,-0.428934188810504,-5.43316639159972,83,2.18421052631579,27.6666666666667,0.131578947368421,0,0,NA,NA,NA,NA,NA,NA,NA,"G6"
"2751","Wyoming","fbs","Mountain West",2024,4700138,"Sam Scott",90,8,11,11.25,-6.32851045406394,-0.0703167828229327,-0.791063806757992,428,4.75555555555556,53.5,0.377777777777778,3,0,188,198,194,181,188.5,160,135,"G6"
"2751","Wyoming","fbs","Mountain West",2024,4869443,"Tyler King",13,6,11,2.16666666666667,-2.97665324601084,-0.228973326616218,-0.49610887433514,100,7.69230769230769,16.6666666666667,0.461538461538462,2,1,NA,NA,NA,NA,NA,NA,NA,"G6"
"2751","Wyoming","fbs","Mountain West",2024,4899468,"Kaden Anderson",19,6,11,3.16666666666667,-3.81716169442321,-0.200903247074906,-0.636193615737201,48,2.52631578947368,8,0.315789473684211,2,1,NA,NA,NA,NA,NA,NA,NA,"G6"
"2751","Wyoming","fbs","Mountain West",2024,5082633,"Evan Svoboda",67,10,11,6.7,8.8014140345139,0.131364388574834,0.88014140345139,337,5.02985074626866,33.7,0.402985074626866,5,2,NA,NA,NA,NA,NA,NA,NA,"G6"
"2751","Wyoming","fbs","Mountain West",2024,5122082,"Justin Stevenson",4,3,11,1.33333333333333,-1.17072702724059,-0.292681756810147,-0.390242342413529,24,6,8,0.5,0,0,NA,NA,NA,NA,NA,NA,NA,"G6"
"2751","Wyoming","fbs","Mountain West",2024,5122083,"Jayden Williams",1,1,11,1,4.42680765283164,4.42680765283164,4.42680765283164,17,17,17,1,0,0,NA,NA,NA,NA,NA,NA,NA,"G6"
"2751","Wyoming","fbs","Mountain West",2024,5152198,"Tyrecus Davis",1,1,11,1,-3.00648695125738,-3.00648695125738,-3.00648695125738,-10,-10,-10,0,0,0,NA,NA,NA,NA,NA,NA,NA,"G6"
"2751","Wyoming","fbs","Mountain West",2024,5152200,"Jamari Ferrell",70,11,11,6.36363636363636,-11.6846215381736,-0.166923164831052,-1.06223832165215,294,4.2,26.7272727272727,0.3,1,0,215,214,230,235.5,233,209,237,"G6"
"2751","Wyoming","fbs","Mountain West",2024,5193298,"Chris Durr Jr.",2,2,11,1,-1.29476257305702,-0.647381286528509,-0.647381286528509,5,2.5,2.5,0,0,0,NA,NA,NA,NA,NA,NA,NA,"G6"
"2751","Wyoming","fbs","Mountain West",2024,5193325,"Jake Wilson",1,1,11,1,-1.06830983773331,-1.06830983773331,-1.06830983773331,-1,-1,-1,0,0,0,NA,NA,NA,NA,NA,NA,NA,"G6"
"276","Marshall","fbs","Sun Belt",2024,4431651,"Elijah Metcalf",1,1,12,1,-1.71033527474988,-1.71033527474988,-1.71033527474988,-6,-6,-6,0,0,0,NA,NA,NA,NA,NA,NA,NA,"G6"
"276","Marshall","fbs","Sun Belt",2024,4568312,"Jordan Houston",99,12,12,8.25,5.67049715691402,0.0572777490597376,0.472541429742835,510,5.15151515151515,42.5,0.373737373737374,2,0,130,137,122,187,159,116,192,"G6"
"276","Marshall","fbs","Sun Belt",2024,4600403,"Braylon Braxton",112,10,12,11.2,6.79175239004838,0.0606406463397177,0.679175239004838,640,5.71428571428571,64,0.464285714285714,4,2,123,117,116,64,103,73,101,"G6"
"276","Marshall","fbs","Sun Belt",2024,4685290,"Tychaun Chapman",7,5,12,1.4,0.229820390030278,0.0328314842900397,0.0459640780060556,36,5.14285714285714,7.2,0.571428571428571,1,0,NA,NA,NA,NA,NA,NA,NA,"G6"
"276","Marshall","fbs","Sun Belt",2024,4691272,"Stone Earle",38,4,12,9.5,-6.69828625533236,-0.176270690929799,-1.67457156383309,123,3.23684210526316,30.75,0.394736842105263,0,3,NA,NA,NA,NA,NA,NA,NA,"G6"
"276","Marshall","fbs","Sun Belt",2024,4709672,"Ethan Payne",61,12,12,5.08333333333333,12.6280576702016,0.207017338855765,1.05233813918347,274,4.49180327868852,22.8333333333333,0.442622950819672,7,1,NA,NA,NA,NA,NA,NA,NA,"G6"
"276","Marshall","fbs","Sun Belt",2024,4869817,"Cole Pennington",1,1,12,1,0.241519900326697,0.241519900326697,0.241519900326697,6,6,6,1,0,0,NA,NA,NA,NA,NA,NA,NA,"G6"
"276","Marshall","fbs","Sun Belt",2024,4880845,"Chuck Montgomery",3,3,12,1,-1.36236567251239,-0.454121890837462,-0.454121890837462,7,2.33333333333333,2.33333333333333,0,0,0,NA,NA,NA,NA,NA,NA,NA,"G6"
"276","Marshall","fbs","Sun Belt",2024,5082548,"A.J. Turner",95,10,12,9.5,27.6395893306173,0.290943045585445,2.76395893306173,712,7.49473684210526,71.2,0.515789473684211,5,0,29,27,18,28,81,6,72,"G6"
"276","Marshall","fbs","Sun Belt",2024,5082559,"Rece Verhoff",1,1,12,1,4.30071288569418,4.30071288569418,4.30071288569418,9,9,9,1,0,0,NA,NA,NA,NA,NA,NA,NA,"G6"
"276","Marshall","fbs","Sun Belt",2024,5148868,"Moses Gray",6,2,12,3,-2.76060897567021,-0.460101495945034,-1.3803044878351,12,2,6,0,0,0,NA,NA,NA,NA,NA,NA,NA,"G6"
"276","Marshall","fbs","Sun Belt",2024,5172403,"Alec Clark",1,1,12,1,0,0,0,-6,-6,-6,0,0,1,NA,NA,NA,NA,NA,NA,NA,"G6"
"277","West Virginia","fbs","Big 12",2024,4426664,"Leighton Bechdel",1,1,11,1,4.45863989239422,4.45863989239422,4.45863989239422,14,14,14,1,1,0,NA,NA,NA,NA,NA,NA,NA,"P4"
"277","West Virginia","fbs","Big 12",2024,4429847,"Garrett Greene",99,9,11,11,26.5022929898551,0.267699929190455,2.94469922109501,692,6.98989898989899,76.8888888888889,0.515151515151515,4,3,34,25,24,29,84,16,58,"P4"
"277","West Virginia","fbs","Big 12",2024,4685459,"Nicco Marchiol",32,6,11,5.33333333333333,-5.3284254557208,-0.166513295491275,-0.8880709092868,142,4.4375,23.6666666666667,0.34375,1,2,NA,NA,NA,NA,NA,NA,NA,"P4"
"277","West Virginia","fbs","Big 12",2024,4691003,"Preston Fox",1,1,11,1,-0.532666432961173,-0.532666432961173,-0.532666432961173,0,0,0,0,0,0,NA,NA,NA,NA,NA,NA,NA,"P4"
"277","West Virginia","fbs","Big 12",2024,4870754,"Rodney Gallagher III",16,8,11,2,-4.93996793897494,-0.308747996185934,-0.617495992371868,53,3.3125,6.625,0.3125,0,0,NA,NA,NA,NA,NA,NA,NA,"P4"
"277","West Virginia","fbs","Big 12",2024,4870912,"Traylon Ray",1,1,11,1,-0.561296264393064,-0.561296264393064,-0.561296264393064,2,2,2,0,0,0,NA,NA,NA,NA,NA,NA,NA,"P4"
"277","West Virginia","fbs","Big 12",2024,4898589,"Oliver Straw",1,1,11,1,3.92343754886051,3.92343754886051,3.92343754886051,12,12,12,1,0,0,NA,NA,NA,NA,NA,NA,NA,"P4"
"277","West Virginia","fbs","Big 12",2024,4911971,"Jahiem White",132,11,11,12,7.44769951448024,0.0564219660187897,0.677063592225477,720,5.45454545454545,65.4545454545455,0.401515151515151,6,1,116,119,125,142,79,91,95,"P4"
"277","West Virginia","fbs","Big 12",2024,4913159,"Jaylen Anderson",9,3,11,3,-1.62222692642705,-0.180247436269672,-0.540742308809015,34,3.77777777777778,11.3333333333333,0.333333333333333,0,1,NA,NA,NA,NA,NA,NA,NA,"P4"
"277","West Virginia","fbs","Big 12",2024,5079386,"Ric'Darious Farmer",2,2,11,1,-0.335664491384293,-0.167832245692147,-0.167832245692147,6,3,3,0,0,0,NA,NA,NA,NA,NA,NA,NA,"P4"
"277","West Virginia","fbs","Big 12",2024,5081999,"CJ Donaldson Jr.",126,11,11,11.4545454545455,5.97996283993449,0.0474600225391626,0.54363298544859,536,4.25396825396825,48.7272727272727,0.412698412698413,8,0,129,132,129,123.5,147,204,157,"P4"
"277","West Virginia","fbs","Big 12",2024,5086378,"Diore Hubbard",1,1,11,1,-0.558183127077627,-0.558183127077627,-0.558183127077627,1,1,1,0,0,0,NA,NA,NA,NA,NA,NA,NA,"P4"
"278","Fresno State","fbs","Mountain West",2024,4431053,"Mac Dalena",4,4,11,1,0.0733772282906865,0.0183443070726716,0.0183443070726716,21,5.25,5.25,0.25,0,0,NA,NA,NA,NA,NA,NA,NA,"G6"
"278","Fresno State","fbs","Mountain West",2024,4597499,"Mikey Keene",20,9,11,2.22222222222222,-13.4484787426067,-0.672423937130335,-1.49427541584519,8,0.4,0.888888888888889,0.15,0,3,NA,NA,NA,NA,NA,NA,NA,"G6"
"278","Fresno State","fbs","Mountain West",2024,4607267,"Malik Sherrod",37,3,11,12.3333333333333,-14.6723496009612,-0.396549989215169,-4.89078320032042,142,3.83783783783784,47.3333333333333,0.216216216216216,2,0,NA,NA,NA,NA,NA,NA,NA,"G6"
"278","Fresno State","fbs","Mountain West",2024,4685824,"Johnathan Arceneaux",21,7,11,3,1.79048713230316,0.0852612920144363,0.255783876043309,101,4.80952380952381,14.4285714285714,0.333333333333333,0,0,NA,NA,NA,NA,NA,NA,NA,"G6"
"278","Fresno State","fbs","Mountain West",2024,4699761,"Elijah Gilliam",108,11,11,9.81818181818182,-5.35160884919616,-0.0495519337888534,-0.486509895381469,287,2.65740740740741,26.0909090909091,0.305555555555556,8,1,183,180,183,232,236,242,239,"G6"
"278","Fresno State","fbs","Mountain West",2024,4832830,"Joshua Wood",23,10,11,2.3,3.19966152109514,0.139115718308484,0.319966152109514,64,2.78260869565217,6.4,0.565217391304348,4,0,NA,NA,NA,NA,NA,NA,NA,"G6"
"278","Fresno State","fbs","Mountain West",2024,4872957,"Raylen Sharpe",4,3,11,1.33333333333333,0.349869174871127,0.0874672937177817,0.116623058290376,16,4,5.33333333333333,0.25,0,0,NA,NA,NA,NA,NA,NA,NA,"G6"
"278","Fresno State","fbs","Mountain West",2024,5082315,"Nathan Acevedo",1,1,11,1,0.20117090813525,0.20117090813525,0.20117090813525,8,8,8,1,0,0,NA,NA,NA,NA,NA,NA,NA,"G6"
"278","Fresno State","fbs","Mountain West",2024,5175334,"Bryson Donelson",61,10,11,6.1,1.7860145697274,0.0292789273725803,0.17860145697274,365,5.98360655737705,36.5,0.442622950819672,2,0,NA,NA,NA,NA,NA,NA,NA,"G6"
"290","Georgia Southern","fbs","Sun Belt",2024,4565355,"Dexter Williams II",10,4,11,2.5,-3.30335678317817,-0.330335678317817,-0.825839195794544,63,6.3,15.75,0.4,1,2,NA,NA,NA,NA,NA,NA,NA,"G6"
"290","Georgia Southern","fbs","Sun Belt",2024,4602940,"Derwin Burgess Jr.",1,1,11,1,-0.674207724719046,-0.674207724719046,-0.674207724719046,2,2,2,0,0,0,NA,NA,NA,NA,NA,NA,NA,"G6"
"290","Georgia Southern","fbs","Sun Belt",2024,4610703,"Jalen White",133,11,11,12.0909090909091,-0.526092650244599,-0.00395558383642555,-0.0478266045676908,602,4.52631578947368,54.7272727272727,0.398496240601504,10,0,164,164,164,147,122,183,130,"G6"
"290","Georgia Southern","fbs","Sun Belt",2024,4685345,"JC French",69,10,11,6.9,11.6490806005395,0.168827255080283,1.16490806005395,335,4.85507246376812,33.5,0.521739130434783,1,5,93,91,51,26,218,149,223,"G6"
"290","Georgia Southern","fbs","Sun Belt",2024,4838269,"OJ Arnold",57,10,11,5.7,6.39650928872773,0.11221946120575,0.639650928872773,268,4.70175438596491,26.8,0.473684210526316,2,1,NA,NA,NA,NA,NA,NA,NA,"G6"
"290","Georgia Southern","fbs","Sun Belt",2024,4838527,"Josh Dallas",3,2,11,1.5,1.75677546108132,0.585591820360442,0.878387730540662,24,8,12,0.666666666666667,1,0,NA,NA,NA,NA,NA,NA,NA,"G6"
"290","Georgia Southern","fbs","Sun Belt",2024,4907543,"Marcus Sanders Jr.",1,1,11,1,-0.558659173133321,-0.558659173133321,-0.558659173133321,1,1,1,0,0,0,NA,NA,NA,NA,NA,NA,NA,"G6"
"290","Georgia Southern","fbs","Sun Belt",2024,4907573,"Dalen Cobb",6,4,11,1.5,-4.57188128301105,-0.761980213835175,-1.14297032075276,12,2,3,0.5,0,1,NA,NA,NA,NA,NA,NA,NA,"G6"
"290","Georgia Southern","fbs","Sun Belt",2024,5087357,"DeAndre Buchannon",4,4,11,1,-7.08785120120168,-1.77196280030042,-1.77196280030042,8,2,2,0.25,0,1,NA,NA,NA,NA,NA,NA,NA,"G6"
"290","Georgia Southern","fbs","Sun Belt",2024,5145592,"Tyler Budge",1,1,11,1,0.49342614608539,0.49342614608539,0.49342614608539,9,9,9,1,0,0,NA,NA,NA,NA,NA,NA,NA,"G6"
"290","Georgia Southern","fbs","Sun Belt",2024,5151112,"David Mbadinga",46,11,11,4.18181818181818,-2.67902778743883,-0.0582397345095398,-0.243547980676257,172,3.73913043478261,15.6363636363636,0.304347826086957,3,0,NA,NA,NA,NA,NA,NA,NA,"G6"
"295","Old Dominion","fbs","Sun Belt",2024,553074,"Aaron Young",147,10,12,14.7,6.22243659486435,0.0423295006453357,0.622243659486435,725,4.93197278911565,72.5,0.476190476190476,6,0,128,125,133,49,77,142,68,"G6"
"295","Old Dominion","fbs","Sun Belt",2024,4427518,"Demariyon Houston",1,1,12,1,-0.41204878430398,-0.41204878430398,-0.41204878430398,4,4,4,0,0,0,NA,NA,NA,NA,NA,NA,NA,"G6"
"295","Old Dominion","fbs","Sun Belt",2024,4574732,"Aaron Young",23,1,12,23,3.97144283948674,0.172671427803771,3.97144283948674,119,5.17391304347826,119,0.521739130434783,2,0,NA,NA,NA,NA,NA,NA,NA,"G6"
"295","Old Dominion","fbs","Sun Belt",2024,4683986,"Tariq Sims",32,7,12,4.57142857142857,-5.57291962981417,-0.174153738431693,-0.796131375687738,111,3.46875,15.8571428571429,0.3125,2,0,NA,NA,NA,NA,NA,NA,NA,"G6"
"295","Old Dominion","fbs","Sun Belt",2024,4695867,"Grant Wilson",16,3,12,5.33333333333333,5.58643167375151,0.349151979609469,1.8621438912505,121,7.5625,40.3333333333333,0.5,1,2,NA,NA,NA,NA,NA,NA,NA,"G6"
"295","Old Dominion","fbs","Sun Belt",2024,4832874,"Bryce Duke",46,10,12,4.6,5.4170968181087,0.117762974306711,0.54170968181087,267,5.80434782608696,26.7,0.391304347826087,0,0,NA,NA,NA,NA,NA,NA,NA,"G6"
"295","Old Dominion","fbs","Sun Belt",2024,4875867,"Isiah Paige",4,3,12,1.33333333333333,-0.737478325525713,-0.184369581381428,-0.245826108508571,11,2.75,3.66666666666667,0.5,0,0,NA,NA,NA,NA,NA,NA,NA,"G6"
"295","Old Dominion","fbs","Sun Belt",2024,4922993,"Devin Roche",41,8,12,5.125,4.0327280915576,0.0983592217453073,0.5040910114447,274,6.68292682926829,34.25,0.463414634146341,2,1,NA,NA,NA,NA,NA,NA,NA,"G6"
"295","Old Dominion","fbs","Sun Belt",2024,5125715,"Colton Joseph",95,9,12,10.5555555555556,37.4073312731649,0.393761381822788,4.15637014146277,623,6.55789473684211,69.2222222222222,0.557894736842105,11,4,18,12,7,10,112.5,29,76,"G6"
"295","Old Dominion","fbs","Sun Belt",2024,5193346,"Quinn Henicle",27,3,12,9,13.6175826572911,0.504354913233002,4.53919421909702,322,11.9259259259259,107.333333333333,0.518518518518518,3,0,NA,NA,NA,NA,NA,NA,NA,"G6"
"30","USC","fbs","Big Ten",2024,4429059,"Woody Marks",199,12,12,16.5833333333333,40.2654927470152,0.20233915953274,3.35545772891793,1206,6.06030150753769,100.5,0.457286432160804,8,1,14,19,41,70,15,51,21,"P4"
"30","USC","fbs","Big Ten",2024,4431580,"Miller Moss",11,7,12,1.57142857142857,4.61176958799529,0.419251780726844,0.658824226856469,41,3.72727272727273,5.85714285714286,0.454545454545455,2,0,NA,NA,NA,NA,NA,NA,NA,"P4"
"30","USC","fbs","Big Ten",2024,4685454,"Jayden Maiava",13,6,12,2.16666666666667,9.6659951573069,0.743538089023608,1.61099919288448,82,6.30769230769231,13.6666666666667,0.923076923076923,4,0,NA,NA,NA,NA,NA,NA,NA,"P4"
"30","USC","fbs","Big Ten",2024,4870612,"Zachariah Branch",2,2,12,1,0.563609853817491,0.281804926908745,0.281804926908745,17,8.5,8.5,0.5,0,0,NA,NA,NA,NA,NA,NA,NA,"P4"
"30","USC","fbs","Big Ten",2024,4875428,"Jake Jensen",1,1,12,1,-0.997285253167481,-0.997285253167481,-0.997285253167481,-1,-1,-1,0,0,0,NA,NA,NA,NA,NA,NA,NA,"P4"
"30","USC","fbs","Big Ten",2024,4917949,"Quinten Joyner",66,12,12,5.5,20.2810912277306,0.307289261026221,1.69009093564422,531,8.04545454545454,44.25,0.515151515151515,3,1,NA,NA,NA,NA,NA,NA,NA,"P4"
"30","USC","fbs","Big Ten",2024,4918111,"A'Marion Peterson",4,2,12,2,1.36149575125156,0.340373937812891,0.680747875625781,22,5.5,11,0.25,1,0,NA,NA,NA,NA,NA,NA,NA,"P4"
"30","USC","fbs","Big Ten",2024,5079500,"Bryan Jackson",20,5,12,4,-2.72775250745004,-0.136387625372502,-0.545550501490008,128,6.4,25.6,0.4,0,0,NA,NA,NA,NA,NA,NA,NA,"P4"
"309","Louisiana","fbs","Sun Belt",2024,4373895,"Ben Wooldridge",45,9,12,5,24.2105279624846,0.538011732499658,2.69005866249829,269,5.97777777777778,29.8888888888889,0.644444444444444,5,1,NA,NA,NA,NA,NA,NA,NA,"G6"
"309","Louisiana","fbs","Sun Belt",2024,4426454,"Lance LeGendre",1,1,12,1,0.623864492307948,0.623864492307948,0.623864492307948,10,10,10,1,0,0,NA,NA,NA,NA,NA,NA,NA,"G6"
"309","Louisiana","fbs","Sun Belt",2024,4429595,"Chandler Fields",20,6,12,3.33333333333333,5.38756546987073,0.269378273493537,0.897927578311789,112,5.6,18.6666666666667,0.45,2,0,NA,NA,NA,NA,NA,NA,NA,"G6"
"309","Louisiana","fbs","Sun Belt",2024,4570300,"Landon Burton",1,1,12,1,1.56534707028424,1.56534707028424,1.56534707028424,0,0,0,1,1,0,NA,NA,NA,NA,NA,NA,NA,"G6"
"309","Louisiana","fbs","Sun Belt",2024,4685795,"Kendrell Williams",2,1,12,2,-1.10840712888462,-0.554203564442309,-1.10840712888462,5,2.5,5,0,0,0,NA,NA,NA,NA,NA,NA,NA,"G6"
"309","Louisiana","fbs","Sun Belt",2024,4685829,"Dre'lyn Washington",67,10,12,6.7,3.07298649983762,0.0458654701468301,0.307298649983762,459,6.85074626865672,45.9,0.358208955223881,4,1,NA,NA,NA,NA,NA,NA,NA,"G6"
"309","Louisiana","fbs","Sun Belt",2024,4917310,"Zylan Perry",96,11,12,8.72727272727273,7.46403962609189,0.0777504127717905,0.678549056917444,601,6.26041666666667,54.6363636363636,0.46875,4,1,115,118,101,58,123,43,131,"G6"
"309","Louisiana","fbs","Sun Belt",2024,5146661,"Daniel Beale",6,1,12,6,-9.15843844145547,-1.52640640690924,-9.15843844145547,15,2.5,15,0.166666666666667,0,0,NA,NA,NA,NA,NA,NA,NA,"G6"
"309","Louisiana","fbs","Sun Belt",2024,5156906,"Bill Davis",145,12,12,12.0833333333333,26.472985392498,0.18257231305171,2.2060821160415,832,5.73793103448276,69.3333333333333,0.386206896551724,9,0,35,44,46,171,53,72,75,"G6"
"309","Louisiana","fbs","Sun Belt",2024,5156915,"Tylon Citizen",6,2,12,3,-0.8250890497695,-0.13751484162825,-0.41254452488475,30,5,15,0.166666666666667,0,0,NA,NA,NA,NA,NA,NA,NA,"G6"
"324","Coastal Carolina","fbs","Sun Belt",2024,4608922,"Braydon Bennett",105,9,11,11.6666666666667,26.8685295087445,0.255890757226138,2.98539216763828,685,6.52380952380952,76.1111111111111,0.466666666666667,10,1,32,24,29,61.5,89.5,31,60,"G6"
"324","Coastal Carolina","fbs","Sun Belt",2024,4684421,"Simeon Price",43,8,11,5.375,-13.0613610021982,-0.303752581446471,-1.63267012527478,134,3.11627906976744,16.75,0.186046511627907,0,0,NA,NA,NA,NA,NA,NA,NA,"G6"
"324","Coastal Carolina","fbs","Sun Belt",2024,4690158,"Noah Kim",10,4,11,2.5,-3.00288651945015,-0.300288651945015,-0.750721629862537,23,2.3,5.75,0.4,0,2,NA,NA,NA,NA,NA,NA,NA,"G6"
"324","Coastal Carolina","fbs","Sun Belt",2024,4708621,"Kyre Duplessis",1,1,11,1,-0.495941193614274,-0.495941193614274,-0.495941193614274,1,1,1,0,0,0,NA,NA,NA,NA,NA,NA,NA,"G6"
"324","Coastal Carolina","fbs","Sun Belt",2024,4710765,"Jameson Tucker",1,1,11,1,0.947223273474293,0.947223273474293,0.947223273474293,15,15,15,1,0,0,NA,NA,NA,NA,NA,NA,NA,"G6"
"324","Coastal Carolina","fbs","Sun Belt",2024,4832918,"Ethan Vasko",93,11,11,8.45454545454546,15.8849423390542,0.170805831602734,1.44408566718675,436,4.68817204301075,39.6363636363636,0.56989247311828,5,0,75,74,50,7,184,168,200,"G6"
"324","Coastal Carolina","fbs","Sun Belt",2024,4912275,"Christian Washington",84,9,11,9.33333333333333,-13.3584352632001,-0.159028991228572,-1.48427058480001,413,4.91666666666667,45.8888888888889,0.30952380952381,3,0,221,227,228,229,198.5,143,172.5,"G6"
"324","Coastal Carolina","fbs","Sun Belt",2024,5157261,"Ja'Vin Simpkins",12,1,11,12,-3.42313997507268,-0.28526166458939,-3.42313997507268,80,6.66666666666667,80,0.416666666666667,0,1,NA,NA,NA,NA,NA,NA,NA,"G6"
"324","Coastal Carolina","fbs","Sun Belt",2024,5157266,"Bryson Graves",3,3,11,1,0.729967096478181,0.243322365492727,0.243322365492727,18,6,6,0.333333333333333,0,0,NA,NA,NA,NA,NA,NA,NA,"G6"
"324","Coastal Carolina","fbs","Sun Belt",2024,5157268,"Darren Lloyd",11,4,11,2.75,-1.18357112215946,-0.107597374741769,-0.295892780539865,82,7.45454545454545,20.5,0.363636363636364,0,0,NA,NA,NA,NA,NA,NA,NA,"G6"
"324","Coastal Carolina","fbs","Sun Belt",2024,5221074,"Tray Taylor",6,5,11,1.2,1.35563825914179,0.225939709856966,0.271127651828359,58,9.66666666666667,11.6,0.5,0,0,NA,NA,NA,NA,NA,NA,NA,"G6"
"326","Texas State","fbs","Sun Belt",2024,4360890,"Jordan McCloud",49,11,11,4.45454545454545,28.1860662805335,0.575225842459867,2.56236966186668,228,4.6530612244898,20.7272727272727,0.530612244897959,7,0,NA,NA,NA,NA,NA,NA,NA,"G6"
"326","Texas State","fbs","Sun Belt",2024,4432267,"Joey Hobert",3,2,11,1.5,-1.52780781275761,-0.509269270919202,-0.763903906378803,7,2.33333333333333,3.5,0.333333333333333,0,0,NA,NA,NA,NA,NA,NA,NA,"G6"
"326","Texas State","fbs","Sun Belt",2024,4575667,"Deion Hankins",53,8,11,6.625,-1.74003235260037,-0.0328307991056673,-0.217504044075046,243,4.58490566037736,30.375,0.377358490566038,2,1,NA,NA,NA,NA,NA,NA,NA,"G6"
"326","Texas State","fbs","Sun Belt",2024,4608607,"Lincoln Pare",67,9,11,7.44444444444444,-1.76239128864094,-0.0263043475916559,-0.195821254293438,247,3.6865671641791,27.4444444444444,0.373134328358209,6,0,NA,NA,NA,NA,NA,NA,NA,"G6"
"326","Texas State","fbs","Sun Belt",2024,4689266,"Drew Donley",1,1,11,1,-1.00749512200148,-1.00749512200148,-1.00749512200148,5,5,5,0,0,0,NA,NA,NA,NA,NA,NA,NA,"G6"
"326","Texas State","fbs","Sun Belt",2024,4876244,"RJ Martinez",5,2,11,2.5,-1.91985747725326,-0.383971495450652,-0.95992873862663,14,2.8,7,0.4,0,0,NA,NA,NA,NA,NA,NA,NA,"G6"
"326","Texas State","fbs","Sun Belt",2024,4916885,"Jaylen Jenkins",1,1,11,1,0,0,0,3,3,3,0,0,0,NA,NA,NA,NA,NA,NA,NA,"G6"
"326","Texas State","fbs","Sun Belt",2024,5084798,"Ismail Mahdi",149,11,11,13.5454545454545,5.494145212967,0.0368734578051477,0.499467746633364,628,4.21476510067114,57.0909090909091,0.429530201342282,3,2,133,134,138,102,110,207,122,"G6"
"326","Texas State","fbs","Sun Belt",2024,5088888,"Torrance Burgess Jr.",55,8,11,6.875,-9.35137620836215,-0.170025021970221,-1.16892202604527,298,5.41818181818182,37.25,0.490909090909091,2,2,NA,NA,NA,NA,NA,NA,NA,"G6"
"326","Texas State","fbs","Sun Belt",2024,5096863,NA,1,1,11,1,-0.567257405049896,-0.567257405049896,-0.567257405049896,0,0,0,0,0,0,NA,NA,NA,NA,NA,NA,NA,"G6"
"326","Texas State","fbs","Sun Belt",2024,5125765,"PJ Hatter",7,1,11,7,0.910369409739083,0.130052772819869,0.910369409739083,45,6.42857142857143,45,0.714285714285714,0,0,NA,NA,NA,NA,NA,NA,NA,"G6"
"326","Texas State","fbs","Sun Belt",2024,5148803,"Brad Jackson",23,3,11,7.66666666666667,16.4680562838692,0.71600244712475,5.48935209462308,171,7.43478260869565,57,0.652173913043478,4,0,NA,NA,NA,NA,NA,NA,NA,"G6"
"326","Texas State","fbs","Sun Belt",2024,5152414,"Beau Sparks",1,1,11,1,-1.47389455534159,-1.47389455534159,-1.47389455534159,-2,-2,-2,0,0,0,NA,NA,NA,NA,NA,NA,NA,"G6"
"328","Utah State","fbs","Mountain West",2024,4360480,"Spencer Petras",20,7,11,2.85714285714286,-5.0345177812066,-0.25172588906033,-0.719216825886657,69,3.45,9.85714285714286,0.4,1,1,NA,NA,NA,NA,NA,NA,NA,"G6"
"328","Utah State","fbs","Mountain West",2024,4574860,"Kyrese White",2,2,11,1,1.02178370559821,0.510891852799106,0.510891852799106,4,2,2,0.5,1,0,NA,NA,NA,NA,NA,NA,NA,"G6"
"328","Utah State","fbs","Mountain West",2024,4691055,"Elliott Nimrod",1,1,11,1,-1.16666174881925,-1.16666174881925,-1.16666174881925,10,10,10,0,0,0,NA,NA,NA,NA,NA,NA,NA,"G6"
"328","Utah State","fbs","Mountain West",2024,4695600,"Bryson Barnes",56,7,11,8,32.5121320792156,0.58057378712885,4.6445902970308,476,8.5,68,0.678571428571429,4,0,NA,NA,NA,NA,NA,NA,NA,"G6"
"328","Utah State","fbs","Mountain West",2024,4696561,"Jacob Conover",2,1,11,2,-2.1687165509624,-1.0843582754812,-2.1687165509624,2,1,2,0,0,1,NA,NA,NA,NA,NA,NA,NA,"G6"
"328","Utah State","fbs","Mountain West",2024,4702560,"Grant Page",1,1,11,1,-0.17558810639775,-0.17558810639775,-0.17558810639775,4,4,4,0,0,0,NA,NA,NA,NA,NA,NA,NA,"G6"
"328","Utah State","fbs","Mountain West",2024,4890060,"Jack Hestera",1,1,11,1,-0.178001700216369,-0.178001700216369,-0.178001700216369,4,4,4,0,0,0,NA,NA,NA,NA,NA,NA,NA,"G6"
"328","Utah State","fbs","Mountain West",2024,5082630,"Jalen Royals",1,1,11,1,-0.363667911895317,-0.363667911895317,-0.363667911895317,3,3,3,0,0,0,NA,NA,NA,NA,NA,NA,NA,"G6"
"328","Utah State","fbs","Mountain West",2024,5156933,"Rahsul Faison",175,11,11,15.9090909090909,22.8860738233052,0.130777564704601,2.08055216575502,990,5.65714285714286,90,0.405714285714286,7,0,44,47,73,132,29,77,32,"G6"
"328","Utah State","fbs","Mountain West",2024,5220665,"Nick Floyd",5,1,11,5,1.89728617999528,0.379457235999056,1.89728617999528,64,12.8,64,0.4,0,0,NA,NA,NA,NA,NA,NA,NA,"G6"
"328","Utah State","fbs","Mountain West",2024,5220666,"Derrick Jameson",16,4,11,4,1.67112830882044,0.104445519301277,0.41778207720511,140,8.75,35,0.375,2,0,NA,NA,NA,NA,NA,NA,NA,"G6"
"328","Utah State","fbs","Mountain West",2024,5220671,"Herschel Turner",70,9,11,7.77777777777778,-8.30227084996094,-0.118603869285156,-0.922474538884549,329,4.7,36.5555555555556,0.342857142857143,3,2,200,202,217,217,221,167,217,"G6"
"333","Alabama","fbs","SEC",2024,4432734,"Jalen Milroe",130,11,11,11.8181818181818,36.4198337277356,0.280152567136427,3.31089397524869,819,6.3,74.4545454545455,0.446153846153846,19,4,20,20,20,83.5,56,40,63,"P4"
"333","Alabama","fbs","SEC",2024,4685261,"Germie Bernard",4,3,11,1.33333333333333,3.86208789184703,0.965521972961758,1.28736263061568,37,9.25,12.3333333333333,1,1,0,NA,NA,NA,NA,NA,NA,NA,"P4"
"333","Alabama","fbs","SEC",2024,4685441,"Kendrick Law",6,4,11,1.5,1.84083769780292,0.306806282967154,0.460209424450731,39,6.5,9.75,0.666666666666667,0,0,NA,NA,NA,NA,NA,NA,NA,"P4"
"333","Alabama","fbs","SEC",2024,4685477,"Jam Miller",126,11,11,11.4545454545455,-8.79776835416389,-0.0698235583663801,-0.799797123105809,606,4.80952380952381,55.0909090909091,0.412698412698413,7,1,203,199,193,123.5,120,153,128,"P4"
"333","Alabama","fbs","SEC",2024,4685522,"Ty Simpson",5,4,11,1.25,3.23334283139003,0.646668566278007,0.808335707847509,38,7.6,9.5,0.6,1,0,NA,NA,NA,NA,NA,NA,NA,"P4"
"333","Alabama","fbs","SEC",2024,4870760,"Justice Haynes",73,11,11,6.63636363636364,2.6511658267002,0.0363173400917835,0.241015075154563,411,5.63013698630137,37.3636363636364,0.342465753424658,7,0,145,145,139,218,200,82,211,"P4"
"333","Alabama","fbs","SEC",2024,4870900,"Dylan Lonergan",1,1,11,1,1.1954231928848,1.1954231928848,1.1954231928848,16,16,16,1,0,0,NA,NA,NA,NA,NA,NA,NA,"P4"
"333","Alabama","fbs","SEC",2024,4871081,"Richard Young",18,4,11,4.5,-0.665216254695016,-0.0369564585941676,-0.166304063673754,114,6.33333333333333,28.5,0.333333333333333,1,0,NA,NA,NA,NA,NA,NA,NA,"P4"
"333","Alabama","fbs","SEC",2024,5079506,"Daniel Hill",17,4,11,4.25,-3.01990836473825,-0.177641668514015,-0.754977091184564,48,2.82352941176471,12,0.352941176470588,1,0,NA,NA,NA,NA,NA,NA,NA,"P4"
"333","Alabama","fbs","SEC",2024,5110500,"Kevin Riley",7,1,11,7,1.04311820481298,0.149016886401855,1.04311820481298,26,3.71428571428571,26,0.428571428571429,0,0,NA,NA,NA,NA,NA,NA,NA,"P4"
"333","Alabama","fbs","SEC",2024,5141711,"Ryan Williams",3,3,11,1,4.88264816624267,1.62754938874756,1.62754938874756,19,6.33333333333333,6.33333333333333,0.666666666666667,1,0,NA,NA,NA,NA,NA,NA,NA,"P4"
"338","Kennesaw State","fbs","Conference USA",2024,4573886,"Preston Daniels",29,10,11,2.9,7.17420853704113,0.24738650127728,0.717420853704113,74,2.55172413793103,7.4,0.517241379310345,3,0,NA,NA,NA,NA,NA,NA,NA,"G6"
"338","Kennesaw State","fbs","Conference USA",2024,4573916,"Michael Benefield",125,11,11,11.3636363636364,-10.4881733143941,-0.0839053865151527,-0.953470301308553,504,4.032,45.8181818181818,0.36,5,1,211,207,203,201,161.5,219,174.5,"G6"
"338","Kennesaw State","fbs","Conference USA",2024,4801308,"Khalib Johnson",4,2,11,2,-4.4546624548571,-1.11366561371428,-2.22733122742855,16,4,8,0.25,0,1,NA,NA,NA,NA,NA,NA,NA,"G6"
"338","Kennesaw State","fbs","Conference USA",2024,4876752,"Gabriel Benyard",4,4,11,1,-0.827235959083351,-0.206808989770838,-0.206808989770838,44,11,11,0.5,0,0,NA,NA,NA,NA,NA,NA,NA,"G6"
"338","Kennesaw State","fbs","Conference USA",2024,4876753,"Tykeem Wallace",4,4,11,1,-1.96206303736504,-0.490515759341261,-0.490515759341261,8,2,2,0,0,0,NA,NA,NA,NA,NA,NA,NA,"G6"
"338","Kennesaw State","fbs","Conference USA",2024,4888607,"Destun Thomas",1,1,11,1,0.378376910867867,0.378376910867867,0.378376910867867,14,14,14,1,0,0,NA,NA,NA,NA,NA,NA,NA,"G6"
"338","Kennesaw State","fbs","Conference USA",2024,5083103,"Davis Bryson",88,10,11,8.8,-6.36020212066621,-0.0722750240984797,-0.636020212066621,383,4.35227272727273,38.3,0.340909090909091,4,2,189,191,195,219,207,199,206,"G6"
"338","Kennesaw State","fbs","Conference USA",2024,5083104,"Braden Bohannon",4,1,11,4,-2.9524727188353,-0.738118179708824,-2.9524727188353,4,1,4,0,0,0,NA,NA,NA,NA,NA,NA,NA,"G6"
"338","Kennesaw State","fbs","Conference USA",2024,5083111,"Qua Ashley",110,11,11,10,-20.0848867013608,-0.18258987910328,-1.8258987910328,399,3.62727272727273,36.2727272727273,0.281818181818182,1,1,236,234,232,239,205,235,218,"G6"
"338","Kennesaw State","fbs","Conference USA",2024,5083119,"Alexander Diggs",9,2,11,4.5,1.79918911114079,0.199909901237865,0.899594555570393,29,3.22222222222222,14.5,0.444444444444444,0,0,NA,NA,NA,NA,NA,NA,NA,"G6"
"338","Kennesaw State","fbs","Conference USA",2024,5154224,"DJ Scott",2,1,11,2,-0.828733987356797,-0.414366993678398,-0.828733987356797,9,4.5,9,0,0,0,NA,NA,NA,NA,NA,NA,NA,"G6"
"338","Kennesaw State","fbs","Conference USA",2024,5154227,"Navelle Dean",1,1,11,1,-0.10411468290975,-0.10411468290975,-0.10411468290975,6,6,6,0,0,0,NA,NA,NA,NA,NA,NA,NA,"G6"
"344","Mississippi State","fbs","SEC",2024,4429077,"Keyvone Lee",20,3,11,6.66666666666667,10.6918353039073,0.534591765195363,3.56394510130242,100,5,33.3333333333333,0.6,1,0,NA,NA,NA,NA,NA,NA,NA,"P4"
"344","Mississippi State","fbs","SEC",2024,4565315,"Blake Shapen",17,3,11,5.66666666666667,-1.41602514332131,-0.0832955966659595,-0.472008381107104,53,3.11764705882353,17.6666666666667,0.294117647058824,1,1,NA,NA,NA,NA,NA,NA,NA,"P4"
"344","Mississippi State","fbs","SEC",2024,4685307,"Kevin Coleman Jr.",4,4,11,1,-0.665620189913896,-0.166405047478474,-0.166405047478474,11,2.75,2.75,0.5,0,0,NA,NA,NA,NA,NA,NA,NA,"P4"
"344","Mississippi State","fbs","SEC",2024,4870889,"Chris Parson",7,2,11,3.5,-3.68679553134877,-0.526685075906967,-1.84339776567438,24,3.42857142857143,12,0.428571428571429,0,0,NA,NA,NA,NA,NA,NA,NA,"P4"
"344","Mississippi State","fbs","SEC",2024,5079345,"Mario Craver",3,3,11,1,-1.32754177802223,-0.442513926007411,-0.442513926007411,7,2.33333333333333,2.33333333333333,0.333333333333333,0,0,NA,NA,NA,NA,NA,NA,NA,"P4"
"344","Mississippi State","fbs","SEC",2024,5079620,"Michael Van Buren Jr.",41,9,11,4.55555555555556,4.6852972031259,0.114275541539656,0.5205885781251,162,3.95121951219512,18,0.48780487804878,5,0,NA,NA,NA,NA,NA,NA,NA,"P4"
"344","Mississippi State","fbs","SEC",2024,5146781,"Xavier Gayten",5,3,11,1.66666666666667,3.03990479480024,0.607980958960048,1.01330159826675,99,19.8,33,0.6,1,0,NA,NA,NA,NA,NA,NA,NA,"P4"
"344","Mississippi State","fbs","SEC",2024,5153650,"Davon Booth",141,11,11,12.8181818181818,0.262456377562966,0.00186139274867352,0.0238596706875423,722,5.12056737588652,65.6363636363636,0.326241134751773,4,0,159,159,159,223,78,120,94,"P4"
"344","Mississippi State","fbs","SEC",2024,5218820,"Johnnie Daniels",99,11,11,9,9.01438903951227,0.0910544347425482,0.819489912682934,514,5.19191919191919,46.7272727272727,0.404040404040404,4,2,109,111,92,135,156,111,169,"P4"
"349","Army","fbs","American Athletic",2024,4689825,"Tyrell Robinson",16,6,11,2.66666666666667,-4.74269808612621,-0.296418630382888,-0.790449681021035,58,3.625,9.66666666666667,0.3125,0,0,NA,NA,NA,NA,NA,NA,NA,"G6"
"349","Army","fbs","American Athletic",2024,4879928,"Bryson Daily",242,10,11,24.2,83.7489546604595,0.346070060580411,8.37489546604595,1457,6.02066115702479,145.7,0.553719008264463,24,3,2,1,11,11,4,54,2,"G6"
"349","Army","fbs","American Athletic",2024,4879966,"Matthew Rhodes",2,2,11,1,5.06574969726182,2.53287484863091,2.53287484863091,35,17.5,17.5,0.5,1,0,NA,NA,NA,NA,NA,NA,NA,"G6"
"349","Army","fbs","American Athletic",2024,4879975,"Miles Stewart",3,2,11,1.5,0.657928151280708,0.219309383760236,0.328964075640354,25,8.33333333333333,12.5,0.666666666666667,0,0,NA,NA,NA,NA,NA,NA,NA,"G6"
"349","Army","fbs","American Athletic",2024,4879981,"AJ Williams",2,1,11,2,-0.323852102896301,-0.16192605144815,-0.323852102896301,9,4.5,9,0.5,0,0,NA,NA,NA,NA,NA,NA,NA,"G6"
"349","Army","fbs","American Athletic",2024,5082125,"Dewayne Coleman",34,5,11,6.8,-4.34205505890445,-0.127707501732484,-0.868411011780889,146,4.29411764705882,29.2,0.323529411764706,1,1,NA,NA,NA,NA,NA,NA,NA,"G6"
"349","Army","fbs","American Athletic",2024,5082142,"Noah Short",60,11,11,5.45454545454545,27.769142394395,0.462819039906583,2.52446749039954,502,8.36666666666667,45.6363636363636,0.633333333333333,1,1,NA,NA,NA,NA,NA,NA,NA,"G6"
"349","Army","fbs","American Athletic",2024,5082144,"Hayden Reed",15,6,11,2.5,-6.12009227233488,-0.408006151488992,-1.02001537872248,61,4.06666666666667,10.1666666666667,0.2,0,0,NA,NA,NA,NA,NA,NA,NA,"G6"
"349","Army","fbs","American Athletic",2024,5150297,"Cale Hellums",7,3,11,2.33333333333333,-3.61833164277163,-0.516904520395947,-1.20611054759054,36,5.14285714285714,12,0.285714285714286,0,0,NA,NA,NA,NA,NA,NA,NA,"G6"
"349","Army","fbs","American Athletic",2024,5150311,"Lloyd Benson III",2,2,11,1,-0.5430420475369,-0.27152102376845,-0.27152102376845,6,3,3,0,0,0,NA,NA,NA,NA,NA,NA,NA,"G6"
"349","Army","fbs","American Athletic",2024,5150312,"David Clerk",2,1,11,2,0.568634545143998,0.284317272571999,0.568634545143998,19,9.5,19,1,0,0,NA,NA,NA,NA,NA,NA,NA,"G6"
"349","Army","fbs","American Athletic",2024,5150313,"Kanye Udoh",159,11,11,14.4545454545455,23.1126938772049,0.145362854573616,2.10115398883681,1046,6.57861635220126,95.0909090909091,0.415094339622642,8,2,43,46,62,120.5,23,28,26,"G6"
"349","Army","fbs","American Athletic",2024,5150316,"Samari Howard",23,7,11,3.28571428571429,1.69525502790565,0.0737067403437239,0.242179289700807,118,5.1304347826087,16.8571428571429,0.521739130434783,0,0,NA,NA,NA,NA,NA,NA,NA,"G6"
"349","Army","fbs","American Athletic",2024,5150326,"Carson Smith",5,2,11,2.5,-1.74255057324521,-0.348510114649041,-0.871275286622603,28,5.6,14,0.4,0,0,NA,NA,NA,NA,NA,NA,NA,"G6"
"349","Army","fbs","American Athletic",2024,5150329,"Jake Rendina",23,7,11,3.28571428571429,-4.00418707160691,-0.174095090069866,-0.572026724515273,75,3.26086956521739,10.7142857142857,0.304347826086957,0,0,NA,NA,NA,NA,NA,NA,NA,"G6"
"356","Illinois","fbs","Big Ten",2024,4597679,"Luke Altmyer",63,11,11,5.72727272727273,6.33628462114401,0.100575946367365,0.576025874649456,319,5.06349206349206,29,0.492063492063492,4,4,NA,NA,NA,NA,NA,NA,NA,"P4"
"356","Illinois","fbs","Big Ten",2024,4600981,"Pat Bryant",5,4,11,1.25,-0.538538233770839,-0.107707646754168,-0.13463455844271,8,1.6,2,0.4,0,0,NA,NA,NA,NA,NA,NA,NA,"P4"
"356","Illinois","fbs","Big Ten",2024,4682640,"Josh McCray",97,10,11,9.7,25.8976873649703,0.266986467680106,2.58976873649703,441,4.54639175257732,44.1,0.494845360824742,7,0,37,30,25,40,181.5,181,184,"P4"
"356","Illinois","fbs","Big Ten",2024,4683308,"Tanner Arkin",1,1,11,1,5.13734806107265,5.13734806107265,5.13734806107265,36,36,36,1,0,0,NA,NA,NA,NA,NA,NA,NA,"P4"
"356","Illinois","fbs","Big Ten",2024,4814930,"Hank Beatty",1,1,11,1,1.391537275625,1.391537275625,1.391537275625,11,11,11,1,0,0,NA,NA,NA,NA,NA,NA,NA,"P4"
"356","Illinois","fbs","Big Ten",2024,4826636,"Jordan Anderson",2,2,11,1,1.03063909481514,0.515319547407568,0.515319547407568,9,4.5,4.5,1,0,0,NA,NA,NA,NA,NA,NA,NA,"P4"
"356","Illinois","fbs","Big Ten",2024,4827047,"Aidan Laughery",70,10,11,7,5.20703380211424,0.0743861971730606,0.520703380211424,423,6.04285714285714,42.3,0.385714285714286,4,0,136,133,105,172,191,52,194,"P4"
"356","Illinois","fbs","Big Ten",2024,4870728,"Kaden Feagin",50,4,11,12.5,-9.22060160923694,-0.184412032184739,-2.30515040230924,181,3.62,45.25,0.34,2,0,NA,NA,NA,NA,NA,NA,NA,"P4"
"356","Illinois","fbs","Big Ten",2024,5106299,"Ca'Lil Valentine",48,9,11,5.33333333333333,-8.20739250978552,-0.170987343953865,-0.911932501087281,196,4.08333333333333,21.7777777777778,0.291666666666667,1,0,NA,NA,NA,NA,NA,NA,NA,"P4"
"36","Colorado State","fbs","Mountain West",2024,4432431,"Avery Morrow",153,10,11,15.3,18.3574427130002,0.119983285705884,1.83574427130002,920,6.01307189542484,92,0.411764705882353,8,1,60,60,80,125,38,55,29,"G6"
"36","Colorado State","fbs","Mountain West",2024,4572525,"Kobe Johnson",7,4,11,1.75,-5.01331134580581,-0.716187335115115,-1.25332783645145,2,0.285714285714286,0.5,0,0,0,NA,NA,NA,NA,NA,NA,NA,"G6"
"36","Colorado State","fbs","Mountain West",2024,4591746,"Dane Olson",2,2,11,1,0.856683376989836,0.428341688494918,0.428341688494918,9,4.5,4.5,0.5,0,0,NA,NA,NA,NA,NA,NA,NA,"G6"
"36","Colorado State","fbs","Mountain West",2024,4833597,"Brayden Fowler-Nicolosi",31,10,11,3.1,-6.6205001737663,-0.213564521734397,-0.66205001737663,122,3.93548387096774,12.2,0.354838709677419,3,3,NA,NA,NA,NA,NA,NA,NA,"G6"
"36","Colorado State","fbs","Mountain West",2024,4880794,"Paddy Turner",1,1,11,1,-2.95768236513135,-2.95768236513135,-2.95768236513135,-2,-2,-2,0,0,0,NA,NA,NA,NA,NA,NA,NA,"G6"
"36","Colorado State","fbs","Mountain West",2024,4918094,"Damian Henderson II",1,1,11,1,0.944004816418687,0.944004816418687,0.944004816418687,3,3,3,1,0,0,NA,NA,NA,NA,NA,NA,NA,"G6"
"36","Colorado State","fbs","Mountain West",2024,5054036,"Jackson Brousseau",1,1,11,1,0.335297983636929,0.335297983636929,0.335297983636929,8,8,8,1,0,0,NA,NA,NA,NA,NA,NA,NA,"G6"
"36","Colorado State","fbs","Mountain West",2024,5078251,"Justin Marshall",136,11,11,12.3636363636364,-11.9602340383299,-0.087942897340661,-1.08729400348454,615,4.52205882352941,55.9090909090909,0.360294117647059,4,0,218,216,207,200,115.5,185,125,"G6"
"36","Colorado State","fbs","Mountain West",2024,5079585,"Jordan Ross",2,2,11,1,-1.78887878945477,-0.894439394727383,-0.894439394727383,0,0,0,0.5,0,0,NA,NA,NA,NA,NA,NA,NA,"G6"
"36","Colorado State","fbs","Mountain West",2024,5082253,"Keegan Holles",5,2,11,2.5,-7.06005870122468,-1.41201174024494,-3.53002935061234,8,1.6,4,0.4,0,1,NA,NA,NA,NA,NA,NA,NA,"G6"
"36","Colorado State","fbs","Mountain West",2024,5120454,"Caleb Goodie",4,4,11,1,5.10639519166067,1.27659879791517,1.27659879791517,81,20.25,20.25,0.75,0,0,NA,NA,NA,NA,NA,NA,NA,"G6"
"36","Colorado State","fbs","Mountain West",2024,5193112,"Jalen Dupree",23,4,11,5.75,8.5791762204279,0.373007661757735,2.14479405510698,141,6.1304347826087,35.25,0.565217391304348,1,0,NA,NA,NA,NA,NA,NA,NA,"G6"
"36","Colorado State","fbs","Mountain West",2024,5219136,"Tommy Maher",2,2,11,1,-0.954814729361662,-0.477407364680831,-0.477407364680831,-16,-8,-8,0.5,0,1,NA,NA,NA,NA,NA,NA,NA,"G6"
"38","Colorado","fbs","Big 12",2024,4432762,"Shedeur Sanders",45,11,11,4.09090909090909,12.6412678632541,0.280917063627868,1.14920616938673,258,5.73333333333333,23.4545454545455,0.644444444444444,4,3,NA,NA,NA,NA,NA,NA,NA,"P4"
"38","Colorado","fbs","Big 12",2024,4685415,"Travis Hunter",1,1,11,1,1.58264553666851,1.58264553666851,1.58264553666851,5,5,5,1,1,0,NA,NA,NA,NA,NA,NA,NA,"P4"
"38","Colorado","fbs","Big 12",2024,4698727,"Dallan Hayden",54,9,11,6,-24.1894800459597,-0.447953334184439,-2.68772000510663,178,3.2962962962963,19.7777777777778,0.203703703703704,1,0,NA,NA,NA,NA,NA,NA,NA,"P4"
"38","Colorado","fbs","Big 12",2024,4708486,"Jimmy Horn Jr.",1,1,11,1,-0.506665787479916,-0.506665787479916,-0.506665787479916,3,3,3,0,0,0,NA,NA,NA,NA,NA,NA,NA,"P4"
"38","Colorado","fbs","Big 12",2024,4870710,"Isaiah Hardge",2,1,11,2,-0.401332187361471,-0.200666093680736,-0.401332187361471,8,4,8,0,0,0,NA,NA,NA,NA,NA,NA,NA,"P4"
"38","Colorado","fbs","Big 12",2024,4875282,"Charlie Offerdahl",21,6,11,3.5,4.13365326133967,0.196840631492365,0.688942210223278,110,5.23809523809524,18.3333333333333,0.285714285714286,1,0,NA,NA,NA,NA,NA,NA,NA,"P4"
"38","Colorado","fbs","Big 12",2024,4917093,"Ryan Staub",2,1,11,2,1.31235104740568,0.656175523702841,1.31235104740568,12,6,12,1,0,0,NA,NA,NA,NA,NA,NA,NA,"P4"
"38","Colorado","fbs","Big 12",2024,4921292,"Isaiah Augustave",80,10,11,8,6.35724858827353,0.0794656073534192,0.635724858827353,369,4.6125,36.9,0.4625,4,0,126,123,99,66,213,174,215,"P4"
"38","Colorado","fbs","Big 12",2024,5079612,"Drelon Miller",2,2,11,1,-0.726492695715584,-0.363246347857792,-0.363246347857792,3,1.5,1.5,0.5,0,0,NA,NA,NA,NA,NA,NA,NA,"P4"
"38","Colorado","fbs","Big 12",2024,5079626,"Micah Welch",35,6,11,5.83333333333333,-5.13904046887091,-0.146829727682026,-0.856506744811818,142,4.05714285714286,23.6666666666667,0.4,2,0,NA,NA,NA,NA,NA,NA,NA,"P4"
"41","UConn","fbs","FBS Independents",2024,4429582,"Joe Fagnano",14,4,11,3.5,-11.1794573126078,-0.798532665186272,-2.79486432815195,31,2.21428571428571,7.75,0.357142857142857,0,2,NA,NA,NA,NA,NA,NA,NA,"G6"
"41","UConn","fbs","FBS Independents",2024,4755664,"Nick Evers",64,8,11,8,-6.31115668397626,-0.098611823187129,-0.788894585497032,272,4.25,34,0.390625,3,2,NA,NA,NA,NA,NA,NA,NA,"G6"
"41","UConn","fbs","FBS Independents",2024,4873234,"Victor Rosa",6,2,11,3,-2.06898472688689,-0.344830787814482,-1.03449236344344,20,3.33333333333333,10,0.333333333333333,0,0,NA,NA,NA,NA,NA,NA,NA,"G6"
"41","UConn","fbs","FBS Independents",2024,4894661,"Durell Robinson",94,11,11,8.54545454545454,18.937489252514,0.201462651622489,1.72158993204673,629,6.69148936170213,57.1818181818182,0.51063829787234,7,1,57,66,42,31,109,22,121,"G6"
"41","UConn","fbs","FBS Independents",2024,5077806,"Tucker McDonald",1,1,11,1,-1.40731103861818,-1.40731103861818,-1.40731103861818,0,0,0,0,0,0,NA,NA,NA,NA,NA,NA,NA,"G6"
"41","UConn","fbs","FBS Independents",2024,5086034,"Cam Edwards",119,11,11,10.8181818181818,17.873474586074,0.150197265429194,1.62486132600673,729,6.12605042016807,66.2727272727273,0.445378151260504,6,1,66,69,58,85,73.5,49,88.5,"G6"
"41","UConn","fbs","FBS Independents",2024,5150457,"Daniel Shaban",2,1,11,2,-1.06312716299163,-0.531563581495813,-1.06312716299163,6,3,6,0.5,0,0,NA,NA,NA,NA,NA,NA,NA,"G6"
"41","UConn","fbs","FBS Independents",2024,5232544,"Jayden Brown",6,1,11,6,-3.63964190560237,-0.606606984267062,-3.63964190560237,8,1.33333333333333,8,0,0,0,NA,NA,NA,NA,NA,NA,NA,"G6"
"5","UAB","fbs","American Athletic",2024,4426417,"Jacob Zeno",22,3,11,7.33333333333333,2.28364062606567,0.103801846639348,0.761213542021889,117,5.31818181818182,39,0.409090909090909,0,0,NA,NA,NA,NA,NA,NA,NA,"G6"
"5","UAB","fbs","American Athletic",2024,4427960,"Terrell McDonald",4,4,11,1,0.103736697008403,0.0259341742521009,0.0259341742521009,7,1.75,1.75,0.25,1,0,NA,NA,NA,NA,NA,NA,NA,"G6"
"5","UAB","fbs","American Athletic",2024,4428915,"Lee Witherspoon",29,9,11,3.22222222222222,-6.04502250644525,-0.208449051946388,-0.671669167382806,147,5.06896551724138,16.3333333333333,0.344827586206897,0,0,NA,NA,NA,NA,NA,NA,NA,"G6"
"5","UAB","fbs","American Athletic",2024,4431286,"Armoni Goodwin",8,3,11,2.66666666666667,0.689304461228842,0.0861630576536053,0.229768153742947,50,6.25,16.6666666666667,0.5,0,0,NA,NA,NA,NA,NA,NA,NA,"G6"
"5","UAB","fbs","American Athletic",2024,4432297,"Isaiah Jacobs",29,3,11,9.66666666666667,-8.39106587114624,-0.289347099005043,-2.79702195704875,112,3.86206896551724,37.3333333333333,0.344827586206897,0,1,NA,NA,NA,NA,NA,NA,NA,"G6"
"5","UAB","fbs","American Athletic",2024,4565187,"Jalen Kitna",25,7,11,3.57142857142857,-12.9373262982281,-0.517493051929125,-1.84818947117545,114,4.56,16.2857142857143,0.32,0,4,NA,NA,NA,NA,NA,NA,NA,"G6"
"5","UAB","fbs","American Athletic",2024,4689652,"Harrison Barker",4,3,11,1.33333333333333,0.764699145584824,0.191174786396206,0.254899715194941,31,7.75,10.3333333333333,0.75,0,0,NA,NA,NA,NA,NA,NA,NA,"G6"
"5","UAB","fbs","American Athletic",2024,4833635,"Landry Lyddy",1,1,11,1,1.45290920148682,1.45290920148682,1.45290920148682,11,11,11,1,0,0,NA,NA,NA,NA,NA,NA,NA,"G6"
"5","UAB","fbs","American Athletic",2024,5077060,"Amare Thomas",4,4,11,1,0.556819665129819,0.139204916282455,0.139204916282455,8,2,2,0.5,0,0,NA,NA,NA,NA,NA,NA,NA,"G6"
"5","UAB","fbs","American Athletic",2024,5081178,"Trace Campbell",5,3,11,1.66666666666667,2.94026814360946,0.588053628721893,0.980089381203155,28,5.6,9.33333333333333,0.8,0,0,NA,NA,NA,NA,NA,NA,NA,"G6"
"5","UAB","fbs","American Athletic",2024,5091725,"Lee Beebe Jr.",153,11,11,13.9090909090909,21.5172512307273,0.140635628959002,1.95611374824794,835,5.45751633986928,75.9090909090909,0.496732026143791,5,0,47,55,67,38,52,90,61,"G6"
"5","UAB","fbs","American Athletic",2024,5121666,"Kam Shanks",8,5,11,1.6,0.100847241268936,0.012605905158617,0.0201694482537872,60,7.5,12,0.375,0,1,NA,NA,NA,NA,NA,NA,NA,"G6"
"5","UAB","fbs","American Athletic",2024,5151662,"Brandon Hawkins Jr.",1,1,11,1,1.35331510576329,1.35331510576329,1.35331510576329,14,14,14,1,0,0,NA,NA,NA,NA,NA,NA,NA,"G6"
"5","UAB","fbs","American Athletic",2024,5219693,"Solomon Beebe",14,6,11,2.33333333333333,-1.27039184655061,-0.0907422747536152,-0.211731974425102,40,2.85714285714286,6.66666666666667,0.142857142857143,1,0,NA,NA,NA,NA,NA,NA,NA,"G6"
"52","Florida State","fbs","ACC",2024,4429020,"DJ Uiagalelei",25,5,11,5,0.229024576813278,0.00916098307253112,0.0458049153626556,76,3.04,15.2,0.4,0,1,NA,NA,NA,NA,NA,NA,NA,"P4"
"52","Florida State","fbs","ACC",2024,4429072,"Lawrance Toafili",101,11,11,9.18181818181818,-4.08284688215127,-0.0404242265559532,-0.371167898377388,427,4.22772277227723,38.8181818181818,0.405940594059406,2,1,177,177,181,131,190,205,203,"P4"
"52","Florida State","fbs","ACC",2024,4430885,"Ja'Khi Douglas",5,4,11,1.25,2.21356977891137,0.442713955782274,0.553392444727843,26,5.2,6.5,0.4,0,0,NA,NA,NA,NA,NA,NA,NA,"P4"
"52","Florida State","fbs","ACC",2024,4430894,"Caziah Holmes",12,5,11,2.4,0.533855665484141,0.0444879721236784,0.106771133096828,46,3.83333333333333,9.2,0.5,1,0,NA,NA,NA,NA,NA,NA,NA,"P4"
"52","Florida State","fbs","ACC",2024,4685723,"Roydell Williams",25,4,11,6.25,-12.9838873650265,-0.519355494601059,-3.24597184125662,58,2.32,14.5,0.4,2,1,NA,NA,NA,NA,NA,NA,NA,"P4"
"52","Florida State","fbs","ACC",2024,4731586,"Kyle Morlock",1,1,11,1,5.17141058061993,5.17141058061993,5.17141058061993,31,31,31,1,0,0,NA,NA,NA,NA,NA,NA,NA,"P4"
"52","Florida State","fbs","ACC",2024,4870955,"Samuel Singleton Jr.",16,5,11,3.2,0.431343781157408,0.026958986322338,0.0862687562314816,73,4.5625,14.6,0.25,0,0,NA,NA,NA,NA,NA,NA,NA,"P4"
"52","Florida State","fbs","ACC",2024,4871148,"Jaylin Lucas",2,1,11,2,0.922447446695036,0.461223723347518,0.922447446695036,13,6.5,13,0.5,0,0,NA,NA,NA,NA,NA,NA,NA,"P4"
"52","Florida State","fbs","ACC",2024,4920158,"Brock Glenn",21,5,11,4.2,0.769151839302321,0.0366262780620153,0.153830367860464,149,7.09523809523809,29.8,0.380952380952381,0,1,NA,NA,NA,NA,NA,NA,NA,"P4"
"52","Florida State","fbs","ACC",2024,5079364,"Kam Davis",43,8,11,5.375,-25.2783548401827,-0.58786871721355,-3.15979435502283,140,3.25581395348837,17.5,0.302325581395349,0,2,NA,NA,NA,NA,NA,NA,NA,"P4"
"52","Florida State","fbs","ACC",2024,5079542,"Luke Kromenhoek",32,5,11,6.4,7.15256300941475,0.223517594044211,1.43051260188295,205,6.40625,41,0.5,0,2,NA,NA,NA,NA,NA,NA,NA,"P4"
"52","Florida State","fbs","ACC",2024,5088153,"Micahi Danzy",2,2,11,1,-0.543562699428459,-0.271781349714229,-0.271781349714229,5,2.5,2.5,0.5,0,0,NA,NA,NA,NA,NA,NA,NA,"P4"
"52","Florida State","fbs","ACC",2024,5150247,"Malik Benson",2,2,11,1,-0.434753797046246,-0.217376898523123,-0.217376898523123,12,6,6,0.5,0,1,NA,NA,NA,NA,NA,NA,NA,"P4"
"55","Jacksonville State","fbs","Conference USA",2024,4431397,"Logan Smothers",20,7,13,2.85714285714286,9.03432437125792,0.451716218562896,1.29061776732256,185,9.25,26.4285714285714,0.4,3,0,NA,NA,NA,NA,NA,NA,NA,"G6"
"55","Jacksonville State","fbs","Conference USA",2024,4570115,"Samario Rudolph",2,2,13,1,1.84936257161375,0.924681285806876,0.924681285806876,13,6.5,6.5,1,0,0,NA,NA,NA,NA,NA,NA,NA,"G6"
"55","Jacksonville State","fbs","Conference USA",2024,4574356,"Tyler Huff",194,13,13,14.9230769230769,78.3922298467009,0.404083659003613,6.0301715266693,1423,7.33505154639175,109.461538461538,0.541237113402062,14,2,3,4,5,17,5,9,13,"G6"
"55","Jacksonville State","fbs","Conference USA",2024,4685697,"Zion Turner",1,1,13,1,-0.131230149725869,-0.131230149725869,-0.131230149725869,3,3,3,0,0,0,NA,NA,NA,NA,NA,NA,NA,"G6"
"55","Jacksonville State","fbs","Conference USA",2024,4693219,"Ron Wiggins",6,2,13,3,-0.666977441744687,-0.111162906957448,-0.333488720872344,29,4.83333333333333,14.5,0.5,0,0,NA,NA,NA,NA,NA,NA,NA,"G6"
"55","Jacksonville State","fbs","Conference USA",2024,4736210,"Michael Pettway",4,3,13,1.33333333333333,-0.194481880766854,-0.0486204701917135,-0.0648272935889513,15,3.75,5,0.5,0,0,NA,NA,NA,NA,NA,NA,NA,"G6"
"55","Jacksonville State","fbs","Conference USA",2024,4877735,"Cole Fuller",1,1,13,1,1.85773181148196,1.85773181148196,1.85773181148196,1,1,1,1,1,0,NA,NA,NA,NA,NA,NA,NA,"G6"
"55","Jacksonville State","fbs","Conference USA",2024,4911914,"Andrew Paul",35,9,13,3.88888888888889,-6.77236691450255,-0.193496197557216,-0.752485212722506,148,4.22857142857143,16.4444444444444,0.371428571428571,4,1,NA,NA,NA,NA,NA,NA,NA,"G6"
"55","Jacksonville State","fbs","Conference USA",2024,4912254,"Jordan McCants",1,1,13,1,-0.0894444598777415,-0.0894444598777415,-0.0894444598777415,3,3,3,0,0,0,NA,NA,NA,NA,NA,NA,NA,"G6"
"55","Jacksonville State","fbs","Conference USA",2024,5085265,"Anwar Lewis",35,6,13,5.83333333333333,-12.0549930513145,-0.3444283728947,-2.00916550855242,127,3.62857142857143,21.1666666666667,0.285714285714286,2,0,NA,NA,NA,NA,NA,NA,NA,"G6"
"55","Jacksonville State","fbs","Conference USA",2024,5093062,"Tre Stewart",257,13,13,19.7692307692308,37.3969073591795,0.145513258206924,2.87668518147535,1571,6.11284046692607,120.846153846154,0.439688715953307,22,5,19,26,61,90,2,50,7,"G6"
"55","Jacksonville State","fbs","Conference USA",2024,5093183,"Demarcus Lacey",5,2,13,2.5,-0.379412996680726,-0.0758825993361453,-0.189706498340363,13,2.6,6.5,0.2,0,0,NA,NA,NA,NA,NA,NA,NA,"G6"
"55","Jacksonville State","fbs","Conference USA",2024,5150902,"Jarod Bowie",1,1,13,1,0.0730046865757896,0.0730046865757896,0.0730046865757896,5,5,5,1,0,0,NA,NA,NA,NA,NA,NA,NA,"G6"
"55","Jacksonville State","fbs","Conference USA",2024,5150905,"Travis Franklin Jr.",1,1,13,1,0.190668464873291,0.190668464873291,0.190668464873291,3,3,3,1,0,0,NA,NA,NA,NA,NA,NA,NA,"G6"
"55","Jacksonville State","fbs","Conference USA",2024,5235634,"Mike Franklin",8,3,13,2.66666666666667,-0.507920064469602,-0.0634900080587003,-0.169306688156534,55,6.875,18.3333333333333,0.5,1,0,NA,NA,NA,NA,NA,NA,NA,"G6"
"57","Florida","fbs","SEC",2024,4426335,"Graham Mertz",17,5,11,3.4,2.96103065962643,0.174178274095672,0.592206131925286,79,4.64705882352941,15.8,0.588235294117647,1,2,NA,NA,NA,NA,NA,NA,NA,"P4"
"57","Florida","fbs","SEC",2024,4597310,"Austin Barber",1,1,11,1,2.7947129032641,2.7947129032641,2.7947129032641,0,0,0,1,1,0,NA,NA,NA,NA,NA,NA,NA,"P4"
"57","Florida","fbs","SEC",2024,4684625,"Montrell Johnson Jr.",84,8,11,10.5,0.619253317017863,0.0073720632978317,0.0774066646272328,526,6.26190476190476,65.75,0.321428571428571,4,1,156,154,155,224,152,42,92,"P4"
"57","Florida","fbs","SEC",2024,4871065,"Treyaun Webb",17,3,11,5.66666666666667,0.963052554789387,0.0566501502817286,0.321017518263129,81,4.76470588235294,27,0.529411764705882,1,0,NA,NA,NA,NA,NA,NA,NA,"P4"
"57","Florida","fbs","SEC",2024,4921154,"Eugene Wilson III",1,1,11,1,-2.90754941426412,-2.90754941426412,-2.90754941426412,0,0,0,0,0,0,NA,NA,NA,NA,NA,NA,NA,"P4"
"57","Florida","fbs","SEC",2024,5079322,"Jadan Baugh",112,11,11,10.1818181818182,6.80943985657713,0.06079857014801,0.619039986961557,554,4.94642857142857,50.3636363636364,0.428571428571429,7,0,122,128,115,104,139,141,153,"P4"
"57","Florida","fbs","SEC",2024,5079555,"DJ Lagway",29,9,11,3.22222222222222,6.18939651963128,0.213427466194182,0.687710724403476,157,5.41379310344828,17.4444444444444,0.517241379310345,0,0,NA,NA,NA,NA,NA,NA,NA,"P4"
"57","Florida","fbs","SEC",2024,5151892,"Ja'Kobi Jackson",78,10,11,7.8,20.7156426848716,0.265585162626559,2.07156426848716,422,5.41025641025641,42.2,0.576923076923077,7,1,50,48,26,4,192,95,195,"P4"
"57","Florida","fbs","SEC",2024,5155039,"Aidan Warner",4,2,11,2,-4.65872260900178,-1.16468065225044,-2.32936130450089,0,0,0,0,0,0,NA,NA,NA,NA,NA,NA,NA,"P4"
"57","Florida","fbs","SEC",2024,5222221,"Tank Hawkins",3,2,11,1.5,0.953309518638054,0.317769839546018,0.476654759319027,11,3.66666666666667,5.5,0.333333333333333,0,0,NA,NA,NA,NA,NA,NA,NA,"P4"
"57","Florida","fbs","SEC",2024,5222223,"KD Daniels",3,1,11,3,-2.26616693192096,-0.755388977306986,-2.26616693192096,12,4,12,0,0,0,NA,NA,NA,NA,NA,NA,NA,"P4"
"58","South Florida","fbs","American Athletic",2024,4427649,"Kelley Joiner",96,11,11,8.72727272727273,20.8267705039476,0.216945526082788,1.89334277308615,694,7.22916666666667,63.0909090909091,0.458333333333333,9,0,49,58,33,69,82.5,11,104.5,"G6"
"58","South Florida","fbs","American Athletic",2024,4567400,"Nay'Quan Wright",97,11,11,8.81818181818182,-5.00683702873269,-0.0516168765848731,-0.455167002612062,483,4.97938144329897,43.9090909090909,0.371134020618557,6,1,181,179,184,189,169.5,136,185,"G6"
"58","South Florida","fbs","American Athletic",2024,4571563,"Sean Atkins",1,1,11,1,0.456028645188359,0.456028645188359,0.456028645188359,14,14,14,1,0,0,NA,NA,NA,NA,NA,NA,NA,"G6"
"58","South Florida","fbs","American Athletic",2024,4575831,"Ta'Ron Keith",65,11,11,5.90909090909091,-7.97581610879833,-0.122704863212282,-0.725074191708939,375,5.76923076923077,34.0909090909091,0.384615384615385,6,0,NA,NA,NA,NA,NA,NA,NA,"G6"
"58","South Florida","fbs","American Athletic",2024,4689366,"John Cannon",1,1,11,1,4.03120238018588,4.03120238018588,4.03120238018588,17,17,17,1,0,0,NA,NA,NA,NA,NA,NA,NA,"G6"
"58","South Florida","fbs","American Athletic",2024,4690157,"Yasias Young",9,4,11,2.25,-3.50459427593542,-0.389399363992824,-0.876148568983854,26,2.88888888888889,6.5,0.333333333333333,0,0,NA,NA,NA,NA,NA,NA,NA,"G6"
"58","South Florida","fbs","American Athletic",2024,4806463,"Bryce Archie",36,8,11,4.5,10.2298480572985,0.284162446036071,1.27873100716232,237,6.58333333333333,29.625,0.444444444444444,2,0,NA,NA,NA,NA,NA,NA,NA,"G6"
"58","South Florida","fbs","American Athletic",2024,4880272,"Byrum Brown",46,4,11,11.5,13.4176629482631,0.29168832496224,3.35441573706576,277,6.02173913043478,69.25,0.478260869565217,2,0,NA,NA,NA,NA,NA,NA,NA,"G6"
"58","South Florida","fbs","American Athletic",2024,4918105,"Jaylen Johnson",6,1,11,6,-0.210951211650899,-0.0351585352751498,-0.210951211650899,33,5.5,33,0.666666666666667,0,0,NA,NA,NA,NA,NA,NA,NA,"G6"
"58","South Florida","fbs","American Athletic",2024,4923050,"Israel Carter",9,4,11,2.25,-1.57389563036565,-0.17487729226285,-0.393473907591413,32,3.55555555555556,8,0.333333333333333,0,1,NA,NA,NA,NA,NA,NA,NA,"G6"
"58","South Florida","fbs","American Athletic",2024,4950550,"JeyQuan Smith",1,1,11,1,0.265228174662918,0.265228174662918,0.265228174662918,1,1,1,1,0,0,NA,NA,NA,NA,NA,NA,NA,"G6"
"58","South Florida","fbs","American Athletic",2024,5146576,"Joshua Porter",1,1,11,1,0.022607670825919,0.022607670825919,0.022607670825919,5,5,5,1,0,0,NA,NA,NA,NA,NA,NA,NA,"G6"
"58","South Florida","fbs","American Athletic",2024,5193089,"Alvon Isaac",5,2,11,2.5,2.21703497413666,0.443406994827331,1.10851748706833,48,9.6,24,0.4,1,0,NA,NA,NA,NA,NA,NA,NA,"G6"
"59","Georgia Tech","fbs","ACC",2024,4428993,"Haynes King",110,9,11,12.2222222222222,22.6165361031691,0.205604873665174,2.51294845590768,614,5.58181818181818,68.2222222222222,0.472727272727273,10,4,45,31,40,55,117,84,84,"P4"
"59","Georgia Tech","fbs","ACC",2024,4577541,"Avery Boyd",1,1,11,1,-0.359568535477151,-0.359568535477151,-0.359568535477151,-2,-2,-2,0,0,0,NA,NA,NA,NA,NA,NA,NA,"P4"
"59","Georgia Tech","fbs","ACC",2024,4601283,"Trey Cooley",6,1,11,6,-0.0928792787749679,-0.015479879795828,-0.0928792787749679,26,4.33333333333333,26,0.333333333333333,0,0,NA,NA,NA,NA,NA,NA,NA,"P4"
"59","Georgia Tech","fbs","ACC",2024,4603746,"Malik Rutherford",6,5,11,1.2,2.96604775192904,0.494341291988173,0.593209550385808,37,6.16666666666667,7.4,0.5,0,0,NA,NA,NA,NA,NA,NA,NA,"P4"
"59","Georgia Tech","fbs","ACC",2024,4611995,"Jamal Haynes",140,11,11,12.7272727272727,14.4029874296213,0.102878481640152,1.30936249360194,790,5.64285714285714,71.8181818181818,0.364285714285714,9,0,81,83,87,196,64,79,70,"P4"
"59","Georgia Tech","fbs","ACC",2024,4683515,"Leo Blackburn",1,1,11,1,-0.59482499451748,-0.59482499451748,-0.59482499451748,0,0,0,0,0,0,NA,NA,NA,NA,NA,NA,NA,"P4"
"59","Georgia Tech","fbs","ACC",2024,4746127,"Zach Pyron",29,9,11,3.22222222222222,-2.73827151034925,-0.0944231555292845,-0.304252390038805,115,3.96551724137931,12.7777777777778,0.448275862068966,2,0,NA,NA,NA,NA,NA,NA,NA,"P4"
"59","Georgia Tech","fbs","ACC",2024,5079372,"Anthony Carrie",21,4,11,5.25,-7.89750458960074,-0.376071647123845,-1.97437614740019,83,3.95238095238095,20.75,0.19047619047619,0,0,NA,NA,NA,NA,NA,NA,NA,"P4"
"59","Georgia Tech","fbs","ACC",2024,5095360,"Eric Singleton Jr.",19,9,11,2.11111111111111,3.50806018774073,0.184634746723196,0.389784465304525,120,6.31578947368421,13.3333333333333,0.473684210526316,1,0,NA,NA,NA,NA,NA,NA,NA,"P4"
"59","Georgia Tech","fbs","ACC",2024,5103639,"Trelain Maddox",8,1,11,8,-7.41659248073032,-0.92707406009129,-7.41659248073032,14,1.75,14,0.125,0,0,NA,NA,NA,NA,NA,NA,NA,"P4"
"59","Georgia Tech","fbs","ACC",2024,5125580,"Chad Alexander",46,8,11,5.75,5.80588507463123,0.126214892926766,0.725735634328903,248,5.39130434782609,31,0.434782608695652,1,0,NA,NA,NA,NA,NA,NA,NA,"P4"
"59","Georgia Tech","fbs","ACC",2024,5125593,"Bailey Stockton",1,1,11,1,-0.140615247667924,-0.140615247667924,-0.140615247667924,4,4,4,0,0,0,NA,NA,NA,NA,NA,NA,NA,"P4"
"59","Georgia Tech","fbs","ACC",2024,5132812,"Aaron Philo",12,3,11,4,5.52108803640231,0.460090669700192,1.84036267880077,76,6.33333333333333,25.3333333333333,0.5,1,0,NA,NA,NA,NA,NA,NA,NA,"P4"
"6","South Alabama","fbs","Sun Belt",2024,4430992,"Kentrel Bullock",122,11,11,11.0909090909091,-0.28352844914801,-0.00232400368154106,-0.02577531355891,642,5.26229508196721,58.3636363636364,0.434426229508197,3,1,162,162,162,94,100,104.5,117,"G6"
"6","South Alabama","fbs","Sun Belt",2024,4432677,"Iverson Celestine",5,2,11,2.5,1.5727518556435,0.314550371128699,0.786375927821748,15,3,7.5,0.6,1,0,NA,NA,NA,NA,NA,NA,NA,"G6"
"6","South Alabama","fbs","Sun Belt",2024,4869553,"Bishop Davenport",23,7,11,3.28571428571429,1.83933768663429,0.0799712037667081,0.262762526662041,106,4.60869565217391,15.1428571428571,0.478260869565217,0,1,NA,NA,NA,NA,NA,NA,NA,"G6"
"6","South Alabama","fbs","Sun Belt",2024,4892576,"Jamaal Pritchett",1,1,11,1,-0.315174872825249,-0.315174872825249,-0.315174872825249,3,3,3,0,0,0,NA,NA,NA,NA,NA,NA,NA,"G6"
"6","South Alabama","fbs","Sun Belt",2024,4897730,"Braylon McReynolds",15,2,11,7.5,-0.739949944437173,-0.0493299962958115,-0.369974972218586,76,5.06666666666667,38,0.4,0,0,NA,NA,NA,NA,NA,NA,NA,"G6"
"6","South Alabama","fbs","Sun Belt",2024,4920227,"Gio Lopez",66,10,11,6.6,40.4909693416857,0.613499535480086,4.04909693416857,532,8.06060606060606,53.2,0.651515151515151,6,0,NA,NA,NA,NA,NA,NA,NA,"G6"
"6","South Alabama","fbs","Sun Belt",2024,5075529,"Anthony Eager",2,2,11,1,2.15462446277856,1.07731223138928,1.07731223138928,29,14.5,14.5,1,0,0,NA,NA,NA,NA,NA,NA,NA,"G6"
"6","South Alabama","fbs","Sun Belt",2024,5124334,"PJ Martin",5,2,11,2.5,-1.76524558453288,-0.353049116906577,-0.882622792266441,18,3.6,9,0.4,0,0,NA,NA,NA,NA,NA,NA,NA,"G6"
"6","South Alabama","fbs","Sun Belt",2024,5220197,"Fluff Bothwell",103,11,11,9.36363636363636,26.2158624744133,0.254522936644789,2.38326022494666,694,6.7378640776699,63.0909090909091,0.475728155339806,10,0,36,37,30,50,82.5,21,104.5,"G6"
"61","Georgia","fbs","SEC",2024,4429105,"Arian Smith",4,4,12,1,1.73255418667981,0.433138546669953,0.433138546669953,41,10.25,10.25,0.5,0,0,NA,NA,NA,NA,NA,NA,NA,"P4"
"61","Georgia","fbs","SEC",2024,4430841,"Carson Beck",34,12,12,2.83333333333333,14.4027774784264,0.42361110230666,1.20023145653554,193,5.67647058823529,16.0833333333333,0.676470588235294,1,1,NA,NA,NA,NA,NA,NA,NA,"P4"
"61","Georgia","fbs","SEC",2024,4685350,"Trevor Etienne",105,8,12,13.125,11.1880157176666,0.106552530644444,1.39850196470832,515,4.90476190476191,64.375,0.447619047619048,8,0,95,76,85,81,155,145,99,"P4"
"61","Georgia","fbs","SEC",2024,4685578,"Gunner Stockton",5,1,12,5,-1.84425843669937,-0.368851687339873,-1.84425843669937,18,3.6,18,0.4,0,0,NA,NA,NA,NA,NA,NA,NA,"P4"
"61","Georgia","fbs","SEC",2024,4712579,"Dillon Bell",8,7,12,1.14285714285714,7.48136742870285,0.935170928587856,1.06876677552898,106,13.25,15.1428571428571,0.75,1,0,NA,NA,NA,NA,NA,NA,NA,"P4"
"61","Georgia","fbs","SEC",2024,4713489,"Branson Robinson",22,5,12,4.4,-4.7991713248863,-0.218144151131195,-0.959834264977259,51,2.31818181818182,10.2,0.272727272727273,2,0,NA,NA,NA,NA,NA,NA,NA,"P4"
"61","Georgia","fbs","SEC",2024,4881826,"Cash Jones",11,6,12,1.83333333333333,3.60130240912323,0.327391128102112,0.600217068187206,27,2.45454545454545,4.5,0.363636363636364,1,0,NA,NA,NA,NA,NA,NA,NA,"P4"
"61","Georgia","fbs","SEC",2024,4907671,"Anthony Evans III",3,2,12,1.5,0.723271910551499,0.2410906368505,0.361635955275749,50,16.6666666666667,25,0.333333333333333,0,1,NA,NA,NA,NA,NA,NA,NA,"P4"
"61","Georgia","fbs","SEC",2024,4918110,"Roderick Robinson II",4,1,12,4,-3.09572684202301,-0.773931710505753,-3.09572684202301,3,0.75,3,0,0,0,NA,NA,NA,NA,NA,NA,NA,"P4"
"61","Georgia","fbs","SEC",2024,5079335,"Chauncey Bowens",13,3,12,4.33333333333333,-3.25386217293112,-0.250297090225471,-1.08462072431037,44,3.38461538461538,14.6666666666667,0.307692307692308,0,0,NA,NA,NA,NA,NA,NA,NA,"P4"
"61","Georgia","fbs","SEC",2024,5079561,"Dwight Phillips Jr.",5,4,12,1.25,2.77244431292882,0.554488862585764,0.693111078232205,30,6,7.5,0.6,1,0,NA,NA,NA,NA,NA,NA,NA,"P4"
"61","Georgia","fbs","SEC",2024,5084047,"Nate Frazier",122,11,12,11.0909090909091,2.19332657146174,0.0179780866513257,0.19939332467834,604,4.95081967213115,54.9090909090909,0.418032786885246,8,2,147,148,148,117.5,121,139,129,"P4"
"61","Georgia","fbs","SEC",2024,5218583,"Wade Penn",3,1,12,3,-1.38161819501367,-0.46053939833789,-1.38161819501367,15,5,15,0,0,0,NA,NA,NA,NA,NA,NA,NA,"P4"
"62","Hawai'i","fbs","Mountain West",2024,4613154,"Lucas Borrow",1,1,10,1,4.8022706842673,4.8022706842673,4.8022706842673,19,19,19,1,0,0,NA,NA,NA,NA,NA,NA,NA,"G6"
"62","Hawai'i","fbs","Mountain West",2024,4709977,"Brayden Schager",81,9,10,9,18.1000306339246,0.223457168320057,2.01111451488051,413,5.09876543209877,45.8888888888889,0.54320987654321,4,0,64,50,32,15.5,198.5,124,172.5,"G6"
"62","Hawai'i","fbs","Mountain West",2024,4869582,"Cam Barfield",31,9,10,3.44444444444444,-1.48711788247633,-0.0479715445960107,-0.165235320275148,153,4.93548387096774,17,0.387096774193548,0,0,NA,NA,NA,NA,NA,NA,NA,"G6"
"62","Hawai'i","fbs","Mountain West",2024,4875791,"Landon Sims",54,10,10,5.4,-8.10797411110239,-0.150147668724118,-0.810797411110239,262,4.85185185185185,26.2,0.333333333333333,0,0,NA,NA,NA,NA,NA,NA,NA,"G6"
"62","Hawai'i","fbs","Mountain West",2024,4875792,"David Cordero",4,3,10,1.33333333333333,1.35833818056527,0.339584545141318,0.452779393521757,20,5,6.66666666666667,0.75,0,0,NA,NA,NA,NA,NA,NA,NA,"G6"
"62","Hawai'i","fbs","Mountain West",2024,4912240,"Tylan Hines",36,8,10,4.5,-3.81950397811503,-0.106097332725418,-0.477437997264379,140,3.88888888888889,17.5,0.416666666666667,0,1,NA,NA,NA,NA,NA,NA,NA,"G6"
"62","Hawai'i","fbs","Mountain West",2024,5101124,"Micah Alejado",16,3,10,5.33333333333333,-0.256511778316554,-0.0160319861447846,-0.0855039261055179,74,4.625,24.6666666666667,0.3125,0,0,NA,NA,NA,NA,NA,NA,NA,"G6"
"62","Hawai'i","fbs","Mountain West",2024,5218872,"Christian Vaughn",13,5,10,2.6,0.351905577418736,0.0270696598014412,0.0703811154837472,75,5.76923076923077,15,0.307692307692308,0,0,NA,NA,NA,NA,NA,NA,NA,"G6"
"66","Iowa State","fbs","Big 12",2024,4586312,"Jaylin Noel",7,6,12,1.16666666666667,-1.7268452176896,-0.246692173955657,-0.2878075362816,24,3.42857142857143,4,0.428571428571429,0,0,NA,NA,NA,NA,NA,NA,NA,"P4"
"66","Iowa State","fbs","Big 12",2024,4686438,"Stevo Klotz",2,2,12,1,4.14954794038013,2.07477397019007,2.07477397019007,22,11,11,0.5,0,0,NA,NA,NA,NA,NA,NA,NA,"P4"
"66","Iowa State","fbs","Big 12",2024,4696240,"Jaylon Jackson",89,12,12,7.41666666666667,-16.3887710542415,-0.184143494991478,-1.36573092118679,375,4.21348314606742,31.25,0.314606741573034,2,0,230,223,233,228,209,208,228,"P4"
"66","Iowa State","fbs","Big 12",2024,4801299,"Rocco Becht",72,12,12,6,39.7891410452138,0.552626958961303,3.31576175376782,351,4.875,29.25,0.541666666666667,6,1,NA,NA,NA,NA,NA,NA,NA,"P4"
"66","Iowa State","fbs","Big 12",2024,5077502,"Carson Hansen",129,12,12,10.75,17.5415625707066,0.135981105199276,1.46179688089222,650,5.03875968992248,54.1666666666667,0.465116279069767,11,2,69,73,68,63,99,131,134,"P4"
"66","Iowa State","fbs","Big 12",2024,5078005,"Abu Sama III",115,12,12,9.58333333333333,-22.6082962935215,-0.19659388081323,-1.88402469112679,509,4.42608695652174,42.4166666666667,0.269565217391304,2,2,239,235,235,241,160,194,193,"P4"
"66","Iowa State","fbs","Big 12",2024,5122883,"Dylan Lee",8,1,12,8,0.391467292273111,0.0489334115341389,0.391467292273111,26,3.25,26,0.375,1,0,NA,NA,NA,NA,NA,NA,NA,"P4"
"66","Iowa State","fbs","Big 12",2024,5140620,"Connor Moberly",6,3,12,2,0.995421859712465,0.165903643285411,0.331807286570822,50,8.33333333333333,16.6666666666667,0.333333333333333,0,0,NA,NA,NA,NA,NA,NA,NA,"P4"
"66","Iowa State","fbs","Big 12",2024,5161735,"Easton Miller",2,1,12,2,-0.899723810324787,-0.449861905162394,-0.899723810324787,7,3.5,7,0,0,0,NA,NA,NA,NA,NA,NA,NA,"P4"
"66","Iowa State","fbs","Big 12",2024,5219258,"Aiden Flora",10,3,12,3.33333333333333,-1.00382983193485,-0.100382983193485,-0.334609943978284,41,4.1,13.6666666666667,0.4,1,0,NA,NA,NA,NA,NA,NA,NA,"P4"
"68","Boise State","fbs","Mountain West",2024,4575538,"Tyler Crowe",16,7,12,2.28571428571429,2.39177975299787,0.149486234562367,0.341682821856838,64,4,9.14285714285714,0.5,1,0,NA,NA,NA,NA,NA,NA,NA,"G6"
"68","Boise State","fbs","Mountain West",2024,4592533,"Marco Notarainni",1,1,12,1,2.56165685582052,2.56165685582052,2.56165685582052,6,6,6,1,0,0,NA,NA,NA,NA,NA,NA,NA,"G6"
"68","Boise State","fbs","Mountain West",2024,4699768,"Jonah Dalmas",1,1,12,1,-2.87347756918155,-2.87347756918155,-2.87347756918155,-2,-2,-2,0,0,0,NA,NA,NA,NA,NA,NA,NA,"G6"
"68","Boise State","fbs","Mountain West",2024,4870513,"Maddux Madsen",38,11,12,3.45454545454545,27.1261346529486,0.713845648761806,2.46601224117715,261,6.86842105263158,23.7272727272727,0.631578947368421,4,1,NA,NA,NA,NA,NA,NA,NA,"G6"
"68","Boise State","fbs","Mountain West",2024,4890973,"Ashton Jeanty",330,12,12,27.5,87.3238527302968,0.264617735546354,7.27698772752474,2368,7.17575757575758,197.333333333333,0.451515151515152,29,2,1,3,27,76,1,13,1,"G6"
"68","Boise State","fbs","Mountain West",2024,5077390,"Jambres Dubar",23,6,12,3.83333333333333,-1.41982750264721,-0.0617316305498786,-0.236637917107868,100,4.34782608695652,16.6666666666667,0.391304347826087,2,0,NA,NA,NA,NA,NA,NA,NA,"G6"
"68","Boise State","fbs","Mountain West",2024,5146712,"Dylan Riley",16,4,12,4,-5.4636497313159,-0.341478108207244,-1.36591243282897,39,2.4375,9.75,0.1875,0,0,NA,NA,NA,NA,NA,NA,NA,"G6"
"68","Boise State","fbs","Mountain West",2024,5147379,"Sire Gaines",18,2,12,9,0.384227933571082,0.0213459963095045,0.192113966785541,140,7.77777777777778,70,0.388888888888889,1,1,NA,NA,NA,NA,NA,NA,NA,"G6"
"68","Boise State","fbs","Mountain West",2024,5157187,"Cameron Bates",3,2,12,1.5,0.118747295367583,0.0395824317891945,0.0593736476837917,23,7.66666666666667,11.5,0.666666666666667,0,0,NA,NA,NA,NA,NA,NA,NA,"G6"
"77","Northwestern","fbs","Big Ten",2024,4426657,"Ryan Hilinski",1,1,11,1,-5.99880587415107,-5.99880587415107,-5.99880587415107,-4,-4,-4,0,0,1,NA,NA,NA,NA,NA,NA,NA,"P4"
"77","Northwestern","fbs","Big Ten",2024,4429053,"A.J. Henning",5,5,11,1,-1.77357581799125,-0.35471516359825,-0.35471516359825,8,1.6,1.6,0.4,0,0,NA,NA,NA,NA,NA,NA,NA,"P4"
"77","Northwestern","fbs","Big Ten",2024,4433932,"Mike Wright",15,2,11,7.5,-4.57898764354658,-0.305265842903105,-2.28949382177329,90,6,45,0.466666666666667,1,1,NA,NA,NA,NA,NA,NA,NA,"P4"
"77","Northwestern","fbs","Big Ten",2024,4687475,"Cam Porter",103,10,11,10.3,2.30512819895494,0.022379885426747,0.230512819895494,382,3.70873786407767,38.2,0.359223300970874,4,0,146,146,145,202,208,234,208,"P4"
"77","Northwestern","fbs","Big Ten",2024,4687476,"Jake Arthurs",2,2,11,1,1.46705078394733,0.733525391973667,0.733525391973667,10,5,5,0.5,1,0,NA,NA,NA,NA,NA,NA,NA,"P4"
"77","Northwestern","fbs","Big Ten",2024,4816307,"Joseph Himon II",47,11,11,4.27272727272727,-10.8752444583516,-0.231388179964927,-0.988658587122872,214,4.5531914893617,19.4545454545455,0.276595744680851,1,0,NA,NA,NA,NA,NA,NA,NA,"P4"
"77","Northwestern","fbs","Big Ten",2024,4911961,"Jack Lausch",59,9,11,6.55555555555556,9.65531092673069,0.163649337741198,1.0728123251923,314,5.32203389830508,34.8888888888889,0.457627118644068,2,3,NA,NA,NA,NA,NA,NA,NA,"P4"
"77","Northwestern","fbs","Big Ten",2024,5078244,"Caleb Komolafe",41,8,11,5.125,-14.3950334926207,-0.351098377868798,-1.79937918657759,139,3.39024390243902,17.375,0.317073170731707,0,1,NA,NA,NA,NA,NA,NA,NA,"P4"
"77","Northwestern","fbs","Big Ten",2024,5081564,"Albert Kunickis III",1,1,11,1,-0.797463200152974,-0.797463200152974,-0.797463200152974,3,3,3,0,0,0,NA,NA,NA,NA,NA,NA,NA,"P4"
"8","Arkansas","fbs","SEC",2024,4431325,"Taylen Green",101,11,11,9.18181818181818,15.1697512557922,0.150195556988042,1.37906829598111,626,6.1980198019802,56.9090909090909,0.475247524752475,5,5,78,79,59,51,111,46,123,"P4"
"8","Arkansas","fbs","SEC",2024,4685374,"Rodney Hill",14,7,11,2,4.88210591197492,0.348721850855351,0.697443701710703,77,5.5,11,0.571428571428571,1,0,NA,NA,NA,NA,NA,NA,NA,"P4"
"8","Arkansas","fbs","SEC",2024,4690972,"Ja'Quinden Jackson",138,9,11,15.3333333333333,16.9323489447083,0.122698180758756,1.88137210496759,675,4.89130434782609,75,0.485507246376812,13,2,71,59,76,43,91,147,62,"P4"
"8","Arkansas","fbs","SEC",2024,4717724,"Rashod Dubinion",53,7,11,7.57142857142857,-2.10165948159093,-0.0396539524828477,-0.300237068798704,334,6.30188679245283,47.7142857142857,0.433962264150943,2,4,NA,NA,NA,NA,NA,NA,NA,"P4"
"8","Arkansas","fbs","SEC",2024,4870999,"Malachi Singleton",10,4,11,2.5,11.0630894095522,1.10630894095522,2.76577235238804,125,12.5,31.25,0.6,2,2,NA,NA,NA,NA,NA,NA,NA,"P4"
"8","Arkansas","fbs","SEC",2024,4873168,"Jordan Anthony",2,2,11,1,-0.522715927363288,-0.261357963681644,-0.261357963681644,7,3.5,3.5,0,0,0,NA,NA,NA,NA,NA,NA,NA,"P4"
"8","Arkansas","fbs","SEC",2024,4876282,"Devin Bale",2,1,11,2,2.25928033876423,1.12964016938212,2.25928033876423,20,10,20,0.5,0,0,NA,NA,NA,NA,NA,NA,NA,"P4"
"8","Arkansas","fbs","SEC",2024,5079589,"Braylen Russell",44,7,11,6.28571428571429,4.42832753451909,0.100643807602707,0.632618219217012,291,6.61363636363636,41.5714285714286,0.454545454545455,1,0,NA,NA,NA,NA,NA,NA,NA,"P4"
"8","Arkansas","fbs","SEC",2024,5080703,"Isaiah Sategna",1,1,11,1,0.542578681057709,0.542578681057709,0.542578681057709,15,15,15,1,0,0,NA,NA,NA,NA,NA,NA,NA,"P4"
"84","Indiana","fbs","Big Ten",2024,4367069,"Ty Son Lawton",123,11,11,11.1818181818182,10.0614925969417,0.0818007528206639,0.914681145176515,582,4.73170731707317,52.9090909090909,0.398373983739837,10,0,101,104,98,148,127,163,138,"P4"
"84","Indiana","fbs","Big Ten",2024,4429618,"Justice Ellison",138,11,11,12.5454545454545,12.337270334086,0.0894005096672899,1.12157003037145,688,4.98550724637681,62.5454545454545,0.456521739130435,8,1,88,95,94,71,85.5,135,106,"P4"
"84","Indiana","fbs","Big Ten",2024,4430431,"Kurtis Rourke",21,10,11,2.1,-0.959786916453133,-0.0457041388787206,-0.0959786916453133,96,4.57142857142857,9.6,0.428571428571429,1,3,NA,NA,NA,NA,NA,NA,NA,"P4"
"84","Indiana","fbs","Big Ten",2024,4430656,"Myles Price",5,5,11,1,5.8134118099737,1.16268236199474,1.16268236199474,64,12.8,12.8,1,1,0,NA,NA,NA,NA,NA,NA,NA,"P4"
"84","Indiana","fbs","Big Ten",2024,4570738,"Ke'Shawn Williams",2,1,11,2,1.1764515972592,0.588225798629601,1.1764515972592,27,13.5,27,1,0,0,NA,NA,NA,NA,NA,NA,NA,"P4"
"84","Indiana","fbs","Big Ten",2024,4579591,"James Carpenter",1,1,11,1,2.87458403179439,2.87458403179439,2.87458403179439,18,18,18,1,0,0,NA,NA,NA,NA,NA,NA,NA,"P4"
"84","Indiana","fbs","Big Ten",2024,4683393,"James Evans",1,1,11,1,-4.38379068570963,-4.38379068570963,-4.38379068570963,-23,-23,-23,0,0,0,NA,NA,NA,NA,NA,NA,NA,"P4"
"84","Indiana","fbs","Big Ten",2024,4688817,"Elijah Green",24,6,11,4,12.1912004003146,0.507966683346442,2.03186673338577,170,7.08333333333333,28.3333333333333,0.5,4,0,NA,NA,NA,NA,NA,NA,NA,"P4"
"84","Indiana","fbs","Big Ten",2024,4696044,"Kaelon Black",41,9,11,4.55555555555556,-1.91858848113427,-0.0467948410032749,-0.213176497903808,223,5.4390243902439,24.7777777777778,0.463414634146341,2,1,NA,NA,NA,NA,NA,NA,NA,"P4"
"84","Indiana","fbs","Big Ten",2024,4723820,"Omar Cooper Jr.",2,2,11,1,2.3504136610173,1.17520683050865,1.17520683050865,23,11.5,11.5,1,1,0,NA,NA,NA,NA,NA,NA,NA,"P4"
"84","Indiana","fbs","Big Ten",2024,4801307,"Tayven Jackson",11,4,11,2.75,2.1905261250899,0.199138738644536,0.547631531272475,49,4.45454545454545,12.25,0.636363636363636,2,0,NA,NA,NA,NA,NA,NA,NA,"P4"
"84","Indiana","fbs","Big Ten",2024,5142140,"Khobie Martin",6,1,11,6,-2.97855014871119,-0.496425024785198,-2.97855014871119,16,2.66666666666667,16,0,0,0,NA,NA,NA,NA,NA,NA,NA,"P4"
"87","Notre Dame","fbs","FBS Independents",2024,4426420,"Devyn Ford",13,5,12,2.6,-4.58165602674999,-0.352435078980768,-0.916331205349998,55,4.23076923076923,11,0.153846153846154,0,0,NA,NA,NA,NA,NA,NA,NA,"P4"
"87","Notre Dame","fbs","FBS Independents",2024,4431513,"Tyler Buchner",1,1,12,1,2.31009016800835,2.31009016800835,2.31009016800835,4,4,4,1,0,0,NA,NA,NA,NA,NA,NA,NA,"P4"
"87","Notre Dame","fbs","FBS Independents",2024,4431600,"Jayden Thomas",1,1,12,1,-0.396199314638638,-0.396199314638638,-0.396199314638638,2,2,2,0,0,0,NA,NA,NA,NA,NA,NA,NA,"P4"
"87","Notre Dame","fbs","FBS Independents",2024,4683423,"Riley Leonard",112,12,12,9.33333333333333,45.2472513461812,0.403993315590903,3.77060427884843,739,6.59821428571429,61.5833333333333,0.553571428571429,14,1,11,15,6,12,72,27,110,"P4"
"87","Notre Dame","fbs","FBS Independents",2024,4685512,"Jadarian Price",86,12,12,7.16666666666667,15.1697859686884,0.176392860101028,1.26414883072403,618,7.18604651162791,51.5,0.395348837209302,7,1,77,85,48,152,114,12,147,"P4"
"87","Notre Dame","fbs","FBS Independents",2024,4685694,"Steve Angeli",4,3,12,1.33333333333333,2.76998520995863,0.692496302489657,0.923328403319542,38,9.5,12.6666666666667,0.5,0,0,NA,NA,NA,NA,NA,NA,NA,"P4"
"87","Notre Dame","fbs","FBS Independents",2024,4870808,"Jeremiyah Love",134,12,12,11.1666666666667,28.3798694792798,0.211790070740894,2.36498912327332,984,7.34328358208955,82,0.455223880597015,15,0,28,38,37,72,30,8,46,"P4"
"87","Notre Dame","fbs","FBS Independents",2024,4875674,"Jake Tafelski",1,1,12,1,-0.226830737330553,-0.226830737330553,-0.226830737330553,2,2,2,0,0,0,NA,NA,NA,NA,NA,NA,NA,"P4"
"87","Notre Dame","fbs","FBS Independents",2024,4918099,"Kenny Minchey",2,1,12,2,1.52986570833855,0.764932854169275,1.52986570833855,12,6,12,1,1,0,NA,NA,NA,NA,NA,NA,NA,"P4"
"87","Notre Dame","fbs","FBS Independents",2024,5079742,"Aneyas Williams",26,10,12,2.6,3.09387904906473,0.118995348040951,0.309387904906473,174,6.69230769230769,17.4,0.346153846153846,2,0,NA,NA,NA,NA,NA,NA,NA,"P4"
"87","Notre Dame","fbs","FBS Independents",2024,5081698,"Justin Fisher",1,1,12,1,-0.247922716333734,-0.247922716333734,-0.247922716333734,4,4,4,0,0,0,NA,NA,NA,NA,NA,NA,NA,"P4"
"87","Notre Dame","fbs","FBS Independents",2024,5106301,"Kedren Young",21,3,12,7,-5.07611369142446,-0.241719699591641,-1.69203789714149,116,5.52380952380952,38.6666666666667,0.428571428571429,1,0,NA,NA,NA,NA,NA,NA,NA,"P4"
"9","Arizona State","fbs","Big 12",2024,4428594,"Melquan Stovall",2,2,13,1,-0.457911498279486,-0.228955749139743,-0.228955749139743,13,6.5,6.5,0.5,0,0,NA,NA,NA,NA,NA,NA,NA,"P4"
"9","Arizona State","fbs","Big 12",2024,4429066,"Jeff Sims",21,4,13,5.25,-0.701373870871315,-0.0333987557557769,-0.175343467717829,114,5.42857142857143,28.5,0.523809523809524,1,0,NA,NA,NA,NA,NA,NA,NA,"P4"
"9","Arizona State","fbs","Big 12",2024,4429316,"DeCarlos Brooks",37,9,13,4.11111111111111,-3.56199933210132,-0.0962702522189547,-0.395777703566814,150,4.05405405405405,16.6666666666667,0.351351351351351,1,0,NA,NA,NA,NA,NA,NA,NA,"P4"
"9","Arizona State","fbs","Big 12",2024,4572455,"Jake Smith",5,5,13,1,0.557342442391832,0.111468488478366,0.111468488478366,22,4.4,4.4,0.6,0,0,NA,NA,NA,NA,NA,NA,NA,"P4"
"9","Arizona State","fbs","Big 12",2024,4680018,"Alton McCaskill",7,1,13,7,-2.08794198953118,-0.298277427075883,-2.08794198953118,19,2.71428571428571,19,0.142857142857143,0,0,NA,NA,NA,NA,NA,NA,NA,"P4"
"9","Arizona State","fbs","Big 12",2024,4685268,"Raleek Brown",8,2,13,4,-1.55776741206428,-0.194720926508035,-0.778883706032141,41,5.125,20.5,0.375,0,0,NA,NA,NA,NA,NA,NA,NA,"P4"
"9","Arizona State","fbs","Big 12",2024,4696981,"Cam Skattebo",258,12,13,21.5,54.9798278296604,0.213100107866901,4.58165231913837,1514,5.86821705426357,126.166666666667,0.496124031007752,19,2,8,10,36,39,3,60,5,"P4"
"9","Arizona State","fbs","Big 12",2024,4880281,"Jordyn Tyson",1,1,13,1,-0.675061433140892,-0.675061433140892,-0.675061433140892,1,1,1,0,0,0,NA,NA,NA,NA,NA,NA,NA,"P4"
"9","Arizona State","fbs","Big 12",2024,5078810,"Sam Leavitt",81,12,13,6.75,37.7075548619962,0.46552536866662,3.14229623849968,446,5.50617283950617,37.1666666666667,0.604938271604938,5,0,NA,NA,NA,NA,NA,NA,NA,"P4"
"9","Arizona State","fbs","Big 12",2024,5079348,"Jason Brown Jr.",4,1,13,4,3.03854188584108,0.759635471460269,3.03854188584108,37,9.25,37,0.75,0,0,NA,NA,NA,NA,NA,NA,NA,"P4"
"9","Arizona State","fbs","Big 12",2024,5110535,"Kyson Brown",68,10,13,6.8,-2.03448485474485,-0.0299188949227184,-0.203448485474485,348,5.11764705882353,34.8,0.367647058823529,2,0,NA,NA,NA,NA,NA,NA,NA,"P4"
"9","Arizona State","fbs","Big 12",2024,5159821,"Carston Kieffer",1,1,13,1,-1.49492873544954,-1.49492873544954,-1.49492873544954,-3,-3,-3,0,0,0,NA,NA,NA,NA,NA,NA,NA,"P4"
"9","Arizona State","fbs","Big 12",2024,5159827,"Keona Peat",1,1,13,1,-0.38091683642624,-0.38091683642624,-0.38091683642624,1,1,1,0,0,0,NA,NA,NA,NA,NA,NA,NA,"P4"
"9","Arizona State","fbs","Big 12",2024,5159831,"Derek Eusebio",2,2,13,1,-1.22498455289351,-0.612492276446756,-0.612492276446756,7,3.5,3.5,0,0,0,NA,NA,NA,NA,NA,NA,NA,"P4"
"96","Kentucky","fbs","SEC",2024,4430270,"Ja'Mori Maclin",1,1,11,1,0.868176363501072,0.868176363501072,0.868176363501072,12,12,12,1,0,0,NA,NA,NA,NA,NA,NA,NA,"P4"
"96","Kentucky","fbs","SEC",2024,4430893,"Chip Trayanum",4,1,11,4,2.58553071652567,0.646382679131417,2.58553071652567,33,8.25,33,1,0,0,NA,NA,NA,NA,NA,NA,NA,"P4"
"96","Kentucky","fbs","SEC",2024,4432782,"Brock Vandagriff",62,10,11,6.2,4.47611572971207,0.072195414995356,0.447611572971207,302,4.87096774193548,30.2,0.451612903225806,0,2,NA,NA,NA,NA,NA,NA,NA,"P4"
"96","Kentucky","fbs","SEC",2024,4569680,"Jamon Dumas-Johnson",1,1,11,1,-1.79515837536939,-1.79515837536939,-1.79515837536939,-10,-10,-10,0,0,1,NA,NA,NA,NA,NA,NA,NA,"P4"
"96","Kentucky","fbs","SEC",2024,4606195,"Demie Sumo-Karngbaye",116,10,11,11.6,3.77594275655444,0.0325512306599521,0.377594275655444,528,4.55172413793103,52.8,0.5,4,2,140,140,141,36,150.5,179,139,"P4"
"96","Kentucky","fbs","SEC",2024,4698597,"Barion Brown",13,7,11,1.85714285714286,-4.66059717411559,-0.358507474931968,-0.665799596302227,50,3.84615384615385,7.14285714285714,0.307692307692308,1,0,NA,NA,NA,NA,NA,NA,NA,"P4"
"96","Kentucky","fbs","SEC",2024,4714290,"Fred Farrier II",1,1,11,1,-0.32889811790748,-0.32889811790748,-0.32889811790748,3,3,3,0,0,0,NA,NA,NA,NA,NA,NA,NA,"P4"
"96","Kentucky","fbs","SEC",2024,4819215,"Josh Kattus",1,1,11,1,1.98177317854941,1.98177317854941,1.98177317854941,2,2,2,1,1,0,NA,NA,NA,NA,NA,NA,NA,"P4"
"96","Kentucky","fbs","SEC",2024,4870635,"Anthony Brown-Stephens",6,3,11,2,-1.09750571104217,-0.182917618507028,-0.365835237014056,19,3.16666666666667,6.33333333333333,0.333333333333333,0,0,NA,NA,NA,NA,NA,NA,NA,"P4"
"96","Kentucky","fbs","SEC",2024,4893657,"Gavin Wimsatt",44,8,11,5.5,3.24279774139374,0.0736999486680396,0.405349717674218,192,4.36363636363636,24,0.477272727272727,2,0,NA,NA,NA,NA,NA,NA,NA,"P4"
"96","Kentucky","fbs","SEC",2024,4954506,"Jamarion Wilcox",77,10,11,7.7,-5.65857862585151,-0.0734880341019677,-0.565857862585151,456,5.92207792207792,45.6,0.376623376623377,1,2,184,187,197,183,176,58,177,"P4"
"96","Kentucky","fbs","SEC",2024,5123048,"Jason Patterson",19,3,11,6.33333333333333,2.7138392868535,0.1428336466765,0.904613095617833,110,5.78947368421053,36.6666666666667,0.578947368421053,0,1,NA,NA,NA,NA,NA,NA,NA,"P4"
"96","Kentucky","fbs","SEC",2024,5141378,"Cutter Boley",1,1,11,1,-0.101850560162076,-0.101850560162076,-0.101850560162076,5,5,5,0,0,1,NA,NA,NA,NA,NA,NA,NA,"P4"
"96","Kentucky","fbs","SEC",2024,5243925,"Deamonte Trayanum",7,1,11,7,-1.16768361370947,-0.166811944815639,-1.16768361370947,26,3.71428571428571,26,0.285714285714286,0,0,NA,NA,NA,NA,NA,NA,NA,"P4"
"97","Louisville","fbs","ACC",2024,4360689,"Tyler Shough",27,10,11,2.7,-1.10303721464044,-0.0408532301718682,-0.110303721464044,135,5,13.5,0.37037037037037,1,1,NA,NA,NA,NA,NA,NA,NA,"P4"
"97","Louisville","fbs","ACC",2024,4430185,"Caullin Lacy",3,2,11,1.5,-0.670649714166712,-0.223549904722237,-0.335324857083356,11,3.66666666666667,5.5,0.333333333333333,0,0,NA,NA,NA,NA,NA,NA,NA,"P4"
"97","Louisville","fbs","ACC",2024,4431241,"Duane Martin",3,3,11,1,6.10869213562377,2.03623071187459,2.03623071187459,16,5.33333333333333,5.33333333333333,0.666666666666667,1,0,NA,NA,NA,NA,NA,NA,NA,"P4"
"97","Louisville","fbs","ACC",2024,4685184,"Donald Chaney",46,8,11,5.75,-5.45754341509161,-0.118642248154165,-0.682192926886452,169,3.67391304347826,21.125,0.369565217391304,3,0,NA,NA,NA,NA,NA,NA,NA,"P4"
"97","Louisville","fbs","ACC",2024,4837391,"Maurice Turner",23,3,11,7.66666666666667,-0.390207584855902,-0.0169655471676479,-0.130069194951967,109,4.73913043478261,36.3333333333333,0.608695652173913,1,0,NA,NA,NA,NA,NA,NA,NA,"P4"
"97","Louisville","fbs","ACC",2024,4869961,"Chris Bell",2,2,11,1,-0.396541222849165,-0.198270611424583,-0.198270611424583,43,21.5,21.5,0.5,0,1,NA,NA,NA,NA,NA,NA,NA,"P4"
"97","Louisville","fbs","ACC",2024,4870636,"Pierce Clarkson",2,1,11,2,-0.179532510697025,-0.0897662553485123,-0.179532510697025,14,7,14,0.5,0,0,NA,NA,NA,NA,NA,NA,NA,"P4"
"97","Louisville","fbs","ACC",2024,4923046,"Keyjuan Brown",36,9,11,4,0.070080316559594,0.00194667545998872,0.00778670183995488,168,4.66666666666667,18.6666666666667,0.444444444444444,2,1,NA,NA,NA,NA,NA,NA,NA,"P4"
"97","Louisville","fbs","ACC",2024,5079349,"Isaac Brown",141,11,11,12.8181818181818,23.6922640134915,0.168030241230436,2.15384218304468,964,6.83687943262411,87.6363636363636,0.475177304964539,10,1,42,45,52,52,34,19,36,"P4"
"97","Louisville","fbs","ACC",2024,5136049,"Duke Watson",50,10,11,5,16.931981486679,0.33863962973358,1.6931981486679,424,8.48,42.4,0.42,6,0,NA,NA,NA,NA,NA,NA,NA,"P4"
"97","Louisville","fbs","ACC",2024,5151017,"Travis Egan",1,1,11,1,-0.455616202890397,-0.455616202890397,-0.455616202890397,2,2,2,0,0,0,NA,NA,NA,NA,NA,NA,NA,"P4"
"98","Western Kentucky","fbs","Conference USA",2024,4430089,"Michael Mathison",5,4,12,1.25,3.27856649221825,0.655713298443649,0.819641623054562,38,7.6,9.5,0.6,1,0,NA,NA,NA,NA,NA,NA,NA,"G6"
"98","Western Kentucky","fbs","Conference USA",2024,4431948,"TJ Finley",6,1,12,6,-0.597312785741903,-0.0995521309569839,-0.597312785741903,27,4.5,27,0.333333333333333,0,0,NA,NA,NA,NA,NA,NA,NA,"G6"
"98","Western Kentucky","fbs","Conference USA",2024,4432230,"Jalen Hampton",9,5,12,1.8,3.09609205218941,0.344010228021045,0.619218410437882,40,4.44444444444444,8,0.555555555555556,0,1,NA,NA,NA,NA,NA,NA,NA,"G6"
"98","Western Kentucky","fbs","Conference USA",2024,4433945,"Elijah Young",176,12,12,14.6666666666667,-13.4468833926614,-0.0764027465492125,-1.12057361605512,800,4.54545454545455,66.6666666666667,0.426136363636364,1,1,222,217,199,107,60.5,182,87,"G6"
"98","Western Kentucky","fbs","Conference USA",2024,4686145,"Bryce Childress",2,2,12,1,-1.2821414865274,-0.6410707432637,-0.6410707432637,3,1.5,1.5,0,0,0,NA,NA,NA,NA,NA,NA,NA,"G6"
"98","Western Kentucky","fbs","Conference USA",2024,4693881,"Kisean Johnson",1,1,12,1,-0.501615878341068,-0.501615878341068,-0.501615878341068,0,0,0,0,0,0,NA,NA,NA,NA,NA,NA,NA,"G6"
"98","Western Kentucky","fbs","Conference USA",2024,4705859,"K.D. Hutchinson",6,4,12,1.5,4.09558485624403,0.682597476040672,1.02389621406101,65,10.8333333333333,16.25,0.5,0,0,NA,NA,NA,NA,NA,NA,NA,"G6"
"98","Western Kentucky","fbs","Conference USA",2024,4869991,"Caden Veltkamp",88,12,12,7.33333333333333,-6.42375634880157,-0.0729972312363815,-0.535313029066797,308,3.5,25.6666666666667,0.409090909090909,7,4,190,184,196,128,227.5,238,240,"G6"
"98","Western Kentucky","fbs","Conference USA",2024,4875267,"George Hart III",42,12,12,3.5,-4.71940232054283,-0.112366721917686,-0.393283526711903,208,4.95238095238095,17.3333333333333,0.380952380952381,2,1,NA,NA,NA,NA,NA,NA,NA,"G6"
"98","Western Kentucky","fbs","Conference USA",2024,4914830,"Easton Messer",7,5,12,1.4,-0.35877885061131,-0.0512541215159014,-0.071755770122262,33,4.71428571428571,6.6,0.571428571428571,0,0,NA,NA,NA,NA,NA,NA,NA,"G6"
"98","Western Kentucky","fbs","Conference USA",2024,5085434,"L.T. Sanders",17,6,12,2.83333333333333,-5.17428290885418,-0.304369582873776,-0.862380484809031,75,4.41176470588235,12.5,0.235294117647059,0,0,NA,NA,NA,NA,NA,NA,NA,"G6"
"99","LSU","fbs","SEC",2024,4426333,"John Emery Jr.",10,1,11,10,-1.20499572933542,-0.120499572933542,-1.20499572933542,61,6.1,61,0.3,0,0,NA,NA,NA,NA,NA,NA,NA,"P4"
"99","LSU","fbs","SEC",2024,4429036,"Major Burns",1,1,11,1,-0.401103407547694,-0.401103407547694,-0.401103407547694,1,1,1,0,0,0,NA,NA,NA,NA,NA,NA,NA,"P4"
"99","LSU","fbs","SEC",2024,4567747,"Garrett Nussmeier",17,8,11,2.125,7.51266865877877,0.441921685810516,0.939083582347346,79,4.64705882352941,9.875,0.647058823529412,3,1,NA,NA,NA,NA,NA,NA,NA,"P4"
"99","LSU","fbs","SEC",2024,4568024,"Josh Williams",104,11,11,9.45454545454546,1.22728064012552,0.0118007753858223,0.111570967284139,421,4.04807692307692,38.2727272727273,0.403846153846154,5,0,153,153,151,136,193,217,207,"P4"
"99","LSU","fbs","SEC",2024,4869748,"Zavion Thomas",8,7,11,1.14285714285714,3.16883877650242,0.396104847062802,0.452691253786059,74,9.25,10.5714285714286,0.75,0,0,NA,NA,NA,NA,NA,NA,NA,"P4"
"99","LSU","fbs","SEC",2024,4870645,"Rickie Collins",2,1,11,2,1.4948391031732,0.7474195515866,1.4948391031732,14,7,14,0.5,0,0,NA,NA,NA,NA,NA,NA,NA,"P4"
"99","LSU","fbs","SEC",2024,4870839,"Kaleb Jackson",35,8,11,4.375,-15.3363553426907,-0.438181581219735,-1.91704441783634,129,3.68571428571429,16.125,0.228571428571429,0,0,NA,NA,NA,NA,NA,NA,NA,"P4"
"99","LSU","fbs","SEC",2024,5079379,"Caden Durham",121,10,11,12.1,11.2842555209244,0.093258310090284,1.12842555209244,685,5.66115702479339,68.5,0.421487603305785,6,0,94,94,91,111.5,89.5,75,82.5,"P4"
"99","LSU","fbs","SEC",2024,5079537,"Ju'Juan Johnson",6,3,11,2,-1.94483123704234,-0.324138539507056,-0.648277079014112,13,2.16666666666667,4.33333333333333,0.166666666666667,0,0,NA,NA,NA,NA,NA,NA,NA,"P4"
