"team_id","pos_team","division","conference","season","player_id","passer_player_name","plays","games","team_games","playsgame","TEPA","EPAplay","EPAgame","yards","yardsplay","yardsgame","success","comp","att","comppct","passing_td","sacked","sack_yds","pass_int","detmer","detmergame","dropbacks","sack_adj_yards","yardsdropback","TEPA_rank","EPAgame_rank","EPAplay_rank","success_rank","comppct_rank","yards_rank","yardsplay_rank","yardsgame_rank","sack_adj_yards_rank","yardsdropback_rank","detmer_rank","detmergame_rank","fbs_class"
"103","Boston College","fbs","ACC",2018,3915289,"Ben Glines",1,1,11,1,3.92140925814124,3.92140925814124,3.92140925814124,29,29,29,1,1,1,1,1,0,0,0,0.03625,0.03625,1,29,29,NA,NA,NA,NA,NA,NA,NA,NA,NA,NA,NA,NA,"P5"
"103","Boston College","fbs","ACC",2018,3915308,"Jake Burt",1,1,11,1,2.09540805126477,2.09540805126477,2.09540805126477,3,3,3,1,1,1,1,1,0,0,0,0.00375,0.00375,1,3,3,NA,NA,NA,NA,NA,NA,NA,NA,NA,NA,NA,NA,"P5"
"103","Boston College","fbs","ACC",2018,3929118,"Jeff Smith",7,4,11,1.75,14.2874122583112,2.04105889404446,3.57185306457781,145,20.7142857142857,36.25,0.714285714285714,5,7,0.714285714285714,3,0,0,0,0.06796875,0.0388392857142857,7,145,20.7142857142857,NA,NA,NA,NA,NA,NA,NA,NA,NA,NA,NA,NA,"P5"
"103","Boston College","fbs","ACC",2018,4035312,"Anthony Brown",269,11,11,24.4545454545455,58.3467921249298,0.216902572955129,5.30425382953907,1968,7.31598513011152,178.909090909091,0.37546468401487,152,269,0.565055762081784,16,0,0,0,0.42096256684492,0.265050505050505,269,1968,7.31598513011152,69,78,72,110,100,65,70,85,65,70,78,65,"P5"
"103","Boston College","fbs","ACC",2018,4239936,"EJ Perry",27,3,11,9,-0.209704008884704,-0.00776681514387794,-0.0699013362949014,176,6.51851851851852,58.6666666666667,0.37037037037037,17,27,0.62962962962963,0,0,0,0,0,0,27,176,6.51851851851852,NA,NA,NA,NA,NA,NA,NA,NA,NA,NA,NA,NA,"P5"
"103","Boston College","fbs","ACC",2018,4239937,"Matt McDonald",1,1,11,1,-0.0638163042064807,-0.0638163042064807,-0.0638163042064807,4,4,4,0,1,1,1,0,0,0,0,0,0,1,4,4,NA,NA,NA,NA,NA,NA,NA,NA,NA,NA,NA,NA,"P5"
"103","Boston College","fbs","ACC",2018,4239943,"Brandon Sebastian",1,1,11,1,-0.403691277099703,-0.403691277099703,-0.403691277099703,7,7,7,0,1,1,1,0,0,0,0,0,0,1,7,7,NA,NA,NA,NA,NA,NA,NA,NA,NA,NA,NA,NA,"P5"
"113","Massachusetts","fbs","FBS Independents",2018,3116772,"Andrew Ford",150,6,11,25,46.3922761464022,0.309281840976014,7.73204602440036,1136,7.57333333333333,189.333333333333,0.52,99,150,0.66,7,0,0,0,0.414166666666667,0.254871794871795,150,1136,7.57333333333333,NA,NA,NA,NA,NA,NA,NA,NA,NA,NA,NA,NA,"G5"
"113","Massachusetts","fbs","FBS Independents",2018,3125927,"Ross Comis",182,10,11,18.2,84.0891841694656,0.462028484447613,8.40891841694656,1688,9.27472527472528,168.8,0.434065934065934,115,182,0.631868131868132,10,0,0,0,0.383636363636364,0.211,182,1688,9.27472527472528,46,42,5,74,48,83,4,92,83,4,93,91,"G5"
"113","Massachusetts","fbs","FBS Independents",2018,4242394,"Michael Curtis",38,5,11,7.6,36.593771814184,0.962993995110104,7.31875436283679,412,10.8421052631579,82.4,0.552631578947368,26,38,0.684210526315789,4,0,0,0,0.1648,0.0915555555555556,38,412,10.8421052631579,NA,NA,NA,NA,NA,NA,NA,NA,NA,NA,NA,NA,"G5"
"12","Arizona","fbs","Pac-12",2018,3133996,"Tony Ellison",1,1,9,1,4.44121280328305,4.44121280328305,4.44121280328305,15,15,15,1,1,1,1,1,0,0,0,0.01875,0.01875,1,15,15,NA,NA,NA,NA,NA,NA,NA,NA,NA,NA,NA,NA,"P5"
"12","Arizona","fbs","Pac-12",2018,4039602,"Khalil Tate",206,8,9,25.75,79.3746108070755,0.385313644694541,9.92182635088444,1706,8.28155339805825,213.25,0.456310679611651,118,206,0.572815533980582,12,0,0,0,0.492115384615385,0.319875,206,1706,8.28155339805825,48,27,18,56,94,82,22,59,82,22,57,53,"P5"
"12","Arizona","fbs","Pac-12",2018,4039604,"Shawn Poindexter",1,1,9,1,3.46201933267167,3.46201933267167,3.46201933267167,23,23,23,1,1,1,1,1,0,0,0,0.02875,0.02875,1,23,23,NA,NA,NA,NA,NA,NA,NA,NA,NA,NA,NA,NA,"P5"
"12","Arizona","fbs","Pac-12",2018,4245679,"Rhett Rodriguez",79,4,9,19.75,7.52717849928949,0.0952807404973353,1.88179462482237,507,6.41772151898734,126.75,0.30379746835443,41,79,0.518987341772152,3,0,0,0,0.23765625,0.135803571428571,79,507,6.41772151898734,NA,NA,NA,NA,NA,NA,NA,NA,NA,NA,NA,NA,"P5"
"12","Arizona","fbs","Pac-12",2018,4372597,"Jamarye Joiner",4,1,9,4,-1.3426947826089,-0.335673695652225,-1.3426947826089,17,4.25,17,0.5,3,4,0.75,0,0,0,0,0,0,4,17,4.25,NA,NA,NA,NA,NA,NA,NA,NA,NA,NA,NA,NA,"P5"
"120","Maryland","fbs","Big Ten",2018,4036210,"Tyrrell Pigrome",65,9,12,7.22222222222222,12.6621963470715,0.194803020724176,1.40691070523016,501,7.70769230769231,55.6666666666667,0.384615384615385,36,65,0.553846153846154,2,0,0,0,0.0927777777777778,0.0253030303030303,65,501,7.70769230769231,NA,NA,NA,NA,NA,NA,NA,NA,NA,NA,NA,NA,"P5"
"120","Maryland","fbs","Big Ten",2018,4036234,"Wade Lees",1,1,12,1,3.76945100818891,3.76945100818891,3.76945100818891,15,15,15,1,1,1,1,0,0,0,0,0,0,1,15,15,NA,NA,NA,NA,NA,NA,NA,NA,NA,NA,NA,NA,"P5"
"120","Maryland","fbs","Big Ten",2018,4241937,"Kasim Hill",166,10,12,16.6,12.5467987195641,0.0755831248166512,1.25467987195641,1083,6.52409638554217,108.3,0.313253012048193,84,166,0.506024096385542,9,0,0,0,0.243675,0.12825,166,1083,6.52409638554217,NA,NA,NA,NA,NA,NA,NA,NA,NA,NA,NA,NA,"P5"
"120","Maryland","fbs","Big Ten",2018,4360634,"Tyler DeSue",2,1,12,2,1.54122899485212,0.770614497426058,1.54122899485212,16,8,16,0.5,2,2,1,0,0,0,0,0,0,2,16,8,NA,NA,NA,NA,NA,NA,NA,NA,NA,NA,NA,NA,"P5"
"120","Maryland","fbs","Big Ten",2018,4360637,"Jeshaun Jones",1,1,12,1,2.3953040408364,2.3953040408364,2.3953040408364,20,20,20,1,1,1,1,1,0,0,0,0.025,0.025,1,20,20,NA,NA,NA,NA,NA,NA,NA,NA,NA,NA,NA,NA,"P5"
"127","Michigan State","fbs","Big Ten",2018,3929824,"Brian Lewerke",286,9,12,31.7777777777778,31.4870285652478,0.110094505472894,3.49855872947198,1872,6.54545454545455,208,0.409090909090909,163,286,0.56993006993007,9,0,0,0,0.468,0.26,286,1872,6.54545454545455,97,97,102,95,96,69,100,64,69,100,64,68,"P5"
"127","Michigan State","fbs","Big Ten",2018,4241961,"Connor Heyward",1,1,12,1,3.46136873704702,3.46136873704702,3.46136873704702,36,36,36,1,1,1,1,0,0,0,0,0,0,1,36,36,NA,NA,NA,NA,NA,NA,NA,NA,NA,NA,NA,NA,"P5"
"127","Michigan State","fbs","Big Ten",2018,4241965,"Rocky Lombardi",150,6,12,25,-18.0740383940107,-0.120493589293405,-3.01233973233512,738,4.92,123,0.346666666666667,68,150,0.453333333333333,3,0,0,0,0.230625,0.1025,150,738,4.92,NA,NA,NA,NA,NA,NA,NA,NA,NA,NA,NA,NA,"P5"
"127","Michigan State","fbs","Big Ten",2018,4241983,"Cody White",1,1,12,1,-0.190339559003649,-0.190339559003649,-0.190339559003649,6,6,6,1,1,1,1,0,0,0,0,0,0,1,6,6,NA,NA,NA,NA,NA,NA,NA,NA,NA,NA,NA,NA,"P5"
"130","Michigan","fbs","Big Ten",2018,3115967,"Jared Wangler",1,1,12,1,1.63248067427008,1.63248067427008,1.63248067427008,7,7,7,1,1,1,1,1,0,0,0,0.00875,0.00875,1,7,7,NA,NA,NA,NA,NA,NA,NA,NA,NA,NA,NA,NA,"P5"
"130","Michigan","fbs","Big Ten",2018,3929923,"Grant Perry",1,1,12,1,0.424728115502085,0.424728115502085,0.424728115502085,12,12,12,1,1,1,1,0,0,0,0,0,0,1,12,12,NA,NA,NA,NA,NA,NA,NA,NA,NA,NA,NA,NA,"P5"
"130","Michigan","fbs","Big Ten",2018,4035292,"Shea Patterson",278,12,12,23.1666666666667,92.6351983455986,0.333220137933808,7.71959986213321,2228,8.01438848920863,185.666666666667,0.489208633093525,182,278,0.654676258992806,15,0,0,0,0.43515625,0.25787037037037,278,2228,8.01438848920863,40,48,32,28,27,52,33,78,52,33,76,70,"P5"
"130","Michigan","fbs","Big Ten",2018,4036262,"Brandon Peters",1,1,12,1,1.37041523591477,1.37041523591477,1.37041523591477,8,8,8,1,1,1,1,0,0,0,0,0,0,1,8,8,NA,NA,NA,NA,NA,NA,NA,NA,NA,NA,NA,NA,"P5"
"130","Michigan","fbs","Big Ten",2018,4046530,"Chris Evans",1,1,12,1,3.28323181465567,3.28323181465567,3.28323181465567,9,9,9,1,1,1,1,1,0,0,0,0.01125,0.01125,1,9,9,NA,NA,NA,NA,NA,NA,NA,NA,NA,NA,NA,NA,"P5"
"130","Michigan","fbs","Big Ten",2018,4258173,"Nico Collins",3,2,12,1.5,11.2413449385515,3.74711497951716,5.62067246927575,41,13.6666666666667,20.5,1,3,3,1,3,0,0,0,0.0384375,0.03075,3,41,13.6666666666667,NA,NA,NA,NA,NA,NA,NA,NA,NA,NA,NA,NA,"P5"
"130","Michigan","fbs","Big Ten",2018,4258191,"Dylan McCaffrey",15,3,12,5,6.00042540684721,0.400028360456481,2.0001418022824,126,8.4,42,0.466666666666667,8,15,0.533333333333333,2,0,0,0,0.07,0.042,15,126,8.4,NA,NA,NA,NA,NA,NA,NA,NA,NA,NA,NA,NA,"P5"
"130","Michigan","fbs","Big Ten",2018,4258195,"Donovan Peoples-Jones",1,1,12,1,6.16205258590782,6.16205258590782,6.16205258590782,79,79,79,1,1,1,1,1,0,0,0,0.09875,0.09875,1,79,79,NA,NA,NA,NA,NA,NA,NA,NA,NA,NA,NA,NA,"P5"
"130","Michigan","fbs","Big Ten",2018,4360698,"Joe Milton",2,1,12,2,2.53621070281609,1.26810535140805,2.53621070281609,45,22.5,45,0.5,2,2,1,0,0,0,0,0,0,2,45,22.5,NA,NA,NA,NA,NA,NA,NA,NA,NA,NA,NA,NA,"P5"
"135","Minnesota","fbs","Big Ten",2018,3728299,"Jacob Herbers",1,1,12,1,-1.99494480569447,-1.99494480569447,-1.99494480569447,0,0,0,0,0,1,0,0,0,0,0,0,0,1,0,0,NA,NA,NA,NA,NA,NA,NA,NA,NA,NA,NA,NA,"P5"
"135","Minnesota","fbs","Big Ten",2018,4034772,"Seth Green",4,4,12,1,5.97357518586425,1.49339379646606,1.49339379646606,36,9,9,0.75,4,4,1,2,0,0,0,0.015,0.0075,4,36,9,NA,NA,NA,NA,NA,NA,NA,NA,NA,NA,NA,NA,"P5"
"135","Minnesota","fbs","Big Ten",2018,4240756,"Tanner Morgan",134,8,12,16.75,56.3809563812758,0.420753405830417,7.04761954765948,1265,9.44029850746269,158.125,0.5,82,134,0.611940298507463,7,0,0,0,0.3458984375,0.184479166666667,134,1265,9.44029850746269,NA,NA,NA,NA,NA,NA,NA,NA,NA,NA,NA,NA,"P5"
"135","Minnesota","fbs","Big Ten",2018,4360936,"Zack Annexstad",179,7,12,25.5714285714286,28.8635415261571,0.16124883534166,4.12336307516529,1277,7.1340782122905,182.428571428571,0.424581005586592,97,179,0.541899441340782,9,0,0,0,0.410464285714286,0.256540178571429,179,1277,7.1340782122905,99,90,89,80,109,108,79,80,108,79,81,72,"P5"
"142","Missouri","fbs","SEC",2018,3924327,"Drew Lock",364,11,11,33.0909090909091,105.345439407902,0.289410547823907,9.5768581279911,2816,7.73626373626374,256,0.486263736263736,231,364,0.634615384615385,20,0,0,0,0.609523809523809,0.412903225806452,364,2816,7.73626373626374,25,31,49,30,44,18,49,21,18,49,19,23,"P5"
"142","Missouri","fbs","SEC",2018,4241193,"Taylor Powell",5,2,11,2.5,-1.22517486263627,-0.245034972527253,-0.612587431318134,29,5.8,14.5,0.2,2,5,0.4,0,0,0,0,0,0,5,29,5.8,NA,NA,NA,NA,NA,NA,NA,NA,NA,NA,NA,NA,"P5"
"142","Missouri","fbs","SEC",2018,4362751,"Jalen Knox",1,1,11,1,2.59596424533504,2.59596424533504,2.59596424533504,20,20,20,1,1,1,1,1,0,0,0,0.025,0.025,1,20,20,NA,NA,NA,NA,NA,NA,NA,NA,NA,NA,NA,NA,"P5"
"145","Ole Miss","fbs","SEC",2018,4242418,"Jordan Ta'amu",338,10,11,33.8,138.264319679822,0.409066034555687,13.8264319679822,3091,9.14497041420118,309.1,0.523668639053254,220,338,0.650887573964497,13,0,0,0,0.717553571428571,0.436771739130435,338,3091,9.14497041420118,8,6,12,9,31,12,6,6,12,6,8,19,"P5"
"145","Ole Miss","fbs","SEC",2018,4362874,"Matt Corral",19,3,11,6.33333333333333,12.218274346792,0.643067070883789,4.07275811559733,208,10.9473684210526,69.3333333333333,0.578947368421053,15,19,0.789473684210526,2,0,0,0,0.115555555555556,0.0693333333333333,19,208,10.9473684210526,NA,NA,NA,NA,NA,NA,NA,NA,NA,NA,NA,NA,"P5"
"145","Ole Miss","fbs","SEC",2018,4404405,"Jordan Taamu",35,1,11,35,10.6930579376055,0.305515941074442,10.6930579376055,373,10.6571428571429,373,0.457142857142857,22,35,0.628571428571429,1,0,0,0,0.46625,0.46625,35,373,10.6571428571429,NA,NA,NA,NA,NA,NA,NA,NA,NA,NA,NA,NA,"P5"
"150","Duke","fbs","ACC",2018,3917787,"T.J. Rahming",1,1,11,1,2.86598115359812,2.86598115359812,2.86598115359812,22,22,22,1,1,1,1,1,0,0,0,0.0275,0.0275,1,22,22,NA,NA,NA,NA,NA,NA,NA,NA,NA,NA,NA,NA,"P5"
"150","Duke","fbs","ACC",2018,3917789,"Aaron Young",1,1,11,1,2.31243725137173,2.31243725137173,2.31243725137173,25,25,25,1,1,1,1,1,0,0,0,0.03125,0.03125,1,25,25,NA,NA,NA,NA,NA,NA,NA,NA,NA,NA,NA,NA,"P5"
"150","Duke","fbs","ACC",2018,3917792,"Daniel Jones",343,10,11,34.3,53.9654825802805,0.157333768455628,5.39654825802805,2226,6.48979591836735,222.6,0.440233236151603,206,343,0.600583090379009,16,0,0,0,0.523764705882353,0.342461538461538,343,2226,6.48979591836735,72,76,90,66,75,53,102,48,53,102,45,44,"P5"
"150","Duke","fbs","ACC",2018,3917793,"Quentin Harris",38,5,11,7.6,-3.54299896459544,-0.0932368148577749,-0.708599792919089,218,5.73684210526316,43.6,0.315789473684211,17,38,0.447368421052632,4,0,0,0,0.0872,0.0484444444444444,38,218,5.73684210526316,NA,NA,NA,NA,NA,NA,NA,NA,NA,NA,NA,NA,"P5"
"150","Duke","fbs","ACC",2018,4240455,"Deon Jackson",1,1,11,1,2.24411045958977,2.24411045958977,2.24411045958977,12,12,12,1,1,1,1,0,0,0,0,0,0,1,12,12,NA,NA,NA,NA,NA,NA,NA,NA,NA,NA,NA,NA,"P5"
"151","East Carolina","fbs","American Athletic",2018,4038520,"Reid Herring",175,6,10,29.1666666666667,7.97501793205148,0.0455715310402942,1.32916965534191,989,5.65142857142857,164.833333333333,0.342857142857143,93,175,0.531428571428571,1,0,0,0,0.206041666666667,0.0588690476190476,175,989,5.65142857142857,113,112,112,117,112,118,113,96,118,113,120,120,"G5"
"151","East Carolina","fbs","American Athletic",2018,4239400,"Kingsley Ifedi",6,2,10,3,-1.76439694660069,-0.294066157766782,-0.882198473300347,16,2.66666666666667,8,0.333333333333333,2,6,0.333333333333333,0,0,0,0,0,0,6,16,2.66666666666667,NA,NA,NA,NA,NA,NA,NA,NA,NA,NA,NA,NA,"G5"
"151","East Carolina","fbs","American Athletic",2018,4360129,"Caiden Norman",2,1,10,2,-0.986796094823399,-0.4933980474117,-0.986796094823399,4,2,4,0,1,2,0.5,0,0,0,0,0,0,2,4,2,NA,NA,NA,NA,NA,NA,NA,NA,NA,NA,NA,NA,"G5"
"151","East Carolina","fbs","American Athletic",2018,4360131,"Holton Ahlers",256,9,10,28.4444444444444,39.7737024099145,0.155366025038729,4.41930026776828,1786,6.9765625,198.444444444444,0.3828125,126,256,0.4921875,12,0,0,0,0.457948717948718,0.283492063492064,256,1786,6.9765625,88,86,91,109,119,76,83,72,76,83,72,62,"G5"
"152","NC State","fbs","ACC",2018,546288,"Ryan Finley",361,10,10,36.1,146.094308153804,0.40469337438727,14.6094308153804,3153,8.73407202216067,315.3,0.548476454293629,250,361,0.692520775623269,17,0,0,0,0.744458333333333,0.496305555555555,361,3153,8.73407202216067,7,5,14,5,10,10,11,3,10,11,5,9,"P5"
"152","NC State","fbs","ACC",2018,3916433,"Jakobi Meyers",2,2,10,1,-2.07339092372484,-1.03669546186242,-1.03669546186242,0,0,0,0,0,2,0,0,0,0,0,0,0,2,0,0,NA,NA,NA,NA,NA,NA,NA,NA,NA,NA,NA,NA,"P5"
"152","NC State","fbs","ACC",2018,4240096,"Matt McKay",2,2,10,1,3.79055318854798,1.89527659427399,1.89527659427399,49,24.5,24.5,1,2,2,1,0,0,0,0,0,0,2,49,24.5,NA,NA,NA,NA,NA,NA,NA,NA,NA,NA,NA,NA,"P5"
"152","NC State","fbs","ACC",2018,4240121,"Thayer Thomas",2,2,10,1,3.14170427136367,1.57085213568183,1.57085213568183,56,28,28,0.5,1,2,0.5,0,0,0,0,0,0,2,56,28,NA,NA,NA,NA,NA,NA,NA,NA,NA,NA,NA,NA,"P5"
"153","North Carolina","fbs","ACC",2018,3895828,"Anthony Ratliff-Williams",2,2,10,1,-1.38016505969412,-0.690082529847062,-0.690082529847062,0,0,0,0,0,2,0,0,0,0,0,0,0,2,0,0,NA,NA,NA,NA,NA,NA,NA,NA,NA,NA,NA,NA,"P5"
"153","North Carolina","fbs","ACC",2018,3895838,"Nathan Elliott",290,9,10,32.2222222222222,22.1306841512877,0.0763127039699577,2.45896490569864,1860,6.41379310344828,206.666666666667,0.403448275862069,180,290,0.620689655172414,8,0,0,0,0.459259259259259,0.243137254901961,290,1860,6.41379310344828,106,105,108,98,60,71,104,66,71,104,71,78,"P5"
"153","North Carolina","fbs","ACC",2018,4037514,"Rontavius Groves",1,1,10,1,-0.735731155049512,-0.735731155049512,-0.735731155049512,0,0,0,0,0,1,0,0,0,0,0,0,0,1,0,0,NA,NA,NA,NA,NA,NA,NA,NA,NA,NA,NA,NA,"P5"
"153","North Carolina","fbs","ACC",2018,4037521,"Chazz Surratt",7,1,10,7,0.808783478603728,0.11554049694339,0.808783478603728,10,1.42857142857143,10,0.285714285714286,4,7,0.571428571428571,0,0,0,0,0,0,7,10,1.42857142857143,NA,NA,NA,NA,NA,NA,NA,NA,NA,NA,NA,NA,"P5"
"153","North Carolina","fbs","ACC",2018,4240661,"Dazz Newsome",1,1,10,1,2.80162055331114,2.80162055331114,2.80162055331114,43,43,43,1,1,1,1,0,0,0,0,0,0,1,43,43,NA,NA,NA,NA,NA,NA,NA,NA,NA,NA,NA,NA,"P5"
"153","North Carolina","fbs","ACC",2018,4361573,"Cade Fortin",62,3,10,20.6666666666667,-1.60452503478803,-0.0258794360449683,-0.534841678262677,388,6.25806451612903,129.333333333333,0.354838709677419,32,62,0.516129032258065,1,0,0,0,0.161666666666667,0.0808333333333333,62,388,6.25806451612903,NA,NA,NA,NA,NA,NA,NA,NA,NA,NA,NA,NA,"P5"
"153","North Carolina","fbs","ACC",2018,4361574,"Bryson Richardson",1,1,10,1,-1.56440001679416,-1.56440001679416,-1.56440001679416,0,0,0,0,0,1,0,0,0,0,0,0,0,1,0,0,NA,NA,NA,NA,NA,NA,NA,NA,NA,NA,NA,NA,"P5"
"153","North Carolina","fbs","ACC",2018,4361575,"Jace Ruder",5,1,10,5,8.98206722009454,1.79641344401891,8.98206722009454,80,16,80,0.8,4,5,0.8,1,0,0,0,0.1,0.1,5,80,16,NA,NA,NA,NA,NA,NA,NA,NA,NA,NA,NA,NA,"P5"
"154","Wake Forest","fbs","ACC",2018,3700815,"Kendall Hinton",7,2,11,3.5,-6.46522117181348,-0.923603024544783,-3.23261058590674,2,0.285714285714286,1,0,2,7,0.285714285714286,0,0,0,0,0,0,7,2,0.285714285714286,NA,NA,NA,NA,NA,NA,NA,NA,NA,NA,NA,NA,"P5"
"154","Wake Forest","fbs","ACC",2018,4037213,"Jamie Newman",98,5,11,19.6,37.7612042457326,0.385318410670741,7.55224084914653,755,7.70408163265306,151,0.448979591836735,62,98,0.63265306122449,8,0,0,0,0.335555555555556,0.232307692307692,98,755,7.70408163265306,NA,NA,NA,NA,NA,NA,NA,NA,NA,NA,NA,NA,"P5"
"154","Wake Forest","fbs","ACC",2018,4256908,"Matthew Considine",2,1,11,2,-3.04754131856372,-1.52377065928186,-3.04754131856372,0,0,0,0,0,2,0,0,0,0,0,0,0,2,0,0,NA,NA,NA,NA,NA,NA,NA,NA,NA,NA,NA,NA,"P5"
"154","Wake Forest","fbs","ACC",2018,4361994,"Sam Hartman",257,8,11,32.125,61.5378604147286,0.239446927683769,7.69223255184107,1742,6.77821011673152,217.75,0.447470817120623,144,257,0.560311284046693,14,0,0,0,0.508083333333333,0.346420454545455,257,1742,6.77821011673152,65,51,65,59,105,78,92,53,78,92,54,42,"P5"
"158","Nebraska","fbs","Big Ten",2018,4240792,"Andrew Bunch",45,4,11,11.25,9.92053324970889,0.220456294437975,2.48013331242722,320,7.11111111111111,80,0.4,31,45,0.688888888888889,2,0,0,0,0.133333333333333,0.0666666666666667,45,320,7.11111111111111,NA,NA,NA,NA,NA,NA,NA,NA,NA,NA,NA,NA,"P5"
"158","Nebraska","fbs","Big Ten",2018,4361182,"Adrian Martinez",315,10,11,31.5,78.0823832763469,0.247880581829673,7.80823832763469,2403,7.62857142857143,240.3,0.476190476190476,206,315,0.653968253968254,15,0,0,0,0.563203125,0.36045,315,2403,7.62857142857143,50,47,64,36,28,39,54,32,39,54,32,35,"P5"
"158","Nebraska","fbs","Big Ten",2018,4361198,"Maurice Washington",1,1,11,1,-0.624207745461812,-0.624207745461812,-0.624207745461812,0,0,0,0,0,1,0,0,0,0,0,0,0,1,0,0,NA,NA,NA,NA,NA,NA,NA,NA,NA,NA,NA,NA,"P5"
"164","Rutgers","fbs","Big Ten",2018,3127375,"Giovanni Rescigno",71,5,12,14.2,-7.57225763213962,-0.106651515945628,-1.51445152642792,370,5.2112676056338,74,0.295774647887324,35,71,0.492957746478873,1,0,0,0,0.0925,0.0308333333333333,71,370,5.2112676056338,NA,NA,NA,NA,NA,NA,NA,NA,NA,NA,NA,NA,"P5"
"164","Rutgers","fbs","Big Ten",2018,4033797,"Trey Sneed",1,1,12,1,-3.16245533403625,-3.16245533403625,-3.16245533403625,0,0,0,0,0,1,0,0,0,0,0,0,0,1,0,0,NA,NA,NA,NA,NA,NA,NA,NA,NA,NA,NA,NA,"P5"
"164","Rutgers","fbs","Big Ten",2018,4361529,"Isaih Pacheco",2,2,12,1,5.2816872517533,2.64084362587665,2.64084362587665,58,29,29,1,2,2,1,0,0,0,0,0,0,2,58,29,NA,NA,NA,NA,NA,NA,NA,NA,NA,NA,NA,NA,"P5"
"164","Rutgers","fbs","Big Ten",2018,4361530,"Artur Sitkowski",253,11,12,23,-35.9309451446104,-0.142019546026128,-3.26644955860095,1157,4.57312252964427,105.181818181818,0.304347826086957,133,253,0.525691699604743,4,0,0,0,0.210363636363636,0.0701212121212121,253,1157,4.57312252964427,120,119,119,120,113,112,119,120,112,119,119,119,"P5"
"166","New Mexico State","fbs","FBS Independents",2018,3124971,"Nick Jeanty",12,3,11,4,-7.04337718168497,-0.586948098473747,-2.34779239389499,10,0.833333333333333,3.33333333333333,0.0833333333333333,3,12,0.25,0,0,0,0,0,0,12,10,0.833333333333333,NA,NA,NA,NA,NA,NA,NA,NA,NA,NA,NA,NA,"G5"
"166","New Mexico State","fbs","FBS Independents",2018,4040788,"Johnathan Boone",1,1,11,1,2.42269834393883,2.42269834393883,2.42269834393883,18,18,18,1,1,1,1,1,0,0,0,0.0225,0.0225,1,18,18,NA,NA,NA,NA,NA,NA,NA,NA,NA,NA,NA,NA,"G5"
"166","New Mexico State","fbs","FBS Independents",2018,4040791,"Drew Dan",1,1,11,1,5.23438320154252,5.23438320154252,5.23438320154252,31,31,31,1,1,1,1,1,0,0,0,0.03875,0.03875,1,31,31,NA,NA,NA,NA,NA,NA,NA,NA,NA,NA,NA,NA,"G5"
"166","New Mexico State","fbs","FBS Independents",2018,4241635,"Josh Adkins",340,9,11,37.7777777777778,38.8381626293177,0.114229890086229,4.31535140325752,2109,6.20294117647059,234.333333333333,0.388235294117647,190,340,0.558823529411765,9,0,0,0,0.52725,0.292916666666667,340,2109,6.20294117647059,91,87,100,104,107,61,107,38,61,107,44,59,"G5"
"166","New Mexico State","fbs","FBS Independents",2018,4361467,"Matt Romero",123,4,11,30.75,-17.0190464611487,-0.138366231391453,-4.25476161528717,560,4.55284552845528,140,0.317073170731707,70,123,0.569105691056911,1,0,0,0,0.175,0.07,123,560,4.55284552845528,NA,NA,NA,NA,NA,NA,NA,NA,NA,NA,NA,NA,"G5"
"167","New Mexico","fbs","Mountain West",2018,3128784,"Coltin Gerhart",52,4,11,13,-6.69149847920953,-0.128682663061722,-1.67287461980238,254,4.88461538461539,63.5,0.307692307692308,26,52,0.5,3,0,0,0,0.1190625,0.0680357142857143,52,254,4.88461538461539,NA,NA,NA,NA,NA,NA,NA,NA,NA,NA,NA,NA,"G5"
"167","New Mexico","fbs","Mountain West",2018,3915379,"Sheriron Jones",168,10,11,16.8,41.7554750479557,0.24854449433307,4.17554750479557,1315,7.82738095238095,131.5,0.43452380952381,98,168,0.583333333333333,12,0,0,0,0.303461538461538,0.179318181818182,168,1315,7.82738095238095,83,88,62,72,89,104,45,112,104,45,109,102,"G5"
"167","New Mexico","fbs","Mountain West",2018,4039390,"Tevaka Tuioti",21,2,11,10.5,4.41149446334905,0.210071164921383,2.20574723167452,112,5.33333333333333,56,0.428571428571429,11,21,0.523809523809524,1,0,0,0,0.07,0.0466666666666667,21,112,5.33333333333333,NA,NA,NA,NA,NA,NA,NA,NA,NA,NA,NA,NA,"G5"
"183","Syracuse","fbs","ACC",2018,559678,"Ravian Pierce",1,1,10,1,0.742897754549359,0.742897754549359,0.742897754549359,3,3,3,1,1,1,1,1,0,0,0,0.00375,0.00375,1,3,3,NA,NA,NA,NA,NA,NA,NA,NA,NA,NA,NA,NA,"P5"
"183","Syracuse","fbs","ACC",2018,3124013,"Jamal Custis",1,1,10,1,2.25217446361534,2.25217446361534,2.25217446361534,22,22,22,1,1,1,1,1,0,0,0,0.0275,0.0275,1,22,22,NA,NA,NA,NA,NA,NA,NA,NA,NA,NA,NA,NA,"P5"
"183","Syracuse","fbs","ACC",2018,3916447,"Eric Dungey",264,10,10,26.4,55.8770407772234,0.211655457489483,5.58770407772234,2085,7.89772727272727,208.5,0.458333333333333,155,264,0.587121212121212,9,0,0,0,0.469125,0.246907894736842,264,2085,7.89772727272727,71,75,75,55,86,63,41,63,63,41,63,76,"P5"
"183","Syracuse","fbs","ACC",2018,3916451,"Dontae Strickland",1,1,10,1,2.50929457658541,2.50929457658541,2.50929457658541,48,48,48,1,1,1,1,0,0,0,0,0,0,1,48,48,NA,NA,NA,NA,NA,NA,NA,NA,NA,NA,NA,NA,"P5"
"183","Syracuse","fbs","ACC",2018,4037124,"Sean Riley",1,1,10,1,6.26205304615727,6.26205304615727,6.26205304615727,75,75,75,1,1,1,1,1,0,0,0,0.09375,0.09375,1,75,75,NA,NA,NA,NA,NA,NA,NA,NA,NA,NA,NA,NA,"P5"
"183","Syracuse","fbs","ACC",2018,4240391,"Tommy DeVito",72,6,10,12,-6.96515764670754,-0.0967383006487159,-1.16085960778459,459,6.375,76.5,0.347222222222222,39,72,0.541666666666667,1,0,0,0,0.095625,0.0273214285714286,72,459,6.375,NA,NA,NA,NA,NA,NA,NA,NA,NA,NA,NA,NA,"P5"
"183","Syracuse","fbs","ACC",2018,4240408,"Nykeim Johnson",1,1,10,1,-0.692073392489494,-0.692073392489494,-0.692073392489494,0,0,0,0,0,1,0,0,0,0,0,0,0,1,0,0,NA,NA,NA,NA,NA,NA,NA,NA,NA,NA,NA,NA,"P5"
"183","Syracuse","fbs","ACC",2018,4361952,"Taj Harris",2,1,10,2,0.813611853702587,0.406805926851293,0.813611853702587,2,1,2,0.5,1,2,0.5,1,0,0,0,0.0025,0.0025,2,2,1,NA,NA,NA,NA,NA,NA,NA,NA,NA,NA,NA,NA,"P5"
"189","Bowling Green","fbs","Mid-American",2018,3914397,"Scott Miller",1,1,11,1,0.945302401849579,0.945302401849579,0.945302401849579,24,24,24,1,1,1,1,0,0,0,0,0,0,1,24,24,NA,NA,NA,NA,NA,NA,NA,NA,NA,NA,NA,NA,"G5"
"189","Bowling Green","fbs","Mid-American",2018,4046743,"Grant Loy",10,4,11,2.5,17.964181710548,1.7964181710548,4.49104542763701,180,18,45,0.7,7,10,0.7,2,0,0,0,0.075,0.0375,10,180,18,NA,NA,NA,NA,NA,NA,NA,NA,NA,NA,NA,NA,"G5"
"189","Bowling Green","fbs","Mid-American",2018,4244029,"Jarret Doege",336,11,11,30.5454545454545,108.154909432102,0.321889611405064,9.83226449382741,2381,7.08630952380952,216.454545454545,0.464285714285714,211,336,0.62797619047619,23,0,0,0,0.518589015151515,0.366062834224599,336,2381,7.08630952380952,23,29,36,46,55,40,81,55,40,81,48,31,"G5"
"193","Miami (OH)","fbs","Mid-American",2018,3125968,"Gus Ragland",318,11,11,28.9090909090909,102.792487796035,0.323246816968662,9.34477161782132,2362,7.42767295597484,214.727272727273,0.446540880503145,199,318,0.625786163522013,16,0,0,0,0.50524064171123,0.318114478114478,318,2362,7.42767295597484,26,33,35,61,59,43,66,58,43,66,55,54,"G5"
"193","Miami (OH)","fbs","Mid-American",2018,3672880,"Alex James Malzone",4,2,11,2,-4.90363571809641,-1.2259089295241,-2.4518178590482,0,0,0,0,0,4,0,0,0,0,0,0,0,4,0,0,NA,NA,NA,NA,NA,NA,NA,NA,NA,NA,NA,NA,"G5"
"194","Ohio State","fbs","Big Ten",2018,3121413,"Johnnie Dixon",1,1,13,1,3.67743831845887,3.67743831845887,3.67743831845887,31,31,31,1,1,1,1,1,0,0,0,0.03875,0.03875,1,31,31,NA,NA,NA,NA,NA,NA,NA,NA,NA,NA,NA,NA,"P5"
"194","Ohio State","fbs","Big Ten",2018,3121422,"Terry McLaurin",3,2,13,1.5,9.05834357242331,3.01944785747444,4.52917178621165,118,39.3333333333333,59,1,3,3,1,3,0,0,0,0.110625,0.0885,3,118,39.3333333333333,NA,NA,NA,NA,NA,NA,NA,NA,NA,NA,NA,NA,"P5"
"194","Ohio State","fbs","Big Ten",2018,3915508,"Rashod Berry",1,1,13,1,1.36990177801577,1.36990177801577,1.36990177801577,6,6,6,1,1,1,1,1,0,0,0,0.0075,0.0075,1,6,6,NA,NA,NA,NA,NA,NA,NA,NA,NA,NA,NA,NA,"P5"
"194","Ohio State","fbs","Big Ten",2018,3915522,"K.J. Hill",4,3,13,1.33333333333333,14.8924152970932,3.72310382427329,4.96413843236439,111,27.75,37,1,4,4,1,4,0,0,0,0.074,0.0528571428571429,4,111,27.75,NA,NA,NA,NA,NA,NA,NA,NA,NA,NA,NA,NA,"P5"
"194","Ohio State","fbs","Big Ten",2018,3915536,"Mike Weber",1,1,13,1,1.97628738924361,1.97628738924361,1.97628738924361,3,3,3,1,1,1,1,1,0,0,0,0.00375,0.00375,1,3,3,NA,NA,NA,NA,NA,NA,NA,NA,NA,NA,NA,NA,"P5"
"194","Ohio State","fbs","Big Ten",2018,4040616,"Dwayne Haskins",469,13,13,36.0769230769231,209.563198101667,0.44682984669865,16.1202460078205,4090,8.72068230277186,314.615384615385,0.554371002132196,330,469,0.70362473347548,32,0,0,0,0.762703962703963,0.559316239316239,469,4090,8.72068230277186,2,2,7,4,6,1,12,4,1,12,3,3,"P5"
"194","Ohio State","fbs","Big Ten",2018,4040628,"Binjimen Victor",1,1,13,1,4.56013330424256,4.56013330424256,4.56013330424256,47,47,47,1,1,1,1,1,0,0,0,0.05875,0.05875,1,47,47,NA,NA,NA,NA,NA,NA,NA,NA,NA,NA,NA,NA,"P5"
"194","Ohio State","fbs","Big Ten",2018,4241985,"J.K. Dobbins",1,1,13,1,4.8443661226765,4.8443661226765,4.8443661226765,26,26,26,1,1,1,1,1,0,0,0,0.0325,0.0325,1,26,26,NA,NA,NA,NA,NA,NA,NA,NA,NA,NA,NA,NA,"P5"
"194","Ohio State","fbs","Big Ten",2018,4241992,"Tate Martell",28,3,13,9.33333333333333,11.2859466690409,0.403069523894318,3.76198222301364,269,9.60714285714286,89.6666666666667,0.5,23,28,0.821428571428571,1,0,0,0,0.112083333333333,0.0560416666666667,28,269,9.60714285714286,NA,NA,NA,NA,NA,NA,NA,NA,NA,NA,NA,NA,"P5"
"194","Ohio State","fbs","Big Ten",2018,4361370,"Chris Olave",2,1,13,2,6.60035544290231,3.30017772145116,6.60035544290231,48,24,48,1,2,2,1,2,0,0,0,0.08,0.08,2,48,24,NA,NA,NA,NA,NA,NA,NA,NA,NA,NA,NA,NA,"P5"
"195","Ohio","fbs","Mid-American",2018,3126072,"A.J. Ouellette",1,1,11,1,2.798832629099,2.798832629099,2.798832629099,8,8,8,1,1,1,1,1,0,0,0,0.01,0.01,1,8,8,NA,NA,NA,NA,NA,NA,NA,NA,NA,NA,NA,NA,"G5"
"195","Ohio","fbs","Mid-American",2018,3920819,"Quinton Maxwell",11,5,11,2.2,-5.23356196318174,-0.475778360289249,-1.04671239263635,43,3.90909090909091,8.6,0.272727272727273,3,11,0.272727272727273,0,0,0,0,0,0,11,43,3.90909090909091,NA,NA,NA,NA,NA,NA,NA,NA,NA,NA,NA,NA,"G5"
"195","Ohio","fbs","Mid-American",2018,4244688,"Nathan Rourke",235,11,11,21.3636363636364,101.376943388575,0.431391248462019,9.21608576259769,2154,9.16595744680851,195.818181818182,0.523404255319149,150,235,0.638297872340426,21,0,0,0,0.467293388429752,0.321264204545455,235,2154,9.16595744680851,30,35,8,10,38,58,5,75,58,5,66,51,"G5"
"197","Oklahoma State","fbs","Big 12",2018,3122424,"Taylor Cornelius",390,11,11,35.4545454545455,132.187402053804,0.338942056548216,12.0170365503458,3195,8.19230769230769,290.454545454545,0.476923076923077,231,390,0.592307692307692,19,0,0,0,0.689829545454545,0.459886363636364,390,3195,8.19230769230769,12,16,30,35,84,9,25,9,9,25,10,12,"P5"
"197","Oklahoma State","fbs","Big 12",2018,3894912,"Tyron Johnson",1,1,11,1,4.12821541116435,4.12821541116435,4.12821541116435,28,28,28,1,1,1,1,1,0,0,0,0.035,0.035,1,28,28,NA,NA,NA,NA,NA,NA,NA,NA,NA,NA,NA,NA,"P5"
"197","Oklahoma State","fbs","Big 12",2018,4038433,"Keondre Wudtee",2,1,11,2,4.27481170880027,2.13740585440013,4.27481170880027,25,12.5,25,0.5,1,2,0.5,1,0,0,0,0.03125,0.03125,2,25,12.5,NA,NA,NA,NA,NA,NA,NA,NA,NA,NA,NA,NA,"P5"
"197","Oklahoma State","fbs","Big 12",2018,4038444,"Landon Wolf",1,1,11,1,3.56792629071405,3.56792629071405,3.56792629071405,8,8,8,1,1,1,1,1,0,0,0,0.01,0.01,1,8,8,NA,NA,NA,NA,NA,NA,NA,NA,NA,NA,NA,NA,"P5"
"197","Oklahoma State","fbs","Big 12",2018,4038460,"Dillon Stoner",1,1,11,1,-0.285137792962389,-0.285137792962389,-0.285137792962389,3,3,3,0,1,1,1,0,0,0,0,0,0,1,3,3,NA,NA,NA,NA,NA,NA,NA,NA,NA,NA,NA,NA,"P5"
"197","Oklahoma State","fbs","Big 12",2018,4241410,"Jelani Woods",1,1,11,1,2.7291008328721,2.7291008328721,2.7291008328721,14,14,14,1,1,1,1,1,0,0,0,0.0175,0.0175,1,14,14,NA,NA,NA,NA,NA,NA,NA,NA,NA,NA,NA,NA,"P5"
"197","Oklahoma State","fbs","Big 12",2018,4241424,"Tylan Wallace",2,2,11,1,9.74616836558219,4.8730841827911,4.8730841827911,66,33,33,1,2,2,1,1,0,0,0,0.04125,0.0275,2,66,33,NA,NA,NA,NA,NA,NA,NA,NA,NA,NA,NA,NA,"P5"
"2","Auburn","fbs","SEC",2018,3892775,"Jarrett Stidham",327,11,11,29.7272727272727,39.3998797448195,0.12048892888324,3.58180724952904,2221,6.79204892966361,201.909090909091,0.425076452599388,198,327,0.605504587155963,7,0,0,0,0.441676136363636,0.196300505050505,327,2221,6.79204892966361,90,95,98,79,69,54,91,70,54,91,74,99,"P5"
"2","Auburn","fbs","SEC",2018,3916945,"Darius Slayton",1,1,11,1,5.68475499205203,5.68475499205203,5.68475499205203,52,52,52,1,1,1,1,1,0,0,0,0.065,0.065,1,52,52,NA,NA,NA,NA,NA,NA,NA,NA,NA,NA,NA,NA,"P5"
"2","Auburn","fbs","SEC",2018,4035507,"Malik Miller",1,1,11,1,4.11373334159961,4.11373334159961,4.11373334159961,23,23,23,1,1,1,1,1,0,0,0,0.02875,0.02875,1,23,23,NA,NA,NA,NA,NA,NA,NA,NA,NA,NA,NA,NA,"P5"
"2","Auburn","fbs","SEC",2018,4242512,"Malik Willis",4,2,11,2,-3.79697832772325,-0.949244581930813,-1.89848916386163,16,4,8,0.5,3,4,0.75,0,0,0,0,0,0,4,16,4,NA,NA,NA,NA,NA,NA,NA,NA,NA,NA,NA,NA,"P5"
"2","Auburn","fbs","SEC",2018,4242520,"JaTarvious Whitlow",1,1,11,1,2.14479827411494,2.14479827411494,2.14479827411494,3,3,3,1,1,1,1,1,0,0,0,0.00375,0.00375,1,3,3,NA,NA,NA,NA,NA,NA,NA,NA,NA,NA,NA,NA,"P5"
"2","Auburn","fbs","SEC",2018,4242536,"Sal Cannella",2,2,11,1,5.76191223584859,2.88095611792429,2.88095611792429,30,15,15,1,2,2,1,2,0,0,0,0.025,0.01875,2,30,15,NA,NA,NA,NA,NA,NA,NA,NA,NA,NA,NA,NA,"P5"
"2","Auburn","fbs","SEC",2018,4371974,"Seth Williams",2,1,11,2,7.36081647536701,3.68040823768351,7.36081647536701,22,11,22,1,2,2,1,2,0,0,0,0.0366666666666667,0.0366666666666667,2,22,11,NA,NA,NA,NA,NA,NA,NA,NA,NA,NA,NA,NA,"P5"
"2005","Air Force","fbs","Mountain West",2018,3935217,"Andrew Smith",1,1,11,1,-1.66305279741217,-1.66305279741217,-1.66305279741217,0,0,0,0,0,1,0,0,0,0,0,0,0,1,0,0,NA,NA,NA,NA,NA,NA,NA,NA,NA,NA,NA,NA,"G5"
"2005","Air Force","fbs","Mountain West",2018,4038186,"Arion Worthman",8,2,11,4,3.34360195611116,0.417950244513895,1.67180097805558,48,6,24,0.375,4,8,0.5,0,0,0,0,0,0,8,48,6,NA,NA,NA,NA,NA,NA,NA,NA,NA,NA,NA,NA,"G5"
"2005","Air Force","fbs","Mountain West",2018,4239964,"Isaiah Sanders",74,6,11,12.3333333333333,48.4100103167143,0.654189328604248,8.06833505278572,844,11.4054054054054,140.666666666667,0.527027027027027,48,74,0.648648648648649,4,0,0,0,0.281333333333333,0.140666666666667,74,844,11.4054054054054,NA,NA,NA,NA,NA,NA,NA,NA,NA,NA,NA,NA,"G5"
"2005","Air Force","fbs","Mountain West",2018,4262383,"Joseph Saucier",1,1,11,1,4.67689479146208,4.67689479146208,4.67689479146208,32,32,32,1,1,1,1,1,0,0,0,0.04,0.04,1,32,32,NA,NA,NA,NA,NA,NA,NA,NA,NA,NA,NA,NA,"G5"
"2005","Air Force","fbs","Mountain West",2018,4382332,"Donald Hammond III",70,7,11,10,28.3614431697525,0.405163473853607,4.05163473853607,623,8.9,89,0.471428571428571,38,70,0.542857142857143,5,0,0,0,0.185416666666667,0.0927083333333333,70,623,8.9,NA,NA,NA,NA,NA,NA,NA,NA,NA,NA,NA,NA,"G5"
"2006","Akron","fbs","Mid-American",2018,4038741,"Kato Nelson",307,10,11,30.7,34.2485977083618,0.111558950190104,3.42485977083618,2094,6.82084690553746,209.4,0.384364820846906,161,307,0.52442996742671,11,0,0,0,0.479875,0.274214285714286,307,2094,6.82084690553746,95,98,101,108,114,62,90,61,62,90,62,64,"G5"
"2006","Akron","fbs","Mid-American",2018,4240142,"Alex Ramart",22,2,11,11,-8.49485182589941,-0.386129628449973,-4.24742591294971,56,2.54545454545455,28,0.227272727272727,7,22,0.318181818181818,1,0,0,0,0.035,0.0233333333333333,22,56,2.54545454545455,NA,NA,NA,NA,NA,NA,NA,NA,NA,NA,NA,NA,"G5"
"201","Oklahoma","fbs","Big 12",2018,3122413,"Nick Basquine",1,1,13,1,-1.0977206462772,-1.0977206462772,-1.0977206462772,0,0,0,0,0,1,0,0,0,0,0,0,0,1,0,0,NA,NA,NA,NA,NA,NA,NA,NA,NA,NA,NA,NA,"P5"
"201","Oklahoma","fbs","Big 12",2018,3917315,"Kyler Murray",324,13,13,24.9230769230769,239.925776136698,0.740511654742896,18.4558289335922,3851,11.8858024691358,296.230769230769,0.598765432098765,232,324,0.716049382716049,33,0,0,0,0.718795248868778,0.531283444816053,324,3851,11.8858024691358,1,1,1,1,2,3,1,8,3,1,7,5,"P5"
"201","Oklahoma","fbs","Big 12",2018,3921729,"Lee Morris",1,1,13,1,3.09827490751482,3.09827490751482,3.09827490751482,19,19,19,1,1,1,1,1,0,0,0,0.02375,0.02375,1,19,19,NA,NA,NA,NA,NA,NA,NA,NA,NA,NA,NA,NA,"P5"
"201","Oklahoma","fbs","Big 12",2018,4037642,"Austin Kendall",16,4,13,4,-0.870891344350909,-0.0544307090219318,-0.217722836087727,122,7.625,30.5,0.5,12,16,0.75,1,0,0,0,0.038125,0.01525,16,122,7.625,NA,NA,NA,NA,NA,NA,NA,NA,NA,NA,NA,NA,"P5"
"201","Oklahoma","fbs","Big 12",2018,4241372,"Marquise Brown",4,2,13,2,17.415083618,4.35377090450001,8.70754180900002,151,37.75,75.5,1,4,4,1,4,0,0,0,0.151,0.125833333333333,4,151,37.75,NA,NA,NA,NA,NA,NA,NA,NA,NA,NA,NA,NA,"P5"
"201","Oklahoma","fbs","Big 12",2018,4241389,"CeeDee Lamb",2,2,13,1,1.81619714881491,0.908098574407454,0.908098574407454,5,2.5,2.5,0.5,1,2,0.5,1,0,0,0,0.003125,0.00208333333333333,2,5,2.5,NA,NA,NA,NA,NA,NA,NA,NA,NA,NA,NA,NA,"P5"
"201","Oklahoma","fbs","Big 12",2018,4360271,"Tanner Mordecai",4,2,13,2,0.871093031181513,0.217773257795378,0.435546515590757,37,9.25,18.5,0.5,2,4,0.5,0,0,0,0,0,0,4,37,9.25,NA,NA,NA,NA,NA,NA,NA,NA,NA,NA,NA,NA,"P5"
"202","Tulsa","fbs","American Athletic",2018,4039662,"Keenen Johnson",3,2,11,1.5,0.596555241080107,0.198851747026702,0.298277620540054,31,10.3333333333333,15.5,0.666666666666667,2,3,0.666666666666667,0,0,0,0,0,0,3,31,10.3333333333333,NA,NA,NA,NA,NA,NA,NA,NA,NA,NA,NA,NA,"G5"
"202","Tulsa","fbs","American Athletic",2018,4039664,"Luke Skipper",85,3,11,28.3333333333333,18.5592481265858,0.218344095606892,6.18641604219526,518,6.09411764705882,172.666666666667,0.458823529411765,53,85,0.623529411764706,2,0,0,0,0.287777777777778,0.172666666666667,85,518,6.09411764705882,NA,NA,NA,NA,NA,NA,NA,NA,NA,NA,NA,NA,"G5"
"202","Tulsa","fbs","American Athletic",2018,4244601,"Seth Boomer",194,8,11,24.25,24.5257102629702,0.126421186922527,3.06571378287127,1395,7.19072164948454,174.375,0.38659793814433,101,194,0.520618556701031,8,0,0,0,0.3875,0.21796875,194,1395,7.19072164948454,104,100,96,105,115,98,77,86,98,77,91,89,"G5"
"2026","App State","fbs","Sun Belt",2018,4036427,"Jacob Huesman",32,4,11,8,9.5175907722421,0.297424711632566,2.37939769306052,206,6.4375,51.5,0.46875,20,32,0.625,2,0,0,0,0.0858333333333333,0.0429166666666667,32,206,6.4375,NA,NA,NA,NA,NA,NA,NA,NA,NA,NA,NA,NA,"G5"
"2026","App State","fbs","Sun Belt",2018,4036429,"Zac Thomas",211,10,11,21.1,68.9205086095871,0.326637481562024,6.89205086095871,1676,7.94312796208531,167.6,0.483412322274882,133,211,0.630331753554502,17,0,0,0,0.395722222222222,0.263814814814815,211,1676,7.94312796208531,61,63,34,32,52,85.5,38,93,85.5,38,84,66,"G5"
"2026","App State","fbs","Sun Belt",2018,4240999,"Peyton Derrick",13,3,11,4.33333333333333,5.99409685421008,0.461084373400775,1.99803228473669,118,9.07692307692308,39.3333333333333,0.461538461538462,6,13,0.461538461538462,1,0,0,0,0.0491666666666667,0.0245833333333333,13,118,9.07692307692308,NA,NA,NA,NA,NA,NA,NA,NA,NA,NA,NA,NA,"G5"
"2032","Arkansas State","fbs","Sun Belt",2018,3116379,"Justice Hansen",272,9,9,30.2222222222222,94.4788958624245,0.347348881847149,10.4976550958249,2326,8.55147058823529,258.444444444444,0.496323529411765,191,272,0.702205882352941,17,0,0,0,0.610216049382716,0.422457264957265,272,2326,8.55147058823529,36,22,29,21,7,46,15,19,46,15,18,20,"G5"
"2032","Arkansas State","fbs","Sun Belt",2018,3917168,"Darveon Brown",1,1,9,1,0.897330151046523,0.897330151046523,0.897330151046523,22,22,22,1,1,1,1,0,0,0,0,0,0,1,22,22,NA,NA,NA,NA,NA,NA,NA,NA,NA,NA,NA,NA,"G5"
"2032","Arkansas State","fbs","Sun Belt",2018,3917190,"Warren Wand",1,1,9,1,-0.744929850402029,-0.744929850402029,-0.744929850402029,0,0,0,0,0,1,0,0,0,0,0,0,0,1,0,0,NA,NA,NA,NA,NA,NA,NA,NA,NA,NA,NA,NA,"G5"
"2032","Arkansas State","fbs","Sun Belt",2018,4036473,"Logan Bonner",10,2,9,5,-6.17533808619582,-0.617533808619582,-3.08766904309791,28,2.8,14,0,5,10,0.5,0,0,0,0,0,0,10,28,2.8,NA,NA,NA,NA,NA,NA,NA,NA,NA,NA,NA,NA,"G5"
"2032","Arkansas State","fbs","Sun Belt",2018,4036482,"Javonis Isaac",1,1,9,1,3.2907696925116,3.2907696925116,3.2907696925116,30,30,30,1,1,1,1,1,0,0,0,0.0375,0.0375,1,30,30,NA,NA,NA,NA,NA,NA,NA,NA,NA,NA,NA,NA,"G5"
"2032","Arkansas State","fbs","Sun Belt",2018,4036486,"Justin McInnis",1,1,9,1,1.32435079461092,1.32435079461092,1.32435079461092,6,6,6,1,1,1,1,1,0,0,0,0.0075,0.0075,1,6,6,NA,NA,NA,NA,NA,NA,NA,NA,NA,NA,NA,NA,"G5"
"2032","Arkansas State","fbs","Sun Belt",2018,4241053,"Jonathan Adams Jr.",1,1,9,1,2.76069148966455,2.76069148966455,2.76069148966455,35,35,35,1,1,1,1,1,0,0,0,0.04375,0.04375,1,35,35,NA,NA,NA,NA,NA,NA,NA,NA,NA,NA,NA,NA,"G5"
"204","Oregon State","fbs","Pac-12",2018,3124900,"Jake Luton",207,7,11,29.5714285714286,94.1893229033975,0.455020883591292,13.4556175576282,1575,7.60869565217391,225,0.497584541062802,133,207,0.642512077294686,10,0,0,0,0.511363636363636,0.330882352941176,207,1575,7.60869565217391,37,10,6,19,34,92,57,47,92,57,53,47,"P5"
"204","Oregon State","fbs","Pac-12",2018,4042803,"Conor Blount",128,8,11,16,43.0276247532197,0.336153318384529,5.37845309415246,842,6.578125,105.25,0.4375,79,128,0.6171875,4,0,0,0,0.2105,0.0877083333333333,128,842,6.578125,NA,NA,NA,NA,NA,NA,NA,NA,NA,NA,NA,NA,"P5"
"204","Oregon State","fbs","Pac-12",2018,4042806,"Timmy Hernandez",4,4,11,1,-6.16145409805369,-1.54036352451342,-1.54036352451342,0,0,0,0,0,4,0,0,0,0,0,0,0,4,0,0,NA,NA,NA,NA,NA,NA,NA,NA,NA,NA,NA,NA,"P5"
"204","Oregon State","fbs","Pac-12",2018,4042807,"Trevon Bradford",2,1,11,2,7.59122477396549,3.79561238698274,7.59122477396549,56,28,56,1,2,2,1,2,0,0,0,0.0933333333333333,0.0933333333333333,2,56,28,NA,NA,NA,NA,NA,NA,NA,NA,NA,NA,NA,NA,"P5"
"204","Oregon State","fbs","Pac-12",2018,4255985,"Aidan Willard",1,1,11,1,-0.577902650249426,-0.577902650249426,-0.577902650249426,0,0,0,0,0,1,0,0,0,0,0,0,0,1,0,0,NA,NA,NA,NA,NA,NA,NA,NA,NA,NA,NA,NA,"P5"
"204","Oregon State","fbs","Pac-12",2018,4360705,"Jack Colletto",43,5,11,8.6,-2.75414971742197,-0.0640499934284179,-0.550829943484394,159,3.69767441860465,31.8,0.302325581395349,22,43,0.511627906976744,0,0,0,0,0,0,43,159,3.69767441860465,NA,NA,NA,NA,NA,NA,NA,NA,NA,NA,NA,NA,"P5"
"2050","Ball State","fbs","Mid-American",2018,3125731,"Corey Lacanaria",3,3,11,1,2.06149395740296,0.687164652467652,0.687164652467652,43,14.3333333333333,14.3333333333333,0.666666666666667,3,3,1,0,0,0,0,0,0,3,43,14.3333333333333,NA,NA,NA,NA,NA,NA,NA,NA,NA,NA,NA,NA,"G5"
"2050","Ball State","fbs","Mid-American",2018,3915468,"Riley Neal",299,8,11,37.375,20.2748215640609,0.067808767772779,2.53435269550762,1644,5.49832775919732,205.5,0.384615384615385,170,299,0.568561872909699,8,0,0,0,0.456666666666667,0.256875,299,1644,5.49832775919732,108,103,109,107,99,88,116,68,88,116,73,71,"G5"
"2050","Ball State","fbs","Mid-American",2018,3920764,"Riley Miller",1,1,11,1,4.32849623628915,4.32849623628915,4.32849623628915,16,16,16,1,1,1,1,1,0,0,0,0.02,0.02,1,16,16,NA,NA,NA,NA,NA,NA,NA,NA,NA,NA,NA,NA,"G5"
"2050","Ball State","fbs","Mid-American",2018,4039210,"Drew Plitt",116,6,11,19.3333333333333,24.4132270133405,0.21045885356328,4.06887116889009,910,7.8448275862069,151.666666666667,0.508620689655172,79,116,0.681034482758621,4,0,0,0,0.303333333333333,0.151666666666667,116,910,7.8448275862069,NA,NA,NA,NA,NA,NA,NA,NA,NA,NA,NA,NA,"G5"
"2050","Ball State","fbs","Mid-American",2018,4361636,"John Paddock",6,1,11,6,2.37224779478091,0.395374632463484,2.37224779478091,43,7.16666666666667,43,0.666666666666667,5,6,0.833333333333333,0,0,0,0,0,0,6,43,7.16666666666667,NA,NA,NA,NA,NA,NA,NA,NA,NA,NA,NA,NA,"G5"
"2084","Buffalo","fbs","Mid-American",2018,3916564,"Tyree Jackson",334,12,12,27.8333333333333,101.459914102686,0.303772197912232,8.45499284189046,2659,7.96107784431138,221.583333333333,0.440119760479042,188,334,0.562874251497006,21,0,0,0,0.528778409090909,0.352518939393939,334,2659,7.96107784431138,29,40,42,67,101,25,37,49,25,37,43,39,"G5"
"2084","Buffalo","fbs","Mid-American",2018,4040824,"Dominic Johnson",1,1,12,1,-0.121711402349306,-0.121711402349306,-0.121711402349306,4,4,4,0,1,1,1,0,0,0,0,0,0,1,4,4,NA,NA,NA,NA,NA,NA,NA,NA,NA,NA,NA,NA,"G5"
"2084","Buffalo","fbs","Mid-American",2018,4049301,"Anthony Johnson",1,1,12,1,-0.623723748158132,-0.623723748158132,-0.623723748158132,0,0,0,0,0,1,0,0,0,0,0,0,0,1,0,0,NA,NA,NA,NA,NA,NA,NA,NA,NA,NA,NA,NA,"G5"
"2084","Buffalo","fbs","Mid-American",2018,4239714,"Kyle Vantrease",7,2,12,3.5,-5.85412788460278,-0.836303983514682,-2.92706394230139,9,1.28571428571429,4.5,0.142857142857143,2,7,0.285714285714286,0,0,0,0,0,0,7,9,1.28571428571429,NA,NA,NA,NA,NA,NA,NA,NA,NA,NA,NA,NA,"G5"
"21","San Diego State","fbs","Mountain West",2018,3139921,"Christian Chapman",75,5,11,15,19.4552808215998,0.259403744287997,3.89105616431995,662,8.82666666666667,132.4,0.44,44,75,0.586666666666667,4,0,0,0,0.2648,0.147111111111111,75,662,8.82666666666667,NA,NA,NA,NA,NA,NA,NA,NA,NA,NA,NA,NA,"G5"
"21","San Diego State","fbs","Mountain West",2018,3921648,"Ryan Agnew",177,10,11,17.7,36.7437345869736,0.20759172083036,3.67437345869736,1376,7.77401129943503,137.6,0.406779661016949,92,177,0.519774011299435,10,0,0,0,0.312727272727273,0.172,177,1376,7.77401129943503,94,94,77,96,116,101,47,109,101,47,107,104,"G5"
"2116","UCF","fbs","American Athletic",2018,554128,"Michael Colubiale",2,1,11,2,4.73203760551671,2.36601880275836,4.73203760551671,28,14,28,1,2,2,1,2,0,0,0,0.0466666666666667,0.0466666666666667,2,28,14,NA,NA,NA,NA,NA,NA,NA,NA,NA,NA,NA,NA,"G5"
"2116","UCF","fbs","American Athletic",2018,4042113,"McKenzie Milton",243,9,11,27,121.292140907332,0.499144612787373,13.4769045452591,2298,9.45679012345679,255.333333333333,0.54320987654321,146,243,0.60082304526749,21,0,0,0,0.609318181818182,0.446833333333333,243,2298,9.45679012345679,15,9,2,7,74,48,3,22,48,3,20,16,"G5"
"2116","UCF","fbs","American Athletic",2018,4044148,"Dredrick Snelson",1,1,11,1,2.43227051902586,2.43227051902586,2.43227051902586,19,19,19,1,1,1,1,1,0,0,0,0.02375,0.02375,1,19,19,NA,NA,NA,NA,NA,NA,NA,NA,NA,NA,NA,NA,"G5"
"2116","UCF","fbs","American Athletic",2018,4243535,"D.J. Mack Jr.",66,5,11,13.2,21.4260712398935,0.324637443028689,4.28521424797869,515,7.8030303030303,103,0.439393939393939,39,66,0.590909090909091,2,0,0,0,0.171666666666667,0.0735714285714286,66,515,7.8030303030303,NA,NA,NA,NA,NA,NA,NA,NA,NA,NA,NA,NA,"G5"
"2116","UCF","fbs","American Athletic",2018,4243537,"Gabriel Davis",1,1,11,1,6.49089959271383,6.49089959271383,6.49089959271383,75,75,75,1,1,1,1,1,0,0,0,0.09375,0.09375,1,75,75,NA,NA,NA,NA,NA,NA,NA,NA,NA,NA,NA,NA,"G5"
"2116","UCF","fbs","American Athletic",2018,4362385,"Quadry Jones",1,1,11,1,3.52454229439464,3.52454229439464,3.52454229439464,42,42,42,1,1,1,1,1,0,0,0,0.0525,0.0525,1,42,42,NA,NA,NA,NA,NA,NA,NA,NA,NA,NA,NA,NA,"G5"
"2117","Central Michigan","fbs","Mid-American",2018,3125801,"Devon Spalding",1,1,11,1,-0.557538686230078,-0.557538686230078,-0.557538686230078,0,0,0,0,0,1,0,0,0,0,0,0,0,1,0,0,NA,NA,NA,NA,NA,NA,NA,NA,NA,NA,NA,NA,"G5"
"2117","Central Michigan","fbs","Mid-American",2018,3915484,"Brandon Childress",2,2,11,1,-2.4430095346613,-1.22150476733065,-1.22150476733065,0,0,0,0,0,2,0,0,0,0,0,0,0,2,0,0,NA,NA,NA,NA,NA,NA,NA,NA,NA,NA,NA,NA,"G5"
"2117","Central Michigan","fbs","Mid-American",2018,4039264,"Austin Hergott",39,2,11,19.5,-17.99886225574,-0.461509288608718,-8.99943112787001,133,3.41025641025641,66.5,0.230769230769231,17,39,0.435897435897436,1,0,0,0,0.083125,0.0554166666666667,39,133,3.41025641025641,NA,NA,NA,NA,NA,NA,NA,NA,NA,NA,NA,NA,"G5"
"2117","Central Michigan","fbs","Mid-American",2018,4039268,"Tommy Lazzaro",116,5,11,23.2,11.6284891733945,0.100245596322367,2.32569783467891,629,5.42241379310345,125.8,0.327586206896552,61,116,0.525862068965517,4,0,0,0,0.2516,0.139777777777778,116,629,5.42241379310345,NA,NA,NA,NA,NA,NA,NA,NA,NA,NA,NA,NA,"G5"
"2117","Central Michigan","fbs","Mid-American",2018,4039271,"Tony Poljan",142,7,11,20.2857142857143,-35.7126224332669,-0.251497341079344,-5.10180320475242,625,4.40140845070423,89.2857142857143,0.295774647887324,76,142,0.535211267605634,2,0,0,0,0.148809523809524,0.0496031746031746,142,625,4.40140845070423,NA,NA,NA,NA,NA,NA,NA,NA,NA,NA,NA,NA,"G5"
"2117","Central Michigan","fbs","Mid-American",2018,4039274,"Jonathan Ward",2,2,11,1,3.17155191128634,1.58577595564317,1.58577595564317,29,14.5,14.5,0.5,1,2,0.5,1,0,0,0,0.018125,0.0120833333333333,2,29,14.5,NA,NA,NA,NA,NA,NA,NA,NA,NA,NA,NA,NA,"G5"
"2117","Central Michigan","fbs","Mid-American",2018,4362563,"George Pearson",23,1,11,23,2.29373203464178,0.0997274797670338,2.29373203464178,94,4.08695652173913,94,0.434782608695652,12,23,0.521739130434783,1,0,0,0,0.1175,0.1175,23,94,4.08695652173913,NA,NA,NA,NA,NA,NA,NA,NA,NA,NA,NA,NA,"G5"
"213","Penn State","fbs","Big Ten",2018,3116172,"Trace McSorley",320,12,12,26.6666666666667,7.7381793143927,0.0241818103574772,0.644848276199392,2147,6.709375,178.916666666667,0.421875,173,320,0.540625,13,0,0,0,0.415342261904762,0.232591666666667,320,2147,6.709375,114,115,115,86,110,60,94,84,60,94,80,83,"P5"
"213","Penn State","fbs","Big Ten",2018,3791110,"Tommy Stevens",10,4,12,2.5,7.45357276599895,0.745357276599895,1.86339319149974,110,11,27.5,0.6,8,10,0.8,1,0,0,0,0.034375,0.01375,10,110,11,NA,NA,NA,NA,NA,NA,NA,NA,NA,NA,NA,NA,"P5"
"213","Penn State","fbs","Big Ten",2018,4240380,"KJ Hamler",1,1,12,1,7.65196768142683,7.65196768142683,7.65196768142683,93,93,93,1,1,1,1,1,0,0,0,0.11625,0.11625,1,93,93,NA,NA,NA,NA,NA,NA,NA,NA,NA,NA,NA,NA,"P5"
"213","Penn State","fbs","Big Ten",2018,4259592,"Sean Clifford",5,3,12,1.66666666666667,14.2988114182145,2.8597622836429,4.76627047273817,219,43.8,73,0.8,5,5,1,2,0,0,0,0.121666666666667,0.073,5,219,43.8,NA,NA,NA,NA,NA,NA,NA,NA,NA,NA,NA,NA,"P5"
"213","Penn State","fbs","Big Ten",2018,4361411,"Pat Freiermuth",2,2,12,1,1.69487907531618,0.84743953765809,0.84743953765809,7,3.5,3.5,1,2,2,1,2,0,0,0,0.00583333333333333,0.004375,2,7,3.5,NA,NA,NA,NA,NA,NA,NA,NA,NA,NA,NA,NA,"P5"
"2132","Cincinnati","fbs","American Athletic",2018,3125813,"Hayden Moore",19,4,11,4.75,6.34442050826397,0.333916868855998,1.58610512706599,149,7.84210526315789,37.25,0.368421052631579,10,19,0.526315789473684,2,0,0,0,0.0620833333333333,0.0310416666666667,19,149,7.84210526315789,NA,NA,NA,NA,NA,NA,NA,NA,NA,NA,NA,NA,"G5"
"2132","Cincinnati","fbs","American Athletic",2018,4239086,"Desmond Ridder",288,11,11,26.1818181818182,80.8563457351474,0.280751200469262,7.3505768850134,2155,7.48263888888889,195.909090909091,0.465277777777778,181,288,0.628472222222222,16,0,0,0,0.46096256684492,0.29023569023569,288,2155,7.48263888888889,47,55,51,45,54,57,65,73,57,65,70,60,"G5"
"218","Temple","fbs","American Athletic",2018,3138735,"Frank Nutile",40,2,11,20,22.0281358866824,0.55070339716706,11.0140679433412,400,10,200,0.5,24,40,0.6,3,0,0,0,0.375,0.3,40,400,10,NA,NA,NA,NA,NA,NA,NA,NA,NA,NA,NA,NA,"G5"
"218","Temple","fbs","American Athletic",2018,3138760,"Ventell Bryant",2,1,11,2,6.23954590386762,3.11977295193381,6.23954590386762,23,11.5,23,1,2,2,1,2,0,0,0,0.0383333333333333,0.0383333333333333,2,23,11.5,NA,NA,NA,NA,NA,NA,NA,NA,NA,NA,NA,NA,"G5"
"218","Temple","fbs","American Athletic",2018,4044121,"Isaiah Wright",1,1,11,1,-0.525547277357826,-0.525547277357826,-0.525547277357826,0,0,0,0,0,1,0,0,0,0,0,0,0,1,0,0,NA,NA,NA,NA,NA,NA,NA,NA,NA,NA,NA,NA,"G5"
"218","Temple","fbs","American Athletic",2018,4044122,"Anthony Russo",279,10,11,27.9,77.0456009453299,0.276149107330931,7.70456009453299,2208,7.91397849462366,220.8,0.494623655913978,168,279,0.602150537634409,8,0,0,0,0.490666666666667,0.245333333333333,279,2208,7.91397849462366,52,49,54,24,73,55,40,50,55,40,59,77,"G5"
"218","Temple","fbs","American Athletic",2018,4044123,"Branden Mack",1,1,11,1,2.38799043096102,2.38799043096102,2.38799043096102,18,18,18,1,1,1,1,1,0,0,0,0.0225,0.0225,1,18,18,NA,NA,NA,NA,NA,NA,NA,NA,NA,NA,NA,NA,"G5"
"218","Temple","fbs","American Athletic",2018,4044143,"Randle Jones",1,1,11,1,6.52871599433582,6.52871599433582,6.52871599433582,70,70,70,1,1,1,1,1,0,0,0,0.0875,0.0875,1,70,70,NA,NA,NA,NA,NA,NA,NA,NA,NA,NA,NA,NA,"G5"
"218","Temple","fbs","American Athletic",2018,4243276,"Todd Centeio",16,9,11,1.77777777777778,-1.09995874958504,-0.068747421849065,-0.122217638842782,121,7.5625,13.4444444444444,0.375,10,16,0.625,2,0,0,0,0.0224074074074074,0.00611111111111111,16,121,7.5625,NA,NA,NA,NA,NA,NA,NA,NA,NA,NA,NA,NA,"G5"
"2199","Eastern Michigan","fbs","Mid-American",2018,3125837,"Blake Banham",1,1,11,1,3.11206187332113,3.11206187332113,3.11206187332113,7,7,7,1,1,1,1,1,0,0,0,0.00875,0.00875,1,7,7,NA,NA,NA,NA,NA,NA,NA,NA,NA,NA,NA,NA,"G5"
"2199","Eastern Michigan","fbs","Mid-American",2018,3144983,"Tyler Wiegers",234,11,11,21.2727272727273,25.0882255221066,0.107214638983362,2.28074777473697,1620,6.92307692307692,147.272727272727,0.414529914529915,149,234,0.636752136752137,8,0,0,0,0.327272727272727,0.155023923444976,234,1620,6.92307692307692,102,107,104,92,40,90,85,104,90,85,104,109,"G5"
"2199","Eastern Michigan","fbs","Mid-American",2018,4039315,"Isaac Stiebeling",1,1,11,1,-0.469701066764715,-0.469701066764715,-0.469701066764715,3,3,3,0,1,1,1,0,0,0,0,0,0,1,3,3,NA,NA,NA,NA,NA,NA,NA,NA,NA,NA,NA,NA,"G5"
"2199","Eastern Michigan","fbs","Mid-American",2018,4259127,"Mike Glass III",79,5,11,15.8,33.8950171883908,0.429050850485959,6.77900343767815,727,9.20253164556962,145.4,0.481012658227848,49,79,0.620253164556962,4,0,0,0,0.2908,0.161555555555556,79,727,9.20253164556962,NA,NA,NA,NA,NA,NA,NA,NA,NA,NA,NA,NA,"G5"
"221","Pittsburgh","fbs","ACC",2018,3123944,"Qadree Ollison",1,1,12,1,-0.66123136850281,-0.66123136850281,-0.66123136850281,0,0,0,0,0,1,0,0,0,0,0,0,0,1,0,0,NA,NA,NA,NA,NA,NA,NA,NA,NA,NA,NA,NA,"P5"
"221","Pittsburgh","fbs","ACC",2018,4240703,"Kenny Pickett",255,12,12,21.25,24.0274758159647,0.0942253953567244,2.00228965133039,1679,6.5843137254902,139.916666666667,0.341176470588235,153,255,0.6,10,0,0,0,0.317992424242424,0.158996212121212,255,1679,6.5843137254902,105,108,106,118,76,84,98,108,84,98,105,106,"P5"
"2226","Florida Atlantic","fbs","Conference USA",2018,559630,"Rafe Peavey",30,3,10,10,-0.875002233545153,-0.0291667411181718,-0.291667411181718,146,4.86666666666667,48.6666666666667,0.333333333333333,18,30,0.6,0,0,0,0,0,0,30,146,4.86666666666667,NA,NA,NA,NA,NA,NA,NA,NA,NA,NA,NA,NA,"G5"
"2226","Florida Atlantic","fbs","Conference USA",2018,3122720,"Jake Stoshak",1,1,10,1,-2.47703927542716,-2.47703927542716,-2.47703927542716,0,0,0,0,0,1,0,0,0,0,0,0,0,1,0,0,NA,NA,NA,NA,NA,NA,NA,NA,NA,NA,NA,NA,"G5"
"2226","Florida Atlantic","fbs","Conference USA",2018,3916069,"Jovon Durante",1,1,10,1,-1.1307167929748,-1.1307167929748,-1.1307167929748,0,0,0,0,0,1,0,0,0,0,0,0,0,1,0,0,NA,NA,NA,NA,NA,NA,NA,NA,NA,NA,NA,NA,"G5"
"2226","Florida Atlantic","fbs","Conference USA",2018,4040761,"Devin Singletary",1,1,10,1,-0.0978314242990848,-0.0978314242990848,-0.0978314242990848,3,3,3,0,1,1,1,0,0,0,0,0,0,1,3,3,NA,NA,NA,NA,NA,NA,NA,NA,NA,NA,NA,NA,"G5"
"2226","Florida Atlantic","fbs","Conference USA",2018,4040774,"Harrison Bryant",1,1,10,1,1.91801404750268,1.91801404750268,1.91801404750268,5,5,5,1,1,1,1,1,0,0,0,0.00625,0.00625,1,5,5,NA,NA,NA,NA,NA,NA,NA,NA,NA,NA,NA,NA,"G5"
"2226","Florida Atlantic","fbs","Conference USA",2018,4241399,"Chris Robison",237,10,10,23.7,74.9227271741906,0.316129650524011,7.49227271741906,1959,8.26582278481013,195.9,0.472573839662447,156,237,0.658227848101266,7,0,0,0,0.42853125,0.201661764705882,237,1959,8.26582278481013,55,53,38,39,25.5,66,23,74,66,23,77,97,"G5"
"2226","Florida Atlantic","fbs","Conference USA",2018,4243787,"De'Andre Johnson",15,4,10,3.75,4.67766154730229,0.311844103153486,1.16941538682557,116,7.73333333333333,29,0.466666666666667,9,15,0.6,2,0,0,0,0.0483333333333333,0.0241666666666667,15,116,7.73333333333333,NA,NA,NA,NA,NA,NA,NA,NA,NA,NA,NA,NA,"G5"
"2229","Florida International","fbs","Conference USA",2018,3914306,"Christian Alexander",23,6,11,3.83333333333333,0.904197846736099,0.0393129498580913,0.150699641122683,166,7.21739130434783,27.6666666666667,0.347826086956522,15,23,0.652173913043478,0,0,0,0,0,0,23,166,7.21739130434783,NA,NA,NA,NA,NA,NA,NA,NA,NA,NA,NA,NA,"G5"
"2229","Florida International","fbs","Conference USA",2018,3914307,"Maurice Alexander",1,1,11,1,1.49614257047493,1.49614257047493,1.49614257047493,26,26,26,1,1,1,1,0,0,0,0,0,0,1,26,26,NA,NA,NA,NA,NA,NA,NA,NA,NA,NA,NA,NA,"G5"
"2229","Florida International","fbs","Conference USA",2018,3914395,"James Morgan",304,11,11,27.6363636363636,115.378816370267,0.379535580165351,10.4889833063879,2376,7.81578947368421,216,0.467105263157895,203,304,0.667763157894737,21,0,0,0,0.515454545454545,0.354375,304,2376,7.81578947368421,20,23,19,43,18,42,46,56,42,46,51,38,"G5"
"2247","Georgia State","fbs","Sun Belt",2018,3917540,"Aaron Winchester",55,5,11,11,-1.49630095375289,-0.0272054718864162,-0.299260190750578,347,6.30909090909091,69.4,0.4,30,55,0.545454545454545,2,0,0,0,0.115666666666667,0.0495714285714286,55,347,6.30909090909091,NA,NA,NA,NA,NA,NA,NA,NA,NA,NA,NA,NA,"G5"
"2247","Georgia State","fbs","Sun Belt",2018,4241279,"Tamir Jones",1,1,11,1,4.73254804173707,4.73254804173707,4.73254804173707,36,36,36,1,1,1,1,1,0,0,0,0.045,0.045,1,36,36,NA,NA,NA,NA,NA,NA,NA,NA,NA,NA,NA,NA,"G5"
"2247","Georgia State","fbs","Sun Belt",2018,4241290,"Jack Walker",3,1,11,3,0.0143433808847909,0.00478112696159697,0.0143433808847909,14,4.66666666666667,14,0.333333333333333,2,3,0.666666666666667,0,0,0,0,0,0,3,14,4.66666666666667,NA,NA,NA,NA,NA,NA,NA,NA,NA,NA,NA,NA,"G5"
"2247","Georgia State","fbs","Sun Belt",2018,4361896,"Diondre Champaigne",2,1,11,2,7.26160143504243,3.63080071752122,7.26160143504243,23,11.5,23,1,2,2,1,2,0,0,0,0.0383333333333333,0.0383333333333333,2,23,11.5,NA,NA,NA,NA,NA,NA,NA,NA,NA,NA,NA,NA,"G5"
"2247","Georgia State","fbs","Sun Belt",2018,4361902,"Dan Ellington",241,10,11,24.1,76.1125901212469,0.315819876021771,7.61125901212469,1839,7.63070539419087,183.9,0.427385892116183,151,241,0.62655601659751,6,0,0,0,0.394071428571429,0.17240625,241,1839,7.63070539419087,54,52,39,77,57,72,53,79,72,53,87,103,"G5"
"2247","Georgia State","fbs","Sun Belt",2018,4361911,"Cornelius McCoy",1,1,11,1,4.39742282880294,4.39742282880294,4.39742282880294,37,37,37,1,1,1,1,1,0,0,0,0.04625,0.04625,1,37,37,NA,NA,NA,NA,NA,NA,NA,NA,NA,NA,NA,NA,"G5"
"228","Clemson","fbs","ACC",2018,3122853,"Milan Richard",1,1,12,1,3.43524013352252,3.43524013352252,3.43524013352252,2,2,2,1,1,1,1,1,0,0,0,0.0025,0.0025,1,2,2,NA,NA,NA,NA,NA,NA,NA,NA,NA,NA,NA,NA,"P5"
"228","Clemson","fbs","ACC",2018,3135321,"Hunter Renfrow",2,2,12,1,-0.817409924231785,-0.408704962115892,-0.408704962115892,2,1,1,0,1,2,0.5,0,0,0,0,0,0,2,2,1,NA,NA,NA,NA,NA,NA,NA,NA,NA,NA,NA,NA,"P5"
"228","Clemson","fbs","ACC",2018,3728240,"Kelly Bryant",35,3,12,11.6666666666667,13.1070200042831,0.374486285836659,4.36900666809435,321,9.17142857142857,107,0.485714285714286,24,35,0.685714285714286,0,0,0,0,0,0,35,321,9.17142857142857,NA,NA,NA,NA,NA,NA,NA,NA,NA,NA,NA,NA,"P5"
"228","Clemson","fbs","ACC",2018,4239992,"Amari Rodgers",1,1,12,1,-1.8057874924763,-1.8057874924763,-1.8057874924763,0,0,0,0,0,1,0,0,0,0,0,0,0,1,0,0,NA,NA,NA,NA,NA,NA,NA,NA,NA,NA,NA,NA,"P5"
"228","Clemson","fbs","ACC",2018,4239993,"Tee Higgins",1,1,12,1,2.97416383154995,2.97416383154995,2.97416383154995,22,22,22,1,1,1,1,1,0,0,0,0.0275,0.0275,1,22,22,NA,NA,NA,NA,NA,NA,NA,NA,NA,NA,NA,NA,"P5"
"228","Clemson","fbs","ACC",2018,4239994,"Chase Brice",41,8,12,5.125,18.2534310590038,0.445205635585459,2.28167888237548,370,9.02439024390244,46.25,0.536585365853659,28,41,0.682926829268293,4,0,0,0,0.0925,0.0385416666666667,41,370,9.02439024390244,NA,NA,NA,NA,NA,NA,NA,NA,NA,NA,NA,NA,"P5"
"228","Clemson","fbs","ACC",2018,4360307,"Derion Kendrick",1,1,12,1,-0.498049225726884,-0.498049225726884,-0.498049225726884,0,0,0,0,0,1,0,0,0,0,0,0,0,1,0,0,NA,NA,NA,NA,NA,NA,NA,NA,NA,NA,NA,NA,"P5"
"228","Clemson","fbs","ACC",2018,4360310,"Trevor Lawrence",305,12,12,25.4166666666667,89.7269881314542,0.294186846332637,7.47724901095452,2445,8.01639344262295,203.75,0.504918032786885,201,305,0.659016393442623,19,0,0,0,0.48390625,0.312197580645161,305,2445,8.01639344262295,43,54,47,17.5,24,37,32,69,37,32,61,55,"P5"
"2294","Iowa","fbs","Big Ten",2018,3150749,"Austin Kelly",1,1,11,1,0.964672969887311,0.964672969887311,0.964672969887311,4,4,4,1,1,1,1,1,0,0,0,0.005,0.005,1,4,4,NA,NA,NA,NA,NA,NA,NA,NA,NA,NA,NA,NA,"P5"
"2294","Iowa","fbs","Big Ten",2018,3917640,"Colten Rastetter",2,2,11,1,3.04310919847008,1.52155459923504,1.52155459923504,11,5.5,5.5,0.5,2,2,1,1,0,0,0,0.006875,0.00458333333333333,2,11,5.5,NA,NA,NA,NA,NA,NA,NA,NA,NA,NA,NA,NA,"P5"
"2294","Iowa","fbs","Big Ten",2018,4036131,"Noah Fant",1,1,11,1,3.97750302237263,3.97750302237263,3.97750302237263,28,28,28,1,1,1,1,1,0,0,0,0.035,0.035,1,28,28,NA,NA,NA,NA,NA,NA,NA,NA,NA,NA,NA,NA,"P5"
"2294","Iowa","fbs","Big Ten",2018,4036133,"T.J. Hockenson",2,1,11,2,6.23631708981119,3.1181585449056,6.23631708981119,63,31.5,63,1,2,2,1,2,0,0,0,0.105,0.105,2,63,31.5,NA,NA,NA,NA,NA,NA,NA,NA,NA,NA,NA,NA,"P5"
"2294","Iowa","fbs","Big Ten",2018,4036149,"Nathan Stanley",323,11,11,29.3636363636364,74.213405428234,0.229762865102892,6.74667322074855,2184,6.76160990712074,198.545454545455,0.424148606811146,184,323,0.569659442724458,15,0,0,0,0.465340909090909,0.286363636363636,323,2184,6.76160990712074,56,65,69,82,97,56,93,71,56,93,68,61,"P5"
"2294","Iowa","fbs","Big Ten",2018,4036156,"Toren Young",1,1,11,1,2.55856547870941,2.55856547870941,2.55856547870941,11,11,11,1,1,1,1,1,0,0,0,0.01375,0.01375,1,11,11,NA,NA,NA,NA,NA,NA,NA,NA,NA,NA,NA,NA,"P5"
"2294","Iowa","fbs","Big Ten",2018,4240570,"Peyton Mansell",5,3,11,1.66666666666667,1.91361663430908,0.382723326861815,0.637872211436359,54,10.8,18,0.4,3,5,0.6,0,0,0,0,0,0,5,54,10.8,NA,NA,NA,NA,NA,NA,NA,NA,NA,NA,NA,NA,"P5"
"2294","Iowa","fbs","Big Ten",2018,4240591,"Nick Easley",1,1,11,1,2.15771912082115,2.15771912082115,2.15771912082115,12,12,12,1,1,1,1,1,0,0,0,0.015,0.015,1,12,12,NA,NA,NA,NA,NA,NA,NA,NA,NA,NA,NA,NA,"P5"
"2294","Iowa","fbs","Big Ten",2018,4360480,"Spencer Petras",1,1,11,1,-2.06881119805933,-2.06881119805933,-2.06881119805933,0,0,0,0,0,1,0,0,0,0,0,0,0,1,0,0,NA,NA,NA,NA,NA,NA,NA,NA,NA,NA,NA,NA,"P5"
"23","San José State","fbs","Mountain West",2018,3921685,"Josh Love",239,7,11,34.1428571428571,50.0064314990102,0.209231930958202,7.14377592843003,1803,7.54393305439331,257.571428571429,0.422594142259414,142,239,0.594142259414226,13,0,0,0,0.597933673469388,0.418553571428571,239,1803,7.54393305439331,78,58,76,85,82,74,62,20,74,62,23,22,"G5"
"23","San José State","fbs","Mountain West",2018,4036850,"Montel Aaron",56,5,11,11.2,-2.86609017609065,-0.0511801817159044,-0.573218035218129,246,4.39285714285714,49.2,0.339285714285714,31,56,0.553571428571429,0,0,0,0,0,0,56,246,4.39285714285714,NA,NA,NA,NA,NA,NA,NA,NA,NA,NA,NA,NA,"G5"
"23","San José State","fbs","Mountain West",2018,4036857,"Michael Carrillo",72,4,11,18,25.8403992878576,0.358894434553577,6.46009982196439,612,8.5,153,0.430555555555556,46,72,0.638888888888889,5,0,0,0,0.31875,0.2125,72,612,8.5,NA,NA,NA,NA,NA,NA,NA,NA,NA,NA,NA,NA,"G5"
"23","San José State","fbs","Mountain West",2018,4361540,"Leki Nunn",2,2,11,1,2.13885066532747,1.06942533266373,1.06942533266373,32,16,16,1,2,2,1,0,0,0,0,0,0,2,32,16,NA,NA,NA,NA,NA,NA,NA,NA,NA,NA,NA,NA,"G5"
"23","San José State","fbs","Mountain West",2018,4405859,"Chance Lachapelle",1,1,11,1,-0.52138944071435,-0.52138944071435,-0.52138944071435,2,2,2,0,1,1,1,0,0,0,0,0,0,1,2,2,NA,NA,NA,NA,NA,NA,NA,NA,NA,NA,NA,NA,"G5"
"23","San José State","fbs","Mountain West",2018,4406951,"Cha Lachapelle",1,1,11,1,-0.0448623560511241,-0.0448623560511241,-0.0448623560511241,5,5,5,0,1,1,1,0,0,0,0,0,0,1,5,5,NA,NA,NA,NA,NA,NA,NA,NA,NA,NA,NA,NA,"G5"
"2305","Kansas","fbs","Big 12",2018,3127261,"Peyton Bender",284,10,11,28.4,41.0983755179339,0.14471258985188,4.10983755179339,1719,6.05281690140845,171.9,0.401408450704225,165,284,0.580985915492958,11,0,0,0,0.3939375,0.225107142857143,284,1719,6.05281690140845,85,91,94,100,90,81,109,89,81,109,88,86,"P5"
"2305","Kansas","fbs","Big 12",2018,3917957,"Carter Stanley",46,4,11,11.5,6.83088280885243,0.148497452366357,1.70772070221311,306,6.65217391304348,76.5,0.391304347826087,34,46,0.739130434782609,3,0,0,0,0.1434375,0.0819642857142857,46,306,6.65217391304348,NA,NA,NA,NA,NA,NA,NA,NA,NA,NA,NA,NA,"P5"
"2305","Kansas","fbs","Big 12",2018,3917960,"Steven Sims Jr.",1,1,11,1,-0.947517595849773,-0.947517595849773,-0.947517595849773,0,0,0,0,0,1,0,0,0,0,0,0,0,1,0,0,NA,NA,NA,NA,NA,NA,NA,NA,NA,NA,NA,NA,"P5"
"2305","Kansas","fbs","Big 12",2018,4360326,"Pooka Williams Jr.",2,2,11,1,1.91990698424204,0.95995349212102,0.95995349212102,9,4.5,4.5,0.5,1,2,0.5,1,0,0,0,0.005625,0.00375,2,9,4.5,NA,NA,NA,NA,NA,NA,NA,NA,NA,NA,NA,NA,"P5"
"2305","Kansas","fbs","Big 12",2018,4360331,"Miles Kendrick",16,3,11,5.33333333333333,1.92169639111282,0.120106024444551,0.640565463704273,88,5.5,29.3333333333333,0.375,9,16,0.5625,1,0,0,0,0.0366666666666667,0.0183333333333333,16,88,5.5,NA,NA,NA,NA,NA,NA,NA,NA,NA,NA,NA,NA,"P5"
"2306","Kansas State","fbs","Big 12",2018,3125077,"Colby Dean Moore",1,1,11,1,-2.67536482406307,-2.67536482406307,-2.67536482406307,0,0,0,0,0,1,0,0,0,0,0,0,0,1,0,0,NA,NA,NA,NA,NA,NA,NA,NA,NA,NA,NA,NA,"P5"
"2306","Kansas State","fbs","Big 12",2018,3886634,"Alex Delton",65,6,11,10.8333333333333,8.9176576727905,0.137194733427546,1.48627627879842,463,7.12307692307692,77.1666666666667,0.415384615384615,39,65,0.6,2,0,0,0,0.128611111111111,0.0482291666666667,65,463,7.12307692307692,NA,NA,NA,NA,NA,NA,NA,NA,NA,NA,NA,NA,"P5"
"2306","Kansas State","fbs","Big 12",2018,3916124,"Dalton Schoen",1,1,11,1,3.08555115243909,3.08555115243909,3.08555115243909,23,23,23,1,1,1,1,1,0,0,0,0.02875,0.02875,1,23,23,NA,NA,NA,NA,NA,NA,NA,NA,NA,NA,NA,NA,"P5"
"2306","Kansas State","fbs","Big 12",2018,4036419,"Skylar John Thompson",190,10,11,19,50.6903421412608,0.266791274427688,5.06903421412608,1307,6.87894736842105,130.7,0.452631578947368,113,190,0.594736842105263,7,0,0,0,0.28590625,0.134544117647059,190,1307,6.87894736842105,76,81,55,57,81,105,88,113,105,88,112,115,"P5"
"2309","Kent State","fbs","Mid-American",2018,3915270,"Myles Washington",1,1,11,1,4.16435727381181,4.16435727381181,4.16435727381181,10,10,10,1,1,1,1,0,0,0,0,0,0,1,10,10,NA,NA,NA,NA,NA,NA,NA,NA,NA,NA,NA,NA,"G5"
"2309","Kent State","fbs","Mid-American",2018,4038930,"Kavious Price",1,1,11,1,3.49149296286921,3.49149296286921,3.49149296286921,18,18,18,1,1,1,1,1,0,0,0,0.0225,0.0225,1,18,18,NA,NA,NA,NA,NA,NA,NA,NA,NA,NA,NA,NA,"G5"
"2309","Kent State","fbs","Mid-American",2018,4244068,"Dustin Crum",25,3,11,8.33333333333333,9.37146670917076,0.374858668366831,3.12382223639026,176,7.04,58.6666666666667,0.44,16,25,0.64,2,0,0,0,0.0977777777777778,0.0586666666666667,25,176,7.04,NA,NA,NA,NA,NA,NA,NA,NA,NA,NA,NA,NA,"G5"
"2309","Kent State","fbs","Mid-American",2018,4362340,"Woody Barrett",354,11,11,32.1818181818182,-0.69212308454952,-0.00195514995635458,-0.0629202804135928,2152,6.07909604519774,195.636363636364,0.367231638418079,215,354,0.607344632768362,9,0,0,0,0.440181818181818,0.220090909090909,354,2152,6.07909604519774,116,116,116,112,68,59,108,76,59,108,75,88,"G5"
"2335","Liberty","fbs","FBS Independents",2018,4029885,"Stephen Calvert",346,10,10,34.6,89.5354248749271,0.258772904262795,8.95354248749272,2529,7.3092485549133,252.9,0.416184971098266,190,346,0.549132947976879,18,0,0,0,0.598973684210526,0.406446428571429,346,2529,7.3092485549133,44,37,58,90,108,31,71,24,31,71,22,24,"G5"
"2335","Liberty","fbs","FBS Independents",2018,4246897,"Mason Cunningham",6,2,10,3,-1.59969647306137,-0.266616078843562,-0.799848236530685,24,4,12,0.333333333333333,3,6,0.5,0,0,0,0,0,0,6,24,4,NA,NA,NA,NA,NA,NA,NA,NA,NA,NA,NA,NA,"G5"
"2335","Liberty","fbs","FBS Independents",2018,4246920,"DJ Stubbs",2,2,10,1,2.13745952626102,1.06872976313051,1.06872976313051,39,19.5,19.5,0.5,1,2,0.5,0,0,0,0,0,0,2,39,19.5,NA,NA,NA,NA,NA,NA,NA,NA,NA,NA,NA,NA,"G5"
"2348","Louisiana Tech","fbs","Conference USA",2018,3914374,"James Jackson",8,1,11,8,-0.851732177549454,-0.106466522193682,-0.851732177549454,39,4.875,39,0.25,4,8,0.5,0,0,0,0,0,0,8,39,4.875,NA,NA,NA,NA,NA,NA,NA,NA,NA,NA,NA,NA,"G5"
"2348","Louisiana Tech","fbs","Conference USA",2018,3914382,"J'Mar Smith",382,11,11,34.7272727272727,41.2720894300476,0.108042118926826,3.75200813000433,2481,6.49476439790576,225.545454545455,0.424083769633508,219,382,0.573298429319372,12,0,0,0,0.520489510489511,0.294189723320158,382,2481,6.49476439790576,84,93,103,83,93,36,101,46,36,101,47,58,"G5"
"235","Memphis","fbs","American Athletic",2018,3893630,"Brady White",329,12,12,27.4166666666667,116.820231225809,0.355076690655955,9.73501926881744,2768,8.41337386018237,230.666666666667,0.468085106382979,209,329,0.635258358662614,20,0,0,0,0.549206349206349,0.360416666666667,329,2768,8.41337386018237,18,30,27,42,43,19,19,41,19,19,38,36,"G5"
"235","Memphis","fbs","American Athletic",2018,4039359,"Darrell Henderson",2,2,12,1,1.67186061975001,0.835930309875007,0.835930309875007,4,2,2,0.5,1,2,0.5,1,0,0,0,0.0025,0.00166666666666667,2,4,2,NA,NA,NA,NA,NA,NA,NA,NA,NA,NA,NA,NA,"G5"
"235","Memphis","fbs","American Athletic",2018,4243364,"Connor Adair",1,1,12,1,3.05627774501,3.05627774501,3.05627774501,17,17,17,1,1,1,1,1,0,0,0,0.02125,0.02125,1,17,17,NA,NA,NA,NA,NA,NA,NA,NA,NA,NA,NA,NA,"G5"
"235","Memphis","fbs","American Athletic",2018,4371730,"Brady McBride",3,1,12,3,-2.24718770551072,-0.749062568503574,-2.24718770551072,18,6,18,0.666666666666667,2,3,0.666666666666667,0,0,0,0,0,0,3,18,6,NA,NA,NA,NA,NA,NA,NA,NA,NA,NA,NA,NA,"G5"
"238","Vanderbilt","fbs","SEC",2018,3118190,"Parker Thome",1,1,11,1,-2.2873470945631,-2.2873470945631,-2.2873470945631,0,0,0,0,0,1,0,0,0,0,0,0,0,1,0,0,NA,NA,NA,NA,NA,NA,NA,NA,NA,NA,NA,NA,"P5"
"238","Vanderbilt","fbs","SEC",2018,3915776,"Kyle Shurmur",335,11,11,30.4545454545455,68.2890264085987,0.203847840025668,6.20809330987261,2530,7.55223880597015,230,0.462686567164179,213,335,0.635820895522388,19,0,0,0,0.54625,0.364166666666667,335,2530,7.55223880597015,62,69,79,47,42,30,60,42,30,60,39,33,"P5"
"238","Vanderbilt","fbs","SEC",2018,4037118,"Mo Hasan",6,3,11,2,2.74007105504059,0.456678509173432,0.913357018346865,38,6.33333333333333,12.6666666666667,0.666666666666667,4,6,0.666666666666667,0,0,0,0,0,0,6,38,6.33333333333333,NA,NA,NA,NA,NA,NA,NA,NA,NA,NA,NA,NA,"P5"
"239","Baylor","fbs","Big 12",2018,3116715,"Jalan McClendon",75,7,11,10.7142857142857,18.0344740767001,0.240459654356002,2.57635343952859,542,7.22666666666667,77.4285714285714,0.373333333333333,45,75,0.6,1,0,0,0,0.0967857142857143,0.0241964285714286,75,542,7.22666666666667,NA,NA,NA,NA,NA,NA,NA,NA,NA,NA,NA,NA,"P5"
"239","Baylor","fbs","Big 12",2018,3928923,"Drew Galitz",1,1,11,1,-2.36443926312255,-2.36443926312255,-2.36443926312255,0,0,0,0,0,1,0,0,0,0,0,0,0,1,0,0,NA,NA,NA,NA,NA,NA,NA,NA,NA,NA,NA,NA,"P5"
"239","Baylor","fbs","Big 12",2018,4035390,"Jared Atkinson",1,1,11,1,1.66185071182538,1.66185071182538,1.66185071182538,36,36,36,1,1,1,1,0,0,0,0,0,0,1,36,36,NA,NA,NA,NA,NA,NA,NA,NA,NA,NA,NA,NA,"P5"
"239","Baylor","fbs","Big 12",2018,4241222,"Charlie Brewer",332,11,11,30.1818181818182,118.454107530154,0.356789480512512,10.768555230014,2492,7.50602409638554,226.545454545455,0.466867469879518,210,332,0.632530120481928,17,0,0,0,0.53489898989899,0.343863636363636,332,2492,7.50602409638554,17,19,25,44,46,33,63,44,33,63,41,43,"P5"
"2390","Miami","fbs","ACC",2018,3123047,"Malik Rosier",124,6,11,20.6666666666667,20.6408421314287,0.166458404285715,3.44014035523812,830,6.69354838709677,138.333333333333,0.379032258064516,66,124,0.532258064516129,2,0,0,0,0.230555555555556,0.0864583333333333,124,830,6.69354838709677,NA,NA,NA,NA,NA,NA,NA,NA,NA,NA,NA,NA,"P5"
"2390","Miami","fbs","ACC",2018,3135737,"Darrell Langham",1,1,11,1,3.57231100120582,3.57231100120582,3.57231100120582,13,13,13,1,1,1,1,1,0,0,0,0.01625,0.01625,1,13,13,NA,NA,NA,NA,NA,NA,NA,NA,NA,NA,NA,NA,"P5"
"2390","Miami","fbs","ACC",2018,3917849,"Lawrence Cager",2,1,11,2,8.78379249573912,4.39189624786956,8.78379249573912,13,6.5,13,1,2,2,1,2,0,0,0,0.0216666666666667,0.0216666666666667,2,13,6.5,NA,NA,NA,NA,NA,NA,NA,NA,NA,NA,NA,NA,"P5"
"2390","Miami","fbs","ACC",2018,4240626,"Jeff Thomas",1,1,11,1,2.56813196314897,2.56813196314897,2.56813196314897,17,17,17,1,1,1,1,1,0,0,0,0.02125,0.02125,1,17,17,NA,NA,NA,NA,NA,NA,NA,NA,NA,NA,NA,NA,"P5"
"2390","Miami","fbs","ACC",2018,4240628,"N'Kosi Perry",164,8,11,20.5,-7.9712773738741,-0.0486053498406957,-0.996409671734263,925,5.64024390243902,115.625,0.353658536585366,83,164,0.50609756097561,6,0,0,0,0.247767857142857,0.123883928571429,164,925,5.64024390243902,117,117,117,115,118,120,114,117,120,114,116,116,"P5"
"2390","Miami","fbs","ACC",2018,4240631,"DeeJay Dallas",1,1,11,1,-0.884673548048263,-0.884673548048263,-0.884673548048263,0,0,0,0,0,1,0,0,0,0,0,0,0,1,0,0,NA,NA,NA,NA,NA,NA,NA,NA,NA,NA,NA,NA,"P5"
"2390","Miami","fbs","ACC",2018,4240633,"Cade Weldon",1,1,11,1,-0.534057382723432,-0.534057382723432,-0.534057382723432,0,0,0,0,1,1,1,0,0,0,0,0,0,1,0,0,NA,NA,NA,NA,NA,NA,NA,NA,NA,NA,NA,NA,"P5"
"2390","Miami","fbs","ACC",2018,4362501,"Brian Hightower",1,1,11,1,3.86251753931341,3.86251753931341,3.86251753931341,32,32,32,1,1,1,1,1,0,0,0,0.04,0.04,1,32,32,NA,NA,NA,NA,NA,NA,NA,NA,NA,NA,NA,NA,"P5"
"2390","Miami","fbs","ACC",2018,4362504,"Brevin Jordan",1,1,11,1,3.5753296566616,3.5753296566616,3.5753296566616,41,41,41,1,1,1,1,1,0,0,0,0.05125,0.05125,1,41,41,NA,NA,NA,NA,NA,NA,NA,NA,NA,NA,NA,NA,"P5"
"2393","Middle Tennessee","fbs","Conference USA",2018,545683,"Brent Stockstill",373,12,12,31.0833333333333,69.264235053851,0.185695000144373,5.77201958782092,2607,6.98927613941019,217.25,0.428954423592493,264,373,0.707774798927614,18,0,0,0,0.51453947368421,0.325875,373,2607,6.98927613941019,60,73,81,76,4,27,82,54,27,82,52,48,"G5"
"2393","Middle Tennessee","fbs","Conference USA",2018,3914458,"Patrick Smith",1,1,12,1,6.05016195535585,6.05016195535585,6.05016195535585,41,41,41,1,1,1,1,1,0,0,0,0.05125,0.05125,1,41,41,NA,NA,NA,NA,NA,NA,NA,NA,NA,NA,NA,NA,"G5"
"2393","Middle Tennessee","fbs","Conference USA",2018,4037366,"Ty Lee",1,1,12,1,-3.56811011859941,-3.56811011859941,-3.56811011859941,-8,-8,-8,0,1,1,1,0,0,0,0,0,0,1,-8,-8,NA,NA,NA,NA,NA,NA,NA,NA,NA,NA,NA,NA,"G5"
"2393","Middle Tennessee","fbs","Conference USA",2018,4243953,"Tavares Thomas",1,1,12,1,4.85817034741405,4.85817034741405,4.85817034741405,19,19,19,1,1,1,1,1,0,0,0,0.02375,0.02375,1,19,19,NA,NA,NA,NA,NA,NA,NA,NA,NA,NA,NA,NA,"G5"
"2393","Middle Tennessee","fbs","Conference USA",2018,4243984,"Zack Dobson",1,1,12,1,4.8045716647006,4.8045716647006,4.8045716647006,46,46,46,1,1,1,1,1,0,0,0,0.0575,0.0575,1,46,46,NA,NA,NA,NA,NA,NA,NA,NA,NA,NA,NA,NA,"G5"
"2393","Middle Tennessee","fbs","Conference USA",2018,4291782,"Chase Cunningham",1,1,12,1,-0.498343679235862,-0.498343679235862,-0.498343679235862,0,0,0,0,0,1,0,0,0,0,0,0,0,1,0,0,NA,NA,NA,NA,NA,NA,NA,NA,NA,NA,NA,NA,"G5"
"2393","Middle Tennessee","fbs","Conference USA",2018,4374350,"Asher O'Hara",19,1,12,19,1.00126704419056,0.0526982654837137,1.00126704419056,114,6,114,0.315789473684211,9,19,0.473684210526316,0,0,0,0,0,0,19,114,6,NA,NA,NA,NA,NA,NA,NA,NA,NA,NA,NA,NA,"G5"
"24","Stanford","fbs","Pac-12",2018,4044431,"K.J. Costello",353,11,11,32.0909090909091,173.717572872484,0.492117770177009,15.7925066247713,3151,8.92634560906516,286.454545454545,0.546742209631728,242,353,0.685552407932011,25,0,0,0,0.688592657342657,0.497316919191919,353,3151,8.92634560906516,3,3,3,6,11,11,7,12,11,7,11,8,"P5"
"24","Stanford","fbs","Pac-12",2018,4044447,"Jack Richardson",1,1,11,1,-0.611077869714813,-0.611077869714813,-0.611077869714813,6,6,6,0,1,1,1,0,0,0,0,0,0,1,6,6,NA,NA,NA,NA,NA,NA,NA,NA,NA,NA,NA,NA,"P5"
"24","Stanford","fbs","Pac-12",2018,4360738,"Jack West",4,1,11,4,-3.09281808189136,-0.77320452047284,-3.09281808189136,4,1,4,0,1,4,0.25,0,0,0,0,0,0,4,4,1,NA,NA,NA,NA,NA,NA,NA,NA,NA,NA,NA,NA,"P5"
"24","Stanford","fbs","Pac-12",2018,4360761,"Michael Wilson",1,1,11,1,2.95253525954781,2.95253525954781,2.95253525954781,26,26,26,1,1,1,1,1,0,0,0,0.0325,0.0325,1,26,26,NA,NA,NA,NA,NA,NA,NA,NA,NA,NA,NA,NA,"P5"
"242","Rice","fbs","Conference USA",2018,3122170,"Shawn Stankavage",194,8,12,24.25,41.9159407629531,0.2160615503245,5.23949259536913,1285,6.62371134020619,160.625,0.43298969072165,117,194,0.603092783505155,10,0,0,0,0.365056818181818,0.223090277777778,194,1285,6.62371134020619,82,79,73,75,71,107,96,98,107,96,96,87,"G5"
"242","Rice","fbs","Conference USA",2018,3916370,"Jack Fox",1,1,12,1,4.49469725853091,4.49469725853091,4.49469725853091,17,17,17,1,1,1,1,0,0,0,0,0,0,1,17,17,NA,NA,NA,NA,NA,NA,NA,NA,NA,NA,NA,NA,"G5"
"242","Rice","fbs","Conference USA",2018,3916383,"Jackson Tyner",10,3,12,3.33333333333333,1.00038385121144,0.100038385121144,0.333461283737147,88,8.8,29.3333333333333,0.2,4,10,0.4,0,0,0,0,0,0,10,88,8.8,NA,NA,NA,NA,NA,NA,NA,NA,NA,NA,NA,NA,"G5"
"242","Rice","fbs","Conference USA",2018,4244856,"Austin Trammell",1,1,12,1,-0.761656442190463,-0.761656442190463,-0.761656442190463,0,0,0,0,0,1,0,0,0,0,0,0,0,1,0,0,NA,NA,NA,NA,NA,NA,NA,NA,NA,NA,NA,NA,"G5"
"242","Rice","fbs","Conference USA",2018,4244861,"Evan Marshman",30,2,12,15,0.789241236041061,0.0263080412013687,0.394620618020531,164,5.46666666666667,82,0.433333333333333,17,30,0.566666666666667,0,0,0,0,0,0,30,164,5.46666666666667,NA,NA,NA,NA,NA,NA,NA,NA,NA,NA,NA,NA,"G5"
"242","Rice","fbs","Conference USA",2018,4362528,"Wiley Green",83,4,12,20.75,5.6022960932856,0.0674975432925976,1.4005740233214,574,6.91566265060241,143.5,0.421686746987952,44,83,0.530120481927711,3,0,0,0,0.2690625,0.15375,83,574,6.91566265060241,NA,NA,NA,NA,NA,NA,NA,NA,NA,NA,NA,NA,"G5"
"242","Rice","fbs","Conference USA",2018,4362534,"Parker Towns",4,2,12,2,-2.64729744588289,-0.661824361470723,-1.32364872294145,10,2.5,5,0.25,1,4,0.25,0,0,0,0,0,0,4,10,2.5,NA,NA,NA,NA,NA,NA,NA,NA,NA,NA,NA,NA,"G5"
"2426","Navy","fbs","American Athletic",2018,3916251,"Zach Abey",27,8,12,3.375,10.2581461146965,0.379931337581351,1.28226826433706,246,9.11111111111111,30.75,0.407407407407407,12,27,0.444444444444444,1,0,0,0,0.0384375,0.00854166666666667,27,246,9.11111111111111,NA,NA,NA,NA,NA,NA,NA,NA,NA,NA,NA,NA,"G5"
"2426","Navy","fbs","American Athletic",2018,3916282,"Garret Lewis",67,9,12,7.44444444444444,5.3996323320364,0.0805915273438269,0.599959148004044,399,5.95522388059702,44.3333333333333,0.313432835820896,29,67,0.432835820895522,2,0,0,0,0.0738888888888889,0.0201515151515151,67,399,5.95522388059702,NA,NA,NA,NA,NA,NA,NA,NA,NA,NA,NA,NA,"G5"
"2426","Navy","fbs","American Athletic",2018,4039425,"OJ Davis",1,1,12,1,-0.668572288142947,-0.668572288142947,-0.668572288142947,0,0,0,0,0,1,0,0,0,0,0,0,0,1,0,0,NA,NA,NA,NA,NA,NA,NA,NA,NA,NA,NA,NA,"G5"
"2426","Navy","fbs","American Athletic",2018,4039436,"Malcolm Perry",15,6,12,2.5,7.05515311910457,0.470343541273638,1.1758588531841,157,10.4666666666667,26.1666666666667,0.333333333333333,7,15,0.466666666666667,2,0,0,0,0.0436111111111111,0.0163541666666667,15,157,10.4666666666667,NA,NA,NA,NA,NA,NA,NA,NA,NA,NA,NA,NA,"G5"
"2429","Charlotte","fbs","Conference USA",2018,3139889,"Hasaan Klugh",26,4,10,6.5,12.6670644478492,0.48719478645574,3.16676611196231,251,9.65384615384615,62.75,0.461538461538462,18,26,0.692307692307692,1,0,0,0,0.0784375,0.031375,26,251,9.65384615384615,NA,NA,NA,NA,NA,NA,NA,NA,NA,NA,NA,NA,"G5"
"2429","Charlotte","fbs","Conference USA",2018,3917848,"Evan Shirreffs",100,5,10,20,7.34010832964756,0.0734010832964756,1.46802166592951,631,6.31,126.2,0.37,54,100,0.54,2,0,0,0,0.210333333333333,0.0901428571428571,100,631,6.31,NA,NA,NA,NA,NA,NA,NA,NA,NA,NA,NA,NA,"G5"
"2429","Charlotte","fbs","Conference USA",2018,4259269,"Chris Reynolds",132,5,10,26.4,34.9977211203562,0.265134250911789,6.99954422407124,906,6.86363636363636,181.2,0.46969696969697,87,132,0.659090909090909,5,0,0,0,0.3775,0.2265,132,906,6.86363636363636,NA,NA,NA,NA,NA,NA,NA,NA,NA,NA,NA,NA,"G5"
"2433","UL Monroe","fbs","Sun Belt",2018,4036585,"Caleb Evans",310,11,11,28.1818181818182,79.1391918952426,0.255287715791105,7.1944719904766,2523,8.13870967741935,229.363636363636,0.461290322580645,196,310,0.632258064516129,14,0,0,0,0.535181818181818,0.321109090909091,310,2523,8.13870967741935,49,57,61,50,47,32,29,43,32,29,40,52,"G5"
"2433","UL Monroe","fbs","Sun Belt",2018,4365325,"Colby Suits",10,1,11,10,8.26157804397702,0.826157804397702,8.26157804397702,91,9.1,91,0.6,6,10,0.6,1,0,0,0,0.11375,0.11375,10,91,9.1,NA,NA,NA,NA,NA,NA,NA,NA,NA,NA,NA,NA,"G5"
"2439","UNLV","fbs","Mountain West",2018,4035856,"Max Gilliam",218,9,11,24.2222222222222,60.8295973409994,0.279034850188071,6.75884414899994,1394,6.39449541284404,154.888888888889,0.371559633027523,124,218,0.568807339449541,14,0,0,0,0.361407407407407,0.235700483091787,218,1394,6.39449541284404,66,64,53,111,98,99,106,100,99,106,98,81,"G5"
"2439","UNLV","fbs","Mountain West",2018,4052208,"Mekhi Stevenson",1,1,11,1,4.08727605689187,4.08727605689187,4.08727605689187,51,51,51,1,1,1,1,1,0,0,0,0.06375,0.06375,1,51,51,NA,NA,NA,NA,NA,NA,NA,NA,NA,NA,NA,NA,"G5"
"2439","UNLV","fbs","Mountain West",2018,4056052,"Armani Rogers",93,5,11,18.6,2.04325472679758,0.0219704809333073,0.408650945359516,420,4.51612903225806,84,0.344086021505376,40,93,0.43010752688172,8,0,0,0,0.186666666666667,0.129230769230769,93,420,4.51612903225806,NA,NA,NA,NA,NA,NA,NA,NA,NA,NA,NA,NA,"G5"
"2439","UNLV","fbs","Mountain West",2018,4361566,"Kenyon Oblad",3,1,11,3,-2.55727728907102,-0.852425763023673,-2.55727728907102,0,0,0,0,0,3,0,0,0,0,0,0,0,3,0,0,NA,NA,NA,NA,NA,NA,NA,NA,NA,NA,NA,NA,"G5"
"2440","Nevada","fbs","Mountain West",2018,3122611,"Ty Gangi",372,10,11,37.2,85.604442876282,0.230119470097532,8.5604442876282,2753,7.4005376344086,275.3,0.446236559139785,233,372,0.626344086021505,20,0,0,0,0.65547619047619,0.458833333333333,372,2753,7.4005376344086,45,38,68,62,58,21,68,15,21,68,15,13,"G5"
"2440","Nevada","fbs","Mountain West",2018,3914836,"Cristian Solano",40,1,11,40,-0.394736480988072,-0.00986841202470179,-0.394736480988072,195,4.875,195,0.425,22,40,0.55,0,0,0,0,0,0,40,195,4.875,NA,NA,NA,NA,NA,NA,NA,NA,NA,NA,NA,NA,"G5"
"2440","Nevada","fbs","Mountain West",2018,3927804,"Kaleb Fossum",1,1,11,1,-1.01158550329905,-1.01158550329905,-1.01158550329905,0,0,0,0,0,1,0,0,0,0,0,0,0,1,0,0,NA,NA,NA,NA,NA,NA,NA,NA,NA,NA,NA,NA,"G5"
"2440","Nevada","fbs","Mountain West",2018,4361444,"Toa Taua",3,2,11,1.5,1.67313424141326,0.55771141380442,0.836567120706631,20,6.66666666666667,10,1,3,3,1,0,0,0,0,0,0,3,20,6.66666666666667,NA,NA,NA,NA,NA,NA,NA,NA,NA,NA,NA,NA,"G5"
"245","Texas A&M","fbs","SEC",2018,3917962,"Jace Sternberger",1,1,11,1,2.91846387070709,2.91846387070709,2.91846387070709,15,15,15,1,1,1,1,1,0,0,0,0.01875,0.01875,1,15,15,NA,NA,NA,NA,NA,NA,NA,NA,NA,NA,NA,NA,"P5"
"245","Texas A&M","fbs","SEC",2018,4035222,"Trayveon Williams",1,1,11,1,4.42391334237883,4.42391334237883,4.42391334237883,14,14,14,1,1,1,1,1,0,0,0,0.0175,0.0175,1,14,14,NA,NA,NA,NA,NA,NA,NA,NA,NA,NA,NA,NA,"P5"
"245","Texas A&M","fbs","SEC",2018,4035225,"Nick Starkel",14,2,11,7,3.4161280619572,0.244009147282657,1.7080640309786,106,7.57142857142857,53,0.571428571428571,10,14,0.714285714285714,0,0,0,0,0,0,14,106,7.57142857142857,NA,NA,NA,NA,NA,NA,NA,NA,NA,NA,NA,NA,"P5"
"245","Texas A&M","fbs","SEC",2018,4240904,"Kellen Mond",341,11,11,31,102.50698479293,0.300606993527655,9.3188167993573,2682,7.86510263929619,243.818181818182,0.486803519061584,200,341,0.586510263929619,15,0,0,0,0.571448863636364,0.351660839160839,341,2682,7.86510263929619,27,34,44,29,87,23,44,29,23,44,30,40,"P5"
"2459","Northern Illinois","fbs","Mid-American",2018,3921951,"D.J. Brown",1,1,12,1,-0.209753628641411,-0.209753628641411,-0.209753628641411,5,5,5,0,1,1,1,0,0,0,0,0,0,1,5,5,NA,NA,NA,NA,NA,NA,NA,NA,NA,NA,NA,NA,"G5"
"2459","Northern Illinois","fbs","Mid-American",2018,4039469,"Anthony Thompson",1,1,12,1,-1.79240893789722,-1.79240893789722,-1.79240893789722,-5,-5,-5,0,1,1,1,0,0,0,0,0,0,1,-5,-5,NA,NA,NA,NA,NA,NA,NA,NA,NA,NA,NA,NA,"G5"
"2459","Northern Illinois","fbs","Mid-American",2018,4039470,"Marcus Childers",322,12,12,26.8333333333333,10.4264515315042,0.0323802842593298,0.868870960958682,1802,5.59627329192547,150.166666666667,0.403726708074534,192,322,0.596273291925466,14,0,0,0,0.350388888888889,0.202147435897436,322,1802,5.59627329192547,112,114,114,97,80,75,115,102,75,115,100,96,"G5"
"248","Houston","fbs","American Athletic",2018,3886565,"Quinten Dormady",5,1,11,5,-2.95923693246132,-0.591847386492264,-2.95923693246132,8,1.6,8,0,2,5,0.4,0,0,0,0,0,0,5,8,1.6,NA,NA,NA,NA,NA,NA,NA,NA,NA,NA,NA,NA,"G5"
"248","Houston","fbs","American Athletic",2018,4039300,"D'Eriq King",315,10,11,31.5,132.789237678117,0.421553135486085,13.2789237678117,2764,8.77460317460318,276.4,0.473015873015873,199,315,0.631746031746032,33,0,0,0,0.670676470588235,0.530302325581395,315,2764,8.77460317460318,11,11,10,38,49,20,9,14,20,9,14,6,"G5"
"248","Houston","fbs","American Athletic",2018,4039307,"Marquez Stevenson",1,1,11,1,4.09648368364441,4.09648368364441,4.09648368364441,31,31,31,1,1,1,1,0,0,0,0,0,0,1,31,31,NA,NA,NA,NA,NA,NA,NA,NA,NA,NA,NA,NA,"G5"
"248","Houston","fbs","American Athletic",2018,4240251,"Bryson Smith",4,4,11,1,0.523611965119358,0.13090299127984,0.13090299127984,25,6.25,6.25,0.25,2,4,0.5,1,0,0,0,0.0078125,0.003125,4,25,6.25,NA,NA,NA,NA,NA,NA,NA,NA,NA,NA,NA,NA,"G5"
"248","Houston","fbs","American Athletic",2018,4360175,"Clayton Tune",60,3,11,20,5.15538369412811,0.0859230615688018,1.71846123137604,379,6.31666666666667,126.333333333333,0.333333333333333,26,60,0.433333333333333,5,0,0,0,0.263194444444444,0.197395833333333,60,379,6.31666666666667,NA,NA,NA,NA,NA,NA,NA,NA,NA,NA,NA,NA,"G5"
"2483","Oregon","fbs","Pac-12",2018,3930199,"Blake Maimone",1,1,11,1,5.26027795380699,5.26027795380699,5.26027795380699,28,28,28,1,1,1,1,0,0,0,0,0,0,1,28,28,NA,NA,NA,NA,NA,NA,NA,NA,NA,NA,NA,NA,"P5"
"2483","Oregon","fbs","Pac-12",2018,4038941,"Justin Herbert",330,11,11,30,99.0601135025119,0.300182162128824,9.00546486386471,2700,8.18181818181818,245.454545454545,0.442424242424242,199,330,0.603030303030303,24,0,0,0,0.589090909090909,0.420779220779221,330,2700,8.18181818181818,32,36,45,64,72,22,26,27,22,26,24,21,"P5"
"2483","Oregon","fbs","Pac-12",2018,4242490,"Braxton Burmeister",7,2,11,3.5,-2.87418852938675,-0.410598361340964,-1.43709426469337,27,3.85714285714286,13.5,0.285714285714286,2,7,0.285714285714286,0,0,0,0,0,0,7,27,3.85714285714286,NA,NA,NA,NA,NA,NA,NA,NA,NA,NA,NA,NA,"P5"
"249","North Texas","fbs","Conference USA",2018,547164,"Quinn Shanbour",4,3,11,1.33333333333333,0.312427668915492,0.0781069172288729,0.104142556305164,25,6.25,8.33333333333333,0.25,2,4,0.5,0,0,0,0,0,0,4,25,6.25,NA,NA,NA,NA,NA,NA,NA,NA,NA,NA,NA,NA,"G5"
"249","North Texas","fbs","Conference USA",2018,4039073,"Mason Fine",413,11,11,37.5454545454545,115.690168834863,0.280121474176424,10.5172880758967,3316,8.02905569007264,301.454545454545,0.4818401937046,270,413,0.653753026634383,23,0,0,0,0.722234848484849,0.509812834224599,413,3316,8.02905569007264,19,21,52,34,29,7,31,7,7,31,6,7,"G5"
"25","California","fbs","Pac-12",2018,3127211,"Patrick Laird",3,3,11,1,3.98653871175421,1.3288462372514,1.3288462372514,50,16.6666666666667,16.6666666666667,1,3,3,1,1,0,0,0,0.0208333333333333,0.0104166666666667,3,50,16.6666666666667,NA,NA,NA,NA,NA,NA,NA,NA,NA,NA,NA,NA,"P5"
"25","California","fbs","Pac-12",2018,3858269,"Ross Bowers",17,1,11,17,-5.17662814709244,-0.304507538064261,-5.17662814709244,56,3.29411764705882,56,0.294117647058824,8,17,0.470588235294118,0,0,0,0,0,0,17,56,3.29411764705882,NA,NA,NA,NA,NA,NA,NA,NA,NA,NA,NA,NA,"P5"
"25","California","fbs","Pac-12",2018,3863893,"Kanawai Noa",1,1,11,1,3.94690760935977,3.94690760935977,3.94690760935977,52,52,52,1,1,1,1,1,0,0,0,0.065,0.065,1,52,52,NA,NA,NA,NA,NA,NA,NA,NA,NA,NA,NA,NA,"P5"
"25","California","fbs","Pac-12",2018,4038833,"Brandon McIlwain",105,7,11,15,22.5066728742915,0.214349265469442,3.21523898204164,696,6.62857142857143,99.4285714285714,0.447619047619048,73,105,0.695238095238095,1,0,0,0,0.124285714285714,0.0310714285714286,105,696,6.62857142857143,NA,NA,NA,NA,NA,NA,NA,NA,NA,NA,NA,NA,"P5"
"25","California","fbs","Pac-12",2018,4242408,"Chase Garbers",206,9,11,22.8888888888889,13.7169233869057,0.0665870067325518,1.52410259854507,1113,5.40291262135922,123.666666666667,0.402912621359223,123,206,0.597087378640777,9,0,0,0,0.27825,0.154583333333333,206,1113,5.40291262135922,111,111,110,99,78,114,117,115,114,117,114,110,"P5"
"2509","Purdue","fbs","Big Ten",2018,3116188,"David Blough",411,12,12,34.25,123.703397215865,0.300981501741765,10.3086164346554,3461,8.42092457420924,288.416666666667,0.462287104622871,279,411,0.678832116788321,23,0,0,0,0.690998263888889,0.473827380952381,411,3461,8.42092457420924,14,25,43,48,13,4,18,10,4,18,9,11,"P5"
"2509","Purdue","fbs","Big Ten",2018,3791146,"Elijah Sindelar",41,2,12,20.5,9.18747365974109,0.224084723408319,4.59373682987055,283,6.90243902439024,141.5,0.536585365853659,26,41,0.634146341463415,2,0,0,0,0.235833333333333,0.176875,41,283,6.90243902439024,NA,NA,NA,NA,NA,NA,NA,NA,NA,NA,NA,NA,"P5"
"2509","Purdue","fbs","Big Ten",2018,4035711,"Jared Sparks",1,1,12,1,2.14633247181099,2.14633247181099,2.14633247181099,7,7,7,1,1,1,1,1,0,0,0,0.00875,0.00875,1,7,7,NA,NA,NA,NA,NA,NA,NA,NA,NA,NA,NA,NA,"P5"
"2509","Purdue","fbs","Big Ten",2018,4260395,"Nick Sipe",1,1,12,1,1.00192268516232,1.00192268516232,1.00192268516232,3,3,3,1,1,1,1,0,0,0,0,0,0,1,3,3,NA,NA,NA,NA,NA,NA,NA,NA,NA,NA,NA,NA,"P5"
"251","Texas","fbs","Big 12",2018,3125121,"Jerrod Heard",1,1,13,1,-0.0231058695228645,-0.0231058695228645,-0.0231058695228645,11,11,11,1,1,1,1,0,0,0,0,0,0,1,11,11,NA,NA,NA,NA,NA,NA,NA,NA,NA,NA,NA,NA,"P5"
"251","Texas","fbs","Big 12",2018,3127200,"Tre Watson",2,2,13,1,4.00197576762983,2.00098788381491,2.00098788381491,49,24.5,24.5,1,2,2,1,1,0,0,0,0.030625,0.0204166666666667,2,49,24.5,NA,NA,NA,NA,NA,NA,NA,NA,NA,NA,NA,NA,"P5"
"251","Texas","fbs","Big 12",2018,4039034,"Shane Buechele",43,2,13,21.5,6.33639902635686,0.14735811689202,3.16819951317843,273,6.34883720930233,136.5,0.418604651162791,30,43,0.697674418604651,2,0,0,0,0.2275,0.170625,43,273,6.34883720930233,NA,NA,NA,NA,NA,NA,NA,NA,NA,NA,NA,NA,"P5"
"251","Texas","fbs","Big 12",2018,4039043,"Collin Johnson",2,2,13,1,4.06045478304062,2.03022739152031,2.03022739152031,33,16.5,16.5,1,2,2,1,2,0,0,0,0.0275,0.020625,2,33,16.5,NA,NA,NA,NA,NA,NA,NA,NA,NA,NA,NA,NA,"P5"
"251","Texas","fbs","Big 12",2018,4039057,"Lil'Jordan Humphrey",3,2,13,1.5,1.52970794451144,0.50990264817048,0.764853972255721,23,7.66666666666667,11.5,0.666666666666667,2,3,0.666666666666667,1,0,0,0,0.014375,0.00958333333333333,3,23,7.66666666666667,NA,NA,NA,NA,NA,NA,NA,NA,NA,NA,NA,NA,"P5"
"251","Texas","fbs","Big 12",2018,4241820,"Sam Ehlinger",388,13,13,29.8461538461538,154.264715233981,0.397589472252527,11.86651655646,3016,7.77319587628866,232,0.494845360824742,251,388,0.646907216494845,22,0,0,0,0.554782608695652,0.364571428571429,388,3016,7.77319587628866,4,17,16,22.5,33,13,48,40,13,48,37,32,"P5"
"251","Texas","fbs","Big 12",2018,4362087,"Keaontay Ingram",1,1,13,1,-0.829041037573016,-0.829041037573016,-0.829041037573016,0,0,0,0,0,1,0,0,0,0,0,0,0,1,0,0,NA,NA,NA,NA,NA,NA,NA,NA,NA,NA,NA,NA,"P5"
"252","BYU","fbs","FBS Independents",2018,536119,"Brayden El-Bakri",1,1,11,1,1.09415015796654,1.09415015796654,1.09415015796654,1,1,1,1,1,1,1,1,0,0,0,0.00125,0.00125,1,1,1,NA,NA,NA,NA,NA,NA,NA,NA,NA,NA,NA,NA,"G5"
"252","BYU","fbs","FBS Independents",2018,536122,"Matt Hadley",1,1,11,1,-0.531619493266461,-0.531619493266461,-0.531619493266461,0,0,0,0,0,1,0,0,0,0,0,0,0,1,0,0,NA,NA,NA,NA,NA,NA,NA,NA,NA,NA,NA,NA,"G5"
"252","BYU","fbs","FBS Independents",2018,545796,"Tanner Mangum",151,6,11,25.1666666666667,8.9322309654513,0.0591538474533199,1.48870516090855,906,6,151,0.390728476821192,95,151,0.629139072847682,2,0,0,0,0.251666666666667,0.094375,151,906,6,NA,NA,NA,NA,NA,NA,NA,NA,NA,NA,NA,NA,"G5"
"252","BYU","fbs","FBS Independents",2018,4046668,"Aleva Hifo",2,2,11,1,6.49763212243356,3.24881606121678,3.24881606121678,55,27.5,27.5,1,2,2,1,2,0,0,0,0.0458333333333333,0.034375,2,55,27.5,NA,NA,NA,NA,NA,NA,NA,NA,NA,NA,NA,NA,"G5"
"252","BYU","fbs","FBS Independents",2018,4242369,"Matt Bushman",1,1,11,1,2.61679338194964,2.61679338194964,2.61679338194964,24,24,24,1,1,1,1,1,0,0,0,0.03,0.03,1,24,24,NA,NA,NA,NA,NA,NA,NA,NA,NA,NA,NA,NA,"G5"
"252","BYU","fbs","FBS Independents",2018,4242377,"Neil Pau'u",1,1,11,1,-4.74473127839167,-4.74473127839167,-4.74473127839167,37,37,37,0,1,1,1,0,0,0,0,0,0,1,37,37,NA,NA,NA,NA,NA,NA,NA,NA,NA,NA,NA,NA,"G5"
"252","BYU","fbs","FBS Independents",2018,4361259,"Zach Wilson",157,7,11,22.4285714285714,37.250035232379,0.237261370906873,5.32143360462558,1212,7.71974522292994,173.142857142857,0.490445859872611,99,157,0.630573248407643,6,0,0,0,0.371020408163265,0.19978021978022,157,1212,7.71974522292994,92,77,66,27,50,109,50,87,109,50,94,98,"G5"
"252","BYU","fbs","FBS Independents",2018,4373634,"Dallin Holker",1,1,11,1,3.65624311388826,3.65624311388826,3.65624311388826,13,13,13,1,1,1,1,1,0,0,0,0.01625,0.01625,1,13,13,NA,NA,NA,NA,NA,NA,NA,NA,NA,NA,NA,NA,"G5"
"254","Utah","fbs","Pac-12",2018,3926231,"Britain Covey",3,2,12,1.5,6.98122254276327,2.32707418092109,3.49061127138164,71,23.6666666666667,35.5,1,3,3,1,2,0,0,0,0.0591666666666667,0.044375,3,71,23.6666666666667,NA,NA,NA,NA,NA,NA,NA,NA,NA,NA,NA,NA,"P5"
"254","Utah","fbs","Pac-12",2018,4035671,"Tyler Huntley",188,8,12,23.5,33.1134557546171,0.176135402950091,4.13918196932714,1436,7.63829787234043,179.5,0.473404255319149,124,188,0.659574468085106,7,0,0,0,0.39265625,0.209416666666667,188,1436,7.63829787234043,96,89,83,37,21.5,97,52,83,97,52,89,92,"P5"
"254","Utah","fbs","Pac-12",2018,4035680,"Demari Simpkins",1,1,12,1,-0.587670071060713,-0.587670071060713,-0.587670071060713,0,0,0,0,0,1,0,0,0,0,0,0,0,1,0,0,NA,NA,NA,NA,NA,NA,NA,NA,NA,NA,NA,NA,"P5"
"254","Utah","fbs","Pac-12",2018,4048099,"Samson Nacua",1,1,12,1,5.12512858369324,5.12512858369324,5.12512858369324,57,57,57,1,1,1,1,1,0,0,0,0.07125,0.07125,1,57,57,NA,NA,NA,NA,NA,NA,NA,NA,NA,NA,NA,NA,"P5"
"254","Utah","fbs","Pac-12",2018,4243258,"Jason Shelley",117,6,12,19.5,13.6278139337657,0.116477042168937,2.27130232229428,820,7.00854700854701,136.666666666667,0.435897435897436,69,117,0.58974358974359,3,0,0,0,0.25625,0.113888888888889,117,820,7.00854700854701,NA,NA,NA,NA,NA,NA,NA,NA,NA,NA,NA,NA,"P5"
"2567","SMU","fbs","American Athletic",2018,3916204,"James Proche",1,1,11,1,-1.0871521016674,-1.0871521016674,-1.0871521016674,0,0,0,0,0,1,0,0,0,0,0,0,0,1,0,0,NA,NA,NA,NA,NA,NA,NA,NA,NA,NA,NA,NA,"G5"
"2567","SMU","fbs","American Athletic",2018,3916208,"Ben Hicks",348,10,11,34.8,59.8089298840328,0.171864741046071,5.98089298840329,2490,7.1551724137931,249,0.399425287356322,195,348,0.560344827586207,17,0,0,0,0.587916666666667,0.391944444444444,348,2490,7.1551724137931,67,71,84,101,104,35,78,26,35,78,25,25,"G5"
"2567","SMU","fbs","American Athletic",2018,4046731,"Jamie Sackville",1,1,11,1,-3.15673536451376,-3.15673536451376,-3.15673536451376,-3,-3,-3,0,1,1,1,0,0,0,0,0,0,1,-3,-3,NA,NA,NA,NA,NA,NA,NA,NA,NA,NA,NA,NA,"G5"
"2567","SMU","fbs","American Athletic",2018,4243760,"Tyler Page",3,3,11,1,1.28963957648642,0.429879858828805,0.429879858828805,17,5.66666666666667,5.66666666666667,0.666666666666667,2,3,0.666666666666667,1,0,0,0,0.00708333333333333,0.00354166666666667,3,17,5.66666666666667,NA,NA,NA,NA,NA,NA,NA,NA,NA,NA,NA,NA,"G5"
"2567","SMU","fbs","American Athletic",2018,4360537,"William Brown",65,3,11,21.6666666666667,15.7043877114678,0.241605964791813,5.23479590382261,316,4.86153846153846,105.333333333333,0.384615384615385,41,65,0.630769230769231,5,0,0,0,0.219444444444444,0.164583333333333,65,316,4.86153846153846,NA,NA,NA,NA,NA,NA,NA,NA,NA,NA,NA,NA,"G5"
"2572","Southern Miss","fbs","Conference USA",2018,4039275,"Kwadra Griggs",2,1,9,2,-2.18212258292353,-1.09106129146177,-2.18212258292353,-1,-0.5,-1,0,1,2,0.5,0,0,0,0,0,0,2,-1,-0.5,NA,NA,NA,NA,NA,NA,NA,NA,NA,NA,NA,NA,"G5"
"2572","Southern Miss","fbs","Conference USA",2018,4040407,"Jack Abraham",235,7,9,33.5714285714286,39.624891496313,0.168616559558779,5.66069878518756,1676,7.13191489361702,239.428571428571,0.459574468085106,177,235,0.753191489361702,7,0,0,0,0.52375,0.299285714285714,235,1676,7.13191489361702,89,74,85,52.5,1,85.5,80,34,85.5,80,46,57,"G5"
"2572","Southern Miss","fbs","Conference USA",2018,4362942,"Tate Whatley",72,5,9,14.4,13.759198876983,0.191099984402541,2.75183977539659,440,6.11111111111111,88,0.319444444444444,40,72,0.555555555555556,4,0,0,0,0.176,0.0977777777777778,72,440,6.11111111111111,NA,NA,NA,NA,NA,NA,NA,NA,NA,NA,NA,NA,"G5"
"2572","Southern Miss","fbs","Conference USA",2018,4362945,"Neil McLaurin",1,1,9,1,-0.761815650520924,-0.761815650520924,-0.761815650520924,0,0,0,0,0,1,0,0,0,0,0,0,0,1,0,0,NA,NA,NA,NA,NA,NA,NA,NA,NA,NA,NA,NA,"G5"
"2579","South Carolina","fbs","SEC",2018,3126486,"Deebo Samuel",3,1,11,3,17.2661779589215,5.75539265297384,17.2661779589215,116,38.6666666666667,116,1,3,3,1,3,0,0,0,0.2175,0.2175,3,116,38.6666666666667,NA,NA,NA,NA,NA,NA,NA,NA,NA,NA,NA,NA,"P5"
"2579","South Carolina","fbs","SEC",2018,3126487,"Michael Scarnecchia",47,3,11,15.6666666666667,10.852125208895,0.23089628104032,3.61737506963168,338,7.19148936170213,112.666666666667,0.48936170212766,27,47,0.574468085106383,4,0,0,0,0.225333333333333,0.160952380952381,47,338,7.19148936170213,NA,NA,NA,NA,NA,NA,NA,NA,NA,NA,NA,NA,"P5"
"2579","South Carolina","fbs","SEC",2018,4038809,"Jake Bentley",301,10,11,30.1,98.5178051317463,0.327301678178559,9.85178051317463,2377,7.89700996677741,237.7,0.458471760797342,193,301,0.641196013289037,18,0,0,0,0.562973684210526,0.382017857142857,301,2377,7.89700996677741,33,28,33,54,35,41,42,35,41,42,33,27,"P5"
"2579","South Carolina","fbs","SEC",2018,4038818,"Bryan Edwards",2,1,11,2,8.55435505459625,4.27717752729812,8.55435505459625,57,28.5,57,1,2,2,1,2,0,0,0,0.095,0.095,2,57,28.5,NA,NA,NA,NA,NA,NA,NA,NA,NA,NA,NA,NA,"P5"
"2579","South Carolina","fbs","SEC",2018,4038836,"Kiel Pollard",1,1,11,1,6.97572711797137,6.97572711797137,6.97572711797137,67,67,67,1,1,1,1,1,0,0,0,0.08375,0.08375,1,67,67,NA,NA,NA,NA,NA,NA,NA,NA,NA,NA,NA,NA,"P5"
"258","Virginia","fbs","ACC",2018,3675812,"Bryce Perkins",284,11,11,25.8181818181818,89.947063057394,0.316715010765472,8.17700573249036,2272,8,206.545454545455,0.496478873239437,188,284,0.661971830985915,20,0,0,0,0.491774891774892,0.333137829912023,284,2272,8,42,43,37,20,19,51,35,67,51,35,58,46,"P5"
"258","Virginia","fbs","ACC",2018,3917914,"Olamide Zaccheaus",1,1,11,1,1.4216560011443,1.4216560011443,1.4216560011443,9,9,9,1,1,1,1,0,0,0,0,0,0,1,9,9,NA,NA,NA,NA,NA,NA,NA,NA,NA,NA,NA,NA,"P5"
"258","Virginia","fbs","ACC",2018,4037582,"Hasise Dubois",1,1,11,1,-0.971198252772096,-0.971198252772096,-0.971198252772096,0,0,0,0,0,1,0,0,0,0,0,0,0,1,0,0,NA,NA,NA,NA,NA,NA,NA,NA,NA,NA,NA,NA,"P5"
"258","Virginia","fbs","ACC",2018,4370775,"Brennan Armstrong",3,2,11,1.5,2.86967741514746,0.956559138382486,1.43483870757373,56,18.6666666666667,28,0.333333333333333,1,3,0.333333333333333,1,0,0,0,0.035,0.0233333333333333,3,56,18.6666666666667,NA,NA,NA,NA,NA,NA,NA,NA,NA,NA,NA,NA,"P5"
"259","Virginia Tech","fbs","ACC",2018,3917958,"Ryan Willis",313,10,11,31.3,73.15043775725,0.233707468873003,7.315043775725,2346,7.49520766773163,234.6,0.447284345047923,187,313,0.597444089456869,20,0,0,0,0.558571428571429,0.391,313,2346,7.49520766773163,57,56,67,60,77,45,64,37,45,64,35,26,"P5"
"259","Virginia Tech","fbs","ACC",2018,4037603,"Josh Jackson",40,2,11,20,8.94081950986185,0.223520487746546,4.47040975493093,348,8.7,174,0.375,23,40,0.575,3,0,0,0,0.32625,0.261,40,348,8.7,NA,NA,NA,NA,NA,NA,NA,NA,NA,NA,NA,NA,"P5"
"259","Virginia Tech","fbs","ACC",2018,4047728,"Damon Hazelton",2,2,11,1,5.85412969350049,2.92706484675024,2.92706484675024,51,25.5,25.5,1,2,2,1,2,0,0,0,0.0425,0.031875,2,51,25.5,NA,NA,NA,NA,NA,NA,NA,NA,NA,NA,NA,NA,"P5"
"259","Virginia Tech","fbs","ACC",2018,4260219,"Sean Savoy",1,1,11,1,-1.2100493145014,-1.2100493145014,-1.2100493145014,0,0,0,0,0,1,0,0,0,0,0,0,0,1,0,0,NA,NA,NA,NA,NA,NA,NA,NA,NA,NA,NA,NA,"P5"
"259","Virginia Tech","fbs","ACC",2018,4361959,"Quincy Patterson II",5,2,11,2.5,-3.78738304657362,-0.757476609314725,-1.89369152328681,9,1.8,4.5,0.2,1,5,0.2,0,0,0,0,0,0,5,9,1.8,NA,NA,NA,NA,NA,NA,NA,NA,NA,NA,NA,NA,"P5"
"259","Virginia Tech","fbs","ACC",2018,4361960,"Tre Turner",1,1,11,1,3.76338767978889,3.76338767978889,3.76338767978889,46,46,46,1,1,1,1,1,0,0,0,0.0575,0.0575,1,46,46,NA,NA,NA,NA,NA,NA,NA,NA,NA,NA,NA,NA,"P5"
"26","UCLA","fbs","Pac-12",2018,3115966,"Wilton Speight",201,7,11,28.7142857142857,58.9546855952135,0.293306893508525,8.42209794217336,1527,7.59701492537313,218.142857142857,0.482587064676617,126,201,0.626865671641791,6,0,0,0,0.467448979591837,0.251703296703297,201,1527,7.59701492537313,68,41,48,33,56,94,58,52,94,58,65,73,"P5"
"26","UCLA","fbs","Pac-12",2018,3140630,"Stefan Flintoft",1,1,11,1,4.98652075890143,4.98652075890143,4.98652075890143,15,15,15,1,1,1,1,0,0,0,0,0,0,1,15,15,NA,NA,NA,NA,NA,NA,NA,NA,NA,NA,NA,NA,"P5"
"26","UCLA","fbs","Pac-12",2018,4367178,"Dorian Thompson-Robinson",154,7,11,22,25.0462018565598,0.162637674393246,3.5780288366514,1167,7.57792207792208,166.714285714286,0.435064935064935,94,154,0.61038961038961,6,0,0,0,0.357244897959184,0.192362637362637,154,1167,7.57792207792208,103,96,88,70,66,110,59,94,110,59,99,100,"P5"
"2628","TCU","fbs","Big 12",2018,3116420,"Grayson Muehlstein",40,2,11,20,9.51923778977914,0.237980944744479,4.75961889488957,317,7.925,158.5,0.375,27,40,0.675,3,0,0,0,0.2971875,0.23775,40,317,7.925,NA,NA,NA,NA,NA,NA,NA,NA,NA,NA,NA,NA,"P5"
"2628","TCU","fbs","Big 12",2018,4034332,"Michael Collins",126,5,11,25.2,27.4562969039571,0.217907118285374,5.49125938079143,946,7.50793650793651,189.2,0.428571428571429,71,126,0.563492063492063,4,0,0,0,0.3784,0.210222222222222,126,946,7.50793650793651,NA,NA,NA,NA,NA,NA,NA,NA,NA,NA,NA,NA,"P5"
"2628","TCU","fbs","Big 12",2018,4241784,"Shawn Robinson",169,6,11,28.1666666666667,6.81709308984814,0.0403378289340127,1.13618218164136,1093,6.46745562130178,182.166666666667,0.390532544378698,104,169,0.615384615384615,4,0,0,0,0.364333333333333,0.182166666666667,169,1093,6.46745562130178,115,113,113,103,63,115,103,81,115,103,97,101,"P5"
"2628","TCU","fbs","Big 12",2018,4241802,"Jalen Reagor",2,2,11,1,5.61929369033532,2.80964684516766,2.80964684516766,29,14.5,14.5,1,2,2,1,2,0,0,0,0.0241666666666667,0.018125,2,29,14.5,NA,NA,NA,NA,NA,NA,NA,NA,NA,NA,NA,NA,"P5"
"2633","Tennessee","fbs","SEC",2018,3117245,"Keller Chryst",46,5,11,9.2,18.1580416976336,0.394740036905077,3.63160833952671,380,8.26086956521739,76,0.391304347826087,20,46,0.434782608695652,2,0,0,0,0.126666666666667,0.0542857142857143,46,380,8.26086956521739,NA,NA,NA,NA,NA,NA,NA,NA,NA,NA,NA,NA,"P5"
"2633","Tennessee","fbs","SEC",2018,4035167,"Jarrett Guarantano",230,11,11,20.9090909090909,67.7592071024203,0.294605248271393,6.15992791840185,1752,7.61739130434783,159.272727272727,0.417391304347826,145,230,0.630434782608696,12,0,0,0,0.367552447552448,0.207747035573123,230,1752,7.61739130434783,63,70,46,89,51,77,55,99,77,55,95,94,"P5"
"2636","UTSA","fbs","Conference USA",2018,3121549,"D.J. Gillins",56,5,12,11.2,-3.59357298494449,-0.064170946159723,-0.718714596988898,225,4.01785714285714,45,0.321428571428571,30,56,0.535714285714286,1,0,0,0,0.05625,0.01875,56,225,4.01785714285714,NA,NA,NA,NA,NA,NA,NA,NA,NA,NA,NA,NA,"G5"
"2636","UTSA","fbs","Conference USA",2018,4245191,"Bryce Rivers",62,3,12,20.6666666666667,18.0779605748087,0.291580009271108,6.02598685826956,463,7.46774193548387,154.333333333333,0.435483870967742,37,62,0.596774193548387,2,0,0,0,0.257222222222222,0.154333333333333,62,463,7.46774193548387,NA,NA,NA,NA,NA,NA,NA,NA,NA,NA,NA,NA,"G5"
"2636","UTSA","fbs","Conference USA",2018,4362982,"Jordan Weeks",53,4,12,13.25,-13.6159828974339,-0.256905337687432,-3.40399572435847,233,4.39622641509434,58.25,0.358490566037736,25,53,0.471698113207547,1,0,0,0,0.0728125,0.029125,53,233,4.39622641509434,NA,NA,NA,NA,NA,NA,NA,NA,NA,NA,NA,NA,"G5"
"2636","UTSA","fbs","Conference USA",2018,4362984,"Cordale Grundy",217,9,12,24.1111111111111,-17.3173447293061,-0.0798034319322861,-1.92414941436734,988,4.55299539170507,109.777777777778,0.359447004608295,111,217,0.511520737327189,5,0,0,0,0.228703703703704,0.098015873015873,217,988,4.55299539170507,118,118,118,114,117,119,120,119,119,120,117,117,"G5"
"2636","UTSA","fbs","Conference USA",2018,4362985,"Brenden Brady",1,1,12,1,-0.593711894653172,-0.593711894653172,-0.593711894653172,0,0,0,0,0,1,0,0,0,0,0,0,0,1,0,0,NA,NA,NA,NA,NA,NA,NA,NA,NA,NA,NA,NA,"G5"
"2638","UTEP","fbs","Conference USA",2018,3124698,"Ryan Metz",60,5,11,12,22.0069092017544,0.36678182002924,4.40138184035088,569,9.48333333333333,113.8,0.466666666666667,33,60,0.55,3,0,0,0,0.213375,0.1066875,60,569,9.48333333333333,NA,NA,NA,NA,NA,NA,NA,NA,NA,NA,NA,NA,"G5"
"2638","UTEP","fbs","Conference USA",2018,3915880,"Terry Juniel",1,1,11,1,1.17576322359009,1.17576322359009,1.17576322359009,22,22,22,1,1,1,1,0,0,0,0,0,0,1,22,22,NA,NA,NA,NA,NA,NA,NA,NA,NA,NA,NA,NA,"G5"
"2638","UTEP","fbs","Conference USA",2018,4362029,"Kai Locksley",132,8,11,16.5,3.64117286296399,0.0275846429012424,0.455146607870499,799,6.0530303030303,99.875,0.356060606060606,68,132,0.515151515151515,3,0,0,0,0.187265625,0.0680965909090909,132,799,6.0530303030303,NA,NA,NA,NA,NA,NA,NA,NA,NA,NA,NA,NA,"G5"
"2638","UTEP","fbs","Conference USA",2018,4362030,"Brandon Jones",80,6,11,13.3333333333333,28.4465213023297,0.355581516279121,4.74108688372162,673,8.4125,112.166666666667,0.4125,42,80,0.525,4,0,0,0,0.224333333333333,0.112166666666667,80,673,8.4125,NA,NA,NA,NA,NA,NA,NA,NA,NA,NA,NA,NA,"G5"
"264","Washington","fbs","Pac-12",2018,3127310,"Drew Sample",1,1,12,1,2.62750105293522,2.62750105293522,2.62750105293522,15,15,15,1,1,1,1,1,0,0,0,0.01875,0.01875,1,15,15,NA,NA,NA,NA,NA,NA,NA,NA,NA,NA,NA,NA,"P5"
"264","Washington","fbs","Pac-12",2018,3886812,"Jake Browning",286,12,12,23.8333333333333,101.95705214946,0.356493189333777,8.49642101245501,2550,8.91608391608392,212.5,0.493006993006993,193,286,0.674825174825175,13,0,0,0,0.493303571428571,0.27625,286,2550,8.91608391608392,28,39,26,25,15,29,8,60,29,8,56,63,"P5"
"264","Washington","fbs","Pac-12",2018,4039000,"Aaron Fuller",1,1,12,1,2.34569986800297,2.34569986800297,2.34569986800297,22,22,22,1,1,1,1,1,0,0,0,0.0275,0.0275,1,22,22,NA,NA,NA,NA,NA,NA,NA,NA,NA,NA,NA,NA,"P5"
"264","Washington","fbs","Pac-12",2018,4243322,"Jake Haener",5,2,12,2.5,-3.91505692751133,-0.783011385502267,-1.95752846375567,-3,-0.6,-1.5,0.2,2,5,0.4,0,0,0,0,0,0,5,-3,-0.6,NA,NA,NA,NA,NA,NA,NA,NA,NA,NA,NA,NA,"P5"
"2641","Texas Tech","fbs","Big 12",2018,3860070,"Seth Collins",2,2,11,1,-0.402169034240061,-0.20108451712003,-0.20108451712003,10,5,5,0.5,1,2,0.5,0,0,0,0,0,0,2,10,5,NA,NA,NA,NA,NA,NA,NA,NA,NA,NA,NA,NA,"P5"
"2641","Texas Tech","fbs","Big 12",2018,3910083,"McLane Carter",49,5,11,9.8,8.86657559531958,0.180950522353461,1.77331511906392,318,6.48979591836735,63.6,0.448979591836735,28,49,0.571428571428571,2,0,0,0,0.106,0.0454285714285714,49,318,6.48979591836735,NA,NA,NA,NA,NA,NA,NA,NA,NA,NA,NA,NA,"P5"
"2641","Texas Tech","fbs","Big 12",2018,4043136,"Jett Duffey",140,6,11,23.3333333333333,55.0887064274082,0.393490760195773,9.1814510712347,1128,8.05714285714286,188,0.528571428571429,97,140,0.692857142857143,8,0,0,0,0.417777777777778,0.268571428571429,140,1128,8.05714285714286,NA,NA,NA,NA,NA,NA,NA,NA,NA,NA,NA,NA,"P5"
"2641","Texas Tech","fbs","Big 12",2018,4362159,"Alan Bowman",294,7,11,42,105.787447648885,0.35982125050641,15.1124925212692,2356,8.01360544217687,336.571428571429,0.561224489795918,205,294,0.697278911564626,15,0,0,0,0.788839285714286,0.573701298701299,294,2356,8.01360544217687,24,4,24,3,9,44,34,2,44,34,2,2,"P5"
"2649","Toledo","fbs","Mid-American",2018,3932903,"Mitchell Guadagni",101,6,11,16.8333333333333,33.2410847354651,0.329119650846189,5.54018078924418,788,7.8019801980198,131.333333333333,0.425742574257426,58,101,0.574257425742574,10,0,0,0,0.298484848484848,0.205208333333333,101,788,7.8019801980198,NA,NA,NA,NA,NA,NA,NA,NA,NA,NA,NA,NA,"G5"
"2649","Toledo","fbs","Mid-American",2018,4039493,"Desmond Phillips",1,1,11,1,2.05193959932467,2.05193959932467,2.05193959932467,19,19,19,1,1,1,1,1,0,0,0,0.02375,0.02375,1,19,19,NA,NA,NA,NA,NA,NA,NA,NA,NA,NA,NA,NA,"G5"
"2649","Toledo","fbs","Mid-American",2018,4039495,"Eli Peters",207,9,11,23,40.6110717124267,0.196188752233946,4.51234130138075,1500,7.2463768115942,166.666666666667,0.42512077294686,116,207,0.560386473429952,15,0,0,0,0.390625,0.260416666666667,207,1500,7.2463768115942,86,85,80,78,103,95,75,95,95,75,90,67,"G5"
"2649","Toledo","fbs","Mid-American",2018,4362260,"Carter Bradley",5,2,11,2.5,-6.75034465245706,-1.35006893049141,-3.37517232622853,2,0.4,1,0,1,5,0.2,0,0,0,0,0,0,5,2,0.4,NA,NA,NA,NA,NA,NA,NA,NA,NA,NA,NA,NA,"G5"
"265","Washington State","fbs","Pac-12",2018,3884368,"James Williams",1,1,11,1,-0.824213867804109,-0.824213867804109,-0.824213867804109,0,0,0,0,0,1,0,0,0,0,0,0,0,1,0,0,NA,NA,NA,NA,NA,NA,NA,NA,NA,NA,NA,NA,"P5"
"265","Washington State","fbs","Pac-12",2018,4038524,"Gardner Minshew",543,11,11,49.3636363636364,134.611320725971,0.247902984762378,12.2373927932701,3936,7.24861878453039,357.818181818182,0.49171270718232,384,543,0.707182320441989,30,0,0,0,0.865689149560117,0.654545454545455,543,3936,7.24861878453039,9,14,63,26,5,2,74,1,2,74,1,1,"P5"
"265","Washington State","fbs","Pac-12",2018,4055171,"Anthony Gordon",4,2,11,2,-0.034431287391343,-0.00860782184783576,-0.0172156436956715,17,4.25,8.5,0.75,3,4,0.75,0,0,0,0,0,0,4,17,4.25,NA,NA,NA,NA,NA,NA,NA,NA,NA,NA,NA,NA,"P5"
"265","Washington State","fbs","Pac-12",2018,4055191,"Trey Tinsley",1,1,11,1,0.497798849558748,0.497798849558748,0.497798849558748,9,9,9,1,1,1,1,0,0,0,0,0,0,1,9,9,NA,NA,NA,NA,NA,NA,NA,NA,NA,NA,NA,NA,"P5"
"2653","Troy","fbs","Sun Belt",2018,4039901,"Sawyer Smith",172,10,11,17.2,25.2304522536166,0.14668867589312,2.52304522536166,1323,7.69186046511628,132.3,0.418604651162791,110,172,0.63953488372093,9,0,0,0,0.297675,0.156671052631579,172,1323,7.69186046511628,101,104,93,88,37,103,51,111,103,51,110,108,"G5"
"2653","Troy","fbs","Sun Belt",2018,4039910,"Kaleb Barker",100,5,11,20,35.3642818555099,0.353642818555099,7.07285637110198,870,8.7,174,0.52,77,100,0.77,6,0,0,0,0.372857142857143,0.237272727272727,100,870,8.7,NA,NA,NA,NA,NA,NA,NA,NA,NA,NA,NA,NA,"G5"
"2653","Troy","fbs","Sun Belt",2018,4039930,"Tyler Sumpter",1,1,11,1,-2.40910004145881,-2.40910004145881,-2.40910004145881,9,9,9,0,1,1,1,0,0,0,0,0,0,1,9,9,NA,NA,NA,NA,NA,NA,NA,NA,NA,NA,NA,NA,"G5"
"2653","Troy","fbs","Sun Belt",2018,4039935,"Sidney Davis",1,1,11,1,4.03476104760902,4.03476104760902,4.03476104760902,11,11,11,1,1,1,1,0,0,0,0,0,0,1,11,11,NA,NA,NA,NA,NA,NA,NA,NA,NA,NA,NA,NA,"G5"
"2653","Troy","fbs","Sun Belt",2018,4241737,"Luke Whittemore",2,2,11,1,3.92722529621226,1.96361264810613,1.96361264810613,51,25.5,25.5,1,2,2,1,1,0,0,0,0.031875,0.02125,2,51,25.5,NA,NA,NA,NA,NA,NA,NA,NA,NA,NA,NA,NA,"G5"
"2653","Troy","fbs","Sun Belt",2018,4362723,"Gunnar Watson",4,1,11,4,0.11702588071505,0.0292564701787625,0.11702588071505,25,6.25,25,0.75,3,4,0.75,0,0,0,0,0,0,4,25,6.25,NA,NA,NA,NA,NA,NA,NA,NA,NA,NA,NA,NA,"G5"
"2655","Tulane","fbs","American Athletic",2018,3843247,"Justin McMillan",122,7,10,17.4285714285714,22.9317782148522,0.187965395203707,3.27596831640746,1095,8.97540983606557,156.428571428571,0.377049180327869,64,122,0.524590163934426,9,0,0,0,0.351964285714286,0.219977678571429,122,1095,8.97540983606557,NA,NA,NA,NA,NA,NA,NA,NA,NA,NA,NA,NA,"G5"
"2655","Tulane","fbs","American Athletic",2018,3916103,"Jonathan Banks",117,6,10,19.5,21.3347633015834,0.182348404287038,3.55579388359724,876,7.48717948717949,146,0.384615384615385,59,117,0.504273504273504,4,0,0,0,0.292,0.146,117,876,7.48717948717949,NA,NA,NA,NA,NA,NA,NA,NA,NA,NA,NA,NA,"G5"
"2655","Tulane","fbs","American Athletic",2018,4040640,"Darius Bradwell",1,1,10,1,-0.641427530913061,-0.641427530913061,-0.641427530913061,2,2,2,0,1,1,1,0,0,0,0,0,0,1,2,2,NA,NA,NA,NA,NA,NA,NA,NA,NA,NA,NA,NA,"G5"
"2655","Tulane","fbs","American Athletic",2018,4243908,"Dane Ledford",3,1,10,3,-1.68129290661525,-0.560430968871751,-1.68129290661525,0,0,0,0,0,3,0,0,0,0,0,0,0,3,0,0,NA,NA,NA,NA,NA,NA,NA,NA,NA,NA,NA,NA,"G5"
"2711","Western Michigan","fbs","Mid-American",2018,3916726,"Jon Wassink",208,8,11,26,53.6828872737091,0.258090804200525,6.71036090921364,1674,8.04807692307692,209.25,0.423076923076923,127,208,0.610576923076923,13,0,0,0,0.485758928571429,0.323839285714286,208,1674,8.04807692307692,73,66,59,84,65,87,30,62,87,30,60,50,"G5"
"2711","Western Michigan","fbs","Mid-American",2018,4362230,"Kaleb Eleby",108,4,11,27,37.8087424239366,0.350080948369784,9.45218560598416,904,8.37037037037037,226,0.537037037037037,71,108,0.657407407407407,4,0,0,0,0.452,0.2825,108,904,8.37037037037037,NA,NA,NA,NA,NA,NA,NA,NA,NA,NA,NA,NA,"G5"
"275","Wisconsin","fbs","Big Ten",2018,3886609,"Alex Hornibrook",194,9,11,21.5555555555556,71.8801057520539,0.370516009031206,7.98667841689488,1532,7.89690721649485,170.222222222222,0.494845360824742,122,194,0.628865979381443,13,0,0,0,0.39515873015873,0.251464646464646,194,1532,7.89690721649485,58,45,22,22.5,53,93,43,91,93,43,86,74,"P5"
"275","Wisconsin","fbs","Big Ten",2018,4242331,"Jack Coan",61,3,11,20.3333333333333,3.46911521945136,0.0568707413024813,1.15637173981712,417,6.83606557377049,139,0.39344262295082,40,61,0.655737704918033,4,0,0,0,0.278,0.198571428571429,61,417,6.83606557377049,NA,NA,NA,NA,NA,NA,NA,NA,NA,NA,NA,NA,"P5"
"275","Wisconsin","fbs","Big Ten",2018,4242332,"Danny Vanden Boom",1,1,11,1,3.15962737755094,3.15962737755094,3.15962737755094,3,3,3,1,1,1,1,1,0,0,0,0.00375,0.00375,1,3,3,NA,NA,NA,NA,NA,NA,NA,NA,NA,NA,NA,NA,"P5"
"2751","Wyoming","fbs","Mountain West",2018,3125418,"Nick Smith",1,1,11,1,-1.26252837810583,-1.26252837810583,-1.26252837810583,0,0,0,0,0,1,0,0,0,0,0,0,0,1,0,0,NA,NA,NA,NA,NA,NA,NA,NA,NA,NA,NA,NA,"G5"
"2751","Wyoming","fbs","Mountain West",2018,4036754,"Austin Conway",1,1,11,1,-0.312097179165948,-0.312097179165948,-0.312097179165948,0,0,0,0,0,1,0,0,0,0,0,0,0,1,0,0,NA,NA,NA,NA,NA,NA,NA,NA,NA,NA,NA,NA,"G5"
"2751","Wyoming","fbs","Mountain West",2018,4240351,"Tyler Vander Waal",202,9,11,22.4444444444444,-32.1250316067061,-0.159034809934189,-3.56944795630068,1082,5.35643564356436,120.222222222222,0.306930693069307,95,202,0.47029702970297,3,0,0,0,0.225416666666667,0.0751388888888889,202,1082,5.35643564356436,119,120,120,119,120,116,118,116,116,118,118,118,"G5"
"2751","Wyoming","fbs","Mountain West",2018,4361690,"Sean Chambers",25,4,11,6.25,11.5152200614163,0.460608802456651,2.87880501535407,266,10.64,66.5,0.48,15,25,0.6,3,0,0,0,0.1246875,0.07125,25,266,10.64,NA,NA,NA,NA,NA,NA,NA,NA,NA,NA,NA,NA,"G5"
"276","Marshall","fbs","Conference USA",2018,3123074,"Tyre Brady",1,1,11,1,-0.788775112257919,-0.788775112257919,-0.788775112257919,0,0,0,0,0,1,0,0,0,0,0,0,0,1,0,0,NA,NA,NA,NA,NA,NA,NA,NA,NA,NA,NA,NA,"G5"
"276","Marshall","fbs","Conference USA",2018,3913137,"Alex Thomson",97,4,11,24.25,3.64092080856414,0.0375352660676715,0.910230202141035,506,5.21649484536082,126.5,0.402061855670103,53,97,0.54639175257732,5,0,0,0,0.263541666666667,0.175694444444444,97,506,5.21649484536082,NA,NA,NA,NA,NA,NA,NA,NA,NA,NA,NA,NA,"G5"
"276","Marshall","fbs","Conference USA",2018,4261909,"Isaiah Green",257,8,11,32.125,56.2175113434829,0.218745180324836,7.02718891793536,1957,7.6147859922179,244.625,0.43579766536965,147,257,0.571984435797665,12,0,0,0,0.564519230769231,0.3669375,257,1957,7.6147859922179,70,61,70,69,95,67,56,28,67,56,31,30,"G5"
"277","West Virginia","fbs","Big 12",2018,559556,"Will Grier",305,10,10,30.5,93.7494780542208,0.307375337882691,9.37494780542208,2491,8.1672131147541,249.1,0.504918032786885,188,305,0.616393442622951,14,0,0,0,0.581233333333333,0.363270833333333,305,2491,8.1672131147541,39,32,40,17.5,62,34,27,25,34,27,27,34,"P5"
"277","West Virginia","fbs","Big 12",2018,3916071,"Gary Jennings",3,2,10,1.5,15.5316557845838,5.17721859486126,7.76582789229188,140,46.6666666666667,70,1,3,3,1,3,0,0,0,0.13125,0.105,3,140,46.6666666666667,NA,NA,NA,NA,NA,NA,NA,NA,NA,NA,NA,NA,"P5"
"277","West Virginia","fbs","Big 12",2018,4037449,"Jack Allison",5,2,10,2.5,2.48302944379731,0.496605888759462,1.24151472189865,73,14.6,36.5,0.4,4,5,0.8,1,0,0,0,0.045625,0.0304166666666667,5,73,14.6,NA,NA,NA,NA,NA,NA,NA,NA,NA,NA,NA,NA,"P5"
"277","West Virginia","fbs","Big 12",2018,4039244,"Marcus Simms",1,1,10,1,6.50237697797619,6.50237697797619,6.50237697797619,82,82,82,1,1,1,1,1,0,0,0,0.1025,0.1025,1,82,82,NA,NA,NA,NA,NA,NA,NA,NA,NA,NA,NA,NA,"P5"
"277","West Virginia","fbs","Big 12",2018,4039253,"Trevon Wesco",1,1,10,1,4.72614749131651,4.72614749131651,4.72614749131651,32,32,32,1,1,1,1,1,0,0,0,0.04,0.04,1,32,32,NA,NA,NA,NA,NA,NA,NA,NA,NA,NA,NA,NA,"P5"
"277","West Virginia","fbs","Big 12",2018,4241868,"Tevin Bush",1,1,10,1,3.88920075121218,3.88920075121218,3.88920075121218,62,62,62,1,1,1,1,1,0,0,0,0.0775,0.0775,1,62,62,NA,NA,NA,NA,NA,NA,NA,NA,NA,NA,NA,NA,"P5"
"278","Fresno State","fbs","Mountain West",2018,3116390,"Michiah Quick",1,1,12,1,3.31871075656674,3.31871075656674,3.31871075656674,15,15,15,1,1,1,1,1,0,0,0,0.01875,0.01875,1,15,15,NA,NA,NA,NA,NA,NA,NA,NA,NA,NA,NA,NA,"G5"
"278","Fresno State","fbs","Mountain West",2018,3127332,"Marcus McMaryion",366,12,12,30.5,127.514048177791,0.348399038737134,10.6261706814826,3199,8.74043715846994,266.583333333333,0.519125683060109,257,366,0.702185792349727,24,0,0,0,0.6398,0.444305555555556,366,3199,8.74043715846994,13,20,28,12,8,8,10,16,8,10,16,17,"G5"
"278","Fresno State","fbs","Mountain West",2018,4242995,"Jorge Reyna",9,3,12,3,0.110296226267365,0.0122551362519294,0.0367654087557883,71,7.88888888888889,23.6666666666667,0.444444444444444,6,9,0.666666666666667,0,0,0,0,0,0,9,71,7.88888888888889,NA,NA,NA,NA,NA,NA,NA,NA,NA,NA,NA,NA,"G5"
"290","Georgia Southern","fbs","Sun Belt",2018,3917196,"Obe Fortune",1,1,10,1,3.01772408896429,3.01772408896429,3.01772408896429,40,40,40,1,1,1,1,0,0,0,0,0,0,1,40,40,NA,NA,NA,NA,NA,NA,NA,NA,NA,NA,NA,NA,"G5"
"290","Georgia Southern","fbs","Sun Belt",2018,4036650,"Shai Werts",94,10,10,9.4,37.8963680030034,0.403152851095781,3.78963680030034,826,8.78723404255319,82.6,0.382978723404255,55,94,0.585106382978723,9,0,0,0,0.18585,0.0978157894736842,94,826,8.78723404255319,NA,NA,NA,NA,NA,NA,NA,NA,NA,NA,NA,NA,"G5"
"295","Old Dominion","fbs","Conference USA",2018,3914543,"Blake LaRussa",325,9,10,36.1111111111111,99.1636567964293,0.305118943989013,11.0181840884921,2579,7.93538461538462,286.555555555556,0.486153846153846,211,325,0.649230769230769,15,0,0,0,0.671614583333333,0.447743055555556,325,2579,7.93538461538462,31,18,41,31,32,28,39,11,28,39,13,15,"G5"
"295","Old Dominion","fbs","Conference USA",2018,4243485,"Steven Williams",79,4,10,19.75,8.30388801788023,0.105112506555446,2.07597200447006,507,6.41772151898734,126.75,0.417721518987342,41,79,0.518987341772152,2,0,0,0,0.21125,0.105625,79,507,6.41772151898734,NA,NA,NA,NA,NA,NA,NA,NA,NA,NA,NA,NA,"G5"
"30","USC","fbs","Pac-12",2018,4035691,"Matt Fink",9,2,12,4.5,3.16188322741674,0.35132035860186,1.58094161370837,46,5.11111111111111,23,0.444444444444444,7,9,0.777777777777778,1,0,0,0,0.02875,0.0191666666666667,9,46,5.11111111111111,NA,NA,NA,NA,NA,NA,NA,NA,NA,NA,NA,NA,"P5"
"30","USC","fbs","Pac-12",2018,4035692,"Tyler Vaughns",2,2,12,1,8.51225810152622,4.25612905076311,4.25612905076311,56,28,28,1,2,2,1,2,0,0,0,0.0466666666666667,0.035,2,56,28,NA,NA,NA,NA,NA,NA,NA,NA,NA,NA,NA,NA,"P5"
"30","USC","fbs","Pac-12",2018,4243216,"Jack Sears",28,1,12,28,15.6348120476728,0.558386144559742,15.6348120476728,235,8.39285714285714,235,0.535714285714286,20,28,0.714285714285714,2,0,0,0,0.391666666666667,0.391666666666667,28,235,8.39285714285714,NA,NA,NA,NA,NA,NA,NA,NA,NA,NA,NA,NA,"P5"
"30","USC","fbs","Pac-12",2018,4374303,"JT Daniels",350,11,12,31.8181818181818,52.9347115544571,0.151242033012735,4.81224650495064,2641,7.54571428571429,240.090909090909,0.44,215,350,0.614285714285714,13,0,0,0,0.557353896103896,0.325123106060606,350,2641,7.54571428571429,74,83,92,68,64,26,61,33,26,61,36,49,"P5"
"309","Louisiana","fbs","Sun Belt",2018,3917569,"Ja'Marcus Bradley",1,1,12,1,1.68414050112222,1.68414050112222,1.68414050112222,21,21,21,1,1,1,1,0,0,0,0,0,0,1,21,21,NA,NA,NA,NA,NA,NA,NA,NA,NA,NA,NA,NA,"G5"
"309","Louisiana","fbs","Sun Belt",2018,4241553,"Andre Nunez",235,12,12,19.5833333333333,93.8626814363927,0.399415665686777,7.82189011969939,1952,8.3063829787234,162.666666666667,0.459574468085106,155,235,0.659574468085106,17,0,0,0,0.384074074074074,0.238390804597701,235,1952,8.3063829787234,38,46,15,52.5,21.5,68,21,97,68,21,92,79,"G5"
"309","Louisiana","fbs","Sun Belt",2018,4241556,"Levi Lewis",44,12,12,3.66666666666667,30.8218518950178,0.700496633977677,2.56848765791815,411,9.34090909090909,34.25,0.477272727272727,30,44,0.681818181818182,5,0,0,0,0.0713541666666667,0.0251838235294118,44,411,9.34090909090909,NA,NA,NA,NA,NA,NA,NA,NA,NA,NA,NA,NA,"G5"
"324","Coastal Carolina","fbs","Sun Belt",2018,3124529,"Kilton Anderson",116,8,11,14.5,24.6652658403779,0.212631602072223,3.08315823004723,822,7.08620689655172,102.75,0.422413793103448,67,116,0.577586206896552,5,0,0,0,0.2140625,0.0987980769230769,116,822,7.08620689655172,NA,NA,NA,NA,NA,NA,NA,NA,NA,NA,NA,NA,"G5"
"324","Coastal Carolina","fbs","Sun Belt",2018,4030387,"Chance Thrasher",1,1,11,1,-0.479477022185217,-0.479477022185217,-0.479477022185217,3,3,3,0,1,1,1,0,0,0,0,0,0,1,3,3,NA,NA,NA,NA,NA,NA,NA,NA,NA,NA,NA,NA,"G5"
"324","Coastal Carolina","fbs","Sun Belt",2018,4361032,"Bryce Carpenter",51,6,11,8.5,28.1292792754167,0.551554495596407,4.68821321256946,436,8.54901960784314,72.6666666666667,0.529411764705882,35,51,0.686274509803922,4,0,0,0,0.145333333333333,0.0726666666666667,51,436,8.54901960784314,NA,NA,NA,NA,NA,NA,NA,NA,NA,NA,NA,NA,"G5"
"324","Coastal Carolina","fbs","Sun Belt",2018,4361033,"Fred Payton",73,6,11,12.1666666666667,44.4227020864285,0.608530165567514,7.40378368107142,677,9.27397260273973,112.833333333333,0.506849315068493,49,73,0.671232876712329,6,0,0,0,0.241785714285714,0.141041666666667,73,677,9.27397260273973,NA,NA,NA,NA,NA,NA,NA,NA,NA,NA,NA,NA,"G5"
"326","Texas State","fbs","Sun Belt",2018,4040546,"Hutch White",3,2,11,1.5,2.45461334853688,0.818204449512293,1.22730667426844,31,10.3333333333333,15.5,0.666666666666667,2,3,0.666666666666667,1,0,0,0,0.019375,0.0129166666666667,3,31,10.3333333333333,NA,NA,NA,NA,NA,NA,NA,NA,NA,NA,NA,NA,"G5"
"326","Texas State","fbs","Sun Belt",2018,4241667,"Jaylen Gipson",5,2,11,2.5,-3.59372250635268,-0.718744501270537,-1.79686125317634,4,0.8,2,0,2,5,0.4,0,0,0,0,0,0,5,4,0.8,NA,NA,NA,NA,NA,NA,NA,NA,NA,NA,NA,NA,"G5"
"326","Texas State","fbs","Sun Belt",2018,4241669,"Willie Jones III",99,7,11,14.1428571428571,19.1358805132096,0.193291722355653,2.7336972161728,751,7.58585858585859,107.285714285714,0.343434343434343,55,99,0.555555555555556,6,0,0,0,0.229897959183673,0.123791208791209,99,751,7.58585858585859,NA,NA,NA,NA,NA,NA,NA,NA,NA,NA,NA,NA,"G5"
"326","Texas State","fbs","Sun Belt",2018,4241671,"Jeremiah Haydel",1,1,11,1,4.42866893765407,4.42866893765407,4.42866893765407,39,39,39,1,1,1,1,1,0,0,0,0.04875,0.04875,1,39,39,NA,NA,NA,NA,NA,NA,NA,NA,NA,NA,NA,NA,"G5"
"326","Texas State","fbs","Sun Belt",2018,4362667,"Tyler Vitt",181,9,11,20.1111111111111,47.1455423856131,0.260472609865266,5.23839359840145,1159,6.40331491712707,128.777777777778,0.447513812154696,116,181,0.640883977900553,7,0,0,0,0.281701388888889,0.140850694444444,181,1159,6.40331491712707,80,80,57,58,36,111,105,114,111,105,113,113,"G5"
"328","Utah State","fbs","Mountain West",2018,3120349,"Jalen Greene",1,1,11,1,4.04657925921828,4.04657925921828,4.04657925921828,14,14,14,1,1,1,1,1,0,0,0,0.0175,0.0175,1,14,14,NA,NA,NA,NA,NA,NA,NA,NA,NA,NA,NA,NA,"G5"
"328","Utah State","fbs","Mountain West",2018,4036378,"Jordan Love",340,11,11,30.9090909090909,134.248133685954,0.394847452017511,12.2043757896321,2900,8.52941176470588,263.636363636364,0.514705882352941,222,340,0.652941176470588,24,0,0,0,0.632727272727273,0.451948051948052,340,2900,8.52941176470588,10,15,17,14,30,15,16,17,15,16,17,14,"G5"
"328","Utah State","fbs","Mountain West",2018,4259219,"Henry Colombi",31,4,11,7.75,0.673436679079144,0.0217237638412627,0.168359169769786,184,5.93548387096774,46,0.483870967741935,24,31,0.774193548387097,0,0,0,0,0,0,31,184,5.93548387096774,NA,NA,NA,NA,NA,NA,NA,NA,NA,NA,NA,NA,"G5"
"328","Utah State","fbs","Mountain West",2018,4259241,"Aaren Vaughns",1,1,11,1,5.13691110638363,5.13691110638363,5.13691110638363,43,43,43,1,1,1,1,1,0,0,0,0.05375,0.05375,1,43,43,NA,NA,NA,NA,NA,NA,NA,NA,NA,NA,NA,NA,"G5"
"328","Utah State","fbs","Mountain West",2018,4361607,"Andrew Peasley",8,1,11,8,-2.89833441040397,-0.362291801300496,-2.89833441040397,19,2.375,19,0.375,3,8,0.375,0,0,0,0,0,0,8,19,2.375,NA,NA,NA,NA,NA,NA,NA,NA,NA,NA,NA,NA,"G5"
"333","Alabama","fbs","SEC",2018,3925348,"Hale Hentges",2,1,12,2,5.86606826306031,2.93303413153016,5.86606826306031,29,14.5,29,1,2,2,1,2,0,0,0,0.0483333333333333,0.0483333333333333,2,29,14.5,NA,NA,NA,NA,NA,NA,NA,NA,NA,NA,NA,NA,"P5"
"333","Alabama","fbs","SEC",2018,4040715,"Jalen Hurts",59,9,12,6.55555555555556,40.4797105010797,0.686096788153893,4.49774561123107,671,11.3728813559322,74.5555555555556,0.677966101694915,46,59,0.779661016949153,6,0,0,0,0.159761904761905,0.0745555555555556,59,671,11.3728813559322,NA,NA,NA,NA,NA,NA,NA,NA,NA,NA,NA,NA,"P5"
"333","Alabama","fbs","SEC",2018,4040980,"Irv Smith Jr.",1,1,12,1,1.70080142489188,1.70080142489188,1.70080142489188,2,2,2,1,1,1,1,1,0,0,0,0.0025,0.0025,1,2,2,NA,NA,NA,NA,NA,NA,NA,NA,NA,NA,NA,NA,"P5"
"333","Alabama","fbs","SEC",2018,4047365,"Josh Jacobs",1,1,12,1,2.63062058531673,2.63062058531673,2.63062058531673,33,33,33,1,1,1,1,1,0,0,0,0.04125,0.04125,1,33,33,NA,NA,NA,NA,NA,NA,NA,NA,NA,NA,NA,NA,"P5"
"333","Alabama","fbs","SEC",2018,4241463,"Jerry Jeudy",2,2,12,1,11.0312424490327,5.51562122451633,5.51562122451633,127,63.5,63.5,1,2,2,1,2,0,0,0,0.105833333333333,0.079375,2,127,63.5,NA,NA,NA,NA,NA,NA,NA,NA,NA,NA,NA,NA,"P5"
"333","Alabama","fbs","SEC",2018,4241464,"Mac Jones",12,4,12,3,-2.96716420841525,-0.247263684034604,-0.741791052103813,123,10.25,30.75,0.25,5,12,0.416666666666667,1,0,0,0,0.0384375,0.015375,12,123,10.25,NA,NA,NA,NA,NA,NA,NA,NA,NA,NA,NA,NA,"P5"
"333","Alabama","fbs","SEC",2018,4241475,"Henry Ruggs III",3,2,12,1.5,6.42469023934815,2.14156341311605,3.21234511967408,83,27.6666666666667,41.5,1,3,3,1,3,0,0,0,0.0778125,0.06225,3,83,27.6666666666667,NA,NA,NA,NA,NA,NA,NA,NA,NA,NA,NA,NA,"P5"
"333","Alabama","fbs","SEC",2018,4241478,"DeVonta Smith",3,3,12,1,7.83267762476913,2.61089254158971,2.61089254158971,83,27.6666666666667,27.6666666666667,1,3,3,1,3,0,0,0,0.051875,0.0345833333333333,3,83,27.6666666666667,NA,NA,NA,NA,NA,NA,NA,NA,NA,NA,NA,NA,"P5"
"333","Alabama","fbs","SEC",2018,4241479,"Tua Tagovailoa",237,11,12,21.5454545454545,115.177512926801,0.48598106720169,10.4706829933455,2416,10.1940928270042,219.636363636364,0.523206751054852,156,237,0.658227848101266,17,0,0,0,0.518585858585859,0.333376623376623,237,2416,10.1940928270042,21,24,4,11,25.5,38,2,51,38,2,49,45,"P5"
"333","Alabama","fbs","SEC",2018,4372016,"Jaylen Waddle",1,1,12,1,3.35506358765481,3.35506358765481,3.35506358765481,53,53,53,1,1,1,1,1,0,0,0,0.06625,0.06625,1,53,53,NA,NA,NA,NA,NA,NA,NA,NA,NA,NA,NA,NA,"P5"
"344","Mississippi State","fbs","SEC",2018,558337,"Nick Fitzgerald",240,11,11,21.8181818181818,29.5657588654249,0.12319066193927,2.68779626049317,1591,6.62916666666667,144.636363636364,0.391666666666667,129,240,0.5375,14,0,0,0,0.337484848484848,0.202490909090909,240,1591,6.62916666666667,98,102,97,102,111,91,95,106,91,95,102,95,"P5"
"344","Mississippi State","fbs","SEC",2018,4242243,"Keytaon Thompson",7,3,11,2.33333333333333,5.52286682032013,0.788980974331447,1.84095560677338,94,13.4285714285714,31.3333333333333,0.714285714285714,5,7,0.714285714285714,1,0,0,0,0.0391666666666667,0.0195833333333333,7,94,13.4285714285714,NA,NA,NA,NA,NA,NA,NA,NA,NA,NA,NA,NA,"P5"
"344","Mississippi State","fbs","SEC",2018,4242248,"Austin Williams",1,1,11,1,2.42136347581813,2.42136347581813,2.42136347581813,13,13,13,1,1,1,1,1,0,0,0,0.01625,0.01625,1,13,13,NA,NA,NA,NA,NA,NA,NA,NA,NA,NA,NA,NA,"P5"
"344","Mississippi State","fbs","SEC",2018,4259805,"Kylin Hill",1,1,11,1,2.54305616730012,2.54305616730012,2.54305616730012,16,16,16,1,1,1,1,1,0,0,0,0.02,0.02,1,16,16,NA,NA,NA,NA,NA,NA,NA,NA,NA,NA,NA,NA,"P5"
"349","Army","fbs","FBS Independents",2018,3916786,"Luke Langdon",1,1,10,1,-1.3120774945983,-1.3120774945983,-1.3120774945983,0,0,0,0,0,1,0,0,0,0,0,0,0,1,0,0,NA,NA,NA,NA,NA,NA,NA,NA,NA,NA,NA,NA,"G5"
"349","Army","fbs","FBS Independents",2018,4036923,"Kelvin Hopkins Jr.",74,9,10,8.22222222222222,59.8385791019198,0.80862944732324,6.64873101132442,791,10.6891891891892,87.8888888888889,0.459459459459459,40,74,0.540540540540541,5,0,0,0,0.183101851851852,0.0784722222222222,74,791,10.6891891891892,NA,NA,NA,NA,NA,NA,NA,NA,NA,NA,NA,NA,"G5"
"349","Army","fbs","FBS Independents",2018,4258442,"Cam Thomas",1,1,10,1,-0.90897572966435,-0.90897572966435,-0.90897572966435,0,0,0,0,0,1,0,0,0,0,0,0,0,1,0,0,NA,NA,NA,NA,NA,NA,NA,NA,NA,NA,NA,NA,"G5"
"349","Army","fbs","FBS Independents",2018,4258509,"Camden Harrison",1,1,10,1,4.28763127796936,4.28763127796936,4.28763127796936,45,45,45,1,1,1,1,1,0,0,0,0.05625,0.05625,1,45,45,NA,NA,NA,NA,NA,NA,NA,NA,NA,NA,NA,NA,"G5"
"356","Illinois","fbs","Big Ten",2018,3116087,"AJ Bush",200,9,11,22.2222222222222,20.6430629281872,0.103215314640936,2.29367365868747,1380,6.9,153.333333333333,0.41,112,200,0.56,6,0,0,0,0.328571428571429,0.153333333333333,200,1380,6.9,107,106,105,94,106,100,86,101,100,86,103,111,"P5"
"356","Illinois","fbs","Big Ten",2018,3917634,"Trenard Davis",2,2,11,1,1.75518267176751,0.877591335883754,0.877591335883754,17,8.5,8.5,0.5,1,2,0.5,1,0,0,0,0.010625,0.00708333333333333,2,17,8.5,NA,NA,NA,NA,NA,NA,NA,NA,NA,NA,NA,NA,"P5"
"356","Illinois","fbs","Big Ten",2018,4360372,"M.J. Rivers II",82,5,11,16.4,-14.9185062836947,-0.181933003459691,-2.98370125673893,442,5.39024390243902,88.4,0.329268292682927,47,82,0.573170731707317,1,0,0,0,0.1105,0.0368333333333333,82,442,5.39024390243902,NA,NA,NA,NA,NA,NA,NA,NA,NA,NA,NA,NA,"P5"
"356","Illinois","fbs","Big Ten",2018,4371942,"Matt Robinson",5,2,11,2.5,-1.59285161772602,-0.318570323545205,-0.796425808863012,11,2.2,5.5,0.2,3,5,0.6,0,0,0,0,0,0,5,11,2.2,NA,NA,NA,NA,NA,NA,NA,NA,NA,NA,NA,NA,"P5"
"36","Colorado State","fbs","Mountain West",2018,3127291,"K.J. Carta-Samuels",227,7,11,32.4285714285714,95.6012571219681,0.421150912431577,13.6573224459954,1812,7.98237885462555,258.857142857143,0.506607929515419,144,227,0.634361233480176,15,0,0,0,0.606696428571429,0.441233766233766,227,1812,7.98237885462555,35,8,11,16,45,73,36,18,73,36,21,18,"G5"
"36","Colorado State","fbs","Mountain West",2018,3915399,"Preston Williams",1,1,11,1,5.94508514977231,5.94508514977231,5.94508514977231,47,47,47,1,1,1,1,1,0,0,0,0.05875,0.05875,1,47,47,NA,NA,NA,NA,NA,NA,NA,NA,NA,NA,NA,NA,"G5"
"36","Colorado State","fbs","Mountain West",2018,4036357,"Collin Hill",165,8,11,20.625,46.6591132687633,0.282782504659171,5.83238915859541,1137,6.89090909090909,142.125,0.424242424242424,98,165,0.593939393939394,5,0,0,0,0.29609375,0.136658653846154,165,1137,6.89090909090909,81,72,50,81,83,113,87,107,113,87,111,114,"G5"
"36","Colorado State","fbs","Mountain West",2018,4256051,"Ryan Stonehouse",1,1,11,1,1.75380425691874,1.75380425691874,1.75380425691874,11,11,11,1,1,1,1,0,0,0,0,0,0,1,11,11,NA,NA,NA,NA,NA,NA,NA,NA,NA,NA,NA,NA,"G5"
"38","Colorado","fbs","Pac-12",2018,3122623,"Jay MacIntyre",1,1,11,1,1.91491161623771,1.91491161623771,1.91491161623771,31,31,31,1,1,1,1,0,0,0,0,0,0,1,31,31,NA,NA,NA,NA,NA,NA,NA,NA,NA,NA,NA,NA,"P5"
"38","Colorado","fbs","Pac-12",2018,3124074,"Travon McMillian",1,1,11,1,-0.741308935230771,-0.741308935230771,-0.741308935230771,0,0,0,0,0,1,0,0,0,0,0,0,0,1,0,0,NA,NA,NA,NA,NA,NA,NA,NA,NA,NA,NA,NA,"P5"
"38","Colorado","fbs","Pac-12",2018,3915436,"Steven Montez",367,11,11,33.3636363636364,77.8198879293033,0.2120432913605,7.0745352663003,2663,7.25613079019074,242.090909090909,0.44141689373297,242,367,0.659400544959128,18,0,0,0,0.573373205741627,0.375658307210031,367,2663,7.25613079019074,51,59,74,65,23,24,73,30,24,73,28,28,"P5"
"38","Colorado","fbs","Pac-12",2018,4040880,"Sam Noyer",8,2,11,4,-1.9728831310079,-0.246610391375988,-0.986441565503952,46,5.75,23,0.375,5,8,0.625,0,0,0,0,0,0,8,46,5.75,NA,NA,NA,NA,NA,NA,NA,NA,NA,NA,NA,NA,"P5"
"38","Colorado","fbs","Pac-12",2018,4243162,"Tyler Lytle",4,1,11,4,6.47055785295291,1.61763946323823,6.47055785295291,55,13.75,55,0.75,4,4,1,0,0,0,0,0,0,4,55,13.75,NA,NA,NA,NA,NA,NA,NA,NA,NA,NA,NA,NA,"P5"
"41","UConn","fbs","American Athletic",2018,3914240,"Tyler Davis",1,1,11,1,1.16627606365758,1.16627606365758,1.16627606365758,16,16,16,1,1,1,1,0,0,0,0,0,0,1,16,16,NA,NA,NA,NA,NA,NA,NA,NA,NA,NA,NA,NA,"G5"
"41","UConn","fbs","American Athletic",2018,3921920,"Brandon Bisack",6,1,11,6,-1.38340576542018,-0.23056762757003,-1.38340576542018,11,1.83333333333333,11,0.166666666666667,1,6,0.166666666666667,0,0,0,0,0,0,6,11,1.83333333333333,NA,NA,NA,NA,NA,NA,NA,NA,NA,NA,NA,NA,"G5"
"41","UConn","fbs","American Athletic",2018,4239134,"David Pindell",275,11,11,25,36.7533175308743,0.133648427384998,3.34121068462494,1643,5.97454545454545,149.363636363636,0.410909090909091,166,275,0.603636363636364,15,0,0,0,0.350071022727273,0.215428321678322,275,1643,5.97454545454545,93,99,95,93,70,89,110,103,89,110,101,90,"G5"
"41","UConn","fbs","American Athletic",2018,4239141,"Marvin Washington",21,3,11,7,6.68787861059108,0.318470410028147,2.22929287019703,171,8.14285714285714,57,0.428571428571429,9,21,0.428571428571429,1,0,0,0,0.07125,0.035625,21,171,8.14285714285714,NA,NA,NA,NA,NA,NA,NA,NA,NA,NA,NA,NA,"G5"
"41","UConn","fbs","American Athletic",2018,4362140,"Steven Krajewski",3,1,11,3,-0.148723765483111,-0.0495745884943704,-0.148723765483111,11,3.66666666666667,11,0.333333333333333,2,3,0.666666666666667,0,0,0,0,0,0,3,11,3.66666666666667,NA,NA,NA,NA,NA,NA,NA,NA,NA,NA,NA,NA,"G5"
"5","UAB","fbs","Conference USA",2018,545682,"A.J. Erdely",163,8,12,20.375,35.5850902176494,0.218313436918095,4.44813627720618,1311,8.04294478527607,163.875,0.380368098159509,89,163,0.54601226993865,5,0,0,0,0.34140625,0.157572115384615,163,1311,8.04294478527607,NA,NA,NA,NA,NA,NA,NA,NA,NA,NA,NA,NA,"G5"
"5","UAB","fbs","Conference USA",2018,4239793,"Tyler Johnston III",101,8,12,12.625,46.3200704058358,0.458614558473621,5.79000880072947,875,8.66336633663366,109.375,0.504950495049505,61,101,0.603960396039604,6,0,0,0,0.234375,0.1171875,101,875,8.66336633663366,NA,NA,NA,NA,NA,NA,NA,NA,NA,NA,NA,NA,"G5"
"5","UAB","fbs","Conference USA",2018,4239837,"Andre Wilson",2,2,12,1,3.73756706759666,1.86878353379833,1.86878353379833,40,20,20,0.5,1,2,0.5,1,0,0,0,0.025,0.0166666666666667,2,40,20,NA,NA,NA,NA,NA,NA,NA,NA,NA,NA,NA,NA,"G5"
"52","Florida State","fbs","ACC",2018,3921561,"Deondre Francois",333,10,11,33.3,17.3626939604655,0.0521402221035001,1.73626939604655,2322,6.97297297297297,232.2,0.363363363363363,192,333,0.576576576576577,8,0,0,0,0.516,0.258,333,2322,6.97297297297297,109,110,111,113,91,47,84,39,47,84,50,69,"P5"
"52","Florida State","fbs","ACC",2018,3921571,"Nyqwan Murray",1,1,11,1,-1.13749487258964,-1.13749487258964,-1.13749487258964,0,0,0,0,0,1,0,0,0,0,0,0,0,1,0,0,NA,NA,NA,NA,NA,NA,NA,NA,NA,NA,NA,NA,"P5"
"52","Florida State","fbs","ACC",2018,4035628,"Keith Gavin",1,1,11,1,2.30246865858257,2.30246865858257,2.30246865858257,17,17,17,1,1,1,1,1,0,0,0,0.02125,0.02125,1,17,17,NA,NA,NA,NA,NA,NA,NA,NA,NA,NA,NA,NA,"P5"
"52","Florida State","fbs","ACC",2018,4240020,"James Blackman",50,3,11,16.6666666666667,34.9498319148313,0.698996638296626,11.6499439716104,516,10.32,172,0.44,33,50,0.66,5,0,0,0,0.358333333333333,0.26875,50,516,10.32,NA,NA,NA,NA,NA,NA,NA,NA,NA,NA,NA,NA,"P5"
"52","Florida State","fbs","ACC",2018,4240021,"Cam Akers",2,2,11,1,1.88610170357046,0.943050851785232,0.943050851785232,15,7.5,7.5,0.5,1,2,0.5,1,0,0,0,0.009375,0.00625,2,15,7.5,NA,NA,NA,NA,NA,NA,NA,NA,NA,NA,NA,NA,"P5"
"52","Florida State","fbs","ACC",2018,4240028,"Tamorrion Terry",1,1,11,1,4.09990892536884,4.09990892536884,4.09990892536884,17,17,17,1,1,1,1,1,0,0,0,0.02125,0.02125,1,17,17,NA,NA,NA,NA,NA,NA,NA,NA,NA,NA,NA,NA,"P5"
"52","Florida State","fbs","ACC",2018,4240034,"D.J. Matthews",2,2,11,1,-1.81771464334047,-0.908857321670233,-0.908857321670233,0,0,0,0,0,2,0,0,0,0,0,0,0,2,0,0,NA,NA,NA,NA,NA,NA,NA,NA,NA,NA,NA,NA,"P5"
"57","Florida","fbs","SEC",2018,3121659,"Moral Stephens",1,1,10,1,1.89662020240194,1.89662020240194,1.89662020240194,3,3,3,1,1,1,1,1,0,0,0,0.00375,0.00375,1,3,3,NA,NA,NA,NA,NA,NA,NA,NA,NA,NA,NA,NA,"P5"
"57","Florida","fbs","SEC",2018,3930066,"Van Jefferson",1,1,10,1,2.95359141537917,2.95359141537917,2.95359141537917,38,38,38,1,1,1,1,1,0,0,0,0.0475,0.0475,1,38,38,NA,NA,NA,NA,NA,NA,NA,NA,NA,NA,NA,NA,"P5"
"57","Florida","fbs","SEC",2018,4034944,"Josh Hammond",1,1,10,1,1.40341941067828,1.40341941067828,1.40341941067828,3,3,3,1,1,1,1,1,0,0,0,0.00375,0.00375,1,3,3,NA,NA,NA,NA,NA,NA,NA,NA,NA,NA,NA,NA,"P5"
"57","Florida","fbs","SEC",2018,4034946,"Kyle Trask",19,2,10,9.5,9.22331509406697,0.48543763652984,4.61165754703348,140,7.36842105263158,70,0.421052631578947,11,19,0.578947368421053,1,0,0,0,0.0875,0.0583333333333333,19,140,7.36842105263158,NA,NA,NA,NA,NA,NA,NA,NA,NA,NA,NA,NA,"P5"
"57","Florida","fbs","SEC",2018,4034948,"Feleipe Franks",237,10,10,23.7,39.9278082866716,0.168471764922665,3.99278082866716,1725,7.27848101265823,172.5,0.434599156118143,136,237,0.573839662447257,11,0,0,0,0.3953125,0.225892857142857,237,1725,7.27848101265823,87,92,86,71,92,79,72,88,79,72,85,85,"P5"
"57","Florida","fbs","SEC",2018,4043893,"Nick Sproles",1,1,10,1,-0.337021988847342,-0.337021988847342,-0.337021988847342,0,0,0,0,0,1,0,0,0,0,0,0,0,1,0,0,NA,NA,NA,NA,NA,NA,NA,NA,NA,NA,NA,NA,"P5"
"57","Florida","fbs","SEC",2018,4240600,"Kadarius Toney",1,1,10,1,2.46214718680043,2.46214718680043,2.46214718680043,20,20,20,1,1,1,1,1,0,0,0,0.025,0.025,1,20,20,NA,NA,NA,NA,NA,NA,NA,NA,NA,NA,NA,NA,"P5"
"57","Florida","fbs","SEC",2018,4241988,"Trevon Grimes",1,1,10,1,2.13803279513983,2.13803279513983,2.13803279513983,22,22,22,1,1,1,1,1,0,0,0,0.0275,0.0275,1,22,22,NA,NA,NA,NA,NA,NA,NA,NA,NA,NA,NA,NA,"P5"
"57","Florida","fbs","SEC",2018,4360231,"Lucas Krull",1,1,10,1,1.89428140586753,1.89428140586753,1.89428140586753,15,15,15,1,1,1,1,0,0,0,0,0,0,1,15,15,NA,NA,NA,NA,NA,NA,NA,NA,NA,NA,NA,NA,"P5"
"58","South Florida","fbs","American Athletic",2018,3858944,"Blake Barnett",232,8,10,29,50.3352697552497,0.216962369634697,6.29190871940621,1721,7.41810344827586,215.125,0.469827586206897,148,232,0.637931034482759,6,0,0,0,0.460982142857143,0.230491071428571,232,1721,7.41810344827586,77,68,71,41,39,80,67,57,80,67,69,84,"G5"
"58","South Florida","fbs","American Athletic",2018,3923382,"Brett Kean",27,2,10,13.5,-4.78778003540162,-0.177325186496356,-2.39389001770081,103,3.81481481481481,51.5,0.259259259259259,12,27,0.444444444444444,1,0,0,0,0.064375,0.0429166666666667,27,103,3.81481481481481,NA,NA,NA,NA,NA,NA,NA,NA,NA,NA,NA,NA,"G5"
"58","South Florida","fbs","American Athletic",2018,4044111,"Chris Oladokun",33,2,10,16.5,7.09501652737844,0.21500050082965,3.54750826368922,242,7.33333333333333,121,0.393939393939394,17,33,0.515151515151515,3,0,0,0,0.226875,0.1815,33,242,7.33333333333333,NA,NA,NA,NA,NA,NA,NA,NA,NA,NA,NA,NA,"G5"
"58","South Florida","fbs","American Athletic",2018,4255713,"Randall St. Felix",1,1,10,1,5.27351996735594,5.27351996735594,5.27351996735594,75,75,75,1,1,1,1,1,0,0,0,0.09375,0.09375,1,75,75,NA,NA,NA,NA,NA,NA,NA,NA,NA,NA,NA,NA,"G5"
"59","Georgia Tech","fbs","ACC",2018,3917810,"TaQuon Marshall",77,9,11,8.55555555555556,30.548592087199,0.396734962171415,3.39428800968878,720,9.35064935064935,80,0.415584415584416,35,77,0.454545454545455,4,0,0,0,0.16,0.0615384615384615,77,720,9.35064935064935,NA,NA,NA,NA,NA,NA,NA,NA,NA,NA,NA,NA,"P5"
"59","Georgia Tech","fbs","ACC",2018,4240482,"Tobias Oliver",13,6,11,2.16666666666667,11.827482206821,0.909806323601616,1.97124703447017,166,12.7692307692308,27.6666666666667,0.461538461538462,6,13,0.461538461538462,2,0,0,0,0.0461111111111111,0.0172916666666667,13,166,12.7692307692308,NA,NA,NA,NA,NA,NA,NA,NA,NA,NA,NA,NA,"P5"
"59","Georgia Tech","fbs","ACC",2018,4360578,"James Graham",1,1,11,1,2.31474104742232,2.31474104742232,2.31474104742232,22,22,22,1,1,1,1,0,0,0,0,0,0,1,22,22,NA,NA,NA,NA,NA,NA,NA,NA,NA,NA,NA,NA,"P5"
"6","South Alabama","fbs","Sun Belt",2018,3129265,"Evan Orth",171,8,10,21.375,61.5552988176418,0.359972507705508,7.69441235220523,1437,8.40350877192983,179.625,0.421052631578947,113,171,0.660818713450292,10,0,0,0,0.408238636363636,0.249479166666667,171,1437,8.40350877192983,64,50,23,87,20,96,20,82,96,20,82,75,"G5"
"6","South Alabama","fbs","Sun Belt",2018,3139423,"Cole Garvin",75,5,10,15,24.3492154083234,0.324656205444312,4.86984308166468,524,6.98666666666667,104.8,0.4,48,75,0.64,5,0,0,0,0.218333333333333,0.131,75,524,6.98666666666667,NA,NA,NA,NA,NA,NA,NA,NA,NA,NA,NA,NA,"G5"
"6","South Alabama","fbs","Sun Belt",2018,4249400,"Cephus Johnson",17,5,10,3.4,-3.54235538358507,-0.20837384609324,-0.708471076717015,64,3.76470588235294,12.8,0.294117647058824,6,17,0.352941176470588,2,0,0,0,0.0213333333333333,0.00914285714285714,17,64,3.76470588235294,NA,NA,NA,NA,NA,NA,NA,NA,NA,NA,NA,NA,"G5"
"61","Georgia","fbs","SEC",2018,3915165,"Rodrigo Blankenship",1,1,12,1,-2.20770168363875,-2.20770168363875,-2.20770168363875,0,0,0,0,0,1,0,0,0,0,0,0,0,1,0,0,NA,NA,NA,NA,NA,NA,NA,NA,NA,NA,NA,NA,"P5"
"61","Georgia","fbs","SEC",2018,3915174,"Terry Godwin",1,1,12,1,6.17474251008507,6.17474251008507,6.17474251008507,38,38,38,1,1,1,1,1,0,0,0,0.0475,0.0475,1,38,38,NA,NA,NA,NA,NA,NA,NA,NA,NA,NA,NA,NA,"P5"
"61","Georgia","fbs","SEC",2018,3915190,"Jayson Stanley",1,1,12,1,2.68493708608301,2.68493708608301,2.68493708608301,9,9,9,1,1,1,1,1,0,0,0,0.01125,0.01125,1,9,9,NA,NA,NA,NA,NA,NA,NA,NA,NA,NA,NA,NA,"P5"
"61","Georgia","fbs","SEC",2018,4035004,"Mecole Hardman",3,3,12,1,8.99756968059663,2.99918989353221,2.99918989353221,93,31,31,1,3,3,1,3,0,0,0,0.058125,0.03875,3,93,31,NA,NA,NA,NA,NA,NA,NA,NA,NA,NA,NA,NA,"P5"
"61","Georgia","fbs","SEC",2018,4035015,"Riley Ridley",2,2,12,1,6.58358169181142,3.29179084590571,3.29179084590571,45,22.5,22.5,1,2,2,1,2,0,0,0,0.0375,0.028125,2,45,22.5,NA,NA,NA,NA,NA,NA,NA,NA,NA,NA,NA,NA,"P5"
"61","Georgia","fbs","SEC",2018,4035018,"Tyler Simmons",1,1,12,1,4.19644135145445,4.19644135145445,4.19644135145445,14,14,14,1,1,1,1,1,0,0,0,0.0175,0.0175,1,14,14,NA,NA,NA,NA,NA,NA,NA,NA,NA,NA,NA,NA,"P5"
"61","Georgia","fbs","SEC",2018,4240688,"Jeremiah Holloman",2,2,12,1,6.28562255798185,3.14281127899092,3.14281127899092,72,36,36,1,2,2,1,2,0,0,0,0.06,0.045,2,72,36,NA,NA,NA,NA,NA,NA,NA,NA,NA,NA,NA,NA,"P5"
"61","Georgia","fbs","SEC",2018,4240689,"Jake Fromm",240,12,12,20,97.7859406899446,0.407441419541436,8.14882839082872,2047,8.52916666666667,170.583333333333,0.5625,164,240,0.683333333333333,15,0,0,0,0.3998046875,0.236921296296296,240,2047,8.52916666666667,34,44,13,2,12,64,17,90,64,17,83,80,"P5"
"61","Georgia","fbs","SEC",2018,4362887,"Justin Fields",30,8,12,3.75,9.11000581439397,0.303666860479799,1.13875072679925,256,8.53333333333333,32,0.5,19,30,0.633333333333333,2,0,0,0,0.0533333333333333,0.016,30,256,8.53333333333333,NA,NA,NA,NA,NA,NA,NA,NA,NA,NA,NA,NA,"P5"
"61","Georgia","fbs","SEC",2018,4379400,"Matthew Downing",7,3,12,2.33333333333333,5.62283449772115,0.803262071103021,1.87427816590705,84,12,28,0.714285714285714,6,7,0.857142857142857,0,0,0,0,0,0,7,84,12,NA,NA,NA,NA,NA,NA,NA,NA,NA,NA,NA,NA,"P5"
"62","Hawai'i","fbs","Mountain West",2018,545334,"Kolney Cassel",1,1,12,1,0.573289645135502,0.573289645135502,0.573289645135502,8,8,8,1,1,1,1,0,0,0,0,0,0,1,8,8,NA,NA,NA,NA,NA,NA,NA,NA,NA,NA,NA,NA,"G5"
"62","Hawai'i","fbs","Mountain West",2018,3914927,"Dayton Furuta",1,1,12,1,3.78403553398147,3.78403553398147,3.78403553398147,20,20,20,1,1,1,1,1,0,0,0,0.025,0.025,1,20,20,NA,NA,NA,NA,NA,NA,NA,NA,NA,NA,NA,NA,"G5"
"62","Hawai'i","fbs","Mountain West",2018,3933064,"John Ursua",1,1,12,1,4.65960013766646,4.65960013766646,4.65960013766646,17,17,17,1,1,1,1,1,0,0,0,0.02125,0.02125,1,17,17,NA,NA,NA,NA,NA,NA,NA,NA,NA,NA,NA,NA,"G5"
"62","Hawai'i","fbs","Mountain West",2018,4038220,"Cole McDonald",400,11,12,36.3636363636364,150.798369464015,0.376995923660037,13.7089426785468,3431,8.5775,311.909090909091,0.51,244,400,0.61,27,0,0,0,0.751923701298701,0.554049043062201,400,3431,8.5775,6,7,20,15,67,5,14,5,5,14,4,4,"G5"
"62","Hawai'i","fbs","Mountain West",2018,4053631,"Stan Gaudion",1,1,12,1,-0.636700777559747,-0.636700777559747,-0.636700777559747,0,0,0,0,0,1,0,0,0,0,0,0,0,1,0,0,NA,NA,NA,NA,NA,NA,NA,NA,NA,NA,NA,NA,"G5"
"62","Hawai'i","fbs","Mountain West",2018,4363640,"Jeremy Moussa",9,2,12,4.5,6.94648500771253,0.771831667523614,3.47324250385626,77,8.55555555555556,38.5,0.444444444444444,4,9,0.444444444444444,1,0,0,0,0.048125,0.0320833333333333,9,77,8.55555555555556,NA,NA,NA,NA,NA,NA,NA,NA,NA,NA,NA,NA,"G5"
"62","Hawai'i","fbs","Mountain West",2018,4373934,"Chevan Cordeiro",34,3,12,11.3333333333333,17.7962106747938,0.523417961023347,5.93207022493127,301,8.85294117647059,100.333333333333,0.5,23,34,0.676470588235294,5,0,0,0,0.209027777777778,0.156770833333333,34,301,8.85294117647059,NA,NA,NA,NA,NA,NA,NA,NA,NA,NA,NA,NA,"G5"
"66","Iowa State","fbs","Big 12",2018,552119,"Kyle Kempt",27,2,10,13.5,-5.41075606417955,-0.200398372747391,-2.70537803208977,144,5.33333333333333,72,0.333333333333333,18,27,0.666666666666667,0,0,0,0,0,0,27,144,5.33333333333333,NA,NA,NA,NA,NA,NA,NA,NA,NA,NA,NA,NA,"P5"
"66","Iowa State","fbs","Big 12",2018,3138759,"Matthew Eaton",1,1,10,1,5.36845670430877,5.36845670430877,5.36845670430877,26,26,26,1,1,1,1,1,0,0,0,0.0325,0.0325,1,26,26,NA,NA,NA,NA,NA,NA,NA,NA,NA,NA,NA,NA,"P5"
"66","Iowa State","fbs","Big 12",2018,3917940,"Hakeem Butler",1,1,10,1,2.85397527827108,2.85397527827108,2.85397527827108,21,21,21,1,1,1,1,1,0,0,0,0.02625,0.02625,1,21,21,NA,NA,NA,NA,NA,NA,NA,NA,NA,NA,NA,NA,"P5"
"66","Iowa State","fbs","Big 12",2018,4035524,"Deshaunte Jones",1,1,10,1,2.4808909151615,2.4808909151615,2.4808909151615,23,23,23,1,1,1,1,1,0,0,0,0.02875,0.02875,1,23,23,NA,NA,NA,NA,NA,NA,NA,NA,NA,NA,NA,NA,"P5"
"66","Iowa State","fbs","Big 12",2018,4035525,"Zeb Noland",109,5,10,21.8,0.968623979165756,0.00888645852445647,0.193724795833151,717,6.57798165137615,143.4,0.412844036697248,70,109,0.642201834862385,4,0,0,0,0.2868,0.159333333333333,109,717,6.57798165137615,NA,NA,NA,NA,NA,NA,NA,NA,NA,NA,NA,NA,"P5"
"66","Iowa State","fbs","Big 12",2018,4259197,"Tarique Milton",1,1,10,1,5.38018264352537,5.38018264352537,5.38018264352537,60,60,60,1,1,1,1,1,0,0,0,0.075,0.075,1,60,60,NA,NA,NA,NA,NA,NA,NA,NA,NA,NA,NA,NA,"P5"
"66","Iowa State","fbs","Big 12",2018,4361741,"Brock Purdy",139,6,10,23.1666666666667,68.7726140532378,0.49476700757725,11.4621023422063,1387,9.97841726618705,231.166666666667,0.503597122302158,93,139,0.669064748201439,8,0,0,0,0.513703703703704,0.330238095238095,139,1387,9.97841726618705,NA,NA,NA,NA,NA,NA,NA,NA,NA,NA,NA,NA,"P5"
"68","Boise State","fbs","Mountain West",2018,3127588,"Sean Modster",1,1,12,1,3.54288529350891,3.54288529350891,3.54288529350891,10,10,10,1,1,1,1,1,0,0,0,0.0125,0.0125,1,10,10,NA,NA,NA,NA,NA,NA,NA,NA,NA,NA,NA,NA,"G5"
"68","Boise State","fbs","Mountain West",2018,3722362,"Brett Rypien",412,12,12,34.3333333333333,152.860989585881,0.371021819383205,12.7384157988234,3387,8.22087378640777,282.25,0.516990291262136,278,412,0.674757281553398,25,0,0,0,0.678485576923077,0.476773648648649,412,3387,8.22087378640777,5,12,21,13,16,6,24,13,6,24,12,10,"G5"
"68","Boise State","fbs","Mountain West",2018,4260440,"Chase Cord",8,3,12,2.66666666666667,1.4100322846014,0.176254035575175,0.470010761533801,67,8.375,22.3333333333333,0.375,6,8,0.75,1,0,0,0,0.0279166666666667,0.0139583333333333,8,67,8.375,NA,NA,NA,NA,NA,NA,NA,NA,NA,NA,NA,NA,"G5"
"68","Boise State","fbs","Mountain West",2018,4260452,"CT Thomas",1,1,12,1,-0.596246866162551,-0.596246866162551,-0.596246866162551,0,0,0,0,0,1,0,0,0,0,0,0,0,1,0,0,NA,NA,NA,NA,NA,NA,NA,NA,NA,NA,NA,NA,"G5"
"68","Boise State","fbs","Mountain West",2018,4373678,"Khalil Shakir",2,1,12,2,0.81413495286232,0.40706747643116,0.81413495286232,10,5,10,0.5,2,2,1,0,0,0,0,0,0,2,10,5,NA,NA,NA,NA,NA,NA,NA,NA,NA,NA,NA,NA,"G5"
"77","Northwestern","fbs","Big Ten",2018,3116144,"Clayton Thorson",445,13,13,34.2307692307692,91.5709351521532,0.205777382364389,7.04391808862717,2937,6.6,225.923076923077,0.442696629213483,276,445,0.620224719101124,15,0,0,0,0.529507211538462,0.302575549450549,445,2937,6.6,41,60,78,63,61,14,97,45,14,97,42,56,"P5"
"77","Northwestern","fbs","Big Ten",2018,3915966,"TJ Green",33,3,13,11,-10.467346069061,-0.31719230512306,-3.48911535635366,169,5.12121212121212,56.3333333333333,0.363636363636364,20,33,0.606060606060606,0,0,0,0,0,0,33,169,5.12121212121212,NA,NA,NA,NA,NA,NA,NA,NA,NA,NA,NA,NA,"P5"
"8","Arkansas","fbs","SEC",2018,559629,"Jared Cornelius",1,1,11,1,-1.13076471521611,-1.13076471521611,-1.13076471521611,-5,-5,-5,0,1,1,1,0,0,0,0,0,0,1,-5,-5,NA,NA,NA,NA,NA,NA,NA,NA,NA,NA,NA,NA,"P5"
"8","Arkansas","fbs","SEC",2018,3886621,"Ty Storey",220,9,11,24.4444444444444,26.0408414719864,0.118367461236302,2.89342683022071,1306,5.93636363636364,145.111111111111,0.35,130,220,0.590909090909091,7,0,0,0,0.317430555555556,0.158715277777778,220,1306,5.93636363636364,100,101,99,116,85,106,111,105,106,111,106,107,"P5"
"8","Arkansas","fbs","SEC",2018,4035584,"Cole Kelley",50,7,11,7.14285714285714,8.4225229186204,0.168450458372408,1.20321755980291,347,6.94,49.5714285714286,0.4,26,50,0.52,4,0,0,0,0.0991428571428571,0.0450649350649351,50,347,6.94,NA,NA,NA,NA,NA,NA,NA,NA,NA,NA,NA,NA,"P5"
"8","Arkansas","fbs","SEC",2018,4242178,"De'Vion Warren",3,3,11,1,4.40561064758053,1.46853688252684,1.46853688252684,30,10,10,0.666666666666667,2,3,0.666666666666667,1,0,0,0,0.0125,0.00625,3,30,10,NA,NA,NA,NA,NA,NA,NA,NA,NA,NA,NA,NA,"P5"
"8","Arkansas","fbs","SEC",2018,4372000,"John Stephen Jones",5,2,11,2.5,-3.07668551340805,-0.61533710268161,-1.53834275670402,5,1,2.5,0,1,5,0.2,0,0,0,0,0,0,5,5,1,NA,NA,NA,NA,NA,NA,NA,NA,NA,NA,NA,NA,"P5"
"8","Arkansas","fbs","SEC",2018,4372004,"Connor Noland",41,4,11,10.25,-2.34854729416672,-0.0572816413211395,-0.58713682354168,255,6.21951219512195,63.75,0.365853658536585,21,41,0.51219512195122,1,0,0,0,0.0796875,0.031875,41,255,6.21951219512195,NA,NA,NA,NA,NA,NA,NA,NA,NA,NA,NA,NA,"P5"
"84","Indiana","fbs","Big Ten",2018,4045290,"Peyton Ramsey",432,12,12,36,76.1544266469207,0.17628339501602,6.34620222057672,2837,6.56712962962963,236.416666666667,0.460648148148148,293,432,0.678240740740741,18,0,0,0,0.559934210526316,0.354625,432,2837,6.56712962962963,53,67,82,51,14,17,99,36,17,99,34,37,"P5"
"84","Indiana","fbs","Big Ten",2018,4258238,"Ty Fryfogle",1,1,12,1,3.9176205594304,3.9176205594304,3.9176205594304,33,33,33,1,1,1,1,1,0,0,0,0.04125,0.04125,1,33,33,NA,NA,NA,NA,NA,NA,NA,NA,NA,NA,NA,NA,"P5"
"84","Indiana","fbs","Big Ten",2018,4360423,"Michael Penix Jr.",24,2,12,12,-2.85081828178727,-0.11878409507447,-1.42540914089363,123,5.125,61.5,0.458333333333333,13,24,0.541666666666667,0,0,0,0,0,0,24,123,5.125,NA,NA,NA,NA,NA,NA,NA,NA,NA,NA,NA,NA,"P5"
"84","Indiana","fbs","Big Ten",2018,4386270,"Michal Penix Jr",10,1,12,10,7.91089245909431,0.791089245909431,7.91089245909431,96,9.6,96,0.7,8,10,0.8,1,0,0,0,0.12,0.12,10,96,9.6,NA,NA,NA,NA,NA,NA,NA,NA,NA,NA,NA,NA,"P5"
"87","Notre Dame","fbs","FBS Independents",2018,3932423,"Miles Boykin",4,3,12,1.33333333333333,10.8225760040286,2.70564400100716,3.60752533467621,64,16,21.3333333333333,1,4,4,1,4,0,0,0,0.0426666666666667,0.0304761904761905,4,64,16,NA,NA,NA,NA,NA,NA,NA,NA,NA,NA,NA,NA,"P5"
"87","Notre Dame","fbs","FBS Independents",2018,3932429,"Chris Finke",2,2,12,1,7.60605218616428,3.80302609308214,3.80302609308214,67,33.5,33.5,1,2,2,1,2,0,0,0,0.0558333333333333,0.041875,2,67,33.5,NA,NA,NA,NA,NA,NA,NA,NA,NA,NA,NA,NA,"P5"
"87","Notre Dame","fbs","FBS Independents",2018,3932433,"Alize Mack",2,1,12,2,5.02243074880411,2.51121537440205,5.02243074880411,21,10.5,21,1,2,2,1,2,0,0,0,0.035,0.035,2,21,10.5,NA,NA,NA,NA,NA,NA,NA,NA,NA,NA,NA,NA,"P5"
"87","Notre Dame","fbs","FBS Independents",2018,3932449,"Dexter Williams",1,1,12,1,2.24145357391566,2.24145357391566,2.24145357391566,9,9,9,1,1,1,1,1,0,0,0,0.01125,0.01125,1,9,9,NA,NA,NA,NA,NA,NA,NA,NA,NA,NA,NA,NA,"P5"
"87","Notre Dame","fbs","FBS Independents",2018,3932451,"Brandon Wimbush",92,5,12,18.4,11.4856627883569,0.12484416074301,2.29713255767139,652,7.08695652173913,130.4,0.423913043478261,50,92,0.543478260869565,0,0,0,0,0,0,92,652,7.08695652173913,NA,NA,NA,NA,NA,NA,NA,NA,NA,NA,NA,NA,"P5"
"87","Notre Dame","fbs","FBS Independents",2018,4046676,"Tony Jones Jr.",1,1,12,1,5.60461615449776,5.60461615449776,5.60461615449776,51,51,51,1,1,1,1,1,0,0,0,0.06375,0.06375,1,51,51,NA,NA,NA,NA,NA,NA,NA,NA,NA,NA,NA,NA,"P5"
"87","Notre Dame","fbs","FBS Independents",2018,4046678,"Ian Book",266,9,12,29.5555555555556,114.176152002179,0.429233654143531,12.6862391113533,2297,8.63533834586466,255.222222222222,0.537593984962406,189,266,0.710526315789474,11,0,0,0,0.584884259259259,0.350930555555556,266,2297,8.63533834586466,22,13,9,8,3,49,13,23,49,13,26,41,"P5"
"87","Notre Dame","fbs","FBS Independents",2018,4046692,"Chase Claypool",2,2,12,1,5.2751562597235,2.63757812986175,2.63757812986175,26,13,13,1,2,2,1,2,0,0,0,0.0216666666666667,0.01625,2,26,13,NA,NA,NA,NA,NA,NA,NA,NA,NA,NA,NA,NA,"P5"
"87","Notre Dame","fbs","FBS Independents",2018,4372768,"Phil Jurkovec",2,1,12,2,-1.60646189434474,-0.803230947172371,-1.60646189434474,0,0,0,0,0,2,0,0,0,0,0,0,0,2,0,0,NA,NA,NA,NA,NA,NA,NA,NA,NA,NA,NA,NA,"P5"
"9","Arizona State","fbs","Pac-12",2018,3128814,"Manny Wilkins",355,12,12,29.5833333333333,120.035272652911,0.338127528599751,10.0029393877426,2892,8.14647887323944,241,0.461971830985915,226,355,0.636619718309859,19,0,0,0,0.572375,0.369274193548387,355,2892,8.14647887323944,16,26,31,49,41,16,28,31,16,28,29,29,"P5"
"9","Arizona State","fbs","Pac-12",2018,4047852,"Dillon Sterling-Cole",2,1,12,2,-2.4176729538451,-1.20883647692255,-2.4176729538451,0,0,0,0,0,2,0,0,0,0,0,0,0,2,0,0,NA,NA,NA,NA,NA,NA,NA,NA,NA,NA,NA,NA,"P5"
"96","Kentucky","fbs","SEC",2018,4035051,"Gunnar Hoak",20,3,10,6.66666666666667,-4.10638675534767,-0.205319337767383,-1.36879558511589,90,4.5,30,0.25,9,20,0.45,1,0,0,0,0.0375,0.01875,20,90,4.5,NA,NA,NA,NA,NA,NA,NA,NA,NA,NA,NA,NA,"P5"
"96","Kentucky","fbs","SEC",2018,4038940,"Terry Wilson",187,10,10,18.7,49.8681671938201,0.266674690876043,4.98681671938201,1375,7.35294117647059,137.5,0.470588235294118,125,187,0.668449197860963,9,0,0,0,0.309375,0.162828947368421,187,1375,7.35294117647059,79,82,56,40,17,102,69,110,102,69,108,105,"P5"
"97","Louisville","fbs","ACC",2018,4035995,"Jawon Pass",274,10,11,27.4,70.0125472032644,0.255520245267388,7.00125472032644,1871,6.82846715328467,187.1,0.434306569343066,154,274,0.562043795620438,8,0,0,0,0.415777777777778,0.207888888888889,274,1871,6.82846715328467,59,62,60,73,102,70,89,77,70,89,79,93,"P5"
"97","Louisville","fbs","ACC",2018,4035998,"Sean McCormack",12,2,11,6,-4.64132041693794,-0.386776701411495,-2.32066020846897,29,2.41666666666667,14.5,0.166666666666667,4,12,0.333333333333333,0,0,0,0,0,0,12,29,2.41666666666667,NA,NA,NA,NA,NA,NA,NA,NA,NA,NA,NA,NA,"P5"
"97","Louisville","fbs","ACC",2018,4240069,"Malik Cunningham",59,6,11,9.83333333333333,10.9708474211158,0.185946566459589,1.82847457018596,398,6.74576271186441,66.3333333333333,0.372881355932203,34,59,0.576271186440678,0,0,0,0,0,0,59,398,6.74576271186441,NA,NA,NA,NA,NA,NA,NA,NA,NA,NA,NA,NA,"P5"
"97","Louisville","fbs","ACC",2018,4360799,"Jordan Travis",12,2,11,6,3.41615163797991,0.284679303164992,1.70807581898995,71,5.91666666666667,35.5,0.25,4,12,0.333333333333333,1,0,0,0,0.044375,0.0295833333333333,12,71,5.91666666666667,NA,NA,NA,NA,NA,NA,NA,NA,NA,NA,NA,NA,"P5"
"98","Western Kentucky","fbs","Conference USA",2018,3124782,"Drew Eckels",58,2,11,29,6.89098790638441,0.118810136316973,3.4454939531922,362,6.24137931034483,181,0.362068965517241,27,58,0.46551724137931,1,0,0,0,0.22625,0.150833333333333,58,362,6.24137931034483,NA,NA,NA,NA,NA,NA,NA,NA,NA,NA,NA,NA,"G5"
"98","Western Kentucky","fbs","Conference USA",2018,3915802,"Lucky Jackson",1,1,11,1,-0.785625038105767,-0.785625038105767,-0.785625038105767,0,0,0,0,0,1,0,0,0,0,0,0,0,1,0,0,NA,NA,NA,NA,NA,NA,NA,NA,NA,NA,NA,NA,"G5"
"98","Western Kentucky","fbs","Conference USA",2018,3932147,"Ryan Nuss",1,1,11,1,-2.16005404627602,-2.16005404627602,-2.16005404627602,0,0,0,0,0,1,0,0,0,0,0,0,0,1,0,0,NA,NA,NA,NA,NA,NA,NA,NA,NA,NA,NA,NA,"G5"
"98","Western Kentucky","fbs","Conference USA",2018,4037556,"Steven Duncan",176,9,11,19.5555555555556,16.4221591034304,0.0933077221785818,1.8246843448256,1025,5.82386363636364,113.888888888889,0.386363636363636,105,176,0.596590909090909,9,0,0,0,0.25625,0.142361111111111,176,1025,5.82386363636364,110,109,107,106,79,117,112,118,117,112,115,112,"G5"
"98","Western Kentucky","fbs","Conference USA",2018,4243456,"Davis Shanley",139,7,11,19.8571428571429,26.7040553640591,0.192115506216252,3.81486505200844,942,6.77697841726619,134.571428571429,0.438848920863309,96,139,0.690647482014389,3,0,0,0,0.252321428571429,0.100928571428571,139,942,6.77697841726619,NA,NA,NA,NA,NA,NA,NA,NA,NA,NA,NA,NA,"G5"
"98","Western Kentucky","fbs","Conference USA",2018,4363077,"Kavaris Thomas",1,1,11,1,-1.09887005166952,-1.09887005166952,-1.09887005166952,0,0,0,0,0,1,0,0,0,0,0,0,0,1,0,0,NA,NA,NA,NA,NA,NA,NA,NA,NA,NA,NA,NA,"G5"
"99","LSU","fbs","SEC",2018,2561489,"Zach Von Rosenberg",1,1,11,1,-2.77971050646749,-2.77971050646749,-2.77971050646749,0,0,0,0,0,1,0,0,0,0,0,0,0,1,0,0,NA,NA,NA,NA,NA,NA,NA,NA,NA,NA,NA,NA,"P5"
"99","LSU","fbs","SEC",2018,3915511,"Joe Burrow",315,11,11,28.6363636363636,52.1933949805277,0.165693317398501,4.74485408913888,2277,7.22857142857143,207,0.415873015873016,184,315,0.584126984126984,9,0,0,0,0.46575,0.232875,315,2277,7.22857142857143,75,84,87,91,88,50,76,65,50,76,67,82,"P5"
"99","LSU","fbs","SEC",2018,4242210,"Myles Brennan",6,1,11,6,1.79841239553744,0.299735399256241,1.79841239553744,65,10.8333333333333,65,0.5,4,6,0.666666666666667,0,0,0,0,0,0,6,65,10.8333333333333,NA,NA,NA,NA,NA,NA,NA,NA,NA,NA,NA,NA,"P5"
