"team_id","pos_team","division","conference","season","player_id","receiver_player_name","plays","games","team_games","playsgame","TEPA","EPAplay","EPAgame","yards","yardsplay","yardsgame","success","comp","targets","catchpct","passing_td","fumbles","TEPA_rank","EPAgame_rank","EPAplay_rank","success_rank","catchpct_rank","yards_rank","yardsplay_rank","yardsgame_rank","fbs_class"
"103","Boston College","fbs","ACC",2022,4241891,"Alec Sinkfield",2,2,11,1,-0.856620908789598,-0.428310454394799,-0.428310454394799,5,2.5,2.5,0,2,2,1,0,0,NA,NA,NA,NA,NA,NA,NA,NA,"P5"
"103","Boston College","fbs","ACC",2022,4361328,"George Takacs",25,7,11,3.57142857142857,4.2238982167491,0.168955928669964,0.603414030964157,190,7.6,27.1428571428571,0.44,19,25,0.76,0,0,515,508,506,518.5,334.5,506.5,453,451,"P5"
"103","Boston College","fbs","ACC",2022,4361351,"Jaelen Gill",32,10,11,3.2,27.9666665961827,0.873958331130709,2.79666665961827,330,10.3125,33,0.59375,24,32,0.75,0,0,218,232,105,251,365,322.5,213,370,"P5"
"103","Boston College","fbs","ACC",2022,4372768,"Phil Jurkovec",1,1,11,1,4.03831510005098,4.03831510005098,4.03831510005098,17,17,17,1,1,1,1,1,0,NA,NA,NA,NA,NA,NA,NA,NA,"P5"
"103","Boston College","fbs","ACC",2022,4426955,"Jack Conley",1,1,11,1,-1.09396519029795,-1.09396519029795,-1.09396519029795,-1,-1,-1,0,1,1,1,0,0,NA,NA,NA,NA,NA,NA,NA,NA,"P5"
"103","Boston College","fbs","ACC",2022,4428692,"Dino Tomlin",13,6,11,2.16666666666667,18.2944084858342,1.40726219121801,3.04906808097236,181,13.9230769230769,30.1666666666667,0.769230769230769,10,13,0.769230769230769,0,0,NA,NA,NA,NA,NA,NA,NA,NA,"P5"
"103","Boston College","fbs","ACC",2022,4429615,"Zay Flowers",90,11,11,8.18181818181818,75.7324483539967,0.841471648377741,6.88476803218152,953,10.5888888888889,86.6363636363636,0.566666666666667,68,90,0.755555555555556,11,2,7,12,118,318.5,346.5,13,186,17,"P5"
"103","Boston College","fbs","ACC",2022,4429652,"Pat Garwo III",32,10,11,3.2,5.2257341798053,0.163304193118916,0.52257341798053,245,7.65625,24.5,0.46875,28,32,0.875,0,0,504,519,510,490.5,110.5,431.5,449,487.5,"P5"
"103","Boston College","fbs","ACC",2022,4431174,"Taji Johnson",10,6,11,1.66666666666667,6.29180630522415,0.629180630522415,1.04863438420402,91,9.1,15.1666666666667,0.6,9,10,0.9,0,0,NA,NA,NA,NA,NA,NA,NA,NA,"P5"
"103","Boston College","fbs","ACC",2022,4568154,"Spencer Witter",3,3,11,1,2.55668129657374,0.852227098857914,0.852227098857914,35,11.6666666666667,11.6666666666667,0.666666666666667,3,3,1,0,0,NA,NA,NA,NA,NA,NA,NA,NA,"P5"
"103","Boston College","fbs","ACC",2022,4683159,"Lewis Bond",3,3,11,1,3.38393310759513,1.12797770253171,1.12797770253171,24,8,8,0.666666666666667,3,3,1,0,0,NA,NA,NA,NA,NA,NA,NA,NA,"P5"
"103","Boston College","fbs","ACC",2022,4683161,"Dante Reynolds",2,2,11,1,-0.563804968579142,-0.281902484289571,-0.281902484289571,6,3,3,0.5,2,2,1,0,0,NA,NA,NA,NA,NA,NA,NA,NA,"P5"
"103","Boston College","fbs","ACC",2022,4683314,"Xavier Coleman",4,3,11,1.33333333333333,-0.705364514766176,-0.176341128691544,-0.235121504922059,6,1.5,2,0.25,3,4,0.75,0,0,NA,NA,NA,NA,NA,NA,NA,NA,"P5"
"103","Boston College","fbs","ACC",2022,4700147,"Joseph Griffin Jr.",25,7,11,3.57142857142857,23.2212287800133,0.928849151200534,3.31731839714476,228,9.12,32.5714285714286,0.64,17,25,0.68,5,0,268,178,87,162,479.5,461.5,308,375,"P5"
"103","Boston College","fbs","ACC",2022,4700456,"Jaden Williams",8,3,11,2.66666666666667,4.38817201083967,0.548521501354959,1.46272400361322,70,8.75,23.3333333333333,0.625,5,8,0.625,1,0,NA,NA,NA,NA,NA,NA,NA,NA,"P5"
"103","Boston College","fbs","ACC",2022,4708354,"Jeremiah Franklin",6,3,11,2,-1.02778121108417,-0.171296868514028,-0.342593737028056,22,3.66666666666667,7.33333333333333,0.333333333333333,4,6,0.666666666666667,0,0,NA,NA,NA,NA,NA,NA,NA,NA,"P5"
"103","Boston College","fbs","ACC",2022,4824124,"Alex Broome",31,7,11,4.42857142857143,2.56297921618873,0.0826767489093138,0.366139888026961,178,5.74193548387097,25.4285714285714,0.483870967741935,27,31,0.870967741935484,1,0,529,529,532,462,117.5,529.5,546,477.5,"P5"
"103","Boston College","fbs","ACC",2022,4869582,"Cam Barfield",4,2,11,2,-4.07615380025065,-1.01903845006266,-2.03807690012532,-1,-0.25,-0.5,0,2,4,0.5,0,0,NA,NA,NA,NA,NA,NA,NA,NA,"P5"
"113","Massachusetts","fbs","FBS Independents",2022,4259607,"Cam Sullivan-Brown",26,6,11,4.33333333333333,22.4460504872349,0.863309634124418,3.74100841453915,320,12.3076923076923,53.3333333333333,0.653846153846154,23,26,0.884615384615385,1,0,277,134,109,139,96.5,337,75,165,"G5"
"113","Massachusetts","fbs","FBS Independents",2022,4360522,"Rico Arnold",4,2,11,2,1.48517220435237,0.371293051088093,0.742586102176187,29,7.25,14.5,1,4,4,1,0,0,NA,NA,NA,NA,NA,NA,NA,NA,"G5"
"113","Massachusetts","fbs","FBS Independents",2022,4361714,"Josiah Johnson",29,6,11,4.83333333333333,-2.26153485537317,-0.0779839605301092,-0.376922475895528,156,5.37931034482759,26,0.448275862068966,21,29,0.724137931034483,0,0,565,570,566,511.5,409,550.5,560,468,"G5"
"113","Massachusetts","fbs","FBS Independents",2022,4426530,"Kay'Ron Adams",4,2,11,2,-1.18639688476759,-0.296599221191897,-0.593198442383794,7,1.75,3.5,0.25,2,4,0.5,0,0,NA,NA,NA,NA,NA,NA,NA,NA,"G5"
"113","Massachusetts","fbs","FBS Independents",2022,4427118,"Garrett Dzuro",1,1,11,1,5.54731818347484,5.54731818347484,5.54731818347484,27,27,27,1,1,1,1,1,0,NA,NA,NA,NA,NA,NA,NA,NA,"G5"
"113","Massachusetts","fbs","FBS Independents",2022,4570239,"Isaiah Holiness",1,1,11,1,1.13658727698742,1.13658727698742,1.13658727698742,13,13,13,1,1,1,1,0,0,NA,NA,NA,NA,NA,NA,NA,NA,"G5"
"113","Massachusetts","fbs","FBS Independents",2022,4571420,"Isaac Ross",23,7,11,3.28571428571429,5.85802435502439,0.254696711088017,0.836860622146342,170,7.39130434782609,24.2857142857143,0.478260869565217,18,23,0.782608695652174,0,2,496,481,476,476,294.5,535,474,492,"G5"
"113","Massachusetts","fbs","FBS Independents",2022,4572040,"George Johnson",38,9,11,4.22222222222222,12.6507924039713,0.332915589578192,1.40564360044126,310,8.1578947368421,34.4444444444444,0.473684210526316,22,38,0.578947368421053,0,0,418,418,435,486,560.5,346,401,349,"G5"
"113","Massachusetts","fbs","FBS Independents",2022,4577762,"Jacob Orlando",2,1,11,2,1.32342841178932,0.661714205894659,1.32342841178932,17,8.5,17,0.5,2,2,1,0,0,NA,NA,NA,NA,NA,NA,NA,NA,"G5"
"113","Massachusetts","fbs","FBS Independents",2022,4608003,"Onuma Dieke",1,1,11,1,-0.112130516865357,-0.112130516865357,-0.112130516865357,3,3,3,0,1,1,1,0,0,NA,NA,NA,NA,NA,NA,NA,NA,"G5"
"113","Massachusetts","fbs","FBS Independents",2022,4683466,"Jamir Roberts",1,1,11,1,2.84518173638118,2.84518173638118,2.84518173638118,45,45,45,1,1,1,1,0,0,NA,NA,NA,NA,NA,NA,NA,NA,"G5"
"113","Massachusetts","fbs","FBS Independents",2022,4683471,"Brady Olson",1,1,11,1,3.4169227477439,3.4169227477439,3.4169227477439,19,19,19,1,1,1,1,1,0,NA,NA,NA,NA,NA,NA,NA,NA,"G5"
"113","Massachusetts","fbs","FBS Independents",2022,4683571,"Eni Falayi",2,2,11,1,2.66097620424017,1.33048810212008,1.33048810212008,12,6,6,1,2,2,1,0,0,NA,NA,NA,NA,NA,NA,NA,NA,"G5"
"113","Massachusetts","fbs","FBS Independents",2022,4683666,"Zamar Wise",1,1,11,1,-0.448495254904018,-0.448495254904018,-0.448495254904018,4,4,4,0,1,1,1,0,0,NA,NA,NA,NA,NA,NA,NA,NA,"G5"
"113","Massachusetts","fbs","FBS Independents",2022,4685016,"Ellis Merriweather",10,6,11,1.66666666666667,0.239431253537137,0.0239431253537137,0.0399052089228561,48,4.8,8,0.4,8,10,0.8,0,0,NA,NA,NA,NA,NA,NA,NA,NA,"G5"
"113","Massachusetts","fbs","FBS Independents",2022,4691889,"Gregory DeRosiers",7,5,11,1.4,-1.34971480017185,-0.19281640002455,-0.26994296003437,15,2.14285714285714,3,0.142857142857143,6,7,0.857142857142857,0,1,NA,NA,NA,NA,NA,NA,NA,NA,"G5"
"113","Massachusetts","fbs","FBS Independents",2022,4900879,"Jacquon Gibson",4,4,11,1,4.46398556445533,1.11599639111383,1.11599639111383,62,15.5,15.5,0.75,4,4,1,0,0,NA,NA,NA,NA,NA,NA,NA,NA,"G5"
"113","Massachusetts","fbs","FBS Independents",2022,4909541,"Ty Harding",1,1,11,1,-0.580641550513413,-0.580641550513413,-0.580641550513413,3,3,3,0,1,1,1,0,0,NA,NA,NA,NA,NA,NA,NA,NA,"G5"
"12","Arizona","fbs","Pac-12",2022,4384171,"Tanner McLachlan",32,11,11,2.90909090909091,32.589324470536,1.01841638970425,2.96266586095782,398,12.4375,36.1818181818182,0.8125,29,32,0.90625,1,0,166,213,53,10,62,244.5,67,324,"P5"
"12","Arizona","fbs","Pac-12",2022,4433844,"Alex Lines",1,1,11,1,0.910327344301834,0.910327344301834,0.910327344301834,8,8,8,1,1,1,1,0,0,NA,NA,NA,NA,NA,NA,NA,NA,"P5"
"12","Arizona","fbs","Pac-12",2022,4567216,"D.J. Williams",7,4,11,1.75,2.41715557953064,0.345307939932948,0.604288894882659,65,9.28571428571429,16.25,0.571428571428571,5,7,0.714285714285714,0,0,NA,NA,NA,NA,NA,NA,NA,NA,"P5"
"12","Arizona","fbs","Pac-12",2022,4569156,"Michael Wiley",33,10,11,3.3,24.1346777402852,0.731353870917735,2.41346777402852,327,9.90909090909091,32.7,0.515151515151515,31,33,0.939393939393939,1,0,255,285,174,427.5,33,328,242,374,"P5"
"12","Arizona","fbs","Pac-12",2022,4575665,"Jacob Cowing",85,11,11,7.72727272727273,72.0108988858807,0.847187045716244,6.54644535326188,932,10.9647058823529,84.7272727272727,0.611764705882353,76,85,0.894117647058824,5,1,10,14,116,207,81,18,152,25,"P5"
"12","Arizona","fbs","Pac-12",2022,4685289,"Keyan Burnett",3,1,11,3,-0.735653944879542,-0.245217981626514,-0.735653944879542,10,3.33333333333333,10,0,3,3,1,0,0,NA,NA,NA,NA,NA,NA,NA,NA,"P5"
"12","Arizona","fbs","Pac-12",2022,4685445,"Rayshon Luke",1,1,11,1,-0.759428699257504,-0.759428699257504,-0.759428699257504,1,1,1,0,1,1,1,0,0,NA,NA,NA,NA,NA,NA,NA,NA,"P5"
"12","Arizona","fbs","Pac-12",2022,4685472,"Tetairoa Mcmillan",38,10,11,3.8,47.9281074383802,1.26126598522053,4.79281074383802,553,14.5526315789474,55.3,0.736842105263158,32,38,0.842105263157895,6,0,60,65,16,42,174.5,133,24,149,"P5"
"12","Arizona","fbs","Pac-12",2022,4697623,"Jayden de Laura",6,2,11,3,14.6686197716858,2.44476996194763,7.33430988584289,55,9.16666666666667,27.5,1,6,6,1,6,0,NA,NA,NA,NA,NA,NA,NA,NA,"P5"
"12","Arizona","fbs","Pac-12",2022,4702555,"Jonah Coleman",9,5,11,1.8,-3.83752988122122,-0.42639220902458,-0.767505976244244,19,2.11111111111111,3.8,0.111111111111111,6,9,0.666666666666667,0,0,NA,NA,NA,NA,NA,NA,NA,NA,"P5"
"12","Arizona","fbs","Pac-12",2022,4711055,"Dorian Singer",58,11,11,5.27272727272727,71.4971020836741,1.23270865661507,6.49973655306128,941,16.2241379310345,85.5454545454545,0.689655172413793,54,58,0.931034482758621,5,0,12,15,21,91,37,15.5,8,20.5,"P5"
"12","Arizona","fbs","Pac-12",2022,4712328,"Anthony Simpson",5,5,11,1,6.05154638319122,1.21030927663824,1.21030927663824,67,13.4,13.4,0.6,4,5,0.8,0,0,NA,NA,NA,NA,NA,NA,NA,NA,"P5"
"120","Maryland","fbs","Big Ten",2022,4360233,"Jacob Copeland",28,10,12,2.8,24.5972372940789,0.878472760502816,2.45972372940789,376,13.4285714285714,37.6,0.75,26,28,0.928571428571429,2,0,248,279,103,30,39,275,42.5,308.5,"P5"
"120","Maryland","fbs","Big Ten",2022,4360637,"Jeshaun Jones",40,11,12,3.63636363636364,42.4683505798184,1.06170876449546,3.86075914361985,464,11.6,42.1818181818182,0.725,38,40,0.95,4,0,83,118,45,52,29,188,110,251,"P5"
"120","Maryland","fbs","Big Ten",2022,4372039,"Dontay Demus",25,11,12,2.27272727272727,17.3339347602095,0.693357390408379,1.57581225092813,233,9.32,21.1818181818182,0.56,22,25,0.88,1,0,343,395,202,336.5,102.5,454.5,286,529,"P5"
"120","Maryland","fbs","Big Ten",2022,4429006,"Rakim Jarrett",45,11,12,4.09090909090909,36.2656674489102,0.805903721086893,3.29687885899183,481,10.6888888888889,43.7272727272727,0.666666666666667,38,45,0.844444444444444,3,0,138,179,136,123.5,169.5,176.5,175,237,"P5"
"120","Maryland","fbs","Big Ten",2022,4429608,"Corey Dyches",34,11,12,3.09090909090909,22.4800358044793,0.661177523661155,2.04363961858903,392,11.5294117647059,35.6363636363636,0.529411764705882,31,34,0.911764705882353,1,0,276,333,224,402,54,249,119,327.5,"P5"
"120","Maryland","fbs","Big Ten",2022,4431560,"Antwain Littleton II",5,3,12,1.66666666666667,1.39575918951485,0.279151837902971,0.465253063171618,46,9.2,15.3333333333333,0.6,5,5,1,0,0,NA,NA,NA,NA,NA,NA,NA,NA,"P5"
"120","Maryland","fbs","Big Ten",2022,4565185,"Tai Felton",21,10,12,2.1,20.8561759866488,0.993151237459465,2.08561759866488,240,11.4285714285714,24,0.666666666666667,19,21,0.904761904761905,2,0,NA,NA,NA,NA,NA,NA,NA,NA,"P5"
"120","Maryland","fbs","Big Ten",2022,4567097,"Taulia Tagovailoa",2,2,12,1,7.07112564878489,3.53556282439244,3.53556282439244,23,11.5,11.5,1,2,2,1,2,0,NA,NA,NA,NA,NA,NA,NA,NA,"P5"
"120","Maryland","fbs","Big Ten",2022,4588200,"Colby McDonald",4,3,12,1.33333333333333,-3.98225775677487,-0.995564439193717,-1.32741925225829,34,8.5,11.3333333333333,0.5,4,4,1,0,1,NA,NA,NA,NA,NA,NA,NA,NA,"P5"
"120","Maryland","fbs","Big Ten",2022,4596545,"C.J. Dippre",27,11,12,2.45454545454545,24.935461290256,0.923535603342816,2.266860117296,286,10.5925925925926,26,0.703703703703704,25,27,0.925925925925926,3,2,246,306,89,73,41,370,185,468,"P5"
"120","Maryland","fbs","Big Ten",2022,4685285,"Ramon Brown",7,5,12,1.4,-0.716451270675567,-0.102350181525081,-0.143290254135113,38,5.42857142857143,7.6,0.428571428571429,7,7,1,0,0,NA,NA,NA,NA,NA,NA,NA,NA,"P5"
"120","Maryland","fbs","Big Ten",2022,4685416,"Shaleak Knotts",4,3,12,1.33333333333333,-1.0591441350501,-0.264786033762524,-0.353048045016699,7,1.75,2.33333333333333,0.25,3,4,0.75,0,0,NA,NA,NA,NA,NA,NA,NA,NA,"P5"
"120","Maryland","fbs","Big Ten",2022,4688835,"Roman Hemby",32,9,12,3.55555555555556,17.6928921236461,0.55290287886394,1.96587690262734,298,9.3125,33.1111111111111,0.59375,32,32,1,1,0,333,343,289,251,6.5,354,287,369,"P5"
"120","Maryland","fbs","Big Ten",2022,4832875,"Leon Haughton Jr.",1,1,12,1,2.86712551318895,2.86712551318895,2.86712551318895,25,25,25,1,1,1,1,0,0,NA,NA,NA,NA,NA,NA,NA,NA,"P5"
"120","Maryland","fbs","Big Ten",2022,4869520,"Octavian Smith Jr.",10,6,12,1.66666666666667,7.35574800235346,0.735574800235346,1.22595800039224,123,12.3,20.5,0.8,9,10,0.9,1,0,NA,NA,NA,NA,NA,NA,NA,NA,"P5"
"120","Maryland","fbs","Big Ten",2022,5081351,"Raymon Brown Jr.",1,1,12,1,-0.512812673975999,-0.512812673975999,-0.512812673975999,2,2,2,0,1,1,1,0,0,NA,NA,NA,NA,NA,NA,NA,NA,"P5"
"127","Michigan State","fbs","Big Ten",2022,4277721,"Tyler Hunt",16,7,12,2.28571428571429,0.470735457027399,0.0294209660642125,0.0672479224324856,98,6.125,14,0.375,15,16,0.9375,0,0,NA,NA,NA,NA,NA,NA,NA,NA,"P5"
"127","Michigan State","fbs","Big Ten",2022,4360400,"Daniel Barker",30,8,12,3.75,20.0408417752876,0.668028059176254,2.50510522191095,239,7.96666666666667,29.875,0.566666666666667,21,30,0.7,2,0,304,275,219,318.5,442.5,441,419,412,"P5"
"127","Michigan State","fbs","Big Ten",2022,4360654,"Jarek Broussard",4,3,12,1.33333333333333,0.597707695049807,0.149426923762452,0.199235898349936,48,12,16,0.75,4,4,1,0,0,NA,NA,NA,NA,NA,NA,NA,NA,"P5"
"127","Michigan State","fbs","Big Ten",2022,4362249,"Jayden Reed",61,11,12,5.54545454545455,29.7892896472318,0.488349010610357,2.70811724065743,609,9.98360655737705,55.3636363636364,0.639344262295082,53,61,0.868852459016393,4,0,200,246,330,164,124,100,236,147,"P5"
"127","Michigan State","fbs","Big Ten",2022,4371980,"Harold Joiner",1,1,12,1,-0.543044885352172,-0.543044885352172,-0.543044885352172,-4,-4,-4,0,1,1,1,0,0,NA,NA,NA,NA,NA,NA,NA,NA,"P5"
"127","Michigan State","fbs","Big Ten",2022,4382470,"Elijah Collins",13,7,12,1.85714285714286,-2.7729189650119,-0.213301458847069,-0.396131280715985,58,4.46153846153846,8.28571428571429,0.230769230769231,11,13,0.846153846153846,0,0,NA,NA,NA,NA,NA,NA,NA,NA,"P5"
"127","Michigan State","fbs","Big Ten",2022,4428063,"Tre Mosley",39,12,12,3.25,34.0919697414365,0.874153070293244,2.84099747845304,350,8.97435897435897,29.1666666666667,0.58974358974359,34,39,0.871794871794872,4,0,158,227,104,265.5,115.5,300.5,320,417,"P5"
"127","Michigan State","fbs","Big Ten",2022,4429949,"Maliq Carr",20,10,12,2,21.0250793582583,1.05125396791292,2.10250793582583,209,10.45,20.9,0.7,16,20,0.8,2,0,NA,NA,NA,NA,NA,NA,NA,NA,"P5"
"127","Michigan State","fbs","Big Ten",2022,4430843,"Jalen Berger",22,11,12,2,7.6544578080408,0.347929900365491,0.695859800730981,122,5.54545454545455,11.0909090909091,0.454545454545455,18,22,0.818181818181818,0,0,NA,NA,NA,NA,NA,NA,NA,NA,"P5"
"127","Michigan State","fbs","Big Ten",2022,4431094,"Christian Fitzpatrick",2,1,12,2,0.863757675568405,0.431878837784203,0.863757675568405,17,8.5,17,1,2,2,1,0,0,NA,NA,NA,NA,NA,NA,NA,NA,"P5"
"127","Michigan State","fbs","Big Ten",2022,4569507,"Cade McDonald",5,2,12,2.5,-0.230152271467239,-0.0460304542934478,-0.115076135733619,31,6.2,15.5,0.6,3,5,0.6,0,0,NA,NA,NA,NA,NA,NA,NA,NA,"P5"
"127","Michigan State","fbs","Big Ten",2022,4600597,"Montorie Foster",8,4,12,2,7.5683011006994,0.946037637587425,1.89207527517485,98,12.25,24.5,0.875,7,8,0.875,1,1,NA,NA,NA,NA,NA,NA,NA,NA,"P5"
"127","Michigan State","fbs","Big Ten",2022,4635008,"Keon Coleman",69,12,12,5.75,56.9988769300744,0.826070680146006,4.74990641083954,769,11.1449275362319,64.0833333333333,0.681159420289855,56,69,0.811594202898551,6,0,38,68,126,101,233,47.5,142,87,"P5"
"127","Michigan State","fbs","Big Ten",2022,4685261,"Germie Bernard",8,4,12,2,13.8030248129139,1.72537810161424,3.45075620322847,128,16,32,0.625,7,8,0.875,2,0,NA,NA,NA,NA,NA,NA,NA,NA,"P5"
"127","Michigan State","fbs","Big Ten",2022,4690158,"Noah Kim",1,1,12,1,2.16879380063684,2.16879380063684,2.16879380063684,16,16,16,1,1,1,1,1,0,NA,NA,NA,NA,NA,NA,NA,NA,"P5"
"127","Michigan State","fbs","Big Ten",2022,4869252,"Jaron Glover",1,1,12,1,-0.431694295037582,-0.431694295037582,-0.431694295037582,2,2,2,0,1,1,1,0,0,NA,NA,NA,NA,NA,NA,NA,NA,"P5"
"130","Michigan","fbs","Big Ten",2022,4372063,"Ronnie Bell",79,13,13,6.07692307692308,38.8985848100156,0.492387149493869,2.99219883153966,725,9.17721518987342,55.7692307692308,0.607594936708861,55,79,0.69620253164557,3,1,112,208,325,215,449,61,302,142,"P5"
"130","Michigan","fbs","Big Ten",2022,4372096,"Luke Schoonmaker",40,10,13,4,29.2333605816213,0.730834014540532,2.92333605816213,386,9.65,38.6,0.75,34,40,0.85,3,0,206,217,175,30,159.5,260.5,262.5,295,"P5"
"130","Michigan","fbs","Big Ten",2022,4426479,"Cornelius Johnson",40,12,13,3.33333333333333,30.8861384472495,0.772153461181237,2.57384487060412,469,11.725,39.0833333333333,0.55,30,40,0.75,6,1,184,261,156,364.5,365,183.5,106,288,"P5"
"130","Michigan","fbs","Big Ten",2022,4427455,"Cade McNamara",1,1,13,1,4.77699209216845,4.77699209216845,4.77699209216845,61,61,61,1,1,1,1,1,0,NA,NA,NA,NA,NA,NA,NA,NA,"P5"
"130","Michigan","fbs","Big Ten",2022,4427834,"Erick All",4,3,13,1.33333333333333,-0.20714432767175,-0.0517860819179375,-0.0690481092239166,36,9,12,0.5,3,4,0.75,0,0,NA,NA,NA,NA,NA,NA,NA,NA,"P5"
"130","Michigan","fbs","Big Ten",2022,4429053,"A.J. Henning",9,4,13,2.25,-0.30593435787615,-0.0339927064306833,-0.0764835894690374,63,7,15.75,0.555555555555556,7,9,0.777777777777778,0,0,NA,NA,NA,NA,NA,NA,NA,NA,"P5"
"130","Michigan","fbs","Big Ten",2022,4429096,"Blake Corum",11,7,13,1.57142857142857,5.86502267087719,0.533183879170653,0.837860381553884,80,7.27272727272727,11.4285714285714,0.545454545454545,11,11,1,1,0,NA,NA,NA,NA,NA,NA,NA,NA,"P5"
"130","Michigan","fbs","Big Ten",2022,4431492,"Roman Wilson",27,11,13,2.45454545454545,6.92312208414276,0.256411929042324,0.629374734922069,211,7.81481481481481,19.1818181818182,0.444444444444444,19,27,0.703703703703704,2,0,486,507,474,515.5,435.5,482,438,549,"P5"
"130","Michigan","fbs","Big Ten",2022,4431536,"Donovan Edwards",22,9,13,2.44444444444444,6.91250164099686,0.314204620045312,0.76805573788854,192,8.72727272727273,21.3333333333333,0.363636363636364,17,22,0.772727272727273,2,0,NA,NA,NA,NA,NA,NA,NA,NA,"P5"
"130","Michigan","fbs","Big Ten",2022,4432260,"Matthew Hibner",2,2,13,1,1.14746061887997,0.573730309439983,0.573730309439983,15,7.5,7.5,1,2,2,1,0,0,NA,NA,NA,NA,NA,NA,NA,NA,"P5"
"130","Michigan","fbs","Big Ten",2022,4433970,"J.J. McCarthy",1,1,13,1,2.68119548144792,2.68119548144792,2.68119548144792,29,29,29,1,1,1,1,1,1,NA,NA,NA,NA,NA,NA,NA,NA,"P5"
"130","Michigan","fbs","Big Ten",2022,4572043,"Leon Franklin",1,1,13,1,2.98951059829984,2.98951059829984,2.98951059829984,20,20,20,1,1,1,1,1,0,NA,NA,NA,NA,NA,NA,NA,NA,"P5"
"130","Michigan","fbs","Big Ten",2022,4572058,"Hunter Neff",1,1,13,1,0.585054674241036,0.585054674241036,0.585054674241036,8,8,8,1,1,1,1,0,0,NA,NA,NA,NA,NA,NA,NA,NA,"P5"
"130","Michigan","fbs","Big Ten",2022,4587701,"Andrel Anthony Jr.",10,7,13,1.42857142857143,2.57405074926797,0.257405074926797,0.36772153560971,80,8,11.4285714285714,0.5,7,10,0.7,0,0,NA,NA,NA,NA,NA,NA,NA,NA,"P5"
"130","Michigan","fbs","Big Ten",2022,4594984,"Tavierre Dunlap",1,1,13,1,-0.0366400614662554,-0.0366400614662554,-0.0366400614662554,5,5,5,0,1,1,1,0,0,NA,NA,NA,NA,NA,NA,NA,NA,"P5"
"130","Michigan","fbs","Big Ten",2022,4685297,"Darrius Clemons",1,1,13,1,-0.639627367024452,-0.639627367024452,-0.639627367024452,7,7,7,0,1,1,1,0,0,NA,NA,NA,NA,NA,NA,NA,NA,"P5"
"130","Michigan","fbs","Big Ten",2022,4685464,"Tyler Morris",5,3,13,1.66666666666667,2.01640416271407,0.403280832542814,0.67213472090469,25,5,8.33333333333333,0.6,3,5,0.6,0,0,NA,NA,NA,NA,NA,NA,NA,NA,"P5"
"130","Michigan","fbs","Big Ten",2022,4685535,"C.J. Stokes",2,2,13,1,0.0499038823372646,0.0249519411686323,0.0249519411686323,15,7.5,7.5,0.5,1,2,0.5,0,0,NA,NA,NA,NA,NA,NA,NA,NA,"P5"
"130","Michigan","fbs","Big Ten",2022,4690302,"Isaiah Gash",3,1,13,3,3.31632615816412,1.10544205272137,3.31632615816412,24,8,24,0.666666666666667,3,3,1,0,0,NA,NA,NA,NA,NA,NA,NA,NA,"P5"
"130","Michigan","fbs","Big Ten",2022,4702755,"Amorion Walker",1,1,13,1,-0.363413771221317,-0.363413771221317,-0.363413771221317,4,4,4,0,1,1,1,0,0,NA,NA,NA,NA,NA,NA,NA,NA,"P5"
"130","Michigan","fbs","Big Ten",2022,4723086,"Colston Loveland",15,8,13,1.875,10.2568371309961,0.683789142066405,1.28210464137451,199,13.2666666666667,24.875,0.733333333333333,12,15,0.8,2,0,NA,NA,NA,NA,NA,NA,NA,NA,"P5"
"130","Michigan","fbs","Big Ten",2022,4878686,"Peyton O'Leary",1,1,13,1,-0.282178994209652,-0.282178994209652,-0.282178994209652,4,4,4,0,1,1,1,0,0,NA,NA,NA,NA,NA,NA,NA,NA,"P5"
"130","Michigan","fbs","Big Ten",2022,4878695,"Max Bredeson",5,4,13,1.25,3.18055130499328,0.636110260998657,0.795137826248321,78,15.6,19.5,0.6,5,5,1,0,0,NA,NA,NA,NA,NA,NA,NA,NA,"P5"
"135","Minnesota","fbs","Big Ten",2022,4034770,"Clay Geary",3,2,11,1.5,2.64725392426307,0.882417974754358,1.32362696213154,20,6.66666666666667,10,0.666666666666667,3,3,1,1,0,NA,NA,NA,NA,NA,NA,NA,NA,"P5"
"135","Minnesota","fbs","Big Ten",2022,4240735,"Chris Autman-Bell",6,2,11,3,7.84542798778798,1.307571331298,3.92271399389399,96,16,48,0.666666666666667,6,6,1,1,0,NA,NA,NA,NA,NA,NA,NA,NA,"P5"
"135","Minnesota","fbs","Big Ten",2022,4240750,"Mohamed Ibrahim",6,5,11,1.2,-0.0592666956112759,-0.00987778260187932,-0.0118533391222552,45,7.5,9,0.5,6,6,1,0,0,NA,NA,NA,NA,NA,NA,NA,NA,"P5"
"135","Minnesota","fbs","Big Ten",2022,4360943,"Bryce Williams",9,5,11,1.8,5.93898774956819,0.659887527729799,1.18779754991364,74,8.22222222222222,14.8,0.666666666666667,9,9,1,0,0,NA,NA,NA,NA,NA,NA,NA,NA,"P5"
"135","Minnesota","fbs","Big Ten",2022,4360967,"Brevyn Spann-Ford",43,11,11,3.90909090909091,25.1528972020759,0.584951097722695,2.28662701837053,413,9.6046511627907,37.5454545454545,0.697674418604651,36,43,0.837209302325581,1,0,241,304,278,80,186.5,230,266,310,"P5"
"135","Minnesota","fbs","Big Ten",2022,4426383,"Dylan Wright",15,5,11,3,18.1513950661037,1.21009300440691,3.63027901322074,232,15.4666666666667,46.4,0.8,13,15,0.866666666666667,1,0,NA,NA,NA,NA,NA,NA,NA,NA,"P5"
"135","Minnesota","fbs","Big Ten",2022,4426815,"Mike Brown-Stephens",24,6,11,4,18.9178107135052,0.788242113062716,3.15296845225087,283,11.7916666666667,47.1666666666667,0.75,19,24,0.791666666666667,0,0,319,191,146,30,276.5,376.5,102,212,"P5"
"135","Minnesota","fbs","Big Ten",2022,4428263,"Treyson Potts",3,3,11,1,-0.426299422290785,-0.142099807430262,-0.142099807430262,23,7.66666666666667,7.66666666666667,0.666666666666667,3,3,1,0,0,NA,NA,NA,NA,NA,NA,NA,NA,"P5"
"135","Minnesota","fbs","Big Ten",2022,4430875,"Daniel Jackson",41,9,11,4.55555555555556,32.7347125224741,0.798407622499368,3.6371902802749,484,11.8048780487805,53.7777777777778,0.658536585365854,33,41,0.804878048780488,3,0,165,148,139,132,249.5,173.5,100,162,"P5"
"135","Minnesota","fbs","Big Ten",2022,4569547,"Nick Kallerup",2,2,11,1,2.51610108539559,1.2580505426978,1.2580505426978,22,11,11,1,2,2,1,1,0,NA,NA,NA,NA,NA,NA,NA,NA,"P5"
"135","Minnesota","fbs","Big Ten",2022,4596010,"Lemeke Brockington",10,6,11,1.66666666666667,6.98561183184531,0.698561183184531,1.16426863864088,140,14,23.3333333333333,0.6,8,10,0.8,1,0,NA,NA,NA,NA,NA,NA,NA,NA,"P5"
"135","Minnesota","fbs","Big Ten",2022,4720949,"Kristen Hoskins",1,1,11,1,-0.329527329110283,-0.329527329110283,-0.329527329110283,3,3,3,0,1,1,1,0,0,NA,NA,NA,NA,NA,NA,NA,NA,"P5"
"142","Missouri","fbs","SEC",2022,4259800,"Barrett Banister",37,9,11,4.11111111111111,31.6668826550901,0.855861693380813,3.51854251723223,358,9.67567567567568,39.7777777777778,0.702702702702703,32,37,0.864864864864865,0,1,176,161,113,74,132,295.5,259,284,"P5"
"142","Missouri","fbs","SEC",2022,4381248,"Tauskie Dove",22,9,11,2.44444444444444,8.8343032804753,0.401559240021604,0.981589253386144,232,10.5454545454545,25.7777777777778,0.590909090909091,15,22,0.681818181818182,1,0,466,465,387,261.5,474,457,194,473,"P5"
"142","Missouri","fbs","SEC",2022,4391845,"Cody Schrader",23,8,11,2.875,-1.563756985042,-0.0679894341322609,-0.19546962313025,118,5.1304347826087,14.75,0.347826086956522,18,23,0.782608695652174,0,0,561,562,563,571.5,294.5,578,570,576,"P5"
"142","Missouri","fbs","SEC",2022,4428211,"Nathaniel Peat",12,6,11,2,3.71331596831255,0.309442997359379,0.618885994718758,60,5,10,0.5,9,12,0.75,0,0,NA,NA,NA,NA,NA,NA,NA,NA,"P5"
"142","Missouri","fbs","SEC",2022,4428580,"Tyler Stephens",5,4,11,1.25,1.32890635833148,0.265781271666296,0.33222658958287,53,10.6,13.25,0.6,5,5,1,1,1,NA,NA,NA,NA,NA,NA,NA,NA,"P5"
"142","Missouri","fbs","SEC",2022,4429435,"Brady Cook",1,1,11,1,2.80534979235797,2.80534979235797,2.80534979235797,23,23,23,1,1,1,1,1,0,NA,NA,NA,NA,NA,NA,NA,NA,"P5"
"142","Missouri","fbs","SEC",2022,4430828,"Mookie Cooper",18,6,11,3,9.45631524498399,0.525350846943555,1.57605254083067,201,11.1666666666667,33.5,0.611111111111111,17,18,0.944444444444444,0,0,NA,NA,NA,NA,NA,NA,NA,NA,"P5"
"142","Missouri","fbs","SEC",2022,4433945,"Elijah Young",9,6,11,1.5,-3.58176103803616,-0.397973448670685,-0.596960173006027,32,3.55555555555556,5.33333333333333,0.444444444444444,7,9,0.777777777777778,0,0,NA,NA,NA,NA,NA,NA,NA,NA,"P5"
"142","Missouri","fbs","SEC",2022,4586331,"Taj Butts",1,1,11,1,0.716482429904159,0.716482429904159,0.716482429904159,10,10,10,1,1,1,1,0,0,NA,NA,NA,NA,NA,NA,NA,NA,"P5"
"142","Missouri","fbs","SEC",2022,4596439,"Dominic Lovett",56,10,11,5.6,54.2241729004972,0.968288801794593,5.42241729004972,726,12.9642857142857,72.6,0.625,50,56,0.892857142857143,1,0,43,45,74,187.5,82.5,59.5,53,52,"P5"
"142","Missouri","fbs","SEC",2022,4683127,"Ryan Hoerstkamp",2,1,11,2,2.59309502469954,1.29654751234977,2.59309502469954,32,16,32,0.5,2,2,1,1,0,NA,NA,NA,NA,NA,NA,NA,NA,"P5"
"142","Missouri","fbs","SEC",2022,4685278,"Luther Burden III",40,10,11,4,12.6003249298907,0.315008123247268,1.26003249298907,270,6.75,27,0.5,30,40,0.75,4,0,422,439,445,445.5,365,394.5,509.5,452.5,"P5"
"142","Missouri","fbs","SEC",2022,4685418,"Tavorus Jones",1,1,11,1,1.34741713885985,1.34741713885985,1.34741713885985,32,32,32,1,1,1,1,0,0,NA,NA,NA,NA,NA,NA,NA,NA,"P5"
"142","Missouri","fbs","SEC",2022,4692540,"Kibet Chepyator",3,1,11,3,2.05460955813628,0.684869852712094,2.05460955813628,26,8.66666666666667,26,1,3,3,1,0,0,NA,NA,NA,NA,NA,NA,NA,NA,"P5"
"142","Missouri","fbs","SEC",2022,4712886,"Mekhi Miller",7,4,11,1.75,8.00422415095064,1.14346059299295,2.00105603773766,108,15.4285714285714,27,0.714285714285714,6,7,0.857142857142857,0,0,NA,NA,NA,NA,NA,NA,NA,NA,"P5"
"145","Ole Miss","fbs","SEC",2022,4360278,"Jaylon Robinson",6,3,11,2,-2.24059340770273,-0.373432234617122,-0.746864469234245,12,2,4,0.166666666666667,3,6,0.5,0,0,NA,NA,NA,NA,NA,NA,NA,NA,"P5"
"145","Ole Miss","fbs","SEC",2022,4426485,"Jonathan Mingo",54,10,11,5.4,34.7237562867643,0.643032523828968,3.47237562867643,646,11.962962962963,64.6,0.592592592592593,41,54,0.759259259259259,3,0,152,166,242,256,337,84,92,82,"P5"
"145","Ole Miss","fbs","SEC",2022,4426689,"Ulysses Bentley IV",1,1,11,1,-1.29596972002012,-1.29596972002012,-1.29596972002012,4,4,4,0,1,1,1,0,0,NA,NA,NA,NA,NA,NA,NA,NA,"P5"
"145","Ole Miss","fbs","SEC",2022,4427694,"Casey Kelly",5,3,11,1.66666666666667,0.637621390678079,0.127524278135616,0.21254046355936,17,3.4,5.66666666666667,0.4,3,5,0.6,1,0,NA,NA,NA,NA,NA,NA,NA,NA,"P5"
"145","Ole Miss","fbs","SEC",2022,4428763,"Dayton Wade",24,7,11,3.42857142857143,10.7216002178388,0.446733342409951,1.53165717397697,164,6.83333333333333,23.4285714285714,0.541666666666667,21,24,0.875,2,0,444,402,361,382,110.5,539.5,502.5,499.5,"P5"
"145","Ole Miss","fbs","SEC",2022,4430896,"J.J. Pegues",1,1,11,1,3.6220757706048,3.6220757706048,3.6220757706048,1,1,1,1,1,1,1,1,0,NA,NA,NA,NA,NA,NA,NA,NA,"P5"
"145","Ole Miss","fbs","SEC",2022,4431466,"Jordan Watkins",43,10,11,4.3,17.8383430674505,0.414845187615129,1.78383430674505,404,9.3953488372093,40.4,0.581395348837209,36,43,0.837209302325581,1,0,330,361,381,290,186.5,237.5,282,272,"P5"
"145","Ole Miss","fbs","SEC",2022,4594749,"Michael Trigg",16,5,11,3.2,4.70934648095828,0.294334155059892,0.941869296191655,128,8,25.6,0.5,12,16,0.75,0,1,NA,NA,NA,NA,NA,NA,NA,NA,"P5"
"145","Ole Miss","fbs","SEC",2022,4683536,"JJ Henry",5,3,11,1.66666666666667,-0.0144510416818378,-0.00289020833636755,-0.00481701389394592,33,6.6,11,0.4,2,5,0.4,0,0,NA,NA,NA,NA,NA,NA,NA,NA,"P5"
"145","Ole Miss","fbs","SEC",2022,4685035,"Zach Evans",11,6,11,1.83333333333333,5.87182002551798,0.533801820501634,0.978636670919663,93,8.45454545454546,15.5,0.454545454545455,8,11,0.727272727272727,1,0,NA,NA,NA,NA,NA,NA,NA,NA,"P5"
"145","Ole Miss","fbs","SEC",2022,4685702,"Quinshon Judkins",17,9,11,1.88888888888889,6.83934334445345,0.402314314379615,0.759927038272606,105,6.17647058823529,11.6666666666667,0.529411764705882,13,17,0.764705882352941,1,1,NA,NA,NA,NA,NA,NA,NA,NA,"P5"
"145","Ole Miss","fbs","SEC",2022,4689114,"Jaxson Dart",4,3,11,1.33333333333333,11.1217588055348,2.78043970138369,3.70725293517825,83,20.75,27.6666666666667,1,4,4,1,4,0,NA,NA,NA,NA,NA,NA,NA,NA,"P5"
"145","Ole Miss","fbs","SEC",2022,4689334,"Malik Heath",55,10,11,5.5,53.3965694604208,0.970846717462196,5.33965694604208,751,13.6545454545455,75.1,0.745454545454545,48,55,0.872727272727273,2,0,46,47,73,33,114,52,35,45,"P5"
"145","Ole Miss","fbs","SEC",2022,4875076,"Qua Davis",1,1,11,1,-0.138498155964132,-0.138498155964132,-0.138498155964132,2,2,2,0,1,1,1,0,0,NA,NA,NA,NA,NA,NA,NA,NA,"P5"
"150","Duke","fbs","ACC",2022,4428803,"Jordan Waters",15,8,11,1.875,2.46048810114412,0.164032540076275,0.307561012643016,95,6.33333333333333,11.875,0.466666666666667,14,15,0.933333333333333,0,0,NA,NA,NA,NA,NA,NA,NA,NA,"P5"
"150","Duke","fbs","ACC",2022,4429362,"Jalon Calhoun",75,10,11,7.5,34.7575371546889,0.463433828729185,3.47575371546889,824,10.9866666666667,82.4,0.52,56,75,0.746666666666667,4,1,151,165,354,418,375,34,151,32,"P5"
"150","Duke","fbs","ACC",2022,4429470,"Nicky Dalmolin",23,8,11,2.875,5.36384852012413,0.233210805222788,0.670481065015516,132,5.73913043478261,16.5,0.347826086956522,20,23,0.869565217391304,3,0,501,502,484,571.5,121,569,547,569,"P5"
"150","Duke","fbs","ACC",2022,4429742,"Darrell Harding Jr.",1,1,11,1,0.0145281177052818,0.0145281177052818,0.0145281177052818,5,5,5,1,1,1,1,0,0,NA,NA,NA,NA,NA,NA,NA,NA,"P5"
"150","Duke","fbs","ACC",2022,4430288,"Eli Pancol",30,7,11,4.28571428571429,5.36455386824018,0.178818462274673,0.766364838320026,259,8.63333333333333,37,0.4,19,30,0.633333333333333,0,1,500,492,504,548.5,528,411,358,316.5,"P5"
"150","Duke","fbs","ACC",2022,4433880,"Jontavis Robertson",13,6,11,2.16666666666667,18.0860038421538,1.39123106478106,3.0143339736923,176,13.5384615384615,29.3333333333333,0.846153846153846,13,13,1,1,0,NA,NA,NA,NA,NA,NA,NA,NA,"P5"
"150","Duke","fbs","ACC",2022,4565296,"Cole Finney",3,2,11,1.5,1.40829081728567,0.469430272428558,0.704145408642837,35,11.6666666666667,17.5,0.666666666666667,3,3,1,0,0,NA,NA,NA,NA,NA,NA,NA,NA,"P5"
"150","Duke","fbs","ACC",2022,4568233,"Jaylen Coleman",4,3,11,1.33333333333333,4.803254467088,1.200813616772,1.60108482236267,45,11.25,15,0.5,4,4,1,1,0,NA,NA,NA,NA,NA,NA,NA,NA,"P5"
"150","Duke","fbs","ACC",2022,4594444,"Jordan Moore",61,11,11,5.54545454545455,44.2807004838316,0.725913122685764,4.02551822580287,561,9.19672131147541,51,0.590163934426229,50,61,0.819672131147541,2,0,72,102,180,263.5,220,128,298,180,"P5"
"150","Duke","fbs","ACC",2022,4612246,"Sahmir Hagans",36,8,11,4.5,20.5507402879291,0.57085389688692,2.56884253599114,320,8.88888888888889,40,0.583333333333333,25,36,0.694444444444444,5,0,298,263,281,281.5,451,337,328,281,"P5"
"150","Duke","fbs","ACC",2022,4683423,"Riley Leonard",1,1,11,1,4.55335291820582,4.55335291820582,4.55335291820582,49,49,49,1,1,1,1,1,0,NA,NA,NA,NA,NA,NA,NA,NA,"P5"
"150","Duke","fbs","ACC",2022,4686328,"Malik Bowen-Sims",2,2,11,1,2.25663083036811,1.12831541518406,1.12831541518406,18,9,9,1,2,2,1,0,0,NA,NA,NA,NA,NA,NA,NA,NA,"P5"
"150","Duke","fbs","ACC",2022,4708487,"Jaquez Moore",7,5,11,1.4,1.11964864896438,0.159949806994911,0.223929729792875,49,7,9.8,0.571428571428571,6,7,0.857142857142857,0,0,NA,NA,NA,NA,NA,NA,NA,NA,"P5"
"150","Duke","fbs","ACC",2022,4869820,"Terry Moore",4,2,11,2,-1.07070567889693,-0.267676419724234,-0.535352839448467,18,4.5,9,0.25,3,4,0.75,0,0,NA,NA,NA,NA,NA,NA,NA,NA,"P5"
"151","East Carolina","fbs","American Athletic",2022,4241387,"Ryan Jones",27,8,11,3.375,17.4222531561351,0.645268635412413,2.17778164451689,250,9.25925925925926,31.25,0.666666666666667,26,27,0.962962962962963,0,0,342,317,238,123.5,14,422.5,293,394,"G5"
"151","East Carolina","fbs","American Athletic",2022,4247942,"Isaiah Winstead",79,11,11,7.18181818181818,67.9819956597618,0.860531590629897,6.18018142361471,841,10.6455696202532,76.4545454545455,0.645569620253165,71,79,0.89873417721519,4,2,19,25,111,153,72,30,179,42,"G5"
"151","East Carolina","fbs","American Athletic",2022,4360131,"Holton Ahlers",5,3,11,1.66666666666667,23.9491068038316,4.78982136076632,7.98303560127719,198,39.6,66,1,5,5,1,5,0,NA,NA,NA,NA,NA,NA,NA,NA,"G5"
"151","East Carolina","fbs","American Athletic",2022,4379405,"Jaylen Johnson",27,7,11,3.85714285714286,17.5969758391306,0.651739845893725,2.51385369130437,202,7.48148148148148,28.8571428571429,0.518518518518518,18,27,0.666666666666667,1,0,335,271,231,422,499.5,495.5,464,428,"G5"
"151","East Carolina","fbs","American Athletic",2022,4431368,"Tyler Savage",1,1,11,1,1.55590926337567,1.55590926337567,1.55590926337567,24,24,24,1,1,1,1,0,0,NA,NA,NA,NA,NA,NA,NA,NA,"G5"
"151","East Carolina","fbs","American Athletic",2022,4567458,"C.J. Johnson",59,11,11,5.36363636363636,67.9761569469987,1.15213825333896,6.17965063154533,771,13.0677966101695,70.0909090909091,0.711864406779661,53,59,0.898305084745763,7,0,20,26,31,65.5,74,45.5,48,63.5,"G5"
"151","East Carolina","fbs","American Athletic",2022,4567470,"Jsi Hatfield",11,5,11,2.2,14.4227267571298,1.31115697792089,2.88454535142596,181,16.4545454545455,36.2,0.727272727272727,10,11,0.909090909090909,0,0,NA,NA,NA,NA,NA,NA,NA,NA,"G5"
"151","East Carolina","fbs","American Athletic",2022,4569653,"Shane Calhoun",17,7,11,2.42857142857143,4.67450135889197,0.274970668170116,0.667785908413139,96,5.64705882352941,13.7142857142857,0.529411764705882,17,17,1,1,0,NA,NA,NA,NA,NA,NA,NA,NA,"G5"
"151","East Carolina","fbs","American Athletic",2022,4590347,"Rahjai Harris",11,4,11,2.75,-3.4606067363905,-0.314600612399136,-0.865151684097624,68,6.18181818181818,17,0.363636363636364,8,11,0.727272727272727,0,0,NA,NA,NA,NA,NA,NA,NA,NA,"G5"
"151","East Carolina","fbs","American Athletic",2022,4596334,"Keaton Mitchell",24,9,11,2.66666666666667,2.20684798714383,0.0919519994643263,0.24520533190487,161,6.70833333333333,17.8888888888889,0.625,23,24,0.958333333333333,0,0,532,535,529,187.5,21,545,513,559,"G5"
"151","East Carolina","fbs","American Athletic",2022,4690351,"Kerry King",6,5,11,1.2,1.44388538909766,0.24064756484961,0.288777077819532,40,6.66666666666667,8,0.5,5,6,0.833333333333333,0,0,NA,NA,NA,NA,NA,NA,NA,NA,"G5"
"151","East Carolina","fbs","American Athletic",2022,4794107,"Marlon Gunn",16,7,11,2.28571428571429,-2.03986794764902,-0.127491746728064,-0.291409706807003,75,4.6875,10.7142857142857,0.3125,13,16,0.8125,0,0,NA,NA,NA,NA,NA,NA,NA,NA,"G5"
"152","NC State","fbs","ACC",2022,4240121,"Thayer Thomas",68,11,11,6.18181818181818,31.7887220527309,0.467481206657807,2.88988382297554,521,7.66176470588235,47.3636363636364,0.544117647058823,48,68,0.705882352941177,2,0,174,223,343,376,432.5,148.5,448,209,"P5"
"152","NC State","fbs","ACC",2022,4246097,"Jack Chambers",1,1,11,1,-0.114923156532361,-0.114923156532361,-0.114923156532361,5,5,5,0,1,1,1,0,0,NA,NA,NA,NA,NA,NA,NA,NA,"P5"
"152","NC State","fbs","ACC",2022,4361660,"Trent Pennix",12,4,11,3,1.18782975897108,0.0989858132475899,0.29695743974277,104,8.66666666666667,26,0.416666666666667,7,12,0.583333333333333,1,0,NA,NA,NA,NA,NA,NA,NA,NA,"P5"
"152","NC State","fbs","ACC",2022,4361678,"Jasiah Provillon",1,1,11,1,-0.604617177049232,-0.604617177049232,-0.604617177049232,0,0,0,0,0,1,0,0,0,NA,NA,NA,NA,NA,NA,NA,NA,"P5"
"152","NC State","fbs","ACC",2022,4361679,"Devin Carter",40,7,11,5.71428571428571,12.0783587114393,0.301958967785982,1.7254798159199,365,9.125,52.1428571428571,0.475,22,40,0.55,1,1,431,369,451,482.5,572.5,287,306,174,"P5"
"152","NC State","fbs","ACC",2022,4372045,"Darryl Jones",36,11,11,3.27272727272727,14.0773946929766,0.391038741471572,1.27976315390696,236,6.55555555555556,21.4545454545455,0.583333333333333,27,36,0.75,3,0,395,436,396,281.5,365,446,520.5,525,"P5"
"152","NC State","fbs","ACC",2022,4427789,"Keyon Lesane",37,10,11,3.7,14.8013681076615,0.400036975882742,1.48013681076615,286,7.72972972972973,28.6,0.540540540540541,27,37,0.72972972972973,2,1,380,409,389,385.5,401.5,370,446,435,"P5"
"152","NC State","fbs","ACC",2022,4428018,"Delbert Mimms III",3,2,11,1.5,-0.461820124187218,-0.153940041395739,-0.230910062093609,11,3.66666666666667,5.5,0.333333333333333,3,3,1,0,0,NA,NA,NA,NA,NA,NA,NA,NA,"P5"
"152","NC State","fbs","ACC",2022,4430598,"Christopher Toudle",8,5,11,1.6,1.60674604596054,0.200843255745067,0.321349209192108,54,6.75,10.8,0.25,7,8,0.875,0,0,NA,NA,NA,NA,NA,NA,NA,NA,"P5"
"152","NC State","fbs","ACC",2022,4430846,"Porter Rooks",20,6,11,3.33333333333333,5.51515368948764,0.275757684474382,0.919192281581273,125,6.25,20.8333333333333,0.6,16,20,0.8,1,0,NA,NA,NA,NA,NA,NA,NA,NA,"P5"
"152","NC State","fbs","ACC",2022,4431091,"Ben Finley",2,1,11,2,7.21362286623445,3.60681143311723,7.21362286623445,54,27,54,1,2,2,1,2,0,NA,NA,NA,NA,NA,NA,NA,NA,"P5"
"152","NC State","fbs","ACC",2022,4568312,"Jordan Houston",34,9,11,3.77777777777778,-9.16091454522907,-0.269438663094973,-1.01787939391434,163,4.79411764705882,18.1111111111111,0.352941176470588,22,34,0.647058823529412,0,0,588,588,589,568,515.5,542,577,558,"P5"
"152","NC State","fbs","ACC",2022,4568316,"DeMarcus Jones II",3,2,11,1.5,-0.383127660106905,-0.127709220035635,-0.191563830053452,17,5.66666666666667,8.5,0.333333333333333,3,3,1,0,0,NA,NA,NA,NA,NA,NA,NA,NA,"P5"
"152","NC State","fbs","ACC",2022,4606195,"Demie Sumo",13,4,11,3.25,7.16894384926982,0.551457219174601,1.79223596231745,169,13,42.25,0.615384615384615,12,13,0.923076923076923,1,2,NA,NA,NA,NA,NA,NA,NA,NA,"P5"
"152","NC State","fbs","ACC",2022,4677280,"Julian Gray",8,5,11,1.6,3.46324024870486,0.432905031088108,0.692648049740972,50,6.25,10,0.5,6,8,0.75,0,0,NA,NA,NA,NA,NA,NA,NA,NA,"P5"
"152","NC State","fbs","ACC",2022,4684528,"Cedric Seabrough",8,4,11,2,-2.57857177402993,-0.322321471753741,-0.644642943507481,22,2.75,5.5,0.375,5,8,0.625,1,0,NA,NA,NA,NA,NA,NA,NA,NA,"P5"
"152","NC State","fbs","ACC",2022,4685237,"Michael Allen",8,4,11,2,0.912517728377652,0.114064716047206,0.228129432094413,58,7.25,14.5,0.375,7,8,0.875,1,0,NA,NA,NA,NA,NA,NA,NA,NA,"P5"
"152","NC State","fbs","ACC",2022,4685488,"MJ Morris",4,2,11,2,7.60007658765478,1.9000191469137,3.80003829382739,62,15.5,31,0.75,4,4,1,3,1,NA,NA,NA,NA,NA,NA,NA,NA,"P5"
"152","NC State","fbs","ACC",2022,4710661,"Chandler Zavala",1,1,11,1,-0.83883889314542,-0.83883889314542,-0.83883889314542,0,0,0,0,1,1,1,0,0,NA,NA,NA,NA,NA,NA,NA,NA,"P5"
"152","NC State","fbs","ACC",2022,4892983,"Terrell Timmons Jr.",4,2,11,2,3.23428313398835,0.808570783497088,1.61714156699418,51,12.75,25.5,0.5,2,4,0.5,0,0,NA,NA,NA,NA,NA,NA,NA,NA,"P5"
"153","North Carolina","fbs","ACC",2022,4373266,"Antoine Green",60,9,12,6.66666666666667,57.2437616029165,0.954062693381942,6.36041795587962,780,13,86.6666666666667,0.583333333333333,41,60,0.683333333333333,6,0,37,20,79,281.5,470,42,51,16,"P5"
"153","North Carolina","fbs","ACC",2022,4428050,"Kamari Morales",38,12,12,3.16666666666667,9.86657217073105,0.25964663607187,0.822214347560921,270,7.10526315789474,22.5,0.578947368421053,26,38,0.684210526315789,2,0,451,482,471,295.5,468.5,394.5,494,512,"P5"
"153","North Carolina","fbs","ACC",2022,4428167,"Justin Olson",1,1,12,1,-0.188169998535486,-0.188169998535486,-0.188169998535486,4,4,4,0,1,1,1,0,0,NA,NA,NA,NA,NA,NA,NA,NA,"P5"
"153","North Carolina","fbs","ACC",2022,4431045,"John Copenhaver",12,5,12,2.4,6.27242243516683,0.522701869597236,1.25448448703337,154,12.8333333333333,30.8,0.666666666666667,10,12,0.833333333333333,0,0,NA,NA,NA,NA,NA,NA,NA,NA,"P5"
"153","North Carolina","fbs","ACC",2022,4431452,"Drake Maye",4,3,12,1.33333333333333,15.1843686509217,3.79609216273044,5.06145621697392,87,21.75,29,0.75,3,4,0.75,3,0,NA,NA,NA,NA,NA,NA,NA,NA,"P5"
"153","North Carolina","fbs","ACC",2022,4431505,"Kobe Paysour",23,9,12,2.55555555555556,9.7716830995244,0.424855786935843,1.08574256661382,191,8.30434782608696,21.2222222222222,0.739130434782609,20,23,0.869565217391304,2,1,453,454,375,39.5,121,505,386,527,"P5"
"153","North Carolina","fbs","ACC",2022,4432664,"Gavin Blackwell",25,10,12,2.5,8.92067689531142,0.356827075812457,0.892067689531142,203,8.12,20.3,0.52,14,25,0.56,0,0,464,477,419,418,567,493.5,405,541.5,"P5"
"153","North Carolina","fbs","ACC",2022,4595341,"Caleb Hood",12,5,12,2.4,11.1019130138354,0.925159417819615,2.22038260276708,104,8.66666666666667,20.8,0.666666666666667,11,12,0.916666666666667,1,0,NA,NA,NA,NA,NA,NA,NA,NA,"P5"
"153","North Carolina","fbs","ACC",2022,4596596,"J.J. Jones",39,11,12,3.54545454545455,18.7813636660972,0.481573427335827,1.70739669691793,392,10.0512820512821,35.6363636363636,0.487179487179487,20,39,0.512820512820513,2,0,322,374,333,457,587,249,232,327.5,"P5"
"153","North Carolina","fbs","ACC",2022,4602969,"Bryson Nesbit",39,10,12,3.9,35.17985954686,0.902047680688717,3.517985954686,425,10.8974358974359,42.5,0.666666666666667,29,39,0.743589743589744,2,0,144,162,96,123.5,382.5,218.5,157,245,"P5"
"153","North Carolina","fbs","ACC",2022,4685382,"Omarion Hampton",6,5,12,1.2,5.37199813343498,0.895333022239164,1.074399626687,44,7.33333333333333,8.8,0.666666666666667,6,6,1,1,1,NA,NA,NA,NA,NA,NA,NA,NA,"P5"
"153","North Carolina","fbs","ACC",2022,4685494,"George Pettaway",6,4,12,1.5,-1.45258421960877,-0.242097369934795,-0.363146054902193,26,4.33333333333333,6.5,0.333333333333333,4,6,0.666666666666667,0,0,NA,NA,NA,NA,NA,NA,NA,NA,"P5"
"153","North Carolina","fbs","ACC",2022,4688813,"Josh Downs",104,10,12,10.4,70.6609002826312,0.679431733486839,7.06609002826312,934,8.98076923076923,93.4,0.605769230769231,83,104,0.798076923076923,9,1,13,10,213,226,265,17,319,8,"P5"
"153","North Carolina","fbs","ACC",2022,4688817,"Elijah Green",20,7,12,2.85714285714286,-0.395594664319855,-0.0197797332159927,-0.0565135234742649,117,5.85,16.7142857142857,0.45,17,20,0.85,1,0,NA,NA,NA,NA,NA,NA,NA,NA,"P5"
"153","North Carolina","fbs","ACC",2022,4688818,"D.J. Jones",12,6,12,2,0.538733909121864,0.044894492426822,0.0897889848536439,89,7.41666666666667,14.8333333333333,0.25,9,12,0.75,1,0,NA,NA,NA,NA,NA,NA,NA,NA,"P5"
"154","Wake Forest","fbs","ACC",2022,4244877,"Jaeger Bull",7,3,11,2.33333333333333,3.32750726049327,0.475358180070467,1.10916908683109,43,6.14285714285714,14.3333333333333,0.714285714285714,5,7,0.714285714285714,0,0,NA,NA,NA,NA,NA,NA,NA,NA,"P5"
"154","Wake Forest","fbs","ACC",2022,4362018,"Blake Whiteheart",28,9,11,3.11111111111111,19.9538516654933,0.712637559481905,2.21709462949926,240,8.57142857142857,26.6666666666667,0.642857142857143,22,28,0.785714285714286,2,0,306,313,188,157,290,437.5,361,458.5,"P5"
"154","Wake Forest","fbs","ACC",2022,4362019,"A.T. Perry",96,11,11,8.72727272727273,65.5718655166494,0.683040265798431,5.96107868333176,918,9.5625,83.4545454545455,0.625,66,96,0.6875,10,0,24,34,209,187.5,465,20,268,28,"P5"
"154","Wake Forest","fbs","ACC",2022,4372073,"Christian Turner",4,3,11,1.33333333333333,0.427471704479992,0.106867926119998,0.142490568159997,21,5.25,7,0.5,3,4,0.75,1,0,NA,NA,NA,NA,NA,NA,NA,NA,"P5"
"154","Wake Forest","fbs","ACC",2022,4429439,"Quinton Cooley",1,1,11,1,1.05528194229354,1.05528194229354,1.05528194229354,10,10,10,1,1,1,1,0,0,NA,NA,NA,NA,NA,NA,NA,NA,"P5"
"154","Wake Forest","fbs","ACC",2022,4429618,"Justice Ellison",6,6,11,1,3.88535463760587,0.647559106267645,0.647559106267645,58,9.66666666666667,9.66666666666667,0.666666666666667,5,6,0.833333333333333,0,0,NA,NA,NA,NA,NA,NA,NA,NA,"P5"
"154","Wake Forest","fbs","ACC",2022,4433829,"Mitch Griffis",1,1,11,1,3.33138827544388,3.33138827544388,3.33138827544388,13,13,13,1,1,1,1,1,0,NA,NA,NA,NA,NA,NA,NA,NA,"P5"
"154","Wake Forest","fbs","ACC",2022,4567033,"Donavon Greene",47,11,11,4.27272727272727,40.6520548619446,0.864937337488182,3.69564135108587,566,12.0425531914894,51.4545454545455,0.638297872340426,32,47,0.680851063829787,6,0,97,142,108,166,478,122,88,177.5,"P5"
"154","Wake Forest","fbs","ACC",2022,4567040,"Cameron Hite",2,2,11,1,1.71005378957017,0.855026894785085,0.855026894785085,20,10,10,0.5,2,2,1,1,0,NA,NA,NA,NA,NA,NA,NA,NA,"P5"
"154","Wake Forest","fbs","ACC",2022,4567044,"Taylor Morin",53,10,11,5.3,36.3253610921363,0.685384171549742,3.63253610921363,470,8.86792452830189,47,0.509433962264151,40,53,0.754716981132076,6,0,135,150,207,437.5,352,182,331,213,"P5"
"154","Wake Forest","fbs","ACC",2022,4570738,"Ke'Shawn Williams",49,11,11,4.45454545454545,44.1459003082308,0.900936740984302,4.01326366438462,565,11.530612244898,51.3636363636364,0.693877551020408,37,49,0.755102040816326,1,0,74,104,98,88,350,125,118,179,"P5"
"154","Wake Forest","fbs","ACC",2022,4571935,"Jahmal Banks",48,10,11,4.8,50.0503496314626,1.04271561732214,5.00503496314626,550,11.4583333333333,55,0.729166666666667,38,48,0.791666666666667,7,0,56,59,51,48.5,276.5,134,123,151.5,"P5"
"154","Wake Forest","fbs","ACC",2022,4590624,"Trey Boll",1,1,11,1,4.98327038830801,4.98327038830801,4.98327038830801,5,5,5,1,1,1,1,1,0,NA,NA,NA,NA,NA,NA,NA,NA,"P5"
"154","Wake Forest","fbs","ACC",2022,4611987,"Jackson Hensley",1,1,11,1,3.07395408704856,3.07395408704856,3.07395408704856,15,15,15,1,1,1,1,0,0,NA,NA,NA,NA,NA,NA,NA,NA,"P5"
"154","Wake Forest","fbs","ACC",2022,4874361,"Trent Nicholson",3,1,11,3,-1.15760849793435,-0.38586949931145,-1.15760849793435,10,3.33333333333333,10,0,2,3,0.666666666666667,0,0,NA,NA,NA,NA,NA,NA,NA,NA,"P5"
"154","Wake Forest","fbs","ACC",2022,4888723,"Wesley Grimes",3,2,11,1.5,-0.162592416385228,-0.0541974721284095,-0.0812962081926142,14,4.66666666666667,7,0.666666666666667,2,3,0.666666666666667,0,0,NA,NA,NA,NA,NA,NA,NA,NA,"P5"
"158","Nebraska","fbs","Big Ten",2022,4241798,"Omar Manning",2,2,11,1,1.29073119562786,0.645365597813929,0.645365597813929,12,6,6,1,2,2,1,0,0,NA,NA,NA,NA,NA,NA,NA,NA,"P5"
"158","Nebraska","fbs","Big Ten",2022,4250802,"Chance Brewington",12,8,11,1.5,3.408470007052,0.284039167254333,0.4260587508815,103,8.58333333333333,12.875,0.5,10,12,0.833333333333333,0,0,NA,NA,NA,NA,NA,NA,NA,NA,"P5"
"158","Nebraska","fbs","Big Ten",2022,4258189,"Oliver Martin",12,7,11,1.71428571428571,15.854436158067,1.32120301317225,2.26491945115243,195,16.25,27.8571428571429,0.833333333333333,11,12,0.916666666666667,1,0,NA,NA,NA,NA,NA,NA,NA,NA,"P5"
"158","Nebraska","fbs","Big Ten",2022,4259324,"Travis Vokolek",29,8,11,3.625,16.0133741268677,0.552185314719575,2.00167176585846,240,8.27586206896552,30,0.551724137931034,20,29,0.689655172413793,2,0,366,338,291,357.5,460.5,437.5,389,408,"P5"
"158","Nebraska","fbs","Big Ten",2022,4361160,"Brody Belt",7,4,11,1.75,3.50630721144148,0.500901030205926,0.876576802860371,64,9.14285714285714,16,0.571428571428571,7,7,1,1,0,NA,NA,NA,NA,NA,NA,NA,NA,"P5"
"158","Nebraska","fbs","Big Ten",2022,4361181,"Wyatt Liewer",3,2,11,1.5,-0.0682902212334446,-0.0227634070778149,-0.0341451106167223,18,6,9,0.666666666666667,2,3,0.666666666666667,0,0,NA,NA,NA,NA,NA,NA,NA,NA,"P5"
"158","Nebraska","fbs","Big Ten",2022,4362073,"Casey Thompson",1,1,11,1,2.95096176835797,2.95096176835797,2.95096176835797,32,32,32,1,1,1,1,1,0,NA,NA,NA,NA,NA,NA,NA,NA,"P5"
"158","Nebraska","fbs","Big Ten",2022,4363033,"Anthony Grant",22,10,11,2.2,-2.8442346370786,-0.129283392594482,-0.28442346370786,104,4.72727272727273,10.4,0.318181818181818,17,22,0.772727272727273,0,0,569,565,575,585,311,585.5,580,590,"P5"
"158","Nebraska","fbs","Big Ten",2022,4426407,"Trey Palmer",88,11,11,8,59.6697402339699,0.678065229931476,5.42452183945181,981,11.1477272727273,89.1818181818182,0.602272727272727,66,88,0.75,8,2,34,44,215,232,365,11,141,12,"P5"
"158","Nebraska","fbs","Big Ten",2022,4427609,"Rahmir Johnson",1,1,11,1,-0.667732210781878,-0.667732210781878,-0.667732210781878,7,7,7,0,1,1,1,0,0,NA,NA,NA,NA,NA,NA,NA,NA,"P5"
"158","Nebraska","fbs","Big Ten",2022,4431550,"Tommi Hill",1,1,11,1,-0.753435472246858,-0.753435472246858,-0.753435472246858,0,0,0,0,0,1,0,0,0,NA,NA,NA,NA,NA,NA,NA,NA,"P5"
"158","Nebraska","fbs","Big Ten",2022,4572454,"Marcus Washington",36,11,11,3.27272727272727,39.9423472535228,1.10950964593119,3.63112247759298,440,12.2222222222222,40,0.777777777777778,29,36,0.805555555555556,1,0,104,152,35,20,247,208.5,79,281,"P5"
"158","Nebraska","fbs","Big Ten",2022,4595354,"Gabe Ervin",2,2,11,1,-0.397930405693372,-0.198965202846686,-0.198965202846686,8,4,4,0.5,1,2,0.5,0,0,NA,NA,NA,NA,NA,NA,NA,NA,"P5"
"158","Nebraska","fbs","Big Ten",2022,4605477,"Alante Brown",20,8,11,2.5,13.0998614967303,0.654993074836517,1.63748268709129,164,8.2,20.5,0.55,14,20,0.7,0,0,NA,NA,NA,NA,NA,NA,NA,NA,"P5"
"158","Nebraska","fbs","Big Ten",2022,4686248,"Nate Boerkircher",4,4,11,1,0.0449808883143348,0.0112452220785837,0.0112452220785837,20,5,5,0.5,4,4,1,0,0,NA,NA,NA,NA,NA,NA,NA,NA,"P5"
"158","Nebraska","fbs","Big Ten",2022,4687555,"Isaiah Garcia-Castaneda",4,2,11,2,0.229926940873064,0.057481735218266,0.114963470436532,88,22,44,0.5,4,4,1,0,2,NA,NA,NA,NA,NA,NA,NA,NA,"P5"
"158","Nebraska","fbs","Big Ten",2022,4878394,"Ajay Allen",2,1,11,2,1.22115811070974,0.610579055354872,1.22115811070974,9,4.5,9,0.5,1,2,0.5,0,0,NA,NA,NA,NA,NA,NA,NA,NA,"P5"
"164","Rutgers","fbs","Big Ten",2022,4259304,"Shameen Jones",20,8,11,2.5,25.3775108363477,1.26887554181739,3.17218885454347,233,11.65,29.125,0.7,16,20,0.8,2,0,NA,NA,NA,NA,NA,NA,NA,NA,"P5"
"164","Rutgers","fbs","Big Ten",2022,4360204,"Johnny Langan",32,10,11,3.2,17.5668747385872,0.54896483558085,1.75668747385872,268,8.375,26.8,0.53125,26,32,0.8125,0,0,337,364,293,398,231.5,398.5,378,455.5,"P5"
"164","Rutgers","fbs","Big Ten",2022,4360972,"Sean Ryan",31,11,11,2.81818181818182,44.425545886889,1.43308212538352,4.03868598971719,440,14.1935483870968,40,0.774193548387097,26,31,0.838709677419355,3,0,71,99,7,22,184,208.5,27,281,"P5"
"164","Rutgers","fbs","Big Ten",2022,4361556,"Aron Cruickshank",45,10,11,4.5,14.6373546878646,0.325274548619214,1.46373546878646,341,7.57777777777778,34.1,0.466666666666667,37,45,0.822222222222222,1,0,383,413,437,493.5,213,311,456,357,"P5"
"164","Rutgers","fbs","Big Ten",2022,4361952,"Taj Harris",1,1,11,1,1.3947825716259,1.3947825716259,1.3947825716259,9,9,9,1,1,1,1,0,0,NA,NA,NA,NA,NA,NA,NA,NA,"P5"
"164","Rutgers","fbs","Big Ten",2022,4367207,"Matt Alaimo",2,2,11,1,0.486944017901371,0.243472008950685,0.243472008950685,13,6.5,6.5,0.5,2,2,1,0,0,NA,NA,NA,NA,NA,NA,NA,NA,"P5"
"164","Rutgers","fbs","Big Ten",2022,4428969,"Joshua Youngblood",2,2,11,1,-1.20432377003434,-0.602161885017169,-0.602161885017169,5,2.5,2.5,0,1,2,0.5,0,0,NA,NA,NA,NA,NA,NA,NA,NA,"P5"
"164","Rutgers","fbs","Big Ten",2022,4430235,"Chris Long",14,10,11,1.4,3.74786062218194,0.267704330155853,0.374786062218194,131,9.35714285714286,13.1,0.571428571428571,13,14,0.928571428571429,0,0,NA,NA,NA,NA,NA,NA,NA,NA,"P5"
"164","Rutgers","fbs","Big Ten",2022,4574722,"Christian Dremel",1,1,11,1,-0.407835269397862,-0.407835269397862,-0.407835269397862,3,3,3,0,1,1,1,0,0,NA,NA,NA,NA,NA,NA,NA,NA,"P5"
"164","Rutgers","fbs","Big Ten",2022,4574730,"Isaiah Washington",2,1,11,2,0.895085383574845,0.447542691787423,0.895085383574845,16,8,16,0.5,2,2,1,0,0,NA,NA,NA,NA,NA,NA,NA,NA,"P5"
"164","Rutgers","fbs","Big Ten",2022,4574732,"Aaron Young",1,1,11,1,2.96253666721779,2.96253666721779,2.96253666721779,18,18,18,1,1,1,1,1,0,NA,NA,NA,NA,NA,NA,NA,NA,"P5"
"164","Rutgers","fbs","Big Ten",2022,4606669,"Victor Konopka",1,1,11,1,2.35160769711918,2.35160769711918,2.35160769711918,17,17,17,1,1,1,1,0,0,NA,NA,NA,NA,NA,NA,NA,NA,"P5"
"164","Rutgers","fbs","Big Ten",2022,4608686,"Kyle Monangai",6,3,11,2,-1.55280162583318,-0.258800270972197,-0.517600541944394,24,4,8,0.666666666666667,5,6,0.833333333333333,0,0,NA,NA,NA,NA,NA,NA,NA,NA,"P5"
"164","Rutgers","fbs","Big Ten",2022,4682653,"Al-Shadee Salaam",7,4,11,1.75,-2.64071047916728,-0.377244354166755,-0.660177619791821,23,3.28571428571429,5.75,0.285714285714286,7,7,1,0,0,NA,NA,NA,NA,NA,NA,NA,NA,"P5"
"164","Rutgers","fbs","Big Ten",2022,4682748,"Max Patterson",2,1,11,2,0.461311504413937,0.230655752206968,0.461311504413937,6,3,6,0.5,2,2,1,0,0,NA,NA,NA,NA,NA,NA,NA,NA,"P5"
"164","Rutgers","fbs","Big Ten",2022,4700149,"Rashad Rochelle",1,1,11,1,-1.44273180829436,-1.44273180829436,-1.44273180829436,-2,-2,-2,0,0,1,0,0,0,NA,NA,NA,NA,NA,NA,NA,NA,"P5"
"166","New Mexico State","fbs","FBS Independents",2022,4258661,"Sol Rascon",1,1,10,1,1.82359543315136,1.82359543315136,1.82359543315136,13,13,13,1,1,1,1,0,0,NA,NA,NA,NA,NA,NA,NA,NA,"G5"
"166","New Mexico State","fbs","FBS Independents",2022,4362753,"Dominic Gicinto",3,2,10,1.5,1.53472528115397,0.511575093717989,0.767362640576983,16,5.33333333333333,8,0.666666666666667,2,3,0.666666666666667,0,0,NA,NA,NA,NA,NA,NA,NA,NA,"G5"
"166","New Mexico State","fbs","FBS Independents",2022,4431606,"Ahmonte Watkins",5,3,10,1.66666666666667,0.454819555869736,0.0909639111739472,0.151606518623245,32,6.4,10.6666666666667,0.4,5,5,1,1,0,NA,NA,NA,NA,NA,NA,NA,NA,"G5"
"166","New Mexico State","fbs","FBS Independents",2022,4569954,"Terrell Warner",3,3,10,1,6.50780286011782,2.16926762003927,2.16926762003927,42,14,14,1,3,3,1,1,0,NA,NA,NA,NA,NA,NA,NA,NA,"G5"
"166","New Mexico State","fbs","FBS Independents",2022,4572475,"Eric Marsh",3,3,10,1,11.459052133976,3.81968404465868,3.81968404465868,56,18.6666666666667,18.6666666666667,1,3,3,1,0,0,NA,NA,NA,NA,NA,NA,NA,NA,"G5"
"166","New Mexico State","fbs","FBS Independents",2022,4686145,"Bryce Childress",11,5,10,2.2,0.362043712242765,0.0329130647493423,0.0724087424485531,98,8.90909090909091,19.6,0.454545454545455,11,11,1,0,1,NA,NA,NA,NA,NA,NA,NA,NA,"G5"
"166","New Mexico State","fbs","FBS Independents",2022,4687556,"Justice Powers",12,7,10,1.71428571428571,26.7035410017066,2.22529508347555,3.81479157167238,252,21,36,1,12,12,1,0,0,NA,NA,NA,NA,NA,NA,NA,NA,"G5"
"166","New Mexico State","fbs","FBS Independents",2022,4751388,"Lawrence Dixon",1,1,10,1,0.547273301558412,0.547273301558412,0.547273301558412,11,11,11,1,1,1,1,0,0,NA,NA,NA,NA,NA,NA,NA,NA,"G5"
"166","New Mexico State","fbs","FBS Independents",2022,4832806,"Jonathan Brady",13,6,10,2.16666666666667,8.12025980042471,0.624635369263439,1.35337663340412,137,10.5384615384615,22.8333333333333,0.615384615384615,11,13,0.846153846153846,1,0,NA,NA,NA,NA,NA,NA,NA,NA,"G5"
"166","New Mexico State","fbs","FBS Independents",2022,4872953,"Thomaz Whitford",9,6,10,1.5,5.14232165426396,0.571369072695996,0.857053609043994,58,6.44444444444444,9.66666666666667,0.666666666666667,9,9,1,1,0,NA,NA,NA,NA,NA,NA,NA,NA,"G5"
"166","New Mexico State","fbs","FBS Independents",2022,4909483,"Jordin Parker",7,2,10,3.5,10.5226418654574,1.5032345522082,5.2613209327287,95,13.5714285714286,47.5,0.714285714285714,5,7,0.714285714285714,0,0,NA,NA,NA,NA,NA,NA,NA,NA,"G5"
"166","New Mexico State","fbs","FBS Independents",2022,4916220,"Trevor Stephens",1,1,10,1,3.11912500287394,3.11912500287394,3.11912500287394,18,18,18,1,1,1,1,0,0,NA,NA,NA,NA,NA,NA,NA,NA,"G5"
"166","New Mexico State","fbs","FBS Independents",2022,5084176,"Chris Bellamy",8,7,10,1.14285714285714,11.8340889759739,1.47926112199673,1.69058413942484,95,11.875,13.5714285714286,1,8,8,1,0,0,NA,NA,NA,NA,NA,NA,NA,NA,"G5"
"166","New Mexico State","fbs","FBS Independents",2022,5084178,"Jamoni Jones",12,6,10,2,17.887100048149,1.49059167067908,2.98118334135816,116,9.66666666666667,19.3333333333333,0.833333333333333,10,12,0.833333333333333,1,0,NA,NA,NA,NA,NA,NA,NA,NA,"G5"
"166","New Mexico State","fbs","FBS Independents",2022,5084179,"Star Thomas",9,7,10,1.28571428571429,6.65861556065168,0.739846173405742,0.951230794378811,97,10.7777777777778,13.8571428571429,0.333333333333333,8,9,0.888888888888889,1,0,NA,NA,NA,NA,NA,NA,NA,NA,"G5"
"166","New Mexico State","fbs","FBS Independents",2022,5084181,"Kordell David",18,6,10,3,16.4599447440191,0.914441374667729,2.74332412400319,194,10.7777777777778,32.3333333333333,0.611111111111111,16,18,0.888888888888889,3,0,NA,NA,NA,NA,NA,NA,NA,NA,"G5"
"167","New Mexico","fbs","Mountain West",2022,4360331,"Miles Kendrick",1,1,11,1,6.7224299394944,6.7224299394944,6.7224299394944,69,69,69,1,1,1,1,1,0,NA,NA,NA,NA,NA,NA,NA,NA,"G5"
"167","New Mexico","fbs","Mountain West",2022,4360462,"Geordon Porter",21,6,11,3.5,4.59907588317195,0.219003613484379,0.766512647195326,186,8.85714285714286,31,0.523809523809524,15,21,0.714285714285714,0,0,511,491,490,407.5,421.5,513.5,333.5,398,"G5"
"167","New Mexico","fbs","Mountain West",2022,4365617,"Sherod White",6,4,11,1.5,-0.0738249471350896,-0.0123041578558483,-0.0184562367837724,20,3.33333333333333,5,0.333333333333333,5,6,0.833333333333333,0,0,NA,NA,NA,NA,NA,NA,NA,NA,"G5"
"167","New Mexico","fbs","Mountain West",2022,4374062,"Trae Hall",9,4,11,2.25,1.48840979633033,0.165378866258926,0.372102449082583,83,9.22222222222222,20.75,0.555555555555556,8,9,0.888888888888889,0,0,NA,NA,NA,NA,NA,NA,NA,NA,"G5"
"167","New Mexico","fbs","Mountain West",2022,4374076,"Andrew Erickson",14,7,11,2,1.43995023249636,0.102853588035454,0.205707176070908,110,7.85714285714286,15.7142857142857,0.428571428571429,12,14,0.857142857142857,0,0,NA,NA,NA,NA,NA,NA,NA,NA,"G5"
"167","New Mexico","fbs","Mountain West",2022,4432283,"Jaden Hullaby",1,1,11,1,3.57826124332708,3.57826124332708,3.57826124332708,38,38,38,1,1,1,1,0,0,NA,NA,NA,NA,NA,NA,NA,NA,"G5"
"167","New Mexico","fbs","Mountain West",2022,4432317,"Nathaniel Jones",4,3,11,1.33333333333333,-0.731894621962176,-0.182973655490544,-0.243964873987392,6,1.5,2,0.5,4,4,1,0,0,NA,NA,NA,NA,NA,NA,NA,NA,"G5"
"167","New Mexico","fbs","Mountain West",2022,4432505,"Elijah Queen",10,6,11,1.66666666666667,3.90508279832018,0.390508279832018,0.650847133053363,87,8.7,14.5,0.7,9,10,0.9,0,0,NA,NA,NA,NA,NA,NA,NA,NA,"G5"
"167","New Mexico","fbs","Mountain West",2022,4570090,"Chad Alexander",1,1,11,1,-1.55988738554223,-1.55988738554223,-1.55988738554223,1,1,1,0,1,1,1,0,0,NA,NA,NA,NA,NA,NA,NA,NA,"G5"
"167","New Mexico","fbs","Mountain West",2022,4588466,"Christian Jourdain",2,1,11,2,0.532910662654051,0.266455331327026,0.532910662654051,18,9,18,1,2,2,1,0,0,NA,NA,NA,NA,NA,NA,NA,NA,"G5"
"167","New Mexico","fbs","Mountain West",2022,4613125,"Bobby Wooden",6,4,11,1.5,-0.625053937533278,-0.104175656255546,-0.156263484383319,30,5,7.5,0.5,6,6,1,0,0,NA,NA,NA,NA,NA,NA,NA,NA,"G5"
"167","New Mexico","fbs","Mountain West",2022,4613197,"Donald Jones",6,3,11,2,4.65535347749078,0.775892246248463,1.55178449249693,73,12.1666666666667,24.3333333333333,1,5,6,0.833333333333333,0,0,NA,NA,NA,NA,NA,NA,NA,NA,"G5"
"167","New Mexico","fbs","Mountain West",2022,4613214,"Connor Witthoft",4,3,11,1.33333333333333,0.754359094051051,0.188589773512763,0.25145303135035,23,5.75,7.66666666666667,0.75,3,4,0.75,0,0,NA,NA,NA,NA,NA,NA,NA,NA,"G5"
"167","New Mexico","fbs","Mountain West",2022,4682761,"Luke Wysong",36,10,11,3.6,8.10932839516797,0.225259122087999,0.810932839516797,235,6.52777777777778,23.5,0.416666666666667,31,36,0.861111111111111,0,0,474,486,485,540,139.5,450,523,497.5,"G5"
"167","New Mexico","fbs","Mountain West",2022,4695619,"Austin Erickson",1,1,11,1,0.521167687941793,0.521167687941793,0.521167687941793,12,12,12,1,1,1,1,0,0,NA,NA,NA,NA,NA,NA,NA,NA,"G5"
"167","New Mexico","fbs","Mountain West",2022,4904997,"Jah'Mar Sanders",2,1,11,2,-0.847719777384834,-0.423859888692417,-0.847719777384834,5,2.5,5,0,2,2,1,0,0,NA,NA,NA,NA,NA,NA,NA,NA,"G5"
"167","New Mexico","fbs","Mountain West",2022,4912275,"Christian Washington",9,3,11,3,-4.14267307355458,-0.460297008172732,-1.38089102451819,37,4.11111111111111,12.3333333333333,0.333333333333333,9,9,1,0,0,NA,NA,NA,NA,NA,NA,NA,NA,"G5"
"167","New Mexico","fbs","Mountain West",2022,5082354,"Kade Zimmerman",1,1,11,1,-0.342083059479426,-0.342083059479426,-0.342083059479426,3,3,3,0,1,1,1,0,0,NA,NA,NA,NA,NA,NA,NA,NA,"G5"
"167","New Mexico","fbs","Mountain West",2022,5092306,"Justin Holaday",1,1,11,1,-1.84323960664824,-1.84323960664824,-1.84323960664824,-11,-11,-11,0,1,1,1,0,0,NA,NA,NA,NA,NA,NA,NA,NA,"G5"
"183","Syracuse","fbs","ACC",2022,4039599,"Devaughn Cooper",31,10,11,3.1,13.2019117894234,0.425868122239465,1.32019117894234,294,9.48387096774194,29.4,0.612903225806452,24,31,0.774193548387097,1,0,409,431,373,205.5,307,358.5,274,415,"P5"
"183","Syracuse","fbs","ACC",2022,4363035,"D'Marcus Adams",4,3,11,1.33333333333333,11.2920726238053,2.82301815595132,3.7640242079351,132,33,44,1,4,4,1,1,0,NA,NA,NA,NA,NA,NA,NA,NA,"P5"
"183","Syracuse","fbs","ACC",2022,4426966,"Garrett Shrader",6,3,11,2,20.0152564284808,3.33587607141347,6.67175214282694,183,30.5,61,1,6,6,1,6,0,NA,NA,NA,NA,NA,NA,NA,NA,"P5"
"183","Syracuse","fbs","ACC",2022,4430871,"Sean Tucker",42,10,11,4.2,1.99446232257585,0.0474871981565678,0.199446232257585,246,5.85714285714286,24.6,0.404761904761905,35,42,0.833333333333333,2,0,538,541,544,545,194,429,544,486,"P5"
"183","Syracuse","fbs","ACC",2022,4565172,"Courtney Jackson",17,7,11,2.42857142857143,1.16918666269073,0.0687756860406314,0.167026666098676,141,8.29411764705882,20.1428571428571,0.470588235294118,11,17,0.647058823529412,0,1,NA,NA,NA,NA,NA,NA,NA,NA,"P5"
"183","Syracuse","fbs","ACC",2022,4575862,"Trebor Pena",20,9,11,2.22222222222222,4.01681740268416,0.200840870134208,0.446313044742684,167,8.35,18.5555555555556,0.5,17,20,0.85,0,0,NA,NA,NA,NA,NA,NA,NA,NA,"P5"
"183","Syracuse","fbs","ACC",2022,4595342,"Oronde Gadsden II",52,8,11,6.5,50.5862130990745,0.972811790366817,6.32327663738431,671,12.9038461538462,83.875,0.788461538461538,42,52,0.807692307692308,3,0,55,22,72,16,241.5,78,54,27,"P5"
"183","Syracuse","fbs","ACC",2022,4605489,"Damien Alford",18,8,11,2.25,16.8222709935583,0.934570610753239,2.10278387419479,250,13.8888888888889,31.25,0.666666666666667,14,18,0.777777777777778,0,0,NA,NA,NA,NA,NA,NA,NA,NA,"P5"
"183","Syracuse","fbs","ACC",2022,4608691,"Maximilian Mang",8,6,11,1.33333333333333,-0.273339114691338,-0.0341673893364173,-0.045556519115223,56,7,9.33333333333333,0.375,6,8,0.75,0,0,NA,NA,NA,NA,NA,NA,NA,NA,"P5"
"183","Syracuse","fbs","ACC",2022,4608858,"Dan Villari",1,1,11,1,2.25933994764991,2.25933994764991,2.25933994764991,22,22,22,1,1,1,1,0,0,NA,NA,NA,NA,NA,NA,NA,NA,"P5"
"183","Syracuse","fbs","ACC",2022,4690966,"Isaiah Jones",7,2,11,3.5,1.17869912368601,0.168385589098001,0.589349561843004,35,5,17.5,0.428571428571429,3,7,0.428571428571429,1,0,NA,NA,NA,NA,NA,NA,NA,NA,"P5"
"183","Syracuse","fbs","ACC",2022,4691315,"Umari Hatcher",4,1,11,4,-0.993980118169026,-0.248495029542256,-0.993980118169026,26,6.5,26,0.5,2,4,0.5,0,0,NA,NA,NA,NA,NA,NA,NA,NA,"P5"
"183","Syracuse","fbs","ACC",2022,4911851,"Lequint Allen",6,4,11,1.5,4.3291380170146,0.721523002835767,1.08228450425365,61,10.1666666666667,15.25,0.5,6,6,1,1,0,NA,NA,NA,NA,NA,NA,NA,NA,"P5"
"189","Bowling Green","fbs","Mid-American",2022,4239937,"Matt McDonald",6,4,11,1.5,13.4093613349459,2.23489355582431,3.35234033373647,82,13.6666666666667,20.5,0.833333333333333,6,6,1,5,0,NA,NA,NA,NA,NA,NA,NA,NA,"G5"
"189","Bowling Green","fbs","Mid-American",2022,4239938,"CJ Lewis",33,9,11,3.66666666666667,14.4157847939672,0.436841963453552,1.60175386599636,261,7.90909090909091,29,0.515151515151515,21,33,0.636363636363636,0,0,389,389,365,427.5,522.5,406,428,423,"G5"
"189","Bowling Green","fbs","Mid-American",2022,4426684,"Andrew Bench",7,6,11,1.16666666666667,4.23738807687038,0.605341153838625,0.706231346145063,57,8.14285714285714,9.5,0.571428571428571,6,7,0.857142857142857,1,0,NA,NA,NA,NA,NA,NA,NA,NA,"G5"
"189","Bowling Green","fbs","Mid-American",2022,4428501,"Christian Sims",42,9,11,4.66666666666667,11.6899860835181,0.278333001988525,1.29888734261312,326,7.76190476190476,36.2222222222222,0.452380952380952,30,42,0.714285714285714,1,0,434,434,466,508.5,421.5,329.5,442,323,"G5"
"189","Bowling Green","fbs","Mid-American",2022,4429313,"Tyrone Broden Jr.",40,10,11,4,29.8116157977669,0.745290394944172,2.98116157977669,354,8.85,35.4,0.55,26,40,0.65,3,0,199,210,168,364.5,513,298,336,330,"G5"
"189","Bowling Green","fbs","Mid-American",2022,4433825,"Levi Gazarek",3,3,11,1,-1.33191740795053,-0.443972469316844,-0.443972469316844,12,4,4,0.333333333333333,3,3,1,0,0,NA,NA,NA,NA,NA,NA,NA,NA,"G5"
"189","Bowling Green","fbs","Mid-American",2022,4433847,"Griffin Little",2,2,11,1,1.72489671078073,0.862448355390366,0.862448355390366,17,8.5,8.5,0.5,2,2,1,0,0,NA,NA,NA,NA,NA,NA,NA,NA,"G5"
"189","Bowling Green","fbs","Mid-American",2022,4570428,"PaSean Wimberly",1,1,11,1,-1.52295823210083,-1.52295823210083,-1.52295823210083,0,0,0,0,0,1,0,0,0,NA,NA,NA,NA,NA,NA,NA,NA,"G5"
"189","Bowling Green","fbs","Mid-American",2022,4575831,"Taron Keith",27,9,11,3,8.20245331794934,0.303794567331457,0.911383701994371,200,7.40740740740741,22.2222222222222,0.481481481481481,23,27,0.851851851851852,2,0,472,474,449,467,156.5,498,470,515,"G5"
"189","Bowling Green","fbs","Mid-American",2022,4577516,"Cavon Croom",20,8,11,2.5,13.7404982755197,0.687024913775983,1.71756228443996,139,6.95,17.375,0.65,16,20,0.8,1,0,NA,NA,NA,NA,NA,NA,NA,NA,"G5"
"189","Bowling Green","fbs","Mid-American",2022,4578462,"Odieu Hilaire",51,10,11,5.1,36.3142343541239,0.712043810865175,3.63142343541239,565,11.078431372549,56.5,0.509803921568627,41,51,0.803921568627451,2,0,136,151,190,436,254,125,145,137.5,"G5"
"189","Bowling Green","fbs","Mid-American",2022,4605842,"Jhaylin Embry",1,1,11,1,0.476389892846612,0.476389892846612,0.476389892846612,7,7,7,1,1,1,1,0,0,NA,NA,NA,NA,NA,NA,NA,NA,"G5"
"189","Bowling Green","fbs","Mid-American",2022,4612211,"Jaison Patterson",7,5,11,1.4,-0.978854353387526,-0.139836336198218,-0.195770870677505,31,4.42857142857143,6.2,0.571428571428571,6,7,0.857142857142857,0,1,NA,NA,NA,NA,NA,NA,NA,NA,"G5"
"189","Bowling Green","fbs","Mid-American",2022,4685827,"Jamal Johnson",9,7,11,1.28571428571429,-4.24938713556181,-0.472154126173534,-0.607055305080258,18,2,2.57142857142857,0.222222222222222,5,9,0.555555555555556,0,0,NA,NA,NA,NA,NA,NA,NA,NA,"G5"
"189","Bowling Green","fbs","Mid-American",2022,4689193,"Nick Mosley",2,2,11,1,0.928402524441313,0.464201262220657,0.464201262220657,14,7,7,1,2,2,1,0,0,NA,NA,NA,NA,NA,NA,NA,NA,"G5"
"189","Bowling Green","fbs","Mid-American",2022,5083076,"Harold Fannin",20,8,11,2.5,18.4627101938664,0.923135509693318,2.3078387742333,217,10.85,27.125,0.7,18,20,0.9,1,0,NA,NA,NA,NA,NA,NA,NA,NA,"G5"
"193","Miami (OH)","fbs","Mid-American",2022,4244306,"Jalen Walker",22,8,10,2.75,8.34366743779199,0.379257610808727,1.042958429724,187,8.5,23.375,0.454545454545455,17,22,0.772727272727273,0,0,468,459,402,505,311,511,366.5,502,"G5"
"193","Miami (OH)","fbs","Mid-American",2022,4259597,"Mac Hippenhammer",66,10,10,6.6,34.1132120249655,0.516866848863114,3.41132120249655,568,8.60606060606061,56.8,0.560606060606061,40,66,0.606060606060606,5,0,157,171,317,332.5,548.5,120,360,134,"G5"
"193","Miami (OH)","fbs","Mid-American",2022,4363153,"Tyre Shelton",8,5,10,1.6,-1.96286614011006,-0.245358267513758,-0.392573228022013,39,4.875,7.8,0.125,8,8,1,0,0,NA,NA,NA,NA,NA,NA,NA,NA,"G5"
"193","Miami (OH)","fbs","Mid-American",2022,4371968,"Miles Marshall",30,8,10,3.75,0.466418001394662,0.0155472667131554,0.0583022501743327,283,9.43333333333333,35.375,0.4,16,30,0.533333333333333,2,0,551,551,550,548.5,580,376.5,276,331,"G5"
"193","Miami (OH)","fbs","Mid-American",2022,4371970,"Matt Bjorson",1,1,10,1,3.30673805927861,3.30673805927861,3.30673805927861,20,20,20,1,1,1,1,0,0,NA,NA,NA,NA,NA,NA,NA,NA,"G5"
"193","Miami (OH)","fbs","Mid-American",2022,4426952,"Jack Coldiron",18,7,10,2.57142857142857,1.1046826208858,0.0613712567158777,0.157811802983686,133,7.38888888888889,19,0.5,13,18,0.722222222222222,0,0,NA,NA,NA,NA,NA,NA,NA,NA,"G5"
"193","Miami (OH)","fbs","Mid-American",2022,4427243,"Brett Gabbert",1,1,10,1,1.30089307931325,1.30089307931325,1.30089307931325,5,5,5,1,1,1,1,1,0,NA,NA,NA,NA,NA,NA,NA,NA,"G5"
"193","Miami (OH)","fbs","Mid-American",2022,4431432,"Kenny Tracy",10,4,10,2.5,-1.15274170168944,-0.115274170168944,-0.288185425422359,51,5.1,12.75,0.5,7,10,0.7,0,0,NA,NA,NA,NA,NA,NA,NA,NA,"G5"
"193","Miami (OH)","fbs","Mid-American",2022,4432434,"Keyon Mozee",2,1,10,2,-0.687227819397273,-0.343613909698636,-0.687227819397273,6,3,6,0,2,2,1,0,0,NA,NA,NA,NA,NA,NA,NA,NA,"G5"
"193","Miami (OH)","fbs","Mid-American",2022,4432439,"Nate Muersch",5,3,10,1.66666666666667,4.61342989565478,0.922685979130957,1.53780996521826,26,5.2,8.66666666666667,0.6,4,5,0.8,1,0,NA,NA,NA,NA,NA,NA,NA,NA,"G5"
"193","Miami (OH)","fbs","Mid-American",2022,4576183,"Kevin Davis",17,8,10,2.125,-5.26462613619468,-0.309683890364393,-0.658078267024335,59,3.47058823529412,7.375,0.235294117647059,11,17,0.647058823529412,0,0,NA,NA,NA,NA,NA,NA,NA,NA,"G5"
"193","Miami (OH)","fbs","Mid-American",2022,4869132,"Reginald Virgil",1,1,10,1,-1.7470201088091,-1.7470201088091,-1.7470201088091,0,0,0,0,0,1,0,0,0,NA,NA,NA,NA,NA,NA,NA,NA,"G5"
"194","Ohio State","fbs","Big Ten",2022,4257374,"Mitch Rossi",2,2,12,1,2.25258857446018,1.12629428723009,1.12629428723009,19,9.5,9.5,1,2,2,1,1,0,NA,NA,NA,NA,NA,NA,NA,NA,"P5"
"194","Ohio State","fbs","Big Ten",2022,4361347,"Kamryn Babb",1,1,12,1,1.54020266429398,1.54020266429398,1.54020266429398,8,8,8,1,1,1,1,1,0,NA,NA,NA,NA,NA,NA,NA,NA,"P5"
"194","Ohio State","fbs","Big Ten",2022,4385430,"Xavier Johnson",12,4,12,3,-0.0757117889862889,-0.00630931574885741,-0.0189279472465722,84,7,21,0.5,9,12,0.75,0,0,NA,NA,NA,NA,NA,NA,NA,NA,"P5"
"194","Ohio State","fbs","Big Ten",2022,4426496,"Cade Stover",47,12,12,3.91666666666667,11.1209457378075,0.236615866761862,0.926745478150627,399,8.48936170212766,33.25,0.531914893617021,35,47,0.74468085106383,5,0,441,471,482,395.5,379,243,368,366,"P5"
"194","Ohio State","fbs","Big Ten",2022,4429115,"Gee Scott Jr.",5,4,12,1.25,2.89565774732638,0.579131549465275,0.723914436831594,28,5.6,7,0.4,5,5,1,1,0,NA,NA,NA,NA,NA,NA,NA,NA,"P5"
"194","Ohio State","fbs","Big Ten",2022,4430800,"Julian Fleming",43,10,12,4.3,17.2002590245865,0.400006023827593,1.72002590245865,446,10.3720930232558,44.6,0.558139534883721,27,43,0.627906976744186,4,0,346,371,390,341.5,533,203.5,211,232,"P5"
"194","Ohio State","fbs","Big Ten",2022,4430878,"Jaxon Smith-Njigba",9,3,12,3,-2.76311790178011,-0.30701310019779,-0.921039300593371,43,4.77777777777778,14.3333333333333,0.333333333333333,5,9,0.555555555555556,0,0,NA,NA,NA,NA,NA,NA,NA,NA,"P5"
"194","Ohio State","fbs","Big Ten",2022,4430893,"DeaMonte Trayanum",1,1,12,1,0.136862919710767,0.136862919710767,0.136862919710767,14,14,14,1,1,1,1,0,0,NA,NA,NA,NA,NA,NA,NA,NA,"P5"
"194","Ohio State","fbs","Big Ten",2022,4431498,"Jayden Ballard",8,4,12,2,8.7922779939858,1.09903474924822,2.19806949849645,155,19.375,38.75,0.875,8,8,1,1,0,NA,NA,NA,NA,NA,NA,NA,NA,"P5"
"194","Ohio State","fbs","Big Ten",2022,4432577,"C.J. Stroud",7,2,12,3.5,21.5418659654707,3.07740942363868,10.7709329827354,93,13.2857142857143,46.5,1,7,7,1,7,0,NA,NA,NA,NA,NA,NA,NA,NA,"P5"
"194","Ohio State","fbs","Big Ten",2022,4432637,"Miyan Williams",7,6,12,1.16666666666667,-0.806575372596546,-0.115225053228078,-0.134429228766091,27,3.85714285714286,4.5,0.285714285714286,5,7,0.714285714285714,0,0,NA,NA,NA,NA,NA,NA,NA,NA,"P5"
"194","Ohio State","fbs","Big Ten",2022,4432668,"Denzel Burke",1,1,12,1,-1.09440215802661,-1.09440215802661,-1.09440215802661,0,0,0,0,0,1,0,0,0,NA,NA,NA,NA,NA,NA,NA,NA,"P5"
"194","Ohio State","fbs","Big Ten",2022,4432708,"Marvin Harrison Jr.",101,12,12,8.41666666666667,73.5267745273782,0.727987866607704,6.12723121061485,1142,11.3069306930693,95.1666666666667,0.633663366336634,70,101,0.693069306930693,10,0,9,28,178,172,452,3,134,6,"P5"
"194","Ohio State","fbs","Big Ten",2022,4432710,"TreVeyon Henderson",5,4,12,1.25,0.334879115648884,0.0669758231297767,0.0837197789122209,28,5.6,7,0.2,4,5,0.8,1,0,NA,NA,NA,NA,NA,NA,NA,NA,"P5"
"194","Ohio State","fbs","Big Ten",2022,4565859,"Joe Royer",1,1,12,1,-0.536721815192633,-0.536721815192633,-0.536721815192633,1,1,1,0,1,1,1,0,0,NA,NA,NA,NA,NA,NA,NA,NA,"P5"
"194","Ohio State","fbs","Big Ten",2022,4567750,"Emeka Egbuka",90,12,12,7.5,54.504537526484,0.605605972516489,4.54204479387366,1001,11.1222222222222,83.4166666666667,0.588888888888889,64,90,0.711111111111111,7,0,41,83,267,267,428,10,143,29,"P5"
"194","Ohio State","fbs","Big Ten",2022,4685283,"Kaleb Brown",1,1,12,1,-0.726073550237029,-0.726073550237029,-0.726073550237029,5,5,5,0,1,1,1,0,0,NA,NA,NA,NA,NA,NA,NA,NA,"P5"
"194","Ohio State","fbs","Big Ten",2022,4688541,"Kyion Grayes",1,1,12,1,-0.427436623546845,-0.427436623546845,-0.427436623546845,2,2,2,0,1,1,1,0,0,NA,NA,NA,NA,NA,NA,NA,NA,"P5"
"194","Ohio State","fbs","Big Ten",2022,4698727,"Dallan Hayden",4,2,12,2,0.724520264249127,0.181130066062282,0.362260132124563,23,5.75,11.5,0.5,4,4,1,0,0,NA,NA,NA,NA,NA,NA,NA,NA,"P5"
"194","Ohio State","fbs","Big Ten",2022,4875583,"Reis Stocksdale",1,1,12,1,1.19291513878867,1.19291513878867,1.19291513878867,12,12,12,1,1,1,1,0,0,NA,NA,NA,NA,NA,NA,NA,NA,"P5"
"195","Ohio","fbs","Mid-American",2022,4242648,"James Bostic",40,11,12,3.63636363636364,31.2259103299258,0.780647758248146,2.83871912090235,502,12.55,45.6363636363636,0.65,29,40,0.725,1,0,182,228,151,146.5,406.5,156.5,64,221,"G5"
"195","Ohio","fbs","Mid-American",2022,4260945,"Jake Neatherton",1,1,12,1,-0.513826629257119,-0.513826629257119,-0.513826629257119,3,3,3,0,1,1,1,0,0,NA,NA,NA,NA,NA,NA,NA,NA,"G5"
"195","Ohio","fbs","Mid-American",2022,4362312,"Tyler Walton",14,3,12,4.66666666666667,7.86181685151234,0.561558346536595,2.62060561717078,108,7.71428571428571,36,0.571428571428571,10,14,0.714285714285714,0,0,NA,NA,NA,NA,NA,NA,NA,NA,"G5"
"195","Ohio","fbs","Mid-American",2022,4362332,"Alec Burton",6,5,12,1.2,-1.16206619522517,-0.193677699204195,-0.232413239045034,23,3.83333333333333,4.6,0.5,5,6,0.833333333333333,0,0,NA,NA,NA,NA,NA,NA,NA,NA,"G5"
"195","Ohio","fbs","Mid-American",2022,4385438,"Sam Wiglusz",74,12,12,6.16666666666667,53.4050013921858,0.72168920800251,4.45041678268215,763,10.3108108108108,63.5833333333333,0.608108108108108,59,74,0.797297297297297,10,0,45,86,185,212,266,51,214,91,"G5"
"195","Ohio","fbs","Mid-American",2022,4430431,"Kurtis Rourke",1,1,12,1,2.81594647037529,2.81594647037529,2.81594647037529,17,17,17,1,1,1,1,0,0,NA,NA,NA,NA,NA,NA,NA,NA,"G5"
"195","Ohio","fbs","Mid-American",2022,4431499,"Sieh Bangura",29,11,12,2.63636363636364,1.87637226603205,0.0647024919321396,0.170579296912004,159,5.48275862068965,14.4545454545455,0.482758620689655,22,29,0.758620689655172,2,0,539,543,539,464.5,339,547,557,581,"G5"
"195","Ohio","fbs","Mid-American",2022,4570285,"Nigel Drummond II",3,2,12,1.5,3.18812491530494,1.06270830510165,1.59406245765247,27,9,13.5,1,3,3,1,0,0,NA,NA,NA,NA,NA,NA,NA,NA,"G5"
"195","Ohio","fbs","Mid-American",2022,4570286,"Tyler Foster",9,5,12,1.8,5.48998557066225,0.60999839674025,1.09799711413245,97,10.7777777777778,19.4,0.666666666666667,6,9,0.666666666666667,0,0,NA,NA,NA,NA,NA,NA,NA,NA,"G5"
"195","Ohio","fbs","Mid-American",2022,4576298,"Keegan Wilburn",2,1,12,2,-0.906742881695373,-0.453371440847686,-0.906742881695373,0,0,0,0,0,2,0,0,0,NA,NA,NA,NA,NA,NA,NA,NA,"G5"
"195","Ohio","fbs","Mid-American",2022,4685230,"Miles Cross",44,10,12,4.4,32.3211351502513,0.734571253414802,3.23211351502513,469,10.6590909090909,46.9,0.772727272727273,38,44,0.863636363636364,3,0,169,183,173,23.5,135.5,183.5,177,214,"G5"
"195","Ohio","fbs","Mid-American",2022,4686788,"CJ Harris",1,1,12,1,2.60612722198924,2.60612722198924,2.60612722198924,20,20,20,1,1,1,1,1,0,NA,NA,NA,NA,NA,NA,NA,NA,"G5"
"195","Ohio","fbs","Mid-American",2022,4880236,"Will Kacmarek",19,7,12,2.71428571428571,19.7584145627977,1.03991655593672,2.82263065182824,229,12.0526315789474,32.7142857142857,0.736842105263158,16,19,0.842105263157895,0,0,NA,NA,NA,NA,NA,NA,NA,NA,"G5"
"195","Ohio","fbs","Mid-American",2022,4880239,"Nolan McCormick",14,6,12,2.33333333333333,4.04092673360084,0.288637623828632,0.673487788933474,64,4.57142857142857,10.6666666666667,0.5,11,14,0.785714285714286,1,0,NA,NA,NA,NA,NA,NA,NA,NA,"G5"
"195","Ohio","fbs","Mid-American",2022,5083297,"Jacoby Jones",42,11,12,3.81818181818182,50.9573092892142,1.21326926879081,4.63248266265584,639,15.2142857142857,58.0909090909091,0.785714285714286,36,42,0.857142857142857,3,0,52,76,24,17,147,87,17,122,"G5"
"197","Oklahoma State","fbs","Big 12",2022,4241407,"Braydon Johnson",49,6,11,8.16666666666667,12.5070637614131,0.255246199212512,2.08451062690218,462,9.42857142857143,77,0.428571428571429,26,49,0.530612244897959,1,0,424,328,475,527.5,581,189,278,39,"P5"
"197","Oklahoma State","fbs","Big 12",2022,4361825,"Spencer Sanders",2,2,11,1,0.495787274230093,0.247893637115047,0.247893637115047,4,2,2,0.5,2,2,1,1,0,NA,NA,NA,NA,NA,NA,NA,NA,"P5"
"197","Oklahoma State","fbs","Big 12",2022,4361862,"Braden Cassity",6,4,11,1.5,1.13696419293093,0.189494032155155,0.284241048232733,57,9.5,14.25,0.5,5,6,0.833333333333333,0,1,NA,NA,NA,NA,NA,NA,NA,NA,"P5"
"197","Oklahoma State","fbs","Big 12",2022,4426568,"Langston Anderson",6,2,11,3,2.82021499839469,0.470035833065781,1.41010749919734,69,11.5,34.5,0.666666666666667,4,6,0.666666666666667,0,0,NA,NA,NA,NA,NA,NA,NA,NA,"P5"
"197","Oklahoma State","fbs","Big 12",2022,4430577,"Rashod Owens",8,4,11,2,-2.33349543764048,-0.29168692970506,-0.58337385941012,44,5.5,11,0.375,5,8,0.625,0,0,NA,NA,NA,NA,NA,NA,NA,NA,"P5"
"197","Oklahoma State","fbs","Big 12",2022,4430689,"Dominic Richardson",25,7,11,3.57142857142857,5.35718226814514,0.214287290725806,0.765311752592163,181,7.24,25.8571428571429,0.48,20,25,0.8,0,0,502,493,491,470.5,260,526,488,471,"P5"
"197","Oklahoma State","fbs","Big 12",2022,4431342,"Brennan Presley",72,11,11,6.54545454545455,33.611193060452,0.466822125839611,3.05556300549563,679,9.43055555555556,61.7272727272727,0.583333333333333,58,72,0.805555555555556,1,1,163,200,344,281.5,247,77,277,106,"P5"
"197","Oklahoma State","fbs","Big 12",2022,4432705,"Bryson Green",56,9,11,6.22222222222222,34.3207975851546,0.612871385449188,3.81342195390606,574,10.25,63.7777777777778,0.607142857142857,35,56,0.625,5,1,153,127,260,219,535,114,221,89,"P5"
"197","Oklahoma State","fbs","Big 12",2022,4574767,"Jake Schultz",3,2,11,1.5,-1.41040118253977,-0.470133727513256,-0.705200591269884,16,5.33333333333333,8,0.333333333333333,2,3,0.666666666666667,0,0,NA,NA,NA,NA,NA,NA,NA,NA,"P5"
"197","Oklahoma State","fbs","Big 12",2022,4602193,"Lyrik Rawls",1,1,11,1,-1.13704556771952,-1.13704556771952,-1.13704556771952,0,0,0,0,0,1,0,0,0,NA,NA,NA,NA,NA,NA,NA,NA,"P5"
"197","Oklahoma State","fbs","Big 12",2022,4683165,"Jaden Nixon",25,9,11,2.77777777777778,8.78117746090584,0.351247098436233,0.975686384545093,182,7.28,20.2222222222222,0.48,19,25,0.76,3,0,467,466,423,470.5,334.5,524,483,544.5,"P5"
"197","Oklahoma State","fbs","Big 12",2022,4683719,"Jaden Bray",14,3,11,4.66666666666667,-4.3828857516944,-0.313063267978172,-1.46096191723147,54,3.85714285714286,18,0.285714285714286,5,14,0.357142857142857,0,0,NA,NA,NA,NA,NA,NA,NA,NA,"P5"
"197","Oklahoma State","fbs","Big 12",2022,4685183,"John Paul Richardson",69,11,11,6.27272727272727,-1.56658539609985,-0.0227041361753601,-0.142416854190895,447,6.47826086956522,40.6363636363636,0.36231884057971,44,69,0.63768115942029,3,0,562,560,560,565,520,201.5,524,268,"P5"
"197","Oklahoma State","fbs","Big 12",2022,4692679,"Deondre Jackson",4,2,11,2,-0.122562015027596,-0.030640503756899,-0.0612810075137981,20,5,10,0.25,3,4,0.75,0,0,NA,NA,NA,NA,NA,NA,NA,NA,"P5"
"197","Oklahoma State","fbs","Big 12",2022,4702729,"Braylin Presley",3,2,11,1.5,-0.790881463792475,-0.263627154597492,-0.395440731896238,13,4.33333333333333,6.5,0.333333333333333,2,3,0.666666666666667,0,0,NA,NA,NA,NA,NA,NA,NA,NA,"P5"
"197","Oklahoma State","fbs","Big 12",2022,4702830,"Stephon Johnson Jr.",26,5,11,5.2,3.77377997198152,0.145145383537751,0.754755994396304,154,5.92307692307692,30.8,0.423076923076923,12,26,0.461538461538462,1,0,519,496,518,534.5,593,552,540,399,"P5"
"197","Oklahoma State","fbs","Big 12",2022,4711533,"Ollie Gordon",12,8,11,1.5,0.431867384605111,0.0359889487170926,0.0539834230756388,74,6.16666666666667,9.25,0.583333333333333,10,12,0.833333333333333,1,0,NA,NA,NA,NA,NA,NA,NA,NA,"P5"
"2","Auburn","fbs","SEC",2022,4242526,"John Samuel Shenker",23,7,11,3.28571428571429,14.6159532493306,0.635476228231764,2.08799332133294,183,7.95652173913043,26.1428571428571,0.521739130434783,18,23,0.782608695652174,0,0,385,327,247,412,294.5,521,421,463,"P5"
"2","Auburn","fbs","SEC",2022,4361332,"Shedrick Jackson",20,7,11,2.85714285714286,1.61352541699011,0.0806762708495055,0.230503630998587,177,8.85,25.2857142857143,0.45,13,20,0.65,0,2,NA,NA,NA,NA,NA,NA,NA,NA,"P5"
"2","Auburn","fbs","SEC",2022,4429013,"Tank Bigsby",33,10,11,3.3,-12.6862556659907,-0.384431989878508,-1.26862556659907,166,5.03030303030303,16.6,0.272727272727273,27,33,0.818181818181818,0,0,595,594,593,589,222,538,574,568,"P5"
"2","Auburn","fbs","SEC",2022,4429062,"Ze'Vian Capers",1,1,11,1,1.25024208970223,1.25024208970223,1.25024208970223,16,16,16,1,1,1,1,0,0,NA,NA,NA,NA,NA,NA,NA,NA,"P5"
"2","Auburn","fbs","SEC",2022,4429107,"Dazalin Worsham",1,1,11,1,1.23082214983824,1.23082214983824,1.23082214983824,8,8,8,1,1,1,1,0,0,NA,NA,NA,NA,NA,NA,NA,NA,"P5"
"2","Auburn","fbs","SEC",2022,4431277,"Koy Moore",29,10,11,2.9,20.2832877518504,0.699423715581048,2.02832877518504,314,10.8275862068966,31.4,0.586206896551724,20,29,0.689655172413793,1,0,301,335,196,272,460.5,341.5,165,391,"P5"
"2","Auburn","fbs","SEC",2022,4567217,"Ja'Varrius Johnson",28,10,11,2.8,35.1104268051667,1.25394381447024,3.51104268051667,376,13.4285714285714,37.6,0.678571428571429,22,28,0.785714285714286,3,0,146,163,17,105,290,275,42.5,308.5,"P5"
"2","Auburn","fbs","SEC",2022,4567234,"Tyler Fromm",4,3,11,1.33333333333333,6.18947365474953,1.54736841368738,2.06315788491651,51,12.75,17,0.75,3,4,0.75,0,0,NA,NA,NA,NA,NA,NA,NA,NA,"P5"
"2","Auburn","fbs","SEC",2022,4567235,"Luke Deal",3,3,11,1,3.38944734446689,1.12981578148896,1.12981578148896,34,11.3333333333333,11.3333333333333,0.333333333333333,3,3,1,0,0,NA,NA,NA,NA,NA,NA,NA,NA,"P5"
"2","Auburn","fbs","SEC",2022,4602192,"Landen King",1,1,11,1,3.38328856114171,3.38328856114171,3.38328856114171,24,24,24,1,1,1,1,0,0,NA,NA,NA,NA,NA,NA,NA,NA,"P5"
"2","Auburn","fbs","SEC",2022,4610011,"Tar'Varish Dawson Jr.",1,1,11,1,2.35491706207654,2.35491706207654,2.35491706207654,22,22,22,1,1,1,1,0,0,NA,NA,NA,NA,NA,NA,NA,NA,"P5"
"2","Auburn","fbs","SEC",2022,4689090,"Brandon Frazier",2,2,11,1,1.84988671712229,0.924943358561146,0.924943358561146,19,9.5,9.5,1,2,2,1,0,0,NA,NA,NA,NA,NA,NA,NA,NA,"P5"
"2","Auburn","fbs","SEC",2022,4695580,"Malcolm Johnson Jr.",3,1,11,3,0.325668458625108,0.108556152875036,0.325668458625108,28,9.33333333333333,28,0.666666666666667,2,3,0.666666666666667,0,0,NA,NA,NA,NA,NA,NA,NA,NA,"P5"
"2","Auburn","fbs","SEC",2022,4701951,"Omari Kelly",4,4,11,1,5.50935000163005,1.37733750040751,1.37733750040751,56,14,14,0.75,3,4,0.75,0,0,NA,NA,NA,NA,NA,NA,NA,NA,"P5"
"2","Auburn","fbs","SEC",2022,4710341,"Jarquez Hunter",20,7,11,2.85714285714286,17.560889786654,0.878044489332701,2.50869854095057,224,11.2,32,0.5,17,20,0.85,2,0,NA,NA,NA,NA,NA,NA,NA,NA,"P5"
"2","Auburn","fbs","SEC",2022,4712578,"Jay Fair",2,2,11,1,6.03577153019594,3.01788576509797,3.01788576509797,34,17,17,1,2,2,1,0,0,NA,NA,NA,NA,NA,NA,NA,NA,"P5"
"2","Auburn","fbs","SEC",2022,4808759,"Camden Brown",9,4,11,2.25,11.4077847721496,1.26753164134996,2.85194619303741,123,13.6666666666667,30.75,0.666666666666667,9,9,1,2,0,NA,NA,NA,NA,NA,NA,NA,NA,"P5"
"2005","Air Force","fbs","Mountain West",2022,4571640,"David Cormier",18,8,11,2.25,28.9624897733084,1.60902720962825,3.62031122166355,384,21.3333333333333,48,0.722222222222222,13,18,0.722222222222222,4,0,NA,NA,NA,NA,NA,NA,NA,NA,"G5"
"2005","Air Force","fbs","Mountain West",2022,4571649,"Amari Terry",5,4,11,1.25,10.7720756937213,2.15441513874427,2.69301892343033,105,21,26.25,1,5,5,1,1,0,NA,NA,NA,NA,NA,NA,NA,NA,"G5"
"2005","Air Force","fbs","Mountain West",2022,4578267,"Dane Kinamon",1,1,11,1,0.222989218440096,0.222989218440096,0.222989218440096,8,8,8,1,1,1,1,0,0,NA,NA,NA,NA,NA,NA,NA,NA,"G5"
"2005","Air Force","fbs","Mountain West",2022,4580590,"Zachary Larrier",3,2,11,1.5,3.19972081523897,1.06657360507966,1.59986040761949,43,14.3333333333333,21.5,0.666666666666667,2,3,0.666666666666667,0,0,NA,NA,NA,NA,NA,NA,NA,NA,"G5"
"2005","Air Force","fbs","Mountain West",2022,4580608,"Kyle Patterson",3,1,11,3,6.44627988211139,2.1487599607038,6.44627988211139,32,10.6666666666667,32,1,3,3,1,0,0,NA,NA,NA,NA,NA,NA,NA,NA,"G5"
"2005","Air Force","fbs","Mountain West",2022,4697127,"Brad Roberts",1,1,11,1,0.0241190080263025,0.0241190080263025,0.0241190080263025,9,9,9,1,1,1,1,0,0,NA,NA,NA,NA,NA,NA,NA,NA,"G5"
"2005","Air Force","fbs","Mountain West",2022,4699777,"Ben Jefferson",2,2,11,1,0.253575912012121,0.12678795600606,0.12678795600606,17,8.5,8.5,0.5,1,2,0.5,0,0,NA,NA,NA,NA,NA,NA,NA,NA,"G5"
"2005","Air Force","fbs","Mountain West",2022,4875562,"John Lee Eldridge III",6,5,11,1.2,-4.52690339980426,-0.754483899967377,-0.905380679960853,8,1.33333333333333,1.6,0,2,6,0.333333333333333,0,0,NA,NA,NA,NA,NA,NA,NA,NA,"G5"
"2005","Air Force","fbs","Mountain West",2022,4896197,"Caleb Rillos",1,1,11,1,0.833494425596137,0.833494425596137,0.833494425596137,15,15,15,1,1,1,1,0,0,NA,NA,NA,NA,NA,NA,NA,NA,"G5"
"2005","Air Force","fbs","Mountain West",2022,5085137,"Cade Harris",3,2,11,1.5,1.0806009242885,0.360200308096168,0.540300462144252,45,15,22.5,0.333333333333333,2,3,0.666666666666667,1,0,NA,NA,NA,NA,NA,NA,NA,NA,"G5"
"2005","Air Force","fbs","Mountain West",2022,5085146,"Brandon Engel",3,2,11,1.5,4.70323519593169,1.56774506531056,2.35161759796585,40,13.3333333333333,20,1,3,3,1,0,0,NA,NA,NA,NA,NA,NA,NA,NA,"G5"
"2006","Akron","fbs","Mid-American",2022,4361412,"Daniel George",71,10,11,7.1,16.5757320038974,0.2334610141394,1.65757320038974,592,8.33802816901408,59.2,0.591549295774648,52,71,0.732394366197183,1,1,357,383,483,260,398,109.5,383,119,"G5"
"2006","Akron","fbs","Mid-American",2022,4361732,"Shocky Jacques-Louis",86,11,11,7.81818181818182,42.3381260712244,0.492303791525866,3.84892055192949,790,9.18604651162791,71.8181818181818,0.593023255813954,64,86,0.744186046511628,1,2,84,120,326,253,380,37,301,55,"G5"
"2006","Akron","fbs","Mid-American",2022,4362193,"T.J. Banks",14,6,11,2.33333333333333,-10.1716567084434,-0.726546907745957,-1.6952761180739,85,6.07142857142857,14.1666666666667,0.285714285714286,12,14,0.857142857142857,0,1,NA,NA,NA,NA,NA,NA,NA,NA,"G5"
"2006","Akron","fbs","Mid-American",2022,4368768,"DJ Irons",4,2,11,2,15.4863835804164,3.87159589510409,7.74319179020818,101,25.25,50.5,1,4,4,1,4,0,NA,NA,NA,NA,NA,NA,NA,NA,"G5"
"2006","Akron","fbs","Mid-American",2022,4428278,"Clyde Price",31,9,11,3.44444444444444,-5.32785284139095,-0.171866220690031,-0.591983649043439,132,4.25806451612903,14.6666666666667,0.32258064516129,25,31,0.806451612903226,0,1,584,579,581,580,244.5,569,586,577.5,"G5"
"2006","Akron","fbs","Mid-American",2022,4428858,"Cam Wiley",23,7,11,3.28571428571429,7.37651956342255,0.320718241887937,1.05378850906036,128,5.56521739130435,18.2857142857143,0.521739130434783,19,23,0.826086956521739,0,0,482,458,439,412,210,572.5,555,555.5,"G5"
"2006","Akron","fbs","Mid-American",2022,4430897,"Alex Adams",65,9,11,7.22222222222222,54.5967195435018,0.839949531438489,6.0663021715002,729,11.2153846153846,81,0.569230769230769,49,65,0.753846153846154,5,0,40,31,120,316,353,58,139,35,"G5"
"2006","Akron","fbs","Mid-American",2022,4463590,"Caleb Anderson",4,3,11,1.33333333333333,0.810540320826137,0.202635080206534,0.270180106942046,31,7.75,10.3333333333333,0.5,4,4,1,0,0,NA,NA,NA,NA,NA,NA,NA,NA,"G5"
"2006","Akron","fbs","Mid-American",2022,4568345,"Shawn Naim",5,4,11,1.25,1.391723078996,0.278344615799199,0.347930769748999,42,8.4,10.5,0.6,5,5,1,0,0,NA,NA,NA,NA,NA,NA,NA,NA,"G5"
"2006","Akron","fbs","Mid-American",2022,4569501,"Anthony Williams Jr.",5,3,11,1.66666666666667,4.91416453581863,0.982832907163726,1.63805484527288,38,7.6,12.6666666666667,0.6,4,5,0.8,0,0,NA,NA,NA,NA,NA,NA,NA,NA,"G5"
"2006","Akron","fbs","Mid-American",2022,4608589,"Tristian Brank",13,4,11,3.25,6.28427006892382,0.483405389917217,1.57106751723095,126,9.69230769230769,31.5,0.615384615384615,11,13,0.846153846153846,0,0,NA,NA,NA,NA,NA,NA,NA,NA,"G5"
"2006","Akron","fbs","Mid-American",2022,4608750,"Jonzell Norrils",2,2,11,1,1.24123146737403,0.620615733687015,0.620615733687015,12,6,6,0.5,2,2,1,0,0,NA,NA,NA,NA,NA,NA,NA,NA,"G5"
"2006","Akron","fbs","Mid-American",2022,4686857,"Anthony Grimes",11,6,11,1.83333333333333,3.48871994984104,0.317156359076459,0.581453324973507,83,7.54545454545455,13.8333333333333,0.636363636363636,10,11,0.909090909090909,0,0,NA,NA,NA,NA,NA,NA,NA,NA,"G5"
"2006","Akron","fbs","Mid-American",2022,4710843,"Jasaiah Gathings",1,1,11,1,2.53217903085972,2.53217903085972,2.53217903085972,16,16,16,1,1,1,1,0,0,NA,NA,NA,NA,NA,NA,NA,NA,"G5"
"201","Oklahoma","fbs","Big 12",2022,4360282,"Drake Stoops",37,10,11,3.7,29.7439654838476,0.803890959022908,2.97439654838476,350,9.45945945945946,35,0.72972972972973,34,37,0.918918918918919,1,0,201,212,137,47,46,300.5,275,337,"P5"
"201","Oklahoma","fbs","Big 12",2022,4360290,"Brayden Willis",41,10,11,4.1,31.6416560651553,0.771747708906228,3.16416560651553,435,10.609756097561,43.5,0.560975609756098,33,41,0.804878048780488,6,1,177,189,157,330.5,249.5,211,184,239,"P5"
"201","Oklahoma","fbs","Big 12",2022,4362763,"Daniel Parker",5,3,11,1.66666666666667,-0.78336192597857,-0.156672385195714,-0.261120641992857,28,5.6,9.33333333333333,0.2,4,5,0.8,0,0,NA,NA,NA,NA,NA,NA,NA,NA,"P5"
"201","Oklahoma","fbs","Big 12",2022,4426484,"Marcus Major",8,5,11,1.6,-3.35580286579926,-0.419475358224908,-0.671160573159853,37,4.625,7.4,0.25,7,8,0.875,0,0,NA,NA,NA,NA,NA,NA,NA,NA,"P5"
"201","Oklahoma","fbs","Big 12",2022,4426535,"Theo Wease",21,6,11,3.5,16.6687468148119,0.793749848324376,2.77812446913532,288,13.7142857142857,48,0.523809523809524,15,21,0.714285714285714,2,0,355,237,143,407.5,421.5,365.5,33,203,"P5"
"201","Oklahoma","fbs","Big 12",2022,4427238,"Dillon Gabriel",5,4,11,1.25,17.2189459285489,3.44378918570979,4.30473648213723,154,30.8,38.5,1,5,5,1,5,0,NA,NA,NA,NA,NA,NA,NA,NA,"P5"
"201","Oklahoma","fbs","Big 12",2022,4429103,"Javian Hester",1,1,11,1,0.138406864904587,0.138406864904587,0.138406864904587,13,13,13,1,1,1,1,0,0,NA,NA,NA,NA,NA,NA,NA,NA,"P5"
"201","Oklahoma","fbs","Big 12",2022,4430993,"LV Bunkley-Shelton",1,1,11,1,0.601188089248415,0.601188089248415,0.601188089248415,10,10,10,1,1,1,1,0,0,NA,NA,NA,NA,NA,NA,NA,NA,"P5"
"201","Oklahoma","fbs","Big 12",2022,4431273,"Jalil Farooq",39,10,11,3.9,17.9734222002535,0.460856979493679,1.79734222002535,343,8.7948717948718,34.3,0.512820512820513,29,39,0.743589743589744,3,0,328,359,357,432.5,382.5,309,342,351.5,"P5"
"201","Oklahoma","fbs","Big 12",2022,4570561,"Eric Gray",29,10,11,2.9,1.61738605429012,0.0557719329065559,0.161738605429012,171,5.89655172413793,17.1,0.448275862068966,24,29,0.827586206896552,0,0,544,544,542,511.5,206,534,541,564,"P5"
"201","Oklahoma","fbs","Big 12",2022,4685269,"Jovantae Barnes",5,3,11,1.66666666666667,-1.05628495306591,-0.211256990613182,-0.352094984355303,26,5.2,8.66666666666667,0.2,5,5,1,0,0,NA,NA,NA,NA,NA,NA,NA,NA,"P5"
"201","Oklahoma","fbs","Big 12",2022,4686472,"Marvin Mims",65,11,11,5.90909090909091,28.8057879907586,0.443165969088593,2.61870799915987,791,12.1692307692308,71.9090909090909,0.584615384615385,46,65,0.707692307692308,3,1,207,253,363,276,431,36,85,54,"P5"
"201","Oklahoma","fbs","Big 12",2022,4692532,"Zach Schmit",2,2,11,1,6.22291822562694,3.11145911281347,3.11145911281347,5,2.5,2.5,1,2,2,1,1,0,NA,NA,NA,NA,NA,NA,NA,NA,"P5"
"201","Oklahoma","fbs","Big 12",2022,4713358,"Jayden Gibson",4,1,11,4,0.948464741880714,0.237116185470178,0.948464741880714,12,3,12,0.25,1,4,0.25,0,0,NA,NA,NA,NA,NA,NA,NA,NA,"P5"
"201","Oklahoma","fbs","Big 12",2022,4873418,"Kaden Helms",1,1,11,1,-0.768086659081956,-0.768086659081956,-0.768086659081956,4,4,4,0,1,1,1,0,0,NA,NA,NA,NA,NA,NA,NA,NA,"P5"
"201","Oklahoma","fbs","Big 12",2022,4896289,"Gavin Freeman",3,3,11,1,2.0450648834646,0.6816882944882,0.6816882944882,46,15.3333333333333,15.3333333333333,0.333333333333333,3,3,1,0,0,NA,NA,NA,NA,NA,NA,NA,NA,"P5"
"201","Oklahoma","fbs","Big 12",2022,5081926,"Tawee Walker",1,1,11,1,0,0,0,7,7,7,0,1,1,1,0,0,NA,NA,NA,NA,NA,NA,NA,NA,"P5"
"202","Tulsa","fbs","American Athletic",2022,4244598,"Keylon Stokes",93,11,11,8.45454545454546,70.0940207633265,0.753699147992759,6.37218370575696,1004,10.7956989247312,91.2727272727273,0.580645161290323,65,93,0.698924731182796,5,2,14,19,162,293,446,9,168,11,"G5"
"202","Tulsa","fbs","American Athletic",2022,4244617,"J.C. Santana",81,11,11,7.36363636363636,40.0760347621315,0.494765861260882,3.6432758874665,712,8.79012345679012,64.7272727272727,0.506172839506173,49,81,0.604938271604938,6,1,102,146,323,440,551,64.5,344,80.5,"G5"
"202","Tulsa","fbs","American Athletic",2022,4245108,"Steven Anderson",3,2,11,1.5,5.62222887990825,1.87407629330275,2.81111443995413,56,18.6666666666667,28,0.666666666666667,3,3,1,0,0,NA,NA,NA,NA,NA,NA,NA,NA,"G5"
"202","Tulsa","fbs","American Athletic",2022,4259984,"Isaiah Epps",48,11,11,4.36363636363636,11.3769698498915,0.237020205206073,1.03426998635377,348,7.25,31.6363636363636,0.5,32,48,0.666666666666667,2,1,438,460,481,445.5,499.5,304,487,385.5,"G5"
"202","Tulsa","fbs","American Athletic",2022,4362365,"Davis Brin",3,2,11,1.5,9.54407435284864,3.18135811761621,4.77203717642432,41,13.6666666666667,20.5,1,3,3,1,3,0,NA,NA,NA,NA,NA,NA,NA,NA,"G5"
"202","Tulsa","fbs","American Athletic",2022,4372526,"Deneric Prince",10,7,11,1.42857142857143,-0.0496070750663758,-0.00496070750663758,-0.00708672500948226,66,6.6,9.42857142857143,0.3,8,10,0.8,0,0,NA,NA,NA,NA,NA,NA,NA,NA,"G5"
"202","Tulsa","fbs","American Athletic",2022,4431185,"Malachi Jones",47,11,11,4.27272727272727,17.4433797914475,0.371135740243564,1.5857617992225,358,7.61702127659574,32.5454545454545,0.51063829787234,27,47,0.574468085106383,2,0,340,393,406,435,563,295.5,452,376,"G5"
"202","Tulsa","fbs","American Athletic",2022,4568649,"Ethan Hall",7,2,11,3.5,-11.938847376663,-1.70554962523757,-5.96942368833151,15,2.14285714285714,7.5,0.142857142857143,3,7,0.428571428571429,0,0,NA,NA,NA,NA,NA,NA,NA,NA,"G5"
"202","Tulsa","fbs","American Athletic",2022,4569281,"Nick Rempert",1,1,11,1,-1.00078749846888,-1.00078749846888,-1.00078749846888,3,3,3,0,1,1,1,0,0,NA,NA,NA,NA,NA,NA,NA,NA,"G5"
"202","Tulsa","fbs","American Athletic",2022,4570634,"Bayne Tryon",1,1,11,1,0.769954531116214,0.769954531116214,0.769954531116214,7,7,7,1,1,1,1,0,0,NA,NA,NA,NA,NA,NA,NA,NA,"G5"
"202","Tulsa","fbs","American Athletic",2022,4600403,"Braylon Braxton",3,3,11,1,9.17472358358927,3.05824119452976,3.05824119452976,43,14.3333333333333,14.3333333333333,1,3,3,1,2,0,NA,NA,NA,NA,NA,NA,NA,NA,"G5"
"202","Tulsa","fbs","American Athletic",2022,4683319,"Bill Jackson",2,2,11,1,-2.22555318162084,-1.11277659081042,-1.11277659081042,2,1,1,0,1,2,0.5,0,0,NA,NA,NA,NA,NA,NA,NA,NA,"G5"
"202","Tulsa","fbs","American Athletic",2022,4684327,"Colby Powers",3,2,11,1.5,0.58076611369743,0.19358870456581,0.290383056848715,14,4.66666666666667,7,0.333333333333333,3,3,1,0,0,NA,NA,NA,NA,NA,NA,NA,NA,"G5"
"202","Tulsa","fbs","American Athletic",2022,4685087,"Kamdyn Benjamin",3,3,11,1,-0.673435479419471,-0.224478493139824,-0.224478493139824,18,6,6,0,3,3,1,0,0,NA,NA,NA,NA,NA,NA,NA,NA,"G5"
"202","Tulsa","fbs","American Athletic",2022,4880511,"Jordan Ford",4,3,11,1.33333333333333,0.649386512236547,0.162346628059137,0.216462170745516,19,4.75,6.33333333333333,0.25,3,4,0.75,1,0,NA,NA,NA,NA,NA,NA,NA,NA,"G5"
"2026","App State","fbs","Sun Belt",2022,4239994,"Chase Brice",4,3,9,1.33333333333333,18.4443412355304,4.6110853088826,6.14811374517681,112,28,37.3333333333333,1,4,4,1,4,0,NA,NA,NA,NA,NA,NA,NA,NA,"G5"
"2026","App State","fbs","Sun Belt",2022,4241002,"Daetrich Harrington",4,4,9,1,-1.75270104372545,-0.438175260931363,-0.438175260931363,17,4.25,4.25,0.25,3,4,0.75,0,0,NA,NA,NA,NA,NA,NA,NA,NA,"G5"
"2026","App State","fbs","Sun Belt",2022,4243760,"Tyler Page",9,6,9,1.5,-0.940752735352043,-0.104528081705783,-0.156792122558674,72,8,12,0.333333333333333,5,9,0.555555555555556,1,0,NA,NA,NA,NA,NA,NA,NA,NA,"G5"
"2026","App State","fbs","Sun Belt",2022,4360765,"Camerun Peoples",6,2,9,3,-3.17190604079015,-0.528651006798358,-1.58595302039507,27,4.5,13.5,0.166666666666667,4,6,0.666666666666667,0,0,NA,NA,NA,NA,NA,NA,NA,NA,"G5"
"2026","App State","fbs","Sun Belt",2022,4360794,"Henry Pearson",26,9,9,2.88888888888889,25.5034318509046,0.980901225034792,2.83371465010051,281,10.8076923076923,31.2222222222222,0.615384615384615,19,26,0.730769230769231,3,0,238,229,67,200.5,399.5,379,167,395,"G5"
"2026","App State","fbs","Sun Belt",2022,4373566,"Miller Gibbs",5,4,9,1.25,8.4303732759305,1.6860746551861,2.10759331898262,43,8.6,10.75,0.8,5,5,1,2,0,NA,NA,NA,NA,NA,NA,NA,NA,"G5"
"2026","App State","fbs","Sun Belt",2022,4427037,"Dashaun Davis",45,9,9,5,18.6015421360997,0.413367603024438,2.06683801512219,362,8.04444444444444,40.2222222222222,0.466666666666667,34,45,0.755555555555556,1,0,323,329,384,493.5,346.5,290.5,409,279,"G5"
"2026","App State","fbs","Sun Belt",2022,4428815,"Christian Wells",14,6,9,2.33333333333333,2.97550153202825,0.212535823716304,0.495916922004709,145,10.3571428571429,24.1666666666667,0.428571428571429,8,14,0.571428571428571,3,0,NA,NA,NA,NA,NA,NA,NA,NA,"G5"
"2026","App State","fbs","Sun Belt",2022,4431134,"Eli Wilson",8,5,9,1.6,4.11562014838512,0.51445251854814,0.823124029677025,67,8.375,13.4,0.5,7,8,0.875,0,0,NA,NA,NA,NA,NA,NA,NA,NA,"G5"
"2026","App State","fbs","Sun Belt",2022,4432374,"Ahmani Marshall",6,3,9,2,2.17605628858738,0.362676048097896,0.725352096195793,31,5.16666666666667,10.3333333333333,0.5,4,6,0.666666666666667,0,0,NA,NA,NA,NA,NA,NA,NA,NA,"G5"
"2026","App State","fbs","Sun Belt",2022,4567596,"Christan Horn",31,9,9,3.44444444444444,21.1508472042255,0.682285393684694,2.35009413380283,337,10.8709677419355,37.4444444444444,0.67741935483871,25,31,0.806451612903226,0,0,288,298,210,109.5,244.5,316,161,313,"G5"
"2026","App State","fbs","Sun Belt",2022,4592835,"Dalton Stroman",18,8,9,2.25,30.74656195492,1.70814233082889,3.843320244365,322,17.8888888888889,40.25,0.722222222222222,16,18,0.888888888888889,3,0,187,121,2,56,88,334.5,3,278,"G5"
"2026","App State","fbs","Sun Belt",2022,4603191,"David Larkins",2,2,9,1,0.941435261455026,0.470717630727513,0.470717630727513,13,6.5,6.5,1,2,2,1,0,0,NA,NA,NA,NA,NA,NA,NA,NA,"G5"
"2026","App State","fbs","Sun Belt",2022,4612558,"Anderson Castle",1,1,9,1,5.01236289838325,5.01236289838325,5.01236289838325,18,18,18,1,1,1,1,1,0,NA,NA,NA,NA,NA,NA,NA,NA,"G5"
"2026","App State","fbs","Sun Belt",2022,4613032,"Nate Noel",26,6,9,4.33333333333333,-0.987578122496423,-0.0379837739421701,-0.164596353749404,137,5.26923076923077,22.8333333333333,0.423076923076923,21,26,0.807692307692308,0,0,559,561,561,534.5,241.5,563,566,508,"G5"
"2026","App State","fbs","Sun Belt",2022,4690196,"Michael Hetzel",3,3,9,1,0.923414571264216,0.307804857088072,0.307804857088072,27,9,9,0.666666666666667,3,3,1,0,0,NA,NA,NA,NA,NA,NA,NA,NA,"G5"
"2026","App State","fbs","Sun Belt",2022,4873237,"Kaedin Robinson",33,8,9,4.125,19.1883962575198,0.581466553258175,2.39854953218997,420,12.7272727272727,52.5,0.545454545454545,25,33,0.757575757575758,1,0,315,287,279,374,342.5,223,59,171.5,"G5"
"2032","Arkansas State","fbs","Sun Belt",2022,4240020,"James Blackman",2,2,11,1,6.20150942716701,3.1007547135835,3.1007547135835,71,35.5,35.5,1,2,2,1,2,0,NA,NA,NA,NA,NA,NA,NA,NA,"G5"
"2032","Arkansas State","fbs","Sun Belt",2022,4241243,"Johnnie Lang",25,8,11,3.125,9.56682767310775,0.38267310692431,1.19585345913847,208,8.32,26,0.44,24,25,0.96,2,1,456,443,400,518.5,17.5,486,384,468,"G5"
"2032","Arkansas State","fbs","Sun Belt",2022,4255986,"Champ Flemings",35,9,11,3.88888888888889,16.2585474728478,0.464529927795651,1.80650527476086,364,10.4,40.4444444444444,0.514285714285714,33,35,0.942857142857143,0,0,363,357,351,430,32,288,208,270,"G5"
"2032","Arkansas State","fbs","Sun Belt",2022,4361227,"Marcel Murray",8,5,11,1.6,-1.53815834358818,-0.192269792948523,-0.307631668717637,37,4.625,7.4,0.25,7,8,0.875,0,0,NA,NA,NA,NA,NA,NA,NA,NA,"G5"
"2032","Arkansas State","fbs","Sun Belt",2022,4361231,"Reed Tyler",2,1,11,2,-0.32449287015974,-0.16224643507987,-0.32449287015974,8,4,8,0.5,2,2,1,0,0,NA,NA,NA,NA,NA,NA,NA,NA,"G5"
"2032","Arkansas State","fbs","Sun Belt",2022,4361350,"Brian Snead",10,5,11,2,-3.24658963719183,-0.324658963719183,-0.649317927438366,38,3.8,7.6,0.3,8,10,0.8,0,0,NA,NA,NA,NA,NA,NA,NA,NA,"G5"
"2032","Arkansas State","fbs","Sun Belt",2022,4362483,"Tevailance Hunt",19,7,11,2.71428571428571,13.2757488011491,0.698723621113113,1.89653554302131,170,8.94736842105263,24.2857142857143,0.789473684210526,16,19,0.842105263157895,3,1,NA,NA,NA,NA,NA,NA,NA,NA,"G5"
"2032","Arkansas State","fbs","Sun Belt",2022,4363148,"AJ Mayer",1,1,11,1,1.19529844425934,1.19529844425934,1.19529844425934,1,1,1,1,1,1,1,1,0,NA,NA,NA,NA,NA,NA,NA,NA,"G5"
"2032","Arkansas State","fbs","Sun Belt",2022,4427209,"Jeff Foreman",30,10,11,3,23.2715619248286,0.775718730827621,2.32715619248286,361,12.0333333333333,36.1,0.733333333333333,25,30,0.833333333333333,2,0,265,300,154,45.5,194,292,89,326,"G5"
"2032","Arkansas State","fbs","Sun Belt",2022,4428766,"Khyheem Waleed",2,2,11,1,0.172000746814434,0.086000373407217,0.086000373407217,9,4.5,4.5,1,2,2,1,0,0,NA,NA,NA,NA,NA,NA,NA,NA,"G5"
"2032","Arkansas State","fbs","Sun Belt",2022,4570270,"Adam Jones",14,7,11,2,17.1278562239277,1.22341830170912,2.44683660341824,143,10.2142857142857,20.4285714285714,0.857142857142857,14,14,1,0,0,NA,NA,NA,NA,NA,NA,NA,NA,"G5"
"2032","Arkansas State","fbs","Sun Belt",2022,4602216,"Omari Walker",2,1,11,2,-2.05930331666492,-1.02965165833246,-2.05930331666492,11,5.5,11,0,2,2,1,0,0,NA,NA,NA,NA,NA,NA,NA,NA,"G5"
"2032","Arkansas State","fbs","Sun Belt",2022,4700811,"Ja'Quez Cross",8,5,11,1.6,1.66073590928097,0.207591988660121,0.332147181856193,50,6.25,10,0.5,8,8,1,0,0,NA,NA,NA,NA,NA,NA,NA,NA,"G5"
"2032","Arkansas State","fbs","Sun Belt",2022,4711409,"Emmanuel Stevenson",13,8,11,1.625,1.95150751598151,0.150115962767809,0.243938439497689,74,5.69230769230769,9.25,0.461538461538462,13,13,1,0,0,NA,NA,NA,NA,NA,NA,NA,NA,"G5"
"2032","Arkansas State","fbs","Sun Belt",2022,4714379,"Seydou Traore",53,11,11,4.81818181818182,52.1888910344517,0.984696057253805,4.74444463949561,629,11.8679245283019,57.1818181818182,0.69811320754717,49,53,0.924528301886792,3,0,48,70,66,78,42,92,94,131,"G5"
"2032","Arkansas State","fbs","Sun Belt",2022,4714423,"Jaden Milliner",1,1,11,1,1.32075829216443,1.32075829216443,1.32075829216443,18,18,18,1,1,1,1,0,0,NA,NA,NA,NA,NA,NA,NA,NA,"G5"
"2032","Arkansas State","fbs","Sun Belt",2022,4812359,"Daverrick Jenkins",11,4,11,2.75,6.75649816037684,0.614227105488803,1.68912454009421,156,14.1818181818182,39,0.545454545454545,8,11,0.727272727272727,0,0,NA,NA,NA,NA,NA,NA,NA,NA,"G5"
"2032","Arkansas State","fbs","Sun Belt",2022,4880079,"Reagan Ealy",12,4,11,3,-1.00219586968546,-0.0835163224737881,-0.250548967421364,83,6.91666666666667,20.75,0.333333333333333,8,12,0.666666666666667,0,1,NA,NA,NA,NA,NA,NA,NA,NA,"G5"
"2032","Arkansas State","fbs","Sun Belt",2022,4881563,"Mike Sharpe II",2,2,11,1,-2.06141705888621,-1.0307085294431,-1.0307085294431,-5,-2.5,-2.5,0,1,2,0.5,0,0,NA,NA,NA,NA,NA,NA,NA,NA,"G5"
"2032","Arkansas State","fbs","Sun Belt",2022,4894449,"Miller McCrumby",1,1,11,1,0.93213920800245,0.93213920800245,0.93213920800245,9,9,9,1,1,1,1,0,0,NA,NA,NA,NA,NA,NA,NA,NA,"G5"
"204","Oregon State","fbs","Pac-12",2022,4240801,"Tyjon Lindsey",29,10,11,2.9,30.4598392334421,1.0503392839118,3.04598392334421,280,9.6551724137931,28,0.827586206896552,26,29,0.896551724137931,1,0,190,202,48,9,78,381.5,261,441.5,"P5"
"204","Oregon State","fbs","Pac-12",2022,4360705,"Jack Colletto",3,3,11,1,3.40787840095789,1.13595946698596,1.13595946698596,46,15.3333333333333,15.3333333333333,1,3,3,1,0,0,NA,NA,NA,NA,NA,NA,NA,NA,"P5"
"204","Oregon State","fbs","Pac-12",2022,4361111,"Trey Lowe",2,1,11,2,1.70577377329643,0.852886886648215,1.70577377329643,46,23,46,0.5,2,2,1,0,0,NA,NA,NA,NA,NA,NA,NA,NA,"P5"
"204","Oregon State","fbs","Pac-12",2022,4362841,"Deshaun Fenwick",2,1,11,2,0.905623548591318,0.452811774295659,0.905623548591318,13,6.5,13,0.5,2,2,1,0,0,NA,NA,NA,NA,NA,NA,NA,NA,"P5"
"204","Oregon State","fbs","Pac-12",2022,4363046,"Tre'Shaun Harrison",50,11,11,4.54545454545455,15.0641653580282,0.301283307160564,1.36946957800256,425,8.5,38.6363636363636,0.54,43,50,0.86,2,2,374,422,452,387,142,218.5,366.5,294,"P5"
"204","Oregon State","fbs","Pac-12",2022,4374030,"Jesiah Irish",1,1,11,1,0.903927197712013,0.903927197712013,0.903927197712013,23,23,23,1,1,1,1,0,0,NA,NA,NA,NA,NA,NA,NA,NA,"P5"
"204","Oregon State","fbs","Pac-12",2022,4426382,"Makiya Tongue",1,1,11,1,0.904337671174257,0.904337671174257,0.904337671174257,8,8,8,1,1,1,1,0,0,NA,NA,NA,NA,NA,NA,NA,NA,"P5"
"204","Oregon State","fbs","Pac-12",2022,4426599,"Alex Austin",1,1,11,1,-0.981187068053564,-0.981187068053564,-0.981187068053564,2,2,2,0,1,1,1,0,0,NA,NA,NA,NA,NA,NA,NA,NA,"P5"
"204","Oregon State","fbs","Pac-12",2022,4428085,"Luke Musgrave",12,2,11,6,14.0283388172768,1.16902823477307,7.01416940863842,169,14.0833333333333,84.5,0.75,11,12,0.916666666666667,1,0,NA,NA,NA,NA,NA,NA,NA,NA,"P5"
"204","Oregon State","fbs","Pac-12",2022,4429684,"Anthony Gould",25,9,11,2.77777777777778,33.6411085789228,1.34564434315691,3.73790095321365,380,15.2,42.2222222222222,0.72,22,25,0.88,1,0,162,136,12,60.5,102.5,270.5,18,250,"P5"
"204","Oregon State","fbs","Pac-12",2022,4429709,"Jamious Griffin",5,3,11,1.66666666666667,-0.844367760969912,-0.168873552193982,-0.281455920323304,25,5,8.33333333333333,0.4,4,5,0.8,0,0,NA,NA,NA,NA,NA,NA,NA,NA,"P5"
"204","Oregon State","fbs","Pac-12",2022,4431114,"Ben Gulbranson",3,2,11,1.5,13.2123405737274,4.4041135245758,6.6061702868637,104,34.6666666666667,52,1,3,3,1,2,0,NA,NA,NA,NA,NA,NA,NA,NA,"P5"
"204","Oregon State","fbs","Pac-12",2022,4431303,"Jake Overman",6,4,11,1.5,-0.310390726117395,-0.0517317876862325,-0.0775976815293488,36,6,9,0.333333333333333,6,6,1,0,0,NA,NA,NA,NA,NA,NA,NA,NA,"P5"
"204","Oregon State","fbs","Pac-12",2022,4570045,"John Dunmore",3,1,11,3,2.0289366497327,0.676312216577566,2.0289366497327,27,9,27,0.666666666666667,3,3,1,0,0,NA,NA,NA,NA,NA,NA,NA,NA,"P5"
"204","Oregon State","fbs","Pac-12",2022,4590532,"Silas Bolden",20,9,11,2.22222222222222,7.96301635551969,0.398150817775984,0.884779595057743,166,8.3,18.4444444444444,0.6,16,20,0.8,1,0,NA,NA,NA,NA,NA,NA,NA,NA,"P5"
"204","Oregon State","fbs","Pac-12",2022,4808830,"Damien Martinez",7,6,11,1.16666666666667,-5.04753629638671,-0.721076613769529,-0.841256049397784,31,4.42857142857143,5.16666666666667,0.428571428571429,4,7,0.571428571428571,0,0,NA,NA,NA,NA,NA,NA,NA,NA,"P5"
"204","Oregon State","fbs","Pac-12",2022,4832827,"Jack Velling",13,7,11,1.85714285714286,22.7815085033812,1.75242373102932,3.25450121476874,239,18.3846153846154,34.1428571428571,0.846153846153846,13,13,1,3,2,NA,NA,NA,NA,NA,NA,NA,NA,"P5"
"204","Oregon State","fbs","Pac-12",2022,4879562,"Jeremiah Noga",2,1,11,2,2.00954042761755,1.00477021380877,2.00954042761755,25,12.5,25,0.5,2,2,1,0,0,NA,NA,NA,NA,NA,NA,NA,NA,"P5"
"2050","Ball State","fbs","Mid-American",2022,4261851,"Will Jones",9,5,11,1.8,-4.3767764350402,-0.486308492782245,-0.875355287008041,68,7.55555555555556,13.6,0.333333333333333,8,9,0.888888888888889,0,1,NA,NA,NA,NA,NA,NA,NA,NA,"G5"
"2050","Ball State","fbs","Mid-American",2022,4360073,"Jayshon Jackson",107,11,11,9.72727272727273,16.1780967884795,0.151197166247472,1.47073607167995,748,6.99065420560748,68,0.476635514018692,65,107,0.607476635514019,2,0,364,411,515,480,545,55,498,72,"G5"
"2050","Ball State","fbs","Mid-American",2022,4361636,"John Paddock",1,1,11,1,3.42026051785131,3.42026051785131,3.42026051785131,39,39,39,1,1,1,1,1,0,NA,NA,NA,NA,NA,NA,NA,NA,"G5"
"2050","Ball State","fbs","Mid-American",2022,4361646,"Yo'Heinz Tyler",66,10,11,6.6,-1.02275646509823,-0.015496310077246,-0.102275646509823,389,5.89393939393939,38.9,0.46969696969697,43,66,0.651515151515151,1,1,560,559,558,489,511,255,542,290,"G5"
"2050","Ball State","fbs","Mid-American",2022,4362785,"Amir Abdur-Rahman",30,7,11,4.28571428571429,1.7069859907144,0.0568995330238132,0.243855141530628,187,6.23333333333333,26.7142857142857,0.433333333333333,21,30,0.7,0,0,541,536,541,525,442.5,511,535,457,"G5"
"2050","Ball State","fbs","Mid-American",2022,4427636,"Nic Jones",1,1,11,1,-1.0418306486107,-1.0418306486107,-1.0418306486107,0,0,0,0,0,1,0,0,0,NA,NA,NA,NA,NA,NA,NA,NA,"G5"
"2050","Ball State","fbs","Mid-American",2022,4433841,"Ryan Lezon",4,3,11,1.33333333333333,-2.19985398281587,-0.549963495703969,-0.733284660938625,12,3,4,0,3,4,0.75,0,0,NA,NA,NA,NA,NA,NA,NA,NA,"G5"
"2050","Ball State","fbs","Mid-American",2022,4578333,"Dean Tate",1,1,11,1,0.825203628137027,0.825203628137027,0.825203628137027,8,8,8,1,1,1,1,0,0,NA,NA,NA,NA,NA,NA,NA,NA,"G5"
"2050","Ball State","fbs","Mid-American",2022,4586330,"Rico Barfield",1,1,11,1,-0.267043442010679,-0.267043442010679,-0.267043442010679,3,3,3,0,1,1,1,0,0,NA,NA,NA,NA,NA,NA,NA,NA,"G5"
"2050","Ball State","fbs","Mid-American",2022,4683210,"Brady Hunt",53,10,11,5.3,19.2630458454516,0.363453695197199,1.92630458454516,454,8.56603773584906,45.4,0.547169811320755,41,53,0.773584905660377,4,0,313,348,412,370.5,309,195.5,362,222,"G5"
"2050","Ball State","fbs","Mid-American",2022,4709788,"Vaughn Pemberton",9,5,11,1.8,-3.9860953844302,-0.442899487158911,-0.79721907688604,25,2.77777777777778,5,0.333333333333333,6,9,0.666666666666667,0,0,NA,NA,NA,NA,NA,NA,NA,NA,"G5"
"2050","Ball State","fbs","Mid-American",2022,4714365,"Carson Steele",27,9,11,3,1.76588243147143,0.0654030530174603,0.196209159052381,121,4.48148148148148,13.4444444444444,0.37037037037037,22,27,0.814814814814815,1,0,540,542,536,561,226.5,575.5,584,585,"G5"
"2050","Ball State","fbs","Mid-American",2022,4875389,"Casey Coll",1,1,11,1,-0.165853743194921,-0.165853743194921,-0.165853743194921,4,4,4,0,1,1,1,0,0,NA,NA,NA,NA,NA,NA,NA,NA,"G5"
"2050","Ball State","fbs","Mid-American",2022,4917427,"Tanner Koziol",40,8,11,5,21.5706126311701,0.539265315779252,2.69632657889626,297,7.425,37.125,0.55,27,40,0.675,6,0,283,249,300,364.5,490,355,468,315,"G5"
"2050","Ball State","fbs","Mid-American",2022,4917436,"Nick Presley",10,6,11,1.66666666666667,0.12344853637757,0.012344853637757,0.0205747560629284,35,3.5,5.83333333333333,0.4,6,10,0.6,0,0,NA,NA,NA,NA,NA,NA,NA,NA,"G5"
"2084","Buffalo","fbs","Mid-American",2022,4240075,"Justin Marshall",57,9,10,6.33333333333333,17.0957787194066,0.299925942445729,1.89953096882295,456,8,50.6666666666667,0.508771929824561,35,57,0.614035087719298,2,0,348,352,454,439,538,193,416,181,"G5"
"2084","Buffalo","fbs","Mid-American",2022,4244833,"Quian Williams",52,9,10,5.77777777777778,34.9134942117215,0.671413350225413,3.87927713463572,417,8.01923076923077,46.3333333333333,0.557692307692308,39,52,0.75,1,0,147,115,218,343.5,365,227,412,216,"G5"
"2084","Buffalo","fbs","Mid-American",2022,4367706,"Robbie Mangas",12,7,10,1.71428571428571,-7.63712688877586,-0.636427240731322,-1.09101812696798,63,5.25,9,0.333333333333333,8,12,0.666666666666667,0,1,NA,NA,NA,NA,NA,NA,NA,NA,"G5"
"2084","Buffalo","fbs","Mid-American",2022,4426449,"Boobie Curry",5,3,10,1.66666666666667,6.85158443107994,1.37031688621599,2.28386147702665,67,13.4,22.3333333333333,1,5,5,1,0,0,NA,NA,NA,NA,NA,NA,NA,NA,"G5"
"2084","Buffalo","fbs","Mid-American",2022,4429454,"Ron Cook Jr.",18,9,10,2,6.68750625985292,0.371528125547384,0.743056251094769,196,10.8888888888889,21.7777777777778,0.555555555555556,15,18,0.833333333333333,0,0,NA,NA,NA,NA,NA,NA,NA,NA,"G5"
"2084","Buffalo","fbs","Mid-American",2022,4570057,"Cole Snyder",2,2,10,1,6.11968535275294,3.05984267637647,3.05984267637647,30,15,15,1,2,2,1,1,0,NA,NA,NA,NA,NA,NA,NA,NA,"G5"
"2084","Buffalo","fbs","Mid-American",2022,4574327,"Marlyn Johnson",15,6,10,2.5,7.22191853522724,0.481461235681816,1.20365308920454,108,7.2,18,0.733333333333333,13,15,0.866666666666667,0,0,NA,NA,NA,NA,NA,NA,NA,NA,"G5"
"2084","Buffalo","fbs","Mid-American",2022,4576186,"Trevor Borland",6,4,10,1.5,1.58709315730667,0.264515526217779,0.396773289326668,36,6,9,0.5,6,6,1,0,0,NA,NA,NA,NA,NA,NA,NA,NA,"G5"
"2084","Buffalo","fbs","Mid-American",2022,4599158,"Al-Jay Henderson",5,5,10,1,-0.329762870369079,-0.0659525740738157,-0.0659525740738157,17,3.4,3.4,0.2,3,5,0.6,0,0,NA,NA,NA,NA,NA,NA,NA,NA,"G5"
"2084","Buffalo","fbs","Mid-American",2022,4684091,"Jamari Gassett",23,7,10,3.28571428571429,18.9464503889443,0.823758712562795,2.70663576984919,370,16.0869565217391,52.8571428571429,0.521739130434783,22,23,0.956521739130435,2,0,318,247,127,412,24.5,281,9,168,"G5"
"2084","Buffalo","fbs","Mid-American",2022,4686658,"Michael Washington",21,8,10,2.625,0.738901921976247,0.0351858058083927,0.0923627402470309,104,4.95238095238095,13,0.238095238095238,17,21,0.80952380952381,1,0,548,547,546,593,236.5,585.5,575,586,"G5"
"2084","Buffalo","fbs","Mid-American",2022,4687561,"Cole Harrity",15,8,10,1.875,9.53788140946243,0.635858760630829,1.1922351761828,153,10.2,19.125,0.666666666666667,11,15,0.733333333333333,1,0,NA,NA,NA,NA,NA,NA,NA,NA,"G5"
"2084","Buffalo","fbs","Mid-American",2022,4794888,"Ray Embry",2,2,10,1,2.83243016132244,1.41621508066122,1.41621508066122,27,13.5,13.5,1,2,2,1,0,0,NA,NA,NA,NA,NA,NA,NA,NA,"G5"
"2084","Buffalo","fbs","Mid-American",2022,5098386,"Clevester Hines",2,1,10,2,4.54305587808194,2.27152793904097,4.54305587808194,24,12,24,1,2,2,1,0,0,NA,NA,NA,NA,NA,NA,NA,NA,"G5"
"21","San Diego State","fbs","Mountain West",2022,4241476,"Tyrell Shavers",42,11,11,3.81818181818182,27.1378314844207,0.646138844867158,2.46707558949279,489,11.6428571428571,44.4545454545455,0.642857142857143,31,42,0.738095238095238,2,1,223,278,235,157,395,170,108,234,"G5"
"21","San Diego State","fbs","Mountain West",2022,4242490,"Braxton Burmeister",1,1,11,1,2.94687241266435,2.94687241266435,2.94687241266435,19,19,19,1,1,1,1,0,0,NA,NA,NA,NA,NA,NA,NA,NA,"G5"
"21","San Diego State","fbs","Mountain West",2022,4261605,"Chance Bell",4,4,11,1,2.41696535652503,0.604241339131258,0.604241339131258,33,8.25,8.25,0.75,3,4,0.75,0,0,NA,NA,NA,NA,NA,NA,NA,NA,"G5"
"21","San Diego State","fbs","Mountain West",2022,4362894,"Jalen Mayden",2,1,11,2,8.64948588454525,4.32474294227262,8.64948588454525,83,41.5,83,1,2,2,1,2,0,NA,NA,NA,NA,NA,NA,NA,NA,"G5"
"21","San Diego State","fbs","Mountain West",2022,4374141,"Jordan Byrd",10,6,11,1.66666666666667,0.655401557162673,0.0655401557162673,0.109233592860445,53,5.3,8.83333333333333,0.5,8,10,0.8,1,0,NA,NA,NA,NA,NA,NA,NA,NA,"G5"
"21","San Diego State","fbs","Mountain West",2022,4379569,"Jesse Matthews",41,11,11,3.72727272727273,26.3440479047091,0.642537753773394,2.39491344588265,385,9.39024390243902,35,0.585365853658537,35,41,0.853658536585366,3,1,230,289,243,274,152.5,262,283,337,"G5"
"21","San Diego State","fbs","Mountain West",2022,4426910,"Kenan Christon",8,5,11,1.6,3.80643946575583,0.475804933219479,0.761287893151167,96,12,19.2,0.5,7,8,0.875,1,0,NA,NA,NA,NA,NA,NA,NA,NA,"G5"
"21","San Diego State","fbs","Mountain West",2022,4428219,"Brionne Penny",15,5,11,3,12.8225046860071,0.854833645733809,2.56450093720143,150,10,30,0.533333333333333,10,15,0.666666666666667,0,0,NA,NA,NA,NA,NA,NA,NA,NA,"G5"
"21","San Diego State","fbs","Mountain West",2022,4431346,"Mark Redman",25,8,11,3.125,16.0925608658474,0.643702434633896,2.01157010823092,220,8.8,27.5,0.64,19,25,0.76,1,0,365,337,241,162,334.5,474,340,447,"G5"
"21","San Diego State","fbs","Mountain West",2022,4566912,"Jay Rudolph",3,1,11,3,0.324792518541916,0.108264172847305,0.324792518541916,9,3,9,0.333333333333333,1,3,0.333333333333333,0,0,NA,NA,NA,NA,NA,NA,NA,NA,"G5"
"21","San Diego State","fbs","Mountain West",2022,4613109,"Aaron Greene",1,1,11,1,0.693091884163866,0.693091884163866,0.693091884163866,5,5,5,1,1,1,1,0,0,NA,NA,NA,NA,NA,NA,NA,NA,"G5"
"21","San Diego State","fbs","Mountain West",2022,4682487,"Cam Davis",3,2,11,1.5,-2.64810914072658,-0.882703046908861,-1.32405457036329,5,1.66666666666667,2.5,0,2,3,0.666666666666667,0,0,NA,NA,NA,NA,NA,NA,NA,NA,"G5"
"21","San Diego State","fbs","Mountain West",2022,4685235,"Phillippe Wesley",1,1,11,1,-0.611303768283456,-0.611303768283456,-0.611303768283456,9,9,9,0,1,1,1,0,0,NA,NA,NA,NA,NA,NA,NA,NA,"G5"
"21","San Diego State","fbs","Mountain West",2022,4699782,"Mekhi Shaw",31,8,11,3.875,28.2212088275978,0.9103615750838,3.52765110344972,325,10.4838709677419,40.625,0.741935483870968,27,31,0.870967741935484,2,0,214,160,93,37,117.5,331,201,269,"G5"
"21","San Diego State","fbs","Mountain West",2022,4709982,"Josh Nicholson",5,2,11,2.5,2.24944375837521,0.449888751675043,1.12472187918761,41,8.2,20.5,0.6,3,5,0.6,1,0,NA,NA,NA,NA,NA,NA,NA,NA,"G5"
"21","San Diego State","fbs","Mountain West",2022,5086598,"Sheldon Canley II",1,1,11,1,-0.767675324762,-0.767675324762,-0.767675324762,2,2,2,0,1,1,1,0,0,NA,NA,NA,NA,NA,NA,NA,NA,"G5"
"21","San Diego State","fbs","Mountain West",2022,5086604,"Martin Blake",1,1,11,1,2.84468860093964,2.84468860093964,2.84468860093964,29,29,29,1,1,1,1,0,0,NA,NA,NA,NA,NA,NA,NA,NA,"G5"
"2116","UCF","fbs","American Athletic",2022,4240618,"Kemore Gamble",5,4,12,1.25,1.5278547136837,0.30557094273674,0.381963678420926,36,7.2,9,0.6,4,5,0.8,0,0,NA,NA,NA,NA,NA,NA,NA,NA,"G5"
"2116","UCF","fbs","American Athletic",2022,4361264,"Isaiah Bowser",12,7,12,1.71428571428571,13.3011995615645,1.10843329679704,1.90017136593779,159,13.25,22.7142857142857,0.75,11,12,0.916666666666667,0,0,NA,NA,NA,NA,NA,NA,NA,NA,"G5"
"2116","UCF","fbs","American Athletic",2022,4362393,"Trillion Coles",1,1,12,1,-0.5648541419395,-0.5648541419395,-0.5648541419395,0,0,0,0,1,1,1,0,0,NA,NA,NA,NA,NA,NA,NA,NA,"G5"
"2116","UCF","fbs","American Athletic",2022,4362421,"Alec Holler",27,9,12,3,5.26063612515666,0.194838375005802,0.584515125017406,258,9.55555555555556,28.6666666666667,0.407407407407407,20,27,0.740740740740741,1,0,503,510,502,544,387.5,414,269,432.5,"G5"
"2116","UCF","fbs","American Athletic",2022,4426494,"John Rhys Plumlee",1,1,12,1,3.47975135415387,3.47975135415387,3.47975135415387,20,20,20,1,1,1,1,1,0,NA,NA,NA,NA,NA,NA,NA,NA,"G5"
"2116","UCF","fbs","American Athletic",2022,4429056,"Kobe Hudson",45,9,12,5,52.3580142995431,1.16351142887874,5.81755714439368,578,12.8444444444444,64.2222222222222,0.711111111111111,34,45,0.755555555555556,7,0,47,36,30,68.5,346.5,113,55,85,"G5"
"2116","UCF","fbs","American Athletic",2022,4476461,"Stephen Martin",4,3,12,1.33333333333333,7.17115192070355,1.79278798017589,2.39038397356785,58,14.5,19.3333333333333,1,4,4,1,1,0,NA,NA,NA,NA,NA,NA,NA,NA,"G5"
"2116","UCF","fbs","American Athletic",2022,4568490,"RJ Harvey",21,8,12,2.625,4.87702074182943,0.232239082944259,0.609627592728679,190,9.04761904761905,23.75,0.619047619047619,19,21,0.904761904761905,0,0,NA,NA,NA,NA,NA,NA,NA,NA,"G5"
"2116","UCF","fbs","American Athletic",2022,4568992,"Ryan O'Keefe",79,12,12,6.58333333333333,30.78744640056,0.389714511399494,2.56562053338,690,8.73417721518987,57.5,0.531645569620253,70,79,0.886075949367089,5,0,186,264,397,397,94,72,350,127.5,"G5"
"2116","UCF","fbs","American Athletic",2022,4690120,"Johnny Richardson",18,9,12,2,-1.25018920494143,-0.0694549558300795,-0.138909911660159,101,5.61111111111111,11.2222222222222,0.5,17,18,0.944444444444444,0,0,NA,NA,NA,NA,NA,NA,NA,NA,"G5"
"2116","UCF","fbs","American Athletic",2022,4692022,"Javon Baker",64,12,12,5.33333333333333,45.254939261551,0.707108425961735,3.77124493846259,643,10.046875,53.5833333333333,0.640625,48,64,0.75,3,0,68,131,192,160,365,86,233,163,"G5"
"2116","UCF","fbs","American Athletic",2022,4808767,"Xavier Townsend",17,7,12,2.42857142857143,0.0795753964207538,0.00468090567180905,0.0113679137743934,102,6,14.5714285714286,0.294117647058824,16,17,0.941176470588235,0,0,NA,NA,NA,NA,NA,NA,NA,NA,"G5"
"2116","UCF","fbs","American Athletic",2022,4873236,"Jaylon Griffin",1,1,12,1,2.31098854050691,2.31098854050691,2.31098854050691,19,19,19,1,1,1,1,0,0,NA,NA,NA,NA,NA,NA,NA,NA,"G5"
"2116","UCF","fbs","American Athletic",2022,5085405,"Dwartney Wortham",2,1,12,2,1.44755542896286,0.723777714481432,1.44755542896286,30,15,30,1,2,2,1,0,0,NA,NA,NA,NA,NA,NA,NA,NA,"G5"
"2117","Central Michigan","fbs","Mid-American",2022,4241931,"Carlos Carriere",73,10,10,7.3,25.5716634196253,0.350296759172949,2.55716634196253,530,7.26027397260274,53,0.547945205479452,46,73,0.63013698630137,2,2,236,266,425,368,531,141,486,166.5,"G5"
"2117","Central Michigan","fbs","Mid-American",2022,4362570,"Joel Wilson",44,7,10,6.28571428571429,27.6757800732982,0.628995001665867,3.95368286761402,391,8.88636363636364,55.8571428571429,0.659090909090909,38,44,0.863636363636364,3,1,219,109,248,131,135.5,251,329,141,"G5"
"2117","Central Michigan","fbs","Mid-American",2022,4368531,"Kenny Brewer III",3,2,10,1.5,2.16689913845915,0.722299712819718,1.08344956922958,25,8.33333333333333,12.5,0.666666666666667,3,3,1,0,0,NA,NA,NA,NA,NA,NA,NA,NA,"G5"
"2117","Central Michigan","fbs","Mid-American",2022,4427951,"Jalen McGaughy",26,7,10,3.71428571428571,10.4233657537194,0.400898682835363,1.48905225053135,220,8.46153846153846,31.4285714285714,0.461538461538462,14,26,0.538461538461538,2,0,447,407,388,498.5,578.5,474,369,389,"G5"
"2117","Central Michigan","fbs","Mid-American",2022,4428119,"Lew Nichols",25,7,10,3.57142857142857,-4.982624442754,-0.19930497771016,-0.711803491822001,111,4.44,15.8571428571429,0.32,20,25,0.8,0,0,582,583,583,583.5,260,581.5,585,571.5,"G5"
"2117","Central Michigan","fbs","Mid-American",2022,4570259,"Daniel Richardson",1,1,10,1,4.29194518093597,4.29194518093597,4.29194518093597,21,21,21,1,1,1,1,1,0,NA,NA,NA,NA,NA,NA,NA,NA,"G5"
"2117","Central Michigan","fbs","Mid-American",2022,4600983,"De'Javion Stepney",3,3,10,1,-3.27007657708016,-1.09002552569339,-1.09002552569339,2,0.666666666666667,0.666666666666667,0,1,3,0.333333333333333,0,0,NA,NA,NA,NA,NA,NA,NA,NA,"G5"
"2117","Central Michigan","fbs","Mid-American",2022,4682517,"Irone Jackson",6,3,10,2,-3.30162729569888,-0.550271215949814,-1.10054243189963,19,3.16666666666667,6.33333333333333,0.166666666666667,3,6,0.5,0,0,NA,NA,NA,NA,NA,NA,NA,NA,"G5"
"2117","Central Michigan","fbs","Mid-American",2022,4683221,"Chris Parker",5,3,10,1.66666666666667,0.879098815839001,0.1758197631678,0.293032938613,33,6.6,11,0.6,4,5,0.8,0,0,NA,NA,NA,NA,NA,NA,NA,NA,"G5"
"2117","Central Michigan","fbs","Mid-American",2022,4683461,"Tyson Davis",1,1,10,1,3.36791280404819,3.36791280404819,3.36791280404819,15,15,15,1,1,1,1,1,0,NA,NA,NA,NA,NA,NA,NA,NA,"G5"
"2117","Central Michigan","fbs","Mid-American",2022,4693844,"Dallas Dixon",11,2,10,5.5,0.799164396025185,0.0726513087295622,0.399582198012592,96,8.72727272727273,48,0.454545454545455,6,11,0.545454545454545,0,0,NA,NA,NA,NA,NA,NA,NA,NA,"G5"
"2117","Central Michigan","fbs","Mid-American",2022,4701300,"Christian Brown",2,1,10,2,0.819164788883392,0.409582394441696,0.819164788883392,21,10.5,21,1,2,2,1,0,0,NA,NA,NA,NA,NA,NA,NA,NA,"G5"
"2117","Central Michigan","fbs","Mid-American",2022,4709012,"Jase Bauer",1,1,10,1,2.68421031394619,2.68421031394619,2.68421031394619,8,8,8,1,1,1,1,1,0,NA,NA,NA,NA,NA,NA,NA,NA,"G5"
"2117","Central Michigan","fbs","Mid-American",2022,4869694,"Langston Lewis",3,1,10,3,-2.46353354235757,-0.821177847452522,-2.46353354235757,7,2.33333333333333,7,0,1,3,0.333333333333333,0,0,NA,NA,NA,NA,NA,NA,NA,NA,"G5"
"2117","Central Michigan","fbs","Mid-American",2022,4875667,"Marion Lukes",8,3,10,2.66666666666667,3.61901049514698,0.452376311893373,1.20633683171566,81,10.125,27,0.375,5,8,0.625,1,0,NA,NA,NA,NA,NA,NA,NA,NA,"G5"
"2117","Central Michigan","fbs","Mid-American",2022,4875671,"Myles Bailey",10,5,10,2,6.05098576783513,0.605098576783513,1.21019715356703,83,8.3,16.6,0.5,8,10,0.8,1,0,NA,NA,NA,NA,NA,NA,NA,NA,"G5"
"2117","Central Michigan","fbs","Mid-American",2022,4875674,"Jake Tafelski",6,1,10,6,2.13237775044875,0.355396291741458,2.13237775044875,53,8.83333333333333,53,0.666666666666667,5,6,0.833333333333333,0,0,NA,NA,NA,NA,NA,NA,NA,NA,"G5"
"2117","Central Michigan","fbs","Mid-American",2022,4875680,"Marcus Young",3,3,10,1,-0.39188245756393,-0.130627485854643,-0.130627485854643,16,5.33333333333333,5.33333333333333,0.333333333333333,3,3,1,0,0,NA,NA,NA,NA,NA,NA,NA,NA,"G5"
"2117","Central Michigan","fbs","Mid-American",2022,4880181,"Cade Conley",11,6,10,1.83333333333333,8.73728919193811,0.794299017448919,1.45621486532302,150,13.6363636363636,25,0.636363636363636,10,11,0.909090909090909,0,0,NA,NA,NA,NA,NA,NA,NA,NA,"G5"
"2117","Central Michigan","fbs","Mid-American",2022,4880185,"Finn Hogan",24,8,10,3,2.01746566868754,0.0840610695286476,0.252183208585943,122,5.08333333333333,15.25,0.416666666666667,13,24,0.541666666666667,1,0,536,534,531,540,575.5,574,572,573,"G5"
"2117","Central Michigan","fbs","Mid-American",2022,5086218,"Sam Hicks",1,1,10,1,-1.32593941016813,-1.32593941016813,-1.32593941016813,0,0,0,0,0,1,0,0,0,NA,NA,NA,NA,NA,NA,NA,NA,"G5"
"2117","Central Michigan","fbs","Mid-American",2022,5086220,"Noah Koenigsknecht",13,4,10,3.25,16.5758237334071,1.27506336410824,4.14395593335177,167,12.8461538461538,41.75,0.692307692307692,10,13,0.769230769230769,1,0,NA,NA,NA,NA,NA,NA,NA,NA,"G5"
"2117","Central Michigan","fbs","Mid-American",2022,5086234,"Bryant Kieft",2,1,10,2,5.3327145751318,2.6663572875659,5.3327145751318,30,15,30,1,2,2,1,0,0,NA,NA,NA,NA,NA,NA,NA,NA,"G5"
"213","Penn State","fbs","Big Ten",2022,4259592,"Sean Clifford",3,3,12,1,3.28485032392359,1.09495010797453,1.09495010797453,31,10.3333333333333,10.3333333333333,0.666666666666667,3,3,1,1,0,NA,NA,NA,NA,NA,NA,NA,NA,"P5"
"213","Penn State","fbs","Big Ten",2022,4426420,"Devyn Ford",5,4,12,1.25,2.12738511215464,0.425477022430928,0.531846278038661,31,6.2,7.75,0.4,5,5,1,0,0,NA,NA,NA,NA,NA,NA,NA,NA,"P5"
"213","Penn State","fbs","Big Ten",2022,4429077,"Keyvone Lee",4,3,12,1.33333333333333,3.47407825348781,0.868519563371953,1.15802608449594,23,5.75,7.66666666666667,0.5,3,4,0.75,1,0,NA,NA,NA,NA,NA,NA,NA,NA,"P5"
"213","Penn State","fbs","Big Ten",2022,4429148,"Theo Johnson",22,7,12,3.14285714285714,23.2588721162563,1.05722145982983,3.32269601660805,300,13.6363636363636,42.8571428571429,0.681818181818182,19,22,0.863636363636364,4,0,NA,NA,NA,NA,NA,NA,NA,NA,"P5"
"213","Penn State","fbs","Big Ten",2022,4430539,"Brenton Strange",32,11,12,2.90909090909091,32.2657642422459,1.00830513257018,2.93325129474963,338,10.5625,30.7272727272727,0.6875,28,32,0.875,5,0,170,214,57,93.5,110.5,315,191,401,"P5"
"213","Penn State","fbs","Big Ten",2022,4430857,"Jaden Dottin",3,1,12,3,0.101246725229739,0.0337489084099129,0.101246725229739,14,4.66666666666667,14,0.333333333333333,2,3,0.666666666666667,0,0,NA,NA,NA,NA,NA,NA,NA,NA,"P5"
"213","Penn State","fbs","Big Ten",2022,4430870,"Keandre Lambert",33,9,12,3.66666666666667,7.31696453109415,0.221726197911944,0.812996059010461,262,7.93939393939394,29.1111111111111,0.515151515151515,20,33,0.606060606060606,3,0,483,485,488,427.5,548.5,404,424,420,"P5"
"213","Penn State","fbs","Big Ten",2022,4431459,"Tyler Warren",10,5,12,2,11.6225822288628,1.16225822288628,2.32451644577256,98,9.8,19.6,0.6,8,10,0.8,2,0,NA,NA,NA,NA,NA,NA,NA,NA,"P5"
"213","Penn State","fbs","Big Ten",2022,4432620,"Parker Washington",56,10,12,5.6,37.6359332580767,0.672070236751369,3.76359332580767,611,10.9107142857143,61.1,0.571428571428571,46,56,0.821428571428571,2,0,124,133,217,312,215.5,99,155,110,"P5"
"213","Penn State","fbs","Big Ten",2022,4570636,"Malick Meiga",3,2,12,1.5,0.262489377690063,0.0874964592300211,0.131244688845032,19,6.33333333333333,9.5,0.666666666666667,3,3,1,0,0,NA,NA,NA,NA,NA,NA,NA,NA,"P5"
"213","Penn State","fbs","Big Ten",2022,4594337,"Liam Clifford",10,5,12,2,5.96558341121989,0.596558341121989,1.19311668224398,89,8.9,17.8,0.7,8,10,0.8,0,0,NA,NA,NA,NA,NA,NA,NA,NA,"P5"
"213","Penn State","fbs","Big Ten",2022,4685123,"Tank Smith",1,1,12,1,-0.41231591280571,-0.41231591280571,-0.41231591280571,2,2,2,0,1,1,1,0,0,NA,NA,NA,NA,NA,NA,NA,NA,"P5"
"213","Penn State","fbs","Big Ten",2022,4685246,"Kaytron Allen",22,11,12,2,4.35918316134452,0.198144689152024,0.396289378304047,172,7.81818181818182,15.6363636363636,0.454545454545455,17,22,0.772727272727273,1,0,NA,NA,NA,NA,NA,NA,NA,NA,"P5"
"213","Penn State","fbs","Big Ten",2022,4685510,"Kaden Saunders",2,1,12,2,1.78870455790168,0.894352278950842,1.78870455790168,21,10.5,21,1,2,2,1,0,0,NA,NA,NA,NA,NA,NA,NA,NA,"P5"
"213","Penn State","fbs","Big Ten",2022,4685555,"Nicholas Singleton",17,10,12,1.7,0.36244299184829,0.0213201759910759,0.036244299184829,85,5,8.5,0.294117647058824,11,17,0.647058823529412,1,0,NA,NA,NA,NA,NA,NA,NA,NA,"P5"
"213","Penn State","fbs","Big Ten",2022,4690070,"Mitchell Tinsley",66,12,12,5.5,30.0982233035089,0.456033686416802,2.50818527529241,521,7.89393939393939,43.4166666666667,0.515151515151515,44,66,0.666666666666667,3,1,196,273,359,427.5,499.5,148.5,431,241,"P5"
"213","Penn State","fbs","Big Ten",2022,4699354,"Harrison Wallace III",28,10,12,2.8,2.81309823548525,0.100467794124473,0.281309823548525,226,8.07142857142857,22.6,0.428571428571429,17,28,0.607142857142857,1,0,527,532,527,527.5,546.5,465.5,407,511,"P5"
"213","Penn State","fbs","Big Ten",2022,4699678,"Khalil Dinkins",3,3,12,1,-0.449864798277664,-0.149954932759221,-0.149954932759221,17,5.66666666666667,5.66666666666667,0.333333333333333,2,3,0.666666666666667,0,0,NA,NA,NA,NA,NA,NA,NA,NA,"P5"
"213","Penn State","fbs","Big Ten",2022,4702908,"Omari Evans",7,3,12,2.33333333333333,-2.11542691327104,-0.302203844753006,-0.70514230442368,23,3.28571428571429,7.66666666666667,0.285714285714286,4,7,0.571428571428571,0,0,NA,NA,NA,NA,NA,NA,NA,NA,"P5"
"213","Penn State","fbs","Big Ten",2022,4714771,"Drew Allar",2,1,12,2,4.72479395430243,2.36239697715122,4.72479395430243,60,30,60,1,2,2,1,2,0,NA,NA,NA,NA,NA,NA,NA,NA,"P5"
"213","Penn State","fbs","Big Ten",2022,5081828,"Tyler Holzworth",2,2,12,1,1.15300937536667,0.576504687683335,0.576504687683335,16,8,8,1,2,2,1,0,0,NA,NA,NA,NA,NA,NA,NA,NA,"P5"
"2132","Cincinnati","fbs","American Athletic",2022,4360057,"Charles McClelland",18,6,11,3,0.108916516860491,0.00605091760336062,0.0181527528100818,113,6.27777777777778,18.8333333333333,0.388888888888889,13,18,0.722222222222222,0,0,NA,NA,NA,NA,NA,NA,NA,NA,"G5"
"2132","Cincinnati","fbs","American Athletic",2022,4360075,"Ryan Montgomery",5,4,11,1.25,2.7744056759996,0.55488113519992,0.6936014189999,65,13,16.25,0.6,4,5,0.8,0,0,NA,NA,NA,NA,NA,NA,NA,NA,"G5"
"2132","Cincinnati","fbs","American Athletic",2022,4360082,"Leonard Taylor",16,8,11,2,13.907279920419,0.869204995026189,1.73840999005238,134,8.375,16.75,0.5625,15,16,0.9375,1,0,NA,NA,NA,NA,NA,NA,NA,NA,"G5"
"2132","Cincinnati","fbs","American Athletic",2022,4360086,"Josh Whyle",37,9,11,4.11111111111111,21.4593597748542,0.57998269661768,2.38437330831713,269,7.27027027027027,29.8888888888889,0.594594594594595,27,37,0.72972972972973,2,0,286,292,280,249,401.5,397,485,411,"G5"
"2132","Cincinnati","fbs","American Athletic",2022,4361369,"L'Christian Smith",3,3,11,1,3.27143123180895,1.09047707726965,1.09047707726965,30,10,10,0.666666666666667,3,3,1,0,0,NA,NA,NA,NA,NA,NA,NA,NA,"G5"
"2132","Cincinnati","fbs","American Athletic",2022,4373959,"Nick Mardner",23,9,11,2.55555555555556,14.4524989698368,0.628369520427685,1.60583321887075,206,8.95652173913044,22.8888888888889,0.652173913043478,18,23,0.782608695652174,3,0,387,387,249,143,294.5,488.5,323,507,"G5"
"2132","Cincinnati","fbs","American Athletic",2022,4428718,"Tre Tucker",66,11,11,6,38.8540339860226,0.588697484636705,3.53218490782023,662,10.030303030303,60.1818181818182,0.575757575757576,51,66,0.772727272727273,3,1,113,159,274,305,311,80.5,234,113,"G5"
"2132","Cincinnati","fbs","American Athletic",2022,4430703,"Chris Scott",3,3,11,1,3.10113017234598,1.03371005744866,1.03371005744866,17,5.66666666666667,5.66666666666667,0.666666666666667,3,3,1,0,0,NA,NA,NA,NA,NA,NA,NA,NA,"G5"
"2132","Cincinnati","fbs","American Athletic",2022,4430905,"Jadon Thompson",27,9,11,3,8.26083547912765,0.30595686959732,0.917870608791961,236,8.74074074074074,26.2222222222222,0.555555555555556,19,27,0.703703703703704,1,0,471,473,448,348.5,435.5,446,349,461,"G5"
"2132","Cincinnati","fbs","American Athletic",2022,4431431,"Corey Kiner",2,2,11,1,-1.13163083982885,-0.565815419914427,-0.565815419914427,1,0.5,0.5,0,1,2,0.5,0,0,NA,NA,NA,NA,NA,NA,NA,NA,"G5"
"2132","Cincinnati","fbs","American Athletic",2022,4565908,"Tyler Scott",69,9,11,7.66666666666667,64.3018743072104,0.931911221843629,7.14465270080116,856,12.4057971014493,95.1111111111111,0.652173913043478,51,69,0.739130434782609,8,0,29,7,86,143,391,25,68,7,"G5"
"2132","Cincinnati","fbs","American Athletic",2022,4676889,"Myles Montgomery",1,1,11,1,-0.272617872643043,-0.272617872643043,-0.272617872643043,4,4,4,0,1,1,1,0,0,NA,NA,NA,NA,NA,NA,NA,NA,"G5"
"2132","Cincinnati","fbs","American Athletic",2022,4683114,"Will Pauling",10,4,11,2.5,3.63727925206477,0.363727925206477,0.909319813016191,71,7.1,17.75,0.4,8,10,0.8,0,0,NA,NA,NA,NA,NA,NA,NA,NA,"G5"
"218","Temple","fbs","American Athletic",2022,4240506,"Adonicas Sanders",57,8,11,7.125,24.3768924481561,0.427664779792212,3.04711155601951,479,8.40350877192983,59.875,0.56140350877193,39,57,0.684210526315789,2,0,251,201,371,329,468.5,178,376,114,"G5"
"218","Temple","fbs","American Athletic",2022,4360370,"Jakari Norwood",6,3,11,2,-6.33023669168314,-1.05503944861386,-2.11007889722771,4,0.666666666666667,1.33333333333333,0,2,6,0.333333333333333,0,0,NA,NA,NA,NA,NA,NA,NA,NA,"G5"
"218","Temple","fbs","American Athletic",2022,4360978,"David Martin-Robinson",32,7,11,4.57142857142857,25.4746437553675,0.796082617355234,3.63923482219536,334,10.4375,47.7142857142857,0.71875,29,32,0.90625,1,0,239,147,142,62,62,319,207,205,"G5"
"218","Temple","fbs","American Athletic",2022,4360979,"Jose Barbon",89,11,11,8.09090909090909,42.0276524944661,0.472220814544563,3.8206956813151,783,8.79775280898876,71.1818181818182,0.550561797752809,61,89,0.685393258426966,2,0,88,124,340,362,467,40.5,341,60.5,"G5"
"218","Temple","fbs","American Athletic",2022,4360993,"Jordan Smith",28,7,11,4,18.0342220947104,0.644079360525373,2.57631744210149,271,9.67857142857143,38.7142857142857,0.678571428571429,21,28,0.75,2,0,326,260,240,105,365,391.5,257,292,"G5"
"218","Temple","fbs","American Athletic",2022,4360995,"Evan Boozer",1,1,11,1,0.52276093984615,0.52276093984615,0.52276093984615,7,7,7,1,1,1,1,0,0,NA,NA,NA,NA,NA,NA,NA,NA,"G5"
"218","Temple","fbs","American Athletic",2022,4361492,"Amad Anderson Jr.",42,9,11,4.66666666666667,40.9020628019449,0.973858638141546,4.54467364466055,401,9.54761904761905,44.5555555555556,0.619047619047619,32,42,0.761904761904762,3,1,94,81,71,193.5,330.5,241,270,233,"G5"
"218","Temple","fbs","American Athletic",2022,4427914,"D'Wan Mathis",6,4,11,1.5,1.26850013120026,0.211416688533377,0.317125032800066,37,6.16666666666667,9.25,0.333333333333333,5,6,0.833333333333333,0,0,NA,NA,NA,NA,NA,NA,NA,NA,"G5"
"218","Temple","fbs","American Athletic",2022,4428438,"Edward Saydee",41,10,11,4.1,-4.9667327560454,-0.12113982331818,-0.49667327560454,260,6.34146341463415,26,0.365853658536585,35,41,0.853658536585366,0,0,580,574,574,563,152.5,408,528,468,"G5"
"218","Temple","fbs","American Athletic",2022,4429239,"Zae Baines",33,6,11,5.5,0.929091228410015,0.0281542796487883,0.154848538068336,209,6.33333333333333,34.8333333333333,0.363636363636364,18,33,0.545454545454545,1,2,545,545,548,564,574,484,529.5,340,"G5"
"218","Temple","fbs","American Athletic",2022,4430845,"Darvon Hubbard",11,6,11,1.83333333333333,-0.379384321552448,-0.0344894837774953,-0.0632307202587413,49,4.45454545454545,8.16666666666667,0.363636363636364,9,11,0.818181818181818,0,0,NA,NA,NA,NA,NA,NA,NA,NA,"G5"
"218","Temple","fbs","American Athletic",2022,4431415,"Ian Stewart",9,3,11,3,5.69401980395959,0.632668867106621,1.89800660131986,53,5.88888888888889,17.6666666666667,0.555555555555556,5,9,0.555555555555556,1,0,NA,NA,NA,NA,NA,NA,NA,NA,"G5"
"218","Temple","fbs","American Athletic",2022,4575836,"Kobe Wilson",1,1,11,1,1.19534196304435,1.19534196304435,1.19534196304435,9,9,9,1,1,1,1,0,0,NA,NA,NA,NA,NA,NA,NA,NA,"G5"
"218","Temple","fbs","American Athletic",2022,4575856,"James Della Pesca",2,1,11,2,-0.439390633112606,-0.219695316556303,-0.439390633112606,10,5,10,0.5,1,2,0.5,0,0,NA,NA,NA,NA,NA,NA,NA,NA,"G5"
"218","Temple","fbs","American Athletic",2022,4576168,"Trey Blair",2,2,11,1,0.277808875219397,0.138904437609698,0.138904437609698,13,6.5,6.5,0.5,2,2,1,0,0,NA,NA,NA,NA,NA,NA,NA,NA,"G5"
"218","Temple","fbs","American Athletic",2022,4581503,"Corey Cuascut-Palmer",1,1,11,1,-0.891120398062868,-0.891120398062868,-0.891120398062868,0,0,0,0,1,1,1,0,0,NA,NA,NA,NA,NA,NA,NA,NA,"G5"
"218","Temple","fbs","American Athletic",2022,4612845,"Malik Cooper",2,1,11,2,-1.42436734845775,-0.712183674228873,-1.42436734845775,0,0,0,0,0,2,0,0,0,NA,NA,NA,NA,NA,NA,NA,NA,"G5"
"218","Temple","fbs","American Athletic",2022,4916436,"E.J. Warner",4,2,11,2,15.7389889980069,3.93474724950174,7.86949449900347,97,24.25,48.5,1,4,4,1,4,0,NA,NA,NA,NA,NA,NA,NA,NA,"G5"
"2199","Eastern Michigan","fbs","Mid-American",2022,4241193,"Taylor Powell",1,1,11,1,6.55613762207437,6.55613762207437,6.55613762207437,75,75,75,1,1,1,1,1,0,NA,NA,NA,NA,NA,NA,NA,NA,"G5"
"2199","Eastern Michigan","fbs","Mid-American",2022,4244834,"Gunnar Oakes",24,8,11,3,12.424234287109,0.517676428629541,1.55302928588862,196,8.16666666666667,24.5,0.541666666666667,18,24,0.75,0,0,426,399,316,382,365,501,398,487.5,"G5"
"2199","Eastern Michigan","fbs","Mid-American",2022,4360404,"Dennis Smith",2,1,11,2,-0.53719708774125,-0.268598543870625,-0.53719708774125,6,3,6,0,1,2,0.5,0,0,NA,NA,NA,NA,NA,NA,NA,NA,"G5"
"2199","Eastern Michigan","fbs","Mid-American",2022,4360492,"Samson Evans",19,9,11,2.11111111111111,-1.22423177658716,-0.0644332513993241,-0.136025752954129,68,3.57894736842105,7.55555555555556,0.263157894736842,12,19,0.631578947368421,1,0,NA,NA,NA,NA,NA,NA,NA,NA,"G5"
"2199","Eastern Michigan","fbs","Mid-American",2022,4363522,"Aaron Jackson",3,2,11,1.5,-8.91755205477088,-2.97251735159029,-4.45877602738544,12,4,6,0,2,3,0.666666666666667,0,1,NA,NA,NA,NA,NA,NA,NA,NA,"G5"
"2199","Eastern Michigan","fbs","Mid-American",2022,4363528,"Tanner Knue",53,10,11,5.3,32.5437787847389,0.614033561976205,3.25437787847389,539,10.1698113207547,53.9,0.584905660377358,38,53,0.716981132075472,6,0,167,181,257,275,416,138,226,159,"G5"
"2199","Eastern Michigan","fbs","Mid-American",2022,4363537,"Hassan Beydoun",57,11,11,5.18181818181818,14.7142076006059,0.258143992993086,1.33765523641872,418,7.33333333333333,38,0.491228070175439,44,57,0.771929824561403,3,1,381,426,472,451,313.5,225,478,303.5,"G5"
"2199","Eastern Michigan","fbs","Mid-American",2022,4363551,"Dylan Drummond",47,8,11,5.875,14.1156358467258,0.300332677589911,1.76445448084073,378,8.04255319148936,47.25,0.468085106382979,26,47,0.553191489361702,3,0,394,362,453,492,571,272.5,410,210.5,"G5"
"2199","Eastern Michigan","fbs","Mid-American",2022,4429083,"Darius Boone",1,1,11,1,0.194905850497821,0.194905850497821,0.194905850497821,7,7,7,1,1,1,1,0,0,NA,NA,NA,NA,NA,NA,NA,NA,"G5"
"2199","Eastern Michigan","fbs","Mid-American",2022,4565491,"Jere Getzinger Jr.",3,2,11,1.5,5.98136408196911,1.99378802732304,2.99068204098455,58,19.3333333333333,29,1,3,3,1,0,0,NA,NA,NA,NA,NA,NA,NA,NA,"G5"
"2199","Eastern Michigan","fbs","Mid-American",2022,4688839,"Bryson Moss",1,1,11,1,-3.81644428765668,-3.81644428765668,-3.81644428765668,0,0,0,0,0,1,0,0,0,NA,NA,NA,NA,NA,NA,NA,NA,"G5"
"2199","Eastern Michigan","fbs","Mid-American",2022,4696240,"Jaylon Jackson",16,8,11,2,8.90645552785268,0.556653470490793,1.11330694098159,141,8.8125,17.625,0.625,14,16,0.875,0,0,NA,NA,NA,NA,NA,NA,NA,NA,"G5"
"2199","Eastern Michigan","fbs","Mid-American",2022,4710718,"Andreas Paaske",8,3,11,2.66666666666667,9.54856557049656,1.19357069631207,3.18285519016552,82,10.25,27.3333333333333,0.75,7,8,0.875,1,0,NA,NA,NA,NA,NA,NA,NA,NA,"G5"
"2199","Eastern Michigan","fbs","Mid-American",2022,4875726,"Zach Westmoreland",2,1,11,2,-3.28576184325261,-1.64288092162631,-3.28576184325261,0,0,0,0,0,2,0,0,0,NA,NA,NA,NA,NA,NA,NA,NA,"G5"
"2199","Eastern Michigan","fbs","Mid-American",2022,5083198,"Darius Lassiter",49,9,11,5.44444444444444,20.8991234142825,0.42651272274046,2.32212482380917,363,7.40816326530612,40.3333333333333,0.530612244897959,30,49,0.612244897959184,2,0,294,301,372,399.5,542,289,469,274,"G5"
"221","Pittsburgh","fbs","ACC",2022,4241944,"Marcus Minor",1,1,11,1,-1.99706396773363,-1.99706396773363,-1.99706396773363,-10,-10,-10,0,1,1,1,0,0,NA,NA,NA,NA,NA,NA,NA,NA,"P5"
"221","Pittsburgh","fbs","ACC",2022,4426455,"Ryan Jacoby",1,1,11,1,-0.497369003980541,-0.497369003980541,-0.497369003980541,3,3,3,0,1,1,1,0,0,NA,NA,NA,NA,NA,NA,NA,NA,"P5"
"221","Pittsburgh","fbs","ACC",2022,4427673,"Calijah Kancey",1,1,11,1,-0.762154099430266,-0.762154099430266,-0.762154099430266,0,0,0,0,0,1,0,0,0,NA,NA,NA,NA,NA,NA,NA,NA,"P5"
"221","Pittsburgh","fbs","ACC",2022,4427985,"Jerrod Means",22,8,11,2.75,7.42265882574749,0.337393582988522,0.927832353218437,240,10.9090909090909,30,0.545454545454545,15,22,0.681818181818182,0,1,481,470,434,374,474,437.5,156,408,"P5"
"221","Pittsburgh","fbs","ACC",2022,4428512,"Kedon Slovis",2,2,11,1,7.64030040811141,3.82015020405571,3.82015020405571,88,44,44,1,2,2,1,2,0,NA,NA,NA,NA,NA,NA,NA,NA,"P5"
"221","Pittsburgh","fbs","ACC",2022,4428940,"Kyi Wright",1,1,11,1,-0.500617453397421,-0.500617453397421,-0.500617453397421,3,3,3,0,1,1,1,0,0,NA,NA,NA,NA,NA,NA,NA,NA,"P5"
"221","Pittsburgh","fbs","ACC",2022,4429202,"Israel Abanikanda",15,8,11,1.875,6.50309042589647,0.433539361726431,0.812886303237059,142,9.46666666666667,17.75,0.333333333333333,12,15,0.8,1,1,NA,NA,NA,NA,NA,NA,NA,NA,"P5"
"221","Pittsburgh","fbs","ACC",2022,4429247,"Jaylon Barden",3,2,11,1.5,1.30348091220522,0.434493637401742,0.651740456102612,19,6.33333333333333,9.5,0.666666666666667,3,3,1,0,0,NA,NA,NA,NA,NA,NA,NA,NA,"P5"
"221","Pittsburgh","fbs","ACC",2022,4429914,"Karter Johnson",4,3,11,1.33333333333333,2.29841940129401,0.574604850323503,0.766139800431337,41,10.25,13.6666666666667,0.75,4,4,1,0,0,NA,NA,NA,NA,NA,NA,NA,NA,"P5"
"221","Pittsburgh","fbs","ACC",2022,4430681,"Jared Wayne",73,11,11,6.63636363636364,69.7863361468403,0.955977207490963,6.34421237698548,1019,13.958904109589,92.6363636363636,0.684931506849315,55,73,0.753424657534247,5,1,15,21,78,96,354,7,30,9,"P5"
"221","Pittsburgh","fbs","ACC",2022,4431328,"Rodney Hammond Jr.",5,4,11,1.25,4.3598944972031,0.87197889944062,1.08997362430077,65,13,16.25,0.6,5,5,1,0,0,NA,NA,NA,NA,NA,NA,NA,NA,"P5"
"221","Pittsburgh","fbs","ACC",2022,4568658,"Daniel Carter",2,2,11,1,-0.44922742444587,-0.224613712222935,-0.224613712222935,9,4.5,4.5,0.5,2,2,1,0,0,NA,NA,NA,NA,NA,NA,NA,NA,"P5"
"221","Pittsburgh","fbs","ACC",2022,4568660,"Vincent Davis",8,5,11,1.6,1.88394731739924,0.235493414674905,0.376789463479848,61,7.625,12.2,0.375,8,8,1,0,1,NA,NA,NA,NA,NA,NA,NA,NA,"P5"
"221","Pittsburgh","fbs","ACC",2022,4574964,"Gavin Thomson",1,1,11,1,1.12755207131516,1.12755207131516,1.12755207131516,19,19,19,1,1,1,1,0,0,NA,NA,NA,NA,NA,NA,NA,NA,"P5"
"221","Pittsburgh","fbs","ACC",2022,4683111,"Jaden Bradley",8,3,11,2.66666666666667,16.7154595094221,2.08943243867776,5.57181983647403,126,15.75,42,0.625,8,8,1,2,0,NA,NA,NA,NA,NA,NA,NA,NA,"P5"
"221","Pittsburgh","fbs","ACC",2022,4683182,"Nate Yarnell",1,1,11,1,1.44402141289178,1.44402141289178,1.44402141289178,6,6,6,1,1,1,1,1,0,NA,NA,NA,NA,NA,NA,NA,NA,"P5"
"221","Pittsburgh","fbs","ACC",2022,4708049,"Gavin Bartholomew",20,9,11,2.22222222222222,13.8619768176556,0.69309884088278,1.54021964640618,226,11.3,25.1111111111111,0.75,18,20,0.9,1,1,NA,NA,NA,NA,NA,NA,NA,NA,"P5"
"221","Pittsburgh","fbs","ACC",2022,4710855,"Konata Mumpfield",52,10,11,5.2,11.6701221564527,0.224425426085628,1.16701221564527,404,7.76923076923077,40.4,0.576923076923077,42,52,0.807692307692308,0,0,435,448,486,301,241.5,237.5,440,272,"P5"
"2226","Florida Atlantic","fbs","Conference USA",2022,4240628,"N'Kosi Perry",4,4,9,1,11.8314657112943,2.95786642782359,2.95786642782359,77,19.25,19.25,1,4,4,1,4,0,NA,NA,NA,NA,NA,NA,NA,NA,"G5"
"2226","Florida Atlantic","fbs","Conference USA",2022,4360881,"Johnny Ford",11,5,9,2.2,8.80037564236548,0.800034149305953,1.7600751284731,129,11.7272727272727,25.8,0.545454545454545,8,11,0.727272727272727,1,0,NA,NA,NA,NA,NA,NA,NA,NA,"G5"
"2226","Florida Atlantic","fbs","Conference USA",2022,4363044,"Jordan Young",3,1,9,3,2.59747450412025,0.86582483470675,2.59747450412025,31,10.3333333333333,31,0.666666666666667,3,3,1,0,0,NA,NA,NA,NA,NA,NA,NA,NA,"G5"
"2226","Florida Atlantic","fbs","Conference USA",2022,4368341,"Je'Quan Burton",26,8,9,3.25,31.0002710520923,1.19231811738817,3.87503388151154,418,16.0769230769231,52.25,0.846153846153846,24,26,0.923076923076923,2,0,183,117,26,7,43.5,225,10,173,"G5"
"2226","Florida Atlantic","fbs","Conference USA",2022,4429505,"Kelvin Dean Jr.",2,1,9,2,0,0,0,22,11,22,0,2,2,1,0,0,NA,NA,NA,NA,NA,NA,NA,NA,"G5"
"2226","Florida Atlantic","fbs","Conference USA",2022,4430100,"Larry McCammon III",7,4,9,1.75,-0.68677192447995,-0.0981102749257071,-0.171692981119987,48,6.85714285714286,12,0.285714285714286,6,7,0.857142857142857,0,0,NA,NA,NA,NA,NA,NA,NA,NA,"G5"
"2226","Florida Atlantic","fbs","Conference USA",2022,4430331,"Javion Posey",1,1,9,1,1.23170932588941,1.23170932588941,1.23170932588941,10,10,10,1,1,1,1,0,0,NA,NA,NA,NA,NA,NA,NA,NA,"G5"
"2226","Florida Atlantic","fbs","Conference USA",2022,4683665,"Zuberi Mobley",3,3,9,1,2.60717526814408,0.869058422714695,0.869058422714695,31,10.3333333333333,10.3333333333333,0.333333333333333,3,3,1,0,0,NA,NA,NA,NA,NA,NA,NA,NA,"G5"
"2226","Florida Atlantic","fbs","Conference USA",2022,4683886,"Jahmal Edrine",43,9,9,4.77777777777778,47.577109185542,1.10644439966377,5.28634546506022,496,11.5348837209302,55.1111111111111,0.720930232558139,34,43,0.790697674418605,4,0,63,50,38,59,280.5,163,117,150,"G5"
"2226","Florida Atlantic","fbs","Conference USA",2022,4690138,"Austin Evans",3,3,9,1,7.56459980617094,2.52153326872365,2.52153326872365,54,18,18,1,3,3,1,1,0,NA,NA,NA,NA,NA,NA,NA,NA,"G5"
"2226","Florida Atlantic","fbs","Conference USA",2022,4690143,"LaJohntay Wester",49,9,9,5.44444444444444,34.9132283615673,0.712514864521782,3.8792475957297,482,9.83673469387755,53.5555555555556,0.551020408163265,43,49,0.877551020408163,3,0,148,116,189,360,107,175,247,164,"G5"
"2226","Florida Atlantic","fbs","Conference USA",2022,4715386,"Marvin Landy",2,2,9,1,2.11551771498731,1.05775885749365,1.05775885749365,35,17.5,17.5,1,2,2,1,0,0,NA,NA,NA,NA,NA,NA,NA,NA,"G5"
"2226","Florida Atlantic","fbs","Conference USA",2022,4834817,"Jayshon Platt",1,1,9,1,0.798522350674586,0.798522350674586,0.798522350674586,14,14,14,1,1,1,1,0,0,NA,NA,NA,NA,NA,NA,NA,NA,"G5"
"2226","Florida Atlantic","fbs","Conference USA",2022,4879499,"Tony Johnson",16,8,9,2,6.99132800177836,0.436958000111147,0.873916000222295,146,9.125,18.25,0.25,14,16,0.875,2,0,NA,NA,NA,NA,NA,NA,NA,NA,"G5"
"2229","Florida International","fbs","Conference USA",2022,4255713,"Randall St. Felix",2,1,8,2,1.47818914110311,0.739094570551555,1.47818914110311,12,6,12,0.5,2,2,1,0,0,NA,NA,NA,NA,NA,NA,NA,NA,"G5"
"2229","Florida International","fbs","Conference USA",2022,4360435,"Jacolby Hewitt",4,2,8,2,4.39062002890843,1.09765500722711,2.19531001445422,60,15,30,0.75,4,4,1,0,0,NA,NA,NA,NA,NA,NA,NA,NA,"G5"
"2229","Florida International","fbs","Conference USA",2022,4427648,"Lexington Joseph",26,7,8,3.71428571428571,-1.62152810163528,-0.0623664654475106,-0.231646871662182,143,5.5,20.4285714285714,0.346153846153846,20,26,0.769230769230769,1,0,563,563,562,573,318,558.5,556,535.5,"G5"
"2229","Florida International","fbs","Conference USA",2022,4428025,"Kris Mitchell",28,7,8,4,14.9777682985199,0.53492029637571,2.13968118550284,272,9.71428571428571,38.8571428571429,0.571428571428571,19,28,0.678571428571429,2,0,377,321,302,312,482,389.5,255,291,"G5"
"2229","Florida International","fbs","Conference USA",2022,4430166,"Josiah Miamen",24,7,8,3.42857142857143,6.33443089408477,0.263934620586865,0.904918699154967,164,6.83333333333333,23.4285714285714,0.541666666666667,19,24,0.791666666666667,1,0,490,476,470,382,276.5,539.5,502.5,499.5,"G5"
"2229","Florida International","fbs","Conference USA",2022,4431304,"Kejon Owens",2,1,8,2,0.8549199224364,0.4274599612182,0.8549199224364,14,7,14,1,2,2,1,0,0,NA,NA,NA,NA,NA,NA,NA,NA,"G5"
"2229","Florida International","fbs","Conference USA",2022,4567790,"Artez Hooker",13,3,8,4.33333333333333,1.81321654618583,0.139478195860449,0.604405515395278,57,4.38461538461539,19,0.461538461538462,8,13,0.615384615384615,0,0,NA,NA,NA,NA,NA,NA,NA,NA,"G5"
"2229","Florida International","fbs","Conference USA",2022,4569094,"Jackson McDonald",1,1,8,1,2.43806806393476,2.43806806393476,2.43806806393476,12,12,12,1,1,1,1,0,0,NA,NA,NA,NA,NA,NA,NA,NA,"G5"
"2229","Florida International","fbs","Conference USA",2022,4574026,"Tyrese Chambers",45,6,8,7.5,23.3315378480015,0.518478618844478,3.88858964133359,366,8.13333333333333,61,0.577777777777778,36,45,0.8,2,0,264,114,314,297.5,260,286,402,111,"G5"
"2229","Florida International","fbs","Conference USA",2022,4605858,"Rivaldo Fairweather",28,6,8,4.66666666666667,27.4483091143632,0.980296754084402,4.57471818572721,324,11.5714285714286,54,0.642857142857143,20,28,0.714285714285714,3,0,221,79,68,157,421.5,332,115,157.5,"G5"
"2229","Florida International","fbs","Conference USA",2022,4687515,"EJ Wilson Jr.",20,8,8,2.5,-6.66871920022406,-0.333435960011203,-0.833589900028008,62,3.1,7.75,0.2,14,20,0.7,0,0,586,586,592,594,442.5,593,593,593,"G5"
"2229","Florida International","fbs","Conference USA",2022,4875611,"Jay Barry Jr.",1,1,8,1,-1.03882822716809,-1.03882822716809,-1.03882822716809,4,4,4,0,1,1,1,0,0,NA,NA,NA,NA,NA,NA,NA,NA,"G5"
"2229","Florida International","fbs","Conference USA",2022,4875612,"Ross Fournet",8,5,8,1.6,-2.94901818826108,-0.368627273532635,-0.589803637652216,29,3.625,5.8,0.375,5,8,0.625,0,0,NA,NA,NA,NA,NA,NA,NA,NA,"G5"
"2229","Florida International","fbs","Conference USA",2022,4875613,"Dean Patterson",23,5,8,4.6,4.70975290780344,0.204771865556671,0.941950581560688,210,9.1304347826087,42,0.478260869565217,12,23,0.521739130434783,0,0,508,469,497,476,583,483,305,253,"G5"
"2229","Florida International","fbs","Conference USA",2022,4878503,"Antonio Patterson",1,1,8,1,-1.00296346635853,-1.00296346635853,-1.00296346635853,-1,-1,-1,0,1,1,1,0,0,NA,NA,NA,NA,NA,NA,NA,NA,"G5"
"2229","Florida International","fbs","Conference USA",2022,5082032,"Jalen Bracey",49,8,8,6.125,3.36082551544455,0.068588275825399,0.420103189430569,300,6.12244897959184,37.5,0.489795918367347,37,49,0.755102040816326,2,0,522,522,535,453.5,350,352,538,311.5,"G5"
"2229","Florida International","fbs","Conference USA",2022,5082042,"Jett Law",1,1,8,1,2.8320679908335,2.8320679908335,2.8320679908335,15,15,15,1,1,1,1,0,0,NA,NA,NA,NA,NA,NA,NA,NA,"G5"
"2247","Georgia State","fbs","Sun Belt",2022,4032491,"Aubry Payne",1,1,12,1,-0.912009565684853,-0.912009565684853,-0.912009565684853,3,3,3,0,1,1,1,0,0,NA,NA,NA,NA,NA,NA,NA,NA,"G5"
"2247","Georgia State","fbs","Sun Belt",2022,4259506,"Jamyest Williams",4,3,12,1.33333333333333,-1.45158146128796,-0.362895365321991,-0.483860487095987,27,6.75,9,0.25,4,4,1,0,0,NA,NA,NA,NA,NA,NA,NA,NA,"G5"
"2247","Georgia State","fbs","Sun Belt",2022,4369448,"Darren Grainger",3,1,12,3,10.7239867840426,3.57466226134754,10.7239867840426,84,28,84,1,3,3,1,3,0,NA,NA,NA,NA,NA,NA,NA,NA,"G5"
"2247","Georgia State","fbs","Sun Belt",2022,4382092,"Tucker Gregg",5,3,12,1.66666666666667,6.32196086840903,1.26439217368181,2.10732028946968,57,11.4,19,0.6,5,5,1,0,0,NA,NA,NA,NA,NA,NA,NA,NA,"G5"
"2247","Georgia State","fbs","Sun Belt",2022,4428666,"Cadarrius Thompson",5,3,12,1.66666666666667,2.00521010141242,0.401042020282484,0.668403367137473,52,10.4,17.3333333333333,0.6,5,5,1,0,1,NA,NA,NA,NA,NA,NA,NA,NA,"G5"
"2247","Georgia State","fbs","Sun Belt",2022,4428678,"Jamari Thrash",68,12,12,5.66666666666667,91.5999475107299,1.34705805162838,7.63332895922749,1069,15.7205882352941,89.0833333333333,0.661764705882353,58,68,0.852941176470588,6,0,2,3,11,130,154,6,13,14,"G5"
"2247","Georgia State","fbs","Sun Belt",2022,4576318,"Marcus Carroll",5,3,12,1.66666666666667,-0.1754818382095,-0.0350963676419001,-0.0584939460698334,29,5.8,9.66666666666667,0.6,5,5,1,0,1,NA,NA,NA,NA,NA,NA,NA,NA,"G5"
"2247","Georgia State","fbs","Sun Belt",2022,4597248,"Tailique Williams",15,5,12,3,3.19324522644986,0.212883015096657,0.638649045289972,159,10.6,31.8,0.533333333333333,14,15,0.933333333333333,0,2,NA,NA,NA,NA,NA,NA,NA,NA,"G5"
"2247","Georgia State","fbs","Sun Belt",2022,4605996,"Kris Byrd",9,6,12,1.5,9.5401803334513,1.06002003705014,1.59003005557522,102,11.3333333333333,17,0.555555555555556,9,9,1,2,1,NA,NA,NA,NA,NA,NA,NA,NA,"G5"
"2247","Georgia State","fbs","Sun Belt",2022,4608936,"Ahmon Green",13,6,12,2.16666666666667,-2.73398190973983,-0.210306300749218,-0.455663651623305,99,7.61538461538461,16.5,0.615384615384615,12,13,0.923076923076923,0,1,NA,NA,NA,NA,NA,NA,NA,NA,"G5"
"2247","Georgia State","fbs","Sun Belt",2022,4686271,"Robert Lewis",27,8,12,3.375,27.0402281354194,1.00148993094146,3.38002851692743,290,10.7407407407407,36.25,0.62962962962963,19,27,0.703703703703704,4,0,224,174,60,176.5,435.5,363.5,171,322,"G5"
"2247","Georgia State","fbs","Sun Belt",2022,4690117,"Ja'Cyais Credle",36,9,12,4,36.2953533991015,1.00820426108615,4.03281704434461,381,10.5833333333333,42.3333333333333,0.694444444444444,29,36,0.805555555555556,2,0,137,100,58,87,247,268,189,249,"G5"
"2247","Georgia State","fbs","Sun Belt",2022,5082447,"LaMarcus Brand",4,3,12,1.33333333333333,3.9898575757394,0.99746439393485,1.32995252524647,25,6.25,8.33333333333333,0.75,4,4,1,0,0,NA,NA,NA,NA,NA,NA,NA,NA,"G5"
"228","Clemson","fbs","ACC",2022,4240003,"Luke Price",1,1,12,1,0.767136945185069,0.767136945185069,0.767136945185069,3,3,3,1,1,1,1,1,0,NA,NA,NA,NA,NA,NA,NA,NA,"P5"
"228","Clemson","fbs","ACC",2022,4360321,"Drew Swinney",8,5,12,1.6,8.31117119682069,1.03889639960259,1.66223423936414,64,8,12.8,0.875,8,8,1,0,0,NA,NA,NA,NA,NA,NA,NA,NA,"P5"
"228","Clemson","fbs","ACC",2022,4426426,"Joseph Ngata",44,12,12,3.66666666666667,26.9716350111859,0.612991704799679,2.24763625093216,398,9.04545454545454,33.1666666666667,0.545454545454545,30,44,0.681818181818182,2,0,225,308,259,374,474,244.5,314.5,368,"P5"
"228","Clemson","fbs","ACC",2022,4426553,"Davis Allen",38,11,12,3.45454545454545,9.01943242905933,0.237353484975246,0.819948402641758,318,8.36842105263158,28.9090909090909,0.578947368421053,32,38,0.842105263157895,3,1,463,483,480,295.5,174.5,339,379,425,"P5"
"228","Clemson","fbs","ACC",2022,4429020,"D.J. Uiagalelei",4,2,12,2,9.03648894300777,2.25912223575194,4.51824447150388,103,25.75,51.5,0.75,4,4,1,3,0,NA,NA,NA,NA,NA,NA,NA,NA,"P5"
"228","Clemson","fbs","ACC",2022,4430518,"Brannon Spector",18,7,12,2.57142857142857,5.41968710475631,0.301093728042017,0.774241014965188,178,9.88888888888889,25.4285714285714,0.5,11,18,0.611111111111111,2,0,NA,NA,NA,NA,NA,NA,NA,NA,"P5"
"228","Clemson","fbs","ACC",2022,4431081,"Sage Ennis",2,1,12,2,0.633699438078218,0.316849719039109,0.633699438078218,17,8.5,17,0.5,2,2,1,0,0,NA,NA,NA,NA,NA,NA,NA,NA,"P5"
"228","Clemson","fbs","ACC",2022,4431196,"Jake Briningstool",26,9,12,2.88888888888889,13.8482116944962,0.532623526711391,1.53869018827735,247,9.5,27.4444444444444,0.538461538461538,20,26,0.769230769230769,2,0,400,401,304,390,318,426.5,272,448,"P5"
"228","Clemson","fbs","ACC",2022,4431210,"Beaux Collins",25,7,12,3.57142857142857,19.5736947716921,0.782947790867683,2.79624211024173,291,11.64,41.5714285714286,0.6,16,25,0.64,3,0,310,233,149,238,518,361.5,109,260,"P5"
"228","Clemson","fbs","ACC",2022,4431545,"Will Shipley",39,12,12,3.25,9.83399583846859,0.252153739447913,0.819499653205716,221,5.66666666666667,18.4166666666667,0.58974358974359,34,39,0.871794871794872,0,0,452,484,477,265.5,115.5,471,551,554,"P5"
"228","Clemson","fbs","ACC",2022,4431562,"Phil Mafah",10,6,12,1.66666666666667,0.305676350398386,0.0305676350398386,0.050946058399731,47,4.7,7.83333333333333,0.4,8,10,0.8,0,0,NA,NA,NA,NA,NA,NA,NA,NA,"P5"
"228","Clemson","fbs","ACC",2022,4568227,"Tye Herbstreit",1,1,12,1,-0.1697160739775,-0.1697160739775,-0.1697160739775,4,4,4,0,1,1,1,0,0,NA,NA,NA,NA,NA,NA,NA,NA,"P5"
"228","Clemson","fbs","ACC",2022,4568228,"Hamp Greene",2,2,12,1,-0.0550064523846361,-0.027503226192318,-0.027503226192318,7,3.5,3.5,0.5,2,2,1,0,0,NA,NA,NA,NA,NA,NA,NA,NA,"P5"
"228","Clemson","fbs","ACC",2022,4685413,"Cade Klubnik",1,1,12,1,1.41052312015475,1.41052312015475,1.41052312015475,19,19,19,1,1,1,1,0,0,NA,NA,NA,NA,NA,NA,NA,NA,"P5"
"228","Clemson","fbs","ACC",2022,4685526,"Adam Randall",14,7,12,2,1.27925184562094,0.091375131830067,0.182750263660134,84,6,12,0.357142857142857,7,14,0.5,0,0,NA,NA,NA,NA,NA,NA,NA,NA,"P5"
"228","Clemson","fbs","ACC",2022,4686093,"E.J. Williams",9,4,12,2.25,-1.78181025234833,-0.197978916927592,-0.445452563087082,32,3.55555555555556,8,0.333333333333333,4,9,0.444444444444444,0,0,NA,NA,NA,NA,NA,NA,NA,NA,"P5"
"228","Clemson","fbs","ACC",2022,4686095,"Kobe Pace",6,3,12,2,1.99310429171551,0.332184048619251,0.664368097238503,32,5.33333333333333,10.6666666666667,0.5,5,6,0.833333333333333,0,0,NA,NA,NA,NA,NA,NA,NA,NA,"P5"
"228","Clemson","fbs","ACC",2022,4696315,"Will Taylor",4,2,12,2,2.77822310945644,0.694555777364111,1.38911155472822,18,4.5,9,0.5,4,4,1,1,0,NA,NA,NA,NA,NA,NA,NA,NA,"P5"
"228","Clemson","fbs","ACC",2022,4914980,"Cole Turner",4,2,12,2,10.7011092251847,2.67527730629617,5.35055461259234,110,27.5,55,1,4,4,1,0,0,NA,NA,NA,NA,NA,NA,NA,NA,"P5"
"228","Clemson","fbs","ACC",2022,5081432,"Antonio Williams",56,12,12,4.66666666666667,19.2030750242168,0.342912054003871,1.60025625201807,457,8.16071428571429,38.0833333333333,0.607142857142857,48,56,0.857142857142857,3,1,314,390,430,219,147,191.5,400,302,"P5"
"2294","Iowa","fbs","Big Ten",2022,4360486,"Nico Ragaini",38,9,11,4.22222222222222,21.0793477319772,0.554719677157294,2.34214974799746,382,10.0526315789474,42.4444444444444,0.552631578947368,31,38,0.815789473684211,1,0,291,299,288,354.5,225,265,231,248,"P5"
"2294","Iowa","fbs","Big Ten",2022,4360506,"Monte Pottebaum",2,2,11,1,2.88462933195645,1.44231466597823,1.44231466597823,34,17,17,1,2,2,1,0,0,NA,NA,NA,NA,NA,NA,NA,NA,"P5"
"2294","Iowa","fbs","Big Ten",2022,4427054,"Nick DeJong",1,1,11,1,-0.763556886823179,-0.763556886823179,-0.763556886823179,-4,-4,-4,0,1,1,1,0,0,NA,NA,NA,NA,NA,NA,NA,NA,"P5"
"2294","Iowa","fbs","Big Ten",2022,4430027,"Sam LaPorta",59,10,11,5.9,42.7086805432481,0.723875941410985,4.27086805432481,626,10.6101694915254,62.6,0.711864406779661,50,59,0.847457627118644,1,0,81,91,182,65.5,165,93,183,100,"P5"
"2294","Iowa","fbs","Big Ten",2022,4431035,"Gavin Williams",11,8,11,1.375,-5.24779711664338,-0.477072465149398,-0.655974639580423,44,4,5.5,0.0909090909090909,9,11,0.818181818181818,0,0,NA,NA,NA,NA,NA,NA,NA,NA,"P5"
"2294","Iowa","fbs","Big Ten",2022,4431485,"Leshon Williams",10,5,11,2,0.378547016279747,0.0378547016279747,0.0757094032559495,53,5.3,10.6,0.4,8,10,0.8,0,0,NA,NA,NA,NA,NA,NA,NA,NA,"P5"
"2294","Iowa","fbs","Big Ten",2022,4432338,"Luke Lachey",29,10,11,2.9,35.5719572704332,1.22661921622183,3.55719572704332,344,11.8620689655172,34.4,0.724137931034483,25,29,0.862068965517241,3,0,143,156,22,53.5,138,306.5,95,350,"P5"
"2294","Iowa","fbs","Big Ten",2022,4565879,"Diante Vines",8,4,11,2,5.48219291115405,0.685274113894256,1.37054822778851,71,8.875,17.75,0.875,8,8,1,0,0,NA,NA,NA,NA,NA,NA,NA,NA,"P5"
"2294","Iowa","fbs","Big Ten",2022,4590293,"Brody Brecht",15,5,11,3,4.26749362260124,0.284499574840082,0.853498724520247,87,5.8,17.4,0.6,9,15,0.6,0,0,NA,NA,NA,NA,NA,NA,NA,NA,"P5"
"2294","Iowa","fbs","Big Ten",2022,4683158,"Arland Bruce IV",18,9,11,2,4.38219176194101,0.243455097885611,0.486910195771223,123,6.83333333333333,13.6666666666667,0.5,14,18,0.777777777777778,1,0,NA,NA,NA,NA,NA,NA,NA,NA,"P5"
"2294","Iowa","fbs","Big Ten",2022,4683237,"Keagan Johnson",2,1,11,2,0.538885880348459,0.269442940174229,0.538885880348459,11,5.5,11,1,2,2,1,0,0,NA,NA,NA,NA,NA,NA,NA,NA,"P5"
"2294","Iowa","fbs","Big Ten",2022,4819231,"Kaleb Johnson",4,3,11,1.33333333333333,0.131123616500298,0.0327809041250744,0.0437078721667659,27,6.75,9,0.5,4,4,1,0,0,NA,NA,NA,NA,NA,NA,NA,NA,"P5"
"2294","Iowa","fbs","Big Ten",2022,4873456,"Addison Ostrenga",1,1,11,1,0.283904163284019,0.283904163284019,0.283904163284019,6,6,6,1,1,1,1,0,0,NA,NA,NA,NA,NA,NA,NA,NA,"P5"
"2294","Iowa","fbs","Big Ten",2022,4873476,"Alec Wick",2,2,11,1,1.62117168160631,0.810585840803155,0.810585840803155,31,15.5,15.5,1,2,2,1,0,0,NA,NA,NA,NA,NA,NA,NA,NA,"P5"
"23","San José State","fbs","Mountain West",2022,4241588,"Elijah Cooks",55,9,9,6.11111111111111,68.7354851182452,1.249736093059,7.63727612424947,749,13.6181818181818,83.2222222222222,0.8,50,55,0.909090909090909,8,0,18,2,19,12.5,56.5,53.5,36,30,"G5"
"23","San José State","fbs","Mountain West",2022,4373934,"Chevan Cordeiro",3,1,9,3,9.8162323972557,3.2720774657519,9.8162323972557,71,23.6666666666667,71,1,3,3,1,2,0,NA,NA,NA,NA,NA,NA,NA,NA,"G5"
"23","San José State","fbs","Mountain West",2022,4374145,"Jermaine Braddock",20,8,9,2.5,23.8307019121096,1.19153509560548,2.9788377390137,222,11.1,27.75,0.8,19,20,0.95,0,0,258,211,27,12.5,29,469,144,445,"G5"
"23","San José State","fbs","Mountain West",2022,4374150,"Isaiah Hamilton",3,2,9,1.5,6.62898235552681,2.2096607851756,3.31449117776341,38,12.6666666666667,19,1,3,3,1,1,0,NA,NA,NA,NA,NA,NA,NA,NA,"G5"
"23","San José State","fbs","Mountain West",2022,4427819,"Justin Lockhart",27,8,9,3.375,42.5908131728725,1.5774375249212,5.32385164660906,476,17.6296296296296,59.5,0.888888888888889,27,27,1,0,0,82,48,4,3,6.5,180.5,4,116,"G5"
"23","San José State","fbs","Mountain West",2022,4427836,"Skylar Loving-Black",6,4,9,1.5,9.60317250424778,1.60052875070796,2.40079312606195,59,9.83333333333333,14.75,0.833333333333333,6,6,1,2,0,NA,NA,NA,NA,NA,NA,NA,NA,"G5"
"23","San José State","fbs","Mountain West",2022,4427934,"Dominick Mazotti",16,4,9,4,20.2798249392965,1.26748905870603,5.06995623482414,186,11.625,46.5,0.9375,16,16,1,2,0,NA,NA,NA,NA,NA,NA,NA,NA,"G5"
"23","San José State","fbs","Mountain West",2022,4428010,"Malikhi Miller",4,3,9,1.33333333333333,0.447322625727552,0.111830656431888,0.149107541909184,24,6,8,0.5,4,4,1,0,0,NA,NA,NA,NA,NA,NA,NA,NA,"G5"
"23","San José State","fbs","Mountain West",2022,4430048,"Isaac Jernigan",3,2,9,1.5,1.56591247085751,0.521970823619172,0.782956235428757,29,9.66666666666667,14.5,0.666666666666667,3,3,1,0,0,NA,NA,NA,NA,NA,NA,NA,NA,"G5"
"23","San José State","fbs","Mountain West",2022,4569086,"Charles Ross",12,3,9,4,16.7909022566858,1.39924185472382,5.59696741889526,149,12.4166666666667,49.6666666666667,0.833333333333333,12,12,1,0,0,NA,NA,NA,NA,NA,NA,NA,NA,"G5"
"23","San José State","fbs","Mountain West",2022,4570242,"Nick Nash",2,2,9,1,-0.899267796745625,-0.449633898372812,-0.449633898372812,11,5.5,5.5,0,2,2,1,0,0,NA,NA,NA,NA,NA,NA,NA,NA,"G5"
"23","San José State","fbs","Mountain West",2022,4570243,"Kairee Robinson",19,8,9,2.375,-5.32033732243674,-0.28001775381246,-0.665042165304592,60,3.15789473684211,7.5,0.315789473684211,19,19,1,0,0,583,581,590,586,6.5,594,592,594,"G5"
"23","San José State","fbs","Mountain West",2022,4571021,"Shamar Garrett",7,5,9,1.4,5.94899875027712,0.849856964325303,1.18979975005542,76,10.8571428571429,15.2,0.714285714285714,7,7,1,1,0,NA,NA,NA,NA,NA,NA,NA,NA,"G5"
"23","San José State","fbs","Mountain West",2022,4608520,"Sam Olson",9,3,9,3,8.36511551026889,0.929457278918765,2.7883718367563,80,8.88888888888889,26.6666666666667,0.888888888888889,9,9,1,0,0,NA,NA,NA,NA,NA,NA,NA,NA,"G5"
"23","San José State","fbs","Mountain West",2022,4613112,"Terence Loville",1,1,9,1,-0.3510382159793,-0.3510382159793,-0.3510382159793,18,18,18,0,1,1,1,0,0,NA,NA,NA,NA,NA,NA,NA,NA,"G5"
"23","San José State","fbs","Mountain West",2022,4687017,"Jackson Canaan",9,3,9,3,4.44746233440396,0.49416248160044,1.48248744480132,54,6,18,0.666666666666667,7,9,0.777777777777778,1,0,NA,NA,NA,NA,NA,NA,NA,NA,"G5"
"2305","Kansas","fbs","Big 12",2022,4360900,"Jason Bean",5,3,11,1.66666666666667,15.5508297506875,3.1101659501375,5.18360991689583,84,16.8,28,1,5,5,1,5,0,NA,NA,NA,NA,NA,NA,NA,NA,"P5"
"2305","Kansas","fbs","Big 12",2022,4362166,"Kevin Terry",5,4,11,1.25,2.49472574037038,0.498945148074076,0.623681435092595,42,8.4,10.5,0.6,5,5,1,0,0,NA,NA,NA,NA,NA,NA,NA,NA,"P5"
"2305","Kansas","fbs","Big 12",2022,4427164,"Mason Fairchild",27,8,11,3.375,20.9270227558389,0.775074916882922,2.61587784447986,329,12.1851851851852,41.125,0.555555555555556,24,27,0.888888888888889,1,0,293,254,155,348.5,88,324.5,83,263.5,"P5"
"2305","Kansas","fbs","Big 12",2022,4427821,"Torry Locklin",8,5,11,1.6,9.14208415066379,1.14276051883297,1.82841683013276,105,13.125,21,0.5,5,8,0.625,2,0,NA,NA,NA,NA,NA,NA,NA,NA,"P5"
"2305","Kansas","fbs","Big 12",2022,4430914,"Lawrence Arnold",37,10,11,3.7,37.3454118617652,1.00933545572338,3.73454118617652,490,13.2432432432432,49,0.648648648648649,32,37,0.864864864864865,2,0,129,138,56,149,132,169,45,195,"P5"
"2305","Kansas","fbs","Big 12",2022,4431445,"Ky Thomas",2,2,11,1,-1.1826088760321,-0.591304438016051,-0.591304438016051,3,1.5,1.5,0,2,2,1,0,0,NA,NA,NA,NA,NA,NA,NA,NA,"P5"
"2305","Kansas","fbs","Big 12",2022,4431735,"Douglas Emilien",1,1,11,1,1.74039682504892,1.74039682504892,1.74039682504892,11,11,11,1,1,1,1,0,0,NA,NA,NA,NA,NA,NA,NA,NA,"P5"
"2305","Kansas","fbs","Big 12",2022,4432326,"Trevor Kardell",5,3,11,1.66666666666667,5.04653533722211,1.00930706744442,1.6821784457407,65,13,21.6666666666667,0.8,5,5,1,1,0,NA,NA,NA,NA,NA,NA,NA,NA,"P5"
"2305","Kansas","fbs","Big 12",2022,4433830,"Luke Grimm",49,10,11,4.9,25.5399136722545,0.521222728005193,2.55399136722545,427,8.71428571428571,42.7,0.591836734693878,40,49,0.816326530612245,4,0,237,267,310,259,224,216.5,353,243,"P5"
"2305","Kansas","fbs","Big 12",2022,4568694,"Daniel Hishaw Jr.",2,2,11,1,8.68324498738869,4.34162249369435,4.34162249369435,90,45,45,1,2,2,1,1,0,NA,NA,NA,NA,NA,NA,NA,NA,"P5"
"2305","Kansas","fbs","Big 12",2022,4570250,"Trevor Wilson",2,1,11,2,3.37761528921183,1.68880764460592,3.37761528921183,52,26,52,0.5,2,2,1,0,0,NA,NA,NA,NA,NA,NA,NA,NA,"P5"
"2305","Kansas","fbs","Big 12",2022,4576218,"Sevion Morrison",3,3,11,1,0.609296494655523,0.203098831551841,0.203098831551841,26,8.66666666666667,8.66666666666667,0.666666666666667,3,3,1,0,0,NA,NA,NA,NA,NA,NA,NA,NA,"P5"
"2305","Kansas","fbs","Big 12",2022,4596472,"Jalon Daniels",2,1,11,2,7.56097971534534,3.78048985767267,7.56097971534534,27,13.5,27,1,2,2,1,2,0,NA,NA,NA,NA,NA,NA,NA,NA,"P5"
"2305","Kansas","fbs","Big 12",2022,4613050,"Quentin Skinner",28,10,11,2.8,13.0575462555756,0.466340937699129,1.30575462555756,320,11.4285714285714,32,0.464285714285714,19,28,0.678571428571429,2,2,410,432,345,495.5,482,337,125,381,"P5"
"2305","Kansas","fbs","Big 12",2022,4682652,"Devin Neal",23,8,11,2.875,6.43149406658244,0.279630176807932,0.803936758322806,135,5.8695652173913,16.875,0.434782608695652,17,23,0.739130434782609,0,0,488,488,463,523,391,564.5,543,565,"P5"
"2305","Kansas","fbs","Big 12",2022,4686382,"Jared Casey",17,10,11,1.7,26.9704037947389,1.58649434086699,2.69704037947389,218,12.8235294117647,21.8,0.647058823529412,16,17,0.941176470588235,3,0,NA,NA,NA,NA,NA,NA,NA,NA,"P5"
"2305","Kansas","fbs","Big 12",2022,4700137,"Tanaka Scott",7,7,11,1,11.8214796195001,1.68878280278573,1.68878280278573,93,13.2857142857143,13.2857142857143,0.714285714285714,7,7,1,0,0,NA,NA,NA,NA,NA,NA,NA,NA,"P5"
"2306","Kansas State","fbs","Big 12",2022,4240819,"Kade Warner",52,11,12,4.72727272727273,17.2246524495084,0.331243316336699,1.56587749540985,389,7.48076923076923,35.3636363636364,0.480769230769231,37,52,0.711538461538462,5,0,345,396,436,469,427,255,465,332,"P5"
"2306","Kansas State","fbs","Big 12",2022,4361182,"Adrian Martinez",1,1,12,1,0.574051329805247,0.574051329805247,0.574051329805247,11,11,11,1,1,1,1,0,0,NA,NA,NA,NA,NA,NA,NA,NA,"P5"
"2306","Kansas State","fbs","Big 12",2022,4362934,"Samuel Wheeler",7,6,12,1.16666666666667,11.4951049808065,1.64215785440093,1.91585083013442,115,16.4285714285714,19.1666666666667,1,7,7,1,2,0,NA,NA,NA,NA,NA,NA,NA,NA,"P5"
"2306","Kansas State","fbs","Big 12",2022,4373062,"Phillip Brooks III",52,12,12,4.33333333333333,34.2861360562062,0.659348770311658,2.85717800468385,527,10.1346153846154,43.9166666666667,0.576923076923077,39,52,0.75,3,0,154,226,226,301,365,145.5,229,236,"P5"
"2306","Kansas State","fbs","Big 12",2022,4373077,"Malik Knowles",58,12,12,4.83333333333333,38.3559107722167,0.661308806417529,3.19632589768472,690,11.8965517241379,57.5,0.603448275862069,43,58,0.741379310344828,2,2,117,185,223,230,386,72,93,127.5,"P5"
"2306","Kansas State","fbs","Big 12",2022,4373086,"Seth Porter",1,1,12,1,0.950153968727805,0.950153968727805,0.950153968727805,7,7,7,1,1,1,1,0,0,NA,NA,NA,NA,NA,NA,NA,NA,"P5"
"2306","Kansas State","fbs","Big 12",2022,4429955,"Will Howard",3,2,12,1.5,9.51530718495934,3.17176906165311,4.75765359247967,45,15,22.5,1,3,3,1,3,0,NA,NA,NA,NA,NA,NA,NA,NA,"P5"
"2306","Kansas State","fbs","Big 12",2022,4431453,"Deuce Vaughn",51,11,12,4.63636363636364,18.5343263818861,0.363418164350709,1.68493876198965,382,7.49019607843137,34.7272727272727,0.490196078431373,41,51,0.803921568627451,3,0,324,376,413,452,254,265,462,341,"P5"
"2306","Kansas State","fbs","Big 12",2022,4683543,"RJ Garcia II",6,4,12,1.5,1.28609157209267,0.214348595348779,0.321522893023168,28,4.66666666666667,7,0.5,5,6,0.833333333333333,0,0,NA,NA,NA,NA,NA,NA,NA,NA,"P5"
"2306","Kansas State","fbs","Big 12",2022,4690923,"Ben Sinnott",33,11,12,3,21.2632285970466,0.644340260516564,1.93302078154969,381,11.5454545454545,34.6363636363636,0.575757575757576,25,33,0.757575757575758,3,0,287,347,239,305,342.5,268,116,343.5,"P5"
"2306","Kansas State","fbs","Big 12",2022,4874509,"DJ Giddens",5,4,12,1.25,2.69067558801706,0.538135117603413,0.672668897004266,47,9.4,11.75,0.6,4,5,0.8,0,0,NA,NA,NA,NA,NA,NA,NA,NA,"P5"
"2309","Kent State","fbs","Mid-American",2022,4243475,"Kris Leach",10,6,10,1.66666666666667,3.00245420723773,0.300245420723773,0.500409034539621,73,7.3,12.1666666666667,0.5,7,10,0.7,0,0,NA,NA,NA,NA,NA,NA,NA,NA,"G5"
"2309","Kent State","fbs","Mid-American",2022,4244066,"Raymond James",16,6,10,2.66666666666667,3.16670417879811,0.197919011174882,0.527784029799685,84,5.25,14,0.5,11,16,0.6875,0,0,NA,NA,NA,NA,NA,NA,NA,NA,"G5"
"2309","Kent State","fbs","Mid-American",2022,4244089,"Zayin West",1,1,10,1,3.4001685622693,3.4001685622693,3.4001685622693,14,14,14,1,1,1,1,0,0,NA,NA,NA,NA,NA,NA,NA,NA,"G5"
"2309","Kent State","fbs","Mid-American",2022,4249826,"Keenan Orr",1,1,10,1,0.752088412881595,0.752088412881595,0.752088412881595,3,3,3,1,1,1,1,0,0,NA,NA,NA,NA,NA,NA,NA,NA,"G5"
"2309","Kent State","fbs","Mid-American",2022,4426764,"Bryan Bradford",4,4,10,1,1.64291881875236,0.410729704688091,0.410729704688091,37,9.25,9.25,0.25,4,4,1,1,0,NA,NA,NA,NA,NA,NA,NA,NA,"G5"
"2309","Kent State","fbs","Mid-American",2022,4426892,"Dante Cephas",62,8,10,7.75,30.5739763490169,0.493128650790595,3.82174704362711,600,9.67741935483871,75,0.612903225806452,40,62,0.645161290322581,0,0,189,123,324,205.5,517,103,258,46,"G5"
"2309","Kent State","fbs","Mid-American",2022,4428439,"Collin Schlee",1,1,10,1,5.28290887958542,5.28290887958542,5.28290887958542,29,29,29,1,1,1,1,1,0,NA,NA,NA,NA,NA,NA,NA,NA,"G5"
"2309","Kent State","fbs","Mid-American",2022,4430323,"Ja'Shaun Poke",42,5,10,8.4,12.5401573906778,0.298575175968519,2.50803147813556,358,8.52380952380952,71.6,0.452380952380952,29,42,0.69047619047619,1,0,423,274,455,508.5,457.5,295.5,364,56,"G5"
"2309","Kent State","fbs","Mid-American",2022,4430468,"Marquez Cooper",8,6,10,1.33333333333333,9.22531477783935,1.15316434722992,1.53755246297323,101,12.625,16.8333333333333,0.75,7,8,0.875,0,0,NA,NA,NA,NA,NA,NA,NA,NA,"G5"
"2309","Kent State","fbs","Mid-American",2022,4566157,"Luke Floriea",8,5,10,1.6,-5.1440436319847,-0.643005453998088,-1.02880872639694,12,1.5,2.4,0.125,2,8,0.25,0,0,NA,NA,NA,NA,NA,NA,NA,NA,"G5"
"2309","Kent State","fbs","Mid-American",2022,4683250,"Marcus Harris",3,2,10,1.5,-2.46956869375139,-0.823189564583795,-1.23478434687569,16,5.33333333333333,8,0.333333333333333,2,3,0.666666666666667,0,0,NA,NA,NA,NA,NA,NA,NA,NA,"G5"
"2309","Kent State","fbs","Mid-American",2022,4685693,"Devin Kargman",1,1,10,1,4.84347683885942,4.84347683885942,4.84347683885942,10,10,10,1,1,1,1,1,0,NA,NA,NA,NA,NA,NA,NA,NA,"G5"
"2309","Kent State","fbs","Mid-American",2022,4696882,"Devontez Walker",74,10,10,7.4,31.3476112605707,0.423616368386091,3.13476112605707,724,9.78378378378378,72.4,0.554054054054054,48,74,0.648648648648649,7,1,180,193,376,352,514,62,252,53,"G5"
"2309","Kent State","fbs","Mid-American",2022,4832849,"Gavin Garcia",3,2,10,1.5,-0.196655102497899,-0.065551700832633,-0.0983275512489494,24,8,12,0.333333333333333,1,3,0.333333333333333,0,0,NA,NA,NA,NA,NA,NA,NA,NA,"G5"
"2309","Kent State","fbs","Mid-American",2022,4912130,"Trell Harris",16,4,10,4,-1.73803813415205,-0.108627383384503,-0.434509533538014,80,5,20,0.375,7,16,0.4375,0,0,NA,NA,NA,NA,NA,NA,NA,NA,"G5"
"2335","Liberty","fbs","FBS Independents",2022,4242373,"Bentley Hanshaw",4,4,11,1,3.35144732371437,0.837861830928592,0.837861830928592,44,11,11,0.75,4,4,1,0,0,NA,NA,NA,NA,NA,NA,NA,NA,"G5"
"2335","Liberty","fbs","FBS Independents",2022,4243249,"TJ Green",5,2,11,2.5,3.29286939484112,0.658573878968223,1.64643469742056,36,7.2,18,0.8,5,5,1,0,0,NA,NA,NA,NA,NA,NA,NA,NA,"G5"
"2335","Liberty","fbs","FBS Independents",2022,4246889,"Michael Bollinger",3,3,11,1,3.05117189993654,1.01705729997885,1.01705729997885,22,7.33333333333333,7.33333333333333,1,3,3,1,1,0,NA,NA,NA,NA,NA,NA,NA,NA,"G5"
"2335","Liberty","fbs","FBS Independents",2022,4246895,"Khaleb Coleman",3,2,11,1.5,5.44637130638272,1.81545710212757,2.72318565319136,37,12.3333333333333,18.5,1,3,3,1,1,0,NA,NA,NA,NA,NA,NA,NA,NA,"G5"
"2335","Liberty","fbs","FBS Independents",2022,4246902,"Jerome Jackson",14,8,11,1.75,6.51059123413485,0.465042231009632,0.813823904266856,113,8.07142857142857,14.125,0.714285714285714,14,14,1,0,0,NA,NA,NA,NA,NA,NA,NA,NA,"G5"
"2335","Liberty","fbs","FBS Independents",2022,4247253,"Caleb Snead",22,7,11,3.14285714285714,8.31827370369378,0.378103350167899,1.1883248148134,182,8.27272727272727,26,0.681818181818182,18,22,0.818181818181818,0,0,470,445,403,100,222,524,390,468,"G5"
"2335","Liberty","fbs","FBS Independents",2022,4365484,"Noah Frith",21,9,11,2.33333333333333,22.716679714315,1.08174665306262,2.52407552381278,302,14.3809523809524,33.5555555555556,0.904761904761905,20,21,0.952380952380952,1,0,274,270,41,2,27,351,26,364,"G5"
"2335","Liberty","fbs","FBS Independents",2022,4426856,"Malik Caper",2,1,11,2,-5.0268137961612,-2.5134068980806,-5.0268137961612,1,0.5,1,0,2,2,1,0,0,NA,NA,NA,NA,NA,NA,NA,NA,"G5"
"2335","Liberty","fbs","FBS Independents",2022,4427095,"Demario Douglas",69,11,11,6.27272727272727,78.3363093985448,1.13530883186297,7.12148267259498,899,13.0289855072464,81.7272727272727,0.739130434782609,63,69,0.91304347826087,6,0,5,8,32,39.5,50.5,21,50,33,"G5"
"2335","Liberty","fbs","FBS Independents",2022,4428486,"Treon Sibley",8,6,11,1.33333333333333,19.1719981043374,2.39649976304218,3.19533301738957,144,18,24,1,8,8,1,2,0,NA,NA,NA,NA,NA,NA,NA,NA,"G5"
"2335","Liberty","fbs","FBS Independents",2022,4428955,"CJ Yarbrough",16,8,11,2,14.5494743309452,0.909342145684073,1.81868429136815,206,12.875,25.75,0.8125,15,16,0.9375,2,2,NA,NA,NA,NA,NA,NA,NA,NA,"G5"
"2335","Liberty","fbs","FBS Independents",2022,4430049,"Shedro Louis",10,5,11,2,6.21617993224811,0.621617993224811,1.24323598644962,92,9.2,18.4,0.7,10,10,1,0,0,NA,NA,NA,NA,NA,NA,NA,NA,"G5"
"2335","Liberty","fbs","FBS Independents",2022,4605951,"C.J. Daniels",3,2,11,1.5,3.04212654163297,1.01404218054432,1.52106327081649,38,12.6666666666667,19,0.666666666666667,3,3,1,1,0,NA,NA,NA,NA,NA,NA,NA,NA,"G5"
"2335","Liberty","fbs","FBS Independents",2022,4689085,"Dre Butler",1,1,11,1,1.5144666217838,1.5144666217838,1.5144666217838,20,20,20,1,1,1,1,0,0,NA,NA,NA,NA,NA,NA,NA,NA,"G5"
"2335","Liberty","fbs","FBS Independents",2022,4689609,"Jaivian Lofton",8,4,11,2,15.1078013297267,1.88847516621584,3.77695033243168,96,12,24,0.875,8,8,1,2,0,NA,NA,NA,NA,NA,NA,NA,NA,"G5"
"2335","Liberty","fbs","FBS Independents",2022,4693791,"Dae Dae Hunter",15,5,11,3,6.97292387292223,0.464861591528149,1.39458477458445,124,8.26666666666667,24.8,0.6,15,15,1,1,0,NA,NA,NA,NA,NA,NA,NA,NA,"G5"
"2335","Liberty","fbs","FBS Independents",2022,4699550,"Austin Henderson",5,4,11,1.25,4.4915217975811,0.89830435951622,1.12288044939528,50,10,12.5,0.6,5,5,1,1,0,NA,NA,NA,NA,NA,NA,NA,NA,"G5"
"2335","Liberty","fbs","FBS Independents",2022,4900259,"Cole Peterlin",2,2,11,1,2.08376469033604,1.04188234516802,1.04188234516802,25,12.5,12.5,1,2,2,1,0,0,NA,NA,NA,NA,NA,NA,NA,NA,"G5"
"2348","Louisiana Tech","fbs","Conference USA",2022,4239691,"Griffin Hebert",29,6,11,4.83333333333333,29.3491915953272,1.01204108949404,4.89153193255453,358,12.3448275862069,59.6666666666667,0.586206896551724,21,29,0.724137931034483,2,0,204,62,55,272,409,295.5,72,115,"G5"
"2348","Louisiana Tech","fbs","Conference USA",2022,4384190,"Praise Okorie",1,1,11,1,0.212853382100678,0.212853382100678,0.212853382100678,6,6,6,1,1,1,1,0,0,NA,NA,NA,NA,NA,NA,NA,NA,"G5"
"2348","Louisiana Tech","fbs","Conference USA",2022,4384192,"Smoke Harris",80,11,11,7.27272727272727,26.0192224052073,0.325240280065091,2.36538385501884,653,8.1625,59.3636363636364,0.475,64,80,0.8,3,2,235,296,438,482.5,260,83,399,117,"G5"
"2348","Louisiana Tech","fbs","Conference USA",2022,4384211,"Tahj Magee",7,3,11,2.33333333333333,4.98637752497234,0.71233964642462,1.66212584165745,78,11.1428571428571,26,0.714285714285714,7,7,1,1,0,NA,NA,NA,NA,NA,NA,NA,NA,"G5"
"2348","Louisiana Tech","fbs","Conference USA",2022,4430591,"Charvis Thornton",6,5,11,1.2,-1.76745023237599,-0.294575038729331,-0.353490046475198,25,4.16666666666667,5,0.333333333333333,5,6,0.833333333333333,0,0,NA,NA,NA,NA,NA,NA,NA,NA,"G5"
"2348","Louisiana Tech","fbs","Conference USA",2022,4569181,"Kyle Maxwell",16,6,11,2.66666666666667,4.08045943414097,0.255028714633811,0.680076572356828,97,6.0625,16.1666666666667,0.5625,12,16,0.75,0,0,NA,NA,NA,NA,NA,NA,NA,NA,"G5"
"2348","Louisiana Tech","fbs","Conference USA",2022,4686137,"Parker McNeil",3,1,11,3,8.90962959873238,2.96987653291079,8.90962959873238,55,18.3333333333333,55,1,3,3,1,3,0,NA,NA,NA,NA,NA,NA,NA,NA,"G5"
"2348","Louisiana Tech","fbs","Conference USA",2022,4686612,"Tre Harris",75,11,11,6.81818181818182,67.3696879094212,0.89826250545895,6.12451708267466,847,11.2933333333333,77,0.626666666666667,60,75,0.8,7,1,22,29,100,183,260,27.5,136,39,"G5"
"2348","Louisiana Tech","fbs","Conference USA",2022,4687187,"Marquis Crosby",10,5,11,2,0.909472570740399,0.0909472570740399,0.18189451414808,68,6.8,13.6,0.4,10,10,1,0,0,NA,NA,NA,NA,NA,NA,NA,NA,"G5"
"2348","Louisiana Tech","fbs","Conference USA",2022,4690939,"Greg Garner",5,2,11,2.5,-0.457570741220924,-0.0915141482441848,-0.228785370610462,29,5.8,14.5,0.4,5,5,1,0,0,NA,NA,NA,NA,NA,NA,NA,NA,"G5"
"2348","Louisiana Tech","fbs","Conference USA",2022,4880823,"Julien Lewis",18,5,11,3.6,10.9302251021889,0.607234727899384,2.18604502043778,162,9,32.4,0.555555555555556,15,18,0.833333333333333,0,0,NA,NA,NA,NA,NA,NA,NA,NA,"G5"
"2348","Louisiana Tech","fbs","Conference USA",2022,4912218,"Cyrus Allen",30,8,11,3.75,44.0582217243869,1.4686073908129,5.50727771554837,554,18.4666666666667,69.25,0.733333333333333,25,30,0.833333333333333,4,0,75,43,6,45.5,194,131.5,2,68,"G5"
"2348","Louisiana Tech","fbs","Conference USA",2022,5092788,"Nate Jones",16,7,11,2.28571428571429,11.8607313156953,0.741295707230956,1.69439018795647,162,10.125,23.1428571428571,0.5,15,16,0.9375,1,1,NA,NA,NA,NA,NA,NA,NA,NA,"G5"
"235","Memphis","fbs","American Athletic",2022,4269917,"John Hassell",2,2,11,1,0.908476865658697,0.454238432829349,0.454238432829349,11,5.5,5.5,0.5,2,2,1,0,0,NA,NA,NA,NA,NA,NA,NA,NA,"G5"
"235","Memphis","fbs","American Athletic",2022,4361333,"Asa Martin",32,9,11,3.55555555555556,13.4975566640644,0.421798645752011,1.49972851822937,260,8.125,28.8888888888889,0.5625,32,32,1,0,0,406,405,377,327.5,6.5,408,403.5,426.5,"G5"
"235","Memphis","fbs","American Athletic",2022,4361527,"Eddie Lewis",43,11,11,3.90909090909091,40.4848582569635,0.941508331557291,3.68044165972396,498,11.5813953488372,45.2727272727273,0.581395348837209,34,43,0.790697674418605,4,0,99,143,85,290,280.5,160.5,113,226,"G5"
"235","Memphis","fbs","American Athletic",2022,4361736,"Joseph Scates",25,8,11,3.125,7.92632072454612,0.317052828981845,0.990790090568265,240,9.6,30,0.4,15,25,0.6,2,2,478,464,443,548.5,553.5,437.5,267,408,"G5"
"235","Memphis","fbs","American Athletic",2022,4431074,"Jevyon Ducker",11,7,11,1.57142857142857,2.23409052552244,0.203099138683858,0.319155789360348,88,8,12.5714285714286,0.363636363636364,11,11,1,0,0,NA,NA,NA,NA,NA,NA,NA,NA,"G5"
"235","Memphis","fbs","American Athletic",2022,4431597,"Roc Taylor",15,7,11,2.14285714285714,14.0451813744771,0.936345424965139,2.00645448206815,146,9.73333333333333,20.8571428571429,0.733333333333333,14,15,0.933333333333333,1,0,NA,NA,NA,NA,NA,NA,NA,NA,"G5"
"235","Memphis","fbs","American Athletic",2022,4565301,"Marcayll Jones",2,2,11,1,0.849274352604811,0.424637176302406,0.424637176302406,10,5,5,0.5,2,2,1,0,0,NA,NA,NA,NA,NA,NA,NA,NA,"G5"
"235","Memphis","fbs","American Athletic",2022,4567505,"Gabriel Rogers",43,10,11,4.3,21.5564571543088,0.501312957076949,2.15564571543088,476,11.0697674418605,47.6,0.581395348837209,37,43,0.86046511627907,1,1,284,319,321,290,141,180.5,146,206,"G5"
"235","Memphis","fbs","American Athletic",2022,4567525,"Javon Ivory",51,11,11,4.63636363636364,33.8211486580627,0.663159777609073,3.0746498780057,467,9.15686274509804,42.4545454545455,0.607843137254902,41,51,0.803921568627451,1,0,161,198,222,213.5,254,186.5,304,246.5,"G5"
"235","Memphis","fbs","American Athletic",2022,4594198,"Cameron Wright",2,1,11,2,1.50728077580283,0.753640387901417,1.50728077580283,25,12.5,25,0.5,2,2,1,0,0,NA,NA,NA,NA,NA,NA,NA,NA,"G5"
"235","Memphis","fbs","American Athletic",2022,4606194,"Seth Henigan",6,4,11,1.5,20.503861496994,3.41731024949901,5.12596537424851,191,31.8333333333333,47.75,0.833333333333333,5,6,0.833333333333333,5,0,NA,NA,NA,NA,NA,NA,NA,NA,"G5"
"235","Memphis","fbs","American Athletic",2022,4687493,"Brandon Thomas",4,4,11,1,0.774909162668569,0.193727290667142,0.193727290667142,19,4.75,4.75,0.75,3,4,0.75,0,0,NA,NA,NA,NA,NA,NA,NA,NA,"G5"
"235","Memphis","fbs","American Athletic",2022,4687507,"Kobe Drake",10,5,11,2,6.65830019583279,0.665830019583279,1.33166003916656,137,13.7,27.4,0.8,10,10,1,1,1,NA,NA,NA,NA,NA,NA,NA,NA,"G5"
"235","Memphis","fbs","American Athletic",2022,4687509,"Caden Prieskorn",45,11,11,4.09090909090909,37.7635650439781,0.839190334310624,3.43305136763437,496,11.0222222222222,45.0909090909091,0.711111111111111,40,45,0.888888888888889,4,1,122,167,121,68.5,88,163,148,228.5,"G5"
"235","Memphis","fbs","American Athletic",2022,4805256,"Sutton Smith",4,2,11,2,1.56469878450854,0.391174696127136,0.782349392254271,31,7.75,15.5,0.5,4,4,1,0,0,NA,NA,NA,NA,NA,NA,NA,NA,"G5"
"238","Vanderbilt","fbs","SEC",2022,4361943,"Cooper Lutz",1,1,11,1,2.14564592444205,2.14564592444205,2.14564592444205,27,27,27,1,1,1,1,0,0,NA,NA,NA,NA,NA,NA,NA,NA,"P5"
"238","Vanderbilt","fbs","SEC",2022,4362788,"Ben Bresnahan",15,7,11,2.14285714285714,4.9418309987703,0.32945539991802,0.705975856967186,135,9,19.2857142857143,0.666666666666667,12,15,0.8,1,1,NA,NA,NA,NA,NA,NA,NA,NA,"P5"
"238","Vanderbilt","fbs","SEC",2022,4362802,"Gavin Schoenwald",10,6,11,1.66666666666667,10.5062119134506,1.05062119134506,1.75103531890843,73,7.3,12.1666666666667,0.8,8,10,0.8,3,0,NA,NA,NA,NA,NA,NA,NA,NA,"P5"
"238","Vanderbilt","fbs","SEC",2022,4429501,"Re'Mahn Davis",5,1,11,5,0.490442623554468,0.0980885247108937,0.490442623554468,37,7.4,37,0.2,5,5,1,0,0,NA,NA,NA,NA,NA,NA,NA,NA,"P5"
"238","Vanderbilt","fbs","SEC",2022,4433932,"Mike Wright",3,2,11,1.5,4.30103214543018,1.43367738181006,2.15051607271509,27,9,13.5,1,3,3,1,2,0,NA,NA,NA,NA,NA,NA,NA,NA,"P5"
"238","Vanderbilt","fbs","SEC",2022,4567543,"Justin Ball",4,3,11,1.33333333333333,3.39559919253162,0.848899798132904,1.13186639751054,54,13.5,18,0.5,3,4,0.75,0,0,NA,NA,NA,NA,NA,NA,NA,NA,"P5"
"238","Vanderbilt","fbs","SEC",2022,4572380,"Quincy Skinner Jr.",17,6,11,2.83333333333333,17.6646992809789,1.03909995770464,2.94411654682982,209,12.2941176470588,34.8333333333333,0.647058823529412,14,17,0.823529411764706,2,0,NA,NA,NA,NA,NA,NA,NA,NA,"P5"
"238","Vanderbilt","fbs","SEC",2022,4608679,"Will Sheppard",78,10,11,7.8,39.5611879302766,0.507194717054829,3.95611879302766,625,8.01282051282051,62.5,0.525641025641026,47,78,0.602564102564103,4,2,105,107,318,405,552,94,413,101,"P5"
"238","Vanderbilt","fbs","SEC",2022,4683219,"Patrick Smith",8,5,11,1.6,0.182766045563852,0.0228457556954815,0.0365532091127705,41,5.125,8.2,0.5,8,8,1,0,0,NA,NA,NA,NA,NA,NA,NA,NA,"P5"
"238","Vanderbilt","fbs","SEC",2022,4686357,"Gamarion Carter",10,4,11,2.5,5.19011130490458,0.519011130490458,1.29752782622615,127,12.7,31.75,0.6,6,10,0.6,1,0,NA,NA,NA,NA,NA,NA,NA,NA,"P5"
"238","Vanderbilt","fbs","SEC",2022,4877627,"Chase Gillespie",1,1,11,1,-1.06487297362404,-1.06487297362404,-1.06487297362404,0,0,0,0,0,1,0,0,0,NA,NA,NA,NA,NA,NA,NA,NA,"P5"
"238","Vanderbilt","fbs","SEC",2022,4883774,"Jayden McGowan",42,9,11,4.66666666666667,0.566187258665099,0.0134806490158357,0.0629096954072332,308,7.33333333333333,34.2222222222222,0.380952380952381,34,42,0.80952380952381,2,2,550,550,551,559,236.5,347,478,354,"P5"
"238","Vanderbilt","fbs","SEC",2022,5081405,"AJ Swann",1,1,11,1,2.6158312978442,2.6158312978442,2.6158312978442,9,9,9,1,1,1,1,1,0,NA,NA,NA,NA,NA,NA,NA,NA,"P5"
"238","Vanderbilt","fbs","SEC",2022,5100357,"Ray Davis",4,1,11,4,4.303939951471,1.07598498786775,4.303939951471,38,9.5,38,0.5,3,4,0.75,1,0,NA,NA,NA,NA,NA,NA,NA,NA,"P5"
"239","Baylor","fbs","Big 12",2022,4259174,"Gavin Holmes",28,7,10,4,21.1201165666436,0.754289877380129,3.01715950952051,431,15.3928571428571,61.5714285714286,0.607142857142857,22,28,0.785714285714286,1,0,289,204,161,219,290,214,15,107,"P5"
"239","Baylor","fbs","Big 12",2022,4360482,"Dillon Doyle",2,2,10,1,2.94844619138528,1.47422309569264,1.47422309569264,4,2,2,1,2,2,1,1,0,NA,NA,NA,NA,NA,NA,NA,NA,"P5"
"239","Baylor","fbs","Big 12",2022,4373015,"Craig Williams",9,4,10,2.25,-3.45950903000855,-0.384389892223173,-0.864877257502138,39,4.33333333333333,9.75,0.333333333333333,9,9,1,0,0,NA,NA,NA,NA,NA,NA,NA,NA,"P5"
"239","Baylor","fbs","Big 12",2022,4373016,"Josh Fleeks",2,2,10,1,4.67579425382633,2.33789712691317,2.33789712691317,49,24.5,24.5,1,2,2,1,0,0,NA,NA,NA,NA,NA,NA,NA,NA,"P5"
"239","Baylor","fbs","Big 12",2022,4373030,"Ben Sims",31,9,10,3.44444444444444,16.7959274955893,0.541804112760944,1.86621416617659,208,6.70967741935484,23.1111111111111,0.516129032258065,24,31,0.774193548387097,2,0,352,354,299,424,307,486,512,504,"P5"
"239","Baylor","fbs","Big 12",2022,4427144,"Jaylen Ellis",3,1,10,3,1.53536100609583,0.511787002031943,1.53536100609583,47,15.6666666666667,47,0.333333333333333,1,3,0.333333333333333,1,0,NA,NA,NA,NA,NA,NA,NA,NA,"P5"
"239","Baylor","fbs","Big 12",2022,4429466,"Drake Dabney",15,7,10,2.14285714285714,8.11754354960204,0.541169569973469,1.15964907851458,140,9.33333333333333,20,0.733333333333333,14,15,0.933333333333333,0,0,NA,NA,NA,NA,NA,NA,NA,NA,"P5"
"239","Baylor","fbs","Big 12",2022,4431186,"Seth Jones",8,3,10,2.66666666666667,-0.623528588207734,-0.0779410735259668,-0.207842862735911,45,5.625,15,0.375,4,8,0.5,0,0,NA,NA,NA,NA,NA,NA,NA,NA,"P5"
"239","Baylor","fbs","Big 12",2022,4433875,"Taye Mcwilliams",1,1,10,1,-1.23670306614377,-1.23670306614377,-1.23670306614377,7,7,7,0,1,1,1,0,0,NA,NA,NA,NA,NA,NA,NA,NA,"P5"
"239","Baylor","fbs","Big 12",2022,4565315,"Blake Shapen",4,3,10,1.33333333333333,14.9621172367164,3.74052930917911,4.98737241223881,106,26.5,35.3333333333333,1,4,4,1,4,0,NA,NA,NA,NA,NA,NA,NA,NA,"P5"
"239","Baylor","fbs","Big 12",2022,4571875,"Qualan Jones",30,9,10,3.33333333333333,-4.87556467529666,-0.162518822509889,-0.541729408366296,114,3.8,12.6666666666667,0.333333333333333,19,30,0.633333333333333,0,0,579,575,579,577,528,579,589,587,"P5"
"239","Baylor","fbs","Big 12",2022,4662406,"Javon Gipson",3,1,10,3,0.375758114932908,0.125252704977636,0.375758114932908,22,7.33333333333333,22,0.666666666666667,2,3,0.666666666666667,0,0,NA,NA,NA,NA,NA,NA,NA,NA,"P5"
"239","Baylor","fbs","Big 12",2022,4678010,"Kyron Drones",1,1,10,1,3.39318321016978,3.39318321016978,3.39318321016978,2,2,2,1,1,1,1,1,0,NA,NA,NA,NA,NA,NA,NA,NA,"P5"
"239","Baylor","fbs","Big 12",2022,4680016,"Cameron Bonner",1,1,10,1,1.01499799772455,1.01499799772455,1.01499799772455,13,13,13,1,1,1,1,0,0,NA,NA,NA,NA,NA,NA,NA,NA,"P5"
"239","Baylor","fbs","Big 12",2022,4685601,"Armani Winfield",1,1,10,1,-0.861026504412995,-0.861026504412995,-0.861026504412995,0,0,0,0,0,1,0,0,0,NA,NA,NA,NA,NA,NA,NA,NA,"P5"
"239","Baylor","fbs","Big 12",2022,4702826,"Kelsey Johnson",8,3,10,2.66666666666667,3.90049643297749,0.487562054122186,1.30016547765916,41,5.125,13.6666666666667,0.625,6,8,0.75,1,0,NA,NA,NA,NA,NA,NA,NA,NA,"P5"
"239","Baylor","fbs","Big 12",2022,4708127,"Monaray Baldwin",42,7,10,6,35.8931669992183,0.854599214267103,5.12759528560262,481,11.452380952381,68.7142857142857,0.547619047619048,29,42,0.69047619047619,3,0,141,54,115,369,457.5,176.5,124,70,"P5"
"239","Baylor","fbs","Big 12",2022,4833625,"Jordan Nabors",1,1,10,1,-0.161416776533751,-0.161416776533751,-0.161416776533751,4,4,4,0,1,1,1,0,0,NA,NA,NA,NA,NA,NA,NA,NA,"P5"
"239","Baylor","fbs","Big 12",2022,4837335,"Richard Reese",15,6,10,2.5,0.850142068481478,0.0566761378987652,0.141690344746913,84,5.6,14,0.533333333333333,12,15,0.8,0,0,NA,NA,NA,NA,NA,NA,NA,NA,"P5"
"239","Baylor","fbs","Big 12",2022,4879189,"Hal Presley",40,10,10,4,4.70069611732049,0.117517402933012,0.470069611732049,282,7.05,28.2,0.5,23,40,0.575,1,0,509,520,525,445.5,562,378,496,440,"P5"
"239","Baylor","fbs","Big 12",2022,4879194,"Josh Cameron",28,9,10,3.11111111111111,14.0377628795702,0.501348674270366,1.55975143106336,258,9.21428571428571,28.6666666666667,0.607142857142857,20,28,0.714285714285714,0,0,398,397,320,219,421.5,414,295.5,432.5,"P5"
"239","Baylor","fbs","Big 12",2022,4879196,"Gavin Yates",1,1,10,1,3.05000841487114,3.05000841487114,3.05000841487114,10,10,10,1,1,1,1,0,0,NA,NA,NA,NA,NA,NA,NA,NA,"P5"
"2390","Miami","fbs","ACC",2022,4362523,"Will Mallory",45,9,11,5,39.0123341081379,0.866940757958621,4.3347037897931,517,11.4888888888889,57.4444444444444,0.688888888888889,39,45,0.866666666666667,2,1,110,89,107,92,127.5,150,122,129,"P5"
"2390","Miami","fbs","ACC",2022,4426343,"Frank Ladson Jr.",26,6,11,4.33333333333333,19.6164376528217,0.754478371262375,3.26940627547029,250,9.61538461538461,41.6666666666667,0.692307692307692,24,26,0.923076923076923,1,0,308,180,160,89.5,43.5,422.5,264,257,"P5"
"2390","Miami","fbs","ACC",2022,4429043,"Jaylan Knighton",11,7,11,1.57142857142857,-5.70399784595058,-0.51854525872278,-0.814856835135797,89,8.09090909090909,12.7142857142857,0.454545454545455,9,11,0.818181818181818,0,2,NA,NA,NA,NA,NA,NA,NA,NA,"P5"
"2390","Miami","fbs","ACC",2022,4430308,"Dominic Mammarelli",1,1,11,1,-1.21546201653962,-1.21546201653962,-1.21546201653962,-2,-2,-2,0,1,1,1,0,0,NA,NA,NA,NA,NA,NA,NA,NA,"P5"
"2390","Miami","fbs","ACC",2022,4431197,"Romello Brinson",6,5,11,1.2,6.7424408952691,1.12374014921152,1.34848817905382,90,15,18,0.666666666666667,5,6,0.833333333333333,0,0,NA,NA,NA,NA,NA,NA,NA,NA,"P5"
"2390","Miami","fbs","ACC",2022,4431310,"Henry Parrish Jr.",21,7,11,3,1.68170441279788,0.0800811625141848,0.240243487542554,98,4.66666666666667,14,0.476190476190476,15,21,0.714285714285714,2,0,542,537,533,481,421.5,589,582,582,"P5"
"2390","Miami","fbs","ACC",2022,4431353,"Xavier Restrepo",19,5,11,3.8,5.70401668231212,0.300211404332217,1.14080333646242,140,7.36842105263158,28,0.526315789473684,16,19,0.842105263157895,1,0,NA,NA,NA,NA,NA,NA,NA,NA,"P5"
"2390","Miami","fbs","ACC",2022,4432666,"Kahlil Brantley",3,3,11,1,2.55154305241729,0.850514350805762,0.850514350805762,13,4.33333333333333,4.33333333333333,1,3,3,1,1,0,NA,NA,NA,NA,NA,NA,NA,NA,"P5"
"2390","Miami","fbs","ACC",2022,4432702,"Thad Franklin",6,4,11,1.5,-2.38005275097555,-0.396675458495925,-0.595013187743887,41,6.83333333333333,10.25,0.166666666666667,5,6,0.833333333333333,0,0,NA,NA,NA,NA,NA,NA,NA,NA,"P5"
"2390","Miami","fbs","ACC",2022,4432703,"Jake Garcia",1,1,11,1,1.39527448023949,1.39527448023949,1.39527448023949,4,4,4,1,1,1,1,1,0,NA,NA,NA,NA,NA,NA,NA,NA,"P5"
"2390","Miami","fbs","ACC",2022,4567784,"Jacolby George",14,5,11,2.8,9.4626702694363,0.67590501924545,1.89253405388726,130,9.28571428571429,26,0.785714285714286,13,14,0.928571428571429,0,0,NA,NA,NA,NA,NA,NA,NA,NA,"P5"
"2390","Miami","fbs","ACC",2022,4596602,"Brashard Smith",35,9,11,3.88888888888889,18.4196249648482,0.526274998995662,2.04662499609424,292,8.34285714285714,32.4444444444444,0.628571428571429,30,35,0.857142857142857,0,0,325,332,306,179,147,360,382,377,"P5"
"2390","Miami","fbs","ACC",2022,4607419,"Keyshawn Smith",22,5,11,4.4,13.0116824244994,0.591440110204518,2.60233648489988,199,9.04545454545454,39.8,0.5,13,22,0.590909090909091,2,0,411,255,273,445.5,555.5,499,314.5,283,"P5"
"2390","Miami","fbs","ACC",2022,4678006,"Elijah Arroyo",5,3,11,1.66666666666667,2.81891742199217,0.563783484398434,0.939639140664057,55,11,18.3333333333333,0.8,4,5,0.8,0,0,NA,NA,NA,NA,NA,NA,NA,NA,"P5"
"2390","Miami","fbs","ACC",2022,4685188,"Michael Redding III",17,5,11,3.4,17.4408122675781,1.02593013338695,3.48816245351561,169,9.94117647058824,33.8,0.705882352941177,12,17,0.705882352941177,0,0,NA,NA,NA,NA,NA,NA,NA,NA,"P5"
"2390","Miami","fbs","ACC",2022,4685291,"Jacurri Brown",1,1,11,1,0.605896679694848,0.605896679694848,0.605896679694848,9,9,9,1,1,1,1,0,0,NA,NA,NA,NA,NA,NA,NA,NA,"P5"
"2390","Miami","fbs","ACC",2022,4685383,"Isaiah Horton",1,1,11,1,0.0145801329325306,0.0145801329325306,0.0145801329325306,6,6,6,1,1,1,1,0,0,NA,NA,NA,NA,NA,NA,NA,NA,"P5"
"2390","Miami","fbs","ACC",2022,4685560,"Jaleel Skinner",10,5,11,2,5.58175467167814,0.558175467167814,1.11635093433563,104,10.4,20.8,0.6,8,10,0.8,1,0,NA,NA,NA,NA,NA,NA,NA,NA,"P5"
"2390","Miami","fbs","ACC",2022,5092508,"Colbie Young",35,8,11,4.375,28.3128744007327,0.808939268592364,3.53910930009159,368,10.5142857142857,46,0.628571428571429,31,35,0.885714285714286,5,0,213,158,133,179,95,284.5,199,219,"P5"
"2393","Middle Tennessee","fbs","Conference USA",2022,4244772,"Darius Bracy",15,7,11,2.14285714285714,-2.83096478989205,-0.188730985992804,-0.404423541413151,84,5.6,12,0.466666666666667,13,15,0.866666666666667,1,0,NA,NA,NA,NA,NA,NA,NA,NA,"G5"
"2393","Middle Tennessee","fbs","Conference USA",2022,4262016,"Yusuf Ali",46,11,11,4.18181818181818,9.62366704114733,0.20921015306842,0.874878821922485,315,6.84782608695652,28.6363636363636,0.478260869565217,42,46,0.91304347826087,2,1,454,479,494,476,50.5,340,501,434,"G5"
"2393","Middle Tennessee","fbs","Conference USA",2022,4291782,"Chase Cunningham",2,1,11,2,3.59239620728427,1.79619810364214,3.59239620728427,10,5,10,0.5,2,2,1,1,0,NA,NA,NA,NA,NA,NA,NA,NA,"G5"
"2393","Middle Tennessee","fbs","Conference USA",2022,4365981,"Izaiah Gathings",54,9,11,6,25.1194785834011,0.465175529322243,2.79105317593346,427,7.90740740740741,47.4444444444444,0.666666666666667,48,54,0.888888888888889,1,0,242,234,346,123.5,88,216.5,429,208,"G5"
"2393","Middle Tennessee","fbs","Conference USA",2022,4371758,"Jeremy Tate Jr.",8,3,11,2.66666666666667,7.26249110213206,0.907811387766507,2.42083036737735,80,10,26.6666666666667,0.5,7,8,0.875,1,0,NA,NA,NA,NA,NA,NA,NA,NA,"G5"
"2393","Middle Tennessee","fbs","Conference USA",2022,4427148,"Joe Ervin",8,3,11,2.66666666666667,-1.39601854934056,-0.17450231866757,-0.465339516446853,38,4.75,12.6666666666667,0.375,8,8,1,0,0,NA,NA,NA,NA,NA,NA,NA,NA,"G5"
"2393","Middle Tennessee","fbs","Conference USA",2022,4428680,"Marquel Tinsley",3,2,11,1.5,-0.273762839873751,-0.091254279957917,-0.136881419936876,14,4.66666666666667,7,0.333333333333333,3,3,1,0,0,NA,NA,NA,NA,NA,NA,NA,NA,"G5"
"2393","Middle Tennessee","fbs","Conference USA",2022,4431651,"Elijah Metcalf",24,10,11,2.4,14.8798943545598,0.619995598106659,1.48798943545598,284,11.8333333333333,28.4,0.541666666666667,23,24,0.958333333333333,2,0,379,408,255,382,21,374.5,97,438,"G5"
"2393","Middle Tennessee","fbs","Conference USA",2022,4572906,"A.J. Toney",8,3,11,2.66666666666667,-2.22831073739857,-0.278538842174821,-0.742770245799524,30,3.75,10,0.125,7,8,0.875,0,0,NA,NA,NA,NA,NA,NA,NA,NA,"G5"
"2393","Middle Tennessee","fbs","Conference USA",2022,4575508,"DJ England-Chisolm",22,6,11,3.66666666666667,30.0983287774542,1.36810585352065,5.0163881295757,348,15.8181818181818,58,0.772727272727273,19,22,0.863636363636364,4,0,195,58,9,23.5,135.5,304,12,123,"G5"
"2393","Middle Tennessee","fbs","Conference USA",2022,4602667,"Jaylin Lane",63,9,11,7,57.3902487220782,0.910956328921876,6.37669430245313,769,12.2063492063492,85.4444444444444,0.682539682539683,54,63,0.857142857142857,3,0,36,18,92,98.5,147,47.5,82,22,"G5"
"2393","Middle Tennessee","fbs","Conference USA",2022,4605653,"Avarius Sparrow",5,2,11,2.5,1.83722089975153,0.367444179950306,0.918610449875766,46,9.2,23,0.6,5,5,1,0,0,NA,NA,NA,NA,NA,NA,NA,NA,"G5"
"2393","Middle Tennessee","fbs","Conference USA",2022,4605869,"Terry Wilkins",5,2,11,2.5,0.507851638017113,0.101570327603423,0.253925819008556,35,7,17.5,0.6,5,5,1,0,0,NA,NA,NA,NA,NA,NA,NA,NA,"G5"
"2393","Middle Tennessee","fbs","Conference USA",2022,4683658,"Javonte Sherman",2,2,11,1,2.03277467412955,1.01638733706477,1.01638733706477,16,8,8,0.5,1,2,0.5,0,0,NA,NA,NA,NA,NA,NA,NA,NA,"G5"
"2393","Middle Tennessee","fbs","Conference USA",2022,4686513,"Frank Peasant",23,9,11,2.55555555555556,22.8953797338575,0.995451292776413,2.54393108153972,243,10.5652173913043,27,0.782608695652174,22,23,0.956521739130435,2,0,271,268,62,19,24.5,433,190,452.5,"G5"
"2393","Middle Tennessee","fbs","Conference USA",2022,4686514,"Bryce Bailey",5,3,11,1.66666666666667,6.67044075247866,1.33408815049573,2.22348025082622,61,12.2,20.3333333333333,0.8,5,5,1,0,0,NA,NA,NA,NA,NA,NA,NA,NA,"G5"
"2393","Middle Tennessee","fbs","Conference USA",2022,4812474,"DJ Riles",5,2,11,2.5,-2.37954821709457,-0.475909643418913,-1.18977410854728,19,3.8,9.5,0.2,4,5,0.8,0,0,NA,NA,NA,NA,NA,NA,NA,NA,"G5"
"2393","Middle Tennessee","fbs","Conference USA",2022,4875810,"Taharin Sudderth",1,1,11,1,-0.414700962286488,-0.414700962286488,-0.414700962286488,4,4,4,0,1,1,1,0,0,NA,NA,NA,NA,NA,NA,NA,NA,"G5"
"2393","Middle Tennessee","fbs","Conference USA",2022,4917136,"Andrew Paige",5,2,11,2.5,4.00183263196751,0.800366526393501,2.00091631598375,34,6.8,17,0.4,3,5,0.6,0,0,NA,NA,NA,NA,NA,NA,NA,NA,"G5"
"2393","Middle Tennessee","fbs","Conference USA",2022,5082066,"Quaterrius Tolbert",16,6,11,2.66666666666667,-3.05268913875388,-0.190793071172118,-0.508781523125647,101,6.3125,16.8333333333333,0.4375,13,16,0.8125,0,0,NA,NA,NA,NA,NA,NA,NA,NA,"G5"
"24","Stanford","fbs","Pac-12",2022,4360761,"Michael Wilson",29,5,11,5.8,22.7914722246517,0.785912835332816,4.55829444493033,336,11.5862068965517,67.2,0.655172413793103,21,29,0.724137931034483,2,0,273,80,147,136.5,409,317.5,112,73,"P5"
"24","Stanford","fbs","Pac-12",2022,4360763,"Brycen Tremayne",40,11,11,3.63636363636364,23.4363288445681,0.585908221114203,2.13057534950619,371,9.275,33.7272727272727,0.6,31,40,0.775,0,0,261,323,275,238,305,279,291,361,"P5"
"24","Stanford","fbs","Pac-12",2022,4426478,"Colby Bowman",7,4,11,1.75,3.31988361231902,0.474269087474146,0.829970903079756,44,6.28571428571429,11,0.714285714285714,7,7,1,0,0,NA,NA,NA,NA,NA,NA,NA,NA,"P5"
"24","Stanford","fbs","Pac-12",2022,4426844,"Elijah Higgins",66,11,11,6,44.5893464364693,0.675596158128323,4.05357694876994,690,10.4545454545455,62.7272727272727,0.560606060606061,56,66,0.848484848484849,2,1,70,97,216,332.5,162.5,72,206,97,"P5"
"24","Stanford","fbs","Pac-12",2022,4429151,"John Humphreys",27,8,11,3.375,17.9373580606567,0.664346594839137,2.24216975758209,233,8.62962962962963,29.125,0.740740740740741,23,27,0.851851851851852,0,0,329,309,221,38,156.5,454.5,359,419,"P5"
"24","Stanford","fbs","Pac-12",2022,4430825,"E.J. Smith",2,1,11,2,2.48245320463524,1.24122660231762,2.48245320463524,23,11.5,23,1,2,2,1,0,0,NA,NA,NA,NA,NA,NA,NA,NA,"P5"
"24","Stanford","fbs","Pac-12",2022,4431870,"Casey Filkins",20,6,11,3.33333333333333,6.83979820288198,0.341989910144099,1.139966367147,175,8.75,29.1666666666667,0.4,16,20,0.8,1,0,NA,NA,NA,NA,NA,NA,NA,NA,"P5"
"24","Stanford","fbs","Pac-12",2022,4432565,"Silas Starr",4,3,11,1.33333333333333,-0.540357771491745,-0.135089442872936,-0.180119257163915,17,4.25,5.66666666666667,0.5,3,4,0.75,0,0,NA,NA,NA,NA,NA,NA,NA,NA,"P5"
"24","Stanford","fbs","Pac-12",2022,4433959,"Ben Yurosek",52,11,11,4.72727272727273,26.1285895705814,0.502472876357335,2.37532632459831,434,8.34615384615385,39.4545454545455,0.673076923076923,47,52,0.903846153846154,1,2,233,294,319,116,66.5,212.5,381,286,"P5"
"24","Stanford","fbs","Pac-12",2022,4602644,"Brendon Barrow",6,3,11,2,-0.243973672489476,-0.040662278748246,-0.081324557496492,24,4,8,0.333333333333333,4,6,0.666666666666667,0,0,NA,NA,NA,NA,NA,NA,NA,NA,"P5"
"24","Stanford","fbs","Pac-12",2022,4602927,"Mitch Leigber",18,3,11,6,5.87220961948132,0.326233867748962,1.95740320649377,124,6.88888888888889,41.3333333333333,0.444444444444444,16,18,0.888888888888889,0,0,NA,NA,NA,NA,NA,NA,NA,NA,"P5"
"24","Stanford","fbs","Pac-12",2022,4685201,"Tanner McKee",5,4,11,1.25,16.384330730982,3.27686614619641,4.09608268274551,85,17,21.25,1,5,5,1,5,0,NA,NA,NA,NA,NA,NA,NA,NA,"P5"
"24","Stanford","fbs","Pac-12",2022,4685203,"Caleb Robinson",7,3,11,2.33333333333333,-3.0633141249137,-0.4376163035591,-1.02110470830457,29,4.14285714285714,9.66666666666667,0.428571428571429,6,7,0.857142857142857,0,0,NA,NA,NA,NA,NA,NA,NA,NA,"P5"
"24","Stanford","fbs","Pac-12",2022,4685504,"Sam Roush",2,2,11,1,3.58710346020073,1.79355173010036,1.79355173010036,34,17,17,1,2,2,1,0,0,NA,NA,NA,NA,NA,NA,NA,NA,"P5"
"24","Stanford","fbs","Pac-12",2022,4686569,"Shield Taylor",4,3,11,1.33333333333333,-0.482358846533121,-0.12058971163328,-0.160786282177707,24,6,8,0.5,4,4,1,0,0,NA,NA,NA,NA,NA,NA,NA,NA,"P5"
"24","Stanford","fbs","Pac-12",2022,4769792,"C.J. Hawkins",2,2,11,1,3.75958758896716,1.87979379448358,1.87979379448358,29,14.5,14.5,1,2,2,1,0,0,NA,NA,NA,NA,NA,NA,NA,NA,"P5"
"24","Stanford","fbs","Pac-12",2022,4826505,"Mudia Reuben",3,3,11,1,6.67425180968535,2.22475060322845,2.22475060322845,33,11,11,1,3,3,1,1,0,NA,NA,NA,NA,NA,NA,NA,NA,"P5"
"242","Rice","fbs","Conference USA",2022,136429,"Cedric Patterson III",2,1,11,2,-0.459960915909487,-0.229980457954744,-0.459960915909487,0,0,0,0,0,2,0,0,0,NA,NA,NA,NA,NA,NA,NA,NA,"G5"
"242","Rice","fbs","Conference USA",2022,4244855,"Cameron Montgomery",10,8,11,1.25,-2.18867184894276,-0.218867184894276,-0.273583981117845,64,6.4,8,0.4,7,10,0.7,0,0,NA,NA,NA,NA,NA,NA,NA,NA,"G5"
"242","Rice","fbs","Conference USA",2022,4362538,"Juma Otoviano",2,2,11,1,2.20143615677268,1.10071807838634,1.10071807838634,49,24.5,24.5,0.5,2,2,1,0,0,NA,NA,NA,NA,NA,NA,NA,NA,"G5"
"242","Rice","fbs","Conference USA",2022,4362541,"Ari Broussard",2,1,11,2,3.55977695408907,1.77988847704454,3.55977695408907,26,13,26,1,2,2,1,0,0,NA,NA,NA,NA,NA,NA,NA,NA,"G5"
"242","Rice","fbs","Conference USA",2022,4362896,"Tj McMahon",5,3,11,1.66666666666667,15.1266519159154,3.02533038318308,5.04221730530514,76,15.2,25.3333333333333,1,5,5,1,5,0,NA,NA,NA,NA,NA,NA,NA,NA,"G5"
"242","Rice","fbs","Conference USA",2022,4368803,"Uriah West",1,1,11,1,0.29030808360541,0.29030808360541,0.29030808360541,7,7,7,1,1,1,1,0,0,NA,NA,NA,NA,NA,NA,NA,NA,"G5"
"242","Rice","fbs","Conference USA",2022,4393324,"Isaiah Esdale",43,9,11,4.77777777777778,28.091413273937,0.653288680789233,3.12126814154856,408,9.48837209302326,45.3333333333333,0.604651162790698,35,43,0.813953488372093,0,0,216,195,228,229,228.5,232.5,273,223.5,"G5"
"242","Rice","fbs","Conference USA",2022,4426948,"Luke McCaffrey",58,8,11,7.25,45.4547250983971,0.783702156868916,5.68184063729964,569,9.81034482758621,71.125,0.637931034482759,44,58,0.758620689655172,3,0,66,39,148,167,339,119,248,62,"G5"
"242","Rice","fbs","Conference USA",2022,4429885,"Kobie Campbell",21,5,11,4.2,2.01281390745715,0.0958482813074831,0.402562781491429,184,8.76190476190476,36.8,0.619047619047619,17,21,0.80952380952381,0,2,537,524,528,193.5,236.5,518,346,318,"G5"
"242","Rice","fbs","Conference USA",2022,4570188,"Brad Rozner",52,11,11,4.72727272727273,39.9983094633745,0.769198258911049,3.63620995121587,633,12.1730769230769,57.5454545454545,0.576923076923077,33,52,0.634615384615385,4,0,103,149,158,301,525.5,89.5,84,125.5,"G5"
"242","Rice","fbs","Conference USA",2022,4570200,"Jack Bradley",30,8,11,3.75,5.10145076701273,0.170048358900424,0.637681345876592,184,6.13333333333333,23,0.4,23,30,0.766666666666667,1,0,506,506,505,548.5,322.5,518,537,505.5,"G5"
"242","Rice","fbs","Conference USA",2022,4688757,"Tyson Thompson",3,1,11,3,2.86440830326259,0.954802767754196,2.86440830326259,0,0,0,0.666666666666667,0,3,0,0,0,NA,NA,NA,NA,NA,NA,NA,NA,"G5"
"242","Rice","fbs","Conference USA",2022,4693395,"Peyton Stevenson",1,1,11,1,0.146596261126667,0.146596261126667,0.146596261126667,8,8,8,1,1,1,1,0,0,NA,NA,NA,NA,NA,NA,NA,NA,"G5"
"242","Rice","fbs","Conference USA",2022,4869581,"Braylen Walker",4,1,11,4,8.75998278617786,2.18999569654446,8.75998278617786,77,19.25,77,0.75,4,4,1,1,0,NA,NA,NA,NA,NA,NA,NA,NA,"G5"
"242","Rice","fbs","Conference USA",2022,5082269,"Dean Connors",9,8,11,1.125,-8.9252741181086,-0.991697124234289,-1.11565926476358,26,2.88888888888889,3.25,0.333333333333333,7,9,0.777777777777778,1,0,NA,NA,NA,NA,NA,NA,NA,NA,"G5"
"242","Rice","fbs","Conference USA",2022,5082277,"Micah Barnett",1,1,11,1,-2.13316005483889,-2.13316005483889,-2.13316005483889,-1,-1,-1,0,1,1,1,0,0,NA,NA,NA,NA,NA,NA,NA,NA,"G5"
"242","Rice","fbs","Conference USA",2022,5082284,"Boden Groen",8,5,11,1.6,3.68772081272357,0.460965101590447,0.737544162544715,50,6.25,10,0.625,6,8,0.75,0,0,NA,NA,NA,NA,NA,NA,NA,NA,"G5"
"2426","Navy","fbs","American Athletic",2022,4568551,"Mark Walker",16,7,10,2.28571428571429,14.3404392586085,0.896277453663031,2.04863417980121,201,12.5625,28.7142857142857,0.625,11,16,0.6875,1,0,NA,NA,NA,NA,NA,NA,NA,NA,"G5"
"2426","Navy","fbs","American Athletic",2022,4686164,"Tai Lavatai",1,1,10,1,6.99336621077868,6.99336621077868,6.99336621077868,62,62,62,1,1,1,1,1,0,NA,NA,NA,NA,NA,NA,NA,NA,"G5"
"2426","Navy","fbs","American Athletic",2022,4686170,"Jayden Umbarger",17,6,10,2.83333333333333,26.5720901901026,1.56306412882956,4.42868169835043,248,14.5882352941176,41.3333333333333,0.705882352941177,15,17,0.882352941176471,2,0,NA,NA,NA,NA,NA,NA,NA,NA,"G5"
"2426","Navy","fbs","American Athletic",2022,4686172,"Vincent Terrell II",19,9,10,2.11111111111111,9.07927086377327,0.477856361251224,1.00880787375258,223,11.7368421052632,24.7777777777778,0.368421052631579,9,19,0.473684210526316,2,0,462,463,335,562,591,467.5,105,484,"G5"
"2426","Navy","fbs","American Athletic",2022,4686175,"Kai Puailoa Rojas",6,4,10,1.5,1.66438377627015,0.277397296045024,0.416095944067536,33,5.5,8.25,0.5,4,6,0.666666666666667,0,0,NA,NA,NA,NA,NA,NA,NA,NA,"G5"
"2426","Navy","fbs","American Athletic",2022,4686178,"Daniel Jones",1,1,10,1,-0.471568303459365,-0.471568303459365,-0.471568303459365,0,0,0,0,0,1,0,0,0,NA,NA,NA,NA,NA,NA,NA,NA,"G5"
"2426","Navy","fbs","American Athletic",2022,4880684,"Maquel Haywood",13,6,10,2.16666666666667,-3.41026462845719,-0.262328048342861,-0.568377438076199,39,3,6.5,0.0769230769230769,5,13,0.384615384615385,1,0,NA,NA,NA,NA,NA,NA,NA,NA,"G5"
"2426","Navy","fbs","American Athletic",2022,4880687,"Kroy Myers",1,1,10,1,0.763440140052883,0.763440140052883,0.763440140052883,12,12,12,1,1,1,1,0,0,NA,NA,NA,NA,NA,NA,NA,NA,"G5"
"2426","Navy","fbs","American Athletic",2022,5081502,"Nathan Kent",2,2,10,1,5.18637378143784,2.59318689071892,2.59318689071892,32,16,16,0.5,1,2,0.5,0,0,NA,NA,NA,NA,NA,NA,NA,NA,"G5"
"2429","Charlotte","fbs","Conference USA",2022,4259268,"Victor Tucker",49,9,11,5.44444444444444,15.5858807984698,0.318079199968771,1.73176453316331,328,6.69387755102041,36.4444444444444,0.551020408163265,37,49,0.755102040816326,5,0,370,367,442,360,350,326.5,514.5,320,"G5"
"2429","Charlotte","fbs","Conference USA",2022,4259269,"Chris Reynolds",3,3,11,1,8.16977228900489,2.7232574296683,2.7232574296683,36,12,12,1,3,3,1,3,0,NA,NA,NA,NA,NA,NA,NA,NA,"G5"
"2429","Charlotte","fbs","Conference USA",2022,4259549,"Trey Blount",4,3,11,1.33333333333333,-0.278002127007287,-0.0695005317518218,-0.0926673756690957,14,3.5,4.66666666666667,0.75,3,4,0.75,0,0,NA,NA,NA,NA,NA,NA,NA,NA,"G5"
"2429","Charlotte","fbs","Conference USA",2022,4426840,"Shadrick Byrd",21,10,11,2.1,15.5955609439262,0.74264575923458,1.55955609439262,203,9.66666666666667,20.3,0.666666666666667,19,21,0.904761904761905,1,0,368,398,170,123.5,64.5,493.5,260,541.5,"G5"
"2429","Charlotte","fbs","Conference USA",2022,4428197,"Quinton Patten",10,3,11,3.33333333333333,5.35592987149659,0.535592987149659,1.78530995716553,88,8.8,29.3333333333333,0.7,9,10,0.9,0,0,NA,NA,NA,NA,NA,NA,NA,NA,"G5"
"2429","Charlotte","fbs","Conference USA",2022,4567032,"Nolan Groulx",7,4,11,1.75,2.30175751732651,0.328822502475215,0.575439379331627,83,11.8571428571429,20.75,0.571428571428571,6,7,0.857142857142857,0,0,NA,NA,NA,NA,NA,NA,NA,NA,"G5"
"2429","Charlotte","fbs","Conference USA",2022,4569524,"Eugene Minter",11,6,11,1.83333333333333,6.72619847470173,0.611472588609248,1.12103307911695,124,11.2727272727273,20.6666666666667,0.454545454545455,11,11,1,0,0,NA,NA,NA,NA,NA,NA,NA,NA,"G5"
"2429","Charlotte","fbs","Conference USA",2022,4570169,"Kendric Blake",1,1,11,1,0.56436367794916,0.56436367794916,0.56436367794916,16,16,16,1,1,1,1,0,0,NA,NA,NA,NA,NA,NA,NA,NA,"G5"
"2429","Charlotte","fbs","Conference USA",2022,4572267,"Elijah Spencer",61,11,11,5.54545454545455,64.4367234014596,1.05633972789278,5.85788394558723,840,13.7704918032787,76.3636363636364,0.721311475409836,51,61,0.836065573770492,6,1,28,35,46,58,188,31.5,31,43.5,"G5"
"2429","Charlotte","fbs","Conference USA",2022,4605852,"Chavon Mceachern",9,4,11,2.25,0.78861924475126,0.0876243605279178,0.197154811187815,40,4.44444444444444,10,0.444444444444444,6,9,0.666666666666667,0,0,NA,NA,NA,NA,NA,NA,NA,NA,"G5"
"2429","Charlotte","fbs","Conference USA",2022,4608450,"Taylor Thompson",14,6,11,2.33333333333333,19.6931481728309,1.40665344091649,3.28219136213848,258,18.4285714285714,43,0.857142857142857,13,14,0.928571428571429,0,0,NA,NA,NA,NA,NA,NA,NA,NA,"G5"
"2429","Charlotte","fbs","Conference USA",2022,4613157,"Jake Clemons",4,4,11,1,-4.58933789005034,-1.14733447251258,-1.14733447251258,23,5.75,5.75,0,4,4,1,0,1,NA,NA,NA,NA,NA,NA,NA,NA,"G5"
"2429","Charlotte","fbs","Conference USA",2022,4689194,"Jack Reynolds",4,2,11,2,-1.89186154639233,-0.472965386598083,-0.945930773196166,17,4.25,8.5,0.25,3,4,0.75,0,0,NA,NA,NA,NA,NA,NA,NA,NA,"G5"
"2429","Charlotte","fbs","Conference USA",2022,4879650,"Grant DuBose",54,10,11,5.4,61.2423857351759,1.13411825435511,6.12423857351759,570,10.5555555555556,57,0.796296296296296,48,54,0.888888888888889,5,0,32,30,33,14,88,117.5,192,133,"G5"
"2429","Charlotte","fbs","Conference USA",2022,4879655,"Henry Rutledge",14,5,11,2.8,15.4073708511699,1.10052648936928,3.08147417023398,189,13.5,37.8,0.785714285714286,12,14,0.857142857142857,1,0,NA,NA,NA,NA,NA,NA,NA,NA,"G5"
"2429","Charlotte","fbs","Conference USA",2022,5081241,"Johnny Martin III",3,2,11,1.5,-1.18890149000716,-0.396300496669054,-0.594450745003581,27,9,13.5,0.333333333333333,3,3,1,0,0,NA,NA,NA,NA,NA,NA,NA,NA,"G5"
"2429","Charlotte","fbs","Conference USA",2022,5081250,"Sean Brown",1,1,11,1,0.501790010729052,0.501790010729052,0.501790010729052,9,9,9,1,1,1,1,0,0,NA,NA,NA,NA,NA,NA,NA,NA,"G5"
"2433","UL Monroe","fbs","Sun Belt",2022,4255714,"Frederick Lloyd Jr.",6,5,11,1.2,7.36631343384578,1.22771890564096,1.47326268676916,90,15,18,0.833333333333333,6,6,1,0,0,NA,NA,NA,NA,NA,NA,NA,NA,"G5"
"2433","UL Monroe","fbs","Sun Belt",2022,4257370,"Jeremiah Knight",21,8,11,2.625,6.05602787345526,0.288382279688345,0.757003484181907,163,7.76190476190476,20.375,0.619047619047619,19,21,0.904761904761905,1,1,493,495,460,193.5,64.5,542,442,537.5,"G5"
"2433","UL Monroe","fbs","Sun Belt",2022,4258409,"Zachari Jackson",7,5,11,1.4,3.0146292888905,0.430661326984357,0.6029258577781,53,7.57142857142857,10.6,0.428571428571429,7,7,1,0,0,NA,NA,NA,NA,NA,NA,NA,NA,"G5"
"2433","UL Monroe","fbs","Sun Belt",2022,4365311,"Malik Jackson",16,8,11,2,-1.37799924747632,-0.0861249529672698,-0.17224990593454,81,5.0625,10.125,0.375,16,16,1,0,0,NA,NA,NA,NA,NA,NA,NA,NA,"G5"
"2433","UL Monroe","fbs","Sun Belt",2022,4368483,"Nolan Quinlan",6,4,11,1.5,0.185764529348877,0.0309607548914795,0.0464411323372192,26,4.33333333333333,6.5,0.333333333333333,6,6,1,0,0,NA,NA,NA,NA,NA,NA,NA,NA,"G5"
"2433","UL Monroe","fbs","Sun Belt",2022,4427896,"Zack Martin",1,1,11,1,-1.02845729949829,-1.02845729949829,-1.02845729949829,-5,-5,-5,0,1,1,1,0,0,NA,NA,NA,NA,NA,NA,NA,NA,"G5"
"2433","UL Monroe","fbs","Sun Belt",2022,4430724,"Dariyan Wiley",7,4,11,1.75,9.33359285487764,1.33337040783966,2.33339821371941,82,11.7142857142857,20.5,0.857142857142857,7,7,1,0,0,NA,NA,NA,NA,NA,NA,NA,NA,"G5"
"2433","UL Monroe","fbs","Sun Belt",2022,4570554,"Chandler Rogers",1,1,11,1,4.08368928395899,4.08368928395899,4.08368928395899,3,3,3,1,1,1,1,1,0,NA,NA,NA,NA,NA,NA,NA,NA,"G5"
"2433","UL Monroe","fbs","Sun Belt",2022,4575758,"Charles Norman",1,1,11,1,0.972168424693294,0.972168424693294,0.972168424693294,13,13,13,1,1,1,1,0,0,NA,NA,NA,NA,NA,NA,NA,NA,"G5"
"2433","UL Monroe","fbs","Sun Belt",2022,4575767,"Will Derrick",4,3,11,1.33333333333333,1.40110140352615,0.350275350881538,0.467033801175384,37,9.25,12.3333333333333,0.75,4,4,1,0,0,NA,NA,NA,NA,NA,NA,NA,NA,"G5"
"2433","UL Monroe","fbs","Sun Belt",2022,4684881,"Rylan Green",4,3,11,1.33333333333333,3.99367673929574,0.998419184823935,1.33122557976525,30,7.5,10,0.75,4,4,1,0,0,NA,NA,NA,NA,NA,NA,NA,NA,"G5"
"2433","UL Monroe","fbs","Sun Belt",2022,4686376,"Duece Mayberry",1,1,11,1,-1.24859224201056,-1.24859224201056,-1.24859224201056,0,0,0,0,0,1,0,0,0,NA,NA,NA,NA,NA,NA,NA,NA,"G5"
"2433","UL Monroe","fbs","Sun Belt",2022,4689901,"Jevin Frett",25,10,11,2.5,17.118038378134,0.684721535125358,1.7118038378134,307,12.28,30.7,0.56,24,25,0.96,1,0,347,372,208,336.5,17.5,348,76,402,"G5"
"2433","UL Monroe","fbs","Sun Belt",2022,4689918,"Zach Rasmussen",14,8,11,1.75,16.4490957024033,1.17493540731452,2.05613696280042,107,7.64285714285714,13.375,0.714285714285714,13,14,0.928571428571429,3,0,NA,NA,NA,NA,NA,NA,NA,NA,"G5"
"2433","UL Monroe","fbs","Sun Belt",2022,4880101,"Tyrone Howell",48,11,11,4.36363636363636,63.3573715007489,1.31994523959894,5.75976104552263,766,15.9583333333333,69.6363636363636,0.6875,43,48,0.895833333333333,5,0,30,37,13,93.5,79.5,49,11,65,"G5"
"2433","UL Monroe","fbs","Sun Belt",2022,4887223,"Chandler Rogers",1,1,11,1,5.41330602479148,5.41330602479148,5.41330602479148,58,58,58,1,1,1,1,1,0,NA,NA,NA,NA,NA,NA,NA,NA,"G5"
"2433","UL Monroe","fbs","Sun Belt",2022,4887225,"Andrew Henry",13,9,11,1.44444444444444,2.62690804669616,0.202069849745859,0.291878671855129,98,7.53846153846154,10.8888888888889,0.384615384615385,12,13,0.923076923076923,1,0,NA,NA,NA,NA,NA,NA,NA,NA,"G5"
"2433","UL Monroe","fbs","Sun Belt",2022,4898828,"Alred Luke",22,9,11,2.44444444444444,6.08769786870176,0.276713539486444,0.676410874300195,158,7.18181818181818,17.5555555555556,0.454545454545455,20,22,0.909090909090909,0,0,492,501,467,505,56.5,548,491,561,"G5"
"2433","UL Monroe","fbs","Sun Belt",2022,5098805,"Bugs Mortimer",14,6,11,2.33333333333333,-1.4674180429774,-0.104815574498386,-0.244569673829567,66,4.71428571428571,11,0.357142857142857,11,14,0.785714285714286,0,0,NA,NA,NA,NA,NA,NA,NA,NA,"G5"
"2433","UL Monroe","fbs","Sun Belt",2022,5098806,"Bennett Galloway",1,1,11,1,-1.25426336314161,-1.25426336314161,-1.25426336314161,3,3,3,0,1,1,1,0,0,NA,NA,NA,NA,NA,NA,NA,NA,"G5"
"2439","UNLV","fbs","Mountain West",2022,4374184,"Shelton Zeon III",7,6,9,1.16666666666667,2.72664044381785,0.38952006340255,0.454440073969642,55,7.85714285714286,9.16666666666667,0.571428571428571,7,7,1,0,0,NA,NA,NA,NA,NA,NA,NA,NA,"G5"
"2439","UNLV","fbs","Mountain West",2022,4428320,"Courtney Reese",11,6,9,1.83333333333333,-3.29925552610113,-0.299932320554648,-0.549875921016855,33,3,5.5,0.272727272727273,11,11,1,0,0,NA,NA,NA,NA,NA,NA,NA,NA,"G5"
"2439","UNLV","fbs","Mountain West",2022,4430404,"Aidan Robbins",21,8,9,2.625,-3.82930100085867,-0.182347666707556,-0.478662625107333,97,4.61904761904762,12.125,0.285714285714286,17,21,0.80952380952381,0,0,575,573,582,588,236.5,590,583,589,"G5"
"2439","UNLV","fbs","Mountain West",2022,4430754,"Kalvin Souders",4,1,9,4,5.50184069404344,1.37546017351086,5.50184069404344,57,14.25,57,1,4,4,1,0,0,NA,NA,NA,NA,NA,NA,NA,NA,"G5"
"2439","UNLV","fbs","Mountain West",2022,4431479,"Ricky White",51,9,9,5.66666666666667,10.5406077390353,0.20667858311834,1.17117863767059,374,7.33333333333333,41.5555555555556,0.549019607843137,36,51,0.705882352941177,1,2,446,447,495,367,432.5,277,478,261,"G5"
"2439","UNLV","fbs","Mountain West",2022,4565555,"Kaleo Ballungay",1,1,9,1,2.02874265919981,2.02874265919981,2.02874265919981,10,10,10,1,1,1,1,0,0,NA,NA,NA,NA,NA,NA,NA,NA,"G5"
"2439","UNLV","fbs","Mountain West",2022,4578324,"Jordan Younge-Humphrey",3,2,9,1.5,0.0512610030015234,0.0170870010005078,0.0256305015007617,26,8.66666666666667,13,0.666666666666667,3,3,1,0,0,NA,NA,NA,NA,NA,NA,NA,NA,"G5"
"2439","UNLV","fbs","Mountain West",2022,4613202,"Kyle Williams",39,6,9,6.5,16.6835352278417,0.427782954560043,2.78058920464028,362,9.28205128205128,60.3333333333333,0.461538461538462,27,39,0.692307692307692,3,0,354,236,370,498.5,454.5,290.5,289,112,"G5"
"2439","UNLV","fbs","Mountain West",2022,4683451,"Cameron Friel",1,1,9,1,5.07769060204642,5.07769060204642,5.07769060204642,31,31,31,1,1,1,1,1,0,NA,NA,NA,NA,NA,NA,NA,NA,"G5"
"2439","UNLV","fbs","Mountain West",2022,4832070,"Nick Williams",23,7,9,3.28571428571429,8.33648703140384,0.362455957887123,1.19092671877198,304,13.2173913043478,43.4285714285714,0.608695652173913,21,23,0.91304347826087,1,2,469,444,417,211,50.5,350,46,240,"G5"
"2439","UNLV","fbs","Mountain West",2022,4900903,"Senika McKie",17,7,9,2.42857142857143,12.6732422634629,0.745484839027229,1.8104631804947,180,10.5882352941176,25.7142857142857,0.647058823529412,15,17,0.882352941176471,1,0,417,356,167,150,99,527.5,187,475,"G5"
"2439","UNLV","fbs","Mountain West",2022,5082601,"Jeff Weimer",24,4,9,6,0.193788086229864,0.00807450359291099,0.0484470215574659,150,6.25,37.5,0.458333333333333,14,24,0.583333333333333,1,0,552,552,552,502,558.5,554,534,311.5,"G5"
"2440","Nevada","fbs","Mountain West",2022,4245653,"Brian Casteel",72,10,10,7.2,-12.3239377496816,-0.171165802078911,-1.23239377496816,390,5.41666666666667,39,0.333333333333333,36,72,0.5,2,0,594,593,580,577,588.5,252.5,559,289,"G5"
"2440","Nevada","fbs","Mountain West",2022,4251136,"Spencer Curtis",21,8,10,2.625,10.9753218988284,0.522634376134684,1.37191523735355,163,7.76190476190476,20.375,0.571428571428571,14,21,0.666666666666667,0,0,442,421,308,312,499.5,542,442,537.5,"G5"
"2440","Nevada","fbs","Mountain West",2022,4360373,"Carlos Sandy",2,1,10,2,-2.00127720551663,-1.00063860275832,-2.00127720551663,4,2,4,0,2,2,1,0,0,NA,NA,NA,NA,NA,NA,NA,NA,"G5"
"2440","Nevada","fbs","Mountain West",2022,4361430,"Devonte Lee",10,5,10,2,5.03130894519008,0.503130894519008,1.00626178903802,61,6.1,12.2,0.5,10,10,1,0,0,NA,NA,NA,NA,NA,NA,NA,NA,"G5"
"2440","Nevada","fbs","Mountain West",2022,4361444,"Toa Taua",38,10,10,3.8,0.076641971297202,0.00201689398150531,0.0076641971297202,216,5.68421052631579,21.6,0.473684210526316,32,38,0.842105263157895,0,0,553,553,553,486,174.5,478.5,549,521.5,"G5"
"2440","Nevada","fbs","Mountain West",2022,4428200,"Cross Patton",1,1,10,1,0.63138696347649,0.63138696347649,0.63138696347649,12,12,12,1,1,1,1,0,0,NA,NA,NA,NA,NA,NA,NA,NA,"G5"
"2440","Nevada","fbs","Mountain West",2022,4429070,"Shane Illingworth",1,1,10,1,6.12484692428578,6.12484692428578,6.12484692428578,20,20,20,1,1,1,1,1,0,NA,NA,NA,NA,NA,NA,NA,NA,"G5"
"2440","Nevada","fbs","Mountain West",2022,4569372,"Dalevon Campbell",52,9,10,5.77777777777778,-0.0941365001952651,-0.00181031731144741,-0.0104596111328072,340,6.53846153846154,37.7777777777778,0.384615384615385,27,52,0.519230769230769,1,0,554,554,554,557.5,584,312.5,522,306,"G5"
"2440","Nevada","fbs","Mountain West",2022,4613087,"Jamaal Bell",36,6,10,6,10.0566936227283,0.279352600631342,1.67611560378805,262,7.27777777777778,43.6666666666667,0.416666666666667,20,36,0.555555555555556,0,0,450,380,464,540,569,404,484,238,"G5"
"2440","Nevada","fbs","Mountain West",2022,4685170,"Wesley Kommer",2,2,10,1,-0.272323935866855,-0.136161967933427,-0.136161967933427,11,5.5,5.5,0.5,2,2,1,0,0,NA,NA,NA,NA,NA,NA,NA,NA,"G5"
"2440","Nevada","fbs","Mountain West",2022,4686692,"Carlton Brown III",5,3,10,1.66666666666667,-1.58783254430628,-0.317566508861257,-0.529277514768761,38,7.6,12.6666666666667,0.2,3,5,0.6,0,0,NA,NA,NA,NA,NA,NA,NA,NA,"G5"
"2440","Nevada","fbs","Mountain West",2022,4697503,"Cooper Shults",2,2,10,1,0.240249488374476,0.120124744187238,0.120124744187238,10,5,5,1,2,2,1,0,0,NA,NA,NA,NA,NA,NA,NA,NA,"G5"
"2440","Nevada","fbs","Mountain West",2022,4710818,"Dazure Paggett",1,1,10,1,1.69183200302645,1.69183200302645,1.69183200302645,9,9,9,1,1,1,1,0,0,NA,NA,NA,NA,NA,NA,NA,NA,"G5"
"2440","Nevada","fbs","Mountain West",2022,4880790,"Tyrese Mack",8,2,10,4,2.11982298442596,0.264977873053245,1.05991149221298,54,6.75,27,0.5,6,8,0.75,0,0,NA,NA,NA,NA,NA,NA,NA,NA,"G5"
"2440","Nevada","fbs","Mountain West",2022,5084969,"Cameron Zeidler",1,1,10,1,-0.613289926191571,-0.613289926191571,-0.613289926191571,1,1,1,0,1,1,1,0,0,NA,NA,NA,NA,NA,NA,NA,NA,"G5"
"2440","Nevada","fbs","Mountain West",2022,5084971,"Jacob Munro",10,3,10,3.33333333333333,2.34586235985835,0.234586235985835,0.781954119952784,58,5.8,19.3333333333333,0.5,5,10,0.5,0,0,NA,NA,NA,NA,NA,NA,NA,NA,"G5"
"245","Texas A&M","fbs","SEC",2022,4372522,"Jalen Preston",9,5,11,1.8,5.12143289447452,0.569048099386058,1.0242865788949,67,7.44444444444444,13.4,0.555555555555556,5,9,0.555555555555556,1,0,NA,NA,NA,NA,NA,NA,NA,NA,"P5"
"245","Texas A&M","fbs","SEC",2022,4372545,"Max Wright",14,4,11,3.5,2.55520811615052,0.182514865439323,0.638802029037631,120,8.57142857142857,30,0.571428571428571,8,14,0.571428571428571,0,0,NA,NA,NA,NA,NA,NA,NA,NA,"P5"
"245","Texas A&M","fbs","SEC",2022,4426459,"Chase Lane",9,3,11,3,-2.35196240741787,-0.261329156379763,-0.783987469139289,51,5.66666666666667,17,0.444444444444444,5,9,0.555555555555556,0,0,NA,NA,NA,NA,NA,NA,NA,NA,"P5"
"245","Texas A&M","fbs","SEC",2022,4428532,"Ainias Smith",10,3,11,3.33333333333333,9.68076405034922,0.968076405034922,3.22692135011641,127,12.7,42.3333333333333,0.8,9,10,0.9,0,0,NA,NA,NA,NA,NA,NA,NA,NA,"P5"
"245","Texas A&M","fbs","SEC",2022,4428993,"Haynes King",1,1,11,1,3.97391259475099,3.97391259475099,3.97391259475099,9,9,9,1,1,1,1,1,0,NA,NA,NA,NA,NA,NA,NA,NA,"P5"
"245","Texas A&M","fbs","SEC",2022,4429160,"Devon Achane",42,8,11,5.25,-8.71306141464737,-0.20745384320589,-1.08913267683092,162,3.85714285714286,20.25,0.357142857142857,34,42,0.80952380952381,2,0,587,589,585,566,236.5,544,588,543,"P5"
"245","Texas A&M","fbs","SEC",2022,4430657,"Devin Price",5,2,11,2.5,4.48120975087849,0.896241950175697,2.24060487543924,52,10.4,26,0.6,4,5,0.8,0,0,NA,NA,NA,NA,NA,NA,NA,NA,"P5"
"245","Texas A&M","fbs","SEC",2022,4596539,"Yulkeith Brown",5,3,11,1.66666666666667,2.17327664258741,0.434655328517482,0.724425547529137,44,8.8,14.6666666666667,0.4,4,5,0.8,0,0,NA,NA,NA,NA,NA,NA,NA,NA,"P5"
"245","Texas A&M","fbs","SEC",2022,4685144,"Moose Muhammad III",58,7,11,8.28571428571429,36.9676639817939,0.637373516927481,5.28109485454199,594,10.2413793103448,84.8571428571429,0.551724137931034,37,58,0.637931034482759,4,1,131,52,246,357.5,519,107.5,223,23,"P5"
"245","Texas A&M","fbs","SEC",2022,4685157,"Blake Smith",2,1,11,2,-1.29478088357387,-0.647390441786937,-1.29478088357387,1,0.5,1,0,2,2,1,0,0,NA,NA,NA,NA,NA,NA,NA,NA,"P5"
"245","Texas A&M","fbs","SEC",2022,4685470,"Le'Veon Moss",2,2,11,1,-1.02308036318224,-0.51154018159112,-0.51154018159112,8,4,4,0.5,1,2,0.5,0,0,NA,NA,NA,NA,NA,NA,NA,NA,"P5"
"245","Texas A&M","fbs","SEC",2022,4685565,"Evan Stewart",69,9,11,7.66666666666667,15.1575420614359,0.219674522629506,1.68417134015954,570,8.26086956521739,63.3333333333333,0.478260869565217,47,69,0.681159420289855,1,1,373,377,489,476,477,117.5,392,93,"P5"
"245","Texas A&M","fbs","SEC",2022,4685740,"Max Johnson",2,2,11,1,6.62536287349819,3.3126814367491,3.3126814367491,35,17.5,17.5,1,2,2,1,2,0,NA,NA,NA,NA,NA,NA,NA,NA,"P5"
"245","Texas A&M","fbs","SEC",2022,4692666,"Earnest Crownover",1,1,11,1,-2.28909293075597,-2.28909293075597,-2.28909293075597,25,25,25,0,1,1,1,0,1,NA,NA,NA,NA,NA,NA,NA,NA,"P5"
"245","Texas A&M","fbs","SEC",2022,4717430,"Chris Marshall",7,2,11,3.5,5.00166374925977,0.714523392751396,2.50083187462989,67,9.57142857142857,33.5,0.714285714285714,7,7,1,0,0,NA,NA,NA,NA,NA,NA,NA,NA,"P5"
"245","Texas A&M","fbs","SEC",2022,4718457,"Noah Thomas",6,4,11,1.5,6.24999806283099,1.04166634380517,1.56249951570775,51,8.5,12.75,0.666666666666667,5,6,0.833333333333333,2,0,NA,NA,NA,NA,NA,NA,NA,NA,"P5"
"245","Texas A&M","fbs","SEC",2022,4870960,"Lebbeus Overton",1,1,11,1,-1.00362584984052,-1.00362584984052,-1.00362584984052,0,0,0,0,0,1,0,0,0,NA,NA,NA,NA,NA,NA,NA,NA,"P5"
"245","Texas A&M","fbs","SEC",2022,4879611,"Amari Daniels",2,2,11,1,-1.71104726354781,-0.855523631773905,-0.855523631773905,1,0.5,0.5,0,2,2,1,0,0,NA,NA,NA,NA,NA,NA,NA,NA,"P5"
"245","Texas A&M","fbs","SEC",2022,5086240,"Donovan Green",28,9,11,3.11111111111111,13.6883466269411,0.488869522390752,1.52092740299345,235,8.39285714285714,26.1111111111111,0.678571428571429,23,28,0.821428571428571,2,2,403,403,329,105,215.5,450,377,464,"P5"
"2459","Northern Illinois","fbs","Mid-American",2022,4258575,"Liam Soraghan",14,7,11,2,3.88266718553565,0.277333370395404,0.554666740790807,80,5.71428571428571,11.4285714285714,0.357142857142857,10,14,0.714285714285714,2,0,NA,NA,NA,NA,NA,NA,NA,NA,"G5"
"2459","Northern Illinois","fbs","Mid-American",2022,4258577,"Cole Tucker",63,10,11,6.3,37.4002773373879,0.593655195831553,3.74002773373879,565,8.96825396825397,56.5,0.555555555555556,41,63,0.650793650793651,4,0,128,135,271,348.5,512,125,321,137.5,"G5"
"2459","Northern Illinois","fbs","Mid-American",2022,4374272,"Shemar Thornton",45,8,11,5.625,2.93154081330946,0.065145351406877,0.366442601663683,251,5.57777777777778,31.375,0.488888888888889,25,45,0.555555555555556,0,0,526,528,538,455,569,420,554,393,"G5"
"2459","Northern Illinois","fbs","Mid-American",2022,4428643,"Tristen Tewes",19,5,11,3.8,6.32219590248441,0.332747152762338,1.26443918049688,146,7.68421052631579,29.2,0.578947368421053,14,19,0.736842105263158,2,0,NA,NA,NA,NA,NA,NA,NA,NA,"G5"
"2459","Northern Illinois","fbs","Mid-American",2022,4428699,"Messiah Travis",12,3,11,4,6.96524981310915,0.580437484425763,2.32174993770305,81,6.75,27,0.75,9,12,0.75,1,0,NA,NA,NA,NA,NA,NA,NA,NA,"G5"
"2459","Northern Illinois","fbs","Mid-American",2022,4430105,"Fabian Mccray",23,6,11,3.83333333333333,10.3604776535814,0.450455550155711,1.72674627559689,174,7.56521739130435,29,0.478260869565217,13,23,0.565217391304348,0,0,448,368,360,476,565,532,457,423,"G5"
"2459","Northern Illinois","fbs","Mid-American",2022,4571896,"Kacper Rutkiewicz",33,10,11,3.3,36.604986694213,1.10924202103676,3.6604986694213,407,12.3333333333333,40.7,0.666666666666667,25,33,0.757575757575758,6,0,133,145,36,123.5,342.5,234,74,267,"G5"
"2459","Northern Illinois","fbs","Mid-American",2022,4576294,"Harrison Waylee",20,7,11,2.85714285714286,-1.88767667400942,-0.094383833700471,-0.26966809628706,115,5.75,16.4285714285714,0.45,15,20,0.75,0,0,NA,NA,NA,NA,NA,NA,NA,NA,"G5"
"2459","Northern Illinois","fbs","Mid-American",2022,4686817,"Drew Cassens",3,1,11,3,4.82134173547419,1.60711391182473,4.82134173547419,19,6.33333333333333,19,0.666666666666667,3,3,1,1,0,NA,NA,NA,NA,NA,NA,NA,NA,"G5"
"2459","Northern Illinois","fbs","Mid-American",2022,4686820,"Billy Dozier",5,3,11,1.66666666666667,-4.57186895455325,-0.914373790910649,-1.52395631818442,6,1.2,2,0,3,5,0.6,0,0,NA,NA,NA,NA,NA,NA,NA,NA,"G5"
"2459","Northern Illinois","fbs","Mid-American",2022,4687413,"Antario Brown",1,1,11,1,0.473844027573074,0.473844027573074,0.473844027573074,7,7,7,1,1,1,1,0,0,NA,NA,NA,NA,NA,NA,NA,NA,"G5"
"2459","Northern Illinois","fbs","Mid-American",2022,4708238,"George Gumbs",7,1,11,7,2.13004992313884,0.304292846162691,2.13004992313884,31,4.42857142857143,31,0.428571428571429,3,7,0.428571428571429,0,0,NA,NA,NA,NA,NA,NA,NA,NA,"G5"
"2459","Northern Illinois","fbs","Mid-American",2022,4875755,"Mason Blakemore",5,3,11,1.66666666666667,5.18245052013292,1.03649010402658,1.72748350671097,39,7.8,13,0.4,3,5,0.6,0,0,NA,NA,NA,NA,NA,NA,NA,NA,"G5"
"2459","Northern Illinois","fbs","Mid-American",2022,4875767,"Brock Lampe",2,2,11,1,2.36627189871166,1.18313594935583,1.18313594935583,38,19,19,1,2,2,1,0,0,NA,NA,NA,NA,NA,NA,NA,NA,"G5"
"2459","Northern Illinois","fbs","Mid-American",2022,4917421,"Nevan Cremascoli",1,1,11,1,4.4891375401185,4.4891375401185,4.4891375401185,34,34,34,1,1,1,1,1,0,NA,NA,NA,NA,NA,NA,NA,NA,"G5"
"248","Houston","fbs","American Athletic",2022,4360175,"Clayton Tune",3,2,12,1.5,8.28432141556926,2.76144047185642,4.14216070778463,36,12,18,1,3,3,1,3,0,NA,NA,NA,NA,NA,NA,NA,NA,"G5"
"248","Houston","fbs","American Athletic",2022,4360195,"Peyton Sawyer",7,5,12,1.4,14.4023834783464,2.05748335404949,2.88047669566928,104,14.8571428571429,20.8,0.714285714285714,6,7,0.857142857142857,1,0,NA,NA,NA,NA,NA,NA,NA,NA,"G5"
"248","Houston","fbs","American Athletic",2022,4360199,"Christian Trahan",30,10,12,3,12.4760591368284,0.415868637894279,1.24760591368284,237,7.9,23.7,0.533333333333333,23,30,0.766666666666667,3,0,425,440,380,393.5,322.5,443,430,495,"G5"
"248","Houston","fbs","American Athletic",2022,4360200,"Kelan Walker",2,2,12,1,-1.59568387155776,-0.797841935778879,-0.797841935778879,-3,-1.5,-1.5,0,2,2,1,0,0,NA,NA,NA,NA,NA,NA,NA,NA,"G5"
"248","Houston","fbs","American Athletic",2022,4362161,"Ta'Zhawn Henry",20,6,12,3.33333333333333,5.88709624558425,0.294354812279213,0.981182707597375,201,10.05,33.5,0.65,20,20,1,1,1,NA,NA,NA,NA,NA,NA,NA,NA,"G5"
"248","Houston","fbs","American Athletic",2022,4362184,"KeSean Carter",37,10,12,3.7,41.355356894667,1.11771234850451,4.1355356894667,487,13.1621621621622,48.7,0.783783783783784,32,37,0.864864864864865,4,0,92,94,34,18,132,171,47,196,"G5"
"248","Houston","fbs","American Athletic",2022,4366031,"Nathaniel Dell",109,12,12,9.08333333333333,108.887444192246,0.998967377910515,9.07395368268718,1310,12.0183486238532,109.166666666667,0.73394495412844,99,109,0.908256880733945,13,2,1,1,61,44,59,1,90,1,"G5"
"248","Houston","fbs","American Athletic",2022,4432551,"Stacy Sneed",21,9,12,2.33333333333333,3.05079794662044,0.145276092696212,0.338977549624494,131,6.23809523809524,14.5555555555556,0.523809523809524,21,21,1,0,1,NA,NA,NA,NA,NA,NA,NA,NA,"G5"
"248","Houston","fbs","American Athletic",2022,4433965,"Brandon Campbell",16,7,12,2.28571428571429,-1.1634246066939,-0.0727140379183686,-0.166203515241985,80,5,11.4285714285714,0.3125,15,16,0.9375,0,0,NA,NA,NA,NA,NA,NA,NA,NA,"G5"
"248","Houston","fbs","American Athletic",2022,4587977,"Sam Brown",48,7,12,6.85714285714286,43.6393417916101,0.909152953991876,6.23419168451572,451,9.39583333333333,64.4285714285714,0.729166666666667,40,48,0.833333333333333,4,0,77,24,94,48.5,194,198,281,83,"G5"
"248","Houston","fbs","American Athletic",2022,4612345,"Khiyon Wafer",1,1,12,1,0.318589301248907,0.318589301248907,0.318589301248907,6,6,6,1,1,1,1,0,0,NA,NA,NA,NA,NA,NA,NA,NA,"G5"
"248","Houston","fbs","American Athletic",2022,4683227,"Joseph Manjack",9,3,12,3,8.37016343484365,0.930018159427072,2.79005447828122,93,10.3333333333333,31,0.777777777777778,9,9,1,0,0,NA,NA,NA,NA,NA,NA,NA,NA,"G5"
"248","Houston","fbs","American Athletic",2022,4701936,"Matthew Golden",43,10,12,4.3,42.7674829945849,0.994592627781044,4.27674829945849,538,12.5116279069767,53.8,0.674418604651163,34,43,0.790697674418605,6,0,80,90,63,114,280.5,139,66,161,"G5"
"248","Houston","fbs","American Athletic",2022,4872961,"Matt Byrnes",3,2,12,1.5,2.38430060571526,0.794766868571754,1.19215030285763,37,12.3333333333333,18.5,0.666666666666667,3,3,1,1,0,NA,NA,NA,NA,NA,NA,NA,NA,"G5"
"248","Houston","fbs","American Athletic",2022,5089182,"CJ Nelson",2,1,12,2,-0.78570096568386,-0.39285048284193,-0.78570096568386,7,3.5,7,0,2,2,1,0,0,NA,NA,NA,NA,NA,NA,NA,NA,"G5"
"2483","Oregon","fbs","Pac-12",2022,4038961,"Cam McCormick",5,4,11,1.25,1.35178537918745,0.27035707583749,0.337946344796862,33,6.6,8.25,0.6,5,5,1,0,0,NA,NA,NA,NA,NA,NA,NA,NA,"P5"
"2483","Oregon","fbs","Pac-12",2022,4367186,"Chase Cota",33,8,11,4.125,23.233989203565,0.704060278895908,2.90424865044562,454,13.7575757575758,56.75,0.696969696969697,32,33,0.96969696969697,2,0,267,220,193,82,13,195.5,32,135,"P5"
"2483","Oregon","fbs","Pac-12",2022,4426338,"Bo Nix",12,6,11,2,36.7723430256986,3.06436191880822,6.12872383761644,198,16.5,33,1,12,12,1,11,0,NA,NA,NA,NA,NA,NA,NA,NA,"P5"
"2483","Oregon","fbs","Pac-12",2022,4426428,"Sean Dollars",16,7,11,2.28571428571429,6.30870580711295,0.39429411294456,0.901243686730422,104,6.5,14.8571428571429,0.5625,15,16,0.9375,0,0,NA,NA,NA,NA,NA,NA,NA,NA,"P5"
"2483","Oregon","fbs","Pac-12",2022,4429811,"Patrick Herbert",5,4,11,1.25,4.67631173454483,0.935262346908967,1.16907793363621,88,17.6,22,0.8,5,5,1,1,0,NA,NA,NA,NA,NA,NA,NA,NA,"P5"
"2483","Oregon","fbs","Pac-12",2022,4429967,"Kris Hutson",44,10,11,4.4,20.6366844547398,0.469015555789542,2.06366844547398,453,10.2954545454545,45.3,0.613636363636364,40,44,0.909090909090909,0,1,297,330,341,204,56.5,197,218,225,"P5"
"2483","Oregon","fbs","Pac-12",2022,4431280,"Troy Franklin",48,11,11,4.36363636363636,39.5385040961522,0.823718835336503,3.59440946328656,712,14.8333333333333,64.7272727272727,0.708333333333333,42,48,0.875,3,0,107,154,128,71.5,110.5,64.5,22,80.5,"P5"
"2483","Oregon","fbs","Pac-12",2022,4432631,"Noah Whittington",17,7,11,2.42857142857143,6.18241983919116,0.363671755246539,0.883202834170166,123,7.23529411764706,17.5714285714286,0.647058823529412,16,17,0.941176470588235,1,0,NA,NA,NA,NA,NA,NA,NA,NA,"P5"
"2483","Oregon","fbs","Pac-12",2022,4432731,"Moliki Matavao",10,6,11,1.66666666666667,11.8835583161565,1.18835583161565,1.98059305269274,118,11.8,19.6666666666667,0.9,9,10,0.9,1,0,NA,NA,NA,NA,NA,NA,NA,NA,"P5"
"2483","Oregon","fbs","Pac-12",2022,4432775,"Dont'E Thornton",17,7,11,2.42857142857143,12.6385631928421,0.743444893696595,1.80550902754887,306,18,43.7142857142857,0.647058823529412,13,17,0.764705882352941,1,1,NA,NA,NA,NA,NA,NA,NA,NA,"P5"
"2483","Oregon","fbs","Pac-12",2022,4433968,"Byron Cardwell",2,1,11,2,-0.0832880451862823,-0.0416440225931412,-0.0832880451862823,8,4,8,0.5,2,2,1,0,0,NA,NA,NA,NA,NA,NA,NA,NA,"P5"
"2483","Oregon","fbs","Pac-12",2022,4433973,"Seven Mcgee",10,5,11,2,-2.10334838442631,-0.210334838442631,-0.420669676885262,63,6.3,12.6,0.5,9,10,0.9,0,0,NA,NA,NA,NA,NA,NA,NA,NA,"P5"
"2483","Oregon","fbs","Pac-12",2022,4570037,"Terrance Ferguson",25,10,11,2.5,9.496373734571,0.37985494938284,0.9496373734571,248,9.92,24.8,0.6,22,25,0.88,1,0,457,468,401,238,102.5,424.5,241,483,"P5"
"2483","Oregon","fbs","Pac-12",2022,4596448,"Mar'Keise Irving",2,1,11,2,3.05678306494773,1.52839153247387,3.05678306494773,20,10,20,0.5,2,2,1,0,0,NA,NA,NA,NA,NA,NA,NA,NA,"P5"
"2483","Oregon","fbs","Pac-12",2022,4685326,"Josh Conerly Jr.",1,1,11,1,1.09681557637825,1.09681557637825,1.09681557637825,4,4,4,1,1,1,1,1,0,NA,NA,NA,NA,NA,NA,NA,NA,"P5"
"2483","Oregon","fbs","Pac-12",2022,4685397,"Jordan James",1,1,11,1,-0.965729311221632,-0.965729311221632,-0.965729311221632,6,6,6,0,1,1,1,0,0,NA,NA,NA,NA,NA,NA,NA,NA,"P5"
"2483","Oregon","fbs","Pac-12",2022,4870876,"Kyler Kasper",1,1,11,1,0.950118718425622,0.950118718425622,0.950118718425622,4,4,4,1,1,1,1,0,0,NA,NA,NA,NA,NA,NA,NA,NA,"P5"
"249","North Texas","fbs","Conference USA",2022,4360930,"Jyaire Shorter",37,11,12,3.36363636363636,37.6537373686568,1.01766857753126,3.42306703351425,566,15.2972972972973,51.4545454545455,0.540540540540541,20,37,0.540540540540541,9,0,123,169,54,385.5,577,122,16,177.5,"G5"
"249","North Texas","fbs","Conference USA",2022,4362484,"Bryson Jackson",1,1,12,1,0.387064196723417,0.387064196723417,0.387064196723417,8,8,8,1,1,1,1,0,0,NA,NA,NA,NA,NA,NA,NA,NA,"G5"
"249","North Texas","fbs","Conference USA",2022,4374391,"Roderic Burns",47,11,12,4.27272727272727,30.3651537871692,0.646067101854665,2.76046852610629,580,12.3404255319149,52.7272727272727,0.617021276595745,36,47,0.765957446808511,0,1,191,238,236,196,324.5,111,73,170,"G5"
"249","North Texas","fbs","Conference USA",2022,4379395,"Tommy Bush",3,3,12,1,7.21275492703586,2.40425164234529,2.40425164234529,34,11.3333333333333,11.3333333333333,1,3,3,1,1,0,NA,NA,NA,NA,NA,NA,NA,NA,"G5"
"249","North Texas","fbs","Conference USA",2022,4427630,"Oscar Adaway III",4,4,12,1,2.54128455792556,0.635321139481389,0.635321139481389,22,5.5,5.5,0.5,4,4,1,0,0,NA,NA,NA,NA,NA,NA,NA,NA,"G5"
"249","North Texas","fbs","Conference USA",2022,4427751,"Asher Alberding",1,1,12,1,-0.552222126763286,-0.552222126763286,-0.552222126763286,0,0,0,0,0,1,0,0,0,NA,NA,NA,NA,NA,NA,NA,NA,"G5"
"249","North Texas","fbs","Conference USA",2022,4428784,"Damon Ward Jr.",28,8,12,3.5,21.4937187067335,0.767632810954768,2.68671483834169,280,10,35,0.678571428571429,20,28,0.714285714285714,3,0,285,251,159,105,421.5,381.5,235,337,"G5"
"249","North Texas","fbs","Conference USA",2022,4430270,"Jay Maclin",14,7,12,2,22.8832778127858,1.63451984377041,3.26903968754083,300,21.4285714285714,42.8571428571429,0.714285714285714,13,14,0.928571428571429,1,0,NA,NA,NA,NA,NA,NA,NA,NA,"G5"
"249","North Texas","fbs","Conference USA",2022,4430666,"Ikaika Ragsdale",18,7,12,2.57142857142857,2.99779066097226,0.16654392560957,0.428255808710323,110,6.11111111111111,15.7142857142857,0.555555555555556,16,18,0.888888888888889,3,0,NA,NA,NA,NA,NA,NA,NA,NA,"G5"
"249","North Texas","fbs","Conference USA",2022,4432531,"Jake Roberts",25,11,12,2.27272727272727,30.2042273014158,1.20816909205663,2.74583884558325,326,13.04,29.6363636363636,0.72,21,25,0.84,2,0,193,242,25,60.5,181,329.5,49,414,"G5"
"249","North Texas","fbs","Conference USA",2022,4583089,"Var'Keyes Gumms",35,10,12,3.5,25.3582336446822,0.724520961276634,2.53582336446822,343,9.8,34.3,0.657142857142857,27,35,0.771428571428571,3,0,240,269,181,133.5,315,309,249,351.5,"G5"
"249","North Texas","fbs","Conference USA",2022,4583940,"Kaylon Horton",15,8,12,1.875,4.20626771479133,0.280417847652756,0.525783464348917,131,8.73333333333333,16.375,0.4,10,15,0.666666666666667,1,0,NA,NA,NA,NA,NA,NA,NA,NA,"G5"
"249","North Texas","fbs","Conference USA",2022,4683045,"Zhighlil Mcmillan",1,1,12,1,0.427589099780491,0.427589099780491,0.427589099780491,16,16,16,1,1,1,1,0,0,NA,NA,NA,NA,NA,NA,NA,NA,"G5"
"249","North Texas","fbs","Conference USA",2022,4686606,"Isaiah Johnson",8,6,12,1.33333333333333,9.67775844625832,1.20971980578229,1.61295974104305,44,5.5,7.33333333333333,0.75,8,8,1,2,0,NA,NA,NA,NA,NA,NA,NA,NA,"G5"
"249","North Texas","fbs","Conference USA",2022,4875861,"Ayo Adeyi",2,2,12,1,1.09731319976775,0.548656599883876,0.548656599883876,12,6,6,0.5,2,2,1,0,0,NA,NA,NA,NA,NA,NA,NA,NA,"G5"
"249","North Texas","fbs","Conference USA",2022,4891852,"Jordan Smart",19,8,12,2.375,15.4172319891686,0.811433262587819,1.92715399864607,237,12.4736842105263,29.625,0.684210526315789,18,19,0.947368421052632,1,0,NA,NA,NA,NA,NA,NA,NA,NA,"G5"
"25","California","fbs","Pac-12",2022,4372742,"Monroe Young",25,9,11,2.77777777777778,11.6146548792813,0.464586195171253,1.29051720880904,185,7.4,20.5555555555556,0.6,21,25,0.84,3,0,436,435,350,238,181,515.5,472,532.5,"P5"
"25","California","fbs","Pac-12",2022,4428035,"Elijah Mojarro",8,5,11,1.6,1.76989017538405,0.221236271923006,0.353978035076809,68,8.5,13.6,0.375,7,8,0.875,0,0,NA,NA,NA,NA,NA,NA,NA,NA,"P5"
"25","California","fbs","Pac-12",2022,4429316,"DeCarlos Brooks",9,5,11,1.8,-4.70722002136322,-0.523024446818136,-0.941444004272644,15,1.66666666666667,3,0.111111111111111,6,9,0.666666666666667,0,0,NA,NA,NA,NA,NA,NA,NA,NA,"P5"
"25","California","fbs","Pac-12",2022,4429963,"Jeremiah Hunter",65,10,11,6.5,64.6390969999143,0.994447646152528,6.46390969999143,891,13.7076923076923,89.1,0.738461538461539,54,65,0.830769230769231,4,1,27,17,64,41,200,22,34,13,"P5"
"25","California","fbs","Pac-12",2022,4430220,"Tommy Christakos",3,2,11,1.5,-0.280690970767101,-0.0935636569223671,-0.140345485383551,26,8.66666666666667,13,0.333333333333333,3,3,1,0,0,NA,NA,NA,NA,NA,NA,NA,NA,"P5"
"25","California","fbs","Pac-12",2022,4430921,"Justin Richard Baker",1,1,11,1,6.00393582889806,6.00393582889806,6.00393582889806,55,55,55,1,1,1,1,1,0,NA,NA,NA,NA,NA,NA,NA,NA,"P5"
"25","California","fbs","Pac-12",2022,4431497,"Mavin Anderson",43,9,11,4.77777777777778,28.080683380697,0.653039148388302,3.12007593118856,368,8.55813953488372,40.8888888888889,0.511627906976744,35,43,0.813953488372093,2,0,217,196,229,434,228.5,284.5,363,265,"P5"
"25","California","fbs","Pac-12",2022,4432372,"Mason Mangum",1,1,11,1,0.996416742804239,0.996416742804239,0.996416742804239,31,31,31,1,1,1,1,0,0,NA,NA,NA,NA,NA,NA,NA,NA,"P5"
"25","California","fbs","Pac-12",2022,4432772,"Jermaine Terry II",6,5,11,1.2,-1.20334322328065,-0.200557203880108,-0.24066864465613,41,6.83333333333333,8.2,0.5,6,6,1,0,0,NA,NA,NA,NA,NA,NA,NA,NA,"P5"
"25","California","fbs","Pac-12",2022,4565770,"Damien Moore",4,4,11,1,2.27903153187517,0.569757882968791,0.569757882968791,24,6,6,0.75,4,4,1,0,0,NA,NA,NA,NA,NA,NA,NA,NA,"P5"
"25","California","fbs","Pac-12",2022,4635009,"J.Michael Sturdivant",81,11,11,7.36363636363636,44.2153675908049,0.54586873568895,4.01957887189136,700,8.64197530864197,63.6363636363636,0.481481481481481,61,81,0.753086419753086,7,0,73,103,297,467,355,68,357,90,"P5"
"25","California","fbs","Pac-12",2022,4685489,"Jadyn Ott",49,11,11,4.45454545454545,23.2666659223693,0.474829916783047,2.11515144748812,322,6.57142857142857,29.2727272727273,0.489795918367347,44,49,0.897959183673469,2,1,266,325,337,453.5,76,334.5,519,416,"P5"
"25","California","fbs","Pac-12",2022,4688552,"Keleki Latu",20,7,11,2.85714285714286,7.77824162984097,0.388912081492048,1.11117737569157,193,9.65,27.5714285714286,0.55,16,20,0.8,1,1,NA,NA,NA,NA,NA,NA,NA,NA,"P5"
"25","California","fbs","Pac-12",2022,5082652,"Mason Starling",8,2,11,4,5.42696067801486,0.678370084751858,2.71348033900743,70,8.75,35,0.875,7,8,0.875,0,0,NA,NA,NA,NA,NA,NA,NA,NA,"P5"
"2509","Purdue","fbs","Big Ten",2022,4242974,"Austin Burton",1,1,12,1,4.49820176614051,4.49820176614051,4.49820176614051,12,12,12,1,1,1,1,1,0,NA,NA,NA,NA,NA,NA,NA,NA,"P5"
"2509","Purdue","fbs","Big Ten",2022,4257188,"Charlie Jones",122,12,12,10.1666666666667,79.1418925952145,0.648704037665692,6.59515771626787,1187,9.72950819672131,98.9166666666667,0.598360655737705,97,122,0.795081967213115,8,0,4,13,234,243,269,2,254,4,"P5"
"2509","Purdue","fbs","Big Ten",2022,4360516,"Tyrone Tracy Jr.",17,8,12,2.125,3.69069263554244,0.217099566796614,0.461336579442805,124,7.29411764705882,15.5,0.470588235294118,15,17,0.882352941176471,0,0,NA,NA,NA,NA,NA,NA,NA,NA,"P5"
"2509","Purdue","fbs","Big Ten",2022,4362569,"Kobe Lewis",7,5,12,1.4,0.0724821917698555,0.0103545988242651,0.0144964383539711,56,8,11.2,0.571428571428571,7,7,1,0,0,NA,NA,NA,NA,NA,NA,NA,NA,"P5"
"2509","Purdue","fbs","Big Ten",2022,4372505,"Payne Durham",59,11,12,5.36363636363636,28.5721794254215,0.484274227549516,2.5974708568565,443,7.50847457627119,40.2727272727273,0.542372881355932,45,59,0.76271186440678,6,0,210,257,332,379,328,206,459,276,"P5"
"2509","Purdue","fbs","Big Ten",2022,4428244,"Paul Piferi",6,6,12,1,8.64683986148912,1.44113997691485,1.44113997691485,98,16.3333333333333,16.3333333333333,0.833333333333333,6,6,1,0,0,NA,NA,NA,NA,NA,NA,NA,NA,"P5"
"2509","Purdue","fbs","Big Ten",2022,4428337,"Mershawn Rice",31,8,12,3.875,10.577008681967,0.34119382845055,1.32212608524588,273,8.80645161290323,34.125,0.580645161290323,21,31,0.67741935483871,1,0,445,429,431,293,485,388,339,356,"P5"
"2509","Purdue","fbs","Big Ten",2022,4428651,"Broc Thompson",5,1,12,5,1.63527501394246,0.327055002788492,1.63527501394246,28,5.6,28,0.4,3,5,0.6,0,0,NA,NA,NA,NA,NA,NA,NA,NA,"P5"
"2509","Purdue","fbs","Big Ten",2022,4429527,"King Doerue",5,3,12,1.66666666666667,1.40447961126751,0.280895922253502,0.468159870422503,50,10,16.6666666666667,0.6,5,5,1,0,0,NA,NA,NA,NA,NA,NA,NA,NA,"P5"
"2509","Purdue","fbs","Big Ten",2022,4430470,"TJ Sheffield",51,11,12,4.63636363636364,34.7861246000603,0.682080874510985,3.16237496364184,424,8.31372549019608,38.5454545454545,0.607843137254902,38,51,0.745098039215686,3,0,150,190,211,213.5,377.5,220.5,385,296.5,"P5"
"2509","Purdue","fbs","Big Ten",2022,4431398,"Dylan Downing",13,8,12,1.625,3.15793929422812,0.242918407248317,0.394742411778514,85,6.53846153846154,10.625,0.538461538461538,11,13,0.846153846153846,0,0,NA,NA,NA,NA,NA,NA,NA,NA,"P5"
"2509","Purdue","fbs","Big Ten",2022,4433940,"Abdur-Rahmaan Yaseen",2,2,12,1,0.980049124317189,0.490024562158595,0.490024562158595,13,6.5,6.5,0.5,2,2,1,0,0,NA,NA,NA,NA,NA,NA,NA,NA,"P5"
"2509","Purdue","fbs","Big Ten",2022,4683151,"Deion Burks",16,6,12,2.66666666666667,0.331756781904434,0.0207347988690271,0.0552927969840723,122,7.625,20.3333333333333,0.3125,13,16,0.8125,0,0,NA,NA,NA,NA,NA,NA,NA,NA,"P5"
"2509","Purdue","fbs","Big Ten",2022,4686065,"Devin Mockobee",32,9,12,3.55555555555556,10.1149228889038,0.316091340278244,1.12388032098931,240,7.5,26.6666666666667,0.625,26,32,0.8125,0,0,449,452,444,187.5,231.5,437.5,460.5,458.5,"P5"
"2509","Purdue","fbs","Big Ten",2022,4693184,"Andrew Sowinski",11,6,12,1.83333333333333,10.0452904074648,0.913208218860432,1.67421506791079,96,8.72727272727273,16,0.818181818181818,9,11,0.818181818181818,0,0,NA,NA,NA,NA,NA,NA,NA,NA,"P5"
"2509","Purdue","fbs","Big Ten",2022,4693187,"Ben Furtney",1,1,12,1,1.87660210090705,1.87660210090705,1.87660210090705,20,20,20,1,1,1,1,0,0,NA,NA,NA,NA,NA,NA,NA,NA,"P5"
"251","Texas","fbs","Big 12",2022,4259197,"Tarique Milton",4,2,12,2,0.923106117073594,0.230776529268398,0.461553058536797,40,10,20,0.5,2,4,0.5,0,0,NA,NA,NA,NA,NA,NA,NA,NA,"P5"
"251","Texas","fbs","Big 12",2022,4364649,"Gabe Sulser",2,1,12,2,1.25352604397073,0.626763021985364,1.25352604397073,10,5,10,0.5,2,2,1,0,0,NA,NA,NA,NA,NA,NA,NA,NA,"P5"
"251","Texas","fbs","Big 12",2022,4426386,"Roschon Johnson",20,7,12,2.85714285714286,-10.1004106065114,-0.505020530325571,-1.4429158009302,128,6.4,18.2857142857143,0.35,13,20,0.65,1,0,NA,NA,NA,NA,NA,NA,NA,NA,"P5"
"251","Texas","fbs","Big 12",2022,4430807,"Bijan Robinson",30,10,12,3,7.93118339882889,0.264372779960963,0.793118339882889,314,10.4666666666667,31.4,0.5,19,30,0.633333333333333,2,0,477,489,468,445.5,528,341.5,203,391,"P5"
"251","Texas","fbs","Big 12",2022,4430827,"Troy Omeire",1,1,12,1,0.739742475437087,0.739742475437087,0.739742475437087,9,9,9,1,1,1,1,0,0,NA,NA,NA,NA,NA,NA,NA,NA,"P5"
"251","Texas","fbs","Big 12",2022,4431588,"Ja'Tavion Sanders",58,11,12,5.27272727272727,30.1580118424694,0.519965721421886,2.74163744022449,529,9.12068965517241,48.0909090909091,0.655172413793103,45,58,0.775862068965517,3,0,194,243,311,136.5,303,143,307,202,"P5"
"251","Texas","fbs","Big 12",2022,4567095,"Keilan Robinson",16,9,12,1.77777777777778,11.3393074206027,0.708706713787666,1.25992304673363,164,10.25,18.2222222222222,0.625,13,16,0.8125,2,0,NA,NA,NA,NA,NA,NA,NA,NA,"P5"
"251","Texas","fbs","Big 12",2022,4567105,"Jahleel Billingsley",6,2,12,3,-0.140013832802345,-0.0233356388003908,-0.0700069164011723,38,6.33333333333333,19,0.5,3,6,0.5,0,0,NA,NA,NA,NA,NA,NA,NA,NA,"P5"
"251","Texas","fbs","Big 12",2022,4567774,"Agiye Hall",1,1,12,1,0.361109854006867,0.361109854006867,0.361109854006867,7,7,7,1,1,1,1,0,0,NA,NA,NA,NA,NA,NA,NA,NA,"P5"
"251","Texas","fbs","Big 12",2022,4569382,"Jordan Whittington",68,12,12,5.66666666666667,20.1890031213255,0.296897104725376,1.68241692677713,603,8.86764705882353,50.25,0.573529411764706,44,68,0.647058823529412,0,1,303,378,457,308,515.5,101,332,186,"P5"
"251","Texas","fbs","Big 12",2022,4603190,"Casey Cain",4,4,12,1,6.38317052502016,1.59579263125504,1.59579263125504,93,23.25,23.25,1,4,4,1,0,0,NA,NA,NA,NA,NA,NA,NA,NA,"P5"
"251","Texas","fbs","Big 12",2022,4683062,"Xavier Worthy",91,12,12,7.58333333333333,12.7660301582434,0.140286045694982,1.06383584652028,657,7.21978021978022,54.75,0.43956043956044,51,91,0.56043956043956,7,1,415,457,521,520,566,82,489,153,"P5"
"251","Texas","fbs","Big 12",2022,4685410,"Austin Jordan",1,1,12,1,-0.675136479495861,-0.675136479495861,-0.675136479495861,0,0,0,0,0,1,0,0,0,NA,NA,NA,NA,NA,NA,NA,NA,"P5"
"251","Texas","fbs","Big 12",2022,4685553,"Brenen Thompson",1,1,12,1,1.9399010345487,1.9399010345487,1.9399010345487,32,32,32,1,1,1,1,0,0,NA,NA,NA,NA,NA,NA,NA,NA,"P5"
"251","Texas","fbs","Big 12",2022,4686728,"Gunnar Helm",4,3,12,1.33333333333333,1.77959774888031,0.444899437220077,0.59319924962677,25,6.25,8.33333333333333,0.5,4,4,1,0,0,NA,NA,NA,NA,NA,NA,NA,NA,"P5"
"251","Texas","fbs","Big 12",2022,4690811,"Savion Red",6,3,12,2,-0.329610067014442,-0.0549350111690737,-0.109870022338147,33,5.5,11,0.5,5,6,0.833333333333333,0,0,NA,NA,NA,NA,NA,NA,NA,NA,"P5"
"251","Texas","fbs","Big 12",2022,4889929,"Quinn Ewers",6,2,12,3,16.4980648552286,2.74967747587144,8.24903242761432,87,14.5,43.5,1,6,6,1,6,0,NA,NA,NA,NA,NA,NA,NA,NA,"P5"
"252","BYU","fbs","FBS Independents",2022,3149687,"Christopher Brooks",9,4,11,2.25,0.00543872380228771,0.000604302644698635,0.00135968095057193,45,5,11.25,0.333333333333333,7,9,0.777777777777778,0,0,NA,NA,NA,NA,NA,NA,NA,NA,"G5"
"252","BYU","fbs","FBS Independents",2022,4373628,"Brayden Cosper",32,10,11,3.2,18.96898864954,0.592780895298125,1.896898864954,285,8.90625,28.5,0.65625,24,32,0.75,1,0,317,353,272,135,365,372.5,327,436,"G5"
"252","BYU","fbs","FBS Independents",2022,4373632,"Jaren Hall",7,5,11,1.4,18.9570193002821,2.70814561432601,3.79140386005642,134,19.1428571428571,26.8,0.857142857142857,7,7,1,5,0,NA,NA,NA,NA,NA,NA,NA,NA,"G5"
"252","BYU","fbs","FBS Independents",2022,4373634,"Dallin Holker",9,3,11,3,6.24243340967178,0.693603712185754,2.08081113655726,86,9.55555555555556,28.6666666666667,0.777777777777778,9,9,1,1,0,NA,NA,NA,NA,NA,NA,NA,NA,"G5"
"252","BYU","fbs","FBS Independents",2022,4373637,"Lopini Katoa",11,6,11,1.83333333333333,5.79513906505106,0.526830824095551,0.965856510841844,80,7.27272727272727,13.3333333333333,0.636363636363636,10,11,0.909090909090909,0,0,NA,NA,NA,NA,NA,NA,NA,NA,"G5"
"252","BYU","fbs","FBS Independents",2022,4373644,"Gunner Romney",7,2,11,3.5,3.65124399421498,0.521606284887855,1.82562199710749,59,8.42857142857143,29.5,0.428571428571429,5,7,0.714285714285714,0,0,NA,NA,NA,NA,NA,NA,NA,NA,"G5"
"252","BYU","fbs","FBS Independents",2022,4426515,"Puka Nacua",52,7,11,7.42857142857143,42.2991978923603,0.813446113314622,6.04274255605148,572,11,81.7142857142857,0.653846153846154,43,52,0.826923076923077,5,1,85,32,130,139,208,115,149.5,34,"G5"
"252","BYU","fbs","FBS Independents",2022,4428765,"Masen Wake",11,4,11,2.75,-2.63066926294183,-0.23915175117653,-0.657667315735457,34,3.09090909090909,8.5,0.272727272727273,9,11,0.818181818181818,0,0,NA,NA,NA,NA,NA,NA,NA,NA,"G5"
"252","BYU","fbs","FBS Independents",2022,4431750,"Kody Epps",46,8,11,5.75,24.5766014062109,0.53427394361328,3.07207517577636,388,8.43478260869565,48.5,0.58695652173913,37,46,0.804347826086957,4,0,249,199,303,269.5,251.5,257.5,373,198,"G5"
"252","BYU","fbs","FBS Independents",2022,4569948,"Keanu Hill",28,10,11,2.8,25.0818932114951,0.895781900410539,2.50818932114951,392,14,39.2,0.642857142857143,25,28,0.892857142857143,4,1,244,272,101,157,82.5,249,29,287,"G5"
"252","BYU","fbs","FBS Independents",2022,4569951,"Isaac Rex",17,9,11,1.88888888888889,11.0414915599427,0.649499503526038,1.22683239554918,189,11.1176470588235,21,0.647058823529412,14,17,0.823529411764706,3,0,NA,NA,NA,NA,NA,NA,NA,NA,"G5"
"252","BYU","fbs","FBS Independents",2022,4595398,"Terence Fall",1,1,11,1,0.533309826259821,0.533309826259821,0.533309826259821,19,19,19,1,1,1,1,0,0,NA,NA,NA,NA,NA,NA,NA,NA,"G5"
"252","BYU","fbs","FBS Independents",2022,4608803,"Mason Fakahua",2,1,11,2,-1.6879997815378,-0.843999890768902,-1.6879997815378,0,0,0,0,0,2,0,0,0,NA,NA,NA,NA,NA,NA,NA,NA,"G5"
"252","BYU","fbs","FBS Independents",2022,4613105,"Miles Davis",6,3,11,2,-3.01911897729202,-0.503186496215337,-1.00637299243067,29,4.83333333333333,9.66666666666667,0.5,6,6,1,0,0,NA,NA,NA,NA,NA,NA,NA,NA,"G5"
"252","BYU","fbs","FBS Independents",2022,4687460,"Hobbs Nyberg",1,1,11,1,-1.0390110412062,-1.0390110412062,-1.0390110412062,0,0,0,0,0,1,0,0,0,NA,NA,NA,NA,NA,NA,NA,NA,"G5"
"252","BYU","fbs","FBS Independents",2022,4687463,"Hinckley Ropati",3,1,11,3,8.41140221963214,2.80380073987738,8.41140221963214,82,27.3333333333333,82,1,3,3,1,1,0,NA,NA,NA,NA,NA,NA,NA,NA,"G5"
"252","BYU","fbs","FBS Independents",2022,4714384,"Ethan Erickson",2,1,11,2,1.00923995167721,0.504619975838607,1.00923995167721,14,7,14,0.5,1,2,0.5,1,0,NA,NA,NA,NA,NA,NA,NA,NA,"G5"
"252","BYU","fbs","FBS Independents",2022,4714388,"Chase Roberts",31,6,11,5.16666666666667,12.821024824476,0.413581445950838,2.136837470746,271,8.74193548387097,45.1666666666667,0.580645161290323,19,31,0.612903225806452,2,0,412,322,383,293,540.5,391.5,348,227,"G5"
"254","Utah","fbs","Pac-12",2022,4243247,"Jaylen Dixon",27,10,12,2.7,10.7884172729466,0.399571010109134,1.07884172729466,251,9.2962962962963,25.1,0.592592592592593,24,27,0.888888888888889,2,1,443,455,391,256,88,420,288,482,"P5"
"254","Utah","fbs","Pac-12",2022,4360083,"Tavion Thomas",5,4,12,1.25,-0.776244772433809,-0.155248954486762,-0.194061193108452,25,5,6.25,0.2,5,5,1,0,0,NA,NA,NA,NA,NA,NA,NA,NA,"P5"
"254","Utah","fbs","Pac-12",2022,4361006,"Solomon Enis",14,7,12,2,7.25845191730221,0.518460851235872,1.03692170247174,101,7.21428571428571,14.4285714285714,0.428571428571429,12,14,0.857142857142857,1,0,NA,NA,NA,NA,NA,NA,NA,NA,"P5"
"254","Utah","fbs","Pac-12",2022,4361014,"Brant Kuithe",24,3,12,8,14.04335216749,0.585139673645418,4.68111738916335,184,7.66666666666667,61.3333333333333,0.541666666666667,16,24,0.666666666666667,2,0,397,75,277,382,499.5,518,447,109,"P5"
"254","Utah","fbs","Pac-12",2022,4361027,"Thomas Yassmin",11,7,12,1.57142857142857,15.5662231023229,1.41511119112026,2.2237461574747,271,24.6363636363636,38.7142857142857,0.727272727272727,11,11,1,4,1,NA,NA,NA,NA,NA,NA,NA,NA,"P5"
"254","Utah","fbs","Pac-12",2022,4362075,"Cameron Rising",1,1,12,1,0.663544203148775,0.663544203148775,0.663544203148775,9,9,9,1,1,1,1,0,0,NA,NA,NA,NA,NA,NA,NA,NA,"P5"
"254","Utah","fbs","Pac-12",2022,4367424,"Logan Kendall",4,4,12,1,1.41524266150909,0.353810665377272,0.353810665377272,29,7.25,7.25,0.75,4,4,1,1,0,NA,NA,NA,NA,NA,NA,NA,NA,"P5"
"254","Utah","fbs","Pac-12",2022,4385690,"Dalton Kincaid",72,11,12,6.54545454545455,59.2239213030381,0.822554462542196,5.38399284573074,783,10.875,71.1818181818182,0.722222222222222,63,72,0.875,6,0,35,46,129,56,110.5,40.5,159,60.5,"P5"
"254","Utah","fbs","Pac-12",2022,4426696,"Micah Bernard",36,10,12,3.6,-2.84846482852162,-0.0791240230144895,-0.284846482852162,266,7.38888888888889,26.6,0.5,28,36,0.777777777777778,1,1,570,566,567,445.5,299.5,400,475,460,"P5"
"254","Utah","fbs","Pac-12",2022,4430103,"Munir McClain",2,2,12,1,0.797404758751628,0.398702379375814,0.398702379375814,18,9,9,1,2,2,1,0,0,NA,NA,NA,NA,NA,NA,NA,NA,"P5"
"254","Utah","fbs","Pac-12",2022,4431309,"Money Parks",27,11,12,2.45454545454545,17.4353242126778,0.645752748617696,1.5850294738798,331,12.2592592592593,30.0909090909091,0.592592592592593,22,27,0.814814814814815,2,0,341,394,237,256,226.5,321,77,405,"P5"
"254","Utah","fbs","Pac-12",2022,4569559,"Devaughn Vele",56,11,12,5.09090909090909,41.6058624272491,0.742961829058019,3.78235112974992,557,9.94642857142857,50.6363636363636,0.714285714285714,48,56,0.857142857142857,5,1,91,130,169,63.5,147,129.5,239,182.5,"P5"
"254","Utah","fbs","Pac-12",2022,4602895,"Makai Cope",6,2,12,3,5.99711102163285,0.999518503605474,2.99855551081642,70,11.6666666666667,35,0.833333333333333,6,6,1,1,0,NA,NA,NA,NA,NA,NA,NA,NA,"P5"
"254","Utah","fbs","Pac-12",2022,4608869,"Taniela Pututau",2,1,12,2,0.404844653235539,0.202422326617769,0.404844653235539,17,8.5,17,0.5,2,2,1,0,0,NA,NA,NA,NA,NA,NA,NA,NA,"P5"
"254","Utah","fbs","Pac-12",2022,4808744,"Jaylon Glover",1,1,12,1,1.59843453265627,1.59843453265627,1.59843453265627,6,6,6,1,1,1,1,0,0,NA,NA,NA,NA,NA,NA,NA,NA,"P5"
"254","Utah","fbs","Pac-12",2022,4868300,"Nate Johnson",1,1,12,1,0.946937239893177,0.946937239893177,0.946937239893177,5,5,5,1,1,1,1,0,0,NA,NA,NA,NA,NA,NA,NA,NA,"P5"
"256","James Madison","fbs","Sun Belt",2022,4243276,"Todd Centeio",1,1,10,1,2.92081745436447,2.92081745436447,2.92081745436447,9,9,9,1,1,1,1,1,0,NA,NA,NA,NA,NA,NA,NA,NA,"G5"
"256","James Madison","fbs","Sun Belt",2022,4249315,"Kris Thornton",53,10,10,5.3,68.9516080687316,1.30097373714588,6.89516080687316,923,17.4150943396226,92.3,0.811320754716981,53,53,1,5,0,17,11,15,11,6.5,19,5,10,"G5"
"256","James Madison","fbs","Sun Belt",2022,4249583,"Percy Agyei-Obese",2,1,10,2,-0.212689416585821,-0.106344708292911,-0.212689416585821,11,5.5,11,0.5,2,2,1,0,0,NA,NA,NA,NA,NA,NA,NA,NA,"G5"
"256","James Madison","fbs","Sun Belt",2022,4251359,"Terrance Greene Jr.",19,8,10,2.375,32.2056605255352,1.69503476450185,4.0257075656919,378,19.8947368421053,47.25,0.842105263157895,19,19,1,2,0,172,101,3,8,6.5,272.5,1,210.5,"G5"
"256","James Madison","fbs","Sun Belt",2022,4366625,"Reggie Brown",24,6,10,4,34.0110396430525,1.41712665179385,5.66850660717542,401,16.7083333333333,66.8333333333333,0.875,24,24,1,4,0,159,40,8,4,6.5,241,7,74,"G5"
"256","James Madison","fbs","Sun Belt",2022,4366633,"Devin Ravenel",19,7,10,2.71428571428571,20.5202069205065,1.08001089055298,2.93145813150093,230,12.1052631578947,32.8571428571429,0.789473684210526,19,19,1,4,1,299,215,43,15,6.5,459.5,87,371,"G5"
"256","James Madison","fbs","Sun Belt",2022,4366640,"Solomon Vanhorse",6,2,10,3,9.67401455312504,1.61233575885417,4.83700727656252,86,14.3333333333333,43,0.833333333333333,6,6,1,1,0,NA,NA,NA,NA,NA,NA,NA,NA,"G5"
"256","James Madison","fbs","Sun Belt",2022,4366657,"Drew Painter",15,6,10,2.5,18.4911627818061,1.23274418545374,3.08186046363434,150,10,25,0.8,15,15,1,1,0,NA,NA,NA,NA,NA,NA,NA,NA,"G5"
"256","James Madison","fbs","Sun Belt",2022,4430286,"Latrele Palmer",5,4,10,1.25,0.364839203580864,0.0729678407161728,0.091209800895216,42,8.4,10.5,0.6,5,5,1,0,0,NA,NA,NA,NA,NA,NA,NA,NA,"G5"
"256","James Madison","fbs","Sun Belt",2022,4696044,"Kaelon Black",16,7,10,2.28571428571429,18.5462105965957,1.15913816228723,2.64945865665652,162,10.125,23.1428571428571,0.75,16,16,1,2,0,NA,NA,NA,NA,NA,NA,NA,NA,"G5"
"256","James Madison","fbs","Sun Belt",2022,4877824,"Zach Horton",12,6,10,2,8.05028102364475,0.670856751970396,1.34171350394079,142,11.8333333333333,23.6666666666667,0.75,12,12,1,1,0,NA,NA,NA,NA,NA,NA,NA,NA,"G5"
"256","James Madison","fbs","Sun Belt",2022,4912342,"Wayne Knight",4,4,10,1,3.56824963195479,0.892062407988697,0.892062407988697,49,12.25,12.25,0.5,4,4,1,0,0,NA,NA,NA,NA,NA,NA,NA,NA,"G5"
"2567","SMU","fbs","American Athletic",2022,4240676,"Beau Corrales",8,2,11,4,4.10559907526974,0.513199884408717,2.05279953763487,71,8.875,35.5,0.625,6,8,0.75,0,0,NA,NA,NA,NA,NA,NA,NA,NA,"G5"
"2567","SMU","fbs","American Athletic",2022,4243765,"Austin Upshaw",17,8,11,2.125,4.01738221336938,0.236316600786434,0.502172776671173,134,7.88235294117647,16.75,0.411764705882353,13,17,0.764705882352941,0,0,NA,NA,NA,NA,NA,NA,NA,NA,"G5"
"2567","SMU","fbs","American Athletic",2022,4243826,"Tre Siggers",6,4,11,1.5,-1.65915743706435,-0.276526239510725,-0.414789359266087,22,3.66666666666667,5.5,0.333333333333333,5,6,0.833333333333333,0,0,NA,NA,NA,NA,NA,NA,NA,NA,"G5"
"2567","SMU","fbs","American Athletic",2022,4360271,"Tanner Mordecai",10,2,11,5,23.5988831994078,2.35988831994078,11.7994415997039,120,12,60,1,10,10,1,10,0,NA,NA,NA,NA,NA,NA,NA,NA,"G5"
"2567","SMU","fbs","American Athletic",2022,4360559,"Ben Redding",9,5,11,1.8,5.3744729015264,0.597163655725155,1.07489458030528,90,10,18,0.888888888888889,9,9,1,0,0,NA,NA,NA,NA,NA,NA,NA,NA,"G5"
"2567","SMU","fbs","American Athletic",2022,4427251,"Velton Gardner",8,3,11,2.66666666666667,-3.94192003961747,-0.492740004952184,-1.31397334653916,24,3,8,0.125,8,8,1,0,0,NA,NA,NA,NA,NA,NA,NA,NA,"G5"
"2567","SMU","fbs","American Athletic",2022,4427925,"Nolan Matthews",2,1,11,2,-1.27718095066142,-0.638590475330712,-1.27718095066142,28,14,28,0.5,2,2,1,0,0,NA,NA,NA,NA,NA,NA,NA,NA,"G5"
"2567","SMU","fbs","American Athletic",2022,4428331,"Rashee Rice",96,11,11,8.72727272727273,79.8039427517706,0.831291070330944,7.2549038865246,1093,11.3854166666667,99.3636363636364,0.645833333333333,80,96,0.833333333333333,6,2,3,5,123,152,194,4,127,2,"G5"
"2567","SMU","fbs","American Athletic",2022,4429981,"Jordan Kerley",35,8,11,4.375,38.238847102536,1.09253848864389,4.779855887817,530,15.1428571428571,66.25,0.657142857142857,30,35,0.857142857142857,5,0,118,67,40,133.5,147,141,19,76,"G5"
"2567","SMU","fbs","American Athletic",2022,4430123,"TJ McDaniel",8,4,11,2,-3.391870043179,-0.423983755397375,-0.847967510794749,25,3.125,6.25,0.25,7,8,0.875,0,0,NA,NA,NA,NA,NA,NA,NA,NA,"G5"
"2567","SMU","fbs","American Athletic",2022,4431068,"Kelvontay Dixon",13,7,11,1.85714285714286,10.899604406097,0.838431108161307,1.55708634372814,201,15.4615384615385,28.7142857142857,0.615384615384615,13,13,1,0,0,NA,NA,NA,NA,NA,NA,NA,NA,"G5"
"2567","SMU","fbs","American Athletic",2022,4431557,"Teddy Knox",6,5,11,1.2,-2.71222782264905,-0.452037970441508,-0.54244556452981,3,0.5,0.6,0.166666666666667,4,6,0.666666666666667,0,0,NA,NA,NA,NA,NA,NA,NA,NA,"G5"
"2567","SMU","fbs","American Athletic",2022,4432785,"Camar Wheaton",7,4,11,1.75,-1.82196628979921,-0.260280898542745,-0.455491572449804,35,5,8.75,0.571428571428571,6,7,0.857142857142857,0,0,NA,NA,NA,NA,NA,NA,NA,NA,"G5"
"2567","SMU","fbs","American Athletic",2022,4568583,"Tyler Lavine",13,3,11,4.33333333333333,10.1173000419116,0.778253849377817,3.37243334730387,97,7.46153846153846,32.3333333333333,0.692307692307692,12,13,0.923076923076923,0,0,NA,NA,NA,NA,NA,NA,NA,NA,"G5"
"2567","SMU","fbs","American Athletic",2022,4570190,"Jake Bailey",12,2,11,6,33.0507566800819,2.75422972334016,16.5253783400409,205,17.0833333333333,102.5,0.916666666666667,12,12,1,1,0,NA,NA,NA,NA,NA,NA,NA,NA,"G5"
"2567","SMU","fbs","American Athletic",2022,4589233,"Dylan Goffney",16,8,11,2,24.8100505133735,1.55062815708584,3.10125631417168,315,19.6875,39.375,0.8125,15,16,0.9375,1,0,NA,NA,NA,NA,NA,NA,NA,NA,"G5"
"2567","SMU","fbs","American Athletic",2022,4594446,"Roderick Daniels",17,8,11,2.125,7.59405722368569,0.4467092484521,0.949257152960712,189,11.1176470588235,23.625,0.529411764705882,16,17,0.941176470588235,2,0,NA,NA,NA,NA,NA,NA,NA,NA,"G5"
"2567","SMU","fbs","American Athletic",2022,4689554,"Gage Haskin",5,3,11,1.66666666666667,7.26234939190618,1.45246987838124,2.42078313063539,65,13,21.6666666666667,0.8,4,5,0.8,0,0,NA,NA,NA,NA,NA,NA,NA,NA,"G5"
"2567","SMU","fbs","American Athletic",2022,4702913,"R.J. Maryland",28,10,11,2.8,27.6011981867243,0.985757078097297,2.76011981867243,258,9.21428571428571,25.8,0.642857142857143,23,28,0.821428571428571,4,0,220,239,65,157,215.5,414,295.5,472,"G5"
"2572","Southern Miss","fbs","Sun Belt",2022,4374507,"Cole Cavallo",20,10,11,2,20.8842098543435,1.04421049271717,2.08842098543435,174,8.7,17.4,0.6,20,20,1,1,0,NA,NA,NA,NA,NA,NA,NA,NA,"G5"
"2572","Southern Miss","fbs","Sun Belt",2022,4426610,"Luke Baker",1,1,11,1,0.0445511081347363,0.0445511081347363,0.0445511081347363,5,5,5,1,1,1,1,0,0,NA,NA,NA,NA,NA,NA,NA,NA,"G5"
"2572","Southern Miss","fbs","Sun Belt",2022,4428570,"Jay Stanley",1,1,11,1,0.768027567463615,0.768027567463615,0.768027567463615,5,5,5,1,1,1,1,0,0,NA,NA,NA,NA,NA,NA,NA,NA,"G5"
"2572","Southern Miss","fbs","Sun Belt",2022,4428904,"Antavious Willis",8,3,11,2.66666666666667,1.54751141338302,0.193438926672877,0.515837137794339,44,5.5,14.6666666666667,0.625,8,8,1,0,0,NA,NA,NA,NA,NA,NA,NA,NA,"G5"
"2572","Southern Miss","fbs","Sun Belt",2022,4429534,"Janari Dean",5,3,11,1.66666666666667,-1.22170178021174,-0.244340356042348,-0.407233926737246,29,5.8,9.66666666666667,0.4,5,5,1,0,0,NA,NA,NA,NA,NA,NA,NA,NA,"G5"
"2572","Southern Miss","fbs","Sun Belt",2022,4429805,"Frank Gore Jr.",19,8,11,2.375,17.2484644808482,0.907813920044644,2.15605806010603,265,13.9473684210526,33.125,0.684210526315789,19,19,1,2,0,NA,NA,NA,NA,NA,NA,NA,NA,"G5"
"2572","Southern Miss","fbs","Sun Belt",2022,4570550,"Demarcus Jones",3,3,11,1,5.86371766810539,1.95457255603513,1.95457255603513,56,18.6666666666667,18.6666666666667,1,3,3,1,0,0,NA,NA,NA,NA,NA,NA,NA,NA,"G5"
"2572","Southern Miss","fbs","Sun Belt",2022,4596336,"Chandler Pittman",7,5,11,1.4,5.03809319555793,0.719727599365419,1.00761863911159,74,10.5714285714286,14.8,0.285714285714286,5,7,0.714285714285714,1,0,NA,NA,NA,NA,NA,NA,NA,NA,"G5"
"2572","Southern Miss","fbs","Sun Belt",2022,4606713,"Brandon Hayes",1,1,11,1,1.73282342641792,1.73282342641792,1.73282342641792,23,23,23,1,1,1,1,0,0,NA,NA,NA,NA,NA,NA,NA,NA,"G5"
"2572","Southern Miss","fbs","Sun Belt",2022,4689988,"Jason Brownlee",60,11,11,5.45454545454545,48.4441295619182,0.807402159365304,4.4040117783562,682,11.3666666666667,62,0.65,47,60,0.783333333333333,4,0,59,87,135,146.5,292,75.5,131,104.5,"G5"
"2572","Southern Miss","fbs","Sun Belt",2022,4808719,"Zach Wilcke",2,1,11,2,7.99160080320211,3.99580040160105,7.99160080320211,88,44,88,1,2,2,1,2,0,NA,NA,NA,NA,NA,NA,NA,NA,"G5"
"2572","Southern Miss","fbs","Sun Belt",2022,4880734,"Jakarius Caston",24,7,11,3.42857142857143,16.481335664422,0.686722319350918,2.35447652348886,246,10.25,35.1428571428571,0.666666666666667,20,24,0.833333333333333,2,0,359,297,206,123.5,194,429,221,334,"G5"
"2572","Southern Miss","fbs","Sun Belt",2022,4888886,"Kenyon Clay",2,2,11,1,-0.942868272083403,-0.471434136041701,-0.471434136041701,9,4.5,4.5,0,2,2,1,0,0,NA,NA,NA,NA,NA,NA,NA,NA,"G5"
"2572","Southern Miss","fbs","Sun Belt",2022,5082505,"Latreal Jones",9,6,11,1.5,10.2684226662003,1.14093585180003,1.71140377770005,119,13.2222222222222,19.8333333333333,0.666666666666667,9,9,1,0,0,NA,NA,NA,NA,NA,NA,NA,NA,"G5"
"2572","Southern Miss","fbs","Sun Belt",2022,5092470,"Tiaquelin Mims",22,5,11,4.4,18.825973343468,0.855726061066725,3.76519466869359,264,12,52.8,0.727272727272727,19,22,0.863636363636364,1,0,321,132,114,51,135.5,401.5,91,169,"G5"
"2579","South Carolina","fbs","SEC",2022,4240418,"Christian Beal-Smith",1,1,11,1,-0.14405118432515,-0.14405118432515,-0.14405118432515,6,6,6,0,1,1,1,0,0,NA,NA,NA,NA,NA,NA,NA,NA,"P5"
"2579","South Carolina","fbs","SEC",2022,4362852,"Dakereon Joyner",4,3,11,1.33333333333333,0.604708245960695,0.151177061490174,0.201569415320232,37,9.25,12.3333333333333,0.5,4,4,1,0,0,NA,NA,NA,NA,NA,NA,NA,NA,"P5"
"2579","South Carolina","fbs","SEC",2022,4362862,"Josh Vann",23,10,11,2.3,31.3792394887518,1.36431476038051,3.13792394887518,291,12.6521739130435,29.1,0.652173913043478,17,23,0.739130434782609,3,0,179,192,10,143,391,361.5,62,421,"P5"
"2579","South Carolina","fbs","SEC",2022,4367510,"Dante Miller",1,1,11,1,-0.469280485108188,-0.469280485108188,-0.469280485108188,0,0,0,0,0,1,0,0,0,NA,NA,NA,NA,NA,NA,NA,NA,"P5"
"2579","South Carolina","fbs","SEC",2022,4383440,"Nate Adkins",8,3,11,2.66666666666667,6.17322555870462,0.771653194838077,2.05774185290154,88,11,29.3333333333333,0.625,7,8,0.875,0,0,NA,NA,NA,NA,NA,NA,NA,NA,"P5"
"2579","South Carolina","fbs","SEC",2022,4426339,"Spencer Rattler",1,1,11,1,1.26613207914626,1.26613207914626,1.26613207914626,15,15,15,1,1,1,1,0,0,NA,NA,NA,NA,NA,NA,NA,NA,"P5"
"2579","South Carolina","fbs","SEC",2022,4426367,"Austin Stogner",26,9,11,2.88888888888889,9.12989686809456,0.351149879542098,1.01443298534384,204,7.84615384615385,22.6666666666667,0.461538461538462,18,26,0.692307692307692,0,0,460,461,424,498.5,454.5,491.5,436,510,"P5"
"2579","South Carolina","fbs","SEC",2022,4426800,"Ahmarean Brown",20,10,11,2,0.395582368328371,0.0197791184164185,0.0395582368328371,163,8.15,16.3,0.5,18,20,0.9,0,0,NA,NA,NA,NA,NA,NA,NA,NA,"P5"
"2579","South Carolina","fbs","SEC",2022,4429023,"MarShawn Lloyd",20,7,11,2.85714285714286,-1.06733607022579,-0.0533668035112897,-0.152476581460828,165,8.25,23.5714285714286,0.35,15,20,0.75,1,1,NA,NA,NA,NA,NA,NA,NA,NA,"P5"
"2579","South Carolina","fbs","SEC",2022,4429079,"Luke Doty",1,1,11,1,5.54013270589854,5.54013270589854,5.54013270589854,52,52,52,1,1,1,1,1,0,NA,NA,NA,NA,NA,NA,NA,NA,"P5"
"2579","South Carolina","fbs","SEC",2022,4429262,"Jaheim Bell",26,9,11,2.88888888888889,11.1254626863447,0.427902411013258,1.23616252070497,185,7.11538461538461,20.5555555555556,0.423076923076923,23,26,0.884615384615385,2,0,440,441,369,534.5,96.5,515.5,493,532.5,"P5"
"2579","South Carolina","fbs","SEC",2022,4429979,"Traevon Kenion",3,2,11,1.5,13.6134603014925,4.53782010049749,6.80673015074624,54,18,27,1,3,3,1,1,0,NA,NA,NA,NA,NA,NA,NA,NA,"P5"
"2579","South Carolina","fbs","SEC",2022,4430034,"Xavier Legette",11,6,11,1.83333333333333,1.37975086990341,0.125431897263946,0.229958478317235,76,6.90909090909091,12.6666666666667,0.454545454545455,9,11,0.818181818181818,1,0,NA,NA,NA,NA,NA,NA,NA,NA,"P5"
"2579","South Carolina","fbs","SEC",2022,4570033,"Kai Kroeger",1,1,11,1,6.6863686475912,6.6863686475912,6.6863686475912,48,48,48,1,1,1,1,1,0,NA,NA,NA,NA,NA,NA,NA,NA,"P5"
"2579","South Carolina","fbs","SEC",2022,4692835,"Jalen Brooks",39,11,11,3.54545454545455,14.6309119488039,0.37515158843087,1.33008290443672,443,11.3589743589744,40.2727272727273,0.615384615384615,30,39,0.769230769230769,1,1,384,427,405,200.5,318,206,132,276,"P5"
"2579","South Carolina","fbs","SEC",2022,4696062,"Antwane Wells Jr.",67,10,11,6.7,64.8455040492509,0.96784334401867,6.48455040492509,860,12.8358208955224,86,0.597014925373134,56,67,0.835820895522388,6,2,26,16,76,245,189,24,56,18,"P5"
"2579","South Carolina","fbs","SEC",2022,4880608,"Juju McDowell",20,10,11,2,8.75934633328163,0.437967316664081,0.875934633328163,159,7.95,15.9,0.4,18,20,0.9,1,0,NA,NA,NA,NA,NA,NA,NA,NA,"P5"
"258","Virginia","fbs","ACC",2022,4242243,"Keytaon Thompson",66,7,9,9.42857142857143,18.8912344770814,0.286230825410324,2.6987477824402,512,7.75757575757576,73.1428571428571,0.53030303030303,46,66,0.696969696969697,0,0,320,248,461,401,448,151.5,444,51,"P5"
"258","Virginia","fbs","ACC",2022,4370775,"Brennan Armstrong",1,1,9,1,3.82384680336356,3.82384680336356,3.82384680336356,11,11,11,1,1,1,1,1,0,NA,NA,NA,NA,NA,NA,NA,NA,"P5"
"258","Virginia","fbs","ACC",2022,4370794,"Perris Jones",4,3,9,1.33333333333333,-3.490402668278,-0.8726006670695,-1.16346755609267,9,2.25,3,0,2,4,0.5,0,0,NA,NA,NA,NA,NA,NA,NA,NA,"P5"
"258","Virginia","fbs","ACC",2022,4370797,"Billy Kemp",24,5,9,4.8,-2.77578032408863,-0.115657513503693,-0.555156064817726,101,4.20833333333333,20.2,0.333333333333333,13,24,0.541666666666667,0,0,568,576,572,577,575.5,587,587,546,"P5"
"258","Virginia","fbs","ACC",2022,4370803,"Grant Misch",18,7,9,2.57142857142857,2.19338079552787,0.121854488640437,0.313340113646838,111,6.16666666666667,15.8571428571429,0.611111111111111,15,18,0.833333333333333,0,0,533,531,524,208.5,194,581.5,536,571.5,"P5"
"258","Virginia","fbs","ACC",2022,4427503,"Mike Hollins",10,5,9,2,5.59162845758817,0.559162845758817,1.11832569151763,114,11.4,22.8,0.5,8,10,0.8,0,0,NA,NA,NA,NA,NA,NA,NA,NA,"P5"
"258","Virginia","fbs","ACC",2022,4428850,"Dontayvion Wicks",54,7,9,7.71428571428571,-4.12490714545316,-0.0763871693602437,-0.589272449350452,339,6.27777777777778,48.4285714285714,0.314814814814815,21,54,0.388888888888889,2,0,576,578,565,587,595,314,532,199,"P5"
"258","Virginia","fbs","ACC",2022,4431058,"Lavel Davis",28,7,9,4,3.87593177681748,0.138426134886339,0.553704539545355,248,8.85714285714286,35.4285714285714,0.321428571428571,11,28,0.392857142857143,1,0,518,514,522,581.5,594,424.5,333.5,329,"P5"
"258","Virginia","fbs","ACC",2022,4613165,"Demick Starling",10,3,9,3.33333333333333,-2.60172987182415,-0.260172987182415,-0.86724329060805,75,7.5,25,0.2,3,10,0.3,0,0,NA,NA,NA,NA,NA,NA,NA,NA,"P5"
"258","Virginia","fbs","ACC",2022,4682648,"Malachi Fields",7,1,9,7,8.30080988677567,1.1858299838251,8.30080988677567,58,8.28571428571429,58,0.857142857142857,5,7,0.714285714285714,1,0,NA,NA,NA,NA,NA,NA,NA,NA,"P5"
"258","Virginia","fbs","ACC",2022,4684953,"Sackett Wood Jr.",15,4,9,3.75,12.259076648882,0.817271776592135,3.06476916222051,156,10.4,39,0.6,11,15,0.733333333333333,0,0,NA,NA,NA,NA,NA,NA,NA,NA,"P5"
"258","Virginia","fbs","ACC",2022,4873442,"Xavier Brown",10,5,9,2,-4.60767834971256,-0.460767834971256,-0.921535669942512,31,3.1,6.2,0.2,8,10,0.8,0,0,NA,NA,NA,NA,NA,NA,NA,NA,"P5"
"258","Virginia","fbs","ACC",2022,4879643,"Ethan Davies",2,1,9,2,-0.50857679281441,-0.254288396407205,-0.50857679281441,7,3.5,7,0.5,1,2,0.5,0,0,NA,NA,NA,NA,NA,NA,NA,NA,"P5"
"258","Virginia","fbs","ACC",2022,4896391,"Sean Wilson",15,2,9,7.5,4.44885190600215,0.29659012706681,2.22442595300108,86,5.73333333333333,43,0.6,8,15,0.533333333333333,0,0,NA,NA,NA,NA,NA,NA,NA,NA,"P5"
"259","Virginia Tech","fbs","ACC",2022,4240901,"Connor Blumrick",6,2,9,3,1.56080765024764,0.260134608374607,0.78040382512382,30,5,15,0.333333333333333,4,6,0.666666666666667,0,0,NA,NA,NA,NA,NA,NA,NA,NA,"P5"
"259","Virginia Tech","fbs","ACC",2022,4257587,"Jadan Blue",9,5,9,1.8,2.37259336618177,0.263621485131308,0.474518673236354,50,5.55555555555556,10,0.555555555555556,7,9,0.777777777777778,0,0,NA,NA,NA,NA,NA,NA,NA,NA,"P5"
"259","Virginia Tech","fbs","ACC",2022,4260193,"Drake Deiuliis",3,2,9,1.5,0.554068217419527,0.184689405806509,0.277034108709764,14,4.66666666666667,7,0.333333333333333,3,3,1,0,0,NA,NA,NA,NA,NA,NA,NA,NA,"P5"
"259","Virginia Tech","fbs","ACC",2022,4260206,"Jalen Holston",12,5,9,2.4,-4.32915398077351,-0.360762831731126,-0.865830796154702,43,3.58333333333333,8.6,0.166666666666667,6,12,0.5,0,0,NA,NA,NA,NA,NA,NA,NA,NA,"P5"
"259","Virginia Tech","fbs","ACC",2022,4361973,"Kaleb Smith",39,9,9,4.33333333333333,13.231460126517,0.339268208372231,1.47016223627967,408,10.4615384615385,45.3333333333333,0.512820512820513,27,39,0.692307692307692,1,1,408,412,432,432.5,454.5,232.5,204,223.5,"P5"
"259","Virginia Tech","fbs","ACC",2022,4427709,"Keshawn King",18,7,9,2.57142857142857,6.36381844386393,0.353545469103552,0.90911692055199,121,6.72222222222222,17.2857142857143,0.444444444444444,17,18,0.944444444444444,1,0,489,475,421,515.5,31,575.5,511,562,"P5"
"259","Virginia Tech","fbs","ACC",2022,4430686,"Grant Wells",2,2,9,1,8.56924249856355,4.28462124928178,4.28462124928178,87,43.5,43.5,1,2,2,1,2,0,NA,NA,NA,NA,NA,NA,NA,NA,"P5"
"259","Virginia Tech","fbs","ACC",2022,4432215,"Stephen Gosnell",6,4,9,1.5,6.54565484406916,1.09094247401153,1.63641371101729,81,13.5,20.25,0.833333333333333,6,6,1,0,0,NA,NA,NA,NA,NA,NA,NA,NA,"P5"
"259","Virginia Tech","fbs","ACC",2022,4568450,"Nick Gallo",28,7,9,4,1.68015401301397,0.0600055004647846,0.240022001859138,148,5.28571428571429,21.1428571428571,0.464285714285714,19,28,0.678571428571429,0,0,543,538,540,495.5,482,555,563,530,"P5"
"259","Virginia Tech","fbs","ACC",2022,4680024,"Da'Wain Lofton",27,7,9,3.85714285714286,12.6306934495157,0.467803461093175,1.80438477850225,242,8.96296296296296,34.5714285714286,0.518518518518518,18,27,0.666666666666667,2,0,420,358,342,422,499.5,434,322,345,"P5"
"259","Virginia Tech","fbs","ACC",2022,4683330,"Jaylen Jones",3,1,9,3,0.761507882910863,0.253835960970288,0.761507882910863,17,5.66666666666667,17,0.666666666666667,2,3,0.666666666666667,0,0,NA,NA,NA,NA,NA,NA,NA,NA,"P5"
"259","Virginia Tech","fbs","ACC",2022,4683530,"Chance Black",5,4,9,1.25,-0.952996533667752,-0.19059930673355,-0.238249133416938,23,4.6,5.75,0.2,3,5,0.6,0,0,NA,NA,NA,NA,NA,NA,NA,NA,"P5"
"259","Virginia Tech","fbs","ACC",2022,4686223,"Malachi Thomas",14,3,9,4.66666666666667,5.3167787504981,0.379769910749864,1.77225958349937,91,6.5,30.3333333333333,0.357142857142857,13,14,0.928571428571429,1,0,NA,NA,NA,NA,NA,NA,NA,NA,"P5"
"259","Virginia Tech","fbs","ACC",2022,4709669,"Christian Moss",3,1,9,3,-0.574514170953563,-0.191504723651188,-0.574514170953563,21,7,21,0.333333333333333,1,3,0.333333333333333,0,0,NA,NA,NA,NA,NA,NA,NA,NA,"P5"
"259","Virginia Tech","fbs","ACC",2022,4838696,"Dae'Quan Wright",23,6,9,3.83333333333333,6.55772717502178,0.285118572827034,1.0929545291703,208,9.04347826086956,34.6666666666667,0.478260869565217,19,23,0.826086956521739,0,1,487,453,462,476,210,486,316,342,"P5"
"259","Virginia Tech","fbs","ACC",2022,4840118,"Tucker Holloway",3,1,9,3,-0.152795673882499,-0.0509318912941664,-0.152795673882499,18,6,18,0.333333333333333,3,3,1,0,0,NA,NA,NA,NA,NA,NA,NA,NA,"P5"
"26","UCLA","fbs","Pac-12",2022,4360405,"Jake Bobo",67,11,11,6.09090909090909,69.2241557968465,1.03319635517681,6.29310507244059,726,10.8358208955224,66,0.686567164179104,50,67,0.746268656716418,6,0,16,23,52,95,376,59.5,164,77,"P5"
"26","UCLA","fbs","Pac-12",2022,4361088,"Colson Yankoff",6,4,11,1.5,1.70525495798558,0.284209159664263,0.426313739496395,25,4.16666666666667,6.25,0.666666666666667,5,6,0.833333333333333,2,0,NA,NA,NA,NA,NA,NA,NA,NA,"P5"
"26","UCLA","fbs","Pac-12",2022,4367178,"Dorian Thompson-Robinson",2,2,11,1,8.56733183017655,4.28366591508827,4.28366591508827,30,15,15,1,2,2,1,2,0,NA,NA,NA,NA,NA,NA,NA,NA,"P5"
"26","UCLA","fbs","Pac-12",2022,4367179,"Josiah Norwood",11,5,11,2.2,6.21072785179134,0.564611622890122,1.24214557035827,117,10.6363636363636,23.4,0.636363636363636,10,11,0.909090909090909,1,0,NA,NA,NA,NA,NA,NA,NA,NA,"P5"
"26","UCLA","fbs","Pac-12",2022,4367180,"Kazmeir Allen",50,10,11,5,19.3732855125551,0.387465710251101,1.93732855125551,370,7.4,37,0.56,45,50,0.9,2,0,312,346,398,336.5,69.5,281,472,316.5,"P5"
"26","UCLA","fbs","Pac-12",2022,4367182,"Michael Ezeike",24,8,11,3,19.1614528597788,0.798393869157451,2.39518160747235,221,9.20833333333333,27.625,0.708333333333333,19,24,0.791666666666667,4,0,316,288,140,71.5,276.5,471,297,446,"P5"
"26","UCLA","fbs","Pac-12",2022,4426385,"Zach Charbonnet",45,8,11,5.625,16.3424540564247,0.363165645698328,2.04280675705309,336,7.46666666666667,42,0.555555555555556,39,45,0.866666666666667,0,0,361,334,415,348.5,127.5,317.5,466,253,"P5"
"26","UCLA","fbs","Pac-12",2022,4427634,"Keegan Jones",12,7,11,1.71428571428571,5.85357328645219,0.487797773871016,0.836224755207456,138,11.5,19.7142857142857,0.5,11,12,0.916666666666667,3,0,NA,NA,NA,NA,NA,NA,NA,NA,"P5"
"26","UCLA","fbs","Pac-12",2022,4431234,"Logan Loya",16,9,11,1.77777777777778,19.8099944334643,1.23812465209152,2.20111049260714,248,15.5,27.5555555555556,0.625,12,16,0.75,1,0,NA,NA,NA,NA,NA,NA,NA,NA,"P5"
"26","UCLA","fbs","Pac-12",2022,4433909,"Matt Sykes",6,2,11,3,7.08121555735684,1.18020259289281,3.54060777867842,86,14.3333333333333,43,0.666666666666667,6,6,1,1,0,NA,NA,NA,NA,NA,NA,NA,NA,"P5"
"26","UCLA","fbs","Pac-12",2022,4569423,"Hudson Habermehl",19,7,11,2.71428571428571,1.97220380092267,0.103800200048562,0.28174340013181,136,7.15789473684211,19.4285714285714,0.473684210526316,13,19,0.684210526315789,1,0,NA,NA,NA,NA,NA,NA,NA,NA,"P5"
"26","UCLA","fbs","Pac-12",2022,4570683,"Kam Brown",28,10,11,2.8,22.1565616238386,0.79130577227995,2.21565616238386,247,8.82142857142857,24.7,0.714285714285714,20,28,0.714285714285714,3,0,279,314,145,63.5,421.5,426.5,338,485,"P5"
"26","UCLA","fbs","Pac-12",2022,4685540,"Carsen Ryan",3,2,11,1.5,1.24547700401998,0.415159001339995,0.622738502009992,24,8,12,1,3,3,1,0,0,NA,NA,NA,NA,NA,NA,NA,NA,"P5"
"26","UCLA","fbs","Pac-12",2022,4710344,"Titus Mokiao-Atimalala",13,8,11,1.625,13.2641981089819,1.02032293146014,1.65802476362273,179,13.7692307692308,22.375,0.846153846153846,12,13,0.923076923076923,0,0,NA,NA,NA,NA,NA,NA,NA,NA,"P5"
"26","UCLA","fbs","Pac-12",2022,5086027,"TJ Harden",2,1,11,2,3.02621648728174,1.51310824364087,3.02621648728174,19,9.5,19,1,2,2,1,0,0,NA,NA,NA,NA,NA,NA,NA,NA,"P5"
"2628","TCU","fbs","Big 12",2022,4362430,"Taye Barber",40,11,12,3.63636363636364,25.116112035758,0.62790280089395,2.28328291234164,455,11.375,41.3636363636364,0.575,29,40,0.725,2,0,243,305,250,307,406.5,194,129,262,"P5"
"2628","TCU","fbs","Big 12",2022,4362477,"Derius Davis",50,11,12,4.54545454545455,2.36435825002708,0.0472871650005417,0.214941659093371,401,8.02,36.4545454545455,0.32,33,50,0.66,4,0,530,540,545,583.5,505,241,411,319,"P5"
"2628","TCU","fbs","Big 12",2022,4362478,"Emari Demercado",12,7,12,1.71428571428571,-0.507462076029004,-0.0422885063357504,-0.0724945822898578,69,5.75,9.85714285714286,0.333333333333333,11,12,0.916666666666667,1,0,NA,NA,NA,NA,NA,NA,NA,NA,"P5"
"2628","TCU","fbs","Big 12",2022,4362892,"Geor'quarius Spivey",9,7,12,1.28571428571429,10.5601654653526,1.17335171837251,1.50859506647894,103,11.4444444444444,14.7142857142857,0.666666666666667,9,9,1,1,1,NA,NA,NA,NA,NA,NA,NA,NA,"P5"
"2628","TCU","fbs","Big 12",2022,4371177,"Gunnar Henderson",13,5,12,2.6,11.5170408331301,0.885926217933081,2.30340816662601,167,12.8461538461538,33.4,0.538461538461538,9,13,0.692307692307692,2,0,NA,NA,NA,NA,NA,NA,NA,NA,"P5"
"2628","TCU","fbs","Big 12",2022,4426965,"Blair Conwright",8,3,12,2.66666666666667,-0.40718252656038,-0.0508978158200475,-0.13572750885346,40,5,13.3333333333333,0.375,3,8,0.375,0,0,NA,NA,NA,NA,NA,NA,NA,NA,"P5"
"2628","TCU","fbs","Big 12",2022,4427105,"Max Duggan",5,4,12,1.25,15.0683390860239,3.01366781720478,3.76708477150598,183,36.6,45.75,0.8,5,5,1,4,0,NA,NA,NA,NA,NA,NA,NA,NA,"P5"
"2628","TCU","fbs","Big 12",2022,4429025,"Quentin Johnston",71,10,12,7.1,33.9042542004367,0.477524707048404,3.39042542004367,746,10.5070422535211,74.6,0.47887323943662,48,71,0.676056338028169,2,1,160,173,336,472,487,56,200,47,"P5"
"2628","TCU","fbs","Big 12",2022,4430723,"Jared Wiley",22,8,12,2.75,23.7306355441164,1.07866525200529,2.96632944301455,219,9.95454545454546,27.375,0.681818181818182,20,22,0.909090909090909,3,0,NA,NA,NA,NA,NA,NA,NA,NA,"P5"
"2628","TCU","fbs","Big 12",2022,4431297,"Blake Nowell",3,2,12,1.5,1.92642520306808,0.642141734356027,0.963212601534041,26,8.66666666666667,13,1,3,3,1,0,0,NA,NA,NA,NA,NA,NA,NA,NA,"P5"
"2628","TCU","fbs","Big 12",2022,4431487,"Savion Williams",40,11,12,3.63636363636364,23.4274634343375,0.585686585858436,2.12976940312159,376,9.4,34.1818181818182,0.55,28,40,0.7,4,0,262,324,276,364.5,442.5,275,280,355,"P5"
"2628","TCU","fbs","Big 12",2022,4433947,"Corey Wren",2,1,12,2,-2.14881487055732,-1.07440743527866,-2.14881487055732,2,1,2,0,2,2,1,0,0,NA,NA,NA,NA,NA,NA,NA,NA,"P5"
"2628","TCU","fbs","Big 12",2022,4565761,"Emani Bailey",7,5,12,1.4,0.429978108019645,0.0614254440028064,0.085995621603929,47,6.71428571428571,9.4,0.571428571428571,6,7,0.857142857142857,0,0,NA,NA,NA,NA,NA,NA,NA,NA,"P5"
"2628","TCU","fbs","Big 12",2022,4599739,"Kendre Miller",21,12,12,1.75,0.839940486441399,0.039997166021019,0.0699950405367833,99,4.71428571428571,8.25,0.380952380952381,15,21,0.714285714285714,0,0,NA,NA,NA,NA,NA,NA,NA,NA,"P5"
"2628","TCU","fbs","Big 12",2022,4602783,"Trent Battle",6,5,12,1.2,7.90884971742432,1.31814161957072,1.58176994348486,88,14.6666666666667,17.6,1,6,6,1,0,0,NA,NA,NA,NA,NA,NA,NA,NA,"P5"
"2628","TCU","fbs","Big 12",2022,4683202,"Chase Jackson",1,1,12,1,-0.590624002313795,-0.590624002313795,-0.590624002313795,5,5,5,0,1,1,1,0,0,NA,NA,NA,NA,NA,NA,NA,NA,"P5"
"2628","TCU","fbs","Big 12",2022,4685409,"Jordan Hudson",10,6,12,1.66666666666667,2.1222911089975,0.21222911089975,0.353715184832917,64,6.4,10.6666666666667,0.4,7,10,0.7,2,0,NA,NA,NA,NA,NA,NA,NA,NA,"P5"
"2633","Tennessee","fbs","SEC",2022,4240858,"Hendon Hooker",7,3,11,2.33333333333333,28.4298840033647,4.06141200048067,9.47662800112155,278,39.7142857142857,92.6666666666667,1,7,7,1,7,0,NA,NA,NA,NA,NA,NA,NA,NA,"P5"
"2633","Tennessee","fbs","SEC",2022,4242442,"Princeton Fant",25,10,11,2.5,9.2601242785862,0.370404971143448,0.92601242785862,205,8.2,20.5,0.52,19,25,0.76,3,1,458,472,407,418,334.5,490,395.5,534,"P5"
"2633","Tennessee","fbs","SEC",2022,4360698,"Joe Milton",2,1,11,2,4.49152380518647,2.24576190259323,4.49152380518647,95,47.5,95,1,2,2,1,2,0,NA,NA,NA,NA,NA,NA,NA,NA,"P5"
"2633","Tennessee","fbs","SEC",2022,4369863,"Cedric Tillman",55,6,11,9.16666666666667,22.805716839036,0.414649397073382,3.800952806506,390,7.09090909090909,65,0.581818181818182,36,55,0.654545454545455,2,0,272,128,382,287.5,506,252.5,495,78.5,"P5"
"2633","Tennessee","fbs","SEC",2022,4369864,"Jacob Warren",18,8,11,2.25,4.32433238339156,0.240240687966198,0.540541547923944,163,9.05555555555556,20.375,0.555555555555556,12,18,0.666666666666667,0,0,NA,NA,NA,NA,NA,NA,NA,NA,"P5"
"2633","Tennessee","fbs","SEC",2022,4426337,"Bru McCoy",63,10,11,6.3,24.3556169544292,0.386597094514749,2.43556169544292,579,9.19047619047619,57.9,0.53968253968254,45,63,0.714285714285714,2,0,253,283,399,388,421.5,112,299,124,"P5"
"2633","Tennessee","fbs","SEC",2022,4426399,"Ramel Keyton",33,8,11,4.125,15.2851796737867,0.463187262842022,1.91064745922334,352,10.6666666666667,44,0.606060606060606,21,33,0.636363636363636,1,0,372,351,355,224,522.5,299,176,235,"P5"
"2633","Tennessee","fbs","SEC",2022,4429804,"Jimmy Calloway",2,1,11,2,2.28950912140698,1.14475456070349,2.28950912140698,20,10,20,0.5,2,2,1,0,0,NA,NA,NA,NA,NA,NA,NA,NA,"P5"
"2633","Tennessee","fbs","SEC",2022,4431142,"Jimmy Holiday",5,2,11,2.5,2.11157078527816,0.422314157055631,1.05578539263908,68,13.6,34,0.6,5,5,1,1,0,NA,NA,NA,NA,NA,NA,NA,NA,"P5"
"2633","Tennessee","fbs","SEC",2022,4432545,"Jabari Small",13,8,11,1.625,3.40481342662622,0.261908725125094,0.425601678328277,97,7.46153846153846,12.125,0.461538461538462,11,13,0.846153846153846,2,0,NA,NA,NA,NA,NA,NA,NA,NA,"P5"
"2633","Tennessee","fbs","SEC",2022,4432732,"Walker Merrill",6,4,11,1.5,5.40682045685971,0.901136742809951,1.35170511421493,37,6.16666666666667,9.25,0.5,5,6,0.833333333333333,2,0,NA,NA,NA,NA,NA,NA,NA,NA,"P5"
"2633","Tennessee","fbs","SEC",2022,4570581,"Hunter Salmon",2,2,11,1,0.271177800257209,0.135588900128604,0.135588900128604,13,6.5,6.5,0.5,2,2,1,0,0,NA,NA,NA,NA,NA,NA,NA,NA,"P5"
"2633","Tennessee","fbs","SEC",2022,4682745,"Jaylen Wright",2,2,11,1,2.4234822244756,1.2117411122378,1.2117411122378,8,4,4,0.5,2,2,1,0,0,NA,NA,NA,NA,NA,NA,NA,NA,"P5"
"2633","Tennessee","fbs","SEC",2022,4692590,"Jalin Hyatt",77,11,11,7,46.5828687616559,0.604972321579947,4.23480625105963,847,11,77,0.558441558441558,54,77,0.701298701298701,7,0,65,92,269,340,439,27.5,149.5,39,"P5"
"2633","Tennessee","fbs","SEC",2022,4692591,"Jack Jancek",2,2,11,1,1.74684515370713,0.873422576853563,0.873422576853563,39,19.5,19.5,1,2,2,1,0,0,NA,NA,NA,NA,NA,NA,NA,NA,"P5"
"2633","Tennessee","fbs","SEC",2022,5081368,"Squirrel White",23,6,11,3.83333333333333,7.05621492887789,0.306791953429474,1.17603582147965,251,10.9130434782609,41.8333333333333,0.565217391304348,16,23,0.695652173913043,0,0,484,446,447,322,450,420,154,255,"P5"
"2633","Tennessee","fbs","SEC",2022,5081397,"Dylan Sampson",3,3,11,1,0.410570827215194,0.136856942405065,0.136856942405065,24,8,8,0.666666666666667,3,3,1,0,0,NA,NA,NA,NA,NA,NA,NA,NA,"P5"
"2636","UTSA","fbs","Conference USA",2022,4240266,"Tre'von Bradley",1,1,12,1,1.01536307184696,1.01536307184696,1.01536307184696,9,9,9,1,1,1,1,0,0,NA,NA,NA,NA,NA,NA,NA,NA,"G5"
"2636","UTSA","fbs","Conference USA",2022,4242881,"Trelon Smith",3,2,12,1.5,1.95687387505897,0.652291291686324,0.978436937529486,26,8.66666666666667,13,0.666666666666667,2,3,0.666666666666667,0,0,NA,NA,NA,NA,NA,NA,NA,NA,"G5"
"2636","UTSA","fbs","Conference USA",2022,4245186,"Frank Harris",4,4,12,1,5.14731008299958,1.28682752074989,1.28682752074989,39,9.75,9.75,0.75,4,4,1,2,0,NA,NA,NA,NA,NA,NA,NA,NA,"G5"
"2636","UTSA","fbs","Conference USA",2022,4362983,"Tykee Ogle-Kellogg",22,6,12,3.66666666666667,7.06695033944142,0.321225015429155,1.17782505657357,209,9.5,34.8333333333333,0.454545454545455,11,22,0.5,1,0,NA,NA,NA,NA,NA,NA,NA,NA,"G5"
"2636","UTSA","fbs","Conference USA",2022,4362985,"Brenden Brady",22,8,12,2.75,7.0133822467646,0.318790102125664,0.876672780845575,173,7.86363636363636,21.625,0.590909090909091,18,22,0.818181818181818,0,0,NA,NA,NA,NA,NA,NA,NA,NA,"G5"
"2636","UTSA","fbs","Conference USA",2022,4363003,"Gavin Sharp",4,3,12,1.33333333333333,3.69696909440643,0.924242273601609,1.23232303146881,68,17,22.6666666666667,0.75,4,4,1,0,0,NA,NA,NA,NA,NA,NA,NA,NA,"G5"
"2636","UTSA","fbs","Conference USA",2022,4426857,"Oscar Cardenas",23,9,12,2.55555555555556,30.0023721894822,1.3044509647601,3.33359690994247,343,14.9130434782609,38.1111111111111,0.956521739130435,22,23,0.956521739130435,2,0,197,176,14,1,24.5,309,20,301,"G5"
"2636","UTSA","fbs","Conference USA",2022,4426893,"Joshua Cephus",103,12,12,8.58333333333333,47.8377946190893,0.464444607952323,3.98648288492411,855,8.30097087378641,71.25,0.563106796116505,80,103,0.776699029126214,5,0,61,106,352,326,302,26,388,59,"G5"
"2636","UTSA","fbs","Conference USA",2022,4426919,"De'Corian Clark",55,8,12,6.875,21.8309778125916,0.396926869319848,2.72887222657395,437,7.94545454545455,54.625,0.581818181818182,37,55,0.672727272727273,2,0,280,244,392,287.5,493,210,423,155,"G5"
"2636","UTSA","fbs","Conference USA",2022,4427225,"Zakhari Franklin",99,12,12,8.25,46.7816756896226,0.472542178683057,3.89847297413522,943,9.52525252525253,78.5833333333333,0.575757575757576,75,99,0.757575757575758,10,0,64,113,339,305,342.5,14,271,36,"G5"
"2636","UTSA","fbs","Conference USA",2022,4565211,"Dan Dishman",11,7,12,1.57142857142857,6.20471975552369,0.564065432320335,0.886388536503384,112,10.1818181818182,16,0.545454545454545,10,11,0.909090909090909,1,0,NA,NA,NA,NA,NA,NA,NA,NA,"G5"
"2636","UTSA","fbs","Conference USA",2022,4609242,"Isaiah Davis",3,1,12,3,-2.4149139883645,-0.804971329454834,-2.4149139883645,16,5.33333333333333,16,0.333333333333333,1,3,0.333333333333333,0,0,NA,NA,NA,NA,NA,NA,NA,NA,"G5"
"2636","UTSA","fbs","Conference USA",2022,4686767,"Chris Carpenter",4,3,12,1.33333333333333,-1.79317612724582,-0.448294031811454,-0.597725375748606,15,3.75,5,0.5,2,4,0.5,0,0,NA,NA,NA,NA,NA,NA,NA,NA,"G5"
"2636","UTSA","fbs","Conference USA",2022,4687398,"Jalen Rainey",1,1,12,1,-1.7161402920155,-1.7161402920155,-1.7161402920155,0,0,0,0,0,1,0,0,0,NA,NA,NA,NA,NA,NA,NA,NA,"G5"
"2636","UTSA","fbs","Conference USA",2022,4688595,"Kevorian Barnes",9,6,12,1.5,8.29406641723013,0.921562935247792,1.38234440287169,115,12.7777777777778,19.1666666666667,0.666666666666667,8,9,0.888888888888889,0,0,NA,NA,NA,NA,NA,NA,NA,NA,"G5"
"2636","UTSA","fbs","Conference USA",2022,4689272,"Jaren Randle",1,1,12,1,0.610341449201268,0.610341449201268,0.610341449201268,6,6,6,1,1,1,1,0,0,NA,NA,NA,NA,NA,NA,NA,NA,"G5"
"2636","UTSA","fbs","Conference USA",2022,4689274,"Justin Rodriguez",2,2,12,1,0.172028909270273,0.0860144546351364,0.0860144546351364,12,6,6,0.5,2,2,1,0,0,NA,NA,NA,NA,NA,NA,NA,NA,"G5"
"2636","UTSA","fbs","Conference USA",2022,4702821,"Camron Cooper",1,1,12,1,-0.370544402659755,-0.370544402659755,-0.370544402659755,4,4,4,0,1,1,1,0,0,NA,NA,NA,NA,NA,NA,NA,NA,"G5"
"2636","UTSA","fbs","Conference USA",2022,4801276,"Houston Thomas",2,1,12,2,-1.74835555657688,-0.874177778288438,-1.74835555657688,0,0,0,0,1,2,0.5,0,0,NA,NA,NA,NA,NA,NA,NA,NA,"G5"
"2636","UTSA","fbs","Conference USA",2022,4833629,"Jace Wilson",1,1,12,1,-1.30481692122669,-1.30481692122669,-1.30481692122669,0,0,0,0,0,1,0,0,0,NA,NA,NA,NA,NA,NA,NA,NA,"G5"
"2638","UTEP","fbs","Conference USA",2022,4048768,"Walter Dawn Jr.",6,3,11,2,3.324125127683,0.554020854613833,1.10804170922767,36,6,12,0.666666666666667,5,6,0.833333333333333,0,0,NA,NA,NA,NA,NA,NA,NA,NA,"G5"
"2638","UTEP","fbs","Conference USA",2022,4245242,"Ronald Awatt",6,5,11,1.2,4.78445363171257,0.797408938618762,0.956890726342515,76,12.6666666666667,15.2,0.666666666666667,6,6,1,0,0,NA,NA,NA,NA,NA,NA,NA,NA,"G5"
"2638","UTEP","fbs","Conference USA",2022,4362033,"Calvin Brownholtz",1,1,11,1,0,0,0,16,16,16,0,1,1,1,0,0,NA,NA,NA,NA,NA,NA,NA,NA,"G5"
"2638","UTEP","fbs","Conference USA",2022,4362040,"Reynaldo Flores",62,11,11,5.63636363636364,43.2331429317699,0.69730875696403,3.93028572106999,508,8.19354838709677,46.1818181818182,0.67741935483871,46,62,0.741935483870968,1,0,78,110,199,109.5,385,154,397,218,"G5"
"2638","UTEP","fbs","Conference USA",2022,4362045,"James Tupou",12,8,11,1.5,15.2903585406599,1.27419654505499,1.91129481758248,147,12.25,18.375,0.833333333333333,11,12,0.916666666666667,2,0,NA,NA,NA,NA,NA,NA,NA,NA,"G5"
"2638","UTEP","fbs","Conference USA",2022,4362052,"Trent Thompson",11,6,11,1.83333333333333,21.2954609243545,1.93595099312314,3.54924348739242,213,19.3636363636364,35.5,0.727272727272727,9,11,0.818181818181818,2,0,NA,NA,NA,NA,NA,NA,NA,NA,"G5"
"2638","UTEP","fbs","Conference USA",2022,4571194,"Marcus Bellon",6,4,11,1.5,4.79862211915836,0.79977035319306,1.19965552978959,83,13.8333333333333,20.75,0.5,5,6,0.833333333333333,1,0,NA,NA,NA,NA,NA,NA,NA,NA,"G5"
"2638","UTEP","fbs","Conference USA",2022,4575667,"Deion Hankins",6,5,11,1.2,2.95283042369503,0.492138403949171,0.590566084739005,42,7,8.4,0.5,4,6,0.666666666666667,0,0,NA,NA,NA,NA,NA,NA,NA,NA,"G5"
"2638","UTEP","fbs","Conference USA",2022,4575668,"Gavin Hardison",2,2,11,1,6.95348411881994,3.47674205940997,3.47674205940997,51,25.5,25.5,1,2,2,1,2,0,NA,NA,NA,NA,NA,NA,NA,NA,"G5"
"2638","UTEP","fbs","Conference USA",2022,4682654,"Jeremiah Ballard",9,3,11,3,12.7578585786729,1.41753984207477,4.2526195262243,76,8.44444444444444,25.3333333333333,0.666666666666667,9,9,1,0,0,NA,NA,NA,NA,NA,NA,NA,NA,"G5"
"2638","UTEP","fbs","Conference USA",2022,4689888,"Luke Soto",1,1,11,1,4.12695193171865,4.12695193171865,4.12695193171865,21,21,21,1,1,1,1,0,0,NA,NA,NA,NA,NA,NA,NA,NA,"G5"
"2638","UTEP","fbs","Conference USA",2022,4689890,"Zach Fryar",3,2,11,1.5,-0.320489901213138,-0.106829967071046,-0.160244950606569,20,6.66666666666667,10,0.666666666666667,2,3,0.666666666666667,0,0,NA,NA,NA,NA,NA,NA,NA,NA,"G5"
"2638","UTEP","fbs","Conference USA",2022,4875687,"Tyrin Smith",88,11,11,8,61.2538996311883,0.696067041263503,5.56853633010802,941,10.6931818181818,85.5454545454545,0.602272727272727,64,88,0.727272727272727,5,1,31,42,201,232,404,15.5,174,20.5,"G5"
"2638","UTEP","fbs","Conference USA",2022,4880664,"Jostein Clarke",3,1,11,3,-0.240167407181664,-0.080055802393888,-0.240167407181664,15,5,15,0.333333333333333,3,3,1,0,0,NA,NA,NA,NA,NA,NA,NA,NA,"G5"
"2638","UTEP","fbs","Conference USA",2022,5082289,"Kelly Akharaiyi",26,8,11,3.25,-3.42294657353584,-0.13165179128984,-0.42786832169198,176,6.76923076923077,22,0.384615384615385,18,26,0.692307692307692,0,2,573,572,576,557.5,454.5,531,508,517,"G5"
"2638","UTEP","fbs","Conference USA",2022,5088888,"Torrance Burgess Jr.",1,1,11,1,-0.205903872361105,-0.205903872361105,-0.205903872361105,13,13,13,0,1,1,1,0,0,NA,NA,NA,NA,NA,NA,NA,NA,"G5"
"264","Washington","fbs","Pac-12",2022,4360423,"Michael Penix Jr.",1,1,11,1,6.16147281437385,6.16147281437385,6.16147281437385,75,75,75,1,1,1,1,1,0,NA,NA,NA,NA,NA,NA,NA,NA,"P5"
"264","Washington","fbs","Pac-12",2022,4361095,"Richard Newton",4,4,11,1,3.76011072520102,0.940027681300256,0.940027681300256,59,14.75,14.75,0.5,3,4,0.75,1,0,NA,NA,NA,NA,NA,NA,NA,NA,"P5"
"264","Washington","fbs","Pac-12",2022,4361100,"Jack Westover",35,11,11,3.18181818181818,12.6478877954359,0.361368222726739,1.14980798140326,295,8.42857142857143,26.8181818181818,0.6,26,35,0.742857142857143,1,0,419,449,418,238,384,356.5,374,454,"P5"
"264","Washington","fbs","Pac-12",2022,4361112,"Devin Culp",35,11,11,3.18181818181818,16.2642048143629,0.464691566124654,1.47856407403299,237,6.77142857142857,21.5454545454545,0.542857142857143,25,35,0.714285714285714,1,0,362,410,348,377.5,421.5,443,507,524,"P5"
"264","Washington","fbs","Pac-12",2022,4370813,"Wayne Taulapapa",29,8,11,3.625,2.02535155719873,0.0698397088689216,0.253168944649841,201,6.93103448275862,25.125,0.379310344827586,20,29,0.689655172413793,1,0,535,533,534,560,460.5,497,499,481,"P5"
"264","Washington","fbs","Pac-12",2022,4427569,"Giles Jackson",25,10,11,2.5,17.4822088705305,0.699288354821219,1.74822088705305,223,8.92,22.3,0.64,22,25,0.88,1,0,338,365,197,162,102.5,467.5,326,514,"P5"
"264","Washington","fbs","Pac-12",2022,4429186,"Sam Adams II",6,4,11,1.5,4.99017528432269,0.831695880720448,1.24754382108067,35,5.83333333333333,8.75,0.5,5,6,0.833333333333333,2,0,NA,NA,NA,NA,NA,NA,NA,NA,"P5"
"264","Washington","fbs","Pac-12",2022,4429503,"Taj Davis",27,9,11,3,12.7837109269773,0.473470775073232,1.42041232521969,245,9.07407407407407,27.2222222222222,0.518518518518518,17,27,0.62962962962963,2,0,413,417,338,422,532,431.5,311,450,"P5"
"264","Washington","fbs","Pac-12",2022,4430565,"Will Nixon",10,4,11,2.5,1.69955383280103,0.169955383280103,0.424888458200256,61,6.1,15.25,0.5,6,10,0.6,0,0,NA,NA,NA,NA,NA,NA,NA,NA,"P5"
"264","Washington","fbs","Pac-12",2022,4430637,"Ja'Lynn Polk",52,11,11,4.72727272727273,37.5982133989969,0.723042565365325,3.41801939990881,602,11.5769230769231,54.7272727272727,0.557692307692308,35,52,0.673076923076923,5,0,125,170,184,343.5,492,102,114,154,"P5"
"264","Washington","fbs","Pac-12",2022,4430834,"Jalen McMillan",91,11,11,8.27272727272727,55.3151389201998,0.607858669452745,5.02864899274544,840,9.23076923076923,76.3636363636364,0.571428571428571,66,91,0.725274725274725,6,0,39,57,264,312,405,31.5,294,43.5,"P5"
"264","Washington","fbs","Pac-12",2022,4431299,"Rome Odunze",96,11,11,8.72727272727273,77.9413286991429,0.811888840616072,7.08557533628572,1090,11.3541666666667,99.0909090909091,0.677083333333333,70,96,0.729166666666667,7,0,6,9,132,111,403,5,133,3,"P5"
"264","Washington","fbs","Pac-12",2022,4569594,"Cameron Davis",19,7,11,2.71428571428571,-2.4610085980984,-0.129526768320969,-0.351572656871201,113,5.94736842105263,16.1428571428571,0.473684210526316,16,19,0.842105263157895,0,1,NA,NA,NA,NA,NA,NA,NA,NA,"P5"
"264","Washington","fbs","Pac-12",2022,4832800,"Denzel Boston",1,1,11,1,0.02814155480714,0.02814155480714,0.02814155480714,5,5,5,1,1,1,1,0,0,NA,NA,NA,NA,NA,NA,NA,NA,"P5"
"264","Washington","fbs","Pac-12",2022,4875343,"Brennan Holmes",1,1,11,1,-1.11773759136698,-1.11773759136698,-1.11773759136698,0,0,0,0,0,1,0,0,0,NA,NA,NA,NA,NA,NA,NA,NA,"P5"
"264","Washington","fbs","Pac-12",2022,4875350,"Quentin Moore",3,3,11,1,1.4284212743008,0.476140424766933,0.476140424766933,39,13,13,1,3,3,1,0,0,NA,NA,NA,NA,NA,NA,NA,NA,"P5"
"264","Washington","fbs","Pac-12",2022,4875351,"Griffin Waiss",1,1,11,1,1.13349466233378,1.13349466233378,1.13349466233378,21,21,21,1,1,1,1,0,0,NA,NA,NA,NA,NA,NA,NA,NA,"P5"
"2641","Texas Tech","fbs","Big 12",2022,4362162,"SaRodorick Thompson",25,9,10,2.77777777777778,-10.2996149698442,-0.411984598793768,-1.14440166331602,82,3.28,9.11111111111111,0.24,21,25,0.84,0,0,591,591,594,592,181,591,591,592,"P5"
"2641","Texas Tech","fbs","Big 12",2022,4368087,"Henry Teeter",5,3,10,1.66666666666667,4.85229570287973,0.970459140575946,1.61743190095991,30,6,10,0.6,3,5,0.6,1,0,NA,NA,NA,NA,NA,NA,NA,NA,"P5"
"2641","Texas Tech","fbs","Big 12",2022,4426364,"Baylor Cupp",12,6,10,2,9.98307890374172,0.831923241978476,1.66384648395695,108,9,18,0.666666666666667,10,12,0.833333333333333,1,0,NA,NA,NA,NA,NA,NA,NA,NA,"P5"
"2641","Texas Tech","fbs","Big 12",2022,4429299,"Tahj Brooks",26,8,10,3.25,-0.388987701187206,-0.0149610654302772,-0.0486234626484008,156,6,19.5,0.423076923076923,25,26,0.961538461538462,1,1,557,557,557,534.5,15.5,550.5,539,548,"P5"
"2641","Texas Tech","fbs","Big 12",2022,4429422,"Trey Cleveland",26,7,10,3.71428571428571,11.972578348251,0.460483782625039,1.71036833546443,264,10.1538461538462,37.7142857142857,0.538461538461538,19,26,0.730769230769231,0,0,432,373,358,390,399.5,401.5,227,307,"P5"
"2641","Texas Tech","fbs","Big 12",2022,4429773,"Loic Fouonji",26,9,10,2.88888888888889,13.5585171271859,0.521481427968687,1.50650190302065,227,8.73076923076923,25.2222222222222,0.615384615384615,22,26,0.846153846153846,1,1,405,404,309,200.5,166.5,463.5,351,479.5,"P5"
"2641","Texas Tech","fbs","Big 12",2022,4430656,"Myles Price",45,8,10,5.625,14.3522042036338,0.318937871191863,1.79402552545423,333,7.4,41.625,0.533333333333333,39,45,0.866666666666667,1,1,391,360,441,393.5,127.5,320,472,258,"P5"
"2641","Texas Tech","fbs","Big 12",2022,4432555,"J.J. Sparkman",16,5,10,3.2,12.0744001308869,0.754650008180433,2.41488002617739,143,8.9375,28.6,0.625,14,16,0.875,1,0,NA,NA,NA,NA,NA,NA,NA,NA,"P5"
"2641","Texas Tech","fbs","Big 12",2022,4565184,"Jerand Bradley",41,8,10,5.125,29.6704558161084,0.723669654051424,3.70880697701355,501,12.219512195122,62.625,0.682926829268293,32,41,0.780487804878049,3,0,202,139,183,97,297,158,80,99,"P5"
"2641","Texas Tech","fbs","Big 12",2022,4566094,"Jacob Rodriguez",3,1,10,3,-0.00527711538818215,-0.00175903846272738,-0.00527711538818215,15,5,15,0.333333333333333,1,3,0.333333333333333,0,0,NA,NA,NA,NA,NA,NA,NA,NA,"P5"
"2641","Texas Tech","fbs","Big 12",2022,4569393,"Xavier White",43,10,10,4.3,40.6209790494331,0.944673931382166,4.06209790494331,525,12.2093023255814,52.5,0.627906976744186,39,43,0.906976744186046,3,0,98,96,84,181,60,147,81,171.5,"P5"
"2641","Texas Tech","fbs","Big 12",2022,4592572,"Mason Tharp",15,6,10,2.5,5.64142187502571,0.376094791668381,0.940236979170951,78,5.2,13,0.4,10,15,0.666666666666667,0,0,NA,NA,NA,NA,NA,NA,NA,NA,"P5"
"2641","Texas Tech","fbs","Big 12",2022,4594319,"Brady Boyd",12,7,10,1.71428571428571,13.2732131018158,1.10610109181798,1.8961733002594,101,8.41666666666667,14.4285714285714,0.833333333333333,11,12,0.916666666666667,1,0,NA,NA,NA,NA,NA,NA,NA,NA,"P5"
"2641","Texas Tech","fbs","Big 12",2022,4686373,"Jordan Brown",5,2,10,2.5,-0.152852049946216,-0.0305704099892433,-0.0764260249731082,18,3.6,9,0.4,3,5,0.6,0,0,NA,NA,NA,NA,NA,NA,NA,NA,"P5"
"2641","Texas Tech","fbs","Big 12",2022,4690977,"Donovan Smith",2,2,10,1,8.35299096917169,4.17649548458585,4.17649548458585,69,34.5,34.5,1,2,2,1,2,0,NA,NA,NA,NA,NA,NA,NA,NA,"P5"
"2641","Texas Tech","fbs","Big 12",2022,4874627,"Nehemiah Martinez",3,2,10,1.5,-3.8078793481088,-1.26929311603627,-1.9039396740544,0,0,0,0,0,3,0,0,0,NA,NA,NA,NA,NA,NA,NA,NA,"P5"
"2649","Toledo","fbs","Mid-American",2022,4257257,"Jamal Turner",24,9,12,2.66666666666667,17.7935746176924,0.741398942403849,1.97706384641026,202,8.41666666666667,22.4444444444444,0.625,20,24,0.833333333333333,6,0,331,340,171,187.5,194,495.5,375,513,"G5"
"2649","Toledo","fbs","Mid-American",2022,4362248,"Anthony Torres",3,2,12,1.5,6.78049363577643,2.26016454525881,3.39024681788822,45,15,22.5,1,3,3,1,0,0,NA,NA,NA,NA,NA,NA,NA,NA,"G5"
"2649","Toledo","fbs","Mid-American",2022,4362293,"Adam Beale",2,1,12,2,2.42653249724349,1.21326624862175,2.42653249724349,30,15,30,0.5,2,2,1,0,0,NA,NA,NA,NA,NA,NA,NA,NA,"G5"
"2649","Toledo","fbs","Mid-American",2022,4401311,"Devin Maddox",50,11,12,4.54545454545455,28.2115807112301,0.564231614224603,2.56468915556638,527,10.54,47.9090909090909,0.6,36,50,0.72,2,0,215,265,285,238,413.5,145.5,196,204,"G5"
"2649","Toledo","fbs","Mid-American",2022,4427191,"Dequan Finn",3,2,12,1.5,15.4082931966958,5.13609773223195,7.70414659834792,101,33.6666666666667,50.5,1,3,3,1,3,0,NA,NA,NA,NA,NA,NA,NA,NA,"G5"
"2649","Toledo","fbs","Mid-American",2022,4428606,"Jacquez Stuart",9,7,12,1.28571428571429,-0.836497201476363,-0.0929441334973737,-0.119499600210909,38,4.22222222222222,5.42857142857143,0.333333333333333,7,9,0.777777777777778,0,0,NA,NA,NA,NA,NA,NA,NA,NA,"G5"
"2649","Toledo","fbs","Mid-American",2022,4429284,"DeMeer Blankumsee",36,8,12,4.5,34.8573037508856,0.9682584375246,4.3571629688607,446,12.3888888888889,55.75,0.722222222222222,31,36,0.861111111111111,3,1,149,88,75,56,139.5,203.5,70,143,"G5"
"2649","Toledo","fbs","Mid-American",2022,4429287,"Peny Boone",14,5,12,2.8,4.00068875238511,0.285763482313222,0.800137750477021,84,6,16.8,0.428571428571429,9,14,0.642857142857143,0,0,NA,NA,NA,NA,NA,NA,NA,NA,"G5"
"2649","Toledo","fbs","Mid-American",2022,4429976,"Micah Kelly",13,7,12,1.85714285714286,6.19840098839179,0.476800076030138,0.885485855484541,68,5.23076923076923,9.71428571428571,0.615384615384615,12,13,0.923076923076923,1,0,NA,NA,NA,NA,NA,NA,NA,NA,"G5"
"2649","Toledo","fbs","Mid-American",2022,4430254,"Jerjuan Newton",57,11,12,5.18181818181818,40.4499352107831,0.709647986154089,3.67726683734392,705,12.3684210526316,64.0909090909091,0.666666666666667,44,57,0.771929824561403,7,2,101,144,191,123.5,313.5,66,71,86,"G5"
"2649","Toledo","fbs","Mid-American",2022,4569350,"Mikel Barkley",32,9,12,3.55555555555556,13.9476472246221,0.435863975769442,1.54973858051357,270,8.4375,30,0.5625,20,32,0.625,3,0,399,400,367,327.5,535,394.5,372,408,"G5"
"2649","Toledo","fbs","Mid-American",2022,4590295,"Thomas Zsiros",15,8,12,1.875,7.80554403167942,0.520369602111961,0.975693003959927,131,8.73333333333333,16.375,0.466666666666667,7,15,0.466666666666667,0,0,NA,NA,NA,NA,NA,NA,NA,NA,"G5"
"2649","Toledo","fbs","Mid-American",2022,4686284,"Larry Stephens",2,1,12,2,0.834918187704708,0.417459093852354,0.834918187704708,23,11.5,23,0.5,2,2,1,0,0,NA,NA,NA,NA,NA,NA,NA,NA,"G5"
"2649","Toledo","fbs","Mid-American",2022,4687415,"Lenny Kuhl",3,3,12,1,1.96996475810101,0.656654919367004,0.656654919367004,13,4.33333333333333,4.33333333333333,0.666666666666667,3,3,1,2,0,NA,NA,NA,NA,NA,NA,NA,NA,"G5"
"2649","Toledo","fbs","Mid-American",2022,4837200,"Junior Vandeross",1,1,12,1,-0.161435124233985,-0.161435124233985,-0.161435124233985,18,18,18,0,1,1,1,0,0,NA,NA,NA,NA,NA,NA,NA,NA,"G5"
"265","Washington State","fbs","Pac-12",2022,4055165,"Renard Bell",23,4,11,5.75,12.3246984879897,0.535856455999553,3.08117462199743,237,10.304347826087,59.25,0.565217391304348,21,23,0.91304347826087,0,0,427,197,301,322,50.5,443,216,118,"P5"
"265","Washington State","fbs","Pac-12",2022,4241597,"Daiyan Henley",1,1,11,1,4.64935757610664,4.64935757610664,4.64935757610664,36,36,36,1,1,1,1,0,0,NA,NA,NA,NA,NA,NA,NA,NA,"P5"
"265","Washington State","fbs","Pac-12",2022,4372568,"Nakia Watson",26,8,11,3.25,17.6607840800353,0.679260926155206,2.20759801000442,259,9.96153846153846,32.375,0.653846153846154,26,26,1,3,0,334,315,214,139,6.5,411,237.5,378,"P5"
"265","Washington State","fbs","Pac-12",2022,4428163,"Donovan Ollie",39,11,11,3.54545454545455,24.4828974443371,0.62776660113685,2.22571794948519,418,10.7179487179487,38,0.666666666666667,35,39,0.897435897435897,2,1,250,311,251,123.5,77,225,172,303.5,"P5"
"265","Washington State","fbs","Pac-12",2022,4428753,"Lincoln Victor",19,8,11,2.375,2.8267906800576,0.148778456845137,0.353348835007201,178,9.36842105263158,22.25,0.631578947368421,18,19,0.947368421052632,0,0,NA,NA,NA,NA,NA,NA,NA,NA,"P5"
"265","Washington State","fbs","Pac-12",2022,4579071,"Billy Riviere III",8,7,11,1.14285714285714,0.720232481429958,0.0900290601787448,0.102890354489994,55,6.875,7.85714285714286,0.5,8,8,1,0,0,NA,NA,NA,NA,NA,NA,NA,NA,"P5"
"265","Washington State","fbs","Pac-12",2022,4581625,"Drake Owen",1,1,11,1,-0.132185225888446,-0.132185225888446,-0.132185225888446,4,4,4,0,1,1,1,0,0,NA,NA,NA,NA,NA,NA,NA,NA,"P5"
"265","Washington State","fbs","Pac-12",2022,4683206,"Orion Peters",11,8,11,1.375,7.43511920017894,0.675919927288995,0.929389900022368,103,9.36363636363636,12.875,0.727272727272727,11,11,1,0,0,NA,NA,NA,NA,NA,NA,NA,NA,"P5"
"265","Washington State","fbs","Pac-12",2022,4687093,"Tsion Nunnally",5,3,11,1.66666666666667,1.93780955439188,0.387561910878376,0.645936518130626,61,12.2,20.3333333333333,0.4,5,5,1,0,0,NA,NA,NA,NA,NA,NA,NA,NA,"P5"
"265","Washington State","fbs","Pac-12",2022,4687189,"Josh Meredith",1,1,11,1,-0.202056222819659,-0.202056222819659,-0.202056222819659,5,5,5,0,1,1,1,0,0,NA,NA,NA,NA,NA,NA,NA,NA,"P5"
"265","Washington State","fbs","Pac-12",2022,4688367,"Robert Ferrel",47,10,11,4.7,32.3512287687175,0.688324016355692,3.23512287687175,499,10.6170212765957,49.9,0.531914893617021,44,47,0.936170212765957,2,0,168,182,205,395.5,34,159,181,187,"P5"
"265","Washington State","fbs","Pac-12",2022,4688380,"Cameron Ward",11,5,11,2.2,18.035938524307,1.639630774937,3.6071877048614,109,9.90909090909091,21.8,0.909090909090909,11,11,1,10,0,NA,NA,NA,NA,NA,NA,NA,NA,"P5"
"265","Washington State","fbs","Pac-12",2022,4697630,"Cooper Mathers",1,1,11,1,-0.64639028028966,-0.64639028028966,-0.64639028028966,0,0,0,0,1,1,1,0,0,NA,NA,NA,NA,NA,NA,NA,NA,"P5"
"265","Washington State","fbs","Pac-12",2022,4697633,"Dylan Paine",4,2,11,2,-0.653789574771371,-0.163447393692843,-0.326894787385685,33,8.25,16.5,0.25,4,4,1,0,0,NA,NA,NA,NA,NA,NA,NA,NA,"P5"
"265","Washington State","fbs","Pac-12",2022,4710714,"De'Zhaun Stribling",40,11,11,3.63636363636364,36.8199722106365,0.920499305265913,3.34727020096696,496,12.4,45.0909090909091,0.775,40,40,1,1,0,132,175,90,21,6.5,163,69,228.5,"P5"
"265","Washington State","fbs","Pac-12",2022,4875358,"Anderson Grover",5,4,11,1.25,7.74617694283383,1.54923538856677,1.93654423570846,51,10.2,12.75,1,5,5,1,1,0,NA,NA,NA,NA,NA,NA,NA,NA,"P5"
"265","Washington State","fbs","Pac-12",2022,4907415,"Leyton Smithson",26,9,11,2.88888888888889,19.4596348988388,0.748447496109183,2.16218165542653,215,8.26923076923077,23.8888888888889,0.615384615384615,26,26,1,0,0,311,318,165,200.5,6.5,480,391,494,"P5"
"265","Washington State","fbs","Pac-12",2022,4915980,"John Mateer",1,1,11,1,2.06594168775411,2.06594168775411,2.06594168775411,27,27,27,1,1,1,1,1,0,NA,NA,NA,NA,NA,NA,NA,NA,"P5"
"265","Washington State","fbs","Pac-12",2022,4916885,"Jaylen Jenkins",14,7,11,2,-1.58594663923024,-0.11328190280216,-0.22656380560432,90,6.42857142857143,12.8571428571429,0.214285714285714,11,14,0.785714285714286,1,0,NA,NA,NA,NA,NA,NA,NA,NA,"P5"
"2653","Troy","fbs","Sun Belt",2022,4241724,"DK Billingsley",3,2,12,1.5,-0.667161284427639,-0.222387094809213,-0.33358064221382,16,5.33333333333333,8,0.333333333333333,3,3,1,0,0,NA,NA,NA,NA,NA,NA,NA,NA,"G5"
"2653","Troy","fbs","Sun Belt",2022,4361397,"Marcus Rogers",12,6,12,2,15.3732210887936,1.28110175739946,2.56220351479893,206,17.1666666666667,34.3333333333333,0.916666666666667,11,12,0.916666666666667,0,0,NA,NA,NA,NA,NA,NA,NA,NA,"G5"
"2653","Troy","fbs","Sun Belt",2022,4362723,"Gunnar Watson",1,1,12,1,2.27951512798422,2.27951512798422,2.27951512798422,7,7,7,1,1,1,1,1,0,NA,NA,NA,NA,NA,NA,NA,NA,"G5"
"2653","Troy","fbs","Sun Belt",2022,4362741,"Demontrez Brown",2,1,12,2,5.96106300941035,2.98053150470517,5.96106300941035,40,20,40,1,2,2,1,0,0,NA,NA,NA,NA,NA,NA,NA,NA,"G5"
"2653","Troy","fbs","Sun Belt",2022,4428931,"Jamontez Woods",6,2,12,3,1.80846844738518,0.30141140789753,0.90423422369259,34,5.66666666666667,17,0.5,4,6,0.666666666666667,0,0,NA,NA,NA,NA,NA,NA,NA,NA,"G5"
"2653","Troy","fbs","Sun Belt",2022,4430968,"Kimani Vidal",30,10,12,3,-9.63669429028088,-0.321223143009363,-0.963669429028088,145,4.83333333333333,14.5,0.266666666666667,26,30,0.866666666666667,0,1,589,587,591,590,127.5,557,576,580,"G5"
"2653","Troy","fbs","Sun Belt",2022,4570105,"RaJae' Johnson",35,11,12,3.18181818181818,41.6398975336842,1.18971135810526,3.78544523033493,592,16.9142857142857,53.8181818181818,0.742857142857143,30,35,0.857142857142857,5,0,90,129,28,35.5,147,109.5,6,160,"G5"
"2653","Troy","fbs","Sun Belt",2022,4572932,"Michael Vice",10,6,12,1.66666666666667,5.88552422402708,0.588552422402708,0.980920704004514,68,6.8,11.3333333333333,0.6,10,10,1,1,1,NA,NA,NA,NA,NA,NA,NA,NA,"G5"
"2653","Troy","fbs","Sun Belt",2022,4576119,"Deyunkrea Lewis",4,3,12,1.33333333333333,10.7599396783665,2.68998491959162,3.5866465594555,84,21,28,1,4,4,1,1,0,NA,NA,NA,NA,NA,NA,NA,NA,"G5"
"2653","Troy","fbs","Sun Belt",2022,4602785,"Peyton Higgins",4,2,12,2,-3.76334853593796,-0.940837133984489,-1.88167426796898,15,3.75,7.5,0,3,4,0.75,0,0,NA,NA,NA,NA,NA,NA,NA,NA,"G5"
"2653","Troy","fbs","Sun Belt",2022,4608793,"Jabre Barber",23,5,12,4.6,23.1139944846556,1.00495628194155,4.62279889693113,246,10.695652173913,49.2,0.652173913043478,20,23,0.869565217391304,1,0,270,78,59,143,121,429,173,192,"G5"
"2653","Troy","fbs","Sun Belt",2022,4608810,"Tez Johnson",59,12,12,4.91666666666667,71.6037396759656,1.2136227063723,5.96697830633047,830,14.0677966101695,69.1666666666667,0.728813559322034,53,59,0.898305084745763,4,0,11,33,23,50,74,33,28,69,"G5"
"2653","Troy","fbs","Sun Belt",2022,4872963,"Deshon Stoudemire",46,10,12,4.6,38.1351830976654,0.829025719514466,3.81351830976654,484,10.5217391304348,48.4,0.673913043478261,37,46,0.804347826086957,1,0,119,126,124,115,251.5,173.5,197,200,"G5"
"2653","Troy","fbs","Sun Belt",2022,4872966,"Clayton Ollendieck",3,3,12,1,1.61631503033414,0.538771676778047,0.538771676778047,20,6.66666666666667,6.66666666666667,0.666666666666667,3,3,1,0,0,NA,NA,NA,NA,NA,NA,NA,NA,"G5"
"2653","Troy","fbs","Sun Belt",2022,4912933,"Devonte Ross",14,8,12,1.75,7.60369786430831,0.543121276022022,0.950462233038539,148,10.5714285714286,18.5,0.5,14,14,1,0,0,NA,NA,NA,NA,NA,NA,NA,NA,"G5"
"2655","Tulane","fbs","American Athletic",2022,4243921,"Will Wallace",2,1,12,2,-3.33231134018668,-1.66615567009334,-3.33231134018668,16,8,16,0,2,2,1,0,1,NA,NA,NA,NA,NA,NA,NA,NA,"G5"
"2655","Tulane","fbs","American Athletic",2022,4361796,"Tyrick James",28,10,12,2.8,21.0244046423994,0.750871594371406,2.10244046423994,234,8.35714285714286,23.4,0.571428571428571,23,28,0.821428571428571,4,0,292,326,164,312,215.5,453,380,501,"G5"
"2655","Tulane","fbs","American Athletic",2022,4372769,"Lawrence Keys III",36,11,12,3.27272727272727,15.0562951370108,0.418230420472524,1.36875410336462,268,7.44444444444444,24.3636363636364,0.583333333333333,27,36,0.75,2,0,375,423,379,281.5,365,398.5,467,491,"G5"
"2655","Tulane","fbs","American Athletic",2022,4427575,"Jha'Quan Jackson",36,12,12,3,26.2512011745308,0.729200032625854,2.18760009787756,406,11.2777777777778,33.8333333333333,0.583333333333333,28,36,0.777777777777778,2,0,231,316,176,281.5,299.5,235,137,360,"G5"
"2655","Tulane","fbs","American Athletic",2022,4428557,"Tyjae Spears",23,10,12,2.3,5.73754374788911,0.249458423821266,0.573754374788911,221,9.60869565217391,22.1,0.652173913043478,20,23,0.869565217391304,1,1,498,512,478,143,121,471,265,516,"G5"
"2655","Tulane","fbs","American Athletic",2022,4432390,"Deajaun McDougle",30,8,12,3.75,-2.49772911527039,-0.0832576371756796,-0.312216139408799,189,6.3,23.625,0.4,20,30,0.666666666666667,1,0,566,567,568,548.5,499.5,508.5,531,496,"G5"
"2655","Tulane","fbs","American Athletic",2022,4432677,"Iverson Celestine",4,3,12,1.33333333333333,0.510198874253859,0.127549718563465,0.170066291417953,26,6.5,8.66666666666667,0.5,4,4,1,0,0,NA,NA,NA,NA,NA,NA,NA,NA,"G5"
"2655","Tulane","fbs","American Athletic",2022,4685037,"Duece Watts",46,11,12,4.18181818181818,32.1503466496291,0.698920579339763,2.92275878632992,544,11.8260869565217,49.4545454545455,0.58695652173913,30,46,0.652173913043478,7,0,173,218,198,269.5,509,137,98,190,"G5"
"2655","Tulane","fbs","American Athletic",2022,4685039,"Michael Pratt",1,1,12,1,3.55114750206749,3.55114750206749,3.55114750206749,30,30,30,1,1,1,1,1,0,NA,NA,NA,NA,NA,NA,NA,NA,"G5"
"2655","Tulane","fbs","American Athletic",2022,4685056,"Reggie Brown",4,3,12,1.33333333333333,-0.0904306965101145,-0.0226076741275286,-0.0301435655033715,12,3,4,0.25,3,4,0.75,1,0,NA,NA,NA,NA,NA,NA,NA,NA,"G5"
"2655","Tulane","fbs","American Athletic",2022,4686769,"Ashaad Clayton",2,1,12,2,1.14310476584356,0.571552382921782,1.14310476584356,22,11,22,1,2,2,1,0,0,NA,NA,NA,NA,NA,NA,NA,NA,"G5"
"2655","Tulane","fbs","American Athletic",2022,4705595,"Bryce Bohanon",3,2,12,1.5,5.61535965099206,1.87178655033069,2.80767982549603,50,16.6666666666667,25,0.666666666666667,3,3,1,0,0,NA,NA,NA,NA,NA,NA,NA,NA,"G5"
"2655","Tulane","fbs","American Athletic",2022,4708067,"Kai Horton",1,1,12,1,-1.28307376676149,-1.28307376676149,-1.28307376676149,-4,-4,-4,0,1,1,1,0,0,NA,NA,NA,NA,NA,NA,NA,NA,"G5"
"2655","Tulane","fbs","American Athletic",2022,4832029,"Alex Bauman",6,2,12,3,3.52815291167337,0.588025485278896,1.76407645583669,66,11,33,0.666666666666667,5,6,0.833333333333333,0,0,NA,NA,NA,NA,NA,NA,NA,NA,"G5"
"2655","Tulane","fbs","American Athletic",2022,4875825,"Shae Wyatt",38,12,12,3.16666666666667,36.2184353396235,0.953116719463777,3.01820294496863,548,14.4210526315789,45.6666666666667,0.631578947368421,29,38,0.763157894736842,6,0,139,203,80,174,326.5,135.5,25,220,"G5"
"2711","Western Michigan","fbs","Mid-American",2022,4250162,"Josh Burgett",3,3,9,1,4.27949983512611,1.42649994504204,1.42649994504204,45,15,15,1,3,3,1,0,0,NA,NA,NA,NA,NA,NA,NA,NA,"G5"
"2711","Western Michigan","fbs","Mid-American",2022,4360225,"Jehlani Galloway",40,6,9,6.66666666666667,7.80824482638142,0.195206120659536,1.30137413773024,270,6.75,45,0.425,19,40,0.475,0,0,480,433,501,530.5,590,394.5,509.5,230,"G5"
"2711","Western Michigan","fbs","Mid-American",2022,4372579,"A.J. Abbott",8,3,9,2.66666666666667,-4.01172370087994,-0.501465462609993,-1.33724123362665,30,3.75,10,0.375,4,8,0.5,0,0,NA,NA,NA,NA,NA,NA,NA,NA,"G5"
"2711","Western Michigan","fbs","Mid-American",2022,4382468,"La'Darius Jefferson",9,4,9,2.25,-5.49919988997553,-0.611022209997281,-1.37479997249388,17,1.88888888888889,4.25,0.111111111111111,3,9,0.333333333333333,0,0,NA,NA,NA,NA,NA,NA,NA,NA,"G5"
"2711","Western Michigan","fbs","Mid-American",2022,4428732,"Sean Tyler",18,8,9,2.25,0.858530283479294,0.0476961268599608,0.107316285434912,32,1.77777777777778,4,0.388888888888889,10,18,0.555555555555556,0,0,546,546,543,554,569,595,595,595,"G5"
"2711","Western Michigan","fbs","Mid-American",2022,4429479,"Corey Crooms",78,9,9,8.66666666666667,26.925428643544,0.345197803122359,2.99171429372712,597,7.65384615384615,66.3333333333333,0.423076923076923,42,78,0.538461538461538,3,0,226,209,429,534.5,578.5,105,450,75,"G5"
"2711","Western Michigan","fbs","Mid-American",2022,4430699,"Jack Salopek",1,1,9,1,2.13662775332222,2.13662775332222,2.13662775332222,12,12,12,1,1,1,1,1,0,NA,NA,NA,NA,NA,NA,NA,NA,"G5"
"2711","Western Michigan","fbs","Mid-American",2022,4432367,"Kaevion Mack",2,1,9,2,0.215352927709634,0.107676463854817,0.215352927709634,9,4.5,9,0.5,1,2,0.5,0,0,NA,NA,NA,NA,NA,NA,NA,NA,"G5"
"2711","Western Michigan","fbs","Mid-American",2022,4565361,"Anthony Sambucci",33,8,9,4.125,16.4071370635909,0.497185971623965,2.05089213294886,272,8.24242424242424,34,0.484848484848485,17,33,0.515151515151515,2,0,360,331,322,459.5,586,389.5,393,358.5,"G5"
"2711","Western Michigan","fbs","Mid-American",2022,4682904,"Zahir Abdus-Salaam",3,3,9,1,-2.55213903518002,-0.850713011726675,-0.850713011726675,-2,-0.666666666666667,-0.666666666666667,0,1,3,0.333333333333333,0,0,NA,NA,NA,NA,NA,NA,NA,NA,"G5"
"2711","Western Michigan","fbs","Mid-American",2022,4710744,"Malique Dieudonne",10,2,9,5,-2.88271407193988,-0.288271407193988,-1.44135703596994,32,3.2,16,0.2,3,10,0.3,0,0,NA,NA,NA,NA,NA,NA,NA,NA,"G5"
"2711","Western Michigan","fbs","Mid-American",2022,4808740,"Nate Anderson",11,2,9,5.5,-2.62636600592848,-0.238760545993498,-1.31318300296424,44,4,22,0.363636363636364,7,11,0.636363636363636,0,0,NA,NA,NA,NA,NA,NA,NA,NA,"G5"
"2711","Western Michigan","fbs","Mid-American",2022,4880449,"Blake Bosma",22,5,9,4.4,12.281086204387,0.558231191108499,2.45621724087739,157,7.13636363636364,31.4,0.5,20,22,0.909090909090909,1,0,428,280,286,445.5,56.5,549,492,391,"G5"
"275","Wisconsin","fbs","Big Ten",2022,4372561,"Isaac Guerendo",20,7,11,2.85714285714286,-2.28386487369983,-0.114193243684992,-0.326266410528547,109,5.45,15.5714285714286,0.25,16,20,0.8,1,0,NA,NA,NA,NA,NA,NA,NA,NA,"P5"
"275","Wisconsin","fbs","Big Ten",2022,4372572,"Jack Eschenbach",15,5,11,3,2.99782123719935,0.199854749146623,0.59956424743987,83,5.53333333333333,16.6,0.6,11,15,0.733333333333333,0,0,NA,NA,NA,NA,NA,NA,NA,NA,"P5"
"275","Wisconsin","fbs","Big Ten",2022,4372573,"Jaylan Franklin",2,2,11,1,2.81021715880624,1.40510857940312,1.40510857940312,40,20,20,1,2,2,1,0,0,NA,NA,NA,NA,NA,NA,NA,NA,"P5"
"275","Wisconsin","fbs","Big Ten",2022,4426335,"Graham Mertz",6,2,11,3,18.225938409616,3.03765640160266,9.11296920480799,130,21.6666666666667,65,1,6,6,1,6,0,NA,NA,NA,NA,NA,NA,NA,NA,"P5"
"275","Wisconsin","fbs","Big Ten",2022,4427002,"Clay Cundiff",5,2,11,2.5,2.61539738303266,0.523079476606533,1.30769869151633,60,12,30,0.6,3,5,0.6,0,0,NA,NA,NA,NA,NA,NA,NA,NA,"P5"
"275","Wisconsin","fbs","Big Ten",2022,4427151,"Dean Engram",15,6,11,2.5,7.76757491647105,0.517838327764736,1.29459581941184,152,10.1333333333333,25.3333333333333,0.6,13,15,0.866666666666667,0,0,NA,NA,NA,NA,NA,NA,NA,NA,"P5"
"275","Wisconsin","fbs","Big Ten",2022,4428396,"Hayden Rucci",2,1,11,2,1.54114070868663,0.770570354343315,1.54114070868663,20,10,20,1,2,2,1,0,0,NA,NA,NA,NA,NA,NA,NA,NA,"P5"
"275","Wisconsin","fbs","Big Ten",2022,4431152,"Jackson Acker",5,4,11,1.25,6.03003142820748,1.2060062856415,1.50750785705187,73,14.6,18.25,1,5,5,1,1,0,NA,NA,NA,NA,NA,NA,NA,NA,"P5"
"275","Wisconsin","fbs","Big Ten",2022,4431268,"Chimere Dike",47,10,11,4.7,24.3682908315313,0.518474273011305,2.43682908315313,416,8.85106382978723,41.6,0.595744680851064,34,47,0.723404255319149,0,0,252,282,315,247,411,228,335,259,"P5"
"275","Wisconsin","fbs","Big Ten",2022,4431646,"Keontez Lewis",28,11,11,2.54545454545455,27.3784550191412,0.97780196496933,2.48895045628557,287,10.25,26.0909090909091,0.607142857142857,17,28,0.607142857142857,3,0,222,277,70,219,546.5,367.5,221,465,"P5"
"275","Wisconsin","fbs","Big Ten",2022,4603185,"Markus Allen",8,3,11,2.66666666666667,-1.96328077923692,-0.245410097404615,-0.654426926412305,32,4,10.6666666666667,0.375,3,8,0.375,0,0,NA,NA,NA,NA,NA,NA,NA,NA,"P5"
"275","Wisconsin","fbs","Big Ten",2022,4683153,"Skyler Bell",34,10,11,3.4,26.4664084403449,0.778423777657203,2.64664084403449,387,11.3823529411765,38.7,0.676470588235294,25,34,0.735294117647059,4,1,228,252,152,112.5,396,259,128,293,"P5"
"275","Wisconsin","fbs","Big Ten",2022,4685247,"Braelon Allen",13,6,11,2.16666666666667,8.16455649304685,0.62804280715745,1.36075941550781,127,9.76923076923077,21.1666666666667,0.461538461538462,12,13,0.923076923076923,1,0,NA,NA,NA,NA,NA,NA,NA,NA,"P5"
"2751","Wyoming","fbs","Mountain West",2022,4361607,"Andrew Peasley",1,1,10,1,2.5406434314524,2.5406434314524,2.5406434314524,13,13,13,1,1,1,1,1,0,NA,NA,NA,NA,NA,NA,NA,NA,"G5"
"2751","Wyoming","fbs","Mountain West",2022,4361704,"Jackson Marcotte",3,3,10,1,-0.600642607000264,-0.200214202333421,-0.200214202333421,11,3.66666666666667,3.66666666666667,0.333333333333333,3,3,1,0,0,NA,NA,NA,NA,NA,NA,NA,NA,"G5"
"2751","Wyoming","fbs","Mountain West",2022,4426902,"Parker Christensen",14,6,10,2.33333333333333,4.70427885342558,0.336019918101827,0.78404647557093,114,8.14285714285714,19,0.642857142857143,12,14,0.857142857142857,0,0,NA,NA,NA,NA,NA,NA,NA,NA,"G5"
"2751","Wyoming","fbs","Mountain West",2022,4430551,"Titus Swen",15,8,10,1.875,1.74790160333134,0.116526773555423,0.218487700416417,106,7.06666666666667,13.25,0.466666666666667,13,15,0.866666666666667,0,0,NA,NA,NA,NA,NA,NA,NA,NA,"G5"
"2751","Wyoming","fbs","Mountain West",2022,4430684,"Treyton Welch",16,8,10,2,26.1980259169713,1.6373766198107,3.27475323962141,213,13.3125,26.625,0.8125,16,16,1,4,0,NA,NA,NA,NA,NA,NA,NA,NA,"G5"
"2751","Wyoming","fbs","Mountain West",2022,4569896,"Alex Brown",2,2,10,1,4.97454514065853,2.48727257032926,2.48727257032926,37,18.5,18.5,1,2,2,1,1,0,NA,NA,NA,NA,NA,NA,NA,NA,"G5"
"2751","Wyoming","fbs","Mountain West",2022,4569909,"Ryan Marquez",2,2,10,1,-0.1511674829524,-0.0755837414762,-0.0755837414762,6,3,3,0.5,1,2,0.5,0,0,NA,NA,NA,NA,NA,NA,NA,NA,"G5"
"2751","Wyoming","fbs","Mountain West",2022,4569912,"Wyatt Wieland",20,7,10,2.85714285714286,21.1089341108101,1.0554467055405,3.01556201583001,236,11.8,33.7142857142857,0.7,16,20,0.8,1,1,290,205,47,76.5,260,446,101,362,"G5"
"2751","Wyoming","fbs","Mountain West",2022,4608602,"Joseph Braasch",2,2,10,1,0.0701152974835825,0.0350576487417913,0.0350576487417913,14,7,7,1,2,2,1,0,0,NA,NA,NA,NA,NA,NA,NA,NA,"G5"
"2751","Wyoming","fbs","Mountain West",2022,4608605,"Nick Miles",1,1,10,1,0.60861828178305,0.60861828178305,0.60861828178305,11,11,11,1,1,1,1,0,0,NA,NA,NA,NA,NA,NA,NA,NA,"G5"
"2751","Wyoming","fbs","Mountain West",2022,4613193,"Joshua Cobbs",34,10,10,3.4,24.2855744461814,0.714281601358275,2.42855744461814,349,10.2647058823529,34.9,0.735294117647059,28,34,0.823529411764706,2,0,254,284,187,43,212,302,219,339,"G5"
"2751","Wyoming","fbs","Mountain West",2022,4682775,"D.Q. James",2,2,10,1,0.252032159605913,0.126016079802957,0.126016079802957,25,12.5,12.5,0.5,2,2,1,0,0,NA,NA,NA,NA,NA,NA,NA,NA,"G5"
"2751","Wyoming","fbs","Mountain West",2022,4686454,"Colin O'Brien",4,3,10,1.33333333333333,6.75425851030095,1.68856462757524,2.25141950343365,83,20.75,27.6666666666667,0.75,4,4,1,0,0,NA,NA,NA,NA,NA,NA,NA,NA,"G5"
"2751","Wyoming","fbs","Mountain West",2022,4699805,"Will Pelissier",7,3,10,2.33333333333333,7.28149592537444,1.04021370362492,2.42716530845815,94,13.4285714285714,31.3333333333333,0.714285714285714,7,7,1,1,0,NA,NA,NA,NA,NA,NA,NA,NA,"G5"
"2751","Wyoming","fbs","Mountain West",2022,4708490,"Johnmichael Gyllenborg",3,1,10,3,2.88997594412896,0.963325314709653,2.88997594412896,21,7,21,0.666666666666667,3,3,1,0,0,NA,NA,NA,NA,NA,NA,NA,NA,"G5"
"276","Marshall","fbs","Sun Belt",2022,4240022,"Khalan Laborn",14,7,9,2,-4.63044280927251,-0.330745914948037,-0.661491829896073,93,6.64285714285714,13.2857142857143,0.642857142857143,10,14,0.714285714285714,0,0,NA,NA,NA,NA,NA,NA,NA,NA,"G5"
"276","Marshall","fbs","Sun Belt",2022,4261933,"Devin Miller",9,6,9,1.5,12.2982159000852,1.3664684333428,2.0497026500142,78,8.66666666666667,13,0.888888888888889,9,9,1,1,0,NA,NA,NA,NA,NA,NA,NA,NA,"G5"
"276","Marshall","fbs","Sun Belt",2022,4370348,"Corey Gammage",44,9,9,4.88888888888889,17.443716737582,0.396448107672319,1.93819074862023,495,11.25,55,0.522727272727273,33,44,0.75,1,2,339,345,393,409,365,165,138,151.5,"G5"
"276","Marshall","fbs","Sun Belt",2022,4370353,"Talik Keaton",22,6,9,3.66666666666667,-4.47043806230195,-0.203201730104634,-0.745073010383658,138,6.27272727272727,23,0.409090909090909,13,22,0.590909090909091,0,0,578,585,584,543,555.5,562,533,505.5,"G5"
"276","Marshall","fbs","Sun Belt",2022,4370358,"Caleb McMillan",10,4,9,2.5,13.5526912766054,1.35526912766054,3.38817281915135,173,17.3,43.25,0.7,9,10,0.9,1,0,NA,NA,NA,NA,NA,NA,NA,NA,"G5"
"276","Marshall","fbs","Sun Belt",2022,4431632,"Caleb Coombs",1,1,9,1,0.658261412762842,0.658261412762842,0.658261412762842,7,7,7,1,1,1,1,0,0,NA,NA,NA,NA,NA,NA,NA,NA,"G5"
"276","Marshall","fbs","Sun Belt",2022,4567545,"Jayden Harrison",11,6,9,1.83333333333333,-1.85533040061297,-0.168666400055725,-0.309221733435495,85,7.72727272727273,14.1666666666667,0.363636363636364,10,11,0.909090909090909,0,0,NA,NA,NA,NA,NA,NA,NA,NA,"G5"
"276","Marshall","fbs","Sun Belt",2022,4608533,"E.J. Horton",16,4,9,4,7.88722977352818,0.492951860845511,1.97180744338204,180,11.25,45,0.5,11,16,0.6875,1,0,NA,NA,NA,NA,NA,NA,NA,NA,"G5"
"276","Marshall","fbs","Sun Belt",2022,4684939,"Bryan Robinson",1,1,9,1,2.31538143639868,2.31538143639868,2.31538143639868,15,15,15,1,1,1,1,0,0,NA,NA,NA,NA,NA,NA,NA,NA,"G5"
"276","Marshall","fbs","Sun Belt",2022,4690013,"Rasheen Ali",2,2,9,1,2.44252757943561,1.2212637897178,1.2212637897178,10,5,5,1,2,2,1,1,0,NA,NA,NA,NA,NA,NA,NA,NA,"G5"
"276","Marshall","fbs","Sun Belt",2022,4690026,"Shadeed Ahmed",15,8,9,1.875,5.77578554719493,0.385052369812995,0.721973193399366,132,8.8,16.5,0.733333333333333,13,15,0.866666666666667,1,0,NA,NA,NA,NA,NA,NA,NA,NA,"G5"
"276","Marshall","fbs","Sun Belt",2022,4709672,"Ethan Payne",8,5,9,1.6,3.63564741738041,0.454455927172551,0.727129483476081,54,6.75,10.8,0.5,7,8,0.875,0,0,NA,NA,NA,NA,NA,NA,NA,NA,"G5"
"276","Marshall","fbs","Sun Belt",2022,4880845,"Charles Montgomery",26,8,9,3.25,4.37906667248519,0.16842564124943,0.547383334060649,206,7.92307692307692,25.75,0.461538461538462,21,26,0.807692307692308,1,0,513,516,508,498.5,241.5,488.5,426,474,"G5"
"276","Marshall","fbs","Sun Belt",2022,5082548,"A.J. Turner",2,2,9,1,-1.42646443269944,-0.713232216349722,-0.713232216349722,2,1,1,0,2,2,1,0,0,NA,NA,NA,NA,NA,NA,NA,NA,"G5"
"277","West Virginia","fbs","Big 12",2022,4240654,"Brian Polendey",6,5,11,1.2,2.62207062260202,0.437011770433671,0.524414124520405,36,6,7.2,0.5,6,6,1,0,0,NA,NA,NA,NA,NA,NA,NA,NA,"P5"
"277","West Virginia","fbs","Big 12",2022,4362208,"Sam James",56,11,11,5.09090909090909,51.8446372379737,0.925797093535245,4.71314883981579,633,11.3035714285714,57.5454545454545,0.607142857142857,43,56,0.767857142857143,5,0,51,72,88,219,321,89.5,135,125.5,"P5"
"277","West Virginia","fbs","Big 12",2022,4362217,"Mike O'Laughlin",6,2,11,3,0.392684312449321,0.0654473854082202,0.196342156224661,65,10.8333333333333,32.5,0.666666666666667,4,6,0.666666666666667,0,0,NA,NA,NA,NA,NA,NA,NA,NA,"P5"
"277","West Virginia","fbs","Big 12",2022,4362227,"Bryce Wheaton",75,11,11,6.81818181818182,31.5742441871907,0.420989922495876,2.87038583519916,548,7.30666666666667,49.8181818181818,0.52,55,75,0.733333333333333,4,0,178,224,378,418,397,135.5,481,188,"P5"
"277","West Virginia","fbs","Big 12",2022,4374303,"JT Daniels",6,3,11,2,25.9475738189407,4.32459563649012,8.64919127298025,183,30.5,61,1,6,6,1,6,0,NA,NA,NA,NA,NA,NA,NA,NA,"P5"
"277","West Virginia","fbs","Big 12",2022,4427916,"Tony Mathis",7,5,11,1.4,1.23217272168634,0.17602467452662,0.246434544337267,19,2.71428571428571,3.8,0.285714285714286,7,7,1,0,0,NA,NA,NA,NA,NA,NA,NA,NA,"P5"
"277","West Virginia","fbs","Big 12",2022,4429847,"Garrett Greene",5,4,11,1.25,5.50581635802053,1.10116327160411,1.37645408950513,40,8,10,0.8,5,5,1,1,0,NA,NA,NA,NA,NA,NA,NA,NA,"P5"
"277","West Virginia","fbs","Big 12",2022,4430747,"Reese Smith",18,10,11,1.8,4.92031125618061,0.273350625343367,0.492031125618061,147,8.16666666666667,14.7,0.611111111111111,15,18,0.833333333333333,0,0,NA,NA,NA,NA,NA,NA,NA,NA,"P5"
"277","West Virginia","fbs","Big 12",2022,4431509,"Kaden Prather",53,9,11,5.88888888888889,23.3950549456023,0.441416131049099,2.59945054951136,428,8.07547169811321,47.5555555555556,0.547169811320755,45,53,0.849056603773585,1,1,263,256,364,370.5,161,215,406,207,"P5"
"277","West Virginia","fbs","Big 12",2022,4569663,"Justin Johnson",7,5,11,1.4,-1.21088157351319,-0.172983081930456,-0.242176314702639,41,5.85714285714286,8.2,0.142857142857143,7,7,1,0,0,NA,NA,NA,NA,NA,NA,NA,NA,"P5"
"277","West Virginia","fbs","Big 12",2022,4619186,"Treylan Davis",5,4,11,1.25,6.07458232585951,1.2149164651719,1.51864558146488,51,10.2,12.75,0.8,5,5,1,0,0,NA,NA,NA,NA,NA,NA,NA,NA,"P5"
"277","West Virginia","fbs","Big 12",2022,4691003,"Preston Fox",2,1,11,2,-0.996903845407434,-0.498451922703717,-0.996903845407434,9,4.5,9,0.5,2,2,1,0,0,NA,NA,NA,NA,NA,NA,NA,NA,"P5"
"277","West Virginia","fbs","Big 12",2022,4913159,"Jaylen Anderson",1,1,11,1,0.34660056910627,0.34660056910627,0.34660056910627,15,15,15,1,1,1,1,0,0,NA,NA,NA,NA,NA,NA,NA,NA,"P5"
"277","West Virginia","fbs","Big 12",2022,5081996,"Jeremiah Aaron",10,6,11,1.66666666666667,5.78769743745816,0.578769743745816,0.96461623957636,95,9.5,15.8333333333333,0.7,8,10,0.8,0,0,NA,NA,NA,NA,NA,NA,NA,NA,"P5"
"277","West Virginia","fbs","Big 12",2022,5081997,"Cortez Braham",9,6,11,1.5,11.7255344651834,1.30283716279816,1.95425574419724,87,9.66666666666667,14.5,0.888888888888889,9,9,1,0,0,NA,NA,NA,NA,NA,NA,NA,NA,"P5"
"277","West Virginia","fbs","Big 12",2022,5081999,"CJ Donaldson",10,5,11,2,-3.75562256743503,-0.375562256743503,-0.751124513487005,17,1.7,3.4,0.2,10,10,1,0,0,NA,NA,NA,NA,NA,NA,NA,NA,"P5"
"278","Fresno State","fbs","Mountain West",2022,4243001,"Zane Pope",40,8,11,5,37.9643137392066,0.949107843480165,4.74553921740082,457,11.425,57.125,0.85,38,40,0.95,2,0,121,69,82,5.5,29,191.5,126,132,"G5"
"278","Fresno State","fbs","Mountain West",2022,4243004,"Jordan Mims",12,5,11,2.4,-4.80294915107635,-0.400245762589696,-0.96058983021527,63,5.25,12.6,0.25,12,12,1,0,0,NA,NA,NA,NA,NA,NA,NA,NA,"G5"
"278","Fresno State","fbs","Mountain West",2022,4243322,"Jake Haener",1,1,11,1,5.28033680279722,5.28033680279722,5.28033680279722,39,39,39,1,1,1,1,1,0,NA,NA,NA,NA,NA,NA,NA,NA,"G5"
"278","Fresno State","fbs","Mountain West",2022,4243323,"Ty Jones",4,3,11,1.33333333333333,0.910964977679913,0.227741244419978,0.303654992559971,32,8,10.6666666666667,0.75,4,4,1,0,0,NA,NA,NA,NA,NA,NA,NA,NA,"G5"
"278","Fresno State","fbs","Mountain West",2022,4249119,"Elijah Gates",1,1,11,1,0.044507433506741,0.044507433506741,0.044507433506741,5,5,5,1,1,1,1,0,0,NA,NA,NA,NA,NA,NA,NA,NA,"G5"
"278","Fresno State","fbs","Mountain West",2022,4361319,"Erik Brooks",27,10,11,2.7,16.5609395855542,0.613368132798305,1.65609395855542,228,8.44444444444444,22.8,0.62962962962963,24,27,0.888888888888889,2,0,358,385,258,176.5,88,461.5,371,509,"G5"
"278","Fresno State","fbs","Mountain West",2022,4372716,"Nikko Remigio",59,11,11,5.36363636363636,40.6663506201661,0.689260180002815,3.69694096546964,599,10.1525423728814,54.4545454545455,0.677966101694915,54,59,0.915254237288136,5,1,96,141,204,108,47,104,228,156,"G5"
"278","Fresno State","fbs","Mountain West",2022,4426990,"Jalen Cropper",59,10,11,5.9,50.7760600986985,0.860611188113534,5.07760600986985,695,11.7796610169492,69.5,0.694915254237288,52,59,0.88135593220339,3,0,54,55,110,86,100,69,104,66,"G5"
"278","Fresno State","fbs","Mountain West",2022,4428203,"Raymond Pauwels Jr.",14,10,11,1.4,5.47469166699973,0.391049404785695,0.547469166699973,157,11.2142857142857,15.7,0.714285714285714,14,14,1,1,1,NA,NA,NA,NA,NA,NA,NA,NA,"G5"
"278","Fresno State","fbs","Mountain West",2022,4431053,"Mac Dalena",9,3,11,3,4.1466960578272,0.460744006425245,1.38223201927573,89,9.88888888888889,29.6666666666667,0.666666666666667,8,9,0.888888888888889,1,0,NA,NA,NA,NA,NA,NA,NA,NA,"G5"
"278","Fresno State","fbs","Mountain West",2022,4570460,"Bula Schmidt",1,1,11,1,-0.117769805834841,-0.117769805834841,-0.117769805834841,4,4,4,0,1,1,1,0,0,NA,NA,NA,NA,NA,NA,NA,NA,"G5"
"278","Fresno State","fbs","Mountain West",2022,4575558,"Josh Kelly",7,2,11,3.5,8.40647595614229,1.20092513659176,4.20323797807114,124,17.7142857142857,62,0.714285714285714,7,7,1,0,0,NA,NA,NA,NA,NA,NA,NA,NA,"G5"
"278","Fresno State","fbs","Mountain West",2022,4607267,"Malik Sherrod",6,4,11,1.5,-2.15047162409455,-0.358411937349091,-0.537617906023636,47,7.83333333333333,11.75,0.166666666666667,5,6,0.833333333333333,0,0,NA,NA,NA,NA,NA,NA,NA,NA,"G5"
"278","Fresno State","fbs","Mountain West",2022,4685784,"Tre Watson",9,4,11,2.25,5.98993181534888,0.665547979483209,1.49748295383722,82,9.11111111111111,20.5,0.888888888888889,9,9,1,0,0,NA,NA,NA,NA,NA,NA,NA,NA,"G5"
"278","Fresno State","fbs","Mountain West",2022,4880774,"Jake Boust",1,1,11,1,-0.323207212839514,-0.323207212839514,-0.323207212839514,3,3,3,0,1,1,1,0,0,NA,NA,NA,NA,NA,NA,NA,NA,"G5"
"290","Georgia Southern","fbs","Sun Belt",2022,4240253,"Jeremy Singleton",78,10,11,7.8,31.7543793477552,0.407107427535322,3.17543793477552,621,7.96153846153846,62.1,0.615384615384615,60,78,0.769230769230769,1,0,175,187,386,200.5,318,95.5,420,102.5,"G5"
"290","Georgia Southern","fbs","Sun Belt",2022,4249576,"Ezrah Archie",5,2,11,2.5,5.53438323920807,1.10687664784161,2.76719161960403,50,10,25,0.8,5,5,1,0,0,NA,NA,NA,NA,NA,NA,NA,NA,"G5"
"290","Georgia Southern","fbs","Sun Belt",2022,4361797,"Amare Jones",42,7,11,6,36.9738601751478,0.880330004170185,5.28198002502111,389,9.26190476190476,55.5714285714286,0.666666666666667,32,42,0.761904761904762,5,0,130,51,102,123.5,330.5,255,292,146,"G5"
"290","Georgia Southern","fbs","Sun Belt",2022,4427332,"Gerald Green",3,2,11,1.5,0.613315278702317,0.204438426234106,0.306657639351158,13,4.33333333333333,6.5,0.333333333333333,3,3,1,0,0,NA,NA,NA,NA,NA,NA,NA,NA,"G5"
"290","Georgia Southern","fbs","Sun Belt",2022,4565533,"Samuel Kenerson",1,1,11,1,2.43269106576214,2.43269106576214,2.43269106576214,31,31,31,1,1,1,1,0,0,NA,NA,NA,NA,NA,NA,NA,NA,"G5"
"290","Georgia Southern","fbs","Sun Belt",2022,4568419,"Khaleb Hood",87,11,11,7.90909090909091,38.5585476689739,0.443201697344528,3.50532251536127,786,9.03448275862069,71.4545454545455,0.597701149425287,69,87,0.793103448275862,2,0,116,164,362,244,272.5,38,317,57,"G5"
"290","Georgia Southern","fbs","Sun Belt",2022,4568421,"Darius Lewis",5,5,11,1,1.03884127497936,0.207768254995873,0.207768254995873,40,8,8,0.4,5,5,1,0,0,NA,NA,NA,NA,NA,NA,NA,NA,"G5"
"290","Georgia Southern","fbs","Sun Belt",2022,4568422,"AJ Brown",2,1,11,2,-1.31370323407695,-0.656851617038473,-1.31370323407695,0,0,0,0,2,2,1,0,0,NA,NA,NA,NA,NA,NA,NA,NA,"G5"
"290","Georgia Southern","fbs","Sun Belt",2022,4568425,"Beau Johnson",3,2,11,1.5,6.10192571429228,2.03397523809743,3.05096285714614,57,19,28.5,1,3,3,1,0,0,NA,NA,NA,NA,NA,NA,NA,NA,"G5"
"290","Georgia Southern","fbs","Sun Belt",2022,4602940,"Derwin Burgess Jr.",76,9,11,8.44444444444444,43.0478957583019,0.566419681030288,4.78309952870021,666,8.76315789473684,74,0.552631578947368,51,76,0.671052631578947,5,0,79,66,284,354.5,494,79,345,48.5,"G5"
"290","Georgia Southern","fbs","Sun Belt",2022,4610703,"Jalen White",24,10,11,2.4,14.8978026076179,0.620741775317411,1.48978026076179,235,9.79166666666667,23.5,0.583333333333333,23,24,0.958333333333333,1,0,378,406,254,281.5,21,450,250,497.5,"G5"
"290","Georgia Southern","fbs","Sun Belt",2022,4712956,"Evan Lester",8,3,11,2.66666666666667,0.204053508051755,0.0255066885064693,0.0680178360172516,40,5,13.3333333333333,0.5,5,8,0.625,1,0,NA,NA,NA,NA,NA,NA,NA,NA,"G5"
"290","Georgia Southern","fbs","Sun Belt",2022,4838269,"OJ Arnold",10,5,11,2,2.76731851794749,0.276731851794749,0.553463703589498,54,5.4,10.8,0.5,7,10,0.7,0,0,NA,NA,NA,NA,NA,NA,NA,NA,"G5"
"290","Georgia Southern","fbs","Sun Belt",2022,4872997,"Jjay Mcafee",17,7,11,2.42857142857143,6.72000750732199,0.395294559254235,0.96000107247457,122,7.17647058823529,17.4285714285714,0.588235294117647,13,17,0.764705882352941,2,0,NA,NA,NA,NA,NA,NA,NA,NA,"G5"
"290","Georgia Southern","fbs","Sun Belt",2022,4907543,"Marcus Sanders Jr.",20,6,11,3.33333333333333,9.85360615451601,0.4926803077258,1.64226769241933,143,7.15,23.8333333333333,0.6,16,20,0.8,1,0,NA,NA,NA,NA,NA,NA,NA,NA,"G5"
"290","Georgia Southern","fbs","Sun Belt",2022,4907573,"Dalen Cobb",7,3,11,2.33333333333333,4.64107739404227,0.663011056291753,1.54702579801409,62,8.85714285714286,20.6666666666667,0.714285714285714,7,7,1,0,0,NA,NA,NA,NA,NA,NA,NA,NA,"G5"
"290","Georgia Southern","fbs","Sun Belt",2022,4911932,"Joshua Thompson",2,2,11,1,7.970859529894,3.985429764947,3.985429764947,100,50,50,1,2,2,1,0,0,NA,NA,NA,NA,NA,NA,NA,NA,"G5"
"295","Old Dominion","fbs","Sun Belt",2022,4361417,"Zack Kuntz",20,4,12,5,6.95213921220622,0.347606960610311,1.73803480305155,143,7.15,35.75,0.35,11,20,0.55,1,0,NA,NA,NA,NA,NA,NA,NA,NA,"G5"
"295","Old Dominion","fbs","Sun Belt",2022,4361583,"Donta Anthony Jr.",7,4,12,1.75,-0.30475031071843,-0.0435357586740615,-0.0761875776796075,20,2.85714285714286,5,0.428571428571429,4,7,0.571428571428571,0,0,NA,NA,NA,NA,NA,NA,NA,NA,"G5"
"295","Old Dominion","fbs","Sun Belt",2022,4361603,"Isaiah Spencer",20,8,12,2.5,6.16861243569111,0.308430621784556,0.771076554461389,172,8.6,21.5,0.55,18,20,0.9,1,0,NA,NA,NA,NA,NA,NA,NA,NA,"G5"
"295","Old Dominion","fbs","Sun Belt",2022,4361604,"Blake Watson",41,10,12,4.1,14.2385055002183,0.347280621956545,1.42385055002183,323,7.8780487804878,32.3,0.48780487804878,38,41,0.926829268292683,2,0,393,416,427,456,40,333,432,379,"G5"
"295","Old Dominion","fbs","Sun Belt",2022,4427601,"Ali Jennings",52,9,12,5.77777777777778,64.9166873443053,1.24839783354433,7.21296526047837,703,13.5192307692308,78.1111111111111,0.711538461538462,45,52,0.865384615384615,4,1,25,6,20,67,130,67,38,37,"G5"
"295","Old Dominion","fbs","Sun Belt",2022,4429255,"Marquez Bell",3,2,12,1.5,3.78958760760283,1.26319586920095,1.89479380380142,27,9,13.5,1,3,3,1,0,0,NA,NA,NA,NA,NA,NA,NA,NA,"G5"
"295","Old Dominion","fbs","Sun Belt",2022,4429757,"Javon Harvey",36,9,12,4,28.5601959261756,0.793338775727101,3.1733551029084,477,13.25,53,0.611111111111111,28,36,0.777777777777778,3,1,211,188,144,208.5,299.5,179,44,166.5,"G5"
"295","Old Dominion","fbs","Sun Belt",2022,4430717,"Keshawn Wicks",13,8,12,1.625,-2.41866375064201,-0.186051057741693,-0.302332968830251,80,6.15384615384615,10,0.230769230769231,13,13,1,0,0,NA,NA,NA,NA,NA,NA,NA,NA,"G5"
"295","Old Dominion","fbs","Sun Belt",2022,4430775,"Hayden Wolff",6,3,12,2,24.5726472209175,4.09544120348626,8.19088240697251,214,35.6666666666667,71.3333333333333,1,6,6,1,6,0,NA,NA,NA,NA,NA,NA,NA,NA,"G5"
"295","Old Dominion","fbs","Sun Belt",2022,4613064,"Obasanjo Sanni",1,1,12,1,-0.847520316825546,-0.847520316825546,-0.847520316825546,0,0,0,0,1,1,1,0,0,NA,NA,NA,NA,NA,NA,NA,NA,"G5"
"295","Old Dominion","fbs","Sun Belt",2022,4613132,"Levi Wentz",1,1,12,1,2.77819758609573,2.77819758609573,2.77819758609573,42,42,42,1,1,1,1,0,0,NA,NA,NA,NA,NA,NA,NA,NA,"G5"
"295","Old Dominion","fbs","Sun Belt",2022,4683986,"Tariq Sims",4,2,12,2,-1.14629925163713,-0.286574812909283,-0.573149625818566,16,4,8,0.25,4,4,1,0,0,NA,NA,NA,NA,NA,NA,NA,NA,"G5"
"295","Old Dominion","fbs","Sun Belt",2022,4685427,"Peter Kikwata",1,1,12,1,2.77747318784485,2.77747318784485,2.77747318784485,23,23,23,1,1,1,1,0,0,NA,NA,NA,NA,NA,NA,NA,NA,"G5"
"295","Old Dominion","fbs","Sun Belt",2022,4687373,"Jordan Bly",29,8,12,3.625,4.24990202981105,0.146548345855553,0.531237753726381,230,7.93103448275862,28.75,0.482758620689655,23,29,0.793103448275862,0,0,514,518,517,464.5,272.5,459.5,425,431,"G5"
"295","Old Dominion","fbs","Sun Belt",2022,4703025,"Ahmarian Granger",17,6,12,2.83333333333333,12.7990009943631,0.752882411433123,2.13316683239385,174,10.2352941176471,29,0.588235294117647,15,17,0.882352941176471,0,0,NA,NA,NA,NA,NA,NA,NA,NA,"G5"
"295","Old Dominion","fbs","Sun Belt",2022,4875867,"Isiah Paige",19,8,12,2.375,4.1706589598098,0.219508366305779,0.521332369976225,138,7.26315789473684,17.25,0.473684210526316,15,19,0.789473684210526,1,0,NA,NA,NA,NA,NA,NA,NA,NA,"G5"
"295","Old Dominion","fbs","Sun Belt",2022,4895242,"Marqeese Dietz",10,3,12,3.33333333333333,-0.841722176602238,-0.0841722176602238,-0.280574058867413,65,6.5,21.6666666666667,0.4,5,10,0.5,0,0,NA,NA,NA,NA,NA,NA,NA,NA,"G5"
"30","USC","fbs","Pac-12",2022,4243319,"Terrell Bynum",15,6,13,2.5,10.0321660361997,0.668811069079979,1.67202767269995,133,8.86666666666667,22.1666666666667,0.6,13,15,0.866666666666667,0,0,NA,NA,NA,NA,NA,NA,NA,NA,"P5"
"30","USC","fbs","Pac-12",2022,4259648,"Josh Falo",4,3,13,1.33333333333333,5.19294605450949,1.29823651362737,1.73098201816983,30,7.5,10,0.75,4,4,1,2,0,NA,NA,NA,NA,NA,NA,NA,NA,"P5"
"30","USC","fbs","Pac-12",2022,4360691,"Travis Dye",23,9,13,2.55555555555556,13.9661215981755,0.607222678181543,1.55179128868617,202,8.78260869565217,22.4444444444444,0.782608695652174,21,23,0.91304347826087,0,0,NA,NA,NA,NA,NA,NA,NA,NA,"P5"
"30","USC","fbs","Pac-12",2022,4362110,"Malcolm Epps",3,2,13,1.5,0.218683752403291,0.0728945841344302,0.109341876201645,8,2.66666666666667,4,0.333333333333333,2,3,0.666666666666667,1,0,NA,NA,NA,NA,NA,NA,NA,NA,"P5"
"30","USC","fbs","Pac-12",2022,4426357,"Kyle Ford",24,8,13,3,24.7957394528719,1.03315581053633,3.09946743160898,346,14.4166666666667,43.25,0.541666666666667,18,24,0.75,2,0,NA,NA,NA,NA,NA,NA,NA,NA,"P5"
"30","USC","fbs","Pac-12",2022,4426635,"Darwin Barlow",3,2,13,1.5,2.09000764273746,0.696669214245821,1.04500382136873,34,11.3333333333333,17,0.666666666666667,3,3,1,0,0,NA,NA,NA,NA,NA,NA,NA,NA,"P5"
"30","USC","fbs","Pac-12",2022,4429125,"Gary Bryant Jr.",2,2,13,1,1.25006275522245,0.625031377611223,0.625031377611223,15,7.5,7.5,1,2,2,1,0,0,NA,NA,NA,NA,NA,NA,NA,NA,"P5"
"30","USC","fbs","Pac-12",2022,4429205,"Jordan Addison",69,11,13,6.27272727272727,41.9517973096794,0.607997062459122,3.8137997554254,771,11.1739130434783,70.0909090909091,0.565217391304348,55,69,0.797101449275362,2,1,89,125,263,322,267,45.5,140,63.5,"P5"
"30","USC","fbs","Pac-12",2022,4431611,"Caleb Williams",10,5,13,2,24.6979282759084,2.46979282759084,4.93958565518168,169,16.9,33.8,1,10,10,1,10,0,NA,NA,NA,NA,NA,NA,NA,NA,"P5"
"30","USC","fbs","Pac-12",2022,4431618,"Mario Williams",34,9,13,3.77777777777778,35.5865790155306,1.04666408869208,3.95406433505895,504,14.8235294117647,56,0.676470588235294,27,34,0.794117647058823,4,0,142,108,49,112.5,270,155,23,139,"P5"
"30","USC","fbs","Pac-12",2022,4566198,"Lake McRee",12,8,13,1.5,5.3129697436616,0.442747478638466,0.6641212179577,101,8.41666666666667,12.625,0.666666666666667,9,12,0.75,1,0,NA,NA,NA,NA,NA,NA,NA,NA,"P5"
"30","USC","fbs","Pac-12",2022,4567506,"Tahj Washington",48,11,13,4.36363636363636,43.9307872852433,0.915224735109236,3.99370793502212,645,13.4375,58.6363636363636,0.75,43,48,0.895833333333333,5,0,76,105,91,30,79.5,85,41,121,"P5"
"30","USC","fbs","Pac-12",2022,4569330,"Austin Jones",24,8,13,3,16.1255097123913,0.671896238016303,2.01568871404891,255,10.625,31.875,0.791666666666667,22,24,0.916666666666667,1,0,NA,NA,NA,NA,NA,NA,NA,NA,"P5"
"30","USC","fbs","Pac-12",2022,4569515,"Max Williams",6,1,13,6,4.31327737747641,0.718879562912735,4.31327737747641,77,12.8333333333333,77,0.833333333333333,6,6,1,0,0,NA,NA,NA,NA,NA,NA,NA,NA,"P5"
"30","USC","fbs","Pac-12",2022,4592573,"Michael Jackson III",13,5,13,2.6,23.2362169253158,1.78740130194737,4.64724338506317,205,15.7692307692308,41,0.923076923076923,13,13,1,3,0,NA,NA,NA,NA,NA,NA,NA,NA,"P5"
"30","USC","fbs","Pac-12",2022,4685268,"Raleek Brown",14,8,13,1.75,14.0115778463505,1.00082698902503,1.75144723079381,151,10.7857142857143,18.875,0.714285714285714,14,14,1,3,0,NA,NA,NA,NA,NA,NA,NA,NA,"P5"
"30","USC","fbs","Pac-12",2022,4686781,"Brenden Rice",41,13,13,3.15384615384615,29.8339416162856,0.727657112592331,2.29491858586812,448,10.9268292682927,34.4615384615385,0.634146341463415,34,41,0.829268292682927,2,0,198,303,179,171,202.5,200,153,348,"P5"
"30","USC","fbs","Pac-12",2022,5085024,"CJ Williams",4,3,13,1.33333333333333,1.15465707256134,0.288664268140335,0.38488569085378,34,8.5,11.3333333333333,0.75,4,4,1,0,0,NA,NA,NA,NA,NA,NA,NA,NA,"P5"
"30","USC","fbs","Pac-12",2022,5085025,"Kyron Hudson",13,6,13,2.16666666666667,7.8422460065435,0.603249692811038,1.30704100109058,129,9.92307692307692,21.5,0.615384615384615,11,13,0.846153846153846,2,0,NA,NA,NA,NA,NA,NA,NA,NA,"P5"
"309","Louisiana","fbs","Sun Belt",2022,4240911,"Jacob Kibodi",2,1,11,2,-1.01944773900887,-0.509723869504437,-1.01944773900887,8,4,8,0,2,2,1,0,0,NA,NA,NA,NA,NA,NA,NA,NA,"G5"
"309","Louisiana","fbs","Sun Belt",2022,4362489,"John Stephens Jr.",10,6,11,1.66666666666667,6.0523844577259,0.60523844577259,1.00873074295432,109,10.9,18.1666666666667,0.7,7,10,0.7,0,0,NA,NA,NA,NA,NA,NA,NA,NA,"G5"
"309","Louisiana","fbs","Sun Belt",2022,4363098,"Johnny Lumpkin",9,5,11,1.8,4.29770337563169,0.47752259729241,0.859540675126337,56,6.22222222222222,11.2,0.666666666666667,8,9,0.888888888888889,0,0,NA,NA,NA,NA,NA,NA,NA,NA,"G5"
"309","Louisiana","fbs","Sun Belt",2022,4363104,"Chris Smith",24,7,11,3.42857142857143,3.75548552952232,0.156478563730096,0.536497932788902,128,5.33333333333333,18.2857142857143,0.333333333333333,18,24,0.75,1,0,520,517,512,577,365,572.5,562,555.5,"G5"
"309","Louisiana","fbs","Sun Belt",2022,4363113,"Jamal Bell",1,1,11,1,4.28813035512959,4.28813035512959,4.28813035512959,30,30,30,1,1,1,1,0,0,NA,NA,NA,NA,NA,NA,NA,NA,"G5"
"309","Louisiana","fbs","Sun Belt",2022,4363117,"Kaleb Carter",2,2,11,1,0.0769036505262615,0.0384518252631307,0.0384518252631307,11,5.5,5.5,0.5,2,2,1,0,0,NA,NA,NA,NA,NA,NA,NA,NA,"G5"
"309","Louisiana","fbs","Sun Belt",2022,4363129,"Pearse Migl",17,8,11,2.125,1.56982556648353,0.092342680381384,0.196228195810441,93,5.47058823529412,11.625,0.352941176470588,13,17,0.764705882352941,1,0,NA,NA,NA,NA,NA,NA,NA,NA,"G5"
"309","Louisiana","fbs","Sun Belt",2022,4366535,"Michael Jefferson",59,11,11,5.36363636363636,41.1037643086459,0.696673971332981,3.73670584624053,715,12.1186440677966,65,0.610169491525424,48,59,0.813559322033898,5,1,93,137,200,210,230,63,86,78.5,"G5"
"309","Louisiana","fbs","Sun Belt",2022,4373895,"Ben Wooldridge",6,4,11,1.5,19.5332493100696,3.25554155167826,4.88331232751739,151,25.1666666666667,37.75,1,6,6,1,6,0,NA,NA,NA,NA,NA,NA,NA,NA,"G5"
"309","Louisiana","fbs","Sun Belt",2022,4426454,"Lance LeGendre",7,3,11,2.33333333333333,11.1583391599242,1.59404845141774,3.71944638664139,98,14,32.6666666666667,0.714285714285714,7,7,1,2,0,NA,NA,NA,NA,NA,NA,NA,NA,"G5"
"309","Louisiana","fbs","Sun Belt",2022,4427773,"Peter Leblanc",27,10,11,2.7,5.53385036831893,0.204957421048849,0.553385036831893,186,6.88888888888889,18.6,0.555555555555556,23,27,0.851851851851852,1,0,499,515,496,348.5,156.5,513.5,500,553,"G5"
"309","Louisiana","fbs","Sun Belt",2022,4428808,"Jacob Bernard",9,4,11,2.25,22.1451144656793,2.46056827396436,5.53627861641981,153,17,38.25,1,9,9,1,2,0,NA,NA,NA,NA,NA,NA,NA,NA,"G5"
"309","Louisiana","fbs","Sun Belt",2022,4429595,"Chandler Fields",4,2,11,2,11.3699631352556,2.84249078381391,5.68498156762782,58,14.5,29,1,4,4,1,4,0,NA,NA,NA,NA,NA,NA,NA,NA,"G5"
"309","Louisiana","fbs","Sun Belt",2022,4429927,"Neal Johnson",23,11,11,2.09090909090909,12.624272532669,0.54888141446387,1.14766113933355,235,10.2173913043478,21.3636363636364,0.695652173913043,19,23,0.826086956521739,0,0,421,450,294,84.5,210,450,224,526,"G5"
"309","Louisiana","fbs","Sun Belt",2022,4565297,"Dontae Fleming",21,8,11,2.625,3.20266681268677,0.152507943461275,0.400333351585847,133,6.33333333333333,16.625,0.428571428571429,16,21,0.761904761904762,3,0,524,526,514,527.5,330.5,567,529.5,567,"G5"
"309","Louisiana","fbs","Sun Belt",2022,4565652,"Errol Rogers Jr.",15,8,11,1.875,6.78893580136219,0.452595720090812,0.848616975170273,127,8.46666666666667,15.875,0.6,15,15,1,0,0,NA,NA,NA,NA,NA,NA,NA,NA,"G5"
"309","Louisiana","fbs","Sun Belt",2022,4603199,"Terrence Williams",9,6,11,1.5,-6.11623011630023,-0.679581124033359,-1.01937168605004,32,3.55555555555556,5.33333333333333,0.222222222222222,6,9,0.666666666666667,0,1,NA,NA,NA,NA,NA,NA,NA,NA,"G5"
"309","Louisiana","fbs","Sun Belt",2022,4685829,"Dre'Lyn Washington",4,3,11,1.33333333333333,1.53372784902548,0.383431962256371,0.511242616341828,23,5.75,7.66666666666667,0.75,3,4,0.75,0,0,NA,NA,NA,NA,NA,NA,NA,NA,"G5"
"309","Louisiana","fbs","Sun Belt",2022,4690933,"Rhett Guidry",1,1,11,1,0.514240958936714,0.514240958936714,0.514240958936714,6,6,6,1,1,1,1,0,0,NA,NA,NA,NA,NA,NA,NA,NA,"G5"
"324","Coastal Carolina","fbs","Sun Belt",2022,4361915,"Sam Pinckney",82,11,11,7.45454545454545,44.7658018262627,0.545924412515399,4.06961834784207,845,10.3048780487805,76.8181818181818,0.646341463414634,61,82,0.74390243902439,3,1,69,95,296,151,381,29,215,41,"G5"
"324","Coastal Carolina","fbs","Sun Belt",2022,4384740,"Xavier Gravette",23,7,11,3.28571428571429,17.996576614213,0.782459852791868,2.57093951631614,204,8.8695652173913,29.1428571428571,0.565217391304348,21,23,0.91304347826087,2,0,327,262,150,322,50.5,491.5,330,418,"G5"
"324","Coastal Carolina","fbs","Sun Belt",2022,4429259,"CJ Beasley",20,9,11,2.22222222222222,6.46824214257325,0.323412107128662,0.718693571397027,167,8.35,18.5555555555556,0.45,18,20,0.9,1,0,NA,NA,NA,NA,NA,NA,NA,NA,"G5"
"324","Coastal Carolina","fbs","Sun Belt",2022,4430714,"Reese White",3,2,11,1.5,6.68509856931323,2.22836618977108,3.34254928465662,31,10.3333333333333,15.5,1,3,3,1,2,0,NA,NA,NA,NA,NA,NA,NA,NA,"G5"
"324","Coastal Carolina","fbs","Sun Belt",2022,4586173,"Tyler Roberts",5,4,11,1.25,6.99398466779718,1.39879693355944,1.74849616694929,75,15,18.75,0.8,5,5,1,2,0,NA,NA,NA,NA,NA,NA,NA,NA,"G5"
"324","Coastal Carolina","fbs","Sun Belt",2022,4606685,"Logan Mauldin",1,1,11,1,1.14972148774471,1.14972148774471,1.14972148774471,9,9,9,1,1,1,1,0,0,NA,NA,NA,NA,NA,NA,NA,NA,"G5"
"324","Coastal Carolina","fbs","Sun Belt",2022,4608606,"Tyson Mobley",39,11,11,3.54545454545455,40.7587216526671,1.04509542699146,3.70533833206064,424,10.8717948717949,38.5454545454545,0.692307692307692,32,39,0.82051282051282,2,0,95,140,50,89.5,218.5,220.5,160,296.5,"G5"
"324","Coastal Carolina","fbs","Sun Belt",2022,4608922,"Braydon Bennett",4,3,11,1.33333333333333,10.4071574127087,2.60178935317717,3.4690524709029,86,21.5,28.6666666666667,1,4,4,1,0,0,NA,NA,NA,NA,NA,NA,NA,NA,"G5"
"324","Coastal Carolina","fbs","Sun Belt",2022,4684975,"Max Balthazar",1,1,11,1,-1.64431248479561,-1.64431248479561,-1.64431248479561,0,0,0,0,0,1,0,0,0,NA,NA,NA,NA,NA,NA,NA,NA,"G5"
"324","Coastal Carolina","fbs","Sun Belt",2022,4693236,"Jacob Jenkins",7,3,11,2.33333333333333,8.47408611676262,1.21058373096609,2.82469537225421,53,7.57142857142857,17.6666666666667,0.714285714285714,6,7,0.857142857142857,2,0,NA,NA,NA,NA,NA,NA,NA,NA,"G5"
"324","Coastal Carolina","fbs","Sun Belt",2022,4700453,"Jared Brown",61,11,11,5.54545454545455,38.9445224000366,0.638434793443223,3.54041112727605,764,12.5245901639344,69.4545454545455,0.557377049180328,42,61,0.688524590163934,6,0,111,157,245,345,463.5,50,65,67,"G5"
"324","Coastal Carolina","fbs","Sun Belt",2022,4708621,"Kyre Duplessis",3,1,11,3,6.28053546158899,2.09351182052966,6.28053546158899,28,9.33333333333333,28,0.666666666666667,2,3,0.666666666666667,0,0,NA,NA,NA,NA,NA,NA,NA,NA,"G5"
"326","Texas State","fbs","Sun Belt",2022,4037514,"Rontavius Groves",40,9,11,4.44444444444444,5.94259408504764,0.148564852126191,0.66028823167196,227,5.675,25.2222222222222,0.35,22,40,0.55,1,0,494,503,516,570,572.5,463.5,550,479.5,"G5"
"326","Texas State","fbs","Sun Belt",2022,4241700,"Chandler Speights",7,4,11,1.75,-2.312522573474,-0.330360367639143,-0.5781306433685,30,4.28571428571429,7.5,0.428571428571429,6,7,0.857142857142857,0,0,NA,NA,NA,NA,NA,NA,NA,NA,"G5"
"326","Texas State","fbs","Sun Belt",2022,4258571,"Dennis Robinson",7,2,11,3.5,-3.83660370898026,-0.548086244140038,-1.91830185449013,15,2.14285714285714,7.5,0.142857142857143,3,7,0.428571428571429,0,0,NA,NA,NA,NA,NA,NA,NA,NA,"G5"
"326","Texas State","fbs","Sun Belt",2022,4361222,"Layne Hatcher",1,1,11,1,3.90343178290149,3.90343178290149,3.90343178290149,12,12,12,1,1,1,1,1,0,NA,NA,NA,NA,NA,NA,NA,NA,"G5"
"326","Texas State","fbs","Sun Belt",2022,4361837,"Jahmyl Jeter",11,3,11,3.66666666666667,-2.65731161002197,-0.24157378272927,-0.885770536673991,36,3.27272727272727,12,0.181818181818182,10,11,0.909090909090909,0,0,NA,NA,NA,NA,NA,NA,NA,NA,"G5"
"326","Texas State","fbs","Sun Belt",2022,4362668,"Javen Banks",24,7,11,3.42857142857143,5.86655933022093,0.244439972092539,0.838079904317276,195,8.125,27.8571428571429,0.625,17,24,0.708333333333333,4,1,495,480,479,187.5,430,502.5,403.5,443,"G5"
"326","Texas State","fbs","Sun Belt",2022,4362876,"Demarcus Gregory",7,3,11,2.33333333333333,-3.63519941740894,-0.519314202486991,-1.21173313913631,23,3.28571428571429,7.66666666666667,0.285714285714286,3,7,0.428571428571429,0,0,NA,NA,NA,NA,NA,NA,NA,NA,"G5"
"326","Texas State","fbs","Sun Belt",2022,4373427,"Julian Ortega-Jones",31,7,11,4.42857142857143,9.24578800453268,0.298251225952667,1.32082685779038,235,7.58064516129032,33.5714285714286,0.483870967741935,24,31,0.774193548387097,0,0,459,430,456,462,307,450,455,363,"G5"
"326","Texas State","fbs","Sun Belt",2022,4373472,"Drue Jackson",14,5,11,2.8,3.62409073736556,0.25886362409754,0.724818147473111,79,5.64285714285714,15.8,0.5,9,14,0.642857142857143,0,0,NA,NA,NA,NA,NA,NA,NA,NA,"G5"
"326","Texas State","fbs","Sun Belt",2022,4427299,"Damarius Good",1,1,11,1,-0.521773522334276,-0.521773522334276,-0.521773522334276,6,6,6,0,1,1,1,0,0,NA,NA,NA,NA,NA,NA,NA,NA,"G5"
"326","Texas State","fbs","Sun Belt",2022,4427486,"Micah Hilts",1,1,11,1,1.20465191331697,1.20465191331697,1.20465191331697,12,12,12,1,1,1,1,0,0,NA,NA,NA,NA,NA,NA,NA,NA,"G5"
"326","Texas State","fbs","Sun Belt",2022,4568406,"Calvin Hill",8,3,11,2.66666666666667,1.78314673630555,0.222893342038194,0.594382245435184,44,5.5,14.6666666666667,0.375,7,8,0.875,0,0,NA,NA,NA,NA,NA,NA,NA,NA,"G5"
"326","Texas State","fbs","Sun Belt",2022,4608607,"Lincoln Pare",29,9,11,3.22222222222222,-2.20622502386747,-0.0760767249609474,-0.245136113763053,194,6.68965517241379,21.5555555555556,0.344827586206897,24,29,0.827586206896552,1,0,564,564,564,574,206,504,516,523,"G5"
"326","Texas State","fbs","Sun Belt",2022,4685831,"Marcell Barbee",24,6,11,4,4.58579181471902,0.191074658946626,0.764298635786503,187,7.79166666666667,31.1666666666667,0.5,15,24,0.625,0,0,512,494,503,445.5,535,511,439,397,"G5"
"326","Texas State","fbs","Sun Belt",2022,4689931,"Tyler Huff",4,4,11,1,0.44944837200413,0.112362093001032,0.112362093001032,10,2.5,2.5,0.25,4,4,1,0,1,NA,NA,NA,NA,NA,NA,NA,NA,"G5"
"326","Texas State","fbs","Sun Belt",2022,4689943,"Austin Groeschel",2,2,11,1,-0.869908633544268,-0.434954316772134,-0.434954316772134,3,1.5,1.5,0,2,2,1,0,0,NA,NA,NA,NA,NA,NA,NA,NA,"G5"
"326","Texas State","fbs","Sun Belt",2022,4775197,"Charles Brown",31,10,11,3.1,14.3810458497505,0.463904704830661,1.43810458497505,280,9.03225806451613,28,0.387096774193548,19,31,0.612903225806452,3,0,390,415,353,555.5,540.5,381.5,318,441.5,"G5"
"326","Texas State","fbs","Sun Belt",2022,4879676,"Donnovan Moorer",22,6,11,3.66666666666667,-3.39779649133113,-0.154445295060506,-0.566299415221854,112,5.09090909090909,18.6666666666667,0.454545454545455,15,22,0.681818181818182,0,0,572,577,578,505,474,580,571,551.5,"G5"
"326","Texas State","fbs","Sun Belt",2022,4879677,"Ashtyn Hawkins",64,8,11,8,25.0455201084136,0.391336251693962,3.13069001355169,512,8,64,0.4375,46,64,0.71875,5,0,245,194,395,521,415,151.5,416,88,"G5"
"326","Texas State","fbs","Sun Belt",2022,5082561,"Josh Berry",4,3,11,1.33333333333333,1.80648512092381,0.451621280230951,0.602161706974602,29,7.25,9.66666666666667,0.5,3,4,0.75,0,0,NA,NA,NA,NA,NA,NA,NA,NA,"G5"
"326","Texas State","fbs","Sun Belt",2022,5082564,"Titus Lyons",7,3,11,2.33333333333333,1.9590320073398,0.279861715334257,0.653010669113267,48,6.85714285714286,16,0.428571428571429,6,7,0.857142857142857,0,0,NA,NA,NA,NA,NA,NA,NA,NA,"G5"
"328","Utah State","fbs","Mountain West",2022,4036473,"Logan Bonner",1,1,11,1,3.8326730448523,3.8326730448523,3.8326730448523,14,14,14,1,1,1,1,1,0,NA,NA,NA,NA,NA,NA,NA,NA,"G5"
"328","Utah State","fbs","Mountain West",2022,4255990,"Calvin Tyler Jr.",14,8,11,1.75,9.42300677044071,0.673071912174336,1.17787584630509,108,7.71428571428571,13.5,0.5,12,14,0.857142857142857,1,0,NA,NA,NA,NA,NA,NA,NA,NA,"G5"
"328","Utah State","fbs","Mountain West",2022,4361185,"Justin McGriff",36,10,11,3.6,23.7224749778938,0.658957638274826,2.37224749778937,382,10.6111111111111,38.2,0.638888888888889,26,36,0.722222222222222,3,0,259,295,227,165,412,265,182,300,"G5"
"328","Utah State","fbs","Mountain West",2022,4372041,"Brian Cobbs",79,11,11,7.18181818181818,67.931231669099,0.859889008469608,6.17556651537264,785,9.93670886075949,71.3636363636364,0.69620253164557,67,79,0.848101265822785,4,0,21,27,112,83,164,39,240,58,"G5"
"328","Utah State","fbs","Mountain West",2022,4569986,"Kyle Van Leeuwen",6,2,11,3,2.30010883032167,0.383351471720279,1.15005441516084,55,9.16666666666667,27.5,0.5,5,6,0.833333333333333,1,0,NA,NA,NA,NA,NA,NA,NA,NA,"G5"
"328","Utah State","fbs","Mountain West",2022,4574860,"Kyrese Rowan",1,1,11,1,-0.564055421123014,-0.564055421123014,-0.564055421123014,2,2,2,0,1,1,1,0,0,NA,NA,NA,NA,NA,NA,NA,NA,"G5"
"328","Utah State","fbs","Mountain West",2022,4612824,"Broc Lane",4,3,11,1.33333333333333,0.844818174623965,0.211204543655991,0.281606058207988,25,6.25,8.33333333333333,0.5,3,4,0.75,1,0,NA,NA,NA,NA,NA,NA,NA,NA,"G5"
"328","Utah State","fbs","Mountain West",2022,4613199,"Josh Sterzer",8,6,11,1.33333333333333,11.5072534885664,1.4384066860708,1.91787558142774,116,14.5,19.3333333333333,0.75,8,8,1,1,0,NA,NA,NA,NA,NA,NA,NA,NA,"G5"
"328","Utah State","fbs","Mountain West",2022,4683108,"Parker Buchanan",1,1,11,1,-1.40807524028224,-1.40807524028224,-1.40807524028224,3,3,3,0,1,1,1,0,0,NA,NA,NA,NA,NA,NA,NA,NA,"G5"
"328","Utah State","fbs","Mountain West",2022,4869552,"Robert Briggs",6,4,11,1.5,-2.60444593164599,-0.434074321940998,-0.651111482911497,20,3.33333333333333,5,0.166666666666667,6,6,1,0,0,NA,NA,NA,NA,NA,NA,NA,NA,"G5"
"328","Utah State","fbs","Mountain West",2022,4869553,"Bishop Davenport",1,1,11,1,-0.238529908127293,-0.238529908127293,-0.238529908127293,0,0,0,0,1,1,1,0,0,NA,NA,NA,NA,NA,NA,NA,NA,"G5"
"328","Utah State","fbs","Mountain West",2022,4875617,"NyNy Davis",19,6,11,3.16666666666667,-1.47240064700087,-0.0774947708947826,-0.245400107833478,83,4.36842105263158,13.8333333333333,0.473684210526316,14,19,0.736842105263158,0,0,NA,NA,NA,NA,NA,NA,NA,NA,"G5"
"328","Utah State","fbs","Mountain West",2022,5082614,"Terrell Vaughn",52,11,11,4.72727272727273,49.1690941735158,0.945559503336843,4.4699176521378,554,10.6538461538462,50.3636363636364,0.596153846153846,47,52,0.903846153846154,5,0,57,85,83,246,66.5,131.5,178,185,"G5"
"333","Alabama","fbs","SEC",2022,107494,"Trey Sanders",2,2,11,1,2.59522504221107,1.29761252110554,1.29761252110554,13,6.5,6.5,1,2,2,1,0,0,NA,NA,NA,NA,NA,NA,NA,NA,"P5"
"333","Alabama","fbs","SEC",2022,4360818,"Tyler Harrell",1,1,11,1,1.76560115908275,1.76560115908275,1.76560115908275,12,12,12,1,1,1,1,0,0,NA,NA,NA,NA,NA,NA,NA,NA,"P5"
"333","Alabama","fbs","SEC",2022,4372026,"Cameron Latu",38,9,11,4.22222222222222,5.82487288832982,0.153286128640259,0.647208098703314,299,7.86842105263158,33.2222222222222,0.473684210526316,22,38,0.578947368421053,1,0,497,504,513,486,560.5,353,434,367,"P5"
"333","Alabama","fbs","SEC",2022,4429001,"Jase McClellan",15,9,11,1.66666666666667,12.8132554888317,0.854217032588779,1.42369505431463,164,10.9333333333333,18.2222222222222,0.6,13,15,0.866666666666667,3,0,NA,NA,NA,NA,NA,NA,NA,NA,"P5"
"333","Alabama","fbs","SEC",2022,4429033,"Jermaine Burton",43,11,11,3.90909090909091,26.195783403407,0.609204265195513,2.38143485485519,443,10.3023255813953,40.2727272727273,0.558139534883721,29,43,0.674418604651163,3,0,232,293,262,341.5,491,206,217,276,"P5"
"333","Alabama","fbs","SEC",2022,4429172,"Traeshon Holden",30,9,11,3.33333333333333,14.6918882155087,0.489729607183623,1.63243202394541,260,8.66666666666667,28.8888888888889,0.633333333333333,21,30,0.7,5,0,382,386,328,173,442.5,408,354.5,426.5,"P5"
"333","Alabama","fbs","SEC",2022,4429795,"Jahmyr Gibbs",49,11,11,4.45454545454545,8.17295659270507,0.166795032504185,0.742996053882279,328,6.69387755102041,29.8181818181818,0.551020408163265,39,49,0.795918367346939,1,0,473,498,509,360,268,326.5,514.5,413,"P5"
"333","Alabama","fbs","SEC",2022,4430823,"Thaiu Jones-Bell",1,1,11,1,0.498054155011622,0.498054155011622,0.498054155011622,5,5,5,1,1,1,1,0,0,NA,NA,NA,NA,NA,NA,NA,NA,"P5"
"333","Alabama","fbs","SEC",2022,4431506,"Ja'Corey Brooks",52,10,11,5.2,39.0714337479542,0.751373725922195,3.90714337479542,566,10.8846153846154,56.6,0.538461538461538,33,52,0.634615384615385,4,0,109,111,163,390,525.5,122,158,136,"P5"
"333","Alabama","fbs","SEC",2022,4432694,"JoJo Earle",11,5,11,2.2,7.54476956589394,0.685888142353995,1.50895391317879,138,12.5454545454545,27.6,0.545454545454545,9,11,0.818181818181818,2,1,NA,NA,NA,NA,NA,NA,NA,NA,"P5"
"333","Alabama","fbs","SEC",2022,4587702,"Christian Leary",1,1,11,1,-0.0704172478954805,-0.0704172478954805,-0.0704172478954805,6,6,6,0,1,1,1,0,0,NA,NA,NA,NA,NA,NA,NA,NA,"P5"
"333","Alabama","fbs","SEC",2022,4685441,"Kendrick Law",9,3,11,3,8.26222230872358,0.918024700969287,2.75407410290786,100,11.1111111111111,33.3333333333333,0.777777777777778,7,9,0.777777777777778,0,0,NA,NA,NA,NA,NA,NA,NA,NA,"P5"
"333","Alabama","fbs","SEC",2022,4685477,"Jamarion Miller",1,1,11,1,-0.835005406286087,-0.835005406286087,-0.835005406286087,-1,-1,-1,0,1,1,1,0,0,NA,NA,NA,NA,NA,NA,NA,NA,"P5"
"333","Alabama","fbs","SEC",2022,4685720,"Bryce Young",10,5,11,2,29.9344380668761,2.99344380668761,5.98688761337521,164,16.4,32.8,1,10,10,1,10,0,NA,NA,NA,NA,NA,NA,NA,NA,"P5"
"333","Alabama","fbs","SEC",2022,4685723,"Roydell Williams",5,3,11,1.66666666666667,0.40062437363114,0.080124874726228,0.133541457877047,22,4.4,7.33333333333333,0.4,4,5,0.8,0,0,NA,NA,NA,NA,NA,NA,NA,NA,"P5"
"333","Alabama","fbs","SEC",2022,4691688,"Robbie Ouzts",3,2,11,1.5,0.736353220079393,0.245451073359798,0.368176610039697,32,10.6666666666667,16,0.666666666666667,3,3,1,0,0,NA,NA,NA,NA,NA,NA,NA,NA,"P5"
"333","Alabama","fbs","SEC",2022,4808839,"Isaiah Bond",20,6,11,3.33333333333333,9.32076515627992,0.466038257813996,1.55346085937999,195,9.75,32.5,0.6,13,20,0.65,0,0,NA,NA,NA,NA,NA,NA,NA,NA,"P5"
"333","Alabama","fbs","SEC",2022,4869965,"Kobe Prentice",38,9,11,4.22222222222222,12.1427657017059,0.319546465834367,1.34919618907844,290,7.63157894736842,32.2222222222222,0.473684210526316,30,38,0.789473684210526,1,0,430,425,440,486,284.5,363.5,451,380,"P5"
"333","Alabama","fbs","SEC",2022,5089453,"Miles Kitselman",2,1,11,2,1.25186933575573,0.625934667877867,1.25186933575573,18,9,18,1,2,2,1,0,0,NA,NA,NA,NA,NA,NA,NA,NA,"P5"
"344","Mississippi State","fbs","SEC",2022,102597,"Will Rogers",4,4,11,1,12.1065965660873,3.02664914152183,3.02664914152183,97,24.25,24.25,1,4,4,1,4,0,NA,NA,NA,NA,NA,NA,NA,NA,"P5"
"344","Mississippi State","fbs","SEC",2022,4242248,"Austin Williams",30,10,11,3,28.5849075864406,0.952830252881354,2.85849075864406,240,8,24,0.766666666666667,27,30,0.9,4,0,209,225,81,25.5,69.5,437.5,416,493,"P5"
"344","Mississippi State","fbs","SEC",2022,4245147,"Jamire Calvin",10,4,11,2.5,-4.47214402759517,-0.447214402759517,-1.11803600689879,50,5,12.5,0.6,10,10,1,1,1,NA,NA,NA,NA,NA,NA,NA,NA,"P5"
"344","Mississippi State","fbs","SEC",2022,4361398,"Scoobie Ford",5,3,11,1.66666666666667,1.46610470025202,0.293220940050405,0.488701566750675,38,7.6,12.6666666666667,0.6,5,5,1,0,0,NA,NA,NA,NA,NA,NA,NA,NA,"P5"
"344","Mississippi State","fbs","SEC",2022,4429059,"Jo'quavious Marks",43,10,11,4.3,-11.2203345891514,-0.260938013701196,-1.12203345891514,218,5.06976744186047,21.8,0.395348837209302,40,43,0.930232558139535,0,1,593,590,588,552,38,476.5,573,519.5,"P5"
"344","Mississippi State","fbs","SEC",2022,4429153,"Lideatrick Griffin",35,11,11,3.18181818181818,29.592473112537,0.845499231786772,2.69022482841246,380,10.8571428571429,34.5454545454545,0.628571428571429,30,35,0.857142857142857,2,0,203,250,117,179,147,270.5,163,346,"P5"
"344","Mississippi State","fbs","SEC",2022,4431468,"Jordan Mosley",2,1,11,2,2.73238279105414,1.36619139552707,2.73238279105414,43,21.5,43,1,2,2,1,0,0,NA,NA,NA,NA,NA,NA,NA,NA,"P5"
"344","Mississippi State","fbs","SEC",2022,4432706,"Antonio Harmon",5,3,11,1.66666666666667,2.76558235088995,0.55311647017799,0.921860783629984,61,12.2,20.3333333333333,1,5,5,1,0,0,NA,NA,NA,NA,NA,NA,NA,NA,"P5"
"344","Mississippi State","fbs","SEC",2022,4578654,"Jaden Walley",31,10,11,3.1,20.2219388741594,0.652320608843851,2.02219388741594,305,9.83870967741935,30.5,0.709677419354839,29,31,0.935483870967742,3,0,302,336,230,70,35.5,349,246,403,"P5"
"344","Mississippi State","fbs","SEC",2022,4612266,"Rufus Harvey",54,11,11,4.90909090909091,37.4039023899328,0.69266485907283,3.40035476272117,460,8.51851851851852,41.8181818181818,0.759259259259259,48,54,0.888888888888889,3,0,127,172,203,27,88,190,365,256,"P5"
"344","Mississippi State","fbs","SEC",2022,4684421,"Simeon Price",12,5,11,2.4,1.64883892909092,0.13740324409091,0.329767785818184,97,8.08333333333333,19.4,0.333333333333333,12,12,1,1,0,NA,NA,NA,NA,NA,NA,NA,NA,"P5"
"344","Mississippi State","fbs","SEC",2022,4685769,"Justin Robinson",27,9,11,3,9.12178918252297,0.337844043797147,1.01353213139144,183,6.77777777777778,20.3333333333333,0.592592592592593,18,27,0.666666666666667,1,0,461,462,433,256,499.5,521,506,539.5,"P5"
"344","Mississippi State","fbs","SEC",2022,4689336,"Caleb Ducking",45,11,11,4.09090909090909,15.8346671093298,0.35188149131844,1.43951519175725,369,8.2,33.5454545454545,0.577777777777778,38,45,0.844444444444444,5,1,367,414,422,297.5,169.5,283,395.5,365,"P5"
"344","Mississippi State","fbs","SEC",2022,4689338,"Dillon Johnson",49,10,11,4.9,-0.28828930832769,-0.00588345527199368,-0.028828930832769,274,5.59183673469388,27.4,0.530612244897959,47,49,0.959183673469388,0,0,555,556,555,399.5,19,386,553,449,"P5"
"344","Mississippi State","fbs","SEC",2022,4689340,"J.J. Jernighan",1,1,11,1,-0.605607576787761,-0.605607576787761,-0.605607576787761,2,2,2,0,1,1,1,0,0,NA,NA,NA,NA,NA,NA,NA,NA,"P5"
"344","Mississippi State","fbs","SEC",2022,4697844,"Rara Thomas",47,11,11,4.27272727272727,39.5396242081218,0.841268600172804,3.59451129164744,557,11.8510638297872,50.6363636363636,0.74468085106383,39,47,0.829787234042553,5,1,106,153,119,34,201,129.5,96,182.5,"P5"
"349","Army","fbs","FBS Independents",2022,4373726,"Tyhier Tyler",3,3,9,1,0.303582300381359,0.10119410012712,0.10119410012712,17,5.66666666666667,5.66666666666667,0.333333333333333,2,3,0.666666666666667,0,0,NA,NA,NA,NA,NA,NA,NA,NA,"G5"
"349","Army","fbs","FBS Independents",2022,4426681,"Maurice Bellan",1,1,9,1,-1.62132761269492,-1.62132761269492,-1.62132761269492,0,0,0,0,0,1,0,0,0,NA,NA,NA,NA,NA,NA,NA,NA,"G5"
"349","Army","fbs","FBS Independents",2022,4577316,"Braheam Murphy",12,5,9,2.4,7.09068829838944,0.590890691532453,1.41813765967789,165,13.75,33,0.333333333333333,6,12,0.5,1,0,NA,NA,NA,NA,NA,NA,NA,NA,"G5"
"349","Army","fbs","FBS Independents",2022,4577325,"Cole Caterbone",1,1,9,1,0,0,0,7,7,7,0,1,1,1,0,0,NA,NA,NA,NA,NA,NA,NA,NA,"G5"
"349","Army","fbs","FBS Independents",2022,4689809,"Ay'Juan Marshall",7,6,9,1.16666666666667,13.3859983523961,1.91228547891373,2.23099972539935,198,28.2857142857143,33,0.571428571428571,4,7,0.571428571428571,2,0,NA,NA,NA,NA,NA,NA,NA,NA,"G5"
"349","Army","fbs","FBS Independents",2022,4689825,"Tyrell Robinson",8,4,9,2,2.05526946985579,0.256908683731974,0.513817367463948,93,11.625,23.25,0.75,6,8,0.75,0,0,NA,NA,NA,NA,NA,NA,NA,NA,"G5"
"349","Army","fbs","FBS Independents",2022,4689826,"Riley Tyson",2,2,9,1,-1.1349244997604,-0.567462249880198,-0.567462249880198,2,1,1,0,1,2,0.5,0,0,NA,NA,NA,NA,NA,NA,NA,NA,"G5"
"349","Army","fbs","FBS Independents",2022,4689828,"Joshua Lingenfelter",3,3,9,1,7.91261609597311,2.6375386986577,2.6375386986577,105,35,35,1,3,3,1,0,0,NA,NA,NA,NA,NA,NA,NA,NA,"G5"
"349","Army","fbs","FBS Independents",2022,4689855,"Isaiah Alston",21,7,9,3,11.5984611645706,0.552307674503362,1.65692302351009,285,13.5714285714286,40.7142857142857,0.619047619047619,16,21,0.761904761904762,1,0,437,384,290,193.5,330.5,372.5,37,266,"G5"
"356","Illinois","fbs","Big Ten",2022,4045293,"Jonah Morris",1,1,11,1,0.962078320768147,0.962078320768147,0.962078320768147,21,21,21,1,1,1,1,0,0,NA,NA,NA,NA,NA,NA,NA,NA,"P5"
"356","Illinois","fbs","Big Ten",2022,4240391,"Tommy DeVito",2,1,11,2,3.93178365660777,1.96589182830389,3.93178365660777,22,11,22,1,2,2,1,2,0,NA,NA,NA,NA,NA,NA,NA,NA,"P5"
"356","Illinois","fbs","Big Ten",2022,4240546,"Michael Marchese",8,6,11,1.33333333333333,2.5478606508215,0.318482581352688,0.424643441803584,97,12.125,16.1666666666667,0.5,5,8,0.625,1,0,NA,NA,NA,NA,NA,NA,NA,NA,"P5"
"356","Illinois","fbs","Big Ten",2022,4362238,"Chase Brown",27,10,11,2.7,0.854516081239707,0.0316487437496188,0.0854516081239707,216,8,21.6,0.481481481481481,24,27,0.888888888888889,2,0,547,549,547,467,88,478.5,416,521.5,"P5"
"356","Illinois","fbs","Big Ten",2022,4362501,"Brian Hightower",40,9,11,4.44444444444444,24.8314752387877,0.620786880969692,2.75905280430974,386,9.65,42.8888888888889,0.625,30,40,0.75,2,2,247,240,253,187.5,365,260.5,262.5,242,"P5"
"356","Illinois","fbs","Big Ten",2022,4379402,"Luke Ford",8,5,11,1.6,-0.152650409273335,-0.0190813011591669,-0.030530081854667,77,9.625,15.4,0.625,8,8,1,0,1,NA,NA,NA,NA,NA,NA,NA,NA,"P5"
"356","Illinois","fbs","Big Ten",2022,4428796,"Casey Washington",27,9,11,3,7.94777948923841,0.294362203305126,0.883086609915379,197,7.2962962962963,21.8888888888889,0.592592592592593,20,27,0.740740740740741,0,0,475,478,458,256,387.5,500,482,518,"P5"
"356","Illinois","fbs","Big Ten",2022,4569371,"Isaiah Williams",66,10,11,6.6,17.0208208653087,0.25789122523195,1.70208208653087,486,7.36363636363636,48.6,0.484848484848485,54,66,0.818181818181818,4,2,349,375,473,459.5,222,172,476,197,"P5"
"356","Illinois","fbs","Big Ten",2022,4600981,"Patrick Bryant",32,7,11,4.57142857142857,13.6065078223314,0.425203369447855,1.94378683176162,294,9.1875,42,0.59375,24,32,0.75,0,1,404,344,374,251,365,358.5,300,253,"P5"
"356","Illinois","fbs","Big Ten",2022,4682640,"Joshua McCray",2,1,11,2,2.90678252195834,1.45339126097917,2.90678252195834,12,6,12,1,2,2,1,0,0,NA,NA,NA,NA,NA,NA,NA,NA,"P5"
"356","Illinois","fbs","Big Ten",2022,4696690,"Reggie Love III",4,4,11,1,-0.744292921479186,-0.186073230369797,-0.186073230369797,9,2.25,2.25,0.25,3,4,0.75,0,0,NA,NA,NA,NA,NA,NA,NA,NA,"P5"
"356","Illinois","fbs","Big Ten",2022,4696700,"Tip Reiman",25,7,11,3.57142857142857,4.21756079066793,0.168702431626717,0.602508684381133,143,5.72,20.4285714285714,0.52,15,25,0.6,1,0,516,509,507,418,553.5,558.5,548,535.5,"P5"
"356","Illinois","fbs","Big Ten",2022,4814930,"Hank Beatty",6,5,11,1.2,-1.12422831767647,-0.187371386279412,-0.224845663535294,17,2.83333333333333,3.4,0.333333333333333,6,6,1,0,0,NA,NA,NA,NA,NA,NA,NA,NA,"P5"
"356","Illinois","fbs","Big Ten",2022,4880014,"Miles Scott",4,2,11,2,-0.390767964028015,-0.0976919910070037,-0.195383982014007,16,4,8,0.5,2,4,0.5,0,0,NA,NA,NA,NA,NA,NA,NA,NA,"P5"
"36","Colorado State","fbs","Mountain West",2022,4360205,"David Bailey",2,2,10,1,0.282785017490337,0.141392508745169,0.141392508745169,4,2,2,0.5,2,2,1,0,0,NA,NA,NA,NA,NA,NA,NA,NA,"G5"
"36","Colorado State","fbs","Mountain West",2022,4361287,"A'Jon Vivens",5,3,10,1.66666666666667,-2.56343045596957,-0.512686091193915,-0.854476818656524,26,5.2,8.66666666666667,0.4,4,5,0.8,0,0,NA,NA,NA,NA,NA,NA,NA,NA,"G5"
"36","Colorado State","fbs","Mountain West",2022,4361306,"Gary Williams",1,1,10,1,2.63575244168814,2.63575244168814,2.63575244168814,23,23,23,1,1,1,1,0,0,NA,NA,NA,NA,NA,NA,NA,NA,"G5"
"36","Colorado State","fbs","Mountain West",2022,4427957,"Ty McCullouch",11,3,10,3.66666666666667,9.14397555619952,0.831270505109048,3.04799185206651,100,9.09090909090909,33.3333333333333,0.727272727272727,11,11,1,0,0,NA,NA,NA,NA,NA,NA,NA,NA,"G5"
"36","Colorado State","fbs","Mountain West",2022,4428594,"Melquan Stovall",13,3,10,4.33333333333333,11.3629753682673,0.874075028328256,3.78765845608911,106,8.15384615384615,35.3333333333333,0.615384615384615,13,13,1,0,0,NA,NA,NA,NA,NA,NA,NA,NA,"G5"
"36","Colorado State","fbs","Mountain West",2022,4432431,"Avery Morrow",21,8,10,2.625,-10.7007564049037,-0.509559828804937,-1.33759455061296,74,3.52380952380952,9.25,0.19047619047619,17,21,0.80952380952381,0,0,592,595,595,595,236.5,592,590,591,"G5"
"36","Colorado State","fbs","Mountain West",2022,4432733,"Clay Millen",2,2,10,1,5.45879201271065,2.72939600635533,2.72939600635533,33,16.5,16.5,1,2,2,1,1,0,NA,NA,NA,NA,NA,NA,NA,NA,"G5"
"36","Colorado State","fbs","Mountain West",2022,4569024,"Jaylen Thomas",16,5,10,3.2,5.06393824812895,0.31649614050806,1.01278764962579,118,7.375,23.6,0.625,15,16,0.9375,0,0,NA,NA,NA,NA,NA,NA,NA,NA,"G5"
"36","Colorado State","fbs","Mountain West",2022,4591746,"Dane Olson",2,2,10,1,1.2619064493038,0.630953224651898,0.630953224651898,18,9,9,0.5,2,2,1,0,0,NA,NA,NA,NA,NA,NA,NA,NA,"G5"
"36","Colorado State","fbs","Mountain West",2022,4597703,"Tory Horton",68,9,10,7.55555555555556,47.6293643029355,0.700431827984345,5.29215158921505,773,11.3676470588235,85.8888888888889,0.5,57,68,0.838235294117647,5,0,62,49,195,445.5,185,43.5,130,19,"G5"
"36","Colorado State","fbs","Mountain West",2022,4608853,"Peter Montini",2,2,10,1,3.43447341252862,1.71723670626431,1.71723670626431,45,22.5,22.5,1,2,2,1,0,0,NA,NA,NA,NA,NA,NA,NA,NA,"G5"
"36","Colorado State","fbs","Mountain West",2022,4683308,"Tanner Arkin",10,7,10,1.42857142857143,3.905385987931,0.3905385987931,0.557912283990142,78,7.8,11.1428571428571,0.6,10,10,1,0,0,NA,NA,NA,NA,NA,NA,NA,NA,"G5"
"36","Colorado State","fbs","Mountain West",2022,4685349,"Mekhi Fox",1,1,10,1,0.038307369215194,0.038307369215194,0.038307369215194,15,15,15,1,1,1,1,0,0,NA,NA,NA,NA,NA,NA,NA,NA,"G5"
"36","Colorado State","fbs","Mountain West",2022,4686849,"Matt Greenwald",1,1,10,1,0.281859754116526,0.281859754116526,0.281859754116526,6,6,6,1,1,1,1,0,0,NA,NA,NA,NA,NA,NA,NA,NA,"G5"
"36","Colorado State","fbs","Mountain West",2022,4896389,"Louis Brown",11,4,10,2.75,3.75698530868018,0.341544118970926,0.939246327170045,99,9,24.75,0.454545454545455,11,11,1,0,0,NA,NA,NA,NA,NA,NA,NA,NA,"G5"
"36","Colorado State","fbs","Mountain West",2022,4910239,"Justus Ross-Simmons",20,6,10,3.33333333333333,34.2403177188591,1.71201588594296,5.70671961980985,312,15.6,52,0.85,18,20,0.9,3,0,156,38,1,5.5,69.5,344.5,14,175,"G5"
"36","Colorado State","fbs","Mountain West",2022,4912040,"Jordan Williams",2,1,10,2,4.29827474701995,2.14913737350998,4.29827474701995,26,13,26,0.5,2,2,1,1,0,NA,NA,NA,NA,NA,NA,NA,NA,"G5"
"36","Colorado State","fbs","Mountain West",2022,5082253,"Keegan Holles",2,1,10,2,-1.42881657513486,-0.714408287567428,-1.42881657513486,3,1.5,3,0,2,2,1,0,0,NA,NA,NA,NA,NA,NA,NA,NA,"G5"
"38","Colorado","fbs","Pac-12",2022,4241225,"R.J. Sneed",26,10,12,2.6,9.57985021990594,0.36845577768869,0.957985021990594,168,6.46153846153846,16.8,0.576923076923077,20,26,0.769230769230769,0,0,455,467,409,301,318,536.5,525,566,"P5"
"38","Colorado","fbs","Pac-12",2022,4243163,"Alex Fontenot",7,5,12,1.4,3.13132626992752,0.447332324275359,0.626265253985503,56,8,11.2,0.714285714285714,6,7,0.857142857142857,0,0,NA,NA,NA,NA,NA,NA,NA,NA,"P5"
"38","Colorado","fbs","Pac-12",2022,4243165,"Jaylon Jackson",4,2,12,2,0.0682919265417515,0.0170729816354379,0.0341459632708758,74,18.5,37,0.5,4,4,1,0,0,NA,NA,NA,NA,NA,NA,NA,NA,"P5"
"38","Colorado","fbs","Pac-12",2022,4243170,"Maurice Bell",13,6,12,2.16666666666667,0.246440644699005,0.0189569726691543,0.0410734407831675,42,3.23076923076923,7,0.230769230769231,13,13,1,0,0,NA,NA,NA,NA,NA,NA,NA,NA,"P5"
"38","Colorado","fbs","Pac-12",2022,4243176,"Brady Russell",24,8,12,3,3.2129816053351,0.133874233555629,0.401622700666887,153,6.375,19.125,0.625,20,24,0.833333333333333,0,0,523,525,523,187.5,194,553,527,550,"P5"
"38","Colorado","fbs","Pac-12",2022,4360644,"Daniel Arias",19,7,12,2.71428571428571,22.8521599016804,1.20274525798318,3.26459427166863,256,13.4736842105263,36.5714285714286,0.631578947368421,17,19,0.894736842105263,1,0,NA,NA,NA,NA,NA,NA,NA,NA,"P5"
"38","Colorado","fbs","Pac-12",2022,4360652,"Deion Smith",12,7,12,1.71428571428571,-6.30720552405584,-0.525600460337986,-0.901029360579405,84,7,12,0.333333333333333,11,12,0.916666666666667,0,1,NA,NA,NA,NA,NA,NA,NA,NA,"P5"
"38","Colorado","fbs","Pac-12",2022,4360670,"Frank Fillip",1,1,12,1,0.941992484410195,0.941992484410195,0.941992484410195,1,1,1,1,1,1,1,1,0,NA,NA,NA,NA,NA,NA,NA,NA,"P5"
"38","Colorado","fbs","Pac-12",2022,4369839,"JT Shrout",1,1,12,1,4.76678378163487,4.76678378163487,4.76678378163487,23,23,23,1,1,1,1,1,0,NA,NA,NA,NA,NA,NA,NA,NA,"P5"
"38","Colorado","fbs","Pac-12",2022,4612411,"Chase Penry",4,3,12,1.33333333333333,-0.623219664793732,-0.155804916198433,-0.207739888264577,25,6.25,8.33333333333333,0.5,2,4,0.5,0,0,NA,NA,NA,NA,NA,NA,NA,NA,"P5"
"38","Colorado","fbs","Pac-12",2022,4668019,"Erik Olsen",6,4,12,1.5,3.00390791665661,0.500651319442768,0.750976979164153,27,4.5,6.75,0.333333333333333,5,6,0.833333333333333,0,0,NA,NA,NA,NA,NA,NA,NA,NA,"P5"
"38","Colorado","fbs","Pac-12",2022,4685385,"Anthony Hankerson",4,3,12,1.33333333333333,0.322791846215328,0.0806979615538321,0.107597282071776,26,6.5,8.66666666666667,0.25,4,4,1,0,0,NA,NA,NA,NA,NA,NA,NA,NA,"P5"
"38","Colorado","fbs","Pac-12",2022,4686771,"Caleb Fauria",4,3,12,1.33333333333333,0.224048625186668,0.0560121562966671,0.0746828750622228,23,5.75,7.66666666666667,0.5,3,4,0.75,0,0,NA,NA,NA,NA,NA,NA,NA,NA,"P5"
"38","Colorado","fbs","Pac-12",2022,4686775,"Montana Lemonious-Craig",28,11,12,2.54545454545455,30.2414676496704,1.08005241605966,2.74922433178822,330,11.7857142857143,30,0.678571428571429,21,28,0.75,2,0,192,241,42,105,365,322.5,103,408,"P5"
"38","Colorado","fbs","Pac-12",2022,4686782,"Jayle Stacks",1,1,12,1,-0.798845597403415,-0.798845597403415,-0.798845597403415,2,2,2,0,1,1,1,0,0,NA,NA,NA,NA,NA,NA,NA,NA,"P5"
"38","Colorado","fbs","Pac-12",2022,4689721,"Ty Robinson",1,1,12,1,1.72483089542234,1.72483089542234,1.72483089542234,9,9,9,1,1,1,1,0,0,NA,NA,NA,NA,NA,NA,NA,NA,"P5"
"38","Colorado","fbs","Pac-12",2022,4701588,"Michael Harrison",3,2,12,1.5,0.790953695273656,0.263651231757885,0.395476847636828,12,4,6,0.333333333333333,2,3,0.666666666666667,0,0,NA,NA,NA,NA,NA,NA,NA,NA,"P5"
"38","Colorado","fbs","Pac-12",2022,4875282,"Charlie Offerdahl",2,2,12,1,5.37533317318616,2.68766658659308,2.68766658659308,47,23.5,23.5,1,2,2,1,0,0,NA,NA,NA,NA,NA,NA,NA,NA,"P5"
"38","Colorado","fbs","Pac-12",2022,4875284,"Austin Smith",1,1,12,1,1.74316846449567,1.74316846449567,1.74316846449567,4,4,4,1,1,1,1,1,0,NA,NA,NA,NA,NA,NA,NA,NA,"P5"
"38","Colorado","fbs","Pac-12",2022,4880281,"Jordyn Tyson",30,8,12,3.75,37.5559300877253,1.25186433625751,4.69449126096566,447,14.9,55.875,0.6,21,30,0.7,3,0,126,73,18,238,442.5,201.5,21,140,"P5"
"38","Colorado","fbs","Pac-12",2022,4890060,"Jack Hestera",16,7,12,2.28571428571429,6.17992339787876,0.386245212367422,0.882846199696965,157,9.8125,22.4285714285714,0.5,14,16,0.875,0,0,NA,NA,NA,NA,NA,NA,NA,NA,"P5"
"38","Colorado","fbs","Pac-12",2022,4912067,"Chase Sowell",2,1,12,2,1.90853062570458,0.954265312852289,1.90853062570458,23,11.5,23,1,2,2,1,0,0,NA,NA,NA,NA,NA,NA,NA,NA,"P5"
"41","UConn","fbs","FBS Independents",2022,4240636,"Robert Burns",6,3,11,2,-1.66891301106901,-0.278152168511502,-0.556304337023005,28,4.66666666666667,9.33333333333333,0.5,5,6,0.833333333333333,0,0,NA,NA,NA,NA,NA,NA,NA,NA,"G5"
"41","UConn","fbs","FBS Independents",2022,4361589,"Nigel Fitzgerald",2,2,11,1,2.61649502741024,1.30824751370512,1.30824751370512,12,6,6,1,2,2,1,0,0,NA,NA,NA,NA,NA,NA,NA,NA,"G5"
"41","UConn","fbs","FBS Independents",2022,4426940,"Kevens Clercius",31,9,11,3.44444444444444,14.2968823726167,0.461189753955376,1.58854248584629,274,8.83870967741935,30.4444444444444,0.451612903225806,21,31,0.67741935483871,1,1,392,392,356,510,485,386,337,404,"G5"
"41","UConn","fbs","FBS Independents",2022,4432236,"DaJon Harrison",7,3,11,2.33333333333333,-2.40248805754859,-0.343212579649798,-0.800829352516196,9,1.28571428571429,3,0.142857142857143,5,7,0.714285714285714,0,0,NA,NA,NA,NA,NA,NA,NA,NA,"G5"
"41","UConn","fbs","FBS Independents",2022,4566700,"Brandon Niemenski",2,1,11,2,-0.736276110522085,-0.368138055261042,-0.736276110522085,8,4,8,0.5,2,2,1,0,0,NA,NA,NA,NA,NA,NA,NA,NA,"G5"
"41","UConn","fbs","FBS Independents",2022,4569013,"Jacob Flynn",3,1,11,3,-1.30088362943583,-0.433627876478611,-1.30088362943583,7,2.33333333333333,7,0.333333333333333,2,3,0.666666666666667,0,0,NA,NA,NA,NA,NA,NA,NA,NA,"G5"
"41","UConn","fbs","FBS Independents",2022,4574776,"Russell Dixon",3,2,11,1.5,1.29542855174323,0.431809517247743,0.647714275871615,30,10,15,0.666666666666667,3,3,1,0,0,NA,NA,NA,NA,NA,NA,NA,NA,"G5"
"41","UConn","fbs","FBS Independents",2022,4604004,"Keelan Marion",5,2,11,2.5,-0.119521181492451,-0.0239042362984901,-0.0597605907462253,20,4,10,0.4,2,5,0.4,1,0,NA,NA,NA,NA,NA,NA,NA,NA,"G5"
"41","UConn","fbs","FBS Independents",2022,4605841,"Nathan Carter",4,3,11,1.33333333333333,1.02551725606409,0.256379314016021,0.341839085354695,21,5.25,7,0.25,4,4,1,0,0,NA,NA,NA,NA,NA,NA,NA,NA,"G5"
"41","UConn","fbs","FBS Independents",2022,4608772,"Brian Brewton",2,2,11,1,1.25065602688412,0.625328013442062,0.625328013442062,8,4,4,0.5,2,2,1,0,0,NA,NA,NA,NA,NA,NA,NA,NA,"G5"
"41","UConn","fbs","FBS Independents",2022,4613059,"Devontae Houston",10,4,11,2.5,4.05706401768569,0.405706401768569,1.01426600442142,33,3.3,8.25,0.4,10,10,1,0,0,NA,NA,NA,NA,NA,NA,NA,NA,"G5"
"41","UConn","fbs","FBS Independents",2022,4683531,"Aaron Turner",53,11,11,4.81818181818182,15.3096183814213,0.28886072417776,1.39178348922012,360,6.79245283018868,32.7272727272727,0.509433962264151,47,53,0.886792452830189,1,0,371,419,459,437.5,93,293,505,373,"G5"
"41","UConn","fbs","FBS Independents",2022,4685697,"Zion Turner",4,4,11,1,12.2025762449659,3.05064406124148,3.05064406124148,73,18.25,18.25,1,4,4,1,3,0,NA,NA,NA,NA,NA,NA,NA,NA,"G5"
"41","UConn","fbs","FBS Independents",2022,4873234,"Victor Rosa",9,5,11,1.8,-3.59998566676032,-0.399998407417813,-0.719997133352063,24,2.66666666666667,4.8,0.222222222222222,6,9,0.666666666666667,0,0,NA,NA,NA,NA,NA,NA,NA,NA,"G5"
"41","UConn","fbs","FBS Independents",2022,4912052,"Justin Joly",20,6,11,3.33333333333333,21.5804688910405,1.07902344455202,3.59674481517341,198,9.9,33,0.65,16,20,0.8,1,0,NA,NA,NA,NA,NA,NA,NA,NA,"G5"
"5","UAB","fbs","Conference USA",2022,4363407,"Cd Daniels",1,1,11,1,-0.66351864774494,-0.66351864774494,-0.66351864774494,0,0,0,0,0,1,0,0,0,NA,NA,NA,NA,NA,NA,NA,NA,"G5"
"5","UAB","fbs","Conference USA",2022,4365433,"Dexter Boykin",13,5,11,2.6,2.54996236813611,0.196150951395085,0.509992473627222,88,6.76923076923077,17.6,0.615384615384615,10,13,0.769230769230769,0,0,NA,NA,NA,NA,NA,NA,NA,NA,"G5"
"5","UAB","fbs","Conference USA",2022,4427960,"Terrell McDonald",2,2,11,1,-0.448574127729626,-0.224287063864813,-0.224287063864813,6,3,3,0.5,2,2,1,0,0,NA,NA,NA,NA,NA,NA,NA,NA,"G5"
"5","UAB","fbs","Conference USA",2022,4430388,"DeWayne McBride",4,3,11,1.33333333333333,-1.0310974661867,-0.257774366546674,-0.343699155395565,10,2.5,3.33333333333333,0.25,2,4,0.5,0,0,NA,NA,NA,NA,NA,NA,NA,NA,"G5"
"5","UAB","fbs","Conference USA",2022,4570047,"TJ Jones",24,11,11,2.18181818181818,-0.314403406759556,-0.0131001419483148,-0.0285821278872324,180,7.5,16.3636363636364,0.458333333333333,24,24,1,1,1,556,555,556,502,6.5,527.5,460.5,570,"G5"
"5","UAB","fbs","Conference USA",2022,4570115,"Samario Rudolph",14,6,11,2.33333333333333,26.8596052372218,1.91854323123013,4.47660087287029,221,15.7857142857143,36.8333333333333,0.785714285714286,12,14,0.857142857142857,2,0,NA,NA,NA,NA,NA,NA,NA,NA,"G5"
"5","UAB","fbs","Conference USA",2022,4570130,"Jermaine Brown Jr.",18,7,11,2.57142857142857,1.20724646267086,0.0670692479261588,0.172463780381551,102,5.66666666666667,14.5714285714286,0.333333333333333,16,18,0.888888888888889,0,0,NA,NA,NA,NA,NA,NA,NA,NA,"G5"
"5","UAB","fbs","Conference USA",2022,4570132,"Ryan Davis",6,3,11,2,9.36886455705905,1.56147742617651,3.12295485235302,74,12.3333333333333,24.6666666666667,1,6,6,1,0,0,NA,NA,NA,NA,NA,NA,NA,NA,"G5"
"5","UAB","fbs","Conference USA",2022,4689650,"Trea Shropshire",55,10,11,5.5,45.439363182666,0.826170239684836,4.5439363182666,740,13.4545454545455,74,0.563636363636364,35,55,0.636363636363636,5,0,67,82,125,325,522.5,57,40,48.5,"G5"
"5","UAB","fbs","Conference USA",2022,4714290,"Fred Farrier II",10,5,11,2,6.7316286132975,0.67316286132975,1.3463257226595,110,11,22,0.7,9,10,0.9,1,0,NA,NA,NA,NA,NA,NA,NA,NA,"G5"
"5","UAB","fbs","Conference USA",2022,4875912,"Tejhaun Palmer",31,8,11,3.875,23.1688801181811,0.747383229618744,2.89611001477263,393,12.6774193548387,49.125,0.645161290322581,22,31,0.709677419354839,1,0,269,222,166,154,429,247,61,193,"G5"
"5","UAB","fbs","Conference USA",2022,4880644,"Bryce Damous",13,5,11,2.6,8.3115410705536,0.639349313119507,1.66230821411072,131,10.0769230769231,26.2,0.615384615384615,11,13,0.846153846153846,0,0,NA,NA,NA,NA,NA,NA,NA,NA,"G5"
"5","UAB","fbs","Conference USA",2022,5082370,"Dallas Payne",2,1,11,2,0.318363775096882,0.159181887548441,0.318363775096882,17,8.5,17,0.5,2,2,1,0,0,NA,NA,NA,NA,NA,NA,NA,NA,"G5"
"52","Florida State","fbs","ACC",2022,4240033,"Ontaria Wilson",38,11,11,3.45454545454545,14.0690720385447,0.370238737856439,1.27900654895861,410,10.7894736842105,37.2727272727273,0.421052631578947,23,38,0.605263157894737,3,1,396,437,408,538,550,231,170,314,"P5"
"52","Florida State","fbs","ACC",2022,4360799,"Jordan Travis",5,3,11,1.66666666666667,13.3862477092166,2.67724954184333,4.46208256973888,56,11.2,18.6666666666667,1,5,5,1,5,0,NA,NA,NA,NA,NA,NA,NA,NA,"P5"
"52","Florida State","fbs","ACC",2022,4363045,"Camm McDonald",31,10,11,3.1,16.8082129424332,0.542200417497847,1.68082129424332,312,10.0645161290323,31.2,0.483870967741935,21,31,0.67741935483871,1,0,351,379,298,462,485,344.5,230,396,"P5"
"52","Florida State","fbs","ACC",2022,4367509,"Mike Roussos",2,1,11,2,-0.465004846129335,-0.232502423064667,-0.465004846129335,16,8,16,0.5,2,2,1,0,0,NA,NA,NA,NA,NA,NA,NA,NA,"P5"
"52","Florida State","fbs","ACC",2022,4426410,"Mycah Pittman",37,9,11,4.11111111111111,20.3217933775441,0.549237658852543,2.25797704194934,277,7.48648648648649,30.7777777777778,0.513513513513513,25,37,0.675675675675676,3,0,300,307,292,431,488.5,384,463,400,"P5"
"52","Florida State","fbs","ACC",2022,4428783,"Treshaun Ward",6,4,11,1.5,2.41773034801299,0.402955058002165,0.604432587003247,19,3.16666666666667,4.75,0.5,6,6,1,0,0,NA,NA,NA,NA,NA,NA,NA,NA,"P5"
"52","Florida State","fbs","ACC",2022,4429072,"Lawrance Toafili",29,10,11,2.9,4.1501666003914,0.143109193116945,0.41501666003914,255,8.79310344827586,25.5,0.413793103448276,22,29,0.758620689655172,1,0,517,523,519,542,339,416.5,343,476,"P5"
"52","Florida State","fbs","ACC",2022,4429275,"Trey Benson",15,9,11,1.66666666666667,-0.87319196153985,-0.05821279743599,-0.0970213290599834,111,7.4,12.3333333333333,0.333333333333333,12,15,0.8,0,0,NA,NA,NA,NA,NA,NA,NA,NA,"P5"
"52","Florida State","fbs","ACC",2022,4430636,"Kentron Poitier",15,5,11,3,12.389099773577,0.825939984905134,2.4778199547154,174,11.6,34.8,0.6,9,15,0.6,3,0,NA,NA,NA,NA,NA,NA,NA,NA,"P5"
"52","Florida State","fbs","ACC",2022,4430885,"Ja'Khi Douglas",12,3,11,4,2.97053455695674,0.247544546413062,0.990178185652248,110,9.16666666666667,36.6666666666667,0.583333333333333,8,12,0.666666666666667,1,0,NA,NA,NA,NA,NA,NA,NA,NA,"P5"
"52","Florida State","fbs","ACC",2022,4432362,"DJ Lundy",1,1,11,1,1.7078830423083,1.7078830423083,1.7078830423083,2,2,2,1,1,1,1,1,0,NA,NA,NA,NA,NA,NA,NA,NA,"P5"
"52","Florida State","fbs","ACC",2022,4433886,"Tate Rodemaker",2,1,11,2,3.95084294642923,1.97542147321462,3.95084294642923,12,6,12,1,2,2,1,2,0,NA,NA,NA,NA,NA,NA,NA,NA,"P5"
"52","Florida State","fbs","ACC",2022,4567253,"Darion Williamson",5,1,11,5,8.1696074406494,1.63392148812988,8.1696074406494,98,19.6,98,0.6,5,5,1,0,0,NA,NA,NA,NA,NA,NA,NA,NA,"P5"
"52","Florida State","fbs","ACC",2022,4612297,"Markeston Douglas",12,6,11,2,8.01529021780655,0.667940851483879,1.33588170296776,140,11.6666666666667,23.3333333333333,0.75,10,12,0.833333333333333,1,0,NA,NA,NA,NA,NA,NA,NA,NA,"P5"
"52","Florida State","fbs","ACC",2022,4682509,"Malik McClain",17,8,11,2.125,9.37310724946087,0.551359249968287,1.17163840618261,168,9.88235294117647,21,0.588235294117647,13,17,0.764705882352941,2,0,NA,NA,NA,NA,NA,NA,NA,NA,"P5"
"52","Florida State","fbs","ACC",2022,4685374,"Rodney Hill",1,1,11,1,-1.32870688797499,-1.32870688797499,-1.32870688797499,0,0,0,0,0,1,0,0,0,NA,NA,NA,NA,NA,NA,NA,NA,"P5"
"52","Florida State","fbs","ACC",2022,4686104,"Johnny Wilson",64,10,11,6.4,22.372552245711,0.349571128839234,2.2372552245711,632,9.875,63.2,0.453125,32,64,0.5,3,0,278,310,426,507,588.5,91,243,94,"P5"
"52","Florida State","fbs","ACC",2022,4691547,"Preston Daniel",3,2,11,1.5,0.00344655973868524,0.00114885324622841,0.00172327986934262,13,4.33333333333333,6.5,0.333333333333333,2,3,0.666666666666667,0,0,NA,NA,NA,NA,NA,NA,NA,NA,"P5"
"52","Florida State","fbs","ACC",2022,4696686,"Deuce Spann",7,5,11,1.4,1.30176199663074,0.185965999518677,0.260352399326147,24,3.42857142857143,4.8,0.571428571428571,5,7,0.714285714285714,0,0,NA,NA,NA,NA,NA,NA,NA,NA,"P5"
"52","Florida State","fbs","ACC",2022,4812439,"Brian Courtney",1,1,11,1,2.4208394437385,2.4208394437385,2.4208394437385,12,12,12,1,1,1,1,0,0,NA,NA,NA,NA,NA,NA,NA,NA,"P5"
"52","Florida State","fbs","ACC",2022,4873588,"CJ Campbell",1,1,11,1,-1.02706143073542,-1.02706143073542,-1.02706143073542,3,3,3,0,1,1,1,0,0,NA,NA,NA,NA,NA,NA,NA,NA,"P5"
"57","Florida","fbs","SEC",2022,4259352,"Jordan Pouncey",1,1,11,1,-0.163180125507929,-0.163180125507929,-0.163180125507929,6,6,6,0,1,1,1,0,0,NA,NA,NA,NA,NA,NA,NA,NA,"P5"
"57","Florida","fbs","SEC",2022,4360247,"Dante Lang",20,9,11,2.22222222222222,-0.0963774750554198,-0.00481887375277099,-0.0107086083394911,75,3.75,8.33333333333333,0.3,10,20,0.5,0,0,NA,NA,NA,NA,NA,NA,NA,NA,"P5"
"57","Florida","fbs","SEC",2022,4361426,"Justin Shorter",48,8,11,6,20.7016496298843,0.431284367289256,2.58770620373554,502,10.4583333333333,62.75,0.458333333333333,28,48,0.583333333333333,1,0,296,258,368,502,558.5,156.5,205,96,"P5"
"57","Florida","fbs","SEC",2022,4362496,"Lorenzo Lingard",1,1,11,1,1.71658192138026,1.71658192138026,1.71658192138026,7,7,7,1,1,1,1,0,0,NA,NA,NA,NA,NA,NA,NA,NA,"P5"
"57","Florida","fbs","SEC",2022,4428209,"Ricky Pearsall",44,11,11,4,39.5365639024568,0.898558270510382,3.59423308204153,571,12.9772727272727,51.9090909090909,0.568181818181818,27,44,0.613636363636364,4,0,108,155,99,317,539,116,52,176,"P5"
"57","Florida","fbs","SEC",2022,4429084,"Anthony Richardson",2,2,11,1,11.3996668532298,5.69983342661491,5.69983342661491,81,40.5,40.5,1,2,2,1,2,0,NA,NA,NA,NA,NA,NA,NA,NA,"P5"
"57","Florida","fbs","SEC",2022,4430569,"Jonathan Odom",7,2,11,3.5,4.07710450747275,0.582443501067536,2.03855225373638,45,6.42857142857143,22.5,0.571428571428571,5,7,0.714285714285714,2,0,NA,NA,NA,NA,NA,NA,NA,NA,"P5"
"57","Florida","fbs","SEC",2022,4430817,"Xzavier Henderson",45,9,11,5,2.93546323435346,0.0652325163189657,0.326162581594829,295,6.55555555555556,32.7777777777778,0.444444444444444,34,45,0.755555555555556,0,0,525,530,537,515.5,346.5,356.5,520.5,372,"P5"
"57","Florida","fbs","SEC",2022,4430833,"Ja'Quavion Fraziars",7,1,11,7,1.08561152198672,0.155087360283816,1.08561152198672,50,7.14285714285714,50,0.428571428571429,4,7,0.571428571428571,1,0,NA,NA,NA,NA,NA,NA,NA,NA,"P5"
"57","Florida","fbs","SEC",2022,4431514,"Daejon Reynolds",11,2,11,5.5,18.0242832979946,1.6385712089086,9.0121416489973,170,15.4545454545455,85,0.545454545454545,9,11,0.818181818181818,2,0,NA,NA,NA,NA,NA,NA,NA,NA,"P5"
"57","Florida","fbs","SEC",2022,4567402,"Keon Zipperer",13,6,11,2.16666666666667,9.54017110824144,0.733859316018572,1.59002851804024,130,10,21.6666666666667,0.615384615384615,11,13,0.846153846153846,1,0,NA,NA,NA,NA,NA,NA,NA,NA,"P5"
"57","Florida","fbs","SEC",2022,4567415,"Trent Whittemore",5,2,11,2.5,6.3762368803339,1.27524737606678,3.18811844016695,64,12.8,32,0.6,3,5,0.6,0,0,NA,NA,NA,NA,NA,NA,NA,NA,"P5"
"57","Florida","fbs","SEC",2022,4592832,"Marcus Burke",8,4,11,2,-1.13025382185945,-0.141281727732431,-0.282563455464862,30,3.75,7.5,0.375,4,8,0.5,0,0,NA,NA,NA,NA,NA,NA,NA,NA,"P5"
"57","Florida","fbs","SEC",2022,4684625,"Montrell Johnson",14,9,11,1.55555555555556,10.1216077621895,0.722971983013535,1.12462308468772,63,4.5,7,0.357142857142857,10,14,0.714285714285714,1,0,NA,NA,NA,NA,NA,NA,NA,NA,"P5"
"57","Florida","fbs","SEC",2022,4685350,"Trevor Etienne",7,4,11,1.75,-0.0655591630701732,-0.00936559472431045,-0.0163897907675433,56,8,14,0.571428571428571,7,7,1,0,0,NA,NA,NA,NA,NA,NA,NA,NA,"P5"
"57","Florida","fbs","SEC",2022,4693740,"Kahleil Jackson",1,1,11,1,1.21865158600966,1.21865158600966,1.21865158600966,23,23,23,1,1,1,1,0,0,NA,NA,NA,NA,NA,NA,NA,NA,"P5"
"57","Florida","fbs","SEC",2022,4820574,"Chris McClellan",1,1,11,1,-1.11140089693926,-1.11140089693926,-1.11140089693926,0,0,0,0,0,1,0,0,0,NA,NA,NA,NA,NA,NA,NA,NA,"P5"
"57","Florida","fbs","SEC",2022,4869645,"Caleb Douglas",7,3,11,2.33333333333333,10.01179463904,1.43025637700571,3.33726487968,88,12.5714285714286,29.3333333333333,1,7,7,1,1,0,NA,NA,NA,NA,NA,NA,NA,NA,"P5"
"57","Florida","fbs","SEC",2022,5081632,"Thai Chiaokhiao-Bowman",9,3,11,3,-2.32973655845704,-0.258859617606338,-0.776578852819013,85,9.44444444444444,28.3333333333333,0.555555555555556,5,9,0.555555555555556,0,0,NA,NA,NA,NA,NA,NA,NA,NA,"P5"
"58","South Florida","fbs","American Athletic",2022,4360873,"Chris Carter",1,1,11,1,-0.365419171645945,-0.365419171645945,-0.365419171645945,1,1,1,0,1,1,1,0,0,NA,NA,NA,NA,NA,NA,NA,NA,"G5"
"58","South Florida","fbs","American Athletic",2022,4370472,"Chris Mottillo",2,1,11,2,4.13831112445237,2.06915556222618,4.13831112445237,33,16.5,33,1,2,2,1,1,0,NA,NA,NA,NA,NA,NA,NA,NA,"G5"
"58","South Florida","fbs","American Athletic",2022,4427111,"Michel Dukes",8,8,11,1,7.41873231402894,0.927341539253617,0.927341539253617,69,8.625,8.625,0.5,7,8,0.875,0,0,NA,NA,NA,NA,NA,NA,NA,NA,"G5"
"58","South Florida","fbs","American Athletic",2022,4427331,"Khafre Brown",5,3,11,1.66666666666667,4.01930129138592,0.803860258277184,1.33976709712864,42,8.4,14,0.6,3,5,0.6,0,0,NA,NA,NA,NA,NA,NA,NA,NA,"G5"
"58","South Florida","fbs","American Athletic",2022,4427649,"Kelley Joiner Jr.",7,3,11,2.33333333333333,-3.65635187779601,-0.522335982542287,-1.21878395926534,53,7.57142857142857,17.6666666666667,0.428571428571429,7,7,1,0,1,NA,NA,NA,NA,NA,NA,NA,NA,"G5"
"58","South Florida","fbs","American Athletic",2022,4428640,"Yusuf Terry",9,3,11,3,3.71547727622772,0.412830808469747,1.23849242540924,57,6.33333333333333,19,0.666666666666667,7,9,0.777777777777778,0,0,NA,NA,NA,NA,NA,NA,NA,NA,"G5"
"58","South Florida","fbs","American Athletic",2022,4428811,"Xavier Weaver",64,8,11,8,38.7492298406809,0.605456716260639,4.84365373008512,662,10.34375,82.75,0.546875,45,64,0.703125,6,2,114,63,268,372,438,80.5,212,31,"G5"
"58","South Florida","fbs","American Athletic",2022,4429207,"Ajou Ajou",2,1,11,2,-0.620525752495028,-0.310262876247514,-0.620525752495028,9,4.5,9,0,2,2,1,0,0,NA,NA,NA,NA,NA,NA,NA,NA,"G5"
"58","South Florida","fbs","American Athletic",2022,4430067,"Jaren Mangham",4,1,11,4,-2.11406779268733,-0.528516948171833,-2.11406779268733,14,3.5,14,0.25,3,4,0.75,0,0,NA,NA,NA,NA,NA,NA,NA,NA,"G5"
"58","South Florida","fbs","American Athletic",2022,4430926,"Brian Battie",17,7,11,2.42857142857143,1.45063499107793,0.0853314700634079,0.207233570153991,111,6.52941176470588,15.8571428571429,0.411764705882353,13,17,0.764705882352941,0,1,NA,NA,NA,NA,NA,NA,NA,NA,"G5"
"58","South Florida","fbs","American Athletic",2022,4565303,"Katravis Marsh",1,1,11,1,1.65805751316634,1.65805751316634,1.65805751316634,2,2,2,1,1,1,1,1,0,NA,NA,NA,NA,NA,NA,NA,NA,"G5"
"58","South Florida","fbs","American Athletic",2022,4565889,"Omarion Dollison",14,7,11,2,11.1513553034106,0.796525378815042,1.59305075763008,137,9.78571428571429,19.5714285714286,0.714285714285714,11,14,0.785714285714286,0,0,NA,NA,NA,NA,NA,NA,NA,NA,"G5"
"58","South Florida","fbs","American Athletic",2022,4567792,"K'Wan Powell",1,1,11,1,-0.563358404969819,-0.563358404969819,-0.563358404969819,0,0,0,0,0,1,0,0,0,NA,NA,NA,NA,NA,NA,NA,NA,"G5"
"58","South Florida","fbs","American Athletic",2022,4571563,"Sean Atkins",19,6,11,3.16666666666667,22.5146248017278,1.18498025272252,3.75243746695464,230,12.1052631578947,38.3333333333333,0.789473684210526,18,19,0.947368421052632,3,1,NA,NA,NA,NA,NA,NA,NA,NA,"G5"
"58","South Florida","fbs","American Athletic",2022,4611516,"Holden Willis",11,5,11,2.2,3.37149583900618,0.306499621727834,0.674299167801235,69,6.27272727272727,13.8,0.454545454545455,6,11,0.545454545454545,1,0,NA,NA,NA,NA,NA,NA,NA,NA,"G5"
"58","South Florida","fbs","American Athletic",2022,4643696,"Gunnar Greenwald",2,1,11,2,0.506217821512204,0.253108910756102,0.506217821512204,12,6,12,0.5,2,2,1,0,0,NA,NA,NA,NA,NA,NA,NA,NA,"G5"
"58","South Florida","fbs","American Athletic",2022,4683814,"Dequan Stanley",1,1,11,1,7.12055741136022,7.12055741136022,7.12055741136022,73,73,73,1,1,1,1,1,0,NA,NA,NA,NA,NA,NA,NA,NA,"G5"
"58","South Florida","fbs","American Athletic",2022,4690154,"Garret Reynolds",2,2,11,1,3.62223004085326,1.81111502042663,1.81111502042663,14,7,7,1,2,2,1,0,0,NA,NA,NA,NA,NA,NA,NA,NA,"G5"
"58","South Florida","fbs","American Athletic",2022,4708486,"Jimmy Horn Jr.",46,9,11,5.11111111111111,14.4179877406387,0.313434516100842,1.60199863784875,498,10.8260869565217,55.3333333333333,0.478260869565217,34,46,0.739130434782609,3,0,388,388,446,476,391,160.5,166,148,"G5"
"58","South Florida","fbs","American Athletic",2022,4880272,"Byrum Brown",1,1,11,1,5.17712279122775,5.17712279122775,5.17712279122775,17,17,17,1,1,1,1,1,0,NA,NA,NA,NA,NA,NA,NA,NA,"G5"
"58","South Florida","fbs","American Athletic",2022,5081768,"Jayson Littlejohn",1,1,11,1,2.54613424834878,2.54613424834878,2.54613424834878,17,17,17,1,1,1,1,1,0,NA,NA,NA,NA,NA,NA,NA,NA,"G5"
"59","Georgia Tech","fbs","ACC",2022,4248557,"EJ Jenkins",22,7,10,3.14285714285714,13.433371508005,0.61060779581841,1.91905307257215,255,11.5909090909091,36.4285714285714,0.636363636363636,14,22,0.636363636363636,3,0,407,349,261,169,522.5,416.5,111,321,"P5"
"59","Georgia Tech","fbs","ACC",2022,4360575,"Malachi Carter",26,9,10,2.88888888888889,17.7225381638465,0.681636083224864,1.96917090709405,259,9.96153846153846,28.7777777777778,0.576923076923077,17,26,0.653846153846154,2,0,332,341,212,301,507,411,237.5,430,"P5"
"59","Georgia Tech","fbs","ACC",2022,4360580,"Peje' Harris",6,2,10,3,-0.281571876380423,-0.0469286460634038,-0.140785938190211,44,7.33333333333333,22,0.5,3,6,0.5,0,0,NA,NA,NA,NA,NA,NA,NA,NA,"P5"
"59","Georgia Tech","fbs","ACC",2022,4360589,"Dontae Smith",16,7,10,2.28571428571429,1.17191992818349,0.0732449955114681,0.167417132597641,102,6.375,14.5714285714286,0.5,15,16,0.9375,0,0,NA,NA,NA,NA,NA,NA,NA,NA,"P5"
"59","Georgia Tech","fbs","ACC",2022,4360805,"Hassan Hall",31,9,10,3.44444444444444,-6.54604760910098,-0.211162826100032,-0.727338623233443,168,5.41935483870968,18.6666666666667,0.354838709677419,29,31,0.935483870967742,0,0,585,584,586,567,35.5,536.5,558,551.5,"P5"
"59","Georgia Tech","fbs","ACC",2022,4373454,"Dylan McDuffie",7,3,10,2.33333333333333,-2.21062702784187,-0.315803861120267,-0.73687567594729,33,4.71428571428571,11,0.571428571428571,5,7,0.714285714285714,0,0,NA,NA,NA,NA,NA,NA,NA,NA,"P5"
"59","Georgia Tech","fbs","ACC",2022,4426692,"Luke Benson",9,4,10,2.25,1.05165915536329,0.116851017262587,0.262914788840822,48,5.33333333333333,12,0.444444444444444,6,9,0.666666666666667,0,1,NA,NA,NA,NA,NA,NA,NA,NA,"P5"
"59","Georgia Tech","fbs","ACC",2022,4428140,"Kalani Norris",1,1,10,1,2.58505744000466,2.58505744000466,2.58505744000466,30,30,30,1,1,1,1,0,0,NA,NA,NA,NA,NA,NA,NA,NA,"P5"
"59","Georgia Tech","fbs","ACC",2022,4429066,"Jeff Sims",1,1,10,1,-0.913339857387384,-0.913339857387384,-0.913339857387384,1,1,1,0,1,1,1,0,0,NA,NA,NA,NA,NA,NA,NA,NA,"P5"
"59","Georgia Tech","fbs","ACC",2022,4432387,"Nate Mccollum",58,9,10,6.44444444444444,42.2471880177497,0.728399793409478,4.69413200197219,528,9.10344827586207,58.6666666666667,0.672413793103448,51,58,0.879310344827586,2,1,86,74,177,117,105,144,309,120,"P5"
"59","Georgia Tech","fbs","ACC",2022,4574777,"Dylan Leonard",14,6,10,2.33333333333333,-0.992856323324907,-0.0709183088089219,-0.165476053887485,90,6.42857142857143,15,0.357142857142857,11,14,0.785714285714286,0,0,NA,NA,NA,NA,NA,NA,NA,NA,"P5"
"59","Georgia Tech","fbs","ACC",2022,4603746,"Malik Rutherford",24,8,10,3,12.7230443354969,0.530126847312372,1.59038054193712,226,9.41666666666667,28.25,0.583333333333333,21,24,0.875,0,0,416,391,305,281.5,110.5,465.5,279,439,"P5"
"59","Georgia Tech","fbs","ACC",2022,4683515,"Leo Blackburn",6,2,10,3,3.99408096466776,0.66568016077796,1.99704048233388,81,13.5,40.5,0.666666666666667,5,6,0.833333333333333,1,0,NA,NA,NA,NA,NA,NA,NA,NA,"P5"
"59","Georgia Tech","fbs","ACC",2022,4684902,"Ryan King",5,3,10,1.66666666666667,2.89813143332464,0.579626286664929,0.966043811108215,38,7.6,12.6666666666667,0.6,4,5,0.8,0,0,NA,NA,NA,NA,NA,NA,NA,NA,"P5"
"59","Georgia Tech","fbs","ACC",2022,4685354,"Jamie Felix",8,3,10,2.66666666666667,3.92582552032183,0.490728190040229,1.30860850677394,41,5.125,13.6666666666667,0.5,6,8,0.75,1,0,NA,NA,NA,NA,NA,NA,NA,NA,"P5"
"6","South Alabama","fbs","Sun Belt",2022,4249426,"Jalen Wayne",73,11,11,6.63636363636364,35.1464249157588,0.48145787555834,3.19512953779626,682,9.34246575342466,62,0.520547945205479,51,73,0.698630136986301,6,0,145,186,334,415,447,75.5,285,104.5,"G5"
"6","South Alabama","fbs","Sun Belt",2022,4362260,"Carter Bradley",1,1,11,1,1.91570424665645,1.91570424665645,1.91570424665645,10,10,10,1,1,1,1,1,0,NA,NA,NA,NA,NA,NA,NA,NA,"G5"
"6","South Alabama","fbs","Sun Belt",2022,4430185,"Caullin Lacy",60,11,11,5.45454545454545,54.4726629389988,0.90787771564998,4.95206026718171,691,11.5166666666667,62.8181818181818,0.616666666666667,51,60,0.85,6,0,42,60,95,197,159.5,70,121,95,"G5"
"6","South Alabama","fbs","Sun Belt",2022,4432275,"Jacob Hopper",1,1,11,1,1.93720415222244,1.93720415222244,1.93720415222244,13,13,13,1,1,1,1,0,0,NA,NA,NA,NA,NA,NA,NA,NA,"G5"
"6","South Alabama","fbs","Sun Belt",2022,4570507,"Devin Voisin",65,11,11,5.90909090909091,52.1724983028095,0.802653820043223,4.7429543911645,749,11.5230769230769,68.0909090909091,0.630769230769231,52,65,0.8,4,2,49,71,138,175,260,53.5,120,71,"G5"
"6","South Alabama","fbs","Sun Belt",2022,4570532,"Todd Justice",1,1,11,1,-3.46376330473327,-3.46376330473327,-3.46376330473327,15,15,15,0,1,1,1,0,0,NA,NA,NA,NA,NA,NA,NA,NA,"G5"
"6","South Alabama","fbs","Sun Belt",2022,4684940,"La'Damian Webb",7,6,11,1.16666666666667,11.4923106744299,1.64175866777571,1.91538511240499,94,13.4285714285714,15.6666666666667,0.857142857142857,7,7,1,1,0,NA,NA,NA,NA,NA,NA,NA,NA,"G5"
"6","South Alabama","fbs","Sun Belt",2022,4689342,"Omni Wells",14,10,11,1.4,-1.17037971595886,-0.0835985511399184,-0.117037971595886,78,5.57142857142857,7.8,0.285714285714286,12,14,0.857142857142857,0,0,NA,NA,NA,NA,NA,NA,NA,NA,"G5"
"6","South Alabama","fbs","Sun Belt",2022,4690170,"Damarcus Thomas",23,8,11,2.875,5.1541632172924,0.224094052925757,0.64427040216155,119,5.17391304347826,14.875,0.521739130434783,15,23,0.652173913043478,2,0,505,505,487,412,509,577,567,575,"G5"
"6","South Alabama","fbs","Sun Belt",2022,4710014,"Jay'juan Townsend",3,2,11,1.5,3.70773628173244,1.23591209391081,1.85386814086622,39,13,19.5,0.666666666666667,2,3,0.666666666666667,0,0,NA,NA,NA,NA,NA,NA,NA,NA,"G5"
"6","South Alabama","fbs","Sun Belt",2022,4876030,"Lincoln Sefcik",15,7,11,2.14285714285714,1.09834795791506,0.073223197194337,0.156906851130722,85,5.66666666666667,12.1428571428571,0.533333333333333,11,15,0.733333333333333,1,0,NA,NA,NA,NA,NA,NA,NA,NA,"G5"
"6","South Alabama","fbs","Sun Belt",2022,4897730,"Braylon McReynolds",15,9,11,1.66666666666667,4.40185236874395,0.29345682458293,0.489094707638216,149,9.93333333333333,16.5555555555556,0.533333333333333,13,15,0.866666666666667,0,0,NA,NA,NA,NA,NA,NA,NA,NA,"G5"
"61","Georgia","fbs","SEC",2022,4259553,"Stetson Bennett",4,2,12,2,12.7518387219702,3.18795968049254,6.37591936098508,122,30.5,61,1,4,4,1,4,0,NA,NA,NA,NA,NA,NA,NA,NA,"P5"
"61","Georgia","fbs","SEC",2022,4361778,"Kearis Jackson",25,11,12,2.27272727272727,8.87948173570214,0.355179269428086,0.807225612336559,232,9.28,21.0909090909091,0.56,17,25,0.68,0,0,465,487,420,336.5,479.5,457,290,531,"P5"
"61","Georgia","fbs","SEC",2022,4426341,"Dominick Blaylock",14,7,12,2,16.4635822305614,1.17597015932582,2.35194031865163,200,14.2857142857143,28.5714285714286,0.785714285714286,13,14,0.928571428571429,1,0,NA,NA,NA,NA,NA,NA,NA,NA,"P5"
"61","Georgia","fbs","SEC",2022,4427391,"Kenny McIntosh",38,11,12,3.45454545454545,15.0190068051094,0.395237021187089,1.36536425500994,388,10.2105263157895,35.2727272727273,0.605263157894737,32,38,0.842105263157895,1,0,376,424,394,227.5,174.5,257.5,225,333,"P5"
"61","Georgia","fbs","SEC",2022,4428994,"Arik Gilbert",2,1,12,2,2.32435080433565,1.16217540216782,2.32435080433565,16,8,16,1,2,2,1,1,0,NA,NA,NA,NA,NA,NA,NA,NA,"P5"
"61","Georgia","fbs","SEC",2022,4429012,"Kendall Milton",4,3,12,1.33333333333333,3.18718674323894,0.796796685809734,1.06239558107965,57,14.25,19,0.75,4,4,1,1,0,NA,NA,NA,NA,NA,NA,NA,NA,"P5"
"61","Georgia","fbs","SEC",2022,4429019,"Marcus Rosemy",35,12,12,2.91666666666667,12.7797139080266,0.365134683086473,1.06497615900221,280,8,23.3333333333333,0.571428571428571,24,35,0.685714285714286,1,0,414,456,411,312,466,381.5,416,503,"P5"
"61","Georgia","fbs","SEC",2022,4429105,"Arian Smith",5,3,12,1.66666666666667,3.02183435731418,0.604366871462836,1.00727811910473,66,13.2,22,0.6,3,5,0.6,0,0,NA,NA,NA,NA,NA,NA,NA,NA,"P5"
"61","Georgia","fbs","SEC",2022,4429410,"Sevaughn Clark",1,1,12,1,-0.556594137505896,-0.556594137505896,-0.556594137505896,4,4,4,0,1,1,1,0,0,NA,NA,NA,NA,NA,NA,NA,NA,"P5"
"61","Georgia","fbs","SEC",2022,4429610,"Daijun Edwards",11,7,12,1.57142857142857,0.237165666915969,0.021560515174179,0.0338808095594242,68,6.18181818181818,9.71428571428571,0.363636363636364,9,11,0.818181818181818,0,0,NA,NA,NA,NA,NA,NA,NA,NA,"P5"
"61","Georgia","fbs","SEC",2022,4430802,"Darnell Washington",30,10,12,3,23.9383101408645,0.797943671362149,2.39383101408645,384,12.8,38.4,0.766666666666667,24,30,0.8,2,0,257,290,141,25.5,260,263,57,298,"P5"
"61","Georgia","fbs","SEC",2022,4432665,"Brock Bowers",65,12,12,5.41666666666667,36.0644720195599,0.554838031070152,3.00537266829665,596,9.16923076923077,49.6666666666667,0.6,48,65,0.738461538461539,5,0,140,207,287,238,394,106,303,189,"P5"
"61","Georgia","fbs","SEC",2022,4597500,"Adonai Mitchell",4,1,12,4,6.40524817426989,1.60131204356747,6.40524817426989,65,16.25,65,1,4,4,1,1,0,NA,NA,NA,NA,NA,NA,NA,NA,"P5"
"61","Georgia","fbs","SEC",2022,4602788,"Jackson Meeks",7,3,12,2.33333333333333,-0.976199247930922,-0.139457035418703,-0.325399749310307,34,4.85714285714286,11.3333333333333,0.428571428571429,3,7,0.428571428571429,0,0,NA,NA,NA,NA,NA,NA,NA,NA,"P5"
"61","Georgia","fbs","SEC",2022,4612826,"Ladd McConkey",61,11,12,5.54545454545455,36.6038313143503,0.600062808431972,3.3276210285773,594,9.73770491803279,54,0.590163934426229,48,61,0.786885245901639,3,1,134,177,270,263.5,288,107.5,253,157.5,"P5"
"61","Georgia","fbs","SEC",2022,4702559,"Oscar Delp",6,2,12,3,3.72573921829738,0.620956536382896,1.86286960914869,61,10.1666666666667,30.5,0.5,5,6,0.833333333333333,1,0,NA,NA,NA,NA,NA,NA,NA,NA,"P5"
"61","Georgia","fbs","SEC",2022,4702561,"De'Nylon Morrissette",3,2,12,1.5,-0.547395738038766,-0.182465246012922,-0.273697869019383,12,4,6,0.333333333333333,2,3,0.666666666666667,0,0,NA,NA,NA,NA,NA,NA,NA,NA,"P5"
"61","Georgia","fbs","SEC",2022,4712579,"Dillon Bell",21,9,12,2.33333333333333,9.51219018992015,0.452961437615245,1.05691002110224,147,7,16.3333333333333,0.619047619047619,16,21,0.761904761904762,2,0,NA,NA,NA,NA,NA,NA,NA,NA,"P5"
"61","Georgia","fbs","SEC",2022,4713489,"Branson Robinson",1,1,12,1,-0.603523530667206,-0.603523530667206,-0.603523530667206,0,0,0,0,1,1,1,0,0,NA,NA,NA,NA,NA,NA,NA,NA,"P5"
"61","Georgia","fbs","SEC",2022,4880453,"Cole Speer",1,1,12,1,0.0657592849500084,0.0657592849500084,0.0657592849500084,12,12,12,1,1,1,1,0,0,NA,NA,NA,NA,NA,NA,NA,NA,"P5"
"61","Georgia","fbs","SEC",2022,4881826,"Cash Jones",3,2,12,1.5,-0.158407240321776,-0.0528024134405921,-0.0792036201608881,11,3.66666666666667,5.5,0.333333333333333,2,3,0.666666666666667,0,0,NA,NA,NA,NA,NA,NA,NA,NA,"P5"
"61","Georgia","fbs","SEC",2022,4881836,"Mekhi Mews",1,1,12,1,-0.275700033592706,-0.275700033592706,-0.275700033592706,3,3,3,0,1,1,1,0,0,NA,NA,NA,NA,NA,NA,NA,NA,"P5"
"62","Hawai'i","fbs","Mountain West",2022,4255951,"Caleb Phillips",38,9,11,4.22222222222222,20.8282883976072,0.548112852568611,2.3142542664008,287,7.55263157894737,31.8888888888889,0.447368421052632,29,38,0.763157894736842,2,0,295,302,295,513,326.5,367.5,458,382,"G5"
"62","Hawai'i","fbs","Mountain West",2022,4367728,"Dedrick Parson",32,10,11,3.2,-0.539684885091785,-0.0168651526591183,-0.0539684885091785,172,5.375,17.2,0.46875,29,32,0.90625,1,0,558,558,559,490.5,62,533,561,563,"G5"
"62","Hawai'i","fbs","Mountain West",2022,4368172,"Jordan Murray",16,5,11,3.2,-6.86402511131619,-0.429001569457262,-1.37280502226324,59,3.6875,11.8,0.25,10,16,0.625,0,0,NA,NA,NA,NA,NA,NA,NA,NA,"G5"
"62","Hawai'i","fbs","Mountain West",2022,4427194,"Steven Fiso",3,2,11,1.5,6.76440595631823,2.25480198543941,3.38220297815912,66,22,33,1,3,3,1,1,0,NA,NA,NA,NA,NA,NA,NA,NA,"G5"
"62","Hawai'i","fbs","Mountain West",2022,4431271,"Tamatoa Mokiao-Atimalala",22,8,11,2.75,13.7890159408529,0.62677345185695,1.72362699260661,146,6.63636363636364,18.25,0.590909090909091,15,22,0.681818181818182,2,0,402,370,252,261.5,474,556,517,557,"G5"
"62","Hawai'i","fbs","Mountain West",2022,4570217,"James Phillips",15,3,11,5,5.52334496316373,0.368222997544248,1.84111498772124,95,6.33333333333333,31.6666666666667,0.533333333333333,9,15,0.6,0,0,NA,NA,NA,NA,NA,NA,NA,NA,"G5"
"62","Hawai'i","fbs","Mountain West",2022,4570218,"Jonah Panoke",24,5,11,4.8,14.55790575152,0.606579406313332,2.91158115030399,189,7.875,37.8,0.583333333333333,16,24,0.666666666666667,1,0,386,219,266,281.5,499.5,508.5,433,305,"G5"
"62","Hawai'i","fbs","Mountain West",2022,4613067,"Zion Bowens",54,8,11,6.75,19.6079049446633,0.363109350827098,2.45098811808291,491,9.09259259259259,61.375,0.444444444444444,33,54,0.611111111111111,4,1,309,281,416,515.5,543,167.5,310,108,"G5"
"62","Hawai'i","fbs","Mountain West",2022,4685644,"Jordan Johnson",4,2,11,2,3.90383157948577,0.975957894871443,1.95191578974289,38,9.5,19,0.75,3,4,0.75,0,0,NA,NA,NA,NA,NA,NA,NA,NA,"G5"
"62","Hawai'i","fbs","Mountain West",2022,4693798,"Koali Nishigaya",7,3,11,2.33333333333333,5.42257322455941,0.774653317794201,1.80752440818647,72,10.2857142857143,24,0.857142857142857,6,7,0.857142857142857,0,0,NA,NA,NA,NA,NA,NA,NA,NA,"G5"
"62","Hawai'i","fbs","Mountain West",2022,4693808,"Dior Scott",23,5,11,4.6,3.73907501270754,0.162568478813371,0.747815002541508,134,5.82608695652174,26.8,0.434782608695652,15,23,0.652173913043478,0,0,521,497,511,523,509,566,545,455.5,"G5"
"62","Hawai'i","fbs","Mountain West",2022,4709977,"Brayden Schager",1,1,11,1,6.67823874479223,6.67823874479223,6.67823874479223,31,31,31,1,1,1,1,1,0,NA,NA,NA,NA,NA,NA,NA,NA,"G5"
"62","Hawai'i","fbs","Mountain West",2022,4875788,"Jalen Walthall",28,8,11,3.5,22.6447228765352,0.808740102733401,2.8305903595669,274,9.78571428571429,34.25,0.607142857142857,21,28,0.75,1,0,275,230,134,219,365,386,251,353,"G5"
"62","Hawai'i","fbs","Mountain West",2022,4875793,"Nasjza Bryant",2,2,11,1,1.5739221980267,0.786961099013348,0.786961099013348,15,7.5,7.5,1,2,2,1,0,0,NA,NA,NA,NA,NA,NA,NA,NA,"G5"
"62","Hawai'i","fbs","Mountain West",2022,4912240,"Tylan Hines",13,6,11,2.16666666666667,-0.881566904783811,-0.0678128388295239,-0.146927817463969,87,6.69230769230769,14.5,0.307692307692308,8,13,0.615384615384615,0,0,NA,NA,NA,NA,NA,NA,NA,NA,"G5"
"62","Hawai'i","fbs","Mountain West",2022,5084115,"Greyson Morgan",2,2,11,1,3.18362866992254,1.59181433496127,1.59181433496127,26,13,13,1,2,2,1,0,0,NA,NA,NA,NA,NA,NA,NA,NA,"G5"
"62","Hawai'i","fbs","Mountain West",2022,5084133,"Alex Perry",2,1,11,2,1.27117628515043,0.635588142575216,1.27117628515043,19,9.5,19,0.5,2,2,1,0,0,NA,NA,NA,NA,NA,NA,NA,NA,"G5"
"62","Hawai'i","fbs","Mountain West",2022,5084134,"Chuuky Hines",10,3,11,3.33333333333333,-1.21099180525971,-0.121099180525971,-0.40366393508657,61,6.1,20.3333333333333,0.4,8,10,0.8,0,0,NA,NA,NA,NA,NA,NA,NA,NA,"G5"
"62","Hawai'i","fbs","Mountain West",2022,5092477,"Nicholas Cenacle",9,3,11,3,9.07667248462669,1.00851916495852,3.02555749487556,95,10.5555555555556,31.6666666666667,0.555555555555556,7,9,0.777777777777778,0,0,NA,NA,NA,NA,NA,NA,NA,NA,"G5"
"66","Iowa State","fbs","Big 12",2022,4360649,"Dimitri Stanley",38,8,10,4.75,30.8840215919438,0.812737410314312,3.86050269899298,329,8.6578947368421,41.125,0.526315789473684,30,38,0.789473684210526,1,0,185,119,131,403.5,284.5,324.5,356,263.5,"P5"
"66","Iowa State","fbs","Big 12",2022,4361745,"Beau Coberley",4,1,10,4,-2.05325784261097,-0.513314460652744,-2.05325784261097,13,3.25,13,0.25,2,4,0.5,0,0,NA,NA,NA,NA,NA,NA,NA,NA,"P5"
"66","Iowa State","fbs","Big 12",2022,4361749,"Jared Rus",6,3,10,2,1.74870880823034,0.291451468038391,0.582902936076781,44,7.33333333333333,14.6666666666667,0.666666666666667,6,6,1,0,1,NA,NA,NA,NA,NA,NA,NA,NA,"P5"
"66","Iowa State","fbs","Big 12",2022,4361762,"Sean Shaw Jr.",19,7,10,2.71428571428571,2.68111689564025,0.141111415560013,0.383016699377179,139,7.31578947368421,19.8571428571429,0.526315789473684,15,19,0.789473684210526,2,2,528,527,520,403.5,284.5,560.5,480,547,"P5"
"66","Iowa State","fbs","Big 12",2022,4426780,"Jirehl Brock",23,8,10,2.875,4.66084704868819,0.202645523856008,0.582605881086024,110,4.78260869565217,13.75,0.521739130434783,22,23,0.956521739130435,1,0,510,511,498,412,24.5,583,578,583,"P5"
"66","Iowa State","fbs","Big 12",2022,4427052,"Easton Dean",10,6,10,1.66666666666667,6.37184402812705,0.637184402812705,1.06197400468784,90,9,15,0.7,8,10,0.8,1,0,NA,NA,NA,NA,NA,NA,NA,NA,"P5"
"66","Iowa State","fbs","Big 12",2022,4565193,"Aidan Bitter",4,2,10,2,1.67095671980317,0.417739179950792,0.835478359901583,26,6.5,13,0.25,4,4,1,0,0,NA,NA,NA,NA,NA,NA,NA,NA,"P5"
"66","Iowa State","fbs","Big 12",2022,4565358,"Hunter Dekkers",3,2,10,1.5,10.0651338582054,3.35504461940181,5.03256692910271,67,22.3333333333333,33.5,1,3,3,1,3,0,NA,NA,NA,NA,NA,NA,NA,NA,"P5"
"66","Iowa State","fbs","Big 12",2022,4569031,"Darren Wilson",2,2,10,1,1.65384966183532,0.826924830917661,0.826924830917661,14,7,7,1,2,2,1,0,0,NA,NA,NA,NA,NA,NA,NA,NA,"P5"
"66","Iowa State","fbs","Big 12",2022,4586312,"Jaylin Noel",63,10,10,6.3,29.2896386477406,0.464914899170486,2.92896386477406,494,7.84126984126984,49.4,0.587301587301587,50,63,0.793650793650794,1,1,205,216,347,268,271,166,437,191,"P5"
"66","Iowa State","fbs","Big 12",2022,4590302,"Deon Silas",10,3,10,3.33333333333333,-0.94533140821976,-0.094533140821976,-0.315110469406587,32,3.2,10.6666666666667,0.4,8,10,0.8,0,0,NA,NA,NA,NA,NA,NA,NA,NA,"P5"
"66","Iowa State","fbs","Big 12",2022,4683119,"Tyler Moore",4,2,10,2,0.70460010210294,0.176150025525735,0.35230005105147,42,10.5,21,0.5,4,4,1,0,0,NA,NA,NA,NA,NA,NA,NA,NA,"P5"
"66","Iowa State","fbs","Big 12",2022,4684525,"Eli Sanders",4,3,10,1.33333333333333,-1.96844007420875,-0.492110018552187,-0.656146691402916,12,3,4,0,3,4,0.75,0,0,NA,NA,NA,NA,NA,NA,NA,NA,"P5"
"66","Iowa State","fbs","Big 12",2022,4685356,"Greg Gaines III",2,1,10,2,-0.650048550497668,-0.325024275248834,-0.650048550497668,4,2,4,0,2,2,1,0,0,NA,NA,NA,NA,NA,NA,NA,NA,"P5"
"66","Iowa State","fbs","Big 12",2022,4686422,"Xavier Hutchinson",116,10,10,11.6,75.291666725658,0.649066092462569,7.5291666725658,963,8.30172413793103,96.3,0.594827586206897,98,116,0.844827586206897,2,0,8,4,233,248,168,12,387,5,"P5"
"66","Iowa State","fbs","Big 12",2022,4686446,"DeShawn Hanika",13,6,10,2.16666666666667,19.952939049694,1.53484146536108,3.32548984161567,186,14.3076923076923,31,0.769230769230769,12,13,0.923076923076923,3,0,NA,NA,NA,NA,NA,NA,NA,NA,"P5"
"66","Iowa State","fbs","Big 12",2022,4801299,"Rocco Becht",1,1,10,1,-1.03356187206269,-1.03356187206269,-1.03356187206269,0,0,0,0,0,1,0,0,0,NA,NA,NA,NA,NA,NA,NA,NA,"P5"
"66","Iowa State","fbs","Big 12",2022,4900146,"Cartevious Norton",11,4,10,2.75,-2.6211899753782,-0.238289997761655,-0.655297493844551,58,5.27272727272727,14.5,0.363636363636364,10,11,0.909090909090909,0,0,NA,NA,NA,NA,NA,NA,NA,NA,"P5"
"68","Boise State","fbs","Mountain West",2022,4248836,"Davis Koetter",15,6,12,2.5,3.54084284173389,0.236056189448926,0.590140473622315,222,14.8,37,0.666666666666667,14,15,0.933333333333333,1,2,NA,NA,NA,NA,NA,NA,NA,NA,"G5"
"68","Boise State","fbs","Mountain West",2022,4373662,"Billy Bowens",41,12,12,3.41666666666667,26.70254265447,0.651281528157804,2.2252118878725,434,10.5853658536585,36.1666666666667,0.560975609756098,28,41,0.682926829268293,4,0,227,312,232,330.5,471,212.5,188,325,"G5"
"68","Boise State","fbs","Mountain West",2022,4373682,"Riley Smith",23,7,12,3.28571428571429,7.94249335267403,0.345325797942349,1.13464190752486,178,7.73913043478261,25.4285714285714,0.565217391304348,21,23,0.91304347826087,1,0,476,451,428,322,50.5,529.5,445,477.5,"G5"
"68","Boise State","fbs","Mountain West",2022,4373684,"Scott Matlock",1,1,12,1,0.6880890620278,0.6880890620278,0.6880890620278,1,1,1,1,1,1,1,1,0,NA,NA,NA,NA,NA,NA,NA,NA,"G5"
"68","Boise State","fbs","Mountain West",2022,4373686,"Stefan Cobbs",38,9,12,4.22222222222222,15.5927777769547,0.410336257288282,1.73253086410608,344,9.05263157894737,38.2222222222222,0.473684210526316,24,38,0.631578947368421,0,0,369,366,385,486,530,306.5,313,299,"G5"
"68","Boise State","fbs","Mountain West",2022,4373687,"Tyneil Hopper",8,5,12,1.6,4.12957420513721,0.516196775642151,0.825914841027442,64,8,12.8,0.625,7,8,0.875,0,0,NA,NA,NA,NA,NA,NA,NA,NA,"G5"
"68","Boise State","fbs","Mountain West",2022,4426499,"Hank Bachmeier",3,2,12,1.5,6.70844693860571,2.23614897953524,3.35422346930285,22,7.33333333333333,11,1,3,3,1,3,0,NA,NA,NA,NA,NA,NA,NA,NA,"G5"
"68","Boise State","fbs","Mountain West",2022,4428842,"Shea Whiting",1,1,12,1,-0.643336474292045,-0.643336474292045,-0.643336474292045,2,2,2,0,1,1,1,0,0,NA,NA,NA,NA,NA,NA,NA,NA,"G5"
"68","Boise State","fbs","Mountain West",2022,4429835,"George Holani",18,8,12,2.25,6.08679903217043,0.338155501787246,0.760849879021304,113,6.27777777777778,14.125,0.555555555555556,16,18,0.888888888888889,1,0,NA,NA,NA,NA,NA,NA,NA,NA,"G5"
"68","Boise State","fbs","Mountain West",2022,4431002,"Latrell Caples",49,12,12,4.08333333333333,24.0199717870345,0.490203505857846,2.00166431558621,414,8.44897959183673,34.5,0.571428571428571,38,49,0.775510204081633,3,0,256,339,327,312,304,229,370,347,"G5"
"68","Boise State","fbs","Mountain West",2022,4575538,"Tyler Crowe",3,2,12,1.5,-3.29040141368185,-1.09680047122728,-1.64520070684092,10,3.33333333333333,5,0,2,3,0.666666666666667,0,0,NA,NA,NA,NA,NA,NA,NA,NA,"G5"
"68","Boise State","fbs","Mountain West",2022,4602185,"Eric McAlister",15,5,12,3,14.7417519725028,0.982783464833518,2.94835039450055,235,15.6666666666667,47,0.666666666666667,10,15,0.666666666666667,3,0,NA,NA,NA,NA,NA,NA,NA,NA,"G5"
"68","Boise State","fbs","Mountain West",2022,4606001,"Elelyon Noa",2,2,12,1,1.82884593816449,0.914422969082247,0.914422969082247,16,8,8,1,2,2,1,0,0,NA,NA,NA,NA,NA,NA,NA,NA,"G5"
"68","Boise State","fbs","Mountain West",2022,4643649,"Kaden Dudley",1,1,12,1,-0.553622474999041,-0.553622474999041,-0.553622474999041,4,4,4,0,1,1,1,0,0,NA,NA,NA,NA,NA,NA,NA,NA,"G5"
"68","Boise State","fbs","Mountain West",2022,4687486,"Matt Lauter",4,2,12,2,2.215429107631,0.55385727690775,1.1077145538155,40,10,20,0.5,4,4,1,0,0,NA,NA,NA,NA,NA,NA,NA,NA,"G5"
"68","Boise State","fbs","Mountain West",2022,4695497,"Cole Wright",1,1,12,1,3.29840736639576,3.29840736639576,3.29840736639576,47,47,47,1,1,1,1,0,0,NA,NA,NA,NA,NA,NA,NA,NA,"G5"
"68","Boise State","fbs","Mountain West",2022,4890973,"Ashton Jeanty",14,7,12,2,-0.862687250093373,-0.0616205178638123,-0.123241035727625,145,10.3571428571429,20.7142857142857,0.5,13,14,0.928571428571429,0,1,NA,NA,NA,NA,NA,NA,NA,NA,"G5"
"77","Northwestern","fbs","Big Ten",2022,4244038,"Andrew Clair",5,3,11,1.66666666666667,-1.93301512449537,-0.386603024899074,-0.64433837483179,11,2.2,3.66666666666667,0.2,5,5,1,0,0,NA,NA,NA,NA,NA,NA,NA,NA,"P5"
"77","Northwestern","fbs","Big Ten",2022,4249535,"Donny Navarro",37,8,11,4.625,0.68528043740192,0.0185210929027546,0.08566005467524,195,5.27027027027027,24.375,0.486486486486487,25,37,0.675675675675676,0,0,549,548,549,458,488.5,502.5,565,490,"P5"
"77","Northwestern","fbs","Big Ten",2022,4361278,"Raymond Niro III",6,4,11,1.5,9.74838596272417,1.62473099378736,2.43709649068104,66,11,16.5,0.666666666666667,5,6,0.833333333333333,2,0,NA,NA,NA,NA,NA,NA,NA,NA,"P5"
"77","Northwestern","fbs","Big Ten",2022,4426470,"Genson Hooper Price",10,7,11,1.42857142857143,6.79495068757983,0.679495068757983,0.970707241082833,99,9.9,14.1428571428571,0.8,10,10,1,0,0,NA,NA,NA,NA,NA,NA,NA,NA,"P5"
"77","Northwestern","fbs","Big Ten",2022,4426657,"Ryan Hilinski",1,1,11,1,3.88270414954358,3.88270414954358,3.88270414954358,6,6,6,1,1,1,1,1,0,NA,NA,NA,NA,NA,NA,NA,NA,"P5"
"77","Northwestern","fbs","Big Ten",2022,4428162,"Duke Olges",3,2,11,1.5,6.03112084591115,2.01037361530372,3.01556042295557,30,10,15,1,3,3,1,1,0,NA,NA,NA,NA,NA,NA,NA,NA,"P5"
"77","Northwestern","fbs","Big Ten",2022,4429994,"Bryce Kirtz",18,6,11,3,11.9541214252319,0.66411785695733,1.99235357087199,197,10.9444444444444,32.8333333333333,0.611111111111111,17,18,0.944444444444444,0,0,NA,NA,NA,NA,NA,NA,NA,NA,"P5"
"77","Northwestern","fbs","Big Ten",2022,4566195,"Marshall Lang",14,7,11,2,13.9032962494606,0.993092589247187,1.98618517849437,167,11.9285714285714,23.8571428571429,0.857142857142857,12,14,0.857142857142857,0,0,NA,NA,NA,NA,NA,NA,NA,NA,"P5"
"77","Northwestern","fbs","Big Ten",2022,4569603,"Malik Washington",70,11,11,6.36363636363636,26.4649298297282,0.378070426138975,2.40590271179348,613,8.75714285714286,55.7272727272727,0.542857142857143,58,70,0.828571428571429,0,2,229,286,404,377.5,204,97,347,144,"P5"
"77","Northwestern","fbs","Big Ten",2022,4569609,"Evan Hull",50,11,11,4.54545454545455,28.4331739613711,0.568663479227423,2.58483399648828,468,9.36,42.5454545454545,0.56,46,50,0.92,1,0,212,259,283,336.5,45,185,284,244,"P5"
"77","Northwestern","fbs","Big Ten",2022,4569615,"Thomas Gordon",14,4,11,3.5,9.03828664627959,0.645591903305685,2.2595716615699,148,10.5714285714286,37,0.571428571428571,11,14,0.785714285714286,0,0,NA,NA,NA,NA,NA,NA,NA,NA,"P5"
"77","Northwestern","fbs","Big Ten",2022,4594447,"Donnie Gray",1,1,11,1,4.0913211804773,4.0913211804773,4.0913211804773,18,18,18,1,1,1,1,0,0,NA,NA,NA,NA,NA,NA,NA,NA,"P5"
"77","Northwestern","fbs","Big Ten",2022,4602966,"Jacob Gill",8,6,11,1.33333333333333,6.98413080361697,0.873016350452121,1.16402180060283,97,12.125,16.1666666666667,0.5,7,8,0.875,1,0,NA,NA,NA,NA,NA,NA,NA,NA,"P5"
"77","Northwestern","fbs","Big Ten",2022,4687475,"Cam Porter",5,4,11,1.25,4.4914130672074,0.898282613441479,1.12285326680185,40,8,10,0.8,5,5,1,0,0,NA,NA,NA,NA,NA,NA,NA,NA,"P5"
"77","Northwestern","fbs","Big Ten",2022,4709392,"Anthony Tyus III",6,4,11,1.5,5.11729294401405,0.852882157335674,1.27932323600351,49,8.16666666666667,12.25,0.5,5,6,0.833333333333333,1,0,NA,NA,NA,NA,NA,NA,NA,NA,"P5"
"77","Northwestern","fbs","Big Ten",2022,4710673,"CJ Johnson II",2,1,11,2,1.87012114213856,0.935060571069279,1.87012114213856,23,11.5,23,0.5,2,2,1,0,0,NA,NA,NA,NA,NA,NA,NA,NA,"P5"
"8","Arkansas","fbs","SEC",2022,4259550,"Matt Landers",47,10,11,4.7,52.1006070729081,1.10852355474273,5.21006070729081,635,13.5106382978723,63.5,0.702127659574468,36,47,0.765957446808511,7,0,50,53,37,75,324.5,88,39,92,"P5"
"8","Arkansas","fbs","SEC",2022,4363030,"Warren Thompson",14,6,11,2.33333333333333,3.42170673812643,0.244407624151888,0.570284456354404,115,8.21428571428571,19.1666666666667,0.428571428571429,10,14,0.714285714285714,1,0,NA,NA,NA,NA,NA,NA,NA,NA,"P5"
"8","Arkansas","fbs","SEC",2022,4368096,"Nathan Bax",2,2,11,1,-2.36535397261004,-1.18267698630502,-1.18267698630502,5,2.5,2.5,0,2,2,1,0,0,NA,NA,NA,NA,NA,NA,NA,NA,"P5"
"8","Arkansas","fbs","SEC",2022,4426370,"Jadon Haselwood",59,11,11,5.36363636363636,30.6369900105776,0.519271017128435,2.78518091005251,612,10.3728813559322,55.6363636363636,0.627118644067797,53,59,0.898305084745763,2,1,188,235,313,182,74,98,210,145,"P5"
"8","Arkansas","fbs","SEC",2022,4429133,"Malik Hornsby",3,2,11,1.5,-1.32265629539203,-0.440885431797345,-0.661328147696017,8,2.66666666666667,4,0.333333333333333,2,3,0.666666666666667,0,0,NA,NA,NA,NA,NA,NA,NA,NA,"P5"
"8","Arkansas","fbs","SEC",2022,4431389,"Ketron Jackson",20,9,11,2.22222222222222,19.3302583619212,0.966512918096059,2.14780648465791,181,9.05,20.1111111111111,0.65,14,20,0.7,2,0,NA,NA,NA,NA,NA,NA,NA,NA,"P5"
"8","Arkansas","fbs","SEC",2022,4567149,"KJ Jefferson",3,2,11,1.5,11.9719600120583,3.99065333735277,5.98598000602915,96,32,48,1,3,3,1,3,0,NA,NA,NA,NA,NA,NA,NA,NA,"P5"
"8","Arkansas","fbs","SEC",2022,4567151,"Trey Knox",26,8,11,3.25,21.7696166596766,0.837292948449101,2.72120208245958,252,9.69230769230769,31.5,0.615384615384615,22,26,0.846153846153846,3,1,281,245,122,200.5,166.5,418,256,388,"P5"
"8","Arkansas","fbs","SEC",2022,4567185,"Hudson Henry",2,2,11,1,1.57740700259128,0.788703501295638,0.788703501295638,14,7,7,0.5,2,2,1,0,0,NA,NA,NA,NA,NA,NA,NA,NA,"P5"
"8","Arkansas","fbs","SEC",2022,4586314,"Bryce Stephens",9,5,11,1.8,7.16080241013198,0.795644712236887,1.4321604820264,89,9.88888888888889,17.8,0.555555555555556,7,9,0.777777777777778,1,0,NA,NA,NA,NA,NA,NA,NA,NA,"P5"
"8","Arkansas","fbs","SEC",2022,4592574,"Jaedon Wilson",1,1,11,1,-0.452385984481495,-0.452385984481495,-0.452385984481495,2,2,2,0,1,1,1,0,0,NA,NA,NA,NA,NA,NA,NA,NA,"P5"
"8","Arkansas","fbs","SEC",2022,4596437,"AJ Green",2,1,11,2,5.11276605853689,2.55638302926845,5.11276605853689,45,22.5,45,1,2,2,1,0,0,NA,NA,NA,NA,NA,NA,NA,NA,"P5"
"8","Arkansas","fbs","SEC",2022,4601080,"Raheim Sanders",26,9,11,2.88888888888889,11.3419978516975,0.436230686603751,1.26022198352195,183,7.03846153846154,20.3333333333333,0.423076923076923,25,26,0.961538461538462,1,1,439,438,366,534.5,15.5,521,497,539.5,"P5"
"8","Arkansas","fbs","SEC",2022,4717724,"Rashod Dubinion",10,6,11,1.66666666666667,9.75351546690836,0.975351546690836,1.62558591115139,89,8.9,14.8333333333333,0.7,9,10,0.9,1,0,NA,NA,NA,NA,NA,NA,NA,NA,"P5"
"84","Indiana","fbs","Big Ten",2022,4240034,"D.J. Matthews",37,6,11,6.16666666666667,-4.22900728879434,-0.114297494291739,-0.704834548132391,190,5.13513513513514,31.6666666666667,0.351351351351351,21,37,0.567567567567568,1,0,577,582,570,569,564,506.5,569,384,"P5"
"84","Indiana","fbs","Big Ten",2022,4361025,"Jack Tuttle",1,1,11,1,2.73766045078059,2.73766045078059,2.73766045078059,11,11,11,1,1,1,1,1,0,NA,NA,NA,NA,NA,NA,NA,NA,"P5"
"84","Indiana","fbs","Big Ten",2022,4371977,"Shaun Shivers",28,9,11,3.11111111111111,-3.03334301994876,-0.108333679283884,-0.33703811332764,131,4.67857142857143,14.5555555555556,0.321428571428571,21,28,0.75,1,0,571,569,569,581.5,365,571,581,579,"P5"
"84","Indiana","fbs","Big Ten",2022,4426444,"Connor Bazelak",2,2,11,1,5.33439614108643,2.66719807054322,2.66719807054322,27,13.5,13.5,1,2,2,1,1,0,NA,NA,NA,NA,NA,NA,NA,NA,"P5"
"84","Indiana","fbs","Big Ten",2022,4428490,"Emery Simmons",58,10,11,5.8,17.5889780726316,0.30325824263158,1.75889780726316,396,6.82758620689655,39.6,0.5,34,58,0.586206896551724,1,0,336,363,450,445.5,557,246,504,285,"P5"
"84","Indiana","fbs","Big Ten",2022,4430355,"McCall Ray",1,1,11,1,0.789069718857624,0.789069718857624,0.789069718857624,10,10,10,1,1,1,1,0,0,NA,NA,NA,NA,NA,NA,NA,NA,"P5"
"84","Indiana","fbs","Big Ten",2022,4430447,"Josh Sanguinetti",1,1,11,1,-0.85775974808732,-0.85775974808732,-0.85775974808732,0,0,0,0,0,1,0,0,0,NA,NA,NA,NA,NA,NA,NA,NA,"P5"
"84","Indiana","fbs","Big Ten",2022,4431425,"Javon Swinton",21,5,11,4.2,2.27298779572909,0.108237514082338,0.454597559145819,139,6.61904761904762,27.8,0.428571428571429,13,21,0.619047619047619,0,0,531,521,526,527.5,537,560.5,518,444,"P5"
"84","Indiana","fbs","Big Ten",2022,4565878,"James Bomba",6,3,11,2,-0.111111740267685,-0.0185186233779476,-0.0370372467558951,22,3.66666666666667,7.33333333333333,0.333333333333333,5,6,0.833333333333333,0,0,NA,NA,NA,NA,NA,NA,NA,NA,"P5"
"84","Indiana","fbs","Big Ten",2022,4568670,"Josh Henderson",27,9,11,3,26.1088373991645,0.966993977746832,2.9009819332405,284,10.5185185185185,31.5555555555556,0.666666666666667,23,27,0.851851851851852,4,1,234,221,77,123.5,156.5,374.5,198,387,"P5"
"84","Indiana","fbs","Big Ten",2022,4576297,"A.J. Barner",40,8,11,5,-9.77172477695329,-0.244293119423832,-1.22146559711916,99,2.475,12.375,0.25,21,40,0.525,1,0,590,592,587,591,582,588,594,588,"P5"
"84","Indiana","fbs","Big Ten",2022,4596347,"Donaven McCulley",31,9,11,3.44444444444444,-3.59084932243284,-0.115833849110737,-0.398983258048094,160,5.16129032258065,17.7777777777778,0.387096774193548,16,31,0.516129032258065,1,0,574,571,573,555.5,585,546,568,560,"P5"
"84","Indiana","fbs","Big Ten",2022,4682760,"Aaron Steinfeldt",8,3,11,2.66666666666667,4.55974382511673,0.569967978139592,1.51991460837224,52,6.5,17.3333333333333,0.625,6,8,0.75,1,0,NA,NA,NA,NA,NA,NA,NA,NA,"P5"
"84","Indiana","fbs","Big Ten",2022,4687700,"Malachi Holt-Bennett",14,4,11,3.5,-3.9661651545473,-0.283297511039093,-0.991541288636826,90,6.42857142857143,22.5,0.357142857142857,6,14,0.428571428571429,0,0,NA,NA,NA,NA,NA,NA,NA,NA,"P5"
"84","Indiana","fbs","Big Ten",2022,4871148,"Jaylin Lucas",23,8,11,2.875,-2.63548172558972,-0.114586161982162,-0.329435215698715,109,4.73913043478261,13.625,0.434782608695652,17,23,0.739130434782609,0,0,567,568,571,523,391,584,579,584,"P5"
"84","Indiana","fbs","Big Ten",2022,4875209,"Andison Coby",36,8,11,4.5,-4.97971255526443,-0.138325348757345,-0.622464069408054,232,6.44444444444444,29,0.333333333333333,17,36,0.472222222222222,0,1,581,580,577,577,592,457,526,423,"P5"
"84","Indiana","fbs","Big Ten",2022,5081322,"Cam Camper",64,6,11,10.6666666666667,16.9196000193919,0.264368750302998,2.81993333656531,509,7.953125,84.8333333333333,0.515625,39,64,0.609375,1,1,350,231,469,425,544,153,422,24,"P5"
"87","Notre Dame","fbs","FBS Independents",2022,4372770,"Braden Lenzy",29,9,12,3.22222222222222,6.18548200747947,0.213292483016534,0.68727577860883,220,7.58620689655172,24.4444444444444,0.586206896551724,20,29,0.689655172413793,2,0,491,500,492,272,460.5,474,454,489,"P5"
"87","Notre Dame","fbs","FBS Independents",2022,4372776,"Matt Salerno",5,4,12,1.25,6.67736342915531,1.33547268583106,1.66934085728883,62,12.4,15.5,0.8,5,5,1,1,0,NA,NA,NA,NA,NA,NA,NA,NA,"P5"
"87","Notre Dame","fbs","FBS Independents",2022,4429086,"Michael Mayer",77,12,12,6.41666666666667,54.0860949235862,0.702416817189431,4.50717457696551,687,8.92207792207792,57.25,0.649350649350649,61,77,0.792207792207792,4,1,44,84,194,148,274,74,325,130,"P5"
"87","Notre Dame","fbs","FBS Independents",2022,4429088,"Drew Pyne",6,3,12,2,21.0013389463417,3.50022315772361,7.00044631544722,121,20.1666666666667,40.3333333333333,1,6,6,1,6,0,NA,NA,NA,NA,NA,NA,NA,NA,"P5"
"87","Notre Dame","fbs","FBS Independents",2022,4429174,"Kevin Bauman",3,2,12,1.5,2.79017827976295,0.93005942658765,1.39508913988148,44,14.6666666666667,22,0.666666666666667,3,3,1,0,0,NA,NA,NA,NA,NA,NA,NA,NA,"P5"
"87","Notre Dame","fbs","FBS Independents",2022,4430804,"Chris Tyree",19,9,12,2.11111111111111,5.84505300868242,0.307634368878022,0.649450334298047,107,5.63157894736842,11.8888888888889,0.578947368421053,19,19,1,1,0,NA,NA,NA,NA,NA,NA,NA,NA,"P5"
"87","Notre Dame","fbs","FBS Independents",2022,4431213,"Deion Colzie",8,4,12,2,19.1444590229178,2.39305737786473,4.78611475572945,169,21.125,42.25,1,8,8,1,0,0,NA,NA,NA,NA,NA,NA,NA,NA,"P5"
"87","Notre Dame","fbs","FBS Independents",2022,4431600,"Jayden Thomas",25,10,12,2.5,16.6898930342691,0.667595721370765,1.66898930342691,262,10.48,26.2,0.6,18,25,0.72,1,0,353,381,220,238,413.5,404,202,462,"P5"
"87","Notre Dame","fbs","FBS Independents",2022,4432768,"Lorenzo Styles Jr.",38,10,12,3.8,13.8082605984258,0.363375278905941,1.38082605984258,340,8.94736842105263,34,0.552631578947368,30,38,0.789473684210526,1,0,401,420,414,354.5,284.5,312.5,324,358.5,"P5"
"87","Notre Dame","fbs","FBS Independents",2022,4569682,"Audric Estime",8,5,12,1.6,8.71631577919912,1.08953947239989,1.74326315583982,127,15.875,25.4,0.75,8,8,1,1,0,NA,NA,NA,NA,NA,NA,NA,NA,"P5"
"87","Notre Dame","fbs","FBS Independents",2022,4603192,"Logan Diggs",8,4,12,2,6.17514769793317,0.771893462241646,1.54378692448329,130,16.25,32.5,0.75,8,8,1,1,0,NA,NA,NA,NA,NA,NA,NA,NA,"P5"
"87","Notre Dame","fbs","FBS Independents",2022,4685476,"Tobias Merriweather",1,1,12,1,4.44894649526636,4.44894649526636,4.44894649526636,41,41,41,1,1,1,1,1,0,NA,NA,NA,NA,NA,NA,NA,NA,"P5"
"87","Notre Dame","fbs","FBS Independents",2022,4685573,"Holden Staes",1,1,12,1,1.48337726847058,1.48337726847058,1.48337726847058,11,11,11,1,1,1,1,0,0,NA,NA,NA,NA,NA,NA,NA,NA,"P5"
"9","Arizona State","fbs","Pac-12",2022,4240350,"Xazavian Valladay",40,10,11,4,7.89592928232704,0.197398232058176,0.789592928232704,288,7.2,28.8,0.425,36,40,0.9,2,0,479,490,500,530.5,69.5,365.5,490,429,"P5"
"9","Arizona State","fbs","Pac-12",2022,4243261,"Bryan Thompson",29,8,11,3.625,31.2390917308899,1.07721005968586,3.90488646636124,370,12.7586206896552,46.25,0.724137931034483,24,29,0.827586206896552,0,0,181,112,44,53.5,206,281,58,217,"P5"
"9","Arizona State","fbs","Pac-12",2022,4360230,"Emory Jones",2,1,11,2,11.9001229303806,5.95006146519032,11.9001229303806,56,28,56,1,2,2,1,2,0,NA,NA,NA,NA,NA,NA,NA,NA,"P5"
"9","Arizona State","fbs","Pac-12",2022,4362770,"Messiah Swinson",15,7,11,2.14285714285714,13.4396745432733,0.895978302884885,1.9199535061819,135,9,19.2857142857143,0.666666666666667,12,15,0.8,2,0,NA,NA,NA,NA,NA,NA,NA,NA,"P5"
"9","Arizona State","fbs","Pac-12",2022,4362794,"Cam Johnson",10,5,11,2,4.82416185331336,0.482416185331336,0.964832370662672,84,8.4,16.8,0.5,10,10,1,0,0,NA,NA,NA,NA,NA,NA,NA,NA,"P5"
"9","Arizona State","fbs","Pac-12",2022,4429184,"Elijhah Badger",77,11,11,7,50.904818183803,0.661101534854584,4.62771074398209,812,10.5454545454545,73.8181818181818,0.636363636363636,64,77,0.831168831168831,5,1,53,77,225,169,199,35,194,50,"P5"
"9","Arizona State","fbs","Pac-12",2022,4430810,"Daniyel Ngata",9,6,11,1.5,0.0281318083957035,0.0031257564884115,0.00468863473261725,53,5.88888888888889,8.83333333333333,0.555555555555556,8,9,0.888888888888889,0,0,NA,NA,NA,NA,NA,NA,NA,NA,"P5"
"9","Arizona State","fbs","Pac-12",2022,4569184,"Trenton Bourguet",2,2,11,1,4.37870551336112,2.18935275668056,2.18935275668056,11,5.5,5.5,1,2,2,1,2,0,NA,NA,NA,NA,NA,NA,NA,NA,"P5"
"9","Arizona State","fbs","Pac-12",2022,4576788,"Andre Johnson",15,7,11,2.14285714285714,0.481248502549233,0.0320832335032822,0.0687497860784619,95,6.33333333333333,13.5714285714286,0.466666666666667,11,15,0.733333333333333,0,0,NA,NA,NA,NA,NA,NA,NA,NA,"P5"
"9","Arizona State","fbs","Pac-12",2022,4582724,"Charles Hall",12,6,11,2,3.69910365630891,0.308258638025743,0.616517276051486,104,8.66666666666667,17.3333333333333,0.5,9,12,0.75,0,0,NA,NA,NA,NA,NA,NA,NA,NA,"P5"
"9","Arizona State","fbs","Pac-12",2022,4685579,"Tevin White",1,1,11,1,1.01027037546997,1.01027037546997,1.01027037546997,8,8,8,1,1,1,1,0,0,NA,NA,NA,NA,NA,NA,NA,NA,"P5"
"9","Arizona State","fbs","Pac-12",2022,4686107,"Chad Johnson Jr.",1,1,11,1,0.332686669382973,0.332686669382973,0.332686669382973,5,5,5,1,1,1,1,0,0,NA,NA,NA,NA,NA,NA,NA,NA,"P5"
"9","Arizona State","fbs","Pac-12",2022,4692538,"Jalin Conyers",41,8,11,5.125,19.9489916043652,0.486560770838175,2.49362395054565,372,9.07317073170732,46.5,0.536585365853659,34,41,0.829268292682927,3,0,307,276,331,392,202.5,278,312,215,"P5"
"9","Arizona State","fbs","Pac-12",2022,4890702,"Giovanni Sanders",43,11,11,3.90909090909091,42.0758306577265,0.97850768971457,3.82507551433878,467,10.8604651162791,42.4545454545455,0.697674418604651,38,43,0.883720930232558,1,0,87,122,69,80,98,186.5,162,246.5,"P5"
"9","Arizona State","fbs","Pac-12",2022,5082643,"Zeke Freeman",1,1,11,1,-0.822977305306632,-0.822977305306632,-0.822977305306632,0,0,0,0,0,1,0,0,0,NA,NA,NA,NA,NA,NA,NA,NA,"P5"
"96","Kentucky","fbs","SEC",2022,4361418,"Will Levis",2,2,11,1,5.69165244361143,2.84582622180571,2.84582622180571,9,4.5,4.5,1,2,2,1,2,0,NA,NA,NA,NA,NA,NA,NA,NA,"P5"
"96","Kentucky","fbs","SEC",2022,4362400,"Rahsaan Lewis",8,3,11,2.66666666666667,3.17775482849705,0.397219353562131,1.05925160949902,65,8.125,21.6666666666667,0.625,6,8,0.75,1,1,NA,NA,NA,NA,NA,NA,NA,NA,"P5"
"96","Kentucky","fbs","SEC",2022,4362603,"Brenden Bates",11,5,11,2.2,3.81832738480281,0.34712067134571,0.763665476960562,53,4.81818181818182,10.6,0.454545454545455,8,11,0.727272727272727,1,0,NA,NA,NA,NA,NA,NA,NA,NA,"P5"
"96","Kentucky","fbs","SEC",2022,4362619,"Chris Rodriguez Jr.",7,4,11,1.75,-4.01499757411235,-0.573571082016049,-1.00374939352809,41,5.85714285714286,10.25,0.428571428571429,5,7,0.714285714285714,0,0,NA,NA,NA,NA,NA,NA,NA,NA,"P5"
"96","Kentucky","fbs","SEC",2022,4362620,"Kavosiey Smoke",4,3,11,1.33333333333333,-0.631030396539022,-0.157757599134756,-0.210343465513008,16,4,5.33333333333333,0.5,2,4,0.5,0,0,NA,NA,NA,NA,NA,NA,NA,NA,"P5"
"96","Kentucky","fbs","SEC",2022,4362623,"Keaton Upshaw",3,1,11,3,1.73605511391897,0.578685037972989,1.73605511391897,34,11.3333333333333,34,0.666666666666667,2,3,0.666666666666667,0,0,NA,NA,NA,NA,NA,NA,NA,NA,"P5"
"96","Kentucky","fbs","SEC",2022,4428367,"Tayvion Robinson",33,8,11,4.125,38.5797181377908,1.16908236781184,4.82246476722385,404,12.2424242424242,50.5,0.606060606060606,29,33,0.878787878787879,3,1,115,64,29,224,106,237.5,78,184,"P5"
"96","Kentucky","fbs","SEC",2022,4429751,"DeMarcus Harris",3,3,11,1,0.959455701247969,0.319818567082656,0.319818567082656,32,10.6666666666667,10.6666666666667,0.666666666666667,3,3,1,0,0,NA,NA,NA,NA,NA,NA,NA,NA,"P5"
"96","Kentucky","fbs","SEC",2022,4430393,"Jutahn Mcclain",20,7,11,2.85714285714286,0.889507438941339,0.044475371947067,0.127072491277334,93,4.65,13.2857142857143,0.35,15,20,0.75,1,0,NA,NA,NA,NA,NA,NA,NA,NA,"P5"
"96","Kentucky","fbs","SEC",2022,4431525,"Dekel Crowdus",2,2,11,1,4.72353732506053,2.36176866253027,2.36176866253027,65,32.5,32.5,1,2,2,1,0,0,NA,NA,NA,NA,NA,NA,NA,NA,"P5"
"96","Kentucky","fbs","SEC",2022,4431647,"Chauncey Magwood",7,4,11,1.75,5.80970627709003,0.829958039584291,1.45242656927251,96,13.7142857142857,24,0.714285714285714,6,7,0.857142857142857,0,0,NA,NA,NA,NA,NA,NA,NA,NA,"P5"
"96","Kentucky","fbs","SEC",2022,4596346,"Jordan Dingle",27,10,11,2.7,16.5888599702381,0.614402221119929,1.65888599702381,212,7.85185185185185,21.2,0.555555555555556,19,27,0.703703703703704,3,0,356,382,256,348.5,435.5,481,435,528,"P5"
"96","Kentucky","fbs","SEC",2022,4683234,"La'Vell Wright",5,4,11,1.25,0.435743452187601,0.0871486904375202,0.1089358630469,22,4.4,5.5,0.4,4,5,0.8,0,0,NA,NA,NA,NA,NA,NA,NA,NA,"P5"
"96","Kentucky","fbs","SEC",2022,4685424,"Dane Key",30,11,11,2.72727272727273,33.1498744720708,1.10499581573569,3.01362495200643,381,12.7,34.6363636363636,0.7,24,30,0.8,4,0,164,206,39,76.5,260,268,60,343.5,"P5"
"96","Kentucky","fbs","SEC",2022,4698597,"Barion Brown",51,11,11,4.63636363636364,23.6979301005159,0.464665296088548,2.15435728186509,530,10.3921568627451,48.1818181818182,0.392156862745098,38,51,0.745098039215686,3,0,260,320,349,553,377.5,141,209,201,"P5"
"96","Kentucky","fbs","SEC",2022,4819215,"Josh Kattus",7,4,11,1.75,7.38989518340319,1.05569931191474,1.8474737958508,125,17.8571428571429,31.25,0.714285714285714,7,7,1,0,0,NA,NA,NA,NA,NA,NA,NA,NA,"P5"
"96","Kentucky","fbs","SEC",2022,4873126,"Chris Lewis",1,1,11,1,0.262817580037966,0.262817580037966,0.262817580037966,20,20,20,1,1,1,1,0,0,NA,NA,NA,NA,NA,NA,NA,NA,"P5"
"97","Louisville","fbs","ACC",2022,4240069,"Malik Cunningham",3,3,12,1,7.42007787790733,2.47335929263578,2.47335929263578,76,25.3333333333333,25.3333333333333,1,3,3,1,2,0,NA,NA,NA,NA,NA,NA,NA,NA,"P5"
"97","Louisville","fbs","ACC",2022,4250727,"Jaelin Carter",2,1,12,2,3.42918169216661,1.71459084608331,3.42918169216661,37,18.5,37,1,2,2,1,1,0,NA,NA,NA,NA,NA,NA,NA,NA,"P5"
"97","Louisville","fbs","ACC",2022,4259363,"Isaac Martin",2,2,12,1,2.45709256521186,1.22854628260593,1.22854628260593,11,5.5,5.5,1,2,2,1,1,0,NA,NA,NA,NA,NA,NA,NA,NA,"P5"
"97","Louisville","fbs","ACC",2022,4362503,"Dee Wiggins",6,3,12,2,3.91785350094437,0.652975583490728,1.30595116698146,67,11.1666666666667,22.3333333333333,0.5,4,6,0.666666666666667,0,0,NA,NA,NA,NA,NA,NA,NA,NA,"P5"
"97","Louisville","fbs","ACC",2022,4373177,"Marshon Ford",39,12,12,3.25,28.659326903302,0.734854535982104,2.38827724194184,421,10.7948717948718,35.0833333333333,0.666666666666667,32,39,0.82051282051282,2,0,208,291,172,123.5,218.5,222,169,335,"P5"
"97","Louisville","fbs","ACC",2022,4427097,"Elijah Downing",1,1,12,1,-0.898687833100849,-0.898687833100849,-0.898687833100849,7,7,7,0,1,1,1,0,0,NA,NA,NA,NA,NA,NA,NA,NA,"P5"
"97","Louisville","fbs","ACC",2022,4429867,"Tyler Hudson",86,12,12,7.16666666666667,66.936320665386,0.778329310062628,5.5780267221155,1007,11.7093023255814,83.9166666666667,0.697674418604651,68,86,0.790697674418605,1,1,23,41,153,80,280.5,8,107,26,"P5"
"97","Louisville","fbs","ACC",2022,4429939,"Jawhar Jordan",9,6,12,1.5,6.05638097946358,0.672931219940398,1.0093968299106,74,8.22222222222222,12.3333333333333,0.555555555555556,8,9,0.888888888888889,0,0,NA,NA,NA,NA,NA,NA,NA,NA,"P5"
"97","Louisville","fbs","ACC",2022,4430162,"Dez Melton",1,1,12,1,0.40809804905974,0.40809804905974,0.40809804905974,8,8,8,1,1,1,1,0,0,NA,NA,NA,NA,NA,NA,NA,NA,"P5"
"97","Louisville","fbs","ACC",2022,4431241,"Duane Martin",1,1,12,1,1.85100621197705,1.85100621197705,1.85100621197705,22,22,22,1,1,1,1,0,0,NA,NA,NA,NA,NA,NA,NA,NA,"P5"
"97","Louisville","fbs","ACC",2022,4431338,"Ahmari Huggins-Bruce",33,11,12,3,20.0228401055911,0.606752730472459,1.82025819141738,348,10.5454545454545,31.6363636363636,0.606060606060606,28,33,0.848484848484849,2,0,305,355,265,224,162.5,304,194,385.5,"P5"
"97","Louisville","fbs","ACC",2022,4571339,"Brock Domann",2,2,12,1,11.1069025069545,5.55345125347724,5.55345125347724,58,29,29,1,2,2,1,2,0,NA,NA,NA,NA,NA,NA,NA,NA,"P5"
"97","Louisville","fbs","ACC",2022,4573065,"Josh Lifson",1,1,12,1,2.63965319079196,2.63965319079196,2.63965319079196,9,9,9,1,1,1,1,1,0,NA,NA,NA,NA,NA,NA,NA,NA,"P5"
"97","Louisville","fbs","ACC",2022,4575528,"Francis Sherman",1,1,12,1,0.88221821595293,0.88221821595293,0.88221821595293,13,13,13,1,1,1,1,0,0,NA,NA,NA,NA,NA,NA,NA,NA,"P5"
"97","Louisville","fbs","ACC",2022,4601283,"Trevion Cooley",8,5,12,1.6,-0.411766474420414,-0.0514708093025517,-0.0823532948840827,49,6.125,9.8,0.5,8,8,1,0,0,NA,NA,NA,NA,NA,NA,NA,NA,"P5"
"97","Louisville","fbs","ACC",2022,4686343,"Braden Smith",24,9,12,2.66666666666667,5.0746019127378,0.211441746364075,0.563844656970867,135,5.625,15,0.583333333333333,16,24,0.666666666666667,0,0,507,513,493,281.5,499.5,564.5,552,574,"P5"
"97","Louisville","fbs","ACC",2022,4837391,"Maurice Turner",12,6,12,2,-2.24545252588265,-0.187121043823554,-0.374242087647109,72,6,12,0.25,12,12,1,0,0,NA,NA,NA,NA,NA,NA,NA,NA,"P5"
"97","Louisville","fbs","ACC",2022,4869961,"Chris Bell",8,5,12,1.6,4.77068850948225,0.596336063685281,0.95413770189645,94,11.75,18.8,0.625,6,8,0.75,0,0,NA,NA,NA,NA,NA,NA,NA,NA,"P5"
"97","Louisville","fbs","ACC",2022,4875197,"Tiyon Evans",7,5,12,1.4,-3.60010081060081,-0.514300115800116,-0.720020162120162,24,3.42857142857143,4.8,0.142857142857143,7,7,1,0,0,NA,NA,NA,NA,NA,NA,NA,NA,"P5"
"97","Louisville","fbs","ACC",2022,4880156,"Bradley West",1,1,12,1,-1.39303417631016,-1.39303417631016,-1.39303417631016,0,0,0,0,1,1,1,0,0,NA,NA,NA,NA,NA,NA,NA,NA,"P5"
"98","Western Kentucky","fbs","Conference USA",2022,4240176,"Jaylen Hall",53,9,10,5.88888888888889,38.0724711803537,0.718348512836862,4.23027457559485,564,10.6415094339623,62.6666666666667,0.679245283018868,46,53,0.867924528301887,4,1,120,93,186,102,125,127,180,98,"G5"
"98","Western Kentucky","fbs","Conference USA",2022,4242505,"Daewood Davis",63,10,10,6.3,40.4570043392478,0.642174672051553,4.04570043392478,621,9.85714285714286,62.1,0.682539682539683,49,63,0.777777777777778,4,0,100,98,244,98.5,299.5,95.5,245,102.5,"G5"
"98","Western Kentucky","fbs","Conference USA",2022,4243459,"Jakairi Moses",5,2,10,2.5,-1.53892618013905,-0.30778523602781,-0.769463090069526,36,7.2,18,0.2,5,5,1,0,0,NA,NA,NA,NA,NA,NA,NA,NA,"G5"
"98","Western Kentucky","fbs","Conference USA",2022,4363054,"Gunner Britton",1,1,10,1,3.22488939583344,3.22488939583344,3.22488939583344,12,12,12,1,1,1,1,0,0,NA,NA,NA,NA,NA,NA,NA,NA,"G5"
"98","Western Kentucky","fbs","Conference USA",2022,4368343,"Austin Reed",4,2,10,2,5.057709220203,1.26442730505075,2.5288546101015,48,12,24,1,4,4,1,2,0,NA,NA,NA,NA,NA,NA,NA,NA,"G5"
"98","Western Kentucky","fbs","Conference USA",2022,4385055,"Joey Beljan",6,3,10,2,5.43509145827329,0.905848576378882,1.81169715275776,95,15.8333333333333,31.6666666666667,0.833333333333333,6,6,1,0,0,NA,NA,NA,NA,NA,NA,NA,NA,"G5"
"98","Western Kentucky","fbs","Conference USA",2022,4428527,"Dalvin Smith",25,10,10,2.5,6.9610689883691,0.278442759534764,0.696106898836909,218,8.72,21.8,0.56,21,25,0.84,1,0,485,499,465,336.5,181,476.5,352,519.5,"G5"
"98","Western Kentucky","fbs","Conference USA",2022,4430089,"Michael Mathison",38,10,10,3.8,34.2660855040186,0.901739092211017,3.42660855040186,449,11.8157894736842,44.9,0.552631578947368,32,38,0.842105263157895,2,0,155,168,97,354.5,174.5,199,99,231,"G5"
"98","Western Kentucky","fbs","Conference USA",2022,4430482,"Joshua Simon",18,7,10,2.57142857142857,22.0582651540256,1.22545917522364,3.15118073628937,183,10.1666666666667,26.1428571428571,0.611111111111111,14,18,0.777777777777778,6,2,NA,NA,NA,NA,NA,NA,NA,NA,"G5"
"98","Western Kentucky","fbs","Conference USA",2022,4575436,"Davion Ervin-Poindexter",9,7,10,1.28571428571429,-7.33599127072901,-0.815110141192113,-1.04799875296129,3,0.333333333333333,0.428571428571429,0.111111111111111,8,9,0.888888888888889,0,0,NA,NA,NA,NA,NA,NA,NA,NA,"G5"
"98","Western Kentucky","fbs","Conference USA",2022,4605866,"Darius Ocean",1,1,10,1,3.37332870803002,3.37332870803002,3.37332870803002,5,5,5,1,1,1,1,1,0,NA,NA,NA,NA,NA,NA,NA,NA,"G5"
"98","Western Kentucky","fbs","Conference USA",2022,4613104,"Malachi Corley",88,10,10,8.8,32.2435824525748,0.366404346051986,3.22435824525748,868,9.86363636363636,86.8,0.602272727272727,74,88,0.840909090909091,2,0,171,184,410,232,178,23,244,15,"G5"
"98","Western Kentucky","fbs","Conference USA",2022,4690073,"Craig Burt Jr.",3,2,10,1.5,4.76180874259243,1.58726958086414,2.38090437129622,52,17.3333333333333,26,0.666666666666667,3,3,1,0,0,NA,NA,NA,NA,NA,NA,NA,NA,"G5"
"98","Western Kentucky","fbs","Conference USA",2022,4880638,"Kye Robichaux",10,4,10,2.5,2.04158600161747,0.204158600161747,0.510396500404368,56,5.6,14,0.5,9,10,0.9,0,0,NA,NA,NA,NA,NA,NA,NA,NA,"G5"
"98","Western Kentucky","fbs","Conference USA",2022,5085434,"LT Sanders",1,1,10,1,-0.498382830570951,-0.498382830570951,-0.498382830570951,2,2,2,0,1,1,1,0,0,NA,NA,NA,NA,NA,NA,NA,NA,"G5"
"99","LSU","fbs","SEC",2022,4362650,"Jaray Jenkins",32,10,12,3.2,49.0720888822696,1.53350277757093,4.90720888822696,404,12.625,40.4,0.75,27,32,0.84375,6,0,58,61,5,30,171,237.5,63,272,"P5"
"99","LSU","fbs","SEC",2022,4426333,"John Emery Jr.",13,6,12,2.16666666666667,13.3953661083967,1.03041277756898,2.23256101806612,126,9.69230769230769,21,0.615384615384615,12,13,0.923076923076923,2,0,NA,NA,NA,NA,NA,NA,NA,NA,"P5"
"99","LSU","fbs","SEC",2022,4426348,"Jayden Daniels",1,1,12,1,2.2391464740582,2.2391464740582,2.2391464740582,5,5,5,1,1,1,1,1,0,NA,NA,NA,NA,NA,NA,NA,NA,"P5"
"99","LSU","fbs","SEC",2022,4426658,"Noah Cain",9,4,12,2.25,4.53641417035758,0.50404601892862,1.13410354258939,62,6.88888888888889,15.5,0.666666666666667,6,9,0.666666666666667,0,0,NA,NA,NA,NA,NA,NA,NA,NA,"P5"
"99","LSU","fbs","SEC",2022,4429022,"Kayshon Boutte",61,10,12,6.1,12.2354289781911,0.200580802921166,1.22354289781911,491,8.04918032786885,49.1,0.524590163934426,42,61,0.688524590163934,1,0,429,442,499,406,463.5,167.5,408,194,"P5"
"99","LSU","fbs","SEC",2022,4431219,"Kyren Lacy",23,9,12,2.55555555555556,11.9548759781612,0.519777216441793,1.32831955312903,182,7.91304347826087,20.2222222222222,0.695652173913043,20,23,0.869565217391304,0,0,433,428,312,84.5,121,524,427,544.5,"P5"
"99","LSU","fbs","SEC",2022,4431286,"Armoni Goodwin",4,4,12,1,0.00980401612506121,0.0024510040312653,0.0024510040312653,19,4.75,4.75,0.75,4,4,1,0,0,NA,NA,NA,NA,NA,NA,NA,NA,"P5"
"99","LSU","fbs","SEC",2022,4431334,"Chris Hilton Jr.",1,1,12,1,3.64239885930077,3.64239885930077,3.64239885930077,51,51,51,1,1,1,1,0,0,NA,NA,NA,NA,NA,NA,NA,NA,"P5"
"99","LSU","fbs","SEC",2022,4432773,"Brian Thomas Jr.",33,9,12,3.66666666666667,17.2576526703705,0.522959171829409,1.9175169633745,286,8.66666666666667,31.7777777777778,0.636363636363636,26,33,0.787878787878788,3,0,344,350,307,169,287,370,354.5,383,"P5"
"99","LSU","fbs","SEC",2022,4433921,"Kole Taylor",4,3,12,1.33333333333333,3.67002277982948,0.917505694957369,1.22334092660983,52,13,17.3333333333333,0.75,4,4,1,0,0,NA,NA,NA,NA,NA,NA,NA,NA,"P5"
"99","LSU","fbs","SEC",2022,4568024,"Josh Williams",25,9,12,2.77777777777778,2.15470260533721,0.0861881042134882,0.239411400593023,132,5.28,14.6666666666667,0.4,21,25,0.84,0,0,534,539,530,548.5,181,569,564,577.5,"P5"
"99","LSU","fbs","SEC",2022,4568026,"Jack Mashburn",1,1,12,1,-0.317141279915132,-0.317141279915132,-0.317141279915132,2,2,2,0,1,1,1,0,0,NA,NA,NA,NA,NA,NA,NA,NA,"P5"
"99","LSU","fbs","SEC",2022,4595348,"Malik Nabers",70,12,12,5.83333333333333,60.8830466849308,0.869757809784726,5.07358722374423,773,11.0428571428571,64.4166666666667,0.742857142857143,60,70,0.857142857142857,1,1,33,56,106,35.5,147,43.5,147,84,"P5"
"99","LSU","fbs","SEC",2022,4603186,"Jack Bech",16,7,12,2.28571428571429,13.2155153376639,0.825969708603996,1.88793076252342,183,11.4375,26.1428571428571,0.6875,15,16,0.9375,0,0,NA,NA,NA,NA,NA,NA,NA,NA,"P5"
"99","LSU","fbs","SEC",2022,4808766,"Mason Taylor",38,11,12,3.45454545454545,21.6438451093855,0.569574871299619,1.96762228267141,313,8.23684210526316,28.4545454545455,0.605263157894737,32,38,0.842105263157895,2,0,282,342,282,227.5,174.5,343,394,437,"P5"
