"team_id","pos_team","division","conference","season","player_id","passer_player_name","plays","games","team_games","playsgame","TEPA","EPAplay","EPAgame","yards","yardsplay","yardsgame","success","comp","att","comppct","passing_td","sacked","sack_yds","pass_int","detmer","detmergame","dropbacks","sack_adj_yards","yardsdropback","TEPA_rank","EPAgame_rank","EPAplay_rank","success_rank","comppct_rank","yards_rank","yardsplay_rank","yardsgame_rank","sack_adj_yards_rank","yardsdropback_rank","detmer_rank","detmergame_rank","fbs_class"
"103","Boston College","fbs","ACC",2015,3122790,"Darius Wade",11,1,10,11,-0.744474461846177,-0.0676794965314706,-0.744474461846177,47,4.27272727272727,47,0.363636363636364,4,11,0.363636363636364,0,0,0,0,0,0,11,47,4.27272727272727,NA,NA,NA,NA,NA,NA,NA,NA,NA,NA,NA,NA,"P5"
"103","Boston College","fbs","ACC",2015,3122796,"Troy Flutie",40,6,10,6.66666666666667,4.05084103735956,0.101271025933989,0.675140172893261,299,7.475,49.8333333333333,0.35,17,40,0.425,2,0,0,0,0.0830555555555555,0.0311458333333333,40,299,7.475,NA,NA,NA,NA,NA,NA,NA,NA,NA,NA,NA,NA,"P5"
"103","Boston College","fbs","ACC",2015,3122817,"Thadd Smith",1,1,10,1,5.23751978420642,5.23751978420642,5.23751978420642,3,3,3,1,1,1,1,1,0,0,0,0.00375,0.00375,1,3,3,NA,NA,NA,NA,NA,NA,NA,NA,NA,NA,NA,NA,"P5"
"103","Boston College","fbs","ACC",2015,3915286,"John Fadule",68,3,10,22.6666666666667,-7.50885907506672,-0.110424398162746,-2.50295302502224,461,6.77941176470588,153.666666666667,0.382352941176471,37,68,0.544117647058823,0,0,0,0,0,0,68,461,6.77941176470588,NA,NA,NA,NA,NA,NA,NA,NA,NA,NA,NA,NA,"P5"
"103","Boston College","fbs","ACC",2015,3929118,"Jeff Smith",77,8,10,9.625,-36.5067671434091,-0.474113859005314,-4.56334589292614,235,3.05194805194805,29.375,0.181818181818182,25,77,0.324675324675325,2,0,0,0,0.0489583333333333,0.0146875,77,235,3.05194805194805,NA,NA,NA,NA,NA,NA,NA,NA,NA,NA,NA,NA,"P5"
"113","Massachusetts","fbs","Mid-American",2015,518271,"Blake Frohnapfel",457,12,12,38.0833333333333,14.6954599147499,0.0321563674283369,1.2246216595625,2851,6.23851203501094,237.583333333333,0.385120350109409,263,457,0.575492341356674,13,0,0,0,0.551532738095238,0.308858333333333,457,2851,6.23851203501094,104,106,106,101,83,20,99,37,20,99,36,43,"G5"
"113","Massachusetts","fbs","Mid-American",2015,520781,"Marken Michel",1,1,12,1,4.26848199631029,4.26848199631029,4.26848199631029,21,21,21,1,1,1,1,1,0,0,0,0.02625,0.02625,1,21,21,NA,NA,NA,NA,NA,NA,NA,NA,NA,NA,NA,NA,"G5"
"113","Massachusetts","fbs","Mid-American",2015,537063,"Tajae Sharpe",1,1,12,1,3.96892174084577,3.96892174084577,3.96892174084577,23,23,23,1,1,1,1,1,0,0,0,0.02875,0.02875,1,23,23,NA,NA,NA,NA,NA,NA,NA,NA,NA,NA,NA,NA,"G5"
"113","Massachusetts","fbs","Mid-American",2015,552837,"Shakur Nesmith",1,1,12,1,2.26152253548603,2.26152253548603,2.26152253548603,15,15,15,1,1,1,1,1,0,0,0,0.01875,0.01875,1,15,15,NA,NA,NA,NA,NA,NA,NA,NA,NA,NA,NA,NA,"G5"
"113","Massachusetts","fbs","Mid-American",2015,3125927,"Ross Comis",20,3,12,6.66666666666667,7.80081238012199,0.3900406190061,2.600270793374,146,7.3,48.6666666666667,0.4,14,20,0.7,1,0,0,0,0.0608333333333333,0.0304166666666667,20,146,7.3,NA,NA,NA,NA,NA,NA,NA,NA,NA,NA,NA,NA,"G5"
"113","Massachusetts","fbs","Mid-American",2015,3145151,"Dan Jonah",1,1,12,1,5.13542278129572,5.13542278129572,5.13542278129572,25,25,25,1,1,1,1,1,0,0,0,0.03125,0.03125,1,25,25,NA,NA,NA,NA,NA,NA,NA,NA,NA,NA,NA,NA,"G5"
"12","Arizona","fbs","Pac-12",2015,517210,"Jerrard Randall",89,8,11,11.125,5.84324359098593,0.0656544223706284,0.730405448873241,485,5.44943820224719,60.625,0.359550561797753,45,89,0.50561797752809,4,0,0,0,0.12125,0.0505208333333333,89,485,5.44943820224719,NA,NA,NA,NA,NA,NA,NA,NA,NA,NA,NA,NA,"P5"
"12","Arizona","fbs","Pac-12",2015,531078,"Cayleb Jones",1,1,11,1,2.3648614992831,2.3648614992831,2.3648614992831,25,25,25,1,1,1,1,0,0,0,0,0,0,1,25,25,NA,NA,NA,NA,NA,NA,NA,NA,NA,NA,NA,NA,"P5"
"12","Arizona","fbs","Pac-12",2015,552097,"Anu Solomon",265,9,11,29.4444444444444,70.7314391242951,0.266911091035076,7.85904879158835,2036,7.68301886792453,226.222222222222,0.471698113207547,166,265,0.626415094339623,13,0,0,0,0.52515873015873,0.334191919191919,265,2036,7.68301886792453,50,44,41,36,43,59,43,43,59,43,40,39,"P5"
"12","Arizona","fbs","Pac-12",2015,3133993,"Brandon Dawkins",35,3,11,11.6666666666667,19.1003589478487,0.545724541367107,6.36678631594958,330,9.42857142857143,110,0.514285714285714,20,35,0.571428571428571,2,0,0,0,0.183333333333333,0.11,35,330,9.42857142857143,NA,NA,NA,NA,NA,NA,NA,NA,NA,NA,NA,NA,"P5"
"120","Maryland","fbs","Big Ten",2015,514105,"Daxx Garman",16,2,11,8,-2.44770281118878,-0.152981425699299,-1.22385140559439,69,4.3125,34.5,0.3125,5,16,0.3125,0,0,0,0,0,0,16,69,4.3125,NA,NA,NA,NA,NA,NA,NA,NA,NA,NA,NA,NA,"P5"
"120","Maryland","fbs","Big Ten",2015,534246,"Malcolm Culmer",1,1,11,1,3.31674386718955,3.31674386718955,3.31674386718955,14,14,14,1,1,1,1,1,0,0,0,0.0175,0.0175,1,14,14,NA,NA,NA,NA,NA,NA,NA,NA,NA,NA,NA,NA,"P5"
"120","Maryland","fbs","Big Ten",2015,534317,"Perry Hills",145,7,11,20.7142857142857,-20.7364444395146,-0.143009961651825,-2.96234920564494,815,5.62068965517241,116.428571428571,0.331034482758621,76,145,0.524137931034483,5,0,0,0,0.242559523809524,0.121279761904762,145,815,5.62068965517241,NA,NA,NA,NA,NA,NA,NA,NA,NA,NA,NA,NA,"P5"
"120","Maryland","fbs","Big Ten",2015,534318,"Levern Jacobs",1,1,11,1,4.32180732139739,4.32180732139739,4.32180732139739,27,27,27,1,1,1,1,1,0,0,0,0.03375,0.03375,1,27,27,NA,NA,NA,NA,NA,NA,NA,NA,NA,NA,NA,NA,"P5"
"120","Maryland","fbs","Big Ten",2015,534328,"Caleb Rowe",147,8,11,18.375,10.5224481175061,0.0715812797109256,1.31530601468826,853,5.80272108843537,106.625,0.387755102040816,74,147,0.503401360544218,4,0,0,0,0.21325,0.0888541666666667,147,853,5.80272108843537,NA,NA,NA,NA,NA,NA,NA,NA,NA,NA,NA,NA,"P5"
"120","Maryland","fbs","Big Ten",2015,3053041,"Shane Cockerille",23,2,11,11.5,-4.84414887826614,-0.210615168620267,-2.42207443913307,82,3.56521739130435,41,0.304347826086957,11,23,0.478260869565217,0,0,0,0,0,0,23,82,3.56521739130435,NA,NA,NA,NA,NA,NA,NA,NA,NA,NA,NA,NA,"P5"
"120","Maryland","fbs","Big Ten",2015,3915406,"Jahrvis Davenport",1,1,11,1,5.94221931079113,5.94221931079113,5.94221931079113,46,46,46,1,1,1,1,1,0,0,0,0.0575,0.0575,1,46,46,NA,NA,NA,NA,NA,NA,NA,NA,NA,NA,NA,NA,"P5"
"120","Maryland","fbs","Big Ten",2015,3915416,"D.J. Moore",2,2,11,1,5.13261137520248,2.56630568760124,2.56630568760124,40,20,20,0.5,1,2,0.5,1,0,0,0,0.025,0.0166666666666667,2,40,20,NA,NA,NA,NA,NA,NA,NA,NA,NA,NA,NA,NA,"P5"
"127","Michigan State","fbs","Big Ten",2015,512423,"DeAnthony Arnett",1,1,13,1,3.79315710054991,3.79315710054991,3.79315710054991,25,25,25,1,1,1,1,1,0,0,0,0.03125,0.03125,1,25,25,NA,NA,NA,NA,NA,NA,NA,NA,NA,NA,NA,NA,"P5"
"127","Michigan State","fbs","Big Ten",2015,512705,"Connor Cook",357,12,13,29.75,114.100498626904,0.31960923985127,9.5083748855753,2806,7.85994397759104,233.833333333333,0.46218487394958,203,357,0.568627450980392,18,0,0,0,0.553815789473684,0.35075,357,2806,7.85994397759104,22,29,28,45,87,21,34,40,21,34,35,34,"P5"
"127","Michigan State","fbs","Big Ten",2015,535578,"Tyler O'Connor",22,3,13,7.33333333333333,4.45663698422208,0.202574408373731,1.48554566140736,123,5.59090909090909,41,0.409090909090909,12,22,0.545454545454545,1,0,0,0,0.05125,0.025625,22,123,5.59090909090909,NA,NA,NA,NA,NA,NA,NA,NA,NA,NA,NA,NA,"P5"
"127","Michigan State","fbs","Big Ten",2015,535580,"Josiah Price",1,1,13,1,2.82923474688074,2.82923474688074,2.82923474688074,12,12,12,1,1,1,1,1,0,0,0,0.015,0.015,1,12,12,NA,NA,NA,NA,NA,NA,NA,NA,NA,NA,NA,NA,"P5"
"127","Michigan State","fbs","Big Ten",2015,535857,"Aaron Burbridge",1,1,13,1,2.70368125154532,2.70368125154532,2.70368125154532,17,17,17,1,1,1,1,1,0,0,0,0.02125,0.02125,1,17,17,NA,NA,NA,NA,NA,NA,NA,NA,NA,NA,NA,NA,"P5"
"127","Michigan State","fbs","Big Ten",2015,535869,"Macgarrett Kings Jr.",2,2,13,1,4.81420451446393,2.40710225723196,2.40710225723196,18,9,9,1,2,2,1,2,0,0,0,0.015,0.01125,2,18,9,NA,NA,NA,NA,NA,NA,NA,NA,NA,NA,NA,NA,"P5"
"127","Michigan State","fbs","Big Ten",2015,550476,"R.J. Shelton",1,1,13,1,2.22574715562082,2.22574715562082,2.22574715562082,23,23,23,1,1,1,1,1,0,0,0,0.02875,0.02875,1,23,23,NA,NA,NA,NA,NA,NA,NA,NA,NA,NA,NA,NA,"P5"
"127","Michigan State","fbs","Big Ten",2015,550477,"Damion Terry",7,3,13,2.33333333333333,-4.43866101013433,-0.63409443001919,-1.47955367004478,15,2.14285714285714,5,0.142857142857143,2,7,0.285714285714286,0,0,0,0,0,0,7,15,2.14285714285714,NA,NA,NA,NA,NA,NA,NA,NA,NA,NA,NA,NA,"P5"
"130","Michigan","fbs","Big Ten",2015,518380,"Jake Rudock",342,12,12,28.5,97.6219788955625,0.285444382735563,8.13516490796354,2562,7.49122807017544,213.5,0.488304093567251,222,342,0.649122807017544,10,0,0,0,0.485227272727273,0.242613636363636,342,2562,7.49122807017544,30,40,36,23,26,31,52,49,31,52,52,70,"P5"
"130","Michigan","fbs","Big Ten",2015,535167,"Jehu Chesson",5,2,12,2.5,21.3405762272865,4.2681152454573,10.6702881136432,131,26.2,65.5,1,5,5,1,5,0,0,0,0.136458333333333,0.116964285714286,5,131,26.2,NA,NA,NA,NA,NA,NA,NA,NA,NA,NA,NA,NA,"P5"
"130","Michigan","fbs","Big Ten",2015,3115962,"Jabrill Peppers",1,1,12,1,-0.943496137876913,-0.943496137876913,-0.943496137876913,0,0,0,0,0,1,0,0,0,0,0,0,0,1,0,0,NA,NA,NA,NA,NA,NA,NA,NA,NA,NA,NA,NA,"P5"
"130","Michigan","fbs","Big Ten",2015,3115966,"Wilton Speight",24,5,12,4.8,-11.693525900377,-0.487230245849042,-2.3387051800754,73,3.04166666666667,14.6,0.25,9,24,0.375,1,0,0,0,0.01825,0.00608333333333333,24,73,3.04166666666667,NA,NA,NA,NA,NA,NA,NA,NA,NA,NA,NA,NA,"P5"
"135","Minnesota","fbs","Big Ten",2015,530731,"Mitch Leidner",363,12,12,30.25,60.54353244322,0.166786590752672,5.04529437026834,2354,6.48484848484848,196.166666666667,0.432506887052342,213,363,0.586776859504132,9,0,0,0,0.441375,0.210178571428571,363,2354,6.48484848484848,60,72,79,75,78,43,95,65,43,95,65,81,"P5"
"135","Minnesota","fbs","Big Ten",2015,545480,"Drew Wolitarsky",1,1,12,1,4.39637322970046,4.39637322970046,4.39637322970046,42,42,42,1,1,1,1,1,0,0,0,0.0525,0.0525,1,42,42,NA,NA,NA,NA,NA,NA,NA,NA,NA,NA,NA,NA,"P5"
"135","Minnesota","fbs","Big Ten",2015,3116064,"Brandon Lingen",3,2,12,1.5,7.48231372375517,2.49410457458506,3.74115686187759,60,20,30,1,3,3,1,3,0,0,0,0.05625,0.045,3,60,20,NA,NA,NA,NA,NA,NA,NA,NA,NA,NA,NA,NA,"P5"
"135","Minnesota","fbs","Big Ten",2015,3728274,"Rashad Still",1,1,12,1,5.57466597913719,5.57466597913719,5.57466597913719,52,52,52,1,1,1,1,1,0,0,0,0.065,0.065,1,52,52,NA,NA,NA,NA,NA,NA,NA,NA,NA,NA,NA,NA,"P5"
"135","Minnesota","fbs","Big Ten",2015,3728285,"Demry Croft",17,3,12,5.66666666666667,-12.1665337428526,-0.715678455461916,-4.05551124761752,34,2,11.3333333333333,0.0588235294117647,7,17,0.411764705882353,0,0,0,0,0,0,17,34,2,NA,NA,NA,NA,NA,NA,NA,NA,NA,NA,NA,NA,"P5"
"142","Missouri","fbs","SEC",2015,515219,"Wesley Leftwich",1,1,11,1,3.07490449533483,3.07490449533483,3.07490449533483,32,32,32,1,1,1,1,1,0,0,0,0.04,0.04,1,32,32,NA,NA,NA,NA,NA,NA,NA,NA,NA,NA,NA,NA,"P5"
"142","Missouri","fbs","SEC",2015,531373,"Sean Culkin",1,1,11,1,3.45663600918076,3.45663600918076,3.45663600918076,21,21,21,1,1,1,1,1,0,0,0,0.02625,0.02625,1,21,21,NA,NA,NA,NA,NA,NA,NA,NA,NA,NA,NA,NA,"P5"
"142","Missouri","fbs","SEC",2015,531385,"Maty Mauk",81,3,11,27,-3.65032980449129,-0.0450658000554481,-1.2167766014971,395,4.87654320987654,131.666666666667,0.333333333333333,41,81,0.506172839506173,1,0,0,0,0.164583333333333,0.0822916666666667,81,395,4.87654320987654,NA,NA,NA,NA,NA,NA,NA,NA,NA,NA,NA,NA,"P5"
"142","Missouri","fbs","SEC",2015,3122105,"Nate Brown",1,1,11,1,2.94264030013688,2.94264030013688,2.94264030013688,11,11,11,1,1,1,1,1,0,0,0,0.01375,0.01375,1,11,11,NA,NA,NA,NA,NA,NA,NA,NA,NA,NA,NA,NA,"P5"
"142","Missouri","fbs","SEC",2015,3924327,"Drew Lock",244,10,11,24.4,-47.0504101071653,-0.19282954961953,-4.70504101071653,1194,4.89344262295082,119.4,0.319672131147541,123,244,0.504098360655738,3,0,0,0,0.223875,0.0688846153846154,244,1194,4.89344262295082,119,116,116,118,113,107.5,118,115,107.5,118,116,117,"P5"
"145","Ole Miss","fbs","SEC",2015,534580,"Chad Kelly",393,11,11,35.7272727272727,140.987506361793,0.358746835526192,12.8170460328903,3467,8.82188295165394,315.181818181818,0.529262086513995,263,393,0.669211195928753,21,0,0,0,0.752138429752066,0.517095170454545,393,3467,8.82188295165394,9,12,22,5,15,8,13,8,8,13,7,7,"P5"
"145","Ole Miss","fbs","SEC",2015,550014,"Laquon Treadwell",3,3,11,1,9.53396546653575,3.17798848884525,3.17798848884525,100,33.3333333333333,33.3333333333333,1,3,3,1,2,0,0,0,0.0555555555555556,0.0333333333333333,3,100,33.3333333333333,NA,NA,NA,NA,NA,NA,NA,NA,NA,NA,NA,NA,"P5"
"145","Ole Miss","fbs","SEC",2015,550114,"Ryan Buchanan",5,1,11,5,1.71727548206355,0.34345509641271,1.71727548206355,38,7.6,38,0.6,4,5,0.8,0,0,0,0,0,0,5,38,7.6,NA,NA,NA,NA,NA,NA,NA,NA,NA,NA,NA,NA,"P5"
"145","Ole Miss","fbs","SEC",2015,550549,"Damore'ea Stringfellow",2,1,11,2,3.71022683671822,1.85511341835911,3.71022683671822,38,19,38,1,2,2,1,2,0,0,0,0.0633333333333333,0.0633333333333333,2,38,19,NA,NA,NA,NA,NA,NA,NA,NA,NA,NA,NA,NA,"P5"
"145","Ole Miss","fbs","SEC",2015,3128741,"Markell Pack",1,1,11,1,2.44696439057866,2.44696439057866,2.44696439057866,7,7,7,1,1,1,1,1,0,0,0,0.00875,0.00875,1,7,7,NA,NA,NA,NA,NA,NA,NA,NA,NA,NA,NA,NA,"P5"
"150","Duke","fbs","ACC",2015,530273,"Anthony Nash",1,1,11,1,-0.570680999585281,-0.570680999585281,-0.570680999585281,0,0,0,0,0,1,0,0,0,0,0,0,0,1,0,0,NA,NA,NA,NA,NA,NA,NA,NA,NA,NA,NA,NA,"P5"
"150","Duke","fbs","ACC",2015,530275,"Max McCaffrey",2,1,11,2,3.9050654571878,1.9525327285939,3.9050654571878,17,8.5,17,1,2,2,1,2,0,0,0,0.0283333333333333,0.0283333333333333,2,17,8.5,NA,NA,NA,NA,NA,NA,NA,NA,NA,NA,NA,NA,"P5"
"150","Duke","fbs","ACC",2015,530478,"Thomas Sirk",353,10,11,35.3,20.5608695297106,0.0582460893192934,2.05608695297106,2055,5.82152974504249,205.5,0.41643059490085,212,353,0.60056657223796,6,0,0,0,0.440357142857143,0.19265625,353,2055,5.82152974504249,99,101,105,86,67,57,104,55,57,104,67,89,"P5"
"150","Duke","fbs","ACC",2015,545221,"Parker Boehme",70,6,11,11.6666666666667,14.8044258518565,0.211491797883664,2.46740430864274,519,7.41428571428571,86.5,0.428571428571429,38,70,0.542857142857143,2,0,0,0,0.144166666666667,0.0540625,70,519,7.41428571428571,NA,NA,NA,NA,NA,NA,NA,NA,NA,NA,NA,NA,"P5"
"150","Duke","fbs","ACC",2015,548076,"Johnell Barnes",1,1,11,1,3.79353946211954,3.79353946211954,3.79353946211954,13,13,13,1,1,1,1,1,0,0,0,0.01625,0.01625,1,13,13,NA,NA,NA,NA,NA,NA,NA,NA,NA,NA,NA,NA,"P5"
"150","Duke","fbs","ACC",2015,3116560,"Nicodem Pierre",1,1,11,1,-3.3649456988718,-3.3649456988718,-3.3649456988718,0,0,0,0,0,1,0,0,0,0,0,0,0,1,0,0,NA,NA,NA,NA,NA,NA,NA,NA,NA,NA,NA,NA,"P5"
"150","Duke","fbs","ACC",2015,3917787,"T.J. Rahming",1,1,11,1,3.0401421203437,3.0401421203437,3.0401421203437,11,11,11,1,1,1,1,1,0,0,0,0.01375,0.01375,1,11,11,NA,NA,NA,NA,NA,NA,NA,NA,NA,NA,NA,NA,"P5"
"151","East Carolina","fbs","American Athletic",2015,530434,"James Summers",91,10,11,9.1,12.353880538935,0.135756928999286,1.2353880538935,660,7.25274725274725,66,0.428571428571429,59,91,0.648351648351648,4,0,0,0,0.132,0.0471428571428572,91,660,7.25274725274725,NA,NA,NA,NA,NA,NA,NA,NA,NA,NA,NA,NA,"G5"
"151","East Carolina","fbs","American Athletic",2015,3126160,"Trevon Brown",1,1,11,1,2.20536083001376,2.20536083001376,2.20536083001376,11,11,11,1,1,1,1,1,0,0,0,0.01375,0.01375,1,11,11,NA,NA,NA,NA,NA,NA,NA,NA,NA,NA,NA,NA,"G5"
"151","East Carolina","fbs","American Athletic",2015,3126168,"Blake Kemp",327,10,11,32.7,100.807826301202,0.308280814376764,10.0807826301202,2392,7.31498470948012,239.2,0.501529051987768,230,327,0.703363914373089,15,0,0,0,0.560625,0.3588,327,2392,7.31498470948012,28,24,30,16,3,38.5,61,35,38.5,61,33,30,"G5"
"152","NC State","fbs","ACC",2015,512191,"Jacoby Brissett",340,11,11,30.9090909090909,42.2255844033479,0.124192895303964,3.83868949121344,2230,6.55882352941176,202.727272727273,0.435294117647059,207,340,0.608823529411765,17,0,0,0,0.478661616161616,0.307711038961039,340,2230,6.55882352941176,76,83,93,73,59,52,94,57,52,94,55,45,"P5"
"152","NC State","fbs","ACC",2015,3116715,"Jalan McClendon",6,2,11,3,-0.192769645461495,-0.0321282742435826,-0.0963848227307477,41,6.83333333333333,20.5,0.5,4,6,0.666666666666667,0,0,0,0,0,0,6,41,6.83333333333333,NA,NA,NA,NA,NA,NA,NA,NA,NA,NA,NA,NA,"P5"
"152","NC State","fbs","ACC",2015,3686689,"A.J. Cole III",1,1,11,1,3.94176133129944,3.94176133129944,3.94176133129944,9,9,9,1,1,1,1,0,0,0,0,0,0,1,9,9,NA,NA,NA,NA,NA,NA,NA,NA,NA,NA,NA,NA,"P5"
"152","NC State","fbs","ACC",2015,3916430,"Nyheim Hines",1,1,11,1,-0.831162170701679,-0.831162170701679,-0.831162170701679,0,0,0,0,0,1,0,0,0,0,0,0,0,1,0,0,NA,NA,NA,NA,NA,NA,NA,NA,NA,NA,NA,NA,"P5"
"153","North Carolina","fbs","ACC",2015,516347,"Marquise Williams",273,11,11,24.8181818181818,82.4657588523706,0.30207237674861,7.49688716839733,2420,8.86446886446886,220,0.454212454212454,169,273,0.619047619047619,14,0,0,0,0.513333333333333,0.308,273,2420,8.86446886446886,40,47,31,51,54,36,11,47,36,11,42,44,"P5"
"153","North Carolina","fbs","ACC",2015,530417,"Quinshad Davis",1,1,11,1,3.29232694257616,3.29232694257616,3.29232694257616,37,37,37,1,1,1,1,1,0,0,0,0.04625,0.04625,1,37,37,NA,NA,NA,NA,NA,NA,NA,NA,NA,NA,NA,NA,"P5"
"153","North Carolina","fbs","ACC",2015,540210,"Mack Hollins",1,1,11,1,2.68588714788192,2.68588714788192,2.68588714788192,42,42,42,1,1,1,1,1,0,0,0,0.0525,0.0525,1,42,42,NA,NA,NA,NA,NA,NA,NA,NA,NA,NA,NA,NA,"P5"
"153","North Carolina","fbs","ACC",2015,540211,"Joey Mangili",1,1,11,1,-2.10871619887481,-2.10871619887481,-2.10871619887481,0,0,0,0,0,1,0,0,0,0,0,0,0,1,0,0,NA,NA,NA,NA,NA,NA,NA,NA,NA,NA,NA,NA,"P5"
"153","North Carolina","fbs","ACC",2015,545238,"Mitch Trubisky",20,6,11,3.33333333333333,18.4290370474789,0.921451852373947,3.07150617457982,206,10.3,34.3333333333333,0.65,18,20,0.9,1,0,0,0,0.0429166666666667,0.0122619047619048,20,206,10.3,NA,NA,NA,NA,NA,NA,NA,NA,NA,NA,NA,NA,"P5"
"153","North Carolina","fbs","ACC",2015,545254,"T.J. Logan",1,1,11,1,3.73645890698564,3.73645890698564,3.73645890698564,46,46,46,1,1,1,1,1,0,0,0,0.0575,0.0575,1,46,46,NA,NA,NA,NA,NA,NA,NA,NA,NA,NA,NA,NA,"P5"
"153","North Carolina","fbs","ACC",2015,545256,"Ryan Switzer",4,3,11,1.33333333333333,6.01552563983143,1.50388140995786,2.00517521327714,31,7.75,10.3333333333333,0.75,3,4,0.75,2,0,0,0,0.0172222222222222,0.0103333333333333,4,31,7.75,NA,NA,NA,NA,NA,NA,NA,NA,NA,NA,NA,NA,"P5"
"154","Wake Forest","fbs","ACC",2015,515815,"K.J. Brent",1,1,11,1,0.917197679707696,0.917197679707696,0.917197679707696,19,19,19,1,1,1,1,0,0,0,0,0,0,1,19,19,NA,NA,NA,NA,NA,NA,NA,NA,NA,NA,NA,NA,"P5"
"154","Wake Forest","fbs","ACC",2015,545319,"Cam Serigne",1,1,11,1,-0.715832133465184,-0.715832133465184,-0.715832133465184,0,0,0,0,0,1,0,0,0,0,0,0,0,1,0,0,NA,NA,NA,NA,NA,NA,NA,NA,NA,NA,NA,NA,"P5"
"154","Wake Forest","fbs","ACC",2015,3124092,"John Wolford",196,10,11,19.6,40.1990878816939,0.205097387151499,4.01990878816939,1410,7.19387755102041,141,0.428571428571429,121,196,0.61734693877551,5,0,0,0,0.29375,0.1175,196,1410,7.19387755102041,79,79,65,77,56,96,68,107,96,68,105,108,"P5"
"154","Wake Forest","fbs","ACC",2015,3124114,"Cortez Lewis",1,1,11,1,6.43239722619945,6.43239722619945,6.43239722619945,78,78,78,1,1,1,1,1,0,0,0,0.0975,0.0975,1,78,78,NA,NA,NA,NA,NA,NA,NA,NA,NA,NA,NA,NA,"P5"
"154","Wake Forest","fbs","ACC",2015,3700815,"Kendall Hinton",158,7,11,22.5714285714286,1.6642637767709,0.0105333150428538,0.237751968110129,786,4.9746835443038,112.285714285714,0.348101265822785,83,158,0.525316455696203,3,0,0,0,0.210535714285714,0.0842142857142857,158,786,4.9746835443038,108,108,108,114,109,118,115,117,118,115,117,115,"P5"
"154","Wake Forest","fbs","ACC",2015,3700890,"Tabari Hines",1,1,11,1,5.92389925676905,5.92389925676905,5.92389925676905,58,58,58,1,1,1,1,1,0,0,0,0.0725,0.0725,1,58,58,NA,NA,NA,NA,NA,NA,NA,NA,NA,NA,NA,NA,"P5"
"158","Nebraska","fbs","Big Ten",2015,512844,"Jamal Turner",1,1,12,1,-0.48732952715599,-0.48732952715599,-0.48732952715599,0,0,0,0,0,1,0,0,0,0,0,0,0,1,0,0,NA,NA,NA,NA,NA,NA,NA,NA,NA,NA,NA,NA,"P5"
"158","Nebraska","fbs","Big Ten",2015,533182,"Ryker Fyfe",50,2,12,25,33.3021889721009,0.666043779442018,16.6510944860505,440,8.8,220,0.62,34,50,0.68,5,0,0,0,0.458333333333333,0.392857142857143,50,440,8.8,NA,NA,NA,NA,NA,NA,NA,NA,NA,NA,NA,NA,"P5"
"158","Nebraska","fbs","Big Ten",2015,533270,"Tommy Armstrong Jr.",361,11,12,32.8181818181818,74.96295540374,0.207653616076842,6.81481412761273,2770,7.67313019390582,251.818181818182,0.429362880886427,204,361,0.565096952908587,15,0,0,0,0.590198863636364,0.363199300699301,361,2770,7.67313019390582,46,52,64,76,88,24,44,24,24,44,23,29,"P5"
"158","Nebraska","fbs","Big Ten",2015,533281,"Trey Foster",1,1,12,1,2.52634860080884,2.52634860080884,2.52634860080884,9,9,9,1,1,1,1,1,0,0,0,0.01125,0.01125,1,9,9,NA,NA,NA,NA,NA,NA,NA,NA,NA,NA,NA,NA,"P5"
"158","Nebraska","fbs","Big Ten",2015,533292,"Alonzo Moore",1,1,12,1,2.41091831139799,2.41091831139799,2.41091831139799,22,22,22,1,1,1,1,1,0,0,0,0.0275,0.0275,1,22,22,NA,NA,NA,NA,NA,NA,NA,NA,NA,NA,NA,NA,"P5"
"158","Nebraska","fbs","Big Ten",2015,533303,"Jordan Westerkamp",2,2,12,1,5.51822790424572,2.75911395212286,2.75911395212286,35,17.5,17.5,1,2,2,1,2,0,0,0,0.0291666666666667,0.021875,2,35,17.5,NA,NA,NA,NA,NA,NA,NA,NA,NA,NA,NA,NA,"P5"
"158","Nebraska","fbs","Big Ten",2015,545589,"Cethan Carter",1,1,12,1,2.3907758485968,2.3907758485968,2.3907758485968,10,10,10,1,1,1,1,1,0,0,0,0.0125,0.0125,1,10,10,NA,NA,NA,NA,NA,NA,NA,NA,NA,NA,NA,NA,"P5"
"158","Nebraska","fbs","Big Ten",2015,545615,"Terrell Newby",1,1,12,1,1.71424654383126,1.71424654383126,1.71424654383126,8,8,8,1,1,1,1,1,0,0,0,0.01,0.01,1,8,8,NA,NA,NA,NA,NA,NA,NA,NA,NA,NA,NA,NA,"P5"
"164","Rutgers","fbs","Big Ten",2015,537313,"Leonte Carroo",4,2,11,2,13.3753587237198,3.34383968092995,6.6876793618599,115,28.75,57.5,1,4,4,1,4,0,0,0,0.115,0.0958333333333333,4,115,28.75,NA,NA,NA,NA,NA,NA,NA,NA,NA,NA,NA,NA,"P5"
"164","Rutgers","fbs","Big Ten",2015,545874,"Hayden Rettig",14,3,11,4.66666666666667,5.06408188420203,0.36172013458586,1.68802729473401,123,8.78571428571429,41,0.285714285714286,5,14,0.357142857142857,1,0,0,0,0.05125,0.025625,14,123,8.78571428571429,NA,NA,NA,NA,NA,NA,NA,NA,NA,NA,NA,NA,"P5"
"164","Rutgers","fbs","Big Ten",2015,547540,"Matt Flanagan",1,1,11,1,1.58007579404594,1.58007579404594,1.58007579404594,7,7,7,1,1,1,1,1,0,0,0,0.00875,0.00875,1,7,7,NA,NA,NA,NA,NA,NA,NA,NA,NA,NA,NA,NA,"P5"
"164","Rutgers","fbs","Big Ten",2015,547542,"Janarion Grant",1,1,11,1,1.4037709468029,1.4037709468029,1.4037709468029,5,5,5,1,1,1,1,1,0,0,0,0.00625,0.00625,1,5,5,NA,NA,NA,NA,NA,NA,NA,NA,NA,NA,NA,NA,"P5"
"164","Rutgers","fbs","Big Ten",2015,547549,"Chris Laviano",286,11,11,26,30.2657217820322,0.105824202035078,2.75142925291202,1985,6.94055944055944,180.454545454545,0.426573426573427,178,286,0.622377622377622,8,0,0,0,0.401010101010101,0.189952153110048,286,1985,6.94055944055944,88,97,97,80.5,48,64,76,79,64,76,83,90,"P5"
"166","New Mexico State","fbs","Sun Belt",2015,546216,"Rayvean Moore",2,2,12,1,-1.58324991417832,-0.79162495708916,-0.79162495708916,0,0,0,0,0,2,0,0,0,0,0,0,0,2,0,0,NA,NA,NA,NA,NA,NA,NA,NA,NA,NA,NA,NA,"G5"
"166","New Mexico State","fbs","Sun Belt",2015,3124971,"Nick Jeanty",98,6,12,16.3333333333333,0.500359303258685,0.00510570717610903,0.0833932172097809,501,5.11224489795918,83.5,0.316326530612245,53,98,0.540816326530612,3,0,0,0,0.1565625,0.0695833333333333,98,501,5.11224489795918,NA,NA,NA,NA,NA,NA,NA,NA,NA,NA,NA,NA,"G5"
"166","New Mexico State","fbs","Sun Belt",2015,3124972,"Andrew Allen",204,7,12,29.1428571428571,50.5092081925916,0.247594157806822,7.21560117037023,1469,7.20098039215686,209.857142857143,0.392156862745098,113,204,0.553921568627451,15,0,0,0,0.491852678571429,0.357711038961039,204,1469,7.20098039215686,68,49,50,95,94,91,67,51,91,67,48,31,"G5"
"166","New Mexico State","fbs","Sun Belt",2015,3124981,"Tyler Rogers",130,4,12,32.5,10.7866111104657,0.0829739316189669,2.69665277761642,966,7.43076923076923,241.5,0.323076923076923,71,130,0.546153846153846,7,0,0,0,0.52828125,0.384204545454545,130,966,7.43076923076923,NA,NA,NA,NA,NA,NA,NA,NA,NA,NA,NA,NA,"G5"
"166","New Mexico State","fbs","Sun Belt",2015,3918450,"Royce Caldwell",1,1,12,1,6.19214897332721,6.19214897332721,6.19214897332721,61,61,61,1,1,1,1,1,0,0,0,0.07625,0.07625,1,61,61,NA,NA,NA,NA,NA,NA,NA,NA,NA,NA,NA,NA,"G5"
"167","New Mexico","fbs","Mountain West",2015,534863,"Austin Apodaca",80,8,11,10,5.71927159904869,0.0714908949881086,0.714908949881086,568,7.1,71,0.3875,45,80,0.5625,1,0,0,0,0.08875,0.0197222222222222,80,568,7.1,NA,NA,NA,NA,NA,NA,NA,NA,NA,NA,NA,NA,"G5"
"167","New Mexico","fbs","Mountain West",2015,536830,"David Anaya",1,1,11,1,-2.01258331308873,-2.01258331308873,-2.01258331308873,0,0,0,0,0,1,0,0,0,0,0,0,0,1,0,0,NA,NA,NA,NA,NA,NA,NA,NA,NA,NA,NA,NA,"G5"
"167","New Mexico","fbs","Mountain West",2015,546485,"Zack Rogers",1,1,11,1,-2.16388301790468,-2.16388301790468,-2.16388301790468,0,0,0,0,0,1,0,0,0,0,0,0,0,1,0,0,NA,NA,NA,NA,NA,NA,NA,NA,NA,NA,NA,NA,"G5"
"167","New Mexico","fbs","Mountain West",2015,551028,"Lamar Jordan",96,10,11,9.6,13.4494806645085,0.140098756921964,1.34494806645085,832,8.66666666666667,83.2,0.333333333333333,51,96,0.53125,4,0,0,0,0.1664,0.0594285714285714,96,832,8.66666666666667,NA,NA,NA,NA,NA,NA,NA,NA,NA,NA,NA,NA,"G5"
"183","Syracuse","fbs","ACC",2015,514471,"Riley Dixon",1,1,11,1,-2.90003230743743,-2.90003230743743,-2.90003230743743,-1,-1,-1,0,1,1,1,0,0,0,0,0,0,1,-1,-1,NA,NA,NA,NA,NA,NA,NA,NA,NA,NA,NA,NA,"P5"
"183","Syracuse","fbs","ACC",2015,545266,"Sean Avant",1,1,11,1,-0.753039125009884,-0.753039125009884,-0.753039125009884,0,0,0,0,0,1,0,0,0,0,0,0,0,1,0,0,NA,NA,NA,NA,NA,NA,NA,NA,NA,NA,NA,NA,"P5"
"183","Syracuse","fbs","ACC",2015,545284,"Austin Wilson",6,1,11,6,4.44476078901962,0.740793464836603,4.44476078901962,49,8.16666666666667,49,0.666666666666667,4,6,0.666666666666667,1,0,0,0,0.06125,0.06125,6,49,8.16666666666667,NA,NA,NA,NA,NA,NA,NA,NA,NA,NA,NA,NA,"P5"
"183","Syracuse","fbs","ACC",2015,3892833,"Zack Mahoney",113,8,11,14.125,-0.739022487347389,-0.0065400220119238,-0.0923778109184237,522,4.61946902654867,65.25,0.31858407079646,53,113,0.469026548672566,7,0,0,0,0.142734375,0.076125,113,522,4.61946902654867,NA,NA,NA,NA,NA,NA,NA,NA,NA,NA,NA,NA,"P5"
"183","Syracuse","fbs","ACC",2015,3916447,"Eric Dungey",149,7,11,21.2857142857143,31.576699867655,0.211924160185604,4.51095712395071,1124,7.54362416107383,160.571428571429,0.416107382550336,90,149,0.604026845637584,5,0,0,0,0.33452380952381,0.167261904761905,149,1124,7.54362416107383,NA,NA,NA,NA,NA,NA,NA,NA,NA,NA,NA,NA,"P5"
"183","Syracuse","fbs","ACC",2015,3916451,"Dontae Strickland",1,1,11,1,-0.727916061513417,-0.727916061513417,-0.727916061513417,0,0,0,0,0,1,0,0,0,0,0,0,0,1,0,0,NA,NA,NA,NA,NA,NA,NA,NA,NA,NA,NA,NA,"P5"
"183","Syracuse","fbs","ACC",2015,3916453,"Jordan Fredericks",1,1,11,1,3.55872581776862,3.55872581776862,3.55872581776862,30,30,30,1,1,1,1,1,0,0,0,0.0375,0.0375,1,30,30,NA,NA,NA,NA,NA,NA,NA,NA,NA,NA,NA,NA,"P5"
"189","Bowling Green","fbs","Mid-American",2015,513596,"Ryan Burbrink",4,3,7,1.33333333333333,5.79265917930837,1.44816479482709,1.93088639310279,56,14,18.6666666666667,0.5,2,4,0.5,1,0,0,0,0.0233333333333333,0.0116666666666667,4,56,14,NA,NA,NA,NA,NA,NA,NA,NA,NA,NA,NA,NA,"G5"
"189","Bowling Green","fbs","Mid-American",2015,531801,"James Knapke",20,6,7,3.33333333333333,5.79670243350614,0.289835121675307,0.966117072251023,173,8.65,28.8333333333333,0.55,14,20,0.7,1,0,0,0,0.0360416666666667,0.010297619047619,20,173,8.65,NA,NA,NA,NA,NA,NA,NA,NA,NA,NA,NA,NA,"G5"
"189","Bowling Green","fbs","Mid-American",2015,536143,"Gehrig Dieter",3,3,7,1,0.950391264374247,0.316797088124749,0.316797088124749,13,4.33333333333333,4.33333333333333,0.333333333333333,1,3,0.333333333333333,1,0,0,0,0.00541666666666667,0.00270833333333333,3,13,4.33333333333333,NA,NA,NA,NA,NA,NA,NA,NA,NA,NA,NA,NA,"G5"
"189","Bowling Green","fbs","Mid-American",2015,547066,"Ronnie Moore",1,1,7,1,6.55182401928098,6.55182401928098,6.55182401928098,71,71,71,1,1,1,1,1,0,0,0,0.08875,0.08875,1,71,71,NA,NA,NA,NA,NA,NA,NA,NA,NA,NA,NA,NA,"G5"
"189","Bowling Green","fbs","Mid-American",2015,3125745,"Roger Lewis",2,2,7,1,6.88152081157902,3.44076040578951,3.44076040578951,80,40,40,1,2,2,1,2,0,0,0,0.0666666666666667,0.05,2,80,40,NA,NA,NA,NA,NA,NA,NA,NA,NA,NA,NA,NA,"G5"
"189","Bowling Green","fbs","Mid-American",2015,3914414,"Derek Lee",1,1,7,1,1.80417652065118,1.80417652065118,1.80417652065118,2,2,2,1,1,1,1,1,0,0,0,0.0025,0.0025,1,2,2,NA,NA,NA,NA,NA,NA,NA,NA,NA,NA,NA,NA,"G5"
"193","Miami (OH)","fbs","Mid-American",2015,514282,"Alvonta Jenkins",2,1,11,2,-1.60575087355964,-0.802875436779818,-1.60575087355964,0,0,0,0,0,2,0,0,0,0,0,0,0,2,0,0,NA,NA,NA,NA,NA,NA,NA,NA,NA,NA,NA,NA,"G5"
"193","Miami (OH)","fbs","Mid-American",2015,514286,"Drew Kummer",97,5,11,19.4,16.9946731145656,0.175202815614079,3.39893462291313,665,6.85567010309278,133,0.329896907216495,44,97,0.45360824742268,5,0,0,0,0.277083333333333,0.16625,97,665,6.85567010309278,NA,NA,NA,NA,NA,NA,NA,NA,NA,NA,NA,NA,"G5"
"193","Miami (OH)","fbs","Mid-American",2015,3125968,"Gus Ragland",26,7,11,3.71428571428571,14.5535086124278,0.559750331247223,2.07907265891825,189,7.26923076923077,27,0.538461538461538,18,26,0.692307692307692,3,0,0,0,0.050625,0.02025,26,189,7.26923076923077,NA,NA,NA,NA,NA,NA,NA,NA,NA,NA,NA,NA,"G5"
"193","Miami (OH)","fbs","Mid-American",2015,3915317,"Billy Bahl",207,10,11,20.7,12.6671155845225,0.0611937950943116,1.26671155845225,1418,6.85024154589372,141.8,0.371980676328502,98,207,0.473429951690821,8,0,0,0,0.315111111111111,0.157555555555556,207,1418,6.85024154589372,106,105,104,108,116,94,80,106,94,80,100,99,"G5"
"194","Ohio State","fbs","Big Ten",2015,512838,"Braxton Miller",3,3,12,1,6.02021983261013,2.00673994420338,2.00673994420338,62,20.6666666666667,20.6666666666667,0.666666666666667,3,3,1,2,0,0,0,0.0344444444444444,0.0206666666666667,3,62,20.6666666666667,NA,NA,NA,NA,NA,NA,NA,NA,NA,NA,NA,NA,"P5"
"194","Ohio State","fbs","Big Ten",2015,534294,"Cardale Jones",165,10,12,16.5,29.0905030355097,0.176306079003089,2.90905030355097,1381,8.36969696969697,138.1,0.484848484848485,107,165,0.648484848484848,6,0,0,0,0.295928571428571,0.12946875,165,1381,8.36969696969697,NA,NA,NA,NA,NA,NA,NA,NA,NA,NA,NA,NA,"P5"
"194","Ohio State","fbs","Big Ten",2015,534311,"Michael Thomas",3,3,12,1,7.03228214122442,2.34409404707481,2.34409404707481,56,18.6666666666667,18.6666666666667,1,3,3,1,3,0,0,0,0.035,0.0233333333333333,3,56,18.6666666666667,NA,NA,NA,NA,NA,NA,NA,NA,NA,NA,NA,NA,"P5"
"194","Ohio State","fbs","Big Ten",2015,545624,"J.T. Barrett",108,9,12,12,4.87645199342981,0.0451523332724983,0.541827999269979,717,6.63888888888889,79.6666666666667,0.472222222222222,69,108,0.638888888888889,6,0,0,0,0.170714285714286,0.0796666666666667,108,717,6.63888888888889,NA,NA,NA,NA,NA,NA,NA,NA,NA,NA,NA,NA,"P5"
"194","Ohio State","fbs","Big Ten",2015,549816,"Cameron Johnston",1,1,12,1,-2.34531104127842,-2.34531104127842,-2.34531104127842,0,0,0,0,0,1,0,0,0,0,0,0,0,1,0,0,NA,NA,NA,NA,NA,NA,NA,NA,NA,NA,NA,NA,"P5"
"194","Ohio State","fbs","Big Ten",2015,3121427,"Curtis Samuel",1,1,12,1,2.5517326642844,2.5517326642844,2.5517326642844,24,24,24,1,1,1,1,1,0,0,0,0.03,0.03,1,24,24,NA,NA,NA,NA,NA,NA,NA,NA,NA,NA,NA,NA,"P5"
"195","Ohio","fbs","Mid-American",2015,511552,"Derrius Vick",215,9,11,23.8888888888889,52.605009378943,0.244674462227642,5.84500104210478,1459,6.78604651162791,162.111111111111,0.437209302325581,139,215,0.646511627906977,6,0,0,0,0.347380952380952,0.162111111111111,215,1459,6.78604651162791,66,63,51,70,28,92,87,94,92,87,95,98,"G5"
"195","Ohio","fbs","Mid-American",2015,512695,"Keith Heitzman",1,1,11,1,1.76878982294531,1.76878982294531,1.76878982294531,2,2,2,1,1,1,1,1,0,0,0,0.0025,0.0025,1,2,2,NA,NA,NA,NA,NA,NA,NA,NA,NA,NA,NA,NA,"G5"
"195","Ohio","fbs","Mid-American",2015,532426,"Jordan Reid",1,1,11,1,2.03125701487352,2.03125701487352,2.03125701487352,15,15,15,1,1,1,1,1,0,0,0,0.01875,0.01875,1,15,15,NA,NA,NA,NA,NA,NA,NA,NA,NA,NA,NA,NA,"G5"
"195","Ohio","fbs","Mid-American",2015,532433,"JD Sprague",85,6,11,14.1666666666667,26.4209096135978,0.310834230748209,4.40348493559963,787,9.25882352941177,131.166666666667,0.470588235294118,49,85,0.576470588235294,6,0,0,0,0.281071428571429,0.163958333333333,85,787,9.25882352941177,NA,NA,NA,NA,NA,NA,NA,NA,NA,NA,NA,NA,"G5"
"195","Ohio","fbs","Mid-American",2015,532440,"Greg Windham",34,6,11,5.66666666666667,0.24830126006015,0.00730297823706323,0.0413835433433583,245,7.20588235294118,40.8333333333333,0.323529411764706,17,34,0.5,1,0,0,0,0.0510416666666667,0.0145833333333333,34,245,7.20588235294118,NA,NA,NA,NA,NA,NA,NA,NA,NA,NA,NA,NA,"G5"
"195","Ohio","fbs","Mid-American",2015,550683,"Brendan Cope",1,1,11,1,-0.527394165048563,-0.527394165048563,-0.527394165048563,0,0,0,0,0,1,0,0,0,0,0,0,0,1,0,0,NA,NA,NA,NA,NA,NA,NA,NA,NA,NA,NA,NA,"G5"
"197","Oklahoma State","fbs","Big 12",2015,511260,"J.W. Walsh",58,10,11,5.8,8.11606616057835,0.139932175182385,0.811606616057835,349,6.01724137931035,34.9,0.46551724137931,38,58,0.655172413793103,4,0,0,0,0.0698,0.0249285714285714,58,349,6.01724137931035,NA,NA,NA,NA,NA,NA,NA,NA,NA,NA,NA,NA,"P5"
"197","Oklahoma State","fbs","Big 12",2015,534645,"Austin Hays",1,1,11,1,3.65173698903719,3.65173698903719,3.65173698903719,12,12,12,1,1,1,1,1,0,0,0,0.015,0.015,1,12,12,NA,NA,NA,NA,NA,NA,NA,NA,NA,NA,NA,NA,"P5"
"197","Oklahoma State","fbs","Big 12",2015,534660,"Jhajuan Seales",1,1,11,1,2.68265545353478,2.68265545353478,2.68265545353478,26,26,26,1,1,1,1,1,0,0,0,0.0325,0.0325,1,26,26,NA,NA,NA,NA,NA,NA,NA,NA,NA,NA,NA,NA,"P5"
"197","Oklahoma State","fbs","Big 12",2015,534661,"Brandon Sheperd",1,1,11,1,4.2880482566839,4.2880482566839,4.2880482566839,31,31,31,1,1,1,1,1,0,0,0,0.03875,0.03875,1,31,31,NA,NA,NA,NA,NA,NA,NA,NA,NA,NA,NA,NA,"P5"
"197","Oklahoma State","fbs","Big 12",2015,540257,"Blake Jarwin",2,2,11,1,5.75821025849844,2.87910512924922,2.87910512924922,23,11.5,11.5,1,2,2,1,2,0,0,0,0.0191666666666667,0.014375,2,23,11.5,NA,NA,NA,NA,NA,NA,NA,NA,NA,NA,NA,NA,"P5"
"197","Oklahoma State","fbs","Big 12",2015,547253,"Marcell Ateman",3,3,11,1,13.5798423118452,4.5266141039484,4.5266141039484,116,38.6666666666667,38.6666666666667,1,3,3,1,3,0,0,0,0.0725,0.0483333333333333,3,116,38.6666666666667,NA,NA,NA,NA,NA,NA,NA,NA,NA,NA,NA,NA,"P5"
"197","Oklahoma State","fbs","Big 12",2015,3116407,"Mason Rudolph",340,11,11,30.9090909090909,138.522721158781,0.407419768114063,12.5929746507983,2788,8.2,253.454545454545,0.488235294117647,213,340,0.626470588235294,9,0,0,0,0.570272727272727,0.285136363636364,340,2788,8.2,10,14,14,24,42,22,25,22,22,25,31,54,"P5"
"197","Oklahoma State","fbs","Big 12",2015,3122424,"Taylor Cornelius",5,1,11,5,-3.36406175445316,-0.672812350890631,-3.36406175445316,8,1.6,8,0.2,2,5,0.4,0,0,0,0,0,0,5,8,1.6,NA,NA,NA,NA,NA,NA,NA,NA,NA,NA,NA,NA,"P5"
"197","Oklahoma State","fbs","Big 12",2015,3122430,"Chris Lacy",2,1,11,2,4.45033307569226,2.22516653784613,4.45033307569226,44,22,44,1,2,2,1,2,0,0,0,0.0733333333333333,0.0733333333333333,2,44,22,NA,NA,NA,NA,NA,NA,NA,NA,NA,NA,NA,NA,"P5"
"197","Oklahoma State","fbs","Big 12",2015,3122449,"James Washington",7,4,11,1.75,35.5327523458751,5.07610747798215,8.88318808646876,400,57.1428571428571,100,1,7,7,1,7,0,0,0,0.21875,0.159090909090909,7,400,57.1428571428571,NA,NA,NA,NA,NA,NA,NA,NA,NA,NA,NA,NA,"P5"
"197","Oklahoma State","fbs","Big 12",2015,3919593,"Jeff Carr",2,2,11,1,4.09778110752628,2.04889055376314,2.04889055376314,19,9.5,9.5,1,2,2,1,2,0,0,0,0.0158333333333333,0.011875,2,19,9.5,NA,NA,NA,NA,NA,NA,NA,NA,NA,NA,NA,NA,"P5"
"197","Oklahoma State","fbs","Big 12",2015,3919596,"Chris Carson",1,1,11,1,1.23970771842358,1.23970771842358,1.23970771842358,7,7,7,1,1,1,1,0,0,0,0,0,0,1,7,7,NA,NA,NA,NA,NA,NA,NA,NA,NA,NA,NA,NA,"P5"
"2","Auburn","fbs","SEC",2015,550019,"Jeremy Johnson",117,7,11,16.7142857142857,23.6011335715162,0.201719090354839,3.3715905102166,735,6.28205128205128,105,0.384615384615385,71,117,0.606837606837607,6,0,0,0,0.225,0.121153846153846,117,735,6.28205128205128,NA,NA,NA,NA,NA,NA,NA,NA,NA,NA,NA,NA,"P5"
"2","Auburn","fbs","SEC",2015,3121585,"Sean White",133,6,11,22.1666666666667,31.6535166214421,0.237996365574752,5.27558610357368,1172,8.81203007518797,195.333333333333,0.451127819548872,79,133,0.593984962406015,1,0,0,0,0.244166666666667,0.0697619047619048,133,1172,8.81203007518797,NA,NA,NA,NA,NA,NA,NA,NA,NA,NA,NA,NA,"P5"
"2","Auburn","fbs","SEC",2015,3892692,"Jason Smith",2,2,11,1,8.29277468048353,4.14638734024176,4.14638734024176,77,38.5,38.5,0.5,1,2,0.5,1,0,0,0,0.048125,0.0320833333333333,2,77,38.5,NA,NA,NA,NA,NA,NA,NA,NA,NA,NA,NA,NA,"P5"
"2005","Air Force","fbs","Mountain West",2015,538421,"Garrett Griffin",1,1,12,1,4.71403024890341,4.71403024890341,4.71403024890341,51,51,51,1,1,1,1,1,0,0,0,0.06375,0.06375,1,51,51,NA,NA,NA,NA,NA,NA,NA,NA,NA,NA,NA,NA,"G5"
"2005","Air Force","fbs","Mountain West",2015,547343,"Karson Roberts",122,11,12,11.0909090909091,44.6083133500744,0.365641912705528,4.05530121364313,1328,10.8852459016393,120.727272727273,0.418032786885246,68,122,0.557377049180328,7,0,0,0,0.264090909090909,0.117373737373737,122,1328,10.8852459016393,NA,NA,NA,NA,NA,NA,NA,NA,NA,NA,NA,NA,"G5"
"2005","Air Force","fbs","Mountain West",2015,554520,"Jalen Robinette",3,3,12,1,11.9765528867204,3.99218429557347,3.99218429557347,143,47.6666666666667,47.6666666666667,1,3,3,1,3,0,0,0,0.089375,0.0595833333333333,3,143,47.6666666666667,NA,NA,NA,NA,NA,NA,NA,NA,NA,NA,NA,NA,"G5"
"2005","Air Force","fbs","Mountain West",2015,554528,"Nate Romine",10,1,12,10,-4.47700639138419,-0.447700639138419,-4.47700639138419,24,2.4,24,0.2,3,10,0.3,0,0,0,0,0,0,10,24,2.4,NA,NA,NA,NA,NA,NA,NA,NA,NA,NA,NA,NA,"G5"
"2005","Air Force","fbs","Mountain West",2015,3157674,"Tyler Williams",1,1,12,1,2.01766757708045,2.01766757708045,2.01766757708045,33,33,33,1,1,1,1,0,0,0,0,0,0,1,33,33,NA,NA,NA,NA,NA,NA,NA,NA,NA,NA,NA,NA,"G5"
"2006","Akron","fbs","Mid-American",2015,514617,"Kyle Pohl",27,3,11,9,-1.48142971906461,-0.0548677673727632,-0.493809906354869,135,5,45,0.333333333333333,11,27,0.407407407407407,0,0,0,0,0,0,27,135,5,NA,NA,NA,NA,NA,NA,NA,NA,NA,NA,NA,NA,"G5"
"2006","Akron","fbs","Mid-American",2015,546646,"Tra'Von Chapman",22,2,11,11,-17.7548793915996,-0.807039972345438,-8.87743969579982,30,1.36363636363636,15,0.136363636363636,4,22,0.181818181818182,0,0,0,0,0,0,22,30,1.36363636363636,NA,NA,NA,NA,NA,NA,NA,NA,NA,NA,NA,NA,"G5"
"2006","Akron","fbs","Mid-American",2015,550357,"Thomas Woodson",234,10,11,23.4,61.7510685837922,0.263893455486291,6.17510685837922,1765,7.54273504273504,176.5,0.448717948717949,129,234,0.551282051282051,15,0,0,0,0.413671875,0.26475,234,1765,7.54273504273504,57,60,43,59,96,73,48,85,73,48,80,62,"G5"
"201","Oklahoma","fbs","Big 12",2015,534448,"Sterling Shepard",4,3,12,1.33333333333333,10.4493779409914,2.61234448524784,3.48312598033045,128,32,42.6666666666667,1,4,4,1,4,0,0,0,0.0853333333333333,0.060952380952381,4,128,32,NA,NA,NA,NA,NA,NA,NA,NA,NA,NA,NA,NA,"P5"
"201","Oklahoma","fbs","Big 12",2015,534449,"Trevor Knight",37,5,12,7.4,5.25626643244388,0.142061254930916,1.05125328648878,250,6.75675675675676,50,0.486486486486487,21,37,0.567567567567568,1,0,0,0,0.0625,0.0208333333333333,37,250,6.75675675675676,NA,NA,NA,NA,NA,NA,NA,NA,NA,NA,NA,NA,"P5"
"201","Oklahoma","fbs","Big 12",2015,550373,"Baker Mayfield",331,12,12,27.5833333333333,117.117634605255,0.353829711798355,9.75980288377129,2972,8.97885196374622,247.666666666667,0.549848942598187,226,331,0.682779456193353,20,0,0,0,0.58968253968254,0.386979166666667,331,2972,8.97885196374622,20,26,24,1,11,19,6,27,19,6,24,23,"P5"
"201","Oklahoma","fbs","Big 12",2015,550504,"Cody Thomas",1,1,12,1,-1.91828546209438,-1.91828546209438,-1.91828546209438,1,1,1,0,1,1,1,0,0,0,0,0,0,1,1,1,NA,NA,NA,NA,NA,NA,NA,NA,NA,NA,NA,NA,"P5"
"201","Oklahoma","fbs","Big 12",2015,3116365,"Mark Andrews",4,3,12,1.33333333333333,12.0794200327068,3.0198550081767,4.0264733442356,136,34,45.3333333333333,1,4,4,1,4,0,0,0,0.0906666666666667,0.0647619047619048,4,136,34,NA,NA,NA,NA,NA,NA,NA,NA,NA,NA,NA,NA,"P5"
"201","Oklahoma","fbs","Big 12",2015,3116375,"Dimitri Flowers",2,2,12,1,7.48514326329584,3.74257163164792,3.74257163164792,80,40,40,1,2,2,1,2,0,0,0,0.0666666666666667,0.05,2,80,40,NA,NA,NA,NA,NA,NA,NA,NA,NA,NA,NA,NA,"P5"
"201","Oklahoma","fbs","Big 12",2015,3116385,"Joe Mixon",2,2,12,1,4.09508057515892,2.04754028757946,2.04754028757946,20,10,10,1,2,2,1,2,0,0,0,0.0166666666666667,0.0125,2,20,10,NA,NA,NA,NA,NA,NA,NA,NA,NA,NA,NA,NA,"P5"
"201","Oklahoma","fbs","Big 12",2015,3892889,"Dede Westbrook",2,2,12,1,4.12666851370362,2.06333425685181,2.06333425685181,31,15.5,15.5,1,2,2,1,2,0,0,0,0.0258333333333333,0.019375,2,31,15.5,NA,NA,NA,NA,NA,NA,NA,NA,NA,NA,NA,NA,"P5"
"201","Oklahoma","fbs","Big 12",2015,3929811,"Jarvis Baxter",1,1,12,1,2.51434275325461,2.51434275325461,2.51434275325461,29,29,29,1,1,1,1,1,0,0,0,0.03625,0.03625,1,29,29,NA,NA,NA,NA,NA,NA,NA,NA,NA,NA,NA,NA,"P5"
"202","Tulsa","fbs","American Athletic",2015,514157,"Conner Floyd",1,1,12,1,-0.713070532671674,-0.713070532671674,-0.713070532671674,0,0,0,0,0,1,0,0,0,0,0,0,0,1,0,0,NA,NA,NA,NA,NA,NA,NA,NA,NA,NA,NA,NA,"G5"
"202","Tulsa","fbs","American Athletic",2015,514158,"Keyarris Garrett",2,2,12,1,10.0336180658317,5.01680903291585,5.01680903291585,73,36.5,36.5,1,2,2,1,2,0,0,0,0.0608333333333333,0.045625,2,73,36.5,NA,NA,NA,NA,NA,NA,NA,NA,NA,NA,NA,NA,"G5"
"202","Tulsa","fbs","American Athletic",2015,532273,"Dane Evans",425,12,12,35.4166666666667,175.988283993104,0.414090079983774,14.6656903327587,3783,8.90117647058823,315.25,0.451764705882353,271,425,0.637647058823529,16,0,0,0,0.741764705882353,0.450357142857143,425,3783,8.90117647058823,4,7,12,55,33,4,8,7,4,8,8,16,"G5"
"202","Tulsa","fbs","American Athletic",2015,550737,"Keevan Lucas",1,1,12,1,5.05842687407901,5.05842687407901,5.05842687407901,28,28,28,1,1,1,1,1,0,0,0,0.035,0.035,1,28,28,NA,NA,NA,NA,NA,NA,NA,NA,NA,NA,NA,NA,"G5"
"202","Tulsa","fbs","American Athletic",2015,3126281,"Justin Hobbs",1,1,12,1,2.78755415617701,2.78755415617701,2.78755415617701,20,20,20,1,1,1,1,1,0,0,0,0.025,0.025,1,20,20,NA,NA,NA,NA,NA,NA,NA,NA,NA,NA,NA,NA,"G5"
"202","Tulsa","fbs","American Athletic",2015,3917007,"Chad President",3,3,12,1,-3.1992999938509,-1.06643333128363,-1.06643333128363,0,0,0,0,0,3,0,0,0,0,0,0,0,3,0,0,NA,NA,NA,NA,NA,NA,NA,NA,NA,NA,NA,NA,"G5"
"2026","App State","fbs","Sun Belt",2015,533072,"Barrett Burns",3,3,11,1,6.51450004531231,2.1715000151041,2.1715000151041,32,10.6666666666667,10.6666666666667,1,3,3,1,3,0,0,0,0.02,0.0133333333333333,3,32,10.6666666666667,NA,NA,NA,NA,NA,NA,NA,NA,NA,NA,NA,NA,"G5"
"2026","App State","fbs","Sun Belt",2015,533085,"Malachi Jones",1,1,11,1,2.19291955900836,2.19291955900836,2.19291955900836,12,12,12,1,1,1,1,1,0,0,0,0.015,0.015,1,12,12,NA,NA,NA,NA,NA,NA,NA,NA,NA,NA,NA,NA,"G5"
"2026","App State","fbs","Sun Belt",2015,533091,"Simms McElfresh",2,2,11,1,8.59474308519985,4.29737154259993,4.29737154259993,65,32.5,32.5,1,2,2,1,2,0,0,0,0.0541666666666667,0.040625,2,65,32.5,NA,NA,NA,NA,NA,NA,NA,NA,NA,NA,NA,NA,"G5"
"2026","App State","fbs","Sun Belt",2015,548432,"Bill Cecil",1,1,11,1,2.36915839451339,2.36915839451339,2.36915839451339,5,5,5,1,1,1,1,1,0,0,0,0.00625,0.00625,1,5,5,NA,NA,NA,NA,NA,NA,NA,NA,NA,NA,NA,NA,"G5"
"2026","App State","fbs","Sun Belt",2015,548436,"Marcus Cox",1,1,11,1,2.13513278534049,2.13513278534049,2.13513278534049,18,18,18,1,1,1,1,1,0,0,0,0.0225,0.0225,1,18,18,NA,NA,NA,NA,NA,NA,NA,NA,NA,NA,NA,NA,"G5"
"2026","App State","fbs","Sun Belt",2015,548437,"Bentlee Critcher",2,2,11,1,8.63327005754273,4.31663502877136,4.31663502877136,50,25,25,1,2,2,1,0,0,0,0,0,0,2,50,25,NA,NA,NA,NA,NA,NA,NA,NA,NA,NA,NA,NA,"G5"
"2026","App State","fbs","Sun Belt",2015,548447,"Taylor Lamb",215,11,11,19.5454545454545,66.9701606063968,0.31148911909952,6.08819641876335,1897,8.82325581395349,172.454545454545,0.469767441860465,129,215,0.6,18,0,0,0,0.408444976076555,0.267601880877743,215,1897,8.82325581395349,52,61,29,39,68,70,12,87,70,12,81,60,"G5"
"2026","App State","fbs","Sun Belt",2015,3123673,"Montez McGuire",1,1,11,1,2.65851207503784,2.65851207503784,2.65851207503784,5,5,5,1,1,1,1,1,0,0,0,0.00625,0.00625,1,5,5,NA,NA,NA,NA,NA,NA,NA,NA,NA,NA,NA,NA,"G5"
"2032","Arkansas State","fbs","Sun Belt",2015,515871,"Darion Griswold",1,1,11,1,-0.660293244484297,-0.660293244484297,-0.660293244484297,0,0,0,0,0,1,0,0,0,0,0,0,0,1,0,0,NA,NA,NA,NA,NA,NA,NA,NA,NA,NA,NA,NA,"G5"
"2032","Arkansas State","fbs","Sun Belt",2015,538152,"Tres Houston",6,5,11,1.2,8.86296943442893,1.47716157240482,1.77259388688579,44,7.33333333333333,8.8,0.666666666666667,4,6,0.666666666666667,3,0,0,0,0.0165,0.00825,6,44,7.33333333333333,NA,NA,NA,NA,NA,NA,NA,NA,NA,NA,NA,NA,"G5"
"2032","Arkansas State","fbs","Sun Belt",2015,538156,"Fredi Knighten",214,9,11,23.7777777777778,57.3961278982545,0.26820620513203,6.3773475442505,1678,7.8411214953271,186.444444444444,0.448598130841121,119,214,0.55607476635514,16,0,0,0,0.438692810457516,0.298311111111111,214,1678,7.8411214953271,63,56,39,60,93,77,37,77,77,37,68,49,"G5"
"2032","Arkansas State","fbs","Sun Belt",2015,545941,"Cameron Birse",2,1,11,2,1.03617449623177,0.518087248115883,1.03617449623177,12,6,12,0.5,2,2,1,0,0,0,0,0,0,2,12,6,NA,NA,NA,NA,NA,NA,NA,NA,NA,NA,NA,NA,"G5"
"2032","Arkansas State","fbs","Sun Belt",2015,3123719,"James Tabary",73,5,11,14.6,18.9740196928048,0.259918077983628,3.79480393856096,533,7.3013698630137,106.6,0.465753424657534,44,73,0.602739726027397,1,0,0,0,0.13325,0.0444166666666667,73,533,7.3013698630137,NA,NA,NA,NA,NA,NA,NA,NA,NA,NA,NA,NA,"G5"
"204","Oregon State","fbs","Pac-12",2015,535212,"Brent VanderVeen",1,1,11,1,-2.72228687605343,-2.72228687605343,-2.72228687605343,0,0,0,0,0,1,0,0,0,0,0,0,0,1,0,0,NA,NA,NA,NA,NA,NA,NA,NA,NA,NA,NA,NA,"P5"
"204","Oregon State","fbs","Pac-12",2015,3127332,"Marcus McMaryion",61,6,11,10.1666666666667,2.83558515873664,0.04648500260224,0.472597526456107,385,6.31147540983607,64.1666666666667,0.311475409836066,25,61,0.409836065573771,1,0,0,0,0.0802083333333333,0.0229166666666667,61,385,6.31147540983607,NA,NA,NA,NA,NA,NA,NA,NA,NA,NA,NA,NA,"P5"
"204","Oregon State","fbs","Pac-12",2015,3127333,"Nick Mitchell",109,5,11,21.8,-6.66686326085584,-0.0611638831271178,-1.33337265217117,571,5.23853211009174,114.2,0.330275229357798,51,109,0.467889908256881,3,0,0,0,0.214125,0.1070625,109,571,5.23853211009174,NA,NA,NA,NA,NA,NA,NA,NA,NA,NA,NA,NA,"P5"
"204","Oregon State","fbs","Pac-12",2015,3860070,"Seth Collins",138,7,11,19.7142857142857,16.8696524390174,0.122243858253749,2.40995034843105,843,6.10869565217391,120.428571428571,0.405797101449275,73,138,0.528985507246377,4,0,0,0,0.240857142857143,0.109480519480519,138,843,6.10869565217391,NA,NA,NA,NA,NA,NA,NA,NA,NA,NA,NA,NA,"P5"
"2050","Ball State","fbs","Mid-American",2015,546005,"Jack Milas",13,3,11,4.33333333333333,-12.1935615611787,-0.937966273936819,-4.06452052039288,5,0.384615384615385,1.66666666666667,0,1,13,0.0769230769230769,0,0,0,0,0,0,13,5,0.384615384615385,NA,NA,NA,NA,NA,NA,NA,NA,NA,NA,NA,NA,"G5"
"2050","Ball State","fbs","Mid-American",2015,3915468,"Riley Neal",384,11,11,34.9090909090909,26.6223752663055,0.0693291022560039,2.4202159333005,2264,5.89583333333333,205.818181818182,0.395833333333333,227,384,0.591145833333333,15,0,0,0,0.482386363636364,0.296853146853147,384,2264,5.89583333333333,96,99,101,93,76,47,102,54,47,102,54,50,"G5"
"2084","Buffalo","fbs","Mid-American",2015,513614,"Joe Licata",370,10,10,37,85.5137125588102,0.231118142050838,8.55137125588102,2533,6.84594594594595,253.3,0.464864864864865,235,370,0.635135135135135,12,0,0,0,0.584538461538462,0.345409090909091,370,2533,6.84594594594595,37,34,56,42,35,32,81,23,32,81,27,37,"G5"
"2084","Buffalo","fbs","Mid-American",2015,513615,"Tony Daniel",1,1,10,1,1.79697663473586,1.79697663473586,1.79697663473586,16,16,16,1,1,1,1,0,0,0,0,0,0,1,16,16,NA,NA,NA,NA,NA,NA,NA,NA,NA,NA,NA,NA,"G5"
"2084","Buffalo","fbs","Mid-American",2015,3125767,"Chris Merchant",1,1,10,1,-0.660632070351925,-0.660632070351925,-0.660632070351925,0,0,0,0,0,1,0,0,0,0,0,0,0,1,0,0,NA,NA,NA,NA,NA,NA,NA,NA,NA,NA,NA,NA,"G5"
"21","San Diego State","fbs","Mountain West",2015,517427,"Maxwell Smith",173,11,12,15.7272727272727,38.6482694050776,0.22340040118542,3.51347903682524,1411,8.15606936416185,128.272727272727,0.46242774566474,100,173,0.578034682080925,12,0,0,0,0.296013986013986,0.167312252964427,173,1411,8.15606936416185,81,88,58,44,80,95,26,112,95,26,103,96,"G5"
"21","San Diego State","fbs","Mountain West",2015,534185,"Lloyd Mills",1,1,12,1,2.15097962434965,2.15097962434965,2.15097962434965,7,7,7,1,1,1,1,1,0,0,0,0.00875,0.00875,1,7,7,NA,NA,NA,NA,NA,NA,NA,NA,NA,NA,NA,NA,"G5"
"21","San Diego State","fbs","Mountain West",2015,3139921,"Christian Chapman",35,3,12,11.6666666666667,4.0543312182385,0.115838034806814,1.35144373941283,284,8.11428571428571,94.6666666666667,0.285714285714286,19,35,0.542857142857143,1,0,0,0,0.118333333333333,0.0591666666666667,35,284,8.11428571428571,NA,NA,NA,NA,NA,NA,NA,NA,NA,NA,NA,NA,"G5"
"21","San Diego State","fbs","Mountain West",2015,3139946,"Mikah Holder",1,1,12,1,3.76247972265968,3.76247972265968,3.76247972265968,18,18,18,1,1,1,1,1,0,0,0,0.0225,0.0225,1,18,18,NA,NA,NA,NA,NA,NA,NA,NA,NA,NA,NA,NA,"G5"
"2116","UCF","fbs","American Athletic",2015,531755,"Nick Patti",5,3,11,1.66666666666667,1.90359424221922,0.380718848443843,0.634531414073072,25,5,8.33333333333333,0.4,4,5,0.8,0,0,0,0,0,0,5,25,5,NA,NA,NA,NA,NA,NA,NA,NA,NA,NA,NA,NA,"G5"
"2116","UCF","fbs","American Athletic",2015,551184,"Justin Holman",235,9,11,26.1111111111111,-4.34912932863835,-0.0185069333133547,-0.483236592070928,1319,5.61276595744681,146.555555555556,0.382978723404255,125,235,0.531914893617021,6,0,0,0,0.314047619047619,0.146555555555556,235,1319,5.61276595744681,110,111,110,102,104,101,107,103,101,107,101,102,"G5"
"2116","UCF","fbs","American Athletic",2015,3126304,"Tyler Harris",44,4,11,11,12.753753796215,0.289858040823067,3.18843844905374,282,6.40909090909091,70.5,0.340909090909091,19,44,0.431818181818182,4,0,0,0,0.141,0.088125,44,282,6.40909090909091,NA,NA,NA,NA,NA,NA,NA,NA,NA,NA,NA,NA,"G5"
"2116","UCF","fbs","American Athletic",2015,3929050,"Bo Schneider",88,4,11,22,-11.0956639614972,-0.126087090471559,-2.77391599037431,471,5.35227272727273,117.75,0.443181818181818,47,88,0.534090909090909,2,0,0,0,0.19625,0.098125,88,471,5.35227272727273,NA,NA,NA,NA,NA,NA,NA,NA,NA,NA,NA,NA,"G5"
"2117","Central Michigan","fbs","Mid-American",2015,512963,"Jesse Kroll",3,3,10,1,2.7548644835601,0.9182881611867,0.9182881611867,57,19,19,0.666666666666667,2,3,0.666666666666667,0,0,0,0,0,0,3,57,19,NA,NA,NA,NA,NA,NA,NA,NA,NA,NA,NA,NA,"G5"
"2117","Central Michigan","fbs","Mid-American",2015,531455,"Cooper Rush",379,10,10,37.9,149.643391899116,0.394837445644106,14.9643391899116,3013,7.94986807387863,301.3,0.488126649076517,262,379,0.691292875989446,20,0,0,0,0.717380952380952,0.502166666666667,379,3013,7.94986807387863,7,5,16,25,7,17,30,12,17,30,11,9,"G5"
"2117","Central Michigan","fbs","Mid-American",2015,531458,"Martez Walker",1,1,10,1,-0.960343234484225,-0.960343234484225,-0.960343234484225,0,0,0,0,0,1,0,0,0,0,0,0,0,1,0,0,NA,NA,NA,NA,NA,NA,NA,NA,NA,NA,NA,NA,"G5"
"2117","Central Michigan","fbs","Mid-American",2015,546533,"Corey Willis",1,1,10,1,4.19320785359535,4.19320785359535,4.19320785359535,21,21,21,1,1,1,1,1,0,0,0,0.02625,0.02625,1,21,21,NA,NA,NA,NA,NA,NA,NA,NA,NA,NA,NA,NA,"G5"
"213","Penn State","fbs","Big Ten",2015,535602,"Geno Lewis",2,2,12,1,0.537087042391819,0.26854352119591,0.26854352119591,6,3,3,0.5,1,2,0.5,1,0,0,0,0.00375,0.0025,2,6,3,NA,NA,NA,NA,NA,NA,NA,NA,NA,NA,NA,NA,"P5"
"213","Penn State","fbs","Big Ten",2015,552329,"Christian Hackenberg",337,12,12,28.0833333333333,37.120346654726,0.110149396601561,3.09336222122717,2361,7.00593471810089,196.75,0.385756676557863,181,337,0.537091988130564,14,0,0,0,0.459083333333333,0.264855769230769,337,2361,7.00593471810089,82,93,96,100,103,42,75,63,42,75,59,61,"P5"
"213","Penn State","fbs","Big Ten",2015,552330,"DaeSean Hamilton",2,2,12,1,5.42404290538811,2.71202145269406,2.71202145269406,40,20,20,1,2,2,1,2,0,0,0,0.0333333333333333,0.025,2,40,20,NA,NA,NA,NA,NA,NA,NA,NA,NA,NA,NA,NA,"P5"
"213","Penn State","fbs","Big Ten",2015,3116165,"Chris Godwin",2,2,12,1,6.91143961865621,3.45571980932811,3.45571980932811,10,5,5,1,2,2,1,2,0,0,0,0.00833333333333333,0.00625,2,10,5,NA,NA,NA,NA,NA,NA,NA,NA,NA,NA,NA,NA,"P5"
"213","Penn State","fbs","Big Ten",2015,3116172,"Trace McSorley",13,4,12,3.25,-8.21827570273414,-0.632175054056473,-2.05456892568354,43,3.30769230769231,10.75,0.384615384615385,6,13,0.461538461538462,0,0,0,0,0,0,13,43,3.30769230769231,NA,NA,NA,NA,NA,NA,NA,NA,NA,NA,NA,NA,"P5"
"213","Penn State","fbs","Big Ten",2015,3116179,"Nick Scott",1,1,12,1,1.13695369547234,1.13695369547234,1.13695369547234,32,32,32,1,1,1,1,0,0,0,0,0,0,1,32,32,NA,NA,NA,NA,NA,NA,NA,NA,NA,NA,NA,NA,"P5"
"2132","Cincinnati","fbs","American Athletic",2015,512073,"Chris Moore",2,2,11,1,8.71668952131795,4.35834476065898,4.35834476065898,70,35,35,1,2,2,1,2,0,0,0,0.0583333333333333,0.04375,2,70,35,NA,NA,NA,NA,NA,NA,NA,NA,NA,NA,NA,NA,"G5"
"2132","Cincinnati","fbs","American Athletic",2015,512074,"Max Morrison",1,1,11,1,-0.905284101308347,-0.905284101308347,-0.905284101308347,0,0,0,0,0,1,0,0,0,0,0,0,0,1,0,0,NA,NA,NA,NA,NA,NA,NA,NA,NA,NA,NA,NA,"G5"
"2132","Cincinnati","fbs","American Athletic",2015,512086,"Shaq Washington",2,1,11,2,4.633136668155,2.3165683340775,4.633136668155,18,9,18,1,2,2,1,2,0,0,0,0.03,0.03,2,18,9,NA,NA,NA,NA,NA,NA,NA,NA,NA,NA,NA,NA,"G5"
"2132","Cincinnati","fbs","American Athletic",2015,534259,"Gunner Kiel",278,9,11,30.8888888888889,117.297070844457,0.421931909512437,13.0330078716064,2370,8.52517985611511,263.333333333333,0.525179856115108,183,278,0.658273381294964,12,0,0,0,0.607692307692308,0.376190476190476,278,2370,8.52517985611511,18,10,9,6,21,41,19,21,41,19,21,26,"G5"
"2132","Cincinnati","fbs","American Athletic",2015,535724,"DJ Dowdy",2,2,11,1,4.66990068581921,2.3349503429096,2.3349503429096,16,8,8,1,2,2,1,2,0,0,0,0.0133333333333333,0.01,2,16,8,NA,NA,NA,NA,NA,NA,NA,NA,NA,NA,NA,NA,"G5"
"2132","Cincinnati","fbs","American Athletic",2015,535884,"Mekale McKay",1,1,11,1,2.04297699922124,2.04297699922124,2.04297699922124,11,11,11,1,1,1,1,1,0,0,0,0.01375,0.01375,1,11,11,NA,NA,NA,NA,NA,NA,NA,NA,NA,NA,NA,NA,"G5"
"2132","Cincinnati","fbs","American Athletic",2015,552212,"Tyler Cogswell",1,1,11,1,2.21046033871828,2.21046033871828,2.21046033871828,7,7,7,1,1,1,1,1,0,0,0,0.00875,0.00875,1,7,7,NA,NA,NA,NA,NA,NA,NA,NA,NA,NA,NA,NA,"G5"
"2132","Cincinnati","fbs","American Athletic",2015,552223,"Johnny Holton",2,1,11,2,10.6120470068218,5.30602350341088,10.6120470068218,137,68.5,137,1,2,2,1,2,0,0,0,0.228333333333333,0.228333333333333,2,137,68.5,NA,NA,NA,NA,NA,NA,NA,NA,NA,NA,NA,NA,"G5"
"2132","Cincinnati","fbs","American Athletic",2015,3125813,"Hayden Moore",169,6,11,28.1666666666667,64.4942042565506,0.381622510393791,10.7490340427584,1485,8.78698224852071,247.5,0.514792899408284,102,169,0.603550295857988,4,0,0,0,0.495,0.2475,169,1485,8.78698224852071,55,21,18,11,64,90,14,28,90,14,46,68,"G5"
"2132","Cincinnati","fbs","American Athletic",2015,3139059,"Luke Wright",1,1,11,1,0.73872055931989,0.73872055931989,0.73872055931989,16,16,16,1,1,1,1,0,0,0,0,0,0,1,16,16,NA,NA,NA,NA,NA,NA,NA,NA,NA,NA,NA,NA,"G5"
"218","Temple","fbs","American Athletic",2015,513410,"John Christopher",3,3,13,1,0.154822709059998,0.0516075696866659,0.0516075696866659,25,8.33333333333333,8.33333333333333,0.333333333333333,1,3,0.333333333333333,0,0,0,0,0,0,3,25,8.33333333333333,NA,NA,NA,NA,NA,NA,NA,NA,NA,NA,NA,NA,"G5"
"218","Temple","fbs","American Athletic",2015,534276,"Romond Deloatch",1,1,13,1,1.85094599301791,1.85094599301791,1.85094599301791,6,6,6,1,1,1,1,1,0,0,0,0.0075,0.0075,1,6,6,NA,NA,NA,NA,NA,NA,NA,NA,NA,NA,NA,NA,"G5"
"218","Temple","fbs","American Athletic",2015,534342,"Brandon Shippen",1,1,13,1,3.64939653049715,3.64939653049715,3.64939653049715,12,12,12,1,1,1,1,1,0,0,0,0.015,0.015,1,12,12,NA,NA,NA,NA,NA,NA,NA,NA,NA,NA,NA,NA,"G5"
"218","Temple","fbs","American Athletic",2015,549759,"P.J. Walker",381,13,13,29.3076923076923,81.3620811060613,0.213548769307247,6.25862162354318,2718,7.13385826771654,209.076923076923,0.417322834645669,220,381,0.57742782152231,17,0,0,0,0.493653846153846,0.296192307692308,381,2718,7.13385826771654,42,58,61,85,81,27,70,52,27,70,47,51,"G5"
"218","Temple","fbs","American Athletic",2015,3138735,"Frank Nutile",3,1,13,3,7.04417228252549,2.3480574275085,7.04417228252549,40,13.3333333333333,40,1,3,3,1,1,0,0,0,0.05,0.05,3,40,13.3333333333333,NA,NA,NA,NA,NA,NA,NA,NA,NA,NA,NA,NA,"G5"
"2199","Eastern Michigan","fbs","Mid-American",2015,531575,"Dustin Creel",1,1,12,1,2.44340456113524,2.44340456113524,2.44340456113524,12,12,12,1,1,1,1,1,0,0,0,0.015,0.015,1,12,12,NA,NA,NA,NA,NA,NA,NA,NA,NA,NA,NA,NA,"G5"
"2199","Eastern Michigan","fbs","Mid-American",2015,536230,"Cody Tuttle",1,1,12,1,2.94941380094386,2.94941380094386,2.94941380094386,48,48,48,1,1,1,1,0,0,0,0,0,0,1,48,48,NA,NA,NA,NA,NA,NA,NA,NA,NA,NA,NA,NA,"G5"
"2199","Eastern Michigan","fbs","Mid-American",2015,552782,"Brogan Roback",333,12,12,27.75,79.4680889671442,0.238642909811244,6.62234074726202,2263,6.7957957957958,188.583333333333,0.447447447447447,209,333,0.627627627627628,15,0,0,0,0.4419921875,0.261921296296296,333,2263,6.7957957957958,43,54,54,63,41,48,86,71,48,86,64,64,"G5"
"2199","Eastern Michigan","fbs","Mid-American",2015,3125823,"Reginald Bell",56,4,12,14,16.0759551201841,0.287070627146144,4.01898878004601,312,5.57142857142857,78,0.446428571428571,35,56,0.625,2,0,0,0,0.13,0.065,56,312,5.57142857142857,NA,NA,NA,NA,NA,NA,NA,NA,NA,NA,NA,NA,"G5"
"2199","Eastern Michigan","fbs","Mid-American",2015,3125833,"Shaq Vann",2,2,12,1,-2.5029525832682,-1.2514762916341,-1.2514762916341,-4,-2,-2,0,2,2,1,0,0,0,0,0,0,2,-4,-2,NA,NA,NA,NA,NA,NA,NA,NA,NA,NA,NA,NA,"G5"
"2199","Eastern Michigan","fbs","Mid-American",2015,3916651,"Eddie Daugherty",1,1,12,1,-0.694222816351269,-0.694222816351269,-0.694222816351269,0,0,0,0,0,1,0,0,0,0,0,0,0,1,0,0,NA,NA,NA,NA,NA,NA,NA,NA,NA,NA,NA,NA,"G5"
"221","Pittsburgh","fbs","ACC",2015,530441,"J.P. Holtz",1,1,11,1,2.3688904596165,2.3688904596165,2.3688904596165,23,23,23,1,1,1,1,1,0,0,0,0.02875,0.02875,1,23,23,NA,NA,NA,NA,NA,NA,NA,NA,NA,NA,NA,NA,"P5"
"221","Pittsburgh","fbs","ACC",2015,530450,"Chad Voytik",11,3,11,3.66666666666667,-2.56162697131797,-0.232875179210724,-0.853875657105989,40,3.63636363636364,13.3333333333333,0.363636363636364,7,11,0.636363636363636,0,0,0,0,0,0,11,40,3.63636363636364,NA,NA,NA,NA,NA,NA,NA,NA,NA,NA,NA,NA,"P5"
"221","Pittsburgh","fbs","ACC",2015,532065,"Nathan Peterman",283,11,11,25.7272727272727,93.3803068583494,0.329965748616076,8.48911880530449,2053,7.25441696113074,186.636363636364,0.459363957597173,177,283,0.625441696113074,18,0,0,0,0.442033492822967,0.289608150470219,283,2053,7.25441696113074,33,37,25,47,46,58,64,76,58,64,63,52,"P5"
"221","Pittsburgh","fbs","ACC",2015,546650,"Tyler Boyd",3,3,11,1,3.38140051528247,1.12713350509416,1.12713350509416,67,22.3333333333333,22.3333333333333,0.666666666666667,2,3,0.666666666666667,0,0,0,0,0,0,3,67,22.3333333333333,NA,NA,NA,NA,NA,NA,NA,NA,NA,NA,NA,NA,"P5"
"221","Pittsburgh","fbs","ACC",2015,546672,"Ryan Winslow",1,1,11,1,2.83714460955885,2.83714460955885,2.83714460955885,12,12,12,1,1,1,1,0,0,0,0,0,0,1,12,12,NA,NA,NA,NA,NA,NA,NA,NA,NA,NA,NA,NA,"P5"
"2226","Florida Atlantic","fbs","Conference USA",2015,530328,"Tyler Cameron",1,1,12,1,-3.1587602954287,-3.1587602954287,-3.1587602954287,0,0,0,0,0,1,0,0,0,0,0,0,0,1,0,0,NA,NA,NA,NA,NA,NA,NA,NA,NA,NA,NA,NA,"G5"
"2226","Florida Atlantic","fbs","Conference USA",2015,550876,"Jaquez Johnson",223,10,12,22.3,33.433605227353,0.149926480840148,3.3433605227353,1583,7.09865470852018,158.3,0.412556053811659,123,223,0.551569506726457,6,0,0,0,0.339214285714286,0.14840625,223,1583,7.09865470852018,87,89,86,88,95,87,71,96,87,71,97,101,"G5"
"2226","Florida Atlantic","fbs","Conference USA",2015,550896,"Kalib Woods",1,1,12,1,3.50221620703027,3.50221620703027,3.50221620703027,10,10,10,1,1,1,1,1,0,0,0,0.0125,0.0125,1,10,10,NA,NA,NA,NA,NA,NA,NA,NA,NA,NA,NA,NA,"G5"
"2226","Florida Atlantic","fbs","Conference USA",2015,3122713,"Jason Driskel",147,9,12,16.3333333333333,12.5048433012686,0.0850669612331199,1.38942703347429,965,6.56462585034014,107.222222222222,0.428571428571429,77,147,0.523809523809524,3,0,0,0,0.201041666666667,0.0670138888888889,147,965,6.56462585034014,NA,NA,NA,NA,NA,NA,NA,NA,NA,NA,NA,NA,"G5"
"2226","Florida Atlantic","fbs","Conference USA",2015,3122732,"Nate Terry",2,2,12,1,6.18464384898953,3.09232192449477,3.09232192449477,22,11,11,1,2,2,1,2,0,0,0,0.0183333333333333,0.01375,2,22,11,NA,NA,NA,NA,NA,NA,NA,NA,NA,NA,NA,NA,"G5"
"2229","Florida International","fbs","Conference USA",2015,519055,"Trey Anderson",16,3,10,5.33333333333333,-5.30666294791173,-0.331666434244483,-1.76888764930391,53,3.3125,17.6666666666667,0.25,4,16,0.25,0,0,0,0,0,0,16,53,3.3125,NA,NA,NA,NA,NA,NA,NA,NA,NA,NA,NA,NA,"G5"
"2229","Florida International","fbs","Conference USA",2015,519984,"Ya'Keem Griner",1,1,10,1,2.13632613406032,2.13632613406032,2.13632613406032,3,3,3,1,1,1,1,1,0,0,0,0.00375,0.00375,1,3,3,NA,NA,NA,NA,NA,NA,NA,NA,NA,NA,NA,NA,"G5"
"2229","Florida International","fbs","Conference USA",2015,551272,"Shug Oyegunle",1,1,10,1,5.49044273078078,5.49044273078078,5.49044273078078,79,79,79,1,1,1,1,1,0,0,0,0.09875,0.09875,1,79,79,NA,NA,NA,NA,NA,NA,NA,NA,NA,NA,NA,NA,"G5"
"2229","Florida International","fbs","Conference USA",2015,3128843,"Alex McGough",348,10,10,34.8,65.979913418153,0.189597452351014,6.5979913418153,2379,6.83620689655172,237.9,0.436781609195402,230,348,0.660919540229885,17,0,0,0,0.561708333333333,0.374472222222222,348,2379,6.83620689655172,54,55,72,71,20,40,82,36,40,82,32,27,"G5"
"2247","Georgia State","fbs","Sun Belt",2015,537855,"Wil Lutz",1,1,11,1,-3.0084476209364,-3.0084476209364,-3.0084476209364,-1,-1,-1,0,1,1,1,0,0,0,0,0,0,1,-1,-1,NA,NA,NA,NA,NA,NA,NA,NA,NA,NA,NA,NA,"G5"
"2247","Georgia State","fbs","Sun Belt",2015,545837,"Robert Davis",1,1,11,1,7.71733266723559,7.71733266723559,7.71733266723559,75,75,75,1,1,1,1,1,0,0,0,0.09375,0.09375,1,75,75,NA,NA,NA,NA,NA,NA,NA,NA,NA,NA,NA,NA,"G5"
"2247","Georgia State","fbs","Sun Belt",2015,545846,"Keith Rucker",1,1,11,1,1.74701355444745,1.74701355444745,1.74701355444745,6,6,6,1,1,1,1,1,0,0,0,0.0075,0.0075,1,6,6,NA,NA,NA,NA,NA,NA,NA,NA,NA,NA,NA,NA,"G5"
"2247","Georgia State","fbs","Sun Belt",2015,3124848,"Nick Arbuckle",412,11,11,37.4545454545455,186.107538112319,0.451717325515337,16.9188671011199,3664,8.89320388349515,333.090909090909,0.492718446601942,270,412,0.655339805825243,20,0,0,0,0.793073593073593,0.537243401759531,412,3664,8.89320388349515,3,2,6,21,24,6,9,4,6,9,4,6,"G5"
"2247","Georgia State","fbs","Sun Belt",2015,3124850,"Emiere Scaife",8,3,11,2.66666666666667,-8.36537876019906,-1.04567234502488,-2.78845958673302,0,0,0,0,0,8,0,0,0,0,0,0,0,8,0,0,NA,NA,NA,NA,NA,NA,NA,NA,NA,NA,NA,NA,"G5"
"2247","Georgia State","fbs","Sun Belt",2015,3128537,"Todd Boyd",1,1,11,1,3.4990696949851,3.4990696949851,3.4990696949851,14,14,14,1,1,1,1,1,0,0,0,0.0175,0.0175,1,14,14,NA,NA,NA,NA,NA,NA,NA,NA,NA,NA,NA,NA,"G5"
"2247","Georgia State","fbs","Sun Belt",2015,3917546,"Penny Hart",1,1,11,1,-0.782761847543234,-0.782761847543234,-0.782761847543234,0,0,0,0,0,1,0,0,0,0,0,0,0,1,0,0,NA,NA,NA,NA,NA,NA,NA,NA,NA,NA,NA,NA,"G5"
"228","Clemson","fbs","ACC",2015,511213,"Charone Peake",3,2,12,1.5,9.67557477133488,3.22519159044496,4.83778738566744,87,29,43.5,1,3,3,1,3,0,0,0,0.0815625,0.06525,3,87,29,NA,NA,NA,NA,NA,NA,NA,NA,NA,NA,NA,NA,"P5"
"228","Clemson","fbs","ACC",2015,537012,"Nick Schuessler",11,4,12,2.75,0.310540013166446,0.0282309102878587,0.0776350032916115,79,7.18181818181818,19.75,0.181818181818182,4,11,0.363636363636364,0,0,0,0,0,0,11,79,7.18181818181818,NA,NA,NA,NA,NA,NA,NA,NA,NA,NA,NA,NA,"P5"
"228","Clemson","fbs","ACC",2015,546633,"Wayne Gallman",1,1,12,1,3.02903880185175,3.02903880185175,3.02903880185175,16,16,16,1,1,1,1,1,0,0,0,0.02,0.02,1,16,16,NA,NA,NA,NA,NA,NA,NA,NA,NA,NA,NA,NA,"P5"
"228","Clemson","fbs","ACC",2015,546645,"Andy Teasdall",1,1,12,1,-2.50766993952315,-2.50766993952315,-2.50766993952315,-1,-1,-1,0,1,1,1,0,0,0,0,0,0,1,-1,-1,NA,NA,NA,NA,NA,NA,NA,NA,NA,NA,NA,NA,"P5"
"228","Clemson","fbs","ACC",2015,546740,"Jordan Leggett",1,1,12,1,1.72510924635871,1.72510924635871,1.72510924635871,1,1,1,1,1,1,1,1,0,0,0,0.00125,0.00125,1,1,1,NA,NA,NA,NA,NA,NA,NA,NA,NA,NA,NA,NA,"P5"
"228","Clemson","fbs","ACC",2015,3122839,"Artavis Scott",2,2,12,1,5.50542985708147,2.75271492854074,2.75271492854074,76,38,38,1,2,2,1,2,0,0,0,0.0633333333333333,0.0475,2,76,38,NA,NA,NA,NA,NA,NA,NA,NA,NA,NA,NA,NA,"P5"
"228","Clemson","fbs","ACC",2015,3122840,"Deshaun Watson",370,12,12,30.8333333333333,110.939076252943,0.29983534122417,9.24492302107858,3007,8.12702702702703,250.583333333333,0.537837837837838,259,370,0.7,19,0,0,0,0.595135416666667,0.383958333333333,370,3007,8.12702702702703,25,30,33,3,4,18,28,25,18,28,22,24,"P5"
"228","Clemson","fbs","ACC",2015,3728240,"Kelly Bryant",4,3,12,1.33333333333333,-1.11209114002246,-0.278022785005616,-0.370697046674154,8,2,2.66666666666667,0.25,4,4,1,0,0,0,0,0,0,4,8,2,NA,NA,NA,NA,NA,NA,NA,NA,NA,NA,NA,NA,"P5"
"228","Clemson","fbs","ACC",2015,3728254,"Deon Cain",3,3,12,1,9.59647464295987,3.19882488098662,3.19882488098662,113,37.6666666666667,37.6666666666667,1,3,3,1,2,0,0,0,0.0627777777777778,0.0376666666666667,3,113,37.6666666666667,NA,NA,NA,NA,NA,NA,NA,NA,NA,NA,NA,NA,"P5"
"2294","Iowa","fbs","Big Ten",2015,518391,"Jordan Canzeri",1,1,12,1,3.2799692591159,3.2799692591159,3.2799692591159,17,17,17,1,1,1,1,1,0,0,0,0.02125,0.02125,1,17,17,NA,NA,NA,NA,NA,NA,NA,NA,NA,NA,NA,NA,"P5"
"2294","Iowa","fbs","Big Ten",2015,535831,"Tevaun Smith",1,1,12,1,1.05902400730387,1.05902400730387,1.05902400730387,21,21,21,1,1,1,1,0,0,0,0,0,0,1,21,21,NA,NA,NA,NA,NA,NA,NA,NA,NA,NA,NA,NA,"P5"
"2294","Iowa","fbs","Big Ten",2015,535844,"C.J. Beathard",297,12,12,24.75,71.5711597979816,0.24098033602014,5.96426331649846,2288,7.7037037037037,190.666666666667,0.420875420875421,183,297,0.616161616161616,9,0,0,0,0.429,0.204285714285714,297,2288,7.7037037037037,48,62,53,82,57,46,42,67,46,42,75,83,"P5"
"2294","Iowa","fbs","Big Ten",2015,545428,"George Kittle",3,3,12,1,5.04352992272169,1.68117664090723,1.68117664090723,32,10.6666666666667,10.6666666666667,1,3,3,1,3,0,0,0,0.02,0.0133333333333333,3,32,10.6666666666667,NA,NA,NA,NA,NA,NA,NA,NA,NA,NA,NA,NA,"P5"
"2294","Iowa","fbs","Big Ten",2015,554889,"Matt VandeBerg",1,1,12,1,3.15274545904945,3.15274545904945,3.15274545904945,3,3,3,0,1,1,1,1,0,0,0,0.00375,0.00375,1,3,3,NA,NA,NA,NA,NA,NA,NA,NA,NA,NA,NA,NA,"P5"
"2294","Iowa","fbs","Big Ten",2015,3144983,"Tyler Wiegers",3,2,12,1.5,-0.661122037577084,-0.220374012525695,-0.330561018788542,22,7.33333333333333,11,0.333333333333333,2,3,0.666666666666667,0,0,0,0,0,0,3,22,7.33333333333333,NA,NA,NA,NA,NA,NA,NA,NA,NA,NA,NA,NA,"P5"
"23","San José State","fbs","Mountain West",2015,512675,"Joe Gray",81,5,11,16.2,19.5719966538577,0.241629588319231,3.91439933077155,590,7.28395061728395,118,0.506172839506173,57,81,0.703703703703704,5,0,0,0,0.245833333333333,0.1475,81,590,7.28395061728395,NA,NA,NA,NA,NA,NA,NA,NA,NA,NA,NA,NA,"G5"
"23","San José State","fbs","Mountain West",2015,536355,"Tim Crawley",1,1,11,1,-0.849967785687771,-0.849967785687771,-0.849967785687771,0,0,0,0,0,1,0,0,0,0,0,0,0,1,0,0,NA,NA,NA,NA,NA,NA,NA,NA,NA,NA,NA,NA,"G5"
"23","San José State","fbs","Mountain West",2015,546413,"Hansell Wilson",1,1,11,1,2.69674646553566,2.69674646553566,2.69674646553566,13,13,13,1,1,1,1,1,0,0,0,0.01625,0.01625,1,13,13,NA,NA,NA,NA,NA,NA,NA,NA,NA,NA,NA,NA,"G5"
"23","San José State","fbs","Mountain West",2015,3125304,"Malik Watson",13,1,11,13,-1.77287988588963,-0.136375375837664,-1.77287988588963,57,4.38461538461539,57,0.307692307692308,8,13,0.615384615384615,0,0,0,0,0,0,13,57,4.38461538461539,NA,NA,NA,NA,NA,NA,NA,NA,NA,NA,NA,NA,"G5"
"23","San José State","fbs","Mountain West",2015,3914864,"Kenny Potter",229,9,11,25.4444444444444,86.6797887145136,0.378514361198749,9.63108763494595,1711,7.47161572052402,190.111111111111,0.475982532751092,157,229,0.685589519650655,13,0,0,0,0.441329365079365,0.28084595959596,229,1711,7.47161572052402,36,27,19,33,8,75,53,68,75,53,66,58,"G5"
"2305","Kansas","fbs","Big 12",2015,545417,"Montell Cozart",66,3,11,22,16.123035810755,0.244288421375075,5.37434527025166,456,6.90909090909091,152,0.5,40,66,0.606060606060606,1,0,0,0,0.19,0.095,66,456,6.90909090909091,NA,NA,NA,NA,NA,NA,NA,NA,NA,NA,NA,NA,"P5"
"2305","Kansas","fbs","Big 12",2015,3133358,"Darious Crawley",1,1,11,1,4.83203583121638,4.83203583121638,4.83203583121638,19,19,19,1,1,1,1,1,0,0,0,0.02375,0.02375,1,19,19,NA,NA,NA,NA,NA,NA,NA,NA,NA,NA,NA,NA,"P5"
"2305","Kansas","fbs","Big 12",2015,3133377,"Shakiem Barbel",1,1,11,1,2.82941663925432,2.82941663925432,2.82941663925432,0,0,0,0,1,1,1,1,0,0,0,0,0,1,0,0,NA,NA,NA,NA,NA,NA,NA,NA,NA,NA,NA,NA,"P5"
"2305","Kansas","fbs","Big 12",2015,3139381,"Keaton Perry",4,1,11,4,-3.4252504829038,-0.85631262072595,-3.4252504829038,1,0.25,1,0,1,4,0.25,0,0,0,0,0,0,4,1,0.25,NA,NA,NA,NA,NA,NA,NA,NA,NA,NA,NA,NA,"P5"
"2305","Kansas","fbs","Big 12",2015,3917958,"Ryan Willis",299,9,11,33.2222222222222,9.04879825830101,0.0302635393254214,1.00542202870011,1619,5.41471571906354,179.888888888889,0.364548494983278,159,299,0.531772575250836,7,0,0,0,0.393506944444444,0.196753472222222,299,1619,5.41471571906354,107,107,107,110,105,83,110,80,83,110,85,87,"P5"
"2305","Kansas","fbs","Big 12",2015,3917960,"Steven Sims Jr.",2,2,11,1,3.89236879766929,1.94618439883465,1.94618439883465,33,16.5,16.5,0.5,1,2,0.5,1,0,0,0,0.020625,0.01375,2,33,16.5,NA,NA,NA,NA,NA,NA,NA,NA,NA,NA,NA,NA,"P5"
"2305","Kansas","fbs","Big 12",2015,3928970,"Deondre Ford",22,2,11,11,0.689965155320664,0.0313620525145756,0.344982577660332,132,6,66,0.409090909090909,11,22,0.5,0,0,0,0,0,0,22,132,6,NA,NA,NA,NA,NA,NA,NA,NA,NA,NA,NA,NA,"P5"
"2306","Kansas State","fbs","Big 12",2015,517248,"Joe Hubener",243,11,11,22.0909090909091,17.7296713210335,0.0729616103746233,1.61178830191213,1627,6.69547325102881,147.909090909091,0.382716049382716,119,243,0.489711934156379,5,0,0,0,0.308143939393939,0.115553977272727,243,1627,6.69547325102881,103,103,100,103,114,82,90,101,82,90,102,109,"P5"
"2306","Kansas State","fbs","Big 12",2015,534613,"Glenn Gronkowski",2,1,11,2,0.941768318136195,0.470884159068097,0.941768318136195,4,2,4,0.5,1,2,0.5,1,0,0,0,0.005,0.005,2,4,2,NA,NA,NA,NA,NA,NA,NA,NA,NA,NA,NA,NA,"P5"
"2306","Kansas State","fbs","Big 12",2015,550597,"Kody Cook",39,6,11,6.5,9.51082245468536,0.24386724242783,1.58513707578089,284,7.28205128205128,47.3333333333333,0.384615384615385,18,39,0.461538461538462,3,0,0,0,0.08875,0.0394444444444444,39,284,7.28205128205128,NA,NA,NA,NA,NA,NA,NA,NA,NA,NA,NA,NA,"P5"
"2306","Kansas State","fbs","Big 12",2015,3125059,"Zach Davidson",1,1,11,1,-1.1754118110767,-1.1754118110767,-1.1754118110767,0,0,0,0,0,1,0,0,0,0,0,0,0,1,0,0,NA,NA,NA,NA,NA,NA,NA,NA,NA,NA,NA,NA,"P5"
"2309","Kent State","fbs","Mid-American",2015,531864,"Colin Reardon",126,6,9,21,-44.3502166650403,-0.351985846547939,-7.39170277750672,617,4.8968253968254,102.833333333333,0.246031746031746,55,126,0.436507936507937,2,0,0,0,0.171388888888889,0.0642708333333333,126,617,4.8968253968254,118,119,119,119,118,119,117,119,119,117,118,118,"G5"
"2309","Kent State","fbs","Mid-American",2015,3125858,"George Bollas",120,6,9,20,-21.5580404848415,-0.179650337373679,-3.59300674747359,566,4.71666666666667,94.3333333333333,0.308333333333333,72,120,0.6,1,0,0,0,0.117916666666667,0.0336904761904762,120,566,4.71666666666667,NA,NA,NA,NA,NA,NA,NA,NA,NA,NA,NA,NA,"G5"
"2348","Louisiana Tech","fbs","Conference USA",2015,511889,"Jeff Driskel",374,11,11,34,112.40888071931,0.300558504597085,10.2189891563009,3133,8.37700534759358,284.818181818182,0.494652406417112,235,374,0.628342245989305,16,0,0,0,0.670160427807487,0.421952861952862,374,3133,8.37700534759358,23,23,32,20,39,13,21,14,13,21,16,18,"G5"
"2348","Louisiana Tech","fbs","Conference USA",2015,531310,"Kenneth Dixon",1,1,11,1,2.91010790932583,2.91010790932583,2.91010790932583,35,35,35,1,1,1,1,1,0,0,0,0.04375,0.04375,1,35,35,NA,NA,NA,NA,NA,NA,NA,NA,NA,NA,NA,NA,"G5"
"2348","Louisiana Tech","fbs","Conference USA",2015,531316,"Ryan Higgins",13,4,11,3.25,2.72537059162338,0.209643891663337,0.681342647905845,62,4.76923076923077,15.5,0.461538461538462,7,13,0.538461538461538,0,0,0,0,0,0,13,62,4.76923076923077,NA,NA,NA,NA,NA,NA,NA,NA,NA,NA,NA,NA,"G5"
"2348","Louisiana Tech","fbs","Conference USA",2015,545669,"Carlos Henderson",2,2,11,1,9.18235167423621,4.59117583711811,4.59117583711811,109,54.5,54.5,1,2,2,1,2,0,0,0,0.0908333333333333,0.068125,2,109,54.5,NA,NA,NA,NA,NA,NA,NA,NA,NA,NA,NA,NA,"G5"
"2348","Louisiana Tech","fbs","Conference USA",2015,545677,"Trent Taylor",1,1,11,1,-0.674390511685019,-0.674390511685019,-0.674390511685019,0,0,0,0,0,1,0,0,0,0,0,0,0,1,0,0,NA,NA,NA,NA,NA,NA,NA,NA,NA,NA,NA,NA,"G5"
"235","Memphis","fbs","American Athletic",2015,518910,"Tevin Jones",1,1,11,1,5.23365273778233,5.23365273778233,5.23365273778233,58,58,58,1,1,1,1,1,0,0,0,0.0725,0.0725,1,58,58,NA,NA,NA,NA,NA,NA,NA,NA,NA,NA,NA,NA,"G5"
"235","Memphis","fbs","American Athletic",2015,534849,"Paxton Lynch",389,11,11,35.3636363636364,171.435431140443,0.440708049204224,15.5850391945858,3529,9.0719794344473,320.818181818182,0.51413881748072,270,389,0.694087403598972,26,0,0,0,0.772340067340067,0.563599508599509,389,3529,9.0719794344473,6,4,7,12,6,7,5,6,7,5,6,5,"G5"
"235","Memphis","fbs","American Athletic",2015,3126207,"Clay Holgorsen",11,3,11,3.66666666666667,-1.73082042904636,-0.157347311731487,-0.576940143015454,95,8.63636363636364,31.6666666666667,0.454545454545455,7,11,0.636363636363636,0,0,0,0,0,0,11,95,8.63636363636364,NA,NA,NA,NA,NA,NA,NA,NA,NA,NA,NA,NA,"G5"
"235","Memphis","fbs","American Athletic",2015,3126227,"Phil Mayhue",1,1,11,1,-0.600412659843715,-0.600412659843715,-0.600412659843715,0,0,0,0,0,1,0,0,0,0,0,0,0,1,0,0,NA,NA,NA,NA,NA,NA,NA,NA,NA,NA,NA,NA,"G5"
"238","Vanderbilt","fbs","SEC",2015,546184,"Johnny McCrary",221,9,11,24.5555555555556,-7.07347396583636,-0.0320066695286713,-0.785941551759595,1157,5.23529411764706,128.555555555556,0.402714932126697,117,221,0.529411764705882,3,0,0,0,0.241041666666667,0.0803472222222222,221,1157,5.23529411764706,112,112,112,90,107,112,113,111,112,113,115,116,"P5"
"238","Vanderbilt","fbs","SEC",2015,3122167,"Caleb Scott",1,1,11,1,2.91963761906413,2.91963761906413,2.91963761906413,4,4,4,1,1,1,1,1,0,0,0,0.005,0.005,1,4,4,NA,NA,NA,NA,NA,NA,NA,NA,NA,NA,NA,NA,"P5"
"238","Vanderbilt","fbs","SEC",2015,3915776,"Kyle Shurmur",100,5,11,20,-9.51411212746298,-0.0951411212746298,-1.9028224254926,503,5.03,100.6,0.32,44,100,0.44,5,0,0,0,0.209583333333333,0.12575,100,503,5.03,NA,NA,NA,NA,NA,NA,NA,NA,NA,NA,NA,NA,"P5"
"239","Baylor","fbs","Big 12",2015,530349,"Lynx Hawthorne",20,1,11,20,-4.28422545884185,-0.214211272942092,-4.28422545884185,64,3.2,64,0.45,10,20,0.5,0,0,0,0,0,0,20,64,3.2,NA,NA,NA,NA,NA,NA,NA,NA,NA,NA,NA,NA,"P5"
"239","Baylor","fbs","Big 12",2015,535497,"Corey Coleman",5,3,11,1.66666666666667,19.0716261453317,3.81432522906635,6.35720871511058,121,24.2,40.3333333333333,1,5,5,1,5,0,0,0,0.0840277777777778,0.0630208333333333,5,121,24.2,NA,NA,NA,NA,NA,NA,NA,NA,NA,NA,NA,NA,"P5"
"239","Baylor","fbs","Big 12",2015,535511,"Seth Russell",157,6,11,26.1666666666667,71.112429544161,0.452945411109306,11.8520715906935,1613,10.2738853503185,268.833333333333,0.484076433121019,90,157,0.573248407643312,19,0,0,0,0.638479166666667,0.510783333333333,157,1613,10.2738853503185,49,17,5,28,84,84,1,20,84,1,18,8,"P5"
"239","Baylor","fbs","Big 12",2015,550003,"Johnny Jefferson",1,1,11,1,0,0,0,0,0,0,0,0,1,0,0,0,0,0,0,0,1,0,0,NA,NA,NA,NA,NA,NA,NA,NA,NA,NA,NA,NA,"P5"
"239","Baylor","fbs","Big 12",2015,550004,"Chris Johnson",35,3,11,11.6666666666667,-7.62511124405016,-0.217860321258576,-2.54170374801672,216,6.17142857142857,72,0.314285714285714,14,35,0.4,2,0,0,0,0.12,0.072,35,216,6.17142857142857,NA,NA,NA,NA,NA,NA,NA,NA,NA,NA,NA,NA,"P5"
"239","Baylor","fbs","Big 12",2015,3128348,"KD Cannon",1,1,11,1,4.08220509589476,4.08220509589476,4.08220509589476,28,28,28,1,1,1,1,1,0,0,0,0.035,0.035,1,28,28,NA,NA,NA,NA,NA,NA,NA,NA,NA,NA,NA,NA,"P5"
"239","Baylor","fbs","Big 12",2015,3892775,"Jarrett Stidham",100,9,11,11.1111111111111,67.234489072536,0.67234489072536,7.47049878583734,1095,10.95,121.666666666667,0.59,69,100,0.69,9,0,0,0,0.27375,0.152083333333333,100,1095,10.95,NA,NA,NA,NA,NA,NA,NA,NA,NA,NA,NA,NA,"P5"
"2390","Miami","fbs","ACC",2015,517589,"Rashawn Scott",1,1,11,1,5.1611480977194,5.1611480977194,5.1611480977194,58,58,58,1,1,1,1,1,0,0,0,0.0725,0.0725,1,58,58,NA,NA,NA,NA,NA,NA,NA,NA,NA,NA,NA,NA,"P5"
"2390","Miami","fbs","ACC",2015,530412,"Herb Waters",2,2,11,1,4.51777270597263,2.25888635298631,2.25888635298631,59,29.5,29.5,1,2,2,1,1,0,0,0,0.036875,0.0245833333333333,2,59,29.5,NA,NA,NA,NA,NA,NA,NA,NA,NA,NA,NA,NA,"P5"
"2390","Miami","fbs","ACC",2015,550046,"Stacy Coley",2,2,11,1,7.11842521115626,3.55921260557813,3.55921260557813,48,24,24,1,2,2,1,2,0,0,0,0.04,0.03,2,48,24,NA,NA,NA,NA,NA,NA,NA,NA,NA,NA,NA,NA,"P5"
"2390","Miami","fbs","ACC",2015,3123042,"Joseph Yearby",1,1,11,1,1.29326290813723,1.29326290813723,1.29326290813723,1,1,1,1,1,1,1,1,0,0,0,0.00125,0.00125,1,1,1,NA,NA,NA,NA,NA,NA,NA,NA,NA,NA,NA,NA,"P5"
"2390","Miami","fbs","ACC",2015,3123047,"Malik Rosier",48,3,11,16,2.29805847523092,0.0478762182339774,0.766019491743638,275,5.72916666666667,91.6666666666667,0.354166666666667,26,48,0.541666666666667,0,0,0,0,0,0,48,275,5.72916666666667,NA,NA,NA,NA,NA,NA,NA,NA,NA,NA,NA,NA,"P5"
"2390","Miami","fbs","ACC",2015,3123048,"Brad Kaaya",326,10,11,32.6,118.32826742071,0.362970145462301,11.832826742071,2770,8.49693251533742,277,0.47239263803681,204,326,0.625766871165644,10,0,0,0,0.629545454545455,0.34625,326,2770,8.49693251533742,16,18,21,35,45,24,20,17,24,20,20,35,"P5"
"2393","Middle Tennessee","fbs","Conference USA",2015,531589,"Austin Grammer",5,3,11,1.66666666666667,4.14961567310233,0.829923134620466,1.38320522436744,30,6,10,0.4,4,5,0.8,1,0,0,0,0.0125,0.00625,5,30,6,NA,NA,NA,NA,NA,NA,NA,NA,NA,NA,NA,NA,"G5"
"2393","Middle Tennessee","fbs","Conference USA",2015,545683,"Brent Stockstill",408,11,11,37.0909090909091,101.050343004065,0.247672409323689,9.18639481855136,3221,7.89460784313725,292.818181818182,0.438725490196078,272,408,0.666666666666667,20,0,0,0,0.697186147186147,0.472287390029326,408,3221,7.89460784313725,27,31,49,68,16,11,33,13,11,33,13,12,"G5"
"2393","Middle Tennessee","fbs","Conference USA",2015,545695,"Ed'Marques Batties",1,1,11,1,2.4731509906003,2.4731509906003,2.4731509906003,4,4,4,1,1,1,1,1,0,0,0,0.005,0.005,1,4,4,NA,NA,NA,NA,NA,NA,NA,NA,NA,NA,NA,NA,"G5"
"2393","Middle Tennessee","fbs","Conference USA",2015,552712,"Nolan Genovese",1,1,11,1,-0.595361588387398,-0.595361588387398,-0.595361588387398,2,2,2,0,1,1,1,0,0,0,0,0,0,1,2,2,NA,NA,NA,NA,NA,NA,NA,NA,NA,NA,NA,NA,"G5"
"2393","Middle Tennessee","fbs","Conference USA",2015,3122899,"Richie James",1,1,11,1,5.84142067804802,5.84142067804802,5.84142067804802,69,69,69,1,1,1,1,1,0,0,0,0.08625,0.08625,1,69,69,NA,NA,NA,NA,NA,NA,NA,NA,NA,NA,NA,NA,"G5"
"24","Stanford","fbs","Pac-12",2015,511941,"Remound Wright",1,1,13,1,0.754739422422509,0.754739422422509,0.754739422422509,1,1,1,1,1,1,1,1,0,0,0,0.00125,0.00125,1,1,1,NA,NA,NA,NA,NA,NA,NA,NA,NA,NA,NA,NA,"P5"
"24","Stanford","fbs","Pac-12",2015,516352,"Devon Cajuste",1,1,13,1,2.74340415834849,2.74340415834849,2.74340415834849,6,6,6,1,1,1,1,1,0,0,0,0.0075,0.0075,1,6,6,NA,NA,NA,NA,NA,NA,NA,NA,NA,NA,NA,NA,"P5"
"24","Stanford","fbs","Pac-12",2015,516357,"Kevin Hogan",268,13,13,20.6153846153846,138.331070513931,0.516160710872877,10.6408515779947,2576,9.61194029850746,198.153846153846,0.544776119402985,187,268,0.697761194029851,18,0,0,0,0.469311740890688,0.287642679900744,268,2576,9.61194029850746,11,22,2,2,5,30,3,61,30,3,58,53,"P5"
"24","Stanford","fbs","Pac-12",2015,535297,"Michael Rector",1,1,13,1,4.17562366807579,4.17562366807579,4.17562366807579,14,14,14,1,1,1,1,1,0,0,0,0.0175,0.0175,1,14,14,NA,NA,NA,NA,NA,NA,NA,NA,NA,NA,NA,NA,"P5"
"24","Stanford","fbs","Pac-12",2015,546471,"Austin Hooper",1,1,13,1,2.50787235403192,2.50787235403192,2.50787235403192,10,10,10,1,1,1,1,1,0,0,0,0.0125,0.0125,1,10,10,NA,NA,NA,NA,NA,NA,NA,NA,NA,NA,NA,NA,"P5"
"24","Stanford","fbs","Pac-12",2015,546476,"Greg Taboada",2,1,13,2,4.68478776975001,2.34239388487501,4.68478776975001,7,3.5,7,1,2,2,1,2,0,0,0,0.0116666666666667,0.0116666666666667,2,7,3.5,NA,NA,NA,NA,NA,NA,NA,NA,NA,NA,NA,NA,"P5"
"24","Stanford","fbs","Pac-12",2015,3117245,"Keller Chryst",9,4,13,2.25,-0.784718554600913,-0.0871909505112126,-0.196179638650228,59,6.55555555555556,14.75,0.444444444444444,5,9,0.555555555555556,1,0,0,0,0.0184375,0.007375,9,59,6.55555555555556,NA,NA,NA,NA,NA,NA,NA,NA,NA,NA,NA,NA,"P5"
"24","Stanford","fbs","Pac-12",2015,3117251,"Christian McCaffrey",3,3,13,1,3.76243188517183,1.25414396172394,1.25414396172394,39,13,13,0.666666666666667,2,3,0.666666666666667,2,0,0,0,0.0216666666666667,0.013,3,39,13,NA,NA,NA,NA,NA,NA,NA,NA,NA,NA,NA,NA,"P5"
"242","Rice","fbs","Conference USA",2015,514894,"Driphus Jackson",265,10,10,26.5,111.254502159221,0.419828310034796,11.1254502159221,1995,7.52830188679245,199.5,0.475471698113208,161,265,0.607547169811321,16,0,0,0,0.469411764705882,0.306923076923077,265,1995,7.52830188679245,24,20,11,34,62,62,49,59,62,49,57,46,"G5"
"242","Rice","fbs","Conference USA",2015,536503,"Tyler Stehling",45,4,10,11.25,4.89421037354253,0.108760230523167,1.22355259338563,320,7.11111111111111,80,0.377777777777778,24,45,0.533333333333333,1,0,0,0,0.1,0.04,45,320,7.11111111111111,NA,NA,NA,NA,NA,NA,NA,NA,NA,NA,NA,NA,"G5"
"242","Rice","fbs","Conference USA",2015,536504,"Luke Turner",2,2,10,1,-0.345420391065022,-0.172710195532511,-0.172710195532511,4,2,2,0.5,1,2,0.5,1,0,0,0,0.0025,0.00166666666666667,2,4,2,NA,NA,NA,NA,NA,NA,NA,NA,NA,NA,NA,NA,"G5"
"242","Rice","fbs","Conference USA",2015,536507,"Zach Wright",1,1,10,1,-0.837393065527302,-0.837393065527302,-0.837393065527302,0,0,0,0,0,1,0,0,0,0,0,0,0,1,0,0,NA,NA,NA,NA,NA,NA,NA,NA,NA,NA,NA,NA,"G5"
"2426","Navy","fbs","American Athletic",2015,530568,"Keenan Reynolds",90,11,11,8.18181818181818,39.5020346880837,0.438911496534263,3.59109406255306,960,10.6666666666667,87.2727272727273,0.377777777777778,48,90,0.533333333333333,6,0,0,0,0.187012987012987,0.0770053475935829,90,960,10.6666666666667,NA,NA,NA,NA,NA,NA,NA,NA,NA,NA,NA,NA,"G5"
"2426","Navy","fbs","American Athletic",2015,551146,"Jamir Tillman",1,1,11,1,4.00955266320247,4.00955266320247,4.00955266320247,50,50,50,1,1,1,1,1,0,0,0,0.0625,0.0625,1,50,50,NA,NA,NA,NA,NA,NA,NA,NA,NA,NA,NA,NA,"G5"
"2426","Navy","fbs","American Athletic",2015,551222,"Tago Smith",2,2,11,1,3.81340979161248,1.90670489580624,1.90670489580624,30,15,15,0.5,2,2,1,1,0,0,0,0.01875,0.0125,2,30,15,NA,NA,NA,NA,NA,NA,NA,NA,NA,NA,NA,NA,"G5"
"2429","Charlotte","fbs","Conference USA",2015,551918,"Lee McNeill",178,8,11,22.25,-41.5089397882087,-0.233196290944993,-5.18861747352609,869,4.88202247191011,108.625,0.325842696629214,99,178,0.556179775280899,1,0,0,0,0.13578125,0.0301736111111111,178,869,4.88202247191011,116,117,118,117,92,117,119,118,117,119,119,119,"G5"
"2429","Charlotte","fbs","Conference USA",2015,551919,"Matt Johnson",65,9,11,7.22222222222222,30.3933046521789,0.467589302341214,3.3770338502421,564,8.67692307692308,62.6666666666667,0.446153846153846,38,65,0.584615384615385,5,0,0,0,0.130555555555556,0.0559523809523809,65,564,8.67692307692308,NA,NA,NA,NA,NA,NA,NA,NA,NA,NA,NA,NA,"G5"
"2429","Charlotte","fbs","Conference USA",2015,3120055,"Brooks Barden",78,6,11,13,-2.02984489594959,-0.0260236525121742,-0.338307482658265,356,4.56410256410256,59.3333333333333,0.346153846153846,38,78,0.487179487179487,3,0,0,0,0.11125,0.0494444444444444,78,356,4.56410256410256,NA,NA,NA,NA,NA,NA,NA,NA,NA,NA,NA,NA,"G5"
"2433","UL Monroe","fbs","Sun Belt",2015,512345,"Brayle Brown",7,3,12,2.33333333333333,-2.11477193974188,-0.302110277105983,-0.70492397991396,8,1.14285714285714,2.66666666666667,0.142857142857143,2,7,0.285714285714286,0,0,0,0,0,0,7,8,1.14285714285714,NA,NA,NA,NA,NA,NA,NA,NA,NA,NA,NA,NA,"G5"
"2433","UL Monroe","fbs","Sun Belt",2015,512347,"Earnest Carrington",110,7,12,15.7142857142857,-3.44268936513452,-0.0312971760466775,-0.491812766447789,535,4.86363636363636,76.4285714285714,0.363636363636364,55,110,0.5,5,0,0,0,0.15922619047619,0.0796130952380952,110,535,4.86363636363636,NA,NA,NA,NA,NA,NA,NA,NA,NA,NA,NA,NA,"G5"
"2433","UL Monroe","fbs","Sun Belt",2015,512357,"DeVontae McNeal",1,1,12,1,-0.876863250269496,-0.876863250269496,-0.876863250269496,0,0,0,0,0,1,0,0,0,0,0,0,0,1,0,0,NA,NA,NA,NA,NA,NA,NA,NA,NA,NA,NA,NA,"G5"
"2433","UL Monroe","fbs","Sun Belt",2015,531563,"Ajalen Holley",1,1,12,1,-0.598937261716525,-0.598937261716525,-0.598937261716525,0,0,0,0,0,1,0,0,0,0,0,0,0,1,0,0,NA,NA,NA,NA,NA,NA,NA,NA,NA,NA,NA,NA,"G5"
"2433","UL Monroe","fbs","Sun Belt",2015,546121,"Brian Williams",8,2,12,4,2.09691357047027,0.262114196308783,1.04845678523513,90,11.25,45,0.375,4,8,0.5,2,0,0,0,0.075,0.05625,8,90,11.25,NA,NA,NA,NA,NA,NA,NA,NA,NA,NA,NA,NA,"G5"
"2433","UL Monroe","fbs","Sun Belt",2015,3124944,"Garrett Smith",290,9,12,32.2222222222222,40.1005116377404,0.138277626337036,4.45561240419338,1663,5.73448275862069,184.777777777778,0.379310344827586,165,290,0.568965517241379,14,0,0,0,0.431148148148148,0.281183574879227,290,1663,5.73448275862069,80,76,88,106,86,79,105,78,79,105,73,57,"G5"
"2433","UL Monroe","fbs","Sun Belt",2015,3124951,"Kaylon Watson",1,1,12,1,-0.907045996689533,-0.907045996689533,-0.907045996689533,0,0,0,0,0,1,0,0,0,0,0,0,0,1,0,0,NA,NA,NA,NA,NA,NA,NA,NA,NA,NA,NA,NA,"G5"
"2433","UL Monroe","fbs","Sun Belt",2015,3124964,"Marcus Green",1,1,12,1,3.94545851898002,3.94545851898002,3.94545851898002,11,11,11,1,1,1,1,1,0,0,0,0.01375,0.01375,1,11,11,NA,NA,NA,NA,NA,NA,NA,NA,NA,NA,NA,NA,"G5"
"2433","UL Monroe","fbs","Sun Belt",2015,3918246,"Chris Qualls",1,1,12,1,2.01191433900884,2.01191433900884,2.01191433900884,5,5,5,1,1,1,1,0,0,0,0,0,0,1,5,5,NA,NA,NA,NA,NA,NA,NA,NA,NA,NA,NA,NA,"G5"
"2439","UNLV","fbs","Mountain West",2015,534198,"Troy Hawthorne",1,1,11,1,-2.76461347759823,-2.76461347759823,-2.76461347759823,0,0,0,0,0,1,0,0,0,0,0,0,0,1,0,0,NA,NA,NA,NA,NA,NA,NA,NA,NA,NA,NA,NA,"G5"
"2439","UNLV","fbs","Mountain West",2015,534212,"Anthony Williams",1,1,11,1,-0.772409864903518,-0.772409864903518,-0.772409864903518,0,0,0,0,0,1,0,0,0,0,0,0,0,1,0,0,NA,NA,NA,NA,NA,NA,NA,NA,NA,NA,NA,NA,"G5"
"2439","UNLV","fbs","Mountain West",2015,546290,"Kendal Keys",1,1,11,1,4.54009208295408,4.54009208295408,4.54009208295408,13,13,13,1,1,1,1,1,0,0,0,0.01625,0.01625,1,13,13,NA,NA,NA,NA,NA,NA,NA,NA,NA,NA,NA,NA,"G5"
"2439","UNLV","fbs","Mountain West",2015,551230,"Kurt Palandech",140,9,11,15.5555555555556,-1.1096893356322,-0.00792635239737284,-0.123298815070244,733,5.23571428571429,81.4444444444444,0.335714285714286,69,140,0.492857142857143,5,0,0,0,0.169675925925926,0.072718253968254,140,733,5.23571428571429,NA,NA,NA,NA,NA,NA,NA,NA,NA,NA,NA,NA,"G5"
"2439","UNLV","fbs","Mountain West",2015,552507,"Aaron Criswell",1,1,11,1,4.60966798604467,4.60966798604467,4.60966798604467,41,41,41,1,1,1,1,1,0,0,0,0.05125,0.05125,1,41,41,NA,NA,NA,NA,NA,NA,NA,NA,NA,NA,NA,NA,"G5"
"2439","UNLV","fbs","Mountain West",2015,3125315,"Devonte Boyd",1,1,11,1,3.88680779080117,3.88680779080117,3.88680779080117,29,29,29,1,1,1,1,1,0,0,0,0.03625,0.03625,1,29,29,NA,NA,NA,NA,NA,NA,NA,NA,NA,NA,NA,NA,"G5"
"2439","UNLV","fbs","Mountain West",2015,3125318,"Blake Decker",189,8,11,23.625,54.8494034000123,0.290208483597949,6.85617542500153,1573,8.32275132275132,196.625,0.470899470899471,112,189,0.592592592592593,9,0,0,0,0.44240625,0.260238970588235,189,1573,8.32275132275132,64,51,35,37,71,88,22,64,88,22,62,65,"G5"
"2439","UNLV","fbs","Mountain West",2015,3921706,"Brandon Presley",1,1,11,1,1.55904680800356,1.55904680800356,1.55904680800356,30,30,30,1,1,1,1,0,0,0,0,0,0,1,30,30,NA,NA,NA,NA,NA,NA,NA,NA,NA,NA,NA,NA,"G5"
"2440","Nevada","fbs","Mountain West",2015,533196,"Hasaan Henderson",3,3,11,1,13.2433665909917,4.41445553033056,4.41445553033056,102,34,34,1,3,3,1,3,0,0,0,0.06375,0.0425,3,102,34,NA,NA,NA,NA,NA,NA,NA,NA,NA,NA,NA,NA,"G5"
"2440","Nevada","fbs","Mountain West",2015,536228,"Tyler Stewart",279,11,11,25.3636363636364,48.0921813396819,0.172373409819648,4.37201648542562,1764,6.32258064516129,160.363636363636,0.448028673835125,161,279,0.577060931899642,9,0,0,0,0.360818181818182,0.180409090909091,279,1764,6.32258064516129,71,77,78,62,82,74,98,95,74,98,92,92,"G5"
"2440","Nevada","fbs","Mountain West",2015,546279,"Don Jackson",1,1,11,1,3.55959462625741,3.55959462625741,3.55959462625741,9,9,9,1,1,1,1,1,0,0,0,0.01125,0.01125,1,9,9,NA,NA,NA,NA,NA,NA,NA,NA,NA,NA,NA,NA,"G5"
"2440","Nevada","fbs","Mountain West",2015,550567,"Jerico Richardson",1,1,11,1,-0.755170879171856,-0.755170879171856,-0.755170879171856,0,0,0,0,0,1,0,0,0,0,0,0,0,1,0,0,NA,NA,NA,NA,NA,NA,NA,NA,NA,NA,NA,NA,"G5"
"245","Texas A&M","fbs","SEC",2015,532122,"Tra Carson",2,2,11,1,0.393126781461436,0.196563390730718,0.196563390730718,28,14,14,0.5,1,2,0.5,0,0,0,0,0,0,2,28,14,NA,NA,NA,NA,NA,NA,NA,NA,NA,NA,NA,NA,"P5"
"245","Texas A&M","fbs","SEC",2015,549866,"Ricky Seals-Jones",2,2,11,1,0.338877717103424,0.169438858551712,0.169438858551712,3,1.5,1.5,0.5,1,2,0.5,1,0,0,0,0.001875,0.00125,2,3,1.5,NA,NA,NA,NA,NA,NA,NA,NA,NA,NA,NA,NA,"P5"
"245","Texas A&M","fbs","SEC",2015,549869,"Jeremy Tabuyo",2,2,11,1,3.87502985218897,1.93751492609448,1.93751492609448,35,17.5,17.5,1,2,2,1,2,0,0,0,0.0291666666666667,0.021875,2,35,17.5,NA,NA,NA,NA,NA,NA,NA,NA,NA,NA,NA,NA,"P5"
"245","Texas A&M","fbs","SEC",2015,550539,"Jake Hubenak",27,4,11,6.75,-4.26828344363509,-0.158084571986485,-1.06707086090877,92,3.40740740740741,23,0.296296296296296,12,27,0.444444444444444,1,0,0,0,0.02875,0.0115,27,92,3.40740740740741,NA,NA,NA,NA,NA,NA,NA,NA,NA,NA,NA,NA,"P5"
"245","Texas A&M","fbs","SEC",2015,559679,"Speedy Noil",1,1,11,1,2.29012144332438,2.29012144332438,2.29012144332438,10,10,10,1,1,1,1,1,0,0,0,0.0125,0.0125,1,10,10,NA,NA,NA,NA,NA,NA,NA,NA,NA,NA,NA,NA,"P5"
"245","Texas A&M","fbs","SEC",2015,559681,"Kyle Allen",260,9,11,28.8888888888889,30.0059021391784,0.115407315919917,3.33398912657538,2013,7.74230769230769,223.666666666667,0.396153846153846,145,260,0.557692307692308,7,0,0,0,0.489270833333333,0.244635416666667,260,2013,7.74230769230769,89,90,95,92,90,61,40,44,61,40,49,69,"P5"
"245","Texas A&M","fbs","SEC",2015,559694,"Josh Reynolds",3,2,11,1.5,6.44320359484503,2.14773453161501,3.22160179742251,38,12.6666666666667,19,1,3,3,1,3,0,0,0,0.035625,0.0285,3,38,12.6666666666667,NA,NA,NA,NA,NA,NA,NA,NA,NA,NA,NA,NA,"P5"
"245","Texas A&M","fbs","SEC",2015,3895856,"Christian Kirk",1,1,11,1,3.25625189813882,3.25625189813882,3.25625189813882,10,10,10,1,1,1,1,1,0,0,0,0.0125,0.0125,1,10,10,NA,NA,NA,NA,NA,NA,NA,NA,NA,NA,NA,NA,"P5"
"245","Texas A&M","fbs","SEC",2015,3895871,"Jordan Davis",1,1,11,1,0.693791553842029,0.693791553842029,0.693791553842029,3,3,3,1,1,1,1,1,0,0,0,0.00375,0.00375,1,3,3,NA,NA,NA,NA,NA,NA,NA,NA,NA,NA,NA,NA,"P5"
"245","Texas A&M","fbs","SEC",2015,3917315,"Kyler Murray",76,6,11,12.6666666666667,12.2907736519487,0.161720705946693,2.04846227532478,485,6.38157894736842,80.8333333333333,0.5,49,76,0.644736842105263,1,0,0,0,0.101041666666667,0.0288690476190476,76,485,6.38157894736842,NA,NA,NA,NA,NA,NA,NA,NA,NA,NA,NA,NA,"P5"
"2459","Northern Illinois","fbs","Mid-American",2015,532480,"Drew Hare",214,8,12,26.75,28.3618336362982,0.132531932879898,3.54522920453728,1585,7.40654205607477,198.125,0.434579439252336,134,214,0.626168224299065,9,0,0,0,0.44578125,0.262224264705882,214,1585,7.40654205607477,94,86,89,74,44,86,57,62,86,57,60,63,"G5"
"2459","Northern Illinois","fbs","Mid-American",2015,532488,"Desroy Maxwell",1,1,12,1,3.5456402214744,3.5456402214744,3.5456402214744,16,16,16,1,1,1,1,1,0,0,0,0.02,0.02,1,16,16,NA,NA,NA,NA,NA,NA,NA,NA,NA,NA,NA,NA,"G5"
"2459","Northern Illinois","fbs","Mid-American",2015,533961,"Kenny Golladay",1,1,12,1,2.58381161672808,2.58381161672808,2.58381161672808,7,7,7,1,1,1,1,1,0,0,0,0.00875,0.00875,1,7,7,NA,NA,NA,NA,NA,NA,NA,NA,NA,NA,NA,NA,"G5"
"2459","Northern Illinois","fbs","Mid-American",2015,3126013,"Ryan Graham",74,5,12,14.8,24.3200936615647,0.328649914345468,4.86401873231293,615,8.31081081081081,123,0.432432432432432,45,74,0.608108108108108,5,0,0,0,0.25625,0.15375,74,615,8.31081081081081,NA,NA,NA,NA,NA,NA,NA,NA,NA,NA,NA,NA,"G5"
"2459","Northern Illinois","fbs","Mid-American",2015,3921966,"Tommy Fiedler",42,2,12,21,9.47157331668505,0.225513650397263,4.73578665834252,265,6.30952380952381,132.5,0.357142857142857,21,42,0.5,2,0,0,0,0.220833333333333,0.165625,42,265,6.30952380952381,NA,NA,NA,NA,NA,NA,NA,NA,NA,NA,NA,NA,"G5"
"248","Houston","fbs","American Athletic",2015,518526,"Adam Schulz",3,1,12,3,0.717592358513145,0.239197452837715,0.717592358513145,49,16.3333333333333,49,0.333333333333333,1,3,0.333333333333333,0,0,0,0,0,0,3,49,16.3333333333333,NA,NA,NA,NA,NA,NA,NA,NA,NA,NA,NA,NA,"G5"
"248","Houston","fbs","American Athletic",2015,545543,"Demarcus Ayers",1,1,12,1,2.43023727145932,2.43023727145932,2.43023727145932,29,29,29,1,1,1,1,1,0,0,0,0.03625,0.03625,1,29,29,NA,NA,NA,NA,NA,NA,NA,NA,NA,NA,NA,NA,"G5"
"248","Houston","fbs","American Athletic",2015,545552,"Greg Ward Jr.",270,12,12,22.5,96.6026259473297,0.357787503508628,8.05021882894414,2247,8.32222222222222,187.25,0.496296296296296,184,270,0.681481481481481,14,0,0,0,0.436916666666667,0.252067307692308,270,2247,8.32222222222222,31,41,23,17,12,50,23,74,50,23,69,66,"G5"
"248","Houston","fbs","American Athletic",2015,553532,"Kyle Postma",64,4,12,16,13.6238244856019,0.212872257587529,3.40595612140047,444,6.9375,111,0.484375,40,64,0.625,2,0,0,0,0.185,0.0925,64,444,6.9375,NA,NA,NA,NA,NA,NA,NA,NA,NA,NA,NA,NA,"G5"
"248","Houston","fbs","American Athletic",2015,553536,"Linell Bonner",1,1,12,1,0.494172527465933,0.494172527465933,0.494172527465933,18,18,18,1,1,1,1,0,0,0,0,0,0,1,18,18,NA,NA,NA,NA,NA,NA,NA,NA,NA,NA,NA,NA,"G5"
"248","Houston","fbs","American Athletic",2015,556627,"Logan Piper",1,1,12,1,-2.78054912472423,-2.78054912472423,-2.78054912472423,0,0,0,0,0,1,0,0,0,0,0,0,0,1,0,0,NA,NA,NA,NA,NA,NA,NA,NA,NA,NA,NA,NA,"G5"
"2483","Oregon","fbs","Pac-12",2015,511713,"Vernon Adams Jr.",201,8,11,25.125,117.285991388677,0.583512394968544,14.6607489235847,1979,9.84577114427861,247.375,0.532338308457711,128,201,0.63681592039801,15,0,0,0,0.57978515625,0.403328804347826,201,1979,9.84577114427861,19,8,1,4,34,65,2,29,65,2,28,19,"P5"
"2483","Oregon","fbs","Pac-12",2015,530859,"Bralon Addison",5,3,11,1.66666666666667,12.4618472848751,2.49236945697502,4.15394909495836,104,20.8,34.6666666666667,0.8,4,5,0.8,4,0,0,0,0.0693333333333333,0.0495238095238095,5,104,20.8,NA,NA,NA,NA,NA,NA,NA,NA,NA,NA,NA,NA,"P5"
"2483","Oregon","fbs","Pac-12",2015,530875,"Jeff Lockie",77,4,11,19.25,-6.56370049727602,-0.0852428636009873,-1.64092512431901,489,6.35064935064935,122.25,0.415584415584416,51,77,0.662337662337662,2,0,0,0,0.20375,0.101875,77,489,6.35064935064935,NA,NA,NA,NA,NA,NA,NA,NA,NA,NA,NA,NA,"P5"
"2483","Oregon","fbs","Pac-12",2015,530877,"Byron Marshall",1,1,11,1,3.60108858294778,3.60108858294778,3.60108858294778,15,15,15,1,1,1,1,1,0,0,0,0.01875,0.01875,1,15,15,NA,NA,NA,NA,NA,NA,NA,NA,NA,NA,NA,NA,"P5"
"2483","Oregon","fbs","Pac-12",2015,530880,"Dwayne Stanford",1,1,11,1,3.8514181282258,3.8514181282258,3.8514181282258,35,35,35,1,1,1,1,1,0,0,0,0.04375,0.04375,1,35,35,NA,NA,NA,NA,NA,NA,NA,NA,NA,NA,NA,NA,"P5"
"2483","Oregon","fbs","Pac-12",2015,550664,"Johnny Mundt",1,1,11,1,2.0138674549977,2.0138674549977,2.0138674549977,11,11,11,1,1,1,1,1,0,0,0,0.01375,0.01375,1,11,11,NA,NA,NA,NA,NA,NA,NA,NA,NA,NA,NA,NA,"P5"
"2483","Oregon","fbs","Pac-12",2015,551351,"Taylor Alie",14,3,11,4.66666666666667,-1.78981822858666,-0.127844159184762,-0.596606076195554,96,6.85714285714286,32,0.285714285714286,6,14,0.428571428571429,1,0,0,0,0.04,0.02,14,96,6.85714285714286,NA,NA,NA,NA,NA,NA,NA,NA,NA,NA,NA,NA,"P5"
"2483","Oregon","fbs","Pac-12",2015,3886835,"Taj Griffin",1,1,11,1,3.53540486193334,3.53540486193334,3.53540486193334,49,49,49,1,1,1,1,1,0,0,0,0.06125,0.06125,1,49,49,NA,NA,NA,NA,NA,NA,NA,NA,NA,NA,NA,NA,"P5"
"249","North Texas","fbs","Conference USA",2015,515147,"Andrew McNulty",137,6,11,22.8333333333333,-8.65996066936309,-0.0632113917471758,-1.44332677822718,759,5.54014598540146,126.5,0.357664233576642,69,137,0.503649635036496,3,0,0,0,0.2371875,0.105416666666667,137,759,5.54014598540146,NA,NA,NA,NA,NA,NA,NA,NA,NA,NA,NA,NA,"G5"
"249","North Texas","fbs","Conference USA",2015,531886,"Carlos Harris",1,1,11,1,1.79058362528173,1.79058362528173,1.79058362528173,6,6,6,1,1,1,1,1,0,0,0,0.0075,0.0075,1,6,6,NA,NA,NA,NA,NA,NA,NA,NA,NA,NA,NA,NA,"G5"
"249","North Texas","fbs","Conference USA",2015,552741,"Eric Keena",1,1,11,1,-1.96332706516117,-1.96332706516117,-1.96332706516117,4,4,4,0,1,1,1,0,0,0,0,0,0,1,4,4,NA,NA,NA,NA,NA,NA,NA,NA,NA,NA,NA,NA,"G5"
"249","North Texas","fbs","Conference USA",2015,3122972,"Josh Greer",12,2,11,6,-1.16109391597412,-0.0967578263311768,-0.580546957987061,67,5.58333333333333,33.5,0.333333333333333,5,12,0.416666666666667,0,0,0,0,0,0,12,67,5.58333333333333,NA,NA,NA,NA,NA,NA,NA,NA,NA,NA,NA,NA,"G5"
"249","North Texas","fbs","Conference USA",2015,3914500,"DaMarcus Smith",200,8,11,25,-13.6455343256064,-0.068227671628032,-1.7056917907008,981,4.905,122.625,0.35,96,200,0.48,7,0,0,0,0.2682421875,0.1430625,200,981,4.905,113,113,114,113,115,114,116,114,114,116,112,104,"G5"
"25","California","fbs","Pac-12",2015,516997,"Stephen Anderson",1,1,11,1,2.44103635116055,2.44103635116055,2.44103635116055,9,9,9,1,1,1,1,1,0,0,0,0.01125,0.01125,1,9,9,NA,NA,NA,NA,NA,NA,NA,NA,NA,NA,NA,NA,"P5"
"25","California","fbs","Pac-12",2015,535178,"Darius Powe",2,2,11,1,5.82567054586485,2.91283527293242,2.91283527293242,50,25,25,1,2,2,1,2,0,0,0,0.0416666666666667,0.03125,2,50,25,NA,NA,NA,NA,NA,NA,NA,NA,NA,NA,NA,NA,"P5"
"25","California","fbs","Pac-12",2015,535181,"Bryce Treggs",1,1,11,1,4.15123421901644,4.15123421901644,4.15123421901644,6,6,6,1,1,1,1,1,0,0,0,0.0075,0.0075,1,6,6,NA,NA,NA,NA,NA,NA,NA,NA,NA,NA,NA,NA,"P5"
"25","California","fbs","Pac-12",2015,535270,"Kenny Lawler",1,1,11,1,1.70912924541621,1.70912924541621,1.70912924541621,1,1,1,1,1,1,1,1,0,0,0,0.00125,0.00125,1,1,1,NA,NA,NA,NA,NA,NA,NA,NA,NA,NA,NA,NA,"P5"
"25","California","fbs","Pac-12",2015,547401,"Jared Goff",440,11,11,40,186.331281169456,0.423480184476037,16.9392073790415,3768,8.56363636363636,342.545454545455,0.515909090909091,284,440,0.645454545454546,27,0,0,0,0.825779220779221,0.608468899521531,440,3768,8.56363636363636,2,1,8,9,29,5,17,3,5,17,3,3,"P5"
"25","California","fbs","Pac-12",2015,550296,"Khalfani Muhammad",2,2,11,1,11.3154307605326,5.65771538026629,5.65771538026629,76,38,38,1,2,2,1,2,0,0,0,0.0633333333333333,0.0475,2,76,38,NA,NA,NA,NA,NA,NA,NA,NA,NA,NA,NA,NA,"P5"
"25","California","fbs","Pac-12",2015,3127204,"Chase Forrest",1,1,11,1,-0.702507479089314,-0.702507479089314,-0.702507479089314,0,0,0,0,0,1,0,0,0,0,0,0,0,1,0,0,NA,NA,NA,NA,NA,NA,NA,NA,NA,NA,NA,NA,"P5"
"25","California","fbs","Pac-12",2015,3127207,"Vic Enwere",1,1,11,1,0.567615313862775,0.567615313862775,0.567615313862775,11,11,11,1,1,1,1,0,0,0,0,0,0,1,11,11,NA,NA,NA,NA,NA,NA,NA,NA,NA,NA,NA,NA,"P5"
"2509","Purdue","fbs","Big Ten",2015,534770,"Austin Appleby",166,4,11,41.5,25.3376814827993,0.15263663543855,6.33442037069982,971,5.84939759036145,242.75,0.427710843373494,99,166,0.596385542168675,4,0,0,0,0.4855,0.3034375,166,971,5.84939759036145,97,57,84,79,69,115,103,32,115,103,51,47,"P5"
"2509","Purdue","fbs","Big Ten",2015,534791,"Bilal Marshall",1,1,11,1,1.09257537874097,1.09257537874097,1.09257537874097,9,9,9,1,1,1,1,0,0,0,0,0,0,1,9,9,NA,NA,NA,NA,NA,NA,NA,NA,NA,NA,NA,NA,"P5"
"2509","Purdue","fbs","Big Ten",2015,550180,"Dan Monteroso",1,1,11,1,-0.398921943630581,-0.398921943630581,-0.398921943630581,0,0,0,0,0,1,0,0,0,0,0,0,0,1,0,0,NA,NA,NA,NA,NA,NA,NA,NA,NA,NA,NA,NA,"P5"
"2509","Purdue","fbs","Big Ten",2015,3116188,"David Blough",282,9,11,31.3333333333333,-3.1859128431233,-0.0112975632734869,-0.353990315902589,1542,5.46808510638298,171.333333333333,0.379432624113475,167,282,0.592198581560284,8,0,0,0,0.380740740740741,0.20156862745098,282,1542,5.46808510638298,109,109,109,105,72,89,109,88,89,109,87,84,"P5"
"2509","Purdue","fbs","Big Ten",2015,3116195,"Cole Herdman",1,1,11,1,3.75575577365977,3.75575577365977,3.75575577365977,10,10,10,1,1,1,1,1,0,0,0,0.0125,0.0125,1,10,10,NA,NA,NA,NA,NA,NA,NA,NA,NA,NA,NA,NA,"P5"
"2509","Purdue","fbs","Big Ten",2015,3116204,"Gregory Phillips",1,1,11,1,2.75014262332668,2.75014262332668,2.75014262332668,2,2,2,1,1,1,1,1,0,0,0,0.0025,0.0025,1,2,2,NA,NA,NA,NA,NA,NA,NA,NA,NA,NA,NA,NA,"P5"
"2509","Purdue","fbs","Big Ten",2015,3929897,"Aaron Banks",1,1,11,1,-0.278346963495822,-0.278346963495822,-0.278346963495822,4,4,4,0,1,1,1,0,0,0,0,0,0,1,4,4,NA,NA,NA,NA,NA,NA,NA,NA,NA,NA,NA,NA,"P5"
"251","Texas","fbs","Big 12",2015,531054,"Caleb Bluiett",1,1,12,1,4.50212149949535,4.50212149949535,4.50212149949535,57,57,57,1,1,1,1,1,0,0,0,0.07125,0.07125,1,57,57,NA,NA,NA,NA,NA,NA,NA,NA,NA,NA,NA,NA,"P5"
"251","Texas","fbs","Big 12",2015,547338,"Tyrone Swoopes",91,10,12,9.1,-19.7507193926009,-0.217040872446164,-1.97507193926009,459,5.04395604395604,45.9,0.307692307692308,45,91,0.494505494505495,2,0,0,0,0.0765,0.019125,91,459,5.04395604395604,NA,NA,NA,NA,NA,NA,NA,NA,NA,NA,NA,NA,"P5"
"251","Texas","fbs","Big 12",2015,3125121,"Jerrod Heard",153,12,12,12.75,22.0109799915488,0.143862614323848,1.83424833262907,1202,7.8562091503268,100.166666666667,0.379084967320261,92,153,0.601307189542484,5,0,0,0,0.208680555555556,0.0736519607843137,153,1202,7.8562091503268,NA,NA,NA,NA,NA,NA,NA,NA,NA,NA,NA,NA,"P5"
"251","Texas","fbs","Big 12",2015,3125122,"Lorenzo Joe",1,1,12,1,4.54282396835352,4.54282396835352,4.54282396835352,21,21,21,1,1,1,1,1,0,0,0,0.02625,0.02625,1,21,21,NA,NA,NA,NA,NA,NA,NA,NA,NA,NA,NA,NA,"P5"
"252","BYU","fbs","FBS Independents",2015,482594,"Taysom Hill",32,1,11,32,9.40373856833248,0.29386683026039,9.40373856833248,268,8.375,268,0.46875,21,32,0.65625,1,0,0,0,0.335,0.335,32,268,8.375,NA,NA,NA,NA,NA,NA,NA,NA,NA,NA,NA,NA,"G5"
"252","BYU","fbs","FBS Independents",2015,487655,"Remington Peck",1,1,11,1,1.68039738890447,1.68039738890447,1.68039738890447,15,15,15,1,1,1,1,1,0,0,0,0.01875,0.01875,1,15,15,NA,NA,NA,NA,NA,NA,NA,NA,NA,NA,NA,NA,"G5"
"252","BYU","fbs","FBS Independents",2015,545796,"Tanner Mangum",366,11,11,33.2727272727273,97.7302745665456,0.267022608105316,8.88457041514051,2704,7.3879781420765,245.818181818182,0.461748633879781,226,366,0.617486338797814,14,0,0,0,0.573575757575758,0.344145454545455,366,2704,7.3879781420765,29,33,40,46,55,28,58,30,28,58,29,38,"G5"
"252","BYU","fbs","FBS Independents",2015,554838,"Mitchell Juergens",1,1,11,1,-0.82424735159714,-0.82424735159714,-0.82424735159714,0,0,0,0,0,1,0,0,0,0,0,0,0,1,0,0,NA,NA,NA,NA,NA,NA,NA,NA,NA,NA,NA,NA,"G5"
"252","BYU","fbs","FBS Independents",2015,3125093,"Nick Kurtz",2,1,11,2,6.86526078560899,3.43263039280449,6.86526078560899,72,36,72,1,2,2,1,2,0,0,0,0.12,0.12,2,72,36,NA,NA,NA,NA,NA,NA,NA,NA,NA,NA,NA,NA,"G5"
"252","BYU","fbs","FBS Independents",2015,3932345,"Beau Hoge",5,2,11,2.5,-1.25160694254532,-0.250321388509064,-0.62580347127266,20,4,10,0.4,2,5,0.4,0,0,0,0,0,0,5,20,4,NA,NA,NA,NA,NA,NA,NA,NA,NA,NA,NA,NA,"G5"
"252","BYU","fbs","FBS Independents",2015,3932350,"Moroni Laulu-Pututau",1,1,11,1,2.52879165352341,2.52879165352341,2.52879165352341,18,18,18,1,1,1,1,1,0,0,0,0.0225,0.0225,1,18,18,NA,NA,NA,NA,NA,NA,NA,NA,NA,NA,NA,NA,"G5"
"254","Utah","fbs","Pac-12",2015,514737,"Kendal Thompson",35,3,12,11.6666666666667,15.61954973628,0.446272849607999,5.20651657875999,220,6.28571428571429,73.3333333333333,0.457142857142857,28,35,0.8,1,0,0,0,0.0916666666666667,0.0458333333333333,35,220,6.28571428571429,NA,NA,NA,NA,NA,NA,NA,NA,NA,NA,NA,NA,"P5"
"254","Utah","fbs","Pac-12",2015,531024,"Chase Hansen",1,1,12,1,-0.683501572770111,-0.683501572770111,-0.683501572770111,0,0,0,0,0,1,0,0,0,0,0,0,0,1,0,0,NA,NA,NA,NA,NA,NA,NA,NA,NA,NA,NA,NA,"P5"
"254","Utah","fbs","Pac-12",2015,531051,"Travis Wilson",281,11,12,25.5454545454545,49.8288390400381,0.177326829323979,4.52989445818528,1919,6.82918149466192,174.454545454545,0.451957295373665,182,281,0.647686832740214,11,0,0,0,0.399791666666667,0.218068181818182,281,1919,6.82918149466192,69,74,76,54,27,68,84,86,68,84,84,79,"P5"
"254","Utah","fbs","Pac-12",2015,3122866,"Devontae Booker",1,1,12,1,2.13106488027058,2.13106488027058,2.13106488027058,25,25,25,1,1,1,1,1,0,0,0,0.03125,0.03125,1,25,25,NA,NA,NA,NA,NA,NA,NA,NA,NA,NA,NA,NA,"P5"
"254","Utah","fbs","Pac-12",2015,3926231,"Britain Covey",2,1,12,2,9.45796128677274,4.72898064338637,9.45796128677274,96,48,96,1,2,2,1,2,0,0,0,0.16,0.16,2,96,48,NA,NA,NA,NA,NA,NA,NA,NA,NA,NA,NA,NA,"P5"
"2567","SMU","fbs","American Athletic",2015,519812,"Garrett Krstich",1,1,11,1,-0.905442112882316,-0.905442112882316,-0.905442112882316,0,0,0,0,1,1,1,0,0,0,0,0,0,1,0,0,NA,NA,NA,NA,NA,NA,NA,NA,NA,NA,NA,NA,"G5"
"2567","SMU","fbs","American Athletic",2015,532113,"Matt Davis",296,11,11,26.9090909090909,58.5860589999609,0.197925874999868,5.32600536363281,1972,6.66216216216216,179.272727272727,0.39527027027027,162,296,0.547297297297297,14,0,0,0,0.41830303030303,0.250981818181818,296,1972,6.66216216216216,61,69,70,94,101,66,92,81,66,92,78,67,"G5"
"2567","SMU","fbs","American Athletic",2015,545339,"Jeremiah Gaines",1,1,11,1,2.51300210547039,2.51300210547039,2.51300210547039,13,13,13,1,1,1,1,1,0,0,0,0.01625,0.01625,1,13,13,NA,NA,NA,NA,NA,NA,NA,NA,NA,NA,NA,NA,"G5"
"2567","SMU","fbs","American Athletic",2015,3128413,"Darrel Colbert Jr.",20,4,11,5,3.58251294916018,0.179125647458009,0.895628237290045,166,8.3,41.5,0.5,14,20,0.7,0,0,0,0,0,0,20,166,8.3,NA,NA,NA,NA,NA,NA,NA,NA,NA,NA,NA,NA,"G5"
"2567","SMU","fbs","American Athletic",2015,3128429,"Courtland Sutton",3,3,11,1,9.45811363640127,3.15270454546709,3.15270454546709,112,37.3333333333333,37.3333333333333,1,3,3,1,1,0,0,0,0.0466666666666667,0.0233333333333333,3,112,37.3333333333333,NA,NA,NA,NA,NA,NA,NA,NA,NA,NA,NA,NA,"G5"
"2567","SMU","fbs","American Athletic",2015,3916209,"Xavier Jones",1,1,11,1,3.32545830601632,3.32545830601632,3.32545830601632,40,40,40,1,1,1,1,1,0,0,0,0.05,0.05,1,40,40,NA,NA,NA,NA,NA,NA,NA,NA,NA,NA,NA,NA,"G5"
"2567","SMU","fbs","American Athletic",2015,3916210,"Xavier Castille",1,1,11,1,4.97116520598813,4.97116520598813,4.97116520598813,39,39,39,1,1,1,1,1,0,0,0,0.04875,0.04875,1,39,39,NA,NA,NA,NA,NA,NA,NA,NA,NA,NA,NA,NA,"G5"
"2572","Southern Miss","fbs","Conference USA",2015,531232,"Tyler Matthews",7,2,12,3.5,3.97310848016768,0.56758692573824,1.98655424008384,112,16,56,0.571428571428571,5,7,0.714285714285714,1,0,0,0,0.07,0.0466666666666667,7,112,16,NA,NA,NA,NA,NA,NA,NA,NA,NA,NA,NA,NA,"G5"
"2572","Southern Miss","fbs","Conference USA",2015,531791,"Jalen Richard",1,1,12,1,3.26792008191616,3.26792008191616,3.26792008191616,9,9,9,1,1,1,1,1,0,0,0,0.01125,0.01125,1,9,9,NA,NA,NA,NA,NA,NA,NA,NA,NA,NA,NA,NA,"G5"
"2572","Southern Miss","fbs","Conference USA",2015,552880,"Nick Mullens",430,12,12,35.8333333333333,174.493596161783,0.405799060841355,14.5411330134819,3854,8.96279069767442,321.166666666667,0.481395348837209,282,430,0.655813953488372,31,0,0,0,0.777825520833333,0.578846899224806,430,3854,8.96279069767442,5,9,15,30,23,3,7,5,3,7,5,4,"G5"
"2572","Southern Miss","fbs","Conference USA",2015,552888,"Tyler Sarrazin",2,2,12,1,0.830848481335397,0.415424240667699,0.415424240667699,6,3,3,0.5,1,2,0.5,1,0,0,0,0.00375,0.0025,2,6,3,NA,NA,NA,NA,NA,NA,NA,NA,NA,NA,NA,NA,"G5"
"2572","Southern Miss","fbs","Conference USA",2015,3123986,"Michael Thomas",1,1,12,1,2.57032716970397,2.57032716970397,2.57032716970397,5,5,5,1,1,1,1,1,0,0,0,0.00625,0.00625,1,5,5,NA,NA,NA,NA,NA,NA,NA,NA,NA,NA,NA,NA,"G5"
"2579","South Carolina","fbs","SEC",2015,535353,"Jerell Adams",1,1,11,1,3.43436800919946,3.43436800919946,3.43436800919946,33,33,33,1,1,1,1,1,0,0,0,0.04125,0.04125,1,33,33,NA,NA,NA,NA,NA,NA,NA,NA,NA,NA,NA,NA,"P5"
"2579","South Carolina","fbs","SEC",2015,548142,"Connor Mitch",29,2,11,14.5,-4.04306247931948,-0.139415947562741,-2.02153123965974,165,5.68965517241379,82.5,0.275862068965517,13,29,0.448275862068966,1,0,0,0,0.103125,0.06875,29,165,5.68965517241379,NA,NA,NA,NA,NA,NA,NA,NA,NA,NA,NA,NA,"P5"
"2579","South Carolina","fbs","SEC",2015,548144,"Perry Orth",207,11,11,18.8181818181818,41.9340893374673,0.202580141726895,3.81218993976975,1430,6.90821256038647,130,0.391304347826087,113,207,0.545893719806763,9,0,0,0,0.2925,0.14625,207,1430,6.90821256038647,77,84,69,96,102,93,77,109.5,93,77,107,103,"P5"
"2579","South Carolina","fbs","SEC",2015,548173,"Pharoh Cooper",6,5,11,1.2,6.02061409830767,1.00343568305128,1.20412281966153,89,14.8333333333333,17.8,0.333333333333333,3,6,0.5,2,0,0,0,0.0296666666666667,0.0127142857142857,6,89,14.8333333333333,NA,NA,NA,NA,NA,NA,NA,NA,NA,NA,NA,NA,"P5"
"2579","South Carolina","fbs","SEC",2015,3126481,"Terry Googer",1,1,11,1,-1.10685664444088,-1.10685664444088,-1.10685664444088,0,0,0,0,0,1,0,0,0,0,0,0,0,1,0,0,NA,NA,NA,NA,NA,NA,NA,NA,NA,NA,NA,NA,"P5"
"2579","South Carolina","fbs","SEC",2015,3126487,"Michael Scarnecchia",1,1,11,1,0.562587578988719,0.562587578988719,0.562587578988719,9,9,9,1,1,1,1,0,0,0,0,0,0,1,9,9,NA,NA,NA,NA,NA,NA,NA,NA,NA,NA,NA,NA,"P5"
"2579","South Carolina","fbs","SEC",2015,3924370,"Lorenzo Lee Nunez",49,4,11,12.25,18.6845355614923,0.381317052275353,4.67113389037307,376,7.6734693877551,94,0.571428571428571,32,49,0.653061224489796,3,0,0,0,0.17625,0.100714285714286,49,376,7.6734693877551,NA,NA,NA,NA,NA,NA,NA,NA,NA,NA,NA,NA,"P5"
"258","Virginia","fbs","ACC",2015,516343,"T.J. Thorpe",1,1,11,1,9.04570756450329,9.04570756450329,9.04570756450329,75,75,75,1,1,1,1,1,0,0,0,0.09375,0.09375,1,75,75,NA,NA,NA,NA,NA,NA,NA,NA,NA,NA,NA,NA,"P5"
"258","Virginia","fbs","ACC",2015,531056,"Connor Brewer",7,1,11,7,3.39556308874574,0.485080441249391,3.39556308874574,34,4.85714285714286,34,0.428571428571429,4,7,0.571428571428571,0,0,0,0,0,0,7,34,4.85714285714286,NA,NA,NA,NA,NA,NA,NA,NA,NA,NA,NA,NA,"P5"
"258","Virginia","fbs","ACC",2015,535548,"Matt Johns",362,11,11,32.9090909090909,94.0634578180256,0.259843806127143,8.55122343800233,2436,6.7292817679558,221.454545454545,0.450276243093923,228,362,0.629834254143646,15,0,0,0,0.519034090909091,0.319405594405594,362,2436,6.7292817679558,32,35,45,56,38,35,89,45,35,89,41,41,"P5"
"258","Virginia","fbs","ACC",2015,548045,"Taquan Mizzell",1,1,11,1,-0.503433997189206,-0.503433997189206,-0.503433997189206,0,0,0,0,0,1,0,0,0,0,0,0,0,1,0,0,NA,NA,NA,NA,NA,NA,NA,NA,NA,NA,NA,NA,"P5"
"258","Virginia","fbs","ACC",2015,3917914,"Olamide Zaccheaus",1,1,11,1,2.3293664369642,2.3293664369642,2.3293664369642,15,15,15,1,1,1,1,1,0,0,0,0.01875,0.01875,1,15,15,NA,NA,NA,NA,NA,NA,NA,NA,NA,NA,NA,NA,"P5"
"259","Virginia Tech","fbs","ACC",2015,514481,"Michael Brewer",159,7,11,22.7142857142857,27.8698655202666,0.175282173083438,3.98140936003809,1237,7.77987421383648,176.714285714286,0.459119496855346,94,159,0.591194968553459,5,0,0,0,0.368154761904762,0.184077380952381,159,1237,7.77987421383648,95,80,77,48,75,106,39,83,106,39,90,91,"P5"
"259","Virginia Tech","fbs","ACC",2015,515567,"Ryan Malleck",2,2,11,1,4.51621272541267,2.25810636270634,2.25810636270634,8,4,4,1,2,2,1,2,0,0,0,0.00666666666666667,0.005,2,8,4,NA,NA,NA,NA,NA,NA,NA,NA,NA,NA,NA,NA,"P5"
"259","Virginia Tech","fbs","ACC",2015,530541,"Brenden Motley",126,7,11,18,15.5566178835428,0.123465221297959,2.22237398336326,858,6.80952380952381,122.571428571429,0.388888888888889,69,126,0.547619047619048,2,0,0,0,0.204285714285714,0.0680952380952381,126,858,6.80952380952381,NA,NA,NA,NA,NA,NA,NA,NA,NA,NA,NA,NA,"P5"
"259","Virginia Tech","fbs","ACC",2015,547022,"Bucky Hodges",5,3,11,1.66666666666667,18.8518982029636,3.77037964059272,6.28396606765453,53,10.6,17.6666666666667,1,5,5,1,5,0,0,0,0.0368055555555556,0.0276041666666667,5,53,10.6,NA,NA,NA,NA,NA,NA,NA,NA,NA,NA,NA,NA,"P5"
"259","Virginia Tech","fbs","ACC",2015,547028,"Sam Rogers",2,2,11,1,6.84350712183901,3.42175356091951,3.42175356091951,64,32,32,1,2,2,1,1,0,0,0,0.04,0.0266666666666667,2,64,32,NA,NA,NA,NA,NA,NA,NA,NA,NA,NA,NA,NA,"P5"
"259","Virginia Tech","fbs","ACC",2015,3124069,"Isaiah Ford",6,4,11,1.5,18.9743134901362,3.16238558168936,4.74357837253404,69,11.5,17.25,1,6,6,1,5,0,0,0,0.0359375,0.0239583333333333,6,69,11.5,NA,NA,NA,NA,NA,NA,NA,NA,NA,NA,NA,NA,"P5"
"259","Virginia Tech","fbs","ACC",2015,3929940,"Dwayne Lawson",2,2,11,1,-3.56157107440829,-1.78078553720415,-1.78078553720415,0,0,0,0,0,2,0,0,0,0,0,0,0,2,0,0,NA,NA,NA,NA,NA,NA,NA,NA,NA,NA,NA,NA,"P5"
"26","UCLA","fbs","Pac-12",2015,511987,"Jerry Neuheisel",16,3,12,5.33333333333333,-5.91556816409851,-0.369723010256157,-1.9718560546995,61,3.8125,20.3333333333333,0.3125,5,16,0.3125,0,0,0,0,0,0,16,61,3.8125,NA,NA,NA,NA,NA,NA,NA,NA,NA,NA,NA,NA,"P5"
"26","UCLA","fbs","Pac-12",2015,530982,"Paul Perkins",1,1,12,1,4.59058806774128,4.59058806774128,4.59058806774128,31,31,31,1,1,1,1,1,0,0,0,0.03875,0.03875,1,31,31,NA,NA,NA,NA,NA,NA,NA,NA,NA,NA,NA,NA,"P5"
"26","UCLA","fbs","Pac-12",2015,531259,"Mike Fafaul",2,1,12,2,0.980437167071026,0.490218583535513,0.980437167071026,21,10.5,21,1,2,2,1,0,0,0,0,0,0,2,21,10.5,NA,NA,NA,NA,NA,NA,NA,NA,NA,NA,NA,NA,"P5"
"26","UCLA","fbs","Pac-12",2015,547596,"Thomas Duarte",2,2,12,1,4.6644347580543,2.33221737902715,2.33221737902715,26,13,13,1,2,2,1,2,0,0,0,0.0216666666666667,0.01625,2,26,13,NA,NA,NA,NA,NA,NA,NA,NA,NA,NA,NA,NA,"P5"
"26","UCLA","fbs","Pac-12",2015,547603,"Jake Hall",1,1,12,1,0.844472455936024,0.844472455936024,0.844472455936024,5,5,5,1,1,1,1,0,0,0,0,0,0,1,5,5,NA,NA,NA,NA,NA,NA,NA,NA,NA,NA,NA,NA,"P5"
"26","UCLA","fbs","Pac-12",2015,3886377,"Josh Rosen",434,12,12,36.1666666666667,114.779712325691,0.264469383238919,9.5649760271409,3253,7.49539170506912,271.083333333333,0.447004608294931,262,434,0.603686635944701,15,0,0,0,0.6353515625,0.37650462962963,434,3253,7.49539170506912,21,28,42,64,63,10,50,19,10,50,19,25,"P5"
"2628","TCU","fbs","Big 12",2015,512469,"Bram Kohlhausen",33,4,11,8.25,11.4486167258157,0.346927779570171,2.86215418145391,257,7.78787878787879,64.25,0.484848484848485,20,33,0.606060606060606,2,0,0,0,0.107083333333333,0.0535416666666667,33,257,7.78787878787879,NA,NA,NA,NA,NA,NA,NA,NA,NA,NA,NA,NA,"P5"
"2628","TCU","fbs","Big 12",2015,516301,"Josh Doctson",4,2,11,2,8.54971177165882,2.1374279429147,4.27485588582941,70,17.5,35,1,4,4,1,4,0,0,0,0.07,0.0583333333333333,4,70,17.5,NA,NA,NA,NA,NA,NA,NA,NA,NA,NA,NA,NA,"P5"
"2628","TCU","fbs","Big 12",2015,517127,"Trevone Boykin",346,10,11,34.6,130.074849294517,0.375938870793401,13.0074849294517,3040,8.78612716763006,304,0.511560693641618,225,346,0.65028901734104,16,0,0,0,0.715294117647059,0.467692307692308,346,3040,8.78612716763006,13,11,20,13,25,16,15,11,16,15,12,13,"P5"
"2628","TCU","fbs","Big 12",2015,531231,"Kolby Listenbee",1,1,11,1,4.26833561290284,4.26833561290284,4.26833561290284,32,32,32,1,1,1,1,1,0,0,0,0.04,0.04,1,32,32,NA,NA,NA,NA,NA,NA,NA,NA,NA,NA,NA,NA,"P5"
"2628","TCU","fbs","Big 12",2015,545512,"Kyle Hicks",2,2,11,1,0.202679903957619,0.10133995197881,0.10133995197881,7,3.5,3.5,0.5,1,2,0.5,1,0,0,0,0.004375,0.00291666666666667,2,7,3.5,NA,NA,NA,NA,NA,NA,NA,NA,NA,NA,NA,NA,"P5"
"2628","TCU","fbs","Big 12",2015,3116417,"Foster Sawyer",22,2,11,11,-2.17959464411644,-0.0990724838234743,-1.08979732205822,149,6.77272727272727,74.5,0.227272727272727,9,22,0.409090909090909,2,0,0,0,0.124166666666667,0.093125,22,149,6.77272727272727,NA,NA,NA,NA,NA,NA,NA,NA,NA,NA,NA,NA,"P5"
"2628","TCU","fbs","Big 12",2015,3676529,"Jarrison Stewart",1,1,11,1,3.37341103846181,3.37341103846181,3.37341103846181,25,25,25,1,1,1,1,1,0,0,0,0.03125,0.03125,1,25,25,NA,NA,NA,NA,NA,NA,NA,NA,NA,NA,NA,NA,"P5"
"2628","TCU","fbs","Big 12",2015,3676833,"KaVontae Turpin",6,3,11,2,13.639534054859,2.27325567580984,4.54651135161968,142,23.6666666666667,47.3333333333333,0.833333333333333,5,6,0.833333333333333,4,0,0,0,0.0946666666666667,0.0676190476190476,6,142,23.6666666666667,NA,NA,NA,NA,NA,NA,NA,NA,NA,NA,NA,NA,"P5"
"2633","Tennessee","fbs","SEC",2015,546540,"Joshua Dobbs",289,11,11,26.2727272727273,61.3935635837387,0.2124344760683,5.58123305306716,1968,6.80968858131488,178.909090909091,0.449826989619377,174,289,0.602076124567474,13,0,0,0,0.415324675324675,0.242272727272727,289,1968,6.80968858131488,58,65,62,57,66,67,85,82,67,85,79,71,"P5"
"2633","Tennessee","fbs","SEC",2015,551298,"Alvin Kamara",1,1,11,1,3.78762507490647,3.78762507490647,3.78762507490647,24,24,24,1,1,1,1,0,0,0,0,0,0,1,24,24,NA,NA,NA,NA,NA,NA,NA,NA,NA,NA,NA,NA,"P5"
"2633","Tennessee","fbs","SEC",2015,3886565,"Quinten Dormady",10,3,11,3.33333333333333,1.51443372563878,0.151443372563878,0.504811241879593,88,8.8,29.3333333333333,0.5,5,10,0.5,0,0,0,0,0,0,10,88,8.8,NA,NA,NA,NA,NA,NA,NA,NA,NA,NA,NA,NA,"P5"
"2633","Tennessee","fbs","SEC",2015,3886598,"Jauan Jennings",2,2,11,1,4.2456985202504,2.1228492601252,2.1228492601252,58,29,29,0.5,1,2,0.5,1,0,0,0,0.03625,0.0241666666666667,2,58,29,NA,NA,NA,NA,NA,NA,NA,NA,NA,NA,NA,NA,"P5"
"2636","UTSA","fbs","Conference USA",2015,511688,"Russell Bellomy",10,3,12,3.33333333333333,-3.15374131233322,-0.315374131233322,-1.05124710411107,39,3.9,13,0.3,4,10,0.4,0,0,0,0,0,0,10,39,3.9,NA,NA,NA,NA,NA,NA,NA,NA,NA,NA,NA,NA,"G5"
"2636","UTSA","fbs","Conference USA",2015,3124037,"Dalton Sturm",204,9,12,22.6666666666667,49.347330112488,0.241898677022,5.48303667916533,1361,6.67156862745098,151.222222222222,0.441176470588235,124,204,0.607843137254902,13,0,0,0,0.351051587301587,0.223396464646465,204,1361,6.67156862745098,70,67,52,66,61,98,91,100,98,91,94,77,"G5"
"2636","UTSA","fbs","Conference USA",2015,3124039,"Blake Bogenschutz",133,5,12,26.6,21.6417411264377,0.162719858093516,4.32834822528754,897,6.74436090225564,179.4,0.421052631578947,81,133,0.609022556390977,4,0,0,0,0.3588,0.199333333333333,133,897,6.74436090225564,NA,NA,NA,NA,NA,NA,NA,NA,NA,NA,NA,NA,"G5"
"2636","UTSA","fbs","Conference USA",2015,3124043,"Tyrell Clay",1,1,12,1,2.17183769365795,2.17183769365795,2.17183769365795,31,31,31,1,1,1,1,0,0,0,0,0,0,1,31,31,NA,NA,NA,NA,NA,NA,NA,NA,NA,NA,NA,NA,"G5"
"2638","UTEP","fbs","Conference USA",2015,536548,"Jaquan White",2,2,10,1,5.51546644463632,2.75773322231816,2.75773322231816,23,11.5,11.5,1,2,2,1,2,0,0,0,0.0191666666666667,0.014375,2,23,11.5,NA,NA,NA,NA,NA,NA,NA,NA,NA,NA,NA,NA,"G5"
"2638","UTEP","fbs","Conference USA",2015,545833,"Aaron Jones",1,1,10,1,4.05623362097293,4.05623362097293,4.05623362097293,24,24,24,1,1,1,1,1,0,0,0,0.03,0.03,1,24,24,NA,NA,NA,NA,NA,NA,NA,NA,NA,NA,NA,NA,"G5"
"2638","UTEP","fbs","Conference USA",2015,546104,"Mack Leftwich",149,6,10,24.8333333333333,19.2164446485386,0.1289694271714,3.20274077475643,920,6.1744966442953,153.333333333333,0.375838926174497,83,149,0.557046979865772,3,0,0,0,0.2875,0.127777777777778,149,920,6.1744966442953,101,92,91,107,91,116,100,98,116,100,108,107,"G5"
"2638","UTEP","fbs","Conference USA",2015,3124698,"Ryan Metz",100,7,10,14.2857142857143,2.20214679678866,0.0220214679678866,0.314592399541238,596,5.96,85.1428571428571,0.44,58,100,0.58,3,0,0,0,0.159642857142857,0.0638571428571428,100,596,5.96,NA,NA,NA,NA,NA,NA,NA,NA,NA,NA,NA,NA,"G5"
"2638","UTEP","fbs","Conference USA",2015,3124722,"Tyler Batson",1,1,10,1,4.02574393576789,4.02574393576789,4.02574393576789,30,30,30,1,1,1,1,1,0,0,0,0.0375,0.0375,1,30,30,NA,NA,NA,NA,NA,NA,NA,NA,NA,NA,NA,NA,"G5"
"2638","UTEP","fbs","Conference USA",2015,3915879,"Kavika Johnson",51,6,10,8.5,-14.8227199304546,-0.290641567263816,-2.47045332174244,181,3.54901960784314,30.1666666666667,0.215686274509804,25,51,0.490196078431373,2,0,0,0,0.0502777777777778,0.0188541666666667,51,181,3.54901960784314,NA,NA,NA,NA,NA,NA,NA,NA,NA,NA,NA,NA,"G5"
"2638","UTEP","fbs","Conference USA",2015,3915894,"Warren Redix",1,1,10,1,3.84656443113648,3.84656443113648,3.84656443113648,32,32,32,1,1,1,1,1,0,0,0,0.04,0.04,1,32,32,NA,NA,NA,NA,NA,NA,NA,NA,NA,NA,NA,NA,"G5"
"264","Washington","fbs","Pac-12",2015,499791,"Deontae Cooper",1,1,11,1,-0.117633296037744,-0.117633296037744,-0.117633296037744,4,4,4,0,1,1,1,0,0,0,0,0,0,1,4,4,NA,NA,NA,NA,NA,NA,NA,NA,NA,NA,NA,NA,"P5"
"264","Washington","fbs","Pac-12",2015,513050,"Marvin Hall",1,1,11,1,2.79331497629143,2.79331497629143,2.79331497629143,27,27,27,1,1,1,1,1,0,0,0,0.03375,0.03375,1,27,27,NA,NA,NA,NA,NA,NA,NA,NA,NA,NA,NA,NA,"P5"
"264","Washington","fbs","Pac-12",2015,535324,"Jaydon Mickens",1,1,11,1,-0.466621617955242,-0.466621617955242,-0.466621617955242,0,0,0,0,0,1,0,0,0,0,0,0,0,1,0,0,NA,NA,NA,NA,NA,NA,NA,NA,NA,NA,NA,NA,"P5"
"264","Washington","fbs","Pac-12",2015,3127291,"K.J. Carta-Samuels",22,2,11,11,2.64675795693639,0.120307179860745,1.32337897846819,124,5.63636363636364,62,0.363636363636364,10,22,0.454545454545455,0,0,0,0,0,0,22,124,5.63636363636364,NA,NA,NA,NA,NA,NA,NA,NA,NA,NA,NA,NA,"P5"
"264","Washington","fbs","Pac-12",2015,3127310,"Drew Sample",1,1,11,1,0.575288866618394,0.575288866618394,0.575288866618394,1,1,1,1,1,1,1,1,0,0,0,0.00125,0.00125,1,1,1,NA,NA,NA,NA,NA,NA,NA,NA,NA,NA,NA,NA,"P5"
"264","Washington","fbs","Pac-12",2015,3886812,"Jake Browning",298,10,11,29.8,66.3707835694812,0.222720750233158,6.63707835694812,2339,7.8489932885906,233.9,0.463087248322148,191,298,0.640939597315436,13,0,0,0,0.542982142857143,0.330510869565217,298,2339,7.8489932885906,53,53,59,43,31,44,36,39,44,36,37,40,"P5"
"2641","Texas Tech","fbs","Big 12",2015,514493,"Jakeem Grant",2,2,11,1,8.42780631621466,4.21390315810733,4.21390315810733,77,38.5,38.5,1,2,2,1,2,0,0,0,0.0641666666666667,0.048125,2,77,38.5,NA,NA,NA,NA,NA,NA,NA,NA,NA,NA,NA,NA,"P5"
"2641","Texas Tech","fbs","Big 12",2015,515805,"DeAndre Washington",1,1,11,1,3.51402579906392,3.51402579906392,3.51402579906392,17,17,17,1,1,1,1,1,0,0,0,0.02125,0.02125,1,17,17,NA,NA,NA,NA,NA,NA,NA,NA,NA,NA,NA,NA,"P5"
"2641","Texas Tech","fbs","Big 12",2015,545364,"Nic Shimonek",2,1,11,2,1.28091163109049,0.640455815545243,1.28091163109049,18,9,18,0.5,1,2,0.5,0,0,0,0,0,0,2,18,9,NA,NA,NA,NA,NA,NA,NA,NA,NA,NA,NA,NA,"P5"
"2641","Texas Tech","fbs","Big 12",2015,550359,"Zach Austin",1,1,11,1,6.53849187678969,6.53849187678969,6.53849187678969,55,55,55,1,1,1,1,1,0,0,0,0.06875,0.06875,1,55,55,NA,NA,NA,NA,NA,NA,NA,NA,NA,NA,NA,NA,"P5"
"2641","Texas Tech","fbs","Big 12",2015,550386,"Davis Webb",36,4,11,9,3.42078441546575,0.095021789318493,0.855196103866437,275,7.63888888888889,68.75,0.444444444444444,20,36,0.555555555555556,1,0,0,0,0.0859375,0.034375,36,275,7.63888888888889,NA,NA,NA,NA,NA,NA,NA,NA,NA,NA,NA,NA,"P5"
"2641","Texas Tech","fbs","Big 12",2015,3139456,"Cameron Batson",1,1,11,1,7.07362321723011,7.07362321723011,7.07362321723011,37,37,37,1,1,1,1,1,0,0,0,0.04625,0.04625,1,37,37,NA,NA,NA,NA,NA,NA,NA,NA,NA,NA,NA,NA,"P5"
"2641","Texas Tech","fbs","Big 12",2015,3139477,"Patrick Mahomes",440,11,11,40,82.6750936095536,0.187897940021713,7.51591760086851,3444,7.82727272727273,313.090909090909,0.470454545454545,292,440,0.663636363636364,17,0,0,0,0.739242424242424,0.475227272727273,440,3444,7.82727272727273,39,46,73,38,18,9,38,9,9,38,9,11,"P5"
"2641","Texas Tech","fbs","Big 12",2015,3139484,"Ian Sadler",2,2,11,1,3.42167880837515,1.71083940418758,1.71083940418758,20,10,10,0.5,1,2,0.5,1,0,0,0,0.0125,0.00833333333333333,2,20,10,NA,NA,NA,NA,NA,NA,NA,NA,NA,NA,NA,NA,"P5"
"2641","Texas Tech","fbs","Big 12",2015,3139485,"Justin Stockton",3,2,11,1.5,10.0432923632978,3.34776412109928,5.02164618164892,91,30.3333333333333,45.5,1,3,3,1,3,0,0,0,0.0853125,0.06825,3,91,30.3333333333333,NA,NA,NA,NA,NA,NA,NA,NA,NA,NA,NA,NA,"P5"
"2641","Texas Tech","fbs","Big 12",2015,3915821,"Tony Brown",1,1,11,1,4.42459178878449,4.42459178878449,4.42459178878449,13,13,13,1,1,1,1,1,0,0,0,0.01625,0.01625,1,13,13,NA,NA,NA,NA,NA,NA,NA,NA,NA,NA,NA,NA,"P5"
"2641","Texas Tech","fbs","Big 12",2015,3915827,"Jonathan Giles",2,2,11,1,2.84811625818229,1.42405812909114,1.42405812909114,16,8,8,0.5,2,2,1,1,0,0,0,0.01,0.00666666666666667,2,16,8,NA,NA,NA,NA,NA,NA,NA,NA,NA,NA,NA,NA,"P5"
"2649","Toledo","fbs","Mid-American",2015,515906,"Phillip Ely",328,10,10,32.8,81.559893053515,0.248658210529009,8.1559893053515,2413,7.35670731707317,241.3,0.448170731707317,190,328,0.579268292682927,18,0,0,0,0.5715,0.387803571428572,328,2413,7.35670731707317,41,39,48,61,79,37,59,33,37,59,30,22,"G5"
"2649","Toledo","fbs","Mid-American",2015,532637,"Corey Jones",1,1,10,1,1.85105200072733,1.85105200072733,1.85105200072733,5,5,5,1,1,1,1,1,0,0,0,0.00625,0.00625,1,5,5,NA,NA,NA,NA,NA,NA,NA,NA,NA,NA,NA,NA,"G5"
"2649","Toledo","fbs","Mid-American",2015,552746,"Michael Julian",7,2,10,3.5,4.17919762825285,0.59702823260755,2.08959881412642,71,10.1428571428571,35.5,0.714285714285714,5,7,0.714285714285714,1,0,0,0,0.044375,0.0295833333333333,7,71,10.1428571428571,NA,NA,NA,NA,NA,NA,NA,NA,NA,NA,NA,NA,"G5"
"265","Washington State","fbs","Pac-12",2015,513120,"Dom Williams",2,2,11,1,7.98334256187699,3.99167128093849,3.99167128093849,18,9,9,1,2,2,1,2,0,0,0,0.015,0.01125,2,18,9,NA,NA,NA,NA,NA,NA,NA,NA,NA,NA,NA,NA,"P5"
"265","Washington State","fbs","Pac-12",2015,534884,"Gabe Marks",3,2,11,1.5,9.26441517079362,3.08813839026454,4.63220758539681,44,14.6666666666667,22,1,3,3,1,3,0,0,0,0.04125,0.033,3,44,14.6666666666667,NA,NA,NA,NA,NA,NA,NA,NA,NA,NA,NA,NA,"P5"
"265","Washington State","fbs","Pac-12",2015,550624,"River Cracraft",2,2,11,1,4.00694769049753,2.00347384524876,2.00347384524876,9,4.5,4.5,1,2,2,1,2,0,0,0,0.0075,0.005625,2,9,4.5,NA,NA,NA,NA,NA,NA,NA,NA,NA,NA,NA,NA,"P5"
"265","Washington State","fbs","Pac-12",2015,550629,"Luke Falk",530,10,11,53,147.916416524995,0.279087578349048,14.7916416524995,3892,7.34339622641509,389.2,0.518867924528302,382,530,0.720754716981132,27,0,0,0,0.93825,0.710027027027027,530,3892,7.34339622641509,8,6,37,8,2,2,60,1,2,60,1,1,"P5"
"265","Washington State","fbs","Pac-12",2015,3127261,"Peyton Bender",82,4,11,20.5,-2.59389163682933,-0.031632824839382,-0.648472909207332,465,5.67073170731707,116.25,0.524390243902439,50,82,0.609756097560976,2,0,0,0,0.19375,0.096875,82,465,5.67073170731707,NA,NA,NA,NA,NA,NA,NA,NA,NA,NA,NA,NA,"P5"
"2653","Troy","fbs","Sun Belt",2015,515163,"K.D. Edenfield",1,1,11,1,3.76294255041675,3.76294255041675,3.76294255041675,45,45,45,1,1,1,1,0,0,0,0,0,0,1,45,45,NA,NA,NA,NA,NA,NA,NA,NA,NA,NA,NA,NA,"G5"
"2653","Troy","fbs","Sun Belt",2015,517960,"Dallas Tidwell",51,7,11,7.28571428571429,-0.593204767963028,-0.0116314660384907,-0.0847435382804325,272,5.33333333333333,38.8571428571429,0.372549019607843,24,51,0.470588235294118,1,0,0,0,0.0485714285714286,0.0121428571428571,51,272,5.33333333333333,NA,NA,NA,NA,NA,NA,NA,NA,NA,NA,NA,NA,"G5"
"2653","Troy","fbs","Sun Belt",2015,546145,"Brandon Silvers",286,10,11,28.6,58.1128133624388,0.203191655113422,5.81128133624388,2015,7.04545454545455,201.5,0.458041958041958,176,286,0.615384615384615,15,0,0,0,0.472265625,0.30225,286,2015,7.04545454545455,62,64,68,49,58,60,73,58,60,73,56,48,"G5"
"2653","Troy","fbs","Sun Belt",2015,3125460,"Dontreal Pruitt",29,2,11,14.5,7.00664962284798,0.241608607684413,3.50332481142399,160,5.51724137931035,80,0.448275862068966,20,29,0.689655172413793,0,0,0,0,0,0,29,160,5.51724137931035,NA,NA,NA,NA,NA,NA,NA,NA,NA,NA,NA,NA,"G5"
"2653","Troy","fbs","Sun Belt",2015,3125464,"Teddy Ruben",4,3,11,1.33333333333333,8.4948515960793,2.12371289901982,2.8316171986931,97,24.25,32.3333333333333,0.75,4,4,1,3,0,0,0,0.060625,0.0404166666666667,4,97,24.25,NA,NA,NA,NA,NA,NA,NA,NA,NA,NA,NA,NA,"G5"
"2655","Tulane","fbs","American Athletic",2015,518132,"Jordy Joseph",82,5,11,16.4,5.83368327747666,0.0711424789936178,1.16673665549533,488,5.95121951219512,97.6,0.390243902439024,41,82,0.5,2,0,0,0,0.162666666666667,0.0697142857142857,82,488,5.95121951219512,NA,NA,NA,NA,NA,NA,NA,NA,NA,NA,NA,NA,"G5"
"2655","Tulane","fbs","American Athletic",2015,532173,"Devin Powell",35,4,11,8.75,-9.74662914886843,-0.278475118539098,-2.43665728721711,142,4.05714285714286,35.5,0.257142857142857,15,35,0.428571428571429,1,0,0,0,0.044375,0.01775,35,142,4.05714285714286,NA,NA,NA,NA,NA,NA,NA,NA,NA,NA,NA,NA,"G5"
"2655","Tulane","fbs","American Athletic",2015,545757,"Tanner Lee",242,8,11,30.25,22.1686160071171,0.0916058512690787,2.77107700088963,1362,5.62809917355372,170.25,0.351239669421488,127,242,0.524793388429752,10,0,0,0,0.386931818181818,0.236458333333333,242,1362,5.62809917355372,98,96,99,112,110,97,106,90,97,106,86,73,"G5"
"2655","Tulane","fbs","American Athletic",2015,3126244,"Teddy Veal",1,1,11,1,2.08451587840284,2.08451587840284,2.08451587840284,3,3,3,1,1,1,1,1,0,0,0,0.00375,0.00375,1,3,3,NA,NA,NA,NA,NA,NA,NA,NA,NA,NA,NA,NA,"G5"
"2655","Tulane","fbs","American Athletic",2015,3126246,"Dontrell Hilliard",1,1,11,1,5.65854076160944,5.65854076160944,5.65854076160944,66,66,66,1,1,1,1,1,0,0,0,0.0825,0.0825,1,66,66,NA,NA,NA,NA,NA,NA,NA,NA,NA,NA,NA,NA,"G5"
"2655","Tulane","fbs","American Athletic",2015,3917053,"Andrew Hicks",1,1,11,1,3.79542132838811,3.79542132838811,3.79542132838811,34,34,34,1,1,1,1,1,0,0,0,0.0425,0.0425,1,34,34,NA,NA,NA,NA,NA,NA,NA,NA,NA,NA,NA,NA,"G5"
"2711","Western Michigan","fbs","Mid-American",2015,532645,"Zach Terrell",301,10,10,30.1,126.944110352628,0.421741230407403,12.6944110352628,2481,8.24252491694352,248.1,0.495016611295681,203,301,0.674418604651163,17,0,0,0,0.585791666666667,0.390527777777778,301,2481,8.24252491694352,14,13,10,19,13,33,24,26,33,24,26,21,"G5"
"2711","Western Michigan","fbs","Mid-American",2015,545923,"Corey Davis",2,1,10,2,7.68163217220321,3.8408160861016,7.68163217220321,94,47,94,1,2,2,1,1,0,0,0,0.1175,0.1175,2,94,47,NA,NA,NA,NA,NA,NA,NA,NA,NA,NA,NA,NA,"G5"
"2711","Western Michigan","fbs","Mid-American",2015,3916725,"Tom Flacco",7,3,10,2.33333333333333,5.66892771021054,0.809846815744362,1.88964257007018,93,13.2857142857143,31,0.428571428571429,5,7,0.714285714285714,1,0,0,0,0.03875,0.019375,7,93,13.2857142857143,NA,NA,NA,NA,NA,NA,NA,NA,NA,NA,NA,NA,"G5"
"275","Wisconsin","fbs","Big Ten",2015,514230,"Joel Stave",327,12,12,27.25,53.8963113242598,0.1648205239274,4.49135927702165,2441,7.46483180428135,203.416666666667,0.486238532110092,203,327,0.620795107033639,6,0,0,0,0.435892857142857,0.169513888888889,327,2441,7.46483180428135,65,75,81,27,52,34,55,56,34,55,70,94,"P5"
"275","Wisconsin","fbs","Big Ten",2015,534809,"Alex Erickson",1,1,12,1,2.84842601238222,2.84842601238222,2.84842601238222,6,6,6,1,1,1,1,1,0,0,0,0.0075,0.0075,1,6,6,NA,NA,NA,NA,NA,NA,NA,NA,NA,NA,NA,NA,"P5"
"275","Wisconsin","fbs","Big Ten",2015,534813,"Bart Houston",43,6,12,7.16666666666667,13.7814985117925,0.320499965390523,2.29691641863208,281,6.53488372093023,46.8333333333333,0.581395348837209,27,43,0.627906976744186,3,0,0,0,0.0878125,0.0390277777777778,43,281,6.53488372093023,NA,NA,NA,NA,NA,NA,NA,NA,NA,NA,NA,NA,"P5"
"275","Wisconsin","fbs","Big Ten",2015,537577,"Dare Ogunbowale",1,1,12,1,1.52738429646936,1.52738429646936,1.52738429646936,7,7,7,1,1,1,1,1,0,0,0,0.00875,0.00875,1,7,7,NA,NA,NA,NA,NA,NA,NA,NA,NA,NA,NA,NA,"P5"
"275","Wisconsin","fbs","Big Ten",2015,546867,"Robert Wheelwright",2,2,12,1,4.55902535478808,2.27951267739404,2.27951267739404,16,8,8,1,2,2,1,2,0,0,0,0.0133333333333333,0.01,2,16,8,NA,NA,NA,NA,NA,NA,NA,NA,NA,NA,NA,NA,"P5"
"2751","Wyoming","fbs","Mountain West",2015,530691,"Cameron Coffman",194,8,11,24.25,92.8673892211481,0.478697882583238,11.6084236526435,1661,8.56185567010309,207.625,0.479381443298969,133,194,0.685567010309278,16,0,0,0,0.488529411764706,0.346041666666667,194,1661,8.56185567010309,34,19,3,32,9,80.5,18,53,80.5,18,50,36,"G5"
"2751","Wyoming","fbs","Mountain West",2015,536854,"Jake Maulhardt",2,1,11,2,7.15993218243244,3.57996609121622,7.15993218243244,17,8.5,17,1,2,2,1,2,0,0,0,0.0283333333333333,0.0283333333333333,2,17,8.5,NA,NA,NA,NA,NA,NA,NA,NA,NA,NA,NA,NA,"G5"
"2751","Wyoming","fbs","Mountain West",2015,3125418,"Nick Smith",57,4,11,14.25,-18.8937073506928,-0.331468550012154,-4.72342683767319,228,4,57,0.333333333333333,25,57,0.43859649122807,0,0,0,0,0,0,57,228,4,NA,NA,NA,NA,NA,NA,NA,NA,NA,NA,NA,NA,"G5"
"2751","Wyoming","fbs","Mountain West",2015,3918298,"Josh Allen",4,1,11,4,2.83136797521978,0.707841993804946,2.83136797521978,32,8,32,0.75,3,4,0.75,0,0,0,0,0,0,4,32,8,NA,NA,NA,NA,NA,NA,NA,NA,NA,NA,NA,NA,"G5"
"276","Marshall","fbs","Conference USA",2015,533604,"Michael Birdsong",73,5,11,14.6,-13.4675010956511,-0.184486316378782,-2.69350021913022,347,4.75342465753425,69.4,0.36986301369863,41,73,0.561643835616438,2,0,0,0,0.115666666666667,0.0495714285714286,73,347,4.75342465753425,NA,NA,NA,NA,NA,NA,NA,NA,NA,NA,NA,NA,"G5"
"276","Marshall","fbs","Conference USA",2015,3139421,"Hyleck Foster",1,1,11,1,1.74865906318791,1.74865906318791,1.74865906318791,30,30,30,1,1,1,1,0,0,0,0,0,0,1,30,30,NA,NA,NA,NA,NA,NA,NA,NA,NA,NA,NA,NA,"G5"
"276","Marshall","fbs","Conference USA",2015,3139447,"Ryan Yurachek",1,1,11,1,4.53614218599229,4.53614218599229,4.53614218599229,15,15,15,1,1,1,1,1,0,0,0,0.01875,0.01875,1,15,15,NA,NA,NA,NA,NA,NA,NA,NA,NA,NA,NA,NA,"G5"
"276","Marshall","fbs","Conference USA",2015,3931761,"Emanuel Byrd",1,1,11,1,-0.844726303508255,-0.844726303508255,-0.844726303508255,0,0,0,0,0,1,0,0,0,0,0,0,0,1,0,0,NA,NA,NA,NA,NA,NA,NA,NA,NA,NA,NA,NA,"G5"
"276","Marshall","fbs","Conference USA",2015,3931782,"Chase Litton",301,9,11,33.4444444444444,47.7413686491868,0.158609198170056,5.30459651657631,2056,6.83056478405316,228.444444444444,0.45514950166113,177,301,0.588039867109635,15,0,0,0,0.535416666666667,0.356944444444444,301,2056,6.83056478405316,72,70,82,50,77,56,83,42,56,83,39,32,"G5"
"277","West Virginia","fbs","Big 12",2015,546034,"Shelton Gibson",1,1,11,1,4.63632661464667,4.63632661464667,4.63632661464667,32,32,32,1,1,1,1,1,0,0,0,0.04,0.04,1,32,32,NA,NA,NA,NA,NA,NA,NA,NA,NA,NA,NA,NA,"P5"
"277","West Virginia","fbs","Big 12",2015,3116456,"William Crest Jr.",18,5,11,3.6,-12.9760641526423,-0.720892452924573,-2.59521283052846,74,4.11111111111111,14.8,0.222222222222222,5,18,0.277777777777778,0,0,0,0,0,0,18,74,4.11111111111111,NA,NA,NA,NA,NA,NA,NA,NA,NA,NA,NA,NA,"P5"
"277","West Virginia","fbs","Big 12",2015,3116460,"Skyler Howard",310,11,11,28.1818181818182,51.4296615349371,0.165902133983668,4.67542377590337,2314,7.46451612903226,210.363636363636,0.438709677419355,170,310,0.548387096774194,17,0,0,0,0.496691919191919,0.319301948051948,310,2314,7.46451612903226,67,73,80,69,99,45,56,50,45,56,45,42,"P5"
"278","Fresno State","fbs","Mountain West",2015,534491,"Ford Childress",32,2,11,16,-4.56150478421437,-0.142547024506699,-2.28075239210718,162,5.0625,81,0.34375,19,32,0.59375,2,0,0,0,0.135,0.10125,32,162,5.0625,NA,NA,NA,NA,NA,NA,NA,NA,NA,NA,NA,NA,"G5"
"278","Fresno State","fbs","Mountain West",2015,550587,"Zack Greenlee",119,6,11,19.8333333333333,3.50512222836097,0.0294548086416888,0.584187038060162,710,5.96638655462185,118.333333333333,0.302521008403361,60,119,0.504201680672269,10,0,0,0,0.268939393939394,0.184895833333333,119,710,5.96638655462185,NA,NA,NA,NA,NA,NA,NA,NA,NA,NA,NA,NA,"G5"
"278","Fresno State","fbs","Mountain West",2015,3124529,"Kilton Anderson",151,7,11,21.5714285714286,-12.4235717919367,-0.0822753098803755,-1.77479597027667,815,5.39735099337748,116.428571428571,0.337748344370861,77,151,0.509933774834437,1,0,0,0,0.145535714285714,0.0363839285714286,151,815,5.39735099337748,NA,NA,NA,NA,NA,NA,NA,NA,NA,NA,NA,NA,"G5"
"278","Fresno State","fbs","Mountain West",2015,3918038,"Chason Virgil",41,2,11,20.5,13.8516983027012,0.337846300065884,6.92584915135062,237,5.78048780487805,118.5,0.390243902439024,23,41,0.560975609756098,2,0,0,0,0.1975,0.148125,41,237,5.78048780487805,NA,NA,NA,NA,NA,NA,NA,NA,NA,NA,NA,NA,"G5"
"278","Fresno State","fbs","Mountain West",2015,3918042,"Josiah Blandin",1,1,11,1,3.06566156701888,3.06566156701888,3.06566156701888,2,2,2,1,1,1,1,1,0,0,0,0.0025,0.0025,1,2,2,NA,NA,NA,NA,NA,NA,NA,NA,NA,NA,NA,NA,"G5"
"290","Georgia Southern","fbs","Sun Belt",2015,532925,"Kevin Ellison",62,9,11,6.88888888888889,0.252041279284884,0.00406518192394973,0.0280045865872093,447,7.20967741935484,49.6666666666667,0.370967741935484,27,62,0.435483870967742,3,0,0,0,0.093125,0.0310416666666667,62,447,7.20967741935484,NA,NA,NA,NA,NA,NA,NA,NA,NA,NA,NA,NA,"G5"
"290","Georgia Southern","fbs","Sun Belt",2015,549301,"Favian Upshaw",38,11,11,3.45454545454545,-13.0057266124988,-0.34225596348681,-1.18233878295443,189,4.97368421052632,17.1818181818182,0.368421052631579,16,38,0.421052631578947,0,0,0,0,0,0,38,189,4.97368421052632,NA,NA,NA,NA,NA,NA,NA,NA,NA,NA,NA,NA,"G5"
"295","Old Dominion","fbs","Conference USA",2015,534739,"Zach Pascal",1,1,11,1,3.28257491001859,3.28257491001859,3.28257491001859,47,47,47,1,1,1,1,0,0,0,0,0,0,1,47,47,NA,NA,NA,NA,NA,NA,NA,NA,NA,NA,NA,NA,"G5"
"295","Old Dominion","fbs","Conference USA",2015,535113,"David Washington",158,5,11,31.6,36.7619680461977,0.232670683836694,7.35239360923955,1155,7.31012658227848,231,0.436708860759494,94,158,0.594936708860759,8,0,0,0,0.513333333333333,0.355384615384615,158,1155,7.31012658227848,83,48,55,72,70,113,62,41,113,62,43,33,"G5"
"295","Old Dominion","fbs","Conference USA",2015,3123209,"Shuler Bentley",241,9,11,26.7777777777778,-27.3148381824029,-0.113339577520344,-3.03498202026699,1295,5.37344398340249,143.888888888889,0.33195020746888,127,241,0.526970954356846,11,0,0,0,0.32974537037037,0.197847222222222,241,1295,5.37344398340249,115,115,115,116,108,103,112,104,103,112,98,85,"G5"
"295","Old Dominion","fbs","Conference USA",2015,3123229,"Marques Little",1,1,11,1,2.83993972707958,2.83993972707958,2.83993972707958,16,16,16,1,1,1,1,1,0,0,0,0.02,0.02,1,16,16,NA,NA,NA,NA,NA,NA,NA,NA,NA,NA,NA,NA,"G5"
"30","USC","fbs","Pac-12",2015,513329,"Cody Kessler",404,13,13,31.0769230769231,117.787353357878,0.291552854846233,9.0605656429137,3175,7.85891089108911,244.230769230769,0.49009900990099,276,404,0.683168316831683,24,0,0,0,0.586153846153846,0.396049896049896,404,3175,7.85891089108911,17,32,34,22,10,12,35,31,12,35,25,20,"P5"
"30","USC","fbs","Pac-12",2015,531009,"Darreus Rogers",1,1,13,1,2.75491368027016,2.75491368027016,2.75491368027016,20,20,20,1,1,1,1,1,0,0,0,0.025,0.025,1,20,20,NA,NA,NA,NA,NA,NA,NA,NA,NA,NA,NA,NA,"P5"
"30","USC","fbs","Pac-12",2015,534485,"Taylor McNamara",1,1,13,1,3.13211412205001,3.13211412205001,3.13211412205001,7,7,7,1,1,1,1,1,0,0,0,0.00875,0.00875,1,7,7,NA,NA,NA,NA,NA,NA,NA,NA,NA,NA,NA,NA,"P5"
"30","USC","fbs","Pac-12",2015,546415,"Max Browne",11,3,13,3.66666666666667,0.418033726382764,0.0380030660347967,0.139344575460921,78,7.09090909090909,26,0.363636363636364,7,11,0.636363636363636,0,0,0,0,0,0,11,78,7.09090909090909,NA,NA,NA,NA,NA,NA,NA,NA,NA,NA,NA,NA,"P5"
"30","USC","fbs","Pac-12",2015,3120347,"Adoree' Jackson",1,1,13,1,7.17780971286478,7.17780971286478,7.17780971286478,83,83,83,1,1,1,1,1,0,0,0,0.10375,0.10375,1,83,83,NA,NA,NA,NA,NA,NA,NA,NA,NA,NA,NA,NA,"P5"
"30","USC","fbs","Pac-12",2015,3120348,"JuJu Smith-Schuster",1,1,13,1,2.70236612290861,2.70236612290861,2.70236612290861,25,25,25,1,1,1,1,1,0,0,0,0.03125,0.03125,1,25,25,NA,NA,NA,NA,NA,NA,NA,NA,NA,NA,NA,NA,"P5"
"30","USC","fbs","Pac-12",2015,3120349,"Jalen Greene",4,4,13,1,9.83385584255273,2.45846396063818,2.45846396063818,127,31.75,31.75,0.75,3,4,0.75,1,0,0,0,0.0396875,0.015875,4,127,31.75,NA,NA,NA,NA,NA,NA,NA,NA,NA,NA,NA,NA,"P5"
"309","Louisiana","fbs","Sun Belt",2015,512339,"Jamal Robinson",1,1,11,1,5.23030300413105,5.23030300413105,5.23030300413105,45,45,45,1,1,1,1,1,0,0,0,0.05625,0.05625,1,45,45,NA,NA,NA,NA,NA,NA,NA,NA,NA,NA,NA,NA,"G5"
"309","Louisiana","fbs","Sun Belt",2015,531430,"Jalen Nixon",136,9,11,15.1111111111111,5.06190286685335,0.0372198740209805,0.562433651872595,808,5.94117647058824,89.7777777777778,0.352941176470588,75,136,0.551470588235294,6,0,0,0,0.192380952380952,0.0897777777777778,136,808,5.94117647058824,NA,NA,NA,NA,NA,NA,NA,NA,NA,NA,NA,NA,"G5"
"309","Louisiana","fbs","Sun Belt",2015,531678,"Brooks Haack",185,9,11,20.5555555555556,19.2613938539015,0.104115642453522,2.14015487265572,1170,6.32432432432432,130,0.443243243243243,115,185,0.621621621621622,4,0,0,0,0.26,0.1,185,1170,6.32432432432432,100,100,98,65,49,111,97,109.5,111,97,113,111,"G5"
"309","Louisiana","fbs","Sun Belt",2015,545809,"Elijah McGuire",3,3,11,1,1.7194710121289,0.573157004042967,0.573157004042967,20,6.66666666666667,6.66666666666667,0.333333333333333,1,3,0.333333333333333,1,0,0,0,0.00833333333333333,0.00416666666666667,3,20,6.66666666666667,NA,NA,NA,NA,NA,NA,NA,NA,NA,NA,NA,NA,"G5"
"309","Louisiana","fbs","Sun Belt",2015,3124912,"Jordan Davis",41,2,11,20.5,16.921971028743,0.41273100070105,8.46098551437152,267,6.51219512195122,133.5,0.439024390243902,27,41,0.658536585365854,1,0,0,0,0.166875,0.11125,41,267,6.51219512195122,NA,NA,NA,NA,NA,NA,NA,NA,NA,NA,NA,NA,"G5"
"326","Texas State","fbs","Sun Belt",2015,519459,"Jack Rhoades",1,1,10,1,-2.82059269466138,-2.82059269466138,-2.82059269466138,0,0,0,0,0,1,0,0,0,0,0,0,0,1,0,0,NA,NA,NA,NA,NA,NA,NA,NA,NA,NA,NA,NA,"G5"
"326","Texas State","fbs","Sun Belt",2015,548240,"Tyler Jones",316,10,10,31.6,40.305280839918,0.127548357088348,4.0305280839918,1911,6.04746835443038,191.1,0.40506329113924,187,316,0.591772151898734,9,0,0,0,0.429975,0.226302631578947,316,1911,6.04746835443038,78,78,92,89,73,69,101,66,69,101,74,76,"G5"
"326","Texas State","fbs","Sun Belt",2015,3125432,"Connor White",37,3,10,12.3333333333333,9.40844927172395,0.254282412749296,3.13614975724132,180,4.86486486486486,60,0.405405405405405,20,37,0.540540540540541,1,0,0,0,0.075,0.0375,37,180,4.86486486486486,NA,NA,NA,NA,NA,NA,NA,NA,NA,NA,NA,NA,"G5"
"328","Utah State","fbs","Mountain West",2015,512806,"Chuckie Keeton",135,5,11,27,-2.44291855786015,-0.0180956930211863,-0.488583711572029,771,5.71111111111111,154.2,0.377777777777778,73,135,0.540740740740741,3,0,0,0,0.289125,0.1445625,135,771,5.71111111111111,NA,NA,NA,NA,NA,NA,NA,NA,NA,NA,NA,NA,"G5"
"328","Utah State","fbs","Mountain West",2015,514590,"Brandon Swindall",1,1,11,1,3.34048563274608,3.34048563274608,3.34048563274608,19,19,19,1,1,1,1,1,0,0,0,0.02375,0.02375,1,19,19,NA,NA,NA,NA,NA,NA,NA,NA,NA,NA,NA,NA,"G5"
"328","Utah State","fbs","Mountain West",2015,550535,"Jaren Colston-Green",1,1,11,1,2.74622696717055,2.74622696717055,2.74622696717055,34,34,34,1,1,1,1,1,0,0,0,0.0425,0.0425,1,34,34,NA,NA,NA,NA,NA,NA,NA,NA,NA,NA,NA,NA,"G5"
"328","Utah State","fbs","Mountain West",2015,550807,"Wyatt Houston",3,2,11,1.5,8.73759244060805,2.91253081353602,4.36879622030403,35,11.6666666666667,17.5,1,3,3,1,3,0,0,0,0.0328125,0.02625,3,35,11.6666666666667,NA,NA,NA,NA,NA,NA,NA,NA,NA,NA,NA,NA,"G5"
"328","Utah State","fbs","Mountain West",2015,3125353,"Kent Myers",169,8,11,21.125,43.242497685391,0.255872767369177,5.40531221067387,1340,7.92899408284024,167.5,0.449704142011834,100,169,0.591715976331361,8,0,0,0,0.372222222222222,0.209375,169,1340,7.92899408284024,74,68,46,58,74,99,31,92,99,31,89,82,"G5"
"328","Utah State","fbs","Mountain West",2015,3125354,"Hunter Sharp",3,2,11,1.5,12.2940283269179,4.09800944230597,6.14701416345896,76,25.3333333333333,38,1,3,3,1,3,0,0,0,0.07125,0.057,3,76,25.3333333333333,NA,NA,NA,NA,NA,NA,NA,NA,NA,NA,NA,NA,"G5"
"328","Utah State","fbs","Mountain West",2015,3139983,"Damion Hobbs",4,3,11,1.33333333333333,-0.28169354799032,-0.07042338699758,-0.0938978493301067,39,9.75,13,0.5,3,4,0.75,0,0,0,0,0,0,4,39,9.75,NA,NA,NA,NA,NA,NA,NA,NA,NA,NA,NA,NA,"G5"
"333","Alabama","fbs","SEC",2015,514124,"Jake Coker",312,12,12,26,45.2325812043484,0.144976221808809,3.76938176702903,2242,7.18589743589744,186.833333333333,0.439102564102564,207,312,0.663461538461538,11,0,0,0,0.428159722222222,0.22338768115942,312,2242,7.18589743589744,73,85,87,67,19,51,69,75,51,69,77,78,"P5"
"333","Alabama","fbs","SEC",2015,517255,"Richard Mullaney",1,1,12,1,3.15662340341876,3.15662340341876,3.15662340341876,9,9,9,1,1,1,1,1,0,0,0,0.01125,0.01125,1,9,9,NA,NA,NA,NA,NA,NA,NA,NA,NA,NA,NA,NA,"P5"
"333","Alabama","fbs","SEC",2015,546359,"Cooper Bateman",38,4,12,9.5,-0.258150207835052,-0.00679342652197506,-0.0645375519587631,244,6.42105263157895,61,0.421052631578947,30,38,0.789473684210526,1,0,0,0,0.07625,0.0305,38,244,6.42105263157895,NA,NA,NA,NA,NA,NA,NA,NA,NA,NA,NA,NA,"P5"
"333","Alabama","fbs","SEC",2015,551293,"Robert Foster",1,1,12,1,2.67303347495763,2.67303347495763,2.67303347495763,17,17,17,1,1,1,1,1,0,0,0,0.02125,0.02125,1,17,17,NA,NA,NA,NA,NA,NA,NA,NA,NA,NA,NA,NA,"P5"
"333","Alabama","fbs","SEC",2015,551307,"ArDarius Stewart",2,2,12,1,6.41438549090449,3.20719274545225,3.20719274545225,66,33,33,1,2,2,1,2,0,0,0,0.055,0.04125,2,66,33,NA,NA,NA,NA,NA,NA,NA,NA,NA,NA,NA,NA,"P5"
"344","Mississippi State","fbs","SEC",2015,512030,"Dak Prescott",416,11,11,37.8181818181818,108.137143518739,0.25994505653543,9.83064941079445,3117,7.49278846153846,283.363636363636,0.480769230769231,277,416,0.665865384615385,19,0,0,0,0.672988636363636,0.448659090909091,416,3117,7.49278846153846,26,25,44,31,17,14,51,15,14,51,15,17,"P5"
"344","Mississippi State","fbs","SEC",2015,546607,"Gabe Myles",2,2,11,1,1.83099614565164,0.915498072825818,0.915498072825818,32,16,16,0.5,1,2,0.5,1,0,0,0,0.02,0.0133333333333333,2,32,16,NA,NA,NA,NA,NA,NA,NA,NA,NA,NA,NA,NA,"P5"
"344","Mississippi State","fbs","SEC",2015,546621,"De'Runnya Wilson",1,1,11,1,3.73555509279052,3.73555509279052,3.73555509279052,17,17,17,1,1,1,1,1,0,0,0,0.02125,0.02125,1,17,17,NA,NA,NA,NA,NA,NA,NA,NA,NA,NA,NA,NA,"P5"
"344","Mississippi State","fbs","SEC",2015,546622,"Fred Ross",1,1,11,1,1.01515470772776,1.01515470772776,1.01515470772776,34,34,34,1,1,1,1,0,0,0,0,0,0,1,34,34,NA,NA,NA,NA,NA,NA,NA,NA,NA,NA,NA,NA,"P5"
"344","Mississippi State","fbs","SEC",2015,558337,"Nick Fitzgerald",10,3,11,3.33333333333333,5.18767416895534,0.518767416895534,1.72922472298511,145,14.5,48.3333333333333,0.6,7,10,0.7,2,0,0,0,0.0805555555555555,0.0483333333333333,10,145,14.5,NA,NA,NA,NA,NA,NA,NA,NA,NA,NA,NA,NA,"P5"
"344","Mississippi State","fbs","SEC",2015,559650,"Elijah Staley",2,1,11,2,-2.00180132203783,-1.00090066101891,-2.00180132203783,-4,-2,-4,0,1,2,0.5,0,0,0,0,0,0,2,-4,-2,NA,NA,NA,NA,NA,NA,NA,NA,NA,NA,NA,NA,"P5"
"344","Mississippi State","fbs","SEC",2015,3791117,"Malik Dear",2,1,11,2,8.21755789639867,4.10877894819934,8.21755789639867,20,10,20,1,2,2,1,2,0,0,0,0.0333333333333333,0.0333333333333333,2,20,10,NA,NA,NA,NA,NA,NA,NA,NA,NA,NA,NA,NA,"P5"
"349","Army","fbs","FBS Independents",2015,535646,"A.J. Schurr",19,4,10,4.75,6.15429277504644,0.323910146055076,1.53857319376161,200,10.5263157894737,50,0.368421052631579,8,19,0.421052631578947,2,0,0,0,0.0833333333333333,0.0416666666666667,19,200,10.5263157894737,NA,NA,NA,NA,NA,NA,NA,NA,NA,NA,NA,NA,"G5"
"349","Army","fbs","FBS Independents",2015,535647,"Kelvin White",3,2,10,1.5,-1.98059131012952,-0.660197103376505,-0.990295655064758,0,0,0,0,0,3,0,0,0,0,0,0,0,3,0,0,NA,NA,NA,NA,NA,NA,NA,NA,NA,NA,NA,NA,"G5"
"349","Army","fbs","FBS Independents",2015,535660,"Alex Tardieu",1,1,10,1,-2.90915613589743,-2.90915613589743,-2.90915613589743,0,0,0,0,0,1,0,0,0,0,0,0,0,1,0,0,NA,NA,NA,NA,NA,NA,NA,NA,NA,NA,NA,NA,"G5"
"349","Army","fbs","FBS Independents",2015,535686,"DeAndre Bell",1,1,10,1,-1.91870439441948,-1.91870439441948,-1.91870439441948,0,0,0,0,0,1,0,0,0,0,0,0,0,1,0,0,NA,NA,NA,NA,NA,NA,NA,NA,NA,NA,NA,NA,"G5"
"349","Army","fbs","FBS Independents",2015,550766,"Joe Walker",1,1,10,1,4.11170180362468,4.11170180362468,4.11170180362468,25,25,25,1,1,1,1,0,0,0,0,0,0,1,25,25,NA,NA,NA,NA,NA,NA,NA,NA,NA,NA,NA,NA,"G5"
"349","Army","fbs","FBS Independents",2015,550926,"Edgar Poe",1,1,10,1,4.6130878424484,4.6130878424484,4.6130878424484,39,39,39,1,1,1,1,1,0,0,0,0.04875,0.04875,1,39,39,NA,NA,NA,NA,NA,NA,NA,NA,NA,NA,NA,NA,"G5"
"349","Army","fbs","FBS Independents",2015,3129089,"Ahmad Bradshaw",31,6,10,5.16666666666667,20.0539547050736,0.646901764679793,3.34232578417893,308,9.93548387096774,51.3333333333333,0.451612903225806,15,31,0.483870967741935,3,0,0,0,0.09625,0.0427777777777778,31,308,9.93548387096774,NA,NA,NA,NA,NA,NA,NA,NA,NA,NA,NA,NA,"G5"
"349","Army","fbs","FBS Independents",2015,3916786,"Luke Langdon",1,1,10,1,-1.10637600401325,-1.10637600401325,-1.10637600401325,0,0,0,0,0,1,0,0,0,0,0,0,0,1,0,0,NA,NA,NA,NA,NA,NA,NA,NA,NA,NA,NA,NA,"G5"
"349","Army","fbs","FBS Independents",2015,3916793,"Chris Carter",18,2,10,9,21.6882221050621,1.20490122805901,10.8441110525311,309,17.1666666666667,154.5,0.555555555555556,12,18,0.666666666666667,1,0,0,0,0.193125,0.12875,18,309,17.1666666666667,NA,NA,NA,NA,NA,NA,NA,NA,NA,NA,NA,NA,"G5"
"356","Illinois","fbs","Big Ten",2015,530630,"V'Angelo Bentley",1,1,11,1,-0.588476127646656,-0.588476127646656,-0.588476127646656,0,0,0,0,0,1,0,0,0,0,0,0,0,1,0,0,NA,NA,NA,NA,NA,NA,NA,NA,NA,NA,NA,NA,"P5"
"356","Illinois","fbs","Big Ten",2015,534652,"Wes Lunt",429,11,11,39,-23.7164768810843,-0.0552831628929703,-2.15604335282584,2392,5.57575757575758,217.454545454545,0.365967365967366,236,429,0.55011655011655,12,0,0,0,0.501818181818182,0.283636363636364,429,2392,5.57575757575758,114,114,113,109,98,38.5,108,48,38.5,108,44,56,"P5"
"356","Illinois","fbs","Big Ten",2015,3115912,"Chayce Crouch",25,4,11,6.25,1.28648053476156,0.0514592213904625,0.321620133690391,123,4.92,30.75,0.32,10,25,0.4,1,0,0,0,0.0384375,0.015375,25,123,4.92,NA,NA,NA,NA,NA,NA,NA,NA,NA,NA,NA,NA,"P5"
"356","Illinois","fbs","Big Ten",2015,3115913,"Geronimo Allison",1,1,11,1,5.24151759280826,5.24151759280826,5.24151759280826,53,53,53,1,1,1,1,1,0,0,0,0.06625,0.06625,1,53,53,NA,NA,NA,NA,NA,NA,NA,NA,NA,NA,NA,NA,"P5"
"356","Illinois","fbs","Big Ten",2015,3917636,"Desmond Cain",1,1,11,1,-0.87183253894656,-0.87183253894656,-0.87183253894656,0,0,0,0,0,1,0,0,0,0,0,0,0,1,0,0,NA,NA,NA,NA,NA,NA,NA,NA,NA,NA,NA,NA,"P5"
"36","Colorado State","fbs","Mountain West",2015,532679,"Joe Hansley",1,1,11,1,2.22135151875508,2.22135151875508,2.22135151875508,35,35,35,1,1,1,1,0,0,0,0,0,0,1,35,35,NA,NA,NA,NA,NA,NA,NA,NA,NA,NA,NA,NA,"G5"
"36","Colorado State","fbs","Mountain West",2015,546267,"Nick Stevens",263,11,11,23.9090909090909,84.2059019985645,0.320174532313933,7.6550819998695,2081,7.91254752851711,189.181818181818,0.482889733840304,167,263,0.634980988593156,16,0,0,0,0.445133689839572,0.28026936026936,263,2081,7.91254752851711,38,45,27,29,36,54,32,70,54,32,61,59,"G5"
"36","Colorado State","fbs","Mountain West",2015,3124401,"Coleman Key",33,4,11,8.25,-2.20023834463571,-0.0666738892313852,-0.550059586158928,159,4.81818181818182,39.75,0.272727272727273,13,33,0.393939393939394,2,0,0,0,0.06625,0.033125,33,159,4.81818181818182,NA,NA,NA,NA,NA,NA,NA,NA,NA,NA,NA,NA,"G5"
"38","Colorado","fbs","Pac-12",2015,511433,"Nelson Spruce",5,5,11,1,1.38507950581761,0.277015901163522,0.277015901163522,30,6,6,0.4,2,5,0.4,1,0,0,0,0.0075,0.0025,5,30,6,NA,NA,NA,NA,NA,NA,NA,NA,NA,NA,NA,NA,"P5"
"38","Colorado","fbs","Pac-12",2015,550268,"Jordan Gehrke",19,1,11,19,7.20307274307718,0.379109091740904,7.20307274307718,113,5.94736842105263,113,0.526315789473684,11,19,0.578947368421053,1,0,0,0,0.14125,0.14125,19,113,5.94736842105263,NA,NA,NA,NA,NA,NA,NA,NA,NA,NA,NA,NA,"P5"
"38","Colorado","fbs","Pac-12",2015,550278,"Sefo Liufau",276,9,11,30.6666666666667,63.5628313325765,0.230300113523828,7.06253681473072,1990,7.21014492753623,221.111111111111,0.452898550724638,176,276,0.63768115942029,7,0,0,0,0.483680555555556,0.241840277777778,276,1990,7.21014492753623,56,50,57,53,32,63,66,46,63,66,53,72,"P5"
"38","Colorado","fbs","Pac-12",2015,3122602,"Cade Apsay",81,4,11,20.25,30.7937253090867,0.38016944826033,7.69843132727168,534,6.59259259259259,133.5,0.444444444444444,55,81,0.679012345679012,3,0,0,0,0.2503125,0.143035714285714,81,534,6.59259259259259,NA,NA,NA,NA,NA,NA,NA,NA,NA,NA,NA,NA,"P5"
"41","UConn","fbs","American Athletic",2015,546675,"Tim Boyle",58,5,11,11.6,-4.4522523886786,-0.0767629722185966,-0.89045047773572,281,4.8448275862069,56.2,0.327586206896552,31,58,0.53448275862069,0,0,0,0,0,0,58,281,4.8448275862069,NA,NA,NA,NA,NA,NA,NA,NA,NA,NA,NA,NA,"G5"
"41","UConn","fbs","American Athletic",2015,549956,"Bryant Shirreffs",234,10,11,23.4,35.2926464150182,0.150823275277855,3.52926464150182,1767,7.55128205128205,176.7,0.452991452991453,145,234,0.61965811965812,6,0,0,0,0.378642857142857,0.16565625,234,1767,7.55128205128205,85,87,85,52,53,72,46,84,72,46,88,97,"G5"
"41","UConn","fbs","American Athletic",2015,3125891,"Alec Bloom",1,1,11,1,3.30498847493148,3.30498847493148,3.30498847493148,23,23,23,1,1,1,1,1,0,0,0,0.02875,0.02875,1,23,23,NA,NA,NA,NA,NA,NA,NA,NA,NA,NA,NA,NA,"G5"
"41","UConn","fbs","American Athletic",2015,3921916,"Garrett Anderson",2,2,11,1,5.08978219391834,2.54489109695917,2.54489109695917,53,26.5,26.5,1,2,2,1,1,0,0,0,0.033125,0.0220833333333333,2,53,26.5,NA,NA,NA,NA,NA,NA,NA,NA,NA,NA,NA,NA,"G5"
"52","Florida State","fbs","ACC",2015,515409,"Everett Golson",208,8,11,26,67.1112187955249,0.3226500903631,8.38890234944061,1589,7.63942307692308,198.625,0.504807692307692,140,208,0.673076923076923,7,0,0,0,0.4344921875,0.231729166666667,208,1589,7.63942307692308,51,38,26,15,14,85,45,60,85,45,71,75,"P5"
"52","Florida State","fbs","ACC",2015,530299,"Sean Maguire",126,6,11,21,18.5562438238411,0.147271776379691,3.09270730397351,977,7.75396825396825,162.833333333333,0.428571428571429,78,126,0.619047619047619,7,0,0,0,0.356197916666667,0.219198717948718,126,977,7.75396825396825,NA,NA,NA,NA,NA,NA,NA,NA,NA,NA,NA,NA,"P5"
"52","Florida State","fbs","ACC",2015,546816,"Kermit Whitfield",1,1,11,1,7.08404816786744,7.08404816786744,7.08404816786744,70,70,70,1,1,1,1,1,0,0,0,0.0875,0.0875,1,70,70,NA,NA,NA,NA,NA,NA,NA,NA,NA,NA,NA,NA,"P5"
"52","Florida State","fbs","ACC",2015,3116593,"Dalvin Cook",1,1,11,1,3.41283195186019,3.41283195186019,3.41283195186019,36,36,36,1,1,1,1,1,0,0,0,0.045,0.045,1,36,36,NA,NA,NA,NA,NA,NA,NA,NA,NA,NA,NA,NA,"P5"
"52","Florida State","fbs","ACC",2015,3122916,"J.J. Cosentino",3,1,11,3,-0.719716249035066,-0.239905416345022,-0.719716249035066,6,2,6,0.333333333333333,2,3,0.666666666666667,0,0,0,0,0,0,3,6,2,NA,NA,NA,NA,NA,NA,NA,NA,NA,NA,NA,NA,"P5"
"52","Florida State","fbs","ACC",2015,3122920,"Ryan Izzo",1,1,11,1,0.746782733318506,0.746782733318506,0.746782733318506,2,2,2,1,1,1,1,1,0,0,0,0.0025,0.0025,1,2,2,NA,NA,NA,NA,NA,NA,NA,NA,NA,NA,NA,NA,"P5"
"52","Florida State","fbs","ACC",2015,3122935,"Travis Rudolph",1,1,11,1,3.29239984331889,3.29239984331889,3.29239984331889,13,13,13,1,1,1,1,1,0,0,0,0.01625,0.01625,1,13,13,NA,NA,NA,NA,NA,NA,NA,NA,NA,NA,NA,NA,"P5"
"57","Florida","fbs","SEC",2015,501194,"Jake McGee",3,2,13,1.5,8.95173902998367,2.98391300999456,4.47586951499184,25,8.33333333333333,12.5,1,3,3,1,3,0,0,0,0.0234375,0.01875,3,25,8.33333333333333,NA,NA,NA,NA,NA,NA,NA,NA,NA,NA,NA,NA,"P5"
"57","Florida","fbs","SEC",2015,511336,"Josh Grady",1,1,13,1,0.359474031231575,0.359474031231575,0.359474031231575,3,3,3,1,1,1,1,0,0,0,0,0,0,1,3,3,NA,NA,NA,NA,NA,NA,NA,NA,NA,NA,NA,NA,"P5"
"57","Florida","fbs","SEC",2015,546314,"Demarcus Robinson",2,2,13,1,2.74566400952609,1.37283200476304,1.37283200476304,36,18,18,0.5,1,2,0.5,1,0,0,0,0.0225,0.015,2,36,18,NA,NA,NA,NA,NA,NA,NA,NA,NA,NA,NA,NA,"P5"
"57","Florida","fbs","SEC",2015,551312,"Alvin Bailey",1,1,13,1,-0.649937073858688,-0.649937073858688,-0.649937073858688,0,0,0,0,0,1,0,0,0,0,0,0,0,1,0,0,NA,NA,NA,NA,NA,NA,NA,NA,NA,NA,NA,NA,"P5"
"57","Florida","fbs","SEC",2015,551335,"Johnny Townsend",1,1,13,1,-2.36755464334838,-2.36755464334838,-2.36755464334838,7,7,7,0,1,1,1,0,0,0,0,0,0,1,7,7,NA,NA,NA,NA,NA,NA,NA,NA,NA,NA,NA,NA,"P5"
"57","Florida","fbs","SEC",2015,559556,"Will Grier",153,6,13,25.5,37.6693566969864,0.246204945731937,6.2782261161644,1072,7.00653594771242,178.666666666667,0.477124183006536,101,153,0.660130718954248,6,0,0,0,0.382857142857143,0.223333333333333,153,1072,7.00653594771242,NA,NA,NA,NA,NA,NA,NA,NA,NA,NA,NA,NA,"P5"
"57","Florida","fbs","SEC",2015,559559,"Brandon Powell",1,1,13,1,6.59380426937554,6.59380426937554,6.59380426937554,77,77,77,1,1,1,1,1,0,0,0,0.09625,0.09625,1,77,77,NA,NA,NA,NA,NA,NA,NA,NA,NA,NA,NA,NA,"P5"
"57","Florida","fbs","SEC",2015,3121647,"Treon Harris",202,9,13,22.4444444444444,13.8633755533797,0.068630572046434,1.54037506148663,1329,6.57920792079208,147.666666666667,0.391089108910891,105,202,0.51980198019802,3,0,0,0,0.276875,0.0922916666666667,202,1329,6.57920792079208,105,104,102,97,111,100,93,102,100,93,111,114,"P5"
"57","Florida","fbs","SEC",2015,3121661,"C.J. Worton",1,1,13,1,5.07223345529535,5.07223345529535,5.07223345529535,46,46,46,1,1,1,1,1,0,0,0,0.0575,0.0575,1,46,46,NA,NA,NA,NA,NA,NA,NA,NA,NA,NA,NA,NA,"P5"
"57","Florida","fbs","SEC",2015,3915097,"Antonio Callaway",2,2,13,1,8.05025974574283,4.02512987287141,4.02512987287141,68,34,34,1,2,2,1,2,0,0,0,0.0566666666666667,0.0425,2,68,34,NA,NA,NA,NA,NA,NA,NA,NA,NA,NA,NA,NA,"P5"
"58","South Florida","fbs","American Athletic",2015,536031,"Sean Price",5,3,11,1.66666666666667,10.2646024924278,2.05292049848557,3.42153416414261,95,19,31.6666666666667,1,5,5,1,5,0,0,0,0.0659722222222222,0.0494791666666667,5,95,19,NA,NA,NA,NA,NA,NA,NA,NA,NA,NA,NA,NA,"G5"
"58","South Florida","fbs","American Athletic",2015,539215,"Steven Bench",9,4,11,2.25,-6.93347680686586,-0.770386311873985,-1.73336920171647,31,3.44444444444444,7.75,0.111111111111111,4,9,0.444444444444444,0,0,0,0,0,0,9,31,3.44444444444444,NA,NA,NA,NA,NA,NA,NA,NA,NA,NA,NA,NA,"G5"
"58","South Florida","fbs","American Athletic",2015,552748,"Rodney Adams",1,1,11,1,1.98035393256066,1.98035393256066,1.98035393256066,14,14,14,1,1,1,1,1,0,0,0,0.0175,0.0175,1,14,14,NA,NA,NA,NA,NA,NA,NA,NA,NA,NA,NA,NA,"G5"
"58","South Florida","fbs","American Athletic",2015,3139591,"Quinton Flowers",209,11,11,19,42.5878433984845,0.203769585638682,3.87162212713495,1701,8.13875598086124,154.636363636364,0.416267942583732,126,209,0.602870813397129,11,0,0,0,0.354375,0.193295454545455,209,1701,8.13875598086124,75,82,66,87,65,76,27,97,76,27,93,88,"G5"
"58","South Florida","fbs","American Athletic",2015,3139602,"D'Ernest Johnson",1,1,11,1,2.82720146558858,2.82720146558858,2.82720146558858,29,29,29,1,1,1,1,1,0,0,0,0.03625,0.03625,1,29,29,NA,NA,NA,NA,NA,NA,NA,NA,NA,NA,NA,NA,"G5"
"58","South Florida","fbs","American Athletic",2015,3139606,"Tyre McCants",1,1,11,1,3.12106548356516,3.12106548356516,3.12106548356516,2,2,2,1,1,1,1,1,0,0,0,0.0025,0.0025,1,2,2,NA,NA,NA,NA,NA,NA,NA,NA,NA,NA,NA,NA,"G5"
"58","South Florida","fbs","American Athletic",2015,3923368,"Chris Barr",1,1,11,1,1.07346236239394,1.07346236239394,1.07346236239394,4,4,4,1,1,1,1,1,0,0,0,0.005,0.005,1,4,4,NA,NA,NA,NA,NA,NA,NA,NA,NA,NA,NA,NA,"G5"
"58","South Florida","fbs","American Athletic",2015,3923389,"Jordan Reed",1,1,11,1,1.13846839593543,1.13846839593543,1.13846839593543,1,1,1,1,1,1,1,1,0,0,0,0.00125,0.00125,1,1,1,NA,NA,NA,NA,NA,NA,NA,NA,NA,NA,NA,NA,"G5"
"59","Georgia Tech","fbs","ACC",2015,531104,"Justin Thomas",166,10,11,16.6,29.7443492114505,0.179182826575003,2.97443492114505,1281,7.71686746987952,128.1,0.379518072289157,71,166,0.427710843373494,11,0,0,0,0.2935625,0.16775,166,1281,7.71686746987952,90,94,75,104,119,105,41,113,105,41,106,95,"P5"
"59","Georgia Tech","fbs","ACC",2015,531128,"Ryan Rodwell",1,1,11,1,-2.83016315135261,-2.83016315135261,-2.83016315135261,0,0,0,0,0,1,0,0,0,0,0,0,0,1,0,0,NA,NA,NA,NA,NA,NA,NA,NA,NA,NA,NA,NA,"P5"
"59","Georgia Tech","fbs","ACC",2015,551567,"Ricky Jeune",1,1,11,1,4.33352472938722,4.33352472938722,4.33352472938722,10,10,10,1,1,1,1,1,0,0,0,0.0125,0.0125,1,10,10,NA,NA,NA,NA,NA,NA,NA,NA,NA,NA,NA,NA,"P5"
"59","Georgia Tech","fbs","ACC",2015,3116614,"Matthew Jordan",8,2,11,4,8.33279271354882,1.0415990891936,4.16639635677441,94,11.75,47,0.625,5,8,0.625,1,0,0,0,0.05875,0.0391666666666667,8,94,11.75,NA,NA,NA,NA,NA,NA,NA,NA,NA,NA,NA,NA,"P5"
"6","South Alabama","fbs","Sun Belt",2015,513138,"Marvin Shinn",1,1,11,1,-1.15241878908072,-1.15241878908072,-1.15241878908072,0,0,0,0,0,1,0,0,0,0,0,0,0,1,0,0,NA,NA,NA,NA,NA,NA,NA,NA,NA,NA,NA,NA,"G5"
"6","South Alabama","fbs","Sun Belt",2015,535753,"Josh Magee",2,2,11,1,5.65655361924293,2.82827680962147,2.82827680962147,36,18,18,0.5,1,2,0.5,1,0,0,0,0.0225,0.015,2,36,18,NA,NA,NA,NA,NA,NA,NA,NA,NA,NA,NA,NA,"G5"
"6","South Alabama","fbs","Sun Belt",2015,3125259,"Dallas Davis",21,4,11,5.25,-4.96789325984429,-0.236566345706871,-1.24197331496107,72,3.42857142857143,18,0.285714285714286,10,21,0.476190476190476,0,0,0,0,0,0,21,72,3.42857142857143,NA,NA,NA,NA,NA,NA,NA,NA,NA,NA,NA,NA,"G5"
"6","South Alabama","fbs","Sun Belt",2015,3918634,"Cody Clements",285,11,11,25.9090909090909,61.0799844264823,0.214315734829763,5.55272585695294,2073,7.27368421052632,188.454545454545,0.4,156,285,0.547368421052632,11,0,0,0,0.431875,0.235568181818182,285,2073,7.27368421052632,59,66,60,91,100,55,63,72,55,63,72,74,"G5"
"6","South Alabama","fbs","Sun Belt",2015,3918635,"D.J. Vinson",1,1,11,1,0.0783323352240348,0.0783323352240348,0.0783323352240348,7,7,7,1,1,1,1,0,0,0,0,0,0,1,7,7,NA,NA,NA,NA,NA,NA,NA,NA,NA,NA,NA,NA,"G5"
"6","South Alabama","fbs","Sun Belt",2015,3918639,"Gerald Everett",1,1,11,1,3.37185805406855,3.37185805406855,3.37185805406855,10,10,10,1,1,1,1,1,0,0,0,0.0125,0.0125,1,10,10,NA,NA,NA,NA,NA,NA,NA,NA,NA,NA,NA,NA,"G5"
"61","Georgia","fbs","SEC",2015,512178,"Malcolm Mitchell",1,1,11,1,3.0588625356369,3.0588625356369,3.0588625356369,5,5,5,1,1,1,1,1,0,0,0,0.00625,0.00625,1,5,5,NA,NA,NA,NA,NA,NA,NA,NA,NA,NA,NA,NA,"P5"
"61","Georgia","fbs","SEC",2015,530521,"Greyson Lambert",220,10,11,22,29.0519371731962,0.132054259878165,2.90519371731962,1661,7.55,166.1,0.468181818181818,139,220,0.631818181818182,5,0,0,0,0.346041666666667,0.138416666666667,220,1661,7.55,92,95,90,41,37,80.5,47,93,80.5,47,96,105,"P5"
"61","Georgia","fbs","SEC",2015,530931,"Faton Bauta",29,1,11,29,0.437524531590831,0.0150870528134769,0.437524531590831,154,5.31034482758621,154,0.448275862068966,15,29,0.517241379310345,0,0,0,0,0,0,29,154,5.31034482758621,NA,NA,NA,NA,NA,NA,NA,NA,NA,NA,NA,NA,"P5"
"61","Georgia","fbs","SEC",2015,530937,"Keith Marshall",1,1,11,1,2.21258400264975,2.21258400264975,2.21258400264975,10,10,10,1,1,1,1,1,0,0,0,0.0125,0.0125,1,10,10,NA,NA,NA,NA,NA,NA,NA,NA,NA,NA,NA,NA,"P5"
"61","Georgia","fbs","SEC",2015,546345,"Brice Ramsey",17,5,11,3.4,3.03071056054082,0.178277091796519,0.606142112108164,122,7.17647058823529,24.4,0.411764705882353,9,17,0.529411764705882,1,0,0,0,0.0305,0.0101666666666667,17,122,7.17647058823529,NA,NA,NA,NA,NA,NA,NA,NA,NA,NA,NA,NA,"P5"
"61","Georgia","fbs","SEC",2015,3128721,"Sony Michel",2,1,11,2,3.84270820737781,1.92135410368891,3.84270820737781,22,11,22,1,2,2,1,2,0,0,0,0.0366666666666667,0.0366666666666667,2,22,11,NA,NA,NA,NA,NA,NA,NA,NA,NA,NA,NA,NA,"P5"
"62","Hawai'i","fbs","Mountain West",2015,513330,"Max Wittek",219,7,11,31.2857142857143,-42.727941723422,-0.195104756727954,-6.10399167477458,1183,5.40182648401827,169,0.34703196347032,103,219,0.470319634703196,2,0,0,0,0.281666666666667,0.0938888888888889,219,1183,5.40182648401827,117,118,117,115,117,110,111,91,110,111,110,112,"G5"
"62","Hawai'i","fbs","Mountain West",2015,532976,"Ikaika Woolsey",152,9,11,16.8888888888889,6.78569744602737,0.0446427463554432,0.75396638289193,938,6.17105263157895,104.222222222222,0.361842105263158,77,152,0.506578947368421,6,0,0,0,0.223333333333333,0.104222222222222,152,938,6.17105263157895,NA,NA,NA,NA,NA,NA,NA,NA,NA,NA,NA,NA,"G5"
"62","Hawai'i","fbs","Mountain West",2015,3914941,"Makoa Camanse-Stevens",2,1,11,2,2.47034503803874,1.23517251901937,2.47034503803874,51,25.5,51,0.5,1,2,0.5,0,0,0,0,0,0,2,51,25.5,NA,NA,NA,NA,NA,NA,NA,NA,NA,NA,NA,NA,"G5"
"66","Iowa State","fbs","Big 12",2015,511969,"Sam B. Richardson",169,7,11,24.1428571428571,35.7108090658479,0.21130656251981,5.10154415226398,1194,7.06508875739645,170.571428571429,0.420118343195266,105,169,0.621301775147929,6,0,0,0,0.365510204081633,0.196813186813187,169,1194,7.06508875739645,84,71,63,83,51,107.5,72,89,107.5,72,91,86,"P5"
"66","Iowa State","fbs","Big 12",2015,536028,"D'Vario Montgomery",1,1,11,1,4.47621897878741,4.47621897878741,4.47621897878741,13,13,13,1,1,1,1,1,0,0,0,0.01625,0.01625,1,13,13,NA,NA,NA,NA,NA,NA,NA,NA,NA,NA,NA,NA,"P5"
"66","Iowa State","fbs","Big 12",2015,545382,"Joel Lanning",186,9,11,20.6666666666667,29.4878058235513,0.1585365904492,3.27642286928347,1191,6.40322580645161,132.333333333333,0.419354838709677,105,186,0.564516129032258,8,0,0,0,0.294074074074074,0.155686274509804,186,1191,6.40322580645161,91,91,83,84,89,109,96,108,109,96,104,100,"P5"
"66","Iowa State","fbs","Big 12",2015,545386,"Holden Kramer",2,2,11,1,5.55603456588755,2.77801728294377,2.77801728294377,26,13,13,1,2,2,1,0,0,0,0,0,0,2,26,13,NA,NA,NA,NA,NA,NA,NA,NA,NA,NA,NA,NA,"P5"
"66","Iowa State","fbs","Big 12",2015,3128390,"Allen Lazard",1,1,11,1,2.51360233136989,2.51360233136989,2.51360233136989,24,24,24,1,1,1,1,1,0,0,0,0.03,0.03,1,24,24,NA,NA,NA,NA,NA,NA,NA,NA,NA,NA,NA,NA,"P5"
"68","Boise State","fbs","Mountain West",2015,531761,"Shane Williams-Rhodes",1,1,11,1,5.17381285068534,5.17381285068534,5.17381285068534,53,53,53,1,1,1,1,1,0,0,0,0.06625,0.06625,1,53,53,NA,NA,NA,NA,NA,NA,NA,NA,NA,NA,NA,NA,"G5"
"68","Boise State","fbs","Mountain West",2015,546224,"Thomas Sperbeck",5,4,11,1.25,5.53387209210993,1.10677441842199,1.38346802302748,61,12.2,15.25,0.6,3,5,0.6,2,0,0,0,0.0254166666666667,0.0127083333333333,5,61,12.2,NA,NA,NA,NA,NA,NA,NA,NA,NA,NA,NA,NA,"G5"
"68","Boise State","fbs","Mountain West",2015,546288,"Ryan Finley",59,2,11,29.5,6.96144261793413,0.117990552846341,3.48072130896707,383,6.49152542372881,191.5,0.406779661016949,40,59,0.677966101694915,1,0,0,0,0.239375,0.159583333333333,59,383,6.49152542372881,NA,NA,NA,NA,NA,NA,NA,NA,NA,NA,NA,NA,"G5"
"68","Boise State","fbs","Mountain West",2015,3124371,"Thomas Stuart",5,3,11,1.66666666666667,-0.561740826418934,-0.112348165283787,-0.187246942139645,45,9,15,0.4,3,5,0.6,0,0,0,0,0,0,5,45,9,NA,NA,NA,NA,NA,NA,NA,NA,NA,NA,NA,NA,"G5"
"68","Boise State","fbs","Mountain West",2015,3722362,"Brett Rypien",371,9,11,41.2222222222222,72.3212842152616,0.194936076051918,8.03569824614017,2770,7.46630727762803,307.777777777778,0.46900269541779,233,371,0.628032345013477,16,0,0,0,0.724183006535948,0.492444444444444,371,2770,7.46630727762803,47,42,71,40,40,24,54,10,24,54,10,10,"G5"
"70","Idaho","fbs","Sun Belt",2015,517182,"Elijhaa Penny",1,1,10,1,2.73793358296684,2.73793358296684,2.73793358296684,15,15,15,1,1,1,1,1,0,0,0,0.01875,0.01875,1,15,15,NA,NA,NA,NA,NA,NA,NA,NA,NA,NA,NA,NA,"G5"
"70","Idaho","fbs","Sun Belt",2015,531186,"Deon Watson",1,1,10,1,3.19001579351271,3.19001579351271,3.19001579351271,5,5,5,1,1,1,1,1,0,0,0,0.00625,0.00625,1,5,5,NA,NA,NA,NA,NA,NA,NA,NA,NA,NA,NA,NA,"G5"
"70","Idaho","fbs","Sun Belt",2015,553230,"Dezmon Epps",2,1,10,2,9.12238228304676,4.56119114152338,9.12238228304676,104,52,104,1,2,2,1,2,0,0,0,0.173333333333333,0.173333333333333,2,104,52,NA,NA,NA,NA,NA,NA,NA,NA,NA,NA,NA,NA,"G5"
"70","Idaho","fbs","Sun Belt",2015,553235,"Matt Linehan",309,9,10,34.3333333333333,76.864509536112,0.24875245804567,8.54050105956799,2170,7.02265372168285,241.111111111111,0.495145631067961,193,309,0.624595469255663,8,0,0,0,0.535802469135802,0.283660130718954,309,2170,7.02265372168285,44,36,47,18,47,53,74,34,53,74,38,55,"G5"
"70","Idaho","fbs","Sun Belt",2015,553246,"Austin Rehkow",1,1,10,1,-0.81058091709939,-0.81058091709939,-0.81058091709939,0,0,0,0,0,1,0,0,0,0,0,0,0,1,0,0,NA,NA,NA,NA,NA,NA,NA,NA,NA,NA,NA,NA,"G5"
"70","Idaho","fbs","Sun Belt",2015,3124900,"Jake Luton",76,5,10,15.2,11.6058592071542,0.152708673778344,2.32117184143083,403,5.30263157894737,80.6,0.394736842105263,51,76,0.671052631578947,1,0,0,0,0.10075,0.0335833333333333,76,403,5.30263157894737,NA,NA,NA,NA,NA,NA,NA,NA,NA,NA,NA,NA,"G5"
"70","Idaho","fbs","Sun Belt",2015,3918080,"Kareem Coles",1,1,10,1,-0.583004274497872,-0.583004274497872,-0.583004274497872,0,0,0,0,0,1,0,0,0,0,0,0,0,1,0,0,NA,NA,NA,NA,NA,NA,NA,NA,NA,NA,NA,NA,"G5"
"77","Northwestern","fbs","Big Ten",2015,518317,"Christian Jones",2,2,11,1,5.3892358828733,2.69461794143665,2.69461794143665,18,9,9,1,2,2,1,2,0,0,0,0.015,0.01125,2,18,9,NA,NA,NA,NA,NA,NA,NA,NA,NA,NA,NA,NA,"P5"
"77","Northwestern","fbs","Big Ten",2015,518323,"Zack Oliver",37,4,11,9.25,-5.01276306161535,-0.135480082746361,-1.25319076540384,181,4.89189189189189,45.25,0.378378378378378,16,37,0.432432432432432,0,0,0,0,0,0,37,181,4.89189189189189,NA,NA,NA,NA,NA,NA,NA,NA,NA,NA,NA,NA,"P5"
"77","Northwestern","fbs","Big Ten",2015,533331,"Andrew Scanlan",1,1,11,1,-0.5757610418332,-0.5757610418332,-0.5757610418332,0,0,0,0,0,1,0,0,0,0,0,0,0,1,0,0,NA,NA,NA,NA,NA,NA,NA,NA,NA,NA,NA,NA,"P5"
"77","Northwestern","fbs","Big Ten",2015,546734,"Matt Alviti",3,1,11,3,0.891262144450092,0.297087381483364,0.891262144450092,12,4,12,0.333333333333333,1,3,0.333333333333333,0,0,0,0,0,0,3,12,4,NA,NA,NA,NA,NA,NA,NA,NA,NA,NA,NA,NA,"P5"
"77","Northwestern","fbs","Big Ten",2015,3116144,"Clayton Thorson",251,11,11,22.8181818181818,-5.0995037665862,-0.0203167480740486,-0.463591251507836,1309,5.21513944223108,119,0.354581673306773,130,251,0.51792828685259,5,0,0,0,0.247916666666667,0.09296875,251,1309,5.21513944223108,111,110,111,111,112,102,114,116,102,114,114,113,"P5"
"8","Arkansas","fbs","SEC",2015,515915,"Brandon Allen",295,11,11,26.8181818181818,135.198269725467,0.458299219408363,12.2907517932243,2581,8.74915254237288,234.636363636364,0.515254237288136,194,295,0.657627118644068,18,0,0,0,0.555717703349282,0.364090909090909,295,2581,8.74915254237288,12,15,4,10,22,29,16,38,29,16,34,28,"P5"
"8","Arkansas","fbs","SEC",2015,535877,"Keon Hatcher",2,1,11,2,6.98275496021213,3.49137748010607,6.98275496021213,58,29,58,1,2,2,1,2,0,0,0,0.0966666666666667,0.0966666666666667,2,58,29,NA,NA,NA,NA,NA,NA,NA,NA,NA,NA,NA,NA,"P5"
"8","Arkansas","fbs","SEC",2015,547206,"Austin Allen",2,1,11,2,-1.69858662063738,-0.849293310318689,-1.69858662063738,0,0,0,0,0,2,0,0,0,0,0,0,0,2,0,0,NA,NA,NA,NA,NA,NA,NA,NA,NA,NA,NA,NA,"P5"
"8","Arkansas","fbs","SEC",2015,547232,"Drew Morgan",2,2,11,1,7.16198451123969,3.58099225561984,3.58099225561984,50,25,25,1,2,2,1,2,0,0,0,0.0416666666666667,0.03125,2,50,25,NA,NA,NA,NA,NA,NA,NA,NA,NA,NA,NA,NA,"P5"
"8","Arkansas","fbs","SEC",2015,547233,"Hunter Henry",1,1,11,1,2.28799086949218,2.28799086949218,2.28799086949218,7,7,7,1,1,1,1,1,0,0,0,0.00875,0.00875,1,7,7,NA,NA,NA,NA,NA,NA,NA,NA,NA,NA,NA,NA,"P5"
"8","Arkansas","fbs","SEC",2015,559629,"Jared Cornelius",1,1,11,1,3.96996993104118,3.96996993104118,3.96996993104118,58,58,58,1,1,1,1,1,0,0,0,0.0725,0.0725,1,58,58,NA,NA,NA,NA,NA,NA,NA,NA,NA,NA,NA,NA,"P5"
"84","Indiana","fbs","Big Ten",2015,535819,"Mitchell Paige",2,2,11,1,7.18026269289088,3.59013134644544,3.59013134644544,35,17.5,17.5,1,2,2,1,1,0,0,0,0.021875,0.0145833333333333,2,35,17.5,NA,NA,NA,NA,NA,NA,NA,NA,NA,NA,NA,NA,"P5"
"84","Indiana","fbs","Big Ten",2015,535825,"Nate Sudfeld",309,10,11,30.9,118.637073230201,0.383938748317804,11.8637073230201,2740,8.86731391585761,274,0.511326860841424,192,309,0.621359223300971,21,0,0,0,0.653863636363636,0.464032258064516,309,2740,8.86731391585761,15,16,17,14,50,26,10,18,26,10,17,14,"P5"
"84","Indiana","fbs","Big Ten",2015,552904,"Jordan Howard",1,1,11,1,4.15827305799784,4.15827305799784,4.15827305799784,7,7,7,1,1,1,1,1,0,0,0,0.00875,0.00875,1,7,7,NA,NA,NA,NA,NA,NA,NA,NA,NA,NA,NA,NA,"P5"
"84","Indiana","fbs","Big Ten",2015,3128254,"Zander Diamont",31,2,11,15.5,-6.94564044159542,-0.22405291747082,-3.47282022079771,166,5.35483870967742,83,0.354838709677419,15,31,0.483870967741935,0,0,0,0,0,0,31,166,5.35483870967742,NA,NA,NA,NA,NA,NA,NA,NA,NA,NA,NA,NA,"P5"
"84","Indiana","fbs","Big Ten",2015,3134572,"Danny Cameron",15,1,11,15,-3.04128093682488,-0.202752062454992,-3.04128093682488,65,4.33333333333333,65,0.266666666666667,6,15,0.4,0,0,0,0,0,0,15,65,4.33333333333333,NA,NA,NA,NA,NA,NA,NA,NA,NA,NA,NA,NA,"P5"
"87","Notre Dame","fbs","FBS Independents",2015,535947,"Chris Brown",1,1,12,1,1.7559998434481,1.7559998434481,1.7559998434481,6,6,6,1,1,1,1,1,0,0,0,0.0075,0.0075,1,6,6,NA,NA,NA,NA,NA,NA,NA,NA,NA,NA,NA,NA,"P5"
"87","Notre Dame","fbs","FBS Independents",2015,535958,"C.J. Prosise",1,1,12,1,5.40897404333334,5.40897404333334,5.40897404333334,56,56,56,1,1,1,1,1,0,0,0,0.07,0.07,1,56,56,NA,NA,NA,NA,NA,NA,NA,NA,NA,NA,NA,NA,"P5"
"87","Notre Dame","fbs","FBS Independents",2015,550947,"Torii Hunter Jr.",3,3,12,1,2.6089228826503,0.869640960883433,0.869640960883433,36,12,12,0.666666666666667,2,3,0.666666666666667,1,0,0,0,0.015,0.0075,3,36,12,NA,NA,NA,NA,NA,NA,NA,NA,NA,NA,NA,NA,"P5"
"87","Notre Dame","fbs","FBS Independents",2015,550966,"Durham Smythe",1,1,12,1,4.16585541954117,4.16585541954117,4.16585541954117,7,7,7,1,1,1,1,1,0,0,0,0.00875,0.00875,1,7,7,NA,NA,NA,NA,NA,NA,NA,NA,NA,NA,NA,NA,"P5"
"87","Notre Dame","fbs","FBS Independents",2015,550967,"Malik Zaire",37,2,12,18.5,10.436880691113,0.282077856516567,5.21844034555649,340,9.18918918918919,170,0.486486486486487,23,37,0.621621621621622,1,0,0,0,0.2125,0.141666666666667,37,340,9.18918918918919,NA,NA,NA,NA,NA,NA,NA,NA,NA,NA,NA,NA,"P5"
"87","Notre Dame","fbs","FBS Independents",2015,3129302,"DeShone Kizer",279,12,12,23.25,75.0811275107504,0.2691079839095,6.25676062589587,2261,8.10394265232975,188.416666666667,0.487455197132616,179,279,0.6415770609319,10,0,0,0,0.428219696969697,0.214109848484848,279,2261,8.10394265232975,45,59,38,26,30,49,29,73,49,29,76,80,"P5"
"87","Notre Dame","fbs","FBS Independents",2015,3932451,"Brandon Wimbush",5,1,12,5,-1.09817129436719,-0.219634258873439,-1.09817129436719,17,3.4,17,0.4,3,5,0.6,0,0,0,0,0,0,5,17,3.4,NA,NA,NA,NA,NA,NA,NA,NA,NA,NA,NA,NA,"P5"
"9","Arizona State","fbs","Pac-12",2015,511983,"Devin Lucien",1,1,11,1,-0.739509045870907,-0.739509045870907,-0.739509045870907,0,0,0,0,0,1,0,0,0,0,0,0,0,1,0,0,NA,NA,NA,NA,NA,NA,NA,NA,NA,NA,NA,NA,"P5"
"9","Arizona State","fbs","Pac-12",2015,517393,"Mike Bercovici",429,11,11,39,87.1802761259989,0.20321742686713,7.92547964781808,3110,7.24941724941725,282.727272727273,0.426573426573427,261,429,0.608391608391608,20,0,0,0,0.673160173160173,0.456011730205279,429,3110,7.24941724941725,35,43,67,80.5,60,15,65,16,15,65,14,15,"P5"
"9","Arizona State","fbs","Pac-12",2015,546439,"Matt Haack",1,1,11,1,4.80521419074493,4.80521419074493,4.80521419074493,27,27,27,1,1,1,1,0,0,0,0,0,0,1,27,27,NA,NA,NA,NA,NA,NA,NA,NA,NA,NA,NA,NA,"P5"
"9","Arizona State","fbs","Pac-12",2015,3893618,"Raymond Epps",1,1,11,1,2.11060617406439,2.11060617406439,2.11060617406439,4,4,4,1,1,1,1,1,0,0,0,0.005,0.005,1,4,4,NA,NA,NA,NA,NA,NA,NA,NA,NA,NA,NA,NA,"P5"
"96","Kentucky","fbs","SEC",2015,530944,"Patrick Towles",280,10,11,28,18.8932329172823,0.0674758318474368,1.88932329172823,1896,6.77142857142857,189.6,0.389285714285714,160,280,0.571428571428571,6,0,0,0,0.406285714285714,0.17775,280,1896,6.77142857142857,102,102,103,98,85,71,88,69,71,88,82,93,"P5"
"96","Kentucky","fbs","SEC",2015,559621,"Drew Barker",68,5,11,13.6,-1.86632125604015,-0.0274459008241198,-0.373264251208029,364,5.35294117647059,72.8,0.294117647058824,35,68,0.514705882352941,1,0,0,0,0.091,0.0303333333333333,68,364,5.35294117647059,NA,NA,NA,NA,NA,NA,NA,NA,NA,NA,NA,NA,"P5"
"97","Louisville","fbs","ACC",2015,545559,"Kyle Bolin",131,7,11,18.7142857142857,39.0303398967948,0.297941525929731,5.57576284239926,1158,8.83969465648855,165.428571428571,0.450381679389313,78,131,0.595419847328244,7,0,0,0,0.361875,0.206785714285714,131,1158,8.83969465648855,NA,NA,NA,NA,NA,NA,NA,NA,NA,NA,NA,NA,"P5"
"97","Louisville","fbs","ACC",2015,545561,"James Quick",3,1,11,3,8.51623559378952,2.83874519792984,8.51623559378952,76,25.3333333333333,76,1,3,3,1,3,0,0,0,0.1425,0.1425,3,76,25.3333333333333,NA,NA,NA,NA,NA,NA,NA,NA,NA,NA,NA,NA,"P5"
"97","Louisville","fbs","ACC",2015,552922,"Jamari Staples",2,1,11,2,7.73034657856817,3.86517328928408,7.73034657856817,36,18,36,1,2,2,1,2,0,0,0,0.06,0.06,2,36,18,NA,NA,NA,NA,NA,NA,NA,NA,NA,NA,NA,NA,"P5"
"97","Louisville","fbs","ACC",2015,3116642,"Reggie Bonnafon",18,5,11,3.6,9.82214827885989,0.545674904381105,1.96442965577198,130,7.22222222222222,26,0.555555555555556,11,18,0.611111111111111,1,0,0,0,0.0325,0.0108333333333333,18,130,7.22222222222222,NA,NA,NA,NA,NA,NA,NA,NA,NA,NA,NA,NA,"P5"
"97","Louisville","fbs","ACC",2015,3916387,"Lamar Jackson",187,9,11,20.7777777777778,34.9113013735127,0.186691451195255,3.87903348594585,1289,6.89304812834225,143.222222222222,0.427807486631016,103,187,0.550802139037433,4,0,0,0,0.286444444444444,0.11017094017094,187,1289,6.89304812834225,86,81,74,78,97,104,78,105,104,78,109,110,"P5"
"98","Western Kentucky","fbs","Conference USA",2015,504866,"Brandon Doughty",461,12,12,38.4166666666667,189.578940276786,0.411234143767431,15.7982450230655,4236,9.18872017353579,353,0.524945770065076,333,461,0.72234273318872,35,0,0,0,0.857986111111111,0.65718085106383,461,4236,9.18872017353579,1,3,13,7,1,1,4,2,1,4,2,2,"G5"
"98","Western Kentucky","fbs","Conference USA",2015,511722,"Nelson Fishback",8,4,12,2,7.37828670854862,0.922285838568578,1.84457167713716,70,8.75,17.5,0.625,7,8,0.875,0,0,0,0,0,0,8,70,8.75,NA,NA,NA,NA,NA,NA,NA,NA,NA,NA,NA,NA,"G5"
"98","Western Kentucky","fbs","Conference USA",2015,515727,"Tim Gorski",1,1,12,1,3.25989673145083,3.25989673145083,3.25989673145083,18,18,18,1,1,1,1,1,0,0,0,0.0225,0.0225,1,18,18,NA,NA,NA,NA,NA,NA,NA,NA,NA,NA,NA,NA,"G5"
"98","Western Kentucky","fbs","Conference USA",2015,536440,"Anthony Wales",2,2,12,1,1.46711673903339,0.733558369516697,0.733558369516697,7,3.5,3.5,0.5,1,2,0.5,1,0,0,0,0.004375,0.00291666666666667,2,7,3.5,NA,NA,NA,NA,NA,NA,NA,NA,NA,NA,NA,NA,"G5"
"98","Western Kentucky","fbs","Conference USA",2015,552775,"Taywan Taylor",3,2,12,1.5,7.22597695337104,2.40865898445701,3.61298847668552,50,16.6666666666667,25,1,3,3,1,3,0,0,0,0.046875,0.0375,3,50,16.6666666666667,NA,NA,NA,NA,NA,NA,NA,NA,NA,NA,NA,NA,"G5"
"98","Western Kentucky","fbs","Conference USA",2015,3124776,"Nacarius Fant",1,1,12,1,5.26916635255639,5.26916635255639,5.26916635255639,69,69,69,1,1,1,1,1,0,0,0,0.08625,0.08625,1,69,69,NA,NA,NA,NA,NA,NA,NA,NA,NA,NA,NA,NA,"G5"
"98","Western Kentucky","fbs","Conference USA",2015,3124782,"Drew Eckels",1,1,12,1,0.617887677271043,0.617887677271043,0.617887677271043,10,10,10,0,1,1,1,0,0,0,0,0,0,1,10,10,NA,NA,NA,NA,NA,NA,NA,NA,NA,NA,NA,NA,"G5"
"98","Western Kentucky","fbs","Conference USA",2015,3124785,"Antwane Grant",2,2,12,1,6.33187238652392,3.16593619326196,3.16593619326196,44,22,22,1,2,2,1,2,0,0,0,0.0366666666666667,0.0275,2,44,22,NA,NA,NA,NA,NA,NA,NA,NA,NA,NA,NA,NA,"G5"
"99","LSU","fbs","SEC",2015,534444,"Travin Dural",1,1,11,1,3.38262973759381,3.38262973759381,3.38262973759381,17,17,17,1,1,1,1,1,0,0,0,0.02125,0.02125,1,17,17,NA,NA,NA,NA,NA,NA,NA,NA,NA,NA,NA,NA,"P5"
"99","LSU","fbs","SEC",2015,559751,"Brandon Harris",243,11,11,22.0909090909091,28.541271486932,0.117453792127292,2.59466104426655,1673,6.88477366255144,152.090909090909,0.386831275720165,129,243,0.530864197530864,6,0,0,0,0.325909090909091,0.134197860962567,243,1673,6.88477366255144,93,98,94,99,106,78,79,99,78,79,99,106,"P5"
"99","LSU","fbs","SEC",2015,559754,"Malachi Dupre",3,2,11,1.5,14.6441287831966,4.88137626106553,7.3220643915983,114,38,57,1,3,3,1,3,0,0,0,0.106875,0.0855,3,114,38,NA,NA,NA,NA,NA,NA,NA,NA,NA,NA,NA,NA,"P5"
"99","LSU","fbs","SEC",2015,3894912,"Tyron Johnson",2,2,11,1,11.3118801499653,5.65594007498266,5.65594007498266,100,50,50,1,2,2,1,2,0,0,0,0.0833333333333333,0.0625,2,100,50,NA,NA,NA,NA,NA,NA,NA,NA,NA,NA,NA,NA,"P5"
