"team_id","pos_team","division","conference","season","player_id","rusher_player_name","plays","games","team_games","playsgame","TEPA","EPAplay","EPAgame","yards","yardsplay","yardsgame","success","rushing_td","fumbles","TEPA_rank","EPAgame_rank","EPAplay_rank","success_rank","yards_rank","yardsplay_rank","yardsgame_rank","fbs_class"
"103","Boston College","fbs","ACC",2015,501669,"Bobby Swigert",1,1,10,1,0.987732602080653,0.987732602080653,0.987732602080653,8,8,8,1,0,0,NA,NA,NA,NA,NA,NA,NA,"P5"
"103","Boston College","fbs","ACC",2015,530458,"Justin Simmons",1,1,10,1,-2.74929257518222,-2.74929257518222,-2.74929257518222,3,3,3,0,0,0,NA,NA,NA,NA,NA,NA,NA,"P5"
"103","Boston College","fbs","ACC",2015,530463,"Bobby Wolford",1,1,10,1,-1.05374611162226,-1.05374611162226,-1.05374611162226,-1,-1,-1,0,0,0,NA,NA,NA,NA,NA,NA,NA,"P5"
"103","Boston College","fbs","ACC",2015,547238,"Myles Willis",60,8,10,7.5,-19.0698055489625,-0.317830092482708,-2.38372569362031,182,3.03333333333333,22.75,0.216666666666667,0,0,NA,NA,NA,NA,NA,NA,NA,"P5"
"103","Boston College","fbs","ACC",2015,547241,"Tyler Rouse",87,10,10,8.7,-26.1547116395495,-0.30062886942011,-2.61547116395495,306,3.51724137931034,30.6,0.310344827586207,2,0,238,237,249,232,238,240,242,"P5"
"103","Boston College","fbs","ACC",2015,3122790,"Darius Wade",8,1,10,8,3.98527419779695,0.498159274724618,3.98527419779695,52,6.5,52,0.5,0,0,NA,NA,NA,NA,NA,NA,NA,"P5"
"103","Boston College","fbs","ACC",2015,3122792,"Marcus Outlow",40,7,10,5.71428571428571,-11.4570926016087,-0.286427315040219,-1.63672751451553,162,4.05,23.1428571428571,0.3,0,0,NA,NA,NA,NA,NA,NA,NA,"P5"
"103","Boston College","fbs","ACC",2015,3122796,"Troy Flutie",17,4,10,4.25,-9.84928248899725,-0.579369558176309,-2.46232062224931,40,2.35294117647059,10,0.470588235294118,0,1,NA,NA,NA,NA,NA,NA,NA,"P5"
"103","Boston College","fbs","ACC",2015,3122799,"Jon Hilliman",31,2,10,15.5,-1.84194012252685,-0.0594174233073178,-0.920970061263426,131,4.2258064516129,65.5,0.354838709677419,1,0,NA,NA,NA,NA,NA,NA,NA,"P5"
"103","Boston College","fbs","ACC",2015,3122802,"Richard Wilson",15,5,10,3,-4.93242344753563,-0.328828229835708,-0.986484689507125,33,2.2,6.6,0.266666666666667,1,0,NA,NA,NA,NA,NA,NA,NA,"P5"
"103","Boston College","fbs","ACC",2015,3122817,"Thadd Smith",7,5,10,1.4,1.29331564720964,0.184759378172806,0.258663129441928,30,4.28571428571429,6,0.428571428571429,0,0,NA,NA,NA,NA,NA,NA,NA,"P5"
"103","Boston College","fbs","ACC",2015,3672830,"Elijah Robinson",1,1,10,1,-0.765862035826185,-0.765862035826185,-0.765862035826185,-5,-5,-5,0,0,0,NA,NA,NA,NA,NA,NA,NA,"P5"
"103","Boston College","fbs","ACC",2015,3915286,"John Fadule",30,3,10,10,-1.14052141590593,-0.0380173805301976,-0.380173805301976,168,5.6,56,0.433333333333333,0,2,NA,NA,NA,NA,NA,NA,NA,"P5"
"103","Boston College","fbs","ACC",2015,3915295,"Jordan Gowins",14,2,10,7,-8.24033769044497,-0.588595549317498,-4.12016884522249,44,3.14285714285714,22,0.357142857142857,0,1,NA,NA,NA,NA,NA,NA,NA,"P5"
"103","Boston College","fbs","ACC",2015,3929118,"Jeff Smith",59,8,10,7.375,11.0389898622549,0.187101523089066,1.37987373278186,433,7.33898305084746,54.125,0.423728813559322,3,5,NA,NA,NA,NA,NA,NA,NA,"P5"
"113","Massachusetts","fbs","Mid-American",2015,518271,"Blake Frohnapfel",36,11,12,3.27272727272727,8.96401197125423,0.24900033253484,0.81491017920493,220,6.11111111111111,20,0.583333333333333,1,1,NA,NA,NA,NA,NA,NA,NA,"G5"
"113","Massachusetts","fbs","Mid-American",2015,518802,"Jamal Wilson",86,12,12,7.16666666666667,4.03670804241496,0.0469384656094763,0.336392336867914,377,4.38372093023256,31.4166666666667,0.418604651162791,6,0,121,126,111,132,219,195,241,"G5"
"113","Massachusetts","fbs","Mid-American",2015,520781,"Marken Michel",7,6,12,1.16666666666667,0.667312281600278,0.0953303259428969,0.111218713600046,46,6.57142857142857,7.66666666666667,0.571428571428571,0,0,NA,NA,NA,NA,NA,NA,NA,"G5"
"113","Massachusetts","fbs","Mid-American",2015,521256,"Elgin Long",3,3,12,1,1.04896183166804,0.349653943889346,0.349653943889346,44,14.6666666666667,14.6666666666667,0.333333333333333,0,1,NA,NA,NA,NA,NA,NA,NA,"G5"
"113","Massachusetts","fbs","Mid-American",2015,537063,"Tajae Sharpe",1,1,12,1,-1.96013778237151,-1.96013778237151,-1.96013778237151,-3,-3,-3,0,0,0,NA,NA,NA,NA,NA,NA,NA,"G5"
"113","Massachusetts","fbs","Mid-American",2015,538891,"Joe Colton",1,1,12,1,2.2106023393295,2.2106023393295,2.2106023393295,7,7,7,1,0,0,NA,NA,NA,NA,NA,NA,NA,"G5"
"113","Massachusetts","fbs","Mid-American",2015,552645,"Lorenzo Woodley",10,4,12,2.5,-3.88710573414444,-0.388710573414444,-0.971776433536109,36,3.6,9,0.2,0,0,NA,NA,NA,NA,NA,NA,NA,"G5"
"113","Massachusetts","fbs","Mid-American",2015,552811,"Shadrach Abrokwah",11,2,12,5.5,-1.1640594103947,-0.105823582763155,-0.582029705197352,74,6.72727272727273,37,0.454545454545455,0,1,NA,NA,NA,NA,NA,NA,NA,"G5"
"113","Massachusetts","fbs","Mid-American",2015,552833,"Logan Laurent",2,2,12,1,-3.11489707085386,-1.55744853542693,-1.55744853542693,3,1.5,1.5,0,0,1,NA,NA,NA,NA,NA,NA,NA,"G5"
"113","Massachusetts","fbs","Mid-American",2015,552841,"Jackson Porter",1,1,12,1,1.13799681719155,1.13799681719155,1.13799681719155,9,9,9,1,0,0,NA,NA,NA,NA,NA,NA,NA,"G5"
"113","Massachusetts","fbs","Mid-American",2015,3125927,"Ross Comis",3,2,12,1.5,0.203175108078604,0.0677250360262014,0.101587554039302,13,4.33333333333333,6.5,0.333333333333333,0,0,NA,NA,NA,NA,NA,NA,NA,"G5"
"113","Massachusetts","fbs","Mid-American",2015,3914324,"Marquis Young",154,12,12,12.8333333333333,-1.09862867058635,-0.00713395240640487,-0.0915523892155292,972,6.31168831168831,81,0.435064935064935,7,2,151,150,149,105.5,42,45,67,"G5"
"113","Massachusetts","fbs","Mid-American",2015,3914328,"Andy Isabella",3,3,12,1,0.780957632327974,0.260319210775991,0.260319210775991,28,9.33333333333333,9.33333333333333,0.666666666666667,0,0,NA,NA,NA,NA,NA,NA,NA,"G5"
"113","Massachusetts","fbs","Mid-American",2015,3914331,"Sekai Lindsay",34,6,12,5.66666666666667,-7.40941809591528,-0.217924061644567,-1.23490301598588,114,3.35294117647059,19,0.323529411764706,1,0,NA,NA,NA,NA,NA,NA,NA,"G5"
"12","Arizona","fbs","Pac-12",2015,514097,"Jared Baker",113,10,11,11.3,9.26145186468321,0.0819597510148957,0.926145186468321,647,5.72566371681416,64.7,0.36283185840708,6,1,96,94,89,195,113,88,118,"P5"
"12","Arizona","fbs","Pac-12",2015,517210,"Jerrard Randall",72,10,11,7.2,19.3908118108772,0.269316830706628,1.93908118108772,556,7.72222222222222,55.6,0.5,3,3,47,46,22,29,151,5,147,"P5"
"12","Arizona","fbs","Pac-12",2015,552021,"Samajie Grant",4,3,11,1.33333333333333,-5.44374453747685,-1.36093613436921,-1.81458151249228,21,5.25,7,0.5,0,1,NA,NA,NA,NA,NA,NA,NA,"P5"
"12","Arizona","fbs","Pac-12",2015,552022,"Zach Green",2,1,11,2,0.335336845956697,0.167668422978348,0.335336845956697,9,4.5,9,0.5,0,0,NA,NA,NA,NA,NA,NA,NA,"P5"
"12","Arizona","fbs","Pac-12",2015,552097,"Anu Solomon",39,8,11,4.875,6.8077037002902,0.174556505135646,0.850962962536275,254,6.51282051282051,31.75,0.512820512820513,1,3,NA,NA,NA,NA,NA,NA,NA,"P5"
"12","Arizona","fbs","Pac-12",2015,3122552,"Jonathan Haden",5,1,11,5,-0.346986268381376,-0.0693972536762752,-0.346986268381376,31,6.2,31,0.4,0,0,NA,NA,NA,NA,NA,NA,NA,"P5"
"12","Arizona","fbs","Pac-12",2015,3122553,"Tyrell Johnson",4,2,11,2,-1.94339002337633,-0.485847505844083,-0.971695011688166,24,6,12,0.25,0,0,NA,NA,NA,NA,NA,NA,NA,"P5"
"12","Arizona","fbs","Pac-12",2015,3133993,"Brandon Dawkins",20,4,11,5,8.16495545860826,0.408247772930413,2.04123886465206,163,8.15,40.75,0.4,1,1,NA,NA,NA,NA,NA,NA,NA,"P5"
"12","Arizona","fbs","Pac-12",2015,3134012,"Nick Wilson",114,8,11,14.25,-8.28888561730439,-0.0727095229588104,-1.03611070216305,599,5.25438596491228,74.875,0.464912280701754,6,2,185,185,182,64,135,123,77,"P5"
"12","Arizona","fbs","Pac-12",2015,3931427,"Orlando Bradford",36,5,11,7.2,-6.48905475342735,-0.180251520928537,-1.29781095068547,147,4.08333333333333,29.4,0.333333333333333,3,0,NA,NA,NA,NA,NA,NA,NA,"P5"
"120","Maryland","fbs","Big Ten",2015,514105,"Daxx Garman",6,2,11,3,-2.4824080143224,-0.413734669053733,-1.2412040071612,20,3.33333333333333,10,0.166666666666667,0,0,NA,NA,NA,NA,NA,NA,NA,"P5"
"120","Maryland","fbs","Big Ten",2015,516321,"Brandon Ross",134,11,11,12.1818181818182,-1.9711988725529,-0.0147104393474097,-0.179199897504809,762,5.6865671641791,69.2727272727273,0.328358208955224,9,2,156,154,155,223,84.5,95,99.5,"P5"
"120","Maryland","fbs","Big Ten",2015,534242,"Wes Brown",59,9,11,6.55555555555556,-14.8641147727976,-0.251934148691484,-1.65156830808862,247,4.1864406779661,27.4444444444444,0.322033898305085,2,1,NA,NA,NA,NA,NA,NA,NA,"P5"
"120","Maryland","fbs","Big Ten",2015,534246,"Malcolm Culmer",1,1,11,1,0.996818903835131,0.996818903835131,0.996818903835131,11,11,11,1,0,0,NA,NA,NA,NA,NA,NA,NA,"P5"
"120","Maryland","fbs","Big Ten",2015,534255,"Kenneth Goins Jr.",9,4,11,2.25,0.580976454514253,0.0645529393904725,0.145244113628563,60,6.66666666666667,15,0.222222222222222,1,0,NA,NA,NA,NA,NA,NA,NA,"P5"
"120","Maryland","fbs","Big Ten",2015,534317,"Perry Hills",89,6,11,14.8333333333333,24.1548855594829,0.271403208533515,4.02581425991381,618,6.9438202247191,103,0.51685393258427,3,4,35,10,20,16,122,18,33.5,"P5"
"120","Maryland","fbs","Big Ten",2015,534318,"Levern Jacobs",2,2,11,1,0.631897061968062,0.315948530984031,0.315948530984031,8,4,4,0.5,0,0,NA,NA,NA,NA,NA,NA,NA,"P5"
"120","Maryland","fbs","Big Ten",2015,534323,"Anthony Nixon",1,1,11,1,-2.47924829752925,-2.47924829752925,-2.47924829752925,-6,-6,-6,0,0,1,NA,NA,NA,NA,NA,NA,NA,"P5"
"120","Maryland","fbs","Big Ten",2015,534327,"Joe Riddle",2,1,11,2,-1.4202255248383,-0.71011276241915,-1.4202255248383,2,1,2,0,0,0,NA,NA,NA,NA,NA,NA,NA,"P5"
"120","Maryland","fbs","Big Ten",2015,534328,"Caleb Rowe",17,5,11,3.4,6.61185968737881,0.388932922786989,1.32237193747576,147,8.64705882352941,29.4,0.529411764705882,0,2,NA,NA,NA,NA,NA,NA,NA,"P5"
"120","Maryland","fbs","Big Ten",2015,546565,"William Likely",11,5,11,2.2,3.45921251171597,0.314473864701452,0.691842502343193,93,8.45454545454546,18.6,0.545454545454545,0,0,NA,NA,NA,NA,NA,NA,NA,"P5"
"120","Maryland","fbs","Big Ten",2015,3053041,"Shane Cockerille",15,3,11,5,-7.26443908711479,-0.484295939140986,-2.42147969570493,43,2.86666666666667,14.3333333333333,0.333333333333333,0,0,NA,NA,NA,NA,NA,NA,NA,"P5"
"120","Maryland","fbs","Big Ten",2015,3915411,"Ty Johnson",25,7,11,3.57142857142857,3.21051313672648,0.128420525469059,0.458644733818069,167,6.68,23.8571428571429,0.36,2,0,NA,NA,NA,NA,NA,NA,NA,"P5"
"120","Maryland","fbs","Big Ten",2015,3915416,"D.J. Moore",1,1,11,1,0.70016567611518,0.70016567611518,0.70016567611518,9,9,9,1,0,0,NA,NA,NA,NA,NA,NA,NA,"P5"
"127","Michigan State","fbs","Big Ten",2015,512423,"DeAnthony Arnett",1,1,13,1,-0.6813390419964,-0.6813390419964,-0.6813390419964,2,2,2,0,0,0,NA,NA,NA,NA,NA,NA,NA,"P5"
"127","Michigan State","fbs","Big Ten",2015,512698,"Jack Allen",1,1,13,1,1.69015958087327,1.69015958087327,1.69015958087327,9,9,9,1,1,0,NA,NA,NA,NA,NA,NA,NA,"P5"
"127","Michigan State","fbs","Big Ten",2015,512705,"Connor Cook",31,11,13,2.81818181818182,13.2326266677182,0.426858924765104,1.20296606070166,168,5.41935483870968,15.2727272727273,0.645161290322581,0,1,NA,NA,NA,NA,NA,NA,NA,"P5"
"127","Michigan State","fbs","Big Ten",2015,512719,"Trevon Pendleton",1,1,13,1,-0.909116677756163,-0.909116677756163,-0.909116677756163,0,0,0,0,0,0,NA,NA,NA,NA,NA,NA,NA,"P5"
"127","Michigan State","fbs","Big Ten",2015,535578,"Tyler O'Connor",12,4,13,3,2.58815481989366,0.215679568324472,0.647038704973416,56,4.66666666666667,14,0.5,0,1,NA,NA,NA,NA,NA,NA,NA,"P5"
"127","Michigan State","fbs","Big Ten",2015,535857,"Aaron Burbridge",7,4,13,1.75,1.87002089088514,0.267145841555021,0.467505222721286,46,6.57142857142857,11.5,0.571428571428571,0,0,NA,NA,NA,NA,NA,NA,NA,"P5"
"127","Michigan State","fbs","Big Ten",2015,535869,"Macgarrett Kings Jr.",4,3,13,1.33333333333333,-1.28057703910196,-0.320144259775489,-0.426859013033985,15,3.75,5,0.5,0,0,NA,NA,NA,NA,NA,NA,NA,"P5"
"127","Michigan State","fbs","Big Ten",2015,535870,"Jamal Lyles",1,1,13,1,-0.689720225180862,-0.689720225180862,-0.689720225180862,0,0,0,0,0,0,NA,NA,NA,NA,NA,NA,NA,"P5"
"127","Michigan State","fbs","Big Ten",2015,535871,"Matt Macksood",1,1,13,1,-1.25970400118757,-1.25970400118757,-1.25970400118757,-1,-1,-1,0,0,1,NA,NA,NA,NA,NA,NA,NA,"P5"
"127","Michigan State","fbs","Big Ten",2015,550465,"Michael Geiger",1,1,13,1,-2.94310453908768,-2.94310453908768,-2.94310453908768,-6,-6,-6,0,0,0,NA,NA,NA,NA,NA,NA,NA,"P5"
"127","Michigan State","fbs","Big Ten",2015,550468,"Gerald Holmes",107,11,13,9.72727272727273,18.0170056351152,0.168383230234722,1.63790960319229,531,4.96261682242991,48.2727272727273,0.457943925233645,8,0,51,54,42,70,160.5,146,184.5,"P5"
"127","Michigan State","fbs","Big Ten",2015,550476,"R.J. Shelton",24,12,13,2,-6.09347309978887,-0.253894712491203,-0.507789424982406,132,5.5,11,0.416666666666667,0,1,NA,NA,NA,NA,NA,NA,NA,"P5"
"127","Michigan State","fbs","Big Ten",2015,550477,"Damion Terry",19,8,13,2.375,-3.94970726940608,-0.207879329968741,-0.49371340867576,66,3.47368421052632,8.25,0.263157894736842,0,0,NA,NA,NA,NA,NA,NA,NA,"P5"
"127","Michigan State","fbs","Big Ten",2015,550478,"Delton Williams",24,7,13,3.42857142857143,-6.36116195460033,-0.265048414775014,-0.908737422085761,50,2.08333333333333,7.14285714285714,0.25,1,0,NA,NA,NA,NA,NA,NA,NA,"P5"
"127","Michigan State","fbs","Big Ten",2015,3121379,"Phillip-Michael Williams",4,1,13,4,-3.23204437387725,-0.808011093469314,-3.23204437387725,19,4.75,19,0.25,0,1,NA,NA,NA,NA,NA,NA,NA,"P5"
"127","Michigan State","fbs","Big Ten",2015,3134678,"Madre London",112,10,13,11.2,-17.269374641292,-0.154190845011536,-1.7269374641292,477,4.25892857142857,47.7,0.321428571428571,3,0,214,215,217,229,180,206,189,"P5"
"127","Michigan State","fbs","Big Ten",2015,3929828,"LJ Scott",126,12,13,10.5,6.98555569278539,0.0554409181967094,0.582129641065449,605,4.8015873015873,50.4166666666667,0.404761904761905,11,3,107,109,103,142,134,162,174,"P5"
"130","Michigan","fbs","Big Ten",2015,511698,"Joe Kerridge",14,7,12,2,0.280722262907956,0.0200515902077111,0.0401031804154223,62,4.42857142857143,8.85714285714286,0.428571428571429,1,0,NA,NA,NA,NA,NA,NA,NA,"P5"
"130","Michigan","fbs","Big Ten",2015,518380,"Jake Rudock",37,11,12,3.36363636363636,22.9867540317738,0.621263622480373,2.08970491197944,225,6.08108108108108,20.4545454545455,0.594594594594595,4,2,NA,NA,NA,NA,NA,NA,NA,"P5"
"130","Michigan","fbs","Big Ten",2015,535147,"Drake Johnson",49,9,12,5.44444444444444,-4.47174434618671,-0.091260088697688,-0.496860482909635,217,4.42857142857143,24.1111111111111,0.387755102040816,3,0,NA,NA,NA,NA,NA,NA,NA,"P5"
"130","Michigan","fbs","Big Ten",2015,535150,"Sione Houma",34,10,12,3.4,5.98287173699307,0.175966815793914,0.598287173699307,152,4.47058823529412,15.2,0.441176470588235,4,0,NA,NA,NA,NA,NA,NA,NA,"P5"
"130","Michigan","fbs","Big Ten",2015,535165,"Amara Darboh",2,2,12,1,-1.32719505068175,-0.663597525340875,-0.663597525340875,2,1,1,0,0,0,NA,NA,NA,NA,NA,NA,NA,"P5"
"130","Michigan","fbs","Big Ten",2015,535167,"Jehu Chesson",8,7,12,1.14285714285714,9.82572751032892,1.22821593879112,1.40367535861842,155,19.375,22.1428571428571,0.625,2,0,NA,NA,NA,NA,NA,NA,NA,"P5"
"130","Michigan","fbs","Big Ten",2015,546420,"Ty Isaac",30,7,12,4.28571428571429,1.65977817986439,0.055325939328813,0.237111168552056,206,6.86666666666667,29.4285714285714,0.466666666666667,1,2,NA,NA,NA,NA,NA,NA,NA,"P5"
"130","Michigan","fbs","Big Ten",2015,546705,"De'Veon Smith",152,11,12,13.8181818181818,-15.0008746204448,-0.0986899646081892,-1.36371587458589,638,4.19736842105263,58,0.348684210526316,6,1,205,199,200,209,116,210,138.5,"P5"
"130","Michigan","fbs","Big Ten",2015,546714,"Derrick Green",47,8,12,5.875,-7.82626126028844,-0.166516197027414,-0.978282657536055,157,3.34042553191489,19.625,0.319148936170213,2,0,NA,NA,NA,NA,NA,NA,NA,"P5"
"130","Michigan","fbs","Big Ten",2015,546717,"Wyatt Shallman",3,1,12,3,-2.45029703442213,-0.816765678140709,-2.45029703442213,9,3,9,0.333333333333333,0,0,NA,NA,NA,NA,NA,NA,NA,"P5"
"130","Michigan","fbs","Big Ten",2015,3115962,"Jabrill Peppers",17,4,12,4.25,2.90009354518809,0.170593737952241,0.725023386297022,75,4.41176470588235,18.75,0.529411764705882,2,0,NA,NA,NA,NA,NA,NA,NA,"P5"
"130","Michigan","fbs","Big Ten",2015,3115966,"Wilton Speight",2,2,12,1,-1.05504308901948,-0.527521544509739,-0.527521544509739,2,1,1,0.5,0,0,NA,NA,NA,NA,NA,NA,NA,"P5"
"130","Michigan","fbs","Big Ten",2015,3139065,"Blake O'Neill",1,1,12,1,-2.03722707638334,-2.03722707638334,-2.03722707638334,9,9,9,0,0,0,NA,NA,NA,NA,NA,NA,NA,"P5"
"130","Michigan","fbs","Big Ten",2015,3929927,"Karan Higdon",11,3,12,3.66666666666667,-5.73797727132506,-0.521634297393187,-1.91265909044169,19,1.72727272727273,6.33333333333333,0.0909090909090909,0,0,NA,NA,NA,NA,NA,NA,NA,"P5"
"135","Minnesota","fbs","Big Ten",2015,530731,"Mitch Leidner",82,12,12,6.83333333333333,-16.0999701468958,-0.196341099352388,-1.34166417890798,337,4.10975609756098,28.0833333333333,0.414634146341463,5,4,210,197,227,134.5,230,220,247,"P5"
"135","Minnesota","fbs","Big Ten",2015,530746,"Rodrick Williams Jr",32,6,12,5.33333333333333,-8.18597769920586,-0.255811803100183,-1.36432961653431,101,3.15625,16.8333333333333,0.21875,1,0,NA,NA,NA,NA,NA,NA,NA,"P5"
"135","Minnesota","fbs","Big Ten",2015,545456,"Berkley Edwards",5,1,12,5,0.349124719073943,0.0698249438147886,0.349124719073943,29,5.8,29,0.2,0,0,NA,NA,NA,NA,NA,NA,NA,"P5"
"135","Minnesota","fbs","Big Ten",2015,545477,"Chris Streveler",4,2,12,2,-1.78462260329515,-0.446155650823786,-0.892311301647573,8,2,4,0.25,0,0,NA,NA,NA,NA,NA,NA,NA,"P5"
"135","Minnesota","fbs","Big Ten",2015,3116074,"Rodney Smith",137,11,12,12.4545454545455,-19.7195979671863,-0.14393867129333,-1.79269072428966,572,4.17518248175182,52,0.357664233576642,2,0,220,218,212,202,146,214,165,"P5"
"135","Minnesota","fbs","Big Ten",2015,3728275,"Shannon Brooks",104,9,12,11.5555555555556,-4.11270116380426,-0.0395452034981179,-0.456966795978251,644,6.19230769230769,71.5555555555556,0.326923076923077,7,3,163,164,167,224,114,51,90,"P5"
"135","Minnesota","fbs","Big Ten",2015,3728285,"Demry Croft",6,2,12,3,2.31397628334671,0.385662713891118,1.15698814167335,55,9.16666666666667,27.5,0.5,0,0,NA,NA,NA,NA,NA,NA,NA,"P5"
"142","Missouri","fbs","SEC",2015,515216,"Tyler Hunt",36,9,11,4,1.48618140295937,0.0412828167488713,0.165131266995485,167,4.63888888888889,18.5555555555556,0.388888888888889,1,1,NA,NA,NA,NA,NA,NA,NA,"P5"
"142","Missouri","fbs","SEC",2015,531382,"Russell Hansbrough",109,10,11,10.9,-21.464399020109,-0.196921091927605,-2.1464399020109,413,3.78899082568807,41.3,0.256880733944954,1,2,223,228,229,252,206,231,212,"P5"
"142","Missouri","fbs","SEC",2015,531385,"Maty Mauk",27,3,11,9,8.03655548549966,0.297650203166654,2.67885182849989,152,5.62962962962963,50.6666666666667,0.444444444444444,1,2,NA,NA,NA,NA,NA,NA,NA,"P5"
"142","Missouri","fbs","SEC",2015,531390,"Morgan Steward",5,2,11,2.5,-2.46417064090577,-0.492834128181154,-1.23208532045289,4,0.8,2,0,0,0,NA,NA,NA,NA,NA,NA,NA,"P5"
"142","Missouri","fbs","SEC",2015,3122117,"Ray Wingo",2,2,11,1,-1.06939468217302,-0.534697341086508,-0.534697341086508,4,2,2,0,0,0,NA,NA,NA,NA,NA,NA,NA,"P5"
"142","Missouri","fbs","SEC",2015,3122119,"Ish Witter",113,11,11,10.2727272727273,-24.8215962347333,-0.219660143670207,-2.25650874861212,484,4.28318584070797,44,0.353982300884956,1,2,235,231,234,205,178,204,203,"P5"
"142","Missouri","fbs","SEC",2015,3924307,"Chase Abbington",5,4,11,1.25,-0.414999231206198,-0.0829998462412395,-0.103749807801549,34,6.8,8.5,0.4,0,0,NA,NA,NA,NA,NA,NA,NA,"P5"
"142","Missouri","fbs","SEC",2015,3924313,"Corey Fatony",1,1,11,1,5.21291635408511,5.21291635408511,5.21291635408511,26,26,26,1,0,0,NA,NA,NA,NA,NA,NA,NA,"P5"
"142","Missouri","fbs","SEC",2015,3924327,"Drew Lock",27,8,11,3.375,10.2412389077,0.379305144729629,1.2801548634625,184,6.81481481481481,23,0.592592592592593,1,1,NA,NA,NA,NA,NA,NA,NA,"P5"
"145","Ole Miss","fbs","SEC",2015,534580,"Chad Kelly",76,11,11,6.90909090909091,35.485556934701,0.466915222825013,3.22595972133645,516,6.78947368421053,46.9090909090909,0.605263157894737,8,3,15,18,2,2,166,22,193,"P5"
"145","Ole Miss","fbs","SEC",2015,536106,"Jaylen Walton",129,10,11,12.9,-16.4315626930076,-0.127376454984555,-1.64315626930076,608,4.71317829457364,60.8,0.403100775193798,3,2,213,213,206,144,130,164,131,"P5"
"145","Ole Miss","fbs","SEC",2015,536197,"Cody Core",1,1,11,1,-0.655562514979966,-0.655562514979966,-0.655562514979966,1,1,1,0,0,0,NA,NA,NA,NA,NA,NA,NA,"P5"
"145","Ole Miss","fbs","SEC",2015,536206,"Ben Still",1,1,11,1,-1.60443639554069,-1.60443639554069,-1.60443639554069,-2,-2,-2,0,0,0,NA,NA,NA,NA,NA,NA,NA,"P5"
"145","Ole Miss","fbs","SEC",2015,550011,"Robert Nkemdiche",4,4,11,1,-1.86879878783559,-0.467199696958897,-0.467199696958897,2,0.5,0.5,0.5,2,0,NA,NA,NA,NA,NA,NA,NA,"P5"
"145","Ole Miss","fbs","SEC",2015,550014,"Laquon Treadwell",1,1,11,1,-1.50714052547645,-1.50714052547645,-1.50714052547645,-5,-5,-5,0,0,0,NA,NA,NA,NA,NA,NA,NA,"P5"
"145","Ole Miss","fbs","SEC",2015,550016,"Jordan Wilkins",61,10,11,6.1,-8.38394659005093,-0.137441747377884,-0.838394659005093,290,4.75409836065574,29,0.459016393442623,3,1,NA,NA,NA,NA,NA,NA,NA,"P5"
"145","Ole Miss","fbs","SEC",2015,550113,"Eugene Brazley",12,4,11,3,4.64166993952801,0.386805828294001,1.160417484882,123,10.25,30.75,0.583333333333333,2,1,NA,NA,NA,NA,NA,NA,NA,"P5"
"145","Ole Miss","fbs","SEC",2015,550114,"Ryan Buchanan",1,1,11,1,-0.130287969618195,-0.130287969618195,-0.130287969618195,0,0,0,0,0,1,NA,NA,NA,NA,NA,NA,NA,"P5"
"145","Ole Miss","fbs","SEC",2015,553456,"Will Gleeson",1,1,11,1,2.32473553901197,2.32473553901197,2.32473553901197,3,3,3,1,0,0,NA,NA,NA,NA,NA,NA,NA,"P5"
"145","Ole Miss","fbs","SEC",2015,559642,"Jeremy Liggins",4,3,11,1.33333333333333,-1.37874886594844,-0.344687216487109,-0.459582955316145,1,0.25,0.333333333333333,0.25,0,1,NA,NA,NA,NA,NA,NA,NA,"P5"
"145","Ole Miss","fbs","SEC",2015,3128741,"Markell Pack",2,2,11,1,-1.14207581628836,-0.571037908144179,-0.571037908144179,2,1,1,0,0,0,NA,NA,NA,NA,NA,NA,NA,"P5"
"145","Ole Miss","fbs","SEC",2015,3128748,"D.K. Buford",3,2,11,1.5,-1.81242066727754,-0.604140222425846,-0.906210333638769,10,3.33333333333333,5,0,0,0,NA,NA,NA,NA,NA,NA,NA,"P5"
"145","Ole Miss","fbs","SEC",2015,3128756,"Akeem Judd",60,9,11,6.66666666666667,2.71277125437232,0.0452128542395387,0.301419028263591,332,5.53333333333333,36.8888888888889,0.45,3,0,NA,NA,NA,NA,NA,NA,NA,"P5"
"150","Duke","fbs","ACC",2015,513346,"Will Monday",1,1,11,1,-2.65917479491687,-2.65917479491687,-2.65917479491687,3,3,3,0,0,0,NA,NA,NA,NA,NA,NA,NA,"P5"
"150","Duke","fbs","ACC",2015,514327,"Zach Boden",5,1,11,5,2.4566376684294,0.49132753368588,2.4566376684294,22,4.4,22,0.4,1,0,NA,NA,NA,NA,NA,NA,NA,"P5"
"150","Duke","fbs","ACC",2015,530478,"Thomas Sirk",122,10,11,12.2,4.76229920415089,0.039035239378286,0.476229920415089,610,5,61,0.385245901639344,5,2,116,115,116,169,128,141,129,"P5"
"150","Duke","fbs","ACC",2015,530480,"Jela Duncan",55,9,11,6.11111111111111,2.37235371144257,0.0431337038444103,0.263594856826952,347,6.30909090909091,38.5555555555556,0.4,4,1,NA,NA,NA,NA,NA,NA,NA,"P5"
"150","Duke","fbs","ACC",2015,530483,"Shaquille Powell",102,11,11,9.27272727272727,2.08625018855701,0.0204534332211471,0.189659108050637,451,4.42156862745098,41,0.382352941176471,3,0,136,137,131,176,194.5,194,213,"P5"
"150","Duke","fbs","ACC",2015,545221,"Parker Boehme",34,8,11,4.25,0.861060356859697,0.0253253046135205,0.107632544607462,190,5.58823529411765,23.75,0.558823529411765,4,2,NA,NA,NA,NA,NA,NA,NA,"P5"
"150","Duke","fbs","ACC",2015,548031,"Joseph Ajeigbe",4,2,11,2,-6.63433372800613,-1.65858343200153,-3.31716686400306,9,2.25,4.5,0,0,1,NA,NA,NA,NA,NA,NA,NA,"P5"
"150","Duke","fbs","ACC",2015,3116560,"Nicodem Pierre",9,3,11,3,-3.77282368028232,-0.41920263114248,-1.25760789342744,35,3.88888888888889,11.6666666666667,0.333333333333333,0,0,NA,NA,NA,NA,NA,NA,NA,"P5"
"150","Duke","fbs","ACC",2015,3116563,"Shaun Wilson",58,9,11,6.44444444444444,-23.1594746586716,-0.399301287218476,-2.57327496207462,264,4.55172413793103,29.3333333333333,0.241379310344828,1,2,NA,NA,NA,NA,NA,NA,NA,"P5"
"150","Duke","fbs","ACC",2015,3917787,"T.J. Rahming",1,1,11,1,-0.566489092557253,-0.566489092557253,-0.566489092557253,1,1,1,0,0,0,NA,NA,NA,NA,NA,NA,NA,"P5"
"151","East Carolina","fbs","American Athletic",2015,514832,"Chris Hairston",147,11,11,13.3636363636364,-36.961802192409,-0.251440831240878,-3.36016383567355,614,4.17687074829932,55.8181818181818,0.306122448979592,4,1,252,247,239,235,126,213,145,"G5"
"151","East Carolina","fbs","American Athletic",2015,530434,"James Summers",83,10,11,8.3,24.4616368463747,0.294718516221382,2.44616368463747,519,6.25301204819277,51.9,0.493975903614458,8,2,34,33,13,36.5,165,48,167,"G5"
"151","East Carolina","fbs","American Athletic",2015,552938,"Marquez Grayson",13,3,11,4.33333333333333,0.703331534561377,0.0541024257354905,0.234443844853792,88,6.76923076923077,29.3333333333333,0.307692307692308,0,0,NA,NA,NA,NA,NA,NA,NA,"G5"
"151","East Carolina","fbs","American Athletic",2015,3126139,"Anthony Scott",38,7,11,5.42857142857143,-5.57367309923559,-0.146675607874621,-0.796239014176513,165,4.34210526315789,23.5714285714286,0.526315789473684,1,1,NA,NA,NA,NA,NA,NA,NA,"G5"
"151","East Carolina","fbs","American Athletic",2015,3126145,"Quay Johnson",1,1,11,1,0.0226369160399749,0.0226369160399749,0.0226369160399749,4,4,4,1,0,0,NA,NA,NA,NA,NA,NA,NA,"G5"
"151","East Carolina","fbs","American Athletic",2015,3126164,"Jason Connella",1,1,11,1,-0.759853972324771,-0.759853972324771,-0.759853972324771,2,2,2,0,0,0,NA,NA,NA,NA,NA,NA,NA,"G5"
"151","East Carolina","fbs","American Athletic",2015,3126168,"Blake Kemp",24,8,11,3,-11.4767367979005,-0.478197366579189,-1.43459209973757,89,3.70833333333333,11.125,0.541666666666667,2,3,NA,NA,NA,NA,NA,NA,NA,"G5"
"151","East Carolina","fbs","American Athletic",2015,3139614,"Devin Anderson",5,2,11,2.5,-0.689654644373549,-0.13793092887471,-0.344827322186775,45,9,22.5,0.6,0,0,NA,NA,NA,NA,NA,NA,NA,"G5"
"151","East Carolina","fbs","American Athletic",2015,3914184,"Shawn Furlow",25,8,11,3.125,-10.6865575973689,-0.427462303894756,-1.33581969967111,83,3.32,10.375,0.2,0,0,NA,NA,NA,NA,NA,NA,NA,"G5"
"152","NC State","fbs","ACC",2015,512191,"Jacoby Brissett",78,11,11,7.09090909090909,26.5999555507607,0.341025071163598,2.41817777734188,480,6.15384615384615,43.6363636363636,0.525641025641026,5,1,30,34,8,12,179,57,205,"P5"
"152","NC State","fbs","ACC",2015,530517,"Shadrach Thornton",30,2,11,15,11.0078201928548,0.366927339761826,5.50391009642739,203,6.76666666666667,101.5,0.6,3,0,NA,NA,NA,NA,NA,NA,NA,"P5"
"152","NC State","fbs","ACC",2015,549930,"Johnathan Alston",3,2,11,1.5,3.99581457473129,1.3319381915771,1.99790728736564,61,20.3333333333333,30.5,1,0,0,NA,NA,NA,NA,NA,NA,NA,"P5"
"152","NC State","fbs","ACC",2015,549932,"Bra'Lon Cherry",2,2,11,1,-1.53659679467384,-0.768298397336922,-0.768298397336922,-3,-1.5,-1.5,0,0,0,NA,NA,NA,NA,NA,NA,NA,"P5"
"152","NC State","fbs","ACC",2015,549935,"Matthew Dayes",110,7,11,15.7142857142857,23.7949106590611,0.216317369627828,3.39927295129444,750,6.81818181818182,107.142857142857,0.490909090909091,9,1,37,15,33,44,89,20,28,"P5"
"152","NC State","fbs","ACC",2015,549939,"Ben Grazen",1,1,11,1,-0.963218712020831,-0.963218712020831,-0.963218712020831,-5,-5,-5,0,0,0,NA,NA,NA,NA,NA,NA,NA,"P5"
"152","NC State","fbs","ACC",2015,549947,"Dakwa Nichols",36,7,11,5.14285714285714,-5.07208283328892,-0.140891189813581,-0.724583261898418,175,4.86111111111111,25,0.361111111111111,1,0,NA,NA,NA,NA,NA,NA,NA,"P5"
"152","NC State","fbs","ACC",2015,3116715,"Jalan McClendon",2,2,11,1,0.175015308614067,0.0875076543070334,0.0875076543070334,12,6,6,0.5,0,0,NA,NA,NA,NA,NA,NA,NA,"P5"
"152","NC State","fbs","ACC",2015,3116721,"Jaylen Samuels",50,10,11,5,4.06136976505395,0.0812273953010791,0.406136976505395,291,5.82,29.1,0.36,6,0,NA,NA,NA,NA,NA,NA,NA,"P5"
"152","NC State","fbs","ACC",2015,3701017,"Reggie Gallaspy II",58,8,11,7.25,5.50263796084849,0.0948730682904911,0.687829745106061,297,5.12068965517241,37.125,0.517241379310345,4,0,NA,NA,NA,NA,NA,NA,NA,"P5"
"152","NC State","fbs","ACC",2015,3916430,"Nyheim Hines",33,8,11,4.125,0.490581487035246,0.0148661056677347,0.0613226858794058,170,5.15151515151515,21.25,0.424242424242424,1,0,NA,NA,NA,NA,NA,NA,NA,"P5"
"153","North Carolina","fbs","ACC",2015,516335,"Romar Morris",8,5,11,1.6,2.31970637086468,0.289963296358085,0.463941274172937,49,6.125,9.8,0.5,1,0,NA,NA,NA,NA,NA,NA,NA,"P5"
"153","North Carolina","fbs","ACC",2015,516347,"Marquise Williams",113,11,11,10.2727272727273,42.519317434045,0.376277145434026,3.86539249400409,859,7.60176991150442,78.0909090909091,0.504424778761062,9,5,10,12,4,25,67,7,72,"P5"
"153","North Carolina","fbs","ACC",2015,540206,"Charles Brunson",5,2,11,2.5,0.0295525712059956,0.00591051424119913,0.0147762856029978,15,3,7.5,0.4,1,0,NA,NA,NA,NA,NA,NA,NA,"P5"
"153","North Carolina","fbs","ACC",2015,545237,"Khris Francis",6,2,11,3,-2.53238657263638,-0.422064428772729,-1.26619328631819,23,3.83333333333333,11.5,0.166666666666667,0,0,NA,NA,NA,NA,NA,NA,NA,"P5"
"153","North Carolina","fbs","ACC",2015,545238,"Mitch Trubisky",6,4,11,1.5,5.16212326733347,0.860353877888912,1.29053081683337,37,6.16666666666667,9.25,0.5,2,0,NA,NA,NA,NA,NA,NA,NA,"P5"
"153","North Carolina","fbs","ACC",2015,545254,"T.J. Logan",52,11,11,4.72727272727273,4.1435921483195,0.0796844643907596,0.376690195301772,336,6.46153846153846,30.5454545454545,0.403846153846154,5,1,NA,NA,NA,NA,NA,NA,NA,"P5"
"153","North Carolina","fbs","ACC",2015,545256,"Ryan Switzer",4,4,11,1,-1.36109556714813,-0.340273891787032,-0.340273891787032,10,2.5,2.5,0.25,0,0,NA,NA,NA,NA,NA,NA,NA,"P5"
"153","North Carolina","fbs","ACC",2015,3116680,"Austin Proehl",1,1,11,1,-0.559992246234852,-0.559992246234852,-0.559992246234852,4,4,4,0,0,0,NA,NA,NA,NA,NA,NA,NA,"P5"
"153","North Carolina","fbs","ACC",2015,3116690,"Elijah Hood",175,11,11,15.9090909090909,42.9172645144014,0.245241511510865,3.90156950130922,1227,7.01142857142857,111.545454545455,0.571428571428571,15,3,9,11,25,4,21.5,16,22.5,"P5"
"153","North Carolina","fbs","ACC",2015,3895827,"Ty'Son Williams",14,4,11,3.5,-4.18300270348286,-0.298785907391633,-1.04575067587071,34,2.42857142857143,8.5,0.214285714285714,0,0,NA,NA,NA,NA,NA,NA,NA,"P5"
"154","Wake Forest","fbs","ACC",2015,545296,"Dezmond Wortham",3,1,11,3,-0.460749093670715,-0.153583031223572,-0.460749093670715,3,1,3,0.333333333333333,0,0,NA,NA,NA,NA,NA,NA,NA,"P5"
"154","Wake Forest","fbs","ACC",2015,545299,"Charles Argenzio",1,1,11,1,-0.978423504515865,-0.978423504515865,-0.978423504515865,6,6,6,0,0,0,NA,NA,NA,NA,NA,NA,NA,"P5"
"154","Wake Forest","fbs","ACC",2015,3124092,"John Wolford",46,9,11,5.11111111111111,-4.68914364228931,-0.101937905267159,-0.521015960254368,165,3.58695652173913,18.3333333333333,0.41304347826087,2,4,NA,NA,NA,NA,NA,NA,NA,"P5"
"154","Wake Forest","fbs","ACC",2015,3124095,"Isaiah Robinson",29,8,11,3.625,-11.4655740982436,-0.395364624077364,-1.43319676228044,76,2.62068965517241,9.5,0.241379310344828,0,0,NA,NA,NA,NA,NA,NA,NA,"P5"
"154","Wake Forest","fbs","ACC",2015,3700815,"Kendall Hinton",74,8,11,9.25,25.7529386694994,0.348012684722965,3.21911733368743,466,6.2972972972973,58.25,0.405405405405405,7,1,32,19,7,141,186,46,137,"P5"
"154","Wake Forest","fbs","ACC",2015,3700890,"Tabari Hines",3,3,11,1,-8.35502882790013,-2.78500960930004,-2.78500960930004,-13,-4.33333333333333,-4.33333333333333,0,0,1,NA,NA,NA,NA,NA,NA,NA,"P5"
"154","Wake Forest","fbs","ACC",2015,3919515,"Tyler Bell",124,11,11,11.2727272727273,-35.1273762202517,-0.283285292098804,-3.1933978382047,416,3.35483870967742,37.8181818181818,0.266129032258065,1,0,249,246,245,250,204.5,248,220,"P5"
"154","Wake Forest","fbs","ACC",2015,3919544,"Matt Colburn",54,9,11,6,-13.1908425415256,-0.244274861880103,-1.46564917128062,205,3.7962962962963,22.7777777777778,0.222222222222222,0,1,NA,NA,NA,NA,NA,NA,NA,"P5"
"154","Wake Forest","fbs","ACC",2015,3919559,"Chuck Wade",1,1,11,1,-1.33581266704346,-1.33581266704346,-1.33581266704346,-1,-1,-1,0,0,0,NA,NA,NA,NA,NA,NA,NA,"P5"
"158","Nebraska","fbs","Big Ten",2015,512844,"Jamal Turner",3,2,12,1.5,-2.41910036963315,-0.806366789877718,-1.20955018481658,1,0.333333333333333,0.5,0,0,0,NA,NA,NA,NA,NA,NA,NA,"P5"
"158","Nebraska","fbs","Big Ten",2015,533182,"Ryker Fyfe",5,1,12,5,-9.35676202802538,-1.87135240560508,-9.35676202802538,-17,-3.4,-17,0.4,0,1,NA,NA,NA,NA,NA,NA,NA,"P5"
"158","Nebraska","fbs","Big Ten",2015,533270,"Tommy Armstrong Jr.",77,11,12,7,21.15757127383,0.274773652906883,1.92341557034818,442,5.74025974025974,40.1818181818182,0.467532467532468,6,1,44,47,16,58.5,199,86,216,"P5"
"158","Nebraska","fbs","Big Ten",2015,533277,"Imani Cross",96,11,12,8.72727272727273,-1.21980651689036,-0.0127063178842745,-0.110891501535487,389,4.05208333333333,35.3636363636364,0.427083333333333,5,1,152,152,152,117,214,222,229,"P5"
"158","Nebraska","fbs","Big Ten",2015,533286,"Andy Janovich",36,8,12,4.5,4.43960839879913,0.123322455522198,0.554951049849892,234,6.5,29.25,0.388888888888889,2,1,NA,NA,NA,NA,NA,NA,NA,"P5"
"158","Nebraska","fbs","Big Ten",2015,533292,"Alonzo Moore",13,9,12,1.44444444444444,4.63138933531694,0.356260718101303,0.514598815035215,98,7.53846153846154,10.8888888888889,0.615384615384615,0,0,NA,NA,NA,NA,NA,NA,NA,"P5"
"158","Nebraska","fbs","Big Ten",2015,533297,"Brandon Reilly",10,8,12,1.25,3.36834208157032,0.336834208157032,0.42104276019629,83,8.3,10.375,0.6,0,0,NA,NA,NA,NA,NA,NA,NA,"P5"
"158","Nebraska","fbs","Big Ten",2015,545589,"Cethan Carter",1,1,12,1,3.81256766012397,3.81256766012397,3.81256766012397,32,32,32,1,1,0,NA,NA,NA,NA,NA,NA,NA,"P5"
"158","Nebraska","fbs","Big Ten",2015,545615,"Terrell Newby",143,12,12,11.9166666666667,3.53681936167436,0.0247330025291914,0.294734946806197,743,5.1958041958042,61.9166666666667,0.384615384615385,5,0,128,130,127,170,92,129,126,"P5"
"158","Nebraska","fbs","Big Ten",2015,3116127,"Mikale Wilbon",9,2,12,4.5,-1.24799901461731,-0.138666557179701,-0.623999507308653,35,3.88888888888889,17.5,0.333333333333333,0,0,NA,NA,NA,NA,NA,NA,NA,"P5"
"158","Nebraska","fbs","Big Ten",2015,3121398,"De'Mornay Pierson-El",3,3,12,1,-4.20290764642175,-1.40096921547392,-1.40096921547392,-9,-3,-3,0,0,0,NA,NA,NA,NA,NA,NA,NA,"P5"
"158","Nebraska","fbs","Big Ten",2015,3699935,"Devine Ozigbo",18,6,12,3,0.168236716414574,0.00934648424525409,0.0280394527357623,129,7.16666666666667,21.5,0.277777777777778,1,1,NA,NA,NA,NA,NA,NA,NA,"P5"
"164","Rutgers","fbs","Big Ten",2015,503829,"Sam Bergen",1,1,11,1,4.29947158098849,4.29947158098849,4.29947158098849,15,15,15,1,0,0,NA,NA,NA,NA,NA,NA,NA,"P5"
"164","Rutgers","fbs","Big Ten",2015,518349,"Paul James",84,9,11,9.33333333333333,-1.6675684855818,-0.0198520057807357,-0.185285387286867,462,5.5,51.3333333333333,0.333333333333333,5,0,154,155,157,220.5,188.5,104,169,"P5"
"164","Rutgers","fbs","Big Ten",2015,545874,"Hayden Rettig",4,2,11,2,-2.97323252173853,-0.743308130434632,-1.48661626086926,-10,-2.5,-5,0,0,0,NA,NA,NA,NA,NA,NA,NA,"P5"
"164","Rutgers","fbs","Big Ten",2015,547538,"Anthony Cioffi",1,1,11,1,-2.54013472200993,-2.54013472200993,-2.54013472200993,0,0,0,0,0,0,NA,NA,NA,NA,NA,NA,NA,"P5"
"164","Rutgers","fbs","Big Ten",2015,547541,"Justin Goodwin",9,8,11,1.125,-2.6044819478924,-0.289386883099155,-0.325560243486549,23,2.55555555555556,2.875,0.333333333333333,0,1,NA,NA,NA,NA,NA,NA,NA,"P5"
"164","Rutgers","fbs","Big Ten",2015,547542,"Janarion Grant",8,5,11,1.6,3.29079351519817,0.411349189399771,0.658158703039633,80,10,16,0.625,0,0,NA,NA,NA,NA,NA,NA,NA,"P5"
"164","Rutgers","fbs","Big Ten",2015,547549,"Chris Laviano",41,10,11,4.1,0.392303260912028,0.00956837221736655,0.0392303260912028,153,3.73170731707317,15.3,0.536585365853659,0,5,NA,NA,NA,NA,NA,NA,NA,"P5"
"164","Rutgers","fbs","Big Ten",2015,3127369,"Josh Hicks",112,10,11,11.2,3.31054461414116,0.0295584340548318,0.331054461414116,559,4.99107142857143,55.9,0.473214285714286,2,2,132,127,123,54,150,142,144,"P5"
"164","Rutgers","fbs","Big Ten",2015,3127374,"Robert Martin",131,11,11,11.9090909090909,6.09992200720826,0.0465642901313608,0.55453836429166,695,5.30534351145038,63.1818181818182,0.450381679389313,6,1,110,110,112,79,100,119,121,"P5"
"166","New Mexico State","fbs","Sun Belt",2015,546203,"Teldrick Morgan",3,3,12,1,1.83082307222103,0.61027435740701,0.61027435740701,21,7,7,0.666666666666667,0,0,NA,NA,NA,NA,NA,NA,NA,"G5"
"166","New Mexico State","fbs","Sun Belt",2015,546204,"Xavier Hall",48,9,12,5.33333333333333,-6.43068967537011,-0.133972701570211,-0.714521075041123,165,3.4375,18.3333333333333,0.291666666666667,1,0,NA,NA,NA,NA,NA,NA,NA,"G5"
"166","New Mexico State","fbs","Sun Belt",2015,546216,"Rayvean Moore",1,1,12,1,-0.787231106288905,-0.787231106288905,-0.787231106288905,0,0,0,0,0,0,NA,NA,NA,NA,NA,NA,NA,"G5"
"166","New Mexico State","fbs","Sun Belt",2015,551162,"Jermichael Selders",14,5,12,2.8,0.165523041448598,0.0118230743891856,0.0331046082897196,70,5,14,0.571428571428571,0,0,NA,NA,NA,NA,NA,NA,NA,"G5"
"166","New Mexico State","fbs","Sun Belt",2015,3124971,"Nick Jeanty",16,5,12,3.2,2.3055161998638,0.144094762491487,0.46110323997276,87,5.4375,17.4,0.375,0,1,NA,NA,NA,NA,NA,NA,NA,"G5"
"166","New Mexico State","fbs","Sun Belt",2015,3124972,"Andrew Allen",56,7,12,8,0.231880268519167,0.0041407190806994,0.0331257526455952,298,5.32142857142857,42.5714285714286,0.357142857142857,0,2,NA,NA,NA,NA,NA,NA,NA,"G5"
"166","New Mexico State","fbs","Sun Belt",2015,3124979,"Larry Rose III",235,12,12,19.5833333333333,37.5177687431183,0.15965007975795,3.12648072859319,1630,6.93617021276596,135.833333333333,0.438297872340426,13,3,11,22,45,100,5,19,7,"G5"
"166","New Mexico State","fbs","Sun Belt",2015,3124981,"Tyler Rogers",17,4,12,4.25,-0.637872667469361,-0.0375219216158448,-0.15946816686734,122,7.17647058823529,30.5,0.352941176470588,1,0,NA,NA,NA,NA,NA,NA,NA,"G5"
"166","New Mexico State","fbs","Sun Belt",2015,3918447,"Tyrain Taylor",1,1,12,1,-1.21592079160116,-1.21592079160116,-1.21592079160116,-2,-2,-2,0,0,0,NA,NA,NA,NA,NA,NA,NA,"G5"
"166","New Mexico State","fbs","Sun Belt",2015,3918450,"Royce Caldwell",2,1,12,2,-3.82250036431805,-1.91125018215903,-3.82250036431805,-11,-5.5,-11,0,0,0,NA,NA,NA,NA,NA,NA,NA,"G5"
"166","New Mexico State","fbs","Sun Belt",2015,3922135,"Anthony Torres",1,1,12,1,-3.43723822417526,-3.43723822417526,-3.43723822417526,-13,-13,-13,0,0,1,NA,NA,NA,NA,NA,NA,NA,"G5"
"166","New Mexico State","fbs","Sun Belt",2015,3933336,"Orryn Clark",2,2,12,1,1.2982537996967,0.649126899848349,0.649126899848349,13,6.5,6.5,0.5,0,0,NA,NA,NA,NA,NA,NA,NA,"G5"
"167","New Mexico","fbs","Mountain West",2015,533220,"Jhurell Pressley",125,11,11,11.3636363636364,17.4063175967994,0.139250540774395,1.58239250879994,778,6.224,70.7272727272727,0.352,10,0,54,56,54,206,79,49,93,"G5"
"167","New Mexico","fbs","Mountain West",2015,533228,"Carlos Wiggins",4,2,11,2,0.937945711591322,0.234486427897831,0.468972855795661,40,10,20,0.5,0,0,NA,NA,NA,NA,NA,NA,NA,"G5"
"167","New Mexico","fbs","Mountain West",2015,534863,"Austin Apodaca",26,6,11,4.33333333333333,-10.8026858326461,-0.415487916640234,-1.80044763877435,72,2.76923076923077,12,0.384615384615385,0,2,NA,NA,NA,NA,NA,NA,NA,"G5"
"167","New Mexico","fbs","Mountain West",2015,536830,"David Anaya",16,8,11,2,-3.45009953080681,-0.215631220675426,-0.431262441350852,51,3.1875,6.375,0.25,0,0,NA,NA,NA,NA,NA,NA,NA,"G5"
"167","New Mexico","fbs","Mountain West",2015,546485,"Zack Rogers",2,1,11,2,5.59649560887968,2.79824780443984,5.59649560887968,10,5,10,1,0,0,NA,NA,NA,NA,NA,NA,NA,"G5"
"167","New Mexico","fbs","Mountain West",2015,551025,"Dameon Gamblin",7,4,11,1.75,-0.897515061435164,-0.128216437347881,-0.224378765358791,40,5.71428571428571,10,0.428571428571429,0,0,NA,NA,NA,NA,NA,NA,NA,"G5"
"167","New Mexico","fbs","Mountain West",2015,551026,"Teriyon Gipson",131,11,11,11.9090909090909,3.70699150574295,0.0282976450820073,0.336999227794814,762,5.81679389312977,69.2727272727273,0.396946564885496,6,1,126,125,125,149,84.5,80,99.5,"G5"
"167","New Mexico","fbs","Mountain West",2015,551028,"Lamar Jordan",113,10,11,11.3,8.46921641563106,0.074948817837443,0.846921641563106,666,5.89380530973451,66.6,0.36283185840708,5,3,103,101,94,195,107,76,110.5,"G5"
"167","New Mexico","fbs","Mountain West",2015,551029,"Romell Jordan",8,4,11,2,-0.567987000934563,-0.0709983751168203,-0.141996750233641,25,3.125,6.25,0.375,0,0,NA,NA,NA,NA,NA,NA,NA,"G5"
"167","New Mexico","fbs","Mountain West",2015,3124662,"JaJuan Lawson",1,1,11,1,-1.17256057202866,-1.17256057202866,-1.17256057202866,-2,-2,-2,0,0,0,NA,NA,NA,NA,NA,NA,NA,"G5"
"167","New Mexico","fbs","Mountain West",2015,3124664,"Tyrone Owens",17,7,11,2.42857142857143,-0.799180833551837,-0.0470106372677551,-0.114168690507405,112,6.58823529411765,16,0.235294117647059,1,0,NA,NA,NA,NA,NA,NA,NA,"G5"
"167","New Mexico","fbs","Mountain West",2015,3124667,"Diquon Woodhouse",2,1,11,2,1.91832516157567,0.959162580787835,1.91832516157567,7,3.5,7,0.5,1,0,NA,NA,NA,NA,NA,NA,NA,"G5"
"167","New Mexico","fbs","Mountain West",2015,3917098,"Richard McQuarley",33,10,11,3.3,26.7144363196475,0.809528373322651,2.67144363196475,154,4.66666666666667,15.4,0.606060606060606,7,0,NA,NA,NA,NA,NA,NA,NA,"G5"
"167","New Mexico","fbs","Mountain West",2015,3917104,"Daryl Chestnut",8,5,11,1.6,-6.04727263443816,-0.75590907930477,-1.20945452688763,18,2.25,3.6,0.125,0,1,NA,NA,NA,NA,NA,NA,NA,"G5"
"183","Syracuse","fbs","ACC",2015,514471,"Riley Dixon",3,3,11,1,7.73954759068436,2.57984919689479,2.57984919689479,29,9.66666666666667,9.66666666666667,1,0,0,NA,NA,NA,NA,NA,NA,NA,"P5"
"183","Syracuse","fbs","ACC",2015,530653,"Devante McFarlane",35,9,11,3.88888888888889,-12.8920780318059,-0.368345086623025,-1.4324531146451,102,2.91428571428571,11.3333333333333,0.2,0,0,NA,NA,NA,NA,NA,NA,NA,"P5"
"183","Syracuse","fbs","ACC",2015,530660,"Alvin Cornelius",1,1,11,1,-0.876762185820174,-0.876762185820174,-0.876762185820174,0,0,0,0,0,0,NA,NA,NA,NA,NA,NA,NA,"P5"
"183","Syracuse","fbs","ACC",2015,530661,"Ben Lewis",4,3,11,1.33333333333333,-4.14542381746704,-1.03635595436676,-1.38180793915568,13,3.25,4.33333333333333,0.25,0,0,NA,NA,NA,NA,NA,NA,NA,"P5"
"183","Syracuse","fbs","ACC",2015,545269,"Brisly Estime",6,4,11,1.5,-2.21997699568494,-0.369996165947491,-0.554994248921236,17,2.83333333333333,4.25,0.333333333333333,0,0,NA,NA,NA,NA,NA,NA,NA,"P5"
"183","Syracuse","fbs","ACC",2015,3123996,"Ervin Philips",38,8,11,4.75,4.01606567876666,0.105685938914912,0.502008209845833,228,6,28.5,0.5,3,1,NA,NA,NA,NA,NA,NA,NA,"P5"
"183","Syracuse","fbs","ACC",2015,3892833,"Zack Mahoney",34,6,11,5.66666666666667,-8.0673202341236,-0.237274124533047,-1.34455337235393,185,5.44117647058824,30.8333333333333,0.411764705882353,2,4,NA,NA,NA,NA,NA,NA,NA,"P5"
"183","Syracuse","fbs","ACC",2015,3916447,"Eric Dungey",71,7,11,10.1428571428571,0.552318462100171,0.00777913326901649,0.0789026374428815,385,5.42253521126761,55,0.52112676056338,5,5,143,141,142,14,217,109,152,"P5"
"183","Syracuse","fbs","ACC",2015,3916451,"Dontae Strickland",19,7,11,2.71428571428571,-8.13987551676063,-0.428414500882139,-1.16283935953723,39,2.05263157894737,5.57142857142857,0.210526315789474,0,0,NA,NA,NA,NA,NA,NA,NA,"P5"
"183","Syracuse","fbs","ACC",2015,3916453,"Jordan Fredericks",87,11,11,7.90909090909091,-3.75318510289818,-0.0431400586540021,-0.341198645718017,443,5.09195402298851,40.2727272727273,0.32183908045977,2,1,159,158,168,228,198,135,215,"P5"
"183","Syracuse","fbs","ACC",2015,3928856,"Jacob Hill",1,1,11,1,-1.33094385123224,-1.33094385123224,-1.33094385123224,-7,-7,-7,0,0,0,NA,NA,NA,NA,NA,NA,NA,"P5"
"189","Bowling Green","fbs","Mid-American",2015,513596,"Ryan Burbrink",1,1,13,1,1.86764774511695,1.86764774511695,1.86764774511695,7,7,7,1,1,0,NA,NA,NA,NA,NA,NA,NA,"G5"
"189","Bowling Green","fbs","Mid-American",2015,531801,"James Knapke",2,2,13,1,-1.79880613747286,-0.899403068736431,-0.899403068736431,4,2,2,0,0,0,NA,NA,NA,NA,NA,NA,NA,"G5"
"189","Bowling Green","fbs","Mid-American",2015,536143,"Gehrig Dieter",1,1,13,1,-1.14881919288381,-1.14881919288381,-1.14881919288381,-2,-2,-2,0,0,0,NA,NA,NA,NA,NA,NA,NA,"G5"
"189","Bowling Green","fbs","Mid-American",2015,545228,"Donovan Wilson",36,9,13,4,-1.39494750431882,-0.038748541786634,-0.154994167146536,78,2.16666666666667,8.66666666666667,0.388888888888889,7,0,NA,NA,NA,NA,NA,NA,NA,"G5"
"189","Bowling Green","fbs","Mid-American",2015,547066,"Ronnie Moore",8,7,13,1.14285714285714,-0.675171687703753,-0.0843964609629691,-0.0964530982433933,49,6.125,7,0.375,1,0,NA,NA,NA,NA,NA,NA,NA,"G5"
"189","Bowling Green","fbs","Mid-American",2015,547077,"Fred Coppet",134,13,13,10.3076923076923,13.7568834263355,0.102663309151757,1.0582218020258,771,5.75373134328358,59.3076923076923,0.440298507462687,5,0,67,88,77,99,80.5,85,134,"G5"
"189","Bowling Green","fbs","Mid-American",2015,3914399,"Matt Domer",8,3,13,2.66666666666667,2.4406347417875,0.305079342723438,0.813544913929167,117,14.625,39,0.25,1,0,NA,NA,NA,NA,NA,NA,NA,"G5"
"193","Miami (OH)","fbs","Mid-American",2015,514286,"Drew Kummer",14,3,11,4.66666666666667,-1.73832195195092,-0.12416585371078,-0.579440650650307,31,2.21428571428571,10.3333333333333,0.285714285714286,0,3,NA,NA,NA,NA,NA,NA,NA,"G5"
"193","Miami (OH)","fbs","Mid-American",2015,535082,"Fred McRae IV",2,1,11,2,-0.0539110253142738,-0.0269555126571369,-0.0539110253142738,8,4,8,0.5,0,0,NA,NA,NA,NA,NA,NA,NA,"G5"
"193","Miami (OH)","fbs","Mid-American",2015,535083,"Spencer McInnis",28,5,11,5.6,-9.78290744406961,-0.349389551573915,-1.95658148881392,79,2.82142857142857,15.8,0.25,0,0,NA,NA,NA,NA,NA,NA,NA,"G5"
"193","Miami (OH)","fbs","Mid-American",2015,535108,"Rokeem Williams",6,5,11,1.2,-4.16892175321699,-0.694820292202831,-0.833784350643397,27,4.5,5.4,0.333333333333333,0,1,NA,NA,NA,NA,NA,NA,NA,"G5"
"193","Miami (OH)","fbs","Mid-American",2015,550214,"Jared Murphy",3,2,11,1.5,-3.94837906918183,-1.31612635639394,-1.97418953459092,6,2,3,0,0,0,NA,NA,NA,NA,NA,NA,NA,"G5"
"193","Miami (OH)","fbs","Mid-American",2015,3125962,"Kenny Young",55,10,11,5.5,-22.1401335872171,-0.402547883403947,-2.21401335872171,203,3.69090909090909,20.3,0.272727272727273,0,2,NA,NA,NA,NA,NA,NA,NA,"G5"
"193","Miami (OH)","fbs","Mid-American",2015,3125968,"Gus Ragland",52,8,11,6.5,13.6640088739551,0.262769401422213,1.70800110924439,318,6.11538461538461,39.75,0.442307692307692,2,1,NA,NA,NA,NA,NA,NA,NA,"G5"
"193","Miami (OH)","fbs","Mid-American",2015,3125973,"Alonzo Smith",112,11,11,10.1818181818182,-28.7838135287809,-0.256998335078401,-2.61671032079826,412,3.67857142857143,37.4545454545455,0.267857142857143,3,1,240,238,242,249,207,236,222,"G5"
"193","Miami (OH)","fbs","Mid-American",2015,3915317,"Billy Bahl",18,8,11,2.25,-0.811914354615939,-0.0451063530342188,-0.101489294326992,61,3.38888888888889,7.625,0.333333333333333,0,1,NA,NA,NA,NA,NA,NA,NA,"G5"
"193","Miami (OH)","fbs","Mid-American",2015,3915337,"De'Andre Montgomery",1,1,11,1,1.89903146419934,1.89903146419934,1.89903146419934,11,11,11,1,0,0,NA,NA,NA,NA,NA,NA,NA,"G5"
"193","Miami (OH)","fbs","Mid-American",2015,3915341,"Leonard Ross",46,8,11,5.75,-14.018226321872,-0.304744050475478,-1.752278290234,150,3.26086956521739,18.75,0.239130434782609,0,1,NA,NA,NA,NA,NA,NA,NA,"G5"
"193","Miami (OH)","fbs","Mid-American",2015,3915346,"Maurice Thomas",18,6,11,3,9.81751455507578,0.545417475281988,1.63625242584596,205,11.3888888888889,34.1666666666667,0.555555555555556,0,1,NA,NA,NA,NA,NA,NA,NA,"G5"
"194","Ohio State","fbs","Big Ten",2015,512838,"Braxton Miller",41,11,12,3.72727272727273,-1.56685322169175,-0.0382159322363841,-0.142441201971977,237,5.78048780487805,21.5454545454545,0.414634146341463,1,3,NA,NA,NA,NA,NA,NA,NA,"P5"
"194","Ohio State","fbs","Big Ten",2015,534280,"Warren Ball",8,3,12,2.66666666666667,-6.18770045430955,-0.773462556788694,-2.06256681810318,27,3.375,9,0.125,0,0,NA,NA,NA,NA,NA,NA,NA,"P5"
"194","Ohio State","fbs","Big Ten",2015,534289,"Bri'onte Dunn",15,7,12,2.14285714285714,-4.08666997198883,-0.272444664799256,-0.583809995998405,95,6.33333333333333,13.5714285714286,0.466666666666667,1,1,NA,NA,NA,NA,NA,NA,NA,"P5"
"194","Ohio State","fbs","Big Ten",2015,534294,"Cardale Jones",52,10,12,5.2,-6.45954095227737,-0.124221941389949,-0.645954095227737,260,5,26,0.346153846153846,2,4,NA,NA,NA,NA,NA,NA,NA,"P5"
"194","Ohio State","fbs","Big Ten",2015,545624,"J.T. Barrett",87,10,12,8.7,27.7216628786402,0.318639803202761,2.77216628786402,607,6.97701149425287,60.7,0.540229885057471,11,2,27,27,10,6,131.5,17,132,"P5"
"194","Ohio State","fbs","Big Ten",2015,549811,"Ezekiel Elliott",262,12,12,21.8333333333333,64.0160381706046,0.244336023551926,5.33466984755038,1672,6.38167938931298,139.333333333333,0.49618320610687,19,1,2,3,26,33,4,41,6,"P5"
"194","Ohio State","fbs","Big Ten",2015,549819,"Jalin Marshall",1,1,12,1,0.983178836342375,0.983178836342375,0.983178836342375,15,15,15,1,0,0,NA,NA,NA,NA,NA,NA,NA,"P5"
"194","Ohio State","fbs","Big Ten",2015,3121427,"Curtis Samuel",17,9,12,1.88888888888889,4.59096327426401,0.270056663192001,0.510107030473779,132,7.76470588235294,14.6666666666667,0.411764705882353,1,0,NA,NA,NA,NA,NA,NA,NA,"P5"
"195","Ohio","fbs","Mid-American",2015,511552,"Derrius Vick",67,9,11,7.44444444444444,-4.84843587780391,-0.0723647145940882,-0.538715097533768,322,4.80597014925373,35.7777777777778,0.313432835820896,1,1,NA,NA,NA,NA,NA,NA,NA,"G5"
"195","Ohio","fbs","Mid-American",2015,532425,"Daz'mond Patterson",98,10,11,9.8,9.57636868891311,0.0977180478460522,0.957636868891311,476,4.85714285714286,47.6,0.469387755102041,8,0,91,90,81,56,181,158,190,"G5"
"195","Ohio","fbs","Mid-American",2015,532433,"JD Sprague",38,6,11,6.33333333333333,4.1855585556512,0.110146277780295,0.697593092608534,216,5.68421052631579,36,0.473684210526316,0,2,NA,NA,NA,NA,NA,NA,NA,"G5"
"195","Ohio","fbs","Mid-American",2015,532440,"Greg Windham",23,5,11,4.6,-4.26335971024869,-0.185363465662987,-0.852671942049738,93,4.04347826086957,18.6,0.478260869565217,0,0,NA,NA,NA,NA,NA,NA,NA,"G5"
"195","Ohio","fbs","Mid-American",2015,550681,"Dorian Brown",35,6,11,5.83333333333333,-3.21072254441094,-0.0917349298403126,-0.53512042406849,186,5.31428571428571,31,0.342857142857143,0,0,NA,NA,NA,NA,NA,NA,NA,"G5"
"195","Ohio","fbs","Mid-American",2015,3126060,"Bo Hardy",5,2,11,2.5,4.82474112078203,0.964948224156406,2.41237056039101,69,13.8,34.5,0.8,0,0,NA,NA,NA,NA,NA,NA,NA,"G5"
"195","Ohio","fbs","Mid-American",2015,3126072,"A.J. Ouellette",128,11,11,11.6363636363636,4.84892725701376,0.03788224419542,0.440811568819433,620,4.84375,56.3636363636364,0.4453125,5,0,115,117,118,92,121,159,142,"G5"
"195","Ohio","fbs","Mid-American",2015,3126080,"Papi White",20,6,11,3.33333333333333,-4.04605604948711,-0.202302802474355,-0.674342674914517,80,4,13.3333333333333,0.4,0,0,NA,NA,NA,NA,NA,NA,NA,"G5"
"195","Ohio","fbs","Mid-American",2015,3139562,"Maleek Irons",33,7,11,4.71428571428571,13.4366205698074,0.407170320297195,1.9195172242582,204,6.18181818181818,29.1428571428571,0.454545454545455,4,0,NA,NA,NA,NA,NA,NA,NA,"G5"
"197","Oklahoma State","fbs","Big 12",2015,511260,"J.W. Walsh",62,11,11,5.63636363636364,10.1825548036574,0.1642347548977,0.925686800332488,255,4.11290322580645,23.1818181818182,0.548387096774194,10,2,NA,NA,NA,NA,NA,NA,NA,"P5"
"197","Oklahoma State","fbs","Big 12",2015,534634,"Corey Bennett",2,1,11,2,-2.3657357648037,-1.18286788240185,-2.3657357648037,18,9,18,0,0,0,NA,NA,NA,NA,NA,NA,NA,"P5"
"197","Oklahoma State","fbs","Big 12",2015,534660,"Jhajuan Seales",1,1,11,1,0.960286321043364,0.960286321043364,0.960286321043364,13,13,13,1,0,0,NA,NA,NA,NA,NA,NA,NA,"P5"
"197","Oklahoma State","fbs","Big 12",2015,534661,"Brandon Sheperd",5,3,11,1.66666666666667,-0.726777667454001,-0.1453555334908,-0.242259222484667,23,4.6,7.66666666666667,0.4,0,0,NA,NA,NA,NA,NA,NA,NA,"P5"
"197","Oklahoma State","fbs","Big 12",2015,547253,"Marcell Ateman",1,1,11,1,-0.732846074538944,-0.732846074538944,-0.732846074538944,1,1,1,0,0,0,NA,NA,NA,NA,NA,NA,NA,"P5"
"197","Oklahoma State","fbs","Big 12",2015,547255,"Rennie Childs",58,9,11,6.44444444444444,-14.209868285899,-0.244997729067225,-1.57887425398878,216,3.72413793103448,24,0.379310344827586,2,0,NA,NA,NA,NA,NA,NA,NA,"P5"
"197","Oklahoma State","fbs","Big 12",2015,557219,"Raymond Taylor",46,9,11,5.11111111111111,5.22329072670909,0.113549798406719,0.58036563630101,294,6.39130434782609,32.6666666666667,0.41304347826087,4,0,NA,NA,NA,NA,NA,NA,NA,"P5"
"197","Oklahoma State","fbs","Big 12",2015,3116407,"Mason Rudolph",31,10,11,3.1,1.18092558163585,0.0380943736011564,0.118092558163585,171,5.51612903225806,17.1,0.387096774193548,1,1,NA,NA,NA,NA,NA,NA,NA,"P5"
"197","Oklahoma State","fbs","Big 12",2015,3122424,"Taylor Cornelius",2,1,11,2,4.03308414763104,2.01654207381552,4.03308414763104,21,10.5,21,1,0,0,NA,NA,NA,NA,NA,NA,NA,"P5"
"197","Oklahoma State","fbs","Big 12",2015,3122449,"James Washington",1,1,11,1,0.423572473344109,0.423572473344109,0.423572473344109,10,10,10,1,0,0,NA,NA,NA,NA,NA,NA,NA,"P5"
"197","Oklahoma State","fbs","Big 12",2015,3919593,"Jeff Carr",30,9,11,3.33333333333333,-7.41404522291546,-0.247134840763849,-0.823782802546162,101,3.36666666666667,11.2222222222222,0.233333333333333,1,0,NA,NA,NA,NA,NA,NA,NA,"P5"
"197","Oklahoma State","fbs","Big 12",2015,3919596,"Chris Carson",106,10,11,10.6,-15.3928918406779,-0.145215960761112,-1.53928918406779,462,4.35849056603774,46.2,0.349056603773585,3,0,207,207,213,208,188.5,197,197,"P5"
"197","Oklahoma State","fbs","Big 12",2015,3919609,"Jalen McCleskey",4,3,11,1.33333333333333,1.5821463332119,0.395536583302975,0.527382111070634,25,6.25,8.33333333333333,0.75,0,0,NA,NA,NA,NA,NA,NA,NA,"P5"
"2","Auburn","fbs","SEC",2015,530907,"Ricardo Louis",26,8,11,3.25,3.06111658439185,0.11773525324584,0.382639573048981,147,5.65384615384615,18.375,0.576923076923077,1,2,NA,NA,NA,NA,NA,NA,NA,"P5"
"2","Auburn","fbs","SEC",2015,530919,"Jovon Robinson",90,7,11,12.8571428571429,9.57157597722053,0.106350844191339,1.36736799674579,513,5.7,73.2857142857143,0.466666666666667,2,1,92,65,74,60,168,90.5,82,"P5"
"2","Auburn","fbs","SEC",2015,535454,"Tucker Tuberville",2,1,11,2,1.12976747538218,0.564883737691089,1.12976747538218,14,7,14,1,0,0,NA,NA,NA,NA,NA,NA,NA,"P5"
"2","Auburn","fbs","SEC",2015,550019,"Jeremy Johnson",30,7,11,4.28571428571429,13.8367132547321,0.461223775157738,1.97667332210459,180,6,25.7142857142857,0.533333333333333,5,2,NA,NA,NA,NA,NA,NA,NA,"P5"
"2","Auburn","fbs","SEC",2015,550025,"Peyton Barber",196,11,11,17.8181818181818,11.193876103954,0.0571116127752756,1.01762510035946,803,4.0969387755102,73,0.423469387755102,9,2,81,89,101,121,75,221,83,"P5"
"2","Auburn","fbs","SEC",2015,559589,"Lawyer Tillman",5,1,11,5,-1.5670856797194,-0.313417135943879,-1.5670856797194,24,4.8,24,0.4,0,0,NA,NA,NA,NA,NA,NA,NA,"P5"
"2","Auburn","fbs","SEC",2015,559704,"Stanton Truitt",6,3,11,2,-0.35667425956899,-0.059445709928165,-0.11889141985633,28,4.66666666666667,9.33333333333333,0.666666666666667,0,0,NA,NA,NA,NA,NA,NA,NA,"P5"
"2","Auburn","fbs","SEC",2015,3121583,"Roc Thomas",33,7,11,4.71428571428571,-0.63601492297593,-0.0192731794841191,-0.0908592747108472,218,6.60606060606061,31.1428571428571,0.303030303030303,1,0,NA,NA,NA,NA,NA,NA,NA,"P5"
"2","Auburn","fbs","SEC",2015,3121585,"Sean White",22,5,11,4.4,-5.1900604545219,-0.235911838841905,-1.03801209090438,114,5.18181818181818,22.8,0.272727272727273,0,2,NA,NA,NA,NA,NA,NA,NA,"P5"
"2","Auburn","fbs","SEC",2015,3892692,"Jason Smith",5,4,11,1.25,2.11313071302297,0.422626142604594,0.528282678255742,31,6.2,7.75,0.4,1,0,NA,NA,NA,NA,NA,NA,NA,"P5"
"2","Auburn","fbs","SEC",2015,3892698,"Kevin Phillips",1,1,11,1,4.53903569407014,4.53903569407014,4.53903569407014,24,24,24,1,0,0,NA,NA,NA,NA,NA,NA,NA,"P5"
"2","Auburn","fbs","SEC",2015,3916925,"Kerryon Johnson",45,10,11,4.5,1.58077799461889,0.0351283998804198,0.158077799461889,180,4,18,0.422222222222222,2,0,NA,NA,NA,NA,NA,NA,NA,"P5"
"2","Auburn","fbs","SEC",2015,3916946,"Ryan Davis",2,2,11,1,0.445510325377293,0.222755162688647,0.222755162688647,20,10,10,0.5,0,0,NA,NA,NA,NA,NA,NA,NA,"P5"
"2005","Air Force","fbs","Mountain West",2015,544097,"Garrett Brown",26,11,12,2.36363636363636,2.10502700669152,0.0809625771804431,0.191366091517411,177,6.80769230769231,16.0909090909091,0.5,1,1,NA,NA,NA,NA,NA,NA,NA,"G5"
"2005","Air Force","fbs","Mountain West",2015,547343,"Karson Roberts",150,11,12,13.6363636363636,-0.429611981322865,-0.00286407987548577,-0.039055634665715,684,4.56,62.1818181818182,0.5,9,6,146,146,146,29,101,183,125,"G5"
"2005","Air Force","fbs","Mountain West",2015,553610,"Devin Rushing",3,1,12,3,3.77517191392956,1.25839063797652,3.77517191392956,41,13.6666666666667,41,1,0,0,NA,NA,NA,NA,NA,NA,NA,"G5"
"2005","Air Force","fbs","Mountain West",2015,553611,"D.J. Johnson",70,6,12,11.6666666666667,6.2031014411466,0.0886157348735228,1.0338502401911,340,4.85714285714286,56.6666666666667,0.4,5,1,NA,NA,NA,NA,NA,NA,NA,"G5"
"2005","Air Force","fbs","Mountain West",2015,554520,"Jalen Robinette",2,1,12,2,-4.3526576527099,-2.17632882635495,-4.3526576527099,-2,-1,-2,0,0,0,NA,NA,NA,NA,NA,NA,NA,"G5"
"2005","Air Force","fbs","Mountain West",2015,554528,"Nate Romine",19,1,12,19,5.64254789342188,0.296976204916941,5.64254789342188,116,6.10526315789474,116,0.368421052631579,1,1,NA,NA,NA,NA,NA,NA,NA,"G5"
"2005","Air Force","fbs","Mountain West",2015,3124349,"Jacobi Owens",177,12,12,14.75,3.34906352993046,0.018921262880963,0.279088627494205,943,5.32768361581921,78.5833333333333,0.406779661016949,6,2,130,132,132,138,48,116,71,"G5"
"2005","Air Force","fbs","Mountain West",2015,3124351,"Shayne Davern",42,5,12,8.4,9.69195287911828,0.230760782836149,1.93839057582366,308,7.33333333333333,61.6,0.428571428571429,3,0,NA,NA,NA,NA,NA,NA,NA,"G5"
"2005","Air Force","fbs","Mountain West",2015,3152853,"Bryan Driskell",46,7,12,6.57142857142857,5.80565503066133,0.126209891970898,0.829379290094476,314,6.82608695652174,44.8571428571429,0.5,0,0,NA,NA,NA,NA,NA,NA,NA,"G5"
"2005","Air Force","fbs","Mountain West",2015,3157674,"Tyler Williams",28,8,12,3.5,7.2507938479794,0.258956923142122,0.906349230997426,163,5.82142857142857,20.375,0.714285714285714,0,1,NA,NA,NA,NA,NA,NA,NA,"G5"
"2005","Air Force","fbs","Mountain West",2015,3929842,"Benton Washington",49,8,12,6.125,10.5403644018886,0.215109477589564,1.31754555023608,259,5.28571428571429,32.375,0.551020408163265,3,1,NA,NA,NA,NA,NA,NA,NA,"G5"
"2005","Air Force","fbs","Mountain West",2015,3935202,"Aubrey Duty-Tyson",20,3,12,6.66666666666667,-2.58423971001234,-0.129211985500617,-0.861413236670781,70,3.5,23.3333333333333,0.4,1,2,NA,NA,NA,NA,NA,NA,NA,"G5"
"2005","Air Force","fbs","Mountain West",2015,3935208,"Jacob Stafford",7,2,12,3.5,-3.15253343219599,-0.450361918885141,-1.57626671609799,20,2.85714285714286,10,0.142857142857143,0,0,NA,NA,NA,NA,NA,NA,NA,"G5"
"2005","Air Force","fbs","Mountain West",2015,3935209,"Timothy McVey",42,6,12,7,21.2296617112634,0.505468135982462,3.53827695187723,360,8.57142857142857,60,0.476190476190476,8,0,NA,NA,NA,NA,NA,NA,NA,"G5"
"2006","Akron","fbs","Mid-American",2015,514606,"Cody Grice",14,7,11,2,3.77147618500417,0.269391156071726,0.538782312143453,26,1.85714285714286,3.71428571428571,0.642857142857143,1,0,NA,NA,NA,NA,NA,NA,NA,"G5"
"2006","Akron","fbs","Mid-American",2015,514617,"Kyle Pohl",4,3,11,1.33333333333333,-3.48949312398094,-0.872373280995234,-1.16316437466031,6,1.5,2,0.25,0,0,NA,NA,NA,NA,NA,NA,NA,"G5"
"2006","Akron","fbs","Mid-American",2015,515514,"Donnell Alexander",84,9,11,9.33333333333333,-14.5525378051365,-0.173244497680197,-1.61694864501517,390,4.64285714285714,43.3333333333333,0.345238095238095,2,1,203,211,220,211,213,174,206,"G5"
"2006","Akron","fbs","Mid-American",2015,531894,"Imani Davis",3,2,11,1.5,-0.841134893554198,-0.280378297851399,-0.420567446777099,11,3.66666666666667,5.5,0.333333333333333,0,0,NA,NA,NA,NA,NA,NA,NA,"G5"
"2006","Akron","fbs","Mid-American",2015,531903,"Conor Hundley",167,11,11,15.1818181818182,-16.3918387344608,-0.0981547229608429,-1.49016715767825,727,4.35329341317365,66.0909090909091,0.37125748502994,9,0,212,204,199,182,96,198,113,"G5"
"2006","Akron","fbs","Mid-American",2015,531904,"Hakeem Lawrence",6,1,11,6,-2.25507657638988,-0.375846096064981,-2.25507657638988,11,1.83333333333333,11,0,0,0,NA,NA,NA,NA,NA,NA,NA,"G5"
"2006","Akron","fbs","Mid-American",2015,546646,"Tra'Von Chapman",21,2,11,10.5,-7.81637214153428,-0.372208197215918,-3.90818607076714,64,3.04761904761905,32,0.285714285714286,0,0,NA,NA,NA,NA,NA,NA,NA,"G5"
"2006","Akron","fbs","Mid-American",2015,550357,"Thomas Woodson",89,10,11,8.9,5.02544401546241,0.0564656630950832,0.502544401546241,521,5.85393258426966,52.1,0.438202247191011,2,2,114,113,102,101.5,164,79,163,"G5"
"2006","Akron","fbs","Mid-American",2015,3138642,"Kyle Foster",1,1,11,1,-2.34473967475139,-2.34473967475139,-2.34473967475139,0,0,0,0,0,0,NA,NA,NA,NA,NA,NA,NA,"G5"
"2006","Akron","fbs","Mid-American",2015,3915229,"Michael Means Jr.",1,1,11,1,-3.64511207482761,-3.64511207482761,-3.64511207482761,-4,-4,-4,0,0,1,NA,NA,NA,NA,NA,NA,NA,"G5"
"2006","Akron","fbs","Mid-American",2015,3920863,"Richie Cooper",1,1,11,1,-0.782660323010732,-0.782660323010732,-0.782660323010732,0,0,0,0,0,0,NA,NA,NA,NA,NA,NA,NA,"G5"
"2006","Akron","fbs","Mid-American",2015,3920865,"Van Edwards Jr.",14,5,11,2.8,-7.9576409667859,-0.568402926198993,-1.59152819335718,57,4.07142857142857,11.4,0.285714285714286,0,1,NA,NA,NA,NA,NA,NA,NA,"G5"
"201","Oklahoma","fbs","Big 12",2015,534449,"Trevor Knight",14,5,12,2.8,4.03732120291877,0.288380085922769,0.807464240583753,66,4.71428571428571,13.2,0.5,1,1,NA,NA,NA,NA,NA,NA,NA,"P5"
"201","Oklahoma","fbs","Big 12",2015,534464,"Alex Ross",30,5,12,6,-5.30096333980972,-0.176698777993657,-1.06019266796194,170,5.66666666666667,34,0.233333333333333,1,1,NA,NA,NA,NA,NA,NA,NA,"P5"
"201","Oklahoma","fbs","Big 12",2015,534466,"Daniel Brooks",28,6,12,4.66666666666667,-1.47041333039094,-0.0525147617996766,-0.245068888398491,150,5.35714285714286,25,0.392857142857143,0,0,NA,NA,NA,NA,NA,NA,NA,"P5"
"201","Oklahoma","fbs","Big 12",2015,550373,"Baker Mayfield",95,12,12,7.91666666666667,16.1507377401151,0.170007765685422,1.34589481167626,573,6.03157894736842,47.75,0.452631578947368,6,3,58,66,41,77,145,63,187,"P5"
"201","Oklahoma","fbs","Big 12",2015,3116385,"Joe Mixon",110,12,12,9.16666666666667,14.5414412267211,0.132194920242919,1.21178676889343,749,6.80909090909091,62.4166666666667,0.481818181818182,7,1,65,78,58,50,90.5,21,124,"P5"
"201","Oklahoma","fbs","Big 12",2015,3116389,"Samaje Perine",209,12,12,17.4166666666667,17.6152956163859,0.0842837110831862,1.46794130136549,1282,6.13397129186603,106.833333333333,0.38755980861244,15,2,53,61,87,164,16,58,30,"P5"
"201","Oklahoma","fbs","Big 12",2015,3705353,"Rodney Anderson",1,1,12,1,-0.0423822171766366,-0.0423822171766366,-0.0423822171766366,5,5,5,0,0,0,NA,NA,NA,NA,NA,NA,NA,"P5"
"201","Oklahoma","fbs","Big 12",2015,3892889,"Dede Westbrook",3,3,12,1,-3.44985447212522,-1.14995149070841,-1.14995149070841,0,0,0,0.333333333333333,0,0,NA,NA,NA,NA,NA,NA,NA,"P5"
"202","Tulsa","fbs","American Athletic",2015,514157,"Conner Floyd",1,1,12,1,-1.56340787576701,-1.56340787576701,-1.56340787576701,-5,-5,-5,0,0,0,NA,NA,NA,NA,NA,NA,NA,"G5"
"202","Tulsa","fbs","American Athletic",2015,514162,"Zack Langer",189,10,12,18.9,-15.0983097834963,-0.0798852369497159,-1.50983097834963,700,3.7037037037037,70,0.386243386243386,16,3,206,205,188,166,99,235,96,"G5"
"202","Tulsa","fbs","American Athletic",2015,532273,"Dane Evans",49,12,12,4.08333333333333,-4.52811422765912,-0.0924104944420228,-0.377342852304926,208,4.24489795918367,17.3333333333333,0.387755102040816,1,2,NA,NA,NA,NA,NA,NA,NA,"G5"
"202","Tulsa","fbs","American Athletic",2015,532274,"James Flanders",21,3,12,7,0.893056443817689,0.0425264973246519,0.297685481272563,87,4.14285714285714,29,0.428571428571429,0,0,NA,NA,NA,NA,NA,NA,NA,"G5"
"202","Tulsa","fbs","American Athletic",2015,550737,"Keevan Lucas",5,3,12,1.66666666666667,1.11650041131619,0.223300082263237,0.372166803772062,35,7,11.6666666666667,0.6,0,0,NA,NA,NA,NA,NA,NA,NA,"G5"
"202","Tulsa","fbs","American Athletic",2015,550749,"Rowdy Simon",7,1,12,7,1.63657054463229,0.233795792090328,1.63657054463229,35,5,35,0.571428571428571,1,0,NA,NA,NA,NA,NA,NA,NA,"G5"
"202","Tulsa","fbs","American Athletic",2015,3126273,"D'Angelo Brewer",147,10,12,14.7,-4.85367213290131,-0.0330181777748388,-0.485367213290131,726,4.93877551020408,72.6,0.394557823129252,4,1,167,166,162,153,97,150,86,"G5"
"202","Tulsa","fbs","American Athletic",2015,3126281,"Justin Hobbs",3,3,12,1,0.573998256612739,0.191332752204246,0.191332752204246,13,4.33333333333333,4.33333333333333,0.333333333333333,0,0,NA,NA,NA,NA,NA,NA,NA,"G5"
"202","Tulsa","fbs","American Athletic",2015,3126300,"Ramadi Warren",67,7,12,9.57142857142857,15.1561765043019,0.226211589616447,2.16516807204313,466,6.95522388059702,66.5714285714286,0.477611940298507,6,1,NA,NA,NA,NA,NA,NA,NA,"G5"
"202","Tulsa","fbs","American Athletic",2015,3917007,"Chad President",16,4,12,4,-2.0046006801163,-0.125287542507269,-0.501150170029076,64,4,16,0.375,0,0,NA,NA,NA,NA,NA,NA,NA,"G5"
"2026","App State","fbs","Sun Belt",2015,512879,"Bobo Beathard",1,1,11,1,2.16124410024027,2.16124410024027,2.16124410024027,17,17,17,1,1,0,NA,NA,NA,NA,NA,NA,NA,"G5"
"2026","App State","fbs","Sun Belt",2015,512891,"Zach Matics",1,1,11,1,1.48297353399628,1.48297353399628,1.48297353399628,6,6,6,1,0,0,NA,NA,NA,NA,NA,NA,NA,"G5"
"2026","App State","fbs","Sun Belt",2015,533091,"Simms McElfresh",6,5,11,1.2,1.62943854670394,0.271573091117323,0.325887709340788,48,8,9.6,0.5,0,0,NA,NA,NA,NA,NA,NA,NA,"G5"
"2026","App State","fbs","Sun Belt",2015,539020,"Ricky Fergerson",9,3,11,3,2.44833875268514,0.272037639187237,0.816112917561712,66,7.33333333333333,22,0.444444444444444,1,0,NA,NA,NA,NA,NA,NA,NA,"G5"
"2026","App State","fbs","Sun Belt",2015,548436,"Marcus Cox",201,10,11,20.1,-10.2981710781954,-0.0512346819810715,-1.02981710781954,1090,5.4228855721393,109,0.383084577114428,7,3,186,184,170,173,31,108,25,"G5"
"2026","App State","fbs","Sun Belt",2015,548447,"Taylor Lamb",59,11,11,5.36363636363636,11.6561098920137,0.197561184610402,1.05964635381943,403,6.83050847457627,36.6363636363636,0.508474576271186,3,2,NA,NA,NA,NA,NA,NA,NA,"G5"
"2026","App State","fbs","Sun Belt",2015,548467,"Terrence Upshaw",69,9,11,7.66666666666667,0.596159489365097,0.00863999259949416,0.0662399432627886,388,5.6231884057971,43.1111111111111,0.420289855072464,3,1,142,143,140,126.5,215,99,207,"G5"
"2026","App State","fbs","Sun Belt",2015,3123648,"Jaylan Barbour",1,1,11,1,-5.4796300283751,-5.4796300283751,-5.4796300283751,-2,-2,-2,0,0,1,NA,NA,NA,NA,NA,NA,NA,"G5"
"2026","App State","fbs","Sun Belt",2015,3123652,"Josh Boyd",34,6,11,5.66666666666667,-10.5311927705518,-0.309740963839758,-1.75519879509196,121,3.55882352941176,20.1666666666667,0.323529411764706,0,0,NA,NA,NA,NA,NA,NA,NA,"G5"
"2026","App State","fbs","Sun Belt",2015,3123666,"Deltron Hopkins",3,3,11,1,2.32359874723816,0.774532915746053,0.774532915746053,38,12.6666666666667,12.6666666666667,1,0,0,NA,NA,NA,NA,NA,NA,NA,"G5"
"2026","App State","fbs","Sun Belt",2015,3123670,"Ike Lewis",1,1,11,1,0.496146247918589,0.496146247918589,0.496146247918589,8,8,8,1,0,0,NA,NA,NA,NA,NA,NA,NA,"G5"
"2026","App State","fbs","Sun Belt",2015,3123675,"Jalin Moore",76,8,11,9.5,17.8185282059238,0.234454318498997,2.22731602574047,561,7.38157894736842,70.125,0.539473684210526,4,0,52,39,30,7,148,10,94,"G5"
"2032","Arkansas State","fbs","Sun Belt",2015,515871,"Darion Griswold",1,1,11,1,1.93355882607723,1.93355882607723,1.93355882607723,4,4,4,1,1,0,NA,NA,NA,NA,NA,NA,NA,"G5"
"2032","Arkansas State","fbs","Sun Belt",2015,517262,"Tyler Trosin",3,2,11,1.5,-3.84685357092187,-1.28228452364062,-1.92342678546093,1,0.333333333333333,0.5,0,0,0,NA,NA,NA,NA,NA,NA,NA,"G5"
"2032","Arkansas State","fbs","Sun Belt",2015,538149,"Michael Gordon",155,11,11,14.0909090909091,14.6962194388584,0.094814318960377,1.33601994898713,961,6.2,87.3636363636364,0.419354838709677,8,2,64,69,82,131,43,50,56,"G5"
"2032","Arkansas State","fbs","Sun Belt",2015,538150,"Rocky Hayes",2,2,11,1,-2.23687587080877,-1.11843793540438,-1.11843793540438,5,2.5,2.5,0.5,0,0,NA,NA,NA,NA,NA,NA,NA,"G5"
"2032","Arkansas State","fbs","Sun Belt",2015,538156,"Fredi Knighten",111,9,11,12.3333333333333,-3.27982633210304,-0.0295479849739012,-0.364425148011448,512,4.61261261261261,56.8888888888889,0.432432432432432,4,3,158,160,159,110,169,178,141,"G5"
"2032","Arkansas State","fbs","Sun Belt",2015,545959,"Booker Mays",1,1,11,1,-0.158245507141026,-0.158245507141026,-0.158245507141026,4,4,4,0,0,0,NA,NA,NA,NA,NA,NA,NA,"G5"
"2032","Arkansas State","fbs","Sun Belt",2015,545962,"Dijon Paschal",1,1,11,1,-2.32008195364156,-2.32008195364156,-2.32008195364156,-9,-9,-9,0,0,0,NA,NA,NA,NA,NA,NA,NA,"G5"
"2032","Arkansas State","fbs","Sun Belt",2015,554948,"Johnston White",79,11,11,7.18181818181818,9.86100750116642,0.1248228797616,0.896455227378766,487,6.16455696202532,44.2727272727273,0.430379746835443,11,1,87,97,63,112,176,56,201,"G5"
"2032","Arkansas State","fbs","Sun Belt",2015,3123714,"Blake Mack",1,1,11,1,-0.78579350749791,-0.78579350749791,-0.78579350749791,0,0,0,0,0,0,NA,NA,NA,NA,NA,NA,NA,"G5"
"2032","Arkansas State","fbs","Sun Belt",2015,3123719,"James Tabary",7,3,11,2.33333333333333,-8.28864607707966,-1.18409229672567,-2.76288202569322,-17,-2.42857142857143,-5.66666666666667,0,0,3,NA,NA,NA,NA,NA,NA,NA,"G5"
"2032","Arkansas State","fbs","Sun Belt",2015,3147876,"Logan Moragne",14,4,11,3.5,2.62615689537553,0.187582635383966,0.656539223843882,122,8.71428571428571,30.5,0.285714285714286,0,0,NA,NA,NA,NA,NA,NA,NA,"G5"
"2032","Arkansas State","fbs","Sun Belt",2015,3917190,"Warren Wand",94,11,11,8.54545454545454,11.9687202085336,0.127326810729081,1.08806547350305,581,6.18085106382979,52.8181818181818,0.446808510638298,3,1,78,86,60,88,143,53,160,"G5"
"204","Oregon State","fbs","Pac-12",2015,517269,"Storm Barrs-Woods",33,4,11,8.25,-2.4408010693859,-0.0739636687692696,-0.610200267346474,139,4.21212121212121,34.75,0.363636363636364,0,0,NA,NA,NA,NA,NA,NA,NA,"P5"
"204","Oregon State","fbs","Pac-12",2015,535188,"Chris Brown",19,4,11,4.75,-5.00607420868655,-0.263477589930871,-1.25151855217164,86,4.52631578947368,21.5,0.315789473684211,1,0,NA,NA,NA,NA,NA,NA,NA,"P5"
"204","Oregon State","fbs","Pac-12",2015,552109,"Damien Haskins",7,5,11,1.4,2.13050140963682,0.304357344233831,0.426100281927363,62,8.85714285714286,12.4,0.428571428571429,0,0,NA,NA,NA,NA,NA,NA,NA,"P5"
"204","Oregon State","fbs","Pac-12",2015,3127326,"Xavier Hawkins",1,1,11,1,-1.91020349804011,-1.91020349804011,-1.91020349804011,-6,-6,-6,0,0,0,NA,NA,NA,NA,NA,NA,NA,"P5"
"204","Oregon State","fbs","Pac-12",2015,3127332,"Marcus McMaryion",11,4,11,2.75,3.94063119030658,0.35823919911878,0.985157797576646,43,3.90909090909091,10.75,0.545454545454545,1,0,NA,NA,NA,NA,NA,NA,NA,"P5"
"204","Oregon State","fbs","Pac-12",2015,3127333,"Nick Mitchell",27,4,11,6.75,-6.92719374546753,-0.256562731313612,-1.73179843636688,125,4.62962962962963,31.25,0.444444444444444,1,2,NA,NA,NA,NA,NA,NA,NA,"P5"
"204","Oregon State","fbs","Pac-12",2015,3127335,"Ryan Nall",71,7,11,10.1428571428571,6.29641202808109,0.0886818595504378,0.899487432583013,451,6.35211267605634,64.4285714285714,0.492957746478873,3,0,109,96,86,39,194.5,42,119,"P5"
"204","Oregon State","fbs","Pac-12",2015,3860070,"Seth Collins",83,7,11,11.8571428571429,9.10891290819172,0.109745938652912,1.30127327259882,460,5.54216867469879,65.7142857142857,0.493975903614458,8,1,97,71,70,36.5,191,102,115,"P5"
"204","Oregon State","fbs","Pac-12",2015,3930284,"Paul Lucas",23,6,11,3.83333333333333,0.845106479568847,0.0367437599812542,0.140851079928141,172,7.47826086956522,28.6666666666667,0.304347826086957,0,0,NA,NA,NA,NA,NA,NA,NA,"P5"
"204","Oregon State","fbs","Pac-12",2015,3930292,"Nick Porebski",1,1,11,1,-1.82660830595388,-1.82660830595388,-1.82660830595388,-6,-6,-6,0,0,0,NA,NA,NA,NA,NA,NA,NA,"P5"
"204","Oregon State","fbs","Pac-12",2015,3930295,"Deltron Sands",6,2,11,3,-1.31830261615105,-0.219717102691842,-0.659151308075526,23,3.83333333333333,11.5,0.333333333333333,0,0,NA,NA,NA,NA,NA,NA,NA,"P5"
"2050","Ball State","fbs","Mid-American",2015,531551,"KeVonn Mabon",2,2,11,1,-1.63277675914504,-0.816388379572518,-0.816388379572518,-4,-2,-2,0,0,0,NA,NA,NA,NA,NA,NA,NA,"G5"
"2050","Ball State","fbs","Mid-American",2015,543765,"Alex Egan",1,1,11,1,-2.87200619870355,-2.87200619870355,-2.87200619870355,-13,-13,-13,0,0,1,NA,NA,NA,NA,NA,NA,NA,"G5"
"2050","Ball State","fbs","Mid-American",2015,546005,"Jack Milas",1,1,11,1,-0.437171167353021,-0.437171167353021,-0.437171167353021,0,0,0,0,0,0,NA,NA,NA,NA,NA,NA,NA,"G5"
"2050","Ball State","fbs","Mid-American",2015,546017,"Teddy Williamson",24,5,11,4.8,-7.38677752575864,-0.30778239690661,-1.47735550515173,62,2.58333333333333,12.4,0.25,0,0,NA,NA,NA,NA,NA,NA,NA,"G5"
"2050","Ball State","fbs","Mid-American",2015,3125723,"Darian Green",136,11,11,12.3636363636364,-6.74701482497643,-0.0496104031248267,-0.613364984088767,657,4.83088235294118,59.7272727272727,0.301470588235294,2,0,179,175,169,239,110,160,133,"G5"
"2050","Ball State","fbs","Mid-American",2015,3915459,"James Gilbert",140,11,11,12.7272727272727,-0.471243720352851,-0.00336602657394894,-0.0428403382138956,547,3.90714285714286,49.7272727272727,0.4,6,1,147,147,147,147,156,227,178,"G5"
"2050","Ball State","fbs","Mid-American",2015,3915468,"Riley Neal",78,11,11,7.09090909090909,6.01505847813891,0.0771161343351143,0.546823498012629,461,5.91025641025641,41.9090909090909,0.538461538461538,2,3,111,111,92,8.5,190,75,210,"G5"
"2084","Buffalo","fbs","Mid-American",2015,513613,"Anthone Taylor",153,9,10,17,-12.0731266409109,-0.0789093244503983,-1.34145851565677,666,4.35294117647059,74,0.38562091503268,1,0,193,196,185,167,107,199,78.5,"G5"
"2084","Buffalo","fbs","Mid-American",2015,513614,"Joe Licata",12,6,10,2,4.21051443661518,0.350876203051265,0.70175240610253,43,3.58333333333333,7.16666666666667,0.666666666666667,1,0,NA,NA,NA,NA,NA,NA,NA,"G5"
"2084","Buffalo","fbs","Mid-American",2015,531953,"Jordan Johnson",147,10,10,14.7,-13.3717918934215,-0.0909645707035475,-1.33717918934215,683,4.64625850340136,68.3,0.340136054421769,10,2,197,195,194,215,102,173,104,"G5"
"2084","Buffalo","fbs","Mid-American",2015,531956,"Marcus McGill",1,1,10,1,0.506049814217254,0.506049814217254,0.506049814217254,10,10,10,1,0,0,NA,NA,NA,NA,NA,NA,NA,"G5"
"2084","Buffalo","fbs","Mid-American",2015,531958,"Devin Campbell",2,2,10,1,-1.50981715572339,-0.754908577861696,-0.754908577861696,1,0.5,0.5,0,0,0,NA,NA,NA,NA,NA,NA,NA,"G5"
"2084","Buffalo","fbs","Mid-American",2015,531970,"Malcolm Robinson",2,1,10,2,-0.211569969509818,-0.105784984754909,-0.211569969509818,9,4.5,9,0.5,0,0,NA,NA,NA,NA,NA,NA,NA,"G5"
"2084","Buffalo","fbs","Mid-American",2015,550993,"Jacob Martinez",3,3,10,1,-1.82470956322413,-0.608236521074709,-0.608236521074709,6,2,2,0,0,0,NA,NA,NA,NA,NA,NA,NA,"G5"
"2084","Buffalo","fbs","Mid-American",2015,3916573,"Johnathan Hawkins",5,2,10,2.5,-5.06802849657893,-1.01360569931579,-2.53401424828946,13,2.6,6.5,0.2,0,1,NA,NA,NA,NA,NA,NA,NA,"G5"
"21","San Diego State","fbs","Mountain West",2015,517427,"Maxwell Smith",13,9,12,1.44444444444444,-3.04082404700443,-0.233909542077264,-0.337869338556048,30,2.30769230769231,3.33333333333333,0.307692307692308,2,1,NA,NA,NA,NA,NA,NA,NA,"G5"
"21","San Diego State","fbs","Mountain West",2015,518180,"Chase Price",167,12,12,13.9166666666667,9.66083014848862,0.0578492823262792,0.805069179040719,874,5.23353293413174,72.8333333333333,0.431137724550898,6,2,89,104,100,111,63,126,85,"G5"
"21","San Diego State","fbs","Mountain West",2015,547571,"Donnel Pumphrey",264,12,12,22,14.1434709964157,0.0535737537743017,1.17862258303464,1504,5.6969696969697,125.333333333333,0.393939393939394,15,3,66,79,105,154,8,92,12,"G5"
"21","San Diego State","fbs","Mountain West",2015,547575,"Marcus Stamps",15,5,12,3,-7.5392254749264,-0.50261503166176,-1.50784509498528,33,2.2,6.6,0.2,0,0,NA,NA,NA,NA,NA,NA,NA,"G5"
"21","San Diego State","fbs","Mountain West",2015,3125238,"Dakota Gordon",31,10,12,3.1,6.699980275613,0.216128395987516,0.6699980275613,176,5.67741935483871,17.6,0.483870967741935,2,0,NA,NA,NA,NA,NA,NA,NA,"G5"
"21","San Diego State","fbs","Mountain West",2015,3139921,"Christian Chapman",10,2,12,5,-1.56809542501131,-0.156809542501131,-0.784047712505656,61,6.1,30.5,0.4,0,0,NA,NA,NA,NA,NA,NA,NA,"G5"
"21","San Diego State","fbs","Mountain West",2015,3139925,"Rashaad Penny",57,10,12,5.7,14.4260435709374,0.253088483700655,1.44260435709374,345,6.05263157894737,34.5,0.43859649122807,4,0,NA,NA,NA,NA,NA,NA,NA,"G5"
"21","San Diego State","fbs","Mountain West",2015,3139946,"Mikah Holder",1,1,12,1,0.402169747003678,0.402169747003678,0.402169747003678,8,8,8,1,0,0,NA,NA,NA,NA,NA,NA,NA,"G5"
"2116","UCF","fbs","American Athletic",2015,516035,"Cedric Thompson",2,2,11,1,-1.22695361160875,-0.613476805804374,-0.613476805804374,2,1,1,0,0,0,NA,NA,NA,NA,NA,NA,NA,"G5"
"2116","UCF","fbs","American Athletic",2015,531661,"Joseph Puopolo",1,1,11,1,0.170019688576759,0.170019688576759,0.170019688576759,5,5,5,1,0,0,NA,NA,NA,NA,NA,NA,NA,"G5"
"2116","UCF","fbs","American Athletic",2015,531755,"Nick Patti",16,7,11,2.28571428571429,-3.53420427177262,-0.220887766985789,-0.504886324538946,48,3,6.85714285714286,0.3125,1,0,NA,NA,NA,NA,NA,NA,NA,"G5"
"2116","UCF","fbs","American Athletic",2015,551182,"Dontravious Wilson",43,4,11,10.75,-11.2037299532355,-0.260551859377571,-2.80093248830888,141,3.27906976744186,35.25,0.27906976744186,0,0,NA,NA,NA,NA,NA,NA,NA,"G5"
"2116","UCF","fbs","American Athletic",2015,551184,"Justin Holman",37,8,11,4.625,17.9408667925306,0.484888291690016,2.24260834906632,183,4.94594594594595,22.875,0.621621621621622,0,1,NA,NA,NA,NA,NA,NA,NA,"G5"
"2116","UCF","fbs","American Athletic",2015,551187,"William Stanback",12,2,11,6,-12.947912540025,-1.07899271166875,-6.47395627001251,11,0.916666666666667,5.5,0.0833333333333333,0,1,NA,NA,NA,NA,NA,NA,NA,"G5"
"2116","UCF","fbs","American Athletic",2015,554130,"Michael Willett",15,4,11,3.75,0.316179130154531,0.0210786086769688,0.0790447825386328,53,3.53333333333333,13.25,0.466666666666667,0,0,NA,NA,NA,NA,NA,NA,NA,"G5"
"2116","UCF","fbs","American Athletic",2015,3128436,"C.J. Jones",86,9,11,9.55555555555556,-24.8908642680977,-0.289428654280206,-2.76565158534419,293,3.40697674418605,32.5555555555556,0.255813953488372,1,1,236,239,247,253,243.5,247,237,"G5"
"2116","UCF","fbs","American Athletic",2015,3914267,"Taj McGowan",69,7,11,9.85714285714286,-13.7246234510707,-0.198907586247402,-1.96066049301011,220,3.18840579710145,31.4285714285714,0.318840579710145,1,0,200,221,230,230,254,251,240,"G5"
"2116","UCF","fbs","American Athletic",2015,3929047,"Tristan Payton",1,1,11,1,-1.41930503402551,-1.41930503402551,-1.41930503402551,-4,-4,-4,0,0,0,NA,NA,NA,NA,NA,NA,NA,"G5"
"2116","UCF","fbs","American Athletic",2015,3929050,"Bo Schneider",6,4,11,1.5,-1.15658793145205,-0.192764655242008,-0.289146982863012,13,2.16666666666667,3.25,0.333333333333333,0,0,NA,NA,NA,NA,NA,NA,NA,"G5"
"2117","Central Michigan","fbs","Mid-American",2015,531455,"Cooper Rush",25,7,10,3.57142857142857,13.3694873849883,0.534779495399533,1.90992676928405,218,8.72,31.1428571428571,0.56,2,1,NA,NA,NA,NA,NA,NA,NA,"G5"
"2117","Central Michigan","fbs","Mid-American",2015,531458,"Martez Walker",94,9,10,10.4444444444444,-22.8376181039897,-0.242953384084997,-2.53751312266552,327,3.47872340425532,36.3333333333333,0.351063829787234,2,1,227,234,237,207,234,243,226,"G5"
"2117","Central Michigan","fbs","Mid-American",2015,546522,"Derek Edwards",1,1,10,1,1.28766007123704,1.28766007123704,1.28766007123704,0,0,0,1,1,0,NA,NA,NA,NA,NA,NA,NA,"G5"
"2117","Central Michigan","fbs","Mid-American",2015,546533,"Corey Willis",7,6,10,1.16666666666667,-3.2606787358057,-0.465811247972243,-0.543446455967617,15,2.14285714285714,2.5,0.428571428571429,0,0,NA,NA,NA,NA,NA,NA,NA,"G5"
"2117","Central Michigan","fbs","Mid-American",2015,546601,"Mark Chapman",8,5,10,1.6,3.2996718173609,0.412458977170113,0.65993436347218,54,6.75,10.8,0.5,0,1,NA,NA,NA,NA,NA,NA,NA,"G5"
"2117","Central Michigan","fbs","Mid-American",2015,3125796,"Ryan Lamb",1,1,10,1,-0.578266522406915,-0.578266522406915,-0.578266522406915,2,2,2,0,0,0,NA,NA,NA,NA,NA,NA,NA,"G5"
"2117","Central Michigan","fbs","Mid-American",2015,3125801,"Devon Spalding",39,4,10,9.75,-5.18579094226974,-0.132968998519737,-1.29644773556744,146,3.74358974358974,36.5,0.358974358974359,1,0,NA,NA,NA,NA,NA,NA,NA,"G5"
"2117","Central Michigan","fbs","Mid-American",2015,3915496,"Jay Roberson",13,7,10,1.85714285714286,-7.09950132563757,-0.546115486587505,-1.01421447509108,49,3.76923076923077,7,0.230769230769231,0,1,NA,NA,NA,NA,NA,NA,NA,"G5"
"2117","Central Michigan","fbs","Mid-American",2015,3915497,"Romello Ross",25,4,10,6.25,3.76498471138211,0.150599388455284,0.941246177845527,104,4.16,26,0.4,3,0,NA,NA,NA,NA,NA,NA,NA,"G5"
"2117","Central Michigan","fbs","Mid-American",2015,3932887,"Jahray Hayes",70,7,10,10,-24.2755440622975,-0.34679348660425,-3.4679348660425,244,3.48571428571429,34.8571428571429,0.314285714285714,2,2,234,248,251,231,252,241,232,"G5"
"213","Penn State","fbs","Big Ten",2015,535604,"Akeel Lynch",55,6,12,9.16666666666667,-9.05652980523568,-0.164664178277012,-1.50942163420595,282,5.12727272727273,47,0.218181818181818,2,0,NA,NA,NA,NA,NA,NA,NA,"P5"
"213","Penn State","fbs","Big Ten",2015,552329,"Christian Hackenberg",27,12,12,2.25,4.91455074783191,0.182020398067848,0.409545895652659,141,5.22222222222222,11.75,0.444444444444444,2,0,NA,NA,NA,NA,NA,NA,NA,"P5"
"213","Penn State","fbs","Big Ten",2015,557575,"Brandon Johnson",4,2,12,2,-1.85634844548564,-0.464087111371409,-0.928174222742818,23,5.75,11.5,0.25,0,0,NA,NA,NA,NA,NA,NA,NA,"P5"
"213","Penn State","fbs","Big Ten",2015,3116150,"Mark Allen",27,7,12,3.85714285714286,-14.6572950611367,-0.542862780042101,-2.0938992944481,92,3.40740740740741,13.1428571428571,0.185185185185185,1,1,NA,NA,NA,NA,NA,NA,NA,"P5"
"213","Penn State","fbs","Big Ten",2015,3116172,"Trace McSorley",5,3,12,1.66666666666667,-0.745840049718645,-0.149168009943729,-0.248613349906215,17,3.4,5.66666666666667,0.6,0,0,NA,NA,NA,NA,NA,NA,NA,"P5"
"213","Penn State","fbs","Big Ten",2015,3116179,"Nick Scott",29,6,12,4.83333333333333,-6.49224732743468,-0.223870597497748,-1.08204122123911,129,4.44827586206897,21.5,0.275862068965517,1,0,NA,NA,NA,NA,NA,NA,NA,"P5"
"213","Penn State","fbs","Big Ten",2015,3116181,"Johnathan Thomas",11,3,12,3.66666666666667,-2.06197762294507,-0.187452511176825,-0.687325874315025,42,3.81818181818182,14,0.454545454545455,0,0,NA,NA,NA,NA,NA,NA,NA,"P5"
"213","Penn State","fbs","Big Ten",2015,3116182,"DeAndre Thompkins",5,3,12,1.66666666666667,-2.63387990231751,-0.526775980463502,-0.87795996743917,12,2.4,4,0.4,1,0,NA,NA,NA,NA,NA,NA,NA,"P5"
"213","Penn State","fbs","Big Ten",2015,3929630,"Saquon Barkley",165,10,12,16.5,7.32667374951434,0.04440408333039,0.732667374951434,1007,6.1030303030303,100.7,0.424242424242424,7,2,106,106,114,119.5,38,60,36,"P5"
"213","Penn State","fbs","Big Ten",2015,3929652,"Brandon Polk",15,10,12,1.5,7.84499564828716,0.522999709885811,0.784499564828716,149,9.93333333333333,14.9,0.6,1,0,NA,NA,NA,NA,NA,NA,NA,"P5"
"2132","Cincinnati","fbs","American Athletic",2015,512073,"Chris Moore",2,2,11,1,0.74678686689429,0.373393433447145,0.373393433447145,10,5,5,0.5,0,0,NA,NA,NA,NA,NA,NA,NA,"G5"
"2132","Cincinnati","fbs","American Athletic",2015,534259,"Gunner Kiel",23,8,11,2.875,0.295781305135308,0.0128600567450134,0.0369726631419135,73,3.17391304347826,9.125,0.478260869565217,2,1,NA,NA,NA,NA,NA,NA,NA,"G5"
"2132","Cincinnati","fbs","American Athletic",2015,535728,"Tion Green",123,11,11,11.1818181818182,1.16123650620756,0.00944094720493952,0.105566955109778,553,4.49593495934959,50.2727272727273,0.422764227642276,7,1,138,138,139,123,153.5,188,175.5,"G5"
"2132","Cincinnati","fbs","American Athletic",2015,552232,"Hosey Williams",111,11,11,10.0909090909091,3.98521964919138,0.0359028797224448,0.362292695381034,632,5.69369369369369,57.4545454545455,0.396396396396396,3,0,125,124,119,150,117,94,140,"G5"
"2132","Cincinnati","fbs","American Athletic",2015,3125806,"Chad Banschbach",19,2,11,9.5,-9.20182760186258,-0.484306715887504,-4.60091380093129,72,3.78947368421053,36,0.263157894736842,0,0,NA,NA,NA,NA,NA,NA,NA,"G5"
"2132","Cincinnati","fbs","American Athletic",2015,3125813,"Hayden Moore",39,6,11,6.5,-5.62806296366531,-0.144309306760649,-0.938010493944218,115,2.94871794871795,19.1666666666667,0.41025641025641,2,4,NA,NA,NA,NA,NA,NA,NA,"G5"
"2132","Cincinnati","fbs","American Athletic",2015,3139033,"Mike Boone",83,9,11,9.22222222222222,29.3807821689995,0.353985327337344,3.26453135211106,631,7.60240963855422,70.1111111111111,0.518072289156627,6,0,24,16,5,15,118,6,95,"G5"
"2132","Cincinnati","fbs","American Athletic",2015,3139059,"Luke Wright",1,1,11,1,-0.073664064911469,-0.073664064911469,-0.073664064911469,4,4,4,0,0,0,NA,NA,NA,NA,NA,NA,NA,"G5"
"218","Temple","fbs","American Athletic",2015,513399,"Robby Anderson",3,3,13,1,-1.61749328886118,-0.539164429620392,-0.539164429620392,10,3.33333333333333,3.33333333333333,0.333333333333333,0,0,NA,NA,NA,NA,NA,NA,NA,"G5"
"218","Temple","fbs","American Athletic",2015,513423,"Tyler Mayes",1,1,13,1,3.71053581346922,3.71053581346922,3.71053581346922,8,8,8,1,0,0,NA,NA,NA,NA,NA,NA,NA,"G5"
"218","Temple","fbs","American Athletic",2015,534342,"Brandon Shippen",5,3,13,1.66666666666667,0.429381285564867,0.0858762571129734,0.143127095188289,28,5.6,9.33333333333333,0.4,0,0,NA,NA,NA,NA,NA,NA,NA,"G5"
"218","Temple","fbs","American Athletic",2015,549759,"P.J. Walker",55,13,13,4.23076923076923,-10.1632665945806,-0.184786665356012,-0.781789738044664,283,5.14545454545455,21.7692307692308,0.418181818181818,2,4,NA,NA,NA,NA,NA,NA,NA,"G5"
"218","Temple","fbs","American Athletic",2015,549760,"Jarred Alwan",1,1,13,1,2.72820168151303,2.72820168151303,2.72820168151303,4,4,4,1,0,0,NA,NA,NA,NA,NA,NA,NA,"G5"
"218","Temple","fbs","American Athletic",2015,549766,"Jahad Thomas",268,13,13,20.6153846153846,-19.0993428500404,-0.07126620466433,-1.46918021923388,1243,4.63805970149254,95.6153846153846,0.369402985074627,17,3,218,203,181,186,20,177,42,"G5"
"218","Temple","fbs","American Athletic",2015,552353,"Tim DiGiorgio",1,1,13,1,-1.8843936116129,-1.8843936116129,-1.8843936116129,-2,-2,-2,0,0,1,NA,NA,NA,NA,NA,NA,NA,"G5"
"218","Temple","fbs","American Athletic",2015,3138735,"Frank Nutile",1,1,13,1,-0.753065488393421,-0.753065488393421,-0.753065488393421,-4,-4,-4,0,0,0,NA,NA,NA,NA,NA,NA,NA,"G5"
"218","Temple","fbs","American Athletic",2015,3138737,"David Hood",42,7,13,6,-12.8636691519101,-0.30627783695024,-1.83766702170144,170,4.04761904761905,24.2857142857143,0.285714285714286,1,2,NA,NA,NA,NA,NA,NA,NA,"G5"
"218","Temple","fbs","American Athletic",2015,3138761,"Kip Patton",4,4,13,1,3.24631039741196,0.81157759935299,0.81157759935299,40,10,10,0.75,1,0,NA,NA,NA,NA,NA,NA,NA,"G5"
"218","Temple","fbs","American Athletic",2015,3923397,"Ryquell Armstead",43,9,13,4.77777777777778,-9.39895212910999,-0.218580282072325,-1.04432801434555,170,3.95348837209302,18.8888888888889,0.348837209302326,2,1,NA,NA,NA,NA,NA,NA,NA,"G5"
"218","Temple","fbs","American Athletic",2015,3923405,"Jager Gardner",32,6,13,5.33333333333333,-2.50513857899415,-0.0782855805935672,-0.417523096499025,184,5.75,30.6666666666667,0.28125,1,0,NA,NA,NA,NA,NA,NA,NA,"G5"
"2199","Eastern Michigan","fbs","Mid-American",2015,536053,"Darius Jackson",207,12,12,17.25,9.7246890418558,0.0469791741152454,0.810390753487984,1086,5.2463768115942,90.5,0.391304347826087,14,1,88,103,110,157,32,125,51,"G5"
"2199","Eastern Michigan","fbs","Mid-American",2015,536056,"Juwan Lewis",4,1,12,4,-0.394744248131878,-0.0986860620329696,-0.394744248131878,20,5,20,0.25,0,0,NA,NA,NA,NA,NA,NA,NA,"G5"
"2199","Eastern Michigan","fbs","Mid-American",2015,536230,"Cody Tuttle",1,1,12,1,-1.2669393385215,-1.2669393385215,-1.2669393385215,-2,-2,-2,0,0,0,NA,NA,NA,NA,NA,NA,NA,"G5"
"2199","Eastern Michigan","fbs","Mid-American",2015,552782,"Brogan Roback",40,10,12,4,-2.89206353736959,-0.0723015884342397,-0.289206353736959,150,3.75,15,0.45,1,4,NA,NA,NA,NA,NA,NA,NA,"G5"
"2199","Eastern Michigan","fbs","Mid-American",2015,3125823,"Reginald Bell",27,5,12,5.4,6.51678451594482,0.241362389479438,1.30335690318896,189,7,37.8,0.444444444444444,0,1,NA,NA,NA,NA,NA,NA,NA,"G5"
"2199","Eastern Michigan","fbs","Mid-American",2015,3125833,"Shaq Vann",101,12,12,8.41666666666667,0.834355733199496,0.00826094785346036,0.0695296444332913,609,6.02970297029703,50.75,0.405940594059406,4,1,141,142,141,139,129,64,172,"G5"
"2199","Eastern Michigan","fbs","Mid-American",2015,3125837,"Blake Banham",4,1,12,4,0.774417132137084,0.193604283034271,0.774417132137084,27,6.75,27,0.75,0,0,NA,NA,NA,NA,NA,NA,NA,"G5"
"2199","Eastern Michigan","fbs","Mid-American",2015,3916650,"Sam Browning",2,2,12,1,3.64158237160677,1.82079118580338,1.82079118580338,27,13.5,13.5,0.5,0,0,NA,NA,NA,NA,NA,NA,NA,"G5"
"2199","Eastern Michigan","fbs","Mid-American",2015,3916651,"Eddie Daugherty",5,3,12,1.66666666666667,-3.34255803025855,-0.668511606051709,-1.11418601008618,13,2.6,4.33333333333333,0.4,0,0,NA,NA,NA,NA,NA,NA,NA,"G5"
"221","Pittsburgh","fbs","ACC",2015,530450,"Chad Voytik",10,4,11,2.5,-0.316329747848058,-0.0316329747848058,-0.0790824369620146,51,5.1,12.75,0.3,0,0,NA,NA,NA,NA,NA,NA,NA,"P5"
"221","Pittsburgh","fbs","ACC",2015,532065,"Nathan Peterman",57,11,11,5.18181818181818,-0.584540710405594,-0.0102551001825543,-0.0531400645823267,362,6.35087719298246,32.9090909090909,0.491228070175439,1,3,NA,NA,NA,NA,NA,NA,NA,"P5"
"221","Pittsburgh","fbs","ACC",2015,546650,"Tyler Boyd",35,10,11,3.5,15.1276553384464,0.432218723955613,1.51276553384464,286,8.17142857142857,28.6,0.571428571428571,0,1,NA,NA,NA,NA,NA,NA,NA,"P5"
"221","Pittsburgh","fbs","ACC",2015,546655,"Matt Galambos",1,1,11,1,2.36736109816859,2.36736109816859,2.36736109816859,6,6,6,1,0,0,NA,NA,NA,NA,NA,NA,NA,"P5"
"221","Pittsburgh","fbs","ACC",2015,3123936,"Chris James",49,9,11,5.44444444444444,-14.3008932845332,-0.291854964990474,-1.58898814272591,220,4.48979591836735,24.4444444444444,0.306122448979592,0,2,NA,NA,NA,NA,NA,NA,NA,"P5"
"221","Pittsburgh","fbs","ACC",2015,3123944,"Qadree Ollison",187,11,11,17,4.26452580349929,0.0228049508208518,0.387684163954481,841,4.49732620320856,76.4545454545455,0.427807486631016,9,2,117,120,130,114.5,68,187,75,"P5"
"221","Pittsburgh","fbs","ACC",2015,3895788,"Darrin Hall",58,8,11,7.25,-8.19227357395632,-0.141246096102695,-1.02403419674454,255,4.39655172413793,31.875,0.344827586206897,2,0,NA,NA,NA,NA,NA,NA,NA,"P5"
"221","Pittsburgh","fbs","ACC",2015,3895789,"Quadree Henderson",1,1,11,1,-0.682492947191303,-0.682492947191303,-0.682492947191303,2,2,2,0,0,0,NA,NA,NA,NA,NA,NA,NA,"P5"
"221","Pittsburgh","fbs","ACC",2015,3895798,"Jordan Whitehead",10,3,11,3.33333333333333,9.8175919177812,0.98175919177812,3.2725306392604,79,7.9,26.3333333333333,0.9,2,0,NA,NA,NA,NA,NA,NA,NA,"P5"
"2226","Florida Atlantic","fbs","Conference USA",2015,530328,"Tyler Cameron",2,2,12,1,-3.75184650550074,-1.87592325275037,-1.87592325275037,4,2,2,0.5,0,1,NA,NA,NA,NA,NA,NA,NA,"G5"
"2226","Florida Atlantic","fbs","Conference USA",2015,537102,"Jeremy Gaskins",2,2,12,1,-0.236052790513237,-0.118026395256618,-0.118026395256618,5,2.5,2.5,0.5,0,0,NA,NA,NA,NA,NA,NA,NA,"G5"
"2226","Florida Atlantic","fbs","Conference USA",2015,537395,"Dalton Schomp",2,2,12,1,0.793099726000808,0.396549863000404,0.396549863000404,5,2.5,2.5,0.5,0,1,NA,NA,NA,NA,NA,NA,NA,"G5"
"2226","Florida Atlantic","fbs","Conference USA",2015,550876,"Jaquez Johnson",79,10,12,7.9,8.5869767529737,0.10869590826549,0.858697675297371,369,4.67088607594937,36.9,0.455696202531646,2,3,102,100,72,75,222,170,224,"G5"
"2226","Florida Atlantic","fbs","Conference USA",2015,550880,"Marcus Clark",36,11,12,3.27272727272727,-5.05697376851515,-0.140471493569865,-0.459724888046831,181,5.02777777777778,16.4545454545455,0.305555555555556,1,0,NA,NA,NA,NA,NA,NA,NA,"G5"
"2226","Florida Atlantic","fbs","Conference USA",2015,550882,"Jay Warren",93,11,12,8.45454545454546,-23.3309956154368,-0.250870920596095,-2.12099960140335,437,4.6989247311828,39.7272727272727,0.279569892473118,3,1,230,226,238,245,200.5,165,218,"G5"
"2226","Florida Atlantic","fbs","Conference USA",2015,3122708,"Trey Rodriguez",70,6,12,11.6666666666667,15.8656591281749,0.226652273259641,2.64427652136248,419,5.98571428571429,69.8333333333333,0.5,5,0,NA,NA,NA,NA,NA,NA,NA,"G5"
"2226","Florida Atlantic","fbs","Conference USA",2015,3122713,"Jason Driskel",18,8,12,2.25,5.62590983863077,0.312550546590599,0.703238729828847,116,6.44444444444444,14.5,0.555555555555556,1,1,NA,NA,NA,NA,NA,NA,NA,"G5"
"2226","Florida Atlantic","fbs","Conference USA",2015,3122733,"Kamrin Solomon",1,1,12,1,-0.926457783063881,-0.926457783063881,-0.926457783063881,-3,-3,-3,0,0,0,NA,NA,NA,NA,NA,NA,NA,"G5"
"2229","Florida International","fbs","Conference USA",2015,513571,"Anthon Samuel",24,6,10,4,-8.7952105565972,-0.366467106524883,-1.46586842609953,78,3.25,13,0.208333333333333,1,0,NA,NA,NA,NA,NA,NA,NA,"G5"
"2229","Florida International","fbs","Conference USA",2015,519055,"Trey Anderson",6,4,10,1.5,1.21064415899578,0.201774026499296,0.302661039748944,83,13.8333333333333,20.75,0.5,0,0,NA,NA,NA,NA,NA,NA,NA,"G5"
"2229","Florida International","fbs","Conference USA",2015,536561,"Lamarq Caldwell",9,3,10,3,0.378548304569232,0.0420609227299146,0.126182768189744,31,3.44444444444444,10.3333333333333,0.333333333333333,0,0,NA,NA,NA,NA,NA,NA,NA,"G5"
"2229","Florida International","fbs","Conference USA",2015,551272,"Shug Oyegunle",1,1,10,1,1.45364766373486,1.45364766373486,1.45364766373486,8,8,8,1,0,0,NA,NA,NA,NA,NA,NA,NA,"G5"
"2229","Florida International","fbs","Conference USA",2015,3128840,"Alex Gardner",157,10,10,15.7,-5.1744707255274,-0.0329584122645057,-0.51744707255274,664,4.22929936305732,66.4,0.382165605095541,7,2,171,170,161,177,109,207,112,"G5"
"2229","Florida International","fbs","Conference USA",2015,3128843,"Alex McGough",48,10,10,4.8,4.26636645768257,0.0888826345350535,0.426636645768257,177,3.6875,17.7,0.5,3,1,NA,NA,NA,NA,NA,NA,NA,"G5"
"2229","Florida International","fbs","Conference USA",2015,3914305,"Anthony Jones",31,8,10,3.875,2.7831711133757,0.0897797133347001,0.347896389171963,173,5.58064516129032,21.625,0.290322580645161,1,0,NA,NA,NA,NA,NA,NA,NA,"G5"
"2247","Georgia State","fbs","Sun Belt",2015,514978,"Donovan Harden",1,1,11,1,-0.899080553601494,-0.899080553601494,-0.899080553601494,-2,-2,-2,0,0,0,NA,NA,NA,NA,NA,NA,NA,"G5"
"2247","Georgia State","fbs","Sun Belt",2015,517433,"Marcus Caffey",12,2,11,6,-4.84665677590527,-0.403888064658773,-2.42332838795264,59,4.91666666666667,29.5,0.333333333333333,0,1,NA,NA,NA,NA,NA,NA,NA,"G5"
"2247","Georgia State","fbs","Sun Belt",2015,534552,"Nyiakki Height",1,1,11,1,-1.09493998156673,-1.09493998156673,-1.09493998156673,-3,-3,-3,0,0,0,NA,NA,NA,NA,NA,NA,NA,"G5"
"2247","Georgia State","fbs","Sun Belt",2015,545840,"Kyler Neal",73,8,11,9.125,-5.13976210918353,-0.0704077001258018,-0.642470263647941,293,4.01369863013699,36.625,0.383561643835616,5,0,170,177,179,172,243.5,224,225,"G5"
"2247","Georgia State","fbs","Sun Belt",2015,3124848,"Nick Arbuckle",24,11,11,2.18181818181818,0.895600493380239,0.0373166872241766,0.0814182266709308,94,3.91666666666667,8.54545454545454,0.458333333333333,5,0,NA,NA,NA,NA,NA,NA,NA,"G5"
"2247","Georgia State","fbs","Sun Belt",2015,3124850,"Emiere Scaife",3,1,11,3,3.09042982132475,1.03014327377492,3.09042982132475,36,12,36,0.666666666666667,0,0,NA,NA,NA,NA,NA,NA,NA,"G5"
"2247","Georgia State","fbs","Sun Belt",2015,3124853,"Glenn Smith",83,7,11,11.8571428571429,-21.8366172749818,-0.263091774397372,-3.11951675356884,334,4.02409638554217,47.7142857142857,0.27710843373494,1,0,225,245,244,246,231,223,188,"G5"
"2247","Georgia State","fbs","Sun Belt",2015,3124865,"Jonathan Lytle",1,1,11,1,-0.282034769716476,-0.282034769716476,-0.282034769716476,1,1,1,0,0,0,NA,NA,NA,NA,NA,NA,NA,"G5"
"2247","Georgia State","fbs","Sun Belt",2015,3128537,"Todd Boyd",1,1,11,1,1.16382592474098,1.16382592474098,1.16382592474098,9,9,9,1,0,0,NA,NA,NA,NA,NA,NA,NA,"G5"
"2247","Georgia State","fbs","Sun Belt",2015,3129259,"Demarcus Kirk",75,9,11,8.33333333333333,-21.9084388432477,-0.29211251790997,-2.43427098258308,311,4.14666666666667,34.5555555555556,0.333333333333333,2,3,226,232,248,220.5,236,215,233,"G5"
"2247","Georgia State","fbs","Sun Belt",2015,3917542,"Taz Bateman",46,6,11,7.66666666666667,-3.86472063954496,-0.0840156660770643,-0.644120106590827,236,5.1304347826087,39.3333333333333,0.434782608695652,1,0,NA,NA,NA,NA,NA,NA,NA,"G5"
"2247","Georgia State","fbs","Sun Belt",2015,3917546,"Penny Hart",2,2,11,1,0.228348881098068,0.114174440549034,0.114174440549034,9,4.5,4.5,1,0,0,NA,NA,NA,NA,NA,NA,NA,"G5"
"2247","Georgia State","fbs","Sun Belt",2015,3917552,"Kam Myers",1,1,11,1,-0.530809608287773,-0.530809608287773,-0.530809608287773,2,2,2,0,0,0,NA,NA,NA,NA,NA,NA,NA,"G5"
"2247","Georgia State","fbs","Sun Belt",2015,3917553,"Marquan Greene",6,1,11,6,-0.97402812457104,-0.16233802076184,-0.97402812457104,19,3.16666666666667,19,0.333333333333333,0,0,NA,NA,NA,NA,NA,NA,NA,"G5"
"2247","Georgia State","fbs","Sun Belt",2015,3945856,"Khai Anderson",2,2,11,1,-2.22549502849326,-1.11274751424663,-1.11274751424663,2,1,1,0,0,0,NA,NA,NA,NA,NA,NA,NA,"G5"
"228","Clemson","fbs","ACC",2015,534582,"Zac Brooks",31,11,12,2.81818181818182,-3.95209513375758,-0.127486939798632,-0.359281375796144,167,5.38709677419355,15.1818181818182,0.387096774193548,2,0,NA,NA,NA,NA,NA,NA,NA,"P5"
"228","Clemson","fbs","ACC",2015,537012,"Nick Schuessler",4,3,12,1.33333333333333,-6.781193910301,-1.69529847757525,-2.26039797010033,2,0.5,0.666666666666667,0,0,0,NA,NA,NA,NA,NA,NA,NA,"P5"
"228","Clemson","fbs","ACC",2015,541013,"C.J. Davidson",17,5,12,3.4,-7.08580405104265,-0.416812003002509,-1.41716081020853,36,2.11764705882353,7.2,0.176470588235294,0,1,NA,NA,NA,NA,NA,NA,NA,"P5"
"228","Clemson","fbs","ACC",2015,546631,"Tyshon Dye",19,5,12,3.8,-5.01711248593972,-0.264058551891564,-1.00342249718794,76,4,15.2,0.157894736842105,0,0,NA,NA,NA,NA,NA,NA,NA,"P5"
"228","Clemson","fbs","ACC",2015,546633,"Wayne Gallman",228,11,12,20.7272727272727,15.3503824759804,0.0673262389297386,1.39548931599822,1227,5.38157894736842,111.545454545455,0.421052631578947,8,2,61,64,97,124,21.5,113,22.5,"P5"
"228","Clemson","fbs","ACC",2015,546645,"Andy Teasdall",1,1,12,1,-2.42047896376394,-2.42047896376394,-2.42047896376394,4,4,4,0,0,0,NA,NA,NA,NA,NA,NA,NA,"P5"
"228","Clemson","fbs","ACC",2015,3122839,"Artavis Scott",3,3,12,1,0.363985567498383,0.121328522499461,0.121328522499461,8,2.66666666666667,2.66666666666667,0.666666666666667,1,0,NA,NA,NA,NA,NA,NA,NA,"P5"
"228","Clemson","fbs","ACC",2015,3122840,"Deshaun Watson",149,12,12,12.4166666666667,32.661839099908,0.219206973824886,2.72181992499233,932,6.25503355704698,77.6666666666667,0.51006711409396,11,2,18,30,32,18,52,47,73,"P5"
"228","Clemson","fbs","ACC",2015,3122856,"C.J. Fuller",35,7,12,5,-3.38143504533717,-0.0966124298667764,-0.483062149333882,145,4.14285714285714,20.7142857142857,0.342857142857143,1,0,NA,NA,NA,NA,NA,NA,NA,"P5"
"228","Clemson","fbs","ACC",2015,3728240,"Kelly Bryant",20,6,12,3.33333333333333,-10.7743710305396,-0.538718551526981,-1.79572850508994,82,4.1,13.6666666666667,0.4,1,1,NA,NA,NA,NA,NA,NA,NA,"P5"
"228","Clemson","fbs","ACC",2015,3728254,"Deon Cain",1,1,12,1,-1.09049989827597,-1.09049989827597,-1.09049989827597,-5,-5,-5,0,0,0,NA,NA,NA,NA,NA,NA,NA,"P5"
"228","Clemson","fbs","ACC",2015,3728262,"Ray-Ray McCloud",5,3,12,1.66666666666667,-1.81390955755698,-0.362781911511396,-0.604636519185659,36,7.2,12,0.8,0,1,NA,NA,NA,NA,NA,NA,NA,"P5"
"228","Clemson","fbs","ACC",2015,3937685,"Brennan Goodnature",1,1,12,1,0,0,0,6,6,6,0,0,0,NA,NA,NA,NA,NA,NA,NA,"P5"
"2294","Iowa","fbs","Big Ten",2015,518375,"Marshall Koehn",1,1,12,1,-1.09358830381722,-1.09358830381722,-1.09358830381722,17,17,17,0,0,0,NA,NA,NA,NA,NA,NA,NA,"P5"
"2294","Iowa","fbs","Big Ten",2015,518391,"Jordan Canzeri",173,10,12,17.3,0.0217372814744664,0.000125649025863967,0.00217372814744664,948,5.47976878612717,94.8,0.38728323699422,11,3,144,144,144,165,46,105,43,"P5"
"2294","Iowa","fbs","Big Ten",2015,518394,"Macon Plewa",1,1,12,1,-0.270024883702123,-0.270024883702123,-0.270024883702123,3,3,3,0,0,0,NA,NA,NA,NA,NA,NA,NA,"P5"
"2294","Iowa","fbs","Big Ten",2015,535844,"C.J. Beathard",56,12,12,4.66666666666667,31.1800322259209,0.556786289748587,2.59833601882674,397,7.08928571428571,33.0833333333333,0.732142857142857,4,1,NA,NA,NA,NA,NA,NA,NA,"P5"
"2294","Iowa","fbs","Big Ten",2015,545365,"Jonathan Parker",2,2,12,1,-2.7741886333059,-1.38709431665295,-1.38709431665295,-10,-5,-5,0,0,0,NA,NA,NA,NA,NA,NA,NA,"P5"
"2294","Iowa","fbs","Big Ten",2015,545372,"Kevin Ward",1,1,12,1,-1.06352181760163,-1.06352181760163,-1.06352181760163,5,5,5,0,0,0,NA,NA,NA,NA,NA,NA,NA,"P5"
"2294","Iowa","fbs","Big Ten",2015,545373,"LeShun Daniels Jr.",109,10,12,10.9,-1.37201143986217,-0.0125872609161667,-0.137201143986217,486,4.45871559633028,48.6,0.385321100917431,8,1,153,153,151,168,177,190,183,"P5"
"2294","Iowa","fbs","Big Ten",2015,545423,"Akrum Wadley",71,6,12,11.8333333333333,13.2817351486392,0.187066692234355,2.2136225247732,446,6.28169014084507,74.3333333333333,0.464788732394366,7,0,NA,NA,NA,NA,NA,NA,NA,"P5"
"2294","Iowa","fbs","Big Ten",2015,545432,"Drake Kulick",3,1,12,3,-3.25215549082464,-1.08405183027488,-3.25215549082464,8,2.66666666666667,8,0,0,0,NA,NA,NA,NA,NA,NA,NA,"P5"
"2294","Iowa","fbs","Big Ten",2015,545444,"Derrick Mitchell Jr.",24,5,12,4.8,-1.33822141750971,-0.0557592257295712,-0.267644283501942,158,6.58333333333333,31.6,0.375,2,1,NA,NA,NA,NA,NA,NA,NA,"P5"
"2294","Iowa","fbs","Big Ten",2015,554889,"Matt VandeBerg",2,2,12,1,2.57339637202821,1.28669818601411,1.28669818601411,24,12,12,1,0,0,NA,NA,NA,NA,NA,NA,NA,"P5"
"23","San José State","fbs","Mountain West",2015,512671,"Tyler Ervin",239,11,11,21.7272727272727,6.9072099068376,0.0289004598612452,0.627928173348873,1322,5.53138075313807,120.181818181818,0.456066945606695,9,2,108,108,124,73,12,103,15,"G5"
"23","San José State","fbs","Mountain West",2015,512675,"Joe Gray",6,3,11,2,1.10669116091744,0.184448526819573,0.368897053639145,20,3.33333333333333,6.66666666666667,0.333333333333333,1,0,NA,NA,NA,NA,NA,NA,NA,"G5"
"23","San José State","fbs","Mountain West",2015,536355,"Tim Crawley",3,3,11,1,-4.80457108867854,-1.60152369622618,-1.60152369622618,-8,-2.66666666666667,-2.66666666666667,0,0,0,NA,NA,NA,NA,NA,NA,NA,"G5"
"23","San José State","fbs","Mountain West",2015,536365,"Jarrod Lawson",15,7,11,2.14285714285714,-4.5962443073317,-0.306416287155447,-0.656606329618814,51,3.4,7.28571428571429,0.2,0,0,NA,NA,NA,NA,NA,NA,NA,"G5"
"23","San José State","fbs","Mountain West",2015,536375,"Shane Smith",1,1,11,1,-0.544572208124683,-0.544572208124683,-0.544572208124683,3,3,3,0,0,0,NA,NA,NA,NA,NA,NA,NA,"G5"
"23","San José State","fbs","Mountain West",2015,546397,"Chris Dadson",1,1,11,1,2.02492727715832,2.02492727715832,2.02492727715832,1,1,1,1,0,0,NA,NA,NA,NA,NA,NA,NA,"G5"
"23","San José State","fbs","Mountain West",2015,546410,"Thomas Tucker",17,4,11,4.25,-8.01881865790262,-0.471695215170742,-2.00470466447565,69,4.05882352941176,17.25,0.294117647058824,0,1,NA,NA,NA,NA,NA,NA,NA,"G5"
"23","San José State","fbs","Mountain West",2015,546413,"Hansell Wilson",5,5,11,1,6.50533320008813,1.30106664001763,1.30106664001763,99,19.8,19.8,0.8,0,1,NA,NA,NA,NA,NA,NA,NA,"G5"
"23","San José State","fbs","Mountain West",2015,3125304,"Malik Watson",1,1,11,1,-0.980289577111482,-0.980289577111482,-0.980289577111482,3,3,3,0,0,0,NA,NA,NA,NA,NA,NA,NA,"G5"
"23","San José State","fbs","Mountain West",2015,3914864,"Kenny Potter",66,9,11,7.33333333333333,26.0198526396684,0.394240191510128,2.89109473774094,460,6.96969696969697,51.1111111111111,0.46969696969697,6,0,NA,NA,NA,NA,NA,NA,NA,"G5"
"2305","Kansas","fbs","Big 12",2015,535520,"Taylor Cox",77,8,11,9.625,-35.1739386033855,-0.456804397446565,-4.39674232542319,205,2.66233766233766,25.625,0.207792207792208,2,2,250,252,255,255,255,255,252,"P5"
"2305","Kansas","fbs","Big 12",2015,535528,"Tre' Parmalee",3,3,11,1,-1.71163568027003,-0.570545226756677,-0.570545226756677,3,1,1,0,0,0,NA,NA,NA,NA,NA,NA,NA,"P5"
"2305","Kansas","fbs","Big 12",2015,538626,"Preston Randall",1,1,11,1,-0.212099166938818,-0.212099166938818,-0.212099166938818,3,3,3,0,0,0,NA,NA,NA,NA,NA,NA,NA,"P5"
"2305","Kansas","fbs","Big 12",2015,545417,"Montell Cozart",21,3,11,7,-6.94673006573406,-0.33079666979686,-2.31557668857802,68,3.23809523809524,22.6666666666667,0.333333333333333,1,1,NA,NA,NA,NA,NA,NA,NA,"P5"
"2305","Kansas","fbs","Big 12",2015,545500,"Matthew Wyman",2,2,11,1,-2.54436769734432,-1.27218384867216,-1.27218384867216,3,1.5,1.5,0,0,1,NA,NA,NA,NA,NA,NA,NA,"P5"
"2305","Kansas","fbs","Big 12",2015,3133371,"De'Andre Mann",70,10,11,7,-5.58233479780893,-0.079747639968699,-0.558233479780893,349,4.98571428571429,34.9,0.357142857142857,1,2,174,174,187,203,228,143,231,"P5"
"2305","Kansas","fbs","Big 12",2015,3139381,"Keaton Perry",2,2,11,1,-2.25682452084434,-1.12841226042217,-1.12841226042217,-5,-2.5,-2.5,0.5,0,1,NA,NA,NA,NA,NA,NA,NA,"P5"
"2305","Kansas","fbs","Big 12",2015,3881270,"Ryan Schadler",19,6,11,3.16666666666667,0.696484397932162,0.0366570735753769,0.116080732988694,98,5.15789473684211,16.3333333333333,0.315789473684211,0,0,NA,NA,NA,NA,NA,NA,NA,"P5"
"2305","Kansas","fbs","Big 12",2015,3892787,"Ke'aun Kinner",105,11,11,9.54545454545454,-14.980751021249,-0.14267381924999,-1.36188645647718,407,3.87619047619048,37,0.304761904761905,3,0,204,198,210,238,208,230,223,"P5"
"2305","Kansas","fbs","Big 12",2015,3892788,"Bazie Bates IV",3,1,11,3,-0.268973351394715,-0.0896577837982382,-0.268973351394715,8,2.66666666666667,8,0.333333333333333,0,0,NA,NA,NA,NA,NA,NA,NA,"P5"
"2305","Kansas","fbs","Big 12",2015,3917958,"Ryan Willis",25,9,11,2.77777777777778,0.175571380447592,0.0070228552179037,0.0195079311608436,125,5,13.8888888888889,0.44,0,1,NA,NA,NA,NA,NA,NA,NA,"P5"
"2305","Kansas","fbs","Big 12",2015,3917960,"Steven Sims Jr.",1,1,11,1,-2.24163716416734,-2.24163716416734,-2.24163716416734,-9,-9,-9,0,0,0,NA,NA,NA,NA,NA,NA,NA,"P5"
"2305","Kansas","fbs","Big 12",2015,3917964,"Taylor Martin",13,3,11,4.33333333333333,-4.51645328829387,-0.347419483714913,-1.50548442943129,31,2.38461538461538,10.3333333333333,0.230769230769231,0,1,NA,NA,NA,NA,NA,NA,NA,"P5"
"2305","Kansas","fbs","Big 12",2015,3928970,"Deondre Ford",3,2,11,1.5,0.949621355489555,0.316540451829852,0.474810677744777,9,3,4.5,0.333333333333333,0,0,NA,NA,NA,NA,NA,NA,NA,"P5"
"2306","Kansas State","fbs","Big 12",2015,517248,"Joe Hubener",149,11,11,13.5454545454545,34.9886389010784,0.234823079873009,3.18078535464349,736,4.93959731543624,66.9090909090909,0.503355704697987,13,2,16,20,28,26,94.5,149,108.5,"P5"
"2306","Kansas State","fbs","Big 12",2015,534613,"Glenn Gronkowski",8,6,11,1.33333333333333,0.466802469456757,0.0583503086820946,0.0778004115761261,33,4.125,5.5,0.375,1,0,NA,NA,NA,NA,NA,NA,NA,"P5"
"2306","Kansas State","fbs","Big 12",2015,534616,"Charles Jones",126,10,11,12.6,11.2383525176398,0.0891932739495218,1.12383525176398,614,4.87301587301587,61.4,0.484126984126984,5,1,80,82,84,48,126,156,128,"P5"
"2306","Kansas State","fbs","Big 12",2015,550597,"Kody Cook",44,6,11,7.33333333333333,2.74404383460676,0.0623646326046991,0.457340639101127,196,4.45454545454545,32.6666666666667,0.431818181818182,2,0,NA,NA,NA,NA,NA,NA,NA,"P5"
"2306","Kansas State","fbs","Big 12",2015,3125062,"Winston Dimel",19,5,11,3.8,-5.05615749275776,-0.266113552250409,-1.01123149855155,45,2.36842105263158,9,0.263157894736842,3,1,NA,NA,NA,NA,NA,NA,NA,"P5"
"2306","Kansas State","fbs","Big 12",2015,3125068,"Dominique Heath",3,2,11,1.5,0.743832171344221,0.24794405711474,0.371916085672111,17,5.66666666666667,8.5,0.666666666666667,0,0,NA,NA,NA,NA,NA,NA,NA,"P5"
"2306","Kansas State","fbs","Big 12",2015,3125084,"Justin Silmon",66,11,11,6,-6.29135030987808,-0.0953234895436072,-0.571940937261643,283,4.28787878787879,25.7272727272727,0.363636363636364,2,0,NA,NA,NA,NA,NA,NA,NA,"P5"
"2306","Kansas State","fbs","Big 12",2015,3125087,"Dalvin Warmack",10,3,11,3.33333333333333,-2.05211058888438,-0.205211058888438,-0.684036862961461,56,5.6,18.6666666666667,0.3,0,0,NA,NA,NA,NA,NA,NA,NA,"P5"
"2306","Kansas State","fbs","Big 12",2015,3886634,"Alex Delton",1,1,11,1,0.285880894692296,0.285880894692296,0.285880894692296,8,8,8,1,0,0,NA,NA,NA,NA,NA,NA,NA,"P5"
"2309","Kent State","fbs","Mid-American",2015,514253,"Trayion Durham",88,9,9,9.77777777777778,-31.5437209434274,-0.35845137435713,-3.50485788260305,251,2.85227272727273,27.8888888888889,0.227272727272727,1,0,244,249,252,254,251,254,248,"G5"
"2309","Kent State","fbs","Mid-American",2015,531864,"Colin Reardon",25,5,9,5,-11.999658181801,-0.47998632727204,-2.3999316363602,66,2.64,13.2,0.24,0,2,NA,NA,NA,NA,NA,NA,NA,"G5"
"2309","Kent State","fbs","Mid-American",2015,536075,"Ernest Calhoun",4,3,9,1.33333333333333,-0.792450199606483,-0.198112549901621,-0.264150066535494,9,2.25,3,0.5,0,0,NA,NA,NA,NA,NA,NA,NA,"G5"
"2309","Kent State","fbs","Mid-American",2015,550339,"Nick Holley",25,2,9,12.5,-7.44519119008017,-0.297807647603207,-3.72259559504008,65,2.6,32.5,0.4,0,0,NA,NA,NA,NA,NA,NA,NA,"G5"
"2309","Kent State","fbs","Mid-American",2015,3125858,"George Bollas",50,7,9,7.14285714285714,-6.10570788713537,-0.122114157742707,-0.872243983876481,206,4.12,29.4285714285714,0.4,0,2,NA,NA,NA,NA,NA,NA,NA,"G5"
"2309","Kent State","fbs","Mid-American",2015,3125861,"Miles Hibbler",10,3,9,3.33333333333333,-5.48342208697558,-0.548342208697558,-1.82780736232519,18,1.8,6,0.2,0,0,NA,NA,NA,NA,NA,NA,NA,"G5"
"2309","Kent State","fbs","Mid-American",2015,3125862,"Raekwon James",53,8,9,6.625,-16.2293511141119,-0.306214171964375,-2.02866888926399,166,3.13207547169811,20.75,0.283018867924528,0,0,NA,NA,NA,NA,NA,NA,NA,"G5"
"2309","Kent State","fbs","Mid-American",2015,3915261,"Antwan Dixon",8,4,9,2,10.217310481536,1.277163810192,2.554327620384,137,17.125,34.25,0.5,2,0,NA,NA,NA,NA,NA,NA,NA,"G5"
"2309","Kent State","fbs","Mid-American",2015,3915262,"P.J. Simmons",11,5,9,2.2,-1.5370424766607,-0.139731134241882,-0.307408495332141,69,6.27272727272727,13.8,0.545454545454545,0,0,NA,NA,NA,NA,NA,NA,NA,"G5"
"2309","Kent State","fbs","Mid-American",2015,3915270,"Myles Washington",26,3,9,8.66666666666667,-8.47198417845267,-0.325845545325103,-2.82399472615089,87,3.34615384615385,29,0.269230769230769,0,0,NA,NA,NA,NA,NA,NA,NA,"G5"
"2348","Louisiana Tech","fbs","Conference USA",2015,511889,"Jeff Driskel",62,10,11,6.2,19.4469384705547,0.313660297912172,1.94469384705547,376,6.06451612903226,37.6,0.5,4,2,NA,NA,NA,NA,NA,NA,NA,"G5"
"2348","Louisiana Tech","fbs","Conference USA",2015,517212,"Paul Turner",1,1,11,1,0.622321749301384,0.622321749301384,0.622321749301384,7,7,7,1,0,0,NA,NA,NA,NA,NA,NA,NA,"G5"
"2348","Louisiana Tech","fbs","Conference USA",2015,518006,"Blake Martin",11,3,11,3.66666666666667,1.14472565135275,0.104065968304795,0.381575217117582,33,3,11,0.454545454545455,1,0,NA,NA,NA,NA,NA,NA,NA,"G5"
"2348","Louisiana Tech","fbs","Conference USA",2015,531310,"Kenneth Dixon",164,9,11,18.2222222222222,-5.75252182495136,-0.0350763525911669,-0.639169091661263,864,5.26829268292683,96,0.445121951219512,16,4,176,176,163,93,66,121,41,"G5"
"2348","Louisiana Tech","fbs","Conference USA",2015,531316,"Ryan Higgins",4,3,11,1.33333333333333,-0.93675983890795,-0.234189959726987,-0.312253279635983,22,5.5,7.33333333333333,0.5,0,0,NA,NA,NA,NA,NA,NA,NA,"G5"
"2348","Louisiana Tech","fbs","Conference USA",2015,531323,"Marlon Seets",1,1,11,1,0.324849407015824,0.324849407015824,0.324849407015824,2,2,2,1,0,0,NA,NA,NA,NA,NA,NA,NA,"G5"
"2348","Louisiana Tech","fbs","Conference USA",2015,545669,"Carlos Henderson",5,5,11,1,2.7891330756726,0.557826615134521,0.557826615134521,54,10.8,10.8,0.8,0,0,NA,NA,NA,NA,NA,NA,NA,"G5"
"2348","Louisiana Tech","fbs","Conference USA",2015,549838,"Boston Scott",26,6,11,4.33333333333333,-0.919249504057797,-0.0353557501560691,-0.153208250676299,144,5.53846153846154,24,0.384615384615385,0,0,NA,NA,NA,NA,NA,NA,NA,"G5"
"2348","Louisiana Tech","fbs","Conference USA",2015,3122757,"Jarred Craft",56,6,11,9.33333333333333,-12.4444961205924,-0.222223145010579,-2.07408268676541,224,4,37.3333333333333,0.375,1,0,NA,NA,NA,NA,NA,NA,NA,"G5"
"2348","Louisiana Tech","fbs","Conference USA",2015,3122760,"Ricky Jones",3,2,11,1.5,1.67555862826214,0.558519542754047,0.83777931413107,8,2.66666666666667,4,0.333333333333333,1,0,NA,NA,NA,NA,NA,NA,NA,"G5"
"2348","Louisiana Tech","fbs","Conference USA",2015,3122763,"Marcus Gaines",1,1,11,1,-0.408135341500877,-0.408135341500877,-0.408135341500877,2,2,2,0,0,0,NA,NA,NA,NA,NA,NA,NA,"G5"
"235","Memphis","fbs","American Athletic",2015,517834,"Darius Lee",8,2,11,4,-5.07600403723889,-0.634500504654862,-2.53800201861945,25,3.125,12.5,0.25,0,0,NA,NA,NA,NA,NA,NA,NA,"G5"
"235","Memphis","fbs","American Athletic",2015,518910,"Tevin Jones",9,7,11,1.28571428571429,-2.33147137933225,-0.259052375481361,-0.333067339904608,45,5,6.42857142857143,0.444444444444444,1,1,NA,NA,NA,NA,NA,NA,NA,"G5"
"235","Memphis","fbs","American Athletic",2015,534842,"Mose Frazier",14,8,11,1.75,-3.72395707784844,-0.265996934132032,-0.465494634731055,118,8.42857142857143,14.75,0.357142857142857,2,1,NA,NA,NA,NA,NA,NA,NA,"G5"
"235","Memphis","fbs","American Athletic",2015,534849,"Paxton Lynch",64,11,11,5.81818181818182,14.1047378325298,0.220386528633278,1.28224889386635,311,4.859375,28.2727272727273,0.53125,2,0,NA,NA,NA,NA,NA,NA,NA,"G5"
"235","Memphis","fbs","American Athletic",2015,549508,"Sam Craft",64,10,11,6.4,-8.63966411300965,-0.134994751765776,-0.863966411300965,247,3.859375,24.7,0.3125,5,1,NA,NA,NA,NA,NA,NA,NA,"G5"
"235","Memphis","fbs","American Athletic",2015,549510,"Robert Davis",9,1,11,9,-0.684901940527848,-0.0761002156142053,-0.684901940527848,42,4.66666666666667,42,0.555555555555556,0,0,NA,NA,NA,NA,NA,NA,NA,"G5"
"235","Memphis","fbs","American Athletic",2015,549511,"Jackson Dillon",1,1,11,1,-0.0360887549311144,-0.0360887549311144,-0.0360887549311144,5,5,5,0,0,0,NA,NA,NA,NA,NA,NA,NA,"G5"
"235","Memphis","fbs","American Athletic",2015,549512,"Doroland Dorceus",138,11,11,12.5454545454545,-12.2129279436958,-0.0884994778528684,-1.11026617669962,592,4.28985507246377,53.8181818181818,0.434782608695652,6,3,194,189,193,107.5,138.5,203,155.5,"G5"
"235","Memphis","fbs","American Athletic",2015,549623,"Anthony Miller",8,4,11,2,1.50938506266443,0.188673132833053,0.377346265666107,49,6.125,12.25,0.625,2,1,NA,NA,NA,NA,NA,NA,NA,"G5"
"235","Memphis","fbs","American Athletic",2015,549632,"Tearris Wallace",4,1,11,4,-0.183719248566858,-0.0459298121417145,-0.183719248566858,19,4.75,19,0.25,0,0,NA,NA,NA,NA,NA,NA,NA,"G5"
"235","Memphis","fbs","American Athletic",2015,556626,"Frank Wims",1,1,11,1,-0.283125040515159,-0.283125040515159,-0.283125040515159,4,4,4,0,0,0,NA,NA,NA,NA,NA,NA,NA,"G5"
"235","Memphis","fbs","American Athletic",2015,3126207,"Clay Holgorsen",3,2,11,1.5,1.44030848993971,0.480102829979904,0.720154244969856,11,3.66666666666667,5.5,0.666666666666667,0,0,NA,NA,NA,NA,NA,NA,NA,"G5"
"235","Memphis","fbs","American Athletic",2015,3126209,"Roderick Proctor",3,3,11,1,-3.00889354927096,-1.00296451642365,-1.00296451642365,-6,-2,-2,0.333333333333333,0,0,NA,NA,NA,NA,NA,NA,NA,"G5"
"235","Memphis","fbs","American Athletic",2015,3126211,"Jarvis Cooper",69,10,11,6.9,-10.6565040929341,-0.154442088303393,-1.06565040929341,261,3.78260869565217,26.1,0.36231884057971,3,0,187,188,218,197,249,232,250,"G5"
"235","Memphis","fbs","American Athletic",2015,3126217,"Nick Jacobs",1,1,11,1,4.08759946265845,4.08759946265845,4.08759946265845,11,11,11,1,0,0,NA,NA,NA,NA,NA,NA,NA,"G5"
"235","Memphis","fbs","American Athletic",2015,3126227,"Phil Mayhue",1,1,11,1,-0.254368293576376,-0.254368293576376,-0.254368293576376,4,4,4,0,0,0,NA,NA,NA,NA,NA,NA,NA,"G5"
"235","Memphis","fbs","American Athletic",2015,3916151,"Jamarius Henderson",43,6,11,7.16666666666667,-4.28816307685374,-0.0997247227175289,-0.71469384614229,236,5.48837209302326,39.3333333333333,0.465116279069767,3,2,NA,NA,NA,NA,NA,NA,NA,"G5"
"238","Vanderbilt","fbs","SEC",2015,546184,"Johnny McCrary",46,9,11,5.11111111111111,17.3775744285059,0.377773357141433,1.93084160316733,283,6.15217391304348,31.4444444444444,0.5,1,2,NA,NA,NA,NA,NA,NA,NA,"P5"
"238","Vanderbilt","fbs","SEC",2015,549977,"Tommy Openshaw",1,1,11,1,4.66763222919103,4.66763222919103,4.66763222919103,13,13,13,1,0,0,NA,NA,NA,NA,NA,NA,NA,"P5"
"238","Vanderbilt","fbs","SEC",2015,549981,"Darrius Sims",41,9,11,4.55555555555556,-1.45608216355247,-0.0355141991110358,-0.161786907061385,223,5.4390243902439,24.7777777777778,0.414634146341463,1,1,NA,NA,NA,NA,NA,NA,NA,"P5"
"238","Vanderbilt","fbs","SEC",2015,549984,"Ralph Webb",262,11,11,23.8181818181818,-58.6659409259182,-0.223915805060757,-5.33326735690166,1099,4.19465648854962,99.9090909090909,0.297709923664122,3,2,255,254,235,241,29,211,37,"P5"
"238","Vanderbilt","fbs","SEC",2015,3122166,"Dallas Rivers",48,11,11,4.36363636363636,-12.5378077622075,-0.261204328379323,-1.13980070565523,158,3.29166666666667,14.3636363636364,0.3125,0,0,NA,NA,NA,NA,NA,NA,NA,"P5"
"238","Vanderbilt","fbs","SEC",2015,3122168,"Trent Sherfield",4,4,11,1,3.47470087392916,0.86867521848229,0.86867521848229,55,13.75,13.75,0.5,0,0,NA,NA,NA,NA,NA,NA,NA,"P5"
"238","Vanderbilt","fbs","SEC",2015,3139023,"Trey Ellis",1,1,11,1,1.54313316357527,1.54313316357527,1.54313316357527,19,19,19,1,0,0,NA,NA,NA,NA,NA,NA,NA,"P5"
"238","Vanderbilt","fbs","SEC",2015,3915757,"Josh Crawford",18,6,11,3,-9.22009135876049,-0.512227297708916,-1.53668189312675,54,3,9,0.388888888888889,0,1,NA,NA,NA,NA,NA,NA,NA,"P5"
"238","Vanderbilt","fbs","SEC",2015,3915776,"Kyle Shurmur",5,4,11,1.25,-2.24365584836082,-0.448731169672164,-0.560913962090205,24,4.8,6,0.2,0,0,NA,NA,NA,NA,NA,NA,NA,"P5"
"239","Baylor","fbs","Big 12",2015,517290,"Jay Lee",1,1,11,1,-0.360516720054274,-0.360516720054274,-0.360516720054274,-1,-1,-1,0,0,0,NA,NA,NA,NA,NA,NA,NA,"P5"
"239","Baylor","fbs","Big 12",2015,517293,"LaQuan McGowan",1,1,11,1,-0.641860515290366,-0.641860515290366,-0.641860515290366,2,2,2,0,0,0,NA,NA,NA,NA,NA,NA,NA,"P5"
"239","Baylor","fbs","Big 12",2015,530349,"Lynx Hawthorne",9,1,11,9,5.25969915939144,0.58441101771016,5.25969915939144,82,9.11111111111111,82,0.666666666666667,1,0,NA,NA,NA,NA,NA,NA,NA,"P5"
"239","Baylor","fbs","Big 12",2015,535495,"Devin Chafin",83,8,11,10.375,13.4381685717517,0.161905645442791,1.67977107146896,380,4.57831325301205,47.5,0.530120481927711,8,3,71,52,44,11,218,182,191,"P5"
"239","Baylor","fbs","Big 12",2015,535497,"Corey Coleman",22,8,11,2.75,-0.392818855968494,-0.0178554025440225,-0.0491023569960618,113,5.13636363636364,14.125,0.409090909090909,0,0,NA,NA,NA,NA,NA,NA,NA,"P5"
"239","Baylor","fbs","Big 12",2015,535511,"Seth Russell",45,6,11,7.5,24.424891074491,0.54277535721091,4.07081517908183,409,9.08888888888889,68.1666666666667,0.555555555555556,6,1,NA,NA,NA,NA,NA,NA,NA,"P5"
"239","Baylor","fbs","Big 12",2015,550003,"Johnny Jefferson",97,9,11,10.7777777777778,10.5744319599817,0.109014762474038,1.17493688444241,568,5.85567010309278,63.1111111111111,0.505154639175258,4,2,83,80,71,24,147,78,122,"P5"
"239","Baylor","fbs","Big 12",2015,550004,"Chris Johnson",19,3,11,6.33333333333333,1.9392057792625,0.102063462066447,0.646401926420833,77,4.05263157894737,25.6666666666667,0.578947368421053,1,2,NA,NA,NA,NA,NA,NA,NA,"P5"
"239","Baylor","fbs","Big 12",2015,550009,"Shock Linwood",177,11,11,16.0909090909091,24.1310303738117,0.136333504936789,2.19373003398288,1189,6.71751412429379,108.090909090909,0.485875706214689,7,1,36,40,57,47,25,27,27,"P5"
"239","Baylor","fbs","Big 12",2015,3124828,"Terence Williams",58,6,11,9.66666666666667,-9.28209857317782,-0.160036182296169,-1.54701642886297,338,5.82758620689655,56.3333333333333,0.379310344827586,1,0,NA,NA,NA,NA,NA,NA,NA,"P5"
"239","Baylor","fbs","Big 12",2015,3128348,"KD Cannon",1,1,11,1,-5.27407868200798,-5.27407868200798,-5.27407868200798,2,2,2,0,0,1,NA,NA,NA,NA,NA,NA,NA,"P5"
"239","Baylor","fbs","Big 12",2015,3892775,"Jarrett Stidham",26,6,11,4.33333333333333,-2.70114930654195,-0.103890357943921,-0.450191551090325,106,4.07692307692308,17.6666666666667,0.346153846153846,1,0,NA,NA,NA,NA,NA,NA,NA,"P5"
"2390","Miami","fbs","ACC",2015,530412,"Herb Waters",2,2,11,1,-0.107835102599054,-0.0539175512995269,-0.0539175512995269,11,5.5,5.5,0.5,0,0,NA,NA,NA,NA,NA,NA,NA,"P5"
"2390","Miami","fbs","ACC",2015,545235,"Sunny Odogwu",1,1,11,1,0.73371113138784,0.73371113138784,0.73371113138784,0,0,0,1,1,0,NA,NA,NA,NA,NA,NA,NA,"P5"
"2390","Miami","fbs","ACC",2015,550046,"Stacy Coley",1,1,11,1,0.739350527338039,0.739350527338039,0.739350527338039,15,15,15,1,0,0,NA,NA,NA,NA,NA,NA,NA,"P5"
"2390","Miami","fbs","ACC",2015,550055,"Walter Tucker",2,2,11,1,0.271411869161331,0.135705934580666,0.135705934580666,7,3.5,3.5,0.5,0,0,NA,NA,NA,NA,NA,NA,NA,"P5"
"2390","Miami","fbs","ACC",2015,3123042,"Joseph Yearby",183,11,11,16.6363636363636,-11.5690550096266,-0.0632188798340249,-1.05173227360241,894,4.88524590163934,81.2727272727273,0.366120218579235,4,0,191,187,176,189,60,155,66,"P5"
"2390","Miami","fbs","ACC",2015,3123047,"Malik Rosier",11,5,11,2.2,-4.37923565599144,-0.398112332362859,-0.875847131198289,22,2,4.4,0.363636363636364,0,0,NA,NA,NA,NA,NA,NA,NA,"P5"
"2390","Miami","fbs","ACC",2015,3123048,"Brad Kaaya",14,7,11,2,1.23729506563598,0.0883782189739983,0.176756437947997,4,0.285714285714286,0.571428571428571,0.428571428571429,2,4,NA,NA,NA,NA,NA,NA,NA,"P5"
"2390","Miami","fbs","ACC",2015,3123075,"Braxton Berrios",1,1,11,1,-0.607014660567648,-0.607014660567648,-0.607014660567648,0,0,0,0,0,0,NA,NA,NA,NA,NA,NA,NA,"P5"
"2390","Miami","fbs","ACC",2015,3135736,"Trayone Gray",15,4,11,3.75,3.02240233360971,0.201493488907314,0.755600583402427,68,4.53333333333333,17,0.333333333333333,1,0,NA,NA,NA,NA,NA,NA,NA,"P5"
"2390","Miami","fbs","ACC",2015,3917846,"Mark Walton",110,11,11,10,-23.6737921486441,-0.215216292260401,-2.15216292260401,351,3.19090909090909,31.9090909090909,0.272727272727273,6,1,232,229,233,247.5,226.5,250,239,"P5"
"2393","Middle Tennessee","fbs","Conference USA",2015,517528,"Jeremiah Bryson",36,6,11,6,-0.571517885102512,-0.0158754968084031,-0.0952529808504187,166,4.61111111111111,27.6666666666667,0.388888888888889,1,0,NA,NA,NA,NA,NA,NA,NA,"G5"
"2393","Middle Tennessee","fbs","Conference USA",2015,517532,"Chase Pennycuff",1,1,11,1,1.52615071893833,1.52615071893833,1.52615071893833,2,2,2,1,0,0,NA,NA,NA,NA,NA,NA,NA,"G5"
"2393","Middle Tennessee","fbs","Conference USA",2015,531589,"Austin Grammer",15,5,11,3,0.618338144641075,0.0412225429760717,0.123667628928215,56,3.73333333333333,11.2,0.466666666666667,1,0,NA,NA,NA,NA,NA,NA,NA,"G5"
"2393","Middle Tennessee","fbs","Conference USA",2015,531594,"Jordan Parker",86,9,11,9.55555555555556,-0.921793701750963,-0.0107185314157089,-0.102421522416774,400,4.65116279069767,44.4444444444444,0.383720930232558,5,1,150,151,150,171,210,172,200,"G5"
"2393","Middle Tennessee","fbs","Conference USA",2015,545681,"Shane Tucker",99,8,11,12.375,-35.7844383444141,-0.361458973175901,-4.47305479305177,305,3.08080808080808,38.125,0.272727272727273,2,3,251,253,253,247.5,239,253,219,"G5"
"2393","Middle Tennessee","fbs","Conference USA",2015,545683,"Brent Stockstill",37,11,11,3.36363636363636,4.18739645093378,0.113172877052264,0.380672404630344,165,4.45945945945946,15,0.486486486486487,2,2,NA,NA,NA,NA,NA,NA,NA,"G5"
"2393","Middle Tennessee","fbs","Conference USA",2015,545685,"Kamani Thomas",23,4,11,5.75,4.04214187647526,0.175745298977185,1.01053546911882,161,7,40.25,0.565217391304348,3,1,NA,NA,NA,NA,NA,NA,NA,"G5"
"2393","Middle Tennessee","fbs","Conference USA",2015,3122899,"Richie James",8,4,11,2,-0.53653255553349,-0.0670665694416862,-0.134133138883372,73,9.125,18.25,0.625,0,0,NA,NA,NA,NA,NA,NA,NA,"G5"
"2393","Middle Tennessee","fbs","Conference USA",2015,3122912,"Jordan Willis",2,1,11,2,-4.45311579091436,-2.22655789545718,-4.45311579091436,10,5,10,0,0,0,NA,NA,NA,NA,NA,NA,NA,"G5"
"2393","Middle Tennessee","fbs","Conference USA",2015,3914436,"Desmond Anderson",83,8,11,10.375,-7.92624176542901,-0.0954968887401086,-0.990780220678626,416,5.01204819277108,52,0.493975903614458,4,3,184,183,198,36.5,204.5,140,165,"G5"
"24","Stanford","fbs","Pac-12",2015,511941,"Remound Wright",76,13,13,5.84615384615385,20.7750629122943,0.27335609095124,1.59808176248417,209,2.75,16.0769230769231,0.578947368421053,13,0,NA,NA,NA,NA,NA,NA,NA,"P5"
"24","Stanford","fbs","Pac-12",2015,516357,"Kevin Hogan",61,13,13,4.69230769230769,12.3970628297273,0.203230538192251,0.953620217671332,404,6.62295081967213,31.0769230769231,0.475409836065574,5,4,NA,NA,NA,NA,NA,NA,NA,"P5"
"24","Stanford","fbs","Pac-12",2015,535297,"Michael Rector",1,1,13,1,-1.84555088118372,-1.84555088118372,-1.84555088118372,-6,-6,-6,0,0,0,NA,NA,NA,NA,NA,NA,NA,"P5"
"24","Stanford","fbs","Pac-12",2015,535298,"Barry Sanders",49,10,13,4.9,0.896340202197722,0.0182926571877086,0.0896340202197722,313,6.38775510204082,31.3,0.36734693877551,4,0,NA,NA,NA,NA,NA,NA,NA,"P5"
"24","Stanford","fbs","Pac-12",2015,546469,"Ryan Burns",4,3,13,1.33333333333333,-0.937986319606091,-0.234496579901523,-0.312662106535364,13,3.25,4.33333333333333,0.25,0,0,NA,NA,NA,NA,NA,NA,NA,"P5"
"24","Stanford","fbs","Pac-12",2015,546474,"Francis Owusu",1,1,13,1,-0.755672119134135,-0.755672119134135,-0.755672119134135,1,1,1,0,0,0,NA,NA,NA,NA,NA,NA,NA,"P5"
"24","Stanford","fbs","Pac-12",2015,549993,"Pat McFadden",3,1,13,3,-2.06933704944065,-0.689779016480216,-2.06933704944065,10,3.33333333333333,10,0.333333333333333,0,0,NA,NA,NA,NA,NA,NA,NA,"P5"
"24","Stanford","fbs","Pac-12",2015,3117245,"Keller Chryst",5,3,13,1.66666666666667,-0.467887372844124,-0.0935774745688248,-0.155962457614708,19,3.8,6.33333333333333,0.4,0,1,NA,NA,NA,NA,NA,NA,NA,"P5"
"24","Stanford","fbs","Pac-12",2015,3117251,"Christian McCaffrey",318,13,13,24.4615384615385,26.0702486515967,0.0819819139987316,2.00540374243051,1835,5.77044025157233,141.153846153846,0.481132075471698,8,2,31,45,88,51,2,83,5,"P5"
"24","Stanford","fbs","Pac-12",2015,3931398,"Bryce Love",28,11,13,2.54545454545455,5.829824966931,0.20820803453325,0.529984087902818,227,8.10714285714286,20.6363636363636,0.5,2,1,NA,NA,NA,NA,NA,NA,NA,"P5"
"242","Rice","fbs","Conference USA",2015,514894,"Driphus Jackson",60,10,10,6,-17.9264039790012,-0.29877339965002,-1.79264039790012,236,3.93333333333333,23.6,0.316666666666667,2,5,NA,NA,NA,NA,NA,NA,NA,"G5"
"242","Rice","fbs","Conference USA",2015,536483,"Darik Dillard",107,10,10,10.7,5.25185332111424,0.0490827413188247,0.525185332111424,552,5.1588785046729,55.2,0.523364485981308,3,2,113,112,109,13,155,131,149,"G5"
"242","Rice","fbs","Conference USA",2015,536503,"Tyler Stehling",5,3,10,1.66666666666667,-2.63891692474238,-0.527783384948475,-0.879638974914125,11,2.2,3.66666666666667,0.4,0,1,NA,NA,NA,NA,NA,NA,NA,"G5"
"242","Rice","fbs","Conference USA",2015,536504,"Luke Turner",25,6,10,4.16666666666667,2.29478452014709,0.0917913808058837,0.382464086691182,75,3,12.5,0.32,3,0,NA,NA,NA,NA,NA,NA,NA,"G5"
"242","Rice","fbs","Conference USA",2015,3123843,"Jowan Davis",66,8,10,8.25,-11.4940363775136,-0.174152066325963,-1.4367545471892,284,4.3030303030303,35.5,0.333333333333333,1,1,190,201,221,220.5,246.5,202,228,"G5"
"242","Rice","fbs","Conference USA",2015,3123856,"Samuel Stewart",92,9,10,10.2222222222222,-6.8202771591976,-0.0741334473825826,-0.757808573244177,361,3.92391304347826,40.1111111111111,0.391304347826087,4,1,180,181,184,157,224,226,217,"G5"
"242","Rice","fbs","Conference USA",2015,3123857,"Austin Walter",58,9,10,6.44444444444444,1.2283329458039,0.0211781542379982,0.136481438422655,315,5.43103448275862,35,0.431034482758621,0,1,NA,NA,NA,NA,NA,NA,NA,"G5"
"2426","Navy","fbs","American Athletic",2015,530568,"Keenan Reynolds",218,11,11,19.8181818181818,48.4171516592336,0.222097025959787,4.40155924174851,1300,5.96330275229358,118.181818181818,0.5,20,4,6,7,31,29,15,72,18,"G5"
"2426","Navy","fbs","American Athletic",2015,530573,"Demond Brown",27,9,11,3,20.6085181887912,0.763278451436712,2.28983535431014,199,7.37037037037037,22.1111111111111,0.777777777777778,4,0,NA,NA,NA,NA,NA,NA,NA,"G5"
"2426","Navy","fbs","American Athletic",2015,530583,"Chris Swain",173,11,11,15.7272727272727,30.1707950234374,0.174397659095014,2.74279954758522,783,4.52601156069364,71.1818181818182,0.445086705202312,9,1,23,29,39,94,77,184,92,"G5"
"2426","Navy","fbs","American Athletic",2015,530584,"Quentin Ezell",52,11,11,4.72727272727273,5.89940866649392,0.113450166663345,0.536309878772175,265,5.09615384615385,24.0909090909091,0.384615384615385,4,0,NA,NA,NA,NA,NA,NA,NA,"G5"
"2426","Navy","fbs","American Athletic",2015,530588,"DeBrandon Sanders",39,11,11,3.54545454545455,7.26753134151763,0.186346957474811,0.660684667410693,247,6.33333333333333,22.4545454545455,0.564102564102564,0,0,NA,NA,NA,NA,NA,NA,NA,"G5"
"2426","Navy","fbs","American Athletic",2015,530591,"Will Huntsman",1,1,11,1,0.0313045373899303,0.0313045373899303,0.0313045373899303,5,5,5,1,0,0,NA,NA,NA,NA,NA,NA,NA,"G5"
"2426","Navy","fbs","American Athletic",2015,551128,"Calvin Cass Jr.",13,7,11,1.85714285714286,2.81364240310788,0.216434031008299,0.401948914729697,122,9.38461538461539,17.4285714285714,0.615384615384615,1,1,NA,NA,NA,NA,NA,NA,NA,"G5"
"2426","Navy","fbs","American Athletic",2015,551146,"Jamir Tillman",1,1,11,1,-0.0645619983402412,-0.0645619983402412,-0.0645619983402412,3,3,3,0,0,0,NA,NA,NA,NA,NA,NA,NA,"G5"
"2426","Navy","fbs","American Athletic",2015,551212,"Dishan Romine",29,10,11,2.9,15.6655588376583,0.540191684057183,1.56655588376583,269,9.27586206896552,26.9,0.655172413793103,0,0,NA,NA,NA,NA,NA,NA,NA,"G5"
"2426","Navy","fbs","American Athletic",2015,551217,"Toneo Gulley",8,5,11,1.6,11.652640632659,1.45658007908237,2.33052812653179,148,18.5,29.6,0.625,2,0,NA,NA,NA,NA,NA,NA,NA,"G5"
"2426","Navy","fbs","American Athletic",2015,551222,"Tago Smith",22,5,11,4.4,2.95403720607498,0.134274418457953,0.590807441214995,103,4.68181818181818,20.6,0.409090909090909,1,1,NA,NA,NA,NA,NA,NA,NA,"G5"
"2426","Navy","fbs","American Athletic",2015,551223,"Shawn White",15,5,11,3,-3.75027320977289,-0.250018213984859,-0.750054641954578,50,3.33333333333333,10,0.333333333333333,0,0,NA,NA,NA,NA,NA,NA,NA,"G5"
"2426","Navy","fbs","American Athletic",2015,3125146,"Chris High",5,2,11,2.5,-1.49324963780557,-0.298649927561115,-0.746624818902787,31,6.2,15.5,0.6,0,0,NA,NA,NA,NA,NA,NA,NA,"G5"
"2426","Navy","fbs","American Athletic",2015,3125154,"Darryl Bonner",1,1,11,1,-0.306208791857862,-0.306208791857862,-0.306208791857862,2,2,2,0,0,0,NA,NA,NA,NA,NA,NA,NA,"G5"
"2426","Navy","fbs","American Athletic",2015,3125157,"Joshua Walker",1,1,11,1,2.14937047573297,2.14937047573297,2.14937047573297,8,8,8,1,1,0,NA,NA,NA,NA,NA,NA,NA,"G5"
"2426","Navy","fbs","American Athletic",2015,3125183,"Brandon Colon",1,1,11,1,1.98698976088282,1.98698976088282,1.98698976088282,23,23,23,1,1,0,NA,NA,NA,NA,NA,NA,NA,"G5"
"2429","Charlotte","fbs","Conference USA",2015,518249,"Andrew Buie",130,11,11,11.8181818181818,-33.4140768748004,-0.257031360575388,-3.03764335225458,446,3.43076923076923,40.5454545454545,0.323076923076923,1,1,248,243,243,227,197,245,214,"G5"
"2429","Charlotte","fbs","Conference USA",2015,551900,"Jalen Holt",3,2,11,1.5,-3.10131518169489,-1.03377172723163,-1.55065759084744,0,0,0,0,0,0,NA,NA,NA,NA,NA,NA,NA,"G5"
"2429","Charlotte","fbs","Conference USA",2015,551918,"Lee McNeill",14,6,11,2.33333333333333,-9.9928881029843,-0.713777721641735,-1.66548135049738,19,1.35714285714286,3.16666666666667,0.0714285714285714,1,2,NA,NA,NA,NA,NA,NA,NA,"G5"
"2429","Charlotte","fbs","Conference USA",2015,551919,"Matt Johnson",82,10,11,8.2,-6.5141173790957,-0.0794404558426305,-0.65141173790957,338,4.1219512195122,33.8,0.414634146341463,1,5,178,179,186,134.5,229,217,234,"G5"
"2429","Charlotte","fbs","Conference USA",2015,551921,"Austin Duke",9,6,11,1.5,-1.90930449372447,-0.212144943747163,-0.318217415620745,25,2.77777777777778,4.16666666666667,0.444444444444444,0,0,NA,NA,NA,NA,NA,NA,NA,"G5"
"2429","Charlotte","fbs","Conference USA",2015,551922,"Corey Nesmith Jr.",3,1,11,3,1.22653834602881,0.408846115342937,1.22653834602881,22,7.33333333333333,22,0.333333333333333,0,0,NA,NA,NA,NA,NA,NA,NA,"G5"
"2429","Charlotte","fbs","Conference USA",2015,552266,"Garrison Duncan",16,6,11,2.66666666666667,-6.52548356426953,-0.407842722766846,-1.08758059404492,47,2.9375,7.83333333333333,0.3125,0,1,NA,NA,NA,NA,NA,NA,NA,"G5"
"2429","Charlotte","fbs","Conference USA",2015,552685,"Kalif Phillips",182,10,11,18.2,9.49155907585773,0.0521514234937238,0.949155907585773,915,5.02747252747253,91.5,0.456043956043956,4,1,93,91,106,74,56,139,49,"G5"
"2429","Charlotte","fbs","Conference USA",2015,3120055,"Brooks Barden",13,4,11,3.25,4.52016244999515,0.34770480384578,1.13004061249879,96,7.38461538461539,24,0.538461538461538,1,0,NA,NA,NA,NA,NA,NA,NA,"G5"
"2429","Charlotte","fbs","Conference USA",2015,3120057,"Chris Montgomery",3,2,11,1.5,1.35012485950224,0.45004161983408,0.67506242975112,23,7.66666666666667,11.5,0.333333333333333,0,0,NA,NA,NA,NA,NA,NA,NA,"G5"
"2429","Charlotte","fbs","Conference USA",2015,3120063,"Arthur Hart",3,3,11,1,-1.10065088804637,-0.36688362934879,-0.36688362934879,-3,-1,-1,0.333333333333333,0,1,NA,NA,NA,NA,NA,NA,NA,"G5"
"2429","Charlotte","fbs","Conference USA",2015,3922014,"Bradan Smith",16,4,11,4,2.26676367094882,0.141672729434301,0.566690917737204,102,6.375,25.5,0.4375,0,0,NA,NA,NA,NA,NA,NA,NA,"G5"
"2433","UL Monroe","fbs","Sun Belt",2015,512345,"Brayle Brown",7,3,12,2.33333333333333,1.74133702693982,0.248762432419974,0.580445675646606,30,4.28571428571429,10,0.428571428571429,0,0,NA,NA,NA,NA,NA,NA,NA,"G5"
"2433","UL Monroe","fbs","Sun Belt",2015,512347,"Earnest Carrington",22,5,12,4.4,3.39293051702059,0.154224114410027,0.678586103404119,121,5.5,24.2,0.318181818181818,1,0,NA,NA,NA,NA,NA,NA,NA,"G5"
"2433","UL Monroe","fbs","Sun Belt",2015,512348,"Rashon Ceaser",1,1,12,1,-0.388853193382361,-0.388853193382361,-0.388853193382361,2,2,2,0,0,0,NA,NA,NA,NA,NA,NA,NA,"G5"
"2433","UL Monroe","fbs","Sun Belt",2015,512357,"DeVontae McNeal",51,12,12,4.25,-16.4405850155038,-0.322364412068702,-1.37004875129199,195,3.82352941176471,16.25,0.313725490196078,1,3,NA,NA,NA,NA,NA,NA,NA,"G5"
"2433","UL Monroe","fbs","Sun Belt",2015,531563,"Ajalen Holley",1,1,12,1,-0.143595141588405,-0.143595141588405,-0.143595141588405,4,4,4,0,0,0,NA,NA,NA,NA,NA,NA,NA,"G5"
"2433","UL Monroe","fbs","Sun Belt",2015,546121,"Brian Williams",4,1,12,4,0.491339122058025,0.122834780514506,0.491339122058025,10,2.5,10,0.25,0,0,NA,NA,NA,NA,NA,NA,NA,"G5"
"2433","UL Monroe","fbs","Sun Belt",2015,546141,"De'Vonte Haggerty",3,1,12,3,-3.7291966494656,-1.24306554982187,-3.7291966494656,-3,-1,-3,0,0,0,NA,NA,NA,NA,NA,NA,NA,"G5"
"2433","UL Monroe","fbs","Sun Belt",2015,3124944,"Garrett Smith",79,9,12,8.77777777777778,-15.5325085410823,-0.196614032165599,-1.72583428234248,275,3.48101265822785,30.5555555555556,0.341772151898734,1,3,208,214,228,213,248,242,243,"G5"
"2433","UL Monroe","fbs","Sun Belt",2015,3124950,"Ben Luckett",81,9,12,9,-4.3120483903685,-0.0532351653131914,-0.479116487818723,427,5.27160493827161,47.4444444444444,0.37037037037037,1,0,166,165,172,185,202,120,192,"G5"
"2433","UL Monroe","fbs","Sun Belt",2015,3124951,"Kaylon Watson",85,12,12,7.08333333333333,-30.9936969007695,-0.364631728244347,-2.58280807506413,291,3.42352941176471,24.25,0.258823529411765,0,2,241,236,254,251,245,246,254,"G5"
"2433","UL Monroe","fbs","Sun Belt",2015,3124964,"Marcus Green",3,3,12,1,-2.11143388274159,-0.703811294247197,-0.703811294247197,5,1.66666666666667,1.66666666666667,0.666666666666667,0,0,NA,NA,NA,NA,NA,NA,NA,"G5"
"2433","UL Monroe","fbs","Sun Belt",2015,3918246,"Chris Qualls",2,1,12,2,1.84683404772269,0.923417023861344,1.84683404772269,0,0,0,0.5,0,0,NA,NA,NA,NA,NA,NA,NA,"G5"
"2439","UNLV","fbs","Mountain West",2015,534197,"David Greene",3,2,11,1.5,-1.45066311213543,-0.48355437071181,-0.725331556067715,7,2.33333333333333,3.5,0.333333333333333,0,0,NA,NA,NA,NA,NA,NA,NA,"G5"
"2439","UNLV","fbs","Mountain West",2015,551230,"Kurt Palandech",59,10,11,5.9,16.358577627986,0.277264027592983,1.6358577627986,391,6.6271186440678,39.1,0.559322033898305,4,3,NA,NA,NA,NA,NA,NA,NA,"G5"
"2439","UNLV","fbs","Mountain West",2015,552507,"Aaron Criswell",2,2,11,1,2.1671379346872,1.0835689673436,1.0835689673436,22,11,11,1,0,0,NA,NA,NA,NA,NA,NA,NA,"G5"
"2439","UNLV","fbs","Mountain West",2015,552526,"Keith Whitely",139,11,11,12.6363636363636,-21.5889105203187,-0.155315903023876,-1.96262822911988,607,4.36690647482014,55.1818181818182,0.359712230215827,1,1,224,222,219,199,131.5,196,150,"G5"
"2439","UNLV","fbs","Mountain West",2015,3125318,"Blake Decker",32,8,11,4,-10.5337795330821,-0.329180610408814,-1.31672244163526,143,4.46875,17.875,0.28125,0,2,NA,NA,NA,NA,NA,NA,NA,"G5"
"2439","UNLV","fbs","Mountain West",2015,3125329,"George Naufahu",19,5,11,3.8,6.8770963601031,0.361952440005427,1.37541927202062,94,4.94736842105263,18.8,0.526315789473684,2,0,NA,NA,NA,NA,NA,NA,NA,"G5"
"2439","UNLV","fbs","Mountain West",2015,3921698,"Xzaviar Campbell",78,11,11,7.09090909090909,-5.51336947941827,-0.0706842240951061,-0.501215407219843,329,4.21794871794872,29.9090909090909,0.397435897435897,3,0,172,167,180,148,232.5,208,245,"G5"
"2439","UNLV","fbs","Mountain West",2015,3921708,"Lexington Thomas",73,11,11,6.63636363636364,4.0285654448223,0.0551858280112643,0.366233222256572,397,5.43835616438356,36.0909090909091,0.424657534246575,2,2,122,122,104,118,212,107,227,"G5"
"2440","Nevada","fbs","Mountain West",2015,536228,"Tyler Stewart",63,11,11,5.72727272727273,19.2902861888403,0.306195018870481,1.75366238080366,406,6.44444444444444,36.9090909090909,0.555555555555556,3,1,NA,NA,NA,NA,NA,NA,NA,"G5"
"2440","Nevada","fbs","Mountain West",2015,546279,"Don Jackson",206,11,11,18.7272727272727,-27.3477133767688,-0.132755890178489,-2.48615576152444,896,4.3495145631068,81.4545454545455,0.339805825242718,6,2,239,233,208,216,58,200,64,"G5"
"2440","Nevada","fbs","Mountain West",2015,3124608,"James Butler",169,11,11,15.3636363636364,21.077164187427,0.124716947854598,1.91610583522064,1094,6.47337278106509,99.4545454545455,0.420118343195266,8,1,45,48,64,128.5,30,38,38,"G5"
"2440","Nevada","fbs","Mountain West",2015,3124618,"Hunter Fralick",1,1,11,1,4.00784105657619,4.00784105657619,4.00784105657619,4,4,4,1,1,0,NA,NA,NA,NA,NA,NA,NA,"G5"
"2440","Nevada","fbs","Mountain West",2015,3124645,"Blake Wright",3,1,11,3,-1.32222109045115,-0.440740363483718,-1.32222109045115,6,2,6,0.333333333333333,0,0,NA,NA,NA,NA,NA,NA,NA,"G5"
"245","Texas A&M","fbs","SEC",2015,532122,"Tra Carson",204,11,11,18.5454545454545,-17.8418070396062,-0.0874598384294423,-1.62198245814602,939,4.60294117647059,85.3636363636364,0.392156862745098,5,2,217,212,192,155,50,179,59,"P5"
"245","Texas A&M","fbs","SEC",2015,532124,"Brice Dolezal",20,2,11,10,-0.577723208731104,-0.0288861604365552,-0.288861604365552,107,5.35,53.5,0.3,1,0,NA,NA,NA,NA,NA,NA,NA,"P5"
"245","Texas A&M","fbs","SEC",2015,532125,"Brandon Williams",1,1,11,1,-0.436240510248472,-0.436240510248472,-0.436240510248472,3,3,3,0,0,0,NA,NA,NA,NA,NA,NA,NA,"P5"
"245","Texas A&M","fbs","SEC",2015,549870,"James White",43,7,11,6.14285714285714,-11.49860739347,-0.267409474266745,-1.64265819906715,143,3.32558139534884,20.4285714285714,0.302325581395349,1,0,NA,NA,NA,NA,NA,NA,NA,"P5"
"245","Texas A&M","fbs","SEC",2015,550539,"Jake Hubenak",3,2,11,1.5,-1.88897150114557,-0.629657167048524,-0.944485750572786,9,3,4.5,0,0,0,NA,NA,NA,NA,NA,NA,NA,"P5"
"245","Texas A&M","fbs","SEC",2015,559681,"Kyle Allen",41,9,11,4.55555555555556,10.8039339552959,0.263510584275509,1.20043710614398,251,6.1219512195122,27.8888888888889,0.560975609756098,2,1,NA,NA,NA,NA,NA,NA,NA,"P5"
"245","Texas A&M","fbs","SEC",2015,3122130,"Jamal Jeffery",1,1,11,1,-0.113156982182861,-0.113156982182861,-0.113156982182861,4,4,4,0,0,0,NA,NA,NA,NA,NA,NA,NA,"P5"
"245","Texas A&M","fbs","SEC",2015,3895856,"Christian Kirk",10,6,11,1.66666666666667,-1.07877391582223,-0.107877391582223,-0.179795652637038,45,4.5,7.5,0.4,0,0,NA,NA,NA,NA,NA,NA,NA,"P5"
"245","Texas A&M","fbs","SEC",2015,3917315,"Kyler Murray",40,7,11,5.71428571428571,11.383653067276,0.284591326681901,1.62623615246801,326,8.15,46.5714285714286,0.55,1,2,NA,NA,NA,NA,NA,NA,NA,"P5"
"245","Texas A&M","fbs","SEC",2015,3917321,"Kwame Etwi",15,4,11,3.75,2.55860508330871,0.170573672220581,0.639651270827178,127,8.46666666666667,31.75,0.4,0,0,NA,NA,NA,NA,NA,NA,NA,"P5"
"2459","Northern Illinois","fbs","Mid-American",2015,511603,"Tommylee Lewis",8,6,12,1.33333333333333,-4.81089947347837,-0.601362434184796,-0.801816578913062,20,2.5,3.33333333333333,0.375,0,0,NA,NA,NA,NA,NA,NA,NA,"G5"
"2459","Northern Illinois","fbs","Mid-American",2015,532480,"Drew Hare",83,8,12,10.375,-16.2027843804752,-0.195214269644279,-2.0253480475594,302,3.63855421686747,37.75,0.373493975903614,1,6,211,224,226,181,240.5,238,221,"G5"
"2459","Northern Illinois","fbs","Mid-American",2015,532481,"Keith Harris Jr.",3,1,12,3,-1.72461037927966,-0.574870126426554,-1.72461037927966,6,2,6,0,0,0,NA,NA,NA,NA,NA,NA,NA,"G5"
"2459","Northern Illinois","fbs","Mid-American",2015,532488,"Desroy Maxwell",2,1,12,2,-0.130321471981772,-0.065160735990886,-0.130321471981772,8,4,8,0.5,0,0,NA,NA,NA,NA,NA,NA,NA,"G5"
"2459","Northern Illinois","fbs","Mid-American",2015,533961,"Kenny Golladay",5,3,12,1.66666666666667,-1.03599890073289,-0.207199780146577,-0.345332966910962,8,1.6,2.66666666666667,0.2,1,0,NA,NA,NA,NA,NA,NA,NA,"G5"
"2459","Northern Illinois","fbs","Mid-American",2015,547842,"Chad Beebe",3,3,12,1,-1.87524684343266,-0.625082281144221,-0.625082281144221,6,2,2,0.333333333333333,0,0,NA,NA,NA,NA,NA,NA,NA,"G5"
"2459","Northern Illinois","fbs","Mid-American",2015,547843,"Joel Bouagnon",260,12,12,21.6666666666667,10.1111291851665,0.0388889584044867,0.842594098763878,1215,4.67307692307692,101.25,0.396153846153846,16,0,85,102,117,151,23,169,35,"G5"
"2459","Northern Illinois","fbs","Mid-American",2015,547854,"Jordan Huff",76,11,12,6.90909090909091,31.7801249697304,0.418159539075399,2.88910226997549,590,7.76315789473684,53.6363636363636,0.486842105263158,7,0,19,24,3,46,140.5,4,158,"G5"
"2459","Northern Illinois","fbs","Mid-American",2015,547867,"Aregeros Turner",19,7,12,2.71428571428571,-0.319949549634559,-0.0168394499807663,-0.0457070785192227,100,5.26315789473684,14.2857142857143,0.526315789473684,1,1,NA,NA,NA,NA,NA,NA,NA,"G5"
"2459","Northern Illinois","fbs","Mid-American",2015,547868,"Shane Wimann",1,1,12,1,0.615144633742148,0.615144633742148,0.615144633742148,5,5,5,1,0,0,NA,NA,NA,NA,NA,NA,NA,"G5"
"2459","Northern Illinois","fbs","Mid-American",2015,3126013,"Ryan Graham",48,5,12,9.6,-5.32844132835508,-0.111009194340731,-1.06568826567102,202,4.20833333333333,40.4,0.354166666666667,0,0,NA,NA,NA,NA,NA,NA,NA,"G5"
"2459","Northern Illinois","fbs","Mid-American",2015,3126033,"Ezra Saffold",1,1,12,1,-0.72693085966714,-0.72693085966714,-0.72693085966714,5,5,5,0,0,0,NA,NA,NA,NA,NA,NA,NA,"G5"
"2459","Northern Illinois","fbs","Mid-American",2015,3921951,"D.J. Brown",2,1,12,2,0.251211001045642,0.125605500522821,0.251211001045642,8,4,8,0.5,1,0,NA,NA,NA,NA,NA,NA,NA,"G5"
"2459","Northern Illinois","fbs","Mid-American",2015,3921966,"Tommy Fiedler",13,2,12,6.5,-1.88613253001055,-0.145087117693119,-0.943066265005276,55,4.23076923076923,27.5,0.307692307692308,0,0,NA,NA,NA,NA,NA,NA,NA,"G5"
"2459","Northern Illinois","fbs","Mid-American",2015,3921979,"Marcus Jones",7,3,12,2.33333333333333,3.53055920384492,0.504365600549275,1.17685306794831,100,14.2857142857143,33.3333333333333,0.285714285714286,1,0,NA,NA,NA,NA,NA,NA,NA,"G5"
"2459","Northern Illinois","fbs","Mid-American",2015,3921987,"Jacob Ambrose",1,1,12,1,-3.74558387411186,-3.74558387411186,-3.74558387411186,-8,-8,-8,0,0,1,NA,NA,NA,NA,NA,NA,NA,"G5"
"248","Houston","fbs","American Athletic",2015,512471,"Kenneth Farrow",170,10,12,17,12.3407018068338,0.0725923635696109,1.23407018068338,838,4.92941176470588,83.8,0.370588235294118,12,0,75,75,95,183.5,70,152,60,"G5"
"248","Houston","fbs","American Athletic",2015,518526,"Adam Schulz",1,1,12,1,0.0152447421324657,0.0152447421324657,0.0152447421324657,4,4,4,1,0,0,NA,NA,NA,NA,NA,NA,NA,"G5"
"248","Houston","fbs","American Athletic",2015,536519,"Ryan Jackson",60,8,12,7.5,-1.13171758095825,-0.0188619596826375,-0.141464697619781,284,4.73333333333333,35.5,0.416666666666667,2,1,NA,NA,NA,NA,NA,NA,NA,"G5"
"248","Houston","fbs","American Athletic",2015,536828,"Brandon Wilson",33,2,12,16.5,4.79797298850706,0.14539312086385,2.39898649425353,181,5.48484848484848,90.5,0.454545454545455,2,0,NA,NA,NA,NA,NA,NA,NA,"G5"
"248","Houston","fbs","American Athletic",2015,545543,"Demarcus Ayers",16,8,12,2,-2.46176239398282,-0.153860149623926,-0.307720299247852,87,5.4375,10.875,0.3125,1,0,NA,NA,NA,NA,NA,NA,NA,"G5"
"248","Houston","fbs","American Athletic",2015,545546,"Javin Webb",66,9,12,7.33333333333333,-4.97269592148691,-0.0753438775982865,-0.552521769054101,250,3.78787878787879,27.7777777777778,0.378787878787879,2,0,NA,NA,NA,NA,NA,NA,NA,"G5"
"248","Houston","fbs","American Athletic",2015,545552,"Greg Ward Jr.",143,11,12,13,50.1615399103673,0.350779999373198,4.56013999185157,1058,7.3986013986014,96.1818181818182,0.538461538461538,17,7,4,6,6,8.5,34,9,40,"G5"
"248","Houston","fbs","American Athletic",2015,545555,"Donald Gage",1,1,12,1,-0.242940025378538,-0.242940025378538,-0.242940025378538,4,4,4,0,0,0,NA,NA,NA,NA,NA,NA,NA,"G5"
"248","Houston","fbs","American Athletic",2015,553532,"Kyle Postma",19,3,12,6.33333333333333,-1.44200217081734,-0.0758948510956497,-0.480667390272448,145,7.63157894736842,48.3333333333333,0.421052631578947,1,2,NA,NA,NA,NA,NA,NA,NA,"G5"
"248","Houston","fbs","American Athletic",2015,556627,"Logan Piper",1,1,12,1,-3.64773019394127,-3.64773019394127,-3.64773019394127,0,0,0,0,0,0,NA,NA,NA,NA,NA,NA,NA,"G5"
"248","Houston","fbs","American Athletic",2015,3126185,"Kaliq Kokuma",13,2,12,6.5,-2.45856240837616,-0.189120185259704,-1.22928120418808,49,3.76923076923077,24.5,0.230769230769231,0,0,NA,NA,NA,NA,NA,NA,NA,"G5"
"2483","Oregon","fbs","Pac-12",2015,511454,"Tyler Johnstone",1,1,11,1,-1.23901717889837,-1.23901717889837,-1.23901717889837,-6,-6,-6,0,0,0,NA,NA,NA,NA,NA,NA,NA,"P5"
"2483","Oregon","fbs","Pac-12",2015,511713,"Vernon Adams Jr.",41,8,11,5.125,0.212815403924363,0.0051906196079113,0.0266019254905454,176,4.29268292682927,22,0.414634146341463,2,1,NA,NA,NA,NA,NA,NA,NA,"P5"
"2483","Oregon","fbs","Pac-12",2015,530859,"Bralon Addison",15,8,11,1.875,7.67850614628713,0.511900409752475,0.959813268285891,89,5.93333333333333,11.125,0.6,2,0,NA,NA,NA,NA,NA,NA,NA,"P5"
"2483","Oregon","fbs","Pac-12",2015,530875,"Jeff Lockie",21,4,11,5.25,3.19693622633347,0.152235058396832,0.799234056583368,153,7.28571428571429,38.25,0.380952380952381,0,2,NA,NA,NA,NA,NA,NA,NA,"P5"
"2483","Oregon","fbs","Pac-12",2015,550655,"Kani Benoit",40,9,11,4.44444444444444,1.68600100379903,0.0421500250949757,0.187333444866558,277,6.925,30.7777777777778,0.45,2,1,NA,NA,NA,NA,NA,NA,NA,"P5"
"2483","Oregon","fbs","Pac-12",2015,551351,"Taylor Alie",9,4,11,2.25,13.919112135091,1.54656801501011,3.47977803377274,145,16.1111111111111,36.25,0.666666666666667,3,0,NA,NA,NA,NA,NA,NA,NA,"P5"
"2483","Oregon","fbs","Pac-12",2015,555426,"J.J. Jones",4,1,11,4,-0.240321857525263,-0.0600804643813157,-0.240321857525263,15,3.75,15,0.5,0,0,NA,NA,NA,NA,NA,NA,NA,"P5"
"2483","Oregon","fbs","Pac-12",2015,3122667,"Charles Nelson",4,3,11,1.33333333333333,7.83326392655254,1.95831598163814,2.61108797551751,109,27.25,36.3333333333333,0.75,1,0,NA,NA,NA,NA,NA,NA,NA,"P5"
"2483","Oregon","fbs","Pac-12",2015,3122672,"Royce Freeman",230,11,11,20.9090909090909,34.4667132479552,0.149855274991109,3.13333756799592,1487,6.46521739130435,135.181818181818,0.473913043478261,10,2,17,21,50,53,9,39,8,"P5"
"2483","Oregon","fbs","Pac-12",2015,3886835,"Taj Griffin",69,9,11,7.66666666666667,8.14493505617445,0.118042537046007,0.904992784019384,468,6.78260869565217,52,0.420289855072464,3,0,104,95,69,126.5,184.5,23,165,"P5"
"2483","Oregon","fbs","Pac-12",2015,3886841,"Tony Brooks-James",23,4,11,5.75,12.4549817823638,0.541520947059298,3.11374544559096,175,7.60869565217391,43.75,0.695652173913043,0,0,NA,NA,NA,NA,NA,NA,NA,"P5"
"2483","Oregon","fbs","Pac-12",2015,3915145,"Kirk Merritt",3,3,11,1,-4.43574213283516,-1.47858071094505,-1.47858071094505,13,4.33333333333333,4.33333333333333,0,0,1,NA,NA,NA,NA,NA,NA,NA,"P5"
"249","North Texas","fbs","Conference USA",2015,515139,"Antoinne Jimmerson",62,9,11,6.88888888888889,-4.76470515657264,-0.0768500831705265,-0.529411684063627,280,4.51612903225806,31.1111111111111,0.387096774193548,1,1,NA,NA,NA,NA,NA,NA,NA,"G5"
"249","North Texas","fbs","Conference USA",2015,515147,"Andrew McNulty",12,5,11,2.4,12.5192206597116,1.0432683883093,2.50384413194232,76,6.33333333333333,15.2,0.666666666666667,0,0,NA,NA,NA,NA,NA,NA,NA,"G5"
"249","North Texas","fbs","Conference USA",2015,518103,"Jarrod Lynn",2,1,11,2,-2.65015589263643,-1.32507794631821,-2.65015589263643,0,0,0,0,0,0,NA,NA,NA,NA,NA,NA,NA,"G5"
"249","North Texas","fbs","Conference USA",2015,531886,"Carlos Harris",5,3,11,1.66666666666667,-2.51781788577223,-0.503563577154446,-0.839272628590744,15,3,5,0.4,0,0,NA,NA,NA,NA,NA,NA,NA,"G5"
"249","North Texas","fbs","Conference USA",2015,532154,"Rex Rollins",2,1,11,2,-0.611035943226431,-0.305517971613215,-0.611035943226431,8,4,8,0.5,0,0,NA,NA,NA,NA,NA,NA,NA,"G5"
"249","North Texas","fbs","Conference USA",2015,545727,"Andrew Tucker",12,2,11,6,-9.21576242254265,-0.767980201878554,-4.60788121127133,56,4.66666666666667,28,0.166666666666667,0,1,NA,NA,NA,NA,NA,NA,NA,"G5"
"249","North Texas","fbs","Conference USA",2015,549915,"Turner Smiley",1,1,11,1,0.690055407081676,0.690055407081676,0.690055407081676,10,10,10,1,0,0,NA,NA,NA,NA,NA,NA,NA,"G5"
"249","North Texas","fbs","Conference USA",2015,3122972,"Josh Greer",2,1,11,2,-3.09687068250725,-1.54843534125362,-3.09687068250725,-3,-1.5,-3,0,0,1,NA,NA,NA,NA,NA,NA,NA,"G5"
"249","North Texas","fbs","Conference USA",2015,3122978,"Willy Ivery",40,9,11,4.44444444444444,2.85222736612101,0.0713056841530253,0.316914151791224,293,7.325,32.5555555555556,0.525,2,2,NA,NA,NA,NA,NA,NA,NA,"G5"
"249","North Texas","fbs","Conference USA",2015,3122981,"A.J. Ezzard",13,5,11,2.6,-2.08836905821284,-0.16064377370868,-0.417673811642567,55,4.23076923076923,11,0.461538461538462,1,0,NA,NA,NA,NA,NA,NA,NA,"G5"
"249","North Texas","fbs","Conference USA",2015,3914500,"DaMarcus Smith",79,9,11,8.77777777777778,10.0611313911143,0.127356093558408,1.11790348790158,473,5.9873417721519,52.5555555555556,0.506329113924051,2,6,86,84,59,22.5,183,69,162,"G5"
"25","California","fbs","Pac-12",2015,516956,"Trevor Davis",2,2,11,1,-3.81749007132611,-1.90874503566306,-1.90874503566306,-12,-6,-6,0,0,0,NA,NA,NA,NA,NA,NA,NA,"P5"
"25","California","fbs","Pac-12",2015,517016,"Daniel Lasco",59,7,11,8.42857142857143,-1.22279813321734,-0.0207253920884294,-0.174685447602477,317,5.3728813559322,45.2857142857143,0.457627118644068,2,1,NA,NA,NA,NA,NA,NA,NA,"P5"
"25","California","fbs","Pac-12",2015,535254,"Jeffrey Coprich",9,4,11,2.25,-1.33056850971522,-0.147840945523913,-0.332642127428805,39,4.33333333333333,9.75,0.222222222222222,0,0,NA,NA,NA,NA,NA,NA,NA,"P5"
"25","California","fbs","Pac-12",2015,535270,"Kenny Lawler",1,1,11,1,0.00537514116617954,0.00537514116617954,0.00537514116617954,5,5,5,1,0,0,NA,NA,NA,NA,NA,NA,NA,"P5"
"25","California","fbs","Pac-12",2015,547401,"Jared Goff",29,9,11,3.22222222222222,16.6292335152067,0.573421845351955,1.84769261280074,204,7.03448275862069,22.6666666666667,0.620689655172414,0,0,NA,NA,NA,NA,NA,NA,NA,"P5"
"25","California","fbs","Pac-12",2015,550296,"Khalfani Muhammad",69,10,11,6.9,-5.53163154494313,-0.0801685731151178,-0.553163154494313,437,6.33333333333333,43.7,0.391304347826087,1,1,173,172,189,157,200.5,44,204,"P5"
"25","California","fbs","Pac-12",2015,3122595,"Cole Webb",3,1,11,3,-4.31880598635216,-1.43960199545072,-4.31880598635216,18,6,18,0.333333333333333,0,0,NA,NA,NA,NA,NA,NA,NA,"P5"
"25","California","fbs","Pac-12",2015,3127200,"Tre Watson",68,8,11,8.5,10.100332433288,0.148534300489529,1.262541554161,404,5.94117647058824,50.5,0.514705882352941,2,0,NA,NA,NA,NA,NA,NA,NA,"P5"
"25","California","fbs","Pac-12",2015,3127204,"Chase Forrest",1,1,11,1,0.442608193284524,0.442608193284524,0.442608193284524,8,8,8,1,0,0,NA,NA,NA,NA,NA,NA,NA,"P5"
"25","California","fbs","Pac-12",2015,3127207,"Vic Enwere",92,9,11,10.2222222222222,9.57942664917207,0.104124202708392,1.0643807387969,475,5.16304347826087,52.7777777777778,0.445652173913043,6,0,90,87,76,91,182,130,161,"P5"
"25","California","fbs","Pac-12",2015,3893636,"Harry Adolphus",1,1,11,1,-2.26162269567367,-2.26162269567367,-2.26162269567367,4,4,4,0,0,0,NA,NA,NA,NA,NA,NA,NA,"P5"
"2509","Purdue","fbs","Big Ten",2015,534666,"Danny Anthrop",2,2,11,1,-2.24436619197932,-1.12218309598966,-1.12218309598966,-4,-2,-2,0,0,0,NA,NA,NA,NA,NA,NA,NA,"P5"
"2509","Purdue","fbs","Big Ten",2015,534770,"Austin Appleby",33,4,11,8.25,-13.1046045855917,-0.397109229866417,-3.27615114639794,88,2.66666666666667,22,0.424242424242424,4,4,NA,NA,NA,NA,NA,NA,NA,"P5"
"2509","Purdue","fbs","Big Ten",2015,534791,"Bilal Marshall",1,1,11,1,-0.828082384379936,-0.828082384379936,-0.828082384379936,-7,-7,-7,0,0,0,NA,NA,NA,NA,NA,NA,NA,"P5"
"2509","Purdue","fbs","Big Ten",2015,550180,"Dan Monteroso",1,1,11,1,-0.155613569225647,-0.155613569225647,-0.155613569225647,2,2,2,0,0,0,NA,NA,NA,NA,NA,NA,NA,"P5"
"2509","Purdue","fbs","Big Ten",2015,550189,"David Yancey",4,3,11,1.33333333333333,-2.24143130084063,-0.560357825210159,-0.747143766946878,10,2.5,3.33333333333333,0.25,0,0,NA,NA,NA,NA,NA,NA,NA,"P5"
"2509","Purdue","fbs","Big Ten",2015,3116188,"David Blough",48,8,11,6,2.08153709145166,0.0433653560719095,0.260192136431457,208,4.33333333333333,26,0.4375,4,4,NA,NA,NA,NA,NA,NA,NA,"P5"
"2509","Purdue","fbs","Big Ten",2015,3116199,"D.J. Knox",92,9,11,10.2222222222222,-13.6508074050234,-0.14837834135895,-1.51675637833593,318,3.45652173913043,35.3333333333333,0.358695652173913,2,0,198,206,215,201,235,244,230,"P5"
"2509","Purdue","fbs","Big Ten",2015,3116204,"Gregory Phillips",1,1,11,1,-0.0195462383002214,-0.0195462383002214,-0.0195462383002214,5,5,5,0,0,0,NA,NA,NA,NA,NA,NA,NA,"P5"
"2509","Purdue","fbs","Big Ten",2015,3791143,"Markell Jones",154,11,11,14,13.6962653596469,0.0889367880496549,1.24511503269517,808,5.24675324675325,73.4545454545455,0.435064935064935,9,2,68,73,85,105.5,74,124,81,"P5"
"2509","Purdue","fbs","Big Ten",2015,3918014,"Domonique Young",1,1,11,1,2.58757641812011,2.58757641812011,2.58757641812011,4,4,4,1,1,0,NA,NA,NA,NA,NA,NA,NA,"P5"
"2509","Purdue","fbs","Big Ten",2015,3929902,"Jarrett Burgess",3,3,11,1,8.22903427159661,2.74301142386553,2.74301142386554,60,20,20,1,1,0,NA,NA,NA,NA,NA,NA,NA,"P5"
"251","Texas","fbs","Big 12",2015,531069,"Johnathan Gray",123,10,12,12.3,-17.5268062169695,-0.142494359487557,-1.75268062169695,493,4.00813008130081,49.3,0.32520325203252,3,0,216,216,209,226,175,225,181,"P5"
"251","Texas","fbs","Big 12",2015,531071,"Trey Holtz",2,1,12,2,-0.755632736980259,-0.377816368490129,-0.755632736980259,10,5,10,0.5,0,0,NA,NA,NA,NA,NA,NA,NA,"P5"
"251","Texas","fbs","Big 12",2015,531076,"Daje Johnson",6,4,12,1.5,1.20614992324382,0.201024987207303,0.301537480810955,28,4.66666666666667,7,0.666666666666667,0,0,NA,NA,NA,NA,NA,NA,NA,"P5"
"251","Texas","fbs","Big 12",2015,544907,"Gaston Davis",1,1,12,1,-0.168256457880685,-0.168256457880685,-0.168256457880685,1,1,1,0,0,0,NA,NA,NA,NA,NA,NA,NA,"P5"
"251","Texas","fbs","Big 12",2015,547338,"Tyrone Swoopes",70,11,12,6.36363636363636,25.6423749235967,0.366319641765667,2.33112499305425,474,6.77142857142857,43.0909090909091,0.571428571428571,11,1,NA,NA,NA,NA,NA,NA,NA,"P5"
"251","Texas","fbs","Big 12",2015,3125115,"Armanti Foreman",2,2,12,1,-1.14793407809305,-0.573967039046525,-0.573967039046525,2,1,1,0,0,0,NA,NA,NA,NA,NA,NA,NA,"P5"
"251","Texas","fbs","Big 12",2015,3125116,"D'Onta Foreman",93,10,12,9.3,22.4149330736042,0.241020785737679,2.24149330736042,677,7.27956989247312,67.7,0.440860215053763,5,0,42,38,27,97,103,12,105,"P5"
"251","Texas","fbs","Big 12",2015,3125121,"Jerrod Heard",112,11,12,10.1818181818182,23.3786111965278,0.208737599968998,2.12532829059344,738,6.58928571428571,67.0909090909091,0.5,3,1,38,43,34,29,93,33,107,"P5"
"251","Texas","fbs","Big 12",2015,3929844,"John Burt",1,1,12,1,-1.10844338492414,-1.10844338492414,-1.10844338492414,-2,-2,-2,0,0,0,NA,NA,NA,NA,NA,NA,NA,"P5"
"251","Texas","fbs","Big 12",2015,3929848,"DeAndre McNeal",1,1,12,1,-0.0675726382150859,-0.0675726382150859,-0.0675726382150859,9,9,9,0,0,0,NA,NA,NA,NA,NA,NA,NA,"P5"
"251","Texas","fbs","Big 12",2015,3929855,"Chris Warren III",71,8,12,8.875,7.04744939989915,0.0992598507028049,0.880931174987393,470,6.61971830985915,58.75,0.338028169014085,4,0,NA,NA,NA,NA,NA,NA,NA,"P5"
"251","Texas","fbs","Big 12",2015,3929856,"Kirk Johnson",7,2,12,3.5,-2.03308975787293,-0.290441393981847,-1.01654487893647,47,6.71428571428571,23.5,0.285714285714286,0,0,NA,NA,NA,NA,NA,NA,NA,"P5"
"252","BYU","fbs","FBS Independents",2015,482594,"Taysom Hill",6,1,11,6,7.47511665415,1.24585277569167,7.47511665415,83,13.8333333333333,83,0.666666666666667,2,0,NA,NA,NA,NA,NA,NA,NA,"G5"
"252","BYU","fbs","FBS Independents",2015,502429,"Algernon Brown",115,9,11,12.7777777777778,0.86894627339347,0.00755605455124757,0.0965495859326078,590,5.1304347826087,65.5555555555556,0.382608695652174,9,2,140,140,143,175,140.5,132,116,"G5"
"252","BYU","fbs","FBS Independents",2015,512845,"Harvey Langi",5,2,11,2.5,0.687479303132137,0.137495860626427,0.343739651566068,23,4.6,11.5,0.6,0,0,NA,NA,NA,NA,NA,NA,NA,"G5"
"252","BYU","fbs","FBS Independents",2015,515496,"Nate Carter",27,7,11,3.85714285714286,-13.5208555658456,-0.500772428364653,-1.93155079512081,46,1.7037037037037,6.57142857142857,0.0740740740740741,1,0,NA,NA,NA,NA,NA,NA,NA,"G5"
"252","BYU","fbs","FBS Independents",2015,518337,"Adam Hine",64,7,11,9.14285714285714,-4.47756326433,-0.0699619260051562,-0.639651894904286,325,5.078125,46.4285714285714,0.390625,2,1,NA,NA,NA,NA,NA,NA,NA,"G5"
"252","BYU","fbs","FBS Independents",2015,545796,"Tanner Mangum",27,9,11,3,-2.78793625765989,-0.103256898431848,-0.309770695295544,76,2.81481481481481,8.44444444444444,0.333333333333333,1,1,NA,NA,NA,NA,NA,NA,NA,"G5"
"252","BYU","fbs","FBS Independents",2015,552499,"Jonny Linehan",2,2,11,1,0.738282775382687,0.369141387691344,0.369141387691344,7,3.5,3.5,0.5,0,0,NA,NA,NA,NA,NA,NA,NA,"G5"
"252","BYU","fbs","FBS Independents",2015,554838,"Mitchell Juergens",3,2,11,1.5,-2.53791699626222,-0.845972332087407,-1.26895849813111,11,3.66666666666667,5.5,0,0,0,NA,NA,NA,NA,NA,NA,NA,"G5"
"252","BYU","fbs","FBS Independents",2015,3138838,"Trey Dye",3,3,11,1,-0.98008070540653,-0.326693568468843,-0.326693568468843,2,0.666666666666667,0.666666666666667,0.333333333333333,0,0,NA,NA,NA,NA,NA,NA,NA,"G5"
"252","BYU","fbs","FBS Independents",2015,3932336,"Francis Bernard",39,8,11,4.875,3.95713342087535,0.101464959509624,0.494641677609419,226,5.79487179487179,28.25,0.538461538461538,5,2,NA,NA,NA,NA,NA,NA,NA,"G5"
"252","BYU","fbs","FBS Independents",2015,3932338,"Riley Burt",14,4,11,3.5,-5.33285572661334,-0.380918266186667,-1.33321393165334,86,6.14285714285714,21.5,0.428571428571429,0,1,NA,NA,NA,NA,NA,NA,NA,"G5"
"252","BYU","fbs","FBS Independents",2015,3932345,"Beau Hoge",3,2,11,1.5,-0.986000291411175,-0.328666763803725,-0.493000145705588,10,3.33333333333333,5,0.333333333333333,0,0,NA,NA,NA,NA,NA,NA,NA,"G5"
"254","Utah","fbs","Pac-12",2015,514737,"Kendal Thompson",18,3,12,6,-13.1229705946048,-0.729053921922488,-4.37432353153493,60,3.33333333333333,20,0.333333333333333,2,1,NA,NA,NA,NA,NA,NA,NA,"P5"
"254","Utah","fbs","Pac-12",2015,531022,"Tom Hackett",1,1,12,1,5.09406339236288,5.09406339236288,5.09406339236288,33,33,33,1,0,0,NA,NA,NA,NA,NA,NA,NA,"P5"
"254","Utah","fbs","Pac-12",2015,531024,"Chase Hansen",4,1,12,4,0.787226563991167,0.196806640997792,0.787226563991167,31,7.75,31,0.5,0,0,NA,NA,NA,NA,NA,NA,NA,"P5"
"254","Utah","fbs","Pac-12",2015,531036,"Delshawn McClellon",1,1,12,1,-0.0644592315928865,-0.0644592315928865,-0.0644592315928865,-7,-7,-7,0,0,1,NA,NA,NA,NA,NA,NA,NA,"P5"
"254","Utah","fbs","Pac-12",2015,531051,"Travis Wilson",105,11,12,9.54545454545454,16.3646671266667,0.155853972634921,1.48769701151515,595,5.66666666666667,54.0909090909091,0.447619047619048,6,7,57,60,47,86,136,96,153,"P5"
"254","Utah","fbs","Pac-12",2015,537727,"Bubba Poole",8,4,12,2,-2.86742175987967,-0.358427719984959,-0.716855439969917,13,1.625,3.25,0.25,1,1,NA,NA,NA,NA,NA,NA,NA,"P5"
"254","Utah","fbs","Pac-12",2015,550239,"Marcus Sanders-Williams",2,1,12,2,-1.40825617992495,-0.704128089962473,-1.40825617992495,4,2,4,0,0,0,NA,NA,NA,NA,NA,NA,NA,"P5"
"254","Utah","fbs","Pac-12",2015,3122866,"Devontae Booker",264,10,12,26.4,9.37585611098119,0.0355146064809894,0.937585611098119,1256,4.75757575757576,125.6,0.390151515151515,11,2,94,92,120,161,19,163,10,"P5"
"254","Utah","fbs","Pac-12",2015,3134342,"Wallace Gonzalez",1,1,12,1,0.0627420147981197,0.0627420147981197,0.0627420147981197,-9,-9,-9,1,0,1,NA,NA,NA,NA,NA,NA,NA,"P5"
"254","Utah","fbs","Pac-12",2015,3912571,"Kyle Fulks",1,1,12,1,-0.842738900677477,-0.842738900677477,-0.842738900677477,0,0,0,0,0,0,NA,NA,NA,NA,NA,NA,NA,"P5"
"254","Utah","fbs","Pac-12",2015,3912576,"Joe Williams",79,9,12,8.77777777777778,-14.4107911391991,-0.182415077711381,-1.60119901546657,386,4.88607594936709,42.8888888888889,0.481012658227848,1,2,202,210,223,52,216,154,208,"P5"
"254","Utah","fbs","Pac-12",2015,3926231,"Britain Covey",5,4,12,1.25,-3.35431418941848,-0.670862837883696,-0.83857854735462,5,1,1.25,0.2,0,0,NA,NA,NA,NA,NA,NA,NA,"P5"
"2567","SMU","fbs","American Athletic",2015,519812,"Garrett Krstich",2,1,11,2,1.6581565510405,0.829078275520249,1.6581565510405,16,8,16,1,0,0,NA,NA,NA,NA,NA,NA,NA,"G5"
"2567","SMU","fbs","American Athletic",2015,532113,"Matt Davis",132,11,11,12,18.1111803843963,0.137205912003003,1.64647094403603,895,6.78030303030303,81.3636363636364,0.5,7,4,49,53,56,29,59,24,65,"G5"
"2567","SMU","fbs","American Athletic",2015,536149,"Prescott Line",57,10,11,5.7,-2.85123255677368,-0.050021623803047,-0.285123255677368,179,3.14035087719298,17.9,0.350877192982456,1,0,NA,NA,NA,NA,NA,NA,NA,"G5"
"2567","SMU","fbs","American Athletic",2015,536151,"Ajee Montes",1,1,11,1,-0.578002309786817,-0.578002309786817,-0.578002309786817,2,2,2,0,0,0,NA,NA,NA,NA,NA,NA,NA,"G5"
"2567","SMU","fbs","American Athletic",2015,3128413,"Darrel Colbert Jr.",26,5,11,5.2,-8.31591207350086,-0.319842772057725,-1.66318241470017,84,3.23076923076923,16.8,0.307692307692308,0,1,NA,NA,NA,NA,NA,NA,NA,"G5"
"2567","SMU","fbs","American Athletic",2015,3128414,"Darius Durall",4,3,11,1.33333333333333,0.139188385472471,0.0347970963681177,0.0463961284908236,24,6,8,0.5,0,0,NA,NA,NA,NA,NA,NA,NA,"G5"
"2567","SMU","fbs","American Athletic",2015,3916206,"Braeden West",53,10,11,5.3,-7.51486937198455,-0.141789988150652,-0.751486937198455,262,4.94339622641509,26.2,0.39622641509434,1,2,NA,NA,NA,NA,NA,NA,NA,"G5"
"2567","SMU","fbs","American Athletic",2015,3916209,"Xavier Jones",128,11,11,11.6363636363636,-13.2523957347764,-0.103534341677941,-1.20476324861604,538,4.203125,48.9090909090909,0.359375,8,2,196,193,202,200,158,209,182,"G5"
"2567","SMU","fbs","American Athletic",2015,3916219,"Josh Williams",2,2,11,1,-7.74650606253303,-3.87325303126651,-3.87325303126651,-26,-13,-13,0,0,1,NA,NA,NA,NA,NA,NA,NA,"G5"
"2572","Southern Miss","fbs","Conference USA",2015,511690,"Justice Hayes",36,6,12,6,-10.7788610892998,-0.299412808036104,-1.79647684821663,142,3.94444444444444,23.6666666666667,0.361111111111111,1,0,NA,NA,NA,NA,NA,NA,NA,"G5"
"2572","Southern Miss","fbs","Conference USA",2015,531232,"Tyler Matthews",7,4,12,1.75,2.85070764564209,0.407243949377441,0.712676911410522,76,10.8571428571429,19,0.714285714285714,1,0,NA,NA,NA,NA,NA,NA,NA,"G5"
"2572","Southern Miss","fbs","Conference USA",2015,531791,"Jalen Richard",177,12,12,14.75,2.49884099981364,0.014117745761659,0.20823674998447,1055,5.96045197740113,87.9166666666667,0.440677966101695,14,2,135,135,135,98,35,73,55,"G5"
"2572","Southern Miss","fbs","Conference USA",2015,552864,"Dylan Bradley",2,1,12,2,-1.74383492680736,-0.871917463403679,-1.74383492680736,1,0.5,1,0,0,0,NA,NA,NA,NA,NA,NA,NA,"G5"
"2572","Southern Miss","fbs","Conference USA",2015,552880,"Nick Mullens",16,8,12,2,-2.25927027942334,-0.141204392463959,-0.282408784927918,96,6,12,0.4375,2,1,NA,NA,NA,NA,NA,NA,NA,"G5"
"2572","Southern Miss","fbs","Conference USA",2015,552888,"Tyler Sarrazin",1,1,12,1,4.43721469591889,4.43721469591889,4.43721469591889,8,8,8,1,1,0,NA,NA,NA,NA,NA,NA,NA,"G5"
"2572","Southern Miss","fbs","Conference USA",2015,3123962,"Daythan Davis",1,1,12,1,-0.729589423276956,-0.729589423276956,-0.729589423276956,0,0,0,0,0,0,NA,NA,NA,NA,NA,NA,NA,"G5"
"2572","Southern Miss","fbs","Conference USA",2015,3123969,"Ito Smith",145,12,12,12.0833333333333,3.33064864882643,0.0229699906815616,0.277554054068869,952,6.56551724137931,79.3333333333333,0.36551724137931,7,2,131,133,129,191,45,36,69,"G5"
"2572","Southern Miss","fbs","Conference USA",2015,3139557,"Delaunte' Thornton",25,3,12,8.33333333333333,-5.38399571285617,-0.215359828514247,-1.79466523761872,131,5.24,43.6666666666667,0.48,0,0,NA,NA,NA,NA,NA,NA,NA,"G5"
"2579","South Carolina","fbs","SEC",2015,515819,"Shon Carson",50,9,11,5.55555555555556,-5.93550260548903,-0.118710052109781,-0.659500289498781,270,5.4,30,0.32,2,0,NA,NA,NA,NA,NA,NA,NA,"P5"
"2579","South Carolina","fbs","SEC",2015,517466,"Brandon Wilds",108,8,11,13.5,-4.05095330654522,-0.0375088269124557,-0.506369163318152,528,4.88888888888889,66,0.407407407407407,2,0,161,168,165,137,163,153,114,"P5"
"2579","South Carolina","fbs","SEC",2015,538939,"Sean Kelly",1,1,11,1,4.65014766022772,4.65014766022772,4.65014766022772,17,17,17,1,0,0,NA,NA,NA,NA,NA,NA,NA,"P5"
"2579","South Carolina","fbs","SEC",2015,539551,"Darius Paulk",2,1,11,2,-0.185537721921589,-0.0927688609607947,-0.185537721921589,3,1.5,3,0,0,0,NA,NA,NA,NA,NA,NA,NA,"P5"
"2579","South Carolina","fbs","SEC",2015,547264,"Rod Talley",1,1,11,1,-0.0787315074395467,-0.0787315074395467,-0.0787315074395467,10,10,10,0,0,0,NA,NA,NA,NA,NA,NA,NA,"P5"
"2579","South Carolina","fbs","SEC",2015,548142,"Connor Mitch",12,2,11,6,1.55859817896742,0.129883181580618,0.779299089483708,61,5.08333333333333,30.5,0.666666666666667,1,0,NA,NA,NA,NA,NA,NA,NA,"P5"
"2579","South Carolina","fbs","SEC",2015,548144,"Perry Orth",34,9,11,3.77777777777778,13.2271102284685,0.389032653778484,1.46967891427427,210,6.17647058823529,23.3333333333333,0.5,2,1,NA,NA,NA,NA,NA,NA,NA,"P5"
"2579","South Carolina","fbs","SEC",2015,548155,"David Williams",81,11,11,7.36363636363636,-23.4162541982362,-0.289089558002916,-2.12875038165784,296,3.65432098765432,26.9090909090909,0.308641975308642,0,2,231,227,246,233,242,237,249,"P5"
"2579","South Carolina","fbs","SEC",2015,548173,"Pharoh Cooper",23,8,11,2.875,2.99154312604213,0.130067092436614,0.373942890755266,123,5.34782608695652,15.375,0.434782608695652,1,1,NA,NA,NA,NA,NA,NA,NA,"P5"
"2579","South Carolina","fbs","SEC",2015,3126487,"Michael Scarnecchia",1,1,11,1,-2.62704173430406,-2.62704173430406,-2.62704173430406,0,0,0,0,0,1,NA,NA,NA,NA,NA,NA,NA,"P5"
"2579","South Carolina","fbs","SEC",2015,3924370,"Lorenzo Nunez",53,8,11,6.625,19.8384563708891,0.374310497563944,2.47980704636113,423,7.9811320754717,52.875,0.490566037735849,2,1,NA,NA,NA,NA,NA,NA,NA,"P5"
"258","Virginia","fbs","ACC",2015,511374,"Vincent Croce",1,1,11,1,0.655939441248698,0.655939441248698,0.655939441248698,7,7,7,1,0,0,NA,NA,NA,NA,NA,NA,NA,"P5"
"258","Virginia","fbs","ACC",2015,516343,"T.J. Thorpe",5,4,11,1.25,0.272672024494572,0.0545344048989144,0.068168006123643,28,5.6,7,0.4,1,0,NA,NA,NA,NA,NA,NA,NA,"P5"
"258","Virginia","fbs","ACC",2015,531056,"Connor Brewer",1,1,11,1,-0.553447712673763,-0.553447712673763,-0.553447712673763,1,1,1,0,0,0,NA,NA,NA,NA,NA,NA,NA,"P5"
"258","Virginia","fbs","ACC",2015,534326,"Albert Reid",58,10,11,5.8,-3.82210828952876,-0.0658984187849787,-0.382210828952876,342,5.89655172413793,34.2,0.310344827586207,3,0,NA,NA,NA,NA,NA,NA,NA,"P5"
"258","Virginia","fbs","ACC",2015,535548,"Matt Johns",36,10,11,3.6,4.58428348685653,0.127341207968237,0.458428348685653,193,5.36111111111111,19.3,0.472222222222222,1,1,NA,NA,NA,NA,NA,NA,NA,"P5"
"258","Virginia","fbs","ACC",2015,535560,"Nicholas Conte",2,2,11,1,1.86598488477567,0.932992442387835,0.932992442387835,20,10,10,0.5,0,0,NA,NA,NA,NA,NA,NA,NA,"P5"
"258","Virginia","fbs","ACC",2015,548045,"Taquan Mizzell",156,11,11,14.1818181818182,-33.220821244656,-0.212953982337539,-3.02007465860509,606,3.88461538461538,55.0909090909091,0.346153846153846,3,3,246,242,232,210,133,229,151,"P5"
"258","Virginia","fbs","ACC",2015,548050,"Daniel Hamm",51,9,11,5.66666666666667,-4.1335379756813,-0.0810497642290451,-0.459281997297922,231,4.52941176470588,25.6666666666667,0.392156862745098,1,0,NA,NA,NA,NA,NA,NA,NA,"P5"
"258","Virginia","fbs","ACC",2015,3124022,"Jordan Ellis",16,6,11,2.66666666666667,-4.58313533008023,-0.286445958130014,-0.763855888346705,19,1.1875,3.16666666666667,0.3125,0,0,NA,NA,NA,NA,NA,NA,NA,"P5"
"258","Virginia","fbs","ACC",2015,3917914,"Olamide Zaccheaus",32,8,11,4,19.1849123812965,0.599528511915516,2.39811404766206,255,7.96875,31.875,0.75,1,0,NA,NA,NA,NA,NA,NA,NA,"P5"
"259","Virginia Tech","fbs","ACC",2015,514481,"Michael Brewer",19,6,11,3.16666666666667,-1.58039449339581,-0.0831786575471481,-0.263399082232636,60,3.15789473684211,10,0.473684210526316,1,0,NA,NA,NA,NA,NA,NA,NA,"P5"
"259","Virginia Tech","fbs","ACC",2015,530522,"J.C. Coleman",37,6,11,6.16666666666667,-11.5744667887179,-0.312823426722107,-1.92907779811966,117,3.16216216216216,19.5,0.324324324324324,1,1,NA,NA,NA,NA,NA,NA,NA,"P5"
"259","Virginia Tech","fbs","ACC",2015,530531,"Trey Edmunds",36,7,11,5.14285714285714,-11.3715546462196,-0.315876517950545,-1.62450780660281,133,3.69444444444444,19,0.333333333333333,1,0,NA,NA,NA,NA,NA,NA,NA,"P5"
"259","Virginia Tech","fbs","ACC",2015,530541,"Brenden Motley",67,9,11,7.44444444444444,1.17814340568389,0.0175842299355805,0.130904822853766,310,4.62686567164179,34.4444444444444,0.432835820895522,2,3,NA,NA,NA,NA,NA,NA,NA,"P5"
"259","Virginia Tech","fbs","ACC",2015,535627,"A.J. Hughes",1,1,11,1,-1.78345171559848,-1.78345171559848,-1.78345171559848,-4,-4,-4,0,0,0,NA,NA,NA,NA,NA,NA,NA,"P5"
"259","Virginia Tech","fbs","ACC",2015,547028,"Sam Rogers",53,11,11,4.81818181818182,-6.47524646118774,-0.122174461531844,-0.588658769198885,211,3.9811320754717,19.1818181818182,0.358490566037736,1,1,NA,NA,NA,NA,NA,NA,NA,"P5"
"259","Virginia Tech","fbs","ACC",2015,3116773,"Shai McKenzie",8,1,11,8,-4.38803302917171,-0.548504128646464,-4.38803302917171,26,3.25,26,0,0,0,NA,NA,NA,NA,NA,NA,NA,"P5"
"259","Virginia Tech","fbs","ACC",2015,3124069,"Isaiah Ford",3,3,11,1,0.398925155871658,0.132975051957219,0.132975051957219,21,7,7,0.666666666666667,0,0,NA,NA,NA,NA,NA,NA,NA,"P5"
"259","Virginia Tech","fbs","ACC",2015,3124074,"Travon McMillian",169,11,11,15.3636363636364,7.62350349928487,0.0451094881614489,0.693045772662261,840,4.97041420118343,76.3636363636364,0.420118343195266,4,1,105,107,113,128.5,69,145,76,"P5"
"259","Virginia Tech","fbs","ACC",2015,3124079,"Cam Phillips",1,1,11,1,1.59045158924128,1.59045158924128,1.59045158924128,24,24,24,1,0,0,NA,NA,NA,NA,NA,NA,NA,"P5"
"259","Virginia Tech","fbs","ACC",2015,3124086,"Greg Stroman",7,4,11,1.75,-2.63684376680993,-0.376691966687133,-0.659210941702482,12,1.71428571428571,3,0.142857142857143,0,0,NA,NA,NA,NA,NA,NA,NA,"P5"
"259","Virginia Tech","fbs","ACC",2015,3929940,"Dwayne Lawson",5,2,11,2.5,-3.36388591616248,-0.672777183232496,-1.68194295808124,4,0.8,2,0.2,0,1,NA,NA,NA,NA,NA,NA,NA,"P5"
"26","UCLA","fbs","Pac-12",2015,518123,"Roosevelt Davis",13,2,12,6.5,-4.66747672013186,-0.359036670779374,-2.33373836006593,58,4.46153846153846,29,0.307692307692308,0,0,NA,NA,NA,NA,NA,NA,NA,"P5"
"26","UCLA","fbs","Pac-12",2015,530974,"Nate Iese",1,1,12,1,-1.48722682502085,-1.48722682502085,-1.48722682502085,-3,-3,-3,0,0,0,NA,NA,NA,NA,NA,NA,NA,"P5"
"26","UCLA","fbs","Pac-12",2015,530982,"Paul Perkins",225,12,12,18.75,28.6021518068375,0.127120674697056,2.3835126505698,1273,5.65777777777778,106.083333333333,0.444444444444444,13,0,25,35,61,95,17,97,31,"P5"
"26","UCLA","fbs","Pac-12",2015,530988,"Kenneth Walker III",1,1,12,1,0.159856986027604,0.159856986027604,0.159856986027604,6,6,6,1,0,0,NA,NA,NA,NA,NA,NA,NA,"P5"
"26","UCLA","fbs","Pac-12",2015,547604,"Myles Jack",2,1,12,2,1.56324289338391,0.781621446691957,1.56324289338391,7,3.5,7,1,1,0,NA,NA,NA,NA,NA,NA,NA,"P5"
"26","UCLA","fbs","Pac-12",2015,3117415,"Mossi Johnson",1,1,12,1,-0.928291290687239,-0.928291290687239,-0.928291290687239,1,1,1,0,0,0,NA,NA,NA,NA,NA,NA,NA,"P5"
"26","UCLA","fbs","Pac-12",2015,3134305,"Nate Starks",48,10,12,4.8,10.4687997843535,0.218099995507364,1.04687997843535,314,6.54166666666667,31.4,0.520833333333333,5,0,NA,NA,NA,NA,NA,NA,NA,"P5"
"26","UCLA","fbs","Pac-12",2015,3886377,"Josh Rosen",21,8,12,2.625,6.4199769512439,0.305713188154471,0.802497118905487,146,6.95238095238095,18.25,0.571428571428571,2,2,NA,NA,NA,NA,NA,NA,NA,"P5"
"26","UCLA","fbs","Pac-12",2015,3932222,"Soso Jamabo",66,12,12,5.5,5.87788907996795,0.0890589254540599,0.489824089997329,404,6.12121212121212,33.6666666666667,0.545454545454545,4,2,NA,NA,NA,NA,NA,NA,NA,"P5"
"26","UCLA","fbs","Pac-12",2015,3932224,"Stephen Johnson",1,1,12,1,-0.573792716599062,-0.573792716599062,-0.573792716599062,0,0,0,0,0,0,NA,NA,NA,NA,NA,NA,NA,"P5"
"26","UCLA","fbs","Pac-12",2015,3932233,"Bolu Olorunfunmi",34,6,12,5.66666666666667,2.72064687198802,0.0800190256467066,0.453441145331337,190,5.58823529411765,31.6666666666667,0.470588235294118,0,0,NA,NA,NA,NA,NA,NA,NA,"P5"
"2628","TCU","fbs","Big 12",2015,512469,"Bram Kohlhausen",6,3,11,2,1.14281732898468,0.19046955483078,0.380939109661561,24,4,8,0.666666666666667,0,0,NA,NA,NA,NA,NA,NA,NA,"P5"
"2628","TCU","fbs","Big 12",2015,512843,"Aaron Green",213,11,11,19.3636363636364,3.39806915507139,0.0159533763148891,0.308915377733763,1149,5.3943661971831,104.454545454545,0.427230046948357,8,2,129,129,134,116,27,112,32,"P5"
"2628","TCU","fbs","Big 12",2015,516301,"Josh Doctson",1,1,11,1,-0.667245760461631,-0.667245760461631,-0.667245760461631,1,1,1,0,0,0,NA,NA,NA,NA,NA,NA,NA,"P5"
"2628","TCU","fbs","Big 12",2015,517127,"Trevone Boykin",108,10,11,10.8,13.1920566576467,0.122148672755988,1.31920566576467,666,6.16666666666667,66.6,0.472222222222222,8,3,73,70,65,55,107,55,110.5,"P5"
"2628","TCU","fbs","Big 12",2015,531231,"Kolby Listenbee",1,1,11,1,0.715753521124533,0.715753521124533,0.715753521124533,11,11,11,1,0,0,NA,NA,NA,NA,NA,NA,NA,"P5"
"2628","TCU","fbs","Big 12",2015,545501,"Colten Christensen",6,2,11,3,-0.382638069178793,-0.0637730115297988,-0.191319034589396,23,3.83333333333333,11.5,0.333333333333333,0,0,NA,NA,NA,NA,NA,NA,NA,"P5"
"2628","TCU","fbs","Big 12",2015,545512,"Kyle Hicks",38,8,11,4.75,-1.09411721771958,-0.0287925583610417,-0.136764652214948,208,5.47368421052632,26,0.473684210526316,2,0,NA,NA,NA,NA,NA,NA,NA,"P5"
"2628","TCU","fbs","Big 12",2015,545518,"Ty Slanina",1,1,11,1,0.0719709112698852,0.0719709112698852,0.0719709112698852,6,6,6,1,0,0,NA,NA,NA,NA,NA,NA,NA,"P5"
"2628","TCU","fbs","Big 12",2015,545520,"Trevorris Johnson",33,8,11,4.125,-12.6410705879844,-0.383062745090436,-1.58013382349805,191,5.78787878787879,23.875,0.363636363636364,0,1,NA,NA,NA,NA,NA,NA,NA,"P5"
"2628","TCU","fbs","Big 12",2015,3116417,"Foster Sawyer",10,2,11,5,-0.954715481133309,-0.0954715481133309,-0.477357740566655,51,5.1,25.5,0.4,0,0,NA,NA,NA,NA,NA,NA,NA,"P5"
"2628","TCU","fbs","Big 12",2015,3116428,"Shaun Nixon",15,6,11,2.5,-5.48695226002637,-0.365796817335092,-0.914492043337729,62,4.13333333333333,10.3333333333333,0.266666666666667,0,0,NA,NA,NA,NA,NA,NA,NA,"P5"
"2628","TCU","fbs","Big 12",2015,3116430,"Stacy Boyd",2,1,11,2,-2.58984247111981,-1.29492123555991,-2.58984247111981,4,2,4,0,0,0,NA,NA,NA,NA,NA,NA,NA,"P5"
"2628","TCU","fbs","Big 12",2015,3676833,"KaVontae Turpin",13,8,11,1.625,-4.13831893758412,-0.318332225968009,-0.517289867198014,76,5.84615384615385,9.5,0.461538461538462,0,1,NA,NA,NA,NA,NA,NA,NA,"P5"
"2633","Tennessee","fbs","SEC",2015,546540,"Joshua Dobbs",112,11,11,10.1818181818182,28.1917770027765,0.251712294667647,2.56288881843423,753,6.72321428571429,68.4545454545455,0.491071428571429,9,7,26,32,23,43,88,26,103,"P5"
"2633","Tennessee","fbs","SEC",2015,551298,"Alvin Kamara",89,11,11,8.09090909090909,15.8629649974019,0.178235561768561,1.44208772703654,594,6.67415730337079,54,0.438202247191011,5,1,59,62,36,101.5,137,30,154,"P5"
"2633","Tennessee","fbs","SEC",2015,559716,"Jalen Hurd",238,11,11,21.6363636363636,-24.2274944036259,-0.101796194973218,-2.20249949123872,1075,4.51680672268908,97.7272727272727,0.340336134453782,9,4,233,230,201,214,33,185,39,"P5"
"2633","Tennessee","fbs","SEC",2015,559723,"Von Pearson",3,3,11,1,-2.6099280864341,-0.869976028811366,-0.869976028811366,-5,-1.66666666666667,-1.66666666666667,0,0,0,NA,NA,NA,NA,NA,NA,NA,"P5"
"2633","Tennessee","fbs","SEC",2015,3137669,"Jayson Sparks",1,1,11,1,-0.896597721479653,-0.896597721479653,-0.896597721479653,3,3,3,0,0,0,NA,NA,NA,NA,NA,NA,NA,"P5"
"2633","Tennessee","fbs","SEC",2015,3886565,"Quinten Dormady",6,2,11,3,-2.69764613459823,-0.449607689099706,-1.34882306729912,20,3.33333333333333,10,0,0,0,NA,NA,NA,NA,NA,NA,NA,"P5"
"2633","Tennessee","fbs","SEC",2015,3886598,"Jauan Jennings",5,3,11,1.66666666666667,-3.10538602415596,-0.621077204831192,-1.03512867471865,2,0.4,0.666666666666667,0.2,0,0,NA,NA,NA,NA,NA,NA,NA,"P5"
"2633","Tennessee","fbs","SEC",2015,3915381,"John Kelly",23,3,11,7.66666666666667,-9.93680128348928,-0.432034838412578,-3.31226709449643,102,4.43478260869565,34,0.304347826086957,0,0,NA,NA,NA,NA,NA,NA,NA,"P5"
"2633","Tennessee","fbs","SEC",2015,3915401,"Joe Young",10,3,11,3.33333333333333,3.13952159627528,0.313952159627528,1.04650719875843,46,4.6,15.3333333333333,0.5,1,0,NA,NA,NA,NA,NA,NA,NA,"P5"
"2636","UTSA","fbs","Conference USA",2015,511688,"Russell Bellomy",6,3,12,2,0.555582742734825,0.0925971237891375,0.185194247578275,27,4.5,9,0.666666666666667,0,0,NA,NA,NA,NA,NA,NA,NA,"G5"
"2636","UTSA","fbs","Conference USA",2015,517745,"Kenny Bias",3,3,12,1,-0.192307127784392,-0.0641023759281307,-0.0641023759281307,14,4.66666666666667,4.66666666666667,0.333333333333333,0,0,NA,NA,NA,NA,NA,NA,NA,"G5"
"2636","UTSA","fbs","Conference USA",2015,535990,"Aaron Grubb",11,6,12,1.83333333333333,5.54717312814683,0.504288466195166,0.924528854691138,60,5.45454545454545,10,0.636363636363636,0,0,NA,NA,NA,NA,NA,NA,NA,"G5"
"2636","UTSA","fbs","Conference USA",2015,536005,"Brian Vaughn",4,2,12,2,-0.266908374801386,-0.0667270937003465,-0.133454187400693,16,4,8,0.5,0,0,NA,NA,NA,NA,NA,NA,NA,"G5"
"2636","UTSA","fbs","Conference USA",2015,545736,"Jarveon Williams",170,11,12,15.4545454545455,30.2642901797992,0.17802523635176,2.75129910725447,1025,6.02941176470588,93.1818181818182,0.441176470588235,8,0,22,28,37,96,37,65,45,"G5"
"2636","UTSA","fbs","Conference USA",2015,3124037,"Dalton Sturm",96,10,12,9.6,-11.9830572134846,-0.124823512640465,-1.19830572134846,554,5.77083333333333,55.4,0.458333333333333,1,1,192,192,205,69,152,82,148,"G5"
"2636","UTSA","fbs","Conference USA",2015,3124039,"Blake Bogenschutz",33,5,12,6.6,-11.4934916660163,-0.34828762624292,-2.29869833320327,101,3.06060606060606,20.2,0.242424242424242,1,3,NA,NA,NA,NA,NA,NA,NA,"G5"
"2636","UTSA","fbs","Conference USA",2015,3124042,"Kerry Thomas Jr.",8,6,12,1.33333333333333,-0.701802475268186,-0.0877253094085233,-0.116967079211364,42,5.25,7,0.5,0,0,NA,NA,NA,NA,NA,NA,NA,"G5"
"2636","UTSA","fbs","Conference USA",2015,3124043,"Tyrell Clay",40,7,12,5.71428571428571,4.83679805325637,0.120919951331409,0.690971150465196,191,4.775,27.2857142857143,0.525,3,0,NA,NA,NA,NA,NA,NA,NA,"G5"
"2636","UTSA","fbs","Conference USA",2015,3124046,"Jalen Rhodes",53,9,12,5.88888888888889,1.11024449189707,0.0209480092810768,0.123360499099674,236,4.45283018867925,26.2222222222222,0.358490566037736,3,0,NA,NA,NA,NA,NA,NA,NA,"G5"
"2636","UTSA","fbs","Conference USA",2015,3124050,"Yannis Routsas",1,1,12,1,-2.77296232513823,-2.77296232513823,-2.77296232513823,-6,-6,-6,0,0,0,NA,NA,NA,NA,NA,NA,NA,"G5"
"2636","UTSA","fbs","Conference USA",2015,3124056,"Brady Jones",1,1,12,1,-0.157937641779625,-0.157937641779625,-0.157937641779625,4,4,4,0,0,0,NA,NA,NA,NA,NA,NA,NA,"G5"
"2636","UTSA","fbs","Conference USA",2015,3914568,"Corbin White",3,1,12,3,1.38652356657453,0.462174522191509,1.38652356657453,17,5.66666666666667,17,0.666666666666667,0,0,NA,NA,NA,NA,NA,NA,NA,"G5"
"2636","UTSA","fbs","Conference USA",2015,3914576,"Derrick Dick",7,6,12,1.16666666666667,-2.39730685894562,-0.342472408420803,-0.399551143157603,13,1.85714285714286,2.16666666666667,0.571428571428571,0,1,NA,NA,NA,NA,NA,NA,NA,"G5"
"2636","UTSA","fbs","Conference USA",2015,3914577,"Peyton Hall",3,2,12,1.5,0.0837104305301128,0.0279034768433709,0.0418552152650564,13,4.33333333333333,6.5,0.333333333333333,0,0,NA,NA,NA,NA,NA,NA,NA,"G5"
"2636","UTSA","fbs","Conference USA",2015,3914582,"Brett Winnegan",2,1,12,2,-0.28390938897364,-0.14195469448682,-0.28390938897364,9,4.5,9,0.5,0,0,NA,NA,NA,NA,NA,NA,NA,"G5"
"2636","UTSA","fbs","Conference USA",2015,3914587,"Halen Steward",2,2,12,1,-2.30444112047286,-1.15222056023643,-1.15222056023643,0,0,0,0.5,0,0,NA,NA,NA,NA,NA,NA,NA,"G5"
"2638","UTEP","fbs","Conference USA",2015,511566,"LaQuintus Dowell",55,5,10,11,-4.15841726647835,-0.0756075866632426,-0.831683453295669,256,4.65454545454545,51.2,0.436363636363636,2,0,NA,NA,NA,NA,NA,NA,NA,"G5"
"2638","UTEP","fbs","Conference USA",2015,517343,"Hayden Plinke",1,1,10,1,-0.741791817520443,-0.741791817520443,-0.741791817520443,-1,-1,-1,0,0,0,NA,NA,NA,NA,NA,NA,NA,"G5"
"2638","UTEP","fbs","Conference USA",2015,531469,"Autrey Golden",9,5,10,1.8,1.21867061834647,0.135407846482941,0.243734123669294,37,4.11111111111111,7.4,0.444444444444444,1,0,NA,NA,NA,NA,NA,NA,NA,"G5"
"2638","UTEP","fbs","Conference USA",2015,534882,"Jeremiah Laufasa",77,10,10,7.7,-11.2287250938893,-0.145827598621938,-1.12287250938893,255,3.31168831168831,25.5,0.402597402597403,0,1,188,191,214,145,250,249,253,"G5"
"2638","UTEP","fbs","Conference USA",2015,536548,"Jaquan White",3,2,10,1.5,1.63727241547839,0.545757471826131,0.818636207739197,10,3.33333333333333,5,0.333333333333333,0,0,NA,NA,NA,NA,NA,NA,NA,"G5"
"2638","UTEP","fbs","Conference USA",2015,545833,"Aaron Jones",32,2,10,16,7.49513468938056,0.234222959043142,3.74756734469028,209,6.53125,104.5,0.4375,1,0,NA,NA,NA,NA,NA,NA,NA,"G5"
"2638","UTEP","fbs","Conference USA",2015,545834,"Darrin Laufasa",31,8,10,3.875,-0.0431036259762768,-0.00139043954762183,-0.0053879532470346,173,5.58064516129032,21.625,0.387096774193548,1,1,NA,NA,NA,NA,NA,NA,NA,"G5"
"2638","UTEP","fbs","Conference USA",2015,546104,"Mack Leftwich",11,5,10,2.2,-0.0799565090969704,-0.00726877355427004,-0.0159913018193941,55,5,11,0.454545454545455,0,2,NA,NA,NA,NA,NA,NA,NA,"G5"
"2638","UTEP","fbs","Conference USA",2015,549848,"Alvin Jones",1,1,10,1,1.04704057340318,1.04704057340318,1.04704057340318,-2,-2,-2,1,0,0,NA,NA,NA,NA,NA,NA,NA,"G5"
"2638","UTEP","fbs","Conference USA",2015,3124698,"Ryan Metz",21,6,10,3.5,-1.5358654118115,-0.0731364481814998,-0.255977568635249,92,4.38095238095238,15.3333333333333,0.380952380952381,1,0,NA,NA,NA,NA,NA,NA,NA,"G5"
"2638","UTEP","fbs","Conference USA",2015,3915878,"Treyvon Hughes",20,6,10,3.33333333333333,-9.79398240406922,-0.489699120203461,-1.6323304006782,57,2.85,9.5,0.25,0,0,NA,NA,NA,NA,NA,NA,NA,"G5"
"2638","UTEP","fbs","Conference USA",2015,3915879,"Kavika Johnson",61,8,10,7.625,-14.2160250872621,-0.233049591594461,-1.77700313590776,237,3.88524590163934,29.625,0.377049180327869,1,2,NA,NA,NA,NA,NA,NA,NA,"G5"
"2638","UTEP","fbs","Conference USA",2015,3915894,"Warren Redix",17,5,10,3.4,2.86778845572366,0.16869343857198,0.573557691144731,114,6.70588235294118,22.8,0.411764705882353,0,0,NA,NA,NA,NA,NA,NA,NA,"G5"
"264","Washington","fbs","Pac-12",2015,499791,"Deontae Cooper",15,4,11,3.75,-0.098465003138936,-0.00656433354259574,-0.024616250784734,96,6.4,24,0.466666666666667,1,0,NA,NA,NA,NA,NA,NA,NA,"P5"
"264","Washington","fbs","Pac-12",2015,513050,"Marvin Hall",2,1,11,2,-0.322463675672424,-0.161231837836212,-0.322463675672424,10,5,10,0,0,0,NA,NA,NA,NA,NA,NA,NA,"P5"
"264","Washington","fbs","Pac-12",2015,535313,"Korey Durkee",1,1,11,1,-4.42496746093778,-4.42496746093778,-4.42496746093778,-27,-27,-27,0,0,1,NA,NA,NA,NA,NA,NA,NA,"P5"
"264","Washington","fbs","Pac-12",2015,535318,"Jeff Lindquist",11,3,11,3.66666666666667,1.17483923864416,0.106803567149469,0.391613079548052,38,3.45454545454545,12.6666666666667,0.545454545454545,1,0,NA,NA,NA,NA,NA,NA,NA,"P5"
"264","Washington","fbs","Pac-12",2015,535324,"Jaydon Mickens",6,5,11,1.2,-3.04838944626367,-0.508064907710611,-0.609677889252733,15,2.5,3,0.166666666666667,0,0,NA,NA,NA,NA,NA,NA,NA,"P5"
"264","Washington","fbs","Pac-12",2015,542080,"Dwayne Washington",43,7,11,6.14285714285714,-9.92546257667483,-0.230824711085461,-1.41792322523926,261,6.06976744186047,37.2857142857143,0.27906976744186,2,1,NA,NA,NA,NA,NA,NA,NA,"P5"
"264","Washington","fbs","Pac-12",2015,550316,"Lavon Coleman",21,5,11,4.2,-7.23833947400929,-0.34468283209568,-1.44766789480186,93,4.42857142857143,18.6,0.333333333333333,0,0,NA,NA,NA,NA,NA,NA,NA,"P5"
"264","Washington","fbs","Pac-12",2015,550324,"Ralph Kinne",7,1,11,7,-3.74307269888529,-0.534724671269327,-3.74307269888529,18,2.57142857142857,18,0.142857142857143,0,0,NA,NA,NA,NA,NA,NA,NA,"P5"
"264","Washington","fbs","Pac-12",2015,3127291,"K.J. Carta-Samuels",6,3,11,2,5.21774602519396,0.869624337532326,1.73924867506465,30,5,10,0.833333333333333,1,0,NA,NA,NA,NA,NA,NA,NA,"P5"
"264","Washington","fbs","Pac-12",2015,3127293,"Jomon Dotson",12,2,11,6,-4.11090348867387,-0.342575290722822,-2.05545174433693,30,2.5,15,0.166666666666667,0,1,NA,NA,NA,NA,NA,NA,NA,"P5"
"264","Washington","fbs","Pac-12",2015,3127313,"Tristan Vizcaino",1,1,11,1,3.56389036423317,3.56389036423317,3.56389036423317,2,2,2,1,1,0,NA,NA,NA,NA,NA,NA,NA,"P5"
"264","Washington","fbs","Pac-12",2015,3886812,"Jake Browning",29,9,11,3.22222222222222,16.9108876857576,0.583134058129573,1.87898752063973,194,6.68965517241379,21.5555555555556,0.551724137931034,1,2,NA,NA,NA,NA,NA,NA,NA,"P5"
"264","Washington","fbs","Pac-12",2015,3886818,"Myles Gaskin",187,11,11,17,2.55183805521748,0.0136461928086496,0.231985277747044,975,5.21390374331551,88.6363636363636,0.427807486631016,7,0,134,134,136,114.5,41,128,54,"P5"
"264","Washington","fbs","Pac-12",2015,3886822,"Chico McClatcher",13,7,11,1.85714285714286,4.06679515584119,0.312830396603168,0.580970736548741,95,7.30769230769231,13.5714285714286,0.615384615384615,3,0,NA,NA,NA,NA,NA,NA,NA,"P5"
"2641","Texas Tech","fbs","Big 12",2015,514493,"Jakeem Grant",7,5,11,1.4,5.816528398514,0.830932628359142,1.1633056797028,65,9.28571428571429,13,0.571428571428571,1,0,NA,NA,NA,NA,NA,NA,NA,"P5"
"2641","Texas Tech","fbs","Big 12",2015,515805,"DeAndre Washington",209,11,11,19,31.5284988251601,0.150854061364402,2.86622716592365,1381,6.60765550239234,125.545454545455,0.488038277511962,14,3,21,26,49,45,10,31,11,"P5"
"2641","Texas Tech","fbs","Big 12",2015,550386,"Davis Webb",2,1,11,2,1.43122917758958,0.715614588794789,1.43122917758958,6,3,6,1,2,0,NA,NA,NA,NA,NA,NA,NA,"P5"
"2641","Texas Tech","fbs","Big 12",2015,550459,"Caleb Woodward",1,1,11,1,-0.95039215625562,-0.95039215625562,-0.95039215625562,6,6,6,0,0,0,NA,NA,NA,NA,NA,NA,NA,"P5"
"2641","Texas Tech","fbs","Big 12",2015,3139456,"Cameron Batson",1,1,11,1,0.312884238976566,0.312884238976566,0.312884238976566,2,2,2,1,0,0,NA,NA,NA,NA,NA,NA,NA,"P5"
"2641","Texas Tech","fbs","Big 12",2015,3139464,"Demarcus Felton",4,2,11,2,2.95424467211342,0.738561168028354,1.47712233605671,70,17.5,35,0.75,1,0,NA,NA,NA,NA,NA,NA,NA,"P5"
"2641","Texas Tech","fbs","Big 12",2015,3139477,"Patrick Mahomes",92,11,11,8.36363636363636,64.0394183345927,0.69608063407166,5.82176530314479,553,6.01086956521739,50.2727272727273,0.641304347826087,10,2,1,2,1,1,153.5,68,175.5,"P5"
"2641","Texas Tech","fbs","Big 12",2015,3139485,"Justin Stockton",52,11,11,4.72727272727273,1.35317217997628,0.0260225419226208,0.123015652725116,322,6.19230769230769,29.2727272727273,0.442307692307692,4,0,NA,NA,NA,NA,NA,NA,NA,"P5"
"2641","Texas Tech","fbs","Big 12",2015,3139486,"Payne Sullins",1,1,11,1,-0.23937807203694,-0.23937807203694,-0.23937807203694,0,0,0,0,0,0,NA,NA,NA,NA,NA,NA,NA,"P5"
"2641","Texas Tech","fbs","Big 12",2015,3674267,"Michael Barden",2,1,11,2,0.434445548469213,0.217222774234606,0.434445548469213,5,2.5,5,0.5,0,0,NA,NA,NA,NA,NA,NA,NA,"P5"
"2649","Toledo","fbs","Mid-American",2015,515906,"Phillip Ely",17,10,10,1.7,-5.46058863195715,-0.32121109599748,-0.546058863195716,14,0.823529411764706,1.4,0.176470588235294,1,2,NA,NA,NA,NA,NA,NA,NA,"G5"
"2649","Toledo","fbs","Mid-American",2015,532448,"Marc Remy",29,7,10,4.14285714285714,-1.11419019033726,-0.0384203513909399,-0.159170027191037,171,5.89655172413793,24.4285714285714,0.241379310344828,0,0,NA,NA,NA,NA,NA,NA,NA,"G5"
"2649","Toledo","fbs","Mid-American",2015,532450,"Damion Jones-Moore",75,8,10,9.375,-4.28261782970461,-0.0571015710627281,-0.535327228713076,370,4.93333333333333,46.25,0.333333333333333,4,0,165,171,174,220.5,221,151,196,"G5"
"2649","Toledo","fbs","Mid-American",2015,532637,"Corey Jones",2,2,10,1,-1.64358490023071,-0.821792450115354,-0.821792450115354,-4,-2,-2,0,0,0,NA,NA,NA,NA,NA,NA,NA,"G5"
"2649","Toledo","fbs","Mid-American",2015,542087,"Nick Ellis",1,1,10,1,3.78200023997083,3.78200023997083,3.78200023997083,18,18,18,1,0,0,NA,NA,NA,NA,NA,NA,NA,"G5"
"2649","Toledo","fbs","Mid-American",2015,552745,"Kareem Hunt",141,7,10,20.1428571428571,11.0895270631404,0.0786491281073786,1.5842181518772,749,5.31205673758865,107,0.460992907801418,9,0,82,55,91,66,90.5,117,29,"G5"
"2649","Toledo","fbs","Mid-American",2015,552746,"Michael Julian",6,3,10,2,4.03358059701374,0.672263432835624,1.34452686567125,64,10.6666666666667,21.3333333333333,1,0,0,NA,NA,NA,NA,NA,NA,NA,"G5"
"2649","Toledo","fbs","Mid-American",2015,3126095,"Jon'Vea Johnson",1,1,10,1,-0.0897660271717964,-0.0897660271717964,-0.0897660271717964,3,3,3,0,0,0,NA,NA,NA,NA,NA,NA,NA,"G5"
"2649","Toledo","fbs","Mid-American",2015,3126109,"Brad Smith",4,1,10,4,-2.94114868179652,-0.735287170449131,-2.94114868179652,14,3.5,14,0.5,0,0,NA,NA,NA,NA,NA,NA,NA,"G5"
"2649","Toledo","fbs","Mid-American",2015,3126113,"Terry Swanson",121,9,10,13.4444444444444,16.6754915495995,0.137813979748757,1.85283239439995,810,6.69421487603306,90,0.446280991735537,7,0,56,51,55,89,73,28,52,"G5"
"265","Washington State","fbs","Pac-12",2015,550629,"Luke Falk",33,10,11,3.3,9.38455031559457,0.284380312593775,0.938455031559457,135,4.09090909090909,13.5,0.484848484848485,2,2,NA,NA,NA,NA,NA,NA,NA,"P5"
"265","Washington State","fbs","Pac-12",2015,550637,"Jamal Morrow",32,8,11,4,9.12136781087847,0.285042744089952,1.14017097635981,224,7,28,0.625,0,0,NA,NA,NA,NA,NA,NA,NA,"P5"
"265","Washington State","fbs","Pac-12",2015,550647,"Gerard Wicks",86,11,11,7.81818181818182,3.59843686098581,0.0418422890812304,0.327130623725983,531,6.17441860465116,48.2727272727273,0.453488372093023,3,1,127,128,115,76,160.5,54,184.5,"P5"
"265","Washington State","fbs","Pac-12",2015,3127269,"Keith Harrington",34,11,11,3.09090909090909,-6.83907596373694,-0.201149293051086,-0.62173417852154,226,6.64705882352941,20.5454545454545,0.411764705882353,2,2,NA,NA,NA,NA,NA,NA,NA,"P5"
"265","Washington State","fbs","Pac-12",2015,3927809,"Tavares Martin Jr.",3,3,11,1,-0.491725713277519,-0.163908571092506,-0.163908571092506,14,4.66666666666667,4.66666666666667,0.666666666666667,0,0,NA,NA,NA,NA,NA,NA,NA,"P5"
"2653","Troy","fbs","Sun Belt",2015,517960,"Dallas Tidwell",3,2,11,1.5,0.302953431914389,0.100984477304796,0.151476715957195,18,6,9,0.333333333333333,0,0,NA,NA,NA,NA,NA,NA,NA,"G5"
"2653","Troy","fbs","Sun Belt",2015,531721,"Brandon Burks",185,11,11,16.8181818181818,-17.4959925897892,-0.0945729329177793,-1.59054478088992,945,5.10810810810811,85.9090909090909,0.356756756756757,5,2,215,209,197,204,47,133,58,"G5"
"2653","Troy","fbs","Sun Belt",2015,546145,"Brandon Silvers",28,10,11,2.8,-3.15435976112602,-0.112655705754501,-0.315435976112602,95,3.39285714285714,9.5,0.392857142857143,2,0,NA,NA,NA,NA,NA,NA,NA,"G5"
"2653","Troy","fbs","Sun Belt",2015,551061,"Josh Anderson",9,3,11,3,0.637469955897065,0.0708299950996739,0.212489985299022,31,3.44444444444444,10.3333333333333,0.444444444444444,0,0,NA,NA,NA,NA,NA,NA,NA,"G5"
"2653","Troy","fbs","Sun Belt",2015,551063,"Jordan Chunn",5,1,11,5,-2.16629934351705,-0.43325986870341,-2.16629934351705,8,1.6,8,0.2,1,0,NA,NA,NA,NA,NA,NA,NA,"G5"
"2653","Troy","fbs","Sun Belt",2015,3125460,"Dontreal Pruitt",27,3,11,9,-0.238707862889077,-0.00884103195885472,-0.0795692876296924,131,4.85185185185185,43.6666666666667,0.555555555555556,1,1,NA,NA,NA,NA,NA,NA,NA,"G5"
"2653","Troy","fbs","Sun Belt",2015,3125461,"John Johnson",1,1,11,1,-3.48537639436251,-3.48537639436251,-3.48537639436251,-17,-17,-17,0,0,0,NA,NA,NA,NA,NA,NA,NA,"G5"
"2653","Troy","fbs","Sun Belt",2015,3125464,"Teddy Ruben",2,1,11,2,-0.0824118491260133,-0.0412059245630066,-0.0824118491260133,12,6,12,0.5,0,0,NA,NA,NA,NA,NA,NA,NA,"G5"
"2653","Troy","fbs","Sun Belt",2015,3125472,"Andre Flakes",58,11,11,5.27272727272727,-25.6644327216066,-0.442490219338045,-2.33313024741878,167,2.87931034482759,15.1818181818182,0.258620689655172,1,5,NA,NA,NA,NA,NA,NA,NA,"G5"
"2653","Troy","fbs","Sun Belt",2015,3125486,"KE'Marvin Pitts",7,2,11,3.5,-5.67216363451272,-0.810309090644674,-2.83608181725636,4,0.571428571428571,2,0,0,0,NA,NA,NA,NA,NA,NA,NA,"G5"
"2653","Troy","fbs","Sun Belt",2015,3918399,"Ismail Saleem",1,1,11,1,0.0834032779382379,0.0834032779382379,0.0834032779382379,3,3,3,1,0,0,NA,NA,NA,NA,NA,NA,NA,"G5"
"2655","Tulane","fbs","American Athletic",2015,514773,"Rob Kelley",62,11,11,5.63636363636364,-11.3806540662372,-0.183558936552212,-1.03460491511247,226,3.64516129032258,20.5454545454545,0.274193548387097,1,0,NA,NA,NA,NA,NA,NA,NA,"G5"
"2655","Tulane","fbs","American Athletic",2015,518132,"Jordy Joseph",14,3,11,4.66666666666667,5.80865356870899,0.414903826336357,1.93621785623633,107,7.64285714285714,35.6666666666667,0.785714285714286,0,0,NA,NA,NA,NA,NA,NA,NA,"G5"
"2655","Tulane","fbs","American Athletic",2015,532173,"Devin Powell",3,2,11,1.5,-1.18066131113266,-0.393553770377554,-0.590330655566331,8,2.66666666666667,4,0.333333333333333,0,1,NA,NA,NA,NA,NA,NA,NA,"G5"
"2655","Tulane","fbs","American Athletic",2015,532182,"Lazedrick Thompson",32,7,11,4.57142857142857,-5.73806404601385,-0.179314501437933,-0.819723435144835,116,3.625,16.5714285714286,0.40625,0,0,NA,NA,NA,NA,NA,NA,NA,"G5"
"2655","Tulane","fbs","American Athletic",2015,536533,"Peter Picerelli",1,1,11,1,-2.59772860091772,-2.59772860091772,-2.59772860091772,-10,-10,-10,0,0,1,NA,NA,NA,NA,NA,NA,NA,"G5"
"2655","Tulane","fbs","American Athletic",2015,545757,"Tanner Lee",3,3,11,1,-7.10811581315162,-2.36937193771721,-2.36937193771721,-15,-5,-5,0,0,2,NA,NA,NA,NA,NA,NA,NA,"G5"
"2655","Tulane","fbs","American Athletic",2015,545762,"Sherman Badie",66,11,11,6,-16.3944712899291,-0.24840108015044,-1.49040648090264,239,3.62121212121212,21.7272727272727,0.378787878787879,1,0,NA,NA,NA,NA,NA,NA,NA,"G5"
"2655","Tulane","fbs","American Athletic",2015,545780,"Marshall Wadleigh",2,2,11,1,4.10215876393269,2.05107938196634,2.05107938196634,26,13,13,0.5,0,0,NA,NA,NA,NA,NA,NA,NA,"G5"
"2655","Tulane","fbs","American Athletic",2015,3126246,"Dontrell Hilliard",107,11,11,9.72727272727273,-3.87585580205831,-0.0362229514211057,-0.352350527459847,529,4.94392523364486,48.0909090909091,0.364485981308411,4,0,160,159,164,192,162,148,186,"G5"
"2655","Tulane","fbs","American Athletic",2015,3917046,"Zachary Block",1,1,11,1,-2.41214762514738,-2.41214762514738,-2.41214762514738,-12,-12,-12,0,0,1,NA,NA,NA,NA,NA,NA,NA,"G5"
"2655","Tulane","fbs","American Athletic",2015,3917050,"Devin Glenn",2,2,11,1,-0.0993289130419117,-0.0496644565209559,-0.0496644565209559,15,7.5,7.5,0.5,0,0,NA,NA,NA,NA,NA,NA,NA,"G5"
"2711","Western Michigan","fbs","Mid-American",2015,532645,"Zach Terrell",41,10,10,4.1,10.8252233924724,0.264029838840789,1.08252233924724,259,6.31707317073171,25.9,0.48780487804878,3,1,NA,NA,NA,NA,NA,NA,NA,"G5"
"2711","Western Michigan","fbs","Mid-American",2015,532661,"Daniel Braverman",1,1,10,1,0.150134606803833,0.150134606803833,0.150134606803833,8,8,8,1,0,0,NA,NA,NA,NA,NA,NA,NA,"G5"
"2711","Western Michigan","fbs","Mid-American",2015,545927,"Fabian Johnson",9,3,10,3,-0.576424934699737,-0.0640472149666374,-0.192141644899912,34,3.77777777777778,11.3333333333333,0.333333333333333,0,0,NA,NA,NA,NA,NA,NA,NA,"G5"
"2711","Western Michigan","fbs","Mid-American",2015,3129453,"Jarvion Franklin",111,10,10,11.1,-20.6478325170922,-0.186016509162992,-2.06478325170922,498,4.48648648648649,49.8,0.297297297297297,4,3,222,225,224,242,173,189,177,"G5"
"2711","Western Michigan","fbs","Mid-American",2015,3129454,"Jamauri Bogan",132,10,10,13.2,36.0683770234526,0.273245280480701,3.60683770234526,816,6.18181818181818,81.6,0.492424242424242,11,0,13,14,17,41,71,52,63,"G5"
"2711","Western Michigan","fbs","Mid-American",2015,3916721,"LeVante Bellamy",54,9,10,6,3.8375412722358,0.0710655791154779,0.426393474692867,388,7.18518518518519,43.1111111111111,0.5,2,1,NA,NA,NA,NA,NA,NA,NA,"G5"
"2711","Western Michigan","fbs","Mid-American",2015,3916725,"Tom Flacco",18,4,10,4.5,9.66082430494121,0.536712461385623,2.4152060762353,163,9.05555555555556,40.75,0.722222222222222,0,1,NA,NA,NA,NA,NA,NA,NA,"G5"
"275","Wisconsin","fbs","Big Ten",2015,514230,"Joel Stave",10,6,12,1.66666666666667,-1.7055730910001,-0.17055730910001,-0.28426218183335,28,2.8,4.66666666666667,0.5,1,1,NA,NA,NA,NA,NA,NA,NA,"P5"
"275","Wisconsin","fbs","Big Ten",2015,514232,"Derek Straus",1,1,12,1,0.909737350231214,0.909737350231214,0.909737350231214,4,4,4,1,0,0,NA,NA,NA,NA,NA,NA,NA,"P5"
"275","Wisconsin","fbs","Big Ten",2015,514234,"Derek Watt",4,2,12,2,1.61182384435106,0.402955961087765,0.805911922175529,13,3.25,6.5,0.5,0,0,NA,NA,NA,NA,NA,NA,NA,"P5"
"275","Wisconsin","fbs","Big Ten",2015,515835,"Tanner McEvoy",13,8,12,1.625,5.95274174519681,0.457903211168986,0.744092718149602,107,8.23076923076923,13.375,0.461538461538462,2,0,NA,NA,NA,NA,NA,NA,NA,"P5"
"275","Wisconsin","fbs","Big Ten",2015,534809,"Alex Erickson",7,4,12,1.75,6.90388251679558,0.986268930970797,1.72597062919889,111,15.8571428571429,27.75,0.571428571428571,0,0,NA,NA,NA,NA,NA,NA,NA,"P5"
"275","Wisconsin","fbs","Big Ten",2015,534813,"Bart Houston",1,1,12,1,-0.78822530837888,-0.78822530837888,-0.78822530837888,1,1,1,0,0,0,NA,NA,NA,NA,NA,NA,NA,"P5"
"275","Wisconsin","fbs","Big Ten",2015,534816,"Reggie Love",7,7,12,1,-0.724734150686395,-0.103533450098056,-0.103533450098056,38,5.42857142857143,5.42857142857143,0.571428571428571,0,0,NA,NA,NA,NA,NA,NA,NA,"P5"
"275","Wisconsin","fbs","Big Ten",2015,534828,"Joe Schobert",1,1,12,1,5.59434868673248,5.59434868673248,5.59434868673248,57,57,57,1,0,0,NA,NA,NA,NA,NA,NA,NA,"P5"
"275","Wisconsin","fbs","Big Ten",2015,537577,"Dare Ogunbowale",180,12,12,15,-23.2522743281798,-0.129179301823221,-1.93768952734832,769,4.27222222222222,64.0833333333333,0.305555555555556,7,0,229,220,207,236,82,205,120,"P5"
"275","Wisconsin","fbs","Big Ten",2015,546845,"Corey Clement",29,3,12,9.66666666666667,0.912379691586153,0.0314613686753846,0.304126563862051,155,5.3448275862069,51.6666666666667,0.275862068965517,4,1,NA,NA,NA,NA,NA,NA,NA,"P5"
"275","Wisconsin","fbs","Big Ten",2015,3121540,"Taiwan Deal",116,9,12,12.8888888888889,11.3899277687869,0.0981890324895427,1.26554752986522,502,4.32758620689655,55.7777777777778,0.491379310344828,6,0,79,72,80,42,172,201,146,"P5"
"275","Wisconsin","fbs","Big Ten",2015,3121554,"Caleb Kinlaw",6,1,12,6,-0.730999677419371,-0.121833279569895,-0.730999677419371,25,4.16666666666667,25,0.333333333333333,0,0,NA,NA,NA,NA,NA,NA,NA,"P5"
"275","Wisconsin","fbs","Big Ten",2015,3121560,"George Rushing",2,2,12,1,-0.438663653559825,-0.219331826779912,-0.219331826779912,7,3.5,3.5,0.5,0,0,NA,NA,NA,NA,NA,NA,NA,"P5"
"275","Wisconsin","fbs","Big Ten",2015,3121565,"Serge Trezy",6,2,12,3,-2.21191496328707,-0.368652493881178,-1.10595748164353,18,3,9,0.166666666666667,0,0,NA,NA,NA,NA,NA,NA,NA,"P5"
"275","Wisconsin","fbs","Big Ten",2015,3152673,"Mark Saari",3,1,12,3,-2.41787534086829,-0.805958446956097,-2.41787534086829,0,0,0,0,0,0,NA,NA,NA,NA,NA,NA,NA,"P5"
"275","Wisconsin","fbs","Big Ten",2015,3917668,"Alec Ingold",49,7,12,7,-10.3402285118498,-0.211025071670403,-1.47717550169282,131,2.6734693877551,18.7142857142857,0.36734693877551,6,1,NA,NA,NA,NA,NA,NA,NA,"P5"
"2751","Wyoming","fbs","Mountain West",2015,530691,"Cameron Coffman",19,7,11,2.71428571428571,-3.63175051667484,-0.191144764035518,-0.51882150238212,79,4.15789473684211,11.2857142857143,0.421052631578947,0,3,NA,NA,NA,NA,NA,NA,NA,"G5"
"2751","Wyoming","fbs","Mountain West",2015,534240,"Shaun Wick",37,3,11,12.3333333333333,-14.1530505647785,-0.382514880129148,-4.71768352159283,82,2.21621621621622,27.3333333333333,0.243243243243243,1,1,NA,NA,NA,NA,NA,NA,NA,"G5"
"2751","Wyoming","fbs","Mountain West",2015,536844,"Justin Berger",1,1,11,1,2.74312416839,2.74312416839,2.74312416839,8,8,8,1,1,0,NA,NA,NA,NA,NA,NA,NA,"G5"
"2751","Wyoming","fbs","Mountain West",2015,546491,"Tanner Gentry",5,3,11,1.66666666666667,1.71200142715008,0.342400285430017,0.570667142383362,48,9.6,16,0.6,0,0,NA,NA,NA,NA,NA,NA,NA,"G5"
"2751","Wyoming","fbs","Mountain West",2015,546511,"Joshua Tapscott",17,6,11,2.83333333333333,-2.56081393922306,-0.150636114071945,-0.426802323203843,86,5.05882352941176,14.3333333333333,0.352941176470588,0,0,NA,NA,NA,NA,NA,NA,NA,"G5"
"2751","Wyoming","fbs","Mountain West",2015,3125401,"Nico Evans",14,6,11,2.33333333333333,-1.72168491497405,-0.122977493926718,-0.286947485829009,56,4,9.33333333333333,0.285714285714286,0,0,NA,NA,NA,NA,NA,NA,NA,"G5"
"2751","Wyoming","fbs","Mountain West",2015,3125403,"Brian Hill",271,11,11,24.6363636363636,16.9497444361599,0.0625451824212543,1.54088585783272,1596,5.88929889298893,145.090909090909,0.435424354243542,6,3,55,58,99,104,6,77,4,"G5"
"2751","Wyoming","fbs","Mountain West",2015,3125418,"Nick Smith",39,5,11,7.8,13.8963246851504,0.356316017567959,2.77926493703008,192,4.92307692307692,38.4,0.435897435897436,2,2,NA,NA,NA,NA,NA,NA,NA,"G5"
"2751","Wyoming","fbs","Mountain West",2015,3918298,"Josh Allen",3,1,11,3,3.45092854628995,1.15030951542998,3.45092854628995,40,13.3333333333333,40,1,0,0,NA,NA,NA,NA,NA,NA,NA,"G5"
"2751","Wyoming","fbs","Mountain West",2015,3918321,"Justice Murphy",2,1,11,2,-2.17128487744924,-1.08564243872462,-2.17128487744924,6,3,6,0.5,1,1,NA,NA,NA,NA,NA,NA,NA,"G5"
"2751","Wyoming","fbs","Mountain West",2015,3918322,"Kellen Overstreet",16,5,11,3.2,1.59769935369483,0.099856209605927,0.319539870738966,84,5.25,16.8,0.4375,1,0,NA,NA,NA,NA,NA,NA,NA,"G5"
"2751","Wyoming","fbs","Mountain West",2015,3918323,"Joseph Parker",1,1,11,1,-0.618168331056981,-0.618168331056981,-0.618168331056981,0,0,0,0,0,0,NA,NA,NA,NA,NA,NA,NA,"G5"
"276","Marshall","fbs","Conference USA",2015,518264,"Remi Watson",80,9,11,8.88888888888889,4.01037974368217,0.0501297467960271,0.445597749298019,398,4.975,44.2222222222222,0.375,5,0,123,116,107,180,211,144,202,"G5"
"276","Marshall","fbs","Conference USA",2015,533604,"Michael Birdsong",12,4,11,3,4.56025382586654,0.380021152155545,1.14006345646663,76,6.33333333333333,19,0.416666666666667,1,0,NA,NA,NA,NA,NA,NA,NA,"G5"
"276","Marshall","fbs","Conference USA",2015,535473,"Devon Johnson",62,5,11,12.4,-2.79040333723826,-0.0450065054393268,-0.558080667447652,418,6.74193548387097,83.6,0.32258064516129,4,2,NA,NA,NA,NA,NA,NA,NA,"G5"
"276","Marshall","fbs","Conference USA",2015,3139421,"Hyleck Foster",83,6,11,13.8333333333333,13.0513029855474,0.157244614283704,2.1752171642579,404,4.86746987951807,67.3333333333333,0.457831325301205,3,0,74,41,46,71,209,157,106,"G5"
"276","Marshall","fbs","Conference USA",2015,3139429,"Tony Pittman",52,3,11,17.3333333333333,-4.83684306376358,-0.0930162127646842,-1.61228102125453,261,5.01923076923077,87,0.346153846153846,2,1,NA,NA,NA,NA,NA,NA,NA,"G5"
"276","Marshall","fbs","Conference USA",2015,3139447,"Ryan Yurachek",1,1,11,1,3.19591407947273,3.19591407947273,3.19591407947273,27,27,27,1,0,0,NA,NA,NA,NA,NA,NA,NA,"G5"
"276","Marshall","fbs","Conference USA",2015,3931766,"Keion Davis",53,8,11,6.625,-8.36258956938802,-0.157784708856378,-1.0453236961735,224,4.22641509433962,28,0.320754716981132,1,0,NA,NA,NA,NA,NA,NA,NA,"G5"
"276","Marshall","fbs","Conference USA",2015,3931782,"Chase Litton",25,9,11,2.77777777777778,-11.2170053328545,-0.448680213314178,-1.24633392587272,100,4,11.1111111111111,0.32,0,2,NA,NA,NA,NA,NA,NA,NA,"G5"
"277","West Virginia","fbs","Big 12",2015,530449,"Rushel Shell",137,11,11,12.4545454545455,4.15741172842156,0.0303460710103764,0.377946520765596,643,4.69343065693431,58.4545454545455,0.423357664233577,8,1,118,121,122,122,115,167,136,"P5"
"277","West Virginia","fbs","Big 12",2015,546042,"Jacky Marcellus",7,2,11,3.5,-2.51143936321682,-0.358777051888117,-1.25571968160841,14,2,7,0.285714285714286,0,0,NA,NA,NA,NA,NA,NA,NA,"P5"
"277","West Virginia","fbs","Big 12",2015,546044,"Nick O'Toole",1,1,11,1,3.25404641221618,3.25404641221618,3.25404641221618,13,13,13,1,0,0,NA,NA,NA,NA,NA,NA,NA,"P5"
"277","West Virginia","fbs","Big 12",2015,546046,"Wendell Smallwood",208,11,11,18.9090909090909,35.6707057506147,0.171493777647186,3.24279143187406,1320,6.34615384615385,120,0.495192307692308,7,0,14,17,40,34,13,43,16,"P5"
"277","West Virginia","fbs","Big 12",2015,546051,"Elijah Wellman",12,3,11,4,0.516155544437043,0.0430129620364203,0.172051848145681,59,4.91666666666667,19.6666666666667,0.75,1,1,NA,NA,NA,NA,NA,NA,NA,"P5"
"277","West Virginia","fbs","Big 12",2015,3116456,"William Crest Jr.",15,4,11,3.75,6.25389901718553,0.416926601145702,1.56347475429638,123,8.2,30.75,0.733333333333333,1,0,NA,NA,NA,NA,NA,NA,NA,"P5"
"277","West Virginia","fbs","Big 12",2015,3116460,"Skyler Howard",109,11,11,9.90909090909091,8.80858381175304,0.0808126955206701,0.800780346523004,588,5.39449541284404,53.4545454545455,0.458715596330275,6,1,99,105,90,68,142,111,159,"P5"
"277","West Virginia","fbs","Big 12",2015,3894938,"Donte Thomas-Williams",13,3,11,4.33333333333333,-0.336394635201074,-0.0258765104000826,-0.112131545067025,42,3.23076923076923,14,0.230769230769231,0,1,NA,NA,NA,NA,NA,NA,NA,"P5"
"278","Fresno State","fbs","Mountain West",2015,517548,"Malique Micenheimer",18,5,11,3.6,-8.44232032357134,-0.469017795753964,-1.68846406471427,59,3.27777777777778,11.8,0.277777777777778,0,0,NA,NA,NA,NA,NA,NA,NA,"G5"
"278","Fresno State","fbs","Mountain West",2015,518139,"Dustin Garrison",44,9,11,4.88888888888889,1.20123858682998,0.0273008769734087,0.133470954092221,261,5.93181818181818,29,0.363636363636364,2,0,NA,NA,NA,NA,NA,NA,NA,"G5"
"278","Fresno State","fbs","Mountain West",2015,532960,"Ejiro Ederaine",1,1,11,1,0.386111315288295,0.386111315288295,0.386111315288295,1,1,1,1,1,0,NA,NA,NA,NA,NA,NA,NA,"G5"
"278","Fresno State","fbs","Mountain West",2015,532974,"Marteze Waller",206,11,11,18.7272727272727,-39.3433945075336,-0.190987351978318,-3.5766722279576,766,3.71844660194175,69.6363636363636,0.325242718446602,5,0,253,250,225,225,83,234,98,"G5"
"278","Fresno State","fbs","Mountain West",2015,536351,"Garrett Swanson",1,1,11,1,4.779904460471,4.779904460471,4.779904460471,21,21,21,1,0,0,NA,NA,NA,NA,NA,NA,NA,"G5"
"278","Fresno State","fbs","Mountain West",2015,550587,"Zack Greenlee",14,4,11,3.5,1.48818773079477,0.106299123628198,0.372046932698693,81,5.78571428571429,20.25,0.5,0,1,NA,NA,NA,NA,NA,NA,NA,"G5"
"278","Fresno State","fbs","Mountain West",2015,552062,"Da'Mari Scott",1,1,11,1,-0.377755839522994,-0.377755839522994,-0.377755839522994,3,3,3,0,0,0,NA,NA,NA,NA,NA,NA,NA,"G5"
"278","Fresno State","fbs","Mountain West",2015,3124529,"Kilton Anderson",40,8,11,5,17.2284990282579,0.430712475706448,2.15356237853224,280,7,35,0.475,5,0,NA,NA,NA,NA,NA,NA,NA,"G5"
"278","Fresno State","fbs","Mountain West",2015,3124538,"Jamire Jordan",10,5,11,2,-0.975893492061217,-0.0975893492061217,-0.195178698412243,55,5.5,11,0.6,1,0,NA,NA,NA,NA,NA,NA,NA,"G5"
"278","Fresno State","fbs","Mountain West",2015,3918038,"Chason Virgil",7,2,11,3.5,2.79194626507524,0.398849466439319,1.39597313253762,53,7.57142857142857,26.5,0.714285714285714,0,1,NA,NA,NA,NA,NA,NA,NA,"G5"
"278","Fresno State","fbs","Mountain West",2015,3918048,"Dejonte O'Neal",12,2,11,6,-5.4390912906855,-0.453257607557125,-2.71954564534275,41,3.41666666666667,20.5,0.166666666666667,0,0,NA,NA,NA,NA,NA,NA,NA,"G5"
"290","Georgia Southern","fbs","Sun Belt",2015,532921,"Vegas Harley",8,4,11,2,3.46304635024019,0.432880793780024,0.865761587560048,54,6.75,13.5,0.625,1,0,NA,NA,NA,NA,NA,NA,NA,"G5"
"290","Georgia Southern","fbs","Sun Belt",2015,532925,"Kevin Ellison",90,9,11,10,27.084099070744,0.300934434119378,3.00934434119378,651,7.23333333333333,72.3333333333333,0.433333333333333,6,3,28,23,11,109,112,13,87,"G5"
"290","Georgia Southern","fbs","Sun Belt",2015,532946,"Montay Crockett",2,2,11,1,1.30573492926979,0.652867464634896,0.652867464634896,17,8.5,8.5,0.5,0,0,NA,NA,NA,NA,NA,NA,NA,"G5"
"290","Georgia Southern","fbs","Sun Belt",2015,549299,"Chaz Thornton",17,7,11,2.42857142857143,-0.893330048102324,-0.0525488263589602,-0.127618578300332,73,4.29411764705882,10.4285714285714,0.352941176470588,1,0,NA,NA,NA,NA,NA,NA,NA,"G5"
"290","Georgia Southern","fbs","Sun Belt",2015,549301,"Favian Upshaw",61,10,11,6.1,-8.54006158854133,-0.140001009648219,-0.854006158854133,374,6.13114754098361,37.4,0.377049180327869,2,1,NA,NA,NA,NA,NA,NA,NA,"G5"
"290","Georgia Southern","fbs","Sun Belt",2015,549308,"Demarcus Godfrey",2,1,11,2,0.369632715682341,0.18481635784117,0.369632715682341,13,6.5,13,1,0,0,NA,NA,NA,NA,NA,NA,NA,"G5"
"290","Georgia Southern","fbs","Sun Belt",2015,549314,"Matt Breida",174,11,11,15.8181818181818,47.3000291457262,0.271839247963944,4.30000264961147,1377,7.91379310344828,125.181818181818,0.46551724137931,14,2,7,8,18,61.5,11,3,13,"G5"
"290","Georgia Southern","fbs","Sun Belt",2015,3123736,"Thomas Banks",5,3,11,1.66666666666667,-4.56828554857084,-0.913657109714167,-1.52276184952361,7,1.4,2.33333333333333,0,0,0,NA,NA,NA,NA,NA,NA,NA,"G5"
"290","Georgia Southern","fbs","Sun Belt",2015,3123738,"Myles Campbell",1,1,11,1,2.40682385566557,2.40682385566557,2.40682385566557,20,20,20,1,1,0,NA,NA,NA,NA,NA,NA,NA,"G5"
"290","Georgia Southern","fbs","Sun Belt",2015,3123747,"Noah Hickey",8,4,11,2,-2.11045861579662,-0.263807326974577,-0.527614653949155,61,7.625,15.25,0.375,0,1,NA,NA,NA,NA,NA,NA,NA,"G5"
"290","Georgia Southern","fbs","Sun Belt",2015,3123751,"Ryan Longoria",1,1,11,1,-0.675244416124304,-0.675244416124304,-0.675244416124304,-3,-3,-3,0,0,0,NA,NA,NA,NA,NA,NA,NA,"G5"
"290","Georgia Southern","fbs","Sun Belt",2015,3917200,"Malik Henry",1,1,11,1,-0.495021800925169,-0.495021800925169,-0.495021800925169,6,6,6,0,0,0,NA,NA,NA,NA,NA,NA,NA,"G5"
"290","Georgia Southern","fbs","Sun Belt",2015,3917202,"Wesley Fields",81,11,11,7.36363636363636,3.99218837013439,0.0492862761744986,0.362926215466763,545,6.72839506172839,49.5454545454545,0.419753086419753,5,1,124,123,108,130,157,25,180,"G5"
"290","Georgia Southern","fbs","Sun Belt",2015,3917205,"Ryan Brown",1,1,11,1,-0.369718530198534,-0.369718530198534,-0.369718530198534,2,2,2,0,0,0,NA,NA,NA,NA,NA,NA,NA,"G5"
"295","Old Dominion","fbs","Conference USA",2015,534739,"Zach Pascal",7,5,11,1.4,6.91455654528223,0.987793792183175,1.38291130905645,96,13.7142857142857,19.2,0.285714285714286,1,0,NA,NA,NA,NA,NA,NA,NA,"G5"
"295","Old Dominion","fbs","Conference USA",2015,535113,"David Washington",30,5,11,6,4.69039187638283,0.156346395879428,0.938078375276565,175,5.83333333333333,35,0.466666666666667,0,3,NA,NA,NA,NA,NA,NA,NA,"G5"
"295","Old Dominion","fbs","Conference USA",2015,3123205,"Vincent Lowe",3,3,11,1,-0.703763756120232,-0.234587918706744,-0.234587918706744,6,2,2,0.666666666666667,0,0,NA,NA,NA,NA,NA,NA,NA,"G5"
"295","Old Dominion","fbs","Conference USA",2015,3123209,"Shuler Bentley",22,7,11,3.14285714285714,7.04266516197078,0.320121143725945,1.00609502313868,79,3.59090909090909,11.2857142857143,0.454545454545455,2,1,NA,NA,NA,NA,NA,NA,NA,"G5"
"295","Old Dominion","fbs","Conference USA",2015,3123212,"Ray Lawry",163,10,11,16.3,4.15387155050921,0.0254838745430013,0.415387155050921,922,5.65644171779141,92.2,0.380368098159509,9,3,119,118,126,179,55,98,48,"G5"
"295","Old Dominion","fbs","Conference USA",2015,3914534,"Jeremy Cox",67,9,11,7.44444444444444,-10.1604610126716,-0.151648671830919,-1.12894011251906,354,5.28358208955224,39.3333333333333,0.283582089552239,1,0,NA,NA,NA,NA,NA,NA,NA,"G5"
"295","Old Dominion","fbs","Conference USA",2015,3914549,"Kesean Strong",15,3,11,5,-3.79949057075519,-0.25329937138368,-1.2664968569184,39,2.6,13,0.333333333333333,0,1,NA,NA,NA,NA,NA,NA,NA,"G5"
"30","USC","fbs","Pac-12",2015,500247,"Soma Vainuku",2,2,13,1,3.08058659390265,1.54029329695132,1.54029329695132,4,2,2,1,1,0,NA,NA,NA,NA,NA,NA,NA,"P5"
"30","USC","fbs","Pac-12",2015,513329,"Cody Kessler",21,10,13,2.1,11.9563762271504,0.569351248911923,1.19563762271504,90,4.28571428571429,9,0.666666666666667,4,1,NA,NA,NA,NA,NA,NA,NA,"P5"
"30","USC","fbs","Pac-12",2015,513331,"Tre Madden",85,9,13,9.44444444444444,10.2162745052065,0.120191464767135,1.13514161168961,456,5.36470588235294,50.6666666666667,0.482352941176471,5,0,84,81,67,49,192,114,173,"P5"
"30","USC","fbs","Pac-12",2015,537722,"Conner Sullivan",1,1,13,1,-0.998223595320502,-0.998223595320502,-0.998223595320502,-4,-4,-4,0,0,1,NA,NA,NA,NA,NA,NA,NA,"P5"
"30","USC","fbs","Pac-12",2015,546418,"Justin Davis",157,12,13,13.0833333333333,14.7968779733472,0.0942476304034851,1.2330731644456,875,5.57324840764331,72.9166666666667,0.464968152866242,5,1,62,76,83,63,62,100,84,"P5"
"30","USC","fbs","Pac-12",2015,552028,"James Toland IV",3,1,13,3,-0.0428414390662273,-0.0142804796887424,-0.0428414390662273,23,7.66666666666667,23,0.333333333333333,0,0,NA,NA,NA,NA,NA,NA,NA,"P5"
"30","USC","fbs","Pac-12",2015,3120347,"Adoree' Jackson",6,4,13,1.5,0.459078314528089,0.0765130524213482,0.114769578632022,35,5.83333333333333,8.75,0.5,0,0,NA,NA,NA,NA,NA,NA,NA,"P5"
"30","USC","fbs","Pac-12",2015,3120348,"JuJu Smith-Schuster",1,1,13,1,-0.169702278270913,-0.169702278270913,-0.169702278270913,4,4,4,0,0,0,NA,NA,NA,NA,NA,NA,NA,"P5"
"30","USC","fbs","Pac-12",2015,3120349,"Jalen Greene",2,2,13,1,-1.4756337753681,-0.737816887684052,-0.737816887684052,1,0.5,0.5,0.5,0,0,NA,NA,NA,NA,NA,NA,NA,"P5"
"30","USC","fbs","Pac-12",2015,3134320,"Stefan Smith",3,1,13,3,-1.32312760890987,-0.441042536303288,-1.32312760890987,14,4.66666666666667,14,0.333333333333333,0,0,NA,NA,NA,NA,NA,NA,NA,"P5"
"30","USC","fbs","Pac-12",2015,3912548,"Dominic Davis",14,7,13,2,-2.23819383000084,-0.159870987857203,-0.319741975714405,69,4.92857142857143,9.85714285714286,0.428571428571429,0,0,NA,NA,NA,NA,NA,NA,NA,"P5"
"30","USC","fbs","Pac-12",2015,3912550,"Ronald Jones II",145,13,13,11.1538461538462,20.5696633201021,0.141859747035187,1.58228179385401,940,6.48275862068965,72.3076923076923,0.420689655172414,8,1,46,57,53,125,49,37,88,"P5"
"30","USC","fbs","Pac-12",2015,3912551,"Aca'Cedric Ware",12,3,13,4,1.31581980473659,0.109651650394715,0.438606601578862,36,3,12,0.416666666666667,1,0,NA,NA,NA,NA,NA,NA,NA,"P5"
"309","Louisiana","fbs","Sun Belt",2015,512337,"Effrem Reed",1,1,11,1,-0.437312825181434,-0.437312825181434,-0.437312825181434,2,2,2,0,0,0,NA,NA,NA,NA,NA,NA,NA,"G5"
"309","Louisiana","fbs","Sun Belt",2015,512690,"Montrel Carter",5,2,11,2.5,-2.55166111089817,-0.510332222179634,-1.27583055544908,6,1.2,3,0.2,0,0,NA,NA,NA,NA,NA,NA,NA,"G5"
"309","Louisiana","fbs","Sun Belt",2015,518088,"Torrey Pierce",76,11,11,6.90909090909091,-4.13108673515433,-0.0543564044099254,-0.375553339559485,357,4.69736842105263,32.4545454545455,0.394736842105263,3,1,164,161,173,152,225,166,238,"G5"
"309","Louisiana","fbs","Sun Belt",2015,531430,"Jalen Nixon",59,9,11,6.55555555555556,25.2046686473212,0.42719777368341,2.80051873859125,422,7.15254237288136,46.8888888888889,0.576271186440678,5,3,NA,NA,NA,NA,NA,NA,NA,"G5"
"309","Louisiana","fbs","Sun Belt",2015,531678,"Brooks Haack",26,8,11,3.25,6.16991062082087,0.237304254646957,0.771238827602609,127,4.88461538461539,15.875,0.461538461538462,2,0,NA,NA,NA,NA,NA,NA,NA,"G5"
"309","Louisiana","fbs","Sun Belt",2015,536320,"Al Riles",1,1,11,1,-0.414594158626034,-0.414594158626034,-0.414594158626034,4,4,4,0,0,0,NA,NA,NA,NA,NA,NA,NA,"G5"
"309","Louisiana","fbs","Sun Belt",2015,545809,"Elijah McGuire",193,11,11,17.5454545454545,-2.54360885639851,-0.0131793204994741,-0.231237168763501,871,4.51295336787565,79.1818181818182,0.367875647668394,8,1,157,157,154,187,64.5,186,70,"G5"
"309","Louisiana","fbs","Sun Belt",2015,546102,"Darius Hoggins",3,1,11,3,0.811829946034851,0.270609982011617,0.811829946034851,18,6,18,0.666666666666667,0,0,NA,NA,NA,NA,NA,NA,NA,"G5"
"309","Louisiana","fbs","Sun Belt",2015,3124912,"Jordan Davis",15,2,11,7.5,2.40536002557033,0.160357335038022,1.20268001278517,69,4.6,34.5,0.466666666666667,1,0,NA,NA,NA,NA,NA,NA,NA,"G5"
"326","Texas State","fbs","Sun Belt",2015,515417,"Tim Gay",1,1,10,1,1.09624919134287,1.09624919134287,1.09624919134287,12,12,12,1,0,0,NA,NA,NA,NA,NA,NA,NA,"G5"
"326","Texas State","fbs","Sun Belt",2015,515427,"Chris Nutall",20,4,10,5,1.53623255426212,0.076811627713106,0.38405813856553,84,4.2,21,0.5,2,0,NA,NA,NA,NA,NA,NA,NA,"G5"
"326","Texas State","fbs","Sun Belt",2015,532251,"Robert Lowe",154,9,10,17.1111111111111,-14.05649805974,-0.0912759614268833,-1.56183311774889,782,5.07792207792208,86.8888888888889,0.38961038961039,5,1,201,208,195,162,78,137,57,"G5"
"326","Texas State","fbs","Sun Belt",2015,532259,"Brandon Smith",1,1,10,1,-1.22214431130072,-1.22214431130072,-1.22214431130072,1,1,1,0,0,0,NA,NA,NA,NA,NA,NA,NA,"G5"
"326","Texas State","fbs","Sun Belt",2015,548232,"C.J. Best",15,6,10,2.5,5.07098998061234,0.338065998707489,0.845164996768723,105,7,17.5,0.666666666666667,1,0,NA,NA,NA,NA,NA,NA,NA,"G5"
"326","Texas State","fbs","Sun Belt",2015,548240,"Tyler Jones",110,10,10,11,13.405076855702,0.121864335051836,1.3405076855702,627,5.7,62.7,0.390909090909091,7,1,72,67,66,159,119.5,90.5,123,"G5"
"326","Texas State","fbs","Sun Belt",2015,3125432,"Connor White",13,3,10,4.33333333333333,1.98284050674097,0.152526192826229,0.660946835580324,69,5.30769230769231,23,0.461538461538462,0,0,NA,NA,NA,NA,NA,NA,NA,"G5"
"326","Texas State","fbs","Sun Belt",2015,3128610,"Stephan Johnson",1,1,10,1,-3.45726571049311,-3.45726571049311,-3.45726571049311,9,9,9,0,0,1,NA,NA,NA,NA,NA,NA,NA,"G5"
"326","Texas State","fbs","Sun Belt",2015,3128613,"Stedman Mayberry",5,1,10,5,-0.990776160147232,-0.198155232029446,-0.990776160147232,21,4.2,21,0.2,0,0,NA,NA,NA,NA,NA,NA,NA,"G5"
"326","Texas State","fbs","Sun Belt",2015,3922138,"Nick Bingham",5,1,10,5,0.218417088345321,0.0436834176690643,0.218417088345321,12,2.4,12,0.4,1,0,NA,NA,NA,NA,NA,NA,NA,"G5"
"326","Texas State","fbs","Sun Belt",2015,3922141,"Lumi Kaba",1,1,10,1,3.97922841102662,3.97922841102662,3.97922841102662,11,11,11,1,0,0,NA,NA,NA,NA,NA,NA,NA,"G5"
"326","Texas State","fbs","Sun Belt",2015,3922148,"Tyler Siudzinski",32,6,10,5.33333333333333,-6.97919102878238,-0.218099719649449,-1.16319850479706,106,3.3125,17.6666666666667,0.3125,1,0,NA,NA,NA,NA,NA,NA,NA,"G5"
"328","Utah State","fbs","Mountain West",2015,512806,"Chuckie Keeton",35,5,11,7,10.9948368824179,0.314138196640512,2.19896737648359,209,5.97142857142857,41.8,0.457142857142857,1,5,NA,NA,NA,NA,NA,NA,NA,"G5"
"328","Utah State","fbs","Mountain West",2015,517413,"David Moala",1,1,11,1,1.68488830442753,1.68488830442753,1.68488830442753,1,1,1,1,1,0,NA,NA,NA,NA,NA,NA,NA,"G5"
"328","Utah State","fbs","Mountain West",2015,531204,"Nick Vigil",6,2,11,3,2.98352458611483,0.497254097685805,1.49176229305742,17,2.83333333333333,8.5,0.833333333333333,1,0,NA,NA,NA,NA,NA,NA,NA,"G5"
"328","Utah State","fbs","Mountain West",2015,534515,"Devonte Robinson",3,3,11,1,-4.0283316051891,-1.3427772017297,-1.3427772017297,-6,-2,-2,0,0,0,NA,NA,NA,NA,NA,NA,NA,"G5"
"328","Utah State","fbs","Mountain West",2015,550797,"Kennedy Williams",3,3,11,1,-0.651096999118575,-0.217032333039525,-0.217032333039525,16,5.33333333333333,5.33333333333333,0.333333333333333,0,0,NA,NA,NA,NA,NA,NA,NA,"G5"
"328","Utah State","fbs","Mountain West",2015,3125353,"Kent Myers",66,8,11,8.25,-3.92359975992481,-0.059448481210982,-0.490449969990601,414,6.27272727272727,51.75,0.303030303030303,3,2,NA,NA,NA,NA,NA,NA,NA,"G5"
"328","Utah State","fbs","Mountain West",2015,3125354,"Hunter Sharp",8,5,11,1.6,-4.75678542972761,-0.594598178715951,-0.951357085945522,20,2.5,4,0.125,0,0,NA,NA,NA,NA,NA,NA,NA,"G5"
"328","Utah State","fbs","Mountain West",2015,3125356,"Jalen Davis",1,1,11,1,-0.215293444640042,-0.215293444640042,-0.215293444640042,3,3,3,0,0,0,NA,NA,NA,NA,NA,NA,NA,"G5"
"328","Utah State","fbs","Mountain West",2015,3125361,"LaJuan Hunt",77,10,11,7.7,-19.701320379893,-0.255861303634974,-1.9701320379893,239,3.1038961038961,23.9,0.298701298701299,5,1,219,223,241,240,253,252,255,"G5"
"328","Utah State","fbs","Mountain West",2015,3125368,"Justen Hervey",14,4,11,3.5,-2.65637665543841,-0.189741189674173,-0.664094163859604,47,3.35714285714286,11.75,0.285714285714286,1,0,NA,NA,NA,NA,NA,NA,NA,"G5"
"328","Utah State","fbs","Mountain West",2015,3125381,"Tyler Fox",1,1,11,1,1.41631508640499,1.41631508640499,1.41631508640499,11,11,11,1,0,0,NA,NA,NA,NA,NA,NA,NA,"G5"
"328","Utah State","fbs","Mountain West",2015,3139981,"DJ Nelson",1,1,11,1,3.59614158844254,3.59614158844254,3.59614158844254,13,13,13,1,0,0,NA,NA,NA,NA,NA,NA,NA,"G5"
"328","Utah State","fbs","Mountain West",2015,3139983,"Damion Hobbs",19,6,11,3.16666666666667,-1.14546701643309,-0.0602877377070048,-0.190911169405515,108,5.68421052631579,18,0.526315789473684,1,1,NA,NA,NA,NA,NA,NA,NA,"G5"
"328","Utah State","fbs","Mountain West",2015,3918026,"Devante Mays",149,11,11,13.5454545454545,5.26198190864351,0.0353153148231108,0.478361991694865,791,5.30872483221477,71.9090909090909,0.456375838926175,9,0,112,114,121,72,76,118,89,"G5"
"333","Alabama","fbs","SEC",2015,514124,"Jake Coker",42,12,12,3.5,-2.72711965054171,-0.0649314202509931,-0.227259970878476,240,5.71428571428571,20,0.523809523809524,2,1,NA,NA,NA,NA,NA,NA,NA,"P5"
"333","Alabama","fbs","SEC",2015,535744,"Kenyan Drake",72,10,12,7.2,-1.75113945808117,-0.0243213813622384,-0.175113945808117,347,4.81944444444444,34.7,0.430555555555556,1,0,NA,NA,NA,NA,NA,NA,NA,"P5"
"333","Alabama","fbs","SEC",2015,546359,"Cooper Bateman",3,2,12,1.5,-0.25255743061161,-0.0841858102038699,-0.126278715305805,12,4,6,0.666666666666667,0,0,NA,NA,NA,NA,NA,NA,NA,"P5"
"333","Alabama","fbs","SEC",2015,546368,"Derrick Henry",330,12,12,27.5,22.9867295012662,0.0696567560644432,1.91556079177219,1918,5.81212121212121,159.833333333333,0.448484848484848,21,4,40,49,96,83,1,81,1,"P5"
"333","Alabama","fbs","SEC",2015,551307,"ArDarius Stewart",4,4,12,1,-0.892026083851086,-0.223006520962771,-0.223006520962771,7,1.75,1.75,0.5,0,0,NA,NA,NA,NA,NA,NA,NA,"P5"
"333","Alabama","fbs","SEC",2015,3126345,"Ronnie Clark",3,2,12,1.5,-4.96139815207333,-1.65379938402444,-2.48069907603666,9,3,4.5,0,0,0,NA,NA,NA,NA,NA,NA,NA,"P5"
"333","Alabama","fbs","SEC",2015,3126367,"Bo Scarbrough",5,2,12,2.5,-6.19419918223716,-1.23883983644743,-3.09709959111858,18,3.6,9,0,0,0,NA,NA,NA,NA,NA,NA,NA,"P5"
"333","Alabama","fbs","SEC",2015,3925346,"Derrick Gore",5,2,12,2.5,-2.49111029214467,-0.498222058428934,-1.24555514607234,11,2.2,5.5,0.2,0,0,NA,NA,NA,NA,NA,NA,NA,"P5"
"333","Alabama","fbs","SEC",2015,3925347,"Damien Harris",35,7,12,5,-14.6197633395263,-0.417707523986464,-2.08853761993232,111,3.17142857142857,15.8571428571429,0.142857142857143,0,0,NA,NA,NA,NA,NA,NA,NA,"P5"
"333","Alabama","fbs","SEC",2015,3925357,"Calvin Ridley",1,1,12,1,-0.674388175083422,-0.674388175083422,-0.674388175083422,2,2,2,0,0,0,NA,NA,NA,NA,NA,NA,NA,"P5"
"344","Mississippi State","fbs","SEC",2015,512030,"Dak Prescott",112,11,11,10.1818181818182,31.6788806668645,0.28284714881129,2.87989824244223,669,5.97321428571429,60.8181818181818,0.535714285714286,10,2,20,25,15,10,104.5,71,130,"P5"
"344","Mississippi State","fbs","SEC",2015,531356,"Brandon Holloway",78,11,11,7.09090909090909,-5.01201625965727,-0.0642566187135547,-0.455637841787024,366,4.69230769230769,33.2727272727273,0.448717948717949,0,2,168,163,178,81.5,223,168,236,"P5"
"344","Mississippi State","fbs","SEC",2015,546607,"Gabe Myles",5,3,11,1.66666666666667,-4.13309613992719,-0.826619227985438,-1.37769871330906,-4,-0.8,-1.33333333333333,0.2,0,0,NA,NA,NA,NA,NA,NA,NA,"P5"
"344","Mississippi State","fbs","SEC",2015,546611,"Ashton Shumpert",44,8,11,5.5,-19.372921380783,-0.440293667745069,-2.42161517259788,136,3.09090909090909,17,0.204545454545455,0,1,NA,NA,NA,NA,NA,NA,NA,"P5"
"344","Mississippi State","fbs","SEC",2015,546622,"Fred Ross",1,1,11,1,3.23934682856044,3.23934682856044,3.23934682856044,9,9,9,1,0,0,NA,NA,NA,NA,NA,NA,NA,"P5"
"344","Mississippi State","fbs","SEC",2015,558337,"Nick Fitzgerald",18,5,11,3.6,-1.44653013432735,-0.0803627852404083,-0.28930602686547,109,6.05555555555556,21.8,0.444444444444444,1,1,NA,NA,NA,NA,NA,NA,NA,"P5"
"344","Mississippi State","fbs","SEC",2015,559650,"Elijah Staley",2,1,11,2,0.561816432802143,0.280908216401071,0.561816432802143,11,5.5,11,0.5,0,0,NA,NA,NA,NA,NA,NA,NA,"P5"
"344","Mississippi State","fbs","SEC",2015,559654,"Aeris Williams",30,8,11,3.75,-8.10649980895221,-0.270216660298407,-1.01331247611903,131,4.36666666666667,16.375,0.333333333333333,1,1,NA,NA,NA,NA,NA,NA,NA,"P5"
"344","Mississippi State","fbs","SEC",2015,559656,"Dontavian Lee",16,5,11,3.2,-1.79670348465306,-0.112293967790816,-0.359340696930611,78,4.875,15.6,0.4375,0,0,NA,NA,NA,NA,NA,NA,NA,"P5"
"344","Mississippi State","fbs","SEC",2015,559659,"Logan Cooke",1,1,11,1,2.94991684656354,2.94991684656354,2.94991684656354,11,11,11,1,0,0,NA,NA,NA,NA,NA,NA,NA,"P5"
"344","Mississippi State","fbs","SEC",2015,3791117,"Malik Dear",10,5,11,2,2.94364831624337,0.294364831624337,0.588729663248673,91,9.1,18.2,0.4,1,0,NA,NA,NA,NA,NA,NA,NA,"P5"
"349","Army","fbs","FBS Independents",2015,535646,"A.J. Schurr",63,4,10,15.75,-5.05254436498624,-0.0801991169045434,-1.26313609124656,329,5.22222222222222,82.25,0.507936507936508,5,5,169,194,190,20,232.5,127,62,"G5"
"349","Army","fbs","FBS Independents",2015,535647,"Kelvin White",2,1,10,2,0.707902273388553,0.353951136694276,0.707902273388553,24,12,24,1,0,0,NA,NA,NA,NA,NA,NA,NA,"G5"
"349","Army","fbs","FBS Independents",2015,535662,"Matt Giachinta",49,10,10,4.9,-4.77972257768226,-0.0975453587282094,-0.477972257768226,238,4.85714285714286,23.8,0.387755102040816,0,1,NA,NA,NA,NA,NA,NA,NA,"G5"
"349","Army","fbs","FBS Independents",2015,535663,"Daniel Grochowski",1,1,10,1,-2.96685773854962,-2.96685773854962,-2.96685773854962,-5,-5,-5,0,0,0,NA,NA,NA,NA,NA,NA,NA,"G5"
"349","Army","fbs","FBS Independents",2015,535686,"DeAndre Bell",1,1,10,1,-3.0601199242377,-3.0601199242377,-3.0601199242377,-6,-6,-6,0,0,0,NA,NA,NA,NA,NA,NA,NA,"G5"
"349","Army","fbs","FBS Independents",2015,550766,"Joe Walker",21,7,10,3,9.58890445756415,0.456614497979245,1.36984349393774,184,8.76190476190476,26.2857142857143,0.523809523809524,1,1,NA,NA,NA,NA,NA,NA,NA,"G5"
"349","Army","fbs","FBS Independents",2015,550767,"Elijah St. Hilaire",1,1,10,1,0.188195010638657,0.188195010638657,0.188195010638657,5,5,5,1,0,0,NA,NA,NA,NA,NA,NA,NA,"G5"
"349","Army","fbs","FBS Independents",2015,550775,"Aaron Kemper",96,10,10,9.6,-13.7029937029892,-0.142739517739471,-1.37029937029892,515,5.36458333333333,51.5,0.28125,3,0,199,200,211,244,167,115,168,"G5"
"349","Army","fbs","FBS Independents",2015,3129089,"Ahmad Bradshaw",97,6,10,16.1666666666667,-33.3328074328894,-0.343637190029788,-5.55546790548157,351,3.61855670103093,58.5,0.402061855670103,3,9,247,255,250,146,226.5,239,135,"G5"
"349","Army","fbs","FBS Independents",2015,3129139,"John Trainor",25,8,10,3.125,12.3692972957148,0.494771891828593,1.54616216196435,211,8.44,26.375,0.56,2,0,NA,NA,NA,NA,NA,NA,NA,"G5"
"349","Army","fbs","FBS Independents",2015,3916793,"Chris Carter",38,2,10,19,-11.6544730241698,-0.306696658530784,-5.8272365120849,153,4.02631578947368,76.5,0.315789473684211,1,5,NA,NA,NA,NA,NA,NA,NA,"G5"
"349","Army","fbs","FBS Independents",2015,3916804,"Nicholas Black",12,7,10,1.71428571428571,-1.08966373818722,-0.090805311515602,-0.155666248312461,44,3.66666666666667,6.28571428571429,0.333333333333333,0,0,NA,NA,NA,NA,NA,NA,NA,"G5"
"349","Army","fbs","FBS Independents",2015,3916812,"Drue Harris",34,8,10,4.25,-5.76886853128496,-0.169672603861322,-0.721108566410621,131,3.85294117647059,16.375,0.323529411764706,1,0,NA,NA,NA,NA,NA,NA,NA,"G5"
"349","Army","fbs","FBS Independents",2015,3916814,"Tyler Campbell",17,5,10,3.4,5.47154523497888,0.321855602057581,1.09430904699578,118,6.94117647058824,23.6,0.588235294117647,1,0,NA,NA,NA,NA,NA,NA,NA,"G5"
"349","Army","fbs","FBS Independents",2015,3916817,"Christian Drake",16,7,10,2.28571428571429,11.6068922934409,0.725430768340054,1.65812747049155,125,7.8125,17.8571428571429,0.5625,1,2,NA,NA,NA,NA,NA,NA,NA,"G5"
"349","Army","fbs","FBS Independents",2015,3916819,"Jordan Asberry",21,6,10,3.5,-2.93453990322448,-0.139739995391642,-0.489089983870746,101,4.80952380952381,16.8333333333333,0.571428571428571,0,1,NA,NA,NA,NA,NA,NA,NA,"G5"
"356","Illinois","fbs","Big Ten",2015,515457,"Josh Ferguson",116,8,11,14.5,8.75793699134437,0.0754994568219342,1.09474212391805,669,5.76724137931035,83.625,0.46551724137931,2,1,100,85,93,61.5,104.5,84,61,"P5"
"356","Illinois","fbs","Big Ten",2015,530630,"V'Angelo Bentley",1,1,11,1,-0.32357628303536,-0.32357628303536,-0.32357628303536,0,0,0,0,0,0,NA,NA,NA,NA,NA,NA,NA,"P5"
"356","Illinois","fbs","Big Ten",2015,530634,"Ryan Frain",1,1,11,1,-2.95670659263847,-2.95670659263847,-2.95670659263847,-7,-7,-7,0,0,1,NA,NA,NA,NA,NA,NA,NA,"P5"
"356","Illinois","fbs","Big Ten",2015,530672,"Cameron Tucker",7,4,11,1.75,-4.0675687740261,-0.5810812534323,-1.01689219350653,33,4.71428571428571,8.25,0.285714285714286,0,0,NA,NA,NA,NA,NA,NA,NA,"P5"
"356","Illinois","fbs","Big Ten",2015,534652,"Wes Lunt",5,4,11,1.25,-0.493480777871423,-0.0986961555742846,-0.123370194467856,14,2.8,3.5,0.6,1,0,NA,NA,NA,NA,NA,NA,NA,"P5"
"356","Illinois","fbs","Big Ten",2015,546063,"Marchie Murdock",1,1,11,1,1.19049709987139,1.19049709987139,1.19049709987139,19,19,19,1,0,0,NA,NA,NA,NA,NA,NA,NA,"P5"
"356","Illinois","fbs","Big Ten",2015,546068,"Kendrick Foster",15,3,11,5,2.73743500203935,0.182495666802623,0.912478334013116,78,5.2,26,0.6,1,0,NA,NA,NA,NA,NA,NA,NA,"P5"
"356","Illinois","fbs","Big Ten",2015,3115912,"Chayce Crouch",21,6,11,3.5,4.76795004988816,0.227045240470865,0.794658341648027,92,4.38095238095238,15.3333333333333,0.476190476190476,1,0,NA,NA,NA,NA,NA,NA,NA,"P5"
"356","Illinois","fbs","Big Ten",2015,3892679,"Henry Enyenihi",12,5,11,2.4,-2.49208678453385,-0.207673898711154,-0.498417356906769,24,2,4.8,0.333333333333333,0,0,NA,NA,NA,NA,NA,NA,NA,"P5"
"356","Illinois","fbs","Big Ten",2015,3917612,"Ke'Shawn Vaughn",141,10,11,14.1,-25.6221116733898,-0.181717104066594,-2.56221116733898,654,4.63829787234043,65.4,0.304964539007092,6,1,237,235,222,237,111,176,117,"P5"
"356","Illinois","fbs","Big Ten",2015,3917636,"Desmond Cain",1,1,11,1,-0.0490613731263481,-0.0490613731263481,-0.0490613731263481,5,5,5,0,0,0,NA,NA,NA,NA,NA,NA,NA,"P5"
"36","Colorado State","fbs","Mountain West",2015,515525,"Nu'uvali Fa'apito",4,2,11,2,2.93434125753827,0.733585314384568,1.46717062876914,4,1,2,0.75,2,0,NA,NA,NA,NA,NA,NA,NA,"G5"
"36","Colorado State","fbs","Mountain West",2015,532679,"Joe Hansley",3,3,11,1,-0.496262109563438,-0.165420703187813,-0.165420703187813,11,3.66666666666667,3.66666666666667,0.333333333333333,0,0,NA,NA,NA,NA,NA,NA,NA,"G5"
"36","Colorado State","fbs","Mountain West",2015,532684,"Craig Leonard",8,3,11,2.66666666666667,0.390971167676255,0.0488713959595319,0.130323722558752,33,4.125,11,0.625,0,0,NA,NA,NA,NA,NA,NA,NA,"G5"
"36","Colorado State","fbs","Mountain West",2015,532687,"Jasen Oden Jr.",132,10,11,13.2,8.66507474585311,0.0656445056504023,0.866507474585311,615,4.65909090909091,61.5,0.424242424242424,5,0,101,99,98,119.5,124,171,127,"G5"
"36","Colorado State","fbs","Mountain West",2015,532696,"Jordon Vaden",1,1,11,1,1.24638150756098,1.24638150756098,1.24638150756098,16,16,16,1,0,0,NA,NA,NA,NA,NA,NA,NA,"G5"
"36","Colorado State","fbs","Mountain West",2015,546237,"Deonte Clyburn",1,1,11,1,4.23743449471728,4.23743449471728,4.23743449471728,13,13,13,1,0,0,NA,NA,NA,NA,NA,NA,NA,"G5"
"36","Colorado State","fbs","Mountain West",2015,546244,"Rashard Higgins",2,2,11,1,0.83130396715846,0.41565198357923,0.41565198357923,21,10.5,10.5,0.5,0,0,NA,NA,NA,NA,NA,NA,NA,"G5"
"36","Colorado State","fbs","Mountain West",2015,546267,"Nick Stevens",25,10,11,2.5,12.1197292307097,0.484789169228387,1.21197292307097,103,4.12,10.3,0.6,2,1,NA,NA,NA,NA,NA,NA,NA,"G5"
"36","Colorado State","fbs","Mountain West",2015,546270,"Xavier Williams",2,1,11,2,-0.552780055141445,-0.276390027570723,-0.552780055141445,7,3.5,7,0.5,0,0,NA,NA,NA,NA,NA,NA,NA,"G5"
"36","Colorado State","fbs","Mountain West",2015,550169,"Dalyn Dawkins",151,10,11,15.1,-31.0630323944706,-0.205715446320998,-3.10630323944706,771,5.10596026490066,77.1,0.390728476821192,2,4,242,244,231,160,80.5,134,74,"G5"
"36","Colorado State","fbs","Mountain West",2015,3124393,"Deionte Gaines",11,5,11,2.2,8.50964851389748,0.773604410354317,1.7019297027795,120,10.9090909090909,24,0.727272727272727,1,0,NA,NA,NA,NA,NA,NA,NA,"G5"
"36","Colorado State","fbs","Mountain West",2015,3124397,"Treyous Jarrells",7,1,11,7,-3.05775464542221,-0.436822092203173,-3.05775464542221,28,4,28,0.142857142857143,0,0,NA,NA,NA,NA,NA,NA,NA,"G5"
"36","Colorado State","fbs","Mountain West",2015,3124401,"Coleman Key",6,2,11,3,0.353673738888648,0.0589456231481081,0.176836869444324,32,5.33333333333333,16,0.333333333333333,0,2,NA,NA,NA,NA,NA,NA,NA,"G5"
"36","Colorado State","fbs","Mountain West",2015,3124518,"Deron Thompson",1,1,11,1,-0.454894668206161,-0.454894668206161,-0.454894668206161,2,2,2,0,0,0,NA,NA,NA,NA,NA,NA,NA,"G5"
"36","Colorado State","fbs","Mountain West",2015,3124519,"Steven Walker",1,1,11,1,0.308943019517679,0.308943019517679,0.308943019517679,4,4,4,1,0,0,NA,NA,NA,NA,NA,NA,NA,"G5"
"36","Colorado State","fbs","Mountain West",2015,3929913,"Izzy Matthews",79,8,11,9.875,12.3088029890897,0.155807632773287,1.53860037363621,450,5.69620253164557,56.25,0.506329113924051,4,0,76,59,48,22.5,196,93,143,"G5"
"38","Colorado","fbs","Pac-12",2015,535778,"Christian Powell",51,10,11,5.1,-3.69016363314716,-0.0723561496695521,-0.369016363314716,245,4.80392156862745,24.5,0.490196078431373,3,1,NA,NA,NA,NA,NA,NA,NA,"P5"
"38","Colorado","fbs","Pac-12",2015,547342,"Jaleel Awini",4,1,11,4,2.8955519373287,0.723887984332175,2.8955519373287,20,5,20,0.75,0,0,NA,NA,NA,NA,NA,NA,NA,"P5"
"38","Colorado","fbs","Pac-12",2015,550268,"Jordan Gehrke",2,2,11,1,-0.232353791553789,-0.116176895776894,-0.116176895776894,6,3,3,0.5,0,0,NA,NA,NA,NA,NA,NA,NA,"P5"
"38","Colorado","fbs","Pac-12",2015,550277,"Phillip Lindsay",115,11,11,10.4545454545455,-7.10578239388641,-0.0617894121207514,-0.645980217626037,509,4.42608695652174,46.2727272727273,0.339130434782609,4,1,181,178,175,217,170,193,195,"P5"
"38","Colorado","fbs","Pac-12",2015,550278,"Sefo Liufau",66,9,11,7.33333333333333,12.9472796605495,0.19617090394772,1.43858662894995,298,4.51515151515152,33.1111111111111,0.454545454545455,5,1,NA,NA,NA,NA,NA,NA,NA,"P5"
"38","Colorado","fbs","Pac-12",2015,550282,"Devin Ross",1,1,11,1,-0.367702268728973,-0.367702268728973,-0.367702268728973,3,3,3,0,0,0,NA,NA,NA,NA,NA,NA,NA,"P5"
"38","Colorado","fbs","Pac-12",2015,550667,"Michael Adkins II",20,2,11,10,5.41627300460902,0.270813650230451,2.70813650230451,122,6.1,61,0.55,1,0,NA,NA,NA,NA,NA,NA,NA,"P5"
"38","Colorado","fbs","Pac-12",2015,3122602,"Cade Apsay",13,4,11,3.25,-11.900840779127,-0.915449290702074,-2.97521019478174,52,4,13,0.153846153846154,0,1,NA,NA,NA,NA,NA,NA,NA,"P5"
"38","Colorado","fbs","Pac-12",2015,3122606,"Kyle Evans",3,1,11,3,-1.12754621888781,-0.375848739629271,-1.12754621888781,4,1.33333333333333,4,0.333333333333333,0,0,NA,NA,NA,NA,NA,NA,NA,"P5"
"38","Colorado","fbs","Pac-12",2015,3122607,"Shay Fields",2,2,11,1,-0.916987790331957,-0.458493895165979,-0.458493895165979,8,4,4,0.5,0,0,NA,NA,NA,NA,NA,NA,NA,"P5"
"38","Colorado","fbs","Pac-12",2015,3122620,"Donovan Lee",39,8,11,4.875,6.06131572003827,0.155418351795853,0.757664465004784,195,5,24.375,0.512820512820513,2,0,NA,NA,NA,NA,NA,NA,NA,"P5"
"38","Colorado","fbs","Pac-12",2015,3915427,"Patrick Carr",66,10,11,6.6,-15.2378645045333,-0.230876734917171,-1.52378645045333,272,4.12121212121212,27.2,0.287878787878788,1,0,NA,NA,NA,NA,NA,NA,NA,"P5"
"41","UConn","fbs","American Athletic",2015,512099,"Max DeLorenzo",13,5,11,2.6,-3.98231134918166,-0.306331642244743,-0.796462269836332,36,2.76923076923077,7.2,0.153846153846154,0,0,NA,NA,NA,NA,NA,NA,NA,"G5"
"41","UConn","fbs","American Athletic",2015,533263,"Justin Wain",1,1,11,1,3.26718898264345,3.26718898264345,3.26718898264345,13,13,13,1,0,0,NA,NA,NA,NA,NA,NA,NA,"G5"
"41","UConn","fbs","American Athletic",2015,546675,"Tim Boyle",4,3,11,1.33333333333333,-2.47536706212861,-0.618841765532152,-0.825122354042869,6,1.5,2,0,0,0,NA,NA,NA,NA,NA,NA,NA,"G5"
"41","UConn","fbs","American Athletic",2015,546690,"Josh Marriner",13,5,11,2.6,-5.86261800794423,-0.45097061599571,-1.17252360158885,19,1.46153846153846,3.8,0.0769230769230769,0,0,NA,NA,NA,NA,NA,NA,NA,"G5"
"41","UConn","fbs","American Athletic",2015,546700,"Noel Thomas",4,3,11,1.33333333333333,0.342935079976633,0.0857337699941582,0.114311693325544,14,3.5,4.66666666666667,0.5,0,0,NA,NA,NA,NA,NA,NA,NA,"G5"
"41","UConn","fbs","American Athletic",2015,549956,"Bryant Shirreffs",94,10,11,9.4,9.26533936886341,0.0985674400942916,0.926533936886341,537,5.71276595744681,53.7,0.468085106382979,3,4,95,93,79,57,159,89,157,"G5"
"41","UConn","fbs","American Athletic",2015,3125902,"Ron Johnson",65,9,11,7.22222222222222,-26.3535201313123,-0.405438771250959,-2.92816890347915,151,2.32307692307692,16.7777777777778,0.261538461538462,3,2,NA,NA,NA,NA,NA,NA,NA,"G5"
"41","UConn","fbs","American Athletic",2015,3125907,"Arkeel Newsome",170,11,11,15.4545454545455,-20.2308172779514,-0.119004807517361,-1.83916520708649,755,4.44117647058824,68.6363636363636,0.370588235294118,6,1,221,219,204,183.5,87,192,102,"G5"
"41","UConn","fbs","American Athletic",2015,3921916,"Garrett Anderson",2,1,11,2,0.0796028668370927,0.0398014334185463,0.0796028668370927,12,6,12,1,0,0,NA,NA,NA,NA,NA,NA,NA,"G5"
"41","UConn","fbs","American Athletic",2015,3921918,"Tyraiq Beals",1,1,11,1,1.89036893394652,1.89036893394652,1.89036893394652,15,15,15,1,0,0,NA,NA,NA,NA,NA,NA,NA,"G5"
"52","Florida State","fbs","ACC",2015,515409,"Everett Golson",29,8,11,3.625,-5.98479469715883,-0.206372230936511,-0.748099337144854,123,4.24137931034483,15.375,0.344827586206897,0,2,NA,NA,NA,NA,NA,NA,NA,"P5"
"52","Florida State","fbs","ACC",2015,530299,"Sean Maguire",1,1,11,1,-0.525428245535089,-0.525428245535089,-0.525428245535089,4,4,4,0,0,1,NA,NA,NA,NA,NA,NA,NA,"P5"
"52","Florida State","fbs","ACC",2015,530302,"Mario Pender",30,3,11,10,-1.6744611276212,-0.0558153709207067,-0.558153709207067,140,4.66666666666667,46.6666666666667,0.366666666666667,1,0,NA,NA,NA,NA,NA,NA,NA,"P5"
"52","Florida State","fbs","ACC",2015,546812,"Freddie Stevenson",3,3,11,1,-0.877987024581747,-0.292662341527249,-0.292662341527249,9,3,3,0.333333333333333,0,0,NA,NA,NA,NA,NA,NA,NA,"P5"
"52","Florida State","fbs","ACC",2015,546816,"Kermit Whitfield",5,3,11,1.66666666666667,0.534965612561323,0.106993122512265,0.178321870853774,29,5.8,9.66666666666667,0.4,0,0,NA,NA,NA,NA,NA,NA,NA,"P5"
"52","Florida State","fbs","ACC",2015,546817,"Jesus Wilson",2,2,11,1,-0.617486011681965,-0.308743005840983,-0.308743005840983,6,3,3,0,0,0,NA,NA,NA,NA,NA,NA,NA,"P5"
"52","Florida State","fbs","ACC",2015,3116593,"Dalvin Cook",195,10,11,19.5,52.9460482003442,0.271518195899201,5.29460482003442,1549,7.94358974358974,154.9,0.461538461538462,16,2,3,4,19,65,7,2,3,"P5"
"52","Florida State","fbs","ACC",2015,3122939,"Johnathan Vickers",23,3,11,7.66666666666667,-3.21976436273383,-0.139989754901471,-1.07325478757794,111,4.82608695652174,37,0.391304347826087,1,0,NA,NA,NA,NA,NA,NA,NA,"P5"
"52","Florida State","fbs","ACC",2015,3693033,"Jacques Patrick",45,5,11,9,0.617424759566055,0.013720550212579,0.123484951913211,235,5.22222222222222,47,0.377777777777778,3,1,NA,NA,NA,NA,NA,NA,NA,"P5"
"57","Florida","fbs","SEC",2015,511336,"Josh Grady",2,1,13,2,0.945618115466133,0.472809057733067,0.945618115466133,21,10.5,21,1,0,0,NA,NA,NA,NA,NA,NA,NA,"P5"
"57","Florida","fbs","SEC",2015,535916,"Mark Herndon",4,3,13,1.33333333333333,-6.87451297630064,-1.71862824407516,-2.29150432543355,10,2.5,3.33333333333333,0,0,1,NA,NA,NA,NA,NA,NA,NA,"P5"
"57","Florida","fbs","SEC",2015,546314,"Demarcus Robinson",2,2,13,1,-2.51633848530063,-1.25816924265032,-1.25816924265032,3,1.5,1.5,0,0,0,NA,NA,NA,NA,NA,NA,NA,"P5"
"57","Florida","fbs","SEC",2015,546318,"Kelvin Taylor",245,13,13,18.8461538461538,-22.9184122531113,-0.0935445398086176,-1.76295478870087,955,3.89795918367347,73.4615384615385,0.36734693877551,13,0,228,217,196,188,44,228,80,"P5"
"57","Florida","fbs","SEC",2015,551320,"Case Harrison",5,1,13,5,-5.33227073160639,-1.06645414632128,-5.33227073160639,17,3.4,17,0.4,0,0,NA,NA,NA,NA,NA,NA,NA,"P5"
"57","Florida","fbs","SEC",2015,559556,"Will Grier",23,5,13,4.6,7.50083684894188,0.326123341258343,1.50016736978838,176,7.65217391304348,35.2,0.608695652173913,2,1,NA,NA,NA,NA,NA,NA,NA,"P5"
"57","Florida","fbs","SEC",2015,559559,"Brandon Powell",14,8,13,1.75,-6.01534768874309,-0.429667692053078,-0.751918461092886,31,2.21428571428571,3.875,0.214285714285714,0,0,NA,NA,NA,NA,NA,NA,NA,"P5"
"57","Florida","fbs","SEC",2015,3121647,"Treon Harris",55,10,13,5.5,5.43199339208635,0.0987635162197518,0.543199339208635,368,6.69090909090909,36.8,0.436363636363636,0,2,NA,NA,NA,NA,NA,NA,NA,"P5"
"57","Florida","fbs","SEC",2015,3915097,"Antonio Callaway",3,3,13,1,1.37190834498176,0.457302781660587,0.457302781660587,19,6.33333333333333,6.33333333333333,0.666666666666667,0,0,NA,NA,NA,NA,NA,NA,NA,"P5"
"57","Florida","fbs","SEC",2015,3915098,"Jordan Cronkrite",41,10,13,4.1,-0.533861185557096,-0.0130210045257828,-0.0533861185557096,140,3.41463414634146,14,0.463414634146341,3,1,NA,NA,NA,NA,NA,NA,NA,"P5"
"57","Florida","fbs","SEC",2015,3915115,"Jordan Scarlett",34,9,13,3.77777777777778,-1.79574197802395,-0.0528159405301163,-0.199526886447106,181,5.32352941176471,20.1111111111111,0.352941176470588,1,0,NA,NA,NA,NA,NA,NA,NA,"P5"
"58","South Florida","fbs","American Athletic",2015,514754,"Corian Hamilton",1,1,11,1,-0.951869186398211,-0.951869186398211,-0.951869186398211,4,4,4,0,0,0,NA,NA,NA,NA,NA,NA,NA,"G5"
"58","South Florida","fbs","American Athletic",2015,539215,"Steven Bench",5,2,11,2.5,2.55167479345538,0.510334958691076,1.27583739672769,25,5,12.5,0.4,1,1,NA,NA,NA,NA,NA,NA,NA,"G5"
"58","South Florida","fbs","American Athletic",2015,549802,"Darius Tice",75,11,11,6.81818181818182,-6.1287831300215,-0.0817171084002867,-0.557162102729227,371,4.94666666666667,33.7272727272727,0.506666666666667,3,2,177,173,191,21,220,147,235,"G5"
"58","South Florida","fbs","American Athletic",2015,552748,"Rodney Adams",6,4,11,1.5,1.12805049153633,0.188008415256056,0.282012622884084,42,7,10.5,0.5,0,0,NA,NA,NA,NA,NA,NA,NA,"G5"
"58","South Florida","fbs","American Athletic",2015,558000,"Evan Wilson",1,1,11,1,-3.24973242650469,-3.24973242650469,-3.24973242650469,-24,-24,-24,0,0,1,NA,NA,NA,NA,NA,NA,NA,"G5"
"58","South Florida","fbs","American Athletic",2015,3139591,"Quinton Flowers",147,11,11,13.3636363636364,15.4678752180847,0.105223640939352,1.40617047437134,886,6.02721088435374,80.5454545454545,0.448979591836735,9,1,60,63,75,80,61,66,68,"G5"
"58","South Florida","fbs","American Athletic",2015,3139602,"D'Ernest Johnson",66,11,11,6,-10.1571126790572,-0.153895646652382,-0.923373879914294,264,4,24,0.333333333333333,1,1,NA,NA,NA,NA,NA,NA,NA,"G5"
"58","South Florida","fbs","American Athletic",2015,3139605,"Marlon Mack",172,10,11,17.2,21.703585073363,0.126183634147459,2.1703585073363,1130,6.56976744186047,113,0.447674418604651,7,2,43,42,62,85,28,35,21,"G5"
"58","South Florida","fbs","American Athletic",2015,3923368,"Chris Barr",1,1,11,1,-1.11779834218993,-1.11779834218993,-1.11779834218993,-3,-3,-3,0,0,0,NA,NA,NA,NA,NA,NA,NA,"G5"
"58","South Florida","fbs","American Athletic",2015,3923389,"Jordan Reed",1,1,11,1,-0.126342005844632,-0.126342005844632,-0.126342005844632,4,4,4,0,0,0,NA,NA,NA,NA,NA,NA,NA,"G5"
"59","Georgia Tech","fbs","ACC",2015,516371,"Patrick Skov",81,10,11,8.1,1.05109977921631,0.012976540484152,0.105109977921631,302,3.7283950617284,30.2,0.382716049382716,3,1,139,139,137,174,240.5,233,244,"P5"
"59","Georgia Tech","fbs","ACC",2015,517040,"Broderick Snoddy",17,5,11,3.4,-8.98428082841153,-0.528487107553619,-1.79685616568231,130,7.64705882352941,26,0.411764705882353,1,3,NA,NA,NA,NA,NA,NA,NA,"P5"
"59","Georgia Tech","fbs","ACC",2015,531104,"Justin Thomas",126,11,11,11.4545454545455,-31.9921173370549,-0.253905693151229,-2.90837430336863,560,4.44444444444444,50.9090909090909,0.388888888888889,5,9,245,241,240,163,149,191,171,"P5"
"59","Georgia Tech","fbs","ACC",2015,531107,"Marcus Allen",32,7,11,4.57142857142857,-4.36226458156969,-0.136320768174053,-0.623180654509956,145,4.53125,20.7142857142857,0.3125,2,1,NA,NA,NA,NA,NA,NA,NA,"P5"
"59","Georgia Tech","fbs","ACC",2015,531112,"Isiah Willis",31,9,11,3.44444444444444,7.95402795405612,0.256581546905036,0.883780883784013,168,5.41935483870968,18.6666666666667,0.709677419354839,0,1,NA,NA,NA,NA,NA,NA,NA,"P5"
"59","Georgia Tech","fbs","ACC",2015,531116,"Austin McClellan",3,1,11,3,2.28763520045979,0.762545066819931,2.28763520045979,26,8.66666666666667,26,1,0,0,NA,NA,NA,NA,NA,NA,NA,"P5"
"59","Georgia Tech","fbs","ACC",2015,551555,"Chase Alford",1,1,11,1,3.12533871179416,3.12533871179416,3.12533871179416,9,9,9,1,0,0,NA,NA,NA,NA,NA,NA,NA,"P5"
"59","Georgia Tech","fbs","ACC",2015,551557,"Ryan Braswell",3,1,11,3,-1.50496731096758,-0.501655770322527,-1.50496731096758,5,1.66666666666667,5,0,0,0,NA,NA,NA,NA,NA,NA,NA,"P5"
"59","Georgia Tech","fbs","ACC",2015,551573,"Brady Swilling",6,1,11,6,-0.877996690480259,-0.14633278174671,-0.877996690480259,49,8.16666666666667,49,0.333333333333333,0,0,NA,NA,NA,NA,NA,NA,NA,"P5"
"59","Georgia Tech","fbs","ACC",2015,3116614,"Matthew Jordan",32,3,11,10.6666666666667,-8.17484670539708,-0.255463959543659,-2.72494890179903,162,5.0625,54,0.46875,2,6,NA,NA,NA,NA,NA,NA,NA,"P5"
"59","Georgia Tech","fbs","ACC",2015,3116623,"Clinton Lynch",46,11,11,4.18181818181818,35.1810536155432,0.764805513381373,3.19827760141302,440,9.56521739130435,40,0.717391304347826,5,0,NA,NA,NA,NA,NA,NA,NA,"P5"
"59","Georgia Tech","fbs","ACC",2015,3116631,"Qua Searcy",12,2,11,6,2.41762847164536,0.20146903930378,1.20881423582268,51,4.25,25.5,0.5,1,0,NA,NA,NA,NA,NA,NA,NA,"P5"
"59","Georgia Tech","fbs","ACC",2015,3917810,"TaQuon Marshall",7,5,11,1.4,1.38699848126111,0.198142640180159,0.277399696252222,40,5.71428571428571,8,0.571428571428571,0,0,NA,NA,NA,NA,NA,NA,NA,"P5"
"59","Georgia Tech","fbs","ACC",2015,3917814,"Marcus Marshall",77,10,11,7.7,-0.496715690690574,-0.00645085312585161,-0.0496715690690574,465,6.03896103896104,46.5,0.337662337662338,2,1,148,148,148,218,187,62,194,"P5"
"59","Georgia Tech","fbs","ACC",2015,3917816,"Mikell Lands-Davis",19,7,11,2.71428571428571,-13.1435790466637,-0.691767318245457,-1.87765414952338,45,2.36842105263158,6.42857142857143,0.315789473684211,0,2,NA,NA,NA,NA,NA,NA,NA,"P5"
"59","Georgia Tech","fbs","ACC",2015,3917833,"Brad Stewart",1,1,11,1,-2.62879929945634,-2.62879929945634,-2.62879929945634,-10,-10,-10,0,0,0,NA,NA,NA,NA,NA,NA,NA,"P5"
"6","South Alabama","fbs","Sun Belt",2015,519703,"Danny Woodson",1,1,11,1,-1.40156474862661,-1.40156474862661,-1.40156474862661,-7,-7,-7,0,0,0,NA,NA,NA,NA,NA,NA,NA,"G5"
"6","South Alabama","fbs","Sun Belt",2015,530671,"Dami Ayoola",34,10,11,3.4,-9.84549891492898,-0.289573497497911,-0.984549891492898,98,2.88235294117647,9.8,0.235294117647059,0,0,NA,NA,NA,NA,NA,NA,NA,"G5"
"6","South Alabama","fbs","Sun Belt",2015,531691,"Aleem Sunanon",1,1,11,1,-2.86402188336487,-2.86402188336487,-2.86402188336487,-3,-3,-3,0,0,0,NA,NA,NA,NA,NA,NA,NA,"G5"
"6","South Alabama","fbs","Sun Belt",2015,532170,"Terrance Timmons",54,10,11,5.4,-11.1063963914055,-0.20567400724825,-1.11063963914055,208,3.85185185185185,20.8,0.277777777777778,0,0,NA,NA,NA,NA,NA,NA,NA,"G5"
"6","South Alabama","fbs","Sun Belt",2015,535753,"Josh Magee",1,1,11,1,-1.03234938135301,-1.03234938135301,-1.03234938135301,-2,-2,-2,0,0,0,NA,NA,NA,NA,NA,NA,NA,"G5"
"6","South Alabama","fbs","Sun Belt",2015,546764,"Xavier Johnson",136,11,11,12.3636363636364,13.5028932264278,0.0992859796060864,1.22753574785707,814,5.98529411764706,74,0.404411764705882,5,1,70,77,78,143,72,70,78.5,"G5"
"6","South Alabama","fbs","Sun Belt",2015,3125257,"Claude Garrett",2,2,11,1,-2.29632893619543,-1.14816446809771,-1.14816446809771,3,1.5,1.5,0.5,0,0,NA,NA,NA,NA,NA,NA,NA,"G5"
"6","South Alabama","fbs","Sun Belt",2015,3125259,"Dallas Davis",6,2,11,3,3.37134219618382,0.561890366030637,1.68567109809191,24,4,12,0.666666666666667,0,0,NA,NA,NA,NA,NA,NA,NA,"G5"
"6","South Alabama","fbs","Sun Belt",2015,3918634,"Cody Clements",56,11,11,5.09090909090909,7.88361278643442,0.140778799757757,0.716692071494038,254,4.53571428571429,23.0909090909091,0.517857142857143,3,3,NA,NA,NA,NA,NA,NA,NA,"G5"
"6","South Alabama","fbs","Sun Belt",2015,3918635,"D.J. Vinson",3,2,11,1.5,-1.7352644625154,-0.578421487505133,-0.8676322312577,5,1.66666666666667,2.5,0.333333333333333,1,0,NA,NA,NA,NA,NA,NA,NA,"G5"
"6","South Alabama","fbs","Sun Belt",2015,3918636,"Tyreis Thomas",103,10,11,10.3,-0.167474284193927,-0.00162596392421288,-0.0167474284193927,496,4.81553398058252,49.6,0.41747572815534,2,0,145,145,145,133,174,161,179,"G5"
"6","South Alabama","fbs","Sun Belt",2015,3918639,"Gerald Everett",8,5,11,1.6,3.55691444923493,0.444614306154367,0.711382889846987,7,0.875,1.4,0.75,4,0,NA,NA,NA,NA,NA,NA,NA,"G5"
"61","Georgia","fbs","SEC",2015,530521,"Greyson Lambert",15,6,11,2.5,-7.9068666361098,-0.52712444240732,-1.3178111060183,30,2,5,0.333333333333333,1,4,NA,NA,NA,NA,NA,NA,NA,"P5"
"61","Georgia","fbs","SEC",2015,530931,"Faton Bauta",2,1,11,2,0.0521478295795792,0.0260739147897896,0.0521478295795792,7,3.5,7,0.5,0,0,NA,NA,NA,NA,NA,NA,NA,"P5"
"61","Georgia","fbs","SEC",2015,530937,"Keith Marshall",51,9,11,5.66666666666667,-0.810764372768287,-0.0158973406425154,-0.0900849303075875,266,5.2156862745098,29.5555555555556,0.411764705882353,3,0,NA,NA,NA,NA,NA,NA,NA,"P5"
"61","Georgia","fbs","SEC",2015,534671,"Quayvon Hicks",4,3,11,1.33333333333333,-0.684273894933421,-0.171068473733355,-0.22809129831114,9,2.25,3,0.5,0,0,NA,NA,NA,NA,NA,NA,NA,"P5"
"61","Georgia","fbs","SEC",2015,546328,"Reggie Davis",2,1,11,2,-1.06648786555871,-0.533243932779354,-1.06648786555871,1,0.5,1,0,0,0,NA,NA,NA,NA,NA,NA,NA,"P5"
"61","Georgia","fbs","SEC",2015,546329,"Brendan Douglas",30,8,11,3.75,-15.0097279606319,-0.500324265354397,-1.87621599507899,96,3.2,12,0.333333333333333,0,0,NA,NA,NA,NA,NA,NA,NA,"P5"
"61","Georgia","fbs","SEC",2015,3128720,"Nick Chubb",77,5,11,15.4,18.055803929274,0.234490960120442,3.6111607858548,616,8,123.2,0.467532467532468,5,1,50,13,29,58.5,123,1,14,"P5"
"61","Georgia","fbs","SEC",2015,3128721,"Sony Michel",192,11,11,17.4545454545455,-12.2987373097194,-0.0640559234881218,-1.11806702815631,976,5.08333333333333,88.7272727272727,0.34375,4,2,195,190,177,212,40,136,53,"P5"
"61","Georgia","fbs","SEC",2015,3128724,"Isaiah McKenzie",9,5,11,1.8,10.0229679144518,1.11366310160576,2.00459358289037,95,10.5555555555556,19,0.777777777777778,2,0,NA,NA,NA,NA,NA,NA,NA,"P5"
"61","Georgia","fbs","SEC",2015,3915174,"Terry Godwin",5,2,11,2.5,-1.27122938981129,-0.254245877962257,-0.635614694905643,12,2.4,6,0.6,0,0,NA,NA,NA,NA,NA,NA,NA,"P5"
"62","Hawai'i","fbs","Mountain West",2015,513330,"Max Wittek",9,6,11,1.5,5.52283831080493,0.613648701200547,0.920473051800821,33,3.66666666666667,5.5,0.555555555555556,1,1,NA,NA,NA,NA,NA,NA,NA,"G5"
"62","Hawai'i","fbs","Mountain West",2015,516282,"Quinton Pedroza",1,1,11,1,1.38047173669969,1.38047173669969,1.38047173669969,0,0,0,1,0,0,NA,NA,NA,NA,NA,NA,NA,"G5"
"62","Hawai'i","fbs","Mountain West",2015,516948,"Justin Vele",4,2,11,2,-1.20950381771518,-0.302375954428796,-0.604751908857592,8,2,4,0.25,0,0,NA,NA,NA,NA,NA,NA,NA,"G5"
"62","Hawai'i","fbs","Mountain West",2015,532976,"Ikaika Woolsey",37,9,11,4.11111111111111,-1.94621612159305,-0.052600435718731,-0.216246235732561,160,4.32432432432432,17.7777777777778,0.378378378378378,2,1,NA,NA,NA,NA,NA,NA,NA,"G5"
"62","Hawai'i","fbs","Mountain West",2015,536118,"Dylan Collie",2,1,11,2,-2.12598865822586,-1.06299432911293,-2.12598865822586,0,0,0,0,0,0,NA,NA,NA,NA,NA,NA,NA,"G5"
"62","Hawai'i","fbs","Mountain West",2015,536240,"Steven Lakalaka",36,5,11,7.2,-8.61093407016013,-0.239192613060004,-1.72218681403203,145,4.02777777777778,29,0.305555555555556,0,1,NA,NA,NA,NA,NA,NA,NA,"G5"
"62","Hawai'i","fbs","Mountain West",2015,547121,"Ryan Tuiasoa",18,4,11,4.5,-7.7124082230957,-0.428467123505317,-1.92810205577393,79,4.38888888888889,19.75,0.333333333333333,0,1,NA,NA,NA,NA,NA,NA,NA,"G5"
"62","Hawai'i","fbs","Mountain West",2015,547199,"Penitito Faalologo",1,1,11,1,2.21340990683053,2.21340990683053,2.21340990683053,4,4,4,1,0,0,NA,NA,NA,NA,NA,NA,NA,"G5"
"62","Hawai'i","fbs","Mountain West",2015,3154545,"Pereese Joas",2,1,11,2,-1.12184784856475,-0.560923924282376,-1.12184784856475,2,1,2,0,0,0,NA,NA,NA,NA,NA,NA,NA,"G5"
"62","Hawai'i","fbs","Mountain West",2015,3914919,"Paul Harris",170,10,11,17,4.0367300898772,0.0237454711169247,0.40367300898772,925,5.44117647058824,92.5,0.405882352941176,5,2,120,119,128,140,54,106,47,"G5"
"62","Hawai'i","fbs","Mountain West",2015,3933063,"Melvin Davis",45,7,11,6.42857142857143,-10.3239865982263,-0.229421924405029,-1.47485522831804,171,3.8,24.4285714285714,0.377777777777778,3,2,NA,NA,NA,NA,NA,NA,NA,"G5"
"66","Iowa State","fbs","Big 12",2015,511969,"Sam B. Richardson",26,7,11,3.71428571428571,-0.819343390454412,-0.0315132073251697,-0.117049055779202,116,4.46153846153846,16.5714285714286,0.5,1,1,NA,NA,NA,NA,NA,NA,NA,"P5"
"66","Iowa State","fbs","Big 12",2015,542676,"Mitchell Harger",6,2,11,3,-2.7493759138824,-0.458229318980401,-1.3746879569412,34,5.66666666666667,17,0.5,0,0,NA,NA,NA,NA,NA,NA,NA,"P5"
"66","Iowa State","fbs","Big 12",2015,545382,"Joel Lanning",69,10,11,6.9,23.1754890366017,0.335876652704372,2.31754890366017,454,6.57971014492754,45.4,0.565217391304348,4,4,39,36,9,5,193,34,199,"P5"
"66","Iowa State","fbs","Big 12",2015,545386,"Holden Kramer",1,1,11,1,2.40797465365202,2.40797465365202,2.40797465365202,3,3,3,1,0,0,NA,NA,NA,NA,NA,NA,NA,"P5"
"66","Iowa State","fbs","Big 12",2015,545392,"Tyler Brown",13,3,11,4.33333333333333,-6.15729602182984,-0.473638155525372,-2.05243200727661,26,2,8.66666666666667,0.153846153846154,0,0,NA,NA,NA,NA,NA,NA,NA,"P5"
"66","Iowa State","fbs","Big 12",2015,3128394,"Colin Downing",1,1,11,1,4.18672436248388,4.18672436248388,4.18672436248388,8,8,8,1,0,0,NA,NA,NA,NA,NA,NA,NA,"P5"
"66","Iowa State","fbs","Big 12",2015,3128397,"Jauan Wesley",3,3,11,1,-0.0282664138979949,-0.0094221379659983,-0.0094221379659983,7,2.33333333333333,2.33333333333333,0.333333333333333,0,0,NA,NA,NA,NA,NA,NA,NA,"P5"
"66","Iowa State","fbs","Big 12",2015,3128401,"Mike Warren",219,11,11,19.9090909090909,-15.9869185782641,-0.0729996282112517,-1.45335623438765,1317,6.01369863013699,119.727272727273,0.447488584474886,5,5,209,202,183,87,14,67,17,"P5"
"66","Iowa State","fbs","Big 12",2015,3139154,"Trever Ryen",16,9,11,1.77777777777778,-1.40497411185734,-0.0878108819910838,-0.156108234650816,71,4.4375,7.88888888888889,0.4375,1,1,NA,NA,NA,NA,NA,NA,NA,"P5"
"66","Iowa State","fbs","Big 12",2015,3917934,"Joshua Thomas",69,11,11,6.27272727272727,-0.891058901316514,-0.0129138971205292,-0.0810053546651376,284,4.11594202898551,25.8181818181818,0.492753623188406,6,1,149,149,153,40,246.5,219,251,"P5"
"68","Boise State","fbs","Mountain West",2015,511943,"Kelsey Young",83,10,11,8.3,8.85421767099455,0.106677321337284,0.885421767099455,419,5.04819277108434,41.9,0.493975903614458,5,1,98,98,73,36.5,203,138,211,"G5"
"68","Boise State","fbs","Mountain West",2015,531739,"Chaz Anderson",1,1,11,1,0.290426422184574,0.290426422184574,0.290426422184574,8,8,8,1,0,0,NA,NA,NA,NA,NA,NA,NA,"G5"
"68","Boise State","fbs","Mountain West",2015,531746,"Devan Demas",26,6,11,4.33333333333333,-2.15537876119429,-0.0828991831228572,-0.359229793532381,106,4.07692307692308,17.6666666666667,0.423076923076923,1,1,NA,NA,NA,NA,NA,NA,NA,"G5"
"68","Boise State","fbs","Mountain West",2015,531747,"Jack Fields",4,2,11,2,-3.53175267498584,-0.88293816874646,-1.76587633749292,11,2.75,5.5,0,0,0,NA,NA,NA,NA,NA,NA,NA,"G5"
"68","Boise State","fbs","Mountain West",2015,531761,"Shane Williams-Rhodes",9,6,11,1.5,1.35746505479212,0.150829450532458,0.226244175798687,51,5.66666666666667,8.5,0.333333333333333,1,0,NA,NA,NA,NA,NA,NA,NA,"G5"
"68","Boise State","fbs","Mountain West",2015,546224,"Thomas Sperbeck",4,3,11,1.33333333333333,2.7424915921118,0.68562289802795,0.914163864037266,41,10.25,13.6666666666667,0.75,0,0,NA,NA,NA,NA,NA,NA,NA,"G5"
"68","Boise State","fbs","Mountain West",2015,546288,"Ryan Finley",14,2,11,7,4.77695898021197,0.341211355729427,2.38847949010599,67,4.78571428571429,33.5,0.5,0,0,NA,NA,NA,NA,NA,NA,NA,"G5"
"68","Boise State","fbs","Mountain West",2015,547433,"Ryan Wolpin",11,4,11,2.75,0.825354330202268,0.0750322118365698,0.206338582550567,68,6.18181818181818,17,0.272727272727273,0,0,NA,NA,NA,NA,NA,NA,NA,"G5"
"68","Boise State","fbs","Mountain West",2015,3124371,"Thomas Stuart",12,6,11,2,-1.96063373192437,-0.163386144327031,-0.326772288654062,3,0.25,0.5,0.333333333333333,2,1,NA,NA,NA,NA,NA,NA,NA,"G5"
"68","Boise State","fbs","Mountain West",2015,3127586,"Jeremy McNichols",205,10,11,20.5,-7.72147960346111,-0.0376657541632249,-0.772147960346111,1175,5.73170731707317,117.5,0.365853658536585,15,3,183,182,166,190,26,87,19,"G5"
"68","Boise State","fbs","Mountain West",2015,3127590,"Alex Ogle",1,1,11,1,-0.366963729452342,-0.366963729452342,-0.366963729452342,3,3,3,0,0,0,NA,NA,NA,NA,NA,NA,NA,"G5"
"68","Boise State","fbs","Mountain West",2015,3127594,"Cory Young",8,2,11,4,-3.11649244664233,-0.389561555830292,-1.55824622332117,21,2.625,10.5,0.25,0,0,NA,NA,NA,NA,NA,NA,NA,"G5"
"68","Boise State","fbs","Mountain West",2015,3138677,"Leighton Vander Esch",1,1,11,1,3.91995352973218,3.91995352973218,3.91995352973218,10,10,10,1,0,0,NA,NA,NA,NA,NA,NA,NA,"G5"
"68","Boise State","fbs","Mountain West",2015,3722361,"Akilian Butler",2,1,11,2,1.84177345099216,0.92088672549608,1.84177345099216,13,6.5,13,0.5,1,0,NA,NA,NA,NA,NA,NA,NA,"G5"
"68","Boise State","fbs","Mountain West",2015,3722362,"Brett Rypien",21,8,11,2.625,9.09187659751374,0.432946504643512,1.13648457468922,50,2.38095238095238,6.25,0.476190476190476,1,2,NA,NA,NA,NA,NA,NA,NA,"G5"
"70","Idaho","fbs","Sun Belt",2015,517182,"Elijhaa Penny",198,10,10,19.8,1.94791193184938,0.00983793904974433,0.194791193184938,911,4.6010101010101,91.1,0.45959595959596,8,1,137,136,138,67,57,180,50,"G5"
"70","Idaho","fbs","Sun Belt",2015,553235,"Matt Linehan",50,9,10,5.55555555555556,22.3321371101876,0.446642742203752,2.48134856779863,283,5.66,31.4444444444444,0.58,4,2,NA,NA,NA,NA,NA,NA,NA,"G5"
"70","Idaho","fbs","Sun Belt",2015,3124888,"Aaron Duckworth",55,9,10,6.11111111111111,-16.6214087883186,-0.302207432514884,-1.84682319870207,174,3.16363636363636,19.3333333333333,0.218181818181818,0,1,NA,NA,NA,NA,NA,NA,NA,"G5"
"70","Idaho","fbs","Sun Belt",2015,3124900,"Jake Luton",22,5,10,4.4,7.04660561998237,0.320300255453744,1.40932112399647,101,4.59090909090909,20.2,0.590909090909091,5,0,NA,NA,NA,NA,NA,NA,NA,"G5"
"70","Idaho","fbs","Sun Belt",2015,3124907,"Isaiah Saunders",10,3,10,3.33333333333333,-2.07381314405466,-0.207381314405466,-0.691271048018219,31,3.1,10.3333333333333,0.4,0,0,NA,NA,NA,NA,NA,NA,NA,"G5"
"70","Idaho","fbs","Sun Belt",2015,3918087,"Callen Hightower",2,2,10,1,0.340661242736607,0.170330621368304,0.170330621368304,12,6,6,0.5,0,0,NA,NA,NA,NA,NA,NA,NA,"G5"
"77","Northwestern","fbs","Big Ten",2015,518323,"Zack Oliver",2,1,11,2,-0.845872509107394,-0.422936254553697,-0.845872509107394,2,1,2,0.5,1,0,NA,NA,NA,NA,NA,NA,NA,"P5"
"77","Northwestern","fbs","Big Ten",2015,518343,"Miles Shuler",2,1,11,2,0.942644163008557,0.471322081504278,0.942644163008557,30,15,30,0.5,0,0,NA,NA,NA,NA,NA,NA,NA,"P5"
"77","Northwestern","fbs","Big Ten",2015,533308,"Austin Carr",1,1,11,1,-1.37145660501588,-1.37145660501588,-1.37145660501588,-7,-7,-7,0,0,0,NA,NA,NA,NA,NA,NA,NA,"P5"
"77","Northwestern","fbs","Big Ten",2015,546734,"Matt Alviti",2,1,11,2,-2.30999453562266,-1.15499726781133,-2.30999453562266,5,2.5,5,0,0,0,NA,NA,NA,NA,NA,NA,NA,"P5"
"77","Northwestern","fbs","Big Ten",2015,546829,"Warren Long",44,10,11,4.4,2.22099978581034,0.0504772678593258,0.222099978581034,249,5.65909090909091,24.9,0.454545454545455,4,0,NA,NA,NA,NA,NA,NA,NA,"P5"
"77","Northwestern","fbs","Big Ten",2015,3116129,"Auston Anderson",3,1,11,3,-0.848192896636336,-0.282730965545445,-0.848192896636336,0,0,0,0,0,0,NA,NA,NA,NA,NA,NA,NA,"P5"
"77","Northwestern","fbs","Big Ten",2015,3116136,"Justin Jackson",275,11,11,25,-31.4630936841928,-0.114411249760701,-2.86028124401753,1262,4.58909090909091,114.727272727273,0.363636363636364,3,4,243,240,203,193,18,181,20,"P5"
"77","Northwestern","fbs","Big Ten",2015,3116144,"Clayton Thorson",70,11,11,6.36363636363636,13.6334577289048,0.194763681841497,1.23940524808225,468,6.68571428571429,42.5454545454545,0.428571428571429,4,6,69,74,35,113,184.5,29,209,"P5"
"77","Northwestern","fbs","Big Ten",2015,3116145,"Solomon Vault",46,11,11,4.18181818181818,-17.1319736467962,-0.372434209712961,-1.55745214970875,130,2.82608695652174,11.8181818181818,0.260869565217391,0,0,NA,NA,NA,NA,NA,NA,NA,"P5"
"77","Northwestern","fbs","Big Ten",2015,3915984,"Jelani Roberts",7,6,11,1.16666666666667,-2.525011585224,-0.360715940746285,-0.420835264203999,16,2.28571428571429,2.66666666666667,0.428571428571429,0,1,NA,NA,NA,NA,NA,NA,NA,"P5"
"8","Arkansas","fbs","SEC",2015,515915,"Brandon Allen",40,11,11,3.63636363636364,11.246241427571,0.281156035689274,1.02238558432463,195,4.875,17.7272727272727,0.55,0,1,NA,NA,NA,NA,NA,NA,NA,"P5"
"8","Arkansas","fbs","SEC",2015,515941,"Kody Walker",66,7,11,9.42857142857143,-8.1442183597425,-0.123397247874886,-1.1634597656775,258,3.90909090909091,36.8571428571429,0.348484848484849,3,1,NA,NA,NA,NA,NA,NA,NA,"P5"
"8","Arkansas","fbs","SEC",2015,535877,"Keon Hatcher",1,1,11,1,-0.695067552971847,-0.695067552971847,-0.695067552971847,0,0,0,0,0,0,NA,NA,NA,NA,NA,NA,NA,"P5"
"8","Arkansas","fbs","SEC",2015,547203,"Alex Collins",230,11,11,20.9090909090909,-5.62652942835862,-0.0244631714276462,-0.511502675305329,1211,5.26521739130435,110.090909090909,0.434782608695652,12,4,175,169,158,107.5,24,122,24,"P5"
"8","Arkansas","fbs","SEC",2015,547205,"Damon Mitchell",4,3,11,1.33333333333333,0.605045550458344,0.151261387614586,0.201681850152781,29,7.25,9.66666666666667,0.25,0,0,NA,NA,NA,NA,NA,NA,NA,"P5"
"8","Arkansas","fbs","SEC",2015,547218,"Toby Baker",1,1,11,1,-2.9013088301676,-2.9013088301676,-2.9013088301676,2,2,2,0,0,0,NA,NA,NA,NA,NA,NA,NA,"P5"
"8","Arkansas","fbs","SEC",2015,547223,"Adam McFain",1,1,11,1,-2.03184641565066,-2.03184641565066,-2.03184641565066,3,3,3,0,0,0,NA,NA,NA,NA,NA,NA,NA,"P5"
"8","Arkansas","fbs","SEC",2015,547232,"Drew Morgan",3,3,11,1,0.497301965878316,0.165767321959439,0.165767321959439,17,5.66666666666667,5.66666666666667,0.666666666666667,0,0,NA,NA,NA,NA,NA,NA,NA,"P5"
"8","Arkansas","fbs","SEC",2015,559629,"Jared Cornelius",5,3,11,1.66666666666667,6.01922769698272,1.20384553939654,2.00640923232757,85,17,28.3333333333333,0.6,1,0,NA,NA,NA,NA,NA,NA,NA,"P5"
"8","Arkansas","fbs","SEC",2015,3916914,"Dominique Reed",4,2,11,2,1.73247462600113,0.433118656500282,0.866237313000565,24,6,12,0.5,1,0,NA,NA,NA,NA,NA,NA,NA,"P5"
"84","Indiana","fbs","Big Ten",2015,521589,"Erich Toth",1,1,11,1,-4.10572305007653,-4.10572305007653,-4.10572305007653,-3,-3,-3,0,0,0,NA,NA,NA,NA,NA,NA,NA,"P5"
"84","Indiana","fbs","Big Ten",2015,535812,"Ricky Jones",2,2,11,1,1.09749817183913,0.548749085919563,0.548749085919563,20,10,10,1,0,0,NA,NA,NA,NA,NA,NA,NA,"P5"
"84","Indiana","fbs","Big Ten",2015,535819,"Mitchell Paige",1,1,11,1,-0.376835263133623,-0.376835263133623,-0.376835263133623,2,2,2,0,0,0,NA,NA,NA,NA,NA,NA,NA,"P5"
"84","Indiana","fbs","Big Ten",2015,535825,"Nate Sudfeld",28,9,11,3.11111111111111,-0.0969020555156072,-0.00346078769698597,-0.0107668950572897,77,2.75,8.55555555555556,0.571428571428571,5,3,NA,NA,NA,NA,NA,NA,NA,"P5"
"84","Indiana","fbs","Big Ten",2015,535829,"Andrew Wilson",23,4,11,5.75,-3.96958591248083,-0.172590691846993,-0.992396478120208,68,2.95652173913043,17,0.347826086956522,1,0,NA,NA,NA,NA,NA,NA,NA,"P5"
"84","Indiana","fbs","Big Ten",2015,552904,"Jordan Howard",169,8,11,21.125,49.5085559322257,0.292950035101927,6.18856949152821,1006,5.95266272189349,125.75,0.497041420118343,5,1,5,1,14,32,39,74,9,"P5"
"84","Indiana","fbs","Big Ten",2015,3128254,"Zander Diamont",15,2,11,7.5,7.12706157560899,0.475137438373932,3.56353078780449,151,10.0666666666667,75.5,0.4,2,0,NA,NA,NA,NA,NA,NA,NA,"P5"
"84","Indiana","fbs","Big Ten",2015,3128267,"Devine Redding",176,11,11,16,-42.5989035450234,-0.242039224687633,-3.87262759500212,736,4.18181818181818,66.9090909090909,0.295454545454545,6,0,254,251,236,243,94.5,212,108.5,"P5"
"84","Indiana","fbs","Big Ten",2015,3858264,"Alex Rodriguez",8,3,11,2.66666666666667,-2.47590348776243,-0.309487935970303,-0.825301162587476,19,2.375,6.33333333333333,0.25,0,0,NA,NA,NA,NA,NA,NA,NA,"P5"
"84","Indiana","fbs","Big Ten",2015,3858265,"Ricky Brookins",7,1,11,7,-2.59318174420795,-0.37045453488685,-2.59318174420795,60,8.57142857142857,60,0.285714285714286,0,1,NA,NA,NA,NA,NA,NA,NA,"P5"
"84","Indiana","fbs","Big Ten",2015,3929786,"Donavan Hale",1,1,11,1,-1.51841881536122,-1.51841881536122,-1.51841881536122,-4,-4,-4,0,0,0,NA,NA,NA,NA,NA,NA,NA,"P5"
"84","Indiana","fbs","Big Ten",2015,3929788,"Mike Majette",37,7,11,5.28571428571429,-3.84635071897345,-0.10395542483712,-0.549478674139064,181,4.89189189189189,25.8571428571429,0.297297297297297,0,1,NA,NA,NA,NA,NA,NA,NA,"P5"
"87","Notre Dame","fbs","FBS Independents",2015,513343,"Amir Carlisle",5,4,12,1.25,-0.140619728675194,-0.0281239457350388,-0.0351549321687986,18,3.6,4.5,0.2,0,0,NA,NA,NA,NA,NA,NA,NA,"P5"
"87","Notre Dame","fbs","FBS Independents",2015,535945,"Josh Anderson",2,1,12,2,-1.51996405159991,-0.759982025799956,-1.51996405159991,0,0,0,0,0,0,NA,NA,NA,NA,NA,NA,NA,"P5"
"87","Notre Dame","fbs","FBS Independents",2015,535958,"C.J. Prosise",156,10,12,15.6,22.7392470510191,0.1457644041732,2.27392470510191,1030,6.6025641025641,103,0.448717948717949,11,4,41,37,52,81.5,36,32,33.5,"P5"
"87","Notre Dame","fbs","FBS Independents",2015,550944,"Tarean Folston",3,1,12,3,-0.715818645129634,-0.238606215043211,-0.715818645129634,19,6.33333333333333,19,0.333333333333333,0,0,NA,NA,NA,NA,NA,NA,NA,"P5"
"87","Notre Dame","fbs","FBS Independents",2015,550947,"Torii Hunter Jr.",5,5,12,1,-0.676417030432739,-0.135283406086548,-0.135283406086548,16,3.2,3.2,0.4,0,0,NA,NA,NA,NA,NA,NA,NA,"P5"
"87","Notre Dame","fbs","FBS Independents",2015,550967,"Malik Zaire",17,2,12,8.5,0.345480408863733,0.0203223769919843,0.172740204431867,118,6.94117647058824,59,0.411764705882353,0,0,NA,NA,NA,NA,NA,NA,NA,"P5"
"87","Notre Dame","fbs","FBS Independents",2015,3129302,"DeShone Kizer",101,12,12,8.41666666666667,25.2782969540008,0.250280167861395,2.10652474616674,614,6.07920792079208,51.1666666666667,0.514851485148515,9,2,33,44,24,17,126,61,170,"P5"
"87","Notre Dame","fbs","FBS Independents",2015,3932420,"Josh Adams",103,11,12,9.36363636363636,12.3009444380844,0.119426645029946,1.11826767618949,757,7.3495145631068,68.8181818181818,0.436893203883495,5,2,77,83,68,103,86,11,101,"P5"
"87","Notre Dame","fbs","FBS Independents",2015,3932449,"Dexter Williams",19,5,12,3.8,1.0060075241985,0.0529477644315001,0.2012015048397,79,4.15789473684211,15.8,0.368421052631579,1,0,NA,NA,NA,NA,NA,NA,NA,"P5"
"87","Notre Dame","fbs","FBS Independents",2015,3932451,"Brandon Wimbush",6,2,12,3,5.4757637146912,0.912627285781866,2.7378818573456,108,18,54,0.666666666666667,1,0,NA,NA,NA,NA,NA,NA,NA,"P5"
"9","Arizona State","fbs","Pac-12",2015,517393,"Mike Bercovici",63,11,11,5.72727272727273,6.80267215994381,0.107978923173711,0.618424741813074,255,4.04761904761905,23.1818181818182,0.476190476190476,5,5,NA,NA,NA,NA,NA,NA,NA,"P5"
"9","Arizona State","fbs","Pac-12",2015,534754,"D.J. Foster",38,11,11,3.45454545454545,-0.177472994318419,-0.00467034195574787,-0.0161339085744017,193,5.07894736842105,17.5454545454545,0.394736842105263,1,0,NA,NA,NA,NA,NA,NA,NA,"P5"
"9","Arizona State","fbs","Pac-12",2015,534761,"Kody Kohl",1,1,11,1,3.45939787968023,3.45939787968023,3.45939787968023,28,28,28,1,1,0,NA,NA,NA,NA,NA,NA,NA,"P5"
"9","Arizona State","fbs","Pac-12",2015,3128774,"Kalen Ballage",113,9,11,12.5555555555556,-1.82252783432981,-0.0161285649055735,-0.202503092703312,627,5.54867256637168,69.6666666666667,0.36283185840708,4,1,155,156,156,195,119.5,101,97,"P5"
"9","Arizona State","fbs","Pac-12",2015,3128777,"Jacom Brimhall",3,3,11,1,-0.499531926459084,-0.166510642153028,-0.166510642153028,11,3.66666666666667,3.66666666666667,0,0,0,NA,NA,NA,NA,NA,NA,NA,"P5"
"9","Arizona State","fbs","Pac-12",2015,3128786,"Gump Hayes",7,4,11,1.75,4.02788737944028,0.575412482777182,1.00697184486007,44,6.28571428571429,11,0.571428571428571,0,0,NA,NA,NA,NA,NA,NA,NA,"P5"
"9","Arizona State","fbs","Pac-12",2015,3128800,"Demario Richard",173,10,11,17.3,2.90915585345047,0.016815929788731,0.290915585345047,937,5.41618497109827,93.7,0.38150289017341,5,2,133,131,133,178,51,110,44,"P5"
"9","Arizona State","fbs","Pac-12",2015,3128814,"Manny Wilkins",5,2,11,2.5,-0.91514860073044,-0.183029720146088,-0.45757430036522,41,8.2,20.5,0.2,0,0,NA,NA,NA,NA,NA,NA,NA,"P5"
"9","Arizona State","fbs","Pac-12",2015,3676004,"Jay Jay Wilson",1,1,11,1,0.164086723165846,0.164086723165846,0.164086723165846,1,1,1,1,0,0,NA,NA,NA,NA,NA,NA,NA,"P5"
"9","Arizona State","fbs","Pac-12",2015,3915403,"Tim White",1,1,11,1,0.491940016679262,0.491940016679262,0.491940016679262,10,10,10,1,0,0,NA,NA,NA,NA,NA,NA,NA,"P5"
"96","Kentucky","fbs","SEC",2015,530944,"Patrick Towles",39,8,11,4.875,15.9124544268951,0.408011651971669,1.98905680336188,207,5.30769230769231,25.875,0.538461538461538,4,1,NA,NA,NA,NA,NA,NA,NA,"P5"
"96","Kentucky","fbs","SEC",2015,551103,"Jojo Kemp",83,11,11,7.54545454545455,14.7348357800989,0.177528141928902,1.33953052546354,507,6.10843373493976,46.0909090909091,0.44578313253012,5,0,63,68,38,90,171,59,198,"P5"
"96","Kentucky","fbs","SEC",2015,551114,"Ryan Timmons",2,2,11,1,-0.671583240065205,-0.335791620032603,-0.335791620032603,1,0.5,0.5,0.5,0,0,NA,NA,NA,NA,NA,NA,NA,"P5"
"96","Kentucky","fbs","SEC",2015,559620,"Mikel Horton",75,11,11,6.81818181818182,-11.4740969745561,-0.152987959660748,-1.04309972495965,309,4.12,28.0909090909091,0.306666666666667,3,3,189,186,216,234,237,218,246,"P5"
"96","Kentucky","fbs","SEC",2015,559621,"Drew Barker",20,4,11,5,0.583207673492563,0.0291603836746282,0.145801918373141,77,3.85,19.25,0.5,1,0,NA,NA,NA,NA,NA,NA,NA,"P5"
"96","Kentucky","fbs","SEC",2015,3126329,"Garrett Johnson",1,1,11,1,-0.924463740848229,-0.924463740848229,-0.924463740848229,0,0,0,0,0,0,NA,NA,NA,NA,NA,NA,NA,"P5"
"96","Kentucky","fbs","SEC",2015,3126338,"Stanley Williams",125,10,11,12.5,18.5373361121068,0.148298688896854,1.85373361121068,929,7.432,92.9,0.448,6,2,48,50,51,84,53,8,46,"P5"
"96","Kentucky","fbs","SEC",2015,3915247,"Sihiem King",11,4,11,2.75,1.6852101359295,0.153200921448136,0.421302533982374,127,11.5454545454545,31.75,0.545454545454545,1,0,NA,NA,NA,NA,NA,NA,NA,"P5"
"97","Louisville","fbs","ACC",2015,500364,"Corvin Lamb",1,1,11,1,-0.662649383935592,-0.662649383935592,-0.662649383935592,-1,-1,-1,0,0,0,NA,NA,NA,NA,NA,NA,NA,"P5"
"97","Louisville","fbs","ACC",2015,511621,"Jermaine Reve",1,1,11,1,1.37545790097991,1.37545790097991,1.37545790097991,43,43,43,1,0,0,NA,NA,NA,NA,NA,NA,NA,"P5"
"97","Louisville","fbs","ACC",2015,530360,"Brandon Radcliff",125,10,11,12.5,-4.09742646115835,-0.0327794116892668,-0.409742646115835,580,4.64,58,0.36,6,1,162,162,160,198,144,175,138.5,"P5"
"97","Louisville","fbs","ACC",2015,533314,"Malin Jones",1,1,11,1,-1.06277997121595,-1.06277997121595,-1.06277997121595,2,2,2,0,0,0,NA,NA,NA,NA,NA,NA,NA,"P5"
"97","Louisville","fbs","ACC",2015,545559,"Kyle Bolin",4,3,11,1.33333333333333,0.675730430757392,0.168932607689348,0.225243476919131,20,5,6.66666666666667,0.75,0,1,NA,NA,NA,NA,NA,NA,NA,"P5"
"97","Louisville","fbs","ACC",2015,545561,"James Quick",1,1,11,1,0.599958598084358,0.599958598084358,0.599958598084358,8,8,8,1,0,0,NA,NA,NA,NA,NA,NA,NA,"P5"
"97","Louisville","fbs","ACC",2015,3116642,"Reggie Bonnafon",26,8,11,3.25,5.44524780936355,0.209432608052444,0.680655976170443,166,6.38461538461539,20.75,0.461538461538462,0,0,NA,NA,NA,NA,NA,NA,NA,"P5"
"97","Louisville","fbs","ACC",2015,3895431,"Traveon Samuel",3,2,11,1.5,5.19167403276061,1.7305580109202,2.59583701638031,51,17,25.5,1,0,0,NA,NA,NA,NA,NA,NA,NA,"P5"
"97","Louisville","fbs","ACC",2015,3895433,"Jeremy Smith",57,8,11,7.125,-15.9549619947691,-0.279911613943318,-1.99437024934614,266,4.66666666666667,33.25,0.403508771929825,3,3,NA,NA,NA,NA,NA,NA,NA,"P5"
"97","Louisville","fbs","ACC",2015,3916387,"Lamar Jackson",100,10,11,10,26.9807690414035,0.269807690414035,2.69807690414035,712,7.12,71.2,0.51,7,3,29,31,21,19,98,14,91,"P5"
"98","Western Kentucky","fbs","Conference USA",2015,504866,"Brandon Doughty",10,6,12,1.66666666666667,-4.09135936351712,-0.409135936351712,-0.681893227252854,8,0.8,1.33333333333333,0.4,1,3,NA,NA,NA,NA,NA,NA,NA,"G5"
"98","Western Kentucky","fbs","Conference USA",2015,515767,"Anthony Davis",23,7,12,3.28571428571429,-1.51455623037996,-0.0658502708860853,-0.216365175768566,90,3.91304347826087,12.8571428571429,0.347826086956522,1,2,NA,NA,NA,NA,NA,NA,NA,"G5"
"98","Western Kentucky","fbs","Conference USA",2015,536440,"Anthony Wales",124,8,12,15.5,37.3132420877102,0.300913242642824,4.66415526096378,871,7.0241935483871,108.875,0.580645161290323,7,0,12,5,12,3,64.5,15,26,"G5"
"98","Western Kentucky","fbs","Conference USA",2015,536443,"Darmontre Warr",28,7,12,4,-13.6534568374758,-0.487623458481278,-1.95049383392511,73,2.60714285714286,10.4285714285714,0.25,2,0,NA,NA,NA,NA,NA,NA,NA,"G5"
"98","Western Kentucky","fbs","Conference USA",2015,536444,"Leon Allen",27,2,12,13.5,-1.67711342377453,-0.0621153119916492,-0.838556711887264,137,5.07407407407407,68.5,0.518518518518518,2,0,NA,NA,NA,NA,NA,NA,NA,"G5"
"98","Western Kentucky","fbs","Conference USA",2015,552775,"Taywan Taylor",7,5,12,1.4,-10.4924285349885,-1.49891836214121,-2.09848570699769,14,2,2.8,0.142857142857143,0,1,NA,NA,NA,NA,NA,NA,NA,"G5"
"98","Western Kentucky","fbs","Conference USA",2015,552777,"Kylen Towner",2,1,12,2,1.98596174561086,0.992980872805429,1.98596174561086,26,13,26,1,0,0,NA,NA,NA,NA,NA,NA,NA,"G5"
"98","Western Kentucky","fbs","Conference USA",2015,552967,"Nicholas Norris",6,4,12,1.5,5.50692658230091,0.917821097050151,1.37673164557523,63,10.5,15.75,1,1,0,NA,NA,NA,NA,NA,NA,NA,"G5"
"98","Western Kentucky","fbs","Conference USA",2015,3124776,"Nacarius Fant",1,1,12,1,-0.4779253221723,-0.4779253221723,-0.4779253221723,1,1,1,0,0,0,NA,NA,NA,NA,NA,NA,NA,"G5"
"98","Western Kentucky","fbs","Conference USA",2015,3124782,"Drew Eckels",1,1,12,1,-0.0765235171365664,-0.0765235171365664,-0.0765235171365664,4,4,4,0,0,0,NA,NA,NA,NA,NA,NA,NA,"G5"
"98","Western Kentucky","fbs","Conference USA",2015,3124785,"Antwane Grant",1,1,12,1,-0.00351464140301783,-0.00351464140301783,-0.00351464140301783,0,0,0,0,0,0,NA,NA,NA,NA,NA,NA,NA,"G5"
"98","Western Kentucky","fbs","Conference USA",2015,3124795,"D'Andre Ferby",143,11,12,13,-7.37083723394624,-0.0515443163213024,-0.670076112176931,592,4.13986013986014,53.8181818181818,0.412587412587413,8,0,182,180,171,136,138.5,216,155.5,"G5"
"98","Western Kentucky","fbs","Conference USA",2015,3124804,"Will Bush",1,1,12,1,0.378085185383201,0.378085185383201,0.378085185383201,9,9,9,1,0,0,NA,NA,NA,NA,NA,NA,NA,"G5"
"99","LSU","fbs","SEC",2015,534422,"Trent Domingue",1,1,11,1,5.13387686866245,5.13387686866245,5.13387686866245,16,16,16,1,1,0,NA,NA,NA,NA,NA,NA,NA,"P5"
"99","LSU","fbs","SEC",2015,534444,"Travin Dural",3,2,11,1.5,1.12256494818115,0.374188316060384,0.561282474090576,13,4.33333333333333,6.5,0.666666666666667,0,0,NA,NA,NA,NA,NA,NA,NA,"P5"
"99","LSU","fbs","SEC",2015,559594,"Darrel Williams",58,10,11,5.8,-2.14131878634081,-0.0369192894196691,-0.214131878634081,290,5,29,0.413793103448276,3,0,NA,NA,NA,NA,NA,NA,NA,"P5"
"99","LSU","fbs","SEC",2015,559751,"Brandon Harris",47,11,11,4.27272727272727,5.02451562246932,0.106904587712113,0.456774147497211,293,6.23404255319149,26.6363636363636,0.446808510638298,3,5,NA,NA,NA,NA,NA,NA,NA,"P5"
"99","LSU","fbs","SEC",2015,559752,"Leonard Fournette",270,11,11,24.5454545454545,44.6764538162447,0.165468347467573,4.06149580147679,1740,6.44444444444444,158.181818181818,0.451851851851852,18,2,8,9,43,78,3,40,2,"P5"
"99","LSU","fbs","SEC",2015,3843406,"Nick Brossette",12,5,11,2.4,0.612088833040078,0.0510074027533399,0.122417766608016,64,5.33333333333333,12.8,0.583333333333333,0,1,NA,NA,NA,NA,NA,NA,NA,"P5"
"99","LSU","fbs","SEC",2015,3843750,"Derrius Guice",47,9,11,5.22222222222222,14.8618279989664,0.316209106360988,1.65131422210738,397,8.4468085106383,44.1111111111111,0.425531914893617,3,1,NA,NA,NA,NA,NA,NA,NA,"P5"
"99","LSU","fbs","SEC",2015,3843769,"Donte Jackson",1,1,11,1,1.28185611276866,1.28185611276866,1.28185611276866,14,14,14,1,0,0,NA,NA,NA,NA,NA,NA,NA,"P5"
