"team_id","pos_team","division","conference","season","player_id","receiver_player_name","plays","games","team_games","playsgame","TEPA","EPAplay","EPAgame","yards","yardsplay","yardsgame","success","comp","targets","catchpct","passing_td","fumbles","TEPA_rank","EPAgame_rank","EPAplay_rank","success_rank","catchpct_rank","yards_rank","yardsplay_rank","yardsgame_rank","fbs_class"
"103","Boston College","fbs","ACC",2020,4239938,"CJ Lewis",39,10,11,3.9,41.1796178834765,1.05588763803786,4.11796178834765,427,10.9487179487179,42.7,0.666666666666667,27,39,0.692307692307692,4,0,32,100,27,47,301,115,104,256,"P5"
"103","Boston College","fbs","ACC",2020,4239941,"Travis Levy",42,10,11,4.2,4.53851183027856,0.108059805482823,0.453851183027856,270,6.42857142857143,27,0.547619047619048,34,42,0.80952380952381,0,0,453,493,489,239,88,258.5,479,442,"P5"
"103","Boston College","fbs","ACC",2020,4239944,"Hunter Long",80,10,11,8,24.7680574575716,0.309600718219645,2.47680574575716,592,7.4,59.2,0.55,50,80,0.625,4,0,136,245,379,231.5,464,47,385.5,136,"P5"
"103","Boston College","fbs","ACC",2020,4360205,"David Bailey",13,7,11,1.85714285714286,1.57712643345434,0.121317417958026,0.225303776207763,50,3.84615384615385,7.14285714285714,0.384615384615385,9,13,0.692307692307692,1,0,NA,NA,NA,NA,NA,NA,NA,NA,"P5"
"103","Boston College","fbs","ACC",2020,4360225,"Jehlani Galloway",20,7,11,2.85714285714286,22.8026915748968,1.14013457874484,3.25752736784241,197,9.85,28.1428571428571,0.6,15,20,0.75,2,0,NA,NA,NA,NA,NA,NA,NA,NA,"P5"
"103","Boston College","fbs","ACC",2020,4361351,"Jaelen Gill",40,11,11,3.63636363636364,28.7200188371283,0.718000470928206,2.6109108033753,438,10.95,39.8181818181818,0.6,29,40,0.725,1,0,95,229,120,136.5,223,105.5,103,281,"P5"
"103","Boston College","fbs","ACC",2020,4372768,"Phil Jurkovec",3,2,11,1.5,6.51651070838668,2.1721702361289,3.25825535419334,34,11.3333333333333,17,1,3,3,1,2,0,NA,NA,NA,NA,NA,NA,NA,NA,"P5"
"103","Boston College","fbs","ACC",2020,4428892,"Ethon Williams",1,1,11,1,1.8270993993489,1.8270993993489,1.8270993993489,0,0,0,1,1,1,1,0,0,NA,NA,NA,NA,NA,NA,NA,NA,"P5"
"103","Boston College","fbs","ACC",2020,4429615,"Zay Flowers",96,11,11,8.72727272727273,26.2886473779103,0.273840076853233,2.38987703435548,694,7.22916666666667,63.0909090909091,0.40625,54,96,0.5625,7,0,124,253,402,530.5,552.5,25.5,403,116.5,"P5"
"103","Boston College","fbs","ACC",2020,4429652,"Pat Garwo III",10,3,11,3.33333333333333,-1.89998453140035,-0.189998453140035,-0.633328177133451,31,3.1,10.3333333333333,0.4,8,10,0.8,0,0,NA,NA,NA,NA,NA,NA,NA,NA,"P5"
"103","Boston College","fbs","ACC",2020,4568154,"Spencer Witter",6,4,11,1.5,7.94329289046022,1.32388214841004,1.98582322261506,68,11.3333333333333,17,0.666666666666667,6,6,1,0,0,NA,NA,NA,NA,NA,NA,NA,NA,"P5"
"113","Massachusetts","fbs","FBS Independents",2020,4044521,"Taylor Edwards",4,2,4,2,0.182295664756471,0.0455739161891178,0.0911478323782355,42,10.5,21,0.25,3,4,0.75,0,0,NA,NA,NA,NA,NA,NA,NA,NA,"G5"
"113","Massachusetts","fbs","FBS Independents",2020,4256219,"Victor Santiago",3,2,4,1.5,-1.62579081641892,-0.541930272139641,-0.812895408209462,4,1.33333333333333,2,0,2,3,0.666666666666667,0,0,NA,NA,NA,NA,NA,NA,NA,NA,"G5"
"113","Massachusetts","fbs","FBS Independents",2020,4256236,"Melvin Hill",6,3,4,2,5.21647957215641,0.869413262026068,1.73882652405214,36,6,12,0.5,4,6,0.666666666666667,0,0,NA,NA,NA,NA,NA,NA,NA,NA,"G5"
"113","Massachusetts","fbs","FBS Independents",2020,4361713,"Jaret Pallotta",2,2,4,1,0.7179628796846,0.3589814398423,0.3589814398423,12,6,6,1,2,2,1,0,0,NA,NA,NA,NA,NA,NA,NA,NA,"G5"
"113","Massachusetts","fbs","FBS Independents",2020,4361714,"Josiah Johnson",15,3,4,5,1.25062812958938,0.0833752086392921,0.41687604319646,90,6,30,0.4,11,15,0.733333333333333,0,0,517,498,508,537.5,209,561.5,506.5,403,"G5"
"113","Massachusetts","fbs","FBS Independents",2020,4378754,"Samuel Emilus",25,4,4,6.25,11.474661083703,0.458986443348121,2.86866527092576,168,6.72,42,0.52,17,25,0.68,1,1,307,198,286,303,338,422.5,449,265.5,"G5"
"113","Massachusetts","fbs","FBS Independents",2020,4427647,"Jermaine Johnson Jr.",16,3,4,5.33333333333333,-7.38758188407765,-0.461723867754853,-2.46252729469255,54,3.375,18,0.25,6,16,0.375,0,0,611,619,616,617,617,610,611,559.5,"G5"
"113","Massachusetts","fbs","FBS Independents",2020,4431031,"Jared Cole",2,2,4,1,-0.219654809823144,-0.109827404911572,-0.109827404911572,13,6.5,6.5,0.5,2,2,1,0,0,NA,NA,NA,NA,NA,NA,NA,NA,"G5"
"113","Massachusetts","fbs","FBS Independents",2020,4431207,"Will Koch",1,1,4,1,-1.52006760960447,-1.52006760960447,-1.52006760960447,-5,-5,-5,0,1,1,1,0,0,NA,NA,NA,NA,NA,NA,NA,NA,"G5"
"113","Massachusetts","fbs","FBS Independents",2020,4572361,"Cam Roberson",2,2,4,1,0.208866264316027,0.104433132158013,0.104433132158013,10,5,5,0.5,1,2,0.5,0,0,NA,NA,NA,NA,NA,NA,NA,NA,"G5"
"113","Massachusetts","fbs","FBS Independents",2020,4572370,"Javon Turner",1,1,4,1,2.95345835721425,2.95345835721425,2.95345835721425,33,33,33,1,1,1,1,0,0,NA,NA,NA,NA,NA,NA,NA,NA,"G5"
"113","Massachusetts","fbs","FBS Independents",2020,4608003,"Onuma Dieke",1,1,4,1,1.92956782068342,1.92956782068342,1.92956782068342,9,9,9,1,1,1,1,0,0,NA,NA,NA,NA,NA,NA,NA,NA,"G5"
"113","Massachusetts","fbs","FBS Independents",2020,4683666,"Zamar Wise",2,1,4,2,1.82268517918959,0.911342589594794,1.82268517918959,16,8,16,0.5,2,2,1,0,0,NA,NA,NA,NA,NA,NA,NA,NA,"G5"
"113","Massachusetts","fbs","FBS Independents",2020,4685016,"Ellis Merriweather",2,2,4,1,-1.4112656320779,-0.705632816038949,-0.705632816038949,4,2,2,0,1,2,0.5,0,0,NA,NA,NA,NA,NA,NA,NA,NA,"G5"
"12","Arizona","fbs","Pac-12",2020,4064365,"Thomas Reid III",2,2,5,1,-0.151058073654847,-0.0755290368274237,-0.0755290368274237,6,3,3,0.5,1,2,0.5,0,0,NA,NA,NA,NA,NA,NA,NA,NA,"P5"
"12","Arizona","fbs","Pac-12",2020,4245639,"Stanley Berryhill III",28,5,5,5.6,19.2085130101426,0.686018321790809,3.84170260202853,227,8.10714285714286,45.4,0.678571428571429,23,28,0.821428571428571,3,0,196,119,137,36,65.5,319,309,237,"P5"
"12","Arizona","fbs","Pac-12",2020,4245645,"Gary Brightwell",16,5,5,3.2,-5.5363684910869,-0.346023030692931,-1.10727369821738,58,3.625,11.6,0.1875,13,16,0.8125,0,0,598,607,610,620,85,607,602,605,"P5"
"12","Arizona","fbs","Pac-12",2020,4245653,"Brian Casteel",18,4,5,4.5,4.02240144916298,0.223466747175721,1.00560036229075,133,7.38888888888889,33.25,0.5,11,18,0.611111111111111,0,0,467,429,437,353.5,486.5,476.5,389,359,"P5"
"12","Arizona","fbs","Pac-12",2020,4245654,"Drew Dixon",5,1,5,5,2.86576308289981,0.573152616579962,2.86576308289981,46,9.2,46,0.6,3,5,0.6,0,0,NA,NA,NA,NA,NA,NA,NA,NA,"P5"
"12","Arizona","fbs","Pac-12",2020,4245703,"Bryce Wolma",4,3,5,1.33333333333333,-3.06359252338308,-0.765898130845769,-1.02119750779436,4,1,1.33333333333333,0,4,4,1,0,0,NA,NA,NA,NA,NA,NA,NA,NA,"P5"
"12","Arizona","fbs","Pac-12",2020,4372597,"Jamarye Joiner",15,5,5,3,6.08461738617194,0.405641159078129,1.21692347723439,111,7.4,22.2,0.666666666666667,12,15,0.8,1,0,415,400,317,47,99,519.5,385.5,510,"P5"
"12","Arizona","fbs","Pac-12",2020,4372614,"Zach Williams",2,2,5,1,3.86655429635885,1.93327714817943,1.93327714817943,24,12,12,1,2,2,1,0,0,NA,NA,NA,NA,NA,NA,NA,NA,"P5"
"12","Arizona","fbs","Pac-12",2020,4426449,"Boobie Curry",11,4,5,2.75,2.61523658124355,0.23774878011305,0.653809145310889,84,7.63636363636364,21,0.727272727272727,9,11,0.818181818181818,0,0,492,475,427,11.5,72.5,572,363.5,527.5,"P5"
"12","Arizona","fbs","Pac-12",2020,4569138,"Tayvian Cunningham",12,4,5,3,8.681769647536,0.723480803961333,2.170442411884,139,11.5833333333333,34.75,0.416666666666667,9,12,0.75,1,0,362,281,116,513.5,180,467.5,76,341.5,"P5"
"12","Arizona","fbs","Pac-12",2020,4569156,"Michael Wiley",11,3,5,3.66666666666667,-2.3154382121133,-0.210494382919391,-0.771812737371101,33,3,11,0.272727272727273,8,11,0.727272727272727,0,0,570,590,594,611.5,218.5,616,617,608,"P5"
"12","Arizona","fbs","Pac-12",2020,4697741,"Jalen John",4,2,5,2,0.626058079397906,0.156514519849477,0.313029039698953,24,6,12,0.5,3,4,0.75,0,0,NA,NA,NA,NA,NA,NA,NA,NA,"P5"
"12","Arizona","fbs","Pac-12",2020,4697762,"Ma'jon Wright",18,4,5,4.5,13.0843421849929,0.726907899166272,3.27108554624822,176,9.77777777777778,44,0.722222222222222,15,18,0.833333333333333,1,0,282,158,114,13.5,52,406.5,169,243,"P5"
"120","Maryland","fbs","Big Ten",2020,4036224,"Jake Funk",10,4,5,2.5,3.4277926633288,0.34277926633288,0.856948165832201,68,6.8,17,0.4,10,10,1,1,0,478,444,353,537.5,2.5,593.5,435.5,571,"P5"
"120","Maryland","fbs","Big Ten",2020,4241931,"Carlos Carriere",3,1,5,3,1.95475745402046,0.65158581800682,1.95475745402046,27,9,27,0.666666666666667,2,3,0.666666666666667,0,0,NA,NA,NA,NA,NA,NA,NA,NA,"P5"
"120","Maryland","fbs","Big Ten",2020,4241934,"Tayon Fleet-Davis",1,1,5,1,2.34624591929943,2.34624591929943,2.34624591929943,17,17,17,1,1,1,1,0,0,NA,NA,NA,NA,NA,NA,NA,NA,"P5"
"120","Maryland","fbs","Big Ten",2020,4360637,"Jeshaun Jones",12,4,5,3,12.0797748198916,1.00664790165763,3.0199437049729,160,13.3333333333333,40,0.666666666666667,9,12,0.75,1,0,298,178,32,47,180,432.5,26,277.5,"P5"
"120","Maryland","fbs","Big Ten",2020,4372039,"Dontay Demus",42,5,5,8.4,16.0556615416792,0.382277655754267,3.21113230833584,365,8.69047619047619,73,0.476190476190476,24,42,0.571428571428571,4,0,235,164,330,407,537.5,166,247,69.5,"P5"
"120","Maryland","fbs","Big Ten",2020,4372041,"Brian Cobbs",18,4,5,4.5,9.40738502909048,0.522632501616138,2.35184625727262,188,10.4444444444444,47,0.555555555555556,13,18,0.722222222222222,1,0,341,256,241,215.5,231,385,138,222,"P5"
"120","Maryland","fbs","Big Ten",2020,4372045,"Darryl Jones",12,4,5,3,-1.21058333175653,-0.100881944313044,-0.302645832939133,81,6.75,20.25,0.333333333333333,8,12,0.666666666666667,0,0,556,561,569,582,370.5,576,443.5,536,"P5"
"120","Maryland","fbs","Big Ten",2020,4373382,"DeJuan Ellis",1,1,5,1,0.643118840195743,0.643118840195743,0.643118840195743,7,7,7,1,1,1,1,0,0,NA,NA,NA,NA,NA,NA,NA,NA,"P5"
"120","Maryland","fbs","Big Ten",2020,4429006,"Rakim Jarrett",19,4,5,4.75,17.0415843286737,0.896925490982827,4.26039608216843,252,13.2631578947368,63,0.578947368421053,17,19,0.894736842105263,2,0,218,88,53,171,15.5,286.5,27,118,"P5"
"120","Maryland","fbs","Big Ten",2020,4429287,"Peny Boone",2,2,5,1,1.82186973572076,0.91093486786038,0.91093486786038,21,10.5,10.5,1,2,2,1,0,0,NA,NA,NA,NA,NA,NA,NA,NA,"P5"
"120","Maryland","fbs","Big Ten",2020,4432297,"Isaiah Jacobs",5,2,5,2.5,-2.36566754236896,-0.473133508473793,-1.18283377118448,22,4.4,11,0.2,2,5,0.4,0,0,NA,NA,NA,NA,NA,NA,NA,NA,"P5"
"120","Maryland","fbs","Big Ten",2020,4569495,"Malik Jackson",1,1,5,1,1.59741935523854,1.59741935523854,1.59741935523854,20,20,20,1,1,1,1,0,0,NA,NA,NA,NA,NA,NA,NA,NA,"P5"
"120","Maryland","fbs","Big Ten",2020,4692806,"Challen Faamatau",1,1,5,1,0.244829494269939,0.244829494269939,0.244829494269939,8,8,8,1,1,1,1,0,0,NA,NA,NA,NA,NA,NA,NA,NA,"P5"
"120","Maryland","fbs","Big Ten",2020,4700053,"Colton Spangler",1,1,5,1,-0.555745059562953,-0.555745059562953,-0.555745059562953,13,13,13,0,1,1,1,0,0,NA,NA,NA,NA,NA,NA,NA,NA,"P5"
"127","Michigan State","fbs","Big Ten",2020,4241954,"Matt Dotson",10,3,7,3.33333333333333,4.81248850577112,0.481248850577112,1.60416283525704,107,10.7,35.6666666666667,0.7,9,10,0.9,0,0,NA,NA,NA,NA,NA,NA,NA,NA,"P5"
"127","Michigan State","fbs","Big Ten",2020,4241961,"Connor Heyward",21,5,7,4.2,-4.58108709912507,-0.218147004720242,-0.916217419825015,71,3.38095238095238,14.2,0.238095238095238,18,21,0.857142857142857,2,0,593,600,595,618,38.5,590,610,590.5,"P5"
"127","Michigan State","fbs","Big Ten",2020,4241965,"Rocky Lombardi",2,1,7,2,9.25039164250339,4.6251958212517,9.25039164250339,90,45,90,1,2,2,1,2,0,NA,NA,NA,NA,NA,NA,NA,NA,"P5"
"127","Michigan State","fbs","Big Ten",2020,4277721,"Tyler Hunt",13,5,7,2.6,4.85205860041065,0.373235276954666,0.970411720082131,78,6,15.6,0.461538461538462,8,13,0.615384615384615,0,0,NA,NA,NA,NA,NA,NA,NA,NA,"P5"
"127","Michigan State","fbs","Big Ten",2020,4360848,"Kalon Gervin",2,1,7,2,2.46922392269072,1.23461196134536,2.46922392269072,20,10,20,0.5,1,2,0.5,0,0,NA,NA,NA,NA,NA,NA,NA,NA,"P5"
"127","Michigan State","fbs","Big Ten",2020,4362249,"Jayden Reed",49,7,7,7,10.6878559789302,0.218119509774086,1.5268365684186,399,8.14285714285714,57,0.408163265306122,32,49,0.653061224489796,2,2,318,359,439,524,396,140,303,146,"P5"
"127","Michigan State","fbs","Big Ten",2020,4382466,"Jalen Nailor",49,7,7,7,16.1316652665678,0.329217658501384,2.30452360950969,440,8.97959183673469,62.8571428571429,0.489795918367347,25,49,0.510204081632653,3,0,233,259,365,381.5,584,102.5,224,119,"P5"
"127","Michigan State","fbs","Big Ten",2020,4382470,"Elijah Collins",4,4,7,1,1.63578125176048,0.408945312940119,0.408945312940119,34,8.5,8.5,0.75,4,4,1,0,0,NA,NA,NA,NA,NA,NA,NA,NA,"P5"
"127","Michigan State","fbs","Big Ten",2020,4382479,"Trenton Gillison",6,2,7,3,8.27823709501217,1.37970618250203,4.13911854750609,49,8.16666666666667,24.5,0.833333333333333,5,6,0.833333333333333,0,0,NA,NA,NA,NA,NA,NA,NA,NA,"P5"
"127","Michigan State","fbs","Big Ten",2020,4428055,"Tre'Von Morgan",2,1,7,2,2.41427584249053,1.20713792124526,2.41427584249053,26,13,26,0.5,1,2,0.5,1,0,NA,NA,NA,NA,NA,NA,NA,NA,"P5"
"127","Michigan State","fbs","Big Ten",2020,4428063,"Tre Mosley",16,4,7,4,-1.19978849248128,-0.0749867807800797,-0.299947123120319,71,4.4375,17.75,0.4375,7,16,0.4375,0,0,555,560,562,481.5,608,590,581,564,"P5"
"127","Michigan State","fbs","Big Ten",2020,4431479,"Ricky White",21,3,7,7,14.1043404575457,0.671635259883127,4.70144681918189,223,10.6190476190476,74.3333333333333,0.476190476190476,10,21,0.476190476190476,1,0,261,69,144,407,599.5,327.5,125,65,"P5"
"127","Michigan State","fbs","Big Ten",2020,4433855,"Terry Lockett",2,1,7,2,-0.729800705103539,-0.36490035255177,-0.729800705103539,4,2,4,0.5,1,2,0.5,0,0,NA,NA,NA,NA,NA,NA,NA,NA,"P5"
"127","Michigan State","fbs","Big Ten",2020,4569500,"Brandon Wright",1,1,7,1,2.80588514343672,2.80588514343672,2.80588514343672,13,13,13,1,1,1,1,0,0,NA,NA,NA,NA,NA,NA,NA,NA,"P5"
"127","Michigan State","fbs","Big Ten",2020,4569501,"Anthony Williams Jr.",1,1,7,1,-0.0918311626303356,-0.0918311626303356,-0.0918311626303356,5,5,5,0,1,1,1,0,0,NA,NA,NA,NA,NA,NA,NA,NA,"P5"
"127","Michigan State","fbs","Big Ten",2020,4569507,"Cade McDonald",2,1,7,2,0.807821970541379,0.403910985270689,0.807821970541379,15,7.5,15,1,2,2,1,0,0,NA,NA,NA,NA,NA,NA,NA,NA,"P5"
"130","Michigan","fbs","Big Ten",2020,4046520,"Nick Eubanks",12,5,6,2.4,13.3505353733514,1.11254461444595,2.67010707467029,117,9.75,23.4,0.666666666666667,10,12,0.833333333333333,1,0,273,221,22,47,52,510,172,485.5,"P5"
"130","Michigan","fbs","Big Ten",2020,4046530,"Chris Evans",10,5,6,2,2.95526434969992,0.295526434969992,0.591052869939984,82,8.2,16.4,0.4,8,10,0.8,0,0,NA,NA,NA,NA,NA,NA,NA,NA,"P5"
"130","Michigan","fbs","Big Ten",2020,4258190,"Ben Mason",2,2,6,1,3.15229816740968,1.57614908370484,1.57614908370484,17,8.5,8.5,1,2,2,1,1,0,NA,NA,NA,NA,NA,NA,NA,NA,"P5"
"130","Michigan","fbs","Big Ten",2020,4372063,"Ronnie Bell",40,6,6,6.66666666666667,26.881742223143,0.672043555578575,4.48029037052383,401,10.025,66.8333333333333,0.6,26,40,0.65,1,0,114,77,143,136.5,404.5,136.5,156,97.5,"P5"
"130","Michigan","fbs","Big Ten",2020,4372071,"Hassan Haskins",2,1,6,2,-1.5697166979937,-0.784858348996851,-1.5697166979937,0,0,0,0,0,2,0,0,0,NA,NA,NA,NA,NA,NA,NA,NA,"P5"
"130","Michigan","fbs","Big Ten",2020,4426385,"Zach Charbonnet",7,3,6,2.33333333333333,2.17819956473506,0.311171366390722,0.726066521578352,41,5.85714285714286,13.6666666666667,0.428571428571429,6,7,0.857142857142857,0,0,NA,NA,NA,NA,NA,NA,NA,NA,"P5"
"130","Michigan","fbs","Big Ten",2020,4426479,"Cornelius Johnson",23,4,6,5.75,12.031330828014,0.523101340348434,3.00783270700349,254,11.0434782608696,63.5,0.521739130434783,16,23,0.695652173913043,3,1,299,180,240,297.5,295.5,282,99,114,"P5"
"130","Michigan","fbs","Big Ten",2020,4427455,"Cade McNamara",1,1,6,1,3.52990514737485,3.52990514737485,3.52990514737485,23,23,23,1,1,1,1,1,0,NA,NA,NA,NA,NA,NA,NA,NA,"P5"
"130","Michigan","fbs","Big Ten",2020,4427569,"Giles Jackson",21,5,6,4.2,5.75444700383651,0.274021285896977,1.1508894007673,150,7.14285714285714,30,0.428571428571429,14,21,0.666666666666667,0,0,427,411,400,494,370.5,453.5,410,403,"P5"
"130","Michigan","fbs","Big Ten",2020,4427834,"Erick All",24,5,6,4.8,-6.38967172548719,-0.266236321895299,-1.27793434509744,82,3.41666666666667,16.4,0.291666666666667,12,24,0.5,0,0,605,610,601,602.5,592,574.5,609,576,"P5"
"130","Michigan","fbs","Big Ten",2020,4428414,"Mike Sainristil",17,4,6,4.25,-7.70041321915877,-0.452965483479928,-1.92510330478969,59,3.47058823529412,14.75,0.176470588235294,6,17,0.352941176470588,1,0,614,617,615,621,618.5,605.5,607,585,"P5"
"130","Michigan","fbs","Big Ten",2020,4429053,"A.J. Henning",6,4,6,1.5,4.03326007280346,0.672210012133909,1.00831501820086,59,9.83333333333333,14.75,0.666666666666667,6,6,1,0,0,NA,NA,NA,NA,NA,NA,NA,NA,"P5"
"130","Michigan","fbs","Big Ten",2020,4429096,"Blake Corum",7,5,6,1.4,4.60977894411033,0.658539849158619,0.921955788822067,73,10.4285714285714,14.6,0.571428571428571,5,7,0.714285714285714,0,0,NA,NA,NA,NA,NA,NA,NA,NA,"P5"
"130","Michigan","fbs","Big Ten",2020,4431492,"Roman Wilson",14,4,6,3.5,10.6236992696497,0.758835662117839,2.65592481741244,122,8.71428571428571,30.5,0.571428571428571,9,14,0.642857142857143,1,0,319,223,90,184,424,497,244,398.5,"P5"
"135","Minnesota","fbs","Big Ten",2020,3728271,"Bryce Witham",2,2,6,1,0.748928953383721,0.374464476691861,0.374464476691861,10,5,5,1,2,2,1,0,0,NA,NA,NA,NA,NA,NA,NA,NA,"P5"
"135","Minnesota","fbs","Big Ten",2020,4034770,"Clay Geary",5,2,6,2.5,3.85686688019924,0.771373376039847,1.92843344009962,50,10,25,0.8,5,5,1,0,0,NA,NA,NA,NA,NA,NA,NA,NA,"P5"
"135","Minnesota","fbs","Big Ten",2020,4034772,"Seth Green",2,2,6,1,1.91182283133104,0.955911415665522,0.955911415665522,20,10,10,0.5,1,2,0.5,0,0,NA,NA,NA,NA,NA,NA,NA,NA,"P5"
"135","Minnesota","fbs","Big Ten",2020,4034779,"Ko Kieft",2,1,6,2,1.16454751353555,0.582273756767773,1.16454751353555,15,7.5,15,0.5,1,2,0.5,0,0,NA,NA,NA,NA,NA,NA,NA,NA,"P5"
"135","Minnesota","fbs","Big Ten",2020,4240735,"Chris Autman-Bell",31,6,6,5.16666666666667,27.5513355088749,0.888752758350805,4.59188925147916,397,12.8064516129032,66.1666666666667,0.612903225806452,19,31,0.612903225806452,1,0,108,74,55,105,481.5,142,38,100,"P5"
"135","Minnesota","fbs","Big Ten",2020,4240750,"Mohamed Ibrahim",10,3,6,3.33333333333333,-1.3467680393814,-0.13467680393814,-0.448922679793799,56,5.6,18.6666666666667,0.3,8,10,0.8,0,0,NA,NA,NA,NA,NA,NA,NA,NA,"P5"
"135","Minnesota","fbs","Big Ten",2020,4240756,"Tanner Morgan",1,1,6,1,2.64920040287675,2.64920040287675,2.64920040287675,14,14,14,1,1,1,1,1,0,NA,NA,NA,NA,NA,NA,NA,NA,"P5"
"135","Minnesota","fbs","Big Ten",2020,4240760,"Jake Paulson",1,1,6,1,0.847045752976967,0.847045752976967,0.847045752976967,19,19,19,1,1,1,1,0,0,NA,NA,NA,NA,NA,NA,NA,NA,"P5"
"135","Minnesota","fbs","Big Ten",2020,4360939,"Rashod Bateman",49,5,6,9.8,33.278420826955,0.67915144544806,6.65568416539099,459,9.36734693877551,91.8,0.571428571428571,35,49,0.714285714285714,2,0,66,19,141,184,252.5,90.5,194,35,"P5"
"135","Minnesota","fbs","Big Ten",2020,4360943,"Bryce Williams",2,2,6,1,0.0926431492050042,0.0463215746025021,0.0463215746025021,13,6.5,6.5,1,2,2,1,0,0,NA,NA,NA,NA,NA,NA,NA,NA,"P5"
"135","Minnesota","fbs","Big Ten",2020,4360967,"Brevyn Spann-Ford",1,1,6,1,2.73474098812174,2.73474098812174,2.73474098812174,4,4,4,1,1,1,1,1,0,NA,NA,NA,NA,NA,NA,NA,NA,"P5"
"135","Minnesota","fbs","Big Ten",2020,4426815,"Mike Brown-Stephens",3,2,6,1.5,-0.72703565706132,-0.24234521902044,-0.36351782853066,11,3.66666666666667,5.5,0.333333333333333,2,3,0.666666666666667,0,0,NA,NA,NA,NA,NA,NA,NA,NA,"P5"
"135","Minnesota","fbs","Big Ten",2020,4428263,"Treyson Potts",5,2,6,2.5,0.713382992759668,0.142676598551934,0.356691496379834,23,4.6,11.5,0.4,3,5,0.6,0,0,NA,NA,NA,NA,NA,NA,NA,NA,"P5"
"135","Minnesota","fbs","Big Ten",2020,4428858,"Cam Wiley",3,2,6,1.5,-1.09888864065617,-0.366296213552056,-0.549444320328084,10,3.33333333333333,5,0.666666666666667,3,3,1,0,0,NA,NA,NA,NA,NA,NA,NA,NA,"P5"
"135","Minnesota","fbs","Big Ten",2020,4430875,"Daniel Jackson",12,4,6,3,1.17263509120391,0.0977195909336592,0.293158772800977,100,8.33333333333333,25,0.583333333333333,8,12,0.666666666666667,0,0,520,512,497,163.5,370.5,543.5,284,469,"P5"
"142","Missouri","fbs","SEC",2020,4035100,"Micah Wilson",4,3,9,1.33333333333333,-1.7693133107349,-0.442328327683725,-0.5897711035783,40,10,13.3333333333333,0.25,4,4,1,0,0,NA,NA,NA,NA,NA,NA,NA,NA,"P5"
"142","Missouri","fbs","SEC",2020,4035106,"Dawson Downing",1,1,9,1,0.117039309761734,0.117039309761734,0.117039309761734,7,7,7,1,1,1,1,0,0,NA,NA,NA,NA,NA,NA,NA,NA,"P5"
"142","Missouri","fbs","SEC",2020,4047728,"Damon Hazelton",38,7,9,5.42857142857143,20.704966331605,0.544867535042238,2.95785233308643,364,9.57894736842105,52,0.526315789473684,27,38,0.710526315789474,1,0,172,183,226,289,261.5,167,183,182,"P5"
"142","Missouri","fbs","SEC",2020,4241205,"Larry Rountree III",19,8,9,2.375,-5.54409475111538,-0.29179446058502,-0.693011843889423,97,5.10526315789474,12.125,0.315789473684211,14,19,0.736842105263158,0,0,599,588,604,592,200,549,558,602,"P5"
"142","Missouri","fbs","SEC",2020,4241218,"Logan Christopherson",2,2,9,1,4.91460843799931,2.45730421899965,2.45730421899965,42,21,21,0.5,2,2,1,0,0,NA,NA,NA,NA,NA,NA,NA,NA,"P5"
"142","Missouri","fbs","SEC",2020,4241784,"Shawn Robinson",1,1,9,1,-0.432267693008983,-0.432267693008983,-0.432267693008983,-12,-12,-12,0,1,1,1,0,0,NA,NA,NA,NA,NA,NA,NA,NA,"P5"
"142","Missouri","fbs","SEC",2020,4259800,"Barrett Banister",31,7,9,4.42857142857143,10.6194632717931,0.342563331348165,1.51706618168473,219,7.06451612903226,31.2857142857143,0.612903225806452,24,31,0.774193548387097,0,0,320,361,354,105,138.5,334.5,418,391,"P5"
"142","Missouri","fbs","SEC",2020,4362748,"Tyler Badie",32,9,9,3.55555555555556,11.4979631894165,0.359311349669267,1.27755146549073,266,8.3125,29.5555555555556,0.4375,23,32,0.71875,1,0,306,395,345,481.5,239.5,264,289,411,"P5"
"142","Missouri","fbs","SEC",2020,4362751,"Jalen Knox",37,9,9,4.11111111111111,21.2607831314821,0.574615760310327,2.36230923683135,286,7.72972972972973,31.7777777777778,0.594594594594595,28,37,0.756756756756757,0,0,163,255,210,149,168,242,350,385,"P5"
"142","Missouri","fbs","SEC",2020,4362753,"Dominic Gicinto",6,2,9,3,3.30891187802797,0.551485313004662,1.65445593901399,52,8.66666666666667,26,0.666666666666667,4,6,0.666666666666667,0,0,NA,NA,NA,NA,NA,NA,NA,NA,"P5"
"142","Missouri","fbs","SEC",2020,4362763,"Daniel Parker",6,3,9,2,-3.77014150965694,-0.628356918276157,-1.25671383655231,13,2.16666666666667,4.33333333333333,0.166666666666667,5,6,0.833333333333333,0,0,NA,NA,NA,NA,NA,NA,NA,NA,"P5"
"142","Missouri","fbs","SEC",2020,4362770,"Messiah Swinson",2,2,9,1,2.55004876049766,1.27502438024883,1.27502438024883,38,19,19,0.5,2,2,1,0,0,NA,NA,NA,NA,NA,NA,NA,NA,"P5"
"142","Missouri","fbs","SEC",2020,4381248,"Tauskie Dove",32,8,9,4,19.274862840563,0.602339463767594,2.40935785507037,200,6.25,25,0.5625,25,32,0.78125,1,1,195,251,187,203,127,366,491,469,"P5"
"142","Missouri","fbs","SEC",2020,4390104,"Keke Chism",46,8,9,5.75,13.4836296119143,0.293122382867703,1.68545370148929,366,7.95652173913043,45.75,0.521739130434783,28,46,0.608695652173913,0,0,270,338,387,297.5,491.5,165,327,233.5,"P5"
"142","Missouri","fbs","SEC",2020,4426444,"Connor Bazelak",5,2,9,2.5,12.3350143772616,2.46700287545232,6.1675071886308,130,26,65,1,5,5,1,4,1,NA,NA,NA,NA,NA,NA,NA,NA,"P5"
"142","Missouri","fbs","SEC",2020,4429193,"Kris Abrams-Draine",2,1,9,2,-1.08361145919488,-0.54180572959744,-1.08361145919488,4,2,4,0,2,2,1,0,0,NA,NA,NA,NA,NA,NA,NA,NA,"P5"
"142","Missouri","fbs","SEC",2020,4429787,"Niko Hea",15,6,9,2.5,2.22500881195956,0.148333920797304,0.370834801993259,94,6.26666666666667,15.6666666666667,0.6,11,15,0.733333333333333,0,0,NA,NA,NA,NA,NA,NA,NA,NA,"P5"
"142","Missouri","fbs","SEC",2020,4430270,"Jay Maclin",1,1,9,1,-0.0366189681314699,-0.0366189681314699,-0.0366189681314699,5,5,5,0,1,1,1,0,0,NA,NA,NA,NA,NA,NA,NA,NA,"P5"
"142","Missouri","fbs","SEC",2020,4596608,"Chance Luper",1,1,9,1,4.75650426591184,4.75650426591184,4.75650426591184,69,69,69,1,1,1,1,0,0,NA,NA,NA,NA,NA,NA,NA,NA,"P5"
"142","Missouri","fbs","SEC",2020,4692549,"D'ionte Smith",9,3,9,3,4.40454359190869,0.489393732434299,1.4681811973029,65,7.22222222222222,21.6666666666667,0.555555555555556,8,9,0.888888888888889,0,0,NA,NA,NA,NA,NA,NA,NA,NA,"P5"
"142","Missouri","fbs","SEC",2020,4696679,"Daniel Parker, Jr.",1,1,9,1,-0.319543301387756,-0.319543301387756,-0.319543301387756,5,5,5,0,1,1,1,0,0,NA,NA,NA,NA,NA,NA,NA,NA,"P5"
"145","Ole Miss","fbs","SEC",2020,4044144,"Kenny Yeboah",27,6,8,4.5,22.9720921817512,0.850818228953748,3.82868203029187,419,15.5185185185185,69.8333333333333,0.703703703703704,22,27,0.814814814814815,2,0,152,121,61,21.5,81.5,124,9,84,"P5"
"145","Ole Miss","fbs","SEC",2020,4259908,"Braylon Sanders",18,5,8,3.6,19.7000697988954,1.09444832216086,3.94001395977908,256,14.2222222222222,51.2,0.555555555555556,10,18,0.555555555555556,1,0,186,114,26,215.5,559.5,277.5,15,190,"P5"
"145","Ole Miss","fbs","SEC",2020,4362874,"Matt Corral",2,1,8,2,8.00658757865857,4.00329378932929,8.00658757865857,74,37,74,1,2,2,1,2,0,NA,NA,NA,NA,NA,NA,NA,NA,"P5"
"145","Ole Miss","fbs","SEC",2020,4372412,"Tylan Knight",2,2,8,1,1.29412118961108,0.647060594805539,0.647060594805539,9,4.5,4.5,0.5,2,2,1,0,0,NA,NA,NA,NA,NA,NA,NA,NA,"P5"
"145","Ole Miss","fbs","SEC",2020,4372414,"Elijah Moore",98,8,8,12.25,97.6015161201616,0.995933837960833,12.2001895150202,952,9.71428571428571,119,0.663265306122449,85,98,0.86734693877551,6,0,1,1,34,55,31,7,175,8,"P5"
"145","Ole Miss","fbs","SEC",2020,4426330,"Jerrion Ealy",19,8,8,2.375,12.1851729661482,0.641324892955166,1.52314662076852,127,6.68421052631579,15.875,0.631578947368421,17,19,0.894736842105263,1,0,296,360,161,86.5,15.5,491,457,579,"P5"
"145","Ole Miss","fbs","SEC",2020,4426463,"Dannis Jackson",1,1,8,1,-0.469217935747565,-0.469217935747565,-0.469217935747565,0,0,0,0,0,1,0,0,0,NA,NA,NA,NA,NA,NA,NA,NA,"P5"
"145","Ole Miss","fbs","SEC",2020,4426485,"Jonathan Mingo",32,6,8,5.33333333333333,13.5471719791239,0.423349124347622,2.25786199652065,221,6.90625,36.8333333333333,0.59375,22,32,0.6875,3,0,269,268,305,150.5,316,329.5,425,314,"P5"
"145","Ole Miss","fbs","SEC",2020,4426494,"John Rhys Plumlee",2,1,8,2,-0.795340188912402,-0.397670094456201,-0.795340188912402,6,3,6,0.5,1,2,0.5,0,0,NA,NA,NA,NA,NA,NA,NA,NA,"P5"
"145","Ole Miss","fbs","SEC",2020,4427694,"Casey Kelly",1,1,8,1,0.996586231790577,0.996586231790577,0.996586231790577,9,9,9,1,1,1,1,0,0,NA,NA,NA,NA,NA,NA,NA,NA,"P5"
"145","Ole Miss","fbs","SEC",2020,4431310,"Henry Parrish Jr.",6,2,8,3,0.0368384585637033,0.00613974309395054,0.0184192292818516,13,2.16666666666667,6.5,0.333333333333333,6,6,1,0,0,NA,NA,NA,NA,NA,NA,NA,NA,"P5"
"145","Ole Miss","fbs","SEC",2020,4567240,"Dontario Drummond",26,7,8,3.71428571428571,13.3367605616195,0.51295232929306,1.90525150880279,242,9.30769230769231,34.5714285714286,0.576923076923077,17,26,0.653846153846154,5,0,274,311,249,174.5,394.5,299.5,201,345,"P5"
"145","Ole Miss","fbs","SEC",2020,4567246,"Snoop Conner",11,7,8,1.57142857142857,-2.60233002885326,-0.236575457168478,-0.371761432693322,73,6.63636363636364,10.4285714285714,0.272727272727273,10,11,0.909090909090909,0,0,NA,NA,NA,NA,NA,NA,NA,NA,"P5"
"150","Duke","fbs","ACC",2020,4036048,"Mark Birmingham",1,1,11,1,1.63938597007662,1.63938597007662,1.63938597007662,7,7,7,1,1,1,1,0,0,NA,NA,NA,NA,NA,NA,NA,NA,"P5"
"150","Duke","fbs","ACC",2020,4240455,"Deon Jackson",24,9,11,2.66666666666667,0.430150449382105,0.0179229353909211,0.0477944943757895,78,3.25,8.66666666666667,0.375,18,24,0.75,0,0,530,531,530,561.5,180,580.5,614,618,"P5"
"150","Duke","fbs","ACC",2020,4240470,"Damond Philyaw-Johnson",17,5,11,3.4,0.0250609087254812,0.00147417110149889,0.00501218174509623,69,4.05882352941176,13.8,0.411764705882353,7,17,0.411764705882353,0,0,NA,NA,NA,NA,NA,NA,NA,NA,"P5"
"150","Duke","fbs","ACC",2020,4240472,"Noah Gray",30,8,11,3.75,12.3856642691229,0.412855475637429,1.54820803364036,217,7.23333333333333,27.125,0.533333333333333,23,30,0.766666666666667,2,0,290,356,311,268,149.5,337.5,401,438,"P5"
"150","Duke","fbs","ACC",2020,4240473,"Jake Marwede",14,8,11,1.75,8.18190191455849,0.584421565325607,1.02273773931981,145,10.3571428571429,18.125,0.785714285714286,13,14,0.928571428571429,1,0,NA,NA,NA,NA,NA,NA,NA,NA,"P5"
"150","Duke","fbs","ACC",2020,4360404,"Dennis Smith",19,6,11,3.16666666666667,14.4173640615422,0.758808634818008,2.40289401025703,173,9.10526315789474,28.8333333333333,0.684210526315789,14,19,0.736842105263158,1,0,NA,NA,NA,NA,NA,NA,NA,NA,"P5"
"150","Duke","fbs","ACC",2020,4360405,"Jake Bobo",48,10,11,4.8,17.3748726569755,0.361976513686989,1.73748726569755,298,6.20833333333333,29.8,0.604166666666667,31,48,0.645833333333333,1,0,212,331,342,123,418,227,494,405.5,"P5"
"150","Duke","fbs","ACC",2020,4360406,"Mataeo Durant",13,6,11,2.16666666666667,7.92456374601863,0.609581826616818,1.32076062433644,103,7.92307692307692,17.1666666666667,0.538461538461538,12,13,0.923076923076923,1,0,NA,NA,NA,NA,NA,NA,NA,NA,"P5"
"150","Duke","fbs","ACC",2020,4360407,"Jarett Garner",22,6,11,3.66666666666667,16.3585726449821,0.743571483862822,2.72642877416368,274,12.4545454545455,45.6666666666667,0.545454545454545,13,22,0.590909090909091,2,0,229,211,97,243.5,514,254,50,235,"P5"
"150","Duke","fbs","ACC",2020,4426883,"DeWayne Carter",1,1,11,1,3.721785732961,3.721785732961,3.721785732961,11,11,11,1,1,1,1,0,0,NA,NA,NA,NA,NA,NA,NA,NA,"P5"
"150","Duke","fbs","ACC",2020,4429362,"Jalon Calhoun",59,11,11,5.36363636363636,8.06449796131355,0.136686406123959,0.733136178301232,326,5.52542372881356,29.6363636363636,0.474576271186441,37,59,0.627118644067797,2,0,380,464,479,414,460,195.5,530,410,"P5"
"150","Duke","fbs","ACC",2020,4429470,"Nicky Dalmolin",3,2,11,1.5,8.03512659077965,2.67837553025988,4.01756329538983,42,14,21,1,3,3,1,0,0,NA,NA,NA,NA,NA,NA,NA,NA,"P5"
"150","Duke","fbs","ACC",2020,4429742,"Darrell Harding Jr.",14,5,11,2.8,14.0795737864973,1.00568384189267,2.81591475729946,124,8.85714285714286,24.8,0.714285714285714,11,14,0.785714285714286,0,0,NA,NA,NA,NA,NA,NA,NA,NA,"P5"
"150","Duke","fbs","ACC",2020,4430288,"Eli Pancol",31,9,11,3.44444444444444,18.6217001338047,0.600700004316282,2.06907779264497,234,7.54838709677419,26,0.612903225806452,24,31,0.774193548387097,1,1,201,292,190,105,138.5,308.5,370,456,"P5"
"150","Duke","fbs","ACC",2020,4433880,"Jontavis Robertson",4,3,11,1.33333333333333,1.00699529806707,0.251748824516766,0.335665099355688,25,6.25,8.33333333333333,0.5,4,4,1,0,0,NA,NA,NA,NA,NA,NA,NA,NA,"P5"
"150","Duke","fbs","ACC",2020,4686328,"Malik Bowen-Sims",4,1,11,4,0.825523796413424,0.206380949103356,0.825523796413424,36,9,36,0.5,3,4,0.75,0,0,NA,NA,NA,NA,NA,NA,NA,NA,"P5"
"151","East Carolina","fbs","American Athletic",2020,4035837,"Audie Omotosho",30,7,9,4.28571428571429,-2.1889934275536,-0.0729664475851199,-0.312713346793371,194,6.46666666666667,27.7142857142857,0.4,18,30,0.6,0,1,567,563,561,537.5,504,372.5,474,430.5,"G5"
"151","East Carolina","fbs","American Athletic",2020,4239405,"Darius Pinnix",2,2,9,1,1.44546369681006,0.722731848405031,0.722731848405031,17,8.5,8.5,0.5,1,2,0.5,1,0,NA,NA,NA,NA,NA,NA,NA,NA,"G5"
"151","East Carolina","fbs","American Athletic",2020,4239406,"Blake Proehl",65,9,9,7.22222222222222,32.5688657111414,0.501059472479098,3.61876285679348,541,8.32307692307692,60.1111111111111,0.584615384615385,47,65,0.723076923076923,4,0,72,133,256,159,228,62,287,130,"G5"
"151","East Carolina","fbs","American Athletic",2020,4242158,"Chase Hayden",1,1,9,1,3.77138235349258,3.77138235349258,3.77138235349258,31,31,31,1,1,1,1,0,0,NA,NA,NA,NA,NA,NA,NA,NA,"G5"
"151","East Carolina","fbs","American Athletic",2020,4248709,"Cam Burnette",4,4,9,1,3.38886749844351,0.847216874610877,0.847216874610877,62,15.5,15.5,0.75,4,4,1,0,0,NA,NA,NA,NA,NA,NA,NA,NA,"G5"
"151","East Carolina","fbs","American Athletic",2020,4382578,"Tyler Snead",74,9,9,8.22222222222222,27.5126042959986,0.371791949945927,3.05695603288873,493,6.66216216216216,54.7777777777778,0.540540540540541,53,74,0.716216216216216,5,1,109,175,334,253.5,245,77,460,160,"G5"
"151","East Carolina","fbs","American Athletic",2020,4567458,"C.J. Johnson",46,9,9,5.11111111111111,16.1115821506391,0.350251785883458,1.79017579451545,306,6.65217391304348,34,0.391304347826087,19,46,0.41304347826087,6,0,234,325,348,550,610,217,461,349,"G5"
"151","East Carolina","fbs","American Athletic",2020,4567470,"Jsi Hatfield",8,4,9,2,-1.83617793929138,-0.229522242411423,-0.459044484822845,31,3.875,7.75,0.25,6,8,0.75,0,0,NA,NA,NA,NA,NA,NA,NA,NA,"G5"
"151","East Carolina","fbs","American Athletic",2020,4567471,"Jeremy Lewis",4,2,9,2,-0.988169731804438,-0.24704243295111,-0.494084865902219,15,3.75,7.5,0.25,3,4,0.75,0,0,NA,NA,NA,NA,NA,NA,NA,NA,"G5"
"151","East Carolina","fbs","American Athletic",2020,4569653,"Shane Calhoun",4,4,9,1,5.08282659197562,1.2707066479939,1.2707066479939,58,14.5,14.5,0.75,4,4,1,0,0,NA,NA,NA,NA,NA,NA,NA,NA,"G5"
"151","East Carolina","fbs","American Athletic",2020,4590347,"Rahjai Harris",8,6,9,1.33333333333333,3.24111230256907,0.405139037821134,0.540185383761512,19,2.375,3.16666666666667,0.625,7,8,0.875,1,0,NA,NA,NA,NA,NA,NA,NA,NA,"G5"
"151","East Carolina","fbs","American Athletic",2020,4596334,"Keaton Mitchell",12,8,9,1.5,2.16430115924093,0.180358429936745,0.270537644905117,77,6.41666666666667,9.625,0.666666666666667,11,12,0.916666666666667,1,0,NA,NA,NA,NA,NA,NA,NA,NA,"G5"
"152","NC State","fbs","ACC",2020,4035703,"Cary Angeline",34,11,11,3.09090909090909,42.1714705644056,1.24033736954134,3.8337700513096,412,12.1176470588235,37.4545454545455,0.676470588235294,27,34,0.794117647058823,6,0,29,120,12,38,104,129,57,308,"P5"
"152","NC State","fbs","ACC",2020,4036164,"Dylan Parham",5,3,11,1.66666666666667,2.0918710763645,0.418374215272899,0.697290358788166,52,10.4,17.3333333333333,0.4,4,5,0.8,0,0,NA,NA,NA,NA,NA,NA,NA,NA,"P5"
"152","NC State","fbs","ACC",2020,4036168,"C.J. Riley",9,4,11,2.25,8.60015322568624,0.955572580631804,2.15003830642156,85,9.44444444444444,21.25,0.555555555555556,6,9,0.666666666666667,1,0,NA,NA,NA,NA,NA,NA,NA,NA,"P5"
"152","NC State","fbs","ACC",2020,4036177,"Dylan Autenrieth",1,1,11,1,-0.45927540963034,-0.45927540963034,-0.45927540963034,1,1,1,0,1,1,1,0,0,NA,NA,NA,NA,NA,NA,NA,NA,"P5"
"152","NC State","fbs","ACC",2020,4240025,"Bailey Hockman",1,1,11,1,2.90402844258879,2.90402844258879,2.90402844258879,31,31,31,1,1,1,1,1,0,NA,NA,NA,NA,NA,NA,NA,NA,"P5"
"152","NC State","fbs","ACC",2020,4240120,"Emeka Emezie",61,11,11,5.54545454545455,48.1981110622939,0.790132968234326,4.38164646020854,694,11.3770491803279,63.0909090909091,0.540983606557377,42,61,0.688524590163934,5,0,15,82,76,251,312,25.5,83,116.5,"P5"
"152","NC State","fbs","ACC",2020,4240121,"Thayer Thomas",55,10,11,5.5,41.0376384364511,0.746138880662747,4.10376384364511,483,8.78181818181818,48.3,0.6,39,55,0.709090909090909,6,0,33,102,95,136.5,264,80,239,210,"P5"
"152","NC State","fbs","ACC",2020,4361655,"Ricky Person Jr.",20,9,11,2.22222222222222,1.83060385060957,0.0915301925304786,0.203400427845508,120,6,13.3333333333333,0.4,16,20,0.8,0,0,NA,NA,NA,NA,NA,NA,NA,NA,"P5"
"152","NC State","fbs","ACC",2020,4361660,"Trent Pennix",2,1,11,2,0.145701444534541,0.0728507222672707,0.145701444534541,5,2.5,5,0.5,1,2,0.5,1,0,NA,NA,NA,NA,NA,NA,NA,NA,"P5"
"152","NC State","fbs","ACC",2020,4361677,"Justin Dunn",4,1,11,4,-0.790687322667142,-0.197671830666785,-0.790687322667142,11,2.75,11,0.5,1,4,0.25,0,0,NA,NA,NA,NA,NA,NA,NA,NA,"P5"
"152","NC State","fbs","ACC",2020,4361679,"Devin Carter",33,9,11,3.66666666666667,36.3070513122788,1.10021367612966,4.03411681247542,412,12.4848484848485,45.7777777777778,0.696969696969697,25,33,0.757575757575758,2,0,52,107,24,24.5,165.5,129,48,232,"P5"
"152","NC State","fbs","ACC",2020,4427728,"Zonovan Knight",24,11,11,2.18181818181818,-4.00355557454935,-0.166814815606223,-0.363959597686304,136,5.66666666666667,12.3636363636364,0.291666666666667,20,24,0.833333333333333,0,0,585,566,582,602.5,52,473.5,525,599,"P5"
"152","NC State","fbs","ACC",2020,4427789,"Keyon Lesane",1,1,11,1,0.812165795044665,0.812165795044665,0.812165795044665,12,12,12,1,1,1,1,0,0,NA,NA,NA,NA,NA,NA,NA,NA,"P5"
"152","NC State","fbs","ACC",2020,4430846,"Porter Rooks",30,9,11,3.33333333333333,8.29102173108127,0.276367391036042,0.921224636786808,235,7.83333333333333,26.1111111111111,0.5,22,30,0.733333333333333,0,0,375,438,398,353.5,209,307,336.5,453,"P5"
"152","NC State","fbs","ACC",2020,4568312,"Jordan Houston",12,5,11,2.4,-6.79198988742454,-0.565999157285379,-1.35839797748491,33,2.75,6.6,0.166666666666667,9,12,0.75,0,0,NA,NA,NA,NA,NA,NA,NA,NA,"P5"
"152","NC State","fbs","ACC",2020,4685096,"Andrew Jayne",1,1,11,1,0.0182913253375006,0.0182913253375006,0.0182913253375006,5,5,5,1,1,1,1,0,0,NA,NA,NA,NA,NA,NA,NA,NA,"P5"
"152","NC State","fbs","ACC",2020,4685109,"Christopher Scott Jr.",2,1,11,2,5.22249921638702,2.61124960819351,5.22249921638702,49,24.5,49,1,2,2,1,0,0,NA,NA,NA,NA,NA,NA,NA,NA,"P5"
"152","NC State","fbs","ACC",2020,4685110,"Anthony Smith",5,2,11,2.5,5.4202948611799,1.08405897223598,2.71014743058995,69,13.8,34.5,0.6,5,5,1,1,0,NA,NA,NA,NA,NA,NA,NA,NA,"P5"
"153","North Carolina","fbs","ACC",2020,4037514,"Rontavius Groves",3,2,10,1.5,-0.771274658605355,-0.257091552868452,-0.385637329302678,13,4.33333333333333,6.5,0.333333333333333,1,3,0.333333333333333,0,0,NA,NA,NA,NA,NA,NA,NA,NA,"P5"
"153","North Carolina","fbs","ACC",2020,4037532,"Garrett Walston",16,9,10,1.77777777777778,21.1972835436603,1.32483022147877,2.35525372707337,193,12.0625,21.4444444444444,0.75,13,16,0.8125,2,0,NA,NA,NA,NA,NA,NA,NA,NA,"P5"
"153","North Carolina","fbs","ACC",2020,4240657,"Michael Carter",29,10,10,2.9,8.3023737934209,0.286288751497273,0.83023737934209,261,9,26.1,0.482758620689655,24,29,0.827586206896552,2,0,373,449,392,392.5,58.5,270,223,454,"P5"
"153","North Carolina","fbs","ACC",2020,4240661,"Dazz Newsome",53,10,10,5.3,38.0040757052048,0.717058032173675,3.80040757052048,534,10.0754716981132,53.4,0.641509433962264,42,53,0.792452830188679,4,0,42,123,122,76,106,64,153,172,"P5"
"153","North Carolina","fbs","ACC",2020,4240676,"Beau Corrales",20,4,10,5,14.8710344526417,0.743551722632087,3.71775861316044,238,11.9,59.5,0.5,13,20,0.65,1,0,248,129,98,353.5,404.5,305,65,133,"P5"
"153","North Carolina","fbs","ACC",2020,4361577,"Dyami Brown",79,10,10,7.9,64.5859476745829,0.817543641450416,6.45859476745829,1080,13.6708860759494,108,0.632911392405063,53,79,0.670886075949367,8,0,6,24,68,84,356,3,20,16,"P5"
"153","North Carolina","fbs","ACC",2020,4361579,"Javonte Williams",27,9,10,3,16.5118115605161,0.611548576315409,1.83464572894623,257,9.51851851851852,28.5555555555556,0.518518518518518,22,27,0.814814814814815,3,0,226,321,176,306.5,81.5,275,185,422,"P5"
"153","North Carolina","fbs","ACC",2020,4373266,"Antoine Green",2,1,10,2,0.110744478045917,0.0553722390229587,0.110744478045917,15,7.5,15,0.5,2,2,1,0,0,NA,NA,NA,NA,NA,NA,NA,NA,"P5"
"153","North Carolina","fbs","ACC",2020,4426875,"Sam Howell",1,1,10,1,1.05714156905014,1.05714156905014,1.05714156905014,1,1,1,1,1,1,1,1,0,NA,NA,NA,NA,NA,NA,NA,NA,"P5"
"153","North Carolina","fbs","ACC",2020,4427331,"Khafre Brown",17,7,10,2.42857142857143,16.1643899089254,0.950846465230909,2.30919855841792,273,16.0588235294118,39,0.588235294117647,12,17,0.705882352941177,2,0,NA,NA,NA,NA,NA,NA,NA,NA,"P5"
"153","North Carolina","fbs","ACC",2020,4428050,"Kamari Morales",1,1,10,1,2.35816938152291,2.35816938152291,2.35816938152291,5,5,5,1,1,1,1,1,0,NA,NA,NA,NA,NA,NA,NA,NA,"P5"
"153","North Carolina","fbs","ACC",2020,4428490,"Emery Simmons",20,5,10,4,7.5303321589345,0.376516607946725,1.5060664317869,168,8.4,33.6,0.45,13,20,0.65,1,0,391,363,332,464,404.5,422.5,273.5,356,"P5"
"153","North Carolina","fbs","ACC",2020,4568670,"Josh Henderson",2,2,10,1,-1.4509121871479,-0.725456093573949,-0.725456093573949,8,4,4,0,2,2,1,0,0,NA,NA,NA,NA,NA,NA,NA,NA,"P5"
"153","North Carolina","fbs","ACC",2020,4688813,"Josh Downs",4,3,10,1.33333333333333,3.16894391919675,0.792235979799187,1.05631463973225,28,7,9.33333333333333,0.5,3,4,0.75,1,0,NA,NA,NA,NA,NA,NA,NA,NA,"P5"
"154","Wake Forest","fbs","ACC",2020,4037217,"Brandon Chapman",7,3,7,2.33333333333333,-1.6907638335144,-0.241537690502057,-0.563587944504799,25,3.57142857142857,8.33333333333333,0.428571428571429,3,7,0.428571428571429,0,0,NA,NA,NA,NA,NA,NA,NA,NA,"P5"
"154","Wake Forest","fbs","ACC",2020,4044454,"Donald Stewart",6,1,7,6,3.79504322776415,0.632507204627359,3.79504322776415,41,6.83333333333333,41,0.5,5,6,0.833333333333333,0,0,NA,NA,NA,NA,NA,NA,NA,NA,"P5"
"154","Wake Forest","fbs","ACC",2020,4240418,"Christian Beal-Smith",4,4,7,1,0.916526139070445,0.229131534767611,0.229131534767611,22,5.5,5.5,0.5,3,4,0.75,0,0,NA,NA,NA,NA,NA,NA,NA,NA,"P5"
"154","Wake Forest","fbs","ACC",2020,4240429,"Jaquarii Roberson",67,7,7,9.57142857142857,62.7398799497086,0.936416118652368,8.96283999281552,774,11.5522388059701,110.571428571429,0.582089552238806,52,67,0.776119402985075,5,0,7,6,43,168,135,18,77,15,"P5"
"154","Wake Forest","fbs","ACC",2020,4362018,"Blake Whiteheart",5,4,7,1.25,7.07315705978965,1.41463141195793,1.76828926494741,61,12.2,15.25,0.8,5,5,1,0,0,NA,NA,NA,NA,NA,NA,NA,NA,"P5"
"154","Wake Forest","fbs","ACC",2020,4362019,"A.T. Perry",19,5,7,3.8,4.41635713678818,0.232439849304641,0.883271427357636,130,6.84210526315789,26,0.526315789473684,10,19,0.526315789473684,1,0,454,441,432,289,579,483,431,456,"P5"
"154","Wake Forest","fbs","ACC",2020,4433829,"Mitch Griffis",1,1,7,1,1.91713446743957,1.91713446743957,1.91713446743957,1,1,1,1,1,1,1,1,0,NA,NA,NA,NA,NA,NA,NA,NA,"P5"
"154","Wake Forest","fbs","ACC",2020,4567032,"Nolan Groulx",12,4,7,3,-3.87591295301477,-0.322992746084564,-0.968978238253693,54,4.5,13.5,0.416666666666667,7,12,0.583333333333333,0,0,NA,NA,NA,NA,NA,NA,NA,NA,"P5"
"154","Wake Forest","fbs","ACC",2020,4567033,"Donavon Greene",36,6,7,6,33.0665652903441,0.918515702509559,5.51109421505735,420,11.6666666666667,70,0.583333333333333,21,36,0.583333333333333,2,0,69,45,46,163.5,526,122.5,71,82.5,"P5"
"154","Wake Forest","fbs","ACC",2020,4567044,"Taylor Morin",41,7,7,5.85714285714286,11.3883534303389,0.277764717813144,1.62690763290556,293,7.14634146341463,41.8571428571429,0.463414634146341,24,41,0.585365853658537,1,0,308,346,397,439,523.5,231.5,409,267.5,"P5"
"154","Wake Forest","fbs","ACC",2020,4567048,"Kenneth Walker III",3,3,7,1,1.99634918893069,0.665449729643562,0.665449729643562,30,10,10,0.666666666666667,3,3,1,0,0,NA,NA,NA,NA,NA,NA,NA,NA,"P5"
"154","Wake Forest","fbs","ACC",2020,4570738,"Ke'Shawn Williams",1,1,7,1,-0.789837466370006,-0.789837466370006,-0.789837466370006,0,0,0,0,1,1,1,0,0,NA,NA,NA,NA,NA,NA,NA,NA,"P5"
"158","Nebraska","fbs","Big Ten",2020,4034862,"Jack Stoll",4,2,7,2,5.90375200049169,1.47593800012292,2.95187600024584,45,11.25,22.5,1,4,4,1,0,0,NA,NA,NA,NA,NA,NA,NA,NA,"P5"
"158","Nebraska","fbs","Big Ten",2020,4037295,"Dedrick Mills",8,2,7,4,0.473632622596343,0.0592040778245429,0.236816311298172,39,4.875,19.5,0.5,7,8,0.875,0,0,NA,NA,NA,NA,NA,NA,NA,NA,"P5"
"158","Nebraska","fbs","Big Ten",2020,4050937,"Levi Falck",15,6,7,2.5,11.026309193583,0.735087279572201,1.8377181989305,107,7.13333333333333,17.8333333333333,0.6,12,15,0.8,1,0,311,320,106,136.5,99,529.5,413,562.5,"P5"
"158","Nebraska","fbs","Big Ten",2020,4240787,"Austin Allen",20,6,7,3.33333333333333,10.86932857997,0.543466428998502,1.81155476332834,185,9.25,30.8333333333333,0.65,14,20,0.7,1,0,315,323,229,66,286,390.5,204,394,"P5"
"158","Nebraska","fbs","Big Ten",2020,4240809,"Kurt Rafdal",1,1,7,1,-0.382469549754716,-0.382469549754716,-0.382469549754716,1,1,1,0,1,1,1,0,0,NA,NA,NA,NA,NA,NA,NA,NA,"P5"
"158","Nebraska","fbs","Big Ten",2020,4240819,"Kade Warner",7,4,7,1.75,-0.851645168215862,-0.121663595459409,-0.212911292053965,34,4.85714285714286,8.5,0.285714285714286,4,7,0.571428571428571,0,0,NA,NA,NA,NA,NA,NA,NA,NA,"P5"
"158","Nebraska","fbs","Big Ten",2020,4241798,"Omar Manning",1,1,7,1,-0.612420993691442,-0.612420993691442,-0.612420993691442,0,0,0,0,0,1,0,0,0,NA,NA,NA,NA,NA,NA,NA,NA,"P5"
"158","Nebraska","fbs","Big Ten",2020,4258189,"Oliver Martin",9,3,7,3,-1.15354745224505,-0.128171939138339,-0.384515817415018,59,6.55555555555556,19.6666666666667,0.444444444444444,4,9,0.444444444444444,0,0,NA,NA,NA,NA,NA,NA,NA,NA,"P5"
"158","Nebraska","fbs","Big Ten",2020,4259324,"Travis Vokolek",13,4,7,3.25,0.435706352364846,0.0335158732588343,0.108926588091212,75,5.76923076923077,18.75,0.461538461538462,8,13,0.615384615384615,0,0,NA,NA,NA,NA,NA,NA,NA,NA,"P5"
"158","Nebraska","fbs","Big Ten",2020,4361181,"Wyatt Liewer",3,2,7,1.5,3.05145443282953,1.01715147760984,1.52572721641476,22,7.33333333333333,11,0.666666666666667,3,3,1,1,0,NA,NA,NA,NA,NA,NA,NA,NA,"P5"
"158","Nebraska","fbs","Big Ten",2020,4426948,"Luke McCaffrey",1,1,7,1,-0.246330028266742,-0.246330028266742,-0.246330028266742,5,5,5,0,1,1,1,0,0,NA,NA,NA,NA,NA,NA,NA,NA,"P5"
"158","Nebraska","fbs","Big Ten",2020,4427463,"Chris Hickman",1,1,7,1,0.213335861748068,0.213335861748068,0.213335861748068,6,6,6,1,1,1,1,0,0,NA,NA,NA,NA,NA,NA,NA,NA,"P5"
"158","Nebraska","fbs","Big Ten",2020,4427609,"Rahmir Johnson",5,4,7,1.25,-1.23188416976266,-0.246376833952532,-0.307971042440665,11,2.2,2.75,0.4,4,5,0.8,0,0,NA,NA,NA,NA,NA,NA,NA,NA,"P5"
"158","Nebraska","fbs","Big Ten",2020,4428113,"Quinton Newsome",2,1,7,2,0.840008812762373,0.420004406381187,0.840008812762373,10,5,10,0.5,1,2,0.5,0,0,NA,NA,NA,NA,NA,NA,NA,NA,"P5"
"158","Nebraska","fbs","Big Ten",2020,4430587,"Ronald Thompkins",1,1,7,1,0.569733108059981,0.569733108059981,0.569733108059981,10,10,10,1,1,1,1,0,0,NA,NA,NA,NA,NA,NA,NA,NA,"P5"
"158","Nebraska","fbs","Big Ten",2020,4430826,"Zavier Betts",14,6,7,2.33333333333333,8.71586688484591,0.622561920346136,1.45264448080765,131,9.35714285714286,21.8333333333333,0.785714285714286,12,14,0.857142857142857,1,0,357,369,172,3,38.5,479.5,195,519,"P5"
"158","Nebraska","fbs","Big Ten",2020,4431374,"Marvin Scott III",2,2,7,1,0.680484767133534,0.340242383566767,0.340242383566767,17,8.5,8.5,0.5,2,2,1,0,0,NA,NA,NA,NA,NA,NA,NA,NA,"P5"
"158","Nebraska","fbs","Big Ten",2020,4569587,"Wan'Dale Robinson",58,7,7,8.28571428571429,6.00527705852535,0.103539259629747,0.857896722646479,382,6.58620689655172,54.5714285714286,0.448275862068966,45,58,0.775862068965517,0,0,420,443,493,466,136,151,466,162,"P5"
"158","Nebraska","fbs","Big Ten",2020,4605477,"Alante Brown",1,1,7,1,-1.56333307375737,-1.56333307375737,-1.56333307375737,0,0,0,0,0,1,0,0,0,NA,NA,NA,NA,NA,NA,NA,NA,"P5"
"158","Nebraska","fbs","Big Ten",2020,4686255,"Marcus Fleming",6,1,7,6,3.20082446237919,0.533470743729865,3.20082446237919,65,10.8333333333333,65,0.666666666666667,4,6,0.666666666666667,0,0,NA,NA,NA,NA,NA,NA,NA,NA,"P5"
"164","Rutgers","fbs","Big Ten",2020,4037456,"Jovani Haskins",7,5,8,1.4,2.72674226706768,0.389534609581097,0.545348453413536,33,4.71428571428571,6.6,0.571428571428571,5,7,0.714285714285714,1,0,NA,NA,NA,NA,NA,NA,NA,NA,"P5"
"164","Rutgers","fbs","Big Ten",2020,4259304,"Shameen Jones",44,8,8,5.5,14.7088094015278,0.334291122761995,1.83860117519097,299,6.79545454545455,37.375,0.568181818181818,31,44,0.704545454545455,3,0,253,319,362,192,273.5,225.5,437,309,"P5"
"164","Rutgers","fbs","Big Ten",2020,4259305,"Bo Melton",57,8,8,7.125,34.7191861105135,0.609108528254623,4.33989826381419,554,9.71929824561403,69.25,0.578947368421053,40,57,0.701754385964912,6,0,59,84,179,171,280.5,60,174,87,"P5"
"164","Rutgers","fbs","Big Ten",2020,4360204,"Johnny Langan",2,2,8,1,0.844651328803691,0.422325664401846,0.422325664401846,10,5,5,0.5,2,2,1,0,0,NA,NA,NA,NA,NA,NA,NA,NA,"P5"
"164","Rutgers","fbs","Big Ten",2020,4361529,"Isaih Pacheco",22,5,8,4.4,-1.56616934516486,-0.0711895156893117,-0.313233869032971,116,5.27272727272727,23.2,0.363636363636364,18,22,0.818181818181818,1,0,562,564,560,568.5,72.5,514,546,491.5,"P5"
"164","Rutgers","fbs","Big Ten",2020,4361556,"Aron Cruickshank",92,8,8,11.5,-3.07542870587868,-0.0334285728899857,-0.384428588234836,442,4.80434782608696,55.25,0.391304347826087,70,92,0.760869565217391,2,4,575,569,549,550,158,101,573,155,"P5"
"164","Rutgers","fbs","Big Ten",2020,4367207,"Matt Alaimo",10,5,8,2,-5.17005233045072,-0.517005233045072,-1.03401046609014,22,2.2,4.4,0.3,7,10,0.7,0,0,NA,NA,NA,NA,NA,NA,NA,NA,"P5"
"164","Rutgers","fbs","Big Ten",2020,4372456,"Avery Young",1,1,8,1,-1.12023791032176,-1.12023791032176,-1.12023791032176,0,0,0,0,0,1,0,0,0,NA,NA,NA,NA,NA,NA,NA,NA,"P5"
"164","Rutgers","fbs","Big Ten",2020,4372472,"Paul Woods",7,3,8,2.33333333333333,-1.52892707172395,-0.218418153103422,-0.509642357241318,27,3.85714285714286,9,0.428571428571429,5,7,0.714285714285714,0,0,NA,NA,NA,NA,NA,NA,NA,NA,"P5"
"164","Rutgers","fbs","Big Ten",2020,4426530,"Kay'Ron Adams",4,3,8,1.33333333333333,4.38636927631257,1.09659231907814,1.46212309210419,73,18.25,24.3333333333333,0.25,3,4,0.75,1,0,NA,NA,NA,NA,NA,NA,NA,NA,"P5"
"164","Rutgers","fbs","Big Ten",2020,4574722,"Christian Dremel",6,4,8,1.5,-0.855149234033,-0.142524872338833,-0.21378730850825,34,5.66666666666667,8.5,0.5,4,6,0.666666666666667,0,0,NA,NA,NA,NA,NA,NA,NA,NA,"P5"
"164","Rutgers","fbs","Big Ten",2020,4574730,"Isaiah Washington",11,3,8,3.66666666666667,6.96937578635782,0.63357961694162,2.32312526211927,96,8.72727272727273,32,0.636363636363636,9,11,0.818181818181818,0,0,NA,NA,NA,NA,NA,NA,NA,NA,"P5"
"164","Rutgers","fbs","Big Ten",2020,4574732,"Aaron Young",26,8,8,3.25,-4.4547777148636,-0.171337604417831,-0.55684721435795,94,3.61538461538462,11.75,0.346153846153846,22,26,0.846153846153846,0,0,591,579,585,577,43.5,555,603,604,"P5"
"167","New Mexico","fbs","Mountain West",2020,4039388,"Anselem Umeh",4,2,7,2,2.02352161226011,0.505880403065029,1.01176080613006,21,5.25,10.5,0.75,2,4,0.5,0,0,NA,NA,NA,NA,NA,NA,NA,NA,"G5"
"167","New Mexico","fbs","Mountain West",2020,4039393,"Daevon Vigilant",7,3,7,2.33333333333333,-3.22868084890887,-0.461240121272696,-1.07622694963629,11,1.57142857142857,3.66666666666667,0.285714285714286,5,7,0.714285714285714,0,0,NA,NA,NA,NA,NA,NA,NA,NA,"G5"
"167","New Mexico","fbs","Mountain West",2020,4240051,"Marcus Williams",21,6,7,3.5,-0.0389201333794088,-0.00185333968473375,-0.00648668889656813,166,7.90476190476191,27.6666666666667,0.476190476190476,14,21,0.666666666666667,0,1,535,536,536,407,370.5,425.5,333,432,"G5"
"167","New Mexico","fbs","Mountain West",2020,4243534,"Emmanuel Logan-Greene",45,6,7,7.5,-1.53545067561639,-0.0341211261248088,-0.255908445936066,277,6.15555555555556,46.1666666666667,0.422222222222222,30,45,0.666666666666667,0,0,560,556,550,501,370.5,250.5,500,228.5,"G5"
"167","New Mexico","fbs","Mountain West",2020,4261168,"Bryson Carroll",11,4,7,2.75,0.562238612833471,0.0511126011666792,0.140559653208368,79,7.18181818181818,19.75,0.636363636363636,9,11,0.818181818181818,0,0,NA,NA,NA,NA,NA,NA,NA,NA,"G5"
"167","New Mexico","fbs","Mountain West",2020,4261173,"Bobby Cole",6,2,7,3,5.73728543388915,0.956214238981524,2.86864271694457,75,12.5,37.5,0.666666666666667,5,6,0.833333333333333,1,0,NA,NA,NA,NA,NA,NA,NA,NA,"G5"
"167","New Mexico","fbs","Mountain West",2020,4374062,"Trae Hall",1,1,7,1,2.21326811380345,2.21326811380345,2.21326811380345,16,16,16,1,1,1,1,1,0,NA,NA,NA,NA,NA,NA,NA,NA,"G5"
"167","New Mexico","fbs","Mountain West",2020,4374065,"Cedric Patterson III",6,4,7,1.5,-4.4501607095561,-0.741693451592683,-1.11254017738902,0,0,0,0,2,6,0.333333333333333,0,0,NA,NA,NA,NA,NA,NA,NA,NA,"G5"
"167","New Mexico","fbs","Mountain West",2020,4374076,"Andrew Erickson",29,7,7,4.14285714285714,16.3904803087713,0.565188976164526,2.34149718696732,270,9.31034482758621,38.5714285714286,0.551724137931034,18,29,0.620689655172414,2,0,228,257,216,224,470,258.5,200,294,"G5"
"167","New Mexico","fbs","Mountain West",2020,4570083,"Jordan Kress",28,4,7,7,5.34281178211203,0.190814706504001,1.33570294552801,224,8,56,0.392857142857143,12,28,0.428571428571429,2,0,438,386,452,547.5,609,325,320.5,152.5,"G5"
"167","New Mexico","fbs","Mountain West",2020,4570090,"Chad Alexander",6,3,7,2,-2.45841960792792,-0.40973660132132,-0.819473202642641,10,1.66666666666667,3.33333333333333,0.166666666666667,5,6,0.833333333333333,0,0,NA,NA,NA,NA,NA,NA,NA,NA,"G5"
"167","New Mexico","fbs","Mountain West",2020,4570100,"Kyle Jarvis",3,2,7,1.5,5.95533388596568,1.98511129532189,2.97766694298284,43,14.3333333333333,21.5,1,3,3,1,0,0,NA,NA,NA,NA,NA,NA,NA,NA,"G5"
"167","New Mexico","fbs","Mountain West",2020,4612186,"Conner Kinslow",1,1,7,1,4.27267504437639,4.27267504437639,4.27267504437639,49,49,49,1,1,1,1,1,0,NA,NA,NA,NA,NA,NA,NA,NA,"G5"
"167","New Mexico","fbs","Mountain West",2020,4613125,"Bobby Wooden",10,3,7,3.33333333333333,-0.777484372488997,-0.0777484372488998,-0.259161457496333,42,4.2,14,0.4,8,10,0.8,0,0,NA,NA,NA,NA,NA,NA,NA,NA,"G5"
"167","New Mexico","fbs","Mountain West",2020,4695619,"Austin Erickson",1,1,7,1,-1.49134361529577,-1.49134361529577,-1.49134361529577,-3,-3,-3,0,1,1,1,0,0,NA,NA,NA,NA,NA,NA,NA,NA,"G5"
"167","New Mexico","fbs","Mountain West",2020,4701013,"Patterson Iii",2,1,7,2,3.91468686914622,1.95734343457311,3.91468686914622,39,19.5,39,0.5,1,2,0.5,1,0,NA,NA,NA,NA,NA,NA,NA,NA,"G5"
"183","Syracuse","fbs","ACC",2020,4037121,"Rex Culpepper",2,2,11,1,10.0840180329621,5.04200901648105,5.04200901648105,101,50.5,50.5,1,2,2,1,2,0,NA,NA,NA,NA,NA,NA,NA,NA,"P5"
"183","Syracuse","fbs","ACC",2020,4240391,"Tommy DeVito",2,1,11,2,-0.31018581363227,-0.155092906816135,-0.31018581363227,10,5,10,0.5,1,2,0.5,0,0,NA,NA,NA,NA,NA,NA,NA,NA,"P5"
"183","Syracuse","fbs","ACC",2020,4240392,"Markenzy Pierre",1,1,11,1,-0.583474905451752,-0.583474905451752,-0.583474905451752,2,2,2,0,1,1,1,0,0,NA,NA,NA,NA,NA,NA,NA,NA,"P5"
"183","Syracuse","fbs","ACC",2020,4240398,"Chris Elmore",1,1,11,1,-0.311447903068486,-0.311447903068486,-0.311447903068486,5,5,5,0,1,1,1,0,0,NA,NA,NA,NA,NA,NA,NA,NA,"P5"
"183","Syracuse","fbs","ACC",2020,4240408,"Nykeim Johnson",33,11,11,3,3.18669001757332,0.0965663641688884,0.289699092506665,240,7.27272727272727,21.8181818181818,0.393939393939394,19,33,0.575757575757576,3,0,482,513,502,545.5,533,301.5,397,520,"P5"
"183","Syracuse","fbs","ACC",2020,4240411,"Sharod Johnson",6,3,11,2,-4.40885888568191,-0.734809814280318,-1.46961962856064,10,1.66666666666667,3.33333333333333,0.166666666666667,3,6,0.5,0,0,NA,NA,NA,NA,NA,NA,NA,NA,"P5"
"183","Syracuse","fbs","ACC",2020,4240412,"Aaron Hackett",11,8,11,1.375,-0.451332054959823,-0.0410301868145294,-0.0564165068699779,63,5.72727272727273,7.875,0.454545454545455,10,11,0.909090909090909,2,1,NA,NA,NA,NA,NA,NA,NA,NA,"P5"
"183","Syracuse","fbs","ACC",2020,4361936,"Anthony Queeley",64,11,11,5.81818181818182,10.1051074121013,0.157892303314083,0.918646128372845,360,5.625,32.7272727272727,0.453125,36,64,0.5625,1,0,329,439,468,455,552.5,168,528,365,"P5"
"183","Syracuse","fbs","ACC",2020,4361938,"Ed Hendrix",7,2,11,3.5,3.66793674364771,0.523990963378244,1.83396837182386,55,7.85714285714286,27.5,0.571428571428571,4,7,0.571428571428571,0,0,NA,NA,NA,NA,NA,NA,NA,NA,"P5"
"183","Syracuse","fbs","ACC",2020,4361943,"Cooper Lutz",8,3,11,2.66666666666667,1.19409622402481,0.149262028003102,0.398032074674938,56,7,18.6666666666667,0.625,8,8,1,0,0,NA,NA,NA,NA,NA,NA,NA,NA,"P5"
"183","Syracuse","fbs","ACC",2020,4361952,"Taj Harris",91,10,11,9.1,37.1921981707,0.408705474403296,3.71921981707,733,8.05494505494505,73.3,0.450549450549451,58,91,0.637362637362637,5,1,47,128,315,462,436,22,311,68,"P5"
"183","Syracuse","fbs","ACC",2020,4426692,"Luke Benson",9,5,11,1.8,4.02631890893658,0.44736876765962,0.805263781787315,63,7,12.6,0.222222222222222,6,9,0.666666666666667,2,0,NA,NA,NA,NA,NA,NA,NA,NA,"P5"
"183","Syracuse","fbs","ACC",2020,4429939,"Jawhar Jordan",5,2,11,2.5,0.810201299015793,0.162040259803159,0.405100649507897,34,6.8,17,0.6,5,5,1,0,0,NA,NA,NA,NA,NA,NA,NA,NA,"P5"
"183","Syracuse","fbs","ACC",2020,4430871,"Sean Tucker",15,8,11,1.875,-1.63638996726401,-0.109092664484267,-0.204548745908001,103,6.86666666666667,12.875,0.266666666666667,7,15,0.466666666666667,0,0,NA,NA,NA,NA,NA,NA,NA,NA,"P5"
"183","Syracuse","fbs","ACC",2020,4565172,"Courtney Jackson",12,4,11,3,-2.4447923977891,-0.203732699815759,-0.611198099447276,69,5.75,17.25,0.5,10,12,0.833333333333333,0,0,NA,NA,NA,NA,NA,NA,NA,NA,"P5"
"183","Syracuse","fbs","ACC",2020,4575862,"Trebor Pena",1,1,11,1,-1.11033241046972,-1.11033241046972,-1.11033241046972,-1,-1,-1,0,1,1,1,0,0,NA,NA,NA,NA,NA,NA,NA,NA,"P5"
"183","Syracuse","fbs","ACC",2020,4605489,"Damien Alford",1,1,11,1,-0.398692433562649,-0.398692433562649,-0.398692433562649,3,3,3,0,1,1,1,0,0,NA,NA,NA,NA,NA,NA,NA,NA,"P5"
"189","Bowling Green","fbs","Mid-American",2020,4046744,"Bryson Denley",3,2,5,1.5,-3.10427547597254,-1.03475849199085,-1.55213773798627,0,0,0,0,0,3,0,0,0,NA,NA,NA,NA,NA,NA,NA,NA,"G5"
"189","Bowling Green","fbs","Mid-American",2020,4244038,"Andrew Clair",3,3,5,1,-0.518827947694338,-0.172942649231446,-0.172942649231446,28,9.33333333333333,9.33333333333333,0.333333333333333,2,3,0.666666666666667,0,0,NA,NA,NA,NA,NA,NA,NA,NA,"G5"
"189","Bowling Green","fbs","Mid-American",2020,4244049,"Quintin Morris",40,5,5,8,-0.989472944821714,-0.0247368236205429,-0.197894588964343,248,6.2,49.6,0.325,20,40,0.5,0,0,552,551,544,586,592,291.5,495,202,"G5"
"189","Bowling Green","fbs","Mid-American",2020,4373420,"Noah Massey",10,3,5,3.33333333333333,7.44277032315084,0.744277032315084,2.48092344105028,121,12.1,40.3333333333333,0.6,6,10,0.6,0,0,394,243,96,136.5,504,500,58,275,"G5"
"189","Bowling Green","fbs","Mid-American",2020,4373422,"Presley Motes",3,2,5,1.5,1.36779507092418,0.45593169030806,0.68389753546209,20,6.66666666666667,10,0.333333333333333,2,3,0.666666666666667,0,0,NA,NA,NA,NA,NA,NA,NA,NA,"G5"
"189","Bowling Green","fbs","Mid-American",2020,4373427,"Julian Ortega-Jones",25,5,5,5,3.25841897339234,0.130336758935694,0.651683794678468,160,6.4,32,0.36,14,25,0.56,0,0,480,476,483,571,554.5,432.5,482,378.5,"G5"
"189","Bowling Green","fbs","Mid-American",2020,4429313,"Tyrone Broden Jr.",17,4,5,4.25,-11.5556032970997,-0.679741370417631,-2.88890082427493,98,5.76470588235294,24.5,0.235294117647059,6,17,0.352941176470588,0,1,619,621,621,619,618.5,547.5,518,473.5,"G5"
"189","Bowling Green","fbs","Mid-American",2020,4430151,"Javonte Kinsey",2,2,5,1,3.43063345259531,1.71531672629766,1.71531672629766,28,14,14,0.5,2,2,1,1,0,NA,NA,NA,NA,NA,NA,NA,NA,"G5"
"189","Bowling Green","fbs","Mid-American",2020,4565318,"Terion Stewart",2,2,5,1,0.500103135509493,0.250051567754747,0.250051567754747,10,5,5,0.5,2,2,1,0,0,NA,NA,NA,NA,NA,NA,NA,NA,"G5"
"189","Bowling Green","fbs","Mid-American",2020,4575831,"Taron Keith",1,1,5,1,-1.47226250010608,-1.47226250010608,-1.47226250010608,0,0,0,0,0,1,0,0,0,NA,NA,NA,NA,NA,NA,NA,NA,"G5"
"193","Miami (OH)","fbs","Mid-American",2020,4038966,"Jack Sorenson",29,3,3,9.66666666666667,26.5101807994965,0.914144165499878,8.83672693316548,215,7.41379310344828,71.6666666666667,0.551724137931034,18,29,0.620689655172414,4,0,120,7,47,224,470,341.5,381,75,"G5"
"193","Miami (OH)","fbs","Mid-American",2020,4038973,"Zach Kahn",2,1,3,2,-0.734292085988402,-0.367146042994201,-0.734292085988402,0,0,0,0,2,2,1,0,0,NA,NA,NA,NA,NA,NA,NA,NA,"G5"
"193","Miami (OH)","fbs","Mid-American",2020,4244306,"Jalen Walker",4,3,3,1.33333333333333,6.74583346487736,1.68645836621934,2.24861115495912,37,9.25,12.3333333333333,0.5,3,4,0.75,2,0,NA,NA,NA,NA,NA,NA,NA,NA,"G5"
"193","Miami (OH)","fbs","Mid-American",2020,4244308,"Davion Johnson",5,2,3,2.5,4.1714115396999,0.83428230793998,2.08570576984995,0,0,0,0.6,3,5,0.6,0,0,NA,NA,NA,NA,NA,NA,NA,NA,"G5"
"193","Miami (OH)","fbs","Mid-American",2020,4244326,"Adam Mehelic",1,1,3,1,1.74184023342774,1.74184023342774,1.74184023342774,9,9,9,1,1,1,1,0,0,NA,NA,NA,NA,NA,NA,NA,NA,"G5"
"193","Miami (OH)","fbs","Mid-American",2020,4259597,"Mac Hippenhammer",7,1,3,7,3.60567394135758,0.515096277336796,3.60567394135758,77,11,77,0.571428571428571,5,7,0.714285714285714,0,0,473,134,247,184,252.5,582.5,100,59.5,"G5"
"193","Miami (OH)","fbs","Mid-American",2020,4426952,"Jack Coldiron",4,1,3,4,3.08276596851368,0.77069149212842,3.08276596851368,41,10.25,41,0.75,3,4,0.75,0,0,NA,NA,NA,NA,NA,NA,NA,NA,"G5"
"193","Miami (OH)","fbs","Mid-American",2020,4431432,"Kenny Tracy",1,1,3,1,-0.301914566950454,-0.301914566950454,-0.301914566950454,3,3,3,0,1,1,1,0,0,NA,NA,NA,NA,NA,NA,NA,NA,"G5"
"193","Miami (OH)","fbs","Mid-American",2020,4569252,"Austin Robinson",2,1,3,2,1.66034722901708,0.83017361450854,1.66034722901708,29,14.5,29,0.5,1,2,0.5,0,0,NA,NA,NA,NA,NA,NA,NA,NA,"G5"
"193","Miami (OH)","fbs","Mid-American",2020,4576183,"Kevin Davis",7,3,3,2.33333333333333,2.32040253979428,0.331486077113469,0.773467513264761,16,2.28571428571429,5.33333333333333,0.428571428571429,5,7,0.714285714285714,0,0,498,457,364,494,252.5,618,620,621,"G5"
"193","Miami (OH)","fbs","Mid-American",2020,4686999,"James Burns",2,1,3,2,0.463940114923809,0.231970057461904,0.463940114923809,0,0,0,0.5,1,2,0.5,0,0,NA,NA,NA,NA,NA,NA,NA,NA,"G5"
"194","Ohio State",NA,NA,2020,4040612,"Luke Farrell",3,3,5,1,2.11897665278847,0.70632555092949,0.70632555092949,26,8.66666666666667,8.66666666666667,1,3,3,1,0,0,NA,NA,NA,NA,NA,NA,NA,NA,NA
"194","Ohio State",NA,NA,2020,4040617,"Jake Hausmann",1,1,5,1,0.531207124330222,0.531207124330222,0.531207124330222,13,13,13,1,1,1,1,0,0,NA,NA,NA,NA,NA,NA,NA,NA,NA
"194","Ohio State",NA,NA,2020,4040625,"Demario McCall",2,2,5,1,0.665711406524749,0.332855703262374,0.332855703262374,27,13.5,13.5,0.5,1,2,0.5,0,0,NA,NA,NA,NA,NA,NA,NA,NA,NA
"194","Ohio State",NA,NA,2020,4241401,"Trey Sermon",6,5,5,1.2,-1.13449923196358,-0.189083205327264,-0.226899846392717,30,5,6,0.5,5,6,0.833333333333333,0,0,NA,NA,NA,NA,NA,NA,NA,NA,NA
"194","Ohio State",NA,NA,2020,4241999,"Wyatt Davis",1,1,5,1,-0.591191062529959,-0.591191062529959,-0.591191062529959,-2,-2,-2,0,1,1,1,0,0,NA,NA,NA,NA,NA,NA,NA,NA,NA
"194","Ohio State",NA,NA,2020,4361354,"Master Teague",3,1,5,3,1.53301729762976,0.511005765876588,1.53301729762976,37,12.3333333333333,37,0.666666666666667,3,3,1,0,0,NA,NA,NA,NA,NA,NA,NA,NA,NA
"194","Ohio State",NA,NA,2020,4361370,"Chris Olave",38,5,5,7.6,26.1722584183118,0.688743642587153,5.23445168366236,429,11.2894736842105,85.8,0.763157894736842,33,38,0.868421052631579,3,3,126,51,135,4,30,112.5,87,44,NA
"194","Ohio State",NA,NA,2020,4361372,"Jeremy Ruckert",9,3,5,3,6.66415221959944,0.740461357733271,2.22138407319981,50,5.55555555555556,16.6666666666667,0.777777777777778,8,9,0.888888888888889,2,0,NA,NA,NA,NA,NA,NA,NA,NA,NA
"194","Ohio State",NA,NA,2020,4362887,"Justin Fields",3,1,5,3,10.1157002943291,3.37190009810969,10.1157002943291,85,28.3333333333333,85,1,3,3,1,3,0,NA,NA,NA,NA,NA,NA,NA,NA,NA
"194","Ohio State",NA,NA,2020,4426388,"Jameson Williams",5,4,5,1.25,6.66948032329183,1.33389606465837,1.66737008082296,78,15.6,19.5,1,5,5,1,1,0,NA,NA,NA,NA,NA,NA,NA,NA,NA
"194","Ohio State",NA,NA,2020,4430800,"Julian Fleming",3,2,5,1.5,0.0820897507178925,0.0273632502392975,0.0410448753589462,21,7,10.5,0.666666666666667,3,3,1,0,0,NA,NA,NA,NA,NA,NA,NA,NA,NA
"194","Ohio State",NA,NA,2020,4430878,"Jaxon Smith-Njigba",7,4,5,1.75,-1.61038109145264,-0.230054441636091,-0.402595272863159,17,2.42857142857143,4.25,0.428571428571429,6,7,0.857142857142857,1,0,NA,NA,NA,NA,NA,NA,NA,NA,NA
"194","Ohio State",NA,NA,2020,4569618,"Garrett Wilson",44,5,5,8.8,43.3089081165639,0.984293366285543,8.66178162331278,572,13,114.4,0.704545454545455,34,44,0.772727272727273,5,0,27,8,36,20,142,54,33.5,11,NA
"195","Ohio","fbs","Mid-American",2020,4039089,"Cameron Odom",5,2,3,2.5,-0.542459544788641,-0.108491908957728,-0.271229772394321,35,7,17.5,0.4,2,5,0.4,0,0,NA,NA,NA,NA,NA,NA,NA,NA,"G5"
"195","Ohio","fbs","Mid-American",2020,4039101,"Adam Luehrman",2,1,3,2,4.76163650620422,2.38081825310211,4.76163650620422,44,22,44,1,2,2,1,0,0,NA,NA,NA,NA,NA,NA,NA,NA,"G5"
"195","Ohio","fbs","Mid-American",2020,4039115,"Ryan Luehrman",12,2,3,6,2.86203340519568,0.238502783766307,1.43101670259784,72,6,36,0.583333333333333,9,12,0.75,3,0,489,373,425,163.5,180,587.5,506.5,325.5,"G5"
"195","Ohio","fbs","Mid-American",2020,4362301,"Isiah Cox",11,3,3,3.66666666666667,8.81511052072432,0.801373683702211,2.93837017357477,170,15.4545454545455,56.6666666666667,0.454545454545455,9,11,0.818181818181818,1,0,353,186,71,452,72.5,419,10,149,"G5"
"195","Ohio","fbs","Mid-American",2020,4362308,"Jerome Buckner",4,2,3,2,0.105631836554275,0.0264079591385689,0.0528159182771377,18,4.5,9,0.75,3,4,0.75,0,0,NA,NA,NA,NA,NA,NA,NA,NA,"G5"
"195","Ohio","fbs","Mid-American",2020,4362310,"Shane Hooks",13,3,3,4.33333333333333,4.68386730510665,0.360297485008204,1.56128910170222,119,9.15384615384615,39.6666666666667,0.538461538461538,8,13,0.615384615384615,1,1,450,351,344,259.5,475.5,503.5,213,284,"G5"
"195","Ohio","fbs","Mid-American",2020,4362313,"O'Shann Allison",1,1,3,1,0.402016608882564,0.402016608882564,0.402016608882564,13,13,13,1,1,1,1,0,0,NA,NA,NA,NA,NA,NA,NA,NA,"G5"
"195","Ohio","fbs","Mid-American",2020,4362332,"Alec Burton",1,1,3,1,-0.29097501551475,-0.29097501551475,-0.29097501551475,5,5,5,0,1,1,1,0,0,NA,NA,NA,NA,NA,NA,NA,NA,"G5"
"195","Ohio","fbs","Mid-American",2020,4368532,"Tanner Allton",1,1,3,1,0.688724539910188,0.688724539910188,0.688724539910188,4,4,4,1,1,1,1,0,0,NA,NA,NA,NA,NA,NA,NA,NA,"G5"
"195","Ohio","fbs","Mid-American",2020,4570276,"De'Montre Tuggle",3,3,3,1,-1.56538584844073,-0.521795282813577,-0.521795282813577,6,2,2,0,2,3,0.666666666666667,0,0,NA,NA,NA,NA,NA,NA,NA,NA,"G5"
"197","Oklahoma State","fbs","Big 12",2020,4035427,"Dee Anderson",2,1,10,2,-0.0381498596482714,-0.0190749298241357,-0.0381498596482714,14,7,14,0.5,1,2,0.5,0,0,NA,NA,NA,NA,NA,NA,NA,NA,"P5"
"197","Oklahoma State","fbs","Big 12",2020,4038438,"La'Darren Brown",6,4,10,1.5,6.16107447582937,1.02684574597156,1.54026861895734,66,11,16.5,0.666666666666667,5,6,0.833333333333333,0,0,NA,NA,NA,NA,NA,NA,NA,NA,"P5"
"197","Oklahoma State","fbs","Big 12",2020,4038444,"Landon Wolf",30,8,10,3.75,2.91459314014714,0.0971531046715714,0.364324142518393,196,6.53333333333333,24.5,0.433333333333333,20,30,0.666666666666667,0,0,485,503,498,487.5,370.5,368.5,467,473.5,"P5"
"197","Oklahoma State","fbs","Big 12",2020,4038460,"Dillon Stoner",54,10,10,5.4,4.24737611862063,0.0786551133077895,0.424737611862063,400,7.40740740740741,40,0.5,34,54,0.62962962962963,0,0,459,494,509,353.5,455,138.5,382,277.5,"P5"
"197","Oklahoma State","fbs","Big 12",2020,4053730,"Logan Carter",8,4,10,2,11.1267683527421,1.39084604409276,2.78169208818552,84,10.5,21,0.875,8,8,1,1,0,NA,NA,NA,NA,NA,NA,NA,NA,"P5"
"197","Oklahoma State","fbs","Big 12",2020,4241407,"Braydon Johnson",30,9,10,3.33333333333333,5.04335627065,0.168111875688333,0.560372918961111,248,8.26666666666667,27.5555555555556,0.466666666666667,20,30,0.666666666666667,1,0,444,483,459,429.5,370.5,291.5,293,433,"P5"
"197","Oklahoma State","fbs","Big 12",2020,4241410,"Jelani Woods",13,7,10,1.85714285714286,9.72441094784197,0.748031611372459,1.38920156397742,129,9.92307692307692,18.4285714285714,0.538461538461538,8,13,0.615384615384615,1,0,NA,NA,NA,NA,NA,NA,NA,NA,"P5"
"197","Oklahoma State","fbs","Big 12",2020,4241416,"Chuba Hubbard",9,6,10,1.5,-2.20362071486244,-0.244846746095826,-0.36727011914374,47,5.22222222222222,7.83333333333333,0.444444444444444,7,9,0.777777777777778,0,0,NA,NA,NA,NA,NA,NA,NA,NA,"P5"
"197","Oklahoma State","fbs","Big 12",2020,4241424,"Tylan Wallace",74,8,10,9.25,44.719213206462,0.604313691979216,5.58990165080775,825,11.1486486486486,103.125,0.540540540540541,50,74,0.675675675675676,3,0,22,43,185,253.5,350,14,95,21,"P5"
"197","Oklahoma State","fbs","Big 12",2020,4361825,"Spencer Sanders",9,3,10,3,21.2545722230478,2.3616191358942,7.08485740768262,188,20.8888888888889,62.6666666666667,0.888888888888889,9,9,1,8,0,NA,NA,NA,NA,NA,NA,NA,NA,"P5"
"197","Oklahoma State","fbs","Big 12",2020,4430577,"Rashod Owens",2,1,10,2,1.151689396245,0.575844698122501,1.151689396245,19,9.5,19,0.5,2,2,1,0,0,NA,NA,NA,NA,NA,NA,NA,NA,"P5"
"197","Oklahoma State","fbs","Big 12",2020,4430689,"Dominic Richardson",1,1,10,1,0.745547802575229,0.745547802575229,0.745547802575229,12,12,12,1,1,1,1,0,0,NA,NA,NA,NA,NA,NA,NA,NA,"P5"
"197","Oklahoma State","fbs","Big 12",2020,4431342,"Brennan Presley",4,1,10,4,-3.76232343118461,-0.940580857796153,-3.76232343118461,7,1.75,7,0.25,1,4,0.25,0,0,NA,NA,NA,NA,NA,NA,NA,NA,"P5"
"197","Oklahoma State","fbs","Big 12",2020,4569325,"Dezmon Jackson",6,4,10,1.5,-3.41615410948478,-0.569359018247462,-0.854038527371194,14,2.33333333333333,3.5,0.166666666666667,5,6,0.833333333333333,0,0,NA,NA,NA,NA,NA,NA,NA,NA,"P5"
"2","Auburn","fbs","SEC",2020,4035500,"Eli Stove",49,8,10,6.125,11.7857347912975,0.240525199822397,1.47321684891218,330,6.73469387755102,41.25,0.510204081632653,40,49,0.816326530612245,3,0,302,367,422,326,78,192,447,272,"P5"
"2","Auburn","fbs","SEC",2020,4242526,"John Samuel Shenker",8,4,10,2,5.77910739047066,0.722388423808832,1.44477684761766,66,8.25,16.5,0.5,6,8,0.75,0,0,NA,NA,NA,NA,NA,NA,NA,NA,"P5"
"2","Auburn","fbs","SEC",2020,4361332,"Shedrick Jackson",7,3,10,2.33333333333333,1.98126519537013,0.283037885052876,0.660421731790044,52,7.42857142857143,17.3333333333333,0.428571428571429,3,7,0.428571428571429,0,0,NA,NA,NA,NA,NA,NA,NA,NA,"P5"
"2","Auburn","fbs","SEC",2020,4371974,"Seth Williams",80,10,10,8,25.398934808974,0.317486685112175,2.5398934808974,671,8.3875,67.1,0.4,42,80,0.525,4,1,131,239,374,537.5,581,28,275,96,"P5"
"2","Auburn","fbs","SEC",2020,4371977,"Shaun Shivers",9,4,10,2.25,-0.953296851391705,-0.105921872376856,-0.238324212847926,44,4.88888888888889,11,0.333333333333333,8,9,0.888888888888889,0,0,NA,NA,NA,NA,NA,NA,NA,NA,"P5"
"2","Auburn","fbs","SEC",2020,4371986,"Anthony Schwartz",81,10,10,8.1,26.5322056428854,0.32755809435661,2.65322056428854,652,8.04938271604938,65.2,0.555555555555556,54,81,0.666666666666667,3,1,119,224,366,215.5,370.5,32,312,103,"P5"
"2","Auburn","fbs","SEC",2020,4429013,"Tank Bigsby",13,2,10,6.5,-2.67701331972004,-0.205924101516926,-1.33850665986002,84,6.46153846153846,42,0.384615384615385,11,13,0.846153846153846,0,0,NA,NA,NA,NA,NA,NA,NA,NA,"P5"
"2","Auburn","fbs","SEC",2020,4429056,"Kobe Hudson",5,4,10,1.25,1.92277793649714,0.384555587299427,0.480694484124284,41,8.2,10.25,0.4,4,5,0.8,0,0,NA,NA,NA,NA,NA,NA,NA,NA,"P5"
"2","Auburn","fbs","SEC",2020,4429062,"Ze'Vian Capers",13,4,10,3.25,-2.03416318164086,-0.156474090895451,-0.508540795410216,73,5.61538461538461,18.25,0.461538461538462,6,13,0.461538461538462,1,0,NA,NA,NA,NA,NA,NA,NA,NA,"P5"
"2","Auburn","fbs","SEC",2020,4430896,"J.J. Pegues",9,4,10,2.25,2.06348386719075,0.229275985243416,0.515870966797687,57,6.33333333333333,14.25,0.666666666666667,7,9,0.777777777777778,0,0,NA,NA,NA,NA,NA,NA,NA,NA,"P5"
"2","Auburn","fbs","SEC",2020,4567216,"D.J. Williams",8,5,10,1.6,-2.52369725379274,-0.315462156724092,-0.504739450758547,35,4.375,7,0.125,6,8,0.75,0,0,NA,NA,NA,NA,NA,NA,NA,NA,"P5"
"2","Auburn","fbs","SEC",2020,4567235,"Luke Deal",2,2,10,1,0.235584058681666,0.117792029340833,0.117792029340833,11,5.5,5.5,0.5,2,2,1,0,0,NA,NA,NA,NA,NA,NA,NA,NA,"P5"
"2","Auburn","fbs","SEC",2020,4689090,"Brandon Frazier",1,1,10,1,0.347542534595255,0.347542534595255,0.347542534595255,6,6,6,1,1,1,1,0,0,NA,NA,NA,NA,NA,NA,NA,NA,"P5"
"2005","Air Force","fbs","Mountain West",2020,4360731,"Rhett Harms",1,1,5,1,5.64364425009472,5.64364425009472,5.64364425009472,31,31,31,1,1,1,1,0,0,NA,NA,NA,NA,NA,NA,NA,NA,"G5"
"2005","Air Force","fbs","Mountain West",2020,4382333,"Ben Peterson",2,1,5,2,5.07833339051338,2.53916669525669,5.07833339051338,73,36.5,73,1,2,2,1,1,0,NA,NA,NA,NA,NA,NA,NA,NA,"G5"
"2005","Air Force","fbs","Mountain West",2020,4401043,"Brandon Lewis",13,3,5,4.33333333333333,-0.634843068144612,-0.0488340821649702,-0.211614356048204,68,5.23076923076923,22.6666666666667,0.538461538461538,8,13,0.615384615384615,0,0,547,553,553,259.5,475.5,593.5,549,501.5,"G5"
"2005","Air Force","fbs","Mountain West",2020,4571667,"Daniel Morris",6,2,5,3,7.21087058541462,1.20181176423577,3.60543529270731,64,10.6666666666667,32,1,6,6,1,0,0,NA,NA,NA,NA,NA,NA,NA,NA,"G5"
"2005","Air Force","fbs","Mountain West",2020,4571668,"Jake Spiewak",2,1,5,2,0.840687399096598,0.420343699548299,0.840687399096598,7,3.5,7,0.5,1,2,0.5,0,0,NA,NA,NA,NA,NA,NA,NA,NA,"G5"
"2005","Air Force","fbs","Mountain West",2020,4580608,"Kyle Patterson",13,4,5,3.25,9.90826141180152,0.762173954753963,2.47706535295038,140,10.7692307692308,35,0.461538461538462,9,13,0.692307692307692,1,0,330,244,89,441,301,465.5,117.5,336.5,"G5"
"2005","Air Force","fbs","Mountain West",2020,4693812,"Jordan Gidrey",2,1,5,2,-1.8837648955958,-0.941882447797902,-1.8837648955958,0,0,0,0,0,2,0,0,0,NA,NA,NA,NA,NA,NA,NA,NA,"G5"
"2005","Air Force","fbs","Mountain West",2020,4693825,"Dalton King",1,1,5,1,1.76854479246055,1.76854479246055,1.76854479246055,12,12,12,1,1,1,1,0,0,NA,NA,NA,NA,NA,NA,NA,NA,"G5"
"2006","Akron","fbs","Mid-American",2020,4240146,"Nate Stewart",27,6,6,4.5,19.3841471472847,0.71793137582536,3.23069119121412,217,8.03703703703704,36.1666666666667,0.518518518518518,17,27,0.62962962962963,1,0,191,161,121,306.5,455,337.5,313,322,"G5"
"2006","Akron","fbs","Mid-American",2020,4241898,"Maverick Wolfley",2,2,6,1,0.835099483437369,0.417549741718684,0.417549741718684,19,9.5,9.5,0.5,2,2,1,0,0,NA,NA,NA,NA,NA,NA,NA,NA,"G5"
"2006","Akron","fbs","Mid-American",2020,4244768,"Julian Hicks",2,2,6,1,2.37691526214801,1.188457631074,1.188457631074,18,9,9,1,2,2,1,0,0,NA,NA,NA,NA,NA,NA,NA,NA,"G5"
"2006","Akron","fbs","Mid-American",2020,4257370,"Jeremiah Knight",5,3,6,1.66666666666667,-0.397115639883801,-0.0794231279767603,-0.132371879961267,25,5,8.33333333333333,0.6,3,5,0.6,0,0,NA,NA,NA,NA,NA,NA,NA,NA,"G5"
"2006","Akron","fbs","Mid-American",2020,4366038,"Teon Dollard",14,5,6,2.8,-7.58108954781494,-0.541506396272496,-1.51621790956299,29,2.07142857142857,5.8,0.285714285714286,10,14,0.714285714285714,0,0,612,613,620,605.5,252.5,617,621,620,"G5"
"2006","Akron","fbs","Mid-American",2020,4383093,"Timothy Scippio",2,1,6,2,-0.262450944080889,-0.131225472040445,-0.262450944080889,14,7,14,0.5,1,2,0.5,0,0,NA,NA,NA,NA,NA,NA,NA,NA,"G5"
"2006","Akron","fbs","Mid-American",2020,4430089,"Michael Mathison",18,4,6,4.5,5.73399514989302,0.318555286105168,1.43349878747326,111,6.16666666666667,27.75,0.5,11,18,0.611111111111111,2,0,429,372,373,353.5,486.5,519.5,498,428.5,"G5"
"2006","Akron","fbs","Mid-American",2020,4568345,"Shawn Naim",9,3,6,3,-4.07017093691971,-0.452241215213301,-1.3567236456399,28,3.11111111111111,9.33333333333333,0.222222222222222,5,9,0.555555555555556,0,0,NA,NA,NA,NA,NA,NA,NA,NA,"G5"
"2006","Akron","fbs","Mid-American",2020,4608589,"Tristian Brank",5,3,6,1.66666666666667,3.5576336446881,0.71152672893762,1.1858778815627,54,10.8,18,0.6,5,5,1,0,0,NA,NA,NA,NA,NA,NA,NA,NA,"G5"
"2006","Akron","fbs","Mid-American",2020,4608750,"Jonzell Norrils",2,1,6,2,1.89895213810017,0.949476069050084,1.89895213810017,32,16,32,1,2,2,1,0,0,NA,NA,NA,NA,NA,NA,NA,NA,"G5"
"2006","Akron","fbs","Mid-American",2020,4686870,"George Qualls Jr.",20,5,6,4,10.8377508528853,0.541887542644266,2.16755017057706,160,8,32,0.55,12,20,0.6,1,0,316,284,231,231.5,504,432.5,320.5,378.5,"G5"
"2006","Akron","fbs","Mid-American",2020,4701278,"Tony Grimes Jr.",16,5,6,3.2,7.94348605597152,0.49646787849822,1.5886972111943,130,8.125,26,0.625,12,16,0.75,0,0,387,348,261,93.5,180,483,305,456,"G5"
"2006","Akron","fbs","Mid-American",2020,4701283,"Marquis Whitmire",2,1,6,2,-0.174865072004849,-0.0874325360024246,-0.174865072004849,1,0.5,1,0.5,1,2,0.5,0,0,NA,NA,NA,NA,NA,NA,NA,NA,"G5"
"201","Oklahoma","fbs","Big 12",2020,4035818,"Theo Howard",7,6,8,1.16666666666667,9.06945561854544,1.29563651693506,1.51157593642424,95,13.5714285714286,15.8333333333333,0.857142857142857,7,7,1,0,0,NA,NA,NA,NA,NA,NA,NA,NA,"P5"
"201","Oklahoma","fbs","Big 12",2020,4241380,"Jeremiah Hall",14,6,8,2.33333333333333,12.9856776816326,0.927548405830899,2.16427961360543,136,9.71428571428571,22.6666666666667,0.857142857142857,12,14,0.857142857142857,4,1,NA,NA,NA,NA,NA,NA,NA,NA,"P5"
"201","Oklahoma","fbs","Big 12",2020,4241397,"Charleston Rambo",34,7,8,4.85714285714286,-5.68846791510256,-0.167307879855958,-0.812638273586081,187,5.5,26.7142857142857,0.294117647058824,19,34,0.558823529411765,0,0,601,592,583,600,556,388,533,445,"P5"
"201","Oklahoma","fbs","Big 12",2020,4360271,"Tanner Mordecai",1,1,8,1,2.09855538576914,2.09855538576914,2.09855538576914,14,14,14,1,1,1,1,1,0,NA,NA,NA,NA,NA,NA,NA,NA,"P5"
"201","Oklahoma","fbs","Big 12",2020,4360275,"T.J. Pledger",11,5,8,2.2,2.69072059520916,0.244610963200832,0.538144119041831,77,7,15.4,0.545454545454545,9,11,0.818181818181818,0,0,NA,NA,NA,NA,NA,NA,NA,NA,"P5"
"201","Oklahoma","fbs","Big 12",2020,4360282,"Drake Stoops",16,7,8,2.28571428571429,11.6673459049702,0.729209119060639,1.66676370071003,160,10,22.8571428571429,0.625,11,16,0.6875,1,0,304,339,112,93.5,316,432.5,157,499,"P5"
"201","Oklahoma","fbs","Big 12",2020,4360290,"Brayden Willis",6,3,8,2,8.82114877492189,1.47019146248698,2.94038292497397,68,11.3333333333333,22.6666666666667,0.833333333333333,6,6,1,1,0,NA,NA,NA,NA,NA,NA,NA,NA,"P5"
"201","Oklahoma","fbs","Big 12",2020,4426339,"Spencer Rattler",2,2,8,1,3.45533128943127,1.72766564471563,1.72766564471563,24,12,12,1,2,2,1,2,0,NA,NA,NA,NA,NA,NA,NA,NA,"P5"
"201","Oklahoma","fbs","Big 12",2020,4426367,"Austin Stogner",30,6,8,5,23.4631153970994,0.78210384656998,3.9105192328499,336,11.2,56,0.633333333333333,20,30,0.666666666666667,1,1,144,115,79,83,370.5,187,94,152.5,"P5"
"201","Oklahoma","fbs","Big 12",2020,4426370,"Jadon Haselwood",3,2,8,1.5,2.08540557430729,0.695135191435762,1.04270278715364,45,15,22.5,0.666666666666667,2,3,0.666666666666667,0,0,NA,NA,NA,NA,NA,NA,NA,NA,"P5"
"201","Oklahoma","fbs","Big 12",2020,4426484,"Marcus Major",1,1,8,1,1.20290370531517,1.20290370531517,1.20290370531517,24,24,24,1,1,1,1,0,0,NA,NA,NA,NA,NA,NA,NA,NA,"P5"
"201","Oklahoma","fbs","Big 12",2020,4426535,"Theo Wease",42,8,8,5.25,25.4658315671792,0.606329323028076,3.1832289458974,423,10.0714285714286,52.875,0.642857142857143,31,42,0.738095238095238,3,0,129,167,182,74.5,197,118,154,178,"P5"
"201","Oklahoma","fbs","Big 12",2020,4569173,"Rhamondre Stevenson",16,4,8,4,8.79759384158889,0.549849615099306,2.19939846039722,175,10.9375,43.75,0.625,14,16,0.875,0,0,355,273,223,93.5,27.5,410.5,105.5,248,"P5"
"201","Oklahoma","fbs","Big 12",2020,4686468,"Seth McGowan",10,3,8,3.33333333333333,3.29066128336486,0.329066128336486,1.09688709445495,94,9.4,31.3333333333333,0.5,9,10,0.9,0,0,NA,NA,NA,NA,NA,NA,NA,NA,"P5"
"201","Oklahoma","fbs","Big 12",2020,4686469,"Mikey Henderson",10,5,8,2,7.177326972836,0.7177326972836,1.4354653945672,129,12.9,25.8,0.7,7,10,0.7,1,1,NA,NA,NA,NA,NA,NA,NA,NA,"P5"
"201","Oklahoma","fbs","Big 12",2020,4686472,"Marvin Mims",33,8,8,4.125,23.1022225453511,0.700067349859124,2.88777781816889,388,11.7575757575758,48.5,0.606060606060606,25,33,0.757575757575758,5,0,149,196,130,116.5,165.5,148.5,69,207,"P5"
"201","Oklahoma","fbs","Big 12",2020,4692518,"Brian Darby",1,1,8,1,1.4678435408319,1.4678435408319,1.4678435408319,14,14,14,1,1,1,1,0,0,NA,NA,NA,NA,NA,NA,NA,NA,"P5"
"202","Tulsa","fbs","American Athletic",2020,4035409,"Zach Smith",1,1,7,1,2.99002042078315,2.99002042078315,2.99002042078315,33,33,33,1,1,1,1,1,0,NA,NA,NA,NA,NA,NA,NA,NA,"G5"
"202","Tulsa","fbs","American Athletic",2020,4039660,"Josh Stewart",13,4,7,3.25,3.61795965040028,0.278304588492329,0.90448991260007,77,5.92307692307692,19.25,0.538461538461538,8,13,0.615384615384615,0,0,NA,NA,NA,NA,NA,NA,NA,NA,"G5"
"202","Tulsa","fbs","American Athletic",2020,4244598,"Keylon Stokes",45,7,7,6.42857142857143,35.8210414949567,0.796023144332371,5.11729164213667,508,11.2888888888889,72.5714285714286,0.688888888888889,35,45,0.777777777777778,2,0,54,52,74,28,131.5,71.5,88,71,"G5"
"202","Tulsa","fbs","American Athletic",2020,4244599,"Shamari Brooks",1,1,7,1,-2.05762609849706,-2.05762609849706,-2.05762609849706,9,9,9,0,1,1,1,0,0,NA,NA,NA,NA,NA,NA,NA,NA,"G5"
"202","Tulsa","fbs","American Athletic",2020,4244600,"Sam Crawford Jr.",37,6,7,6.16666666666667,-1.38039164121811,-0.0373078821950841,-0.230065273536352,253,6.83783783783784,42.1666666666667,0.378378378378378,21,37,0.567567567567568,1,0,558,554,552,557.5,544,284.5,432,263.5,"G5"
"202","Tulsa","fbs","American Athletic",2020,4244603,"Cannon Montgomery",1,1,7,1,-0.34795751159027,-0.34795751159027,-0.34795751159027,2,2,2,0,1,1,1,0,0,NA,NA,NA,NA,NA,NA,NA,NA,"G5"
"202","Tulsa","fbs","American Athletic",2020,4244617,"J.C. Santana",42,7,7,6,10.5542229773206,0.251291023269539,1.50774613961723,345,8.21428571428571,49.2857142857143,0.452380952380952,24,42,0.571428571428571,2,1,321,362,416,457,537.5,181,298,203.5,"G5"
"202","Tulsa","fbs","American Athletic",2020,4361739,"Josh Johnson",56,7,7,8,38.9280787686628,0.695144263726122,5.56115410980897,475,8.48214285714286,67.8571428571429,0.5,34,56,0.607142857142857,6,0,37,44,132,353.5,493,84,264,94,"G5"
"202","Tulsa","fbs","American Athletic",2020,4372368,"T.K. Wilkerson",2,2,7,1,-1.60182777334969,-0.800913886674844,-0.800913886674844,4,2,2,0.5,2,2,1,0,0,NA,NA,NA,NA,NA,NA,NA,NA,"G5"
"202","Tulsa","fbs","American Athletic",2020,4372372,"James Palmer",2,2,7,1,2.439661056889,1.2198305284445,1.2198305284445,8,4,4,0.5,2,2,1,1,0,NA,NA,NA,NA,NA,NA,NA,NA,"G5"
"202","Tulsa","fbs","American Athletic",2020,4372526,"Deneric Prince",3,2,7,1.5,-2.4730339208871,-0.824344640295698,-1.23651696044355,11,3.66666666666667,5.5,0.333333333333333,1,3,0.333333333333333,0,0,NA,NA,NA,NA,NA,NA,NA,NA,"G5"
"202","Tulsa","fbs","American Athletic",2020,4568649,"Ethan Hall",2,2,7,1,-1.83384466638313,-0.916922333191564,-0.916922333191564,2,1,1,0,2,2,1,0,0,NA,NA,NA,NA,NA,NA,NA,NA,"G5"
"202","Tulsa","fbs","American Athletic",2020,4568655,"Malik Rodgers",2,1,7,2,-2.3578764363502,-1.1789382181751,-2.3578764363502,34,17,34,0,2,2,1,0,1,NA,NA,NA,NA,NA,NA,NA,NA,"G5"
"2026","App State","fbs","Sun Belt",2020,4036429,"Zac Thomas",1,1,10,1,-0.616500948523668,-0.616500948523668,-0.616500948523668,0,0,0,0,0,1,0,0,0,NA,NA,NA,NA,NA,NA,NA,NA,"G5"
"2026","App State","fbs","Sun Belt",2020,4036436,"Marcus Williams Jr.",3,3,10,1,-2.64233810707477,-0.880779369024923,-0.880779369024923,5,1.66666666666667,1.66666666666667,0,3,3,1,0,0,NA,NA,NA,NA,NA,NA,NA,NA,"G5"
"2026","App State","fbs","Sun Belt",2020,4036448,"Jalen Virgil",30,8,10,3.75,16.2655059221956,0.542183530739852,2.03318824027444,210,7,26.25,0.6,20,30,0.666666666666667,3,0,231,300,230,136.5,370.5,349,422,451,"G5"
"2026","App State","fbs","Sun Belt",2020,4040090,"Zac Crosby",4,2,10,2,2.2854727158542,0.57136817896355,1.1427363579271,20,5,10,0.5,4,4,1,0,0,NA,NA,NA,NA,NA,NA,NA,NA,"G5"
"2026","App State","fbs","Sun Belt",2020,4048150,"Caleb Spurlin",2,2,10,1,3.3788804315633,1.68944021578165,1.68944021578165,3,1.5,1.5,1,2,2,1,2,0,NA,NA,NA,NA,NA,NA,NA,NA,"G5"
"2026","App State","fbs","Sun Belt",2020,4241002,"Daetrich Harrington",2,1,10,2,2.29250293985419,1.1462514699271,2.29250293985419,15,7.5,15,0.5,2,2,1,0,0,NA,NA,NA,NA,NA,NA,NA,NA,"G5"
"2026","App State","fbs","Sun Belt",2020,4241004,"Thomas Hennigan",57,10,10,5.7,27.2327890689342,0.477768229279547,2.72327890689342,504,8.8421052631579,50.4,0.649122807017544,42,57,0.736842105263158,3,0,110,213,274,68,200,73,235,197,"G5"
"2026","App State","fbs","Sun Belt",2020,4241012,"Malik Williams",58,10,10,5.8,27.1475231637817,0.468060744203134,2.71475231637817,536,9.24137931034483,53.6,0.46551724137931,41,58,0.706896551724138,3,0,112,215,279,436.5,266.5,63,206,169,"G5"
"2026","App State","fbs","Sun Belt",2020,4360765,"Camerun Peoples",4,4,10,1,-1.51431440459936,-0.37857860114984,-0.37857860114984,14,3.5,3.5,0.5,3,4,0.75,0,0,NA,NA,NA,NA,NA,NA,NA,NA,"G5"
"2026","App State","fbs","Sun Belt",2020,4360792,"Mike Evans",6,4,10,1.5,-0.770365748580748,-0.128394291430125,-0.192591437145187,70,11.6666666666667,17.5,0.5,5,6,0.833333333333333,1,1,NA,NA,NA,NA,NA,NA,NA,NA,"G5"
"2026","App State","fbs","Sun Belt",2020,4360793,"Trey Ross",1,1,10,1,1.80246233315107,1.80246233315107,1.80246233315107,17,17,17,1,1,1,1,0,0,NA,NA,NA,NA,NA,NA,NA,NA,"G5"
"2026","App State","fbs","Sun Belt",2020,4360794,"Henry Pearson",17,6,10,2.83333333333333,11.9967019988288,0.705688352872284,1.99945033313814,133,7.82352941176471,22.1666666666667,0.588235294117647,13,17,0.764705882352941,2,0,NA,NA,NA,NA,NA,NA,NA,NA,"G5"
"2026","App State","fbs","Sun Belt",2020,4373566,"Miller Gibbs",7,3,10,2.33333333333333,4.35383667118481,0.621976667312116,1.45127889039494,79,11.2857142857143,26.3333333333333,0.571428571428571,7,7,1,1,0,NA,NA,NA,NA,NA,NA,NA,NA,"G5"
"2026","App State","fbs","Sun Belt",2020,4427037,"Dashaun Davis",6,3,10,2,-2.106085087768,-0.351014181294667,-0.702028362589334,31,5.16666666666667,10.3333333333333,0.666666666666667,5,6,0.833333333333333,0,0,NA,NA,NA,NA,NA,NA,NA,NA,"G5"
"2026","App State","fbs","Sun Belt",2020,4428719,"Milan Tucker",2,2,10,1,-0.152728443505961,-0.0763642217529807,-0.0763642217529807,11,5.5,5.5,0.5,2,2,1,0,0,NA,NA,NA,NA,NA,NA,NA,NA,"G5"
"2026","App State","fbs","Sun Belt",2020,4428815,"Christian Wells",19,6,10,3.16666666666667,18.7278596671416,0.985676824586401,3.1213099445236,206,10.8421052631579,34.3333333333333,0.578947368421053,13,19,0.684210526315789,4,0,199,173,35,171,327.5,358,113.5,346,"G5"
"2026","App State","fbs","Sun Belt",2020,4567596,"Christan Horn",5,2,10,2.5,3.25437603376578,0.650875206753157,1.62718801688289,93,18.6,46.5,0.8,4,5,0.8,0,0,NA,NA,NA,NA,NA,NA,NA,NA,"G5"
"2026","App State","fbs","Sun Belt",2020,4613032,"Nate Noel",4,4,10,1,2.61219296275057,0.653048240687643,0.653048240687643,25,6.25,6.25,0.5,2,4,0.5,0,0,NA,NA,NA,NA,NA,NA,NA,NA,"G5"
"2032","Arkansas State","fbs","Sun Belt",2020,3707332,"Dahu Green",37,5,10,7.4,21.5912867767454,0.58354829126339,4.31825735534908,379,10.2432432432432,75.8,0.540540540540541,24,37,0.648648648648649,1,0,159,85,203,253.5,409.5,155,145,61,"G5"
"2032","Arkansas State","fbs","Sun Belt",2020,3917179,"Jamal Jones",25,10,10,2.5,-12.2828634808,-0.491314539232001,-1.22828634808,88,3.52,8.8,0.32,17,25,0.68,0,1,620,609,617,589,338,567,606,617,"G5"
"2032","Arkansas State","fbs","Sun Belt",2020,4036473,"Logan Bonner",4,2,10,2,10.9616924137042,2.74042310342604,5.48084620685208,78,19.5,39,1,4,4,1,3,0,NA,NA,NA,NA,NA,NA,NA,NA,"G5"
"2032","Arkansas State","fbs","Sun Belt",2020,4036475,"Brandon Bowling",55,9,10,6.11111111111111,18.303614792816,0.332792996233018,2.03373497697955,458,8.32727272727273,50.8888888888889,0.436363636363636,33,55,0.6,5,0,205,299,363,483.5,504,93.5,285,194.5,"G5"
"2032","Arkansas State","fbs","Sun Belt",2020,4048245,"Bubba Ogbebor",8,2,10,4,5.53437794948416,0.691797243685521,2.76718897474208,71,8.875,35.5,0.625,6,8,0.75,0,0,NA,NA,NA,NA,NA,NA,NA,NA,"G5"
"2032","Arkansas State","fbs","Sun Belt",2020,4239084,"Javan Hawes",3,2,10,1.5,-0.819048583440885,-0.273016194480295,-0.409524291720442,17,5.66666666666667,8.5,0.333333333333333,2,3,0.666666666666667,0,0,NA,NA,NA,NA,NA,NA,NA,NA,"G5"
"2032","Arkansas State","fbs","Sun Belt",2020,4240899,"Roshauud Paul",26,8,10,3.25,9.58107834337066,0.368503013206564,1.19763479292133,188,7.23076923076923,23.5,0.5,16,26,0.615384615384615,2,0,337,405,336,353.5,475.5,385,402,483,"G5"
"2032","Arkansas State","fbs","Sun Belt",2020,4241053,"Jonathan Adams Jr.",106,9,10,11.7777777777778,57.1787830878229,0.539422481960594,6.35319812086921,936,8.83018867924528,104,0.566037735849057,71,106,0.669811320754717,8,0,10,28,234,195.5,357,9,236,20,"G5"
"2032","Arkansas State","fbs","Sun Belt",2020,4241447,"Giles Amos",15,7,10,2.14285714285714,19.4587238014183,1.29724825342789,2.77981768591691,131,8.73333333333333,18.7142857142857,0.866666666666667,14,15,0.933333333333333,2,0,NA,NA,NA,NA,NA,NA,NA,NA,"G5"
"2032","Arkansas State","fbs","Sun Belt",2020,4361222,"Layne Hatcher",4,1,10,4,13.4006222701035,3.35015556752587,13.4006222701035,109,27.25,109,1,4,4,1,4,0,NA,NA,NA,NA,NA,NA,NA,NA,"G5"
"2032","Arkansas State","fbs","Sun Belt",2020,4361227,"Marcel Murray",1,1,10,1,-0.16733133682329,-0.16733133682329,-0.16733133682329,2,2,2,0,1,1,1,0,0,NA,NA,NA,NA,NA,NA,NA,NA,"G5"
"2032","Arkansas State","fbs","Sun Belt",2020,4361231,"Reed Tyler",28,8,10,3.5,13.8615320030467,0.495054714394525,1.73269150038084,231,8.25,28.875,0.5,20,28,0.714285714285714,0,1,266,332,264,353.5,252.5,311.5,295,420,"G5"
"2032","Arkansas State","fbs","Sun Belt",2020,4386344,"TW Ayers",3,3,10,1,5.50355676677549,1.8345189222585,1.8345189222585,21,7,7,1,3,3,1,1,0,NA,NA,NA,NA,NA,NA,NA,NA,"G5"
"2032","Arkansas State","fbs","Sun Belt",2020,4426598,"Isaiah Azubuike",1,1,10,1,-1.00022213425143,-1.00022213425143,-1.00022213425143,0,0,0,0,1,1,1,0,0,NA,NA,NA,NA,NA,NA,NA,NA,"G5"
"2032","Arkansas State","fbs","Sun Belt",2020,4427209,"Jeff Foreman",23,5,10,4.6,32.4158153480742,1.40938327600323,6.48316306961484,439,19.0869565217391,87.8,0.565217391304348,13,23,0.565217391304348,3,0,73,22,6,198.5,548.5,104,5,38,"G5"
"2032","Arkansas State","fbs","Sun Belt",2020,4430552,"Anthony Switzer",2,1,10,2,-2.05931531524729,-1.02965765762364,-2.05931531524729,3,1.5,3,0,1,2,0.5,0,0,NA,NA,NA,NA,NA,NA,NA,NA,"G5"
"2032","Arkansas State","fbs","Sun Belt",2020,4433901,"Corey Rucker",20,4,10,5,26.5407161121648,1.32703580560824,6.6351790280412,394,19.7,98.5,0.65,14,20,0.7,4,1,118,20,7,66,286,143.5,3,24,"G5"
"2032","Arkansas State","fbs","Sun Belt",2020,4569522,"Ryan Graham",1,1,10,1,2.38906559002931,2.38906559002931,2.38906559002931,20,20,20,1,1,1,1,0,0,NA,NA,NA,NA,NA,NA,NA,NA,"G5"
"2032","Arkansas State","fbs","Sun Belt",2020,4596298,"Leroy Deshazor",1,1,10,1,0.299080377381524,0.299080377381524,0.299080377381524,7,7,7,1,1,1,1,0,0,NA,NA,NA,NA,NA,NA,NA,NA,"G5"
"2032","Arkansas State","fbs","Sun Belt",2020,4608607,"Lincoln Pare",10,5,10,2,-0.0951065980112259,-0.00951065980112259,-0.0190213196022452,44,4.4,8.8,0.4,9,10,0.9,0,0,NA,NA,NA,NA,NA,NA,NA,NA,"G5"
"204","Oregon State","fbs","Pac-12",2020,4042807,"Trevon Bradford",35,5,6,7,5.23477955685558,0.149565130195874,1.04695591137112,239,6.82857142857143,47.8,0.485714285714286,24,35,0.685714285714286,1,0,441,422,473,386.5,322.5,303.5,434,214,"P5"
"204","Oregon State","fbs","Pac-12",2020,4240796,"Tristan Gebbia",2,2,6,1,4.24821241300277,2.12410620650139,2.12410620650139,16,8,8,1,2,2,1,2,0,NA,NA,NA,NA,NA,NA,NA,NA,"P5"
"204","Oregon State","fbs","Pac-12",2020,4240801,"Tyjon Lindsey",10,3,6,3.33333333333333,7.30619467395949,0.73061946739595,2.43539822465317,113,11.3,37.6666666666667,0.5,7,10,0.7,2,0,NA,NA,NA,NA,NA,NA,NA,NA,"P5"
"204","Oregon State","fbs","Pac-12",2020,4242539,"Kolby Taylor",31,6,6,5.16666666666667,8.01984011621752,0.258704519877985,1.33664001936959,224,7.2258064516129,37.3333333333333,0.516129032258065,20,31,0.645161290322581,1,0,384,385,411,314.5,420,325,404,310,"P5"
"204","Oregon State","fbs","Pac-12",2020,4255986,"Champ Flemings",16,5,6,3.2,-3.03373242510297,-0.189608276568936,-0.606746485020595,107,6.6875,21.4,0.375,10,16,0.625,0,0,574,584,591,561.5,464,529.5,456,523.5,"P5"
"204","Oregon State","fbs","Pac-12",2020,4255988,"B.J. Baylor",6,3,6,2,1.32648006516477,0.221080010860795,0.442160021721589,30,5,10,0.333333333333333,5,6,0.833333333333333,0,0,NA,NA,NA,NA,NA,NA,NA,NA,"P5"
"204","Oregon State","fbs","Pac-12",2020,4255990,"Calvin Tyler Jr.",3,1,6,3,-1.94269546378147,-0.647565154593822,-1.94269546378147,9,3,9,0,2,3,0.666666666666667,0,0,NA,NA,NA,NA,NA,NA,NA,NA,"P5"
"204","Oregon State","fbs","Pac-12",2020,4363046,"Tre'Shaun Harrison",7,1,6,7,3.15102710357078,0.45014672908154,3.15102710357078,91,13,91,0.571428571428571,5,7,0.714285714285714,0,0,NA,NA,NA,NA,NA,NA,NA,NA,"P5"
"204","Oregon State","fbs","Pac-12",2020,4374030,"Jesiah Irish",1,1,6,1,-0.92110107865112,-0.92110107865112,-0.92110107865112,0,0,0,0,0,1,0,0,0,NA,NA,NA,NA,NA,NA,NA,NA,"P5"
"204","Oregon State","fbs","Pac-12",2020,4374033,"Jermar Jefferson",11,4,6,2.75,1.93299495757283,0.175726814324802,0.483248739393207,67,6.09090909090909,16.75,0.363636363636364,9,11,0.818181818181818,0,0,NA,NA,NA,NA,NA,NA,NA,NA,"P5"
"204","Oregon State","fbs","Pac-12",2020,4374045,"Teagan Quitoriano",14,5,6,2.8,4.37826424576499,0.312733160411785,0.875652849152999,117,8.35714285714286,23.4,0.571428571428571,11,14,0.785714285714286,1,0,455,442,376,184,118,510,282,485.5,"P5"
"204","Oregon State","fbs","Pac-12",2020,4428085,"Luke Musgrave",19,5,6,3.8,1.89715266919464,0.0998501404839287,0.379430533838929,113,5.94736842105263,22.6,0.473684210526316,10,19,0.526315789473684,0,0,505,502,495,416.5,579,517,510,503,"P5"
"204","Oregon State","fbs","Pac-12",2020,4430934,"Zeriah Beason",24,5,6,4.8,-0.279326551060452,-0.0116386062941855,-0.0558653102120905,129,5.375,25.8,0.416666666666667,13,24,0.541666666666667,1,0,541,540,540,513.5,568.5,486.5,539,459,"P5"
"2050","Ball State","fbs","Mid-American",2020,4039202,"Dylan Koch",5,3,6,1.66666666666667,3.97210244377381,0.794420488754763,1.3240341479246,18,3.6,6,0.6,3,5,0.6,1,0,NA,NA,NA,NA,NA,NA,NA,NA,"G5"
"2050","Ball State","fbs","Mid-American",2020,4047738,"Cody Rudy",12,5,6,2.4,6.18447460753954,0.515372883961628,1.23689492150791,101,8.41666666666667,20.2,0.583333333333333,10,12,0.833333333333333,0,0,412,399,245,163.5,52,540,270,537.5,"G5"
"2050","Ball State","fbs","Mid-American",2020,4244719,"Antwan Davis",45,6,6,7.5,12.933723193238,0.287416070960845,2.15562053220634,234,5.2,39,0.488888888888889,31,45,0.688888888888889,1,0,284,286,391,383,310.5,308.5,551,289.5,"G5"
"2050","Ball State","fbs","Mid-American",2020,4244727,"Justin Hall",54,6,6,9,32.7656743732805,0.606771747653343,5.46094572888008,496,9.18518518518519,82.6666666666667,0.611111111111111,44,54,0.814814814814815,3,0,71,47,180,108.5,81.5,76,210,47,"G5"
"2050","Ball State","fbs","Mid-American",2020,4244732,"Caleb Huntley",1,1,6,1,-0.197355397299373,-0.197355397299373,-0.197355397299373,13,13,13,0,1,1,1,0,0,NA,NA,NA,NA,NA,NA,NA,NA,"G5"
"2050","Ball State","fbs","Mid-American",2020,4244734,"Hassan Littles",3,3,6,1,1.9141784693652,0.6380594897884,0.6380594897884,32,10.6666666666667,10.6666666666667,1,3,3,1,0,0,NA,NA,NA,NA,NA,NA,NA,NA,"G5"
"2050","Ball State","fbs","Mid-American",2020,4261851,"Will Jones",4,3,6,1.33333333333333,0.983638742818596,0.245909685704649,0.327879580939532,11,2.75,3.66666666666667,0.25,3,4,0.75,0,0,NA,NA,NA,NA,NA,NA,NA,NA,"G5"
"2050","Ball State","fbs","Mid-American",2020,4361624,"Tye Evans",3,2,6,1.5,-0.0856250346479552,-0.0285416782159851,-0.0428125173239776,13,4.33333333333333,6.5,0.666666666666667,2,3,0.666666666666667,0,0,NA,NA,NA,NA,NA,NA,NA,NA,"G5"
"2050","Ball State","fbs","Mid-American",2020,4361646,"Yo'Heinz Tyler",55,6,6,9.16666666666667,17.3834574219129,0.316062862216598,2.89724290365215,347,6.30909090909091,57.8333333333333,0.509090909090909,33,55,0.6,6,0,211,192,375,328,504,179,487,140,"G5"
"2050","Ball State","fbs","Mid-American",2020,4427951,"Jalen McGaughy",3,1,6,3,8.91450709792144,2.97150236597381,8.91450709792144,100,33.3333333333333,100,1,3,3,1,2,0,NA,NA,NA,NA,NA,NA,NA,NA,"G5"
"2084","Buffalo","fbs","Mid-American",2020,4040824,"Dominic Johnson",6,2,5,3,2.34220908429461,0.390368180715768,1.1711045421473,43,7.16666666666667,21.5,0.833333333333333,5,6,0.833333333333333,0,0,NA,NA,NA,NA,NA,NA,NA,NA,"G5"
"2084","Buffalo","fbs","Mid-American",2020,4040835,"Jake Molinich",1,1,5,1,0.305132026860012,0.305132026860012,0.305132026860012,6,6,6,1,1,1,1,0,0,NA,NA,NA,NA,NA,NA,NA,NA,"G5"
"2084","Buffalo","fbs","Mid-American",2020,4040846,"Zac Lefebvre",9,2,5,4.5,4.74019162540624,0.526687958378472,2.37009581270312,109,12.1111111111111,54.5,0.555555555555556,6,9,0.666666666666667,1,0,NA,NA,NA,NA,NA,NA,NA,NA,"G5"
"2084","Buffalo","fbs","Mid-American",2020,4049294,"Antonio Nunn",25,4,5,6.25,22.5510016543699,0.902040066174797,5.63775041359248,348,13.92,87,0.72,19,25,0.76,2,0,156,41,51,15,160.5,178,18,42,"G5"
"2084","Buffalo","fbs","Mid-American",2020,4257189,"Kevin Marks",2,2,5,1,-0.2042167600113,-0.10210838000565,-0.10210838000565,7,3.5,3.5,0.5,1,2,0.5,0,0,NA,NA,NA,NA,NA,NA,NA,NA,"G5"
"2084","Buffalo","fbs","Mid-American",2020,4283694,"Jovany Ruiz",15,4,5,3.75,11.5865016451512,0.772433443010082,2.89662541128781,102,6.8,25.5,0.6,10,15,0.666666666666667,1,0,305,193,85,136.5,370.5,537.5,435.5,464.5,"G5"
"2084","Buffalo","fbs","Mid-American",2020,4429454,"Ron Cook Jr.",1,1,5,1,1.00812773989038,1.00812773989038,1.00812773989038,15,15,15,1,1,1,1,0,0,NA,NA,NA,NA,NA,NA,NA,NA,"G5"
"2084","Buffalo","fbs","Mid-American",2020,4570250,"Trevor Wilson",9,4,5,2.25,10.5894134039987,1.17660148933318,2.64735335099966,188,20.8888888888889,47,0.444444444444444,7,9,0.777777777777778,2,0,NA,NA,NA,NA,NA,NA,NA,NA,"G5"
"2084","Buffalo","fbs","Mid-American",2020,4574315,"Bernard Porter",2,1,5,2,-0.676198869231704,-0.338099434615852,-0.676198869231704,6,3,6,0.5,1,2,0.5,0,0,NA,NA,NA,NA,NA,NA,NA,NA,"G5"
"21","San Diego State","fbs","Mountain West",2020,4037609,"Dominic Benson",3,2,8,1.5,6.73319782783673,2.24439927594558,3.36659891391836,37,12.3333333333333,18.5,1,3,3,1,0,0,NA,NA,NA,NA,NA,NA,NA,NA,"G5"
"21","San Diego State","fbs","Mountain West",2020,4039198,"Nolan Givan",4,2,8,2,3.32351356746076,0.83087839186519,1.66175678373038,35,8.75,17.5,0.75,3,4,0.75,0,0,NA,NA,NA,NA,NA,NA,NA,NA,"G5"
"21","San Diego State","fbs","Mountain West",2020,4261602,"Isaiah Richardson",6,3,8,2,1.74442730509319,0.290737884182198,0.581475768364396,43,7.16666666666667,14.3333333333333,0.5,4,6,0.666666666666667,0,0,NA,NA,NA,NA,NA,NA,NA,NA,"G5"
"21","San Diego State","fbs","Mountain West",2020,4261605,"Chance Bell",5,4,8,1.25,-0.840694032844164,-0.168138806568833,-0.210173508211041,26,5.2,6.5,0.4,3,5,0.6,0,0,NA,NA,NA,NA,NA,NA,NA,NA,"G5"
"21","San Diego State","fbs","Mountain West",2020,4261607,"Kaegun Williams",3,3,8,1,3.3504996507274,1.11683321690913,1.11683321690913,42,14,14,0.666666666666667,3,3,1,0,0,NA,NA,NA,NA,NA,NA,NA,NA,"G5"
"21","San Diego State","fbs","Mountain West",2020,4261610,"Ethan Dedeaux",5,3,8,1.66666666666667,5.66973708439831,1.13394741687966,1.8899123614661,36,7.2,12,1,5,5,1,1,0,NA,NA,NA,NA,NA,NA,NA,NA,"G5"
"21","San Diego State","fbs","Mountain West",2020,4361159,"Greg Bell",12,5,8,2.4,9.70266252666736,0.808555210555614,1.94053250533347,114,9.5,22.8,0.666666666666667,11,12,0.916666666666667,1,0,NA,NA,NA,NA,NA,NA,NA,NA,"G5"
"21","San Diego State","fbs","Mountain West",2020,4361504,"BJ Busbee",9,4,8,2.25,-0.662512351047892,-0.0736124834497657,-0.165628087761973,35,3.88888888888889,8.75,0.333333333333333,4,9,0.444444444444444,0,0,NA,NA,NA,NA,NA,NA,NA,NA,"G5"
"21","San Diego State","fbs","Mountain West",2020,4361514,"TJ Sullivan",4,2,8,2,2.29324289868903,0.573310724672257,1.14662144934451,40,10,20,0.5,3,4,0.75,0,0,NA,NA,NA,NA,NA,NA,NA,NA,"G5"
"21","San Diego State","fbs","Mountain West",2020,4361516,"Daniel Bellinger",30,7,8,4.28571428571429,6.511572061242,0.2170524020414,0.930224580177428,203,6.76666666666667,29,0.466666666666667,21,30,0.7,0,0,410,435,440,429.5,286,362.5,441,418.5,"G5"
"21","San Diego State","fbs","Mountain West",2020,4361518,"Kobe Smith",18,4,8,4.5,1.53998251639217,0.0855545842440097,0.384995629098044,122,6.77777777777778,30.5,0.5,13,18,0.722222222222222,2,0,510,501,507,353.5,231,497,438.5,398.5,"G5"
"21","San Diego State","fbs","Mountain West",2020,4361520,"Elijah Kothe",11,5,8,2.2,7.18595076703693,0.653268251548812,1.43719015340739,111,10.0909090909091,22.2,0.545454545454545,7,11,0.636363636363636,1,0,NA,NA,NA,NA,NA,NA,NA,NA,"G5"
"21","San Diego State","fbs","Mountain West",2020,4374141,"Jordan Byrd",7,6,8,1.16666666666667,-2.25710933325308,-0.322444190464726,-0.376184888875514,12,1.71428571428571,2,0.285714285714286,7,7,1,0,0,NA,NA,NA,NA,NA,NA,NA,NA,"G5"
"21","San Diego State","fbs","Mountain West",2020,4379569,"Jesse Matthews",41,8,8,5.125,8.66231244922098,0.211275913395634,1.08278905615262,326,7.95121951219512,40.75,0.439024390243902,24,41,0.585365853658537,1,0,365,418,443,479,523.5,195.5,328,274,"G5"
"2116","UCF","fbs","American Athletic",2020,3932144,"Jacob Harris",36,9,9,4,28.12156071307,0.781154464251944,3.12461785700778,380,10.5555555555556,42.2222222222222,0.611111111111111,23,36,0.638888888888889,4,0,103,172,80,108.5,432,154,131,262,"G5"
"2116","UCF","fbs","American Athletic",2020,4047648,"Tre Nixon",20,3,9,6.66666666666667,8.17790727158769,0.408895363579385,2.72596909052923,210,10.5,70,0.55,13,20,0.65,2,0,378,212,314,231.5,404.5,349,133,82.5,"G5"
"2116","UCF","fbs","American Athletic",2020,4243542,"Bentavious Thompson",5,5,9,1,-3.78761113660887,-0.757522227321774,-0.757522227321774,12,2.4,2.4,0.2,3,5,0.6,0,0,NA,NA,NA,NA,NA,NA,NA,NA,"G5"
"2116","UCF","fbs","American Athletic",2020,4243543,"Otis Anderson",15,6,9,2.5,-1.35466892537191,-0.0903112616914605,-0.225778154228651,68,4.53333333333333,11.3333333333333,0.333333333333333,12,15,0.8,0,0,NA,NA,NA,NA,NA,NA,NA,NA,"G5"
"2116","UCF","fbs","American Athletic",2020,4243544,"Greg McCrae",17,7,9,2.42857142857143,-6.0666646957012,-0.356862629158894,-0.866666385100171,85,5,12.1428571428571,0.411764705882353,12,17,0.705882352941177,0,0,604,594,611,520,269.5,571,566,601,"G5"
"2116","UCF","fbs","American Athletic",2020,4257599,"Marlon Williams",95,8,9,11.875,76.8782705845356,0.809244953521427,9.60978382306695,1017,10.7052631578947,127.125,0.621052631578947,69,95,0.726315789473684,10,0,2,4,69,98,222,6,122,4,"G5"
"2116","UCF","fbs","American Athletic",2020,4257610,"Jake Hescock",7,4,9,1.75,6.74781116830636,0.963973024043766,1.68695279207659,37,5.28571428571429,9.25,0.571428571428571,7,7,1,2,0,NA,NA,NA,NA,NA,NA,NA,NA,"G5"
"2116","UCF","fbs","American Athletic",2020,4360278,"Jaylon Robinson",71,9,9,7.88888888888889,43.9891426490728,0.619565389423561,4.88768251656365,903,12.7183098591549,100.333333333333,0.563380281690141,48,71,0.676056338028169,5,0,24,60,174,201,348,10,41,23,"G5"
"2116","UCF","fbs","American Athletic",2020,4427238,"Dillon Gabriel",4,1,9,4,11.1199629740312,2.77999074350781,11.1199629740312,93,23.25,93,1,4,4,1,4,0,NA,NA,NA,NA,NA,NA,NA,NA,"G5"
"2116","UCF","fbs","American Athletic",2020,4427299,"Damarius Good",2,1,9,2,0.939124993534028,0.469562496767014,0.939124993534028,22,11,22,1,2,2,1,0,0,NA,NA,NA,NA,NA,NA,NA,NA,"G5"
"2116","UCF","fbs","American Athletic",2020,4427625,"Amari Johnson",3,2,9,1.5,0.729107230350184,0.243035743450061,0.364553615175092,26,8.66666666666667,13,0.666666666666667,3,3,1,0,0,NA,NA,NA,NA,NA,NA,NA,NA,"G5"
"2116","UCF","fbs","American Athletic",2020,4568992,"Ryan O'Keefe",30,8,9,3.75,16.2153864787433,0.540512882624776,2.02692330984291,385,12.8333333333333,48.125,0.533333333333333,19,30,0.633333333333333,3,0,232,301,233,268,445,150,37,213,"G5"
"2116","UCF","fbs","American Athletic",2020,4606173,"Joshua Celiscar",1,1,9,1,1.34348879459195,1.34348879459195,1.34348879459195,11,11,11,1,1,1,1,0,0,NA,NA,NA,NA,NA,NA,NA,NA,"G5"
"2116","UCF","fbs","American Athletic",2020,4690117,"Ja'Cyais Credle",6,3,9,2,-0.980649975852506,-0.163441662642084,-0.326883325284169,45,7.5,15,0.5,5,6,0.833333333333333,0,0,NA,NA,NA,NA,NA,NA,NA,NA,"G5"
"2117","Central Michigan","fbs","Mid-American",2020,4039258,"Hunter Buczkowski",5,2,6,2.5,4.66332499376992,0.932664998753984,2.33166249688496,47,9.4,23.5,0.6,4,5,0.8,1,0,NA,NA,NA,NA,NA,NA,NA,NA,"G5"
"2117","Central Michigan","fbs","Mid-American",2020,4240866,"Kalil Pimpleton",39,6,6,6.5,5.6941590408391,0.146004077970233,0.949026506806517,277,7.1025641025641,46.1666666666667,0.41025641025641,26,39,0.666666666666667,2,0,431,433,476,522,370.5,250.5,414,228.5,"G5"
"2117","Central Michigan","fbs","Mid-American",2020,4244771,"JaCorey Sullivan",28,6,6,4.66666666666667,0.723830429307751,0.0258510867609911,0.120638404884625,176,6.28571428571429,29.3333333333333,0.464285714285714,16,28,0.571428571428571,0,0,526,526,528,438,537.5,406.5,490,415,"G5"
"2117","Central Michigan","fbs","Mid-American",2020,4244783,"Drayton Law",17,5,6,3.4,8.28384626799826,0.487285074588133,1.65676925359965,117,6.88235294117647,23.4,0.529411764705882,10,17,0.588235294117647,1,0,376,341,270,280,518,510,427.5,485.5,"G5"
"2117","Central Michigan","fbs","Mid-American",2020,4250390,"Ty Brock",1,1,6,1,2.49131833821375,2.49131833821375,2.49131833821375,34,34,34,1,1,1,1,0,0,NA,NA,NA,NA,NA,NA,NA,NA,"G5"
"2117","Central Michigan","fbs","Mid-American",2020,4362560,"Tyrone Scott",7,2,6,3.5,-1.87408970216776,-0.26772710030968,-0.93704485108388,35,5,17.5,0.428571428571429,4,7,0.571428571428571,0,0,NA,NA,NA,NA,NA,NA,NA,NA,"G5"
"2117","Central Michigan","fbs","Mid-American",2020,4362569,"Kobe Lewis",22,5,6,4.4,-0.380969866374993,-0.0173168121079542,-0.0761939732749985,106,4.81818181818182,21.2,0.454545454545455,17,22,0.772727272727273,1,0,543,542,542,452,142,532.5,571.5,525.5,"G5"
"2117","Central Michigan","fbs","Mid-American",2020,4362570,"Joel Wilson",6,2,6,3,2.31067928868784,0.385113214781306,1.15533964434392,50,8.33333333333333,25,0.333333333333333,5,6,0.833333333333333,0,0,NA,NA,NA,NA,NA,NA,NA,NA,"G5"
"2117","Central Michigan","fbs","Mid-American",2020,4428119,"Lew Nichols",11,4,6,2.75,0.860036004680786,0.0781850913346169,0.215009001170196,109,9.90909090909091,27.25,0.454545454545455,10,11,0.909090909090909,1,0,NA,NA,NA,NA,NA,NA,NA,NA,"G5"
"2117","Central Michigan","fbs","Mid-American",2020,4693844,"Dallas Dixon",19,4,6,4.75,18.648743095241,0.981512794486371,4.66218577381026,263,13.8421052631579,65.75,0.578947368421053,13,19,0.684210526315789,1,1,200,71,37,171,327.5,267.5,19,101,"G5"
"213","Penn State","fbs","Big Ten",2020,4045177,"Isaac Lutz",5,2,8,2.5,4.05908544079796,0.811817088159592,2.02954272039898,49,9.8,24.5,0.8,5,5,1,0,0,NA,NA,NA,NA,NA,NA,NA,NA,"P5"
"213","Penn State","fbs","Big Ten",2020,4259592,"Sean Clifford",2,1,8,2,6.05601242420292,3.02800621210146,6.05601242420292,35,17.5,35,1,2,2,1,2,0,NA,NA,NA,NA,NA,NA,NA,NA,"P5"
"213","Penn State","fbs","Big Ten",2020,4361409,"Jahan Dotson",69,8,8,8.625,46.0237244212803,0.667010498859135,5.75296555266004,660,9.56521739130435,82.5,0.550724637681159,44,69,0.63768115942029,4,0,20,38,145,226,435,31,184,48.5,"P5"
"213","Penn State","fbs","Big Ten",2020,4361411,"Pat Freiermuth",35,4,8,8.75,30.6531842643921,0.875805264696918,7.66329606609803,310,8.85714285714286,77.5,0.571428571428571,23,35,0.657142857142857,1,0,81,12,59,184,389.5,211.5,233,57.5,"P5"
"213","Penn State","fbs","Big Ten",2020,4361412,"Daniel George",11,4,8,2.75,5.17610544153531,0.470555040139574,1.29402636038383,73,6.63636363636364,18.25,0.545454545454545,7,11,0.636363636363636,0,0,NA,NA,NA,NA,NA,NA,NA,NA,"P5"
"213","Penn State","fbs","Big Ten",2020,4426420,"Devyn Ford",10,5,8,2,-4.43156134397351,-0.443156134397351,-0.886312268794702,24,2.4,4.8,0.3,7,10,0.7,0,0,NA,NA,NA,NA,NA,NA,NA,NA,"P5"
"213","Penn State","fbs","Big Ten",2020,4429077,"Keyvone Lee",13,4,8,3.25,1.26735145284466,0.0974885732957434,0.316837863211166,61,4.69230769230769,15.25,0.615384615384615,10,13,0.769230769230769,0,0,NA,NA,NA,NA,NA,NA,NA,NA,"P5"
"213","Penn State","fbs","Big Ten",2020,4429148,"Theo Johnson",2,1,8,2,0.362512668785867,0.181256334392934,0.362512668785867,14,7,14,0.5,2,2,1,0,0,NA,NA,NA,NA,NA,NA,NA,NA,"P5"
"213","Penn State","fbs","Big Ten",2020,4430539,"Brenton Strange",15,6,8,2.5,8.96210095523287,0.597473397015524,1.49368349253881,133,8.86666666666667,22.1666666666667,0.533333333333333,13,15,0.866666666666667,1,0,348,365,196,268,33.5,476.5,231,511,"P5"
"213","Penn State","fbs","Big Ten",2020,4430894,"Caziah Holmes",4,2,8,2,-1.8172840212943,-0.454321005323574,-0.908642010647148,18,4.5,9,0.5,4,4,1,0,0,NA,NA,NA,NA,NA,NA,NA,NA,"P5"
"213","Penn State","fbs","Big Ten",2020,4432620,"Parker Washington",55,8,8,6.875,30.0025841033275,0.545501529151409,3.75032301291594,461,8.38181818181818,57.625,0.545454545454545,33,55,0.6,5,0,84,124,225,243.5,504,88,277,142,"P5"
"2132","Cincinnati","fbs","American Athletic",2020,4035583,"Jordan Jones",17,7,7,2.42857142857143,8.33319247965972,0.49018779292116,1.19045606852282,141,8.29411764705882,20.1428571428571,0.529411764705882,11,17,0.647058823529412,0,0,371,407,267,280,413.5,464,291,539,"G5"
"2132","Cincinnati","fbs","American Athletic",2020,4037478,"Gerrid Doaks",13,7,7,1.85714285714286,3.00383556810489,0.231064274469607,0.429119366872128,125,9.61538461538461,17.8571428571429,0.461538461538462,9,13,0.692307692307692,1,0,NA,NA,NA,NA,NA,NA,NA,NA,"G5"
"2132","Cincinnati","fbs","American Athletic",2020,4037485,"Bruno Labelle",5,2,7,2.5,1.36833651443818,0.273667302887636,0.68416825721909,11,2.2,5.5,0.4,4,5,0.8,1,0,NA,NA,NA,NA,NA,NA,NA,NA,"G5"
"2132","Cincinnati","fbs","American Athletic",2020,4239086,"Desmond Ridder",3,1,7,3,8.2509247850651,2.75030826168837,8.2509247850651,70,23.3333333333333,70,1,3,3,1,3,0,NA,NA,NA,NA,NA,NA,NA,NA,"G5"
"2132","Cincinnati","fbs","American Athletic",2020,4258604,"Michael Young",29,7,7,4.14285714285714,19.9484517993963,0.687877648255046,2.84977882848519,244,8.41379310344828,34.8571428571429,0.655172413793103,20,29,0.689655172413793,2,0,183,201,136,60,307,295.5,271,338,"G5"
"2132","Cincinnati","fbs","American Athletic",2020,4360057,"Charles McClelland",1,1,7,1,-0.466349029456577,-0.466349029456577,-0.466349029456577,5,5,5,0,1,1,1,0,0,NA,NA,NA,NA,NA,NA,NA,NA,"G5"
"2132","Cincinnati","fbs","American Athletic",2020,4360073,"Jayshon Jackson",28,7,7,4,13.2958296466714,0.474851058809694,1.89940423523878,287,10.25,41,0.571428571428571,19,28,0.678571428571429,1,0,275,312,275,184,343,240.5,144,273,"G5"
"2132","Cincinnati","fbs","American Athletic",2020,4360075,"Ryan Montgomery",2,2,7,1,-0.0149275743180944,-0.00746378715904722,-0.00746378715904722,12,6,6,0.5,2,2,1,0,0,NA,NA,NA,NA,NA,NA,NA,NA,"G5"
"2132","Cincinnati","fbs","American Athletic",2020,4360078,"Alec Pierce",10,4,7,2.5,8.58103407309675,0.858103407309675,2.14525851827419,98,9.8,24.5,0.8,8,10,0.8,0,0,NA,NA,NA,NA,NA,NA,NA,NA,"G5"
"2132","Cincinnati","fbs","American Athletic",2020,4360082,"Leonard Taylor",17,7,7,2.42857142857143,8.42686192061698,0.495697760036293,1.203837417231,156,9.17647058823529,22.2857142857143,0.588235294117647,12,17,0.705882352941177,1,0,368,403,262,155,269.5,444,211,508,"G5"
"2132","Cincinnati","fbs","American Athletic",2020,4360086,"Josh Whyle",25,7,7,3.57142857142857,18.0533327673148,0.722133310692591,2.57904753818783,210,8.4,30,0.64,20,25,0.8,4,0,206,235,118,78.5,99,349,273.5,403,"G5"
"2132","Cincinnati","fbs","American Athletic",2020,4372019,"Jerome Ford",2,2,7,1,-1.65987034734135,-0.829935173670675,-0.829935173670675,12,6,6,0,2,2,1,0,0,NA,NA,NA,NA,NA,NA,NA,NA,"G5"
"2132","Cincinnati","fbs","American Athletic",2020,4428718,"Tre Tucker",21,7,7,3,7.0746801800915,0.33688953238531,1.01066859715593,177,8.42857142857143,25.2857142857143,0.476190476190476,15,21,0.714285714285714,1,0,402,428,358,407,252.5,403.5,269,467,"G5"
"2132","Cincinnati","fbs","American Athletic",2020,4430905,"Jadon Thompson",7,3,7,2.33333333333333,-1.73358214851616,-0.247654592645166,-0.577860716172054,40,5.71428571428571,13.3333333333333,0.285714285714286,5,7,0.714285714285714,0,0,NA,NA,NA,NA,NA,NA,NA,NA,"G5"
"2132","Cincinnati","fbs","American Athletic",2020,4433935,"Ethan Wright",2,1,7,2,1.51082725144471,0.755413625722353,1.51082725144471,21,10.5,21,1,2,2,1,0,0,NA,NA,NA,NA,NA,NA,NA,NA,"G5"
"2132","Cincinnati","fbs","American Athletic",2020,4565908,"Tyler Scott",1,1,7,1,0.541004273151137,0.541004273151137,0.541004273151137,9,9,9,1,1,1,1,0,0,NA,NA,NA,NA,NA,NA,NA,NA,"G5"
"2132","Cincinnati","fbs","American Athletic",2020,4569309,"Cam Jones",1,1,7,1,1.78646641150768,1.78646641150768,1.78646641150768,11,11,11,1,1,1,1,0,0,NA,NA,NA,NA,NA,NA,NA,NA,"G5"
"218","Temple","fbs","American Athletic",2020,4044123,"Branden Mack",51,7,7,7.28571428571429,11.1294256083454,0.218224031536185,1.58991794404935,291,5.70588235294118,41.5714285714286,0.450980392156863,26,51,0.509803921568627,3,0,310,347,438,460.5,585.5,234,522,270,"G5"
"218","Temple","fbs","American Athletic",2020,4044143,"Randle Jones",41,5,7,8.2,20.7849141033732,0.506949124472517,4.15698282067464,370,9.02439024390244,74,0.609756097560976,31,41,0.75609756097561,2,0,167,97,251,110,169,161.5,222,66,"G5"
"218","Temple","fbs","American Athletic",2020,4257587,"Jadan Blue",55,6,7,9.16666666666667,20.1325770712218,0.366046855840397,3.35542951187031,371,6.74545454545455,61.8333333333333,0.436363636363636,41,55,0.745454545454545,5,0,178,149,337,483.5,191,159,446,121.5,"G5"
"218","Temple","fbs","American Athletic",2020,4260415,"Darius Pittman",2,1,7,2,0.339467019547186,0.169733509773593,0.339467019547186,20,10,20,0.5,2,2,1,0,0,NA,NA,NA,NA,NA,NA,NA,NA,"G5"
"218","Temple","fbs","American Athletic",2020,4360974,"Kadas Reams",3,1,7,3,-1.80626323299311,-0.602087744331036,-1.80626323299311,9,3,9,0.333333333333333,1,3,0.333333333333333,0,0,NA,NA,NA,NA,NA,NA,NA,NA,"G5"
"218","Temple","fbs","American Athletic",2020,4360978,"David Martin-Robinson",16,4,7,4,8.82181584394858,0.551363490246786,2.20545396098715,147,9.1875,36.75,0.5625,11,16,0.6875,0,0,352,272,221,203,316,458,209,315,"G5"
"218","Temple","fbs","American Athletic",2020,4360979,"Jose Barbon",15,4,7,3.75,3.21291658525261,0.214194439016841,0.803229146313152,82,5.46666666666667,20.5,0.466666666666667,8,15,0.533333333333333,0,0,481,454,442,429.5,574.5,574.5,536,532,"G5"
"218","Temple","fbs","American Athletic",2020,4360994,"Aaron Jarman",1,1,7,1,5.18300029818982,5.18300029818982,5.18300029818982,11,11,11,1,1,1,1,1,0,NA,NA,NA,NA,NA,NA,NA,NA,"G5"
"218","Temple","fbs","American Athletic",2020,4360996,"Ronnie Stevenson",1,1,7,1,-0.157443447054737,-0.157443447054737,-0.157443447054737,4,4,4,0,1,1,1,0,0,NA,NA,NA,NA,NA,NA,NA,NA,"G5"
"218","Temple","fbs","American Athletic",2020,4428438,"Edward Saydee",2,2,7,1,-2.5284016493858,-1.2642008246929,-1.2642008246929,0,0,0,0,0,2,0,0,0,NA,NA,NA,NA,NA,NA,NA,NA,"G5"
"218","Temple","fbs","American Athletic",2020,4429501,"Re'Mahn Davis",13,4,7,3.25,-3.08441491588002,-0.237262685836924,-0.771103728970004,62,4.76923076923077,15.5,0.384615384615385,12,13,0.923076923076923,0,0,NA,NA,NA,NA,NA,NA,NA,NA,"G5"
"218","Temple","fbs","American Athletic",2020,4568611,"De'Von Fox",10,2,7,5,0.349976739055811,0.0349976739055811,0.174988369527905,53,5.3,26.5,0.5,7,10,0.7,0,0,NA,NA,NA,NA,NA,NA,NA,NA,"G5"
"218","Temple","fbs","American Athletic",2020,4568613,"Tayvon Ruley",5,4,7,1.25,0.511075478772485,0.102215095754497,0.127768869693121,30,6,7.5,0.4,4,5,0.8,0,0,NA,NA,NA,NA,NA,NA,NA,NA,"G5"
"218","Temple","fbs","American Athletic",2020,4692162,"Willie Erdman",1,1,7,1,-0.0860858235880333,-0.0860858235880333,-0.0860858235880333,6,6,6,0,1,1,1,0,0,NA,NA,NA,NA,NA,NA,NA,NA,"G5"
"2199","Eastern Michigan","fbs","Mid-American",2020,4244810,"Karmi Mackey",1,1,6,1,-0.0456531637785739,-0.0456531637785739,-0.0456531637785739,12,12,12,0,1,1,1,0,0,NA,NA,NA,NA,NA,NA,NA,NA,"G5"
"2199","Eastern Michigan","fbs","Mid-American",2020,4244833,"Quian Williams",36,6,6,6,17.5008785250777,0.486135514585491,2.91681308751295,322,8.94444444444444,53.6666666666667,0.583333333333333,24,36,0.666666666666667,2,0,209,189,271,163.5,370.5,204,227,167.5,"G5"
"2199","Eastern Michigan","fbs","Mid-American",2020,4244834,"Gunnar Oakes",1,1,6,1,1.06593886465482,1.06593886465482,1.06593886465482,12,12,12,1,1,1,1,0,0,NA,NA,NA,NA,NA,NA,NA,NA,"G5"
"2199","Eastern Michigan","fbs","Mid-American",2020,4360492,"Samson Evans",8,3,6,2.66666666666667,7.02186843172698,0.877733553965872,2.34062281057566,46,5.75,15.3333333333333,0.5,6,8,0.75,0,0,NA,NA,NA,NA,NA,NA,NA,NA,"G5"
"2199","Eastern Michigan","fbs","Mid-American",2020,4363522,"Aaron Jackson",6,2,6,3,0.108442001677807,0.0180736669463011,0.0542210008389034,23,3.83333333333333,11.5,0.5,3,6,0.5,0,0,NA,NA,NA,NA,NA,NA,NA,NA,"G5"
"2199","Eastern Michigan","fbs","Mid-American",2020,4363528,"Tanner Knue",38,6,6,6.33333333333333,27.8068841250483,0.731760108553903,4.63448068750805,412,10.8421052631579,68.6666666666667,0.605263157894737,27,38,0.710526315789474,4,0,105,72,110,119,261.5,129,113.5,90,"G5"
"2199","Eastern Michigan","fbs","Mid-American",2020,4363537,"Hassan Beydoun",54,5,6,10.8,28.3020738602954,0.52411247889436,5.66041477205908,508,9.40740740740741,101.6,0.555555555555556,40,54,0.740740740740741,0,0,99,40,239,215.5,193.5,71.5,188,22,"G5"
"2199","Eastern Michigan","fbs","Mid-American",2020,4363551,"Dylan Drummond",12,3,6,4,1.55814487840022,0.129845406533352,0.519381626133407,61,5.08333333333333,20.3333333333333,0.416666666666667,6,12,0.5,1,0,509,488,484,513.5,592,602.5,560.5,534.5,"G5"
"2199","Eastern Michigan","fbs","Mid-American",2020,4363554,"Thomas Odukoya",6,3,6,2,5.19316880075053,0.865528133458422,1.73105626691684,43,7.16666666666667,14.3333333333333,0.833333333333333,5,6,0.833333333333333,2,0,NA,NA,NA,NA,NA,NA,NA,NA,"G5"
"2199","Eastern Michigan","fbs","Mid-American",2020,4429083,"Darius Boone",1,1,6,1,1.77493208581359,1.77493208581359,1.77493208581359,13,13,13,1,1,1,1,0,0,NA,NA,NA,NA,NA,NA,NA,NA,"G5"
"2199","Eastern Michigan","fbs","Mid-American",2020,4569072,"Bryson Cannon",14,3,6,4.66666666666667,15.71136496976,1.12224035498286,5.23712165658666,178,12.7142857142857,59.3333333333333,0.642857142857143,9,14,0.642857142857143,2,0,240,50,21,74.5,424,401,42,134.5,"G5"
"221","Pittsburgh","fbs","ACC",2020,3895797,"Tre Tipton",15,6,10,2.5,3.56372001847998,0.237581334565332,0.59395333641333,104,6.93333333333333,17.3333333333333,0.466666666666667,11,15,0.733333333333333,0,0,NA,NA,NA,NA,NA,NA,NA,NA,"P5"
"221","Pittsburgh","fbs","ACC",2020,4036211,"DJ Turner",130,10,10,13,33.1552875154901,0.255040673196078,3.31552875154901,1110,8.53846153846154,111,0.430769230769231,88,130,0.676923076923077,4,8,68,154,415,490,346,2,257,14,"P5"
"221","Pittsburgh","fbs","ACC",2020,4045291,"Taysir Mack",43,8,10,5.375,12.4159624737051,0.28874331334198,1.55199530921314,302,7.02325581395349,37.75,0.395348837209302,22,43,0.511627906976744,1,0,288,355,389,544,583,222,421,305,"P5"
"221","Pittsburgh","fbs","ACC",2020,4240703,"Kenny Pickett",4,1,10,4,18.8696196789288,4.71740491973221,18.8696196789288,240,60,240,1,4,4,1,4,0,NA,NA,NA,NA,NA,NA,NA,NA,"P5"
"221","Pittsburgh","fbs","ACC",2020,4240709,"Jake Zilinskas",1,1,10,1,3.05534399109701,3.05534399109701,3.05534399109701,14,14,14,1,1,1,1,0,0,NA,NA,NA,NA,NA,NA,NA,NA,"P5"
"221","Pittsburgh","fbs","ACC",2020,4240710,"A.J. Davis",15,7,10,2.14285714285714,-4.76339474949867,-0.317559649966578,-0.680484964214096,45,3,6.42857142857143,0.333333333333333,10,15,0.666666666666667,0,0,NA,NA,NA,NA,NA,NA,NA,NA,"P5"
"221","Pittsburgh","fbs","ACC",2020,4240711,"Todd Sibley Jr.",1,1,10,1,1.74992788040691,1.74992788040691,1.74992788040691,7,7,7,1,1,1,1,0,0,NA,NA,NA,NA,NA,NA,NA,NA,"P5"
"221","Pittsburgh","fbs","ACC",2020,4242999,"Daniel Moraga",6,4,10,1.5,5.56121669226735,0.926869448711226,1.39030417306684,42,7,10.5,0.833333333333333,5,6,0.833333333333333,1,0,NA,NA,NA,NA,NA,NA,NA,NA,"P5"
"221","Pittsburgh","fbs","ACC",2020,4360231,"Lucas Krull",3,1,10,3,-1.02838708525791,-0.342795695085972,-1.02838708525791,6,2,6,0.333333333333333,1,3,0.333333333333333,0,0,NA,NA,NA,NA,NA,NA,NA,NA,"P5"
"221","Pittsburgh","fbs","ACC",2020,4361732,"Shocky Jacques-Louis",41,9,10,4.55555555555556,6.89247427383752,0.168109128630184,0.765830474870836,259,6.31707317073171,28.7777777777778,0.439024390243902,25,41,0.609756097560976,0,0,405,459,460,479,490,271,486,421,"P5"
"221","Pittsburgh","fbs","ACC",2020,4373334,"John Vardzel",1,1,10,1,-0.172403671089377,-0.172403671089377,-0.172403671089377,5,5,5,0,1,1,1,0,0,NA,NA,NA,NA,NA,NA,NA,NA,"P5"
"221","Pittsburgh","fbs","ACC",2020,4426797,"Paris Brown",1,1,10,1,-0.525543426052184,-0.525543426052184,-0.525543426052184,2,2,2,0,1,1,1,0,0,NA,NA,NA,NA,NA,NA,NA,NA,"P5"
"221","Pittsburgh","fbs","ACC",2020,4428940,"Kyi Wright",2,2,10,1,0.259065546732319,0.12953277336616,0.12953277336616,18,9,9,0.5,2,2,1,0,0,NA,NA,NA,NA,NA,NA,NA,NA,"P5"
"221","Pittsburgh","fbs","ACC",2020,4429202,"Israel Abanikanda",4,2,10,2,-0.442975066334528,-0.110743766583632,-0.221487533167264,11,2.75,5.5,0.25,2,4,0.5,1,0,NA,NA,NA,NA,NA,NA,NA,NA,"P5"
"221","Pittsburgh","fbs","ACC",2020,4429205,"Jordan Addison",73,9,10,8.11111111111111,39.7493809690549,0.544512068069245,4.41659788545055,623,8.53424657534247,69.2222222222222,0.506849315068493,52,73,0.712328767123288,4,0,35,80,227,330,260,41,258,88,"P5"
"221","Pittsburgh","fbs","ACC",2020,4429247,"Jaylon Barden",8,2,10,4,7.30105359563259,0.912631699454073,3.65052679781629,72,9,36,0.75,6,8,0.75,1,0,NA,NA,NA,NA,NA,NA,NA,NA,"P5"
"221","Pittsburgh","fbs","ACC",2020,4430681,"Jared Wayne",29,6,10,4.83333333333333,14.6031251699993,0.503556040344804,2.43385419499989,325,11.2068965517241,54.1666666666667,0.482758620689655,21,29,0.724137931034483,1,1,254,250,254,392.5,225.5,198,93,163,"P5"
"221","Pittsburgh","fbs","ACC",2020,4568658,"Daniel Carter",1,1,10,1,-0.880909330283507,-0.880909330283507,-0.880909330283507,0,0,0,0,0,1,0,0,0,NA,NA,NA,NA,NA,NA,NA,NA,"P5"
"221","Pittsburgh","fbs","ACC",2020,4568660,"Vincent Davis",27,8,10,3.375,-4.42774567152526,-0.163990580426861,-0.553468208940657,143,5.2962962962963,17.875,0.481481481481481,22,27,0.814814814814815,1,0,590,577,581,395,81.5,463,543,561,"P5"
"2226","Florida Atlantic","fbs","Conference USA",2020,3917789,"Aaron Young",5,2,8,2.5,8.84309518477564,1.76861903695513,4.42154759238782,14,2.8,7,0.8,4,5,0.8,1,0,NA,NA,NA,NA,NA,NA,NA,NA,"G5"
"2226","Florida Atlantic","fbs","Conference USA",2020,4035466,"T.J. Chase",14,3,8,4.66666666666667,7.51563971904186,0.53683140850299,2.50521323968062,71,5.07142857142857,23.6666666666667,0.571428571428571,8,14,0.571428571428571,1,0,NA,NA,NA,NA,NA,NA,NA,NA,"G5"
"2226","Florida Atlantic","fbs","Conference USA",2020,4037458,"Michael Irvin II",2,1,8,2,-1.27961574619694,-0.639807873098471,-1.27961574619694,5,2.5,5,0,1,2,0.5,0,0,NA,NA,NA,NA,NA,NA,NA,NA,"G5"
"2226","Florida Atlantic","fbs","Conference USA",2020,4039065,"Marcel Southall",1,1,8,1,0.281226512255771,0.281226512255771,0.281226512255771,7,7,7,1,1,1,1,0,0,NA,NA,NA,NA,NA,NA,NA,NA,"G5"
"2226","Florida Atlantic","fbs","Conference USA",2020,4040769,"James Charles",11,3,8,3.66666666666667,-1.86477000824874,-0.169524546204431,-0.621590002749581,49,4.45454545454545,16.3333333333333,0.272727272727273,7,11,0.636363636363636,0,0,NA,NA,NA,NA,NA,NA,NA,NA,"G5"
"2226","Florida Atlantic","fbs","Conference USA",2020,4040967,"B.J. Emmons",4,3,8,1.33333333333333,-0.0855674889151939,-0.0213918722287985,-0.0285224963050646,13,3.25,4.33333333333333,0.25,3,4,0.75,0,0,NA,NA,NA,NA,NA,NA,NA,NA,"G5"
"2226","Florida Atlantic","fbs","Conference USA",2020,4243811,"Willie Wright",20,7,8,2.85714285714286,9.21847685598065,0.460923842799033,1.31692526514009,101,5.05,14.4285714285714,0.5,15,20,0.75,0,0,344,388,282,353.5,180,540,562,588,"G5"
"2226","Florida Atlantic","fbs","Conference USA",2020,4243816,"Jordan Merrell",16,6,8,2.66666666666667,8.4730215754,0.5295638484625,1.41217026256667,192,12,32,0.75,15,16,0.9375,0,0,367,376,238,7,7.5,375,60,378.5,"G5"
"2226","Florida Atlantic","fbs","Conference USA",2020,4243819,"Logan Peterson",1,1,8,1,2.60042840013834,2.60042840013834,2.60042840013834,25,25,25,1,1,1,1,1,0,NA,NA,NA,NA,NA,NA,NA,NA,"G5"
"2226","Florida Atlantic","fbs","Conference USA",2020,4360603,"Brandon Robinson",12,4,8,3,18.4821848902329,1.54018207418607,4.62054622255822,106,8.83333333333333,26.5,0.666666666666667,8,12,0.666666666666667,3,0,NA,NA,NA,NA,NA,NA,NA,NA,"G5"
"2226","Florida Atlantic","fbs","Conference USA",2020,4360609,"Malcom Davidson",8,5,8,1.6,3.69248670746804,0.461560838433505,0.738497341493608,82,10.25,16.4,0.5,6,8,0.75,0,0,NA,NA,NA,NA,NA,NA,NA,NA,"G5"
"2226","Florida Atlantic","fbs","Conference USA",2020,4429505,"Kelvin Dean Jr.",5,2,8,2.5,-4.73921052974735,-0.947842105949469,-2.36960526487367,0,0,0,0,0,5,0,0,0,NA,NA,NA,NA,NA,NA,NA,NA,"G5"
"2226","Florida Atlantic","fbs","Conference USA",2020,4430100,"Larry McCammon III",3,2,8,1.5,-0.520678117291119,-0.173559372430373,-0.26033905864556,9,3,4.5,0.333333333333333,2,3,0.666666666666667,0,0,NA,NA,NA,NA,NA,NA,NA,NA,"G5"
"2226","Florida Atlantic","fbs","Conference USA",2020,4430331,"Javion Posey",1,1,8,1,-0.47262757293814,-0.47262757293814,-0.47262757293814,0,0,0,0,0,1,0,0,0,NA,NA,NA,NA,NA,NA,NA,NA,"G5"
"2226","Florida Atlantic","fbs","Conference USA",2020,4690143,"LaJohntay Wester",18,6,8,3,5.81971840929575,0.323317689405319,0.969953068215958,86,4.77777777777778,14.3333333333333,0.5,14,18,0.777777777777778,1,0,425,431,370,353.5,131.5,570,574,589,"G5"
"2226","Florida Atlantic","fbs","Conference USA",2020,4690144,"BJ Alexander",6,3,8,2,-2.35836405324418,-0.393060675540696,-0.786121351081392,31,5.16666666666667,10.3333333333333,0.5,4,6,0.666666666666667,0,0,NA,NA,NA,NA,NA,NA,NA,NA,"G5"
"2229","Florida International","fbs","Conference USA",2020,4240688,"Jeremiah Holloman",21,3,4,7,-5.81678056070317,-0.276989550509675,-1.93892685356772,108,5.14285714285714,36,0.285714285714286,8,21,0.380952380952381,1,0,602,618,602,605.5,616,526,556,325.5,"G5"
"2229","Florida International","fbs","Conference USA",2020,4242179,"Maleek Williams",1,1,4,1,-0.482848580154039,-0.482848580154039,-0.482848580154039,2,2,2,0,1,1,1,0,0,NA,NA,NA,NA,NA,NA,NA,NA,"G5"
"2229","Florida International","fbs","Conference USA",2020,4244649,"Bryce Singleton",25,4,4,6.25,-5.48722609223194,-0.219489043689278,-1.37180652305799,118,4.72,29.5,0.28,10,25,0.4,1,0,596,612,596,608,612.5,506.5,576,412.5,"G5"
"2229","Florida International","fbs","Conference USA",2020,4361087,"Sterling Palmer",7,3,4,2.33333333333333,4.99152816571426,0.713075452244895,1.66384272190475,53,7.57142857142857,17.6666666666667,0.857142857142857,6,7,0.857142857142857,0,0,NA,NA,NA,NA,NA,NA,NA,NA,"G5"
"2229","Florida International","fbs","Conference USA",2020,4427648,"Lexington Joseph",2,2,4,1,-0.165744050413647,-0.0828720252068235,-0.0828720252068235,7,3.5,3.5,0.5,2,2,1,0,0,NA,NA,NA,NA,NA,NA,NA,NA,"G5"
"2229","Florida International","fbs","Conference USA",2020,4428025,"Kris Mitchell",4,2,4,2,5.54972850015368,1.38743212503842,2.77486425007684,25,6.25,12.5,0.75,3,4,0.75,0,0,NA,NA,NA,NA,NA,NA,NA,NA,"G5"
"2229","Florida International","fbs","Conference USA",2020,4429898,"Nate Jefferson",5,3,4,1.66666666666667,-0.837808081229728,-0.167561616245946,-0.279269360409909,30,6,10,0.6,4,5,0.8,0,0,NA,NA,NA,NA,NA,NA,NA,NA,"G5"
"2229","Florida International","fbs","Conference USA",2020,4605858,"Rivaldo Fairweather",12,3,4,4,9.60085813755476,0.800071511462897,3.20028604585159,98,8.16666666666667,32.6666666666667,0.583333333333333,9,12,0.75,0,0,336,166,73,163.5,180,547.5,300,366,"G5"
"2229","Florida International","fbs","Conference USA",2020,4687520,"Kameren Williams",3,1,4,3,-0.124053356867519,-0.0413511189558395,-0.124053356867519,11,3.66666666666667,11,0.333333333333333,2,3,0.666666666666667,0,0,NA,NA,NA,NA,NA,NA,NA,NA,"G5"
"2247","Georgia State","fbs","Sun Belt",2020,4032491,"Aubry Payne",15,5,9,3,-0.955328740823374,-0.0636885827215583,-0.191065748164675,59,3.93333333333333,11.8,0.333333333333333,8,15,0.533333333333333,0,0,NA,NA,NA,NA,NA,NA,NA,NA,"G5"
"2247","Georgia State","fbs","Sun Belt",2020,4036529,"Jonathan Ifedi",12,5,9,2.4,-3.47977738418418,-0.289981448682015,-0.695955476836836,37,3.08333333333333,7.4,0.166666666666667,8,12,0.666666666666667,0,0,NA,NA,NA,NA,NA,NA,NA,NA,"G5"
"2247","Georgia State","fbs","Sun Belt",2020,4036533,"Matlin Marshall",3,3,9,1,2.53112641736519,0.843708805788398,0.843708805788398,39,13,13,1,3,3,1,0,0,NA,NA,NA,NA,NA,NA,NA,NA,"G5"
"2247","Georgia State","fbs","Sun Belt",2020,4241273,"Roger Carter",32,7,9,4.57142857142857,10.8872315265476,0.340225985204611,1.55531878950679,247,7.71875,35.2857142857143,0.5,20,32,0.625,4,0,314,354,356,353.5,464,293,353,335,"G5"
"2247","Georgia State","fbs","Sun Belt",2020,4259506,"Jamyest Williams",7,2,9,3.5,4.67788946040092,0.668269922914417,2.33894473020046,66,9.42857142857143,33,0.571428571428571,7,7,1,0,0,NA,NA,NA,NA,NA,NA,NA,NA,"G5"
"2247","Georgia State","fbs","Sun Belt",2020,4291693,"Terrance Dixon",31,9,9,3.44444444444444,5.2965470957698,0.170856357928058,0.588505232863312,215,6.93548387096774,23.8888888888889,0.419354838709677,19,31,0.612903225806452,0,0,439,480,458,508,481.5,341.5,423,481,"G5"
"2247","Georgia State","fbs","Sun Belt",2020,4361897,"Destin Coates",19,6,9,3.16666666666667,-1.22987848150185,-0.064730446394834,-0.204979746916974,65,3.42105263157895,10.8333333333333,0.368421052631579,12,19,0.631578947368421,0,0,557,552,558,564.5,450,597,608,609,"G5"
"2247","Georgia State","fbs","Sun Belt",2020,4361911,"Cornelius McCoy",40,6,9,6.66666666666667,19.3690512261608,0.484226280654021,3.22817520436014,359,8.975,59.8333333333333,0.475,26,40,0.65,3,0,192,162,272,412.5,404.5,170,225,131,"G5"
"2247","Georgia State","fbs","Sun Belt",2020,4361914,"Seth Paige",2,1,9,2,-1.12714730991176,-0.563573654955879,-1.12714730991176,8,4,8,0.5,1,2,0.5,0,0,NA,NA,NA,NA,NA,NA,NA,NA,"G5"
"2247","Georgia State","fbs","Sun Belt",2020,4361915,"Sam Pinckney",58,9,9,6.44444444444444,35.1010384367804,0.605190317875524,3.90011538186449,663,11.4310344827586,73.6666666666667,0.568965517241379,41,58,0.706896551724138,3,1,56,116,183,190,266.5,30,82,67,"G5"
"2247","Georgia State","fbs","Sun Belt",2020,4382092,"Tucker Gregg",3,2,9,1.5,-1.19958738813342,-0.399862462711141,-0.599793694066711,10,3.33333333333333,5,0.333333333333333,2,3,0.666666666666667,0,0,NA,NA,NA,NA,NA,NA,NA,NA,"G5"
"2247","Georgia State","fbs","Sun Belt",2020,4428224,"Jaquez Pennimon",1,1,9,1,-0.516807655180752,-0.516807655180752,-0.516807655180752,5,5,5,0,1,1,1,0,0,NA,NA,NA,NA,NA,NA,NA,NA,"G5"
"2247","Georgia State","fbs","Sun Belt",2020,4428666,"Cadarrius Thompson",4,2,9,2,3.04086893460533,0.760217233651332,1.52043446730266,37,9.25,18.5,0.75,3,4,0.75,0,0,NA,NA,NA,NA,NA,NA,NA,NA,"G5"
"2247","Georgia State","fbs","Sun Belt",2020,4428678,"Jamari Thrash",11,5,9,2.2,7.42861791887616,0.675328901716014,1.48572358377523,137,12.4545454545455,27.4,0.545454545454545,7,11,0.636363636363636,1,0,NA,NA,NA,NA,NA,NA,NA,NA,"G5"
"2247","Georgia State","fbs","Sun Belt",2020,4568411,"Cornelious Brown",3,1,9,3,11.2466049411008,3.74886831370028,11.2466049411008,88,29.3333333333333,88,1,3,3,1,3,0,NA,NA,NA,NA,NA,NA,NA,NA,"G5"
"2247","Georgia State","fbs","Sun Belt",2020,4576318,"Marcus Carroll",1,1,9,1,-1.48965335007639,-1.48965335007639,-1.48965335007639,0,0,0,0,0,1,0,0,0,NA,NA,NA,NA,NA,NA,NA,NA,"G5"
"228","Clemson","fbs","ACC",2020,4035465,"Cornell Powell",56,9,9,6.22222222222222,28.8474278543873,0.515132640256916,3.20526976159859,610,10.8928571428571,67.7777777777778,0.517857142857143,37,56,0.660714285714286,4,0,94,165,246,309,386,44,110,95,"P5"
"228","Clemson","fbs","ACC",2020,4035469,"J.C. Chalk",6,3,9,2,-1.50445034982754,-0.250741724971257,-0.501483449942514,27,4.5,9,0.333333333333333,3,6,0.5,0,0,NA,NA,NA,NA,NA,NA,NA,NA,"P5"
"228","Clemson","fbs","ACC",2020,4046826,"Darien Rencher",2,1,9,2,0.935252248644306,0.467626124322153,0.935252248644306,15,7.5,15,0.5,2,2,1,0,0,NA,NA,NA,NA,NA,NA,NA,NA,"P5"
"228","Clemson","fbs","ACC",2020,4239992,"Amari Rodgers",74,9,9,8.22222222222222,43.4209648335984,0.586769795048627,4.8245516481776,784,10.5945945945946,87.1111111111111,0.608108108108108,58,74,0.783783783783784,3,1,26,63,202,113,121,17,128,41,"P5"
"228","Clemson","fbs","ACC",2020,4239996,"Travis Etienne",48,9,9,5.33333333333333,29.0460093851822,0.605125195524629,3.22733437613135,462,9.625,51.3333333333333,0.520833333333333,38,48,0.791666666666667,0,0,90,163,184,301,107.5,87,180,187,"P5"
"228","Clemson","fbs","ACC",2020,4239999,"Will Swinney",7,4,9,1.75,-0.881241647841498,-0.125891663977357,-0.220310411960375,26,3.71428571428571,6.5,0.285714285714286,6,7,0.857142857142857,0,0,NA,NA,NA,NA,NA,NA,NA,NA,"P5"
"228","Clemson","fbs","ACC",2020,4240009,"Will Brown",2,2,9,1,0.629399587757843,0.314699793878922,0.314699793878922,19,9.5,9.5,0.5,2,2,1,0,0,NA,NA,NA,NA,NA,NA,NA,NA,"P5"
"228","Clemson","fbs","ACC",2020,4259209,"Josh Jackson",1,1,9,1,-0.838246724729067,-0.838246724729067,-0.838246724729067,-2,-2,-2,0,1,1,1,0,0,NA,NA,NA,NA,NA,NA,NA,NA,"P5"
"228","Clemson","fbs","ACC",2020,4360310,"Trevor Lawrence",6,3,9,2,16.5356598856906,2.75594331428176,5.51188662856352,75,12.5,25,1,6,6,1,5,0,NA,NA,NA,NA,NA,NA,NA,NA,"P5"
"228","Clemson","fbs","ACC",2020,4360314,"Lyn-J Dixon",4,3,9,1.33333333333333,-1.38107147466666,-0.345267868666665,-0.46035715822222,21,5.25,7,0.5,2,4,0.5,0,0,NA,NA,NA,NA,NA,NA,NA,NA,"P5"
"228","Clemson","fbs","ACC",2020,4360321,"Drew Swinney",1,1,9,1,1.16363767441735,1.16363767441735,1.16363767441735,12,12,12,1,1,1,1,0,0,NA,NA,NA,NA,NA,NA,NA,NA,"P5"
"228","Clemson","fbs","ACC",2020,4360322,"Max May",2,1,9,2,-2.27841351964264,-1.13920675982132,-2.27841351964264,1,0.5,1,0,1,2,0.5,0,0,NA,NA,NA,NA,NA,NA,NA,NA,"P5"
"228","Clemson","fbs","ACC",2020,4360323,"Braden Galloway",34,7,9,4.85714285714286,-2.17163912228532,-0.0638717388907446,-0.310234160326474,268,7.88235294117647,38.2857142857143,0.441176470588235,20,34,0.588235294117647,2,0,566,562,557,473.5,518,261.5,334,299,"P5"
"228","Clemson","fbs","ACC",2020,4426343,"Frank Ladson Jr.",25,5,9,5,4.83550430323357,0.193420172129343,0.967100860646714,185,7.4,37,0.44,14,25,0.56,1,0,448,432,449,476.5,554.5,390.5,385.5,312,"P5"
"228","Clemson","fbs","ACC",2020,4426409,"Chez Mellusi",3,2,9,1.5,1.64875545561687,0.54958515187229,0.824377727808435,8,2.66666666666667,4,0.333333333333333,2,3,0.666666666666667,1,0,NA,NA,NA,NA,NA,NA,NA,NA,"P5"
"228","Clemson","fbs","ACC",2020,4426553,"Davis Allen",14,9,9,1.55555555555556,14.398236870262,1.028445490733,1.59980409669578,193,13.7857142857143,21.4444444444444,0.714285714285714,12,14,0.857142857142857,3,0,NA,NA,NA,NA,NA,NA,NA,NA,"P5"
"228","Clemson","fbs","ACC",2020,4427779,"Jaelyn Lay",3,1,9,3,-1.39211185048238,-0.464037283494125,-1.39211185048238,5,1.66666666666667,5,0,1,3,0.333333333333333,0,0,NA,NA,NA,NA,NA,NA,NA,NA,"P5"
"228","Clemson","fbs","ACC",2020,4429020,"D.J. Uiagalelei",2,1,9,2,5.21713434425223,2.60856717212611,5.21713434425223,43,21.5,43,1,2,2,1,2,0,NA,NA,NA,NA,NA,NA,NA,NA,"P5"
"228","Clemson","fbs","ACC",2020,4429207,"Ajou Ajou",5,2,9,2.5,0.15911338784832,0.031822677569664,0.07955669392416,41,8.2,20.5,0.2,2,5,0.4,1,0,NA,NA,NA,NA,NA,NA,NA,NA,"P5"
"228","Clemson","fbs","ACC",2020,4430518,"Brannon Spector",16,8,9,2,5.61075970048127,0.350672481280079,0.701344962560158,120,7.5,15,0.625,14,16,0.875,0,0,NA,NA,NA,NA,NA,NA,NA,NA,"P5"
"228","Clemson","fbs","ACC",2020,4686093,"E.J. Williams",20,7,9,2.85714285714286,0.965130242980049,0.0482565121490025,0.13787574899715,123,6.15,17.5714285714286,0.45,12,20,0.6,1,0,522,525,523,464,504,493,501,566,"P5"
"228","Clemson","fbs","ACC",2020,4686095,"Kobe Pace",3,2,9,1.5,4.22931496722298,1.40977165574099,2.11465748361149,26,8.66666666666667,13,1,3,3,1,1,0,NA,NA,NA,NA,NA,NA,NA,NA,"P5"
"2294","Iowa","fbs","Big Ten",2020,4036124,"Shaun Beyer",19,7,8,2.71428571428571,2.81533444514351,0.148175497112816,0.402190635020501,158,8.31578947368421,22.5714285714286,0.473684210526316,11,19,0.578947368421053,1,0,490,500,474,416.5,531.5,441.5,288,504,"P5"
"2294","Iowa","fbs","Big Ten",2020,4240573,"Ihmir Smith-Marsette",37,7,8,5.28571428571429,22.2746486956763,0.602017532315575,3.18209267081089,345,9.32432432432432,49.2857142857143,0.621621621621622,25,37,0.675675675675676,4,1,158,168,188,97,350,181,199,203.5,"P5"
"2294","Iowa","fbs","Big Ten",2020,4240577,"Brandon Smith",33,7,8,4.71428571428571,9.7946494371089,0.29680755870027,1.3992356338727,220,6.66666666666667,31.4285714285714,0.606060606060606,23,33,0.696969696969697,2,2,331,378,384,116.5,292.5,332,458.5,388,"P5"
"2294","Iowa","fbs","Big Ten",2020,4240581,"Ivory Kelly-Martin",3,3,8,1,0.119853010259451,0.0399510034198169,0.0399510034198169,22,7.33333333333333,7.33333333333333,0.333333333333333,3,3,1,0,0,NA,NA,NA,NA,NA,NA,NA,NA,"P5"
"2294","Iowa","fbs","Big Ten",2020,4360480,"Spencer Petras",1,1,8,1,3.42633868148629,3.42633868148629,3.42633868148629,14,14,14,1,1,1,1,1,0,NA,NA,NA,NA,NA,NA,NA,NA,"P5"
"2294","Iowa","fbs","Big Ten",2020,4360486,"Nico Ragaini",26,7,8,3.71428571428571,3.71640445925941,0.142938633048439,0.530914922751344,191,7.34615384615385,27.2857142857143,0.423076923076923,18,26,0.692307692307692,0,0,471,486,478,499.5,301,377,392,436,"P5"
"2294","Iowa","fbs","Big Ten",2020,4360506,"Monte Pottebaum",3,3,8,1,1.14992122628622,0.383307075428741,0.383307075428741,39,13,13,0.666666666666667,3,3,1,0,0,NA,NA,NA,NA,NA,NA,NA,NA,"P5"
"2294","Iowa","fbs","Big Ten",2020,4360516,"Tyrone Tracy Jr.",17,6,8,2.83333333333333,6.59263381460893,0.387801989094643,1.09877230243482,154,9.05882352941176,25.6666666666667,0.647058823529412,14,17,0.823529411764706,1,0,409,417,327,70.5,62.5,449,220,461,"P5"
"2294","Iowa","fbs","Big Ten",2020,4379504,"Mekhi Sargent",1,1,8,1,0.186752900437322,0.186752900437322,0.186752900437322,6,6,6,1,1,1,1,0,0,NA,NA,NA,NA,NA,NA,NA,NA,"P5"
"2294","Iowa","fbs","Big Ten",2020,4429676,"Tyler Goodson",19,8,8,2.375,1.86835062092188,0.0983342432064148,0.233543827615235,152,8,19,0.421052631578947,15,19,0.789473684210526,0,0,506,516,496,504.5,112,451,320.5,551,"P5"
"2294","Iowa","fbs","Big Ten",2020,4430027,"Sam LaPorta",44,8,8,5.5,10.311299049802,0.234347705677319,1.28891238122525,271,6.15909090909091,33.875,0.545454545454545,27,44,0.613636363636364,1,0,325,391,431,243.5,479,256.5,499,353,"P5"
"2294","Iowa","fbs","Big Ten",2020,4569473,"Alec Kritta",1,1,8,1,1.69403929686171,1.69403929686171,1.69403929686171,12,12,12,1,1,1,1,0,0,NA,NA,NA,NA,NA,NA,NA,NA,"P5"
"23","San José State","fbs","Mountain West",2020,3921681,"Bailey Gaither",51,6,6,8.5,30.3282100198705,0.594670784703343,5.05470166997841,627,12.2941176470588,104.5,0.607843137254902,36,51,0.705882352941177,4,0,82,54,197,114,269.5,39,53,18,"G5"
"23","San José State","fbs","Mountain West",2020,4036863,"Billy Humphreys",1,1,6,1,1.0135266168286,1.0135266168286,1.0135266168286,14,14,14,1,1,1,1,0,0,NA,NA,NA,NA,NA,NA,NA,NA,"G5"
"23","San José State","fbs","Mountain West",2020,4242321,"Tyler Nevens",6,3,6,2,-3.49465426514842,-0.582442377524736,-1.16488475504947,7,1.16666666666667,2.33333333333333,0.166666666666667,4,6,0.666666666666667,0,0,NA,NA,NA,NA,NA,NA,NA,NA,"G5"
"23","San José State","fbs","Mountain West",2020,4242328,"Tre Walker",49,6,6,8.16666666666667,24.4626332710888,0.49923741369569,4.07710554518147,417,8.51020408163265,69.5,0.489795918367347,31,49,0.63265306122449,3,1,138,104,258,381.5,447,126.5,260,85,"G5"
"23","San José State","fbs","Mountain West",2020,4374145,"Jermaine Braddock",6,4,6,1.5,6.4048209526749,1.06747015877915,1.60120523816872,65,10.8333333333333,16.25,0.833333333333333,6,6,1,1,0,NA,NA,NA,NA,NA,NA,NA,NA,"G5"
"23","San José State","fbs","Mountain West",2020,4374147,"Derrick Deese Jr.",20,6,6,3.33333333333333,13.6949628879315,0.684748144396577,2.28249381465526,163,8.15,27.1666666666667,0.55,12,20,0.6,4,0,268,265,139,231.5,504,427.5,302,437,"G5"
"23","San José State","fbs","Mountain West",2020,4374150,"Isaiah Hamilton",10,5,6,2,10.9919737548417,1.09919737548417,2.19839475096833,125,12.5,25,0.6,8,10,0.8,1,0,NA,NA,NA,NA,NA,NA,NA,NA,"G5"
"23","San José State","fbs","Mountain West",2020,4427934,"Dominick Mazotti",2,1,6,2,1.77291891791785,0.886459458958924,1.77291891791785,21,10.5,21,1,2,2,1,0,0,NA,NA,NA,NA,NA,NA,NA,NA,"G5"
"23","San José State","fbs","Mountain West",2020,4570239,"Isaiah Holiness",11,4,6,2.75,7.01211425209122,0.637464932008293,1.75302856302281,83,7.54545454545455,20.75,0.363636363636364,9,11,0.818181818181818,1,0,NA,NA,NA,NA,NA,NA,NA,NA,"G5"
"23","San José State","fbs","Mountain West",2020,4570243,"Kairee Robinson",9,4,6,2.25,2.86692585097835,0.318547316775372,0.716731462744586,65,7.22222222222222,16.25,0.666666666666667,7,9,0.777777777777778,0,0,NA,NA,NA,NA,NA,NA,NA,NA,"G5"
"23","San José State","fbs","Mountain West",2020,4571021,"Shamar Garrett",5,3,6,1.66666666666667,-1.42204583169575,-0.284409166339149,-0.474015277231916,30,6,10,0.4,3,5,0.6,0,0,NA,NA,NA,NA,NA,NA,NA,NA,"G5"
"23","San José State","fbs","Mountain West",2020,4575226,"Andre Crump",1,1,6,1,-0.4049489913986,-0.4049489913986,-0.4049489913986,3,3,3,0,1,1,1,0,0,NA,NA,NA,NA,NA,NA,NA,NA,"G5"
"23","San José State","fbs","Mountain West",2020,4608520,"Sam Olson",3,3,6,1,10.8333164916096,3.61110549720319,3.61110549720319,33,11,11,0.666666666666667,3,3,1,1,0,NA,NA,NA,NA,NA,NA,NA,NA,"G5"
"2305","Kansas","fbs","Big 12",2020,4029857,"Ezra Naylor",9,2,9,4.5,2.11872798437258,0.235414220485842,1.05936399218629,66,7.33333333333333,33,0.444444444444444,5,9,0.555555555555556,0,0,NA,NA,NA,NA,NA,NA,NA,NA,"P5"
"2305","Kansas","fbs","Big 12",2020,4035911,"Kameron McQueen",1,1,9,1,0.787525608421611,0.787525608421611,0.787525608421611,7,7,7,1,1,1,1,0,0,NA,NA,NA,NA,NA,NA,NA,NA,"P5"
"2305","Kansas","fbs","Big 12",2020,4035912,"Kwamie Lassiter II",61,8,9,7.625,22.5801909281921,0.370167064396592,2.82252386602402,458,7.50819672131148,57.25,0.491803278688525,43,61,0.704918032786885,2,0,155,202,335,379,272,93.5,373,144.5,"P5"
"2305","Kansas","fbs","Big 12",2020,4039468,"Andrew Parchment",42,7,9,6,5.74040988635562,0.13667642586561,0.82005855519366,197,4.69047619047619,28.1428571428571,0.452380952380952,24,42,0.571428571428571,2,0,428,451,480,457,537.5,367,577,424,"P5"
"2305","Kansas","fbs","Big 12",2020,4240806,"Ben Miles",3,3,9,1,-1.06799866583831,-0.355999555279438,-0.355999555279438,8,2.66666666666667,2.66666666666667,0.333333333333333,3,3,1,0,0,NA,NA,NA,NA,NA,NA,NA,NA,"P5"
"2305","Kansas","fbs","Big 12",2020,4241300,"Takulve Williams",28,6,9,4.66666666666667,-14.8683926001561,-0.531014021434146,-2.47806543335935,100,3.57142857142857,16.6666666666667,0.321428571428571,19,28,0.678571428571429,0,1,621,620,619,588,343,543.5,605,573.5,"P5"
"2305","Kansas","fbs","Big 12",2020,4259204,"James Sosinski",1,1,9,1,1.19873379010237,1.19873379010237,1.19873379010237,16,16,16,1,1,1,1,0,0,NA,NA,NA,NA,NA,NA,NA,NA,"P5"
"2305","Kansas","fbs","Big 12",2020,4360326,"Pooka Williams Jr.",8,2,9,4,-3.60739003222362,-0.450923754027953,-1.80369501611181,31,3.875,15.5,0.125,6,8,0.75,0,0,NA,NA,NA,NA,NA,NA,NA,NA,"P5"
"2305","Kansas","fbs","Big 12",2020,4360329,"Stephon Robinson",4,2,9,2,1.95580457178806,0.488951142947015,0.97790228589403,35,8.75,17.5,0.5,2,4,0.5,0,0,NA,NA,NA,NA,NA,NA,NA,NA,"P5"
"2305","Kansas","fbs","Big 12",2020,4427164,"Mason Fairchild",7,2,9,3.5,2.97517791685679,0.425025416693826,1.48758895842839,57,8.14285714285714,28.5,0.571428571428571,5,7,0.714285714285714,0,0,NA,NA,NA,NA,NA,NA,NA,NA,"P5"
"2305","Kansas","fbs","Big 12",2020,4427251,"Velton Gardner",9,4,9,2.25,-7.5564663188422,-0.839607368760244,-1.88911657971055,15,1.66666666666667,3.75,0,5,9,0.555555555555556,0,0,NA,NA,NA,NA,NA,NA,NA,NA,"P5"
"2305","Kansas","fbs","Big 12",2020,4427822,"Kenny Logan Jr.",1,1,9,1,-0.958083245326646,-0.958083245326646,-0.958083245326646,0,0,0,0,0,1,0,0,0,NA,NA,NA,NA,NA,NA,NA,NA,"P5"
"2305","Kansas","fbs","Big 12",2020,4428262,"Gavin Potter",1,1,9,1,-0.920626060605117,-0.920626060605117,-0.920626060605117,0,0,0,0,1,1,1,0,0,NA,NA,NA,NA,NA,NA,NA,NA,"P5"
"2305","Kansas","fbs","Big 12",2020,4430914,"Lawrence Arnold",6,3,9,2,0.484728744079501,0.0807881240132502,0.1615762480265,45,7.5,15,0.666666666666667,6,6,1,0,0,NA,NA,NA,NA,NA,NA,NA,NA,"P5"
"2305","Kansas","fbs","Big 12",2020,4432211,"Tristan Golightly",3,2,9,1.5,2.90922302774591,0.969741009248638,1.45461151387296,22,7.33333333333333,11,0.666666666666667,2,3,0.666666666666667,0,0,NA,NA,NA,NA,NA,NA,NA,NA,"P5"
"2305","Kansas","fbs","Big 12",2020,4433830,"Luke Grimm",29,4,9,7.25,10.5505211194267,0.363811073083681,2.63763027985669,227,7.82758620689655,56.75,0.379310344827586,18,29,0.620689655172414,2,0,322,225,340,556,470,319,338,148,"P5"
"2305","Kansas","fbs","Big 12",2020,4568694,"Daniel Hishaw Jr.",6,3,9,2,-0.141721264750506,-0.023620210791751,-0.0472404215835019,28,4.66666666666667,9.33333333333333,0.5,5,6,0.833333333333333,0,0,NA,NA,NA,NA,NA,NA,NA,NA,"P5"
"2305","Kansas","fbs","Big 12",2020,4569053,"Jamahl Horne",1,1,9,1,-0.929801064787346,-0.929801064787346,-0.929801064787346,0,0,0,0,0,1,0,0,0,NA,NA,NA,NA,NA,NA,NA,NA,"P5"
"2305","Kansas","fbs","Big 12",2020,4686373,"Jordan Brown",1,1,9,1,0.765306911064682,0.765306911064682,0.765306911064682,4,4,4,1,1,1,1,0,0,NA,NA,NA,NA,NA,NA,NA,NA,"P5"
"2305","Kansas","fbs","Big 12",2020,4686374,"Steven McBride",3,1,9,3,1.05349657930355,0.351165526434516,1.05349657930355,17,5.66666666666667,17,0.666666666666667,3,3,1,0,0,NA,NA,NA,NA,NA,NA,NA,NA,"P5"
"2305","Kansas","fbs","Big 12",2020,4686377,"Amauri Pesek-Hickson",2,2,9,1,-0.930146210800211,-0.465073105400105,-0.465073105400105,10,5,5,0,2,2,1,0,0,NA,NA,NA,NA,NA,NA,NA,NA,"P5"
"2305","Kansas","fbs","Big 12",2020,4686380,"Will Huggins",1,1,9,1,7,7,7,20,20,20,1,1,1,1,1,0,NA,NA,NA,NA,NA,NA,NA,NA,"P5"
"2306","Kansas State","fbs","Big 12",2020,4030915,"Briley Moore",25,8,10,3.125,26.2772399215272,1.05108959686109,3.2846549901909,338,13.52,42.25,0.68,22,25,0.88,3,0,125,156,28,34,23.5,186,23,261,"P5"
"2306","Kansas State","fbs","Big 12",2020,4036409,"Tyler Burns",2,2,10,1,-0.562199022895959,-0.28109951144798,-0.28109951144798,7,3.5,3.5,0.5,2,2,1,0,0,NA,NA,NA,NA,NA,NA,NA,NA,"P5"
"2306","Kansas State","fbs","Big 12",2020,4046564,"Wykeen Akie Gill",4,1,10,4,-3.69301270438832,-0.923253176097081,-3.69301270438832,9,2.25,9,0,3,4,0.75,0,0,NA,NA,NA,NA,NA,NA,NA,NA,"P5"
"2306","Kansas State","fbs","Big 12",2020,4046586,"Nick Lenners",3,3,10,1,-1.97707562422491,-0.65902520807497,-0.65902520807497,8,2.66666666666667,2.66666666666667,0.333333333333333,3,3,1,0,0,NA,NA,NA,NA,NA,NA,NA,NA,"P5"
"2306","Kansas State","fbs","Big 12",2020,4046599,"D.J. Render",11,5,10,2.2,-2.04636063735242,-0.186032785213857,-0.409272127470485,56,5.09090909090909,11.2,0.363636363636364,7,11,0.636363636363636,0,0,NA,NA,NA,NA,NA,NA,NA,NA,"P5"
"2306","Kansas State","fbs","Big 12",2020,4241328,"Mason Barta",1,1,10,1,0.416471754711949,0.416471754711949,0.416471754711949,8,8,8,1,1,1,1,0,0,NA,NA,NA,NA,NA,NA,NA,NA,"P5"
"2306","Kansas State","fbs","Big 12",2020,4241362,"Chabastin Taylor",37,7,10,5.28571428571429,7.42304728933925,0.200622899711872,1.06043532704846,293,7.91891891891892,41.8571428571429,0.459459459459459,19,37,0.513513513513513,1,0,395,419,446,444,582,231.5,331,267.5,"P5"
"2306","Kansas State","fbs","Big 12",2020,4259356,"Harry Trotter",10,6,10,1.66666666666667,-3.78078688045692,-0.378078688045692,-0.630131146742821,34,3.4,5.66666666666667,0.3,8,10,0.8,0,0,NA,NA,NA,NA,NA,NA,NA,NA,"P5"
"2306","Kansas State","fbs","Big 12",2020,4362934,"Samuel Wheeler",4,3,10,1.33333333333333,6.72025597560332,1.68006399390083,2.24008532520111,57,14.25,19,0.75,3,4,0.75,1,0,NA,NA,NA,NA,NA,NA,NA,NA,"P5"
"2306","Kansas State","fbs","Big 12",2020,4373062,"Phillip Brooks III",27,8,10,3.375,8.38464117014697,0.310542265560999,1.04808014626837,155,5.74074074074074,19.375,0.407407407407407,15,27,0.555555555555556,2,0,370,421,378,527,559.5,446,519,546.5,"P5"
"2306","Kansas State","fbs","Big 12",2020,4373077,"Malik Knowles",24,8,10,3,11.0254518891331,0.459393828713878,1.37818148614163,204,8.5,25.5,0.458333333333333,13,24,0.541666666666667,3,0,312,380,283,446,568.5,360.5,262,464.5,"P5"
"2306","Kansas State","fbs","Big 12",2020,4426517,"Keenan Garber",2,2,10,1,-0.136757295492402,-0.0683786477462011,-0.0683786477462011,10,5,5,0.5,2,2,1,0,0,NA,NA,NA,NA,NA,NA,NA,NA,"P5"
"2306","Kansas State","fbs","Big 12",2020,4429518,"Jax Dineen",9,3,10,3,4.91484502031041,0.546093891145601,1.6382816734368,78,8.66666666666667,26,0.666666666666667,7,9,0.777777777777778,0,0,NA,NA,NA,NA,NA,NA,NA,NA,"P5"
"2306","Kansas State","fbs","Big 12",2020,4429632,"Konner Fox",1,1,10,1,-0.223774903949832,-0.223774903949832,-0.223774903949832,6,6,6,0,1,1,1,0,0,NA,NA,NA,NA,NA,NA,NA,NA,"P5"
"2306","Kansas State","fbs","Big 12",2020,4431453,"Deuce Vaughn",37,10,10,3.7,19.2990523515671,0.521596009501814,1.92990523515671,434,11.7297297297297,43.4,0.459459459459459,25,37,0.675675675675676,2,0,193,308,242,444,350,108.5,70,250,"P5"
"2306","Kansas State","fbs","Big 12",2020,4432434,"Keyon Mozee",1,1,10,1,1.36057608362705,1.36057608362705,1.36057608362705,5,5,5,1,1,1,1,0,0,NA,NA,NA,NA,NA,NA,NA,NA,"P5"
"2306","Kansas State","fbs","Big 12",2020,4690912,"Justin Gardner",1,1,10,1,8.09511921908066,8.09511921908066,8.09511921908066,78,78,78,1,1,1,1,0,0,NA,NA,NA,NA,NA,NA,NA,NA,"P5"
"2309","Kent State","fbs","Mid-American",2020,4243475,"Kris Leach",1,1,4,1,1.49571596900262,1.49571596900262,1.49571596900262,3,3,3,1,1,1,1,1,0,NA,NA,NA,NA,NA,NA,NA,NA,"G5"
"2309","Kent State","fbs","Mid-American",2020,4244075,"Isaac Vance",20,4,4,5,14.7159670997976,0.735798354989878,3.67899177494939,148,7.4,37,0.6,17,20,0.85,0,0,251,131,104,136.5,42,456.5,385.5,312,"G5"
"2309","Kent State","fbs","Mid-American",2020,4362352,"Isaiah McKoy",38,4,4,9.5,28.5307682169556,0.750809689919884,7.1326920542389,455,11.9736842105263,113.75,0.578947368421053,25,38,0.657894736842105,5,0,96,16,92,171,388,97,62,12,"G5"
"2309","Kent State","fbs","Mid-American",2020,4362357,"Jeremiah Salaam",1,1,4,1,0.648209121401394,0.648209121401394,0.648209121401394,7,7,7,1,1,1,1,0,0,NA,NA,NA,NA,NA,NA,NA,NA,"G5"
"2309","Kent State","fbs","Mid-American",2020,4362363,"Mark Williams",1,1,4,1,2.74206167310567,2.74206167310567,2.74206167310567,9,9,9,1,1,1,1,1,0,NA,NA,NA,NA,NA,NA,NA,NA,"G5"
"2309","Kent State","fbs","Mid-American",2020,4362364,"Javaughn Williams",3,2,4,1.5,1.23675099351345,0.412250331171149,0.618375496756723,19,6.33333333333333,9.5,0.666666666666667,3,3,1,1,0,NA,NA,NA,NA,NA,NA,NA,NA,"G5"
"2309","Kent State","fbs","Mid-American",2020,4426764,"Bryan Bradford",1,1,4,1,2.52100679486208,2.52100679486208,2.52100679486208,13,13,13,1,1,1,1,1,0,NA,NA,NA,NA,NA,NA,NA,NA,"G5"
"2309","Kent State","fbs","Mid-American",2020,4426892,"Dante Cephas",17,4,4,4.25,5.80842522495825,0.341672072056368,1.45210630623956,136,8,34,0.470588235294118,11,17,0.647058823529412,0,0,426,370,355,422,413.5,473.5,320.5,349,"G5"
"2309","Kent State","fbs","Mid-American",2020,4430323,"Ja'Shaun Poke",24,4,4,6,23.0955153707133,0.962313140446389,5.77387884267833,326,13.5833333333333,81.5,0.666666666666667,21,24,0.875,3,0,150,36,39,47,27.5,195.5,22,50,"G5"
"2309","Kent State","fbs","Mid-American",2020,4430468,"Marquez Cooper",1,1,4,1,1.67528835578493,1.67528835578493,1.67528835578493,14,14,14,1,1,1,1,0,0,NA,NA,NA,NA,NA,NA,NA,NA,"G5"
"2309","Kent State","fbs","Mid-American",2020,4566157,"Luke Floriea",2,1,4,2,1.09897583789345,0.549487918946727,1.09897583789345,31,15.5,31,1,2,2,1,0,0,NA,NA,NA,NA,NA,NA,NA,NA,"G5"
"2309","Kent State","fbs","Mid-American",2020,4569234,"Keshunn Abram",3,2,4,1.5,7.76064124578955,2.58688041526318,3.88032062289477,39,13,19.5,0.666666666666667,2,3,0.666666666666667,1,0,NA,NA,NA,NA,NA,NA,NA,NA,"G5"
"2309","Kent State","fbs","Mid-American",2020,4576845,"Isaiah Wooden",4,2,4,2,8.39104804049558,2.0977620101239,4.19552402024779,94,23.5,47,1,4,4,1,1,0,NA,NA,NA,NA,NA,NA,NA,NA,"G5"
"2335","Liberty","fbs","FBS Independents",2020,4034306,"Josh Mack",6,4,8,1.5,-4.94560540377711,-0.824267567296185,-1.23640135094428,6,1,1.5,0,2,6,0.333333333333333,0,0,NA,NA,NA,NA,NA,NA,NA,NA,"G5"
"2335","Liberty","fbs","FBS Independents",2020,4040874,"Johnny Huntley III",13,5,8,2.6,7.08030987400281,0.544639221077139,1.41606197480056,102,7.84615384615385,20.4,0.538461538461538,9,13,0.692307692307692,2,0,NA,NA,NA,NA,NA,NA,NA,NA,"G5"
"2335","Liberty","fbs","FBS Independents",2020,4044536,"Peytton Pickett",4,4,8,1,-2.59446300219631,-0.648615750549077,-0.648615750549077,10,2.5,2.5,0.25,3,4,0.75,0,0,NA,NA,NA,NA,NA,NA,NA,NA,"G5"
"2335","Liberty","fbs","FBS Independents",2020,4246889,"Michael Bollinger",1,1,8,1,1.9998294590603,1.9998294590603,1.9998294590603,13,13,13,1,1,1,1,1,0,NA,NA,NA,NA,NA,NA,NA,NA,"G5"
"2335","Liberty","fbs","FBS Independents",2020,4246902,"Jerome Jackson",7,7,8,1,7.6685383560264,1.09550547943234,1.09550547943234,62,8.85714285714286,8.85714285714286,1,7,7,1,2,0,NA,NA,NA,NA,NA,NA,NA,NA,"G5"
"2335","Liberty","fbs","FBS Independents",2020,4246920,"DJ Stubbs",31,7,8,4.42857142857143,38.4315550897185,1.23972758353931,5.49022215567407,418,13.4838709677419,59.7142857142857,0.806451612903226,28,31,0.903225806451613,2,0,39,46,13,1,11,125,24,132,"G5"
"2335","Liberty","fbs","FBS Independents",2020,4365473,"Chris Barrett",5,4,8,1.25,2.72255627574586,0.544511255149173,0.680639068936466,24,4.8,6,0.4,4,5,0.8,1,0,NA,NA,NA,NA,NA,NA,NA,NA,"G5"
"2335","Liberty","fbs","FBS Independents",2020,4365477,"Brody Brumm",4,2,8,2,-1.95437082144409,-0.488592705361023,-0.977185410722046,19,4.75,9.5,0.25,3,4,0.75,0,0,NA,NA,NA,NA,NA,NA,NA,NA,"G5"
"2335","Liberty","fbs","FBS Independents",2020,4365484,"Noah Frith",16,4,8,4,20.0267723230598,1.25167327019124,5.00669308076496,175,10.9375,43.75,0.75,12,16,0.75,2,0,181,55,11,7,180,410.5,105.5,248,"G5"
"2335","Liberty","fbs","FBS Independents",2020,4365503,"Kevin Shaa",29,8,8,3.625,20.7005381149053,0.713811659134664,2.58756726436316,278,9.58620689655172,34.75,0.655172413793103,20,29,0.689655172413793,3,0,173,233,125,60,307,248,182,341.5,"G5"
"2335","Liberty","fbs","FBS Independents",2020,4427095,"Demario Douglas",29,7,8,4.14285714285714,14.3095047700547,0.493431198967404,2.04421496715068,272,9.37931034482759,38.8571428571429,0.517241379310345,21,29,0.724137931034483,1,1,257,296,265,311.5,225.5,255,191,292,"G5"
"2335","Liberty","fbs","FBS Independents",2020,4428955,"CJ Yarbrough",22,5,8,4.4,5.05484615144311,0.229765734156505,1.01096923028862,180,8.18181818181818,36,0.454545454545455,11,22,0.5,1,0,443,427,435,452,592,397.5,299,325.5,"G5"
"2335","Liberty","fbs","FBS Independents",2020,4430049,"Shedro Louis",7,4,8,1.75,-1.23994671697725,-0.177135245282464,-0.309986679244313,48,6.85714285714286,12,0.571428571428571,5,7,0.714285714285714,0,0,NA,NA,NA,NA,NA,NA,NA,NA,"G5"
"2335","Liberty","fbs","FBS Independents",2020,4689606,"Trevor Hobbs",1,1,8,1,2.81344010130479,2.81344010130479,2.81344010130479,28,28,28,1,1,1,1,0,0,NA,NA,NA,NA,NA,NA,NA,NA,"G5"
"2335","Liberty","fbs","FBS Independents",2020,4689609,"Jaivian Lofton",3,2,8,1.5,0.520472227955362,0.173490742651787,0.260236113977681,42,14,21,0.333333333333333,2,3,0.666666666666667,0,0,NA,NA,NA,NA,NA,NA,NA,NA,"G5"
"2348","Louisiana Tech","fbs","Conference USA",2020,4038532,"Isaiah Graham",31,7,8,4.42857142857143,5.86793926510238,0.189288363390399,0.838277037871769,163,5.25806451612903,23.2857142857143,0.387096774193548,14,31,0.451612903225806,1,0,424,446,453,554,607,427.5,548,489,"G5"
"2348","Louisiana Tech","fbs","Conference USA",2020,4040434,"Israel Tucker",13,6,8,2.16666666666667,0.799528377645238,0.0615021828957875,0.13325472960754,51,3.92307692307692,8.5,0.384615384615385,9,13,0.692307692307692,0,0,NA,NA,NA,NA,NA,NA,NA,NA,"G5"
"2348","Louisiana Tech","fbs","Conference USA",2020,4052236,"Adrian Hardy",50,6,8,8.33333333333333,16.8281251968863,0.336562503937727,2.80468753281439,371,7.42,61.8333333333333,0.44,29,50,0.58,4,0,221,204,360,476.5,530,159,380,121.5,"G5"
"2348","Louisiana Tech","fbs","Conference USA",2020,4052238,"Cee Jay Powell",44,8,8,5.5,-3.93486504113622,-0.0894287509349142,-0.491858130142028,256,5.81818181818182,32,0.454545454545455,31,44,0.704545454545455,0,1,584,575,566,452,273.5,277.5,516.5,378.5,"G5"
"2348","Louisiana Tech","fbs","Conference USA",2020,4239691,"Griffin Hebert",22,7,8,3.14285714285714,26.1268172665761,1.18758260302619,3.73240246665373,228,10.3636363636364,32.5714285714286,0.727272727272727,17,22,0.772727272727273,3,0,127,126,16,11.5,142,316.5,143,368,"G5"
"2348","Louisiana Tech","fbs","Conference USA",2020,4384192,"Smoke Harris",38,6,8,6.33333333333333,12.32301597653,0.324289894119211,2.05383599608834,255,6.71052631578947,42.5,0.447368421052632,30,38,0.789473684210526,4,0,292,294,369,467,112,279.5,451,257,"G5"
"2348","Louisiana Tech","fbs","Conference USA",2020,4384198,"Justin Henderson",9,4,8,2.25,-1.82130178870439,-0.202366865411599,-0.455325447176097,36,4,9,0.444444444444444,9,9,1,0,1,NA,NA,NA,NA,NA,NA,NA,NA,"G5"
"2348","Louisiana Tech","fbs","Conference USA",2020,4384204,"Jacob Adams",3,3,8,1,4.67188447502175,1.55729482500725,1.55729482500725,18,6,6,0.666666666666667,3,3,1,1,0,NA,NA,NA,NA,NA,NA,NA,NA,"G5"
"2348","Louisiana Tech","fbs","Conference USA",2020,4384210,"Wayne Toussant",14,6,8,2.33333333333333,3.83545601498639,0.273961143927599,0.639242669164398,91,6.5,15.1666666666667,0.357142857142857,10,14,0.714285714285714,0,0,NA,NA,NA,NA,NA,NA,NA,NA,"G5"
"2348","Louisiana Tech","fbs","Conference USA",2020,4384211,"Tahj Magee",3,2,8,1.5,-0.936394409435005,-0.312131469811668,-0.468197204717502,10,3.33333333333333,5,0.333333333333333,3,3,1,0,0,NA,NA,NA,NA,NA,NA,NA,NA,"G5"
"2348","Louisiana Tech","fbs","Conference USA",2020,4431066,"Harlan Dixon",3,1,8,3,0.880790149030268,0.293596716343423,0.880790149030268,16,5.33333333333333,16,0.666666666666667,3,3,1,0,0,NA,NA,NA,NA,NA,NA,NA,NA,"G5"
"2348","Louisiana Tech","fbs","Conference USA",2020,4569181,"Kyle Maxwell",8,5,8,1.6,6.20658191602475,0.775822739503094,1.24131638320495,75,9.375,15,0.75,7,8,0.875,1,0,NA,NA,NA,NA,NA,NA,NA,NA,"G5"
"2348","Louisiana Tech","fbs","Conference USA",2020,4577726,"Jawaun Johnson",12,4,8,3,3.49118998114511,0.290932498428759,0.872797495286278,114,9.5,28.5,0.583333333333333,11,12,0.916666666666667,1,0,NA,NA,NA,NA,NA,NA,NA,NA,"G5"
"2348","Louisiana Tech","fbs","Conference USA",2020,4690939,"Greg Garner",3,2,8,1.5,-2.3783306926484,-0.792776897549468,-1.1891653463242,2,0.666666666666667,1,0,2,3,0.666666666666667,0,0,NA,NA,NA,NA,NA,NA,NA,NA,"G5"
"235","Memphis","fbs","American Athletic",2020,3893630,"Brady White",2,2,9,1,8.17060569445369,4.08530284722684,4.08530284722684,99,49.5,49.5,1,2,2,1,1,0,NA,NA,NA,NA,NA,NA,NA,NA,"G5"
"235","Memphis","fbs","American Athletic",2020,4039357,"Sean Dykes",52,9,9,5.77777777777778,47.1738692327416,0.907189792937338,5.24154102586017,531,10.2115384615385,59,0.615384615384615,42,52,0.807692307692308,7,0,18,49,49,101.5,91.5,65,146,138,"G5"
"235","Memphis","fbs","American Athletic",2020,4064980,"Damonte Coxie",25,2,9,12.5,6.84703898738265,0.273881559495306,3.42351949369133,187,7.48,93.5,0.56,16,25,0.64,1,0,406,143,401,206.5,429.5,388,377,30,"G5"
"235","Memphis","fbs","American Athletic",2020,4243365,"Timothy Taylor",2,2,9,1,0.802310704411266,0.401155352205633,0.401155352205633,15,7.5,7.5,0.5,2,2,1,0,0,NA,NA,NA,NA,NA,NA,NA,NA,"G5"
"235","Memphis","fbs","American Athletic",2020,4243369,"Marquavius Weaver",2,2,9,1,-1.55399114693734,-0.77699557346867,-0.77699557346867,8,4,4,0,1,2,0.5,0,0,NA,NA,NA,NA,NA,NA,NA,NA,"G5"
"235","Memphis","fbs","American Athletic",2020,4243389,"Calvin Austin III",93,9,9,10.3333333333333,43.6688290985648,0.469557302135105,4.85209212206275,852,9.16129032258065,94.6666666666667,0.440860215053763,50,93,0.537634408602151,10,1,25,61,277,475,571,11,212,29,"G5"
"235","Memphis","fbs","American Athletic",2020,4250967,"Kylan Watkins",26,8,9,3.25,4.18890591455036,0.161111765944245,0.523613239318795,154,5.92307692307692,19.25,0.423076923076923,22,26,0.846153846153846,1,0,460,487,465,499.5,43.5,449,511,549,"G5"
"235","Memphis","fbs","American Athletic",2020,4361333,"Asa Martin",8,4,9,2,7.56132587313179,0.945165734141474,1.89033146828295,83,10.375,20.75,0.75,7,8,0.875,0,0,NA,NA,NA,NA,NA,NA,NA,NA,"G5"
"235","Memphis","fbs","American Athletic",2020,4371745,"Kameron Wilson",7,5,9,1.4,6.30558655564962,0.900798079378517,1.26111731112992,71,10.1428571428571,14.2,0.857142857142857,7,7,1,1,0,NA,NA,NA,NA,NA,NA,NA,NA,"G5"
"235","Memphis","fbs","American Athletic",2020,4371758,"Jeremy Tate Jr.",2,2,9,1,0.361241358668139,0.18062067933407,0.18062067933407,12,6,6,1,2,2,1,0,0,NA,NA,NA,NA,NA,NA,NA,NA,"G5"
"235","Memphis","fbs","American Athletic",2020,4430372,"Khi Mathieu",1,1,9,1,0.527570503361784,0.527570503361784,0.527570503361784,10,10,10,1,1,1,1,0,0,NA,NA,NA,NA,NA,NA,NA,NA,"G5"
"235","Memphis","fbs","American Athletic",2020,4567506,"Tahj Washington",55,9,9,6.11111111111111,23.3992127406139,0.425440231647526,2.59991252673488,487,8.85454545454546,54.1111111111111,0.472727272727273,33,55,0.6,4,1,147,231,303,419,504,79,234,164,"G5"
"235","Memphis","fbs","American Athletic",2020,4567507,"Rodrigues Clark",10,6,9,1.66666666666667,-2.683694428155,-0.2683694428155,-0.4472824046925,40,4,6.66666666666667,0.3,8,10,0.8,0,0,NA,NA,NA,NA,NA,NA,NA,NA,"G5"
"235","Memphis","fbs","American Athletic",2020,4567525,"Javon Ivory",30,7,9,4.28571428571429,4.6883449071909,0.15627816357303,0.669763558170128,230,7.66666666666667,32.8571428571429,0.466666666666667,16,30,0.533333333333333,2,0,449,474,470,429.5,574.5,313.5,360,364,"G5"
"235","Memphis","fbs","American Athletic",2020,4567527,"Tyler Moore",1,1,9,1,0.48867355532588,0.48867355532588,0.48867355532588,7,7,7,1,1,1,1,0,0,NA,NA,NA,NA,NA,NA,NA,NA,"G5"
"235","Memphis","fbs","American Athletic",2020,4687509,"Caden Prieskorn",4,1,9,4,1.62817321008499,0.407043302521248,1.62817321008499,33,8.25,33,0.75,3,4,0.75,0,0,NA,NA,NA,NA,NA,NA,NA,NA,"G5"
"238","Vanderbilt","fbs","SEC",2020,4035284,"Jamauri Wakefield",5,3,9,1.66666666666667,2.6466298930788,0.52932597861576,0.8822099643596,16,3.2,5.33333333333333,0.6,5,5,1,0,0,NA,NA,NA,NA,NA,NA,NA,NA,"P5"
"238","Vanderbilt","fbs","SEC",2020,4038431,"Tyrell Alexander",4,3,9,1.33333333333333,-0.158955447829682,-0.0397388619574205,-0.0529851492765607,11,2.75,3.66666666666667,0.5,2,4,0.5,0,0,NA,NA,NA,NA,NA,NA,NA,NA,"P5"
"238","Vanderbilt","fbs","SEC",2020,4242648,"James Bostic",2,1,9,2,-0.0295669505022256,-0.0147834752511128,-0.0295669505022256,0,0,0,0.5,1,2,0.5,0,0,NA,NA,NA,NA,NA,NA,NA,NA,"P5"
"238","Vanderbilt","fbs","SEC",2020,4242657,"Grant Miller",1,1,9,1,-1.48484917080579,-1.48484917080579,-1.48484917080579,-8,-8,-8,0,1,1,1,0,0,NA,NA,NA,NA,NA,NA,NA,NA,"P5"
"238","Vanderbilt","fbs","SEC",2020,4242661,"Chris Pierce",46,8,9,5.75,2.40322541631715,0.0522440307895032,0.300403177039643,251,5.45652173913043,31.375,0.434782608695652,23,46,0.5,3,0,497,511,522,485.5,592,288,537,390,"P5"
"238","Vanderbilt","fbs","SEC",2020,4362785,"Amir Abdur-Rahman",36,7,9,5.14285714285714,26.6557381151481,0.740437169865226,3.8079625878783,404,11.2222222222222,57.7142857142857,0.666666666666667,26,36,0.722222222222222,1,1,117,122,101,47,231,134.5,89,141,"P5"
"238","Vanderbilt","fbs","SEC",2020,4362788,"Ben Bresnahan",27,6,9,4.5,20.2396071426587,0.749615079357729,3.37326785710978,227,8.40740740740741,37.8333333333333,0.555555555555556,22,27,0.814814814814815,3,0,176,147,93,215.5,81.5,319,272,303,"P5"
"238","Vanderbilt","fbs","SEC",2020,4362794,"Cam Johnson",67,9,9,7.44444444444444,51.8836359039934,0.774382625432738,5.76484843377705,434,6.47761194029851,48.2222222222222,0.656716417910448,55,67,0.82089552238806,3,1,13,37,84,57,67,108.5,470,211,"P5"
"238","Vanderbilt","fbs","SEC",2020,4362796,"Ja'Veon Marlow",5,3,9,1.66666666666667,-5.27709510309967,-1.05541902061993,-1.75903170103322,-3,-0.6,-1,0.2,4,5,0.8,0,0,NA,NA,NA,NA,NA,NA,NA,NA,"P5"
"238","Vanderbilt","fbs","SEC",2020,4372554,"Mitchell Pryor",5,4,9,1.25,-1.43109706701539,-0.286219413403078,-0.357774266753848,22,4.4,5.5,0.4,3,5,0.6,0,0,NA,NA,NA,NA,NA,NA,NA,NA,"P5"
"238","Vanderbilt","fbs","SEC",2020,4431375,"Ken Seals",2,1,9,2,9.19040028463093,4.59520014231547,9.19040028463093,74,37,74,1,2,2,1,2,0,NA,NA,NA,NA,NA,NA,NA,NA,"P5"
"238","Vanderbilt","fbs","SEC",2020,4433827,"Rocko Griffin",3,2,9,1.5,-1.21043383712309,-0.403477945707698,-0.605216918561547,0,0,0,0.333333333333333,2,3,0.666666666666667,0,0,NA,NA,NA,NA,NA,NA,NA,NA,"P5"
"238","Vanderbilt","fbs","SEC",2020,4567543,"Justin Ball",1,1,9,1,-0.66827673359671,-0.66827673359671,-0.66827673359671,-3,-3,-3,0,1,1,1,0,0,NA,NA,NA,NA,NA,NA,NA,NA,"P5"
"238","Vanderbilt","fbs","SEC",2020,4567545,"Jayden Harrison",7,7,9,1,-2.64494324966652,-0.377849035666646,-0.377849035666646,29,4.14285714285714,4.14285714285714,0.285714285714286,6,7,0.857142857142857,0,0,NA,NA,NA,NA,NA,NA,NA,NA,"P5"
"238","Vanderbilt","fbs","SEC",2020,4608679,"Will Sheppard",2,2,9,1,1.75126241656595,0.875631208282973,0.875631208282973,30,15,15,1,2,2,1,0,0,NA,NA,NA,NA,NA,NA,NA,NA,"P5"
"238","Vanderbilt","fbs","SEC",2020,4697993,"Rocko Griffin Jr.",1,1,9,1,-1.33245870999428,-1.33245870999428,-1.33245870999428,0,0,0,0,0,1,0,0,0,NA,NA,NA,NA,NA,NA,NA,NA,"P5"
"239","Baylor","fbs","Big 12",2020,4035390,"Jared Atkinson",3,2,9,1.5,2.61311597010396,0.871038656701321,1.30655798505198,68,22.6666666666667,34,0.666666666666667,2,3,0.666666666666667,0,0,NA,NA,NA,NA,NA,NA,NA,NA,"P5"
"239","Baylor","fbs","Big 12",2020,4241225,"R.J. Sneed",62,9,9,6.88888888888889,37.2261359257024,0.600421547188748,4.13623732507804,497,8.01612903225806,55.2222222222222,0.483870967741935,39,62,0.629032258064516,3,0,45,99,191,390.5,457,75,315,156,"P5"
"239","Baylor","fbs","Big 12",2020,4259169,"Trestan Ebner",30,9,9,3.33333333333333,16.643129226382,0.554770974212732,1.84923658070911,299,9.96666666666667,33.2222222222222,0.466666666666667,26,30,0.866666666666667,3,0,222,316,219,429.5,33.5,225.5,158,360,"P5"
"239","Baylor","fbs","Big 12",2020,4259173,"Tyler Henderson",5,2,9,2.5,-2.58004228539262,-0.516008457078523,-1.29002114269631,22,4.4,11,0.2,4,5,0.8,0,0,NA,NA,NA,NA,NA,NA,NA,NA,"P5"
"239","Baylor","fbs","Big 12",2020,4259174,"Gavin Holmes",45,9,9,5,4.2522645722016,0.0944947682711467,0.472473841355734,244,5.42222222222222,27.1111111111111,0.377777777777778,33,45,0.733333333333333,1,0,457,492,503,559,209,295.5,538,439.5,"P5"
"239","Baylor","fbs","Big 12",2020,4259180,"John Lovett",9,4,9,2.25,0.867819467003567,0.0964243852226186,0.216954866750892,49,5.44444444444444,12.25,0.444444444444444,9,9,1,1,0,NA,NA,NA,NA,NA,NA,NA,NA,"P5"
"239","Baylor","fbs","Big 12",2020,4362921,"Tyquan Thornton",30,4,9,7.5,2.91051620671602,0.0970172068905341,0.727629051679006,158,5.26666666666667,39.5,0.366666666666667,16,30,0.533333333333333,1,0,486,465,499,566,574.5,441.5,547,286,"P5"
"239","Baylor","fbs","Big 12",2020,4362923,"Christoph Henle",1,1,9,1,-0.257254971855885,-0.257254971855885,-0.257254971855885,4,4,4,0,1,1,1,0,0,NA,NA,NA,NA,NA,NA,NA,NA,"P5"
"239","Baylor","fbs","Big 12",2020,4373016,"Josh Fleeks",28,7,9,4,3.80040843286518,0.135728872602328,0.542915490409312,181,6.46428571428571,25.8571428571429,0.5,21,28,0.75,1,0,468,485,481,353.5,180,396,475,458,"P5"
"239","Baylor","fbs","Big 12",2020,4373030,"Ben Sims",18,5,9,3.6,8.20410562519882,0.455783645844379,1.64082112503976,139,7.72222222222222,27.8,0.722222222222222,13,18,0.722222222222222,2,0,377,343,287,13.5,231,467.5,352,427,"P5"
"239","Baylor","fbs","Big 12",2020,4427144,"Jaylen Ellis",4,2,9,2,0.271664460908805,0.0679161152272011,0.135832230454402,41,10.25,20.5,0.25,2,4,0.5,0,0,NA,NA,NA,NA,NA,NA,NA,NA,"P5"
"239","Baylor","fbs","Big 12",2020,4428640,"Yusuf Terry",11,3,9,3.66666666666667,1.51700339868536,0.137909399880487,0.505667799561786,69,6.27272727272727,23,0.454545454545455,6,11,0.545454545454545,0,0,NA,NA,NA,NA,NA,NA,NA,NA,"P5"
"239","Baylor","fbs","Big 12",2020,4429466,"Drake Dabney",6,2,9,3,4.40034362530772,0.733390604217953,2.20017181265386,57,9.5,28.5,0.666666666666667,6,6,1,1,0,NA,NA,NA,NA,NA,NA,NA,NA,"P5"
"239","Baylor","fbs","Big 12",2020,4571875,"Qualan Jones",17,3,9,5.66666666666667,-0.46192225663087,-0.0271718974488747,-0.153974085543623,57,3.35294117647059,19,0.352941176470588,14,17,0.823529411764706,0,0,545,547,545,574.5,62.5,608.5,612,551,"P5"
"239","Baylor","fbs","Big 12",2020,4571877,"Jacoby Clarke",2,1,9,2,-1.22440934114594,-0.612204670572969,-1.22440934114594,2,1,2,0,2,2,1,0,0,NA,NA,NA,NA,NA,NA,NA,NA,"P5"
"239","Baylor","fbs","Big 12",2020,4571880,"Jonah White",11,1,9,11,1.12352895968321,0.102138996334837,1.12352895968321,63,5.72727272727273,63,0.545454545454545,9,11,0.818181818181818,0,0,NA,NA,NA,NA,NA,NA,NA,NA,"P5"
"2390","Miami","fbs","ACC",2020,4039300,"D'Eriq King",1,1,10,1,-2.11679912390325,-2.11679912390325,-2.11679912390325,1,1,1,0,1,1,1,0,0,NA,NA,NA,NA,NA,NA,NA,NA,"P5"
"2390","Miami","fbs","ACC",2020,4240625,"Mike Harley",74,10,10,7.4,53.3290572912495,0.720662936368237,5.33290572912495,730,9.86486486486486,73,0.567567567567568,49,74,0.662162162162162,6,0,11,48,119,193.5,384,23,165,69.5,"P5"
"2390","Miami","fbs","ACC",2020,4240636,"Robert Burns",2,2,10,1,1.47282762775014,0.736413813875068,0.736413813875068,26,13,13,1,2,2,1,0,0,NA,NA,NA,NA,NA,NA,NA,NA,"P5"
"2390","Miami","fbs","ACC",2020,4240638,"Marshall Few",3,2,10,1.5,-1.55474926642748,-0.518249755475827,-0.777374633213741,12,4,6,0.333333333333333,2,3,0.666666666666667,0,0,NA,NA,NA,NA,NA,NA,NA,NA,"P5"
"2390","Miami","fbs","ACC",2020,4362499,"Mark Pope",55,9,10,6.11111111111111,14.0990729125435,0.256346780228063,1.56656365694928,389,7.07272727272727,43.2222222222222,0.418181818181818,31,55,0.563636363636364,2,1,262,349,413,509,551,146.5,416,253,"P5"
"2390","Miami","fbs","ACC",2020,4362503,"Dee Wiggins",44,8,10,5.5,17.455130377439,0.396707508578159,2.18189129717988,351,7.97727272727273,43.875,0.5,30,44,0.681818181818182,3,0,210,279,323,353.5,333.5,177,326,244,"P5"
"2390","Miami","fbs","ACC",2020,4362504,"Brevin Jordan",39,7,10,5.57142857142857,44.057046205881,1.12966785143285,6.29386374369729,480,12.3076923076923,68.5714285714286,0.58974358974359,30,39,0.769230769230769,5,0,23,31,20,153,147,81.5,52,91,"P5"
"2390","Miami","fbs","ACC",2020,4362509,"Cam'Ron Harris",19,9,10,2.11111111111111,-4.34434560822368,-0.228649768853878,-0.482705067580409,93,4.89473684210526,10.3333333333333,0.368421052631579,16,19,0.842105263157895,1,1,589,574,597,564.5,46,557,568,612,"P5"
"2390","Miami","fbs","ACC",2020,4362523,"Will Mallory",22,9,10,2.44444444444444,25.8064247513969,1.17301930688168,2.86738052793299,262,11.9090909090909,29.1111111111111,0.681818181818182,18,22,0.818181818181818,4,0,128,199,17,32,72.5,269,63.5,417,"P5"
"2390","Miami","fbs","ACC",2020,4426361,"Jeremiah Payton",8,4,10,2,-2.91122283051321,-0.363902853814151,-0.727805707628302,35,4.375,8.75,0.375,5,8,0.625,0,0,NA,NA,NA,NA,NA,NA,NA,NA,"P5"
"2390","Miami","fbs","ACC",2020,4427491,"Larry Hodges",1,1,10,1,-0.668765182099204,-0.668765182099204,-0.668765182099204,-2,-2,-2,0,1,1,1,0,0,NA,NA,NA,NA,NA,NA,NA,NA,"P5"
"2390","Miami","fbs","ACC",2020,4429043,"Jaylan Knighton",12,5,10,2.4,2.85127024518629,0.237605853765524,0.570254049037258,135,11.25,27,0.416666666666667,11,12,0.916666666666667,1,0,NA,NA,NA,NA,NA,NA,NA,NA,"P5"
"2390","Miami","fbs","ACC",2020,4431353,"Xavier Restrepo",2,1,10,2,-0.813912500161053,-0.406956250080526,-0.813912500161053,12,6,12,0.5,1,2,0.5,0,0,NA,NA,NA,NA,NA,NA,NA,NA,"P5"
"2390","Miami","fbs","ACC",2020,4607419,"Keyshawn Smith",4,2,10,2,2.96605433676755,0.741513584191888,1.48302716838378,58,14.5,29,0.5,2,4,0.5,0,0,NA,NA,NA,NA,NA,NA,NA,NA,"P5"
"2390","Miami","fbs","ACC",2020,4685184,"Donald Chaney Jr.",10,6,10,1.66666666666667,1.0855973076187,0.10855973076187,0.180932884603117,99,9.9,16.5,0.4,8,10,0.8,0,0,NA,NA,NA,NA,NA,NA,NA,NA,"P5"
"2390","Miami","fbs","ACC",2020,4685188,"Michael Redding III",5,1,10,5,1.76892584643634,0.353785169287269,1.76892584643634,13,2.6,13,0.4,2,5,0.4,1,0,NA,NA,NA,NA,NA,NA,NA,NA,"P5"
"2393","Middle Tennessee","fbs","Conference USA",2020,4037377,"CJ Windham",48,7,9,6.85714285714286,8.68496779928148,0.180936829151697,1.24070968561164,331,6.89583333333333,47.2857142857143,0.520833333333333,31,48,0.645833333333333,3,0,361,398,454,301,418,190,426,219,"G5"
"2393","Middle Tennessee","fbs","Conference USA",2020,4243955,"Brad Anderson",5,5,9,1,-0.395739553781571,-0.0791479107563141,-0.0791479107563141,51,10.2,10.2,0.6,5,5,1,0,0,NA,NA,NA,NA,NA,NA,NA,NA,"G5"
"2393","Middle Tennessee","fbs","Conference USA",2020,4243966,"Chaton Mobley",10,6,9,1.66666666666667,4.63246140756646,0.463246140756645,0.772076901261076,46,4.6,7.66666666666667,0.5,8,10,0.8,2,0,NA,NA,NA,NA,NA,NA,NA,NA,"G5"
"2393","Middle Tennessee","fbs","Conference USA",2020,4243975,"Jimmy Marshall",14,5,9,2.8,0.320231637015484,0.0228736883582489,0.0640463274030969,63,4.5,12.6,0.428571428571429,8,14,0.571428571428571,0,0,NA,NA,NA,NA,NA,NA,NA,NA,"G5"
"2393","Middle Tennessee","fbs","Conference USA",2020,4262016,"Yusuf Ali",46,7,9,6.57142857142857,35.5033210974699,0.771811328205868,5.07190301392428,457,9.93478260869565,65.2857142857143,0.717391304347826,37,46,0.804347826086957,2,0,55,53,86,16,95,96,161,102,"G5"
"2393","Middle Tennessee","fbs","Conference USA",2020,4360119,"Joseph Sewell",1,1,9,1,-0.644472720285674,-0.644472720285674,-0.644472720285674,8,8,8,0,1,1,1,0,0,NA,NA,NA,NA,NA,NA,NA,NA,"G5"
"2393","Middle Tennessee","fbs","Conference USA",2020,4360835,"Will Gilchrist",1,1,9,1,-1.57954176931267,-1.57954176931267,-1.57954176931267,21,21,21,0,1,1,1,0,1,NA,NA,NA,NA,NA,NA,NA,NA,"G5"
"2393","Middle Tennessee","fbs","Conference USA",2020,4374350,"Asher O'Hara",1,1,9,1,1.13796076007796,1.13796076007796,1.13796076007796,6,6,6,1,1,1,1,0,0,NA,NA,NA,NA,NA,NA,NA,NA,"G5"
"2393","Middle Tennessee","fbs","Conference USA",2020,4428680,"Marquel Tinsley",13,3,9,4.33333333333333,-10.9092815511888,-0.839175503937598,-3.63642718372959,69,5.30769230769231,23,0.230769230769231,6,13,0.461538461538462,0,1,NA,NA,NA,NA,NA,NA,NA,NA,"G5"
"2393","Middle Tennessee","fbs","Conference USA",2020,4570491,"Jayy McDonald",13,6,9,2.16666666666667,-2.07673257273306,-0.159748659441005,-0.34612209545551,55,4.23076923076923,9.16666666666667,0.230769230769231,9,13,0.692307692307692,0,0,NA,NA,NA,NA,NA,NA,NA,NA,"G5"
"2393","Middle Tennessee","fbs","Conference USA",2020,4570497,"Jarrin Pierce",75,9,9,8.33333333333333,28.5121684451993,0.380162245935991,3.16801871613326,584,7.78666666666667,64.8888888888889,0.56,59,75,0.786666666666667,3,0,98,169,331,206.5,116,51.5,340,107,"G5"
"2393","Middle Tennessee","fbs","Conference USA",2020,4575508,"DJ England-Chisolm",17,7,9,2.42857142857143,15.0169440642593,0.88334965083878,2.14527772346561,172,10.1176470588235,24.5714285714286,0.647058823529412,14,17,0.823529411764706,2,0,245,287,56,70.5,62.5,417,149,472,"G5"
"2393","Middle Tennessee","fbs","Conference USA",2020,4585553,"Jamichael Thompson",8,4,9,2,1.6581053533358,0.207263169166975,0.41452633833395,68,8.5,17,0.5,6,8,0.75,0,0,NA,NA,NA,NA,NA,NA,NA,NA,"G5"
"2393","Middle Tennessee","fbs","Conference USA",2020,4602667,"Jaylin Lane",17,7,9,2.42857142857143,8.0323311620724,0.4724900683572,1.14747588029606,122,7.17647058823529,17.4285714285714,0.529411764705882,13,17,0.764705882352941,1,0,382,412,276,280,152,497,407,567,"G5"
"2393","Middle Tennessee","fbs","Conference USA",2020,4686513,"Frank Peasant",4,4,9,1,-3.10007643683534,-0.775019109208835,-0.775019109208835,2,0.5,0.5,0,3,4,0.75,0,0,NA,NA,NA,NA,NA,NA,NA,NA,"G5"
"2393","Middle Tennessee","fbs","Conference USA",2020,4689976,"Landon Burrell",2,1,9,2,0.3953148657972,0.1976574328986,0.3953148657972,7,3.5,7,0.5,2,2,1,0,0,NA,NA,NA,NA,NA,NA,NA,NA,"G5"
"24","Stanford","fbs","Pac-12",2020,4044436,"Scooter Harrington",6,3,5,2,2.0606789890766,0.343446498179433,0.686892996358866,28,4.66666666666667,9.33333333333333,0.5,4,6,0.666666666666667,2,0,NA,NA,NA,NA,NA,NA,NA,NA,"P5"
"24","Stanford","fbs","Pac-12",2020,4242545,"Connor Wedington",19,3,5,6.33333333333333,8.03042832493108,0.422654122364794,2.67680944164369,159,8.36842105263158,53,0.684210526315789,15,19,0.789473684210526,0,0,383,219,306,30.5,112,438,280.5,175,"P5"
"24","Stanford","fbs","Pac-12",2020,4242551,"Houston Heimuli",1,1,5,1,0.348397566778634,0.348397566778634,0.348397566778634,7,7,7,1,1,1,1,0,0,NA,NA,NA,NA,NA,NA,NA,NA,"P5"
"24","Stanford","fbs","Pac-12",2020,4242556,"Osiris St. Brown",1,1,5,1,0.569845547971502,0.569845547971502,0.569845547971502,7,7,7,1,1,1,1,0,0,NA,NA,NA,NA,NA,NA,NA,NA,"P5"
"24","Stanford","fbs","Pac-12",2020,4242558,"Tucker Fisk",5,4,5,1.25,4.60439667224156,0.920879334448313,1.15109916806039,34,6.8,8.5,0.8,5,5,1,1,1,NA,NA,NA,NA,NA,NA,NA,NA,"P5"
"24","Stanford","fbs","Pac-12",2020,4360739,"Simi Fehoko",36,5,5,7.2,20.6992516847805,0.574979213466124,4.1398503369561,354,9.83333333333333,70.8,0.527777777777778,21,36,0.583333333333333,0,0,174,98,209,284.5,526,175,167,78,"P5"
"24","Stanford","fbs","Pac-12",2020,4360742,"Jay Symonds",1,1,5,1,-0.422733826864473,-0.422733826864473,-0.422733826864473,2,2,2,0,1,1,1,0,0,NA,NA,NA,NA,NA,NA,NA,NA,"P5"
"24","Stanford","fbs","Pac-12",2020,4360761,"Michael Wilson",23,4,5,5.75,18.5362847780399,0.805925425132168,4.63407119450997,243,10.5652173913043,60.75,0.608695652173913,18,23,0.782608695652174,1,0,202,73,70,111.5,123.5,298,130,127,"P5"
"24","Stanford","fbs","Pac-12",2020,4360763,"Brycen Tremayne",12,4,5,3,13.1784505803478,1.09820421502898,3.29461264508695,177,14.75,44.25,0.666666666666667,10,12,0.833333333333333,0,0,277,155,25,47,52,403.5,13,241,"P5"
"24","Stanford","fbs","Pac-12",2020,4426844,"Elijah Higgins",14,3,5,4.66666666666667,2.28198452074442,0.162998894338887,0.760661506914808,119,8.5,39.6666666666667,0.571428571428571,11,14,0.785714285714286,0,0,500,460,463,184,118,503.5,262,284,"P5"
"24","Stanford","fbs","Pac-12",2020,4428211,"Nathaniel Peat",3,3,5,1,-2.92144491541806,-0.97381497180602,-0.97381497180602,0,0,0,0,0,3,0,0,0,NA,NA,NA,NA,NA,NA,NA,NA,"P5"
"24","Stanford","fbs","Pac-12",2020,4429151,"John Humphreys",6,3,5,2,1.5457631188897,0.257627186481616,0.515254372963232,43,7.16666666666667,14.3333333333333,0.5,3,6,0.5,0,0,NA,NA,NA,NA,NA,NA,NA,NA,"P5"
"24","Stanford","fbs","Pac-12",2020,4430825,"E.J. Smith",3,1,5,3,-2.62527817839621,-0.875092726132072,-2.62527817839621,3,1,3,0,2,3,0.666666666666667,0,0,NA,NA,NA,NA,NA,NA,NA,NA,"P5"
"24","Stanford","fbs","Pac-12",2020,4431870,"Casey Filkins",1,1,5,1,-1.6938506708126,-1.6938506708126,-1.6938506708126,-6,-6,-6,0,1,1,1,0,0,NA,NA,NA,NA,NA,NA,NA,NA,"P5"
"24","Stanford","fbs","Pac-12",2020,4569330,"Austin Jones",25,5,5,5,5.97973094378968,0.239189237751587,1.19594618875794,128,5.12,25.6,0.48,18,25,0.72,0,0,421,406,424,398,236,489,557,462.5,"P5"
"242","Rice","fbs","Conference USA",2020,4039154,"Jordan Myers",27,4,5,6.75,17.0432247228613,0.631230545291159,4.26080618071532,209,7.74074074074074,52.25,0.703703703703704,24,27,0.888888888888889,1,0,217,87,166,21.5,19,352.5,345,180,"G5"
"242","Rice","fbs","Conference USA",2020,4244856,"Austin Trammell",19,3,5,6.33333333333333,34.8334719204077,1.83334062738988,11.6111573068026,335,17.6315789473684,111.666666666667,0.789473684210526,16,19,0.842105263157895,6,0,58,2,3,2,46,188,7,13,"G5"
"242","Rice","fbs","Conference USA",2020,4362536,"Robert French",6,2,5,3,-1.8511313351334,-0.308521889188901,-0.925565667566702,23,3.83333333333333,11.5,0.333333333333333,4,6,0.666666666666667,0,0,NA,NA,NA,NA,NA,NA,NA,NA,"G5"
"242","Rice","fbs","Conference USA",2020,4362538,"Juma Otoviano",3,1,5,3,-1.30581116056476,-0.43527038685492,-1.30581116056476,8,2.66666666666667,8,0.333333333333333,1,3,0.333333333333333,0,0,NA,NA,NA,NA,NA,NA,NA,NA,"G5"
"242","Rice","fbs","Conference USA",2020,4362541,"Ari Broussard",1,1,5,1,1.37862307887234,1.37862307887234,1.37862307887234,32,32,32,1,1,1,1,0,0,NA,NA,NA,NA,NA,NA,NA,NA,"G5"
"242","Rice","fbs","Conference USA",2020,4362555,"August Pitre III",3,1,5,3,1.02833725456084,0.342779084853613,1.02833725456084,3,1,3,0.333333333333333,1,3,0.333333333333333,1,0,NA,NA,NA,NA,NA,NA,NA,NA,"G5"
"242","Rice","fbs","Conference USA",2020,4432381,"Andrew Mason",11,4,5,2.75,2.88556669298822,0.262324244817111,0.721391673247054,74,6.72727272727273,18.5,0.363636363636364,6,11,0.545454545454545,0,0,488,466,409,568.5,566.5,585,448,556,"G5"
"242","Rice","fbs","Conference USA",2020,4433828,"Khalan Griffin",5,3,5,1.66666666666667,-2.5333625868956,-0.50667251737912,-0.844454195631866,45,9,15,0.2,3,5,0.6,0,0,NA,NA,NA,NA,NA,NA,NA,NA,"G5"
"242","Rice","fbs","Conference USA",2020,4570190,"Jake Bailey",38,5,5,7.6,3.67007279760879,0.0965808630949682,0.734014559521759,275,7.23684210526316,55,0.5,23,38,0.605263157894737,2,1,472,463,501,353.5,494,252.5,400,158,"G5"
"242","Rice","fbs","Conference USA",2020,4570200,"Jack Bradley",3,2,5,1.5,4.1390779083384,1.3796926361128,2.0695389541692,44,14.6666666666667,22,0.666666666666667,2,3,0.666666666666667,1,0,NA,NA,NA,NA,NA,NA,NA,NA,"G5"
"2426","Navy","fbs","American Athletic",2020,4243712,"CJ Williams",16,6,10,2.66666666666667,3.06002737517047,0.191251710948155,0.510004562528412,80,5,13.3333333333333,0.4375,8,16,0.5,1,0,NA,NA,NA,NA,NA,NA,NA,NA,"G5"
"2426","Navy","fbs","American Athletic",2020,4243713,"Myles Fells",6,5,10,1.2,5.90279192807343,0.983798654678905,1.18055838561469,108,18,21.6,0.333333333333333,3,6,0.5,1,0,NA,NA,NA,NA,NA,NA,NA,NA,"G5"
"2426","Navy","fbs","American Athletic",2020,4243715,"Dalen Morris",1,1,10,1,2.48793853986099,2.48793853986099,2.48793853986099,7,7,7,1,1,1,1,0,0,NA,NA,NA,NA,NA,NA,NA,NA,"G5"
"2426","Navy","fbs","American Athletic",2020,4243755,"Ryan Mitchell",9,4,10,2.25,11.4635910309719,1.27373233677465,2.86589775774297,156,17.3333333333333,39,0.555555555555556,5,9,0.555555555555556,1,0,NA,NA,NA,NA,NA,NA,NA,NA,"G5"
"2426","Navy","fbs","American Athletic",2020,4371852,"Carlinos Acie",2,1,10,2,-0.578064783023179,-0.289032391511589,-0.578064783023179,9,4.5,9,0.5,1,2,0.5,0,0,NA,NA,NA,NA,NA,NA,NA,NA,"G5"
"2426","Navy","fbs","American Athletic",2020,4371854,"Devon High",1,1,10,1,-1.20929553181097,-1.20929553181097,-1.20929553181097,4,4,4,0,1,1,1,0,0,NA,NA,NA,NA,NA,NA,NA,NA,"G5"
"2426","Navy","fbs","American Athletic",2020,4371860,"Jamale Carothers",6,4,10,1.5,12.3451725663407,2.05752876105679,3.08629314158519,103,17.1666666666667,25.75,0.5,4,6,0.666666666666667,1,0,NA,NA,NA,NA,NA,NA,NA,NA,"G5"
"2426","Navy","fbs","American Athletic",2020,4371863,"Chance Warren",10,5,10,2,3.91985560131069,0.391985560131069,0.783971120262139,94,9.4,18.8,0.5,6,10,0.6,0,0,NA,NA,NA,NA,NA,NA,NA,NA,"G5"
"2426","Navy","fbs","American Athletic",2020,4371891,"Mychal Cooper",15,6,10,2.5,21.5080082145528,1.43386721430352,3.58466803575879,199,13.2666666666667,33.1666666666667,0.666666666666667,12,15,0.8,2,0,NA,NA,NA,NA,NA,NA,NA,NA,"G5"
"2426","Navy","fbs","American Athletic",2020,4568528,"Devin Mathews",7,2,10,3.5,-2.11708420962659,-0.302440601375227,-1.05854210481329,39,5.57142857142857,19.5,0.285714285714286,3,7,0.428571428571429,0,0,NA,NA,NA,NA,NA,NA,NA,NA,"G5"
"2426","Navy","fbs","American Athletic",2020,4568551,"Mark Walker",20,8,10,2.5,9.0300005802358,0.45150002901179,1.12875007252948,175,8.75,21.875,0.6,13,20,0.65,0,0,347,415,290,136.5,404.5,410.5,242,518,"G5"
"2429","Charlotte","fbs","Conference USA",2020,4039467,"Tre Harbison",4,3,6,1.33333333333333,-4.33270148561113,-1.08317537140278,-1.44423382853704,14,3.5,4.66666666666667,0.25,1,4,0.25,0,0,NA,NA,NA,NA,NA,NA,NA,NA,"G5"
"2429","Charlotte","fbs","Conference USA",2020,4040821,"Tyler Ringwood",14,4,6,3.5,10.3217006268922,0.737264330492297,2.58042515672304,128,9.14285714285714,32,0.571428571428571,9,14,0.642857142857143,0,0,323,234,102,184,424,489,214,378.5,"G5"
"2429","Charlotte","fbs","Conference USA",2020,4045696,"Ryan Carriere",6,3,6,2,-1.39210189425275,-0.232016982375458,-0.464033964750917,19,3.16666666666667,6.33333333333333,0.166666666666667,4,6,0.666666666666667,0,0,NA,NA,NA,NA,NA,NA,NA,NA,"G5"
"2429","Charlotte","fbs","Conference USA",2020,4045705,"Aaron McAllister",11,5,6,2.2,-0.556301614401028,-0.0505728740364571,-0.111260322880206,90,8.18181818181818,18,0.272727272727273,6,11,0.545454545454545,1,0,NA,NA,NA,NA,NA,NA,NA,NA,"G5"
"2429","Charlotte","fbs","Conference USA",2020,4259268,"Victor Tucker",44,6,6,7.33333333333333,26.3308566503477,0.598428560235174,4.38847610839128,400,9.09090909090909,66.6666666666667,0.613636363636364,30,44,0.681818181818182,2,0,123,81,194,103,333.5,138.5,218,99,"G5"
"2429","Charlotte","fbs","Conference USA",2020,4259269,"Chris Reynolds",1,1,6,1,2.16508543997455,2.16508543997455,2.16508543997455,18,18,18,1,1,1,1,1,0,NA,NA,NA,NA,NA,NA,NA,NA,"G5"
"2429","Charlotte","fbs","Conference USA",2020,4259270,"Cameron Dollar",16,4,6,4,15.5742078534728,0.973387990842047,3.89355196336819,178,11.125,44.5,0.625,10,16,0.625,3,0,241,117,38,93.5,464,401,96,239,"G5"
"2429","Charlotte","fbs","Conference USA",2020,4360522,"Rico Arnold",6,3,6,2,-0.731445385716459,-0.121907564286076,-0.243815128572153,36,6,12,0.5,3,6,0.5,0,0,NA,NA,NA,NA,NA,NA,NA,NA,"G5"
"2429","Charlotte","fbs","Conference USA",2020,4429562,"Micaleous Elder",35,6,6,5.83333333333333,7.28232801125807,0.208066514607374,1.21372133520968,263,7.51428571428571,43.8333333333333,0.457142857142857,22,35,0.628571428571429,2,1,397,402,445,448,458,267.5,372,245,"G5"
"2429","Charlotte","fbs","Conference USA",2020,4608450,"Taylor Thompson",15,5,6,3,14.991549317604,0.999436621173597,2.99830986352079,190,12.6666666666667,38,0.6,12,15,0.8,1,0,246,181,33,136.5,99,379,43,301,"G5"
"2433","UL Monroe","fbs","Sun Belt",2020,4036592,"Tyler Lamm",14,5,10,2.8,10.8857713536815,0.777555096691534,2.1771542707363,112,8,22.4,0.571428571428571,12,14,0.857142857142857,0,0,NA,NA,NA,NA,NA,NA,NA,NA,"G5"
"2433","UL Monroe","fbs","Sun Belt",2020,4036595,"Josh Pederson",51,10,10,5.1,12.7774792221223,0.250538808276907,1.27774792221222,367,7.19607843137255,36.7,0.450980392156863,32,51,0.627450980392157,0,0,285,394,417,460.5,459,164,406,316,"G5"
"2433","UL Monroe","fbs","Sun Belt",2020,4050286,"Jonathan Hodoh",37,9,10,4.11111111111111,5.42432324039521,0.146603330821492,0.602702582266134,244,6.59459459459459,27.1111111111111,0.405405405405405,21,37,0.567567567567568,0,0,436,479,475,532,544,295.5,465,439.5,"G5"
"2433","UL Monroe","fbs","Sun Belt",2020,4258409,"Zachari Jackson",7,3,10,2.33333333333333,2.26027526656558,0.322896466652225,0.753425088855193,36,5.14285714285714,12,0.428571428571429,4,7,0.571428571428571,0,0,NA,NA,NA,NA,NA,NA,NA,NA,"G5"
"2433","UL Monroe","fbs","Sun Belt",2020,4258412,"Perry Carter",30,9,10,3.33333333333333,26.3788400898298,0.879294669660993,2.93098223220331,312,10.4,34.6666666666667,0.6,22,30,0.733333333333333,2,0,121,187,58,136.5,209,209.5,142,343.5,"G5"
"2433","UL Monroe","fbs","Sun Belt",2020,4258417,"Javin Myers",3,2,10,1.5,-2.65209408005748,-0.884031360019159,-1.32604704002874,8,2.66666666666667,4,0,3,3,1,0,0,NA,NA,NA,NA,NA,NA,NA,NA,"G5"
"2433","UL Monroe","fbs","Sun Belt",2020,4258429,"Cameron Darling",1,1,10,1,0.814120784528294,0.814120784528294,0.814120784528294,1,1,1,1,1,1,1,1,0,NA,NA,NA,NA,NA,NA,NA,NA,"G5"
"2433","UL Monroe","fbs","Sun Belt",2020,4365298,"Jahquan Bloomfield",25,8,10,3.125,19.5172101605456,0.780688406421825,2.4396512700682,312,12.48,39,0.6,16,25,0.64,1,0,189,249,81,136.5,429.5,209.5,49,289.5,"G5"
"2433","UL Monroe","fbs","Sun Belt",2020,4365311,"Malik Jackson",30,10,10,3,20.7662028840462,0.69220676280154,2.07662028840462,189,6.3,18.9,0.466666666666667,23,30,0.766666666666667,4,0,169,290,134,429.5,149.5,382,488,553,"G5"
"2433","UL Monroe","fbs","Sun Belt",2020,4365322,"Isaiah Phillips",18,7,10,2.57142857142857,-3.65951037349906,-0.203306131861059,-0.522787196214152,79,4.38888888888889,11.2857142857143,0.277777777777778,15,18,0.833333333333333,0,0,NA,NA,NA,NA,NA,NA,NA,NA,"G5"
"2433","UL Monroe","fbs","Sun Belt",2020,4390717,"Josh Johnson",22,6,10,3.66666666666667,-7.31639156341387,-0.332563252882448,-1.21939859390231,61,2.77272727272727,10.1666666666667,0.272727272727273,18,22,0.818181818181818,1,0,609,608,609,611.5,72.5,602.5,618,613,"G5"
"2433","UL Monroe","fbs","Sun Belt",2020,4428354,"Kadyn Roach",7,5,10,1.4,0.298925813066933,0.0427036875809905,0.0597851626133867,45,6.42857142857143,9,0.428571428571429,7,7,1,1,0,NA,NA,NA,NA,NA,NA,NA,NA,"G5"
"2433","UL Monroe","fbs","Sun Belt",2020,4428844,"Chandler Whitfield",23,7,10,3.28571428571429,-1.12610695735232,-0.0489611720587966,-0.160872422478903,96,4.17391304347826,13.7142857142857,0.434782608695652,15,23,0.652173913043478,1,0,553,549,554,485.5,398.5,551.5,592,593,"G5"
"2433","UL Monroe","fbs","Sun Belt",2020,4575758,"Charles Norman",2,2,10,1,1.34364995087116,0.671824975435582,0.671824975435582,4,2,2,0.5,1,2,0.5,1,0,NA,NA,NA,NA,NA,NA,NA,NA,"G5"
"2433","UL Monroe","fbs","Sun Belt",2020,4689901,"Jevin Frett",22,9,10,2.44444444444444,22.9926659537257,1.0451211797148,2.55474066152508,288,13.0909090909091,32,0.590909090909091,18,22,0.818181818181818,1,0,151,237,29,152,72.5,238,32,378.5,"G5"
"2433","UL Monroe","fbs","Sun Belt",2020,4689917,"Jordan Carroll",19,6,10,3.16666666666667,4.0836532561149,0.214929118742889,0.680608876019149,109,5.73684210526316,18.1666666666667,0.421052631578947,11,19,0.578947368421053,1,0,463,472,441,504.5,531.5,524,520,558,"G5"
"2433","UL Monroe","fbs","Sun Belt",2020,4689918,"Zach Rasmussen",1,1,10,1,0.744194206212957,0.744194206212957,0.744194206212957,10,10,10,1,1,1,1,0,0,NA,NA,NA,NA,NA,NA,NA,NA,"G5"
"2433","UL Monroe","fbs","Sun Belt",2020,4702243,"Javin Myers",3,1,10,3,1.52633713560581,0.508779045201937,1.52633713560581,17,5.66666666666667,17,0.666666666666667,3,3,1,0,0,NA,NA,NA,NA,NA,NA,NA,NA,"G5"
"2439","UNLV","fbs","Mountain West",2020,4052178,"Charles Williams",19,6,6,3.16666666666667,-8.18660646210462,-0.430874024321296,-1.36443441035077,44,2.31578947368421,7.33333333333333,0.263157894736842,13,19,0.684210526315789,0,0,615,611,614,614,327.5,614,619,619,"G5"
"2439","UNLV","fbs","Mountain West",2020,4056043,"Giovanni Fauolo",16,4,6,4,7.11604374321008,0.44475273395063,1.77901093580252,108,6.75,27,0.5625,11,16,0.6875,0,0,400,327,295,203,316,526,443.5,442,"G5"
"2439","UNLV","fbs","Mountain West",2020,4261657,"Noah Bean",18,4,6,4.5,3.59912756621103,0.199951531456168,0.899781891552757,103,5.72222222222222,25.75,0.444444444444444,14,18,0.777777777777778,0,0,475,440,447,470.5,131.5,536,521,460,"G5"
"2439","UNLV","fbs","Mountain West",2020,4374169,"Tyleek Collins",19,4,6,4.75,9.53403585952556,0.501791361027661,2.38350896488139,146,7.68421052631579,36.5,0.421052631578947,12,19,0.631578947368421,2,0,338,254,255,504.5,450,459,357.5,318.5,"G5"
"2439","UNLV","fbs","Mountain West",2020,4427596,"Steve Jenkins",18,3,6,6,3.47031228822023,0.192795127123346,1.15677076274008,96,5.33333333333333,32,0.555555555555556,10,18,0.555555555555556,2,0,477,409,450,215.5,559.5,551.5,542,378.5,"G5"
"2439","UNLV","fbs","Mountain West",2020,4428320,"Courtney Reese",8,5,6,1.6,1.30355918083464,0.16294489760433,0.260711836166928,40,5,8,0.25,7,8,0.875,0,0,NA,NA,NA,NA,NA,NA,NA,NA,"G5"
"2439","UNLV","fbs","Mountain West",2020,4431398,"Dylan Downing",3,1,6,3,-2.45008699674984,-0.81669566558328,-2.45008699674984,8,2.66666666666667,8,0,2,3,0.666666666666667,0,0,NA,NA,NA,NA,NA,NA,NA,NA,"G5"
"2439","UNLV","fbs","Mountain West",2020,4570183,"Marcus Phillips Jr.",4,1,6,4,-1.56110251770445,-0.390275629426112,-1.56110251770445,17,4.25,17,0.25,2,4,0.5,0,0,NA,NA,NA,NA,NA,NA,NA,NA,"G5"
"2439","UNLV","fbs","Mountain West",2020,4575715,"Jacob Gasser",12,2,6,6,-0.373495157857666,-0.0311245964881389,-0.186747578928833,45,3.75,22.5,0.416666666666667,6,12,0.5,0,0,542,550,547,513.5,592,613,601,505.5,"G5"
"2439","UNLV","fbs","Mountain West",2020,4611985,"Zyell Griffin",15,4,6,3.75,0.569669384353962,0.0379779589569308,0.14241734608849,118,7.86666666666667,29.5,0.4,6,15,0.4,0,0,528,524,525,537.5,612.5,506.5,335,412.5,"G5"
"2439","UNLV","fbs","Mountain West",2020,4613202,"Kyle Williams",53,6,6,8.83333333333333,37.5300596775554,0.708114333538781,6.25500994625923,449,8.47169811320755,74.8333333333333,0.566037735849057,36,53,0.679245283018868,2,0,43,33,128,195.5,341,99,266,63,"G5"
"2440","Nevada","fbs","Mountain West",2020,4241588,"Elijah Cooks",3,1,8,3,2.24248189236679,0.747493964122263,2.24248189236679,24,8,24,0.666666666666667,2,3,0.666666666666667,0,0,NA,NA,NA,NA,NA,NA,NA,NA,"G5"
"2440","Nevada","fbs","Mountain West",2020,4361430,"Devonte Lee",16,7,8,2.28571428571429,-1.71298293493342,-0.107061433433339,-0.244711847847631,80,5,11.4285714285714,0.375,15,16,0.9375,0,1,563,555,572,561.5,7.5,577.5,566,606,"G5"
"2440","Nevada","fbs","Mountain West",2020,4361432,"Romeo Doubs",83,8,8,10.375,49.5908233255545,0.597479799103067,6.19885291569432,943,11.3614457831325,117.875,0.493975903614458,51,83,0.614457831325301,8,0,14,35,195,377,478,8,84,10,"G5"
"2440","Nevada","fbs","Mountain West",2020,4361438,"Cole Turner",65,8,8,8.125,31.9508120916833,0.491550955256667,3.99385151146042,545,8.38461538461539,68.125,0.523076923076923,44,65,0.676923076923077,7,0,74,109,266,294,346,61,276,93,"G5"
"2440","Nevada","fbs","Mountain West",2020,4361444,"Toa Taua",31,7,8,4.42857142857143,-4.46485771240179,-0.144027668141993,-0.637836816057398,137,4.41935483870968,19.5714285714286,0.354838709677419,25,31,0.806451612903226,0,0,592,585,579,573,93,470.5,582,545,"G5"
"2440","Nevada","fbs","Mountain West",2020,4427819,"Justin Lockhart",34,5,8,6.8,3.60014691226045,0.105886673890013,0.720029382452089,212,6.23529411764706,42.4,0.529411764705882,25,34,0.735294117647059,1,0,474,467,491,280,204,346.5,493,259,"G5"
"2440","Nevada","fbs","Mountain West",2020,4428594,"Melquan Stovall",42,8,8,5.25,-3.42076421463481,-0.0814467670151145,-0.427595526829351,255,6.07142857142857,31.875,0.452380952380952,34,42,0.80952380952381,0,1,579,572,563,457,88,279.5,504,384,"G5"
"2440","Nevada","fbs","Mountain West",2020,4429882,"Henry Ikahihifo",1,1,8,1,-0.379237697684368,-0.379237697684368,-0.379237697684368,10,10,10,0,1,1,1,0,0,NA,NA,NA,NA,NA,NA,NA,NA,"G5"
"2440","Nevada","fbs","Mountain West",2020,4432431,"Avery Morrow",4,4,8,1,0.0463855262250263,0.0115963815562566,0.0115963815562566,13,3.25,3.25,0.25,4,4,1,0,0,NA,NA,NA,NA,NA,NA,NA,NA,"G5"
"2440","Nevada","fbs","Mountain West",2020,4569077,"Will Barnard",1,1,8,1,-0.388570857189032,-0.388570857189032,-0.388570857189032,3,3,3,0,1,1,1,0,0,NA,NA,NA,NA,NA,NA,NA,NA,"G5"
"2440","Nevada","fbs","Mountain West",2020,4569086,"Charles Ross",4,3,8,1.33333333333333,3.33610441100289,0.834026102750722,1.11203480366763,37,9.25,12.3333333333333,0.75,4,4,1,0,0,NA,NA,NA,NA,NA,NA,NA,NA,"G5"
"2440","Nevada","fbs","Mountain West",2020,4597703,"Tory Horton",24,5,8,4.8,21.1719667317194,0.882165280488308,4.23439334634388,306,12.75,61.2,0.583333333333333,18,24,0.75,5,0,164,90,57,163.5,180,217,40,124.5,"G5"
"2440","Nevada","fbs","Mountain West",2020,4613087,"Jamaal Bell",3,2,8,1.5,-0.183632407364491,-0.0612108024548305,-0.0918162036822457,16,5.33333333333333,8,0.666666666666667,2,3,0.666666666666667,0,0,NA,NA,NA,NA,NA,NA,NA,NA,"G5"
"245","Texas A&M","fbs","SEC",2020,4035913,"Ryan Renick",3,1,8,3,0.848696935525682,0.282898978508561,0.848696935525682,17,5.66666666666667,17,0.333333333333333,1,3,0.333333333333333,1,0,NA,NA,NA,NA,NA,NA,NA,NA,"P5"
"245","Texas A&M","fbs","SEC",2020,4240902,"Hezekiah Jones",22,4,8,5.5,-4.20348192719301,-0.191067360326955,-1.05087048179825,79,3.59090909090909,19.75,0.409090909090909,9,22,0.409090909090909,0,0,587,605,592,523,611,579,604,544,"P5"
"245","Texas A&M","fbs","SEC",2020,4240904,"Kellen Mond",3,2,8,1.5,5.15346618834922,1.71782206278307,2.57673309417461,30,10,15,0.666666666666667,2,3,0.666666666666667,2,0,NA,NA,NA,NA,NA,NA,NA,NA,"P5"
"245","Texas A&M","fbs","SEC",2020,4372522,"Jalen Preston",12,2,8,6,-5.7867605661012,-0.4822300471751,-2.8933802830506,66,5.5,33,0.416666666666667,6,12,0.5,0,1,NA,NA,NA,NA,NA,NA,NA,NA,"P5"
"245","Texas A&M","fbs","SEC",2020,4372541,"Caleb Chapman",26,3,8,8.66666666666667,18.9953842698721,0.730591702687389,6.33179475662404,275,10.5769230769231,91.6666666666667,0.653846153846154,19,26,0.730769230769231,3,0,197,30,111,62,213.5,252.5,129,36,"P5"
"245","Texas A&M","fbs","SEC",2020,4372545,"Max Wright",1,1,8,1,5.26661079672801,5.26661079672801,5.26661079672801,42,42,42,1,1,1,1,1,0,NA,NA,NA,NA,NA,NA,NA,NA,"P5"
"245","Texas A&M","fbs","SEC",2020,4426459,"Chase Lane",43,8,8,5.375,18.4138333693643,0.428228683008472,2.30172917117054,369,8.58139534883721,46.125,0.511627906976744,29,43,0.674418604651163,3,0,203,261,300,323.5,352,163,253,230,"P5"
"245","Texas A&M","fbs","SEC",2020,4426891,"Isaiah Spiller",17,6,8,2.83333333333333,4.25224235276321,0.250131903103718,0.708707058793868,132,7.76470588235294,22,0.529411764705882,11,17,0.647058823529412,0,0,458,468,418,280,413.5,478,342,515,"P5"
"245","Texas A&M","fbs","SEC",2020,4428532,"Ainias Smith",53,8,8,6.625,13.0731048494674,0.246662355650327,1.63413810618342,440,8.30188679245283,55,0.415094339622642,34,53,0.641509433962264,5,1,283,344,420,518,427,102.5,290,158,"P5"
"245","Texas A&M","fbs","SEC",2020,4428952,"Jalen Wydermyer",57,8,8,7.125,36.556438133817,0.641341019891527,4.56955476672713,438,7.68421052631579,54.75,0.596491228070175,41,57,0.719298245614035,4,0,51,75,160,148,237.5,105.5,357.5,161,"P5"
"245","Texas A&M","fbs","SEC",2020,4429160,"Devon Achane",3,2,8,1.5,3.50921669299488,1.16973889766496,1.75460834649744,73,24.3333333333333,36.5,0.666666666666667,3,3,1,1,0,NA,NA,NA,NA,NA,NA,NA,NA,"P5"
"245","Texas A&M","fbs","SEC",2020,4570683,"Kam Brown",7,3,8,2.33333333333333,10.664569672524,1.52350995321771,3.55485655750799,66,9.42857142857143,22,0.857142857142857,6,7,0.857142857142857,0,0,NA,NA,NA,NA,NA,NA,NA,NA,"P5"
"2459","Northern Illinois","fbs","Mid-American",2020,3921960,"Daniel Crawford",27,6,6,4.5,7.9532140663662,0.294563483939489,1.3255356777277,183,6.77777777777778,30.5,0.481481481481481,21,27,0.777777777777778,1,0,386,387,385,395,131.5,394.5,438.5,398.5,"G5"
"2459","Northern Illinois","fbs","Mid-American",2020,4240098,"Erin Collins",4,2,6,2,-5.62738563846575,-1.40684640961644,-2.81369281923287,3,0.75,1.5,0,2,4,0.5,0,0,NA,NA,NA,NA,NA,NA,NA,NA,"G5"
"2459","Northern Illinois","fbs","Mid-American",2020,4258571,"Dennis Robinson",13,4,6,3.25,3.10978122072456,0.239213940055735,0.77744530518114,88,6.76923076923077,22,0.461538461538462,7,13,0.538461538461538,2,0,483,456,423,441,570,567,440,515,"G5"
"2459","Northern Illinois","fbs","Mid-American",2020,4258577,"Cole Tucker",27,4,6,6.75,1.44211541272569,0.0534116819528032,0.360528853181422,136,5.03703703703704,34,0.444444444444444,13,27,0.481481481481481,2,0,513,504,521,470.5,598,473.5,564,349,"G5"
"2459","Northern Illinois","fbs","Mid-American",2020,4428345,"Tyrice Richie",70,6,6,11.6666666666667,38.3297091381505,0.54756727340215,6.38828485635842,584,8.34285714285714,97.3333333333333,0.6,52,70,0.742857142857143,4,0,40,26,224,136.5,192,51.5,283,25,"G5"
"2459","Northern Illinois","fbs","Mid-American",2020,4428699,"Messiah Travis",7,3,6,2.33333333333333,7.90203471443291,1.12886210206184,2.63401157147764,58,8.28571428571429,19.3333333333333,0.571428571428571,5,7,0.714285714285714,1,0,NA,NA,NA,NA,NA,NA,NA,NA,"G5"
"2459","Northern Illinois","fbs","Mid-American",2020,4430602,"Mohamed Toure",1,1,6,1,1.48689863168296,1.48689863168296,1.48689863168296,44,44,44,1,1,1,1,0,0,NA,NA,NA,NA,NA,NA,NA,NA,"G5"
"2459","Northern Illinois","fbs","Mid-American",2020,4433906,"Trayvon Rudolph",30,6,6,5,9.79434993443395,0.326478331147798,1.63239165573899,232,7.73333333333333,38.6666666666667,0.4,14,30,0.466666666666667,0,0,332,345,367,537.5,603,310,348,293,"G5"
"2459","Northern Illinois","fbs","Mid-American",2020,4569274,"Rondarius Gregory",1,1,6,1,-1.06959604710648,-1.06959604710648,-1.06959604710648,0,0,0,0,1,1,1,0,0,NA,NA,NA,NA,NA,NA,NA,NA,"G5"
"2459","Northern Illinois","fbs","Mid-American",2020,4576294,"Harrison Waylee",12,5,6,2.4,0.509346956254811,0.0424455796879009,0.101869391250962,61,5.08333333333333,12.2,0.416666666666667,8,12,0.666666666666667,1,0,529,527,524,513.5,370.5,602.5,560.5,600,"G5"
"2459","Northern Illinois","fbs","Mid-American",2020,4607937,"Devin Lafayette",1,1,6,1,0.643294640885445,0.643294640885445,0.643294640885445,13,13,13,1,1,1,1,0,0,NA,NA,NA,NA,NA,NA,NA,NA,"G5"
"248","Houston","fbs","American Athletic",2020,4039062,"Kyle Porter",12,5,6,2.4,-0.801690281054901,-0.0668075234212417,-0.16033805621098,76,6.33333333333333,15.2,0.416666666666667,10,12,0.833333333333333,1,0,551,548,559,513.5,52,584,484,583,"G5"
"248","Houston","fbs","American Athletic",2020,4039294,"Mulbah Car",7,4,6,1.75,-3.26922034933284,-0.46703147847612,-0.81730508733321,20,2.85714285714286,5,0.142857142857143,5,7,0.714285714285714,0,0,NA,NA,NA,NA,NA,NA,NA,NA,"G5"
"248","Houston","fbs","American Athletic",2020,4039295,"Keith Corbin",39,6,6,6.5,23.7942239405894,0.610108306168958,3.96570399009823,294,7.53846153846154,49,0.538461538461538,23,39,0.58974358974359,1,0,141,113,177,259.5,515,230,371,206,"G5"
"248","Houston","fbs","American Athletic",2020,4039307,"Marquez Stevenson",25,4,6,6.25,13.4612849401581,0.538451397606322,3.36532123503951,288,11.52,72,0.48,19,25,0.76,4,1,271,148,235,398,160.5,238,79,72,"G5"
"248","Houston","fbs","American Athletic",2020,4062810,"Chandler Smith",4,3,6,1.33333333333333,2.60252612557597,0.650631531393994,0.867508708525325,29,7.25,9.66666666666667,0.75,3,4,0.75,0,0,NA,NA,NA,NA,NA,NA,NA,NA,"G5"
"248","Houston","fbs","American Athletic",2020,4240251,"Bryson Smith",19,5,6,3.8,8.81228208726416,0.463804320382324,1.76245641745283,157,8.26315789473684,31.4,0.473684210526316,15,19,0.789473684210526,2,0,354,329,280,416.5,112,443,294,389,"G5"
"248","Houston","fbs","American Athletic",2020,4240253,"Jeremy Singleton",15,3,6,5,-1.54273244259767,-0.102848829506512,-0.514244147532558,61,4.06666666666667,20.3333333333333,0.4,8,15,0.533333333333333,0,0,561,576,571,537.5,574.5,602.5,595,534.5,"G5"
"248","Houston","fbs","American Athletic",2020,4240266,"Tre'von Bradley",21,4,6,5.25,7.66696925284424,0.365093773944964,1.91674231321106,180,8.57142857142857,45,0.476190476190476,14,21,0.666666666666667,0,1,390,310,338,407,370.5,397.5,255,238,"G5"
"248","Houston","fbs","American Athletic",2020,4360175,"Clayton Tune",1,1,6,1,1.05576323085089,1.05576323085089,1.05576323085089,21,21,21,1,1,1,1,0,0,NA,NA,NA,NA,NA,NA,NA,NA,"G5"
"248","Houston","fbs","American Athletic",2020,4360199,"Christian Trahan",19,5,6,3.8,5.28214003582762,0.278007370306717,1.05642800716552,137,7.21052631578947,27.4,0.473684210526316,14,19,0.736842105263158,1,0,440,420,396,416.5,200,470.5,405,435,"G5"
"248","Houston","fbs","American Athletic",2020,4366031,"Nathaniel Dell",31,6,6,5.16666666666667,8.7044010194197,0.2807871296587,1.45073350323662,253,8.16129032258065,42.1666666666667,0.516129032258065,19,31,0.612903225806452,1,0,358,371,395,314.5,481.5,284.5,301,263.5,"G5"
"248","Houston","fbs","American Athletic",2020,4430543,"Ke'Andre Street",1,1,6,1,4.91638695548764,4.91638695548764,4.91638695548764,23,23,23,1,1,1,1,1,0,NA,NA,NA,NA,NA,NA,NA,NA,"G5"
"2483","Oregon","fbs","Pac-12",2020,4038952,"Hunter Kampmoyer",8,3,5,2.66666666666667,11.0689679646408,1.3836209955801,3.68965598821359,116,14.5,38.6666666666667,0.875,8,8,1,1,0,NA,NA,NA,NA,NA,NA,NA,NA,"P5"
"2483","Oregon","fbs","Pac-12",2020,4240623,"DJ Johnson",8,2,5,4,10.1840246593745,1.27300308242181,5.09201232968725,78,9.75,39,0.875,7,8,0.875,2,0,NA,NA,NA,NA,NA,NA,NA,NA,"P5"
"2483","Oregon","fbs","Pac-12",2020,4242492,"CJ Verdell",12,4,5,3,8.67865970908512,0.72322164242376,2.16966492727128,96,8,24,0.5,9,12,0.75,0,0,364,283,117,353.5,180,551.5,320.5,478,"P5"
"2483","Oregon","fbs","Pac-12",2020,4242494,"Cyrus Habibi-Likio",4,2,5,2,0.963677222380843,0.240919305595211,0.481838611190421,40,10,20,0.25,4,4,1,0,0,NA,NA,NA,NA,NA,NA,NA,NA,"P5"
"2483","Oregon","fbs","Pac-12",2020,4242504,"Johnny Johnson III",20,5,5,4,7.80460510829546,0.390230255414773,1.56092102165909,195,9.75,39,0.55,13,20,0.65,2,1,389,352,324,231.5,404.5,370.5,172,289.5,"P5"
"2483","Oregon","fbs","Pac-12",2020,4242506,"Jaylon Redd",28,5,5,5.6,13.869562796549,0.495341528448178,2.7739125593098,242,8.64285714285714,48.4,0.607142857142857,20,28,0.714285714285714,0,0,264,206,263,115,252.5,299.5,250,208,"P5"
"2483","Oregon","fbs","Pac-12",2020,4360689,"Tyler Shough",2,1,5,2,6.67332010492492,3.33666005246246,6.67332010492492,64,32,64,1,2,2,1,2,0,NA,NA,NA,NA,NA,NA,NA,NA,"P5"
"2483","Oregon","fbs","Pac-12",2020,4360691,"Travis Dye",7,4,5,1.75,16.2609981205149,2.32299973150213,4.06524953012873,204,29.1428571428571,51,0.714285714285714,5,7,0.714285714285714,3,0,NA,NA,NA,NA,NA,NA,NA,NA,"P5"
"2483","Oregon","fbs","Pac-12",2020,4374298,"Devon Williams",18,4,5,4.5,10.6952807488829,0.59418226382683,2.67382018722074,204,11.3333333333333,51,0.555555555555556,12,18,0.666666666666667,1,0,317,220,198,215.5,370.5,360.5,85,192.5,"P5"
"2483","Oregon","fbs","Pac-12",2020,4426410,"Mycah Pittman",8,2,5,4,3.4463677439876,0.43079596799845,1.7231838719938,78,9.75,39,0.5,4,8,0.5,0,0,NA,NA,NA,NA,NA,NA,NA,NA,"P5"
"2483","Oregon","fbs","Pac-12",2020,4426476,"Josh Delgado",4,1,5,4,0.0451506035360516,0.0112876508840129,0.0451506035360516,16,4,16,0.25,2,4,0.5,0,0,NA,NA,NA,NA,NA,NA,NA,NA,"P5"
"2483","Oregon","fbs","Pac-12",2020,4429967,"Kris Hutson",6,3,5,2,3.26871389773927,0.544785649623212,1.08957129924642,37,6.16666666666667,12.3333333333333,0.666666666666667,4,6,0.666666666666667,0,0,NA,NA,NA,NA,NA,NA,NA,NA,"P5"
"249","North Texas","fbs","Conference USA",2020,4039074,"Deion Hair-Griffin",1,1,8,1,-2.78079841340902,-2.78079841340902,-2.78079841340902,0,0,0,0,0,1,0,0,0,NA,NA,NA,NA,NA,NA,NA,NA,"G5"
"249","North Texas","fbs","Conference USA",2020,4039082,"Jason Pirtle",14,5,8,2.8,6.91277466283898,0.493769618774213,1.3825549325678,81,5.78571428571429,16.2,0.714285714285714,11,14,0.785714285714286,1,0,NA,NA,NA,NA,NA,NA,NA,NA,"G5"
"249","North Texas","fbs","Conference USA",2020,4039083,"Nic Smith",1,1,8,1,-0.699653031427534,-0.699653031427534,-0.699653031427534,0,0,0,0,0,1,0,0,0,NA,NA,NA,NA,NA,NA,NA,NA,"G5"
"249","North Texas","fbs","Conference USA",2020,4243829,"Greg White",12,3,8,4,3.92708274341502,0.327256895284585,1.30902758113834,103,8.58333333333333,34.3333333333333,0.5,6,12,0.5,0,0,NA,NA,NA,NA,NA,NA,NA,NA,"G5"
"249","North Texas","fbs","Conference USA",2020,4243830,"Jaelon Darden",107,8,8,13.375,68.1490819017433,0.636907307492928,8.51863523771792,1119,10.4579439252336,139.875,0.457943925233645,69,107,0.644859813084112,16,0,5,9,165,447,421,1,135,2,"G5"
"249","North Texas","fbs","Conference USA",2020,4360924,"Austin Ogunmakin",20,7,8,2.85714285714286,13.1454939243249,0.657274696216247,1.87792770347499,196,9.8,28,0.7,14,20,0.7,0,0,278,314,151,23,286,368.5,168,425,"G5"
"249","North Texas","fbs","Conference USA",2020,4360930,"Jyaire Shorter",3,1,8,3,1.50959506914966,0.503198356383221,1.50959506914966,25,8.33333333333333,25,0.666666666666667,2,3,0.666666666666667,0,0,NA,NA,NA,NA,NA,NA,NA,NA,"G5"
"249","North Texas","fbs","Conference USA",2020,4360932,"DeAndre Torrey",4,3,8,1.33333333333333,1.50559731898694,0.376399329746735,0.501865772995647,20,5,6.66666666666667,0.5,4,4,1,0,0,NA,NA,NA,NA,NA,NA,NA,NA,"G5"
"249","North Texas","fbs","Conference USA",2020,4374391,"Roderic Burns",8,5,8,1.6,7.21145009821398,0.901431262276748,1.4422900196428,107,13.375,21.4,0.5,6,8,0.75,0,0,NA,NA,NA,NA,NA,NA,NA,NA,"G5"
"249","North Texas","fbs","Conference USA",2020,4427630,"Oscar Adaway III",2,1,8,2,-1.33387475409655,-0.666937377048277,-1.33387475409655,8,4,8,0.5,2,2,1,0,0,NA,NA,NA,NA,NA,NA,NA,NA,"G5"
"249","North Texas","fbs","Conference USA",2020,4427751,"Asher Alberding",3,2,8,1.5,0.669848339461068,0.223282779820356,0.334924169730534,18,6,9,0.666666666666667,2,3,0.666666666666667,0,0,NA,NA,NA,NA,NA,NA,NA,NA,"G5"
"249","North Texas","fbs","Conference USA",2020,4428498,"Deonte Simpson",37,7,8,5.28571428571429,30.9171869772752,0.835599648034466,4.41674099675361,430,11.6216216216216,61.4285714285714,0.540540540540541,21,37,0.567567567567568,3,0,80,79,64,253.5,544,110.5,73,123,"G5"
"249","North Texas","fbs","Conference USA",2020,4432531,"Jake Roberts",3,2,8,1.5,3.31108636794919,1.10369545598306,1.6555431839746,36,12,18,1,3,3,1,0,0,NA,NA,NA,NA,NA,NA,NA,NA,"G5"
"249","North Texas","fbs","Conference USA",2020,4565200,"Upton Stout",1,1,8,1,1.26857026280347,1.26857026280347,1.26857026280347,13,13,13,1,1,1,1,0,0,NA,NA,NA,NA,NA,NA,NA,NA,"G5"
"25","California","fbs","Pac-12",2020,4035070,"Drew Schlegel",2,2,4,1,-0.149339099361522,-0.0746695496807608,-0.0746695496807608,14,7,7,0.5,2,2,1,0,0,NA,NA,NA,NA,NA,NA,NA,NA,"P5"
"25","California","fbs","Pac-12",2020,4035854,"Collin Moore",3,2,4,1.5,1.45938199056479,0.486460663521597,0.729690995282395,29,9.66666666666667,14.5,0.333333333333333,3,3,1,0,0,NA,NA,NA,NA,NA,NA,NA,NA,"P5"
"25","California","fbs","Pac-12",2020,4046519,"Kekoa Crawford",30,4,4,7.5,10.2853716476916,0.34284572158972,2.5713429119229,225,7.5,56.25,0.466666666666667,18,30,0.6,2,0,326,236,352,429.5,504,322.5,374.5,150.5,"P5"
"25","California","fbs","Pac-12",2020,4242413,"Gavin Reinwald",2,2,4,1,0.911071373178871,0.455535686589436,0.455535686589436,10,5,5,0.5,2,2,1,0,0,NA,NA,NA,NA,NA,NA,NA,NA,"P5"
"25","California","fbs","Pac-12",2020,4259147,"Jake Tonges",19,3,4,6.33333333333333,-3.26430040629214,-0.171805284541691,-1.08810013543071,80,4.21052631578947,26.6666666666667,0.263157894736842,12,19,0.631578947368421,1,0,577,606,586,614,450,577.5,589,446.5,"P5"
"25","California","fbs","Pac-12",2020,4372716,"Nikko Remigio",17,4,4,4.25,5.70379552685059,0.335517383932388,1.42594888171265,90,5.29411764705882,22.5,0.411764705882353,10,17,0.588235294117647,2,0,430,374,361,520,518,561.5,544,505.5,"P5"
"25","California","fbs","Pac-12",2020,4372717,"Marcel Dancy",12,4,4,3,-2.26897912338866,-0.189081593615722,-0.567244780847165,68,5.66666666666667,17,0.5,9,12,0.75,0,0,569,580,590,353.5,180,593.5,525,571,"P5"
"25","California","fbs","Pac-12",2020,4372721,"Christopher Brown Jr.",4,1,4,4,-1.08724540042424,-0.271811350106061,-1.08724540042424,17,4.25,17,0.25,4,4,1,0,0,NA,NA,NA,NA,NA,NA,NA,NA,"P5"
"25","California","fbs","Pac-12",2020,4372742,"Monroe Young",3,2,4,1.5,2.27348597096836,0.757828656989454,1.13674298548418,15,5,7.5,0.666666666666667,2,3,0.666666666666667,0,0,NA,NA,NA,NA,NA,NA,NA,NA,"P5"
"25","California","fbs","Pac-12",2020,4430325,"Makai Polk",25,4,4,6.25,6.76072974830613,0.270429189932245,1.69018243707653,183,7.32,45.75,0.56,17,25,0.68,1,0,407,336,404,206.5,338,394.5,395,233.5,"P5"
"25","California","fbs","Pac-12",2020,4565770,"Damien Moore",2,2,4,1,-0.646060417547705,-0.323030208773853,-0.323030208773853,10,5,5,0.5,1,2,0.5,0,0,NA,NA,NA,NA,NA,NA,NA,NA,"P5"
"25","California","fbs","Pac-12",2020,4569239,"Trevon Clark",4,2,4,2,2.53753362330307,0.634383405825766,1.26876681165153,23,5.75,11.5,0.5,4,4,1,0,0,NA,NA,NA,NA,NA,NA,NA,NA,"P5"
"25","California","fbs","Pac-12",2020,4594335,"Tyson McWilliams",1,1,4,1,0.45881279427364,0.45881279427364,0.45881279427364,7,7,7,1,1,1,1,0,0,NA,NA,NA,NA,NA,NA,NA,NA,"P5"
"2509","Purdue","fbs","Big Ten",2020,4035711,"Jared Sparks",5,2,6,2.5,1.08135659896409,0.216271319792818,0.540678299482044,38,7.6,19,0.4,4,5,0.8,0,0,NA,NA,NA,NA,NA,NA,NA,NA,"P5"
"2509","Purdue","fbs","Big Ten",2020,4035721,"Jackson Anthrop",6,2,6,3,-0.620375116248664,-0.103395852708111,-0.310187558124332,33,5.5,16.5,0.333333333333333,3,6,0.5,0,0,NA,NA,NA,NA,NA,NA,NA,NA,"P5"
"2509","Purdue","fbs","Big Ten",2020,4260406,"Alexander Horvath",32,6,6,5.33333333333333,23.9822280184448,0.749444625576401,3.99703800307414,323,10.09375,53.8333333333333,0.6875,30,32,0.9375,0,0,140,108,94,29,7.5,202.5,151,165,"P5"
"2509","Purdue","fbs","Big Ten",2020,4361492,"Amad Anderson Jr.",7,3,6,2.33333333333333,-1.39805320788644,-0.199721886840919,-0.466017735962145,19,2.71428571428571,6.33333333333333,0.142857142857143,5,7,0.714285714285714,0,0,NA,NA,NA,NA,NA,NA,NA,NA,"P5"
"2509","Purdue","fbs","Big Ten",2020,4361493,"Jack Plummer",3,1,6,3,9.05081622941394,3.01693874313798,9.05081622941394,62,20.6666666666667,62,1,3,3,1,3,0,NA,NA,NA,NA,NA,NA,NA,NA,"P5"
"2509","Purdue","fbs","Big Ten",2020,4372485,"Rondale Moore",45,3,6,15,5.51649324792876,0.122588738842861,1.83883108264292,278,6.17777777777778,92.6666666666667,0.4,36,45,0.8,0,1,434,318,486,537.5,99,248,497,31,"P5"
"2509","Purdue","fbs","Big Ten",2020,4372505,"Payne Durham",20,6,6,3.33333333333333,6.17988422539161,0.308994211269581,1.02998070423194,160,8,26.6666666666667,0.55,15,20,0.75,2,0,413,424,380,231.5,180,432.5,320.5,446.5,"P5"
"2509","Purdue","fbs","Big Ten",2020,4426504,"Milton Wright",33,6,6,5.5,11.9048918503313,0.360754298494888,1.98414864172188,284,8.60606060606061,47.3333333333333,0.515151515151515,23,33,0.696969696969697,2,0,300,303,343,318.5,292.5,243,252,218,"P5"
"2509","Purdue","fbs","Big Ten",2020,4429527,"King Doerue",2,2,6,1,2.26911996375417,1.13455998187708,1.13455998187708,20,10,10,0.5,1,2,0.5,1,0,NA,NA,NA,NA,NA,NA,NA,NA,"P5"
"2509","Purdue","fbs","Big Ten",2020,4429949,"Maliq Carr",3,1,6,3,-0.20728518723541,-0.0690950624118032,-0.20728518723541,15,5,15,0.333333333333333,1,3,0.333333333333333,0,0,NA,NA,NA,NA,NA,NA,NA,NA,"P5"
"2509","Purdue","fbs","Big Ten",2020,4430470,"TJ Sheffield",2,2,6,1,0.146534840382574,0.0732674201912872,0.0732674201912872,11,5.5,5.5,0.5,2,2,1,0,0,NA,NA,NA,NA,NA,NA,NA,NA,"P5"
"2509","Purdue","fbs","Big Ten",2020,4570409,"David Bell",75,6,6,12.5,29.0162805084438,0.386883740112585,4.83604675140731,569,7.58666666666667,94.8333333333333,0.493333333333333,51,75,0.68,6,0,91,62,328,378,338,56,368,28,"P5"
"2509","Purdue","fbs","Big Ten",2020,4570417,"Garrett Miller",2,2,6,1,6.44932191443347,3.22466095721673,3.22466095721673,48,24,24,1,2,2,1,1,0,NA,NA,NA,NA,NA,NA,NA,NA,"P5"
"251","Texas","fbs","Big 12",2020,4047941,"Brenden Schooler",34,4,9,8.5,-0.167552995994343,-0.00492802929395126,-0.0418882489985857,330,9.70588235294118,82.5,0.294117647058824,20,34,0.588235294117647,4,0,539,539,537,600,518,192,176,48.5,"P5"
"251","Texas","fbs","Big 12",2020,4241820,"Sam Ehlinger",10,2,9,5,29.4533977972447,2.94533977972447,14.7266988986224,126,12.6,63,0.9,9,10,0.9,9,0,NA,NA,NA,NA,NA,NA,NA,NA,"P5"
"251","Texas","fbs","Big 12",2020,4258170,"Tarik Black",18,6,9,3,8.05591583516485,0.447550879731381,1.34265263919414,209,11.6111111111111,34.8333333333333,0.444444444444444,10,18,0.555555555555556,1,2,381,384,292,470.5,559.5,352.5,75,339.5,"P5"
"251","Texas","fbs","Big 12",2020,4262205,"Cade Brewer",17,7,9,2.42857142857143,1.95845361695152,0.115203153938325,0.279779088135932,110,6.47058823529412,15.7142857142857,0.470588235294118,13,17,0.764705882352941,2,0,504,514,488,422,152,522.5,472.5,580,"P5"
"251","Texas","fbs","Big 12",2020,4362079,"Joshua Moore",37,7,9,5.28571428571429,9.47217808295188,0.256004813052754,1.35316829756455,310,8.37837837837838,44.2857142857143,0.513513513513513,21,37,0.567567567567568,3,0,339,382,414,321,544,211.5,279,240,"P5"
"251","Texas","fbs","Big 12",2020,4362087,"Keaontay Ingram",11,4,9,2.75,5.17920047327334,0.470836406661212,1.29480011831833,103,9.36363636363636,25.75,0.727272727272727,11,11,1,1,0,NA,NA,NA,NA,NA,NA,NA,NA,"P5"
"251","Texas","fbs","Big 12",2020,4362107,"Brennan Eagles",43,9,9,4.77777777777778,19.7373380203605,0.459007860938617,2.19303755781784,381,8.86046511627907,42.3333333333333,0.511627906976744,25,43,0.581395348837209,2,0,185,275,285,323.5,528,152.5,232,260,"P5"
"251","Texas","fbs","Big 12",2020,4362109,"Al'Vonte Woodard",1,1,9,1,0.101815916485868,0.101815916485868,0.101815916485868,6,6,6,1,1,1,1,0,0,NA,NA,NA,NA,NA,NA,NA,NA,"P5"
"251","Texas","fbs","Big 12",2020,4362110,"Malcolm Epps",3,3,9,1,4.56875146008838,1.52291715336279,1.52291715336279,42,14,14,0.666666666666667,3,3,1,2,0,NA,NA,NA,NA,NA,NA,NA,NA,"P5"
"251","Texas","fbs","Big 12",2020,4426386,"Roschon Johnson",10,6,9,1.66666666666667,3.26291131076014,0.326291131076014,0.543818551793356,50,5,8.33333333333333,0.5,7,10,0.7,1,0,NA,NA,NA,NA,NA,NA,NA,NA,"P5"
"251","Texas","fbs","Big 12",2020,4427473,"Brayden Liebrock",2,1,9,2,0.406464877455285,0.203232438727643,0.406464877455285,11,5.5,11,0.5,2,2,1,0,0,NA,NA,NA,NA,NA,NA,NA,NA,"P5"
"251","Texas","fbs","Big 12",2020,4430723,"Jared Wiley",10,6,9,1.66666666666667,15.4816596401063,1.54816596401063,2.58027660668439,166,16.6,27.6666666666667,0.8,9,10,0.9,1,0,NA,NA,NA,NA,NA,NA,NA,NA,"P5"
"251","Texas","fbs","Big 12",2020,4430807,"Bijan Robinson",19,7,9,2.71428571428571,-1.82087590429215,-0.0958355739101132,-0.260125129184593,159,8.36842105263158,22.7142857142857,0.421052631578947,13,19,0.684210526315789,0,0,564,557,568,504.5,327.5,438,280.5,500,"P5"
"251","Texas","fbs","Big 12",2020,4431068,"Kelvontay Dixon",2,1,9,2,-1.27653783224292,-0.638268916121462,-1.27653783224292,3,1.5,3,0,2,2,1,0,0,NA,NA,NA,NA,NA,NA,NA,NA,"P5"
"251","Texas","fbs","Big 12",2020,4569382,"Jordan Whittington",17,4,9,4.25,6.17776046187849,0.363397674228147,1.54444011546962,148,8.70588235294118,37,0.470588235294118,14,17,0.823529411764706,0,0,414,357,341,422,62.5,456.5,245,312,"P5"
"251","Texas","fbs","Big 12",2020,4569389,"Kai Money",9,3,9,3,6.28361021525766,0.698178912806406,2.09453673841922,71,7.88888888888889,23.6666666666667,0.777777777777778,9,9,1,1,0,NA,NA,NA,NA,NA,NA,NA,NA,"P5"
"251","Texas","fbs","Big 12",2020,4572454,"Marcus Washington",4,2,9,2,1.45746738871804,0.36436684717951,0.728733694359019,39,9.75,19.5,0.75,3,4,0.75,0,0,NA,NA,NA,NA,NA,NA,NA,NA,"P5"
"251","Texas","fbs","Big 12",2020,4572455,"Jake Smith",36,6,9,6,10.2716455145909,0.285323486516413,1.71194091909848,282,7.83333333333333,47,0.416666666666667,22,36,0.611111111111111,2,0,328,335,393,513.5,486.5,244,336.5,222,"P5"
"252","BYU","fbs","FBS Independents",2020,4242372,"Kyle Griffitts",1,1,9,1,0.610961813386233,0.610961813386233,0.610961813386233,29,29,29,1,1,1,1,0,0,NA,NA,NA,NA,NA,NA,NA,NA,"G5"
"252","BYU","fbs","FBS Independents",2020,4242377,"Neil Pau'u",42,9,9,4.66666666666667,29.1630124021058,0.694357438145377,3.24033471134509,460,10.952380952381,51.1111111111111,0.738095238095238,35,42,0.833333333333333,1,1,88,160,133,10,52,89,102,191,"G5"
"252","BYU","fbs","FBS Independents",2020,4361259,"Zach Wilson",4,2,9,2,10.9559416921267,2.73898542303168,5.47797084606336,109,27.25,54.5,1,4,4,1,3,0,NA,NA,NA,NA,NA,NA,NA,NA,"G5"
"252","BYU","fbs","FBS Independents",2020,4373626,"Tyler Allgeier",11,7,9,1.57142857142857,-3.97371872972793,-0.361247157247994,-0.567674104246847,53,4.81818181818182,7.57142857142857,0.363636363636364,6,11,0.545454545454545,0,0,NA,NA,NA,NA,NA,NA,NA,NA,"G5"
"252","BYU","fbs","FBS Independents",2020,4373628,"Brayden Cosper",5,3,9,1.66666666666667,1.60783673218847,0.321567346437695,0.535945577396158,36,7.2,12,0.8,4,5,0.8,0,0,NA,NA,NA,NA,NA,NA,NA,NA,"G5"
"252","BYU","fbs","FBS Independents",2020,4373630,"Sione Finau",3,2,9,1.5,-1.38098803785097,-0.460329345950323,-0.690494018925485,8,2.66666666666667,4,0.333333333333333,2,3,0.666666666666667,0,0,NA,NA,NA,NA,NA,NA,NA,NA,"G5"
"252","BYU","fbs","FBS Independents",2020,4373637,"Lopini Katoa",21,8,9,2.625,10.2827939129423,0.489656852997255,1.28534923911779,184,8.76190476190476,23,0.476190476190476,18,21,0.857142857142857,2,0,327,392,268,407,38.5,392.5,240.5,496,"G5"
"252","BYU","fbs","FBS Independents",2020,4373642,"Dax Milne",68,9,9,7.55555555555556,40.0355619976267,0.588758264670981,4.44839577751408,830,12.2058823529412,92.2222222222222,0.588235294117647,49,68,0.720588235294118,5,0,34,78,201,155,234.5,13,56,33,"G5"
"252","BYU","fbs","FBS Independents",2020,4373644,"Gunner Romney",48,7,9,6.85714285714286,14.118574153528,0.294136961531834,2.01693916478972,646,13.4583333333333,92.2857142857143,0.520833333333333,35,48,0.729166666666667,1,0,260,302,386,301,215,34.5,25,32,"G5"
"252","BYU","fbs","FBS Independents",2020,4373649,"Hank Tuipulotu",1,1,9,1,1.20359788509001,1.20359788509001,1.20359788509001,20,20,20,1,1,1,1,0,0,NA,NA,NA,NA,NA,NA,NA,NA,"G5"
"252","BYU","fbs","FBS Independents",2020,4428765,"Masen Wake",5,5,9,1,6.42567064741703,1.28513412948341,1.28513412948341,72,14.4,14.4,0.8,5,5,1,0,0,NA,NA,NA,NA,NA,NA,NA,NA,"G5"
"252","BYU","fbs","FBS Independents",2020,4428832,"Carter Wheat",5,2,9,2.5,4.27819528607179,0.855639057214358,2.1390976430359,49,9.8,24.5,0.6,3,5,0.6,1,0,NA,NA,NA,NA,NA,NA,NA,NA,"G5"
"252","BYU","fbs","FBS Independents",2020,4431750,"Kody Epps",7,4,9,1.75,-2.2068274077841,-0.315261058254872,-0.551706851946026,39,5.57142857142857,9.75,0.428571428571429,4,7,0.571428571428571,0,0,NA,NA,NA,NA,NA,NA,NA,NA,"G5"
"252","BYU","fbs","FBS Independents",2020,4569948,"Keanu Hill",2,2,9,1,2.50037788014299,1.25018894007149,1.25018894007149,28,14,14,1,2,2,1,0,0,NA,NA,NA,NA,NA,NA,NA,NA,"G5"
"252","BYU","fbs","FBS Independents",2020,4569951,"Isaac Rex",33,8,9,4.125,19.7571149248551,0.598700452268337,2.46963936560689,258,7.81818181818182,32.25,0.696969696969697,27,33,0.818181818181818,8,1,184,246,192,24.5,72.5,272.5,339,370.5,"G5"
"252","BYU","fbs","FBS Independents",2020,4613105,"Miles Davis",3,2,9,1.5,1.57670752198695,0.525569173995652,0.788353760993477,36,12,18,0.666666666666667,3,3,1,0,0,NA,NA,NA,NA,NA,NA,NA,NA,"G5"
"252","BYU","fbs","FBS Independents",2020,4687456,"Chris Jackson",5,4,9,1.25,-4.02466235474597,-0.804932470949194,-1.00616558868649,10,2,2.5,0.4,4,5,0.8,0,0,NA,NA,NA,NA,NA,NA,NA,NA,"G5"
"254","Utah","fbs","Pac-12",2020,3926231,"Britain Covey",15,2,4,7.5,9.78498310683792,0.652332207122528,4.89249155341896,130,8.66666666666667,65,0.6,13,15,0.866666666666667,2,0,333,59,154,136.5,33.5,483,249,105.5,"P5"
"254","Utah","fbs","Pac-12",2020,4038809,"Jake Bentley",1,1,4,1,4.11573357781913,4.11573357781913,4.11573357781913,7,7,7,1,1,1,1,1,0,NA,NA,NA,NA,NA,NA,NA,NA,"P5"
"254","Utah","fbs","Pac-12",2020,4048099,"Samson Nacua",2,1,4,2,1.62958475717544,0.814792378587721,1.62958475717544,22,11,22,0.5,2,2,1,0,0,NA,NA,NA,NA,NA,NA,NA,NA,"P5"
"254","Utah","fbs","Pac-12",2020,4243261,"Bryan Thompson",11,3,4,3.66666666666667,14.3762178133837,1.30692889212579,4.79207260446124,155,14.0909090909091,51.6666666666667,0.636363636363636,7,11,0.636363636363636,1,0,256,66,8,81.5,439.5,446,16,184,"P5"
"254","Utah","fbs","Pac-12",2020,4361001,"Devin Brumfield",6,2,4,3,-0.0873557632570365,-0.0145592938761727,-0.0436778816285182,26,4.33333333333333,13,0.5,5,6,0.833333333333333,0,0,NA,NA,NA,NA,NA,NA,NA,NA,"P5"
"254","Utah","fbs","Pac-12",2020,4361006,"Solomon Enis",13,4,4,3.25,7.18636777927122,0.552797521482402,1.79659194481781,89,6.84615384615385,22.25,0.538461538461538,9,13,0.692307692307692,1,0,399,324,220,259.5,301,564,430,509,"P5"
"254","Utah","fbs","Pac-12",2020,4361008,"Cole Fotheringham",6,3,4,2,-0.360757158250611,-0.0601261930417686,-0.120252386083537,38,6.33333333333333,12.6666666666667,0.5,3,6,0.5,0,0,NA,NA,NA,NA,NA,NA,NA,NA,"P5"
"254","Utah","fbs","Pac-12",2020,4361014,"Brant Kuithe",30,4,4,7.5,-3.8691159210934,-0.128970530703113,-0.96727898027335,175,5.83333333333333,43.75,0.5,19,30,0.633333333333333,0,0,583,603,574,353.5,445,410.5,515,248,"P5"
"254","Utah","fbs","Pac-12",2020,4385690,"Dalton Kincaid",1,1,4,1,-1.0174325463143,-1.0174325463143,-1.0174325463143,14,14,14,0,1,1,1,0,0,NA,NA,NA,NA,NA,NA,NA,NA,"P5"
"254","Utah","fbs","Pac-12",2020,4426696,"Micah Bernard",4,4,4,1,-0.72017144270988,-0.18004286067747,-0.18004286067747,13,3.25,3.25,0.25,2,4,0.5,0,0,NA,NA,NA,NA,NA,NA,NA,NA,"P5"
"254","Utah","fbs","Pac-12",2020,4430110,"Ty Jordan",12,4,4,3,4.04745391229944,0.337287826024953,1.01186347807486,93,7.75,23.25,0.666666666666667,9,12,0.75,0,0,465,426,357,47,180,557,343,490,"P5"
"254","Utah","fbs","Pac-12",2020,4569559,"Devaughn Vele",4,2,4,2,-0.48817483616078,-0.122043709040195,-0.24408741808039,12,3,6,0.25,2,4,0.5,0,0,NA,NA,NA,NA,NA,NA,NA,NA,"P5"
"2567","SMU","fbs","American Athletic",2020,4039034,"Shane Buechele",2,2,9,1,-1.73978509475847,-0.869892547379237,-0.869892547379237,0,0,0,0,1,2,0.5,0,0,NA,NA,NA,NA,NA,NA,NA,NA,"G5"
"2567","SMU","fbs","American Athletic",2020,4039160,"Kylen Granson",46,9,9,5.11111111111111,24.8641232451907,0.540524418373712,2.76268036057675,498,10.8260869565217,55.3333333333333,0.5,30,46,0.652173913043478,4,0,135,209,232,353.5,398.5,74,115,154,"G5"
"2567","SMU","fbs","American Athletic",2020,4241888,"Reggie Roberson Jr.",25,3,9,8.33333333333333,28.2629079623444,1.13051631849378,9.42096932078146,445,17.8,148.333333333333,0.64,20,25,0.8,5,1,100,5,19,78.5,99,100,6,1,"G5"
"2567","SMU","fbs","American Athletic",2020,4243760,"Tyler Page",51,9,9,5.66666666666667,26.3737769336144,0.517132881051264,2.93041965929049,422,8.27450980392157,46.8888888888889,0.568627450980392,39,51,0.764705882352941,2,0,122,188,244,191,152,119,292,224,"G5"
"2567","SMU","fbs","American Athletic",2020,4243765,"Austin Upshaw",20,6,9,3.33333333333333,13.1051652892747,0.655258264463735,2.18419421487912,218,10.9,36.3333333333333,0.75,18,20,0.9,1,0,280,278,152,7,12.5,336,109,320,"G5"
"2567","SMU","fbs","American Athletic",2020,4243778,"Judah Bell",10,3,9,3.33333333333333,-0.875211655741566,-0.0875211655741566,-0.291737218580522,74,7.4,24.6666666666667,0.5,9,10,0.9,0,1,NA,NA,NA,NA,NA,NA,NA,NA,"G5"
"2567","SMU","fbs","American Athletic",2020,4360564,"TaMerik Williams",2,2,9,1,-0.750134830193916,-0.375067415096958,-0.375067415096958,6,3,3,0,2,2,1,0,0,NA,NA,NA,NA,NA,NA,NA,NA,"G5"
"2567","SMU","fbs","American Athletic",2020,4426689,"Ulysses Bentley IV",26,9,9,2.88888888888889,0.909026357728721,0.0349625522203354,0.101002928636525,174,6.69230769230769,19.3333333333333,0.346153846153846,21,26,0.807692307692308,1,0,524,528,526,577,91.5,413.5,454,548,"G5"
"2567","SMU","fbs","American Athletic",2020,4426935,"Donald Clay",1,1,9,1,-0.164608686000756,-0.164608686000756,-0.164608686000756,-1,-1,-1,0,1,1,1,0,0,NA,NA,NA,NA,NA,NA,NA,NA,"G5"
"2567","SMU","fbs","American Athletic",2020,4428331,"Rashee Rice",70,9,9,7.77777777777778,31.8430084739952,0.454900121057074,3.53811205266613,646,9.22857142857143,71.7777777777778,0.485714285714286,45,70,0.642857142857143,5,1,76,138,289,386.5,424,34.5,208,74,"G5"
"2567","SMU","fbs","American Athletic",2020,4430123,"TJ McDaniel",3,1,9,3,-1.650465595206,-0.550155198402001,-1.650465595206,6,2,6,0.333333333333333,3,3,1,0,0,NA,NA,NA,NA,NA,NA,NA,NA,"G5"
"2567","SMU","fbs","American Athletic",2020,4568581,"Keke Burns",2,2,9,1,-1.16352554788877,-0.581762773944387,-0.581762773944387,5,2.5,2.5,0,2,2,1,0,0,NA,NA,NA,NA,NA,NA,NA,NA,"G5"
"2567","SMU","fbs","American Athletic",2020,4568583,"Tyler Lavine",9,4,9,2.25,4.93071655549932,0.54785739505548,1.23267913887483,89,9.88888888888889,22.25,0.777777777777778,7,9,0.777777777777778,0,0,NA,NA,NA,NA,NA,NA,NA,NA,"G5"
"2567","SMU","fbs","American Athletic",2020,4689546,"Danny Gray",45,7,9,6.42857142857143,20.1273965387725,0.447275478639389,2.87534236268178,421,9.35555555555556,60.1428571428571,0.511111111111111,31,45,0.688888888888889,3,0,179,197,293,325,310.5,120.5,196,129,"G5"
"2572","Southern Miss","fbs","Conference USA",2020,4035573,"Grayson Gunter",11,5,9,2.2,4.63645768994701,0.421496153631547,0.927291537989402,93,8.45454545454546,18.6,0.545454545454545,8,11,0.727272727272727,0,0,NA,NA,NA,NA,NA,NA,NA,NA,"G5"
"2572","Southern Miss","fbs","Conference USA",2020,4245111,"Darius Maberry",1,1,9,1,-0.713265450476389,-0.713265450476389,-0.713265450476389,0,0,0,0,0,1,0,0,0,NA,NA,NA,NA,NA,NA,NA,NA,"G5"
"2572","Southern Miss","fbs","Conference USA",2020,4245131,"Tim Jones",44,6,9,7.33333333333333,41.3314964185239,0.939352191330088,6.88858273642065,480,10.9090909090909,80,0.636363636363636,30,44,0.681818181818182,4,0,31,17,41,81.5,333.5,81.5,108,53,"G5"
"2572","Southern Miss","fbs","Conference USA",2020,4362942,"Tate Whatley",1,1,9,1,-2.74220448779562,-2.74220448779562,-2.74220448779562,-19,-19,-19,0,1,1,1,0,0,NA,NA,NA,NA,NA,NA,NA,NA,"G5"
"2572","Southern Miss","fbs","Conference USA",2020,4374507,"Cole Cavallo",10,5,9,2,4.55291384785323,0.455291384785323,0.910582769570646,105,10.5,21,0.7,9,10,0.9,0,0,NA,NA,NA,NA,NA,NA,NA,NA,"G5"
"2572","Southern Miss","fbs","Conference USA",2020,4426613,"Dee Baker",3,3,9,1,-1.87584116388445,-0.625280387961484,-0.625280387961484,5,1.66666666666667,1.66666666666667,0.333333333333333,2,3,0.666666666666667,0,0,NA,NA,NA,NA,NA,NA,NA,NA,"G5"
"2572","Southern Miss","fbs","Conference USA",2020,4428904,"Antavious Willis",5,2,9,2.5,4.47713294179287,0.895426588358575,2.23856647089644,57,11.4,28.5,0.8,5,5,1,0,0,NA,NA,NA,NA,NA,NA,NA,NA,"G5"
"2572","Southern Miss","fbs","Conference USA",2020,4429805,"Frank Gore Jr.",9,6,9,1.5,6.04232814251579,0.671369793612866,1.0070546904193,97,10.7777777777778,16.1666666666667,0.666666666666667,9,9,1,1,0,NA,NA,NA,NA,NA,NA,NA,NA,"G5"
"2572","Southern Miss","fbs","Conference USA",2020,4570543,"Kevin Perkins",6,6,9,1,-1.01057844797591,-0.168429741329319,-0.168429741329319,26,4.33333333333333,4.33333333333333,0.166666666666667,6,6,1,0,0,NA,NA,NA,NA,NA,NA,NA,NA,"G5"
"2572","Southern Miss","fbs","Conference USA",2020,4570548,"Naricuss Driver",2,1,9,2,4.69128758536123,2.34564379268061,4.69128758536123,62,31,62,0.5,2,2,1,1,0,NA,NA,NA,NA,NA,NA,NA,NA,"G5"
"2572","Southern Miss","fbs","Conference USA",2020,4570550,"Demarcus Jones",36,8,9,4.5,8.3010004024089,0.230583344511358,1.03762505030111,254,7.05555555555556,31.75,0.527777777777778,26,36,0.722222222222222,1,0,374,423,433,284.5,231,282,420,386,"G5"
"2572","Southern Miss","fbs","Conference USA",2020,4570552,"Marquis McCoy",3,2,9,1.5,0.642355491280143,0.214118497093381,0.321177745640071,43,14.3333333333333,21.5,0.333333333333333,2,3,0.666666666666667,0,0,NA,NA,NA,NA,NA,NA,NA,NA,"G5"
"2572","Southern Miss","fbs","Conference USA",2020,4606713,"Brandon Hayes",7,3,9,2.33333333333333,4.44575271900981,0.635107531287116,1.48191757300327,49,7,16.3333333333333,0.714285714285714,5,7,0.714285714285714,0,0,NA,NA,NA,NA,NA,NA,NA,NA,"G5"
"2572","Southern Miss","fbs","Conference USA",2020,4689981,"Don Ragsdale",3,2,9,1.5,-2.98613647193016,-0.99537882397672,-1.49306823596508,1,0.333333333333333,0.5,0,1,3,0.333333333333333,0,0,NA,NA,NA,NA,NA,NA,NA,NA,"G5"
"2572","Southern Miss","fbs","Conference USA",2020,4689984,"Antoine Robinson",27,6,9,4.5,2.53932047670805,0.0940489065447425,0.423220079451341,176,6.51851851851852,29.3333333333333,0.407407407407407,19,27,0.703703703703704,0,0,494,495,504,527,275.5,406.5,468,415,"G5"
"2572","Southern Miss","fbs","Conference USA",2020,4689988,"Jason Brownlee",46,8,9,5.75,33.6827732903292,0.732234201963677,4.21034666129114,571,12.4130434782609,71.375,0.456521739130435,31,46,0.673913043478261,5,0,63,92,109,449,353.5,55,51,77,"G5"
"2572","Southern Miss","fbs","Conference USA",2020,4689989,"Natrone Brooks",1,1,9,1,-1.7670108891086,-1.7670108891086,-1.7670108891086,13,13,13,0,1,1,1,0,0,NA,NA,NA,NA,NA,NA,NA,NA,"G5"
"2579","South Carolina","fbs","SEC",2020,3929914,"Adam Prentice",2,2,10,1,0.250150701606261,0.12507535080313,0.12507535080313,13,6.5,6.5,0.5,2,2,1,0,0,NA,NA,NA,NA,NA,NA,NA,NA,"P5"
"2579","South Carolina","fbs","SEC",2020,4036357,"Collin Hill",2,2,10,1,-3.79341357432505,-1.89670678716252,-1.89670678716252,-14,-7,-7,0,2,2,1,0,0,NA,NA,NA,NA,NA,NA,NA,NA,"P5"
"2579","South Carolina","fbs","SEC",2020,4240032,"Zaquandre White",1,1,10,1,-1.28772696621254,-1.28772696621254,-1.28772696621254,-4,-4,-4,0,1,1,1,0,0,NA,NA,NA,NA,NA,NA,NA,NA,"P5"
"2579","South Carolina","fbs","SEC",2020,4249624,"Nick Muse",36,9,10,4,36.5897070597816,1.0163807516606,4.0655230066424,425,11.8055555555556,47.2222222222222,0.75,30,36,0.833333333333333,1,0,50,106,31,7,52,117,68,220,"P5"
"2579","South Carolina","fbs","SEC",2020,4259499,"Shi Smith",80,9,10,8.88888888888889,37.0377828845268,0.462972286056585,4.11530920939187,633,7.9125,70.3333333333333,0.5,57,80,0.7125,4,0,48,101,281,353.5,259,38,332,79,"P5"
"2579","South Carolina","fbs","SEC",2020,4362841,"Deshaun Fenwick",19,7,10,2.71428571428571,7.99609200214376,0.420846947481251,1.14229885744911,108,5.68421052631579,15.4285714285714,0.526315789473684,14,19,0.736842105263158,0,0,385,413,309,289,200,526,523,581,"P5"
"2579","South Carolina","fbs","SEC",2020,4362852,"Dakereon Joyner",8,4,10,2,6.76556327410384,0.84569540926298,1.69139081852596,64,8,16,0.5,7,8,0.875,1,1,NA,NA,NA,NA,NA,NA,NA,NA,"P5"
"2579","South Carolina","fbs","SEC",2020,4362862,"Josh Vann",16,7,10,2.28571428571429,8.39691022783247,0.524806889239529,1.19955860397607,82,5.125,11.7142857142857,0.5,9,16,0.5625,1,0,NA,NA,NA,NA,NA,NA,NA,NA,"P5"
"2579","South Carolina","fbs","SEC",2020,4389868,"Trey Adkins",2,1,10,2,-0.0945349873396127,-0.0472674936698064,-0.0945349873396127,20,10,20,0.5,2,2,1,0,0,NA,NA,NA,NA,NA,NA,NA,NA,"P5"
"2579","South Carolina","fbs","SEC",2020,4428079,"Keveon Mullins",4,2,10,2,6.19600497709642,1.54900124427411,3.09800248854821,110,27.5,55,0.5,3,4,0.75,0,0,NA,NA,NA,NA,NA,NA,NA,NA,"P5"
"2579","South Carolina","fbs","SEC",2020,4429079,"Luke Doty",1,1,10,1,-0.873888595454832,-0.873888595454832,-0.873888595454832,0,0,0,0,0,1,0,0,0,NA,NA,NA,NA,NA,NA,NA,NA,"P5"
"2579","South Carolina","fbs","SEC",2020,4429212,"Rashad Amos",4,2,10,2,-2.0253177206469,-0.506329430161725,-1.01265886032345,13,3.25,6.5,0.5,3,4,0.75,0,0,NA,NA,NA,NA,NA,NA,NA,NA,"P5"
"2579","South Carolina","fbs","SEC",2020,4429262,"Jaheim Bell",1,1,10,1,1.74809425690329,1.74809425690329,1.74809425690329,29,29,29,1,1,1,1,0,0,NA,NA,NA,NA,NA,NA,NA,NA,"P5"
"2579","South Carolina","fbs","SEC",2020,4429800,"Ger-Cari Caldwell",1,1,10,1,0.432480099967484,0.432480099967484,0.432480099967484,5,5,5,1,1,1,1,0,0,NA,NA,NA,NA,NA,NA,NA,NA,"P5"
"2579","South Carolina","fbs","SEC",2020,4430034,"Xavier Legette",10,3,10,3.33333333333333,9.07544241996527,0.907544241996527,3.02514747332176,113,11.3,37.6666666666667,0.5,7,10,0.7,0,0,NA,NA,NA,NA,NA,NA,NA,NA,"P5"
"2579","South Carolina","fbs","SEC",2020,4430654,"Rico Powers Jr.",5,1,10,5,-3.40986997790686,-0.681973995581372,-3.40986997790686,19,3.8,19,0.4,2,5,0.4,0,0,NA,NA,NA,NA,NA,NA,NA,NA,"P5"
"2579","South Carolina","fbs","SEC",2020,4570674,"Kevin Harris",27,8,10,3.375,15.3613845831142,0.568940169744972,1.92017307288928,159,5.88888888888889,19.875,0.518518518518518,21,27,0.777777777777778,1,0,243,309,214,306.5,131.5,438,512.5,542,"P5"
"2579","South Carolina","fbs","SEC",2020,4692835,"Jalen Brooks",24,5,10,4.8,-4.25701107193703,-0.17737546133071,-0.851402214387407,100,4.16666666666667,20,0.375,11,24,0.458333333333333,0,0,588,593,587,561.5,606,543.5,593,540.5,"P5"
"258","Virginia","fbs","ACC",2020,3935232,"Shane Simpson",15,9,9,1.66666666666667,-0.377494877627469,-0.0251663251751646,-0.041943875291941,111,7.4,12.3333333333333,0.266666666666667,11,15,0.733333333333333,1,0,NA,NA,NA,NA,NA,NA,NA,NA,"P5"
"258","Virginia","fbs","ACC",2020,4032625,"Ra'Shaun Henry",14,4,9,3.5,7.64433788205527,0.54602413443252,1.91108447051382,154,11,38.5,0.428571428571429,6,14,0.428571428571429,3,0,NA,NA,NA,NA,NA,NA,NA,NA,"P5"
"258","Virginia","fbs","ACC",2020,4039271,"Tony Poljan",94,8,9,11.75,8.10247697468275,0.0861965635604548,1.01280962183534,700,7.4468085106383,87.5,0.531914893617021,66,94,0.702127659574468,16,4,379,425,506,273,278.5,24,378,39,"P5"
"258","Virginia","fbs","ACC",2020,4240838,"Terrell Jana",58,9,9,6.44444444444444,18.8349248607639,0.324740083806274,2.09276942897376,388,6.68965517241379,43.1111111111111,0.46551724137931,34,58,0.586206896551724,0,1,198,289,368,436.5,521.5,148.5,455,254,"P5"
"258","Virginia","fbs","ACC",2020,4240842,"Hayden Mitchell",1,1,9,1,-0.35609136415171,-0.35609136415171,-0.35609136415171,1,1,1,0,1,1,1,0,0,NA,NA,NA,NA,NA,NA,NA,NA,"P5"
"258","Virginia","fbs","ACC",2020,4242243,"Keytaon Thompson",7,3,9,2.33333333333333,-0.579410952926182,-0.0827729932751688,-0.193136984308727,29,4.14285714285714,9.66666666666667,0.428571428571429,4,7,0.571428571428571,1,0,NA,NA,NA,NA,NA,NA,NA,NA,"P5"
"258","Virginia","fbs","ACC",2020,4370775,"Brennan Armstrong",7,2,9,3.5,19.5563917722803,2.79377025318289,9.77819588614013,46,6.57142857142857,23,0.857142857142857,6,7,0.857142857142857,6,0,NA,NA,NA,NA,NA,NA,NA,NA,"P5"
"258","Virginia","fbs","ACC",2020,4370796,"Tavares Kelly",15,5,9,3,-5.42998569455289,-0.361999046303526,-1.08599713891058,38,2.53333333333333,7.6,0.333333333333333,9,15,0.6,0,0,NA,NA,NA,NA,NA,NA,NA,NA,"P5"
"258","Virginia","fbs","ACC",2020,4370797,"Billy Kemp",88,9,9,9.77777777777778,20.7372833769314,0.23565094746513,2.30414259743683,585,6.64772727272727,65,0.488636363636364,63,88,0.715909090909091,1,1,170,260,429,384,246,50,462,105.5,"P5"
"258","Virginia","fbs","ACC",2020,4370813,"Wayne Taulapapa",18,5,9,3.6,-3.22669171840747,-0.179260651022637,-0.645338343681495,71,3.94444444444444,14.2,0.333333333333333,12,18,0.666666666666667,0,0,576,586,588,582,370.5,590,598,590.5,"P5"
"258","Virginia","fbs","ACC",2020,4429219,"Ira Armstead",1,1,9,1,0.290640506472837,0.290640506472837,0.290640506472837,5,5,5,1,1,1,1,0,0,NA,NA,NA,NA,NA,NA,NA,NA,"P5"
"258","Virginia","fbs","ACC",2020,4431058,"Lavel Davis",25,5,9,5,20.8260888192551,0.833043552770203,4.16521776385102,324,12.96,64.8,0.6,15,25,0.6,2,0,166,95,66,136.5,504,200,35,108.5,"P5"
"258","Virginia","fbs","ACC",2020,4568492,"Nick Jackson",1,1,9,1,5.34916045563831,5.34916045563831,5.34916045563831,26,26,26,1,1,1,1,0,0,NA,NA,NA,NA,NA,NA,NA,NA,"P5"
"258","Virginia","fbs","ACC",2020,4613165,"Demick Starling",3,2,9,1.5,-1.12817317374034,-0.376057724580112,-0.564086586870169,9,3,4.5,0.333333333333333,2,3,0.666666666666667,0,0,NA,NA,NA,NA,NA,NA,NA,NA,"P5"
"258","Virginia","fbs","ACC",2020,4695248,"Tony Poljan",5,1,9,5,1.9497687333548,0.389953746670961,1.9497687333548,44,8.8,44,0.6,4,5,0.8,0,0,NA,NA,NA,NA,NA,NA,NA,NA,"P5"
"258","Virginia","fbs","ACC",2020,4695249,"Lavel Davis Jr.",7,1,9,7,6.71323187342728,0.959033124775326,6.71323187342728,101,14.4285714285714,101,0.571428571428571,4,7,0.571428571428571,2,0,NA,NA,NA,NA,NA,NA,NA,NA,"P5"
"259","Virginia Tech","fbs","ACC",2020,4035886,"Khalil Herbert",14,6,11,2.33333333333333,6.52867886094991,0.466334204353565,1.08811314349165,179,12.7857142857143,29.8333333333333,0.428571428571429,10,14,0.714285714285714,1,0,NA,NA,NA,NA,NA,NA,NA,NA,"P5"
"259","Virginia Tech","fbs","ACC",2020,4035896,"Evan Fairs",2,2,11,1,2.29541284580173,1.14770642290087,1.14770642290087,18,9,9,1,2,2,1,0,0,NA,NA,NA,NA,NA,NA,NA,NA,"P5"
"259","Virginia Tech","fbs","ACC",2020,4051829,"Changa Hodge",5,2,11,2.5,1.10410426248443,0.220820852496886,0.552052131242216,25,5,12.5,0.6,3,5,0.6,0,0,NA,NA,NA,NA,NA,NA,NA,NA,"P5"
"259","Virginia Tech","fbs","ACC",2020,4240858,"Hendon Hooker",1,1,11,1,1.3665157441992,1.3665157441992,1.3665157441992,20,20,20,1,1,1,1,0,0,NA,NA,NA,NA,NA,NA,NA,NA,"P5"
"259","Virginia Tech","fbs","ACC",2020,4259308,"Raheem Blackshear",23,9,11,2.55555555555556,2.41810927915698,0.105135186050304,0.26867880879522,154,6.69565217391304,17.1111111111111,0.391304347826087,18,23,0.782608695652174,0,0,496,515,492,550,123.5,449,453,569,"P5"
"259","Virginia Tech","fbs","ACC",2020,4260193,"Drake Deiuliis",5,3,11,1.66666666666667,0.595786836720633,0.119157367344127,0.198595612240211,33,6.6,11,0.4,4,5,0.8,0,0,NA,NA,NA,NA,NA,NA,NA,NA,"P5"
"259","Virginia Tech","fbs","ACC",2020,4260206,"Jalen Holston",3,2,11,1.5,6.62071680659111,2.20690560219704,3.31035840329555,58,19.3333333333333,29,0.666666666666667,3,3,1,0,0,NA,NA,NA,NA,NA,NA,NA,NA,"P5"
"259","Virginia Tech","fbs","ACC",2020,4361960,"Tre Turner",46,10,11,4.6,27.2006891025173,0.591319328315593,2.72006891025173,529,11.5,52.9,0.630434782608696,34,46,0.739130434782609,3,1,111,214,200,89,195.5,66,80,177,"P5"
"259","Virginia Tech","fbs","ACC",2020,4361973,"Kaleb Smith",9,5,11,1.8,9.06241215669242,1.00693468407694,1.81248243133848,90,10,18,0.666666666666667,8,9,0.888888888888889,1,0,NA,NA,NA,NA,NA,NA,NA,NA,"P5"
"259","Virginia Tech","fbs","ACC",2020,4361988,"James Mitchell",41,9,11,4.55555555555556,23.4138109407386,0.571068559530211,2.60153454897096,435,10.609756097561,48.3333333333333,0.536585365853659,26,41,0.634146341463415,4,0,145,230,212,264,443,107,126,209,"P5"
"259","Virginia Tech","fbs","ACC",2020,4428367,"Tayvion Robinson",54,11,11,4.90909090909091,32.9456840550755,0.610105260279175,2.99506218682504,588,10.8888888888889,53.4545454545455,0.555555555555556,37,54,0.685185185185185,3,0,70,182,178,215.5,325,49,111,171,"P5"
"259","Virginia Tech","fbs","ACC",2020,4568450,"Nick Gallo",13,6,11,2.16666666666667,9.13748920525646,0.702883785019728,1.52291486754274,75,5.76923076923077,12.5,0.461538461538462,10,13,0.769230769230769,1,0,NA,NA,NA,NA,NA,NA,NA,NA,"P5"
"26","UCLA","fbs","Pac-12",2020,4035826,"Demetric Felton",27,6,6,4.5,7.20660872105513,0.266911434113153,1.20110145350919,159,5.88888888888889,26.5,0.407407407407407,22,27,0.814814814814815,3,0,398,404,406,527,81.5,438,512.5,449,"P5"
"26","UCLA","fbs","Pac-12",2020,4036032,"Brittain Brown",5,3,6,1.66666666666667,6.3044786059979,1.26089572119958,2.10149286866597,62,12.4,20.6666666666667,0.6,4,5,0.8,1,0,NA,NA,NA,NA,NA,NA,NA,NA,"P5"
"26","UCLA","fbs","Pac-12",2020,4062711,"Ethan Fernea",2,2,6,1,4.27354059135231,2.13677029567615,2.13677029567615,46,23,23,1,2,2,1,1,0,NA,NA,NA,NA,NA,NA,NA,NA,"P5"
"26","UCLA","fbs","Pac-12",2020,4367175,"Kyle Philips",46,6,6,7.66666666666667,12.4165886641923,0.26992584052592,2.06943144403206,309,6.71739130434783,51.5,0.543478260869565,31,46,0.673913043478261,1,0,287,291,405,248,353.5,213.5,450,185,"P5"
"26","UCLA","fbs","Pac-12",2020,4367180,"Kazmeir Allen",4,2,6,2,3.00249031046076,0.75062257761519,1.50124515523038,40,10,20,0.75,3,4,0.75,0,0,NA,NA,NA,NA,NA,NA,NA,NA,"P5"
"26","UCLA","fbs","Pac-12",2020,4367186,"Chase Cota",14,4,6,3.5,-3.57039198423284,-0.255027998873774,-0.89259799605821,43,3.07142857142857,10.75,0.285714285714286,9,14,0.642857142857143,1,0,581,597,599,605.5,424,615,616,610,"P5"
"26","UCLA","fbs","Pac-12",2020,4367189,"Delon Hurt",8,2,6,4,7.65316052613753,0.956645065767192,3.82658026306877,105,13.125,52.5,0.75,7,8,0.875,1,0,NA,NA,NA,NA,NA,NA,NA,NA,"P5"
"26","UCLA","fbs","Pac-12",2020,4367209,"Greg Dulcich",31,6,6,5.16666666666667,37.474756721144,1.2088631200369,6.24579278685733,479,15.4516129032258,79.8333333333333,0.645161290322581,24,31,0.774193548387097,3,0,44,34,15,73,138.5,83,11,54,"P5"
"26","UCLA","fbs","Pac-12",2020,4427634,"Keegan Jones",4,2,6,2,1.7748616848964,0.4437154212241,0.8874308424482,31,7.75,15.5,0.5,2,4,0.5,1,0,NA,NA,NA,NA,NA,NA,NA,NA,"P5"
"26","UCLA","fbs","Pac-12",2020,4430255,"Charles Njoku",5,2,6,2.5,2.78445416807706,0.556890833615413,1.39222708403853,41,8.2,20.5,0.6,3,5,0.6,1,0,NA,NA,NA,NA,NA,NA,NA,NA,"P5"
"26","UCLA","fbs","Pac-12",2020,4433909,"Matt Sykes",2,2,6,1,0.267504666468549,0.133752333234274,0.133752333234274,11,5.5,5.5,0.5,2,2,1,0,0,NA,NA,NA,NA,NA,NA,NA,NA,"P5"
"26","UCLA","fbs","Pac-12",2020,4569420,"Jaylen Erwin",2,1,6,2,1.30345499534419,0.651727497672094,1.30345499534419,22,11,22,0.5,1,2,0.5,0,0,NA,NA,NA,NA,NA,NA,NA,NA,"P5"
"26","UCLA","fbs","Pac-12",2020,4569431,"Mike Martinez",3,2,6,1.5,5.78501918035629,1.92833972678543,2.89250959017814,31,10.3333333333333,15.5,1,3,3,1,1,0,NA,NA,NA,NA,NA,NA,NA,NA,"P5"
"2628","TCU","fbs","Big 12",2020,4034860,"JD Spielman",3,1,10,3,-0.0239913739726511,-0.00799712465755036,-0.0239913739726511,19,6.33333333333333,19,0.333333333333333,2,3,0.666666666666667,0,0,NA,NA,NA,NA,NA,NA,NA,NA,"P5"
"2628","TCU","fbs","Big 12",2020,4038536,"Dylan Thomas",3,2,10,1.5,4.3494776261291,1.44982587537637,2.17473881306455,37,12.3333333333333,18.5,1,3,3,1,0,0,NA,NA,NA,NA,NA,NA,NA,NA,"P5"
"2628","TCU","fbs","Big 12",2020,4038556,"Artayvious Lynn",5,4,10,1.25,1.37069763967376,0.274139527934752,0.34267440991844,33,6.6,8.25,0.8,5,5,1,0,0,NA,NA,NA,NA,NA,NA,NA,NA,"P5"
"2628","TCU","fbs","Big 12",2020,4259331,"Carter Ware",3,3,10,1,4.31132832963911,1.43710944321304,1.43710944321304,40,13.3333333333333,13.3333333333333,1,3,3,1,1,0,NA,NA,NA,NA,NA,NA,NA,NA,"P5"
"2628","TCU","fbs","Big 12",2020,4362430,"Taye Barber",40,9,10,4.44444444444444,7.08924687697136,0.177231171924284,0.787694097441263,296,7.4,32.8888888888889,0.475,30,40,0.75,1,0,401,455,455,412.5,180,229,385.5,363,"P5"
"2628","TCU","fbs","Big 12",2020,4362442,"Pro Wells",17,7,10,2.42857142857143,20.0354097946365,1.17855351733156,2.86220139923378,195,11.4705882352941,27.8571428571429,0.529411764705882,13,17,0.764705882352941,3,0,NA,NA,NA,NA,NA,NA,NA,NA,"P5"
"2628","TCU","fbs","Big 12",2020,4362477,"Derius Davis",20,8,10,2.5,15.7263304108607,0.786316520543034,1.96579130135758,209,10.45,26.125,0.5,15,20,0.75,1,0,239,306,77,353.5,180,352.5,137,452,"P5"
"2628","TCU","fbs","Big 12",2020,4362478,"Emari Demercado",12,5,10,2.4,2.99065103087914,0.249220919239928,0.598130206175828,110,9.16666666666667,22,0.583333333333333,10,12,0.833333333333333,0,0,NA,NA,NA,NA,NA,NA,NA,NA,"P5"
"2628","TCU","fbs","Big 12",2020,4362483,"Tevailance Hunt",3,1,10,3,-3.69606849643873,-1.23202283214624,-3.69606849643873,7,2.33333333333333,7,0.333333333333333,2,3,0.666666666666667,0,0,NA,NA,NA,NA,NA,NA,NA,NA,"P5"
"2628","TCU","fbs","Big 12",2020,4362489,"John Stephens Jr.",1,1,10,1,-1.13951942414312,-1.13951942414312,-1.13951942414312,5,5,5,0,1,1,1,0,0,NA,NA,NA,NA,NA,NA,NA,NA,"P5"
"2628","TCU","fbs","Big 12",2020,4379400,"Matthew Downing",1,1,10,1,5.08531137853623,5.08531137853623,5.08531137853623,37,37,37,1,1,1,1,1,0,NA,NA,NA,NA,NA,NA,NA,NA,"P5"
"2628","TCU","fbs","Big 12",2020,4426635,"Darwin Barlow",18,10,10,1.8,-8.28868467747793,-0.460482482082107,-0.828868467747793,44,2.44444444444444,4.4,0.222222222222222,9,18,0.5,0,0,NA,NA,NA,NA,NA,NA,NA,NA,"P5"
"2628","TCU","fbs","Big 12",2020,4426965,"Blair Conwright",21,6,10,3.5,7.29364526145347,0.347316441021594,1.21560754357558,176,8.38095238095238,29.3333333333333,0.523809523809524,16,21,0.761904761904762,0,0,396,401,349,292.5,156,406.5,278,415,"P5"
"2628","TCU","fbs","Big 12",2020,4427105,"Max Duggan",4,2,10,2,13.9691673446513,3.49229183616283,6.98458367232566,106,26.5,53,0.75,4,4,1,3,0,NA,NA,NA,NA,NA,NA,NA,NA,"P5"
"2628","TCU","fbs","Big 12",2020,4427217,"Daimarqua Foster",10,4,10,2.5,-2.29839742353663,-0.229839742353663,-0.574599355884156,48,4.8,12,0.4,7,10,0.7,0,0,NA,NA,NA,NA,NA,NA,NA,NA,"P5"
"2628","TCU","fbs","Big 12",2020,4429025,"Quentin Johnston",32,8,10,4,20.3992391753107,0.637476224228459,2.54990489691384,450,14.0625,56.25,0.59375,21,32,0.65625,1,0,175,238,164,150.5,391.5,98,17,150.5,"P5"
"2628","TCU","fbs","Big 12",2020,4431487,"Savion Williams",2,2,10,1,-1.30996764368719,-0.654983821843594,-0.654983821843594,8,4,4,0.5,1,2,0.5,0,0,NA,NA,NA,NA,NA,NA,NA,NA,"P5"
"2628","TCU","fbs","Big 12",2020,4569350,"Mikel Barkley",8,5,10,1.6,-2.93511150456114,-0.366888938070143,-0.587022300912228,36,4.5,7.2,0.25,7,8,0.875,0,0,NA,NA,NA,NA,NA,NA,NA,NA,"P5"
"2628","TCU","fbs","Big 12",2020,4599739,"Kendre Miller",3,3,10,1,-2.84713974025145,-0.949046580083817,-0.949046580083817,-4,-1.33333333333333,-1.33333333333333,0,1,3,0.333333333333333,0,0,NA,NA,NA,NA,NA,NA,NA,NA,"P5"
"2628","TCU","fbs","Big 12",2020,4685035,"Zach Evans",11,6,10,1.83333333333333,-0.205646903809155,-0.0186951730735596,-0.0342744839681925,76,6.90909090909091,12.6666666666667,0.454545454545455,8,11,0.727272727272727,0,0,NA,NA,NA,NA,NA,NA,NA,NA,"P5"
"2633","Tennessee","fbs","SEC",2020,4035198,"Brandon Edward Johnson",25,7,9,3.57142857142857,14.2379781083707,0.569519124334827,2.03399687262438,231,9.24,33,0.64,19,25,0.76,0,0,259,298,213,78.5,160.5,311.5,207,362,"P5"
"2633","Tennessee","fbs","SEC",2020,4035693,"Velus Jones Jr.",32,9,9,3.55555555555556,19.2829726161445,0.602592894254517,2.14255251290495,324,10.125,36,0.53125,25,32,0.78125,3,0,194,288,186,275.5,127,200,148,325.5,"P5"
"2633","Tennessee","fbs","SEC",2020,4242431,"Ty Chandler",14,8,9,1.75,0.556905020159747,0.0397789300114105,0.0696131275199683,96,6.85714285714286,12,0.571428571428571,13,14,0.928571428571429,0,0,NA,NA,NA,NA,NA,NA,NA,NA,"P5"
"2633","Tennessee","fbs","SEC",2020,4242433,"Josh Palmer",54,9,9,6,19.6596587598844,0.364067754812674,2.18440652887604,420,7.77777777777778,46.6666666666667,0.481481481481481,30,54,0.555555555555556,4,0,187,277,339,395,559.5,122.5,341,225,"P5"
"2633","Tennessee","fbs","SEC",2020,4242442,"Princeton Fant",10,5,9,2,3.92366139014179,0.392366139014178,0.784732278028357,76,7.6,15.2,0.7,9,10,0.9,1,0,NA,NA,NA,NA,NA,NA,NA,NA,"P5"
"2633","Tennessee","fbs","SEC",2020,4242446,"LaTrell Bumphus",1,1,9,1,1.35052396185806,1.35052396185806,1.35052396185806,9,9,9,1,1,1,1,0,0,NA,NA,NA,NA,NA,NA,NA,NA,"P5"
"2633","Tennessee","fbs","SEC",2020,4369863,"Cedric Tillman",3,1,9,3,-1.89536677329548,-0.631788924431828,-1.89536677329548,6,2,6,0.333333333333333,1,3,0.333333333333333,0,0,NA,NA,NA,NA,NA,NA,NA,NA,"P5"
"2633","Tennessee","fbs","SEC",2020,4369864,"Jacob Warren",5,3,9,1.66666666666667,1.9897889882803,0.39795779765606,0.663262996093433,40,8,13.3333333333333,0.6,5,5,1,0,0,NA,NA,NA,NA,NA,NA,NA,NA,"P5"
"2633","Tennessee","fbs","SEC",2020,4426350,"Henry To'o To'o",2,1,9,2,4.21465041341323,2.10732520670661,4.21465041341323,31,15.5,31,0.5,1,2,0.5,0,0,NA,NA,NA,NA,NA,NA,NA,NA,"P5"
"2633","Tennessee","fbs","SEC",2020,4426399,"Ramel Keyton",16,6,9,2.66666666666667,-3.0396773886813,-0.189979836792581,-0.50661289811355,76,4.75,12.6666666666667,0.5,9,16,0.5625,0,0,NA,NA,NA,NA,NA,NA,NA,NA,"P5"
"2633","Tennessee","fbs","SEC",2020,4429804,"Jimmy Calloway",3,2,9,1.5,1.07760929195469,0.35920309731823,0.538804645977345,20,6.66666666666667,10,0.666666666666667,2,3,0.666666666666667,0,0,NA,NA,NA,NA,NA,NA,NA,NA,"P5"
"2633","Tennessee","fbs","SEC",2020,4432545,"Jabari Small",5,4,9,1.25,-3.50787288118239,-0.701574576236477,-0.876968220295597,24,4.8,6,0.2,4,5,0.8,0,0,NA,NA,NA,NA,NA,NA,NA,NA,"P5"
"2633","Tennessee","fbs","SEC",2020,4570561,"Eric Gray",32,9,9,3.55555555555556,16.6259963241617,0.519562385130053,1.84733292490685,254,7.9375,28.2222222222222,0.625,30,32,0.9375,2,0,224,317,243,93.5,7.5,282,329,423,"P5"
"2633","Tennessee","fbs","SEC",2020,4692553,"Will Albright",1,1,9,1,-1.67016895966909,-1.67016895966909,-1.67016895966909,2,2,2,0,1,1,1,0,0,NA,NA,NA,NA,NA,NA,NA,NA,"P5"
"2633","Tennessee","fbs","SEC",2020,4692590,"Jalin Hyatt",24,7,9,3.42857142857143,15.8128316047493,0.658867983531219,2.25897594353561,269,11.2083333333333,38.4285714285714,0.541666666666667,19,24,0.791666666666667,2,0,238,267,150,250,107.5,260,92,295,"P5"
"2633","Tennessee","fbs","SEC",2020,4692660,"Malachi Wideman",3,1,9,3,-1.83645622074835,-0.612152073582782,-1.83645622074835,24,8,24,0.333333333333333,1,3,0.333333333333333,0,0,NA,NA,NA,NA,NA,NA,NA,NA,"P5"
"2636","UTSA","fbs","Conference USA",2020,4044520,"Brennon Dingle",37,10,10,3.7,-3.76409911983993,-0.101732408644322,-0.376409911983993,221,5.97297297297297,22.1,0.324324324324324,24,37,0.648648648648649,2,0,582,568,570,587,409.5,329.5,509,512,"G5"
"2636","UTSA","fbs","Conference USA",2020,4245186,"Frank Harris",1,1,10,1,3.62859555165305,3.62859555165305,3.62859555165305,8,8,8,1,1,1,1,0,0,NA,NA,NA,NA,NA,NA,NA,NA,"G5"
"2636","UTSA","fbs","Conference USA",2020,4245196,"B.J. Daniels",1,1,10,1,-0.901412693728479,-0.901412693728479,-0.901412693728479,0,0,0,0,1,1,1,0,0,NA,NA,NA,NA,NA,NA,NA,NA,"G5"
"2636","UTSA","fbs","Conference USA",2020,4360177,"Julon Williams",7,5,10,1.4,-2.40730330235198,-0.343900471764568,-0.481460660470395,22,3.14285714285714,4.4,0.285714285714286,5,7,0.714285714285714,0,0,NA,NA,NA,NA,NA,NA,NA,NA,"G5"
"2636","UTSA","fbs","Conference USA",2020,4362983,"Tykee Ogle-Kellogg",16,4,10,4,10.9983892943439,0.687399330896494,2.74959732358598,146,9.125,36.5,0.625,11,16,0.6875,1,0,NA,NA,NA,NA,NA,NA,NA,NA,"G5"
"2636","UTSA","fbs","Conference USA",2020,4362985,"Brenden Brady",8,4,10,2,1.00733317970268,0.125916647462835,0.25183329492567,40,5,10,0.5,7,8,0.875,1,0,NA,NA,NA,NA,NA,NA,NA,NA,"G5"
"2636","UTSA","fbs","Conference USA",2020,4363002,"Andrew McGowan",1,1,10,1,1.73004369048716,1.73004369048716,1.73004369048716,33,33,33,1,1,1,1,0,0,NA,NA,NA,NA,NA,NA,NA,NA,"G5"
"2636","UTSA","fbs","Conference USA",2020,4363003,"Gavin Sharp",10,4,10,2.5,0.102866496836989,0.0102866496836989,0.0257166242092473,59,5.9,14.75,0.4,5,10,0.5,0,0,NA,NA,NA,NA,NA,NA,NA,NA,"G5"
"2636","UTSA","fbs","Conference USA",2020,4363005,"Sheldon Jones",10,6,10,1.66666666666667,3.56272569547679,0.356272569547679,0.593787615912799,80,8,13.3333333333333,0.5,7,10,0.7,0,0,NA,NA,NA,NA,NA,NA,NA,NA,"G5"
"2636","UTSA","fbs","Conference USA",2020,4426857,"Oscar Cardenas",2,2,10,1,3.11541347149166,1.55770673574583,1.55770673574583,25,12.5,12.5,1,2,2,1,0,0,NA,NA,NA,NA,NA,NA,NA,NA,"G5"
"2636","UTSA","fbs","Conference USA",2020,4426893,"Joshua Cephus",65,10,10,6.5,28.9128838359831,0.444813597476662,2.89128838359831,339,5.21538461538462,33.9,0.553846153846154,45,65,0.692307692307692,2,0,92,194,294,222,301,185,550,352,"G5"
"2636","UTSA","fbs","Conference USA",2020,4426919,"De'Corian Clark",9,3,10,3,5.66884266055115,0.629871406727905,1.88961422018372,56,6.22222222222222,18.6666666666667,0.555555555555556,7,9,0.777777777777778,1,0,NA,NA,NA,NA,NA,NA,NA,NA,"G5"
"2636","UTSA","fbs","Conference USA",2020,4427225,"Zakhari Franklin",73,9,10,8.11111111111111,19.4303024035822,0.266168526076469,2.15892248928691,558,7.64383561643836,62,0.465753424657534,45,73,0.616438356164384,6,1,190,285,408,435,473,58,361,120,"G5"
"2636","UTSA","fbs","Conference USA",2020,4430104,"Sincere McCormick",18,8,10,2.25,0.0404711452965519,0.00224839696091955,0.00505889316206899,58,3.22222222222222,7.25,0.388888888888889,15,18,0.833333333333333,0,0,NA,NA,NA,NA,NA,NA,NA,NA,"G5"
"2636","UTSA","fbs","Conference USA",2020,4570018,"Leroy Watson",13,5,10,2.6,7.67059082901152,0.590045448385502,1.5341181658023,120,9.23076923076923,24,0.615384615384615,11,13,0.846153846153846,0,0,NA,NA,NA,NA,NA,NA,NA,NA,"G5"
"2638","UTEP","fbs","Conference USA",2020,4039599,"Devaughn Cooper",17,5,6,3.4,4.0427927838962,0.237811340229188,0.80855855677924,117,6.88235294117647,23.4,0.411764705882353,8,17,0.470588235294118,1,0,466,453,426,520,602,510,427.5,485.5,"G5"
"2638","UTEP","fbs","Conference USA",2020,4048768,"Walter Dawn Jr.",27,5,6,5.4,-1.41527118959823,-0.0524174514666009,-0.283054237919645,179,6.62962962962963,35.8,0.407407407407407,17,27,0.62962962962963,0,1,559,559,555,527,455,399,463,330,"G5"
"2638","UTEP","fbs","Conference USA",2020,4245238,"Joshua Fields",1,1,6,1,-0.71134225614261,-0.71134225614261,-0.71134225614261,0,0,0,0,0,1,0,0,0,NA,NA,NA,NA,NA,NA,NA,NA,"G5"
"2638","UTEP","fbs","Conference USA",2020,4245242,"Ronald Awatt",1,1,6,1,-1.05255350228858,-1.05255350228858,-1.05255350228858,0,0,0,0,0,1,0,0,0,NA,NA,NA,NA,NA,NA,NA,NA,"G5"
"2638","UTEP","fbs","Conference USA",2020,4362034,"Justin Garrett",43,6,6,7.16666666666667,34.4416550829106,0.800968722858386,5.74027584715177,401,9.32558139534884,66.8333333333333,0.627906976744186,30,43,0.697674418604651,2,1,60,39,72,90,291,136.5,198,97.5,"G5"
"2638","UTEP","fbs","Conference USA",2020,4362045,"James Tupou",2,1,6,2,-1.72777483606739,-0.863887418033695,-1.72777483606739,1,0.5,1,0,1,2,0.5,0,0,NA,NA,NA,NA,NA,NA,NA,NA,"G5"
"2638","UTEP","fbs","Conference USA",2020,4362052,"Trent Thompson",3,2,6,1.5,3.23937046368479,1.0797901545616,1.61968523184239,36,12,18,0.333333333333333,1,3,0.333333333333333,0,0,NA,NA,NA,NA,NA,NA,NA,NA,"G5"
"2638","UTEP","fbs","Conference USA",2020,4431078,"Willie Eldridge",2,1,6,2,2.56956884381312,1.28478442190656,2.56956884381312,-1,-0.5,-1,0.5,1,2,0.5,0,0,NA,NA,NA,NA,NA,NA,NA,NA,"G5"
"2638","UTEP","fbs","Conference USA",2020,4570007,"Miles Banks",3,2,6,1.5,0.263737519711758,0.087912506570586,0.131868759855879,22,7.33333333333333,11,0.666666666666667,3,3,1,0,0,NA,NA,NA,NA,NA,NA,NA,NA,"G5"
"2638","UTEP","fbs","Conference USA",2020,4575664,"Jeremiah Byers",1,1,6,1,-0.475442551820318,-0.475442551820318,-0.475442551820318,3,3,3,0,1,1,1,0,0,NA,NA,NA,NA,NA,NA,NA,NA,"G5"
"2638","UTEP","fbs","Conference USA",2020,4575665,"Jacob Cowing",51,6,6,8.5,22.4032962907574,0.439280319426616,3.73388271512623,465,9.11764705882353,77.5,0.431372549019608,26,51,0.509803921568627,3,0,157,125,297,489,585.5,86,216,57.5,"G5"
"2638","UTEP","fbs","Conference USA",2020,4575667,"Deion Hankins",1,1,6,1,-0.862341161490898,-0.862341161490898,-0.862341161490898,3,3,3,0,1,1,1,0,0,NA,NA,NA,NA,NA,NA,NA,NA,"G5"
"2638","UTEP","fbs","Conference USA",2020,4686546,"Adam Cousins",1,1,6,1,0.330333877599198,0.330333877599198,0.330333877599198,7,7,7,1,1,1,1,0,0,NA,NA,NA,NA,NA,NA,NA,NA,"G5"
"2638","UTEP","fbs","Conference USA",2020,4689874,"Deshaun Trotter",1,1,6,1,-0.0650045775287186,-0.0650045775287186,-0.0650045775287186,3,3,3,0,1,1,1,0,0,NA,NA,NA,NA,NA,NA,NA,NA,"G5"
"2638","UTEP","fbs","Conference USA",2020,4689887,"Josh Farr",3,1,6,3,-0.990715601083988,-0.330238533694663,-0.990715601083988,11,3.66666666666667,11,0.333333333333333,2,3,0.666666666666667,0,0,NA,NA,NA,NA,NA,NA,NA,NA,"G5"
"264","Washington","fbs","Pac-12",2020,4039008,"Kamari Pleasant",9,3,4,3,2.45178498075665,0.272420553417405,0.817261660252216,66,7.33333333333333,22,0.555555555555556,8,9,0.888888888888889,0,0,495,452,403,215.5,19,596,393,515,"P5"
"264","Washington","fbs","Pac-12",2020,4039009,"Sean McGrew",6,3,4,2,-3.05980752331887,-0.509967920553144,-1.01993584110629,13,2.16666666666667,4.33333333333333,0.333333333333333,3,6,0.5,0,0,NA,NA,NA,NA,NA,NA,NA,NA,"P5"
"264","Washington","fbs","Pac-12",2020,4039019,"Jordan Chin",1,1,4,1,-0.24971007833762,-0.24971007833762,-0.24971007833762,3,3,3,0,1,1,1,0,0,NA,NA,NA,NA,NA,NA,NA,NA,"P5"
"264","Washington","fbs","Pac-12",2020,4243319,"Terrell Bynum",14,3,4,4.66666666666667,5.3642536412286,0.383160974373471,1.7880845470762,130,9.28571428571429,43.3333333333333,0.428571428571429,8,14,0.571428571428571,0,0,437,326,329,494,537.5,483,202,251,"P5"
"264","Washington","fbs","Pac-12",2020,4243323,"Ty Jones",13,4,4,3.25,9.1850729100101,0.706544070000777,2.29626822750253,140,10.7692307692308,35,0.461538461538462,6,13,0.461538461538462,0,0,345,262,129,441,604,465.5,117.5,336.5,"P5"
"264","Washington","fbs","Pac-12",2020,4243331,"Cade Otton",20,4,4,5,25.4308454723462,1.27154227361731,6.35771136808654,258,12.9,64.5,0.65,18,20,0.9,4,0,130,27,9,66,12.5,272.5,36,111,"P5"
"264","Washington","fbs","Pac-12",2020,4361095,"Richard Newton",1,1,4,1,1.19767187459676,1.19767187459676,1.19767187459676,7,7,7,1,1,1,1,0,0,NA,NA,NA,NA,NA,NA,NA,NA,"P5"
"264","Washington","fbs","Pac-12",2020,4361100,"Jack Westover",2,2,4,1,0.251936734795148,0.125968367397574,0.125968367397574,9,4.5,4.5,0.5,1,2,0.5,0,0,NA,NA,NA,NA,NA,NA,NA,NA,"P5"
"264","Washington","fbs","Pac-12",2020,4361112,"Devin Culp",2,1,4,2,1.00174966178911,0.500874830894556,1.00174966178911,15,7.5,15,0.5,1,2,0.5,0,0,NA,NA,NA,NA,NA,NA,NA,NA,"P5"
"264","Washington","fbs","Pac-12",2020,4426515,"Puka Nacua",13,3,4,4.33333333333333,9.43276276551754,0.725597135809042,3.14425425517251,151,11.6153846153846,50.3333333333333,0.538461538461538,9,13,0.692307692307692,1,1,340,170,115,259.5,301,452,74,198,"P5"
"264","Washington","fbs","Pac-12",2020,4430834,"Jalen McMillan",3,2,4,1.5,0.828919091878593,0.276306363959531,0.414459545939297,16,5.33333333333333,8,0.333333333333333,1,3,0.333333333333333,0,0,NA,NA,NA,NA,NA,NA,NA,NA,"P5"
"264","Washington","fbs","Pac-12",2020,4431299,"Rome Odunze",9,2,4,4.5,6.04993221704372,0.672214690782636,3.02496610852186,72,8,36,0.555555555555556,6,9,0.666666666666667,0,0,417,177,142,215.5,370.5,587.5,320.5,325.5,"P5"
"264","Washington","fbs","Pac-12",2020,4569594,"Cameron Davis",6,3,4,2,0.0625577550235448,0.0104262925039241,0.0208525850078483,26,4.33333333333333,8.66666666666667,0.5,5,6,0.833333333333333,0,0,NA,NA,NA,NA,NA,NA,NA,NA,"P5"
"2641","Texas Tech","fbs","Big 12",2020,4043158,"T.J. Vasher",23,5,9,4.6,-3.30946558804421,-0.143889808175835,-0.661893117608842,101,4.39130434782609,20.2,0.304347826086957,9,23,0.391304347826087,0,0,578,587,578,597.5,614,540,583,537.5,"P5"
"2641","Texas Tech","fbs","Big 12",2020,4241481,"Chadarius Townsend",4,3,9,1.33333333333333,-1.61258951554591,-0.403147378886477,-0.537529838515302,11,2.75,3.66666666666667,0.25,2,4,0.5,0,0,NA,NA,NA,NA,NA,NA,NA,NA,"P5"
"2641","Texas Tech","fbs","Big 12",2020,4259581,"Dalton Rigdon",9,4,9,2.25,1.69508422204371,0.18834269133819,0.423771055510928,61,6.77777777777778,15.25,0.444444444444444,8,9,0.888888888888889,0,0,NA,NA,NA,NA,NA,NA,NA,NA,"P5"
"2641","Texas Tech","fbs","Big 12",2020,4362159,"Alan Bowman",6,2,9,3,19.7128716114107,3.28547860190179,9.85643580570537,149,24.8333333333333,74.5,1,6,6,1,6,0,NA,NA,NA,NA,NA,NA,NA,NA,"P5"
"2641","Texas Tech","fbs","Big 12",2020,4362162,"SaRodorick Thompson",26,8,9,3.25,-7.34984530384694,-0.282686357840267,-0.918730662980867,111,4.26923076923077,13.875,0.346153846153846,18,26,0.692307692307692,0,0,610,601,603,577,301,519.5,586,592,"P5"
"2641","Texas Tech","fbs","Big 12",2020,4362163,"Caden Leggett",3,2,9,1.5,-0.523465702346853,-0.174488567448951,-0.261732851173426,7,2.33333333333333,3.5,0.333333333333333,3,3,1,0,0,NA,NA,NA,NA,NA,NA,NA,NA,"P5"
"2641","Texas Tech","fbs","Big 12",2020,4362184,"KeSean Carter",25,5,9,5,10.3158017606807,0.412632070427227,2.06316035213613,189,7.56,37.8,0.64,22,25,0.88,1,0,324,293,313,78.5,23.5,382,369,304,"P5"
"2641","Texas Tech","fbs","Big 12",2020,4362186,"Erik Ezukanma",64,9,9,7.11111111111111,28.2389334930848,0.44123333582945,3.13765927700942,615,9.609375,68.3333333333333,0.515625,40,64,0.625,3,1,101,171,296,316,464,42,181,92,"P5"
"2641","Texas Tech","fbs","Big 12",2020,4429299,"Tahj Brooks",12,5,9,2.4,-5.49123948723955,-0.457603290603296,-1.09824789744791,32,2.66666666666667,6.4,0.333333333333333,10,12,0.833333333333333,0,0,NA,NA,NA,NA,NA,NA,NA,NA,"P5"
"2641","Texas Tech","fbs","Big 12",2020,4429422,"Trey Cleveland",7,3,9,2.33333333333333,7.17327540823993,1.02475362974856,2.39109180274664,49,7,16.3333333333333,0.714285714285714,6,7,0.857142857142857,1,0,NA,NA,NA,NA,NA,NA,NA,NA,"P5"
"2641","Texas Tech","fbs","Big 12",2020,4429773,"Loic Fouonji",7,3,9,2.33333333333333,2.4577479975903,0.351106856798614,0.819249332530099,69,9.85714285714286,23,0.285714285714286,5,7,0.714285714285714,1,0,NA,NA,NA,NA,NA,NA,NA,NA,"P5"
"2641","Texas Tech","fbs","Big 12",2020,4430637,"Ja'Lynn Polk",26,9,9,2.88888888888889,8.31473148255807,0.319797364713772,0.923859053617564,208,8,23.1111111111111,0.576923076923077,23,26,0.884615384615385,2,1,372,437,372,174.5,21,356,320.5,493,"P5"
"2641","Texas Tech","fbs","Big 12",2020,4430656,"Myles Price",32,9,9,3.55555555555556,3.77963466073347,0.118113583147921,0.419959406748164,300,9.375,33.3333333333333,0.5,28,32,0.875,1,1,469,496,487,353.5,27.5,223.5,192,358,"P5"
"2641","Texas Tech","fbs","Big 12",2020,4431141,"John Holcomb",8,4,9,2,-2.39700442331479,-0.299625552914349,-0.599251105828698,42,5.25,10.5,0.5,6,8,0.75,0,0,NA,NA,NA,NA,NA,NA,NA,NA,"P5"
"2641","Texas Tech","fbs","Big 12",2020,4569391,"Travis Koontz",16,7,9,2.28571428571429,14.5628885170062,0.910180532312885,2.08041264528659,180,11.25,25.7142857142857,0.5625,13,16,0.8125,1,0,NA,NA,NA,NA,NA,NA,NA,NA,"P5"
"2641","Texas Tech","fbs","Big 12",2020,4569393,"Xavier White",24,8,9,3,-4.71564549446124,-0.196485228935885,-0.589455686807655,104,4.33333333333333,13,0.416666666666667,21,24,0.875,0,0,594,582,593,513.5,27.5,534.5,584.5,595,"P5"
"2649","Toledo","fbs","Mid-American",2020,3932906,"Danzel McKinley-Lewis",27,6,6,4.5,20.7250522897173,0.767594529248787,3.45417538161954,289,10.7037037037037,48.1666666666667,0.666666666666667,20,27,0.740740740740741,2,0,171,141,87,47,193.5,236,123,212,"G5"
"2649","Toledo","fbs","Mid-American",2020,4039503,"Shakif Seymour",2,2,6,1,-0.37479315271595,-0.187396576357975,-0.187396576357975,10,5,5,0.5,2,2,1,0,0,NA,NA,NA,NA,NA,NA,NA,NA,"G5"
"2649","Toledo","fbs","Mid-American",2020,4040868,"Ronnie Blackmon",13,5,6,2.6,12.3444524911997,0.949573268553821,2.46889049823993,149,11.4615384615385,29.8,0.692307692307692,12,13,0.923076923076923,2,0,291,247,40,26.5,10,455,81,405.5,"G5"
"2649","Toledo","fbs","Mid-American",2020,4240781,"Bryant Koback",30,5,6,6,17.1585223554835,0.571950745182784,3.4317044710967,228,7.6,45.6,0.533333333333333,24,30,0.8,2,0,214,142,211,268,99,316.5,366.5,236,"G5"
"2649","Toledo","fbs","Mid-American",2020,4247942,"Isaiah Winstead",35,6,6,5.83333333333333,43.0240003711473,1.22925715346135,7.17066672852455,429,12.2571428571429,71.5,0.714285714285714,25,35,0.714285714285714,3,0,28,15,14,18,252.5,112.5,54,76,"G5"
"2649","Toledo","fbs","Mid-American",2020,4257253,"Bryce Mitchell",20,5,6,4,23.3994492336072,1.16997246168036,4.67988984672144,306,15.3,61.2,0.55,13,20,0.65,4,0,146,70,18,231.5,404.5,217,12,124.5,"G5"
"2649","Toledo","fbs","Mid-American",2020,4257255,"Drew Rosi",7,4,6,1.75,3.14039320583665,0.448627600833807,0.785098301459161,62,8.85714285714286,15.5,0.571428571428571,7,7,1,0,0,NA,NA,NA,NA,NA,NA,NA,NA,"G5"
"2649","Toledo","fbs","Mid-American",2020,4257257,"Jamal Turner",11,4,6,2.75,6.70551967292964,0.609592697539058,1.67637991823241,81,7.36363636363636,20.25,0.545454545454545,6,11,0.545454545454545,0,0,NA,NA,NA,NA,NA,NA,NA,NA,"G5"
"2649","Toledo","fbs","Mid-American",2020,4401311,"Devin Maddox",18,6,6,3,14.9660154983932,0.831445305466287,2.49433591639886,174,9.66666666666667,29,0.666666666666667,14,18,0.777777777777778,3,0,247,242,67,47,131.5,413.5,178.5,418.5,"G5"
"2649","Toledo","fbs","Mid-American",2020,4428606,"Jacquez Stuart",1,1,6,1,-0.460260612035562,-0.460260612035562,-0.460260612035562,0,0,0,0,0,1,0,0,0,NA,NA,NA,NA,NA,NA,NA,NA,"G5"
"2649","Toledo","fbs","Mid-American",2020,4429976,"Micah Kelly",7,3,6,2.33333333333333,-2.6292911269613,-0.375613018137329,-0.876430375653767,24,3.42857142857143,8,0.285714285714286,5,7,0.714285714285714,0,0,NA,NA,NA,NA,NA,NA,NA,NA,"G5"
"2649","Toledo","fbs","Mid-American",2020,4430254,"Jerjuan Newton",20,6,6,3.33333333333333,13.6993483292774,0.684967416463869,2.28322472154623,203,10.15,33.8333333333333,0.6,15,20,0.75,2,0,267,264,138,136.5,180,362.5,147,354,"G5"
"265","Washington State","fbs","Pac-12",2020,4046677,"Deon McIntosh",1,1,1,1,-0.893695517838753,-0.893695517838753,-0.893695517838753,1,1,1,0,1,1,1,0,0,NA,NA,NA,NA,NA,NA,NA,NA,"P5"
"265","Washington State","fbs","Pac-12",2020,4055165,"Renard Bell",2,1,1,2,4.17152041426122,2.08576020713061,4.17152041426122,12,6,12,0.5,2,2,1,1,0,462,94,1,353.5,2.5,620,506.5,603,"P5"
"265","Washington State","fbs","Pac-12",2020,4245146,"Travell Harris",2,1,1,2,-0.278330633154635,-0.139165316577317,-0.278330633154635,15,7.5,15,0.5,2,2,1,0,0,540,558,577,353.5,2.5,619,374.5,584,"P5"
"265","Washington State","fbs","Pac-12",2020,4245147,"Jamire Calvin",2,1,1,2,1.28030607851993,0.640153039259963,1.28030607851993,9,4.5,9,0.5,1,2,0.5,0,0,516,393,162,353.5,592,621,580,616,"P5"
"265","Washington State","fbs","Pac-12",2020,4245161,"Clay Markoff",1,1,1,1,-0.628546226478567,-0.628546226478567,-0.628546226478567,7,7,7,0,1,1,1,0,0,NA,NA,NA,NA,NA,NA,NA,NA,"P5"
"265","Washington State","fbs","Pac-12",2020,4379476,"Lucas Bacon",1,1,1,1,1.62748527954341,1.62748527954341,1.62748527954341,12,12,12,1,1,1,1,0,0,NA,NA,NA,NA,NA,NA,NA,NA,"P5"
"2653","Troy","fbs","Sun Belt",2020,4035387,"Reginald Todd",62,10,10,6.2,27.7788967484244,0.448046721748781,2.77788967484244,492,7.93548387096774,49.2,0.532258064516129,41,62,0.661290322580645,5,0,106,205,291,271,385,78,330,205,"G5"
"2653","Troy","fbs","Sun Belt",2020,4039912,"B.J. Smith",28,8,10,3.5,-4.78379902325881,-0.170849965116386,-0.597974877907351,131,4.67857142857143,16.375,0.392857142857143,20,28,0.714285714285714,0,0,595,583,584,547.5,252.5,479.5,578,577,"G5"
"2653","Troy","fbs","Sun Belt",2020,4039936,"Tray Eafford",42,9,10,4.66666666666667,30.0613312204268,0.715745981438734,3.34014791338076,394,9.38095238095238,43.7777777777778,0.714285714285714,34,42,0.80952380952381,3,0,83,151,123,18,88,143.5,190,246,"G5"
"2653","Troy","fbs","Sun Belt",2020,4241724,"DK Billingsley",3,2,10,1.5,0.855314305898129,0.28510476863271,0.427657152949064,23,7.66666666666667,11.5,0.666666666666667,3,3,1,0,0,NA,NA,NA,NA,NA,NA,NA,NA,"G5"
"2653","Troy","fbs","Sun Belt",2020,4241727,"Bret Clark",19,6,10,3.16666666666667,11.8517803893572,0.623777915229324,1.97529673155953,138,7.26315789473684,23,0.684210526315789,16,19,0.842105263157895,0,0,301,304,171,30.5,46,469,398,496,"G5"
"2653","Troy","fbs","Sun Belt",2020,4241737,"Luke Whittemore",10,6,10,1.66666666666667,0.938780917591005,0.0938780917591005,0.156463486265168,75,7.5,12.5,0.5,7,10,0.7,1,0,NA,NA,NA,NA,NA,NA,NA,NA,"G5"
"2653","Troy","fbs","Sun Belt",2020,4243910,"Khalil McClain",47,9,10,5.22222222222222,27.0802688074311,0.576175932073002,3.00891875638123,359,7.63829787234043,39.8888888888889,0.531914893617021,30,47,0.638297872340426,5,0,113,179,207,273,433,170,362,279,"G5"
"2653","Troy","fbs","Sun Belt",2020,4262106,"Orlando Lacey",4,1,10,4,-1.48019402466798,-0.370048506166996,-1.48019402466798,28,7,28,0.25,3,4,0.75,0,0,NA,NA,NA,NA,NA,NA,NA,NA,"G5"
"2653","Troy","fbs","Sun Belt",2020,4361397,"Marcus Rogers",9,5,10,1.8,3.6153383170402,0.401704257448911,0.72306766340804,70,7.77777777777778,14,0.555555555555556,7,9,0.777777777777778,0,0,NA,NA,NA,NA,NA,NA,NA,NA,"G5"
"2653","Troy","fbs","Sun Belt",2020,4362731,"Tyler Hussey",1,1,10,1,1.66287857724179,1.66287857724179,1.66287857724179,8,8,8,1,1,1,1,1,0,NA,NA,NA,NA,NA,NA,NA,NA,"G5"
"2653","Troy","fbs","Sun Belt",2020,4362738,"AJ Lewis",1,1,10,1,0.655157578855213,0.655157578855213,0.655157578855213,2,2,2,1,1,1,1,1,0,NA,NA,NA,NA,NA,NA,NA,NA,"G5"
"2653","Troy","fbs","Sun Belt",2020,4427267,"Kaylon Geiger",74,10,10,7.4,27.7250684843814,0.374663087626775,2.77250684843814,651,8.7972972972973,65.1,0.527027027027027,57,74,0.77027027027027,3,1,107,207,333,286,144,33,238,104,"G5"
"2653","Troy","fbs","Sun Belt",2020,4428931,"Jamontez Woods",17,7,10,2.42857142857143,2.83257971035388,0.166622335903169,0.404654244336269,93,5.47058823529412,13.2857142857143,0.470588235294118,12,17,0.705882352941177,0,0,NA,NA,NA,NA,NA,NA,NA,NA,"G5"
"2653","Troy","fbs","Sun Belt",2020,4430968,"Kimani Vidal",33,8,10,4.125,0.611373055003206,0.0185264562122184,0.0764216318754008,213,6.45454545454545,26.625,0.515151515151515,25,33,0.757575757575758,0,0,527,529,529,318.5,165.5,345,476,448,"G5"
"2653","Troy","fbs","Sun Belt",2020,4608810,"Tez Johnson",18,9,10,2,7.15787380427321,0.397659655792956,0.795319311585912,181,10.0555555555556,20.1111111111111,0.5,16,18,0.888888888888889,0,0,NA,NA,NA,NA,NA,NA,NA,NA,"G5"
"2655","Tulane","fbs","American Athletic",2020,4037639,"Mykel Jones",19,6,11,3.16666666666667,6.25070986444343,0.328984729707549,1.04178497740724,154,8.10526315789474,25.6666666666667,0.526315789473684,11,19,0.578947368421053,1,0,NA,NA,NA,NA,NA,NA,NA,NA,"G5"
"2655","Tulane","fbs","American Athletic",2020,4040660,"Jacob Robertson Jr.",9,5,11,1.8,-1.53980427890908,-0.171089364323231,-0.307960855781816,55,6.11111111111111,11,0.444444444444444,5,9,0.555555555555556,0,0,NA,NA,NA,NA,NA,NA,NA,NA,"G5"
"2655","Tulane","fbs","American Athletic",2020,4243911,"Stephon Huderson",12,6,11,2,3.65059209488689,0.304216007907241,0.608432015814482,87,7.25,14.5,0.5,7,12,0.583333333333333,0,0,NA,NA,NA,NA,NA,NA,NA,NA,"G5"
"2655","Tulane","fbs","American Athletic",2020,4243921,"Will Wallace",4,3,11,1.33333333333333,6.34335215190897,1.58583803797724,2.11445071730299,54,13.5,18,0.75,4,4,1,1,0,NA,NA,NA,NA,NA,NA,NA,NA,"G5"
"2655","Tulane","fbs","American Athletic",2020,4243928,"Jaetavian Toles",4,4,11,1,6.4039321226884,1.6009830306721,1.6009830306721,55,13.75,13.75,1,4,4,1,1,0,NA,NA,NA,NA,NA,NA,NA,NA,"G5"
"2655","Tulane","fbs","American Athletic",2020,4361796,"Tyrick James",23,9,11,2.55555555555556,12.7729912080238,0.555347443827123,1.41922124533598,171,7.43478260869565,19,0.565217391304348,16,23,0.695652173913043,3,1,286,375,218,198.5,295.5,418,379,551,"G5"
"2655","Tulane","fbs","American Athletic",2020,4361797,"Amare Jones",24,8,11,3,-7.02309397912852,-0.292628915797022,-0.877886747391065,117,4.875,14.625,0.333333333333333,14,24,0.583333333333333,0,0,606,595,605,582,526,510,569,586,"G5"
"2655","Tulane","fbs","American Athletic",2020,4361800,"Christian Daniels",7,4,11,1.75,2.3858885225591,0.340841217508443,0.596472130639776,57,8.14285714285714,14.25,0.428571428571429,5,7,0.714285714285714,0,1,NA,NA,NA,NA,NA,NA,NA,NA,"G5"
"2655","Tulane","fbs","American Athletic",2020,4361802,"Cameron Carroll",6,5,11,1.2,3.07321513473684,0.51220252245614,0.614643026947369,33,5.5,6.6,0.333333333333333,4,6,0.666666666666667,1,0,NA,NA,NA,NA,NA,NA,NA,NA,"G5"
"2655","Tulane","fbs","American Athletic",2020,4361804,"Ygenio Booker",1,1,11,1,-1.229398295492,-1.229398295492,-1.229398295492,-3,-3,-3,0,1,1,1,0,0,NA,NA,NA,NA,NA,NA,NA,NA,"G5"
"2655","Tulane","fbs","American Athletic",2020,4361818,"Sorrell Brown",7,4,11,1.75,-0.533508812947312,-0.0762155447067589,-0.133377203236828,57,8.14285714285714,14.25,0.571428571428571,4,7,0.571428571428571,0,0,NA,NA,NA,NA,NA,NA,NA,NA,"G5"
"2655","Tulane","fbs","American Athletic",2020,4427575,"Jha'Quan Jackson",38,10,11,3.8,25.0969001617255,0.660444741098041,2.50969001617255,356,9.36842105263158,35.6,0.605263157894737,29,38,0.763157894736842,6,0,132,241,147,119,154,173.5,193,333.5,"G5"
"2655","Tulane","fbs","American Athletic",2020,4428557,"Tyjae Spears",2,1,11,2,4.10240387173508,2.05120193586754,4.10240387173508,30,15,30,1,2,2,1,0,0,NA,NA,NA,NA,NA,NA,NA,NA,"G5"
"2655","Tulane","fbs","American Athletic",2020,4685037,"Duece Watts",52,9,11,5.77777777777778,38.2151732600303,0.734907178077506,4.24613036222559,512,9.84615384615385,56.8888888888889,0.557692307692308,31,52,0.596153846153846,6,0,41,89,107,209,512,70,166,147,"G5"
"2655","Tulane","fbs","American Athletic",2020,4685038,"Phat Watts",25,9,11,2.77777777777778,8.42159650367907,0.336863860147163,0.93573294485323,216,8.64,24,0.6,16,25,0.64,0,1,369,434,359,136.5,429.5,339.5,251,478,"G5"
"2711","Western Michigan","fbs","Mid-American",2020,4036788,"Jaxson Kincaide",5,3,6,1.66666666666667,3.60048236567837,0.720096473135675,1.20016078855946,44,8.8,14.6666666666667,0.8,5,5,1,0,0,NA,NA,NA,NA,NA,NA,NA,NA,"G5"
"2711","Western Michigan","fbs","Mid-American",2020,4043016,"D'Wayne Eskridge",52,6,6,8.66666666666667,38.6357392573737,0.742994985718725,6.43928987622895,740,14.2307692307692,123.333333333333,0.5,32,52,0.615384615384615,7,1,38,25,99,353.5,475.5,21,14,6,"G5"
"2711","Western Michigan","fbs","Mid-American",2020,4043043,"Brett Borske",4,3,6,1.33333333333333,1.747423776195,0.436855944048751,0.582474592065001,29,7.25,9.66666666666667,0.75,4,4,1,0,0,NA,NA,NA,NA,NA,NA,NA,NA,"G5"
"2711","Western Michigan","fbs","Mid-American",2020,4240175,"Luke Sanders",1,1,6,1,0.827333415944381,0.827333415944381,0.827333415944381,4,4,4,1,1,1,1,0,0,NA,NA,NA,NA,NA,NA,NA,NA,"G5"
"2711","Western Michigan","fbs","Mid-American",2020,4240176,"Jaylen Hall",19,5,6,3.8,37.2185316823867,1.95887008854667,7.44370633647734,323,17,64.6,0.631578947368421,12,19,0.631578947368421,7,0,46,14,2,86.5,450,202.5,8,110,"G5"
"2711","Western Michigan","fbs","Mid-American",2020,4362247,"DaShon Bussell",3,2,6,1.5,-0.53813565787256,-0.179378552624187,-0.26906782893628,25,8.33333333333333,12.5,0.333333333333333,2,3,0.666666666666667,0,0,NA,NA,NA,NA,NA,NA,NA,NA,"G5"
"2711","Western Michigan","fbs","Mid-American",2020,4382468,"La'Darius Jefferson",4,2,6,2,0.337474090861571,0.0843685227153927,0.168737045430785,18,4.5,9,0.25,4,4,1,0,0,NA,NA,NA,NA,NA,NA,NA,NA,"G5"
"2711","Western Michigan","fbs","Mid-American",2020,4428732,"Sean Tyler",11,3,6,3.66666666666667,-1.71414531474435,-0.155831392249486,-0.571381771581449,68,6.18181818181818,22.6666666666667,0.545454545454545,11,11,1,0,0,NA,NA,NA,NA,NA,NA,NA,NA,"G5"
"2711","Western Michigan","fbs","Mid-American",2020,4429479,"Corey Crooms",3,1,6,3,4.09074501262302,1.36358167087434,4.09074501262302,36,12,36,0.666666666666667,2,3,0.666666666666667,0,0,NA,NA,NA,NA,NA,NA,NA,NA,"G5"
"2711","Western Michigan","fbs","Mid-American",2020,4430191,"Skyy Moore",35,5,6,7,24.8858096247024,0.711023132134355,4.97716192494049,389,11.1142857142857,77.8,0.657142857142857,24,35,0.685714285714286,3,0,134,57,127,56,322.5,146.5,97,56,"G5"
"275","Wisconsin","fbs","Big Ten",2020,4035767,"Garrett Groshek",19,4,5,4.75,-0.422899928160611,-0.0222578909558216,-0.105724982040153,92,4.84210526315789,23,0.315789473684211,15,19,0.789473684210526,0,0,544,545,543,592,112,559.5,570,496,"P5"
"275","Wisconsin","fbs","Big Ten",2020,4035770,"Jack Dunn",21,4,5,5.25,1.28779896338229,0.0613237601610613,0.321949740845572,119,5.66666666666667,29.75,0.476190476190476,15,21,0.714285714285714,0,0,515,508,517,407,252.5,503.5,525,407,"P5"
"275","Wisconsin","fbs","Big Ten",2020,4035773,"Mason Stokke",6,3,5,2,-2.51463440678068,-0.419105734463447,-0.838211468926894,19,3.16666666666667,6.33333333333333,0.333333333333333,4,6,0.666666666666667,0,0,NA,NA,NA,NA,NA,NA,NA,NA,"P5"
"275","Wisconsin","fbs","Big Ten",2020,4035774,"Adam Krumholz",4,1,5,4,1.36987945623757,0.342469864059391,1.36987945623757,47,11.75,47,0.75,3,4,0.75,0,0,NA,NA,NA,NA,NA,NA,NA,NA,"P5"
"275","Wisconsin","fbs","Big Ten",2020,4035776,"Kendric Pryor",12,3,5,4,5.0625369665094,0.42187808054245,1.6875123221698,119,9.91666666666667,39.6666666666667,0.583333333333333,8,12,0.666666666666667,0,0,442,337,308,163.5,370.5,503.5,163,284,"P5"
"275","Wisconsin","fbs","Big Ten",2020,4242330,"Danny Davis III",5,1,5,5,-3.04700633534089,-0.609401267068178,-3.04700633534089,6,1.2,6,0.2,1,5,0.2,0,0,NA,NA,NA,NA,NA,NA,NA,NA,"P5"
"275","Wisconsin","fbs","Big Ten",2020,4242355,"Jake Ferguson",30,5,5,6,7.81728400148586,0.260576133382862,1.56345680029717,208,6.93333333333333,41.6,0.5,22,30,0.733333333333333,1,0,388,350,410,353.5,209,356,424,269,"P5"
"275","Wisconsin","fbs","Big Ten",2020,4372568,"Nakia Watson",3,3,5,1,-4.20392228262581,-1.40130742754194,-1.40130742754194,0,0,0,0,0,3,0,0,0,NA,NA,NA,NA,NA,NA,NA,NA,"P5"
"275","Wisconsin","fbs","Big Ten",2020,4372569,"Brady Schipper",1,1,5,1,0.071044102266212,0.071044102266212,0.071044102266212,6,6,6,1,1,1,1,0,0,NA,NA,NA,NA,NA,NA,NA,NA,"P5"
"275","Wisconsin","fbs","Big Ten",2020,4372572,"Jack Eschenbach",3,2,5,1.5,-1.30610138144002,-0.435367127146672,-0.653050690720008,27,9,13.5,0.333333333333333,2,3,0.666666666666667,0,0,NA,NA,NA,NA,NA,NA,NA,NA,"P5"
"275","Wisconsin","fbs","Big Ten",2020,4372579,"A.J. Abbott",2,2,5,1,0.347341924143554,0.173670962071777,0.173670962071777,12,6,6,0.5,2,2,1,0,0,NA,NA,NA,NA,NA,NA,NA,NA,"P5"
"275","Wisconsin","fbs","Big Ten",2020,4426335,"Graham Mertz",6,2,5,3,16.43243127123,2.73873854520501,8.21621563561501,96,16,48,1,6,6,1,6,0,NA,NA,NA,NA,NA,NA,NA,NA,"P5"
"275","Wisconsin","fbs","Big Ten",2020,4426760,"Stephan Bracey",3,1,5,3,-0.240229501209362,-0.0800765004031207,-0.240229501209362,11,3.66666666666667,11,0.333333333333333,1,3,0.333333333333333,0,0,NA,NA,NA,NA,NA,NA,NA,NA,"P5"
"275","Wisconsin","fbs","Big Ten",2020,4430073,"Devin Chandler",3,1,5,3,4.47646420928008,1.49215473642669,4.47646420928008,28,9.33333333333333,28,0.666666666666667,2,3,0.666666666666667,0,0,NA,NA,NA,NA,NA,NA,NA,NA,"P5"
"275","Wisconsin","fbs","Big Ten",2020,4430843,"Jalen Berger",3,1,5,3,-0.669540440829983,-0.223180146943328,-0.669540440829983,13,4.33333333333333,13,0.666666666666667,2,3,0.666666666666667,0,0,NA,NA,NA,NA,NA,NA,NA,NA,"P5"
"275","Wisconsin","fbs","Big Ten",2020,4431268,"Chimere Dike",19,4,5,4.75,1.37048434520073,0.0721307550105649,0.342621086300183,145,7.63157894736842,36.25,0.421052631578947,9,19,0.473684210526316,1,0,514,505,512,504.5,601,460,365,321,"P5"
"2751","Wyoming","fbs","Mountain West",2020,3916389,"Trey Smith",3,3,6,1,-0.129962642491,-0.0433208808303333,-0.0433208808303333,18,6,6,0.333333333333333,3,3,1,0,0,NA,NA,NA,NA,NA,NA,NA,NA,"G5"
"2751","Wyoming","fbs","Mountain West",2020,4048721,"Dontae Crow",18,6,6,3,-2.41112439375691,-0.133951355208717,-0.401854065626151,78,4.33333333333333,13,0.277777777777778,7,18,0.388888888888889,0,0,571,570,576,609.5,615,580.5,584.5,595,"G5"
"2751","Wyoming","fbs","Mountain West",2020,4048725,"Ayden Eberhardt",23,6,6,3.83333333333333,6.96139752199884,0.30266945747821,1.16023292033314,252,10.9565217391304,42,0.478260869565217,16,23,0.695652173913043,0,0,403,408,382,400.5,295.5,286.5,101,265.5,"G5"
"2751","Wyoming","fbs","Mountain West",2020,4240350,"Xazavian Valladay",18,5,6,3.6,-2.9452417306263,-0.16362454059035,-0.58904834612526,99,5.5,19.8,0.388888888888889,11,18,0.611111111111111,0,0,573,581,580,553,486.5,546,533,543,"G5"
"2751","Wyoming","fbs","Mountain West",2020,4240353,"Nate Weinman",5,3,6,1.66666666666667,1.66879518080615,0.333759036161229,0.556265060268715,49,9.8,16.3333333333333,0.8,4,5,0.8,0,0,NA,NA,NA,NA,NA,NA,NA,NA,"G5"
"2751","Wyoming","fbs","Mountain West",2020,4361697,"Gunner Gentry",2,1,6,2,4.71178048796233,2.35589024398117,4.71178048796233,28,14,28,1,2,2,1,1,0,NA,NA,NA,NA,NA,NA,NA,NA,"G5"
"2751","Wyoming","fbs","Mountain West",2020,4361704,"Jackson Marcotte",1,1,6,1,2.4811871213709,2.4811871213709,2.4811871213709,12,12,12,1,1,1,1,0,0,NA,NA,NA,NA,NA,NA,NA,NA,"G5"
"2751","Wyoming","fbs","Mountain West",2020,4426902,"Parker Christensen",1,1,6,1,0.600816319898004,0.600816319898004,0.600816319898004,7,7,7,1,1,1,1,0,0,NA,NA,NA,NA,NA,NA,NA,NA,"G5"
"2751","Wyoming","fbs","Mountain West",2020,4427597,"Devin Jennings",1,1,6,1,1.31220435817863,1.31220435817863,1.31220435817863,7,7,7,1,1,1,1,0,0,NA,NA,NA,NA,NA,NA,NA,NA,"G5"
"2751","Wyoming","fbs","Mountain West",2020,4428116,"Isaiah Neyor",10,4,6,2.5,13.5343872834943,1.35343872834943,3.38359682087357,248,24.8,62,0.7,8,10,0.8,0,0,NA,NA,NA,NA,NA,NA,NA,NA,"G5"
"2751","Wyoming","fbs","Mountain West",2020,4430684,"Treyton Welch",10,3,6,3.33333333333333,2.49879766248962,0.249879766248962,0.832932554163206,95,9.5,31.6666666666667,0.5,5,10,0.5,0,0,NA,NA,NA,NA,NA,NA,NA,NA,"G5"
"2751","Wyoming","fbs","Mountain West",2020,4706971,"Colin O""Brien",1,1,6,1,2.15772349385468,2.15772349385468,2.15772349385468,21,21,21,1,1,1,1,0,0,NA,NA,NA,NA,NA,NA,NA,NA,"G5"
"276","Marshall","fbs","Conference USA",2020,4043606,"Willie Johnson",22,6,7,3.66666666666667,19.9948181847668,0.908855372034857,3.33246969746114,230,10.4545454545455,38.3333333333333,0.5,16,22,0.727272727272727,2,0,182,152,48,353.5,218.5,313.5,136,297.5,"G5"
"276","Marshall","fbs","Conference USA",2020,4043607,"Xavier Gaines",32,7,7,4.57142857142857,9.06173214981145,0.283179129681608,1.29453316425878,279,8.71875,39.8571428571429,0.53125,22,32,0.6875,2,1,346,390,394,275.5,316,246,243,280,"G5"
"276","Marshall","fbs","Conference USA",2020,4261912,"Brenden Knox",9,5,7,1.8,5.28942869859694,0.587714299844104,1.05788573971939,86,9.55555555555556,17.2,0.555555555555556,7,9,0.777777777777778,1,0,NA,NA,NA,NA,NA,NA,NA,NA,"G5"
"276","Marshall","fbs","Conference USA",2020,4261933,"Devin Miller",4,3,7,1.33333333333333,1.92465197421842,0.481162993554605,0.641550658072806,44,11,14.6666666666667,0.75,3,4,0.75,0,1,NA,NA,NA,NA,NA,NA,NA,NA,"G5"
"276","Marshall","fbs","Conference USA",2020,4370345,"Sheldon Evans",6,3,7,2,-1.28007455920917,-0.213345759868195,-0.42669151973639,18,3,6,0.166666666666667,6,6,1,0,0,NA,NA,NA,NA,NA,NA,NA,NA,"G5"
"276","Marshall","fbs","Conference USA",2020,4370348,"Corey Gammage",37,6,7,6.16666666666667,14.7150043385845,0.397702819961744,2.45250072309742,300,8.10810810810811,50,0.567567567567568,26,37,0.702702702702703,4,0,252,248,320,193.5,277,223.5,308,200,"G5"
"276","Marshall","fbs","Conference USA",2020,4370350,"Artie Henry III",23,4,7,5.75,14.8340105575061,0.644956980761134,3.70850263937652,281,12.2173913043478,70.25,0.565217391304348,18,23,0.782608695652174,2,0,249,130,158,198.5,123.5,245,55,80.5,"G5"
"276","Marshall","fbs","Conference USA",2020,4370353,"Talik Keaton",19,5,7,3.8,2.54973222089122,0.134196432678485,0.509946444178243,107,5.63157894736842,21.4,0.526315789473684,15,19,0.789473684210526,0,0,493,489,482,289,112,529.5,527,523.5,"G5"
"276","Marshall","fbs","Conference USA",2020,4428651,"Broc Thompson",15,3,7,5,1.4499610552177,0.0966640703478465,0.483320351739233,161,10.7333333333333,53.6666666666667,0.466666666666667,9,15,0.6,0,0,512,491,500,429.5,504,429,120,167.5,"G5"
"276","Marshall","fbs","Conference USA",2020,4430389,"Amir Richardson",2,1,7,2,-2.69521531542222,-1.34760765771111,-2.69521531542222,3,1.5,3,0,1,2,0.5,0,0,NA,NA,NA,NA,NA,NA,NA,NA,"G5"
"276","Marshall","fbs","Conference USA",2020,4690026,"Shadeed Ahmed",6,3,7,2,-2.62590792995753,-0.437651321659588,-0.875302643319176,24,4,8,0.333333333333333,4,6,0.666666666666667,0,0,NA,NA,NA,NA,NA,NA,NA,NA,"G5"
"276","Marshall","fbs","Conference USA",2020,4690027,"Hayden Hagler",1,1,7,1,0.96413332113605,0.96413332113605,0.96413332113605,1,1,1,1,1,1,1,1,0,NA,NA,NA,NA,NA,NA,NA,NA,"G5"
"277","West Virginia","fbs","Big 12",2020,4040723,"T.J. Simmons",26,6,8,4.33333333333333,17.1376537234171,0.659140527823734,2.85627562056951,344,13.2307692307692,57.3333333333333,0.615384615384615,19,26,0.730769230769231,2,1,215,200,149,101.5,213.5,183,29,143,"P5"
"277","West Virginia","fbs","Big 12",2020,4241891,"Alec Sinkfield",11,4,8,2.75,3.83199117944383,0.348362834494893,0.957997794860957,60,5.45454545454545,15,0.363636363636364,8,11,0.727272727272727,0,0,NA,NA,NA,NA,NA,NA,NA,NA,"P5"
"277","West Virginia","fbs","Big 12",2020,4244029,"Jarret Doege",2,2,8,1,4.95395845589389,2.47697922794694,2.47697922794694,61,30.5,30.5,0.5,2,2,1,1,0,NA,NA,NA,NA,NA,NA,NA,NA,"P5"
"277","West Virginia","fbs","Big 12",2020,4360972,"Sean Ryan",29,6,8,4.83333333333333,7.4775681532518,0.257847177698338,1.2462613588753,208,7.17241379310345,34.6666666666667,0.551724137931034,20,29,0.689655172413793,0,0,393,397,412,224,307,356,408,343.5,"P5"
"277","West Virginia","fbs","Big 12",2020,4362193,"T.J. Banks",4,3,8,1.33333333333333,-0.360660731809869,-0.0901651829524672,-0.120220243936623,21,5.25,7,0.5,3,4,0.75,1,0,NA,NA,NA,NA,NA,NA,NA,NA,"P5"
"277","West Virginia","fbs","Big 12",2020,4362196,"Leddie Brown",36,8,8,4.5,5.95161868847512,0.165322741346531,0.74395233605939,187,5.19444444444444,23.375,0.5,30,36,0.833333333333333,1,0,423,462,461,353.5,52,388,552,488,"P5"
"277","West Virginia","fbs","Big 12",2020,4362208,"Sam James",33,7,8,4.71428571428571,3.55966593020937,0.107868664551799,0.508523704315624,194,5.87878787878788,27.7142857142857,0.424242424242424,22,33,0.666666666666667,1,1,476,490,490,498,370.5,372.5,514,430.5,"P5"
"277","West Virginia","fbs","Big 12",2020,4362217,"Mike O'Laughlin",10,5,8,2,9.17661699490382,0.917661699490382,1.83532339898076,108,10.8,21.6,0.8,10,10,1,0,0,NA,NA,NA,NA,NA,NA,NA,NA,"P5"
"277","West Virginia","fbs","Big 12",2020,4393324,"Isaiah Esdale",13,3,8,4.33333333333333,9.35336759047624,0.719489814652018,3.11778919682541,115,8.84615384615385,38.3333333333333,0.615384615384615,12,13,0.923076923076923,0,0,NA,NA,NA,NA,NA,NA,NA,NA,"P5"
"277","West Virginia","fbs","Big 12",2020,4427601,"Ali Jennings",11,5,8,2.2,-1.97608897416619,-0.179644452196926,-0.395217794833238,48,4.36363636363636,9.6,0.363636363636364,7,11,0.636363636363636,1,0,NA,NA,NA,NA,NA,NA,NA,NA,"P5"
"277","West Virginia","fbs","Big 12",2020,4430747,"Reese Smith",12,4,8,3,5.41717765581013,0.451431471317511,1.35429441395253,96,8,24,0.5,7,12,0.583333333333333,0,0,NA,NA,NA,NA,NA,NA,NA,NA,"P5"
"277","West Virginia","fbs","Big 12",2020,4569452,"Winston Wright",57,8,8,7.125,17.5573239212416,0.308023226688449,2.1946654901552,427,7.49122807017544,53.375,0.491228070175439,41,57,0.719298245614035,1,0,208,274,381,380,237.5,115,376,173,"P5"
"277","West Virginia","fbs","Big 12",2020,4587977,"Sam Brown",2,1,8,2,-2.25119203550535,-1.12559601775268,-2.25119203550535,7,3.5,7,0,1,2,0.5,0,0,NA,NA,NA,NA,NA,NA,NA,NA,"P5"
"278","Fresno State","fbs","Mountain West",2020,4242991,"Chris Coleman",4,2,6,2,1.59095176680532,0.397737941701331,0.795475883402662,67,16.75,33.5,0.25,3,4,0.75,0,0,NA,NA,NA,NA,NA,NA,NA,NA,"G5"
"278","Fresno State","fbs","Mountain West",2020,4243001,"Zane Pope",8,2,6,4,16.9229715652455,2.11537144565568,8.46148578262273,119,14.875,59.5,0.875,7,8,0.875,2,0,NA,NA,NA,NA,NA,NA,NA,NA,"G5"
"278","Fresno State","fbs","Mountain West",2020,4243003,"Ronnie Rivers",33,5,6,6.6,13.0976618485505,0.396898843895468,2.61953236971009,265,8.03030303030303,53,0.515151515151515,27,33,0.818181818181818,2,0,281,228,322,318.5,72.5,265,314,175,"G5"
"278","Fresno State","fbs","Mountain West",2020,4243004,"Jordan Mims",10,4,6,2.5,7.10418488894928,0.710418488894928,1.77604622223732,85,8.5,21.25,0.6,9,10,0.9,1,0,NA,NA,NA,NA,NA,NA,NA,NA,"G5"
"278","Fresno State","fbs","Mountain West",2020,4361319,"Erik Brooks",23,5,6,4.6,-0.157398150447962,-0.00684339784556355,-0.0314796300895923,178,7.73913043478261,35.6,0.521739130434783,13,23,0.565217391304348,0,0,538,538,538,297.5,548.5,401,346.5,333.5,"G5"
"278","Fresno State","fbs","Mountain West",2020,4361686,"Jevon Bigelow",2,1,6,2,0.149031985050867,0.0745159925254333,0.149031985050867,9,4.5,9,0.5,1,2,0.5,0,0,NA,NA,NA,NA,NA,NA,NA,NA,"G5"
"278","Fresno State","fbs","Mountain West",2020,4426990,"Jalen Cropper",58,6,6,9.66666666666667,29.3852235996287,0.506641786200494,4.89753726660478,520,8.96551724137931,86.6666666666667,0.517241379310345,37,58,0.637931034482759,5,1,87,58,252,311.5,434,68,226,43,"G5"
"278","Fresno State","fbs","Mountain West",2020,4428203,"Raymond Pauwels Jr.",3,2,6,1.5,0.00545716802291007,0.00181905600763669,0.00272858401145504,16,5.33333333333333,8,0.333333333333333,2,3,0.666666666666667,0,0,NA,NA,NA,NA,NA,NA,NA,NA,"G5"
"278","Fresno State","fbs","Mountain West",2020,4429670,"Jamal Glaspie",4,3,6,1.33333333333333,3.54727733356845,0.886819333392113,1.18242577785615,42,10.5,14,0.5,3,4,0.75,0,0,NA,NA,NA,NA,NA,NA,NA,NA,"G5"
"278","Fresno State","fbs","Mountain West",2020,4431053,"Mac Dalena",6,1,6,6,6.85449772623131,1.14241628770522,6.85449772623131,88,14.6666666666667,88,0.5,4,6,0.666666666666667,1,0,NA,NA,NA,NA,NA,NA,NA,NA,"G5"
"278","Fresno State","fbs","Mountain West",2020,4570449,"Keric Wheatfall",32,5,6,6.4,17.0453533299269,0.532667291560214,3.40907066598537,359,11.21875,71.8,0.65625,23,32,0.71875,1,2,216,145,236,58,239.5,170,90,73,"G5"
"278","Fresno State","fbs","Mountain West",2020,4570466,"Juan Rodriguez",4,1,6,4,1.68560595760761,0.421401489401902,1.68560595760761,24,6,24,0.25,3,4,0.75,1,0,NA,NA,NA,NA,NA,NA,NA,NA,"G5"
"278","Fresno State","fbs","Mountain West",2020,4575558,"Josh Kelly",39,6,6,6.5,15.143887660615,0.388304811810641,2.52398127676916,330,8.46153846153846,55,0.538461538461538,22,39,0.564102564102564,1,0,244,240,326,259.5,550,192,268,158,"G5"
"278","Fresno State","fbs","Mountain West",2020,4686499,"Rory Hanson",4,1,6,4,1.85034064739372,0.46258516184843,1.85034064739372,25,6.25,25,0.5,3,4,0.75,0,0,NA,NA,NA,NA,NA,NA,NA,NA,"G5"
"290","Georgia Southern","fbs","Sun Belt",2020,4036676,"Darion Anderson",10,7,11,1.42857142857143,7.04508007734085,0.704508007734085,1.00644001104869,92,9.2,13.1428571428571,0.8,8,10,0.8,0,0,NA,NA,NA,NA,NA,NA,NA,NA,"G5"
"290","Georgia Southern","fbs","Sun Belt",2020,4064866,"Dexter Carter Jr.",3,3,11,1,1.0056277367808,0.335209245593599,0.335209245593599,21,7,7,0.666666666666667,2,3,0.666666666666667,0,0,NA,NA,NA,NA,NA,NA,NA,NA,"G5"
"290","Georgia Southern","fbs","Sun Belt",2020,4241121,"Cam Brown",6,3,11,2,3.04807079568672,0.50801179928112,1.01602359856224,73,12.1666666666667,24.3333333333333,0.5,4,6,0.666666666666667,1,0,NA,NA,NA,NA,NA,NA,NA,NA,"G5"
"290","Georgia Southern","fbs","Sun Belt",2020,4241126,"Malik Murray",23,10,11,2.3,14.8063611526131,0.643754832722307,1.48063611526131,240,10.4347826086957,24,0.652173913043478,18,23,0.782608695652174,1,0,250,366,159,63.5,123.5,301.5,139,478,"G5"
"290","Georgia Southern","fbs","Sun Belt",2020,4241138,"Wesley Kennedy III",14,7,11,2,0.537802039459154,0.0384144313899396,0.0768288627798792,163,11.6428571428571,23.2857142857143,0.357142857142857,8,14,0.571428571428571,0,0,NA,NA,NA,NA,NA,NA,NA,NA,"G5"
"290","Georgia Southern","fbs","Sun Belt",2020,4241139,"Matt LaRoche",4,3,11,1.33333333333333,-4.04793290332068,-1.01198322583017,-1.34931096777356,3,0.75,1,0,3,4,0.75,0,0,NA,NA,NA,NA,NA,NA,NA,NA,"G5"
"290","Georgia Southern","fbs","Sun Belt",2020,4241145,"Logan Wright",8,5,11,1.6,3.55554216027474,0.444442770034342,0.711108432054948,115,14.375,23,0.5,7,8,0.875,1,0,NA,NA,NA,NA,NA,NA,NA,NA,"G5"
"290","Georgia Southern","fbs","Sun Belt",2020,4241414,"J.D. King",3,2,11,1.5,-0.0554885314337452,-0.0184961771445817,-0.0277442657168726,11,3.66666666666667,5.5,0.333333333333333,2,3,0.666666666666667,0,0,NA,NA,NA,NA,NA,NA,NA,NA,"G5"
"290","Georgia Southern","fbs","Sun Belt",2020,4250105,"Miller Mosley",1,1,11,1,6.60808165368501,6.60808165368501,6.60808165368501,78,78,78,1,1,1,1,1,0,NA,NA,NA,NA,NA,NA,NA,NA,"G5"
"290","Georgia Southern","fbs","Sun Belt",2020,4361382,"NaJee Thompson",4,3,11,1.33333333333333,5.66772171752035,1.41693042938009,1.88924057250678,60,15,20,0.75,3,4,0.75,0,0,NA,NA,NA,NA,NA,NA,NA,NA,"G5"
"290","Georgia Southern","fbs","Sun Belt",2020,4430509,"Emil Smith",6,4,11,1.5,0.569405736049543,0.0949009560082572,0.142351434012386,40,6.66666666666667,10,0.666666666666667,4,6,0.666666666666667,0,0,NA,NA,NA,NA,NA,NA,NA,NA,"G5"
"290","Georgia Southern","fbs","Sun Belt",2020,4565540,"Sean Pelkisson",2,1,11,2,-0.392120902022781,-0.196060451011391,-0.392120902022781,10,5,10,0.5,1,2,0.5,0,0,NA,NA,NA,NA,NA,NA,NA,NA,"G5"
"290","Georgia Southern","fbs","Sun Belt",2020,4568419,"Khaleb Hood",17,8,11,2.125,5.05206644131166,0.297180378900686,0.631508305163958,149,8.76470588235294,18.625,0.529411764705882,13,17,0.764705882352941,1,0,NA,NA,NA,NA,NA,NA,NA,NA,"G5"
"290","Georgia Southern","fbs","Sun Belt",2020,4568421,"Darius Lewis",1,1,11,1,0.299057804527506,0.299057804527506,0.299057804527506,11,11,11,1,1,1,1,0,0,NA,NA,NA,NA,NA,NA,NA,NA,"G5"
"290","Georgia Southern","fbs","Sun Belt",2020,4568425,"Beau Johnson",6,4,11,1.5,4.8334781376201,0.80557968960335,1.20836953440502,99,16.5,24.75,0.666666666666667,6,6,1,2,1,NA,NA,NA,NA,NA,NA,NA,NA,"G5"
"30","USC","fbs","Pac-12",2020,4035692,"Tyler Vaughns",41,5,5,8.2,16.6310127820051,0.405634458097686,3.32620255640103,374,9.12195121951219,74.8,0.51219512195122,30,41,0.731707317073171,2,1,223,153,318,322,212,157,215,64,"P5"
"30","USC","fbs","Pac-12",2020,4035695,"Vavae Malepeai",17,5,5,3.4,-1.85504808094056,-0.109120475349445,-0.371009616188112,64,3.76470588235294,12.8,0.294117647058824,16,17,0.941176470588235,0,0,565,567,573,600,5,598.5,600,598,"P5"
"30","USC","fbs","Pac-12",2020,4259633,"Stephen Carr",9,3,5,3,-3.77563405858823,-0.419514895398692,-1.25854468619608,24,2.66666666666667,8,0.333333333333333,7,9,0.777777777777778,0,0,NA,NA,NA,NA,NA,NA,NA,NA,"P5"
"30","USC","fbs","Pac-12",2020,4259649,"Erik Krommenhoek",7,3,5,2.33333333333333,2.12351639331646,0.303359484759495,0.707838797772155,35,5,11.6666666666667,0.571428571428571,6,7,0.857142857142857,1,0,NA,NA,NA,NA,NA,NA,NA,NA,"P5"
"30","USC","fbs","Pac-12",2020,4374302,"Amon-Ra St. Brown",49,5,5,9.8,31.2984465073698,0.638743806272853,6.25968930147396,404,8.24489795918367,80.8,0.612244897959184,36,49,0.73469387755102,6,0,79,32,163,107,206,134.5,296,51,"P5"
"30","USC","fbs","Pac-12",2020,4374306,"Markese Stepp",4,2,5,2,0.984910556321175,0.246227639080294,0.492455278160588,28,7,14,0.5,3,4,0.75,0,0,NA,NA,NA,NA,NA,NA,NA,NA,"P5"
"30","USC","fbs","Pac-12",2020,4426337,"Bru McCoy",20,5,5,4,9.37508445770899,0.468754222885449,1.8750168915418,160,8,32,0.55,15,20,0.75,1,0,342,315,278,231.5,180,432.5,320.5,378.5,"P5"
"30","USC","fbs","Pac-12",2020,4426502,"Drake London",34,5,5,6.8,31.6795399656713,0.931751175460921,6.33590799313426,427,12.5588235294118,85.4,0.647058823529412,25,34,0.735294117647059,3,1,77,29,44,70.5,204,115,46,45,"P5"
"30","USC","fbs","Pac-12",2020,4426910,"Kenan Christon",3,3,5,1,-2.4424112038354,-0.814137067945132,-0.814137067945132,0,0,0,0,2,3,0.666666666666667,0,0,NA,NA,NA,NA,NA,NA,NA,NA,"P5"
"30","USC","fbs","Pac-12",2020,4428512,"Kedon Slovis",2,1,5,2,5.37861551061794,2.68930775530897,5.37861551061794,18,9,18,1,2,2,1,2,0,NA,NA,NA,NA,NA,NA,NA,NA,"P5"
"30","USC","fbs","Pac-12",2020,4428921,"Jude Wolfe",2,1,5,2,-1.00198441245196,-0.500992206225979,-1.00198441245196,5,2.5,5,0,2,2,1,0,0,NA,NA,NA,NA,NA,NA,NA,NA,"P5"
"30","USC","fbs","Pac-12",2020,4429125,"Gary Bryant Jr.",5,2,5,2.5,1.12483400373391,0.224966800746783,0.562417001866957,34,6.8,17,0.4,5,5,1,0,0,NA,NA,NA,NA,NA,NA,NA,NA,"P5"
"30","USC","fbs","Pac-12",2020,4569510,"John Jackson III",1,1,5,1,1.65660519926481,1.65660519926481,1.65660519926481,23,23,23,1,1,1,1,0,0,NA,NA,NA,NA,NA,NA,NA,NA,"P5"
"309","Louisiana","fbs","Sun Belt",2020,4040728,"Trey Ragas",12,8,10,1.5,9.66394508001667,0.805328756668055,1.20799313500208,106,8.83333333333333,13.25,0.583333333333333,9,12,0.75,2,0,NA,NA,NA,NA,NA,NA,NA,NA,"G5"
"309","Louisiana","fbs","Sun Belt",2020,4040754,"Calif Gossett",9,4,10,2.25,7.44030541424325,0.826700601582583,1.86007635356081,110,12.2222222222222,27.5,0.666666666666667,7,9,0.777777777777778,1,0,NA,NA,NA,NA,NA,NA,NA,NA,"G5"
"309","Louisiana","fbs","Sun Belt",2020,4047555,"Jalen Williams",27,9,10,3,24.4260094228575,0.904667015661389,2.71400104698417,345,12.7777777777778,38.3333333333333,0.666666666666667,19,27,0.703703703703704,3,0,139,216,50,47,275.5,181,39,297.5,"G5"
"309","Louisiana","fbs","Sun Belt",2020,4241555,"Elijah Mitchell",17,9,10,1.88888888888889,2.75522316669683,0.162071950982167,0.306135907410759,108,6.35294117647059,12,0.470588235294118,14,17,0.823529411764706,0,0,NA,NA,NA,NA,NA,NA,NA,NA,"G5"
"309","Louisiana","fbs","Sun Belt",2020,4262157,"Hunter Bergeron",2,2,10,1,1.48646354155383,0.743231770776916,0.743231770776916,21,10.5,10.5,1,2,2,1,0,0,NA,NA,NA,NA,NA,NA,NA,NA,"G5"
"309","Louisiana","fbs","Sun Belt",2020,4363098,"Johnny Lumpkin",6,4,10,1.5,5.22287433508167,0.870479055846944,1.30571858377042,57,9.5,14.25,1,6,6,1,1,0,NA,NA,NA,NA,NA,NA,NA,NA,"G5"
"309","Louisiana","fbs","Sun Belt",2020,4363104,"Chris Smith",14,7,10,2,-2.95179440463494,-0.210842457473924,-0.421684914947849,137,9.78571428571429,19.5714285714286,0.5,13,14,0.928571428571429,1,2,NA,NA,NA,NA,NA,NA,NA,NA,"G5"
"309","Louisiana","fbs","Sun Belt",2020,4363116,"Damani Burrell",1,1,10,1,-0.259876661230788,-0.259876661230788,-0.259876661230788,5,5,5,0,1,1,1,0,0,NA,NA,NA,NA,NA,NA,NA,NA,"G5"
"309","Louisiana","fbs","Sun Belt",2020,4363117,"Kaleb Carter",6,3,10,2,5.88113986198382,0.980189976997303,1.96037995399461,41,6.83333333333333,13.6666666666667,0.666666666666667,4,6,0.666666666666667,1,0,NA,NA,NA,NA,NA,NA,NA,NA,"G5"
"309","Louisiana","fbs","Sun Belt",2020,4363129,"Pearse Migl",3,2,10,1.5,0.882603749431355,0.294201249810452,0.441301874715678,17,5.66666666666667,8.5,0.666666666666667,2,3,0.666666666666667,1,0,NA,NA,NA,NA,NA,NA,NA,NA,"G5"
"309","Louisiana","fbs","Sun Belt",2020,4363132,"Michael Orphey Jr.",1,1,10,1,-1.48997748420001,-1.48997748420001,-1.48997748420001,2,2,2,0,1,1,1,0,0,NA,NA,NA,NA,NA,NA,NA,NA,"G5"
"309","Louisiana","fbs","Sun Belt",2020,4363133,"Devon Pauley",6,3,10,2,6.33668703620503,1.05611450603417,2.11222901206834,82,13.6666666666667,27.3333333333333,0.666666666666667,4,6,0.666666666666667,0,0,NA,NA,NA,NA,NA,NA,NA,NA,"G5"
"309","Louisiana","fbs","Sun Belt",2020,4429927,"Neal Johnson",13,4,10,3.25,8.3811125482297,0.644700965248439,2.09527813705743,131,10.0769230769231,32.75,0.846153846153846,12,13,0.923076923076923,1,0,NA,NA,NA,NA,NA,NA,NA,NA,"G5"
"309","Louisiana","fbs","Sun Belt",2020,4431219,"Kyren Lacy",38,10,10,3.8,22.8474059929486,0.601247526130226,2.28474059929486,326,8.57894736842105,32.6,0.5,24,38,0.631578947368421,3,1,153,263,189,353.5,450,195.5,254,367,"G5"
"309","Louisiana","fbs","Sun Belt",2020,4565297,"Dontae Fleming",21,8,10,2.625,6.05201552457956,0.28819121545617,0.756501940572445,190,9.04761904761905,23.75,0.428571428571429,12,21,0.571428571428571,1,0,416,461,390,494,537.5,379,221,482,"G5"
"309","Louisiana","fbs","Sun Belt",2020,4565652,"Errol Rogers Jr.",12,6,10,2,5.38916832706544,0.449097360588787,0.898194721177573,116,9.66666666666667,19.3333333333333,0.833333333333333,12,12,1,2,0,NA,NA,NA,NA,NA,NA,NA,NA,"G5"
"309","Louisiana","fbs","Sun Belt",2020,4565761,"Emani Bailey",1,1,10,1,-1.07338897715555,-1.07338897715555,-1.07338897715555,0,0,0,0,0,1,0,0,0,NA,NA,NA,NA,NA,NA,NA,NA,"G5"
"309","Louisiana","fbs","Sun Belt",2020,4570296,"Dalen Cambre",2,1,10,2,-0.536766858115641,-0.268383429057821,-0.536766858115641,10,5,10,0.5,1,2,0.5,0,0,NA,NA,NA,NA,NA,NA,NA,NA,"G5"
"309","Louisiana","fbs","Sun Belt",2020,4686400,"Golden Eke",2,1,10,2,-1.07078012768808,-0.535390063844042,-1.07078012768808,5,2.5,5,0.5,1,2,0.5,0,0,NA,NA,NA,NA,NA,NA,NA,NA,"G5"
"324","Coastal Carolina","fbs","Sun Belt",2020,4029728,"Kameron Brown",31,9,10,3.44444444444444,7.50298941863756,0.242031916730244,0.833665490959729,229,7.38709677419355,25.4444444444444,0.451612903225806,18,31,0.580645161290323,3,0,392,448,421,459,529,315,390,466,"G5"
"324","Coastal Carolina","fbs","Sun Belt",2020,4036485,"CJ Marable",36,10,10,3.6,13.9923819129691,0.388677275360252,1.39923819129691,216,6,21.6,0.5,29,36,0.805555555555556,7,1,263,377,325,353.5,94,339.5,506.5,522,"G5"
"324","Coastal Carolina","fbs","Sun Belt",2020,4037624,"Samuel Denmark",16,8,10,2,17.6523381909202,1.10327113693251,2.20654227386503,243,15.1875,30.375,0.8125,13,16,0.8125,1,0,NA,NA,NA,NA,NA,NA,NA,NA,"G5"
"324","Coastal Carolina","fbs","Sun Belt",2020,4052017,"C.J. Brewer",1,1,10,1,1.05964117009168,1.05964117009168,1.05964117009168,2,2,2,1,1,1,1,1,0,NA,NA,NA,NA,NA,NA,NA,NA,"G5"
"324","Coastal Carolina","fbs","Sun Belt",2020,4259726,"Greg Latushko",15,6,10,2.5,13.1073692322955,0.87382461548637,2.18456153871592,164,10.9333333333333,27.3333333333333,0.733333333333333,12,15,0.8,0,0,NA,NA,NA,NA,NA,NA,NA,NA,"G5"
"324","Coastal Carolina","fbs","Sun Belt",2020,4259729,"Baden Pinson",2,2,10,1,2.21545376966406,1.10772688483203,1.10772688483203,22,11,11,1,2,2,1,0,0,NA,NA,NA,NA,NA,NA,NA,NA,"G5"
"324","Coastal Carolina","fbs","Sun Belt",2020,4259751,"Michael McFarlane",1,1,10,1,0.709912337820819,0.709912337820819,0.709912337820819,15,15,15,1,1,1,1,0,0,NA,NA,NA,NA,NA,NA,NA,NA,"G5"
"324","Coastal Carolina","fbs","Sun Belt",2020,4361029,"Jaivon Heiligh",64,9,10,7.11111111111111,70.4754637513118,1.10117912111425,7.83060708347908,768,12,85.3333333333333,0.75,50,64,0.78125,9,0,4,11,23,7,127,19,60,46,"G5"
"324","Coastal Carolina","fbs","Sun Belt",2020,4361032,"Bryce Carpenter",2,2,10,1,0.772357497311457,0.386178748655728,0.386178748655728,18,9,9,0.5,2,2,1,0,0,NA,NA,NA,NA,NA,NA,NA,NA,"G5"
"324","Coastal Carolina","fbs","Sun Belt",2020,4361048,"Patrick McSweeney",2,2,10,1,-0.695799429283556,-0.347899714641778,-0.347899714641778,11,5.5,5.5,0.5,2,2,1,0,0,NA,NA,NA,NA,NA,NA,NA,NA,"G5"
"324","Coastal Carolina","fbs","Sun Belt",2020,4361050,"Isaiah Likely",32,8,10,4,23.527336276514,0.735229258641062,2.94091703456425,421,13.15625,52.625,0.625,22,32,0.6875,3,0,143,185,105,93.5,316,120.5,31,179,"G5"
"324","Coastal Carolina","fbs","Sun Belt",2020,4361062,"Conner McCarthy",1,1,10,1,0.0616013863238898,0.0616013863238898,0.0616013863238898,7,7,7,1,1,1,1,0,0,NA,NA,NA,NA,NA,NA,NA,NA,"G5"
"324","Coastal Carolina","fbs","Sun Belt",2020,4430714,"Reese White",4,2,10,2,-0.00376287779713125,-0.000940719449282812,-0.00188143889856562,53,13.25,26.5,0.5,3,4,0.75,0,0,NA,NA,NA,NA,NA,NA,NA,NA,"G5"
"324","Coastal Carolina","fbs","Sun Belt",2020,4608606,"Tyson Mobley",2,2,10,1,-0.121438148479638,-0.0607190742398191,-0.0607190742398191,9,4.5,4.5,0.5,2,2,1,0,0,NA,NA,NA,NA,NA,NA,NA,NA,"G5"
"324","Coastal Carolina","fbs","Sun Belt",2020,4685939,"Shermari Jones",1,1,10,1,0.72150003341289,0.72150003341289,0.72150003341289,9,9,9,1,1,1,1,0,0,NA,NA,NA,NA,NA,NA,NA,NA,"G5"
"326","Texas State","fbs","Sun Belt",2020,4241671,"Jeremiah Haydel",57,12,12,4.75,4.91651186241181,0.0862545940774002,0.409709321867651,407,7.14035087719298,33.9166666666667,0.421052631578947,40,57,0.701754385964912,4,1,447,499,505,504.5,280.5,132,411,351,"G5"
"326","Texas State","fbs","Sun Belt",2020,4241700,"Chandler Speights",21,9,12,2.33333333333333,20.4501237243708,0.973815415446229,2.27223596937453,227,10.8095238095238,25.2222222222222,0.714285714285714,20,21,0.952380952380952,1,0,NA,NA,NA,NA,NA,NA,NA,NA,"G5"
"326","Texas State","fbs","Sun Belt",2020,4360448,"Brock Sturges",15,9,12,1.66666666666667,-0.0744494848265591,-0.00496329898843727,-0.00827216498072879,109,7.26666666666667,12.1111111111111,0.333333333333333,10,15,0.666666666666667,1,1,NA,NA,NA,NA,NA,NA,NA,NA,"G5"
"326","Texas State","fbs","Sun Belt",2020,4361837,"Jahmyl Jeter",6,5,12,1.2,-0.784141420201319,-0.13069023670022,-0.156828284040264,21,3.5,4.2,0.166666666666667,5,6,0.833333333333333,0,0,NA,NA,NA,NA,NA,NA,NA,NA,"G5"
"326","Texas State","fbs","Sun Belt",2020,4362664,"JahMarae Sheread",39,9,12,4.33333333333333,20.0794177871879,0.514856866338151,2.23104642079865,321,8.23076923076923,35.6666666666667,0.538461538461538,28,39,0.717948717948718,2,0,180,269,248,259.5,241,205.5,297,331.5,"G5"
"326","Texas State","fbs","Sun Belt",2020,4362668,"Javen Banks",20,7,12,2.85714285714286,28.5841316631069,1.42920658315535,4.08344738044385,299,14.95,42.7142857142857,0.6,16,20,0.8,4,0,NA,NA,NA,NA,NA,NA,NA,NA,"G5"
"326","Texas State","fbs","Sun Belt",2020,4362669,"T.J. Graham",35,9,12,3.88888888888889,12.0849155626763,0.34528330179075,1.34276839585292,271,7.74285714285714,30.1111111111111,0.6,24,35,0.685714285714286,2,1,297,383,350,136.5,322.5,256.5,344,401,"G5"
"326","Texas State","fbs","Sun Belt",2020,4362671,"Blake Aragon",7,3,12,2.33333333333333,6.31026165271424,0.901465950387748,2.10342055090475,54,7.71428571428571,18,0.571428571428571,6,7,0.857142857142857,1,0,NA,NA,NA,NA,NA,NA,NA,NA,"G5"
"326","Texas State","fbs","Sun Belt",2020,4362673,"Jacoby Hopkins",1,1,12,1,0.377282708291081,0.377282708291081,0.377282708291081,7,7,7,1,1,1,1,0,0,NA,NA,NA,NA,NA,NA,NA,NA,"G5"
"326","Texas State","fbs","Sun Belt",2020,4362698,"Jackson Lanam",10,4,12,2.5,11.8300983035025,1.18300983035025,2.95752457587563,104,10.4,26,0.8,9,10,0.9,1,0,NA,NA,NA,NA,NA,NA,NA,NA,"G5"
"326","Texas State","fbs","Sun Belt",2020,4371730,"Brady McBride",2,2,12,1,6.69030938538216,3.34515469269108,3.34515469269108,25,12.5,12.5,1,2,2,1,2,0,NA,NA,NA,NA,NA,NA,NA,NA,"G5"
"326","Texas State","fbs","Sun Belt",2020,4373472,"Drue Jackson",30,10,12,3,2.14011567785141,0.0713371892617135,0.214011567785141,244,8.13333333333333,24.4,0.466666666666667,21,30,0.7,0,0,501,520,513,429.5,286,295.5,304,475,"G5"
"326","Texas State","fbs","Sun Belt",2020,4565460,"Jaycob Horn",2,1,12,2,0.56773383220586,0.28386691610293,0.56773383220586,18,9,18,0.5,1,2,0.5,0,0,NA,NA,NA,NA,NA,NA,NA,NA,"G5"
"326","Texas State","fbs","Sun Belt",2020,4568406,"Calvin Hill",27,10,12,2.7,-0.0402308698337807,-0.00149003221606595,-0.00402308698337807,173,6.40740740740741,17.3,0.407407407407407,24,27,0.888888888888889,0,0,536,535,535,527,19,415.5,480,568,"G5"
"326","Texas State","fbs","Sun Belt",2020,4685831,"Marcell Barbee",55,11,12,5,33.3721374432134,0.606766135331152,3.03383067665576,555,10.0909090909091,50.4545454545455,0.6,37,55,0.672727272727273,7,0,65,176,181,136.5,355,59,152,196,"G5"
"328","Utah State","fbs","Mountain West",2020,4035670,"Devonta'e Henry-Cole",8,4,6,2,-6.63591968271724,-0.829489960339655,-1.65897992067931,11,1.375,2.75,0.125,3,8,0.375,0,0,NA,NA,NA,NA,NA,NA,NA,NA,"G5"
"328","Utah State","fbs","Mountain West",2020,4048695,"Jordan Nathan",14,5,6,2.8,0.962454262037397,0.0687467330026712,0.192490852407479,57,4.07142857142857,11.4,0.357142857142857,8,14,0.571428571428571,1,0,523,521,515,572,537.5,608.5,594,607,"G5"
"328","Utah State","fbs","Mountain West",2020,4240066,"Taylor Compton",4,2,6,2,4.30327944759403,1.07581986189851,2.15163972379701,26,6.5,13,0.75,4,4,1,0,0,NA,NA,NA,NA,NA,NA,NA,NA,"G5"
"328","Utah State","fbs","Mountain West",2020,4259240,"Savon Scarver",8,4,6,2,-0.139671370380998,-0.0174589212976247,-0.0349178425952495,48,6,12,0.375,5,8,0.625,1,0,NA,NA,NA,NA,NA,NA,NA,NA,"G5"
"328","Utah State","fbs","Mountain West",2020,4259242,"Carson Terrell",6,3,6,2,4.28182770511318,0.713637950852197,1.42727590170439,62,10.3333333333333,20.6666666666667,0.666666666666667,4,6,0.666666666666667,1,0,NA,NA,NA,NA,NA,NA,NA,NA,"G5"
"328","Utah State","fbs","Mountain West",2020,4361185,"Justin McGriff",18,4,6,4.5,1.2477923470698,0.0693217970594332,0.311948086767449,123,6.83333333333333,30.75,0.444444444444444,11,18,0.611111111111111,2,1,518,510,514,470.5,486.5,493,433,396,"G5"
"328","Utah State","fbs","Mountain West",2020,4374187,"Deven Thompkins",29,4,6,7.25,4.61536549765591,0.159150534401928,1.15384137441398,214,7.37931034482759,53.5,0.310344827586207,20,29,0.689655172413793,1,0,451,410,467,596,307,343.5,391,170,"G5"
"328","Utah State","fbs","Mountain West",2020,4374200,"Tim Patrick Jr.",4,1,6,4,1.99017172604087,0.497542931510217,1.99017172604087,21,5.25,21,0.5,3,4,0.75,0,0,NA,NA,NA,NA,NA,NA,NA,NA,"G5"
"328","Utah State","fbs","Mountain West",2020,4374202,"Bryce Mortenson",3,2,6,1.5,-2.0075081518436,-0.669169383947868,-1.0037540759218,2,0.666666666666667,1,0,2,3,0.666666666666667,0,0,NA,NA,NA,NA,NA,NA,NA,NA,"G5"
"328","Utah State","fbs","Mountain West",2020,4433821,"John Gentry",1,1,6,1,-3.13398625686263,-3.13398625686263,-3.13398625686263,-4,-4,-4,0,1,1,1,0,0,NA,NA,NA,NA,NA,NA,NA,NA,"G5"
"328","Utah State","fbs","Mountain West",2020,4569987,"Jaylen Warren",7,2,6,3.5,-2.39212392395828,-0.341731989136898,-1.19606196197914,33,4.71428571428571,16.5,0.285714285714286,5,7,0.714285714285714,0,0,NA,NA,NA,NA,NA,NA,NA,NA,"G5"
"328","Utah State","fbs","Mountain West",2020,4569995,"Derek Wright",18,5,6,3.6,2.90202632457918,0.161223684698843,0.580405264915836,116,6.44444444444444,23.2,0.5,11,18,0.611111111111111,0,1,487,482,464,353.5,486.5,514,478,491.5,"G5"
"328","Utah State","fbs","Mountain West",2020,4575457,"Pailate Makakona",3,2,6,1.5,-1.25530014669573,-0.418433382231912,-0.627650073347867,12,4,6,0.333333333333333,2,3,0.666666666666667,0,0,NA,NA,NA,NA,NA,NA,NA,NA,"G5"
"328","Utah State","fbs","Mountain West",2020,4606001,"Elelyon Noa",3,1,6,3,1.9943972692865,0.664799089762166,1.9943972692865,15,5,15,0.666666666666667,3,3,1,0,0,NA,NA,NA,NA,NA,NA,NA,NA,"G5"
"328","Utah State","fbs","Mountain West",2020,4612824,"Broc Lane",4,1,6,4,-1.56094759189964,-0.39023689797491,-1.56094759189964,9,2.25,9,0.5,2,4,0.5,0,0,NA,NA,NA,NA,NA,NA,NA,NA,"G5"
"328","Utah State","fbs","Mountain West",2020,4686919,"Justin McGriff",8,1,6,8,4.41825852550194,0.552282315687743,4.41825852550194,29,3.625,29,0.5,4,8,0.5,0,0,NA,NA,NA,NA,NA,NA,NA,NA,"G5"
"328","Utah State","fbs","Mountain West",2020,4686920,"Quinton Hadnot",1,1,6,1,-0.722799819449098,-0.722799819449098,-0.722799819449098,2,2,2,0,1,1,1,0,0,NA,NA,NA,NA,NA,NA,NA,NA,"G5"
"333","Alabama","fbs","SEC",2020,107494,"Trey Sanders",1,1,10,1,-0.885472649834076,-0.885472649834076,-0.885472649834076,-2,-2,-2,0,1,1,1,0,0,NA,NA,NA,NA,NA,NA,NA,NA,"P5"
"333","Alabama","fbs","SEC",2020,4040714,"Miller Forristall",18,8,10,2.25,12.0652568251302,0.670292045840564,1.50815710314127,199,11.0555555555556,24.875,0.833333333333333,16,18,0.888888888888889,0,0,NA,NA,NA,NA,NA,NA,NA,NA,"P5"
"333","Alabama","fbs","SEC",2020,4241457,"Najee Harris",34,10,10,3.4,5.55484223256422,0.163377712722477,0.555484223256422,249,7.32352941176471,24.9,0.529411764705882,27,34,0.794117647058823,0,0,433,484,462,280,104,289.5,394,471,"P5"
"333","Alabama","fbs","SEC",2020,4241464,"Mac Jones",13,4,10,3.25,44.1447107190596,3.3957469783892,11.0361776797649,407,31.3076923076923,101.75,1,13,13,1,13,0,NA,NA,NA,NA,NA,NA,NA,NA,"P5"
"333","Alabama","fbs","SEC",2020,4241474,"Brian Robinson Jr.",12,5,10,2.4,-7.12596555005201,-0.593830462504334,-1.4251931100104,26,2.16666666666667,5.2,0.333333333333333,6,12,0.5,0,0,NA,NA,NA,NA,NA,NA,NA,NA,"P5"
"333","Alabama","fbs","SEC",2020,4241478,"DeVonta Smith",100,10,10,10,75.0985591788069,0.750985591788069,7.50985591788069,1043,10.43,104.3,0.68,77,100,0.77,9,0,3,13,91,34,145,5,140,19,"P5"
"333","Alabama","fbs","SEC",2020,4360115,"Slade Bolden",19,5,10,3.8,1.07787244098635,0.0567301284729658,0.21557448819727,192,10.1052631578947,38.4,0.526315789473684,17,19,0.894736842105263,0,2,521,518,519,289,15.5,375,150,296,"P5"
"333","Alabama","fbs","SEC",2020,4372016,"Jaylen Waddle",27,4,10,6.75,33.8515710672853,1.25376189138094,8.46289276682134,516,19.1111111111111,129,0.666666666666667,23,27,0.851851851851852,2,0,62,10,10,47,41,69,4,3,"P5"
"333","Alabama","fbs","SEC",2020,4429001,"Jase McClellan",1,1,10,1,-0.623861461126648,-0.623861461126648,-0.623861461126648,1,1,1,0,1,1,1,0,0,NA,NA,NA,NA,NA,NA,NA,NA,"P5"
"333","Alabama","fbs","SEC",2020,4430823,"Thaiu Jones-Bell",1,1,10,1,-1.44668648092575,-1.44668648092575,-1.44668648092575,-2,-2,-2,0,1,1,1,0,0,NA,NA,NA,NA,NA,NA,NA,NA,"P5"
"333","Alabama","fbs","SEC",2020,4567096,"John Metchie",53,10,10,5.3,41.6144157434277,0.785177655536372,4.16144157434277,689,13,68.9,0.509433962264151,38,53,0.716981132075472,4,0,30,96,78,327,244,27,33.5,89,"P5"
"333","Alabama","fbs","SEC",2020,4567105,"Jahleel Billingsley",10,4,10,2.5,10.2939602131644,1.02939602131644,2.5734900532911,157,15.7,39.25,0.7,9,10,0.9,0,0,NA,NA,NA,NA,NA,NA,NA,NA,"P5"
"333","Alabama","fbs","SEC",2020,4692022,"Javon Baker",2,1,10,2,-0.0726590236186446,-0.0363295118093223,-0.0726590236186446,15,7.5,15,0.5,2,2,1,0,0,NA,NA,NA,NA,NA,NA,NA,NA,"P5"
"344","Mississippi State","fbs","SEC",2020,4035386,"Osirus Mitchell",54,9,9,6,34.9903842698118,0.647970079070589,3.88782047442354,458,8.48148148148148,50.8888888888889,0.555555555555556,41,54,0.759259259259259,3,0,57,118,157,215.5,163,93.5,265,194.5,"P5"
"344","Mississippi State","fbs","SEC",2020,4241476,"Tyrell Shavers",14,3,9,4.66666666666667,0.998041636330538,0.0712886883093241,0.332680545443513,107,7.64285714285714,35.6666666666667,0.357142857142857,9,14,0.642857142857143,1,0,NA,NA,NA,NA,NA,NA,NA,NA,"P5"
"344","Mississippi State","fbs","SEC",2020,4242248,"Austin Williams",43,8,9,5.375,6.72838097668428,0.15647397620196,0.841047622085535,288,6.69767441860465,36,0.604651162790698,37,43,0.86046511627907,3,1,408,445,469,121,36,238,452,325.5,"P5"
"344","Mississippi State","fbs","SEC",2020,4259805,"Kylin Hill",28,2,9,14,9.62522503855416,0.34375803709122,4.81261251927708,237,8.46428571428571,118.5,0.5,23,28,0.821428571428571,1,0,335,65,351,353.5,65.5,306,267,9,"P5"
"344","Mississippi State","fbs","SEC",2020,4362892,"Geor'quarius Spivey",13,4,9,3.25,0.258756887711034,0.0199043759777719,0.0646892219277586,111,8.53846153846154,27.75,0.461538461538462,10,13,0.769230769230769,0,0,NA,NA,NA,NA,NA,NA,NA,NA,"P5"
"344","Mississippi State","fbs","SEC",2020,4362899,"Brad Cumbest",1,1,9,1,-0.561321642012447,-0.561321642012447,-0.561321642012447,2,2,2,0,1,1,1,0,0,NA,NA,NA,NA,NA,NA,NA,NA,"P5"
"344","Mississippi State","fbs","SEC",2020,4362907,"Kwatrivous Johnson",1,1,9,1,-1.57186735700953,-1.57186735700953,-1.57186735700953,-3,-3,-3,0,1,1,1,0,0,NA,NA,NA,NA,NA,NA,NA,NA,"P5"
"344","Mississippi State","fbs","SEC",2020,4362908,"Kameron Jones",1,1,9,1,-0.0524277904870107,-0.0524277904870107,-0.0524277904870107,5,5,5,0,1,1,1,0,0,NA,NA,NA,NA,NA,NA,NA,NA,"P5"
"344","Mississippi State","fbs","SEC",2020,4362909,"Cameron Gardner",20,5,9,4,1.56889370544361,0.0784446852721806,0.313778741088722,110,5.5,22,0.5,12,20,0.6,0,0,508,509,510,353.5,504,522.5,533,515,"P5"
"344","Mississippi State","fbs","SEC",2020,4426966,"Garrett Shrader",1,1,9,1,1.43052734091249,1.43052734091249,1.43052734091249,8,8,8,1,1,1,1,0,0,NA,NA,NA,NA,NA,NA,NA,NA,"P5"
"344","Mississippi State","fbs","SEC",2020,4428915,"Lee Witherspoon",9,4,9,2.25,0.819543798477322,0.0910604220530358,0.204885949619331,49,5.44444444444444,12.25,0.555555555555556,9,9,1,0,0,NA,NA,NA,NA,NA,NA,NA,NA,"P5"
"344","Mississippi State","fbs","SEC",2020,4429059,"Jo'quavious Marks",5,1,9,5,-4.65597958334551,-0.931195916669103,-4.65597958334551,3,0.6,3,0,3,5,0.6,0,0,NA,NA,NA,NA,NA,NA,NA,NA,"P5"
"344","Mississippi State","fbs","SEC",2020,4429153,"Lideatrick Griffin",12,2,9,6,-6.95260734926702,-0.579383945772251,-3.47630367463351,31,2.58333333333333,15.5,0.166666666666667,6,12,0.5,0,0,NA,NA,NA,NA,NA,NA,NA,NA,"P5"
"344","Mississippi State","fbs","SEC",2020,4568063,"JaVonta Payton",30,6,9,5,9.36434821218334,0.312144940406111,1.56072470203056,219,7.3,36.5,0.466666666666667,19,30,0.633333333333333,1,0,343,353,377,429.5,445,334.5,396,318.5,"P5"
"344","Mississippi State","fbs","SEC",2020,4578654,"Jaden Walley",63,8,9,7.875,31.9406263763592,0.506994069466019,3.9925782970449,562,8.92063492063492,70.25,0.603174603174603,43,63,0.682539682539683,1,0,75,110,250,125,330.5,57,229,80.5,"P5"
"344","Mississippi State","fbs","SEC",2020,4689334,"Malik Heath",53,8,9,6.625,1.48371585432018,0.0279946387607582,0.185464481790023,267,5.0377358490566,33.375,0.39622641509434,33,53,0.622641509433962,3,0,511,522,527,543,468,263,563,357,"P5"
"344","Mississippi State","fbs","SEC",2020,4689338,"Dillon Johnson",38,8,9,4.75,-7.02563758544128,-0.184885199616876,-0.87820469818016,144,3.78947368421053,18,0.315789473684211,34,38,0.894736842105263,0,0,607,596,589,592,15.5,461.5,599,559.5,"P5"
"349","Army","fbs","FBS Independents",2020,4258463,"Artice Hobbs",2,2,7,1,-0.655741267391004,-0.327870633695502,-0.327870633695502,6,3,3,0,1,2,0.5,0,0,NA,NA,NA,NA,NA,NA,NA,NA,"G5"
"349","Army","fbs","FBS Independents",2020,4258467,"Sandon McCoy",1,1,7,1,-0.879939263506604,-0.879939263506604,-0.879939263506604,-4,-4,-4,0,1,1,1,0,0,NA,NA,NA,NA,NA,NA,NA,NA,"G5"
"349","Army","fbs","FBS Independents",2020,4258509,"Camden Harrison",1,1,7,1,3.30606606774432,3.30606606774432,3.30606606774432,53,53,53,1,1,1,1,0,0,NA,NA,NA,NA,NA,NA,NA,NA,"G5"
"349","Army","fbs","FBS Independents",2020,4373731,"Michael Roberts",5,3,7,1.66666666666667,4.3858176440591,0.87716352881182,1.46193921468637,68,13.6,22.6666666666667,1,5,5,1,0,0,NA,NA,NA,NA,NA,NA,NA,NA,"G5"
"349","Army","fbs","FBS Independents",2020,4373743,"Brandon Walters",6,2,7,3,-3.68404531402912,-0.614007552338186,-1.84202265701456,24,4,12,0.5,4,6,0.666666666666667,0,0,NA,NA,NA,NA,NA,NA,NA,NA,"G5"
"349","Army","fbs","FBS Independents",2020,4373764,"Chris Cameron",1,1,7,1,2.0303751177604,2.0303751177604,2.0303751177604,25,25,25,1,1,1,1,0,0,NA,NA,NA,NA,NA,NA,NA,NA,"G5"
"349","Army","fbs","FBS Independents",2020,4577359,"Reikan Donaldson",4,1,7,4,-0.762404446249779,-0.190601111562445,-0.762404446249779,18,4.5,18,0.25,2,4,0.5,0,0,NA,NA,NA,NA,NA,NA,NA,NA,"G5"
"349","Army","fbs","FBS Independents",2020,4689825,"Tyrell Robinson",6,3,7,2,4.42676758463912,0.737794597439853,1.47558919487971,53,8.83333333333333,17.6666666666667,0.5,3,6,0.5,1,0,NA,NA,NA,NA,NA,NA,NA,NA,"G5"
"349","Army","fbs","FBS Independents",2020,4689855,"Isaiah Alston",2,2,7,1,4.42662948453425,2.21331474226712,2.21331474226712,47,23.5,23.5,1,2,2,1,0,0,NA,NA,NA,NA,NA,NA,NA,NA,"G5"
"356","Illinois","fbs","Big Ten",2020,3682406,"Daniel Imatorbhebhe",3,2,7,1.5,4.22945230142763,1.40981743380921,2.11472615071382,54,18,27,1,3,3,1,1,0,NA,NA,NA,NA,NA,NA,NA,NA,"P5"
"356","Illinois","fbs","Big Ten",2020,4035689,"Josh Imatorbhebhe",41,7,7,5.85714285714286,9.70451934483598,0.236695593776487,1.38635990640514,297,7.24390243902439,42.4285714285714,0.439024390243902,22,41,0.536585365853659,3,0,334,379,428,479,572,228,399,258,"P5"
"356","Illinois","fbs","Big Ten",2020,4240543,"Mike Epstein",3,2,7,1.5,0.439791795207009,0.146597265069003,0.219895897603504,29,9.66666666666667,14.5,0.333333333333333,2,3,0.666666666666667,0,0,NA,NA,NA,NA,NA,NA,NA,NA,"P5"
"356","Illinois","fbs","Big Ten",2020,4249535,"Donny Navarro",13,4,7,3.25,-1.52864359487638,-0.117587968836645,-0.382160898719095,88,6.76923076923077,22,0.307692307692308,8,13,0.615384615384615,0,0,NA,NA,NA,NA,NA,NA,NA,NA,"P5"
"356","Illinois","fbs","Big Ten",2020,4360373,"Carlos Sandy",1,1,7,1,5.3740042807897,5.3740042807897,5.3740042807897,29,29,29,1,1,1,1,1,0,NA,NA,NA,NA,NA,NA,NA,NA,"P5"
"356","Illinois","fbs","Big Ten",2020,4360400,"Daniel Barker",25,6,7,4.16666666666667,16.5630737916714,0.662522951666856,2.7605122986119,214,8.56,35.6666666666667,0.48,16,25,0.64,1,0,225,210,146,398,429.5,343.5,256,331.5,"P5"
"356","Illinois","fbs","Big Ten",2020,4362238,"Chase Brown",7,5,7,1.4,-3.602478862988,-0.514639837569714,-0.7204957725976,30,4.28571428571429,6,0.428571428571429,5,7,0.714285714285714,0,0,NA,NA,NA,NA,NA,NA,NA,NA,"P5"
"356","Illinois","fbs","Big Ten",2020,4362501,"Brian Hightower",17,5,7,3.4,8.57704033122924,0.504531784189955,1.71540806624585,201,11.8235294117647,40.2,0.470588235294118,9,17,0.529411764705882,2,0,366,334,253,422,577,364.5,67,276,"P5"
"356","Illinois","fbs","Big Ten",2020,4379402,"Luke Ford",3,2,7,1.5,-0.105858987965296,-0.0352863293217653,-0.0529294939826479,15,5,7.5,0.333333333333333,2,3,0.666666666666667,0,0,NA,NA,NA,NA,NA,NA,NA,NA,"P5"
"356","Illinois","fbs","Big Ten",2020,4427003,"Kyron Cumby",3,2,7,1.5,-0.863901843148359,-0.287967281049453,-0.431950921574179,16,5.33333333333333,8,0.333333333333333,3,3,1,0,0,NA,NA,NA,NA,NA,NA,NA,NA,"P5"
"356","Illinois","fbs","Big Ten",2020,4428796,"Casey Washington",16,5,7,3.2,-4.00379962178196,-0.250237476361372,-0.800759924356392,106,6.625,21.2,0.5,10,16,0.625,0,0,586,591,598,353.5,464,532.5,464,525.5,"P5"
"356","Illinois","fbs","Big Ten",2020,4569372,"Dalevon Campbell",2,1,7,2,1.77559128368003,0.887795641840016,1.77559128368003,24,12,24,1,2,2,1,0,0,NA,NA,NA,NA,NA,NA,NA,NA,"P5"
"36","Colorado State","fbs","Mountain West",2020,4035493,"Nate Craig-Myers",8,3,4,2.66666666666667,5.46432938316325,0.683041172895406,1.82144312772108,68,8.5,22.6666666666667,0.5,6,8,0.75,0,0,435,322,140,353.5,180,593.5,262,501.5,"G5"
"36","Colorado State","fbs","Mountain West",2020,4240654,"Brian Polendey",1,1,4,1,-1.82849979100167,-1.82849979100167,-1.82849979100167,-7,-7,-7,0,1,1,1,0,0,NA,NA,NA,NA,NA,NA,NA,NA,"G5"
"36","Colorado State","fbs","Mountain West",2020,4256045,"Marcus McElroy",1,1,4,1,-0.539154051206123,-0.539154051206123,-0.539154051206123,0,0,0,0,0,1,0,0,0,NA,NA,NA,NA,NA,NA,NA,NA,"G5"
"36","Colorado State","fbs","Mountain West",2020,4256049,"E.J. Scott",16,4,4,4,0.181048538456293,0.0113155336535183,0.0452621346140731,64,4,16,0.3125,8,16,0.5,0,0,533,532,532,594.5,592,598.5,596,578,"G5"
"36","Colorado State","fbs","Mountain West",2020,4361287,"A'Jon Vivens",4,3,4,1.33333333333333,-2.38467849151675,-0.596169622879188,-0.794892830505583,1,0.25,0.333333333333333,0,1,4,0.25,0,0,NA,NA,NA,NA,NA,NA,NA,NA,"G5"
"36","Colorado State","fbs","Mountain West",2020,4361307,"Trey McBride",32,4,4,8,15.9091737325626,0.49716167914258,3.97729343314064,318,9.9375,79.5,0.5,21,32,0.65625,4,0,237,112,260,353.5,391.5,207,159,55,"G5"
"36","Colorado State","fbs","Mountain West",2020,4427957,"Ty McCullouch",1,1,4,1,-0.120362159613364,-0.120362159613364,-0.120362159613364,8,8,8,0,1,1,1,0,0,NA,NA,NA,NA,NA,NA,NA,NA,"G5"
"36","Colorado State","fbs","Mountain West",2020,4428938,"Dante Wright",29,3,4,9.66666666666667,14.4551169304607,0.49845230794692,4.81837231015356,315,10.8620689655172,105,0.517241379310345,20,29,0.689655172413793,0,0,255,64,259,311.5,307,208,112,17,"G5"
"38","Colorado","fbs","Pac-12",2020,4035821,"Matt Lynch",3,2,5,1.5,-1.513677433759,-0.504559144586332,-0.756838716879498,7,2.33333333333333,3.5,0.333333333333333,2,3,0.666666666666667,0,0,NA,NA,NA,NA,NA,NA,NA,NA,"P5"
"38","Colorado","fbs","Pac-12",2020,4243165,"Jaylon Jackson",2,2,5,1,2.74649270489476,1.37324635244738,1.37324635244738,17,8.5,8.5,1,2,2,1,1,0,NA,NA,NA,NA,NA,NA,NA,NA,"P5"
"38","Colorado","fbs","Pac-12",2020,4243168,"K.D. Nixon",17,3,5,5.66666666666667,-2.26092633206893,-0.13299566659229,-0.753642110689642,93,5.47058823529412,31,0.352941176470588,10,17,0.588235294117647,0,0,568,589,575,574.5,518,557,535,392,"P5"
"38","Colorado","fbs","Pac-12",2020,4243170,"Maurice Bell",11,3,5,3.66666666666667,8.69782447885889,0.790711316259899,2.8992748262863,89,8.09090909090909,29.6666666666667,0.545454545454545,9,11,0.818181818181818,1,0,359,191,75,243.5,72.5,564,310,408.5,"P5"
"38","Colorado","fbs","Pac-12",2020,4243176,"Brady Russell",10,1,5,10,4.28108018937736,0.428108018937736,4.28108018937736,77,7.7,77,0.4,5,10,0.5,1,0,456,86,301,537.5,592,582.5,355.5,59.5,"P5"
"38","Colorado","fbs","Pac-12",2020,4360644,"Daniel Arias",10,4,5,2.5,4.55484712684333,0.455484712684333,1.13871178171083,88,8.8,22,0.5,5,10,0.5,0,0,452,414,288,353.5,592,567,237,515,"P5"
"38","Colorado","fbs","Pac-12",2020,4360649,"Dimitri Stanley",22,5,5,4.4,13.8620157365146,0.630091624387025,2.77240314730291,249,11.3181818181818,49.8,0.545454545454545,16,22,0.727272727272727,1,0,265,208,167,243.5,218.5,289.5,86,201,"P5"
"38","Colorado","fbs","Pac-12",2020,4360654,"Jarek Broussard",11,4,5,2.75,0.861134911475274,0.0782849919522976,0.215283727868818,52,4.72727272727273,13,0.363636363636364,7,11,0.636363636363636,0,0,525,519,511,568.5,439.5,611,575,595,"P5"
"38","Colorado","fbs","Pac-12",2020,4383643,"C.J. Schmanski",6,2,5,3,-1.71644680149256,-0.286074466915426,-0.858223400746279,14,2.33333333333333,7,0.333333333333333,3,6,0.5,0,0,NA,NA,NA,NA,NA,NA,NA,NA,"P5"
"38","Colorado","fbs","Pac-12",2020,4427034,"Joe Davis",1,1,5,1,-0.217093259606986,-0.217093259606986,-0.217093259606986,4,4,4,0,1,1,1,0,0,NA,NA,NA,NA,NA,NA,NA,NA,"P5"
"38","Colorado","fbs","Pac-12",2020,4428475,"La'Vontae Shenault",21,4,5,5.25,8.87445172310618,0.422592939195532,2.21861293077654,205,9.76190476190476,51.25,0.571428571428571,17,21,0.80952380952381,0,1,351,271,307,184,88,359,170,188.5,"P5"
"38","Colorado","fbs","Pac-12",2020,4430067,"Jaren Mangham",1,1,5,1,0.358375110461329,0.358375110461329,0.358375110461329,10,10,10,1,1,1,1,0,0,NA,NA,NA,NA,NA,NA,NA,NA,"P5"
"38","Colorado","fbs","Pac-12",2020,4686781,"Brenden Rice",7,4,5,1.75,2.25912559025529,0.322732227179328,0.564781397563824,86,12.2857142857143,21.5,0.285714285714286,5,7,0.714285714285714,1,0,NA,NA,NA,NA,NA,NA,NA,NA,"P5"
"5","UAB","fbs","Conference USA",2020,4239768,"Spencer Brown",4,3,7,1.33333333333333,0.919389198470232,0.229847299617558,0.306463066156744,27,6.75,9,0.5,4,4,1,0,0,NA,NA,NA,NA,NA,NA,NA,NA,"G5"
"5","UAB","fbs","Conference USA",2020,4239805,"Kristopher Moll",1,1,7,1,-5.12484323552922,-5.12484323552922,-5.12484323552922,1,1,1,0,1,1,1,0,1,NA,NA,NA,NA,NA,NA,NA,NA,"G5"
"5","UAB","fbs","Conference USA",2020,4239812,"Hayden Pittman",22,7,7,3.14285714285714,8.93394975086793,0.406088625039451,1.27627853583828,168,7.63636363636364,24,0.545454545454545,14,22,0.636363636363636,0,0,349,396,316,243.5,439.5,422.5,363.5,478,"G5"
"5","UAB","fbs","Conference USA",2020,4239821,"Lucious Stanley",3,2,7,1.5,1.61569383993826,0.538564613312754,0.807846919969131,24,8,12,0.333333333333333,2,3,0.666666666666667,0,0,NA,NA,NA,NA,NA,NA,NA,NA,"G5"
"5","UAB","fbs","Conference USA",2020,4241074,"Larry Wooden",1,1,7,1,-2.1365143054602,-2.1365143054602,-2.1365143054602,-2,-2,-2,0,1,1,1,0,0,NA,NA,NA,NA,NA,NA,NA,NA,"G5"
"5","UAB","fbs","Conference USA",2020,4363409,"Austin Watkins",27,5,7,5.4,20.9277472853929,0.775101751310846,4.18554945707857,324,12,64.8,0.518518518518518,18,27,0.666666666666667,1,0,165,93,82,306.5,370.5,200,60,108.5,"G5"
"5","UAB","fbs","Conference USA",2020,4374361,"Gerrit Prince",8,4,7,2,6.19335550341243,0.774169437926553,1.54833887585311,71,8.875,17.75,0.5,5,8,0.625,2,0,NA,NA,NA,NA,NA,NA,NA,NA,"G5"
"5","UAB","fbs","Conference USA",2020,4427839,"Bryson Lucero",2,1,7,2,6.31529731999175,3.15764865999588,6.31529731999175,21,10.5,21,1,2,2,1,2,0,NA,NA,NA,NA,NA,NA,NA,NA,"G5"
"5","UAB","fbs","Conference USA",2020,4427960,"Terrell McDonald",1,1,7,1,-4.25504610390474,-4.25504610390474,-4.25504610390474,14,14,14,0,1,1,1,0,1,NA,NA,NA,NA,NA,NA,NA,NA,"G5"
"5","UAB","fbs","Conference USA",2020,4570106,"Myron Mitchell",35,7,7,5,20.2342481857057,0.578121376734447,2.89060688367224,376,10.7428571428571,53.7142857142857,0.542857142857143,23,35,0.657142857142857,2,1,177,195,206,249,389.5,156,119,166,"G5"
"5","UAB","fbs","Conference USA",2020,4570115,"Samario Rudolph",2,2,7,1,3.97861967469102,1.98930983734551,1.98930983734551,46,23,23,0.5,2,2,1,1,0,NA,NA,NA,NA,NA,NA,NA,NA,"G5"
"5","UAB","fbs","Conference USA",2020,4570130,"Jermaine Brown Jr.",9,4,7,2.25,-5.0128381751298,-0.556982019458867,-1.25320954378245,26,2.88888888888889,6.5,0.111111111111111,6,9,0.666666666666667,0,0,NA,NA,NA,NA,NA,NA,NA,NA,"G5"
"5","UAB","fbs","Conference USA",2020,4570132,"Ryan Davis",4,3,7,1.33333333333333,2.84605930904322,0.711514827260805,0.94868643634774,45,11.25,15,0.75,3,4,0.75,0,0,NA,NA,NA,NA,NA,NA,NA,NA,"G5"
"5","UAB","fbs","Conference USA",2020,4689647,"Rob Johnson",4,3,7,1.33333333333333,-2.48480579487615,-0.621201448719038,-0.82826859829205,11,2.75,3.66666666666667,0.25,3,4,0.75,0,0,NA,NA,NA,NA,NA,NA,NA,NA,"G5"
"5","UAB","fbs","Conference USA",2020,4689650,"Trea Shropshire",18,6,7,3,-5.93332193617625,-0.329628996454236,-0.988886989362708,100,5.55555555555556,16.6666666666667,0.277777777777778,6,18,0.333333333333333,0,0,603,604,607,609.5,620,543.5,529,573.5,"G5"
"5","UAB","fbs","Conference USA",2020,4699142,"Austin Watkins Jr.",10,1,7,10,4.33828062488538,0.433828062488538,4.33828062488538,55,5.5,55,0.6,7,10,0.7,1,0,NA,NA,NA,NA,NA,NA,NA,NA,"G5"
"52","Florida State","fbs","ACC",2020,4240020,"James Blackman",1,1,8,1,1.42816451654268,1.42816451654268,1.42816451654268,3,3,3,1,1,1,1,1,0,NA,NA,NA,NA,NA,NA,NA,NA,"P5"
"52","Florida State","fbs","ACC",2020,4240028,"Tamorrion Terry",30,4,8,7.5,8.76884330437749,0.292294776812583,2.19221082609437,212,7.06666666666667,53,0.433333333333333,17,30,0.566666666666667,1,0,356,276,388,487.5,547,346.5,417,175,"P5"
"52","Florida State","fbs","ACC",2020,4240033,"Ontaria Wilson",33,8,8,4.125,23.5750733228324,0.71439616129795,2.94688416535404,305,9.24242424242424,38.125,0.484848484848485,24,33,0.727272727272727,2,1,142,184,124,389,218.5,219,205,300,"P5"
"52","Florida State","fbs","ACC",2020,4360799,"Jordan Travis",1,1,8,1,1.25782352841448,1.25782352841448,1.25782352841448,5,5,5,1,1,1,1,0,0,NA,NA,NA,NA,NA,NA,NA,NA,"P5"
"52","Florida State","fbs","ACC",2020,4363030,"Warren Thompson",16,5,8,3.2,-0.133681003894018,-0.00835506274337613,-0.0267362007788036,104,6.5,20.8,0.3125,5,16,0.3125,1,0,537,537,539,594.5,621,534.5,469,529,"P5"
"52","Florida State","fbs","ACC",2020,4363032,"Keyshawn Helton",19,6,8,3.16666666666667,-9.49280931624565,-0.499621542960297,-1.58213488604094,63,3.31578947368421,10.5,0.263157894736842,10,19,0.526315789473684,0,0,618,615,618,614,579,600,613,611,"P5"
"52","Florida State","fbs","ACC",2020,4363044,"Jordan Young",11,3,8,3.66666666666667,-3.23318452882069,-0.293925866256426,-1.07772817627356,65,5.90909090909091,21.6666666666667,0.363636363636364,6,11,0.545454545454545,0,0,NA,NA,NA,NA,NA,NA,NA,NA,"P5"
"52","Florida State","fbs","ACC",2020,4363045,"Camm McDonald",31,7,8,4.42857142857143,22.7651135195456,0.734358500630503,3.2521590742208,239,7.70967741935484,34.1428571428571,0.548387096774194,22,31,0.709677419354839,2,0,154,159,108,237.5,263,303.5,354,347,"P5"
"52","Florida State","fbs","ACC",2020,4372519,"Jashaun Corbin",23,7,8,3.28571428571429,1.24091367110419,0.0539527683088779,0.177273381586313,115,5,16.4285714285714,0.478260869565217,19,23,0.826086956521739,0,0,519,523,520,400.5,60,516,566,575,"P5"
"52","Florida State","fbs","ACC",2020,4428783,"Treshaun Ward",1,1,8,1,-1.82321127776417,-1.82321127776417,-1.82321127776417,6,6,6,0,1,1,1,0,0,NA,NA,NA,NA,NA,NA,NA,NA,"P5"
"52","Florida State","fbs","ACC",2020,4429072,"Lawrance Toafili",17,6,8,2.83333333333333,0.187825110091517,0.0110485358877363,0.0313041850152529,120,7.05882352941176,20,0.470588235294118,11,17,0.647058823529412,0,0,532,533,533,422,413.5,501,419,540.5,"P5"
"52","Florida State","fbs","ACC",2020,4430636,"Kentron Poitier",5,2,8,2.5,2.20501892940275,0.44100378588055,1.10250946470138,30,6,15,0.6,3,5,0.6,0,0,NA,NA,NA,NA,NA,NA,NA,NA,"P5"
"52","Florida State","fbs","ACC",2020,4430885,"Ja'Khi Douglas",11,5,8,2.2,4.1561931849589,0.377835744087172,0.831238636991779,107,9.72727272727273,21.4,0.363636363636364,6,11,0.545454545454545,2,0,NA,NA,NA,NA,NA,NA,NA,NA,"P5"
"52","Florida State","fbs","ACC",2020,4567253,"Darion Williamson",2,1,8,2,0.931197059717988,0.465598529858994,0.931197059717988,15,7.5,15,1,2,2,1,0,0,NA,NA,NA,NA,NA,NA,NA,NA,"P5"
"52","Florida State","fbs","ACC",2020,4684940,"La'Damian Webb",13,5,8,2.6,-1.98426493949178,-0.15263576457629,-0.396852987898355,68,5.23076923076923,13.6,0.307692307692308,9,13,0.692307692307692,0,0,NA,NA,NA,NA,NA,NA,NA,NA,"P5"
"52","Florida State","fbs","ACC",2020,4691547,"Preston Daniel",3,2,8,1.5,4.68238743834623,1.56079581278208,2.34119371917312,45,15,22.5,0.666666666666667,2,3,0.666666666666667,0,0,NA,NA,NA,NA,NA,NA,NA,NA,"P5"
"57","Florida","fbs","SEC",2020,4034946,"Kyle Trask",5,2,10,2.5,17.490463523331,3.49809270466621,8.74523176166552,91,18.2,45.5,1,5,5,1,5,0,NA,NA,NA,NA,NA,NA,NA,NA,"P5"
"57","Florida","fbs","SEC",2020,4034963,"Rick Wells",7,4,10,1.75,6.08900838549997,0.86985834078571,1.52225209637499,77,11,19.25,0.714285714285714,6,7,0.857142857142857,0,0,NA,NA,NA,NA,NA,NA,NA,NA,"P5"
"57","Florida","fbs","SEC",2020,4240600,"Kadarius Toney",76,10,10,7.6,47.5189381476422,0.625249186153187,4.75189381476422,802,10.5526315789474,80.2,0.605263157894737,63,76,0.828947368421053,7,1,17,67,170,119,57,16,132,52,"P5"
"57","Florida","fbs","SEC",2020,4240603,"Malik Davis",33,10,10,3.3,13.1096145883254,0.397261048131074,1.31096145883254,393,11.9090909090909,39.3,0.666666666666667,29,33,0.878787878787879,0,0,279,389,321,47,25,145,63.5,287,"P5"
"57","Florida","fbs","SEC",2020,4240618,"Kemore Gamble",13,5,10,2.6,4.95246029433958,0.380958484179967,0.990492058867915,122,9.38461538461539,24.4,0.615384615384615,8,13,0.615384615384615,1,0,NA,NA,NA,NA,NA,NA,NA,NA,"P5"
"57","Florida","fbs","SEC",2020,4241988,"Trevon Grimes",55,10,10,5.5,34.1965180670528,0.621754873946414,3.41965180670528,521,9.47272727272727,52.1,0.618181818181818,36,55,0.654545454545455,7,0,61,144,173,100,393,67,186,181,"P5"
"57","Florida","fbs","SEC",2020,4360230,"Emory Jones",1,1,10,1,2.72162681132908,2.72162681132908,2.72162681132908,30,30,30,1,1,1,1,1,0,NA,NA,NA,NA,NA,NA,NA,NA,"P5"
"57","Florida","fbs","SEC",2020,4360233,"Jacob Copeland",30,8,10,3.75,23.2453531042691,0.774845103475636,2.90566913803363,410,13.6666666666667,51.25,0.666666666666667,20,30,0.666666666666667,2,0,148,190,83,47,370.5,131,21,188.5,"P5"
"57","Florida","fbs","SEC",2020,4360238,"Dameon Pierce",21,8,10,2.625,3.34842419836574,0.159448771350749,0.418553024795717,136,6.47619047619048,17,0.476190476190476,15,21,0.714285714285714,1,0,479,497,466,407,252.5,473.5,471,571,"P5"
"57","Florida","fbs","SEC",2020,4360248,"Kyle Pitts",57,7,10,8.14285714285714,47.592717920808,0.834959963522948,6.79895970297258,664,11.6491228070175,94.8571428571429,0.666666666666667,38,57,0.666666666666667,11,0,16,18,65,47,370.5,29,72,27,"P5"
"57","Florida","fbs","SEC",2020,4361426,"Justin Shorter",31,10,10,3.1,6.93950102687206,0.223854871834582,0.693950102687206,264,8.51612903225806,26.4,0.548387096774194,24,31,0.774193548387097,3,1,404,471,436,237.5,138.5,266,259,450,"P5"
"57","Florida","fbs","SEC",2020,4430817,"Xzavier Henderson",12,5,10,2.4,9.66149861977058,0.805124884980882,1.93229972395412,136,11.3333333333333,27.2,0.666666666666667,8,12,0.666666666666667,1,0,NA,NA,NA,NA,NA,NA,NA,NA,"P5"
"57","Florida","fbs","SEC",2020,4567400,"Nay'Quan Wright",16,8,10,2,5.40541078568478,0.337838174105298,0.675676348210597,179,11.1875,22.375,0.625,14,16,0.875,0,0,NA,NA,NA,NA,NA,NA,NA,NA,"P5"
"57","Florida","fbs","SEC",2020,4567402,"Keon Zipperer",9,5,10,1.8,9.24283451518335,1.02698161279815,1.84856690303667,107,11.8888888888889,21.4,0.666666666666667,7,9,0.777777777777778,2,0,NA,NA,NA,NA,NA,NA,NA,NA,"P5"
"57","Florida","fbs","SEC",2020,4567415,"Trent Whittemore",10,4,10,2.5,5.07864912392982,0.507864912392982,1.26966228098246,81,8.1,20.25,0.6,8,10,0.8,1,1,NA,NA,NA,NA,NA,NA,NA,NA,"P5"
"58","South Florida","fbs","American Athletic",2020,3928455,"Noah Johnson",1,1,8,1,4.18342934916428,4.18342934916428,4.18342934916428,4,4,4,1,1,1,1,1,0,NA,NA,NA,NA,NA,NA,NA,NA,"G5"
"58","South Florida","fbs","American Athletic",2020,4035169,"Latrell Williams",37,8,8,4.625,5.64120393669539,0.152464971262038,0.705150492086924,168,4.54054054054054,21,0.459459459459459,21,37,0.567567567567568,0,0,432,469,471,444,544,422.5,579,527.5,"G5"
"58","South Florida","fbs","American Athletic",2020,4039482,"Mitchell Brinkman",20,5,8,4,4.17459166094375,0.208729583047188,0.83491833218875,102,5.1,20.4,0.5,12,20,0.6,1,0,461,447,444,353.5,504,537.5,559,533,"G5"
"58","South Florida","fbs","American Athletic",2020,4044104,"DeVontres Dukes",21,4,8,5.25,3.71911745607733,0.177100831241778,0.929779364019334,129,6.14285714285714,32.25,0.476190476190476,10,21,0.476190476190476,0,0,470,436,456,407,599.5,486.5,502,370.5,"G5"
"58","South Florida","fbs","American Athletic",2020,4242491,"Darrian Felix",4,1,8,4,-3.08349387829252,-0.770873469573131,-3.08349387829252,14,3.5,14,0,3,4,0.75,0,0,NA,NA,NA,NA,NA,NA,NA,NA,"G5"
"58","South Florida","fbs","American Athletic",2020,4255713,"Randall St. Felix",20,5,8,4,3.02468981400365,0.151234490700183,0.604937962800731,128,6.4,25.6,0.45,11,20,0.55,1,0,484,478,472,464,564,489,482,462.5,"G5"
"58","South Florida","fbs","American Athletic",2020,4360873,"Chris Carter",5,4,8,1.25,-1.64906448051572,-0.329812896103143,-0.412266120128929,24,4.8,6,0.4,5,5,1,0,0,NA,NA,NA,NA,NA,NA,NA,NA,"G5"
"58","South Florida","fbs","American Athletic",2020,4360881,"Johnny Ford",15,4,8,3.75,8.68163390226091,0.57877559348406,2.17040847556523,96,6.4,24,0.4,13,15,0.866666666666667,1,0,363,282,205,537.5,33.5,551.5,482,478,"G5"
"58","South Florida","fbs","American Athletic",2020,4360886,"Terrence Horne",3,2,8,1.5,-1.37435047376261,-0.458116824587536,-0.687175236881304,8,2.66666666666667,4,0.333333333333333,3,3,1,0,0,NA,NA,NA,NA,NA,NA,NA,NA,"G5"
"58","South Florida","fbs","American Athletic",2020,4360890,"Jordan McCloud",5,2,8,2.5,19.5153594538437,3.90307189076874,9.75767972692184,79,15.8,39.5,1,5,5,1,4,0,NA,NA,NA,NA,NA,NA,NA,NA,"G5"
"58","South Florida","fbs","American Athletic",2020,4379608,"Bryce Miller",34,6,8,5.66666666666667,12.2101132264618,0.359120977248878,2.03501887107697,220,6.47058823529412,36.6666666666667,0.647058823529412,27,34,0.794117647058823,0,0,295,297,346,70.5,104,332,472.5,317,"G5"
"58","South Florida","fbs","American Athletic",2020,4427649,"Kelley Joiner Jr.",7,2,8,3.5,5.05347884639508,0.721925549485012,2.52673942319754,78,11.1428571428571,39,0.428571428571429,6,7,0.857142857142857,1,0,NA,NA,NA,NA,NA,NA,NA,NA,"G5"
"58","South Florida","fbs","American Athletic",2020,4428811,"Xavier Weaver",14,5,8,2.8,4.6081377678582,0.329152697704157,0.921627553571641,130,9.28571428571429,26,0.571428571428571,9,14,0.642857142857143,0,0,NA,NA,NA,NA,NA,NA,NA,NA,"G5"
"58","South Florida","fbs","American Athletic",2020,4430292,"Leonard Parker",1,1,8,1,1.19295110596185,1.19295110596185,1.19295110596185,12,12,12,1,1,1,1,0,0,NA,NA,NA,NA,NA,NA,NA,NA,"G5"
"58","South Florida","fbs","American Athletic",2020,4430926,"Brian Battie",6,4,8,1.5,3.68635753461177,0.614392922435295,0.921589383652942,35,5.83333333333333,8.75,0.333333333333333,4,6,0.666666666666667,0,0,NA,NA,NA,NA,NA,NA,NA,NA,"G5"
"58","South Florida","fbs","American Athletic",2020,4565889,"Omarion Dollison",33,8,8,4.125,13.188441076515,0.399649729591362,1.64855513456437,220,6.66666666666667,27.5,0.575757575757576,21,33,0.636363636363636,1,0,276,342,319,177,439.5,332,458.5,434,"G5"
"58","South Florida","fbs","American Athletic",2020,4571563,"Sean Atkins",4,1,8,4,1.01652952242537,0.254132380606342,1.01652952242537,22,5.5,22,0.5,2,4,0.5,0,0,NA,NA,NA,NA,NA,NA,NA,NA,"G5"
"58","South Florida","fbs","American Athletic",2020,4698977,"Devontres Dukes",3,1,8,3,3.06824996783218,1.02274998927739,3.06824996783218,41,13.6666666666667,41,0.666666666666667,3,3,1,1,0,NA,NA,NA,NA,NA,NA,NA,NA,"G5"
"59","Georgia Tech","fbs","ACC",2020,4037311,"Jalen Camp",35,8,10,4.375,26.7530472014443,0.764372777184122,3.34413090018053,371,10.6,46.375,0.571428571428571,24,35,0.685714285714286,3,0,116,150,88,184,322.5,159,127,226,"P5"
"59","Georgia Tech","fbs","ACC",2020,4240481,"Jerry Howard",1,1,10,1,1.81047669244583,1.81047669244583,1.81047669244583,8,8,8,1,1,1,1,0,0,NA,NA,NA,NA,NA,NA,NA,NA,"P5"
"59","Georgia Tech","fbs","ACC",2020,4240485,"Pressley Harvin III",1,1,10,1,0.118128657242019,0.118128657242019,0.118128657242019,6,6,6,1,1,1,1,0,0,NA,NA,NA,NA,NA,NA,NA,NA,"P5"
"59","Georgia Tech","fbs","ACC",2020,4240499,"Jack Coco",4,4,10,1,0.483439432107809,0.120859858026952,0.120859858026952,22,5.5,5.5,0.5,4,4,1,0,0,NA,NA,NA,NA,NA,NA,NA,NA,"P5"
"59","Georgia Tech","fbs","ACC",2020,4240506,"Adonicas Sanders",23,8,10,2.875,16.3942574444907,0.71279380193438,2.04928218056134,223,9.69565217391304,27.875,0.608695652173913,17,23,0.739130434782609,1,0,227,295,126,111.5,195.5,327.5,177,426,"P5"
"59","Georgia Tech","fbs","ACC",2020,4360569,"Jordan Mason",8,6,10,1.33333333333333,-0.0275856082374482,-0.00344820102968102,-0.00459760137290803,69,8.625,11.5,0.5,6,8,0.75,0,1,NA,NA,NA,NA,NA,NA,NA,NA,"P5"
"59","Georgia Tech","fbs","ACC",2020,4360575,"Malachi Carter",30,7,10,4.28571428571429,16.3239390148075,0.544131300493584,2.33199128782965,290,9.66666666666667,41.4285714285714,0.533333333333333,20,30,0.666666666666667,3,0,230,258,228,268,370.5,235,178.5,271,"P5"
"59","Georgia Tech","fbs","ACC",2020,4360580,"Peje' Harris",15,5,10,3,2.81694713898727,0.187796475932485,0.563389427797454,107,7.13333333333333,21.4,0.533333333333333,10,15,0.666666666666667,0,0,NA,NA,NA,NA,NA,NA,NA,NA,"P5"
"59","Georgia Tech","fbs","ACC",2020,4360589,"Dontae Smith",7,5,10,1.4,-4.3714418767896,-0.624491696684228,-0.87428837535792,52,7.42857142857143,10.4,0.428571428571429,6,7,0.857142857142857,0,1,NA,NA,NA,NA,NA,NA,NA,NA,"P5"
"59","Georgia Tech","fbs","ACC",2020,4360590,"Juanyeh Thomas",2,1,10,2,-1.42967293646074,-0.714836468230368,-1.42967293646074,0,0,0,0,0,2,0,0,0,NA,NA,NA,NA,NA,NA,NA,NA,"P5"
"59","Georgia Tech","fbs","ACC",2020,4362505,"Marquez Ezzard",9,4,10,2.25,7.73492159276049,0.859435732528944,1.93373039819012,101,11.2222222222222,25.25,0.666666666666667,7,9,0.777777777777778,0,0,NA,NA,NA,NA,NA,NA,NA,NA,"P5"
"59","Georgia Tech","fbs","ACC",2020,4426800,"Ahmarean Brown",18,6,10,3,6.83148000379558,0.379526666877532,1.1385800006326,183,10.1666666666667,30.5,0.555555555555556,11,18,0.611111111111111,1,0,NA,NA,NA,NA,NA,NA,NA,NA,"P5"
"59","Georgia Tech","fbs","ACC",2020,4426849,"Jamal Camp",8,2,10,4,1.71979825522942,0.214974781903677,0.859899127614708,47,5.875,23.5,0.375,4,8,0.5,0,0,NA,NA,NA,NA,NA,NA,NA,NA,"P5"
"59","Georgia Tech","fbs","ACC",2020,4429066,"Jeff Sims",2,1,10,2,6.24312216155316,3.12156108077658,6.24312216155316,39,19.5,39,1,2,2,1,2,0,NA,NA,NA,NA,NA,NA,NA,NA,"P5"
"59","Georgia Tech","fbs","ACC",2020,4429513,"Dylan Deveney",4,2,10,2,1.26135262146646,0.315338155366616,0.630676310733232,20,5,10,0.75,3,4,0.75,0,0,NA,NA,NA,NA,NA,NA,NA,NA,"P5"
"59","Georgia Tech","fbs","ACC",2020,4429709,"Jamious Griffin",7,5,10,1.4,6.14069930282845,0.877242757546922,1.22813986056569,61,8.71428571428571,12.2,0.571428571428571,4,7,0.571428571428571,0,0,NA,NA,NA,NA,NA,NA,NA,NA,"P5"
"59","Georgia Tech","fbs","ACC",2020,4429795,"Jahmyr Gibbs",28,7,10,4,25.0594640764597,0.89498085987356,3.57992343949424,303,10.8214285714286,43.2857142857143,0.571428571428571,24,28,0.857142857142857,3,0,133,136,54,184,38.5,220.5,116,252,"P5"
"59","Georgia Tech","fbs","ACC",2020,4574777,"Dylan Leonard",7,3,10,2.33333333333333,-2.55646371353142,-0.36520910193306,-0.852154571177141,23,3.28571428571429,7.66666666666667,0.142857142857143,3,7,0.428571428571429,0,0,NA,NA,NA,NA,NA,NA,NA,NA,"P5"
"59","Georgia Tech","fbs","ACC",2020,4699980,"Ezzard M.",4,1,10,4,0.338978434307464,0.084744608576866,0.338978434307464,23,5.75,23,0.5,2,4,0.5,0,0,NA,NA,NA,NA,NA,NA,NA,NA,"P5"
"6","South Alabama","fbs","Sun Belt",2020,4068152,"Kawaan Baker",68,10,11,6.8,36.0500106818906,0.530147215910155,3.60500106818906,644,9.47058823529412,64.4,0.485294117647059,50,68,0.735294117647059,8,0,53,135,237,388,204,37,187,113,"G5"
"6","South Alabama","fbs","Sun Belt",2020,4249417,"Jalen Tolbert",100,11,11,9.09090909090909,61.8965159239687,0.618965159239687,5.62695599308806,1049,10.49,95.3636363636364,0.56,63,100,0.63,7,1,8,42,175,206.5,453,4,134,26,"G5"
"6","South Alabama","fbs","Sun Belt",2020,4249426,"Jalen Wayne",48,9,11,5.33333333333333,31.4120446846079,0.654417597595997,3.49022718717865,417,8.6875,46.3333333333333,0.604166666666667,33,48,0.6875,1,2,78,140,153,123,316,126.5,248,227,"G5"
"6","South Alabama","fbs","Sun Belt",2020,4261074,"Cade Sutherland",21,7,11,3,-0.647558954940699,-0.0308361407114618,-0.0925084221343856,130,6.19047619047619,18.5714285714286,0.428571428571429,16,21,0.761904761904762,0,0,548,544,546,494,156,483,496,555,"G5"
"6","South Alabama","fbs","Sun Belt",2020,4373854,"Jared Wilson",5,2,11,2.5,-3.75733758378413,-0.751467516756825,-1.87866879189206,19,3.8,9.5,0.4,4,5,0.8,0,0,NA,NA,NA,NA,NA,NA,NA,NA,"G5"
"6","South Alabama","fbs","Sun Belt",2020,4373857,"Carlos Davis",16,8,11,2,-1.20762771318611,-0.0754767320741321,-0.150953464148264,105,6.5625,13.125,0.375,11,16,0.6875,0,0,NA,NA,NA,NA,NA,NA,NA,NA,"G5"
"6","South Alabama","fbs","Sun Belt",2020,4373870,"Cameron Hatcher-Owens",2,1,11,2,-1.32555635421743,-0.662778177108714,-1.32555635421743,12,6,12,0,2,2,1,0,0,NA,NA,NA,NA,NA,NA,NA,NA,"G5"
"6","South Alabama","fbs","Sun Belt",2020,4429482,"Brandon Crum",12,6,11,2,4.991810833601,0.415984236133417,0.831968472266834,81,6.75,13.5,0.333333333333333,9,12,0.75,1,0,NA,NA,NA,NA,NA,NA,NA,NA,"G5"
"6","South Alabama","fbs","Sun Belt",2020,4430185,"Caullin Lacy",13,5,11,2.6,-1.46669556257668,-0.112822735582822,-0.293339112515336,98,7.53846153846154,19.6,0.230769230769231,11,13,0.846153846153846,0,0,NA,NA,NA,NA,NA,NA,NA,NA,"G5"
"6","South Alabama","fbs","Sun Belt",2020,4432275,"Jacob Hopper",1,1,11,1,0.0841736107158751,0.0841736107158751,0.0841736107158751,8,8,8,1,1,1,1,0,0,NA,NA,NA,NA,NA,NA,NA,NA,"G5"
"6","South Alabama","fbs","Sun Belt",2020,4570519,"Terrion Avery",8,4,11,2,-0.310043061209137,-0.0387553826511421,-0.0775107653022842,20,2.5,5,0.25,6,8,0.75,0,0,NA,NA,NA,NA,NA,NA,NA,NA,"G5"
"6","South Alabama","fbs","Sun Belt",2020,4685975,"Chance Lovertich",1,1,11,1,4.42058238307869,4.42058238307869,4.42058238307869,38,38,38,1,1,1,1,1,0,NA,NA,NA,NA,NA,NA,NA,NA,"G5"
"6","South Alabama","fbs","Sun Belt",2020,4689955,"Trent Tyre",12,8,11,1.5,6.42095487490481,0.535079572908735,0.802619359363102,85,7.08333333333333,10.625,0.666666666666667,11,12,0.916666666666667,0,1,NA,NA,NA,NA,NA,NA,NA,NA,"G5"
"61","Georgia","fbs","SEC",2020,4035851,"Demetris Robertson",11,5,9,2.2,5.28774148258618,0.480703771144198,1.05754829651724,106,9.63636363636364,21.2,0.545454545454545,11,11,1,0,0,NA,NA,NA,NA,NA,NA,NA,NA,"P5"
"61","Georgia","fbs","SEC",2020,4240023,"Tre' McKitty",7,4,9,1.75,7.32033490672005,1.04576212953144,1.83008372668001,108,15.4285714285714,27,0.857142857142857,6,7,0.857142857142857,1,0,NA,NA,NA,NA,NA,NA,NA,NA,"P5"
"61","Georgia","fbs","SEC",2020,4259550,"Matt Landers",2,1,9,2,2.42480104334769,1.21240052167385,2.42480104334769,27,13.5,27,0.5,2,2,1,0,0,NA,NA,NA,NA,NA,NA,NA,NA,"P5"
"61","Georgia","fbs","SEC",2020,4259553,"Stetson Bennett",1,1,9,1,3.52318258387444,3.52318258387444,3.52318258387444,21,21,21,1,1,1,1,1,0,NA,NA,NA,NA,NA,NA,NA,NA,"P5"
"61","Georgia","fbs","SEC",2020,4361777,"Zamir White",7,5,9,1.4,2.66343860410465,0.380491229157807,0.53268772082093,32,4.57142857142857,6.4,0.428571428571429,5,7,0.714285714285714,0,0,NA,NA,NA,NA,NA,NA,NA,NA,"P5"
"61","Georgia","fbs","SEC",2020,4361778,"Kearis Jackson",47,9,9,5.22222222222222,29.4683352976009,0.626985857395764,3.27425947751121,467,9.93617021276596,51.8888888888889,0.531914893617021,33,47,0.702127659574468,3,0,86,157,169,273,278.5,85,160,183,"P5"
"61","Georgia","fbs","SEC",2020,4379399,"James Cook",21,6,9,3.5,4.93035571716823,0.234778843674678,0.821725952861372,225,10.7142857142857,37.5,0.333333333333333,16,21,0.761904761904762,2,1,446,450,430,582,156,322.5,121,307,"P5"
"61","Georgia","fbs","SEC",2020,4379401,"John FitzPatrick",8,5,9,1.6,3.40420904310327,0.425526130387909,0.680841808620654,54,6.75,10.8,0.625,6,8,0.75,1,0,NA,NA,NA,NA,NA,NA,NA,NA,"P5"
"61","Georgia","fbs","SEC",2020,4426354,"George Pickens",40,7,9,5.71428571428571,27.8901578739919,0.697253946849798,3.98430826771313,357,8.925,51,0.55,28,40,0.7,4,0,104,111,131,231.5,286,172,228,192.5,"P5"
"61","Georgia","fbs","SEC",2020,4427391,"Kenny McIntosh",10,5,9,2,1.04941914735489,0.104941914735489,0.209883829470977,68,6.8,13.6,0.4,5,10,0.5,0,0,NA,NA,NA,NA,NA,NA,NA,NA,"P5"
"61","Georgia","fbs","SEC",2020,4428451,"Brett Seither",1,1,9,1,-0.716741987161897,-0.716741987161897,-0.716741987161897,12,12,12,0,1,1,1,0,0,NA,NA,NA,NA,NA,NA,NA,NA,"P5"
"61","Georgia","fbs","SEC",2020,4429012,"Kendall Milton",2,2,9,1,-1.6583111218629,-0.829155560931452,-0.829155560931452,0,0,0,0,0,2,0,0,0,NA,NA,NA,NA,NA,NA,NA,NA,"P5"
"61","Georgia","fbs","SEC",2020,4429033,"Jermaine Burton",43,9,9,4.77777777777778,17.7471104049331,0.412723497789141,1.97190115610367,398,9.25581395348837,44.2222222222222,0.488372093023256,26,43,0.604651162790698,3,1,207,305,312,385,495,141,203,242,"P5"
"61","Georgia","fbs","SEC",2020,4429105,"Arian Smith",1,1,9,1,2.51604055193323,2.51604055193323,2.51604055193323,31,31,31,1,1,1,1,1,0,NA,NA,NA,NA,NA,NA,NA,NA,"P5"
"61","Georgia","fbs","SEC",2020,4429610,"Daijun Edwards",2,2,9,1,-1.26702136151853,-0.633510680759265,-0.633510680759265,3,1.5,1.5,0,1,2,0.5,0,0,NA,NA,NA,NA,NA,NA,NA,NA,"P5"
"61","Georgia","fbs","SEC",2020,4430802,"Darnell Washington",5,3,9,1.66666666666667,5.47260896657975,1.09452179331595,1.82420298885992,120,24,40,0.8,4,5,0.8,0,0,NA,NA,NA,NA,NA,NA,NA,NA,"P5"
"61","Georgia","fbs","SEC",2020,4685759,"Jalen Carter",1,1,9,1,1.14673656538041,1.14673656538041,1.14673656538041,1,1,1,1,1,1,1,1,0,NA,NA,NA,NA,NA,NA,NA,NA,"P5"
"62","Hawai'i","fbs","Mountain West",2020,4035847,"Melquise Stovall",33,6,8,5.5,2.01665992800981,0.0611109069093882,0.336109988001635,192,5.81818181818182,32,0.515151515151515,25,33,0.757575757575758,0,1,503,506,518,318.5,165.5,375,516.5,378.5,"G5"
"62","Hawai'i","fbs","Mountain West",2020,4039072,"Rico Bussey Jr.",11,1,8,11,2.4756890172321,0.225062637930191,2.4756890172321,86,7.81818181818182,86,0.636363636363636,8,11,0.727272727272727,0,0,NA,NA,NA,NA,NA,NA,NA,NA,"G5"
"62","Hawai'i","fbs","Mountain West",2020,4039159,"Aaron Cephus",1,1,8,1,4.40207848293438,4.40207848293438,4.40207848293438,29,29,29,1,1,1,1,0,0,NA,NA,NA,NA,NA,NA,NA,NA,"G5"
"62","Hawai'i","fbs","Mountain West",2020,4256085,"Miles Reed",23,8,8,2.875,-7.27216659485494,-0.316181156298041,-0.909020824356868,123,5.34782608695652,15.375,0.260869565217391,16,23,0.695652173913043,0,0,608,598,606,616,295.5,493,541,582,"G5"
"62","Hawai'i","fbs","Mountain West",2020,4373959,"Nick Mardner",17,4,8,4.25,14.2529499953446,0.838408823255565,3.56323749883615,188,11.0588235294118,47,0.529411764705882,11,17,0.647058823529412,1,0,258,137,63,280,413.5,385,98,222,"G5"
"62","Hawai'i","fbs","Mountain West",2020,4428753,"Lincoln Victor",3,2,8,1.5,-0.883352167749696,-0.294450722583232,-0.441676083874848,17,5.66666666666667,8.5,0.333333333333333,2,3,0.666666666666667,0,0,NA,NA,NA,NA,NA,NA,NA,NA,"G5"
"62","Hawai'i","fbs","Mountain West",2020,4570218,"Jonah Panoke",16,4,8,4,2.81148727819501,0.175717954887188,0.702871819548753,83,5.1875,20.75,0.5,10,16,0.625,0,0,491,470,457,353.5,464,573,553.5,530,"G5"
"62","Hawai'i","fbs","Mountain West",2020,4570219,"Jared Smart",46,8,8,5.75,12.2737274897095,0.266820162819771,1.53421593621368,287,6.23913043478261,35.875,0.521739130434783,33,46,0.717391304347826,1,0,293,358,407,297.5,242.5,240.5,492,329,"G5"
"62","Hawai'i","fbs","Mountain West",2020,4608857,"Calvin Turner",44,8,8,5.5,29.0491533992359,0.660208031800817,3.63114417490449,458,10.4090909090909,57.25,0.454545454545455,29,44,0.659090909090909,5,0,89,132,148,452,387,93.5,141,144.5,"G5"
"62","Hawai'i","fbs","Mountain West",2020,4613029,"Riley Wilson",1,1,8,1,-0.381230122012864,-0.381230122012864,-0.381230122012864,2,2,2,0,1,1,1,0,0,NA,NA,NA,NA,NA,NA,NA,NA,"G5"
"62","Hawai'i","fbs","Mountain West",2020,4613067,"Zion Bowens",8,4,8,2,12.3449387786886,1.54311734733608,3.08623469467216,145,18.125,36.25,0.625,5,8,0.625,2,0,NA,NA,NA,NA,NA,NA,NA,NA,"G5"
"62","Hawai'i","fbs","Mountain West",2020,4693791,"Dae Dae Hunter",14,4,8,3.5,5.02778483223085,0.35912748801649,1.25694620805771,62,4.42857142857143,15.5,0.357142857142857,9,14,0.642857142857143,1,0,NA,NA,NA,NA,NA,NA,NA,NA,"G5"
"62","Hawai'i","fbs","Mountain West",2020,4693798,"Koali Nishigaya",3,2,8,1.5,4.08220499243552,1.36073499747851,2.04110249621776,36,12,18,0.666666666666667,2,3,0.666666666666667,0,0,NA,NA,NA,NA,NA,NA,NA,NA,"G5"
"66","Iowa State","fbs","Big 12",2020,4035526,"Chase Allen",23,6,10,3.83333333333333,13.3701719443622,0.58131182366792,2.22836199072703,209,9.08695652173913,34.8333333333333,0.652173913043478,15,23,0.652173913043478,2,0,272,270,204,63.5,398.5,352.5,219,339.5,"P5"
"66","Iowa State","fbs","Big 12",2020,4035537,"Kene Nwangwu",4,3,10,1.33333333333333,-0.17656005345623,-0.0441400133640576,-0.0588533511520768,22,5.5,7.33333333333333,0.5,3,4,0.75,0,0,NA,NA,NA,NA,NA,NA,NA,NA,"P5"
"66","Iowa State","fbs","Big 12",2020,4035554,"Landen Akers",19,6,10,3.16666666666667,16.0117773621604,0.842725124324231,2.66862956036006,226,11.8947368421053,37.6666666666667,0.631578947368421,15,19,0.789473684210526,0,0,236,222,62,86.5,112,321,66,306,"P5"
"66","Iowa State","fbs","Big 12",2020,4035559,"Dylan Soehner",18,6,10,3,-0.3642086340531,-0.02023381300295,-0.06070143900885,177,9.83333333333333,29.5,0.611111111111111,15,18,0.833333333333333,0,1,NA,NA,NA,NA,NA,NA,NA,NA,"P5"
"66","Iowa State","fbs","Big 12",2020,4241243,"Johnnie Lang",5,3,10,1.66666666666667,0.562928055855122,0.112585611171024,0.187642685285041,24,4.8,8,0.6,4,5,0.8,0,0,NA,NA,NA,NA,NA,NA,NA,NA,"P5"
"66","Iowa State","fbs","Big 12",2020,4241263,"Charlie Kolar",53,9,10,5.88888888888889,16.9682589199317,0.320155828677957,1.88536210221463,430,8.11320754716981,47.7777777777778,0.547169811320755,32,53,0.60377358490566,4,0,219,313,371,240,496,110.5,307,215,"P5"
"66","Iowa State","fbs","Big 12",2020,4259197,"Tarique Milton",16,3,10,5.33333333333333,4.48641879003926,0.280401174377454,1.49547293001309,92,5.75,30.6666666666667,0.5,10,16,0.625,0,0,NA,NA,NA,NA,NA,NA,NA,NA,"P5"
"66","Iowa State","fbs","Big 12",2020,4361741,"Brock Purdy",5,3,10,1.66666666666667,16.6193379709982,3.32386759419964,5.53977932366607,84,16.8,28,1,5,5,1,5,0,NA,NA,NA,NA,NA,NA,NA,NA,"P5"
"66","Iowa State","fbs","Big 12",2020,4361762,"Sean Shaw Jr.",28,7,10,4,4.08159880654216,0.145771385947934,0.583085543791737,189,6.75,27,0.5,19,28,0.678571428571429,1,0,464,481,477,353.5,343,382,443.5,442,"P5"
"66","Iowa State","fbs","Big 12",2020,4426780,"Jirehl Brock",3,1,10,3,-4.92425017926997,-1.64141672642332,-4.92425017926997,26,8.66666666666667,26,0,3,3,1,0,0,NA,NA,NA,NA,NA,NA,NA,NA,"P5"
"66","Iowa State","fbs","Big 12",2020,4427052,"Easton Dean",1,1,10,1,1.023691613331,1.023691613331,1.023691613331,25,25,25,1,1,1,1,0,0,NA,NA,NA,NA,NA,NA,NA,NA,"P5"
"66","Iowa State","fbs","Big 12",2020,4427366,"Breece Hall",21,9,10,2.33333333333333,-0.670917920387832,-0.0319484723994206,-0.074546435598648,116,5.52380952380952,12.8888888888889,0.428571428571429,17,21,0.80952380952381,1,0,549,541,548,494,88,514,531,597,"P5"
"66","Iowa State","fbs","Big 12",2020,4430330,"Darien Porter",1,1,10,1,-1.02161460058967,-1.02161460058967,-1.02161460058967,0,0,0,0,1,1,1,0,0,NA,NA,NA,NA,NA,NA,NA,NA,"P5"
"66","Iowa State","fbs","Big 12",2020,4565193,"Aidan Bitter",1,1,10,1,2.3162998637477,2.3162998637477,2.3162998637477,38,38,38,1,1,1,1,0,0,NA,NA,NA,NA,NA,NA,NA,NA,"P5"
"66","Iowa State","fbs","Big 12",2020,4569031,"Darren Wilson",1,1,10,1,1.03617433202744,1.03617433202744,1.03617433202744,10,10,10,1,1,1,1,0,0,NA,NA,NA,NA,NA,NA,NA,NA,"P5"
"66","Iowa State","fbs","Big 12",2020,4686422,"Xavier Hutchinson",68,10,10,6.8,28.1866210550502,0.414509133162504,2.81866210550502,591,8.69117647058824,59.1,0.544117647058823,49,68,0.720588235294118,3,0,102,203,310,247,234.5,48,246,137,"P5"
"66","Iowa State","fbs","Big 12",2020,4686424,"Daniel Jackson",6,2,10,3,0.593457322602597,0.0989095537670995,0.296728661301298,28,4.66666666666667,14,0.333333333333333,5,6,0.833333333333333,0,0,NA,NA,NA,NA,NA,NA,NA,NA,"P5"
"68","Boise State","fbs","Mountain West",2020,4048228,"John Bates",25,3,6,8.33333333333333,4.99372436797555,0.199748974719022,1.66457478932518,190,7.6,63.3333333333333,0.68,19,25,0.76,0,0,445,340,448,34,160.5,379,366.5,115,"G5"
"68","Boise State","fbs","Mountain West",2020,4260441,"Octavius Evans",11,2,6,5.5,20.7504571269985,1.8864051933635,10.3752285634993,124,11.2727272727273,62,0.727272727272727,8,11,0.727272727272727,4,0,NA,NA,NA,NA,NA,NA,NA,NA,"G5"
"68","Boise State","fbs","Mountain West",2020,4260452,"CT Thomas",29,5,6,5.8,52.7472560402927,1.81887089794113,10.5494512080585,604,20.8275862068966,120.8,0.655172413793103,21,29,0.724137931034483,8,0,12,3,4,60,225.5,45,1,7,"G5"
"68","Boise State","fbs","Mountain West",2020,4373661,"Andrew Van Buren",14,6,6,2.33333333333333,-5.49066446125713,-0.392190318661224,-0.915110743542856,59,4.21428571428571,9.83333333333333,0.285714285714286,11,14,0.785714285714286,0,0,597,599,612,605.5,118,605.5,588,614,"G5"
"68","Boise State","fbs","Mountain West",2020,4373662,"Billy Bowens",4,2,6,2,0.521574139780077,0.130393534945019,0.260787069890039,25,6.25,12.5,0.75,3,4,0.75,0,0,NA,NA,NA,NA,NA,NA,NA,NA,"G5"
"68","Boise State","fbs","Mountain West",2020,4373678,"Khalil Shakir",79,6,6,13.1666666666667,39.5209867906174,0.500265655577436,6.58683113176957,743,9.40506329113924,123.833333333333,0.518987341772152,56,79,0.708860759493671,6,0,36,21,257,304,265,20,189,5,"G5"
"68","Boise State","fbs","Mountain West",2020,4373680,"Maclaine Griffin",4,1,6,4,-0.889379479062595,-0.222344869765649,-0.889379479062595,12,3,12,0.25,2,4,0.5,0,0,NA,NA,NA,NA,NA,NA,NA,NA,"G5"
"68","Boise State","fbs","Mountain West",2020,4373682,"Riley Smith",13,5,6,2.6,1.64848219828566,0.126806322945051,0.329696439657131,92,7.07692307692308,18.4,0.538461538461538,10,13,0.769230769230769,0,0,507,507,485,259.5,147,559.5,415,557,"G5"
"68","Boise State","fbs","Mountain West",2020,4373686,"Stefan Cobbs",6,3,6,2,3.21195629922034,0.535326049870056,1.07065209974011,72,12,24,0.666666666666667,4,6,0.666666666666667,0,0,NA,NA,NA,NA,NA,NA,NA,NA,"G5"
"68","Boise State","fbs","Mountain West",2020,4373687,"Tyneil Hopper",2,2,6,1,0.973912232905204,0.486956116452602,0.486956116452602,19,9.5,9.5,1,2,2,1,0,0,NA,NA,NA,NA,NA,NA,NA,NA,"G5"
"68","Boise State","fbs","Mountain West",2020,4429835,"George Holani",7,2,6,3.5,7.44977475294231,1.06425353613462,3.72488737647116,52,7.42857142857143,26,0.714285714285714,7,7,1,2,0,NA,NA,NA,NA,NA,NA,NA,NA,"G5"
"68","Boise State","fbs","Mountain West",2020,4575538,"Tyler Crowe",2,1,6,2,1.16676795098368,0.583383975491839,1.16676795098368,30,15,30,1,2,2,1,0,0,NA,NA,NA,NA,NA,NA,NA,NA,"G5"
"77","Northwestern","fbs","Big Ten",2020,4035638,"Jesse Brown",3,2,7,1.5,1.94978019660869,0.649926732202897,0.974890098304346,29,9.66666666666667,14.5,1,3,3,1,0,0,NA,NA,NA,NA,NA,NA,NA,NA,"P5"
"77","Northwestern","fbs","Big Ten",2020,4035651,"Ramaud Chiaokhiao-Bowman",46,6,7,7.66666666666667,29.9475060155043,0.651032739467484,4.99125100258405,356,7.73913043478261,59.3333333333333,0.565217391304348,30,46,0.652173913043478,4,0,85,56,155,198.5,398.5,173.5,346.5,134.5,"P5"
"77","Northwestern","fbs","Big Ten",2020,4035654,"Riley Lees",28,6,7,4.66666666666667,-2.49350870901002,-0.0890538824646437,-0.415584784835004,150,5.35714285714286,25,0.428571428571429,14,28,0.5,1,0,572,571,565,494,592,453.5,540,469,"P5"
"77","Northwestern","fbs","Big Ten",2020,4040771,"John Raine",20,4,7,5,6.01924740126415,0.300962370063207,1.50481185031604,122,6.1,30.5,0.5,14,20,0.7,1,0,419,364,383,353.5,286,497,503,398.5,"P5"
"77","Northwestern","fbs","Big Ten",2020,4242268,"Andrew Marty",1,1,7,1,1.20587573185062,1.20587573185062,1.20587573185062,12,12,12,1,1,1,1,0,0,NA,NA,NA,NA,NA,NA,NA,NA,"P5"
"77","Northwestern","fbs","Big Ten",2020,4242270,"Kyric McGowan",40,7,7,5.71428571428571,18.3705246388618,0.459263115971546,2.62436066269455,333,8.325,47.5714285714286,0.5,30,40,0.75,0,0,204,227,284,353.5,180,189,286,217,"P5"
"77","Northwestern","fbs","Big Ten",2020,4242289,"Berkeley Holman",3,1,7,3,1.87555960675865,0.625186535586215,1.87555960675865,27,9,27,0.333333333333333,2,3,0.666666666666667,0,0,NA,NA,NA,NA,NA,NA,NA,NA,"P5"
"77","Northwestern","fbs","Big Ten",2020,4361263,"Drake Anderson",4,3,7,1.33333333333333,1.91029931836352,0.477574829590881,0.636766439454508,28,7,9.33333333333333,0.5,4,4,1,0,0,NA,NA,NA,NA,NA,NA,NA,NA,"P5"
"77","Northwestern","fbs","Big Ten",2020,4361264,"Isaiah Bowser",9,3,7,3,5.07997003085014,0.564441114538904,1.69332334361671,52,5.77777777777778,17.3333333333333,0.666666666666667,8,9,0.888888888888889,1,0,NA,NA,NA,NA,NA,NA,NA,NA,"P5"
"77","Northwestern","fbs","Big Ten",2020,4361279,"Charlie Mangieri",7,5,7,1.4,4.4903960756908,0.641485153670115,0.89807921513816,37,5.28571428571429,7.4,0.857142857142857,6,7,0.857142857142857,2,0,NA,NA,NA,NA,NA,NA,NA,NA,"P5"
"77","Northwestern","fbs","Big Ten",2020,4429994,"Bryce Kirtz",3,2,7,1.5,3.62421275100432,1.20807091700144,1.81210637550216,31,10.3333333333333,15.5,0.666666666666667,2,3,0.666666666666667,0,0,NA,NA,NA,NA,NA,NA,NA,NA,"P5"
"77","Northwestern","fbs","Big Ten",2020,4569603,"Malik Washington",8,3,7,2.66666666666667,0.945189461646009,0.118148682705751,0.315063153882003,51,6.375,17,0.375,5,8,0.625,0,0,NA,NA,NA,NA,NA,NA,NA,NA,"P5"
"77","Northwestern","fbs","Big Ten",2020,4569609,"Evan Hull",3,2,7,1.5,0.283416706619307,0.0944722355397689,0.141708353309653,32,10.6666666666667,16,0.333333333333333,3,3,1,0,0,NA,NA,NA,NA,NA,NA,NA,NA,"P5"
"77","Northwestern","fbs","Big Ten",2020,4687475,"Cam Porter",4,2,7,2,-1.83674526394996,-0.459186315987491,-0.918372631974981,15,3.75,7.5,0.25,3,4,0.75,0,0,NA,NA,NA,NA,NA,NA,NA,NA,"P5"
"8","Arkansas","fbs","SEC",2020,4035576,"T.J. Hammonds",4,2,10,2,3.75510545561392,0.93877636390348,1.87755272780696,63,15.75,31.5,0.5,3,4,0.75,0,0,NA,NA,NA,NA,NA,NA,NA,NA,"P5"
"8","Arkansas","fbs","SEC",2020,4047337,"Rakeem Boyd",14,5,10,2.8,-7.71886422297859,-0.551347444498471,-1.54377284459572,33,2.35714285714286,6.6,0.142857142857143,10,14,0.714285714285714,0,0,NA,NA,NA,NA,NA,NA,NA,NA,"P5"
"8","Arkansas","fbs","SEC",2020,4079623,"Blake Kern",26,9,10,2.88888888888889,15.5604869950842,0.5984802690417,1.7289429994538,201,7.73076923076923,22.3333333333333,0.692307692307692,20,26,0.769230769230769,2,1,242,333,193,26.5,147,364.5,349,507,"P5"
"8","Arkansas","fbs","SEC",2020,4242167,"Tyson Morris",9,6,10,1.5,4.5184832012123,0.502053689023588,0.753080533535383,67,7.44444444444444,11.1666666666667,0.777777777777778,7,9,0.777777777777778,1,0,NA,NA,NA,NA,NA,NA,NA,NA,"P5"
"8","Arkansas","fbs","SEC",2020,4242178,"De'Vion Warren",21,7,10,3,21.5307955997659,1.02527598094123,3.0758279428237,278,13.2380952380952,39.7142857142857,0.714285714285714,15,21,0.714285714285714,3,0,161,174,30,18,252.5,248,28,282,"P5"
"8","Arkansas","fbs","SEC",2020,4242881,"Trelon Smith",33,9,10,3.66666666666667,2.06127992505581,0.0624630280319943,0.229031102783979,159,4.81818181818182,17.6666666666667,0.333333333333333,22,33,0.666666666666667,1,1,502,517,516,582,370.5,438,571.5,565,"P5"
"8","Arkansas","fbs","SEC",2020,4360174,"Michael Woods",48,10,10,4.8,44.9903900172884,0.937299792026842,4.49903900172884,602,12.5416666666667,60.2,0.604166666666667,31,48,0.645833333333333,5,0,21,76,42,123,418,46,47,128,"P5"
"8","Arkansas","fbs","SEC",2020,4567151,"Trey Knox",10,5,10,2,3.26227851135779,0.326227851135779,0.652455702271558,71,7.1,14.2,0.6,7,10,0.7,0,0,NA,NA,NA,NA,NA,NA,NA,NA,"P5"
"8","Arkansas","fbs","SEC",2020,4567156,"Treylon Burks",65,9,10,7.22222222222222,58.3222656788528,0.897265625828505,6.48025174209476,820,12.6153846153846,91.1111111111111,0.676923076923077,51,65,0.784615384615385,7,0,9,23,52,37,120,15,44,37,"P5"
"8","Arkansas","fbs","SEC",2020,4567185,"Hudson Henry",17,4,10,4.25,10.1686939909503,0.598158470055903,2.54217349773759,91,5.35294117647059,22.75,0.647058823529412,15,17,0.882352941176471,1,0,NA,NA,NA,NA,NA,NA,NA,NA,"P5"
"84","Indiana","fbs","Big Ten",2020,4258235,"Whop Philyor",64,7,7,9.14285714285714,12.2300847636418,0.191095074431904,1.74715496623455,405,6.328125,57.8571428571429,0.390625,35,64,0.546875,2,0,294,330,451,552,565,133,485,139,"P5"
"84","Indiana","fbs","Big Ten",2020,4258238,"Ty Fryfogle",56,7,7,8,33.2552519308034,0.593843784478633,4.75075027582906,611,10.9107142857143,87.2857142857143,0.535714285714286,32,56,0.571428571428571,5,0,67,68,199,265,537.5,43,107,40,"P5"
"84","Indiana","fbs","Big Ten",2020,4258248,"Peyton Hendershot",34,7,7,4.85714285714286,-0.536559829892914,-0.0157811714674387,-0.0766514042704163,144,4.23529411764706,20.5714285714286,0.441176470588235,22,34,0.647058823529412,4,0,546,543,541,473.5,413.5,461.5,587,531,"P5"
"84","Indiana","fbs","Big Ten",2020,4360423,"Michael Penix Jr.",2,1,7,2,8.51165191258235,4.25582595629118,8.51165191258235,81,40.5,81,1,2,2,1,2,0,NA,NA,NA,NA,NA,NA,NA,NA,"P5"
"84","Indiana","fbs","Big Ten",2020,4360435,"Jacolby Hewitt",7,4,7,1.75,2.39255594875154,0.341793706964505,0.598138987187884,68,9.71428571428571,17,0.571428571428571,5,7,0.714285714285714,0,0,NA,NA,NA,NA,NA,NA,NA,NA,"P5"
"84","Indiana","fbs","Big Ten",2020,4371953,"Stevie Scott",13,6,7,2.16666666666667,-3.54030830151092,-0.272331407808532,-0.590051383585154,44,3.38461538461538,7.33333333333333,0.230769230769231,9,13,0.692307692307692,0,0,NA,NA,NA,NA,NA,NA,NA,NA,"P5"
"84","Indiana","fbs","Big Ten",2020,4371968,"Miles Marshall",26,5,7,5.2,16.8873627249027,0.649513950957798,3.37747254498055,257,9.88461538461539,51.4,0.5,17,26,0.653846153846154,1,0,220,146,156,353.5,394.5,275,164,186,"P5"
"84","Indiana","fbs","Big Ten",2020,4371970,"Matt Bjorson",1,1,7,1,1.17758149714347,1.17758149714347,1.17758149714347,11,11,11,1,1,1,1,0,0,NA,NA,NA,NA,NA,NA,NA,NA,"P5"
"84","Indiana","fbs","Big Ten",2020,4426469,"Sampson James",1,1,7,1,0.825131052107697,0.825131052107697,0.825131052107697,9,9,9,1,1,1,1,0,0,NA,NA,NA,NA,NA,NA,NA,NA,"P5"
"84","Indiana","fbs","Big Ten",2020,4431425,"Javon Swinton",4,3,7,1.33333333333333,3.16797130815994,0.791992827039985,1.05599043605331,52,13,17.3333333333333,1,4,4,1,0,0,NA,NA,NA,NA,NA,NA,NA,NA,"P5"
"84","Indiana","fbs","Big Ten",2020,4569439,"David Ellis",15,4,7,3.75,0.201256904540242,0.0134171269693495,0.0503142261350605,111,7.4,27.75,0.333333333333333,10,15,0.666666666666667,1,1,531,530,531,582,370.5,519.5,385.5,428.5,"P5"
"87","Notre Dame","fbs","FBS Independents",2020,4035656,"Ben Skowronek",29,7,10,4.14285714285714,12.4004799734073,0.427602757703699,1.77149713905818,224,7.72413793103448,32,0.517241379310345,17,29,0.586206896551724,3,1,289,328,302,311.5,521.5,325,351,378.5,"P5"
"87","Notre Dame","fbs","FBS Independents",2020,4046678,"Ian Book",7,3,10,2.33333333333333,26.7158241515424,3.8165463073632,8.90527471718079,204,29.1428571428571,68,1,7,7,1,7,0,NA,NA,NA,NA,NA,NA,NA,NA,"P5"
"87","Notre Dame","fbs","FBS Independents",2020,4046686,"Javon McKinley",46,9,10,5.11111111111111,33.5383522556574,0.729094614253421,3.72648358396193,580,12.6086956521739,64.4444444444444,0.673913043478261,33,46,0.717391304347826,0,0,64,127,113,39,242.5,53,45,112,"P5"
"87","Notre Dame","fbs","FBS Independents",2020,4242392,"Brock Wright",3,2,10,1.5,1.11616141855832,0.372053806186107,0.55808070927916,21,7,10.5,0.666666666666667,3,3,1,0,0,NA,NA,NA,NA,NA,NA,NA,NA,"P5"
"87","Notre Dame","fbs","FBS Independents",2020,4258584,"Jafar Armstrong",4,2,10,2,3.24251859055145,0.810629647637863,1.62125929527573,38,9.5,19,0.5,3,4,0.75,0,0,NA,NA,NA,NA,NA,NA,NA,NA,"P5"
"87","Notre Dame","fbs","FBS Independents",2020,4258586,"Avery Davis",29,9,10,3.22222222222222,21.5332889230241,0.742527204242209,2.39258765811378,292,10.0689655172414,32.4444444444444,0.586206896551724,21,29,0.724137931034483,2,1,160,252,100,158,225.5,233,155,369,"P5"
"87","Notre Dame","fbs","FBS Independents",2020,4361328,"George Takacs",1,1,10,1,0.0682502019713671,0.0682502019713671,0.0682502019713671,7,7,7,1,1,1,1,0,0,NA,NA,NA,NA,NA,NA,NA,NA,"P5"
"87","Notre Dame","fbs","FBS Independents",2020,4372758,"Kevin Austin",2,1,10,2,0.725353559281124,0.362676779640562,0.725353559281124,18,9,18,0.5,1,2,0.5,0,0,NA,NA,NA,NA,NA,NA,NA,NA,"P5"
"87","Notre Dame","fbs","FBS Independents",2020,4372765,"C'Bo Flemister",2,2,10,1,2.70877029745932,1.35438514872966,1.35438514872966,36,18,18,1,2,2,1,0,0,NA,NA,NA,NA,NA,NA,NA,NA,"P5"
"87","Notre Dame","fbs","FBS Independents",2020,4372769,"Lawrence Keys III",5,3,10,1.66666666666667,0.277662602871273,0.0555325205742546,0.092554200957091,31,6.2,10.3333333333333,0.4,4,5,0.8,0,0,NA,NA,NA,NA,NA,NA,NA,NA,"P5"
"87","Notre Dame","fbs","FBS Independents",2020,4372770,"Braden Lenzy",10,3,10,3.33333333333333,3.88049180478819,0.388049180478819,1.29349726826273,63,6.3,21,0.5,7,10,0.7,1,0,NA,NA,NA,NA,NA,NA,NA,NA,"P5"
"87","Notre Dame","fbs","FBS Independents",2020,4372780,"Tommy Tremble",22,9,10,2.44444444444444,6.04854023630956,0.27493364710498,0.672060026256617,169,7.68181818181818,18.7777777777778,0.5,16,22,0.727272727272727,0,0,418,473,399,353.5,218.5,420,359,554,"P5"
"87","Notre Dame","fbs","FBS Independents",2020,4372782,"Joe Wilkins",9,3,10,3,0.578263054062967,0.0642514504514408,0.192754351354322,55,6.11111111111111,18.3333333333333,0.666666666666667,6,9,0.666666666666667,0,0,NA,NA,NA,NA,NA,NA,NA,NA,"P5"
"87","Notre Dame","fbs","FBS Independents",2020,4429086,"Michael Mayer",40,10,10,4,19.5219959793171,0.488049899482927,1.95219959793171,308,7.7,30.8,0.6,28,40,0.7,1,0,188,307,269,136.5,286,215,355.5,395,"P5"
"87","Notre Dame","fbs","FBS Independents",2020,4429174,"Kevin Bauman",1,1,10,1,-0.126509524050681,-0.126509524050681,-0.126509524050681,5,5,5,0,1,1,1,0,0,NA,NA,NA,NA,NA,NA,NA,NA,"P5"
"87","Notre Dame","fbs","FBS Independents",2020,4430737,"Kyren Williams",33,10,10,3.3,-1.18359577182834,-0.0358665385402528,-0.118359577182834,268,8.12121212121212,26.8,0.393939393939394,24,33,0.727272727272727,1,1,554,546,551,545.5,218.5,261.5,306,444,"P5"
"87","Notre Dame","fbs","FBS Independents",2020,4430804,"Chris Tyree",5,3,10,1.66666666666667,-2.15097343544567,-0.430194687089134,-0.716991145148557,22,4.4,7.33333333333333,0.4,3,5,0.6,0,0,NA,NA,NA,NA,NA,NA,NA,NA,"P5"
"9","Arizona State","fbs","Pac-12",2020,4047836,"Frank Darby",11,2,3,5.5,-0.687441501902516,-0.0624946819911378,-0.343720750951258,46,4.18181818181818,23,0.363636363636364,6,11,0.545454545454545,1,0,550,565,556,568.5,566.5,612,591,496,"P5"
"9","Arizona State","fbs","Pac-12",2020,4242896,"Curtis Hodges",4,2,3,2,4.92044295272945,1.23011073818236,2.46022147636473,98,24.5,49,0.75,3,4,0.75,1,0,NA,NA,NA,NA,NA,NA,NA,NA,"P5"
"9","Arizona State","fbs","Pac-12",2020,4360462,"Geordon Porter",5,2,3,2.5,3.55467977038999,0.710935954077998,1.777339885195,52,10.4,26,0.6,3,5,0.6,0,0,NA,NA,NA,NA,NA,NA,NA,NA,"P5"
"9","Arizona State","fbs","Pac-12",2020,4428209,"Ricky Pearsall",4,2,3,2,2.51113692687991,0.627784231719978,1.25556846343996,50,12.5,25,0.5,4,4,1,1,0,NA,NA,NA,NA,NA,NA,NA,NA,"P5"
"9","Arizona State","fbs","Pac-12",2020,4430810,"Daniyel Ngata",1,1,3,1,1.64888458250357,1.64888458250357,1.64888458250357,16,16,16,1,1,1,1,0,0,NA,NA,NA,NA,NA,NA,NA,NA,"P5"
"9","Arizona State","fbs","Pac-12",2020,4430893,"DeaMonte Trayanum",1,1,3,1,-0.468567305852168,-0.468567305852168,-0.468567305852168,5,5,5,0,1,1,1,0,0,NA,NA,NA,NA,NA,NA,NA,NA,"P5"
"9","Arizona State","fbs","Pac-12",2020,4430993,"LV Bunkley-Shelton",18,3,3,6,0.0385392181073172,0.00214106767262873,0.0128464060357724,95,5.27777777777778,31.6666666666667,0.333333333333333,10,18,0.555555555555556,0,1,534,534,534,582,559.5,554,545,387,"P5"
"9","Arizona State","fbs","Pac-12",2020,4569187,"Case Hatch",2,1,3,2,3.55644076179474,1.77822038089737,3.55644076179474,29,14.5,29,0.5,2,2,1,0,0,NA,NA,NA,NA,NA,NA,NA,NA,"P5"
"9","Arizona State","fbs","Pac-12",2020,4576788,"Andre Johnson",2,1,3,2,1.55088812157357,0.775444060786784,1.55088812157357,35,17.5,35,0.5,1,2,0.5,0,0,NA,NA,NA,NA,NA,NA,NA,NA,"P5"
"9","Arizona State","fbs","Pac-12",2020,4686104,"Johnny Wilson",10,3,3,3.33333333333333,2.30095527828659,0.230095527828659,0.766985092762197,89,8.9,29.6666666666667,0.6,6,10,0.6,0,0,499,458,434,136.5,504,564,230,408.5,"P5"
"9","Arizona State","fbs","Pac-12",2020,4697815,"Rachaad White",6,2,3,3,8.68884868918141,1.4481414481969,4.3444243445907,122,20.3333333333333,61,0.5,6,6,1,1,1,360,83,5,353.5,2.5,497,2,126,"P5"
"96","Kentucky","fbs","SEC",2020,4035065,"Justin Rigg",15,7,10,2.14285714285714,7.70362444847899,0.513574963231933,1.10051777835414,137,9.13333333333333,19.5714285714286,0.533333333333333,11,15,0.733333333333333,1,0,NA,NA,NA,NA,NA,NA,NA,NA,"P5"
"96","Kentucky","fbs","SEC",2020,4038940,"Terry Wilson",2,2,10,1,0.356909060870177,0.178454530435088,0.178454530435088,1,0.5,0.5,0.5,1,2,0.5,1,0,NA,NA,NA,NA,NA,NA,NA,NA,"P5"
"96","Kentucky","fbs","SEC",2020,4240782,"Asim Rose",12,7,10,1.71428571428571,-2.39577724554896,-0.199648103795747,-0.34225389222128,83,6.91666666666667,11.8571428571429,0.416666666666667,10,12,0.833333333333333,0,0,NA,NA,NA,NA,NA,NA,NA,NA,"P5"
"96","Kentucky","fbs","SEC",2020,4240785,"Clevan Thomas",1,1,10,1,0.848219166938534,0.848219166938534,0.848219166938534,3,3,3,1,1,1,1,0,0,NA,NA,NA,NA,NA,NA,NA,NA,"P5"
"96","Kentucky","fbs","SEC",2020,4259976,"Josh Ali",68,10,10,6.8,-5.55644517739724,-0.0817124290793711,-0.555644517739724,459,6.75,45.9,0.382352941176471,48,68,0.705882352941177,1,2,600,578,564,555,269.5,90.5,443.5,231,"P5"
"96","Kentucky","fbs","SEC",2020,4259984,"Isaiah Epps",8,3,10,2.66666666666667,-0.0748342347146927,-0.00935427933933659,-0.0249447449048976,40,5,13.3333333333333,0.25,5,8,0.625,0,0,NA,NA,NA,NA,NA,NA,NA,NA,"P5"
"96","Kentucky","fbs","SEC",2020,4362603,"Brenden Bates",1,1,10,1,1.15717968991991,1.15717968991991,1.15717968991991,14,14,14,1,1,1,1,0,0,NA,NA,NA,NA,NA,NA,NA,NA,"P5"
"96","Kentucky","fbs","SEC",2020,4362605,"Allen Dailey",18,6,10,3,4.03697667679004,0.224276482043891,0.672829446131673,121,6.72222222222222,20.1666666666667,0.5,12,18,0.666666666666667,0,0,NA,NA,NA,NA,NA,NA,NA,NA,"P5"
"96","Kentucky","fbs","SEC",2020,4362609,"Akeem Hayes",4,2,10,2,7.14813910837075,1.78703477709269,3.57406955418537,54,13.5,27,0.75,4,4,1,1,0,NA,NA,NA,NA,NA,NA,NA,NA,"P5"
"96","Kentucky","fbs","SEC",2020,4362617,"Bryce Oliver",1,1,10,1,-0.774530758985787,-0.774530758985787,-0.774530758985787,6,6,6,0,1,1,1,0,0,NA,NA,NA,NA,NA,NA,NA,NA,"P5"
"96","Kentucky","fbs","SEC",2020,4362620,"Kavosiey Smoke",7,4,10,1.75,-2.13037706873654,-0.304339581248077,-0.532594267184135,25,3.57142857142857,6.25,0.285714285714286,5,7,0.714285714285714,0,0,NA,NA,NA,NA,NA,NA,NA,NA,"P5"
"96","Kentucky","fbs","SEC",2020,4362623,"Keaton Upshaw",19,8,10,2.375,10.9277362366643,0.575144012456016,1.36596702958304,173,9.10526315789474,21.625,0.631578947368421,14,19,0.736842105263158,3,0,313,381,208,86.5,200,415.5,217,521,"P5"
"96","Kentucky","fbs","SEC",2020,4429129,"Michael Drennen II",3,3,10,1,2.44555112882445,0.815183709608149,0.815183709608148,26,8.66666666666667,8.66666666666667,1,3,3,1,0,0,NA,NA,NA,NA,NA,NA,NA,NA,"P5"
"96","Kentucky","fbs","SEC",2020,4429751,"DeMarcus Harris",22,6,10,3.66666666666667,-9.37886697288063,-0.426312135130938,-1.5631444954801,87,3.95454545454545,14.5,0.318181818181818,14,22,0.636363636363636,0,1,617,614,613,590,439.5,569,597,587,"P5"
"97","Louisville","fbs","ACC",2020,3915771,"Ean Pfeifer",9,5,11,1.8,7.87689607431233,0.875210674923592,1.57537921486247,96,10.6666666666667,19.2,0.666666666666667,6,9,0.666666666666667,2,0,NA,NA,NA,NA,NA,NA,NA,NA,"P5"
"97","Louisville","fbs","ACC",2020,4036026,"Dez Fitzpatrick",63,11,11,5.72727272727273,46.416484941924,0.736769602252762,4.21968044926582,832,13.2063492063492,75.6363636363636,0.587301587301587,43,63,0.682539682539683,3,1,19,91,103,157,330.5,12,30,62,"P5"
"97","Louisville","fbs","ACC",2020,4037517,"Roscoe Johnson",3,2,11,1.5,0.886151299148014,0.295383766382671,0.443075649574007,20,6.66666666666667,10,0.666666666666667,2,3,0.666666666666667,0,0,NA,NA,NA,NA,NA,NA,NA,NA,"P5"
"97","Louisville","fbs","ACC",2020,4240069,"Malik Cunningham",2,2,11,1,-1.22173237005108,-0.610866185025542,-0.610866185025542,1,0.5,0.5,0.5,1,2,0.5,1,0,NA,NA,NA,NA,NA,NA,NA,NA,"P5"
"97","Louisville","fbs","ACC",2020,4240075,"Justin Marshall",7,5,11,1.4,7.13193389426669,1.01884769918096,1.42638677885334,87,12.4285714285714,17.4,1,7,7,1,0,0,NA,NA,NA,NA,NA,NA,NA,NA,"P5"
"97","Louisville","fbs","ACC",2020,4240091,"Josh Johnson",4,1,11,4,1.46354768051483,0.365886920128708,1.46354768051483,40,10,40,0.75,4,4,1,0,0,NA,NA,NA,NA,NA,NA,NA,NA,"P5"
"97","Louisville","fbs","ACC",2020,4259360,"Maurice Burkley",4,3,11,1.33333333333333,-1.62816102204398,-0.407040255510995,-0.542720340681327,21,5.25,7,0.5,3,4,0.75,0,0,NA,NA,NA,NA,NA,NA,NA,NA,"P5"
"97","Louisville","fbs","ACC",2020,4259363,"Isaac Martin",2,1,11,2,-1.91250673430193,-0.956253367150965,-1.91250673430193,12,6,12,0,2,2,1,0,0,NA,NA,NA,NA,NA,NA,NA,NA,"P5"
"97","Louisville","fbs","ACC",2020,4360797,"Chatarius Atwell",67,9,11,7.44444444444444,36.8933444613205,0.550646932258515,4.09926049570228,625,9.32835820895522,69.4444444444444,0.477611940298507,46,67,0.686567164179104,7,1,49,103,222,402,320,40,197,86,"P5"
"97","Louisville","fbs","ACC",2020,4360802,"Javian Hawkins",19,7,11,2.71428571428571,7.74429386244146,0.407594413812708,1.10632769463449,127,6.68421052631579,18.1428571428571,0.473684210526316,16,19,0.842105263157895,1,1,NA,NA,NA,NA,NA,NA,NA,NA,"P5"
"97","Louisville","fbs","ACC",2020,4360805,"Hassan Hall",6,4,11,1.5,-4.02151119491047,-0.670251865818412,-1.00537779872762,6,1,1.5,0.166666666666667,3,6,0.5,0,0,NA,NA,NA,NA,NA,NA,NA,NA,"P5"
"97","Louisville","fbs","ACC",2020,4373177,"Marshon Ford",29,10,11,2.9,26.7727006814149,0.923196575221205,2.67727006814149,309,10.6551724137931,30.9,0.620689655172414,24,29,0.827586206896552,5,0,115,218,45,99,58.5,213.5,124,393,"P5"
"97","Louisville","fbs","ACC",2020,4428030,"Jalen Mitchell",4,2,11,2,4.98093374414292,1.24523343603573,2.49046687207146,33,8.25,16.5,0.75,4,4,1,0,0,NA,NA,NA,NA,NA,NA,NA,NA,"P5"
"97","Louisville","fbs","ACC",2020,4431241,"Duane Martin",3,1,11,3,0.338260751132829,0.112753583710943,0.338260751132829,27,9,27,0.333333333333333,2,3,0.666666666666667,0,0,NA,NA,NA,NA,NA,NA,NA,NA,"P5"
"97","Louisville","fbs","ACC",2020,4431466,"Jordan Watkins",8,4,11,2,5.58653546463635,0.698316933079543,1.39663386615909,57,7.125,14.25,0.625,8,8,1,0,0,NA,NA,NA,NA,NA,NA,NA,NA,"P5"
"97","Louisville","fbs","ACC",2020,4575528,"Francis Sherman",3,1,11,3,0.227988527825816,0.0759961759419385,0.227988527825816,19,6.33333333333333,19,0.666666666666667,3,3,1,1,0,NA,NA,NA,NA,NA,NA,NA,NA,"P5"
"97","Louisville","fbs","ACC",2020,4686343,"Braden Smith",33,11,11,3,28.893812586338,0.87557007837388,2.62671023512164,370,11.2121212121212,33.6363636363636,0.575757575757576,27,33,0.818181818181818,0,0,93,226,60,177,72.5,161.5,91,355,"P5"
"98","Western Kentucky","fbs","Conference USA",2020,4036002,"Malik Staples",1,1,10,1,-0.562001321627969,-0.562001321627969,-0.562001321627969,0,0,0,0,0,1,0,0,0,NA,NA,NA,NA,NA,NA,NA,NA,"G5"
"98","Western Kentucky","fbs","Conference USA",2020,4037560,"Xavier Lane",44,7,10,6.28571428571429,24.6420355092624,0.560046261574144,3.52029078703748,352,8,50.2857142857143,0.522727272727273,30,44,0.681818181818182,1,0,137,139,217,295,333.5,176,320.5,199,"G5"
"98","Western Kentucky","fbs","Conference USA",2020,4037564,"Jahcour Pearson",13,2,10,6.5,-2.8520946072772,-0.219391892867477,-1.4260473036386,96,7.38461538461539,48,0.307692307692308,9,13,0.692307692307692,0,1,NA,NA,NA,NA,NA,NA,NA,NA,"G5"
"98","Western Kentucky","fbs","Conference USA",2020,4037568,"Gaej Walker",15,8,10,1.875,-8.18974559489,-0.545983039659333,-1.02371819936125,46,3.06666666666667,5.75,0.2,6,15,0.4,0,0,NA,NA,NA,NA,NA,NA,NA,NA,"G5"
"98","Western Kentucky","fbs","Conference USA",2020,4243459,"Jakairi Moses",12,7,10,1.71428571428571,-7.65225020895691,-0.637687517413076,-1.09317860127956,33,2.75,4.71428571428571,0.166666666666667,8,12,0.666666666666667,0,0,NA,NA,NA,NA,NA,NA,NA,NA,"G5"
"98","Western Kentucky","fbs","Conference USA",2020,4363062,"Garland LaFrance",1,1,10,1,0.458672117207287,0.458672117207287,0.458672117207287,8,8,8,1,1,1,1,0,0,NA,NA,NA,NA,NA,NA,NA,NA,"G5"
"98","Western Kentucky","fbs","Conference USA",2020,4428527,"Dalvin Smith",4,3,10,1.33333333333333,8.10320320925318,2.02580080231329,2.70106773641773,58,14.5,19.3333333333333,0.75,4,4,1,2,0,NA,NA,NA,NA,NA,NA,NA,NA,"G5"
"98","Western Kentucky","fbs","Conference USA",2020,4428763,"Dayton Wade",32,5,10,6.4,-8.23604647750809,-0.257376452422128,-1.64720929550162,166,5.1875,33.2,0.40625,19,32,0.59375,0,1,616,616,600,530.5,513,425.5,553.5,361,"G5"
"98","Western Kentucky","fbs","Conference USA",2020,4429583,"Jeremiah Fails",2,1,10,2,-4.66467417551337,-2.33233708775668,-4.66467417551337,0,0,0,0,0,2,0,0,0,NA,NA,NA,NA,NA,NA,NA,NA,"G5"
"98","Western Kentucky","fbs","Conference USA",2020,4430482,"Joshua Simon",36,8,10,4.5,17.3659411750583,0.482387254862731,2.17074264688229,257,7.13888888888889,32.125,0.555555555555556,27,36,0.75,3,0,213,280,273,215.5,180,275,412,372,"G5"
"98","Western Kentucky","fbs","Conference USA",2020,4430903,"Dakota Thomas",6,1,10,6,3.39126269773879,0.565210449623132,3.39126269773879,78,13,78,0.666666666666667,5,6,0.833333333333333,0,0,NA,NA,NA,NA,NA,NA,NA,NA,"G5"
"98","Western Kentucky","fbs","Conference USA",2020,4432631,"Noah Whittington",2,1,10,2,-0.929348562187069,-0.464674281093535,-0.929348562187069,6,3,6,0,2,2,1,0,0,NA,NA,NA,NA,NA,NA,NA,NA,"G5"
"98","Western Kentucky","fbs","Conference USA",2020,4570667,"Terez Traynor",8,3,10,2.66666666666667,-2.00487361817525,-0.250609202271907,-0.668291206058417,36,4.5,12,0.375,4,8,0.5,0,0,NA,NA,NA,NA,NA,NA,NA,NA,"G5"
"98","Western Kentucky","fbs","Conference USA",2020,4613104,"Malachi Corley",6,2,10,3,3.30051406788997,0.550085677981662,1.65025703394499,56,9.33333333333333,28,0.666666666666667,5,6,0.833333333333333,0,0,NA,NA,NA,NA,NA,NA,NA,NA,"G5"
"98","Western Kentucky","fbs","Conference USA",2020,4690070,"Mitchell Tinsley",62,10,10,6.2,6.28983497402192,0.101448951193902,0.628983497402192,321,5.17741935483871,32.1,0.483870967741935,38,62,0.612903225806452,4,0,411,477,494,390.5,481.5,205.5,555,373,"G5"
"98","Western Kentucky","fbs","Conference USA",2020,4690073,"Craig Burt Jr.",37,8,10,4.625,-3.46102885155932,-0.0935413203124141,-0.432628606444915,155,4.18918918918919,19.375,0.378378378378378,17,37,0.459459459459459,1,0,580,573,567,557.5,605,446,590,546.5,"G5"
"99","LSU","fbs","SEC",2020,4242209,"Jontre Kirklin",21,8,9,2.625,8.89546808021206,0.423593718105336,1.11193351002651,184,8.76190476190476,23,0.523809523809524,13,21,0.619047619047619,2,1,350,416,304,292.5,472,392.5,240.5,496,"P5"
"99","LSU","fbs","SEC",2020,4242210,"Myles Brennan",4,1,9,4,11.2032683316971,2.80081708292428,11.2032683316971,108,27,108,1,4,4,1,4,0,NA,NA,NA,NA,NA,NA,NA,NA,"P5"
"99","LSU","fbs","SEC",2020,4242212,"Tory Carter",5,2,9,2.5,2.54661913896258,0.509323827792515,1.27330956948129,42,8.4,21,0.8,4,5,0.8,0,0,NA,NA,NA,NA,NA,NA,NA,NA,"P5"
"99","LSU","fbs","SEC",2020,4242231,"Racey McMath",20,5,9,4,11.3290253720123,0.566451268600615,2.26580507440246,195,9.75,39,0.55,14,20,0.7,1,0,309,266,215,231.5,286,370.5,172,289.5,"P5"
"99","LSU","fbs","SEC",2020,4362630,"Terrace Marshall Jr.",65,7,9,9.28571428571429,28.5245180375207,0.43883873903878,4.07493114821725,645,9.92307692307692,92.1428571428571,0.507692307692308,44,65,0.676923076923077,6,1,97,105,298,329,346,36,162,34,"P5"
"99","LSU","fbs","SEC",2020,4362632,"Chris Curry",3,2,9,1.5,-2.46895591781282,-0.822985305937606,-1.23447795890641,10,3.33333333333333,5,0,1,3,0.333333333333333,0,0,NA,NA,NA,NA,NA,NA,NA,NA,"P5"
"99","LSU","fbs","SEC",2020,4362650,"Jaray Jenkins",33,8,9,4.125,20.7744535548357,0.629528895601083,2.59680669435447,381,11.5454545454545,47.625,0.575757575757576,21,33,0.636363636363636,1,0,168,232,168,177,439.5,152.5,78,216,"P5"
"99","LSU","fbs","SEC",2020,4426333,"John Emery Jr.",23,8,9,2.875,-7.62873509089348,-0.331684134386673,-0.953591886361685,73,3.17391304347826,9.125,0.304347826086957,14,23,0.608695652173913,0,0,613,602,608,597.5,491.5,586,615,615,"P5"
"99","LSU","fbs","SEC",2020,4426407,"Trey Palmer",9,5,9,1.8,4.01983202193947,0.446648002437719,0.803966404387893,74,8.22222222222222,14.8,0.555555555555556,7,9,0.777777777777778,0,0,NA,NA,NA,NA,NA,NA,NA,NA,"P5"
"99","LSU","fbs","SEC",2020,4426475,"Tyrion Davis-Price",13,8,9,1.625,-3.09162960301773,-0.237817661770595,-0.386453700377217,47,3.61538461538462,5.875,0.307692307692308,8,13,0.615384615384615,0,0,NA,NA,NA,NA,NA,NA,NA,NA,"P5"
"99","LSU","fbs","SEC",2020,4428994,"Arik Gilbert",50,8,9,6.25,21.4434586824865,0.42886917364973,2.68043233531081,343,6.86,42.875,0.6,34,50,0.68,1,1,162,217,299,136.5,338,184,429,255,"P5"
"99","LSU","fbs","SEC",2020,4429022,"Kayshon Boutte",47,8,9,5.875,11.6973681380594,0.2488801731502,1.46217101725742,303,6.4468085106383,37.875,0.446808510638298,26,47,0.553191489361702,1,0,303,368,419,468,563,220.5,477,302,"P5"
"99","LSU","fbs","SEC",2020,4431277,"Koy Moore",17,6,9,2.83333333333333,5.97324811949479,0.35136753644087,0.995541353249132,107,6.29411764705882,17.8333333333333,0.588235294117647,15,17,0.882352941176471,0,0,422,430,347,155,22,529.5,489,562.5,"P5"
"99","LSU","fbs","SEC",2020,4433921,"Kole Taylor",5,2,9,2.5,1.0806699743725,0.2161339948745,0.540334987186249,14,2.8,7,0.4,4,5,0.8,0,0,NA,NA,NA,NA,NA,NA,NA,NA,"P5"
"99","LSU","fbs","SEC",2020,4685739,"Tre Bradford",5,2,9,2.5,-2.79628835936905,-0.559257671873809,-1.39814417968452,12,2.4,6,0.2,1,5,0.2,0,0,NA,NA,NA,NA,NA,NA,NA,NA,"P5"
"99","LSU","fbs","SEC",2020,4685740,"Max Johnson",4,2,9,2,11.4077854130952,2.85194635327381,5.70389270654762,46,11.5,23,1,4,4,1,4,0,NA,NA,NA,NA,NA,NA,NA,NA,"P5"
