"team_id","pos_team","division","conference","season","player_id","passer_player_name","plays","games","team_games","playsgame","TEPA","EPAplay","EPAgame","yards","yardsplay","yardsgame","success","comp","att","comppct","passing_td","sacked","sack_yds","pass_int","detmer","detmergame","dropbacks","sack_adj_yards","yardsdropback","TEPA_rank","EPAgame_rank","EPAplay_rank","success_rank","comppct_rank","yards_rank","yardsplay_rank","yardsgame_rank","sack_adj_yards_rank","yardsdropback_rank","detmer_rank","detmergame_rank","fbs_class"
"103","Boston College","fbs","ACC",2014,501647,"Josh Bordner",2,2,11,1,1.55698577277113,0.778492886385565,0.778492886385565,35,17.5,17.5,0.5,1,2,0.5,0,0,0,0,0,0,2,35,17.5,NA,NA,NA,NA,NA,NA,NA,NA,NA,NA,NA,NA,"P5"
"103","Boston College","fbs","ACC",2014,501663,"Shakim Phillips",1,1,11,1,5.60286822115773,5.60286822115773,5.60286822115773,49,49,49,1,1,1,1,1,0,0,0,0.06125,0.06125,1,49,49,NA,NA,NA,NA,NA,NA,NA,NA,NA,NA,NA,NA,"P5"
"103","Boston College","fbs","ACC",2014,503970,"Tyler Murphy",182,11,11,16.5454545454545,40.3642448824863,0.221781565288386,3.66947680749875,1344,7.38461538461539,122.181818181818,0.461538461538462,107,182,0.587912087912088,8,0,0,0,0.271515151515152,0.128612440191388,182,1344,7.38461538461539,80,90,58,44,76,105,52,117,105,52,116,111,"P5"
"103","Boston College","fbs","ACC",2014,530463,"Bobby Wolford",1,1,11,1,1.49855116095175,1.49855116095175,1.49855116095175,3,3,3,1,1,1,1,1,0,0,0,0.00375,0.00375,1,3,3,NA,NA,NA,NA,NA,NA,NA,NA,NA,NA,NA,NA,"P5"
"103","Boston College","fbs","ACC",2014,3122790,"Darius Wade",5,1,11,5,-0.273749141359503,-0.0547498282719007,-0.273749141359503,17,3.4,17,0.4,2,5,0.4,0,0,0,0,0,0,5,17,3.4,NA,NA,NA,NA,NA,NA,NA,NA,NA,NA,NA,NA,"P5"
"113","Massachusetts","fbs","Mid-American",2014,518271,"Blake Frohnapfel",426,10,12,42.6,118.954498230558,0.279235911339337,11.8954498230558,3340,7.84037558685446,334,0.424882629107981,241,426,0.565727699530516,23,0,0,0,0.800208333333333,0.581969696969697,426,3340,7.84037558685446,17,16,40,74,96,5,30,5,5,30,6,6,"G5"
"113","Massachusetts","fbs","Mid-American",2014,520781,"Marken Michel",2,2,12,1,-1.69938835604617,-0.849694178023087,-0.849694178023087,0,0,0,0,0,2,0,0,0,0,0,0,0,2,0,0,NA,NA,NA,NA,NA,NA,NA,NA,NA,NA,NA,NA,"G5"
"113","Massachusetts","fbs","Mid-American",2014,537087,"Bernard Davis",2,2,12,1,1.47831589357629,0.739157946788145,0.739157946788145,18,9,9,1,2,2,1,0,0,0,0,0,0,2,18,9,NA,NA,NA,NA,NA,NA,NA,NA,NA,NA,NA,NA,"G5"
"113","Massachusetts","fbs","Mid-American",2014,545642,"Austin Whipple",45,2,12,22.5,12.4003166506628,0.27556259223695,6.20015832533138,325,7.22222222222222,162.5,0.466666666666667,25,45,0.555555555555556,3,0,0,0,0.3046875,0.24375,45,325,7.22222222222222,NA,NA,NA,NA,NA,NA,NA,NA,NA,NA,NA,NA,"G5"
"113","Massachusetts","fbs","Mid-American",2014,552639,"Todd Stafford",1,1,12,1,-0.909703285288432,-0.909703285288432,-0.909703285288432,0,0,0,0,0,1,0,0,0,0,0,0,0,1,0,0,NA,NA,NA,NA,NA,NA,NA,NA,NA,NA,NA,NA,"G5"
"113","Massachusetts","fbs","Mid-American",2014,3125945,"Brian McDonald",1,1,12,1,6.91101744773005,6.91101744773005,6.91101744773005,53,53,53,1,1,1,1,1,0,0,0,0.06625,0.06625,1,53,53,NA,NA,NA,NA,NA,NA,NA,NA,NA,NA,NA,NA,"G5"
"12","Arizona","fbs","Pac-12",2014,514097,"Jared Baker",1,1,13,1,6.96198210735888,6.96198210735888,6.96198210735888,41,41,41,1,1,1,1,1,0,0,0,0.05125,0.05125,1,41,41,NA,NA,NA,NA,NA,NA,NA,NA,NA,NA,NA,NA,"P5"
"12","Arizona","fbs","Pac-12",2014,514113,"David Richards",1,1,13,1,1.70638004445831,1.70638004445831,1.70638004445831,1,1,1,1,1,1,1,1,0,0,0,0.00125,0.00125,1,1,1,NA,NA,NA,NA,NA,NA,NA,NA,NA,NA,NA,NA,"P5"
"12","Arizona","fbs","Pac-12",2014,517210,"Jerrard Randall",3,1,13,3,-2.96859513382141,-0.989531711273804,-2.96859513382141,0,0,0,0,0,3,0,0,0,0,0,0,0,3,0,0,NA,NA,NA,NA,NA,NA,NA,NA,NA,NA,NA,NA,"P5"
"12","Arizona","fbs","Pac-12",2014,531078,"Cayleb Jones",2,2,13,1,10.5562573500864,5.27812867504322,5.27812867504322,83,41.5,41.5,1,2,2,1,2,0,0,0,0.0691666666666667,0.051875,2,83,41.5,NA,NA,NA,NA,NA,NA,NA,NA,NA,NA,NA,NA,"P5"
"12","Arizona","fbs","Pac-12",2014,552021,"Samajie Grant",4,2,13,2,16.7482431970025,4.18706079925064,8.37412159850127,136,34,68,1,4,4,1,4,0,0,0,0.136,0.113333333333333,4,136,34,NA,NA,NA,NA,NA,NA,NA,NA,NA,NA,NA,NA,"P5"
"12","Arizona","fbs","Pac-12",2014,552097,"Anu Solomon",474,13,13,36.4615384615385,76.7531715087689,0.161926522170398,5.90409011605915,3240,6.83544303797468,249.230769230769,0.426160337552743,276,474,0.582278481012658,19,0,0,0,0.591923076923077,0.369951923076923,474,3240,6.83544303797468,43,60,78,71,80.5,8,79,28,8,79,28,27,"P5"
"12","Arizona","fbs","Pac-12",2014,3122553,"Tyrell Johnson",1,1,13,1,2.35173976235146,2.35173976235146,2.35173976235146,8,8,8,1,1,1,1,1,0,0,0,0.01,0.01,1,8,8,NA,NA,NA,NA,NA,NA,NA,NA,NA,NA,NA,NA,"P5"
"120","Maryland","fbs","Big Ten",2014,480846,"C.J. Brown",277,10,10,27.7,21.5468950093415,0.0777866245824601,2.15468950093415,1765,6.37184115523466,176.5,0.389891696750903,152,277,0.548736462093863,10,0,0,0,0.401136363636364,0.220625,277,1765,6.37184115523466,100,101,100,102,105,87,94,92,87,94,86,82,"P5"
"120","Maryland","fbs","Big Ten",2014,517318,"Marcus Leak",1,1,10,1,4.04322798356331,4.04322798356331,4.04322798356331,44,44,44,1,1,1,1,1,0,0,0,0.055,0.055,1,44,44,NA,NA,NA,NA,NA,NA,NA,NA,NA,NA,NA,NA,"P5"
"120","Maryland","fbs","Big Ten",2014,534249,"Stefon Diggs",1,1,10,1,1.3284244902657,1.3284244902657,1.3284244902657,4,4,4,1,1,1,1,1,0,0,0,0.005,0.005,1,4,4,NA,NA,NA,NA,NA,NA,NA,NA,NA,NA,NA,NA,"P5"
"120","Maryland","fbs","Big Ten",2014,534317,"Perry Hills",10,1,10,10,1.69233490664271,0.169233490664271,1.69233490664271,86,8.6,86,0.3,5,10,0.5,1,0,0,0,0.1075,0.1075,10,86,8.6,NA,NA,NA,NA,NA,NA,NA,NA,NA,NA,NA,NA,"P5"
"120","Maryland","fbs","Big Ten",2014,534328,"Caleb Rowe",21,2,10,10.5,16.880213045996,0.80381966885695,8.44010652299798,212,10.0952380952381,106,0.476190476190476,14,21,0.666666666666667,1,0,0,0,0.1325,0.0883333333333333,21,212,10.0952380952381,NA,NA,NA,NA,NA,NA,NA,NA,NA,NA,NA,NA,"P5"
"127","Michigan State","fbs","Big Ten",2014,503204,"Tony Lippett",2,2,11,1,9.24617759482346,4.62308879741173,4.62308879741173,37,18.5,18.5,1,2,2,1,2,0,0,0,0.0308333333333333,0.023125,2,37,18.5,NA,NA,NA,NA,NA,NA,NA,NA,NA,NA,NA,NA,"P5"
"127","Michigan State","fbs","Big Ten",2014,512705,"Connor Cook",297,11,11,27,89.1180026076996,0.30006061484074,8.10163660069997,2528,8.51178451178451,229.818181818182,0.474747474747475,169,297,0.569023569023569,12,0,0,0,0.53034965034965,0.299762845849802,297,2528,8.51178451178451,36,40,35,33,93,34.5,12,39.5,34.5,12,40,52,"P5"
"127","Michigan State","fbs","Big Ten",2014,535578,"Tyler O'Connor",7,3,11,2.33333333333333,8.09941134137043,1.15705876305292,2.69980378045681,95,13.5714285714286,31.6666666666667,0.714285714285714,7,7,1,2,0,0,0,0.0527777777777778,0.0316666666666667,7,95,13.5714285714286,NA,NA,NA,NA,NA,NA,NA,NA,NA,NA,NA,NA,"P5"
"127","Michigan State","fbs","Big Ten",2014,535580,"Josiah Price",2,2,11,1,7.16471673408781,3.5823583670439,3.5823583670439,17,8.5,8.5,1,2,2,1,2,0,0,0,0.0141666666666667,0.010625,2,17,8.5,NA,NA,NA,NA,NA,NA,NA,NA,NA,NA,NA,NA,"P5"
"127","Michigan State","fbs","Big Ten",2014,535869,"Macgarrett Kings Jr.",1,1,11,1,3.93835539336593,3.93835539336593,3.93835539336593,14,14,14,1,1,1,1,1,0,0,0,0.0175,0.0175,1,14,14,NA,NA,NA,NA,NA,NA,NA,NA,NA,NA,NA,NA,"P5"
"127","Michigan State","fbs","Big Ten",2014,550476,"R.J. Shelton",2,2,11,1,5.47818821995953,2.73909410997977,2.73909410997977,11,5.5,5.5,1,2,2,1,2,0,0,0,0.00916666666666667,0.006875,2,11,5.5,NA,NA,NA,NA,NA,NA,NA,NA,NA,NA,NA,NA,"P5"
"127","Michigan State","fbs","Big Ten",2014,550477,"Damion Terry",16,4,11,4,-2.86678308707919,-0.179173942942449,-0.716695771769796,75,4.6875,18.75,0.3125,11,16,0.6875,0,0,0,0,0,0,16,75,4.6875,NA,NA,NA,NA,NA,NA,NA,NA,NA,NA,NA,NA,"P5"
"130","Michigan","fbs","Big Ten",2014,501543,"Devin Gardner",267,12,12,22.25,33.7521566800003,0.126412571835207,2.81267972333335,1853,6.94007490636704,154.416666666667,0.471910112359551,173,267,0.647940074906367,9,0,0,0,0.3474375,0.165446428571429,267,1853,6.94007490636704,89,96,89,39,28,79,75,103,79,75,102,103,"P5"
"130","Michigan","fbs","Big Ten",2014,511688,"Russell Bellomy",2,1,12,2,-2.43317525604038,-1.21658762802019,-2.43317525604038,0,0,0,0,0,2,0,0,0,0,0,0,0,2,0,0,NA,NA,NA,NA,NA,NA,NA,NA,NA,NA,NA,NA,"P5"
"130","Michigan","fbs","Big Ten",2014,535145,"Devin Funchess",1,1,12,1,3.56018965484727,3.56018965484727,3.56018965484727,43,43,43,1,1,1,1,1,0,0,0,0.05375,0.05375,1,43,43,NA,NA,NA,NA,NA,NA,NA,NA,NA,NA,NA,NA,"P5"
"130","Michigan","fbs","Big Ten",2014,535147,"Drake Johnson",1,1,12,1,1.52192155216609,1.52192155216609,1.52192155216609,18,18,18,1,1,1,1,0,0,0,0,0,0,1,18,18,NA,NA,NA,NA,NA,NA,NA,NA,NA,NA,NA,NA,"P5"
"130","Michigan","fbs","Big Ten",2014,546706,"Shane Morris",37,5,12,7.4,-9.27819649064081,-0.250762067314617,-1.85563929812816,128,3.45945945945946,25.6,0.243243243243243,14,37,0.378378378378378,0,0,0,0,0,0,37,128,3.45945945945946,NA,NA,NA,NA,NA,NA,NA,NA,NA,NA,NA,NA,"P5"
"135","Minnesota","fbs","Big Ten",2014,530731,"Mitch Leidner",177,10,11,17.7,36.7538286916298,0.207648749670225,3.67538286916298,1336,7.54802259887006,133.6,0.429378531073446,88,177,0.497175141242938,5,0,0,0,0.278333333333333,0.111333333333333,177,1336,7.54802259887006,83,89,61,67,118,108,42,113,108,42,113,116,"P5"
"135","Minnesota","fbs","Big Ten",2014,530747,"Maxx Williams",3,1,11,3,6.4123604104102,2.13745347013673,6.4123604104102,16,5.33333333333333,16,1,3,3,1,3,0,0,0,0.03,0.03,3,16,5.33333333333333,NA,NA,NA,NA,NA,NA,NA,NA,NA,NA,NA,NA,"P5"
"135","Minnesota","fbs","Big Ten",2014,545462,"Donovahn Jones",1,1,11,1,3.48274839786155,3.48274839786155,3.48274839786155,44,44,44,1,1,1,1,1,0,0,0,0.055,0.055,1,44,44,NA,NA,NA,NA,NA,NA,NA,NA,NA,NA,NA,NA,"P5"
"135","Minnesota","fbs","Big Ten",2014,545472,"Conor Rhoda",1,1,11,1,-0.719232444457089,-0.719232444457089,-0.719232444457089,0,0,0,0,0,1,0,0,0,0,0,0,0,1,0,0,NA,NA,NA,NA,NA,NA,NA,NA,NA,NA,NA,NA,"P5"
"135","Minnesota","fbs","Big Ten",2014,545477,"Chris Streveler",9,2,11,4.5,-0.844170215458094,-0.0937966906064549,-0.422085107729047,25,2.77777777777778,12.5,0.222222222222222,3,9,0.333333333333333,1,0,0,0,0.015625,0.0104166666666667,9,25,2.77777777777778,NA,NA,NA,NA,NA,NA,NA,NA,NA,NA,NA,NA,"P5"
"142","Missouri","fbs","SEC",2014,501518,"Darius White",1,1,12,1,2.46947152481127,2.46947152481127,2.46947152481127,16,16,16,1,1,1,1,1,0,0,0,0.02,0.02,1,16,16,NA,NA,NA,NA,NA,NA,NA,NA,NA,NA,NA,NA,"P5"
"142","Missouri","fbs","SEC",2014,501822,"Jimmie Hunt",1,1,12,1,1.69314183691662,1.69314183691662,1.69314183691662,4,4,4,1,1,1,1,1,0,0,0,0.005,0.005,1,4,4,NA,NA,NA,NA,NA,NA,NA,NA,NA,NA,NA,NA,"P5"
"142","Missouri","fbs","SEC",2014,531385,"Maty Mauk",360,12,12,30,52.9720202990175,0.147144500830604,4.41433502491813,2350,6.52777777777778,195.833333333333,0.4,193,360,0.536111111111111,18,0,0,0,0.463815789473684,0.29375,360,2350,6.52777777777778,66,78,84,98,112,45,89,74,45,89,69,55,"P5"
"142","Missouri","fbs","SEC",2014,546197,"Eddie Printz",1,1,12,1,-0.706767735430631,-0.706767735430631,-0.706767735430631,0,0,0,0,0,1,0,0,0,0,0,0,0,1,0,0,NA,NA,NA,NA,NA,NA,NA,NA,NA,NA,NA,NA,"P5"
"145","Ole Miss","fbs","SEC",2014,500990,"Bo Wallace",296,10,10,29.6,94.736529846963,0.320055844077578,9.4736529846963,2416,8.16216216216216,241.6,0.483108108108108,178,296,0.601351351351351,12,0,0,0,0.557538461538462,0.329454545454545,296,2416,8.16216216216216,32,28,29,27,61,42,21,32,42,21,34,37,"P5"
"145","Ole Miss","fbs","SEC",2014,504230,"Vince Sanders",1,1,10,1,3.99963599958836,3.99963599958836,3.99963599958836,39,39,39,1,1,1,1,1,0,0,0,0.04875,0.04875,1,39,39,NA,NA,NA,NA,NA,NA,NA,NA,NA,NA,NA,NA,"P5"
"145","Ole Miss","fbs","SEC",2014,536197,"Cody Core",1,1,10,1,3.64411635417806,3.64411635417806,3.64411635417806,15,15,15,1,1,1,1,1,0,0,0,0.01875,0.01875,1,15,15,NA,NA,NA,NA,NA,NA,NA,NA,NA,NA,NA,NA,"P5"
"145","Ole Miss","fbs","SEC",2014,550014,"Laquon Treadwell",1,1,10,1,2.23291769864356,2.23291769864356,2.23291769864356,10,10,10,1,1,1,1,1,0,0,0,0.0125,0.0125,1,10,10,NA,NA,NA,NA,NA,NA,NA,NA,NA,NA,NA,NA,"P5"
"145","Ole Miss","fbs","SEC",2014,550016,"Jordan Wilkins",2,2,10,1,2.0777541655851,1.03887708279255,1.03887708279255,31,15.5,15.5,0.5,1,2,0.5,1,0,0,0,0.019375,0.0129166666666667,2,31,15.5,NA,NA,NA,NA,NA,NA,NA,NA,NA,NA,NA,NA,"P5"
"145","Ole Miss","fbs","SEC",2014,550114,"Ryan Buchanan",14,3,10,4.66666666666667,-6.37980744839735,-0.455700532028382,-2.12660248279912,47,3.35714285714286,15.6666666666667,0.285714285714286,6,14,0.428571428571429,0,0,0,0,0,0,14,47,3.35714285714286,NA,NA,NA,NA,NA,NA,NA,NA,NA,NA,NA,NA,"P5"
"145","Ole Miss","fbs","SEC",2014,550117,"Evan Engram",2,2,10,1,6.1033774291627,3.05168871458135,3.05168871458135,78,39,39,1,2,2,1,2,0,0,0,0.065,0.04875,2,78,39,NA,NA,NA,NA,NA,NA,NA,NA,NA,NA,NA,NA,"P5"
"145","Ole Miss","fbs","SEC",2014,559642,"Jeremy Liggins",1,1,10,1,-0.772693387556862,-0.772693387556862,-0.772693387556862,0,0,0,0,0,1,0,0,0,0,0,0,0,1,0,0,NA,NA,NA,NA,NA,NA,NA,NA,NA,NA,NA,NA,"P5"
"150","Duke","fbs","ACC",2014,501046,"Anthony Boone",376,11,11,34.1818181818182,-2.48231859072182,-0.00660191114553676,-0.225665326429256,2083,5.53989361702128,189.363636363636,0.36968085106383,212,376,0.563829787234043,9,0,0,0,0.426068181818182,0.213034090909091,376,2083,5.53989361702128,116,116,116,112,97,63,116,81,63,116,84,84,"P5"
"150","Duke","fbs","ACC",2014,517452,"Jamison Crowder",2,1,11,2,7.82284428649492,3.91142214324746,7.82284428649492,84,42,84,1,2,2,1,2,0,0,0,0.14,0.14,2,84,42,NA,NA,NA,NA,NA,NA,NA,NA,NA,NA,NA,NA,"P5"
"150","Duke","fbs","ACC",2014,530275,"Max McCaffrey",1,1,11,1,2.39734067754263,2.39734067754263,2.39734067754263,4,4,4,1,1,1,1,1,0,0,0,0.005,0.005,1,4,4,NA,NA,NA,NA,NA,NA,NA,NA,NA,NA,NA,NA,"P5"
"150","Duke","fbs","ACC",2014,530478,"Thomas Sirk",7,6,11,1.16666666666667,6.47473302951911,0.924961861359874,1.07912217158652,27,3.85714285714286,4.5,0.571428571428571,5,7,0.714285714285714,3,0,0,0,0.0084375,0.00375,7,27,3.85714285714286,NA,NA,NA,NA,NA,NA,NA,NA,NA,NA,NA,NA,"P5"
"150","Duke","fbs","ACC",2014,3116563,"Shaun Wilson",1,1,11,1,2.49506096002932,2.49506096002932,2.49506096002932,10,10,10,1,1,1,1,1,0,0,0,0.0125,0.0125,1,10,10,NA,NA,NA,NA,NA,NA,NA,NA,NA,NA,NA,NA,"P5"
"151","East Carolina","fbs","American Athletic",2014,500938,"Shane Carden",501,11,11,45.5454545454545,173.871416583769,0.347048735696147,15.8064924167063,3970,7.92415169660679,360.909090909091,0.534930139720559,327,501,0.652694610778443,21,0,0,0,0.861260330578512,0.592116477272727,501,3970,7.92415169660679,4,5,21,3,25,2,27,3,2,27,4,5,"G5"
"151","East Carolina","fbs","American Athletic",2014,505407,"Justin Hardy",3,3,11,1,0.224250669290493,0.074750223096831,0.074750223096831,13,4.33333333333333,4.33333333333333,0.333333333333333,1,3,0.333333333333333,1,0,0,0,0.00541666666666667,0.00270833333333333,3,13,4.33333333333333,NA,NA,NA,NA,NA,NA,NA,NA,NA,NA,NA,NA,"G5"
"151","East Carolina","fbs","American Athletic",2014,536612,"Bryce Williams",1,1,11,1,1.99390789660395,1.99390789660395,1.99390789660395,10,10,10,1,1,1,1,1,0,0,0,0.0125,0.0125,1,10,10,NA,NA,NA,NA,NA,NA,NA,NA,NA,NA,NA,NA,"G5"
"151","East Carolina","fbs","American Athletic",2014,545645,"Kurt Benkert",2,1,11,2,-1.8207974156734,-0.910398707836702,-1.8207974156734,8,4,8,0.5,2,2,1,0,0,0,0,0,0,2,8,4,NA,NA,NA,NA,NA,NA,NA,NA,NA,NA,NA,NA,"G5"
"151","East Carolina","fbs","American Athletic",2014,552938,"Marquez Grayson",1,1,11,1,2.47310336194861,2.47310336194861,2.47310336194861,14,14,14,1,1,1,1,1,0,0,0,0.0175,0.0175,1,14,14,NA,NA,NA,NA,NA,NA,NA,NA,NA,NA,NA,NA,"G5"
"151","East Carolina","fbs","American Athletic",2014,552953,"Cam Worthy",1,1,11,1,2.60614032189532,2.60614032189532,2.60614032189532,15,15,15,1,1,1,1,1,0,0,0,0.01875,0.01875,1,15,15,NA,NA,NA,NA,NA,NA,NA,NA,NA,NA,NA,NA,"G5"
"152","NC State","fbs","ACC",2014,511308,"Garrett Leatham",4,2,11,2,-2.10698209928444,-0.526745524821111,-1.05349104964222,8,2,4,0.25,1,4,0.25,0,0,0,0,0,0,4,8,2,NA,NA,NA,NA,NA,NA,NA,NA,NA,NA,NA,NA,"P5"
"152","NC State","fbs","ACC",2014,512191,"Jacoby Brissett",318,11,11,28.9090909090909,61.4703710258081,0.193303053540277,5.58821554780073,2149,6.75786163522013,195.363636363636,0.484276729559748,192,318,0.60377358490566,19,0,0,0,0.463988636363636,0.309325757575758,318,2149,6.75786163522013,58,63,67,26,57,58,80,75,58,80,68,45,"P5"
"152","NC State","fbs","ACC",2014,3116742,"Bo Hines",2,2,11,1,-1.7888869051857,-0.894443452592848,-0.894443452592848,0,0,0,0,0,2,0,0,0,0,0,0,0,2,0,0,NA,NA,NA,NA,NA,NA,NA,NA,NA,NA,NA,NA,"P5"
"153","North Carolina","fbs","ACC",2014,516347,"Marquise Williams",352,11,11,32,102.964117141141,0.292511696423696,9.36037428555828,2643,7.50852272727273,240.272727272727,0.463068181818182,225,352,0.639204545454545,17,0,0,0,0.567310606060606,0.364699675324675,352,2643,7.50852272727273,24,29,36,43,34,29,44,34,29,44,32,29,"P5"
"153","North Carolina","fbs","ACC",2014,518696,"Tommy Hibbard",1,1,11,1,5.65657220116015,5.65657220116015,5.65657220116015,29,29,29,1,1,1,1,1,0,0,0,0.03625,0.03625,1,29,29,NA,NA,NA,NA,NA,NA,NA,NA,NA,NA,NA,NA,"P5"
"153","North Carolina","fbs","ACC",2014,530417,"Quinshad Davis",1,1,11,1,2.60516576583972,2.60516576583972,2.60516576583972,23,23,23,1,1,1,1,1,0,0,0,0.02875,0.02875,1,23,23,NA,NA,NA,NA,NA,NA,NA,NA,NA,NA,NA,NA,"P5"
"153","North Carolina","fbs","ACC",2014,545238,"Mitch Trubisky",50,7,11,7.14285714285714,12.283800788271,0.245676015765419,1.75482868403871,328,6.56,46.8571428571429,0.4,25,50,0.5,3,0,0,0,0.0878571428571429,0.0351428571428571,50,328,6.56,NA,NA,NA,NA,NA,NA,NA,NA,NA,NA,NA,NA,"P5"
"153","North Carolina","fbs","ACC",2014,545256,"Ryan Switzer",2,2,11,1,8.74067305799682,4.37033652899841,4.37033652899841,98,49,49,1,2,2,1,2,0,0,0,0.0816666666666667,0.06125,2,98,49,NA,NA,NA,NA,NA,NA,NA,NA,NA,NA,NA,NA,"P5"
"154","Wake Forest","fbs","ACC",2014,515580,"Kevin Sousa",1,1,11,1,-2.7005122284098,-2.7005122284098,-2.7005122284098,0,0,0,0,0,1,0,0,0,0,0,0,0,1,0,0,NA,NA,NA,NA,NA,NA,NA,NA,NA,NA,NA,NA,"P5"
"154","Wake Forest","fbs","ACC",2014,530328,"Tyler Cameron",15,2,11,7.5,-4.38680700485706,-0.292453800323804,-2.19340350242853,55,3.66666666666667,27.5,0.333333333333333,10,15,0.666666666666667,0,0,0,0,0,0,15,55,3.66666666666667,NA,NA,NA,NA,NA,NA,NA,NA,NA,NA,NA,NA,"P5"
"154","Wake Forest","fbs","ACC",2014,530347,"Jared Crump",1,1,11,1,1.08407624311784,1.08407624311784,1.08407624311784,24,24,24,1,1,1,1,0,0,0,0,0,0,1,24,24,NA,NA,NA,NA,NA,NA,NA,NA,NA,NA,NA,NA,"P5"
"154","Wake Forest","fbs","ACC",2014,3124092,"John Wolford",316,11,11,28.7272727272727,30.3977374583201,0.0961953717035447,2.7634306780291,1745,5.52215189873418,158.636363636364,0.382911392405063,184,316,0.582278481012658,10,0,0,0,0.360537190082645,0.188852813852814,316,1745,5.52215189873418,93,97,97,105,80.5,88,117,101,88,117,100,95,"P5"
"158","Nebraska","fbs","Big Ten",2014,501842,"Kenny Bell",1,1,11,1,2.09036843419019,2.09036843419019,2.09036843419019,12,12,12,1,1,1,1,1,0,0,0,0.015,0.015,1,12,12,NA,NA,NA,NA,NA,NA,NA,NA,NA,NA,NA,NA,"P5"
"158","Nebraska","fbs","Big Ten",2014,533182,"Ryker Fyfe",10,4,11,2.5,-0.23848761165284,-0.023848761165284,-0.05962190291321,40,4,10,0.4,4,10,0.4,1,0,0,0,0.0125,0.005,10,40,4,NA,NA,NA,NA,NA,NA,NA,NA,NA,NA,NA,NA,"P5"
"158","Nebraska","fbs","Big Ten",2014,533270,"Tommy Armstrong Jr.",249,11,11,22.6363636363636,44.31086027035,0.17795526212992,4.02826002457727,2022,8.12048192771084,183.818181818182,0.409638554216867,132,249,0.530120481927711,14,0,0,0,0.428909090909091,0.257345454545455,249,2022,8.12048192771084,78,85,72,91,114,66,22,87,66,22,81,74,"P5"
"158","Nebraska","fbs","Big Ten",2014,545618,"Johnny Stanton",1,1,11,1,0,0,0,6,6,6,1,1,1,1,0,0,0,0,0,0,1,6,6,NA,NA,NA,NA,NA,NA,NA,NA,NA,NA,NA,NA,"P5"
"158","Nebraska","fbs","Big Ten",2014,3121398,"De'Mornay Pierson-El",2,2,11,1,7.06418781157762,3.53209390578881,3.53209390578881,33,16.5,16.5,1,2,2,1,2,0,0,0,0.0275,0.020625,2,33,16.5,NA,NA,NA,NA,NA,NA,NA,NA,NA,NA,NA,NA,"P5"
"164","Rutgers","fbs","Big Ten",2014,503831,"Michael Burton",1,1,11,1,-2.45466135024145,-2.45466135024145,-2.45466135024145,-2,-2,-2,0,1,1,1,0,0,0,0,0,0,1,-2,-2,NA,NA,NA,NA,NA,NA,NA,NA,NA,NA,NA,NA,"P5"
"164","Rutgers","fbs","Big Ten",2014,518344,"Gary Nova",274,11,11,24.9090909090909,92.3572297493731,0.337070181567055,8.39611179539756,2391,8.72627737226277,217.363636363636,0.456204379562044,162,274,0.591240875912409,16,0,0,0,0.51144385026738,0.322020202020202,274,2391,8.72627737226277,34,38,26,46,74,44,8,54,44,8,50,40,"P5"
"164","Rutgers","fbs","Big Ten",2014,547549,"Chris Laviano",24,4,11,6,-7.52743881849785,-0.313643284104077,-1.88185970462446,104,4.33333333333333,26,0.291666666666667,10,24,0.416666666666667,0,0,0,0,0,0,24,104,4.33333333333333,NA,NA,NA,NA,NA,NA,NA,NA,NA,NA,NA,NA,"P5"
"166","New Mexico State","fbs","Sun Belt",2014,522923,"Joshua Bowen",1,1,10,1,3.55247956935656,3.55247956935656,3.55247956935656,10,10,10,1,1,1,1,1,0,0,0,0.0125,0.0125,1,10,10,NA,NA,NA,NA,NA,NA,NA,NA,NA,NA,NA,NA,"G5"
"166","New Mexico State","fbs","Sun Belt",2014,546203,"Teldrick Morgan",2,2,10,1,12.8189806512531,6.40949032562653,6.40949032562653,99,49.5,49.5,1,2,2,1,2,0,0,0,0.0825,0.061875,2,99,49.5,NA,NA,NA,NA,NA,NA,NA,NA,NA,NA,NA,NA,"G5"
"166","New Mexico State","fbs","Sun Belt",2014,3124972,"Andrew Allen",15,4,10,3.75,6.11865734205012,0.407910489470008,1.52966433551253,120,8,30,0.4,10,15,0.666666666666667,0,0,0,0,0,0,15,120,8,NA,NA,NA,NA,NA,NA,NA,NA,NA,NA,NA,NA,"G5"
"166","New Mexico State","fbs","Sun Belt",2014,3124981,"Tyler Rogers",341,10,10,34.1,69.0015121763444,0.202350475590453,6.90015121763444,2237,6.56011730205279,223.7,0.442815249266862,222,341,0.651026392961877,11,0,0,0,0.512645833333333,0.292940476190476,341,2237,6.56011730205279,52,48,62,53,26,54,87,46,54,87,49,56,"G5"
"167","New Mexico","fbs","Mountain West",2014,502920,"Jeric Magnant",1,1,12,1,-0.760416236576982,-0.760416236576982,-0.760416236576982,0,0,0,0,0,1,0,0,0,0,0,0,0,1,0,0,NA,NA,NA,NA,NA,NA,NA,NA,NA,NA,NA,NA,"G5"
"167","New Mexico","fbs","Mountain West",2014,533208,"Cole Gautsche",26,5,12,5.2,-10.1403461831277,-0.390013314735679,-2.02806923662553,105,4.03846153846154,21,0.269230769230769,12,26,0.461538461538462,0,0,0,0,0,0,26,105,4.03846153846154,NA,NA,NA,NA,NA,NA,NA,NA,NA,NA,NA,NA,"G5"
"167","New Mexico","fbs","Mountain West",2014,536830,"David Anaya",1,1,12,1,3.97448782680199,3.97448782680199,3.97448782680199,18,18,18,1,1,1,1,1,0,0,0,0.0225,0.0225,1,18,18,NA,NA,NA,NA,NA,NA,NA,NA,NA,NA,NA,NA,"G5"
"167","New Mexico","fbs","Mountain West",2014,546483,"Clayton Mitchem",8,3,12,2.66666666666667,-1.87036925873452,-0.233796157341815,-0.623456419578173,51,6.375,17,0.375,4,8,0.5,0,0,0,0,0,0,8,51,6.375,NA,NA,NA,NA,NA,NA,NA,NA,NA,NA,NA,NA,"G5"
"167","New Mexico","fbs","Mountain West",2014,551028,"Lamar Jordan",107,11,12,9.72727272727273,23.9522063164645,0.223852395480976,2.17747330149677,870,8.13084112149533,79.0909090909091,0.336448598130841,59,107,0.551401869158878,6,0,0,0,0.169480519480519,0.0697860962566845,107,870,8.13084112149533,NA,NA,NA,NA,NA,NA,NA,NA,NA,NA,NA,NA,"G5"
"183","Syracuse","fbs","ACC",2014,503821,"Jarrod West",2,2,11,1,-1.04120679059292,-0.520603395296459,-0.520603395296459,0,0,0,0,0,2,0,0,0,0,0,0,0,2,0,0,NA,NA,NA,NA,NA,NA,NA,NA,NA,NA,NA,NA,"P5"
"183","Syracuse","fbs","ACC",2014,514440,"Terrel Hunt",124,4,11,31,6.65283652579291,0.0536519074660719,1.66320913144823,884,7.12903225806452,221,0.370967741935484,73,124,0.588709677419355,1,0,0,0,0.27625,0.1105,124,884,7.12903225806452,NA,NA,NA,NA,NA,NA,NA,NA,NA,NA,NA,NA,"P5"
"183","Syracuse","fbs","ACC",2014,545275,"Mitch Kimble",18,2,11,9,-9.21895816319847,-0.512164342399915,-4.60947908159924,37,2.05555555555556,18.5,0.166666666666667,6,18,0.333333333333333,0,0,0,0,0,0,18,37,2.05555555555556,NA,NA,NA,NA,NA,NA,NA,NA,NA,NA,NA,NA,"P5"
"183","Syracuse","fbs","ACC",2014,545284,"Austin Wilson",29,4,11,7.25,3.4487282375689,0.118921663364445,0.862182059392224,164,5.6551724137931,41,0.448275862068966,17,29,0.586206896551724,0,0,0,0,0,0,29,164,5.6551724137931,NA,NA,NA,NA,NA,NA,NA,NA,NA,NA,NA,NA,"P5"
"183","Syracuse","fbs","ACC",2014,3116756,"AJ Long",132,5,11,26.4,3.99664224273209,0.0302775927479704,0.799328448546419,768,5.81818181818182,153.6,0.371212121212121,73,132,0.553030303030303,2,0,0,0,0.256,0.109714285714286,132,768,5.81818181818182,NA,NA,NA,NA,NA,NA,NA,NA,NA,NA,NA,NA,"P5"
"189","Bowling Green","fbs","Mid-American",2014,513596,"Ryan Burbrink",1,1,11,1,-1.0215605660769,-1.0215605660769,-1.0215605660769,0,0,0,0,0,1,0,0,0,0,0,0,0,1,0,0,NA,NA,NA,NA,NA,NA,NA,NA,NA,NA,NA,NA,"G5"
"189","Bowling Green","fbs","Mid-American",2014,531801,"James Knapke",401,11,11,36.4545454545455,-5.81994285983888,-0.0145135732165558,-0.529085714530807,2522,6.28927680798005,229.272727272727,0.371571072319202,232,401,0.5785536159601,11,0,0,0,0.525416666666667,0.286590909090909,401,2522,6.28927680798005,117,117,117,110,86,36,100,41,36,100,42,57,"G5"
"189","Bowling Green","fbs","Mid-American",2014,536143,"Gehrig Dieter",1,1,11,1,5.59437343270532,5.59437343270532,5.59437343270532,42,42,42,1,1,1,1,1,0,0,0,0.0525,0.0525,1,42,42,NA,NA,NA,NA,NA,NA,NA,NA,NA,NA,NA,NA,"G5"
"189","Bowling Green","fbs","Mid-American",2014,3125748,"Cody Callaway",21,3,11,7,4.10367808252747,0.195413242025118,1.36789269417582,143,6.80952380952381,47.6666666666667,0.380952380952381,8,21,0.380952380952381,1,0,0,0,0.0595833333333333,0.0297916666666667,21,143,6.80952380952381,NA,NA,NA,NA,NA,NA,NA,NA,NA,NA,NA,NA,"G5"
"193","Miami (OH)","fbs","Mid-American",2014,500913,"Andrew Hendrix",399,11,11,36.2727272727273,88.686255539758,0.222271317142251,8.06238686725072,2922,7.32330827067669,265.636363636364,0.431077694235589,196,399,0.491228070175439,21,0,0,0,0.633904958677686,0.435809659090909,399,2922,7.32330827067669,37,41,57,66,119,18,59,19,18,59,17,20,"G5"
"193","Miami (OH)","fbs","Mid-American",2014,514279,"David Frazier",1,1,11,1,1.32672064359532,1.32672064359532,1.32672064359532,3,3,3,1,1,1,1,1,0,0,0,0.00375,0.00375,1,3,3,NA,NA,NA,NA,NA,NA,NA,NA,NA,NA,NA,NA,"G5"
"193","Miami (OH)","fbs","Mid-American",2014,514286,"Drew Kummer",9,1,11,9,2.33788351248637,0.259764834720708,2.33788351248637,53,5.88888888888889,53,0.555555555555556,4,9,0.444444444444444,0,0,0,0,0,0,9,53,5.88888888888889,NA,NA,NA,NA,NA,NA,NA,NA,NA,NA,NA,NA,"G5"
"194","Ohio State","fbs","Big Ten",2014,514181,"Devin Smith",5,3,13,1.66666666666667,14.4179803062971,2.88359606125941,4.80599343543236,189,37.8,63,1,5,5,1,5,0,0,0,0.13125,0.0984375,5,189,37.8,NA,NA,NA,NA,NA,NA,NA,NA,NA,NA,NA,NA,"P5"
"194","Ohio State","fbs","Big Ten",2014,514182,"Evan Spencer",2,2,13,1,6.01395054285361,3.0069752714268,3.0069752714268,41,20.5,20.5,1,2,2,1,2,0,0,0,0.0341666666666667,0.025625,2,41,20.5,NA,NA,NA,NA,NA,NA,NA,NA,NA,NA,NA,NA,"P5"
"194","Ohio State","fbs","Big Ten",2014,514185,"Nick Vannett",1,1,13,1,0.948311685471338,0.948311685471338,0.948311685471338,1,1,1,1,1,1,1,1,0,0,0,0.00125,0.00125,1,1,1,NA,NA,NA,NA,NA,NA,NA,NA,NA,NA,NA,NA,"P5"
"194","Ohio State","fbs","Big Ten",2014,534294,"Cardale Jones",32,5,13,6.4,1.23443944239751,0.0385762325749222,0.246887888479502,250,7.8125,50,0.40625,19,32,0.59375,2,0,0,0,0.0833333333333333,0.0357142857142857,32,250,7.8125,NA,NA,NA,NA,NA,NA,NA,NA,NA,NA,NA,NA,"P5"
"194","Ohio State","fbs","Big Ten",2014,534311,"Michael Thomas",2,2,13,1,5.56393476241541,2.7819673812077,2.7819673812077,55,27.5,27.5,1,2,2,1,2,0,0,0,0.0458333333333333,0.034375,2,55,27.5,NA,NA,NA,NA,NA,NA,NA,NA,NA,NA,NA,NA,"P5"
"194","Ohio State","fbs","Big Ten",2014,545624,"J.T. Barrett",291,12,13,24.25,102.722888159538,0.352999615668515,8.56024067996149,2557,8.78694158075601,213.083333333333,0.512027491408935,191,291,0.656357388316151,23,0,0,0,0.510512152777778,0.350065476190476,291,2557,8.78694158075601,25,35,16,13,23,30,6,55,30,6,51,33,"P5"
"194","Ohio State","fbs","Big Ten",2014,549819,"Jalin Marshall",3,3,13,1,7.9759954532145,2.6586651510715,2.6586651510715,66,22,22,0.666666666666667,2,3,0.666666666666667,2,0,0,0,0.0366666666666667,0.022,3,66,22,NA,NA,NA,NA,NA,NA,NA,NA,NA,NA,NA,NA,"P5"
"194","Ohio State","fbs","Big Ten",2014,549830,"Dontre Wilson",1,1,13,1,2.28675121133687,2.28675121133687,2.28675121133687,24,24,24,1,1,1,1,1,0,0,0,0.03,0.03,1,24,24,NA,NA,NA,NA,NA,NA,NA,NA,NA,NA,NA,NA,"P5"
"195","Ohio","fbs","Mid-American",2014,511550,"Landon Smith",1,1,11,1,1.92800993672133,1.92800993672133,1.92800993672133,5,5,5,1,1,1,1,1,0,0,0,0.00625,0.00625,1,5,5,NA,NA,NA,NA,NA,NA,NA,NA,NA,NA,NA,NA,"G5"
"195","Ohio","fbs","Mid-American",2014,511552,"Derrius Vick",154,8,11,19.25,35.0566393305265,0.227640515133289,4.38207991631581,1143,7.42207792207792,142.875,0.441558441558442,92,154,0.597402597402597,6,0,0,0,0.306160714285714,0.153080357142857,154,1143,7.42207792207792,87,80,54,54,65,117,51,109,117,51,108,107,"G5"
"195","Ohio","fbs","Mid-American",2014,532433,"JD Sprague",170,9,11,18.8888888888889,4.36113338456055,0.0256537257915327,0.484570376062284,1090,6.41176470588235,121.111111111111,0.347058823529412,82,170,0.482352941176471,3,0,0,0,0.227083333333333,0.0756944444444445,170,1090,6.41176470588235,112,112,111,117,120,118,93,118,118,93,118,118,"G5"
"195","Ohio","fbs","Mid-American",2014,532440,"Greg Windham",10,3,11,3.33333333333333,3.16455604485543,0.316455604485543,1.05485201495181,67,6.7,22.3333333333333,0.8,8,10,0.8,0,0,0,0,0,0,10,67,6.7,NA,NA,NA,NA,NA,NA,NA,NA,NA,NA,NA,NA,"G5"
"195","Ohio","fbs","Mid-American",2014,3126072,"A.J. Ouellette",1,1,11,1,3.50243996098842,3.50243996098842,3.50243996098842,9,9,9,1,1,1,1,1,0,0,0,0.01125,0.01125,1,9,9,NA,NA,NA,NA,NA,NA,NA,NA,NA,NA,NA,NA,"G5"
"197","Oklahoma State","fbs","Big 12",2014,511260,"J.W. Walsh",26,1,11,26,4.11954162533177,0.158443908666607,4.11954162533177,203,7.80769230769231,203,0.423076923076923,15,26,0.576923076923077,1,0,0,0,0.25375,0.25375,26,203,7.80769230769231,NA,NA,NA,NA,NA,NA,NA,NA,NA,NA,NA,NA,"P5"
"197","Oklahoma State","fbs","Big 12",2014,514105,"Daxx Garman",238,8,11,29.75,36.1640545734329,0.151949809132071,4.52050682167912,1786,7.50420168067227,223.25,0.436974789915966,135,238,0.567226890756303,10,0,0,0,0.507386363636364,0.310069444444444,238,1786,7.50420168067227,85,75,82,59.5,95,83,45,48,83,45,52,44,"P5"
"197","Oklahoma State","fbs","Big 12",2014,3116407,"Mason Rudolph",57,2,11,28.5,25.7853981164276,0.452375405551362,12.8926990582138,554,9.71929824561403,277,0.43859649122807,32,57,0.56140350877193,4,0,0,0,0.554,0.461666666666667,57,554,9.71929824561403,NA,NA,NA,NA,NA,NA,NA,NA,NA,NA,NA,NA,"P5"
"2","Auburn","fbs","SEC",2014,515945,"Quan Bray",1,1,11,1,2.89616455904012,2.89616455904012,2.89616455904012,5,5,5,1,1,1,1,1,0,0,0,0.00625,0.00625,1,5,5,NA,NA,NA,NA,NA,NA,NA,NA,NA,NA,NA,NA,"P5"
"2","Auburn","fbs","SEC",2014,515949,"Sammie Coates",3,2,11,1.5,15.6836163495287,5.22787211650956,7.84180817476435,159,53,79.5,1,3,3,1,3,0,0,0,0.1490625,0.11925,3,159,53,NA,NA,NA,NA,NA,NA,NA,NA,NA,NA,NA,NA,"P5"
"2","Auburn","fbs","SEC",2014,530917,"Jonathan Wallace",1,1,11,1,2.0066701538656,2.0066701538656,2.0066701538656,17,17,17,1,1,1,1,0,0,0,0,0,0,1,17,17,NA,NA,NA,NA,NA,NA,NA,NA,NA,NA,NA,NA,"P5"
"2","Auburn","fbs","SEC",2014,550019,"Jeremy Johnson",33,5,11,6.6,27.6570224140137,0.838091588303447,5.53140448280275,431,13.0606060606061,86.2,0.606060606060606,26,33,0.787878787878788,3,0,0,0,0.161625,0.0808125,33,431,13.0606060606061,NA,NA,NA,NA,NA,NA,NA,NA,NA,NA,NA,NA,"P5"
"2","Auburn","fbs","SEC",2014,550021,"Nick Marshall",239,11,11,21.7272727272727,81.5905622301851,0.341383105565628,7.41732383910773,1929,8.07112970711297,175.363636363636,0.472803347280335,144,239,0.602510460251046,10,0,0,0,0.398553719008264,0.208766233766234,239,1929,8.07112970711297,41,45,24,36,59,71,23,94,71,23,88,87,"P5"
"2","Auburn","fbs","SEC",2014,550039,"Marcus Davis",1,1,11,1,2.81401647678609,2.81401647678609,2.81401647678609,17,17,17,1,1,1,1,1,0,0,0,0.02125,0.02125,1,17,17,NA,NA,NA,NA,NA,NA,NA,NA,NA,NA,NA,NA,"P5"
"2005","Air Force","fbs","Mountain West",2014,535972,"Kale Pearson",152,10,11,15.2,71.6621319352441,0.471461394310816,7.16621319352441,1418,9.32894736842105,141.8,0.513157894736842,92,152,0.605263157894737,13,0,0,0,0.329178571428571,0.200369565217391,152,1418,9.32894736842105,NA,NA,NA,NA,NA,NA,NA,NA,NA,NA,NA,NA,"G5"
"2005","Air Force","fbs","Mountain West",2014,538421,"Garrett Griffin",1,1,11,1,7.98906976742447,7.98906976742447,7.98906976742447,74,74,74,1,1,1,1,1,0,0,0,0.0925,0.0925,1,74,74,NA,NA,NA,NA,NA,NA,NA,NA,NA,NA,NA,NA,"G5"
"2005","Air Force","fbs","Mountain West",2014,538425,"Colton Huntsman",2,2,11,1,2.70641549718064,1.35320774859032,1.35320774859032,41,20.5,20.5,0.5,1,2,0.5,0,0,0,0,0,0,2,41,20.5,NA,NA,NA,NA,NA,NA,NA,NA,NA,NA,NA,NA,"G5"
"2005","Air Force","fbs","Mountain West",2014,554520,"Jalen Robinette",1,1,11,1,5.57965205864083,5.57965205864083,5.57965205864083,54,54,54,1,1,1,1,1,0,0,0,0.0675,0.0675,1,54,54,NA,NA,NA,NA,NA,NA,NA,NA,NA,NA,NA,NA,"G5"
"2005","Air Force","fbs","Mountain West",2014,554528,"Nate Romine",29,3,11,9.66666666666667,-5.74176924545726,-0.197992042946802,-1.91392308181909,207,7.13793103448276,69,0.413793103448276,14,29,0.482758620689655,0,0,0,0,0,0,29,207,7.13793103448276,NA,NA,NA,NA,NA,NA,NA,NA,NA,NA,NA,NA,"G5"
"2006","Akron","fbs","Mid-American",2014,514601,"Zach D'Orazio",1,1,10,1,-0.686602510398517,-0.686602510398517,-0.686602510398517,0,0,0,0,0,1,0,0,0,0,0,0,0,1,0,0,NA,NA,NA,NA,NA,NA,NA,NA,NA,NA,NA,NA,"G5"
"2006","Akron","fbs","Mid-American",2014,514617,"Kyle Pohl",336,9,10,37.3333333333333,-1.32906159223869,-0.00395554045309133,-0.147673510248743,1871,5.56845238095238,207.888888888889,0.428571428571429,184,336,0.547619047619048,5,0,0,0,0.433101851851852,0.185615079365079,336,1871,5.56845238095238,115,115,115,68,106,77,114,64,77,114,80,97,"G5"
"201","Oklahoma","fbs","Big 12",2014,501882,"Blake Bell",1,1,12,1,1.75285061471639,1.75285061471639,1.75285061471639,4,4,4,1,1,1,1,1,0,0,0,0.005,0.005,1,4,4,NA,NA,NA,NA,NA,NA,NA,NA,NA,NA,NA,NA,"P5"
"201","Oklahoma","fbs","Big 12",2014,534448,"Sterling Shepard",2,2,12,1,10.155096112716,5.07754805635798,5.07754805635798,122,61,61,1,2,2,1,2,0,0,0,0.101666666666667,0.07625,2,122,61,NA,NA,NA,NA,NA,NA,NA,NA,NA,NA,NA,NA,"P5"
"201","Oklahoma","fbs","Big 12",2014,534449,"Trevor Knight",266,9,12,29.5555555555556,60.1435894893992,0.226103719884959,6.68262105437769,2062,7.75187969924812,229.111111111111,0.473684210526316,158,266,0.593984962406015,10,0,0,0,0.520707070707071,0.301461988304094,266,2062,7.75187969924812,60,51,55,35,70,64,34,42,64,34,44,49,"P5"
"201","Oklahoma","fbs","Big 12",2014,534450,"Durron Neal",2,2,12,1,4.49574579028419,2.2478728951421,2.2478728951421,13,6.5,6.5,1,2,2,1,2,0,0,0,0.0108333333333333,0.008125,2,13,6.5,NA,NA,NA,NA,NA,NA,NA,NA,NA,NA,NA,NA,"P5"
"201","Oklahoma","fbs","Big 12",2014,550504,"Cody Thomas",60,7,12,8.57142857142857,8.24113031347307,0.137352171891218,1.17730433049615,342,5.7,48.8571428571429,0.4,30,60,0.5,2,0,0,0,0.0814285714285714,0.0271428571428571,60,342,5.7,NA,NA,NA,NA,NA,NA,NA,NA,NA,NA,NA,NA,"P5"
"202","Tulsa","fbs","American Athletic",2014,514152,"Joseph Calcagni",16,4,12,4,-3.60499975531674,-0.225312484707296,-0.901249938829184,74,4.625,18.5,0.25,7,16,0.4375,0,0,0,0,0,0,16,74,4.625,NA,NA,NA,NA,NA,NA,NA,NA,NA,NA,NA,NA,"G5"
"202","Tulsa","fbs","American Athletic",2014,514158,"Keyarris Garrett",1,1,12,1,2.55749313174187,2.55749313174187,2.55749313174187,1,1,1,0,1,1,1,1,0,0,0,0.00125,0.00125,1,1,1,NA,NA,NA,NA,NA,NA,NA,NA,NA,NA,NA,NA,"G5"
"202","Tulsa","fbs","American Athletic",2014,524386,"Mandel Dixon",1,1,12,1,3.5389304601787,3.5389304601787,3.5389304601787,9,9,9,1,1,1,1,1,0,0,0,0.01125,0.01125,1,9,9,NA,NA,NA,NA,NA,NA,NA,NA,NA,NA,NA,NA,"G5"
"202","Tulsa","fbs","American Athletic",2014,532273,"Dane Evans",432,12,12,36,82.4849599823709,0.190937407366599,6.87374666519757,3015,6.97916666666667,251.25,0.425925925925926,247,432,0.571759259259259,17,0,0,0,0.593229166666667,0.368211206896552,432,3015,6.97916666666667,40,50,69,73,90,16,71,27,16,71,26,28,"G5"
"202","Tulsa","fbs","American Athletic",2014,550737,"Keevan Lucas",2,2,12,1,5.88337841603604,2.94168920801802,2.94168920801802,37,18.5,18.5,1,2,2,1,2,0,0,0,0.0308333333333333,0.023125,2,37,18.5,NA,NA,NA,NA,NA,NA,NA,NA,NA,NA,NA,NA,"G5"
"2026","App State","fbs","Sun Belt",2014,512882,"Kameron Bryant",25,3,10,8.33333333333333,-2.04138600269976,-0.0816554401079902,-0.680462000899918,105,4.2,35,0.24,13,25,0.52,2,0,0,0,0.0583333333333333,0.035,25,105,4.2,NA,NA,NA,NA,NA,NA,NA,NA,NA,NA,NA,NA,"G5"
"2026","App State","fbs","Sun Belt",2014,548447,"Taylor Lamb",246,10,10,24.6,85.499893035203,0.347560540793508,8.5499893035203,1888,7.67479674796748,188.8,0.471544715447154,155,246,0.630081300813008,13,0,0,0,0.438285714285714,0.266782608695652,246,1888,7.67479674796748,39,37,20,40,39,75,38,82,75,38,77,67,"G5"
"2032","Arkansas State","fbs","Sun Belt",2014,515871,"Darion Griswold",1,1,11,1,2.84532648285958,2.84532648285958,2.84532648285958,10,10,10,1,1,1,1,1,0,0,0,0.0125,0.0125,1,10,10,NA,NA,NA,NA,NA,NA,NA,NA,NA,NA,NA,NA,"G5"
"2032","Arkansas State","fbs","Sun Belt",2014,515874,"Stephen Hogan",6,3,11,2,-1.54886935547212,-0.258144892578687,-0.516289785157375,18,3,6,0.333333333333333,3,6,0.5,0,0,0,0,0,0,6,18,3,NA,NA,NA,NA,NA,NA,NA,NA,NA,NA,NA,NA,"G5"
"2032","Arkansas State","fbs","Sun Belt",2014,515882,"J.D. McKissic",1,1,11,1,-1.06657246984292,-1.06657246984292,-1.06657246984292,0,0,0,0,0,1,0,0,0,0,0,0,0,1,0,0,NA,NA,NA,NA,NA,NA,NA,NA,NA,NA,NA,NA,"G5"
"2032","Arkansas State","fbs","Sun Belt",2014,515892,"Chris Stone",1,1,11,1,-2.19009748759108,-2.19009748759108,-2.19009748759108,-2,-2,-2,0,1,1,1,0,0,0,0,0,0,1,-2,-2,NA,NA,NA,NA,NA,NA,NA,NA,NA,NA,NA,NA,"G5"
"2032","Arkansas State","fbs","Sun Belt",2014,538142,"Luke Ferguson",1,1,11,1,4.79845916467483,4.79845916467483,4.79845916467483,24,24,24,1,1,1,1,0,0,0,0,0,0,1,24,24,NA,NA,NA,NA,NA,NA,NA,NA,NA,NA,NA,NA,"G5"
"2032","Arkansas State","fbs","Sun Belt",2014,538152,"Tres Houston",4,4,11,1,11.1634705206251,2.79086763015629,2.79086763015629,40,10,10,0.75,3,4,0.75,3,0,0,0,0.01875,0.0107142857142857,4,40,10,NA,NA,NA,NA,NA,NA,NA,NA,NA,NA,NA,NA,"G5"
"2032","Arkansas State","fbs","Sun Belt",2014,538156,"Fredi Knighten",357,11,11,32.4545454545455,64.5751531621511,0.18088278196681,5.87046846928646,2441,6.8375350140056,221.909090909091,0.436974789915966,218,357,0.610644257703081,10,0,0,0,0.504338842975207,0.264177489177489,357,2441,6.8375350140056,55,61,71,59.5,49,41,78,52,41,78,53,70,"G5"
"2032","Arkansas State","fbs","Sun Belt",2014,545944,"Brandon Cox",2,2,11,1,-1.8140357653543,-0.907017882677152,-0.907017882677152,0,0,0,0,0,2,0,0,0,0,0,0,0,2,0,0,NA,NA,NA,NA,NA,NA,NA,NA,NA,NA,NA,NA,"G5"
"2032","Arkansas State","fbs","Sun Belt",2014,545959,"Booker Mays",1,1,11,1,4.94982067452237,4.94982067452237,4.94982067452237,26,26,26,1,1,1,1,1,0,0,0,0.0325,0.0325,1,26,26,NA,NA,NA,NA,NA,NA,NA,NA,NA,NA,NA,NA,"G5"
"2032","Arkansas State","fbs","Sun Belt",2014,545962,"Dijon Paschal",2,1,11,2,12.6030186568296,6.30150932841479,12.6030186568296,93,46.5,93,1,2,2,1,2,0,0,0,0.155,0.155,2,93,46.5,NA,NA,NA,NA,NA,NA,NA,NA,NA,NA,NA,NA,"G5"
"2032","Arkansas State","fbs","Sun Belt",2014,3123714,"Blake Mack",1,1,11,1,3.98679423201642,3.98679423201642,3.98679423201642,47,47,47,1,1,1,1,1,0,0,0,0.05875,0.05875,1,47,47,NA,NA,NA,NA,NA,NA,NA,NA,NA,NA,NA,NA,"G5"
"204","Oregon State","fbs","Pac-12",2014,504786,"Sean Mannion",393,11,11,35.7272727272727,56.5506231685207,0.143894715441529,5.14096574259279,2737,6.96437659033079,248.818181818182,0.440203562340967,251,393,0.638676844783715,12,0,0,0,0.574195804195804,0.324545454545455,393,2737,6.96437659033079,62,71,85,55,35,25,74,29,25,74,31,38,"P5"
"204","Oregon State","fbs","Pac-12",2014,546362,"Luke Del Rio",18,3,11,6,1.85882827671347,0.103268237595193,0.619609425571158,141,7.83333333333333,47,0.277777777777778,8,18,0.444444444444444,0,0,0,0,0,0,18,141,7.83333333333333,NA,NA,NA,NA,NA,NA,NA,NA,NA,NA,NA,NA,"P5"
"204","Oregon State","fbs","Pac-12",2014,552126,"Jordan Villamin",1,1,11,1,6.38019673522809,6.38019673522809,6.38019673522809,72,72,72,1,1,1,1,1,0,0,0,0.09,0.09,1,72,72,NA,NA,NA,NA,NA,NA,NA,NA,NA,NA,NA,NA,"P5"
"2050","Ball State","fbs","Mid-American",2014,531552,"Ozzie Mann",118,5,10,23.6,35.1394802939924,0.297792205881292,7.02789605879849,812,6.88135593220339,162.4,0.483050847457627,72,118,0.610169491525424,7,0,0,0,0.35525,0.236833333333333,118,812,6.88135593220339,NA,NA,NA,NA,NA,NA,NA,NA,NA,NA,NA,NA,"G5"
"2050","Ball State","fbs","Mid-American",2014,546005,"Jack Milas",203,6,10,33.8333333333333,24.8167426897729,0.122249963989029,4.13612378162881,1269,6.2512315270936,211.5,0.423645320197044,114,203,0.561576354679803,8,0,0,0,0.47,0.302142857142857,203,1269,6.2512315270936,99,84,91,76,98,109,102,57,109,102,62,47,"G5"
"2050","Ball State","fbs","Mid-American",2014,3125731,"Corey Lacanaria",1,1,10,1,-1.28075749728429,-1.28075749728429,-1.28075749728429,7,7,7,0,1,1,1,0,0,0,0,0,0,1,7,7,NA,NA,NA,NA,NA,NA,NA,NA,NA,NA,NA,NA,"G5"
"2084","Buffalo","fbs","Mid-American",2014,513614,"Joe Licata",269,9,9,29.8888888888889,97.1585806005185,0.361184314500069,10.7953978445021,2002,7.44237918215613,222.444444444444,0.479553903345725,181,269,0.672862453531598,19,0,0,0,0.528305555555556,0.377361111111111,269,2002,7.44237918215613,29,21,14,32,16,67,49,51,67,49,41,26,"G5"
"2084","Buffalo","fbs","Mid-American",2014,513615,"Tony Daniel",11,3,9,3.66666666666667,15.311545591992,1.39195869018109,5.10384853066401,116,10.5454545454545,38.6666666666667,0.545454545454545,7,11,0.636363636363636,1,0,0,0,0.0483333333333333,0.0241666666666667,11,116,10.5454545454545,NA,NA,NA,NA,NA,NA,NA,NA,NA,NA,NA,NA,"G5"
"2084","Buffalo","fbs","Mid-American",2014,513639,"Ron Willoughby",2,2,9,1,2.37297569462038,1.18648784731019,1.18648784731019,42,21,21,0.5,1,2,0.5,1,0,0,0,0.02625,0.0175,2,42,21,NA,NA,NA,NA,NA,NA,NA,NA,NA,NA,NA,NA,"G5"
"2084","Buffalo","fbs","Mid-American",2014,513640,"Matt Weiser",1,1,9,1,6.14634455600024,6.14634455600024,6.14634455600024,33,33,33,1,1,1,1,1,0,0,0,0.04125,0.04125,1,33,33,NA,NA,NA,NA,NA,NA,NA,NA,NA,NA,NA,NA,"G5"
"2084","Buffalo","fbs","Mid-American",2014,531953,"Jordan Johnson",1,1,9,1,-2.58346061023602,-2.58346061023602,-2.58346061023602,0,0,0,0,0,1,0,0,0,0,0,0,0,1,0,0,NA,NA,NA,NA,NA,NA,NA,NA,NA,NA,NA,NA,"G5"
"2084","Buffalo","fbs","Mid-American",2014,531956,"Marcus McGill",1,1,9,1,1.23446631409923,1.23446631409923,1.23446631409923,26,26,26,1,1,1,1,0,0,0,0,0,0,1,26,26,NA,NA,NA,NA,NA,NA,NA,NA,NA,NA,NA,NA,"G5"
"2084","Buffalo","fbs","Mid-American",2014,531958,"Devin Campbell",2,1,9,2,4.85059121406572,2.42529560703286,4.85059121406572,30,15,30,1,2,2,1,2,0,0,0,0.05,0.05,2,30,15,NA,NA,NA,NA,NA,NA,NA,NA,NA,NA,NA,NA,"G5"
"2084","Buffalo","fbs","Mid-American",2014,550993,"Jacob Martinez",1,1,9,1,4.24426946505133,4.24426946505133,4.24426946505133,17,17,17,1,1,1,1,1,0,0,0,0.02125,0.02125,1,17,17,NA,NA,NA,NA,NA,NA,NA,NA,NA,NA,NA,NA,"G5"
"21","San Diego State","fbs","Mountain West",2014,518181,"Adam Roberts",1,1,11,1,3.62955725873743,3.62955725873743,3.62955725873743,14,14,14,1,1,1,1,1,0,0,0,0.0175,0.0175,1,14,14,NA,NA,NA,NA,NA,NA,NA,NA,NA,NA,NA,NA,"G5"
"21","San Diego State","fbs","Mountain West",2014,534185,"Lloyd Mills",1,1,11,1,-0.0455904799156963,-0.0455904799156963,-0.0455904799156963,15,15,15,1,1,1,1,0,0,0,0,0,0,1,15,15,NA,NA,NA,NA,NA,NA,NA,NA,NA,NA,NA,NA,"G5"
"21","San Diego State","fbs","Mountain West",2014,547570,"Quinn Kaehler",241,10,11,24.1,47.6361733827286,0.197660470467753,4.76361733827286,1794,7.44398340248963,179.4,0.431535269709544,139,241,0.576763485477178,7,0,0,0,0.3924375,0.184676470588235,241,1794,7.44398340248963,72,73,65,64,87,82,48,90,82,48,92,98,"G5"
"21","San Diego State","fbs","Mountain West",2014,547571,"Donnel Pumphrey",2,2,11,1,-1.38807319297976,-0.694036596489879,-0.694036596489879,0,0,0,0,0,2,0,0,0,0,0,0,0,2,0,0,NA,NA,NA,NA,NA,NA,NA,NA,NA,NA,NA,NA,"G5"
"21","San Diego State","fbs","Mountain West",2014,3125232,"Nick Bawden",36,3,11,12,-6.3954905686223,-0.177652515795064,-2.13183018954077,147,4.08333333333333,49,0.333333333333333,13,36,0.361111111111111,1,0,0,0,0.06125,0.030625,36,147,4.08333333333333,NA,NA,NA,NA,NA,NA,NA,NA,NA,NA,NA,NA,"G5"
"2116","UCF","fbs","American Athletic",2014,509246,"Josh Reese",2,2,11,1,8.95838811158136,4.47919405579068,4.47919405579068,87,43.5,43.5,1,2,2,1,2,0,0,0,0.0725,0.054375,2,87,43.5,NA,NA,NA,NA,NA,NA,NA,NA,NA,NA,NA,NA,"G5"
"2116","UCF","fbs","American Athletic",2014,516039,"J.J. Worton",2,2,11,1,-0.151017110158415,-0.0755085550792074,-0.0755085550792074,5,2.5,2.5,0.5,1,2,0.5,1,0,0,0,0.003125,0.00208333333333333,2,5,2.5,NA,NA,NA,NA,NA,NA,NA,NA,NA,NA,NA,NA,"G5"
"2116","UCF","fbs","American Athletic",2014,531670,"Breshad Perriman",3,3,11,1,15.2176667924541,5.0725555974847,5.0725555974847,121,40.3333333333333,40.3333333333333,1,3,3,1,3,0,0,0,0.075625,0.0504166666666667,3,121,40.3333333333333,NA,NA,NA,NA,NA,NA,NA,NA,NA,NA,NA,NA,"G5"
"2116","UCF","fbs","American Athletic",2014,531755,"Nick Patti",11,3,11,3.66666666666667,-0.199447397850491,-0.0181315816227719,-0.0664824659501638,52,4.72727272727273,17.3333333333333,0.363636363636364,5,11,0.454545454545455,0,0,0,0,0,0,11,52,4.72727272727273,NA,NA,NA,NA,NA,NA,NA,NA,NA,NA,NA,NA,"G5"
"2116","UCF","fbs","American Athletic",2014,551184,"Justin Holman",307,11,11,27.9090909090909,69.288638909952,0.225695892214827,6.298967173632,2298,7.48534201954397,208.909090909091,0.472312703583062,187,307,0.609120521172638,11,0,0,0,0.47875,0.261136363636364,307,2298,7.48534201954397,50,55,56,38,50,48.5,46,62,48.5,46,60,71,"G5"
"2116","UCF","fbs","American Athletic",2014,551185,"Pete DiNovo",8,1,11,8,-5.78390107608712,-0.722987634510889,-5.78390107608712,18,2.25,18,0.125,3,8,0.375,0,0,0,0,0,0,8,18,2.25,NA,NA,NA,NA,NA,NA,NA,NA,NA,NA,NA,NA,"G5"
"2117","Central Michigan","fbs","Mid-American",2014,512956,"Titus Davis",1,1,11,1,2.90271201049497,2.90271201049497,2.90271201049497,8,8,8,1,1,1,1,1,0,0,0,0.01,0.01,1,8,8,NA,NA,NA,NA,NA,NA,NA,NA,NA,NA,NA,NA,"G5"
"2117","Central Michigan","fbs","Mid-American",2014,531455,"Cooper Rush",298,11,11,27.0909090909091,131.304086566385,0.440617740155655,11.9367351423987,2483,8.33221476510067,225.727272727273,0.533557046979866,199,298,0.667785234899329,17,0,0,0,0.532967171717172,0.342621753246753,298,2483,8.33221476510067,11,15,5,4,18,37,16,44,37,16,38,36,"G5"
"213","Penn State","fbs","Big Ten",2014,518192,"Bill Belton",3,3,12,1,-2.10793439446735,-0.702644798155782,-0.702644798155782,0,0,0,0,0,3,0,0,0,0,0,0,0,3,0,0,NA,NA,NA,NA,NA,NA,NA,NA,NA,NA,NA,NA,"P5"
"213","Penn State","fbs","Big Ten",2014,545636,"D.J. Crook",9,1,12,9,4.18636340200966,0.465151489112185,4.18636340200966,57,6.33333333333333,57,0.555555555555556,6,9,0.666666666666667,1,0,0,0,0.07125,0.07125,9,57,6.33333333333333,NA,NA,NA,NA,NA,NA,NA,NA,NA,NA,NA,NA,"P5"
"213","Penn State","fbs","Big Ten",2014,552329,"Christian Hackenberg",414,12,12,34.5,26.5462504732784,0.0641213779547788,2.21218753943987,2541,6.13768115942029,211.75,0.417874396135266,232,414,0.560386473429952,7,0,0,0,0.463203125,0.195032894736842,414,2541,6.13768115942029,96,100,104,81,99,33,107,56,33,107,70,93,"P5"
"213","Penn State","fbs","Big Ten",2014,552330,"DaeSean Hamilton",1,1,12,1,3.25259789924641,3.25259789924641,3.25259789924641,10,10,10,1,1,1,1,1,0,0,0,0.0125,0.0125,1,10,10,NA,NA,NA,NA,NA,NA,NA,NA,NA,NA,NA,NA,"P5"
"2132","Cincinnati","fbs","American Athletic",2014,502335,"Munchie Legaux",74,6,11,12.3333333333333,23.0671755579247,0.311718588620604,3.84452925965412,564,7.62162162162162,94,0.554054054054054,51,74,0.689189189189189,3,0,0,0,0.17625,0.0783333333333333,74,564,7.62162162162162,NA,NA,NA,NA,NA,NA,NA,NA,NA,NA,NA,NA,"G5"
"2132","Cincinnati","fbs","American Athletic",2014,512073,"Chris Moore",4,2,11,2,24.5535820969138,6.13839552422844,12.2767910484569,287,71.75,143.5,1,4,4,1,4,0,0,0,0.287,0.239166666666667,4,287,71.75,NA,NA,NA,NA,NA,NA,NA,NA,NA,NA,NA,NA,"G5"
"2132","Cincinnati","fbs","American Athletic",2014,512086,"Shaq Washington",1,1,11,1,-0.995986527497787,-0.995986527497787,-0.995986527497787,0,0,0,0,0,1,0,0,0,0,0,0,0,1,0,0,NA,NA,NA,NA,NA,NA,NA,NA,NA,NA,NA,NA,"G5"
"2132","Cincinnati","fbs","American Athletic",2014,534259,"Gunner Kiel",319,10,11,31.9,123.144041552728,0.386031478221717,12.3144041552728,2543,7.9717868338558,254.3,0.482758620689655,197,319,0.617554858934169,22,0,0,0,0.608108695652174,0.437078125,319,2543,7.9717868338558,16,14,11,28,48,31.5,24,25,31.5,24,23,18,"G5"
"2132","Cincinnati","fbs","American Athletic",2014,552214,"Michael Colosimo",1,1,11,1,-0.129891530389704,-0.129891530389704,-0.129891530389704,3,3,3,0,1,1,1,0,0,0,0,0,0,1,3,3,NA,NA,NA,NA,NA,NA,NA,NA,NA,NA,NA,NA,"G5"
"2132","Cincinnati","fbs","American Athletic",2014,552223,"Johnny Holton",1,1,11,1,4.29538855841533,4.29538855841533,4.29538855841533,19,19,19,1,1,1,1,1,0,0,0,0.02375,0.02375,1,19,19,NA,NA,NA,NA,NA,NA,NA,NA,NA,NA,NA,NA,"G5"
"2132","Cincinnati","fbs","American Athletic",2014,3125808,"Jarred Evans",5,3,11,1.66666666666667,-4.62823243469335,-0.92564648693867,-1.54274414489778,10,2,3.33333333333333,0.2,2,5,0.4,0,0,0,0,0,0,5,10,2,NA,NA,NA,NA,NA,NA,NA,NA,NA,NA,NA,NA,"G5"
"218","Temple","fbs","American Athletic",2014,500975,"Connor Reilly",12,3,11,4,-5.80897680031968,-0.48408140002664,-1.93632560010656,25,2.08333333333333,8.33333333333333,0.166666666666667,4,12,0.333333333333333,0,0,0,0,0,0,12,25,2.08333333333333,NA,NA,NA,NA,NA,NA,NA,NA,NA,NA,NA,NA,"G5"
"218","Temple","fbs","American Athletic",2014,513398,"Jalen Fitzpatrick",2,2,11,1,5.76373159555578,2.88186579777789,2.88186579777789,44,22,22,1,2,2,1,1,0,0,0,0.0275,0.0183333333333333,2,44,22,NA,NA,NA,NA,NA,NA,NA,NA,NA,NA,NA,NA,"G5"
"218","Temple","fbs","American Athletic",2014,547197,"Keith Kirkwood",1,1,11,1,5.19555946653923,5.19555946653923,5.19555946653923,39,39,39,1,1,1,1,1,0,0,0,0.04875,0.04875,1,39,39,NA,NA,NA,NA,NA,NA,NA,NA,NA,NA,NA,NA,"G5"
"218","Temple","fbs","American Athletic",2014,549759,"P.J. Walker",350,11,11,31.8181818181818,-12.0598128770289,-0.0344566082200827,-1.09634662518445,2108,6.02285714285714,191.636363636364,0.36,190,350,0.542857142857143,8,0,0,0,0.425858585858586,0.201722488038278,350,2108,6.02285714285714,118,118,118,114,108,60,109,79,60,109,85,91,"G5"
"218","Temple","fbs","American Athletic",2014,549766,"Jahad Thomas",1,1,11,1,4.68077004318687,4.68077004318687,4.68077004318687,20,20,20,1,1,1,1,1,0,0,0,0.025,0.025,1,20,20,NA,NA,NA,NA,NA,NA,NA,NA,NA,NA,NA,NA,"G5"
"2199","Eastern Michigan","fbs","Mid-American",2014,501541,"Rob Bolden",90,6,11,15,-16.2737288489542,-0.180819209432824,-2.71228814149236,399,4.43333333333333,66.5,0.255555555555556,41,90,0.455555555555556,4,0,0,0,0.133,0.0665,90,399,4.43333333333333,NA,NA,NA,NA,NA,NA,NA,NA,NA,NA,NA,NA,"G5"
"2199","Eastern Michigan","fbs","Mid-American",2014,552782,"Brogan Roback",27,2,11,13.5,-9.73443631818441,-0.360534678451274,-4.8672181590922,85,3.14814814814815,42.5,0.259259259259259,14,27,0.518518518518518,0,0,0,0,0,0,27,85,3.14814814814815,NA,NA,NA,NA,NA,NA,NA,NA,NA,NA,NA,NA,"G5"
"2199","Eastern Michigan","fbs","Mid-American",2014,3125823,"Reginald Bell",162,7,11,23.1428571428571,49.1426328699457,0.303349585616948,7.02037612427795,1229,7.58641975308642,175.571428571429,0.469135802469136,94,162,0.580246913580247,9,0,0,0,0.395035714285714,0.246897321428571,162,1229,7.58641975308642,69,47,34,42,83,112,40,93,112,40,90,77,"G5"
"221","Pittsburgh","fbs","ACC",2014,511640,"Isaac Bennett",1,1,10,1,5.03119879425844,5.03119879425844,5.03119879425844,35,35,35,1,1,1,1,1,0,0,0,0.04375,0.04375,1,35,35,NA,NA,NA,NA,NA,NA,NA,NA,NA,NA,NA,NA,"P5"
"221","Pittsburgh","fbs","ACC",2014,519055,"Trey Anderson",14,1,10,14,2.48905849082187,0.177789892201562,2.48905849082187,100,7.14285714285714,100,0.428571428571429,7,14,0.5,0,0,0,0,0,0,14,100,7.14285714285714,NA,NA,NA,NA,NA,NA,NA,NA,NA,NA,NA,NA,"P5"
"221","Pittsburgh","fbs","ACC",2014,530441,"J.P. Holtz",1,1,10,1,3.44913378337691,3.44913378337691,3.44913378337691,6,6,6,1,1,1,1,1,0,0,0,0.0075,0.0075,1,6,6,NA,NA,NA,NA,NA,NA,NA,NA,NA,NA,NA,NA,"P5"
"221","Pittsburgh","fbs","ACC",2014,530450,"Chad Voytik",213,10,10,21.3,60.6441181240441,0.284714169596451,6.06441181240441,1767,8.29577464788732,176.7,0.507042253521127,137,213,0.643192488262911,9,0,0,0,0.397575,0.20925,213,1767,8.29577464788732,59,59,39,16.5,30,85.5,17,91,85.5,17,89,86,"P5"
"221","Pittsburgh","fbs","ACC",2014,546650,"Tyler Boyd",3,3,10,1,8.50294497611606,2.83431499203869,2.83431499203869,91,30.3333333333333,30.3333333333333,1,3,3,1,2,0,0,0,0.0505555555555556,0.0303333333333333,3,91,30.3333333333333,NA,NA,NA,NA,NA,NA,NA,NA,NA,NA,NA,NA,"P5"
"2226","Florida Atlantic","fbs","Conference USA",2014,537395,"Dalton Schomp",1,1,9,1,4.43561764987653,4.43561764987653,4.43561764987653,16,16,16,1,1,1,1,0,0,0,0,0,0,1,16,16,NA,NA,NA,NA,NA,NA,NA,NA,NA,NA,NA,NA,"G5"
"2226","Florida Atlantic","fbs","Conference USA",2014,550873,"Greg Hankerson",41,4,9,10.25,-11.9732145549159,-0.292029623290631,-2.99330363872896,154,3.75609756097561,38.5,0.268292682926829,21,41,0.51219512195122,1,0,0,0,0.048125,0.01925,41,154,3.75609756097561,NA,NA,NA,NA,NA,NA,NA,NA,NA,NA,NA,NA,"G5"
"2226","Florida Atlantic","fbs","Conference USA",2014,550876,"Jaquez Johnson",225,8,9,28.125,49.1200317843612,0.218311252374939,6.14000397304515,1630,7.24444444444444,203.75,0.426666666666667,129,225,0.573333333333333,11,0,0,0,0.466927083333333,0.294901315789474,225,1630,7.24444444444444,70,58,59,70,89,94,62,68,94,62,64,54,"G5"
"2229","Florida International","fbs","Conference USA",2014,536571,"E.J. Hilliard",21,3,9,7,3.43057343346274,0.163360639688702,1.14352447782091,129,6.14285714285714,43,0.476190476190476,14,21,0.666666666666667,1,0,0,0,0.05375,0.026875,21,129,6.14285714285714,NA,NA,NA,NA,NA,NA,NA,NA,NA,NA,NA,NA,"G5"
"2229","Florida International","fbs","Conference USA",2014,551279,"Jonnu Smith",1,1,9,1,6.11565689301899,6.11565689301899,6.11565689301899,22,22,22,1,1,1,1,1,0,0,0,0.0275,0.0275,1,22,22,NA,NA,NA,NA,NA,NA,NA,NA,NA,NA,NA,NA,"G5"
"2229","Florida International","fbs","Conference USA",2014,3128843,"Alex McGough",188,9,9,20.8888888888889,1.73572187454411,0.00923256316246867,0.192857986060457,1233,6.55851063829787,137,0.345744680851064,100,188,0.531914893617021,8,0,0,0,0.304444444444444,0.161176470588235,188,1233,6.55851063829787,114,114,114,118,113,111,88,111,111,88,109,105,"G5"
"2247","Georgia State","fbs","Sun Belt",2014,513425,"Ronnie Bell",11,4,10,2.75,-0.761867756891917,-0.0692607051719925,-0.190466939222979,29,2.63636363636364,7.25,0.272727272727273,3,11,0.272727272727273,0,0,0,0,0,0,11,29,2.63636363636364,NA,NA,NA,NA,NA,NA,NA,NA,NA,NA,NA,NA,"G5"
"2247","Georgia State","fbs","Sun Belt",2014,513848,"Lynquez Blair",1,1,10,1,-0.944367643800297,-0.944367643800297,-0.944367643800297,0,0,0,0,0,1,0,0,0,0,0,0,0,1,0,0,NA,NA,NA,NA,NA,NA,NA,NA,NA,NA,NA,NA,"G5"
"2247","Georgia State","fbs","Sun Belt",2014,513860,"Ben McLane",2,1,10,2,4.41031382125484,2.20515691062742,4.41031382125484,36,18,36,1,2,2,1,0,0,0,0,0,0,2,36,18,NA,NA,NA,NA,NA,NA,NA,NA,NA,NA,NA,NA,"G5"
"2247","Georgia State","fbs","Sun Belt",2014,514978,"Donovan Harden",3,1,10,3,14.9467799193535,4.98225997311785,14.9467799193535,130,43.3333333333333,130,1,3,3,1,3,0,0,0,0.24375,0.24375,3,130,43.3333333333333,NA,NA,NA,NA,NA,NA,NA,NA,NA,NA,NA,NA,"G5"
"2247","Georgia State","fbs","Sun Belt",2014,3124848,"Nick Arbuckle",327,10,10,32.7,113.702874206116,0.347715211639498,11.3702874206116,2412,7.37614678899083,241.2,0.431192660550459,202,327,0.617737003058104,14,0,0,0,0.5628,0.35175,327,2412,7.37614678899083,20,18,19,65,47,43,53,33,43,53,33,31,"G5"
"228","Clemson","fbs","ACC",2014,505313,"David Olson",2,1,11,2,-1.75467164925341,-0.877335824626705,-1.75467164925341,-1,-0.5,-1,0,1,2,0.5,0,0,0,0,0,0,2,-1,-0.5,NA,NA,NA,NA,NA,NA,NA,NA,NA,NA,NA,NA,"P5"
"228","Clemson","fbs","ACC",2014,511216,"Stanton Seckinger",1,1,11,1,2.56805264068033,2.56805264068033,2.56805264068033,19,19,19,1,1,1,1,1,0,0,0,0.02375,0.02375,1,19,19,NA,NA,NA,NA,NA,NA,NA,NA,NA,NA,NA,NA,"P5"
"228","Clemson","fbs","ACC",2014,512052,"Cole Stoudt",223,11,11,20.2727272727273,2.4405168289961,0.010944021654691,0.221865166272373,1238,5.55156950672646,112.545454545455,0.376681614349776,141,223,0.632286995515695,4,0,0,0,0.225090909090909,0.075030303030303,223,1238,5.55156950672646,113,113,113,107,36,110,115,119,110,115,119,119,"P5"
"228","Clemson","fbs","ACC",2014,537012,"Nick Schuessler",6,2,11,3,2.03492232669894,0.33915372111649,1.01746116334947,36,6,18,0.5,5,6,0.833333333333333,0,0,0,0,0,0,6,36,6,NA,NA,NA,NA,NA,NA,NA,NA,NA,NA,NA,NA,"P5"
"228","Clemson","fbs","ACC",2014,546740,"Jordan Leggett",1,1,11,1,2.57182123177301,2.57182123177301,2.57182123177301,5,5,5,1,1,1,1,1,0,0,0,0.00625,0.00625,1,5,5,NA,NA,NA,NA,NA,NA,NA,NA,NA,NA,NA,NA,"P5"
"228","Clemson","fbs","ACC",2014,3122840,"Deshaun Watson",123,7,11,17.5714285714286,71.6724817374469,0.582703103556479,10.2389259624924,1300,10.5691056910569,185.714285714286,0.504065040650406,84,123,0.682926829268293,10,0,0,0,0.422077922077922,0.273109243697479,123,1300,10.5691056910569,NA,NA,NA,NA,NA,NA,NA,NA,NA,NA,NA,NA,"P5"
"2294","Iowa","fbs","Big Ten",2014,518380,"Jake Rudock",287,10,11,28.7,55.7657760718221,0.194305839971506,5.57657760718221,2038,7.10104529616725,203.8,0.418118466898955,178,287,0.620209059233449,12,0,0,0,0.470307692307692,0.277909090909091,287,2038,7.10104529616725,63,64,66,80,46,65,66,67,65,66,61,62,"P5"
"2294","Iowa","fbs","Big Ten",2014,518414,"Jake Duzey",1,1,11,1,3.2546323526485,3.2546323526485,3.2546323526485,12,12,12,1,1,1,1,1,0,0,0,0.015,0.015,1,12,12,NA,NA,NA,NA,NA,NA,NA,NA,NA,NA,NA,NA,"P5"
"2294","Iowa","fbs","Big Ten",2014,535844,"C.J. Beathard",66,7,11,9.42857142857143,9.68099119392409,0.146681684756426,1.38299874198916,476,7.21212121212121,68,0.378787878787879,38,66,0.575757575757576,2,0,0,0,0.113333333333333,0.0377777777777778,66,476,7.21212121212121,NA,NA,NA,NA,NA,NA,NA,NA,NA,NA,NA,NA,"P5"
"2294","Iowa","fbs","Big Ten",2014,545369,"Andrew Stone",1,1,11,1,5.55399597670825,5.55399597670825,5.55399597670825,24,24,24,1,1,1,1,1,0,0,0,0.03,0.03,1,24,24,NA,NA,NA,NA,NA,NA,NA,NA,NA,NA,NA,NA,"P5"
"2294","Iowa","fbs","Big Ten",2014,545371,"Damond Powell",1,1,11,1,4.72239792167444,4.72239792167444,4.72239792167444,72,72,72,1,1,1,1,1,0,0,0,0.09,0.09,1,72,72,NA,NA,NA,NA,NA,NA,NA,NA,NA,NA,NA,NA,"P5"
"23","San José State","fbs","Mountain West",2014,499830,"Blake Jurich",66,3,10,22,1.98500575901345,0.0300758448335371,0.661668586337817,422,6.39393939393939,140.666666666667,0.348484848484849,37,66,0.560606060606061,2,0,0,0,0.234444444444444,0.140666666666667,66,422,6.39393939393939,NA,NA,NA,NA,NA,NA,NA,NA,NA,NA,NA,NA,"G5"
"23","San José State","fbs","Mountain West",2014,512675,"Joe Gray",268,9,10,29.7777777777778,91.1768932227668,0.340212288144652,10.1307659136408,1976,7.37313432835821,219.555555555556,0.485074626865672,181,268,0.675373134328358,8,0,0,0,0.487901234567901,0.258300653594771,268,1976,7.37313432835821,35,22,25,25,12,68,55,53,68,55,55,72,"G5"
"23","San José State","fbs","Mountain West",2014,520582,"Chris Kearney",1,1,10,1,-1.06640820429048,-1.06640820429048,-1.06640820429048,0,0,0,0,0,1,0,0,0,0,0,0,0,1,0,0,NA,NA,NA,NA,NA,NA,NA,NA,NA,NA,NA,NA,"G5"
"23","San José State","fbs","Mountain West",2014,3125299,"Mitch Ravizza",23,2,10,11.5,-9.35695853302619,-0.406824284044617,-4.6784792665131,61,2.65217391304348,30.5,0.217391304347826,14,23,0.608695652173913,0,0,0,0,0,0,23,61,2.65217391304348,NA,NA,NA,NA,NA,NA,NA,NA,NA,NA,NA,NA,"G5"
"2305","Kansas","fbs","Big 12",2014,501554,"Justin McCay",1,1,11,1,4.46747457278973,4.46747457278973,4.46747457278973,16,16,16,1,1,1,1,1,0,0,0,0.02,0.02,1,16,16,NA,NA,NA,NA,NA,NA,NA,NA,NA,NA,NA,NA,"P5"
"2305","Kansas","fbs","Big 12",2014,502755,"Jimmay Mundine",1,1,11,1,2.97279959062213,2.97279959062213,2.97279959062213,21,21,21,1,1,1,1,1,0,0,0,0.02625,0.02625,1,21,21,NA,NA,NA,NA,NA,NA,NA,NA,NA,NA,NA,NA,"P5"
"2305","Kansas","fbs","Big 12",2014,504562,"Nick Harwell",1,1,11,1,1.12893801175822,1.12893801175822,1.12893801175822,1,1,1,1,1,1,1,1,0,0,0,0.00125,0.00125,1,1,1,NA,NA,NA,NA,NA,NA,NA,NA,NA,NA,NA,NA,"P5"
"2305","Kansas","fbs","Big 12",2014,530978,"T.J. Millweard",3,3,11,1,4.59133426766555,1.53044475588852,1.53044475588852,14,4.66666666666667,4.66666666666667,0.333333333333333,2,3,0.666666666666667,0,0,0,0,0,0,3,14,4.66666666666667,NA,NA,NA,NA,NA,NA,NA,NA,NA,NA,NA,NA,"P5"
"2305","Kansas","fbs","Big 12",2014,535521,"Michael Cummings",235,9,11,26.1111111111111,47.0268055683471,0.200114066248285,5.22520061870523,1677,7.13617021276596,186.333333333333,0.417021276595745,134,235,0.570212765957447,6,0,0,0,0.399285714285714,0.186333333333333,235,1677,7.13617021276596,75,70,64,84,91,91,64,85,91,64,87,96,"P5"
"2305","Kansas","fbs","Big 12",2014,545417,"Montell Cozart",97,5,11,19.4,-12.0409269359952,-0.124133267381394,-2.40818538719904,505,5.20618556701031,101,0.278350515463918,52,97,0.536082474226804,2,0,0,0,0.168333333333333,0.0721428571428571,97,505,5.20618556701031,NA,NA,NA,NA,NA,NA,NA,NA,NA,NA,NA,NA,"P5"
"2305","Kansas","fbs","Big 12",2014,3133361,"Joe Dineen Jr.",1,1,11,1,-0.331655441388541,-0.331655441388541,-0.331655441388541,5,5,5,0,1,1,1,0,0,0,0,0,0,1,5,5,NA,NA,NA,NA,NA,NA,NA,NA,NA,NA,NA,NA,"P5"
"2306","Kansas State","fbs","Big 12",2014,515181,"Tyler Lockett",1,1,11,1,3.16806613875154,3.16806613875154,3.16806613875154,9,9,9,1,1,1,1,1,0,0,0,0.01125,0.01125,1,9,9,NA,NA,NA,NA,NA,NA,NA,NA,NA,NA,NA,NA,"P5"
"2306","Kansas State","fbs","Big 12",2014,517248,"Joe Hubener",14,4,11,3.5,11.2911269449666,0.806509067497617,2.82278173624166,220,15.7142857142857,55,0.571428571428571,8,14,0.571428571428571,0,0,0,0,0,0,14,220,15.7142857142857,NA,NA,NA,NA,NA,NA,NA,NA,NA,NA,NA,NA,"P5"
"2306","Kansas State","fbs","Big 12",2014,534613,"Glenn Gronkowski",1,1,11,1,5.12709011407405,5.12709011407405,5.12709011407405,62,62,62,1,1,1,1,1,0,0,0,0.0775,0.0775,1,62,62,NA,NA,NA,NA,NA,NA,NA,NA,NA,NA,NA,NA,"P5"
"2306","Kansas State","fbs","Big 12",2014,550158,"Jake Waters",314,11,11,28.5454545454545,155.001240336283,0.49363452336396,14.091021848753,2869,9.13694267515924,260.818181818182,0.522292993630573,210,314,0.668789808917197,16,0,0,0,0.613689839572193,0.386397306397306,314,2869,9.13694267515924,7,9,3,6,17,20,4,20,20,4,21,25,"P5"
"2309","Kent State","fbs","Mid-American",2014,531864,"Colin Reardon",385,11,11,35,51.4488721928042,0.133633434267024,4.67717019934584,2451,6.36623376623377,222.818181818182,0.412987012987013,228,385,0.592207792207792,14,0,0,0,0.519909090909091,0.311945454545455,385,2451,6.36623376623377,67,74,87,87,73,40,96,50,40,96,46,43,"G5"
"2309","Kent State","fbs","Mid-American",2014,546030,"Jack Williams",1,1,11,1,-0.934544945668712,-0.934544945668712,-0.934544945668712,0,0,0,0,0,1,0,0,0,0,0,0,0,1,0,0,NA,NA,NA,NA,NA,NA,NA,NA,NA,NA,NA,NA,"G5"
"2309","Kent State","fbs","Mid-American",2014,550246,"Nathan Strock",39,6,11,6.5,-13.5582637284987,-0.347647787910223,-2.25971062141645,104,2.66666666666667,17.3333333333333,0.256410256410256,16,39,0.41025641025641,2,0,0,0,0.0288888888888889,0.0108333333333333,39,104,2.66666666666667,NA,NA,NA,NA,NA,NA,NA,NA,NA,NA,NA,NA,"G5"
"2309","Kent State","fbs","Mid-American",2014,550339,"Nick Holley",1,1,11,1,-0.81222962505205,-0.81222962505205,-0.81222962505205,0,0,0,0,0,1,0,0,0,0,0,0,0,1,0,0,NA,NA,NA,NA,NA,NA,NA,NA,NA,NA,NA,NA,"G5"
"2348","Louisiana Tech","fbs","Conference USA",2014,505012,"Taylor Burch",6,3,11,2,-3.59932998334077,-0.599888330556796,-1.19977666111359,26,4.33333333333333,8.66666666666667,0.333333333333333,4,6,0.666666666666667,0,0,0,0,0,0,6,26,4.33333333333333,NA,NA,NA,NA,NA,NA,NA,NA,NA,NA,NA,NA,"G5"
"2348","Louisiana Tech","fbs","Conference USA",2014,530696,"Cody Sokol",345,11,11,31.3636363636364,107.052638684879,0.310297503434433,9.73205806226176,2679,7.76521739130435,243.545454545455,0.472463768115942,206,345,0.597101449275362,26,0,0,0,0.586313131313131,0.427850122850123,345,2679,7.76521739130435,23,26,30,37,66,27,32,31,27,32,30,21,"G5"
"2348","Louisiana Tech","fbs","Conference USA",2014,531316,"Ryan Higgins",10,4,11,2.5,0.173369173960856,0.0173369173960856,0.043342293490214,69,6.9,17.25,0.5,6,10,0.6,0,0,0,0,0,0,10,69,6.9,NA,NA,NA,NA,NA,NA,NA,NA,NA,NA,NA,NA,"G5"
"2348","Louisiana Tech","fbs","Conference USA",2014,545677,"Trent Taylor",1,1,11,1,1.73393592220241,1.73393592220241,1.73393592220241,12,12,12,1,1,1,1,1,0,0,0,0.015,0.015,1,12,12,NA,NA,NA,NA,NA,NA,NA,NA,NA,NA,NA,NA,"G5"
"235","Memphis","fbs","American Athletic",2014,501534,"Keiwone Malone",3,2,11,1.5,5.25679775070909,1.75226591690303,2.62839887535454,15,5,7.5,0.666666666666667,2,3,0.666666666666667,2,0,0,0,0.0125,0.009375,3,15,5,NA,NA,NA,NA,NA,NA,NA,NA,NA,NA,NA,NA,"G5"
"235","Memphis","fbs","American Athletic",2014,503360,"Brandon Hayes",3,3,11,1,9.64952530037488,3.21650843345829,3.21650843345829,46,15.3333333333333,15.3333333333333,1,3,3,1,3,0,0,0,0.02875,0.0191666666666667,3,46,15.3333333333333,NA,NA,NA,NA,NA,NA,NA,NA,NA,NA,NA,NA,"G5"
"235","Memphis","fbs","American Athletic",2014,518910,"Tevin Jones",1,1,11,1,3.1750891933766,3.1750891933766,3.1750891933766,12,12,12,1,1,1,1,1,0,0,0,0.015,0.015,1,12,12,NA,NA,NA,NA,NA,NA,NA,NA,NA,NA,NA,NA,"G5"
"235","Memphis","fbs","American Athletic",2014,534842,"Mose Frazier",1,1,11,1,4.25131477369561,4.25131477369561,4.25131477369561,42,42,42,1,1,1,1,1,0,0,0,0.0525,0.0525,1,42,42,NA,NA,NA,NA,NA,NA,NA,NA,NA,NA,NA,NA,"G5"
"235","Memphis","fbs","American Athletic",2014,534849,"Paxton Lynch",326,11,11,29.6363636363636,25.1376307291804,0.0771092967152772,2.28523915719822,2319,7.11349693251534,210.818181818182,0.447852760736196,206,326,0.631901840490798,7,0,0,0,0.461164772727273,0.204962121212121,326,2319,7.11349693251534,98,99,101,50,37,47,65,59,47,65,71,88,"G5"
"235","Memphis","fbs","American Athletic",2014,549515,"Adrian Henderson",1,1,11,1,4.0424040349434,4.0424040349434,4.0424040349434,29,29,29,1,1,1,1,1,0,0,0,0.03625,0.03625,1,29,29,NA,NA,NA,NA,NA,NA,NA,NA,NA,NA,NA,NA,"G5"
"235","Memphis","fbs","American Athletic",2014,3126208,"Jason Stewart",4,1,11,4,2.70231257348849,0.675578143372121,2.70231257348849,45,11.25,45,0.75,3,4,0.75,1,0,0,0,0.05625,0.05625,4,45,11.25,NA,NA,NA,NA,NA,NA,NA,NA,NA,NA,NA,NA,"G5"
"235","Memphis","fbs","American Athletic",2014,3126227,"Phil Mayhue",1,1,11,1,1.94914504884729,1.94914504884729,1.94914504884729,21,21,21,1,1,1,1,1,0,0,0,0.02625,0.02625,1,21,21,NA,NA,NA,NA,NA,NA,NA,NA,NA,NA,NA,NA,"G5"
"238","Vanderbilt","fbs","SEC",2014,511336,"Josh Grady",1,1,11,1,-0.734781473397229,-0.734781473397229,-0.734781473397229,0,0,0,0,0,1,0,0,0,0,0,0,0,1,0,0,NA,NA,NA,NA,NA,NA,NA,NA,NA,NA,NA,NA,"P5"
"238","Vanderbilt","fbs","SEC",2014,511340,"Kris Kentera",1,1,11,1,3.08962215238167,3.08962215238167,3.08962215238167,7,7,7,1,1,1,1,1,0,0,0,0.00875,0.00875,1,7,7,NA,NA,NA,NA,NA,NA,NA,NA,NA,NA,NA,NA,"P5"
"238","Vanderbilt","fbs","SEC",2014,511347,"Steven Scheu",1,1,11,1,3.90879885422917,3.90879885422917,3.90879885422917,36,36,36,1,1,1,1,1,0,0,0,0.045,0.045,1,36,36,NA,NA,NA,NA,NA,NA,NA,NA,NA,NA,NA,NA,"P5"
"238","Vanderbilt","fbs","SEC",2014,517211,"Stephen Rivers",61,4,11,15.25,-11.2818263961585,-0.184947973707517,-2.82045659903963,322,5.27868852459016,80.5,0.311475409836066,24,61,0.39344262295082,0,0,0,0,0,0,61,322,5.27868852459016,NA,NA,NA,NA,NA,NA,NA,NA,NA,NA,NA,NA,"P5"
"238","Vanderbilt","fbs","SEC",2014,532000,"Patton Robinette",61,6,11,10.1666666666667,7.83428619901461,0.128430921295321,1.30571436650243,410,6.72131147540984,68.3333333333333,0.475409836065574,40,61,0.655737704918033,1,0,0,0,0.0854166666666667,0.0244047619047619,61,410,6.72131147540984,NA,NA,NA,NA,NA,NA,NA,NA,NA,NA,NA,NA,"P5"
"238","Vanderbilt","fbs","SEC",2014,546184,"Johnny McCrary",135,6,11,22.5,22.3060396957464,0.165229923672196,3.7176732826244,806,5.97037037037037,134.333333333333,0.377777777777778,69,135,0.511111111111111,8,0,0,0,0.298518518518518,0.191904761904762,135,806,5.97037037037037,NA,NA,NA,NA,NA,NA,NA,NA,NA,NA,NA,NA,"P5"
"238","Vanderbilt","fbs","SEC",2014,549973,"C.J. Duncan",1,1,11,1,2.9189347630975,2.9189347630975,2.9189347630975,8,8,8,1,1,1,1,1,0,0,0,0.01,0.01,1,8,8,NA,NA,NA,NA,NA,NA,NA,NA,NA,NA,NA,NA,"P5"
"238","Vanderbilt","fbs","SEC",2014,3122157,"Wade Freebeck",59,4,11,14.75,-1.26778488550932,-0.0214878794154122,-0.31694622137733,349,5.91525423728814,87.25,0.322033898305085,28,59,0.474576271186441,0,0,0,0,0,0,59,349,5.91525423728814,NA,NA,NA,NA,NA,NA,NA,NA,NA,NA,NA,NA,"P5"
"239","Baylor","fbs","Big 12",2014,480746,"Bryce Petty",362,11,11,32.9090909090909,110.360912401567,0.304864398899357,10.0328102183243,3140,8.67403314917127,285.454545454545,0.5,227,362,0.62707182320442,20,0,0,0,0.67965367965368,0.460410557184751,362,3140,8.67403314917127,21,23,33,19,40,10,9,10,10,9,11,13,"P5"
"239","Baylor","fbs","Big 12",2014,502261,"Antwan Goodley",2,2,11,1,5.44174788186582,2.72087394093291,2.72087394093291,39,19.5,19.5,1,2,2,1,2,0,0,0,0.0325,0.024375,2,39,19.5,NA,NA,NA,NA,NA,NA,NA,NA,NA,NA,NA,NA,"P5"
"239","Baylor","fbs","Big 12",2014,502274,"Levi Norwood",2,2,11,1,6.32796421261122,3.16398210630561,3.16398210630561,37,18.5,18.5,1,2,2,1,2,0,0,0,0.0308333333333333,0.023125,2,37,18.5,NA,NA,NA,NA,NA,NA,NA,NA,NA,NA,NA,NA,"P5"
"239","Baylor","fbs","Big 12",2014,535497,"Corey Coleman",3,3,11,1,10.7969989043607,3.59899963478689,3.59899963478689,107,35.6666666666667,35.6666666666667,1,3,3,1,3,0,0,0,0.066875,0.0445833333333333,3,107,35.6666666666667,NA,NA,NA,NA,NA,NA,NA,NA,NA,NA,NA,NA,"P5"
"239","Baylor","fbs","Big 12",2014,535511,"Seth Russell",57,7,11,8.14285714285714,2.07904222406675,0.0364744249836273,0.297006032009536,339,5.94736842105263,48.4285714285714,0.421052631578947,31,57,0.543859649122807,2,0,0,0,0.0807142857142857,0.0269047619047619,57,339,5.94736842105263,NA,NA,NA,NA,NA,NA,NA,NA,NA,NA,NA,NA,"P5"
"239","Baylor","fbs","Big 12",2014,550004,"Chris Johnson",1,1,11,1,1.98718802426828,1.98718802426828,1.98718802426828,28,28,28,1,1,1,1,0,0,0,0,0,0,1,28,28,NA,NA,NA,NA,NA,NA,NA,NA,NA,NA,NA,NA,"P5"
"2390","Miami","fbs","ACC",2014,501147,"Clive Walford",1,1,11,1,4.2383356798058,4.2383356798058,4.2383356798058,61,61,61,1,1,1,1,1,0,0,0,0.07625,0.07625,1,61,61,NA,NA,NA,NA,NA,NA,NA,NA,NA,NA,NA,NA,"P5"
"2390","Miami","fbs","ACC",2014,501563,"Jake Heaps",4,2,11,2,-2.98584800988122,-0.746462002470306,-1.49292400494061,10,2.5,5,0.25,1,4,0.25,0,0,0,0,0,0,4,10,2.5,NA,NA,NA,NA,NA,NA,NA,NA,NA,NA,NA,NA,"P5"
"2390","Miami","fbs","ACC",2014,509992,"Ryan Williams",1,1,11,1,-0.773404281473095,-0.773404281473095,-0.773404281473095,0,0,0,0,0,1,0,0,0,0,0,0,0,1,0,0,NA,NA,NA,NA,NA,NA,NA,NA,NA,NA,NA,NA,"P5"
"2390","Miami","fbs","ACC",2014,517570,"Phillip Dorsett",3,3,11,1,12.8483888528684,4.28279628428946,4.28279628428946,106,35.3333333333333,35.3333333333333,1,3,3,1,3,0,0,0,0.06625,0.0441666666666667,3,106,35.3333333333333,NA,NA,NA,NA,NA,NA,NA,NA,NA,NA,NA,NA,"P5"
"2390","Miami","fbs","ACC",2014,3123042,"Joseph Yearby",1,1,11,1,3.82823040414814,3.82823040414814,3.82823040414814,47,47,47,1,1,1,1,1,0,0,0,0.05875,0.05875,1,47,47,NA,NA,NA,NA,NA,NA,NA,NA,NA,NA,NA,NA,"P5"
"2390","Miami","fbs","ACC",2014,3123048,"Brad Kaaya",307,11,11,27.9090909090909,71.6496658364516,0.233386533669223,6.51360598513196,2543,8.28338762214984,231.181818181818,0.42671009771987,183,307,0.596091205211726,17,0,0,0,0.54584595959596,0.350900974025974,307,2543,8.28338762214984,48,53,53,69,68,31.5,18,38,31.5,18,35,32,"P5"
"2393","Middle Tennessee","fbs","Conference USA",2014,531589,"Austin Grammer",279,10,10,27.9,72.4189544487621,0.259566144977642,7.24189544487621,2102,7.53405017921147,210.2,0.451612903225806,183,279,0.655913978494624,13,0,0,0,0.487964285714286,0.297021739130435,279,2102,7.53405017921147,47,46,43,49,24,61,43,60,61,43,54,53,"G5"
"2393","Middle Tennessee","fbs","Conference USA",2014,545681,"Shane Tucker",1,1,10,1,0.701303637363397,0.701303637363397,0.701303637363397,12,12,12,1,1,1,1,0,0,0,0,0,0,1,12,12,NA,NA,NA,NA,NA,NA,NA,NA,NA,NA,NA,NA,"G5"
"24","Stanford","fbs","Pac-12",2014,516352,"Devon Cajuste",1,1,11,1,4.95350063575532,4.95350063575532,4.95350063575532,37,37,37,1,1,1,1,1,0,0,0,0.04625,0.04625,1,37,37,NA,NA,NA,NA,NA,NA,NA,NA,NA,NA,NA,NA,"P5"
"24","Stanford","fbs","Pac-12",2014,516354,"Evan Crower",7,3,11,2.33333333333333,3.50113976423424,0.500162823462034,1.16704658807808,69,9.85714285714286,23,0.428571428571429,3,7,0.428571428571429,0,0,0,0,0,0,7,69,9.85714285714286,NA,NA,NA,NA,NA,NA,NA,NA,NA,NA,NA,NA,"P5"
"24","Stanford","fbs","Pac-12",2014,516357,"Kevin Hogan",305,11,11,27.7272727272727,75.8813098990781,0.248791179996977,6.89830089991619,2325,7.62295081967213,211.363636363636,0.518032786885246,202,305,0.662295081967213,11,0,0,0,0.484375,0.264204545454545,305,2325,7.62295081967213,44,49,46,9,21,46,39,58,46,39,58,69,"P5"
"24","Stanford","fbs","Pac-12",2014,535297,"Michael Rector",1,1,11,1,3.57051179902376,3.57051179902376,3.57051179902376,22,22,22,1,1,1,1,1,0,0,0,0.0275,0.0275,1,22,22,NA,NA,NA,NA,NA,NA,NA,NA,NA,NA,NA,NA,"P5"
"242","Rice","fbs","Conference USA",2014,503438,"Mario Hull",1,1,12,1,2.62595727769289,2.62595727769289,2.62595727769289,5,5,5,1,1,1,1,1,0,0,0,0.00625,0.00625,1,5,5,NA,NA,NA,NA,NA,NA,NA,NA,NA,NA,NA,NA,"G5"
"242","Rice","fbs","Conference USA",2014,503448,"Jordan Taylor",1,1,12,1,2.41641891166101,2.41641891166101,2.41641891166101,24,24,24,1,1,1,1,1,0,0,0,0.03,0.03,1,24,24,NA,NA,NA,NA,NA,NA,NA,NA,NA,NA,NA,NA,"G5"
"242","Rice","fbs","Conference USA",2014,514894,"Driphus Jackson",292,12,12,24.3333333333333,102.683576202432,0.35165608288504,8.55696468353598,2460,8.42465753424658,205,0.452054794520548,169,292,0.578767123287671,18,0,0,0,0.485526315789474,0.3075,292,2460,8.42465753424658,26,36,17,48,85,39,14,66,39,14,57,46,"G5"
"242","Rice","fbs","Conference USA",2014,536503,"Tyler Stehling",19,4,12,4.75,6.90580927616092,0.363463646113733,1.72645231904023,159,8.36842105263158,39.75,0.473684210526316,12,19,0.631578947368421,1,0,0,0,0.0496875,0.019875,19,159,8.36842105263158,NA,NA,NA,NA,NA,NA,NA,NA,NA,NA,NA,NA,"G5"
"242","Rice","fbs","Conference USA",2014,536507,"Zach Wright",1,1,12,1,3.70469123760775,3.70469123760775,3.70469123760775,26,26,26,1,1,1,1,1,0,0,0,0.0325,0.0325,1,26,26,NA,NA,NA,NA,NA,NA,NA,NA,NA,NA,NA,NA,"G5"
"2426","Navy","fbs","FBS Independents",2014,516220,"Noah Copeland",1,1,10,1,-1.59667070058706,-1.59667070058706,-1.59667070058706,0,0,0,0,0,1,0,0,0,0,0,0,0,1,0,0,NA,NA,NA,NA,NA,NA,NA,NA,NA,NA,NA,NA,"G5"
"2426","Navy","fbs","FBS Independents",2014,530560,"Thomas Wilson",1,1,10,1,3.46481906066906,3.46481906066906,3.46481906066906,26,26,26,1,1,1,1,1,0,0,0,0.0325,0.0325,1,26,26,NA,NA,NA,NA,NA,NA,NA,NA,NA,NA,NA,NA,"G5"
"2426","Navy","fbs","FBS Independents",2014,530568,"Keenan Reynolds",91,9,10,10.1111111111111,15.0409725209432,0.165285412318058,1.67121916899369,711,7.81318681318681,79,0.384615384615385,41,91,0.450549450549451,3,0,0,0,0.148125,0.049375,91,711,7.81318681318681,NA,NA,NA,NA,NA,NA,NA,NA,NA,NA,NA,NA,"G5"
"2426","Navy","fbs","FBS Independents",2014,530583,"Chris Swain",1,1,10,1,3.03516464581776,3.03516464581776,3.03516464581776,12,12,12,1,1,1,1,1,0,0,0,0.015,0.015,1,12,12,NA,NA,NA,NA,NA,NA,NA,NA,NA,NA,NA,NA,"G5"
"2426","Navy","fbs","FBS Independents",2014,551222,"Tago Smith",8,2,10,4,8.36529097564256,1.04566137195532,4.18264548782128,133,16.625,66.5,0.625,7,8,0.875,2,0,0,0,0.110833333333333,0.083125,8,133,16.625,NA,NA,NA,NA,NA,NA,NA,NA,NA,NA,NA,NA,"G5"
"2433","UL Monroe","fbs","Sun Belt",2014,501565,"Pete Thomas",493,12,12,41.0833333333333,19.7169699373052,0.0399938538282052,1.64308082810876,3102,6.2920892494929,258.5,0.405679513184584,299,493,0.606490872210953,12,0,0,0,0.596538461538462,0.323125,493,3102,6.2920892494929,101,107,108,94,52,12,99,22,12,99,25,39,"G5"
"2433","UL Monroe","fbs","Sun Belt",2014,512345,"Brayle Brown",23,6,12,3.83333333333333,7.69586352200786,0.334602761826429,1.28264392033464,172,7.47826086956522,28.6666666666667,0.521739130434783,14,23,0.608695652173913,1,0,0,0,0.0358333333333333,0.0102380952380952,23,172,7.47826086956522,NA,NA,NA,NA,NA,NA,NA,NA,NA,NA,NA,NA,"G5"
"2433","UL Monroe","fbs","Sun Belt",2014,512356,"Justin Manton",1,1,12,1,-2.37048469018012,-2.37048469018012,-2.37048469018012,-2,-2,-2,0,1,1,1,0,0,0,0,0,0,1,-2,-2,NA,NA,NA,NA,NA,NA,NA,NA,NA,NA,NA,NA,"G5"
"2433","UL Monroe","fbs","Sun Belt",2014,531563,"Ajalen Holley",1,1,12,1,3.45872471785295,3.45872471785295,3.45872471785295,36,36,36,1,1,1,1,1,0,0,0,0.045,0.045,1,36,36,NA,NA,NA,NA,NA,NA,NA,NA,NA,NA,NA,NA,"G5"
"2433","UL Monroe","fbs","Sun Belt",2014,546125,"Kenzee Jackson",1,1,12,1,1.22327177459259,1.22327177459259,1.22327177459259,8,8,8,1,1,1,1,0,0,0,0,0,0,1,8,8,NA,NA,NA,NA,NA,NA,NA,NA,NA,NA,NA,NA,"G5"
"2439","UNLV","fbs","Mountain West",2014,502997,"Taylor Barnhill",1,1,12,1,3.1242568241894,3.1242568241894,3.1242568241894,2,2,2,1,1,1,1,1,0,0,0,0.0025,0.0025,1,2,2,NA,NA,NA,NA,NA,NA,NA,NA,NA,NA,NA,NA,"G5"
"2439","UNLV","fbs","Mountain West",2014,512664,"Logan Yunker",1,1,12,1,3.80694590633233,3.80694590633233,3.80694590633233,24,24,24,1,1,1,1,0,0,0,0,0,0,1,24,24,NA,NA,NA,NA,NA,NA,NA,NA,NA,NA,NA,NA,"G5"
"2439","UNLV","fbs","Mountain West",2014,517172,"Devante Davis",1,1,12,1,0.875604161065255,0.875604161065255,0.875604161065255,3,3,3,1,1,1,1,1,0,0,0,0.00375,0.00375,1,3,3,NA,NA,NA,NA,NA,NA,NA,NA,NA,NA,NA,NA,"G5"
"2439","UNLV","fbs","Mountain West",2014,517186,"Nick Sherry",27,2,12,13.5,-10.2339176705995,-0.379033987799981,-5.11695883529975,78,2.88888888888889,39,0.222222222222222,9,27,0.333333333333333,0,0,0,0,0,0,27,78,2.88888888888889,NA,NA,NA,NA,NA,NA,NA,NA,NA,NA,NA,NA,"G5"
"2439","UNLV","fbs","Mountain West",2014,534198,"Troy Hawthorne",1,1,12,1,6.00334621847608,6.00334621847608,6.00334621847608,25,25,25,1,1,1,1,0,0,0,0,0,0,1,25,25,NA,NA,NA,NA,NA,NA,NA,NA,NA,NA,NA,NA,"G5"
"2439","UNLV","fbs","Mountain West",2014,552513,"Jared Lebowitz",60,3,12,20,-21.6848634912694,-0.361414391521157,-7.22828783042313,304,5.06666666666667,101.333333333333,0.25,25,60,0.416666666666667,0,0,0,0,0,0,60,304,5.06666666666667,NA,NA,NA,NA,NA,NA,NA,NA,NA,NA,NA,NA,"G5"
"2439","UNLV","fbs","Mountain West",2014,3125315,"Devonte Boyd",2,2,12,1,8.3204848333407,4.16024241667035,4.16024241667035,64,32,32,1,2,2,1,2,0,0,0,0.0533333333333333,0.04,2,64,32,NA,NA,NA,NA,NA,NA,NA,NA,NA,NA,NA,NA,"G5"
"2439","UNLV","fbs","Mountain West",2014,3125318,"Blake Decker",364,12,12,30.3333333333333,96.4367711602497,0.264936184506181,8.03639759668748,2706,7.43406593406593,225.5,0.412087912087912,216,364,0.593406593406593,11,0,0,0,0.516770833333333,0.269619565217391,364,2706,7.43406593406593,30,42,42,88,71,26,50,45,26,50,47,65,"G5"
"2440","Nevada","fbs","Mountain West",2014,501241,"Cody Fajardo",291,10,10,29.1,58.5490290410243,0.201199412512111,5.85490290410243,1854,6.37113402061856,185.4,0.426116838487972,171,291,0.587628865979381,12,0,0,0,0.427846153846154,0.252818181818182,291,1854,6.37113402061856,61,62,63,72,77,78,95,86,78,95,83,76,"G5"
"2440","Nevada","fbs","Mountain West",2014,515746,"Kendall Brock",1,1,10,1,0.818101688280267,0.818101688280267,0.818101688280267,3,3,3,1,1,1,1,1,0,0,0,0.00375,0.00375,1,3,3,NA,NA,NA,NA,NA,NA,NA,NA,NA,NA,NA,NA,"G5"
"2440","Nevada","fbs","Mountain West",2014,536229,"Richy Turner",1,1,10,1,4.18122598022455,4.18122598022455,4.18122598022455,18,18,18,1,1,1,1,1,0,0,0,0.0225,0.0225,1,18,18,NA,NA,NA,NA,NA,NA,NA,NA,NA,NA,NA,NA,"G5"
"2440","Nevada","fbs","Mountain West",2014,546279,"Don Jackson",1,1,10,1,4.72214501279649,4.72214501279649,4.72214501279649,14,14,14,1,1,1,1,1,0,0,0,0.0175,0.0175,1,14,14,NA,NA,NA,NA,NA,NA,NA,NA,NA,NA,NA,NA,"G5"
"2440","Nevada","fbs","Mountain West",2014,550567,"Jerico Richardson",1,1,10,1,2.71667950852823,2.71667950852823,2.71667950852823,12,12,12,1,1,1,1,1,0,0,0,0.015,0.015,1,12,12,NA,NA,NA,NA,NA,NA,NA,NA,NA,NA,NA,NA,"G5"
"245","Texas A&M","fbs","SEC",2014,501035,"Malcome Kennedy",1,1,11,1,1.7748641908321,1.7748641908321,1.7748641908321,4,4,4,1,1,1,1,1,0,0,0,0.005,0.005,1,4,4,NA,NA,NA,NA,NA,NA,NA,NA,NA,NA,NA,NA,"P5"
"245","Texas A&M","fbs","SEC",2014,532120,"Edward Pope",1,1,11,1,8.15496961731833,8.15496961731833,8.15496961731833,86,86,86,1,1,1,1,1,0,0,0,0.1075,0.1075,1,86,86,NA,NA,NA,NA,NA,NA,NA,NA,NA,NA,NA,NA,"P5"
"245","Texas A&M","fbs","SEC",2014,532122,"Tra Carson",1,1,11,1,-0.790612612617089,-0.790612612617089,-0.790612612617089,0,0,0,0,0,1,0,0,0,0,0,0,0,1,0,0,NA,NA,NA,NA,NA,NA,NA,NA,NA,NA,NA,NA,"P5"
"245","Texas A&M","fbs","SEC",2014,549865,"Kenny Hill",285,7,11,40.7142857142857,100.186823362592,0.351532713552956,14.3124033375132,2253,7.90526315789474,321.857142857143,0.519298245614035,195,285,0.684210526315789,17,0,0,0,0.759940476190476,0.569955357142857,285,2253,7.90526315789474,28,8,18,7,9,53,29,7,53,29,7,7,"P5"
"245","Texas A&M","fbs","SEC",2014,559681,"Kyle Allen",133,7,11,19,10.3685949673031,0.0779593606564145,1.48122785247188,822,6.18045112781955,117.428571428571,0.406015037593985,81,133,0.609022556390977,8,0,0,0,0.260952380952381,0.156571428571429,133,822,6.18045112781955,NA,NA,NA,NA,NA,NA,NA,NA,NA,NA,NA,NA,"P5"
"245","Texas A&M","fbs","SEC",2014,559694,"Josh Reynolds",2,1,11,2,7.75887776112698,3.87943888056349,7.75887776112698,80,40,80,1,2,2,1,2,0,0,0,0.133333333333333,0.133333333333333,2,80,40,NA,NA,NA,NA,NA,NA,NA,NA,NA,NA,NA,NA,"P5"
"2459","Northern Illinois","fbs","Mid-American",2014,502544,"Akeem Daniels",1,1,12,1,3.34691611814537,3.34691611814537,3.34691611814537,32,32,32,1,1,1,1,1,0,0,0,0.04,0.04,1,32,32,NA,NA,NA,NA,NA,NA,NA,NA,NA,NA,NA,NA,"G5"
"2459","Northern Illinois","fbs","Mid-American",2014,502546,"Luke Eakes",1,1,12,1,3.67060720613331,3.67060720613331,3.67060720613331,5,5,5,1,1,1,1,1,0,0,0,0.00625,0.00625,1,5,5,NA,NA,NA,NA,NA,NA,NA,NA,NA,NA,NA,NA,"G5"
"2459","Northern Illinois","fbs","Mid-American",2014,511594,"Juwan Brescacin",1,1,12,1,1.01457791974226,1.01457791974226,1.01457791974226,4,4,4,1,1,1,1,1,0,0,0,0.005,0.005,1,4,4,NA,NA,NA,NA,NA,NA,NA,NA,NA,NA,NA,NA,"G5"
"2459","Northern Illinois","fbs","Mid-American",2014,511607,"Matt McIntosh",9,1,12,9,-0.22540569563319,-0.0250450772925767,-0.22540569563319,35,3.88888888888889,35,0.444444444444444,4,9,0.444444444444444,0,0,0,0,0,0,9,35,3.88888888888889,NA,NA,NA,NA,NA,NA,NA,NA,NA,NA,NA,NA,"G5"
"2459","Northern Illinois","fbs","Mid-American",2014,532480,"Drew Hare",280,12,12,23.3333333333333,47.6006407406473,0.170002288359455,3.96672006172061,1939,6.925,161.583333333333,0.432142857142857,167,280,0.596428571428571,12,0,0,0,0.372884615384615,0.201979166666667,280,1939,6.925,73,86,76,63,67,69,77,99,69,77,95,90,"G5"
"2459","Northern Illinois","fbs","Mid-American",2014,532644,"Anthony Maddie",28,7,12,4,4.43957100261252,0.158556107236161,0.634224428944645,203,7.25,29,0.464285714285714,19,28,0.678571428571429,0,0,0,0,0,0,28,203,7.25,NA,NA,NA,NA,NA,NA,NA,NA,NA,NA,NA,NA,"G5"
"2459","Northern Illinois","fbs","Mid-American",2014,547842,"Chad Beebe",1,1,12,1,3.17595058904733,3.17595058904733,3.17595058904733,18,18,18,1,1,1,1,1,0,0,0,0.0225,0.0225,1,18,18,NA,NA,NA,NA,NA,NA,NA,NA,NA,NA,NA,NA,"G5"
"2459","Northern Illinois","fbs","Mid-American",2014,547867,"Aregeros Turner",1,1,12,1,2.94237293552261,2.94237293552261,2.94237293552261,18,18,18,1,1,1,1,0,0,0,0,0,0,1,18,18,NA,NA,NA,NA,NA,NA,NA,NA,NA,NA,NA,NA,"G5"
"248","Houston","fbs","American Athletic",2014,500233,"Markeith Ambles",1,1,11,1,2.47151667452255,2.47151667452255,2.47151667452255,19,19,19,1,1,1,1,1,0,0,0,0.02375,0.02375,1,19,19,NA,NA,NA,NA,NA,NA,NA,NA,NA,NA,NA,NA,"G5"
"248","Houston","fbs","American Athletic",2014,501268,"Billy Cosh",8,2,11,4,-1.30986732521589,-0.163733415651986,-0.654933662607944,30,3.75,15,0.25,4,8,0.5,0,0,0,0,0,0,8,30,3.75,NA,NA,NA,NA,NA,NA,NA,NA,NA,NA,NA,NA,"G5"
"248","Houston","fbs","American Athletic",2014,536514,"Deontay Greenberry",2,2,11,1,5.31456518691871,2.65728259345936,2.65728259345936,16,8,8,1,2,2,1,2,0,0,0,0.0133333333333333,0.01,2,16,8,NA,NA,NA,NA,NA,NA,NA,NA,NA,NA,NA,NA,"G5"
"248","Houston","fbs","American Athletic",2014,536519,"Ryan Jackson",1,1,11,1,3.04212843168754,3.04212843168754,3.04212843168754,30,30,30,1,1,1,1,1,0,0,0,0.0375,0.0375,1,30,30,NA,NA,NA,NA,NA,NA,NA,NA,NA,NA,NA,NA,"G5"
"248","Houston","fbs","American Athletic",2014,545550,"John O'Korn",141,5,11,28.2,1.8725271167069,0.0132803341610418,0.37450542334138,753,5.34042553191489,150.6,0.354609929078014,76,141,0.539007092198582,5,0,0,0,0.31375,0.18825,141,753,5.34042553191489,NA,NA,NA,NA,NA,NA,NA,NA,NA,NA,NA,NA,"G5"
"248","Houston","fbs","American Athletic",2014,545552,"Greg Ward Jr.",226,10,11,22.6,65.9919067444386,0.291999587364773,6.59919067444386,1650,7.30088495575221,165,0.508849557522124,157,226,0.694690265486726,5,0,0,0,0.34375,0.1375,226,1650,7.30088495575221,53,52,37,15,6,92.5,60,97,92.5,60,103,108,"G5"
"2483","Oregon","fbs","Pac-12",2014,504758,"Keanon Lowe",1,1,12,1,3.12555665048068,3.12555665048068,3.12555665048068,37,37,37,1,1,1,1,1,0,0,0,0.04625,0.04625,1,37,37,NA,NA,NA,NA,NA,NA,NA,NA,NA,NA,NA,NA,"P5"
"2483","Oregon","fbs","Pac-12",2014,511459,"Marcus Mariota",335,12,12,27.9166666666667,162.987056227818,0.486528526053188,13.5822546856515,3237,9.66268656716418,269.75,0.537313432835821,226,335,0.674626865671642,22,0,0,0,0.645054347826087,0.436360294117647,335,3237,9.66268656716418,6,10,4,2,14,9,2,17,9,2,15,19,"P5"
"2483","Oregon","fbs","Pac-12",2014,530869,"Pharaoh Brown",1,1,12,1,1.62304095600272,1.62304095600272,1.62304095600272,6,6,6,1,1,1,1,1,0,0,0,0.0075,0.0075,1,6,6,NA,NA,NA,NA,NA,NA,NA,NA,NA,NA,NA,NA,"P5"
"2483","Oregon","fbs","Pac-12",2014,530875,"Jeff Lockie",15,4,12,3.75,6.15305429668992,0.410203619779328,1.53826357417248,94,6.26666666666667,23.5,0.533333333333333,10,15,0.666666666666667,0,0,0,0,0,0,15,94,6.26666666666667,NA,NA,NA,NA,NA,NA,NA,NA,NA,NA,NA,NA,"P5"
"2483","Oregon","fbs","Pac-12",2014,530877,"Byron Marshall",1,1,12,1,4.41831701250519,4.41831701250519,4.41831701250519,23,23,23,1,1,1,1,1,0,0,0,0.02875,0.02875,1,23,23,NA,NA,NA,NA,NA,NA,NA,NA,NA,NA,NA,NA,"P5"
"2483","Oregon","fbs","Pac-12",2014,530880,"Dwayne Stanford",3,2,12,1.5,9.90099964600296,3.30033321533432,4.95049982300148,53,17.6666666666667,26.5,1,3,3,1,3,0,0,0,0.0496875,0.03975,3,53,17.6666666666667,NA,NA,NA,NA,NA,NA,NA,NA,NA,NA,NA,NA,"P5"
"2483","Oregon","fbs","Pac-12",2014,550651,"Devon Allen",4,3,12,1.33333333333333,14.1622134144599,3.54055335361499,4.72073780481998,114,28.5,38,1,4,4,1,4,0,0,0,0.076,0.0542857142857143,4,114,28.5,NA,NA,NA,NA,NA,NA,NA,NA,NA,NA,NA,NA,"P5"
"2483","Oregon","fbs","Pac-12",2014,3122667,"Charles Nelson",1,1,12,1,2.80649587585129,2.80649587585129,2.80649587585129,29,29,29,1,1,1,1,1,0,0,0,0.03625,0.03625,1,29,29,NA,NA,NA,NA,NA,NA,NA,NA,NA,NA,NA,NA,"P5"
"2483","Oregon","fbs","Pac-12",2014,3122668,"Johnathan Loyd",1,1,12,1,1.10521406854532,1.10521406854532,1.10521406854532,5,5,5,1,1,1,1,1,0,0,0,0.00625,0.00625,1,5,5,NA,NA,NA,NA,NA,NA,NA,NA,NA,NA,NA,NA,"P5"
"2483","Oregon","fbs","Pac-12",2014,3122672,"Royce Freeman",1,1,12,1,2.65084774291227,2.65084774291227,2.65084774291227,26,26,26,1,1,1,1,1,0,0,0,0.0325,0.0325,1,26,26,NA,NA,NA,NA,NA,NA,NA,NA,NA,NA,NA,NA,"P5"
"249","North Texas","fbs","Conference USA",2014,515147,"Andrew McNulty",177,8,10,22.125,18.4576213150275,0.104280346412585,2.30720266437844,1164,6.57627118644068,145.5,0.384180790960452,96,177,0.542372881355932,4,0,0,0,0.291,0.12125,177,1164,6.57627118644068,104,98,96,104,109,116,84,107,116,84,112,114,"G5"
"249","North Texas","fbs","Conference USA",2014,517933,"Marcus Smith",1,1,10,1,2.30444508250311,2.30444508250311,2.30444508250311,4,4,4,1,1,1,1,1,0,0,0,0.005,0.005,1,4,4,NA,NA,NA,NA,NA,NA,NA,NA,NA,NA,NA,NA,"G5"
"249","North Texas","fbs","Conference USA",2014,549918,"Dajon Williams",59,4,10,14.75,27.0387682024853,0.458284206821785,6.75969205062133,431,7.30508474576271,107.75,0.457627118644068,35,59,0.593220338983051,4,0,0,0,0.2155,0.1346875,59,431,7.30508474576271,NA,NA,NA,NA,NA,NA,NA,NA,NA,NA,NA,NA,"G5"
"249","North Texas","fbs","Conference USA",2014,3122972,"Josh Greer",48,3,10,16,-21.2014570884161,-0.441697022675335,-7.06715236280536,171,3.5625,57,0.229166666666667,24,48,0.5,0,0,0,0,0,0,48,171,3.5625,NA,NA,NA,NA,NA,NA,NA,NA,NA,NA,NA,NA,"G5"
"25","California","fbs","Pac-12",2014,535270,"Kenny Lawler",2,2,11,1,5.91817317086179,2.9590865854309,2.9590865854309,49,24.5,24.5,1,2,2,1,2,0,0,0,0.0408333333333333,0.030625,2,49,24.5,NA,NA,NA,NA,NA,NA,NA,NA,NA,NA,NA,NA,"P5"
"25","California","fbs","Pac-12",2014,535271,"Cole Leininger",1,1,11,1,-2.12973411326029,-2.12973411326029,-2.12973411326029,0,0,0,0,0,1,0,0,0,0,0,0,0,1,0,0,NA,NA,NA,NA,NA,NA,NA,NA,NA,NA,NA,NA,"P5"
"25","California","fbs","Pac-12",2014,547401,"Jared Goff",474,11,11,43.0909090909091,179.802308681264,0.379329765150345,16.3456644255694,3661,7.72362869198312,332.818181818182,0.481012658227848,295,474,0.622362869198312,28,0,0,0,0.803354231974922,0.597365967365967,474,3661,7.72362869198312,2,4,13,31,43,3,35,6,3,35,5,4,"P5"
"25","California","fbs","Pac-12",2014,3127202,"Luke Rubenzer",14,4,11,3.5,-0.146750630345113,-0.0104821878817938,-0.0366876575862783,82,5.85714285714286,20.5,0.571428571428571,9,14,0.642857142857143,1,0,0,0,0.025625,0.01025,14,82,5.85714285714286,NA,NA,NA,NA,NA,NA,NA,NA,NA,NA,NA,NA,"P5"
"2509","Purdue","fbs","Big Ten",2014,514194,"Akeem Hunt",1,1,11,1,8.84911650261899,8.84911650261899,8.84911650261899,79,79,79,1,1,1,1,1,0,0,0,0.09875,0.09875,1,79,79,NA,NA,NA,NA,NA,NA,NA,NA,NA,NA,NA,NA,"P5"
"2509","Purdue","fbs","Big Ten",2014,534770,"Austin Appleby",258,9,11,28.6666666666667,-16.6469044623631,-0.0645228855130353,-1.84965605137368,1360,5.27131782945736,151.111111111111,0.344961240310078,141,258,0.546511627906977,8,0,0,0,0.335802469135802,0.177777777777778,258,1360,5.27131782945736,120,120,119,119,107,104,119,105,104,119,104,101,"P5"
"2509","Purdue","fbs","Big Ten",2014,534794,"Cameron Posey",1,1,11,1,4.95126714377386,4.95126714377386,4.95126714377386,23,23,23,1,1,1,1,1,0,0,0,0.02875,0.02875,1,23,23,NA,NA,NA,NA,NA,NA,NA,NA,NA,NA,NA,NA,"P5"
"2509","Purdue","fbs","Big Ten",2014,550170,"Danny Etling",131,4,11,32.75,-12.6179053690137,-0.0963198883130815,-3.15447634225342,602,4.59541984732824,150.5,0.389312977099237,74,131,0.564885496183206,4,0,0,0,0.301,0.188125,131,602,4.59541984732824,NA,NA,NA,NA,NA,NA,NA,NA,NA,NA,NA,NA,"P5"
"251","Texas","fbs","Big 12",2014,501934,"John Harris",1,1,12,1,3.78088152004645,3.78088152004645,3.78088152004645,19,19,19,1,1,1,1,1,0,0,0,0.02375,0.02375,1,19,19,NA,NA,NA,NA,NA,NA,NA,NA,NA,NA,NA,NA,"P5"
"251","Texas","fbs","Big 12",2014,511262,"David Ash",34,1,12,34,1.89373682805647,0.0556981420016609,1.89373682805647,190,5.58823529411765,190,0.441176470588235,19,34,0.558823529411765,1,0,0,0,0.2375,0.2375,34,190,5.58823529411765,NA,NA,NA,NA,NA,NA,NA,NA,NA,NA,NA,NA,"P5"
"251","Texas","fbs","Big 12",2014,547338,"Tyrone Swoopes",342,11,12,31.0909090909091,31.4199687470526,0.0918712536463526,2.8563607951866,2232,6.52631578947368,202.909090909091,0.403508771929825,206,342,0.60233918128655,11,0,0,0,0.465,0.253636363636364,342,2232,6.52631578947368,92,95,98,97,60,55,90,69,55,90,67,75,"P5"
"251","Texas","fbs","Big 12",2014,3125115,"Armanti Foreman",1,1,12,1,7.95949504447681,7.95949504447681,7.95949504447681,73,73,73,1,1,1,1,1,0,0,0,0.09125,0.09125,1,73,73,NA,NA,NA,NA,NA,NA,NA,NA,NA,NA,NA,NA,"P5"
"252","BYU","fbs","FBS Independents",2014,381494,"Christian Stewart",267,7,11,38.1428571428571,62.7243200006371,0.234922546818866,8.96061714294816,1906,7.13857677902622,272.285714285714,0.445692883895131,156,267,0.584269662921348,13,0,0,0,0.632091836734694,0.442464285714286,267,1906,7.13857677902622,56,32,51,51,79,74,63,16,74,63,18,15,"G5"
"252","BYU","fbs","FBS Independents",2014,482594,"Taysom Hill",128,5,11,25.6,27.6869117942288,0.216303998392413,5.53738235884576,975,7.6171875,195,0.5078125,88,128,0.6875,7,0,0,0,0.4265625,0.284375,128,975,7.6171875,NA,NA,NA,NA,NA,NA,NA,NA,NA,NA,NA,NA,"G5"
"252","BYU","fbs","FBS Independents",2014,487641,"Mitch Mathews",1,1,11,1,1.64295208979996,1.64295208979996,1.64295208979996,8,8,8,1,1,1,1,1,0,0,0,0.01,0.01,1,8,8,NA,NA,NA,NA,NA,NA,NA,NA,NA,NA,NA,NA,"G5"
"252","BYU","fbs","FBS Independents",2014,502447,"Devin Mahina",1,1,11,1,2.12703826952372,2.12703826952372,2.12703826952372,15,15,15,1,1,1,1,1,0,0,0,0.01875,0.01875,1,15,15,NA,NA,NA,NA,NA,NA,NA,NA,NA,NA,NA,NA,"G5"
"252","BYU","fbs","FBS Independents",2014,530624,"Paul Lasike",2,2,11,1,5.87654019039831,2.93827009519916,2.93827009519916,46,23,23,1,2,2,1,2,0,0,0,0.0383333333333333,0.02875,2,46,23,NA,NA,NA,NA,NA,NA,NA,NA,NA,NA,NA,NA,"G5"
"252","BYU","fbs","FBS Independents",2014,551050,"Colby Pearson",1,1,11,1,7.26598638759543,7.26598638759543,7.26598638759543,81,81,81,1,1,1,1,1,0,0,0,0.10125,0.10125,1,81,81,NA,NA,NA,NA,NA,NA,NA,NA,NA,NA,NA,NA,"G5"
"254","Utah","fbs","Pac-12",2014,503036,"Dres Anderson",1,1,11,1,3.74245399675553,3.74245399675553,3.74245399675553,42,42,42,1,1,1,1,1,0,0,0,0.0525,0.0525,1,42,42,NA,NA,NA,NA,NA,NA,NA,NA,NA,NA,NA,NA,"P5"
"254","Utah","fbs","Pac-12",2014,503059,"Westlee Tonga",1,1,11,1,2.78995369541482,2.78995369541482,2.78995369541482,13,13,13,1,1,1,1,1,0,0,0,0.01625,0.01625,1,13,13,NA,NA,NA,NA,NA,NA,NA,NA,NA,NA,NA,NA,"P5"
"254","Utah","fbs","Pac-12",2014,514737,"Kendal Thompson",39,6,11,6.5,-6.55981431804524,-0.168200367129365,-1.09330238634087,213,5.46153846153846,35.5,0.41025641025641,25,39,0.641025641025641,1,0,0,0,0.044375,0.0126785714285714,39,213,5.46153846153846,NA,NA,NA,NA,NA,NA,NA,NA,NA,NA,NA,NA,"P5"
"254","Utah","fbs","Pac-12",2014,531051,"Travis Wilson",254,11,11,23.0909090909091,6.42141188872914,0.0252811491682249,0.583764717157194,1578,6.21259842519685,143.454545454545,0.393700787401575,151,254,0.594488188976378,11,0,0,0,0.32875,0.179318181818182,254,1578,6.21259842519685,110,110,112,100,69,98,105,108,98,105,105,100,"P5"
"254","Utah","fbs","Pac-12",2014,550226,"Conner Manning",5,1,11,5,0.904075587852238,0.180815117570448,0.904075587852238,28,5.6,28,0.2,2,5,0.4,0,0,0,0,0,0,5,28,5.6,NA,NA,NA,NA,NA,NA,NA,NA,NA,NA,NA,NA,"P5"
"254","Utah","fbs","Pac-12",2014,3122866,"Devontae Booker",2,2,11,1,4.82099288818942,2.41049644409471,2.41049644409471,31,15.5,15.5,1,2,2,1,2,0,0,0,0.0258333333333333,0.019375,2,31,15.5,NA,NA,NA,NA,NA,NA,NA,NA,NA,NA,NA,NA,"P5"
"2567","SMU","fbs","American Athletic",2014,519812,"Garrett Krstich",174,6,12,29,6.68858198999059,0.0384401263792563,1.11476366499843,855,4.91379310344828,142.5,0.373563218390805,99,174,0.568965517241379,2,0,0,0,0.2375,0.0890625,174,855,4.91379310344828,109,108,109,108,94,120,120,110,120,120,117,117,"G5"
"2567","SMU","fbs","American Athletic",2014,532113,"Matt Davis",159,10,12,15.9,-24.5865529016733,-0.154632408186625,-2.45865529016733,855,5.37735849056604,85.5,0.345911949685535,89,159,0.559748427672956,3,0,0,0,0.1603125,0.0493269230769231,159,855,5.37735849056604,NA,NA,NA,NA,NA,NA,NA,NA,NA,NA,NA,NA,"G5"
"2567","SMU","fbs","American Athletic",2014,536139,"Neal Burcham",46,2,12,23,-21.6918117737956,-0.471561125517295,-10.8459058868978,158,3.43478260869565,79,0.217391304347826,27,46,0.58695652173913,0,0,0,0,0,0,46,158,3.43478260869565,NA,NA,NA,NA,NA,NA,NA,NA,NA,NA,NA,NA,"G5"
"2567","SMU","fbs","American Athletic",2014,545334,"Kolney Cassel",37,5,12,7.4,-1.26015229892421,-0.0340581702411949,-0.252030459784842,156,4.21621621621622,31.2,0.297297297297297,15,37,0.405405405405405,1,0,0,0,0.039,0.013,37,156,4.21621621621622,NA,NA,NA,NA,NA,NA,NA,NA,NA,NA,NA,NA,"G5"
"2572","Southern Miss","fbs","Conference USA",2014,512500,"Casey Martin",2,1,11,2,5.14380475998409,2.57190237999205,5.14380475998409,55,27.5,55,0.5,1,2,0.5,1,0,0,0,0.06875,0.06875,2,55,27.5,NA,NA,NA,NA,NA,NA,NA,NA,NA,NA,NA,NA,"G5"
"2572","Southern Miss","fbs","Conference USA",2014,532089,"Cole Weeks",90,4,11,22.5,13.4443746228068,0.149381940253409,3.3610936557017,623,6.92222222222222,155.75,0.388888888888889,49,90,0.544444444444444,1,0,0,0,0.1946875,0.077875,90,623,6.92222222222222,NA,NA,NA,NA,NA,NA,NA,NA,NA,NA,NA,NA,"G5"
"2572","Southern Miss","fbs","Conference USA",2014,552880,"Nick Mullens",309,9,11,34.3333333333333,49.4964805068259,0.160182784811734,5.49960894520288,2152,6.96440129449838,239.111111111111,0.41747572815534,187,309,0.605177993527508,10,0,0,0,0.543434343434343,0.314619883040936,309,2152,6.96440129449838,68,66,80,83,54,57,73,35,57,73,36,42,"G5"
"2572","Southern Miss","fbs","Conference USA",2014,3129224,"Tez Parks",1,1,11,1,-0.860589450853775,-0.860589450853775,-0.860589450853775,0,0,0,0,0,1,0,0,0,0,0,0,0,1,0,0,NA,NA,NA,NA,NA,NA,NA,NA,NA,NA,NA,NA,"G5"
"2579","South Carolina","fbs","SEC",2014,504284,"Nick Jones",1,1,11,1,2.11276835883476,2.11276835883476,2.11276835883476,7,7,7,1,1,1,1,1,0,0,0,0.00875,0.00875,1,7,7,NA,NA,NA,NA,NA,NA,NA,NA,NA,NA,NA,NA,"P5"
"2579","South Carolina","fbs","SEC",2014,504295,"Dylan Thompson",377,11,11,34.2727272727273,95.4328171166722,0.253137445932817,8.6757106469702,2851,7.56233421750663,259.181818181818,0.456233421750663,228,377,0.604774535809019,17,0,0,0,0.611957070707071,0.393400974025974,377,2851,7.56233421750663,31,33,45,45,55,21,41,21,21,41,22,24,"P5"
"2579","South Carolina","fbs","SEC",2014,515818,"Damiere Byrd",1,1,11,1,3.57142077355812,3.57142077355812,3.57142077355812,29,29,29,1,1,1,1,1,0,0,0,0.03625,0.03625,1,29,29,NA,NA,NA,NA,NA,NA,NA,NA,NA,NA,NA,NA,"P5"
"2579","South Carolina","fbs","SEC",2014,535370,"Shaq Roland",1,1,11,1,2.67213441168479,2.67213441168479,2.67213441168479,29,29,29,1,1,1,1,1,0,0,0,0.03625,0.03625,1,29,29,NA,NA,NA,NA,NA,NA,NA,NA,NA,NA,NA,NA,"P5"
"2579","South Carolina","fbs","SEC",2014,548142,"Connor Mitch",2,1,11,2,-1.59252285960315,-0.796261429801576,-1.59252285960315,0,0,0,0,0,2,0,0,0,0,0,0,0,2,0,0,NA,NA,NA,NA,NA,NA,NA,NA,NA,NA,NA,NA,"P5"
"2579","South Carolina","fbs","SEC",2014,548173,"Pharoh Cooper",10,6,11,1.66666666666667,17.6866298431618,1.76866298431618,2.94777164052697,175,17.5,29.1666666666667,0.6,7,10,0.7,4,0,0,0,0.0583333333333333,0.0291666666666667,10,175,17.5,NA,NA,NA,NA,NA,NA,NA,NA,NA,NA,NA,NA,"P5"
"258","Virginia","fbs","ACC",2014,501177,"Miles Gooch",2,2,11,1,4.10403654262982,2.05201827131491,2.05201827131491,51,25.5,25.5,1,2,2,1,0,0,0,0,0,0,2,51,25.5,NA,NA,NA,NA,NA,NA,NA,NA,NA,NA,NA,NA,"P5"
"258","Virginia","fbs","ACC",2014,511361,"David Watford",3,1,11,3,2.46397340689382,0.821324468964607,2.46397340689382,39,13,39,0.666666666666667,2,3,0.666666666666667,0,0,0,0,0,0,3,39,13,NA,NA,NA,NA,NA,NA,NA,NA,NA,NA,NA,NA,"P5"
"258","Virginia","fbs","ACC",2014,511362,"Darius Jennings",3,3,11,1,6.29078239028455,2.09692746342818,2.09692746342818,38,12.6666666666667,12.6666666666667,0.666666666666667,2,3,0.666666666666667,2,0,0,0,0.0211111111111111,0.0126666666666667,3,38,12.6666666666667,NA,NA,NA,NA,NA,NA,NA,NA,NA,NA,NA,NA,"P5"
"258","Virginia","fbs","ACC",2014,530521,"Greyson Lambert",231,8,11,28.875,16.2774616124253,0.070465201785391,2.03468270155316,1465,6.34199134199134,183.125,0.385281385281385,137,231,0.593073593073593,6,0,0,0,0.392410714285714,0.196205357142857,231,1465,6.34199134199134,107,103,102,103,72,99,98,89,99,98,93,92,"P5"
"258","Virginia","fbs","ACC",2014,535548,"Matt Johns",149,8,11,18.625,5.91043085059833,0.0396673211449552,0.738803856324791,979,6.57046979865772,122.375,0.422818791946309,83,149,0.557046979865772,5,0,0,0,0.254947916666667,0.117668269230769,149,979,6.57046979865772,NA,NA,NA,NA,NA,NA,NA,NA,NA,NA,NA,NA,"P5"
"258","Virginia","fbs","ACC",2014,535618,"Canaan Severin",1,1,11,1,2.94900093712251,2.94900093712251,2.94900093712251,23,23,23,1,1,1,1,1,0,0,0,0.02875,0.02875,1,23,23,NA,NA,NA,NA,NA,NA,NA,NA,NA,NA,NA,NA,"P5"
"258","Virginia","fbs","ACC",2014,548047,"Andre Levrone",2,2,11,1,7.40388643623429,3.70194321811714,3.70194321811714,45,22.5,22.5,1,2,2,1,2,0,0,0,0.0375,0.028125,2,45,22.5,NA,NA,NA,NA,NA,NA,NA,NA,NA,NA,NA,NA,"P5"
"259","Virginia Tech","fbs","ACC",2014,501222,"Mark Leal",8,1,11,8,6.7322393377776,0.8415299172222,6.7322393377776,62,7.75,62,0.625,5,8,0.625,1,0,0,0,0.0775,0.0775,8,62,7.75,NA,NA,NA,NA,NA,NA,NA,NA,NA,NA,NA,NA,"P5"
"259","Virginia Tech","fbs","ACC",2014,514481,"Michael Brewer",366,11,11,33.2727272727273,47.5622811965192,0.129951587968632,4.32384374513811,2289,6.25409836065574,208.090909090909,0.420765027322404,221,366,0.603825136612022,15,0,0,0,0.487713068181818,0.300131118881119,366,2289,6.25409836065574,74,81,88,79,56,50,101,63,50,101,56,50,"P5"
"259","Virginia Tech","fbs","ACC",2014,530541,"Brenden Motley",3,2,11,1.5,0.23033954808948,0.0767798493631601,0.11516977404474,17,5.66666666666667,8.5,0.333333333333333,1,3,0.333333333333333,0,0,0,0,0,0,3,17,5.66666666666667,NA,NA,NA,NA,NA,NA,NA,NA,NA,NA,NA,NA,"P5"
"259","Virginia Tech","fbs","ACC",2014,535627,"A.J. Hughes",1,1,11,1,-1.57017930851327,-1.57017930851327,-1.57017930851327,10,10,10,0,1,1,1,0,0,0,0,0,0,1,10,10,NA,NA,NA,NA,NA,NA,NA,NA,NA,NA,NA,NA,"P5"
"26","UCLA","fbs","Pac-12",2014,511982,"Brett Hundley",322,11,11,29.2727272727273,69.0676588103586,0.214495834814778,6.27887807366896,2119,6.58074534161491,192.636363636364,0.490683229813665,225,322,0.698757763975155,4,0,0,0,0.385272727272727,0.128424242424242,322,2119,6.58074534161491,51,56,60,22,5,59,83,77,59,83,94,112,"P5"
"26","UCLA","fbs","Pac-12",2014,511987,"Jerry Neuheisel",38,2,11,19,-5.77222783879026,-0.151900732599744,-2.88611391939513,194,5.10526315789474,97,0.315789473684211,26,38,0.684210526315789,2,0,0,0,0.161666666666667,0.12125,38,194,5.10526315789474,NA,NA,NA,NA,NA,NA,NA,NA,NA,NA,NA,NA,"P5"
"26","UCLA","fbs","Pac-12",2014,530981,"Jordan Payton",2,2,11,1,9.33442920448717,4.66721460224358,4.66721460224358,95,47.5,47.5,1,2,2,1,2,0,0,0,0.0791666666666667,0.059375,2,95,47.5,NA,NA,NA,NA,NA,NA,NA,NA,NA,NA,NA,NA,"P5"
"26","UCLA","fbs","Pac-12",2014,530988,"Kenneth Walker",2,2,11,1,8.78490343086797,4.39245171543399,4.39245171543399,119,59.5,59.5,1,2,2,1,2,0,0,0,0.0991666666666667,0.074375,2,119,59.5,NA,NA,NA,NA,NA,NA,NA,NA,NA,NA,NA,NA,"P5"
"26","UCLA","fbs","Pac-12",2014,547596,"Thomas Duarte",4,3,11,1.33333333333333,12.1628523269296,3.0407130817324,4.05428410897654,119,29.75,39.6666666666667,1,4,4,1,4,0,0,0,0.0793333333333333,0.0566666666666667,4,119,29.75,NA,NA,NA,NA,NA,NA,NA,NA,NA,NA,NA,NA,"P5"
"26","UCLA","fbs","Pac-12",2014,547616,"Eldridge Massington",2,2,11,1,9.58808230156499,4.79404115078249,4.79404115078249,53,26.5,26.5,1,2,2,1,2,0,0,0,0.0441666666666667,0.033125,2,53,26.5,NA,NA,NA,NA,NA,NA,NA,NA,NA,NA,NA,NA,"P5"
"26","UCLA","fbs","Pac-12",2014,3117415,"Mossi Johnson",1,1,11,1,1.8803342504337,1.8803342504337,1.8803342504337,15,15,15,1,1,1,1,1,0,0,0,0.01875,0.01875,1,15,15,NA,NA,NA,NA,NA,NA,NA,NA,NA,NA,NA,NA,"P5"
"2628","TCU","fbs","Big 12",2014,501033,"Matt Joeckel",13,3,11,4.33333333333333,-0.547815002165028,-0.042139615551156,-0.182605000721676,99,7.61538461538461,33,0.384615384615385,8,13,0.615384615384615,1,0,0,0,0.04125,0.020625,13,99,7.61538461538461,NA,NA,NA,NA,NA,NA,NA,NA,NA,NA,NA,NA,"P5"
"2628","TCU","fbs","Big 12",2014,512469,"Bram Kohlhausen",4,2,11,2,-0.4940461181095,-0.123511529527375,-0.24702305905475,15,3.75,7.5,0.5,3,4,0.75,0,0,0,0,0,0,4,15,3.75,NA,NA,NA,NA,NA,NA,NA,NA,NA,NA,NA,NA,"P5"
"2628","TCU","fbs","Big 12",2014,516301,"Josh Doctson",5,3,11,1.66666666666667,23.5928016671652,4.71856033343304,7.86426722238841,239,47.8,79.6666666666667,1,5,5,1,5,0,0,0,0.165972222222222,0.124479166666667,5,239,47.8,NA,NA,NA,NA,NA,NA,NA,NA,NA,NA,NA,NA,"P5"
"2628","TCU","fbs","Big 12",2014,517127,"Trevone Boykin",398,11,11,36.1818181818182,46.6702295107611,0.117261883192867,4.24274813734192,2807,7.05276381909548,255.181818181818,0.452261306532663,234,398,0.587939698492462,13,0,0,0,0.592386363636364,0.345558712121212,398,2807,7.05276381909548,76,82,92,47,75,23,67,24,23,67,27,35,"P5"
"2628","TCU","fbs","Big 12",2014,517133,"David Porter",3,3,11,1,6.70994857444411,2.2366495248147,2.2366495248147,59,19.6666666666667,19.6666666666667,0.666666666666667,2,3,0.666666666666667,2,0,0,0,0.0327777777777778,0.0196666666666667,3,59,19.6666666666667,NA,NA,NA,NA,NA,NA,NA,NA,NA,NA,NA,NA,"P5"
"2628","TCU","fbs","Big 12",2014,517151,"Cliff Murphy",1,1,11,1,1.65420127581886,1.65420127581886,1.65420127581886,8,8,8,1,1,1,1,1,0,0,0,0.01,0.01,1,8,8,NA,NA,NA,NA,NA,NA,NA,NA,NA,NA,NA,NA,"P5"
"2628","TCU","fbs","Big 12",2014,531236,"B.J. Catalon",1,1,11,1,3.23345716399481,3.23345716399481,3.23345716399481,39,39,39,1,1,1,1,1,0,0,0,0.04875,0.04875,1,39,39,NA,NA,NA,NA,NA,NA,NA,NA,NA,NA,NA,NA,"P5"
"2628","TCU","fbs","Big 12",2014,545502,"Zach Allen",2,1,11,2,0.598143117078627,0.299071558539313,0.598143117078627,17,8.5,17,1,2,2,1,0,0,0,0,0,0,2,17,8.5,NA,NA,NA,NA,NA,NA,NA,NA,NA,NA,NA,NA,"P5"
"2628","TCU","fbs","Big 12",2014,545514,"Cameron Echols-Luper",1,1,11,1,2.95160875163724,2.95160875163724,2.95160875163724,59,59,59,1,1,1,1,0,0,0,0,0,0,1,59,59,NA,NA,NA,NA,NA,NA,NA,NA,NA,NA,NA,NA,"P5"
"2628","TCU","fbs","Big 12",2014,545518,"Ty Slanina",1,1,11,1,3.04049907413629,3.04049907413629,3.04049907413629,57,57,57,1,1,1,1,1,0,0,0,0.07125,0.07125,1,57,57,NA,NA,NA,NA,NA,NA,NA,NA,NA,NA,NA,NA,"P5"
"2628","TCU","fbs","Big 12",2014,3116415,"Emanuel Porter",1,1,11,1,1.63647032152862,1.63647032152862,1.63647032152862,12,12,12,1,1,1,1,1,0,0,0,0.015,0.015,1,12,12,NA,NA,NA,NA,NA,NA,NA,NA,NA,NA,NA,NA,"P5"
"2633","Tennessee","fbs","SEC",2014,512424,"Justin Worley",216,6,11,36,26.8897191197376,0.124489440369155,4.4816198532896,1341,6.20833333333333,223.5,0.37962962962963,135,216,0.625,6,0,0,0,0.478928571428571,0.279375,216,1341,6.20833333333333,94,76,90,106,42,106,106,47,106,106,59,61,"P5"
"2633","Tennessee","fbs","SEC",2014,512453,"Brendan Downs",1,1,11,1,2.01632515290344,2.01632515290344,2.01632515290344,12,12,12,1,1,1,1,1,0,0,0,0.015,0.015,1,12,12,NA,NA,NA,NA,NA,NA,NA,NA,NA,NA,NA,NA,"P5"
"2633","Tennessee","fbs","SEC",2014,532065,"Nathan Peterman",15,4,11,3.75,-7.91027103620135,-0.527351402413423,-1.97756775905034,30,2,7.5,0.133333333333333,7,15,0.466666666666667,0,0,0,0,0,0,15,30,2,NA,NA,NA,NA,NA,NA,NA,NA,NA,NA,NA,NA,"P5"
"2633","Tennessee","fbs","SEC",2014,532066,"Patrick Ashford",1,1,11,1,6.07778079895461,6.07778079895461,6.07778079895461,31,31,31,1,1,1,1,1,0,0,0,0.03875,0.03875,1,31,31,NA,NA,NA,NA,NA,NA,NA,NA,NA,NA,NA,NA,"P5"
"2633","Tennessee","fbs","SEC",2014,532069,"Jason Croom",1,1,11,1,3.3035426052306,3.3035426052306,3.3035426052306,52,52,52,1,1,1,1,1,0,0,0,0.065,0.065,1,52,52,NA,NA,NA,NA,NA,NA,NA,NA,NA,NA,NA,NA,"P5"
"2633","Tennessee","fbs","SEC",2014,546540,"Joshua Dobbs",144,5,11,28.8,20.5455383787045,0.142677349852114,4.10910767574089,973,6.75694444444444,194.6,0.458333333333333,90,144,0.625,3,0,0,0,0.364875,0.1824375,144,973,6.75694444444444,NA,NA,NA,NA,NA,NA,NA,NA,NA,NA,NA,NA,"P5"
"2633","Tennessee","fbs","SEC",2014,559716,"Jalen Hurd",1,1,11,1,1.8018872384159,1.8018872384159,1.8018872384159,15,15,15,1,1,1,1,1,0,0,0,0.01875,0.01875,1,15,15,NA,NA,NA,NA,NA,NA,NA,NA,NA,NA,NA,NA,"P5"
"2633","Tennessee","fbs","SEC",2014,559718,"Josh Malone",1,1,11,1,3.77673095674462,3.77673095674462,3.77673095674462,9,9,9,1,1,1,1,1,0,0,0,0.01125,0.01125,1,9,9,NA,NA,NA,NA,NA,NA,NA,NA,NA,NA,NA,NA,"P5"
"2633","Tennessee","fbs","SEC",2014,559723,"Von Pearson",4,3,11,1.33333333333333,11.676555069373,2.91913876734324,3.89218502312432,60,15,20,1,4,4,1,4,0,0,0,0.04,0.0285714285714286,4,60,15,NA,NA,NA,NA,NA,NA,NA,NA,NA,NA,NA,NA,"P5"
"2636","UTSA","fbs","Conference USA",2014,535979,"Tucker Carter",165,8,12,20.625,21.4017895354331,0.129707815366261,2.67522369192914,1090,6.60606060606061,136.25,0.424242424242424,97,165,0.587878787878788,4,0,0,0,0.2725,0.113541666666667,165,1090,6.60606060606061,NA,NA,NA,NA,NA,NA,NA,NA,NA,NA,NA,NA,"G5"
"2636","UTSA","fbs","Conference USA",2014,545729,"Austin Robinson",146,6,12,24.3333333333333,-25.9445959838973,-0.177702712218474,-4.32409933064954,672,4.6027397260274,112,0.315068493150685,84,146,0.575342465753425,1,0,0,0,0.14,0.04,146,672,4.6027397260274,NA,NA,NA,NA,NA,NA,NA,NA,NA,NA,NA,NA,"G5"
"2636","UTSA","fbs","Conference USA",2014,3124037,"Dalton Sturm",4,1,12,4,14.2630955261372,3.56577388153431,14.2630955261372,106,26.5,106,0.75,4,4,1,2,0,0,0,0.176666666666667,0.176666666666667,4,106,26.5,NA,NA,NA,NA,NA,NA,NA,NA,NA,NA,NA,NA,"G5"
"2636","UTSA","fbs","Conference USA",2014,3124039,"Blake Bogenschutz",37,3,12,12.3333333333333,4.30930647094303,0.11646774245792,1.43643549031434,282,7.62162162162162,94,0.405405405405405,22,37,0.594594594594595,0,0,0,0,0,0,37,282,7.62162162162162,NA,NA,NA,NA,NA,NA,NA,NA,NA,NA,NA,NA,"G5"
"2636","UTSA","fbs","Conference USA",2014,3124056,"Brady Jones",1,1,12,1,3.55403324880245,3.55403324880245,3.55403324880245,35,35,35,1,1,1,1,1,0,0,0,0.04375,0.04375,1,35,35,NA,NA,NA,NA,NA,NA,NA,NA,NA,NA,NA,NA,"G5"
"2638","UTEP","fbs","Conference USA",2014,500571,"Jameill Showers",252,12,12,21,11.0970141705131,0.044035770517909,0.92475118087609,1600,6.34920634920635,133.333333333333,0.349206349206349,141,252,0.55952380952381,7,0,0,0,0.291666666666667,0.12280701754386,252,1600,6.34920634920635,108,109,107,116,100,96,97,114,96,97,111,113,"G5"
"2638","UTEP","fbs","Conference USA",2014,500679,"Katrae Ford",1,1,12,1,1.2252699400368,1.2252699400368,1.2252699400368,1,1,1,1,1,1,1,1,0,0,0,0.00125,0.00125,1,1,1,NA,NA,NA,NA,NA,NA,NA,NA,NA,NA,NA,NA,"G5"
"2638","UTEP","fbs","Conference USA",2014,531469,"Autrey Golden",2,1,12,2,8.03510862558754,4.01755431279377,8.03510862558754,42,21,42,1,2,2,1,2,0,0,0,0.07,0.07,2,42,21,NA,NA,NA,NA,NA,NA,NA,NA,NA,NA,NA,NA,"G5"
"2638","UTEP","fbs","Conference USA",2014,545833,"Aaron Jones",2,2,12,1,5.92928344793326,2.96464172396663,2.96464172396663,72,36,36,0.5,1,2,0.5,1,0,0,0,0.045,0.03,2,72,36,NA,NA,NA,NA,NA,NA,NA,NA,NA,NA,NA,NA,"G5"
"2638","UTEP","fbs","Conference USA",2014,545834,"Darrin Laufasa",1,1,12,1,0.658880515491823,0.658880515491823,0.658880515491823,2,2,2,1,1,1,1,1,0,0,0,0.0025,0.0025,1,2,2,NA,NA,NA,NA,NA,NA,NA,NA,NA,NA,NA,NA,"G5"
"2638","UTEP","fbs","Conference USA",2014,546111,"Mike Ruggles",1,1,12,1,-1.1793274397535,-1.1793274397535,-1.1793274397535,0,0,0,0,0,1,0,0,0,0,0,0,0,1,0,0,NA,NA,NA,NA,NA,NA,NA,NA,NA,NA,NA,NA,"G5"
"264","Washington","fbs","Pac-12",2014,499791,"Deontae Cooper",2,2,11,1,4.48639928451099,2.2431996422555,2.2431996422555,5,2.5,2.5,0.5,2,2,1,1,0,0,0,0.003125,0.00208333333333333,2,5,2.5,NA,NA,NA,NA,NA,NA,NA,NA,NA,NA,NA,NA,"P5"
"264","Washington","fbs","Pac-12",2014,513050,"Marvin Hall",3,2,11,1.5,4.42819558154394,1.47606519384798,2.21409779077197,68,22.6666666666667,34,0.666666666666667,3,3,1,1,0,0,0,0.0425,0.0283333333333333,3,68,22.6666666666667,NA,NA,NA,NA,NA,NA,NA,NA,NA,NA,NA,NA,"P5"
"264","Washington","fbs","Pac-12",2014,535318,"Jeff Lindquist",3,2,11,1.5,-2.30186524626569,-0.767288415421897,-1.15093262313284,0,0,0,0,0,3,0,0,0,0,0,0,0,3,0,0,NA,NA,NA,NA,NA,NA,NA,NA,NA,NA,NA,NA,"P5"
"264","Washington","fbs","Pac-12",2014,535324,"Jaydon Mickens",1,1,11,1,-1.39793952452954,-1.39793952452954,-1.39793952452954,0,0,0,0,0,1,0,0,0,0,0,0,0,1,0,0,NA,NA,NA,NA,NA,NA,NA,NA,NA,NA,NA,NA,"P5"
"264","Washington","fbs","Pac-12",2014,535325,"Cyler Miles",262,10,11,26.2,62.0366174165417,0.236780982505884,6.20366174165417,1932,7.37404580152672,193.2,0.423664122137405,177,262,0.675572519083969,14,0,0,0,0.4508,0.28175,262,1932,7.37404580152672,57,57,50,75,11,70,54,76,70,54,74,60,"P5"
"264","Washington","fbs","Pac-12",2014,546876,"Troy Williams",34,2,11,17,-9.2394918105312,-0.271749759133271,-4.6197459052656,176,5.17647058823529,88,0.382352941176471,23,34,0.676470588235294,0,0,0,0,0,0,34,176,5.17647058823529,NA,NA,NA,NA,NA,NA,NA,NA,NA,NA,NA,NA,"P5"
"2641","Texas Tech","fbs","Big 12",2014,514493,"Jakeem Grant",1,1,11,1,2.83507986548532,2.83507986548532,2.83507986548532,27,27,27,1,1,1,1,1,0,0,0,0.03375,0.03375,1,27,27,NA,NA,NA,NA,NA,NA,NA,NA,NA,NA,NA,NA,"P5"
"2641","Texas Tech","fbs","Big 12",2014,515796,"Bradley Marquez",6,3,11,2,22.7798829092905,3.79664715154842,7.59329430309685,117,19.5,39,1,6,6,1,6,0,0,0,0.0835714285714286,0.065,6,117,19.5,NA,NA,NA,NA,NA,NA,NA,NA,NA,NA,NA,NA,"P5"
"2641","Texas Tech","fbs","Big 12",2014,515805,"DeAndre Washington",1,1,11,1,4.9181636341186,4.9181636341186,4.9181636341186,49,49,49,1,1,1,1,1,0,0,0,0.06125,0.06125,1,49,49,NA,NA,NA,NA,NA,NA,NA,NA,NA,NA,NA,NA,"P5"
"2641","Texas Tech","fbs","Big 12",2014,515808,"Kenny Williams",2,2,11,1,9.92013369753903,4.96006684876952,4.96006684876952,101,50.5,50.5,1,2,2,1,2,0,0,0,0.0841666666666667,0.063125,2,101,50.5,NA,NA,NA,NA,NA,NA,NA,NA,NA,NA,NA,NA,"P5"
"2641","Texas Tech","fbs","Big 12",2014,537478,"Taylor Symmank",2,2,11,1,0.724110873445653,0.362055436722827,0.362055436722827,11,5.5,5.5,0.5,1,2,0.5,0,0,0,0,0,0,2,11,5.5,NA,NA,NA,NA,NA,NA,NA,NA,NA,NA,NA,NA,"P5"
"2641","Texas Tech","fbs","Big 12",2014,550364,"Dylan Cantrell",2,2,11,1,9.81710966572295,4.90855483286148,4.90855483286148,42,21,21,1,2,2,1,2,0,0,0,0.035,0.02625,2,42,21,NA,NA,NA,NA,NA,NA,NA,NA,NA,NA,NA,NA,"P5"
"2641","Texas Tech","fbs","Big 12",2014,550386,"Davis Webb",275,7,11,39.2857142857143,38.7381601709525,0.140866036985282,5.53402288156464,1923,6.99272727272727,274.714285714286,0.403636363636364,165,275,0.6,13,0,0,0,0.637729591836735,0.446410714285714,275,1923,6.99272727272727,82,65,86,96,62.5,72,70,14,72,70,16,14,"P5"
"2641","Texas Tech","fbs","Big 12",2014,3139474,"Devin Lauderdale",3,3,11,1,15.0736766421493,5.02455888071642,5.02455888071642,151,50.3333333333333,50.3333333333333,1,3,3,1,3,0,0,0,0.094375,0.0629166666666667,3,151,50.3333333333333,NA,NA,NA,NA,NA,NA,NA,NA,NA,NA,NA,NA,"P5"
"2641","Texas Tech","fbs","Big 12",2014,3139477,"Patrick Mahomes",170,7,11,24.2857142857143,25.4904841672752,0.149944024513384,3.64149773818217,1179,6.93529411764706,168.428571428571,0.423529411764706,94,170,0.552941176470588,6,0,0,0,0.360918367346939,0.194340659340659,170,1179,6.93529411764706,97,91,83,77,103,115,76,95,115,76,99,94,"P5"
"2641","Texas Tech","fbs","Big 12",2014,3139484,"Ian Sadler",1,1,11,1,1.94098042780058,1.94098042780058,1.94098042780058,6,6,6,1,1,1,1,1,0,0,0,0.0075,0.0075,1,6,6,NA,NA,NA,NA,NA,NA,NA,NA,NA,NA,NA,NA,"P5"
"2641","Texas Tech","fbs","Big 12",2014,3139487,"Vincent Testaverde",25,1,11,25,-11.0514039336708,-0.442056157346833,-11.0514039336708,116,4.64,116,0.2,15,25,0.6,0,0,0,0,0,0,25,116,4.64,NA,NA,NA,NA,NA,NA,NA,NA,NA,NA,NA,NA,"P5"
"2649","Toledo","fbs","Mid-American",2014,504635,"Dwight Macon",14,3,10,4.66666666666667,3.03714081526617,0.21693862966187,1.01238027175539,145,10.3571428571429,48.3333333333333,0.5,9,14,0.642857142857143,1,0,0,0,0.0604166666666667,0.0302083333333333,14,145,10.3571428571429,NA,NA,NA,NA,NA,NA,NA,NA,NA,NA,NA,NA,"G5"
"2649","Toledo","fbs","Mid-American",2014,515906,"Phillip Ely",33,1,10,33,7.37974111042886,0.223628518497844,7.37974111042886,204,6.18181818181818,204,0.393939393939394,17,33,0.515151515151515,0,0,0,0,0,0,33,204,6.18181818181818,NA,NA,NA,NA,NA,NA,NA,NA,NA,NA,NA,NA,"G5"
"2649","Toledo","fbs","Mid-American",2014,545910,"Logan Woodside",236,10,10,23.6,92.8025428180278,0.393231113635711,9.28025428180278,1877,7.95338983050847,187.7,0.491525423728814,151,236,0.639830508474576,18,0,0,0,0.444552631578947,0.301660714285714,236,1877,7.95338983050847,33,30,9,21,33,76,26,84,76,26,76,48,"G5"
"2649","Toledo","fbs","Mid-American",2014,552746,"Michael Julian",16,3,10,5.33333333333333,-9.55444919241411,-0.597153074525882,-3.18481639747137,49,3.0625,16.3333333333333,0.125,5,16,0.3125,0,0,0,0,0,0,16,49,3.0625,NA,NA,NA,NA,NA,NA,NA,NA,NA,NA,NA,NA,"G5"
"265","Washington State","fbs","Pac-12",2014,504823,"Connor Halliday",456,8,11,57,124.109448947074,0.272169844182179,15.5136811183842,3341,7.32675438596491,417.625,0.469298245614035,315,456,0.690789473684211,26,0,0,0,1.00539351851852,0.798400735294117,456,3341,7.32675438596491,14,6,41,41,7,4,58,2,4,58,2,2,"P5"
"265","Washington State","fbs","Pac-12",2014,550629,"Luke Falk",234,4,11,58.5,72.5422998879237,0.310009828580871,18.1355749719809,1797,7.67948717948718,449.25,0.487179487179487,154,234,0.658119658119658,12,0,0,0,1.03673076923077,0.84234375,234,1797,7.67948717948718,46,1,31,24,22,81,37,1,81,37,1,1,"P5"
"2653","Troy","fbs","Sun Belt",2014,505259,"B.J. Chitty",1,1,11,1,3.20382186541207,3.20382186541207,3.20382186541207,8,8,8,1,1,1,1,1,0,0,0,0.01,0.01,1,8,8,NA,NA,NA,NA,NA,NA,NA,NA,NA,NA,NA,NA,"G5"
"2653","Troy","fbs","Sun Belt",2014,515163,"K.D. Edenfield",1,1,11,1,-0.4659173790889,-0.4659173790889,-0.4659173790889,0,0,0,0,0,1,0,0,0,0,0,0,0,1,0,0,NA,NA,NA,NA,NA,NA,NA,NA,NA,NA,NA,NA,"G5"
"2653","Troy","fbs","Sun Belt",2014,517960,"Dallas Tidwell",6,2,11,3,-2.05183613436438,-0.341972689060731,-1.02591806718219,16,2.66666666666667,8,0.166666666666667,3,6,0.5,0,0,0,0,0,0,6,16,2.66666666666667,NA,NA,NA,NA,NA,NA,NA,NA,NA,NA,NA,NA,"G5"
"2653","Troy","fbs","Sun Belt",2014,546145,"Brandon Silvers",244,10,11,24.4,41.7680379452216,0.171180483382056,4.17680379452216,1627,6.66803278688525,162.7,0.434426229508197,176,244,0.721311475409836,10,0,0,0,0.369772727272727,0.203375,244,1627,6.66803278688525,79,83,75,61,2,95,81,98,95,81,98,89,"G5"
"2653","Troy","fbs","Sun Belt",2014,546150,"Kinderick Dent",1,1,11,1,-1.53603347927809,-1.53603347927809,-1.53603347927809,0,0,0,0,0,1,0,0,0,0,0,0,0,1,0,0,NA,NA,NA,NA,NA,NA,NA,NA,NA,NA,NA,NA,"G5"
"2653","Troy","fbs","Sun Belt",2014,3125460,"Dontreal Pruitt",58,6,11,9.66666666666667,-6.73234288686469,-0.116074877359736,-1.12205714781078,426,7.3448275862069,71,0.327586206896552,34,58,0.586206896551724,0,0,0,0,0,0,58,426,7.3448275862069,NA,NA,NA,NA,NA,NA,NA,NA,NA,NA,NA,NA,"G5"
"2655","Tulane","fbs","American Athletic",2014,499807,"Nick Montana",77,4,11,19.25,-17.9437585019013,-0.233035824700017,-4.48593962547534,342,4.44155844155844,85.5,0.285714285714286,45,77,0.584415584415584,1,0,0,0,0.106875,0.04275,77,342,4.44155844155844,NA,NA,NA,NA,NA,NA,NA,NA,NA,NA,NA,NA,"G5"
"2655","Tulane","fbs","American Athletic",2014,532173,"Devin Powell",26,2,11,13,-12.4050799859094,-0.477118460996515,-6.20253999295469,110,4.23076923076923,55,0.230769230769231,10,26,0.384615384615385,0,0,0,0,0,0,26,110,4.23076923076923,NA,NA,NA,NA,NA,NA,NA,NA,NA,NA,NA,NA,"G5"
"2655","Tulane","fbs","American Athletic",2014,545757,"Tanner Lee",286,9,11,31.7777777777778,17.3949257812979,0.0608214188157268,1.93276953125532,1650,5.76923076923077,183.333333333333,0.398601398601399,166,286,0.58041958041958,6,0,0,0,0.392857142857143,0.183333333333333,286,1650,5.76923076923077,106,104,105,99,82,92.5,113,88,92.5,113,91,99,"G5"
"2655","Tulane","fbs","American Athletic",2014,3126244,"Teddy Veal",1,1,11,1,2.46466943399152,2.46466943399152,2.46466943399152,12,12,12,1,1,1,1,1,0,0,0,0.015,0.015,1,12,12,NA,NA,NA,NA,NA,NA,NA,NA,NA,NA,NA,NA,"G5"
"2655","Tulane","fbs","American Athletic",2014,3126246,"Dontrell Hilliard",1,1,11,1,5.97812528796103,5.97812528796103,5.97812528796103,63,63,63,1,1,1,1,1,0,0,0,0.07875,0.07875,1,63,63,NA,NA,NA,NA,NA,NA,NA,NA,NA,NA,NA,NA,"G5"
"2655","Tulane","fbs","American Athletic",2014,3126247,"Leondre James",1,1,11,1,2.34479364148746,2.34479364148746,2.34479364148746,9,9,9,1,1,1,1,1,0,0,0,0.01125,0.01125,1,9,9,NA,NA,NA,NA,NA,NA,NA,NA,NA,NA,NA,NA,"G5"
"2711","Western Michigan","fbs","Mid-American",2014,532645,"Zach Terrell",248,10,10,24.8,129.409306690771,0.521811720527304,12.9409306690771,2469,9.95564516129032,246.9,0.487903225806452,174,248,0.701612903225806,21,0,0,0,0.589193181818182,0.418137096774194,248,2469,9.95564516129032,12,11,1,23,4,38,1,30,38,1,29,22,"G5"
"2711","Western Michigan","fbs","Mid-American",2014,532661,"Daniel Braverman",1,1,10,1,0.569586489948066,0.569586489948066,0.569586489948066,11,11,11,1,1,1,1,0,0,0,0,0,0,1,11,11,NA,NA,NA,NA,NA,NA,NA,NA,NA,NA,NA,NA,"G5"
"2711","Western Michigan","fbs","Mid-American",2014,545935,"Cameron Thomas",1,1,10,1,-0.231038241239683,-0.231038241239683,-0.231038241239683,3,3,3,0,1,1,1,0,0,0,0,0,0,1,3,3,NA,NA,NA,NA,NA,NA,NA,NA,NA,NA,NA,NA,"G5"
"275","Wisconsin","fbs","Big Ten",2014,514209,"Sam Arneson",1,1,12,1,2.92702236409792,2.92702236409792,2.92702236409792,5,5,5,1,1,1,1,1,0,0,0,0.00625,0.00625,1,5,5,NA,NA,NA,NA,NA,NA,NA,NA,NA,NA,NA,NA,"P5"
"275","Wisconsin","fbs","Big Ten",2014,514218,"Melvin Gordon",1,1,12,1,3.20568519069388,3.20568519069388,3.20568519069388,27,27,27,1,1,1,1,1,0,0,0,0.03375,0.03375,1,27,27,NA,NA,NA,NA,NA,NA,NA,NA,NA,NA,NA,NA,"P5"
"275","Wisconsin","fbs","Big Ten",2014,514228,"Drew Meyer",1,1,12,1,3.81360191120774,3.81360191120774,3.81360191120774,17,17,17,1,1,1,1,0,0,0,0,0,0,1,17,17,NA,NA,NA,NA,NA,NA,NA,NA,NA,NA,NA,NA,"P5"
"275","Wisconsin","fbs","Big Ten",2014,514230,"Joel Stave",169,9,12,18.7777777777778,26.608840891897,0.157448762673947,2.95653787687745,1188,7.02958579881657,132,0.437869822485207,93,169,0.550295857988166,5,0,0,0,0.275,0.117857142857143,169,1188,7.02958579881657,95,94,81,58,104,114,69,115,114,69,114,115,"P5"
"275","Wisconsin","fbs","Big Ten",2014,515835,"Tanner McEvoy",79,8,12,9.875,-5.36249215142186,-0.0678796474863527,-0.670311518927733,426,5.39240506329114,53.25,0.40506329113924,42,79,0.531645569620253,2,0,0,0,0.08875,0.026625,79,426,5.39240506329114,NA,NA,NA,NA,NA,NA,NA,NA,NA,NA,NA,NA,"P5"
"275","Wisconsin","fbs","Big Ten",2014,534809,"Alex Erickson",1,1,12,1,3.89677838492109,3.89677838492109,3.89677838492109,9,9,9,1,1,1,1,1,0,0,0,0.01125,0.01125,1,9,9,NA,NA,NA,NA,NA,NA,NA,NA,NA,NA,NA,NA,"P5"
"275","Wisconsin","fbs","Big Ten",2014,534813,"Bart Houston",2,1,12,2,-2.51863062445361,-1.25931531222681,-2.51863062445361,0,0,0,0,0,2,0,0,0,0,0,0,0,2,0,0,NA,NA,NA,NA,NA,NA,NA,NA,NA,NA,NA,NA,"P5"
"2751","Wyoming","fbs","Mountain West",2014,503091,"Sam Stratton",5,1,11,5,-2.46250725859342,-0.492501451718683,-2.46250725859342,24,4.8,24,0.2,2,5,0.4,0,0,0,0,0,0,5,24,4.8,NA,NA,NA,NA,NA,NA,NA,NA,NA,NA,NA,NA,"G5"
"2751","Wyoming","fbs","Mountain West",2014,520520,"Colby Kirkegaard",326,11,11,29.6363636363636,100.801467864743,0.309206956640317,9.16376980588575,2528,7.75460122699386,229.818181818182,0.432515337423313,189,326,0.579754601226994,10,0,0,0,0.522314049586777,0.273593073593074,326,2528,7.75460122699386,27,31,32,62,84,34.5,33,39.5,34.5,33,43,63,"G5"
"2751","Wyoming","fbs","Mountain West",2014,534232,"D.J. May",1,1,11,1,3.48053331972009,3.48053331972009,3.48053331972009,12,12,12,1,1,1,1,1,0,0,0,0.015,0.015,1,12,12,NA,NA,NA,NA,NA,NA,NA,NA,NA,NA,NA,NA,"G5"
"2751","Wyoming","fbs","Mountain West",2014,546491,"Tanner Gentry",1,1,11,1,3.56596635535268,3.56596635535268,3.56596635535268,18,18,18,1,1,1,1,1,0,0,0,0.0225,0.0225,1,18,18,NA,NA,NA,NA,NA,NA,NA,NA,NA,NA,NA,NA,"G5"
"2751","Wyoming","fbs","Mountain West",2014,546512,"Tom Thornton",9,1,11,9,-3.00097013637212,-0.333441126263569,-3.00097013637212,50,5.55555555555556,50,0.333333333333333,4,9,0.444444444444444,0,0,0,0,0,0,9,50,5.55555555555556,NA,NA,NA,NA,NA,NA,NA,NA,NA,NA,NA,NA,"G5"
"276","Marshall","fbs","Conference USA",2014,518267,"Rakeem Cato",350,11,11,31.8181818181818,137.34357099906,0.392410202854457,12.4857791817327,3137,8.96285714285714,285.181818181818,0.511428571428571,212,350,0.605714285714286,31,0,0,0,0.690674715909091,0.526228354978355,350,3137,8.96285714285714,9,13,10,14,53,11,5,11,11,5,9,9,"G5"
"276","Marshall","fbs","Conference USA",2014,535461,"Gunnar Holcombe",15,3,11,5,5.92938627970051,0.395292418646701,1.9764620932335,94,6.26666666666667,31.3333333333333,0.533333333333333,9,15,0.6,0,0,0,0,0,0,15,94,6.26666666666667,NA,NA,NA,NA,NA,NA,NA,NA,NA,NA,NA,NA,"G5"
"276","Marshall","fbs","Conference USA",2014,3139425,"Deon-Tay McManus",1,1,11,1,2.09709453803148,2.09709453803148,2.09709453803148,6,6,6,1,1,1,1,1,0,0,0,0.0075,0.0075,1,6,6,NA,NA,NA,NA,NA,NA,NA,NA,NA,NA,NA,NA,"G5"
"277","West Virginia","fbs","Big 12",2014,501098,"Clint Trickett",368,10,11,36.8,86.4355248133668,0.234879143514584,8.64355248133668,2914,7.91847826086957,291.4,0.442934782608696,245,368,0.665760869565217,15,0,0,0,0.68296875,0.4371,368,2914,7.91847826086957,38,34,52,52,19,19,28,9,19,28,10,17,"P5"
"277","West Virginia","fbs","Big 12",2014,550507,"Mario Alford",1,1,11,1,2.53262920057949,2.53262920057949,2.53262920057949,23,23,23,1,1,1,1,1,0,0,0,0.02875,0.02875,1,23,23,NA,NA,NA,NA,NA,NA,NA,NA,NA,NA,NA,NA,"P5"
"277","West Virginia","fbs","Big 12",2014,3116460,"Skyler Howard",65,3,11,21.6666666666667,11.392066487653,0.175262561348508,3.79735549588435,483,7.43076923076923,161,0.430769230769231,36,65,0.553846153846154,5,0,0,0,0.335416666666667,0.2515625,65,483,7.43076923076923,NA,NA,NA,NA,NA,NA,NA,NA,NA,NA,NA,NA,"P5"
"278","Fresno State","fbs","Mountain West",2014,501052,"Brandon Connette",40,4,12,10,0.398327363626043,0.00995818409065109,0.0995818409065109,248,6.2,62,0.425,24,40,0.6,1,0,0,0,0.0775,0.031,40,248,6.2,NA,NA,NA,NA,NA,NA,NA,NA,NA,NA,NA,NA,"G5"
"278","Fresno State","fbs","Mountain West",2014,504930,"Josh Harper",2,2,12,1,6.06143276367351,3.03071638183676,3.03071638183676,51,25.5,25.5,1,2,2,1,2,0,0,0,0.0425,0.031875,2,51,25.5,NA,NA,NA,NA,NA,NA,NA,NA,NA,NA,NA,NA,"G5"
"278","Fresno State","fbs","Mountain West",2014,504943,"Greg Watson",3,2,12,1.5,6.83110129694939,2.2770337656498,3.41555064847469,55,18.3333333333333,27.5,0.666666666666667,2,3,0.666666666666667,2,0,0,0,0.0458333333333333,0.034375,3,55,18.3333333333333,NA,NA,NA,NA,NA,NA,NA,NA,NA,NA,NA,NA,"G5"
"278","Fresno State","fbs","Mountain West",2014,532969,"Aaron Peck",2,1,12,2,4.77524086076122,2.38762043038061,4.77524086076122,39,19.5,39,1,2,2,1,2,0,0,0,0.065,0.065,2,39,19.5,NA,NA,NA,NA,NA,NA,NA,NA,NA,NA,NA,NA,"G5"
"278","Fresno State","fbs","Mountain West",2014,546271,"Brian Burrell",368,12,12,30.6666666666667,64.7901400486119,0.176060163175576,5.39917833738433,2298,6.2445652173913,191.5,0.404891304347826,222,368,0.603260869565217,14,0,0,0,0.446833333333333,0.257788461538462,368,2298,6.2445652173913,54,68,73,95,58,48.5,103,80,48.5,103,75,73,"G5"
"278","Fresno State","fbs","Mountain West",2014,550587,"Zack Greenlee",16,1,12,16,-7.66499820374513,-0.47906238773407,-7.66499820374513,55,3.4375,55,0.125,7,16,0.4375,0,0,0,0,0,0,16,55,3.4375,NA,NA,NA,NA,NA,NA,NA,NA,NA,NA,NA,NA,"G5"
"290","Georgia Southern","fbs","Sun Belt",2014,532925,"Kevin Ellison",123,11,11,11.1818181818182,22.1043770452632,0.179710382481815,2.00948882229666,934,7.59349593495935,84.9090909090909,0.382113821138211,69,123,0.560975609756098,4,0,0,0,0.169818181818182,0.0566060606060606,123,934,7.59349593495935,NA,NA,NA,NA,NA,NA,NA,NA,NA,NA,NA,NA,"G5"
"290","Georgia Southern","fbs","Sun Belt",2014,549301,"Favian Upshaw",23,6,11,3.83333333333333,12.8929892170959,0.560564748569386,2.14883153618265,232,10.0869565217391,38.6666666666667,0.478260869565217,17,23,0.739130434782609,1,0,0,0,0.0483333333333333,0.0138095238095238,23,232,10.0869565217391,NA,NA,NA,NA,NA,NA,NA,NA,NA,NA,NA,NA,"G5"
"295","Old Dominion","fbs","Conference USA",2014,513949,"Taylor Heinicke",359,10,10,35.9,117.546185075388,0.327426699374339,11.7546185075388,2809,7.82451253481894,280.9,0.481894150417827,225,359,0.626740947075209,21,0,0,0,0.670329545454545,0.475717741935484,359,2809,7.82451253481894,18,17,28,30,41,22,31,12,22,31,12,10,"G5"
"295","Old Dominion","fbs","Conference USA",2014,513961,"Antonio Vaughan",2,1,10,2,5.3629067448524,2.6814533724262,5.3629067448524,43,21.5,43,1,2,2,1,1,0,0,0,0.05375,0.05375,2,43,21.5,NA,NA,NA,NA,NA,NA,NA,NA,NA,NA,NA,NA,"G5"
"295","Old Dominion","fbs","Conference USA",2014,534739,"Zach Pascal",1,1,10,1,2.80289442515598,2.80289442515598,2.80289442515598,13,13,13,1,1,1,1,1,0,0,0,0.01625,0.01625,1,13,13,NA,NA,NA,NA,NA,NA,NA,NA,NA,NA,NA,NA,"G5"
"295","Old Dominion","fbs","Conference USA",2014,535113,"David Washington",1,1,10,1,0.347162201310149,0.347162201310149,0.347162201310149,1,1,1,1,1,1,1,1,0,0,0,0.00125,0.00125,1,1,1,NA,NA,NA,NA,NA,NA,NA,NA,NA,NA,NA,NA,"G5"
"295","Old Dominion","fbs","Conference USA",2014,3123229,"Marques Little",1,1,10,1,5.10537344481347,5.10537344481347,5.10537344481347,38,38,38,1,1,1,1,1,0,0,0,0.0475,0.0475,1,38,38,NA,NA,NA,NA,NA,NA,NA,NA,NA,NA,NA,NA,"G5"
"30","USC","fbs","Pac-12",2014,500253,"Randall Telfer",2,2,12,1,5.62953427519287,2.81476713759643,2.81476713759643,24,12,12,1,2,2,1,2,0,0,0,0.02,0.015,2,24,12,NA,NA,NA,NA,NA,NA,NA,NA,NA,NA,NA,NA,"P5"
"30","USC","fbs","Pac-12",2014,512842,"George Farmer",2,1,12,2,7.63639964060153,3.81819982030076,7.63639964060153,79,39.5,79,1,2,2,1,2,0,0,0,0.131666666666667,0.131666666666667,2,79,39.5,NA,NA,NA,NA,NA,NA,NA,NA,NA,NA,NA,NA,"P5"
"30","USC","fbs","Pac-12",2014,513329,"Cody Kessler",399,12,12,33.25,175.72830727521,0.440421822744887,14.6440256062675,3331,8.3483709273183,277.583333333333,0.503759398496241,282,399,0.706766917293233,26,0,0,0,0.668256172839506,0.474813596491228,399,3331,8.3483709273183,3,7,6,18,3,6,15,13,6,15,13,11,"P5"
"30","USC","fbs","Pac-12",2014,531009,"Darreus Rogers",1,1,12,1,1.29020088849567,1.29020088849567,1.29020088849567,6,6,6,1,1,1,1,1,0,0,0,0.0075,0.0075,1,6,6,NA,NA,NA,NA,NA,NA,NA,NA,NA,NA,NA,NA,"P5"
"30","USC","fbs","Pac-12",2014,531010,"Nelson Agholor",2,2,12,1,4.81371992247566,2.40685996123783,2.40685996123783,35,17.5,17.5,1,2,2,1,2,0,0,0,0.0291666666666667,0.021875,2,35,17.5,NA,NA,NA,NA,NA,NA,NA,NA,NA,NA,NA,NA,"P5"
"30","USC","fbs","Pac-12",2014,546415,"Max Browne",8,3,12,2.66666666666667,-4.02528689382884,-0.503160861728605,-1.34176229794295,40,5,13.3333333333333,0.375,4,8,0.5,0,0,0,0,0,0,8,40,5,NA,NA,NA,NA,NA,NA,NA,NA,NA,NA,NA,NA,"P5"
"30","USC","fbs","Pac-12",2014,546418,"Justin Davis",1,1,12,1,1.80267963236799,1.80267963236799,1.80267963236799,2,2,2,1,1,1,1,1,0,0,0,0.0025,0.0025,1,2,2,NA,NA,NA,NA,NA,NA,NA,NA,NA,NA,NA,NA,"P5"
"30","USC","fbs","Pac-12",2014,3120347,"Adoree' Jackson",1,1,12,1,2.07148108282799,2.07148108282799,2.07148108282799,16,16,16,1,1,1,1,1,0,0,0,0.02,0.02,1,16,16,NA,NA,NA,NA,NA,NA,NA,NA,NA,NA,NA,NA,"P5"
"30","USC","fbs","Pac-12",2014,3120353,"Ajene Harris",1,1,12,1,-0.856076584489585,-0.856076584489585,-0.856076584489585,0,0,0,0,0,1,0,0,0,0,0,0,0,1,0,0,NA,NA,NA,NA,NA,NA,NA,NA,NA,NA,NA,NA,"P5"
"309","Louisiana","fbs","Sun Belt",2014,503922,"Terrance Broadway",270,11,11,24.5454545454545,19.0160266780709,0.0704297284372997,1.72872969800645,1683,6.23333333333333,153,0.411111111111111,168,270,0.622222222222222,6,0,0,0,0.327857142857143,0.135,270,1683,6.23333333333333,103,105,103,90,44,90,104,104,90,104,106,110,"G5"
"309","Louisiana","fbs","Sun Belt",2014,505186,"Hunter Stover",1,1,11,1,4.27052921136258,4.27052921136258,4.27052921136258,14,14,14,1,1,1,1,0,0,0,0,0,0,1,14,14,NA,NA,NA,NA,NA,NA,NA,NA,NA,NA,NA,NA,"G5"
"309","Louisiana","fbs","Sun Belt",2014,512339,"Jamal Robinson",1,1,11,1,4.42598726862312,4.42598726862312,4.42598726862312,19,19,19,1,1,1,1,1,0,0,0,0.02375,0.02375,1,19,19,NA,NA,NA,NA,NA,NA,NA,NA,NA,NA,NA,NA,"G5"
"309","Louisiana","fbs","Sun Belt",2014,531678,"Brooks Haack",19,3,11,6.33333333333333,13.2913500196039,0.69954473787389,4.43045000653464,152,8,50.6666666666667,0.526315789473684,16,19,0.842105263157895,1,0,0,0,0.0633333333333333,0.0316666666666667,19,152,8,NA,NA,NA,NA,NA,NA,NA,NA,NA,NA,NA,NA,"G5"
"309","Louisiana","fbs","Sun Belt",2014,545809,"Elijah McGuire",2,2,11,1,3.85829733397672,1.92914866698836,1.92914866698836,62,31,31,0.5,1,2,0.5,1,0,0,0,0.03875,0.0258333333333333,2,62,31,NA,NA,NA,NA,NA,NA,NA,NA,NA,NA,NA,NA,"G5"
"309","Louisiana","fbs","Sun Belt",2014,3124919,"Gabe Fuselier",1,1,11,1,4.03459631252669,4.03459631252669,4.03459631252669,36,36,36,1,1,1,1,1,0,0,0,0.045,0.045,1,36,36,NA,NA,NA,NA,NA,NA,NA,NA,NA,NA,NA,NA,"G5"
"326","Texas State","fbs","Sun Belt",2014,548232,"C.J. Best",1,1,11,1,5.95787669390228,5.95787669390228,5.95787669390228,70,70,70,1,1,1,1,1,0,0,0,0.0875,0.0875,1,70,70,NA,NA,NA,NA,NA,NA,NA,NA,NA,NA,NA,NA,"G5"
"326","Texas State","fbs","Sun Belt",2014,548237,"Brice Gunter",1,1,11,1,5.27076268372176,5.27076268372176,5.27076268372176,33,33,33,1,1,1,1,1,0,0,0,0.04125,0.04125,1,33,33,NA,NA,NA,NA,NA,NA,NA,NA,NA,NA,NA,NA,"G5"
"326","Texas State","fbs","Sun Belt",2014,548240,"Tyler Jones",335,11,11,30.4545454545455,55.100450819733,0.164478957670845,5.009131892703,2214,6.6089552238806,201.272727272727,0.408955223880597,218,335,0.650746268656716,13,0,0,0,0.46724025974026,0.272556818181818,335,2214,6.6089552238806,64,72,77,92,27,56,82,70,56,82,63,64,"G5"
"326","Texas State","fbs","Sun Belt",2014,548242,"Demun Mercer",1,1,11,1,1.7198447580799,1.7198447580799,1.7198447580799,2,2,2,1,1,1,1,1,0,0,0,0.0025,0.0025,1,2,2,NA,NA,NA,NA,NA,NA,NA,NA,NA,NA,NA,NA,"G5"
"328","Utah State","fbs","Mountain West",2014,512806,"Chuckie Keeton",58,2,12,29,-2.20391201430896,-0.0379984830053269,-1.10195600715448,273,4.70689655172414,136.5,0.344827586206897,37,58,0.637931034482759,1,0,0,0,0.170625,0.11375,58,273,4.70689655172414,NA,NA,NA,NA,NA,NA,NA,NA,NA,NA,NA,NA,"G5"
"328","Utah State","fbs","Mountain West",2014,531196,"Craig Harrison",35,2,12,17.5,-0.411990024054198,-0.0117711435444057,-0.205995012027099,249,7.11428571428571,124.5,0.314285714285714,18,35,0.514285714285714,3,0,0,0,0.2334375,0.18675,35,249,7.11428571428571,NA,NA,NA,NA,NA,NA,NA,NA,NA,NA,NA,NA,"G5"
"328","Utah State","fbs","Mountain West",2014,531204,"Nick Vigil",2,1,12,2,0.0884958243691827,0.0442479121845913,0.0884958243691827,13,6.5,13,0.5,2,2,1,0,0,0,0,0,0,2,13,6.5,NA,NA,NA,NA,NA,NA,NA,NA,NA,NA,NA,NA,"G5"
"328","Utah State","fbs","Mountain West",2014,550720,"Darell Garretson",129,5,12,25.8,33.2118293801703,0.257456041706747,6.64236587603406,1133,8.78294573643411,226.6,0.410852713178295,90,129,0.697674418604651,8,0,0,0,0.503555555555556,0.348615384615385,129,1133,8.78294573643411,NA,NA,NA,NA,NA,NA,NA,NA,NA,NA,NA,NA,"G5"
"328","Utah State","fbs","Mountain West",2014,550724,"Ronald Butler",5,4,12,1.25,3.24419733093873,0.648839466187747,0.811049332734683,91,18.2,22.75,0.4,3,5,0.6,2,0,0,0,0.0379166666666667,0.0189583333333333,5,91,18.2,NA,NA,NA,NA,NA,NA,NA,NA,NA,NA,NA,NA,"G5"
"328","Utah State","fbs","Mountain West",2014,3125353,"Kent Myers",104,6,12,17.3333333333333,22.2612217771008,0.2140502093952,3.7102036295168,790,7.59615384615385,131.666666666667,0.423076923076923,73,104,0.701923076923077,5,0,0,0,0.274305555555556,0.149621212121212,104,790,7.59615384615385,NA,NA,NA,NA,NA,NA,NA,NA,NA,NA,NA,NA,"G5"
"328","Utah State","fbs","Mountain West",2014,3125354,"Hunter Sharp",1,1,12,1,4.40984174412052,4.40984174412052,4.40984174412052,37,37,37,1,1,1,1,1,0,0,0,0.04625,0.04625,1,37,37,NA,NA,NA,NA,NA,NA,NA,NA,NA,NA,NA,NA,"G5"
"333","Alabama","fbs","SEC",2014,504052,"Blake Sims",311,12,12,25.9166666666667,135.110339821916,0.434438391710342,11.2591949851597,2674,8.59807073954984,222.833333333333,0.517684887459807,200,311,0.643086816720257,14,0,0,0,0.519944444444445,0.299967948717949,311,2674,8.59807073954984,10,20,8,10,31,28,11,49,28,11,45,51,"P5"
"333","Alabama","fbs","SEC",2014,504057,"DeAndrew White",2,2,12,1,5.07745280650922,2.53872640325461,2.53872640325461,12,6,6,1,2,2,1,2,0,0,0,0.01,0.0075,2,12,6,NA,NA,NA,NA,NA,NA,NA,NA,NA,NA,NA,NA,"P5"
"333","Alabama","fbs","SEC",2014,514124,"Jake Coker",41,4,12,10.25,7.3865872000166,0.180160663415039,1.84664680000415,288,7.02439024390244,72,0.48780487804878,26,41,0.634146341463415,3,0,0,0,0.135,0.0771428571428571,41,288,7.02439024390244,NA,NA,NA,NA,NA,NA,NA,NA,NA,NA,NA,NA,"P5"
"333","Alabama","fbs","SEC",2014,534409,"T.J. Yeldon",1,1,12,1,3.99631237005524,3.99631237005524,3.99631237005524,22,22,22,1,1,1,1,1,0,0,0,0.0275,0.0275,1,22,22,NA,NA,NA,NA,NA,NA,NA,NA,NA,NA,NA,NA,"P5"
"333","Alabama","fbs","SEC",2014,534458,"Amari Cooper",6,3,12,2,25.7783946701609,4.29639911169348,8.59279822338697,275,45.8333333333333,91.6666666666667,1,6,6,1,6,0,0,0,0.196428571428571,0.152777777777778,6,275,45.8333333333333,NA,NA,NA,NA,NA,NA,NA,NA,NA,NA,NA,NA,"P5"
"344","Mississippi State","fbs","SEC",2014,504243,"Jameon Lewis",1,1,11,1,3.06790258879444,3.06790258879444,3.06790258879444,24,24,24,1,1,1,1,1,0,0,0,0.03,0.03,1,24,24,NA,NA,NA,NA,NA,NA,NA,NA,NA,NA,NA,NA,"P5"
"344","Mississippi State","fbs","SEC",2014,512030,"Dak Prescott",317,11,11,28.8181818181818,108.710424070941,0.342935091706438,9.88276582463098,2782,8.77602523659306,252.909090909091,0.529968454258675,200,317,0.630914826498423,20,0,0,0,0.602164502164502,0.40791788856305,317,2782,8.77602523659306,22,24,23,5,38,24,7,26,24,7,24,23,"P5"
"344","Mississippi State","fbs","SEC",2014,546603,"Damian Williams",14,4,11,3.5,-3.12537553898504,-0.223241109927503,-0.78134388474626,45,3.21428571428571,11.25,0.357142857142857,8,14,0.571428571428571,1,0,0,0,0.0140625,0.005625,14,45,3.21428571428571,NA,NA,NA,NA,NA,NA,NA,NA,NA,NA,NA,NA,"P5"
"344","Mississippi State","fbs","SEC",2014,546607,"Gabe Myles",1,1,11,1,0.89833073163524,0.89833073163524,0.89833073163524,11,11,11,1,1,1,1,0,0,0,0,0,0,1,11,11,NA,NA,NA,NA,NA,NA,NA,NA,NA,NA,NA,NA,"P5"
"344","Mississippi State","fbs","SEC",2014,546621,"De'Runnya Wilson",1,1,11,1,4.74627989284606,4.74627989284606,4.74627989284606,34,34,34,1,1,1,1,1,0,0,0,0.0425,0.0425,1,34,34,NA,NA,NA,NA,NA,NA,NA,NA,NA,NA,NA,NA,"P5"
"349","Army","fbs","FBS Independents",2014,515360,"Angel Santiago",55,9,9,6.11111111111111,-3.97314938299854,-0.0722390796908826,-0.441461042555394,323,5.87272727272727,35.8888888888889,0.309090909090909,27,55,0.490909090909091,1,0,0,0,0.0448611111111111,0.00897222222222222,55,323,5.87272727272727,NA,NA,NA,NA,NA,NA,NA,NA,NA,NA,NA,NA,"G5"
"349","Army","fbs","FBS Independents",2014,535646,"A.J. Schurr",12,6,9,2,1.02681443095236,0.0855678692460296,0.171135738492059,121,10.0833333333333,20.1666666666667,0.333333333333333,5,12,0.416666666666667,0,0,0,0,0,0,12,121,10.0833333333333,NA,NA,NA,NA,NA,NA,NA,NA,NA,NA,NA,NA,"G5"
"349","Army","fbs","FBS Independents",2014,535647,"Kelvin White",1,1,9,1,-0.596157830589782,-0.596157830589782,-0.596157830589782,0,0,0,0,0,1,0,0,0,0,0,0,0,1,0,0,NA,NA,NA,NA,NA,NA,NA,NA,NA,NA,NA,NA,"G5"
"349","Army","fbs","FBS Independents",2014,535660,"Alex Tardieu",1,1,9,1,-2.37660922747668,-2.37660922747668,-2.37660922747668,-4,-4,-4,0,1,1,1,0,0,0,0,0,0,1,-4,-4,NA,NA,NA,NA,NA,NA,NA,NA,NA,NA,NA,NA,"G5"
"349","Army","fbs","FBS Independents",2014,550766,"Joe Walker",2,2,9,1,2.54553494501963,1.27276747250981,1.27276747250981,4,2,2,0.5,1,2,0.5,1,0,0,0,0.0025,0.00166666666666667,2,4,2,NA,NA,NA,NA,NA,NA,NA,NA,NA,NA,NA,NA,"G5"
"356","Illinois","fbs","Big Ten",2014,515454,"Reilly O'Toole",150,9,11,16.6666666666667,30.7532071930343,0.205021381286895,3.41702302144826,1049,6.99333333333333,116.555555555556,0.446666666666667,98,150,0.653333333333333,9,0,0,0,0.26225,0.145694444444444,150,1049,6.99333333333333,NA,NA,NA,NA,NA,NA,NA,NA,NA,NA,NA,NA,"P5"
"356","Illinois","fbs","Big Ten",2014,534652,"Wes Lunt",192,6,11,32,46.4008626024956,0.241671159387998,7.73347710041594,1432,7.45833333333333,238.666666666667,0.416666666666667,124,192,0.645833333333333,9,0,0,0,0.537,0.358,192,1432,7.45833333333333,77,44,48,85,29,101,47,36,101,47,37,30,"P5"
"356","Illinois","fbs","Big Ten",2014,546062,"Aaron Bailey",21,3,11,7,6.6547412208296,0.316892439087124,2.21824707360987,118,5.61904761904762,39.3333333333333,0.380952380952381,11,21,0.523809523809524,1,0,0,0,0.0491666666666667,0.0245833333333333,21,118,5.61904761904762,NA,NA,NA,NA,NA,NA,NA,NA,NA,NA,NA,NA,"P5"
"356","Illinois","fbs","Big Ten",2014,3115915,"Mike Dudek",1,1,11,1,0.908307552323068,0.908307552323068,0.908307552323068,22,22,22,1,1,1,1,0,0,0,0,0,0,1,22,22,NA,NA,NA,NA,NA,NA,NA,NA,NA,NA,NA,NA,"P5"
"36","Colorado State","fbs","Mountain West",2014,515528,"Garrett Grayson",322,10,10,32.2,165.673638933138,0.514514406624651,16.5673638933138,3065,9.51863354037267,306.5,0.518633540372671,207,322,0.642857142857143,27,0,0,0,0.738883928571429,0.559155405405405,322,3065,9.51863354037267,5,3,2,8,32,14,3,8,14,3,8,8,"G5"
"36","Colorado State","fbs","Mountain West",2014,515534,"Charles Lovett",1,1,10,1,-0.630154864159358,-0.630154864159358,-0.630154864159358,0,0,0,0,0,1,0,0,0,0,0,0,0,1,0,0,NA,NA,NA,NA,NA,NA,NA,NA,NA,NA,NA,NA,"G5"
"36","Colorado State","fbs","Mountain West",2014,546267,"Nick Stevens",22,4,10,5.5,-2.48907540811239,-0.113139791277836,-0.622268852028097,109,4.95454545454545,27.25,0.227272727272727,12,22,0.545454545454545,1,0,0,0,0.0340625,0.013625,22,109,4.95454545454545,NA,NA,NA,NA,NA,NA,NA,NA,NA,NA,NA,NA,"G5"
"38","Colorado","fbs","Pac-12",2014,513736,"D.D. Goodson",1,1,12,1,1.0188769152558,1.0188769152558,1.0188769152558,7,7,7,1,1,1,1,1,0,0,0,0.00875,0.00875,1,7,7,NA,NA,NA,NA,NA,NA,NA,NA,NA,NA,NA,NA,"P5"
"38","Colorado","fbs","Pac-12",2014,550268,"Jordan Gehrke",44,4,12,11,-7.47505249842889,-0.169887556782475,-1.86876312460722,170,3.86363636363636,42.5,0.25,20,44,0.454545454545455,0,0,0,0,0,0,44,170,3.86363636363636,NA,NA,NA,NA,NA,NA,NA,NA,NA,NA,NA,NA,"P5"
"38","Colorado","fbs","Pac-12",2014,550278,"Sefo Liufau",473,12,12,39.4166666666667,113.958555776252,0.240927179230976,9.49654631468763,3077,6.50528541226216,256.416666666667,0.482029598308668,319,473,0.674418604651163,26,0,0,0,0.617299382716049,0.438607456140351,473,3077,6.50528541226216,19,27,49,29,15,13,91,23,13,91,19,16,"P5"
"38","Colorado","fbs","Pac-12",2014,3122607,"Shay Fields",2,2,12,1,8.04313095306158,4.02156547653079,4.02156547653079,96,48,48,1,2,2,1,1,0,0,0,0.06,0.04,2,96,48,NA,NA,NA,NA,NA,NA,NA,NA,NA,NA,NA,NA,"P5"
"41","UConn","fbs","American Athletic",2014,512100,"Deshon Foxx",2,2,10,1,-1.60996305803979,-0.804981529019895,-0.804981529019895,4,2,2,0,1,2,0.5,0,0,0,0,0,0,2,4,2,NA,NA,NA,NA,NA,NA,NA,NA,NA,NA,NA,NA,"G5"
"41","UConn","fbs","American Athletic",2014,533235,"Casey Cochran",30,1,10,30,6.41243967363568,0.213747989121189,6.41243967363568,171,5.7,171,0.4,17,30,0.566666666666667,0,0,0,0,0,0,30,171,5.7,NA,NA,NA,NA,NA,NA,NA,NA,NA,NA,NA,NA,"G5"
"41","UConn","fbs","American Athletic",2014,533264,"Chandler Whitmer",184,10,10,18.4,34.7853145971052,0.189050622810354,3.47853145971052,1338,7.27173913043478,133.8,0.369565217391304,110,184,0.597826086956522,9,0,0,0,0.30105,0.158447368421053,184,1338,7.27173913043478,88,92,70,113,64,107,61,112,107,61,110,106,"G5"
"41","UConn","fbs","American Athletic",2014,546675,"Tim Boyle",57,8,10,7.125,-16.9659688310177,-0.297648575982766,-2.12074610387721,226,3.96491228070175,28.25,0.315789473684211,29,57,0.508771929824561,0,0,0,0,0,0,57,226,3.96491228070175,NA,NA,NA,NA,NA,NA,NA,NA,NA,NA,NA,NA,"G5"
"41","UConn","fbs","American Athletic",2014,546700,"Noel Thomas",1,1,10,1,4.67881689557467,4.67881689557467,4.67881689557467,32,32,32,1,1,1,1,1,0,0,0,0.04,0.04,1,32,32,NA,NA,NA,NA,NA,NA,NA,NA,NA,NA,NA,NA,"G5"
"41","UConn","fbs","American Athletic",2014,3125907,"Arkeel Newsome",1,1,10,1,6.51156934833858,6.51156934833858,6.51156934833858,39,39,39,1,1,1,1,1,0,0,0,0.04875,0.04875,1,39,39,NA,NA,NA,NA,NA,NA,NA,NA,NA,NA,NA,NA,"G5"
"5","UAB","fbs","Conference USA",2014,503640,"D.J. Vinson",1,1,10,1,2.20854804544981,2.20854804544981,2.20854804544981,4,4,4,1,1,1,1,1,0,0,0,0.005,0.005,1,4,4,NA,NA,NA,NA,NA,NA,NA,NA,NA,NA,NA,NA,"G5"
"5","UAB","fbs","Conference USA",2014,503643,"Nolen Smith",2,2,10,1,-0.0357070269226112,-0.0178535134613056,-0.0178535134613056,37,18.5,18.5,0.5,1,2,0.5,0,0,0,0,0,0,2,37,18.5,NA,NA,NA,NA,NA,NA,NA,NA,NA,NA,NA,NA,"G5"
"5","UAB","fbs","Conference USA",2014,514147,"Hunter Mullins",1,1,10,1,4.29062717875745,4.29062717875745,4.29062717875745,12,12,12,1,1,1,1,0,0,0,0,0,0,1,12,12,NA,NA,NA,NA,NA,NA,NA,NA,NA,NA,NA,NA,"G5"
"5","UAB","fbs","Conference USA",2014,550754,"Jeremiah Briscoe",36,4,10,9,-3.33485134103198,-0.0926347594731104,-0.833712835257994,301,8.36111111111111,75.25,0.222222222222222,13,36,0.361111111111111,3,0,0,0,0.14109375,0.080625,36,301,8.36111111111111,NA,NA,NA,NA,NA,NA,NA,NA,NA,NA,NA,NA,"G5"
"5","UAB","fbs","Conference USA",2014,552904,"Jordan Howard",1,1,10,1,-0.583996160938107,-0.583996160938107,-0.583996160938107,0,0,0,0,1,1,1,0,0,0,0,0,0,1,0,0,NA,NA,NA,NA,NA,NA,NA,NA,NA,NA,NA,NA,"G5"
"5","UAB","fbs","Conference USA",2014,3129249,"Cody Clements",217,9,10,24.1111111111111,74.5545921555466,0.343569549103902,8.28384357283851,1778,8.19354838709677,197.555555555556,0.474654377880184,147,217,0.67741935483871,12,0,0,0,0.455897435897436,0.282222222222222,217,1778,8.19354838709677,45,39,22,34,10,84,20,73,84,20,73,59,"G5"
"52","Florida State","fbs","ACC",2014,517377,"Nick O'Leary",2,2,12,1,8.31277664780547,4.15638832390274,4.15638832390274,76,38,38,1,2,2,1,2,0,0,0,0.0633333333333333,0.0475,2,76,38,NA,NA,NA,NA,NA,NA,NA,NA,NA,NA,NA,NA,"P5"
"52","Florida State","fbs","ACC",2014,517390,"Karlos Williams",1,1,12,1,3.60409485362159,3.60409485362159,3.60409485362159,11,11,11,1,1,1,1,1,0,0,0,0.01375,0.01375,1,11,11,NA,NA,NA,NA,NA,NA,NA,NA,NA,NA,NA,NA,"P5"
"52","Florida State","fbs","ACC",2014,530299,"Sean Maguire",40,2,12,20,10.9015344523563,0.272538361308907,5.45076722617815,312,7.8,156,0.4,22,40,0.55,1,0,0,0,0.195,0.13,40,312,7.8,NA,NA,NA,NA,NA,NA,NA,NA,NA,NA,NA,NA,"P5"
"52","Florida State","fbs","ACC",2014,530308,"Jameis Winston",368,11,12,33.4545454545455,124.0296820521,0.337037179489401,11.2754256411,2932,7.96739130434783,266.545454545455,0.546195652173913,244,368,0.66304347826087,12,0,0,0,0.615104895104895,0.347667984189723,368,2932,7.96739130434783,15,19,27,1,20,17,25,18,17,25,20,34,"P5"
"52","Florida State","fbs","ACC",2014,546812,"Freddie Stevenson",1,1,12,1,5.17562432012665,5.17562432012665,5.17562432012665,35,35,35,1,1,1,1,1,0,0,0,0.04375,0.04375,1,35,35,NA,NA,NA,NA,NA,NA,NA,NA,NA,NA,NA,NA,"P5"
"52","Florida State","fbs","ACC",2014,3122926,"Ermon Lane",1,1,12,1,5.53673065693265,5.53673065693265,5.53673065693265,47,47,47,1,1,1,1,1,0,0,0,0.05875,0.05875,1,47,47,NA,NA,NA,NA,NA,NA,NA,NA,NA,NA,NA,NA,"P5"
"52","Florida State","fbs","ACC",2014,3122935,"Travis Rudolph",2,2,12,1,12.1190172254468,6.05950861272339,6.05950861272339,127,63.5,63.5,1,2,2,1,2,0,0,0,0.105833333333333,0.079375,2,127,63.5,NA,NA,NA,NA,NA,NA,NA,NA,NA,NA,NA,NA,"P5"
"57","Florida","fbs","SEC",2014,511889,"Jeff Driskel",173,7,10,24.7142857142857,-12.6367775711955,-0.0730449570589338,-1.80525393874222,919,5.3121387283237,131.285714285714,0.369942196531792,96,173,0.554913294797688,5,0,0,0,0.273511904761905,0.136755952380952,173,919,5.3121387283237,119,119,120,111,102,119,118,116,119,118,115,109,"P5"
"57","Florida","fbs","SEC",2014,3121647,"Treon Harris",83,7,10,11.8571428571429,25.4055669876133,0.306091168525462,3.62936671251619,744,8.96385542168675,106.285714285714,0.397590361445783,45,83,0.542168674698795,5,0,0,0,0.221428571428571,0.110714285714286,83,744,8.96385542168675,NA,NA,NA,NA,NA,NA,NA,NA,NA,NA,NA,NA,"P5"
"58","South Florida","fbs","American Athletic",2014,514744,"Andre Davis",1,1,11,1,5.46660668180995,5.46660668180995,5.46660668180995,9,9,9,1,1,1,1,1,0,0,0,0.01125,0.01125,1,9,9,NA,NA,NA,NA,NA,NA,NA,NA,NA,NA,NA,NA,"G5"
"58","South Florida","fbs","American Athletic",2014,514758,"Mike McFarland",1,1,11,1,-2.63137362788137,-2.63137362788137,-2.63137362788137,0,0,0,0,0,1,0,0,0,0,0,0,0,1,0,0,NA,NA,NA,NA,NA,NA,NA,NA,NA,NA,NA,NA,"G5"
"58","South Florida","fbs","American Athletic",2014,539215,"Steven Bench",96,5,11,19.2,7.23665792564578,0.0753818533921435,1.44733158512916,592,6.16666666666667,118.4,0.385416666666667,47,96,0.489583333333333,2,0,0,0,0.197333333333333,0.0845714285714286,96,592,6.16666666666667,NA,NA,NA,NA,NA,NA,NA,NA,NA,NA,NA,NA,"G5"
"58","South Florida","fbs","American Athletic",2014,549804,"Mike White",209,10,11,20.9,54.0510846470103,0.258617629890001,5.40510846470103,1458,6.97607655502392,145.8,0.411483253588517,113,209,0.54066985645933,8,0,0,0,0.324,0.162,209,1458,6.97607655502392,65,67,44,89,110,100,72,106,100,72,107,104,"G5"
"58","South Florida","fbs","American Athletic",2014,552748,"Rodney Adams",1,1,11,1,-0.633120128543809,-0.633120128543809,-0.633120128543809,0,0,0,0,0,1,0,0,0,0,0,0,0,1,0,0,NA,NA,NA,NA,NA,NA,NA,NA,NA,NA,NA,NA,"G5"
"58","South Florida","fbs","American Athletic",2014,3139591,"Quinton Flowers",18,3,11,6,-3.58227545005994,-0.199015302781108,-1.19409181668665,110,6.11111111111111,36.6666666666667,0.333333333333333,8,18,0.444444444444444,0,0,0,0,0,0,18,110,6.11111111111111,NA,NA,NA,NA,NA,NA,NA,NA,NA,NA,NA,NA,"G5"
"59","Georgia Tech","fbs","ACC",2014,500212,"B.J. Bostic",1,1,12,1,0.943440455080458,0.943440455080458,0.943440455080458,15,15,15,1,1,1,1,0,0,0,0,0,0,1,15,15,NA,NA,NA,NA,NA,NA,NA,NA,NA,NA,NA,NA,"P5"
"59","Georgia Tech","fbs","ACC",2014,512366,"Tim Byerly",13,3,12,4.33333333333333,11.7090016978584,0.900692438296799,3.9030005659528,148,11.3846153846154,49.3333333333333,0.692307692307692,9,13,0.692307692307692,1,0,0,0,0.0616666666666667,0.0308333333333333,13,148,11.3846153846154,NA,NA,NA,NA,NA,NA,NA,NA,NA,NA,NA,NA,"P5"
"59","Georgia Tech","fbs","ACC",2014,513727,"Darren Waller",2,2,12,1,8.64904162215064,4.32452081107532,4.32452081107532,32,16,16,1,2,2,1,2,0,0,0,0.0266666666666667,0.02,2,32,16,NA,NA,NA,NA,NA,NA,NA,NA,NA,NA,NA,NA,"P5"
"59","Georgia Tech","fbs","ACC",2014,531104,"Justin Thomas",152,12,12,12.6666666666667,45.9991990198111,0.302626309340863,3.83326658498426,1249,8.2171052631579,104.083333333333,0.414473684210526,75,152,0.493421052631579,12,0,0,0,0.240192307692308,0.130104166666667,152,1249,8.2171052631579,NA,NA,NA,NA,NA,NA,NA,NA,NA,NA,NA,NA,"P5"
"59","Georgia Tech","fbs","ACC",2014,551571,"DeAndre Smelter",1,1,12,1,4.81712452073565,4.81712452073565,4.81712452073565,31,31,31,1,1,1,1,1,0,0,0,0.03875,0.03875,1,31,31,NA,NA,NA,NA,NA,NA,NA,NA,NA,NA,NA,NA,"P5"
"6","South Alabama","fbs","Sun Belt",2014,507211,"Brandon Bridge",238,9,11,26.4444444444444,19.3828528471175,0.0814405581811658,2.15365031634638,1405,5.90336134453782,156.111111111111,0.390756302521008,124,238,0.521008403361345,12,0,0,0,0.36025641025641,0.223015873015873,238,1405,5.90336134453782,102,102,99,101,115,102,112,102,102,112,101,81,"G5"
"6","South Alabama","fbs","Sun Belt",2014,512248,"Jake Howton",1,1,11,1,3.09237869406681,3.09237869406681,3.09237869406681,28,28,28,1,1,1,1,1,0,0,0,0.035,0.035,1,28,28,NA,NA,NA,NA,NA,NA,NA,NA,NA,NA,NA,NA,"G5"
"6","South Alabama","fbs","Sun Belt",2014,514749,"Matt Floyd",41,3,11,13.6666666666667,-3.50809170162557,-0.08556321223477,-1.16936390054186,263,6.41463414634146,87.6666666666667,0.317073170731707,19,41,0.463414634146341,0,0,0,0,0,0,41,263,6.41463414634146,NA,NA,NA,NA,NA,NA,NA,NA,NA,NA,NA,NA,"G5"
"6","South Alabama","fbs","Sun Belt",2014,546744,"Shavarez Smith",1,1,11,1,4.65547049953142,4.65547049953142,4.65547049953142,45,45,45,1,1,1,1,1,0,0,0,0.05625,0.05625,1,45,45,NA,NA,NA,NA,NA,NA,NA,NA,NA,NA,NA,NA,"G5"
"6","South Alabama","fbs","Sun Belt",2014,3125255,"Hunter Vaughn",53,4,11,13.25,18.6358522013805,0.351619852856235,4.65896305034512,342,6.45283018867925,85.5,0.509433962264151,38,53,0.716981132075472,1,0,0,0,0.106875,0.04275,53,342,6.45283018867925,NA,NA,NA,NA,NA,NA,NA,NA,NA,NA,NA,NA,"G5"
"61","Georgia","fbs","SEC",2014,504004,"Hutson Mason",240,11,11,21.8181818181818,69.3656196380001,0.289023415158334,6.30596542163637,1767,7.3625,160.636363636364,0.5125,162,240,0.675,12,0,0,0,0.370699300699301,0.209525691699605,240,1767,7.3625,49,54,38,12,13,85.5,56,100,85.5,56,96,85,"P5"
"61","Georgia","fbs","SEC",2014,512178,"Malcolm Mitchell",2,2,11,1,7.85852952085198,3.92926476042599,3.92926476042599,26,13,13,1,2,2,1,2,0,0,0,0.0216666666666667,0.01625,2,26,13,NA,NA,NA,NA,NA,NA,NA,NA,NA,NA,NA,NA,"P5"
"61","Georgia","fbs","SEC",2014,513146,"Chris Conley",2,1,11,2,4.62025697467246,2.31012848733623,4.62025697467246,19,9.5,19,1,2,2,1,2,0,0,0,0.0316666666666667,0.0316666666666667,2,19,9.5,NA,NA,NA,NA,NA,NA,NA,NA,NA,NA,NA,NA,"P5"
"61","Georgia","fbs","SEC",2014,530931,"Faton Bauta",3,1,11,3,-1.37965971809519,-0.459886572698395,-1.37965971809519,17,5.66666666666667,17,0.333333333333333,2,3,0.666666666666667,0,0,0,0,0,0,3,17,5.66666666666667,NA,NA,NA,NA,NA,NA,NA,NA,NA,NA,NA,NA,"P5"
"61","Georgia","fbs","SEC",2014,546345,"Brice Ramsey",17,4,11,4.25,10.6551523366559,0.62677366686211,2.66378808416397,182,10.7058823529412,45.5,0.588235294117647,11,17,0.647058823529412,1,0,0,0,0.056875,0.02275,17,182,10.7058823529412,NA,NA,NA,NA,NA,NA,NA,NA,NA,NA,NA,NA,"P5"
"61","Georgia","fbs","SEC",2014,3128723,"Jeb Blazevich",2,1,11,2,4.36997975379052,2.18498987689526,4.36997975379052,18,9,18,1,2,2,1,2,0,0,0,0.03,0.03,2,18,9,NA,NA,NA,NA,NA,NA,NA,NA,NA,NA,NA,NA,"P5"
"62","Hawai'i","fbs","Mountain West",2014,504955,"Joey Iosefa",3,3,10,1,2.0630596188219,0.6876865396073,0.6876865396073,20,6.66666666666667,6.66666666666667,0.666666666666667,2,3,0.666666666666667,1,0,0,0,0.00833333333333333,0.00416666666666667,3,20,6.66666666666667,NA,NA,NA,NA,NA,NA,NA,NA,NA,NA,NA,NA,"G5"
"62","Hawai'i","fbs","Mountain West",2014,505049,"Jeremy Higgins",17,1,10,17,-9.17477796158249,-0.539692821269558,-9.17477796158249,66,3.88235294117647,66,0.176470588235294,4,17,0.235294117647059,0,0,0,0,0,0,17,66,3.88235294117647,NA,NA,NA,NA,NA,NA,NA,NA,NA,NA,NA,NA,"G5"
"62","Hawai'i","fbs","Mountain West",2014,516282,"Quinton Pedroza",1,1,10,1,-0.286544362713576,-0.286544362713576,-0.286544362713576,0,0,0,0,0,1,0,0,0,0,0,0,0,1,0,0,NA,NA,NA,NA,NA,NA,NA,NA,NA,NA,NA,NA,"G5"
"62","Hawai'i","fbs","Mountain West",2014,532975,"Taylor Graham",21,2,10,10.5,6.25736914850635,0.297969959452683,3.12868457425318,133,6.33333333333333,66.5,0.523809523809524,12,21,0.571428571428571,1,0,0,0,0.083125,0.0554166666666667,21,133,6.33333333333333,NA,NA,NA,NA,NA,NA,NA,NA,NA,NA,NA,NA,"G5"
"62","Hawai'i","fbs","Mountain West",2014,532976,"Ikaika Woolsey",297,10,10,29.7,32.6323338339779,0.109873177892182,3.26323338339779,1918,6.45791245791246,191.8,0.353535353535354,152,297,0.511784511784512,10,0,0,0,0.435909090909091,0.23975,297,1918,6.45791245791246,91,93,95,115,116,73,92,78,73,92,78,79,"G5"
"62","Hawai'i","fbs","Mountain West",2014,547195,"Marcus Kemp",1,1,10,1,7,7,7,20,20,20,1,1,1,1,1,0,0,0,0.025,0.025,1,20,20,NA,NA,NA,NA,NA,NA,NA,NA,NA,NA,NA,NA,"G5"
"66","Iowa State","fbs","Big 12",2014,502093,"Jarvis West",2,1,11,2,7.34055441787001,3.67027720893501,7.34055441787001,46,23,46,1,2,2,1,2,0,0,0,0.0766666666666667,0.0766666666666667,2,46,23,NA,NA,NA,NA,NA,NA,NA,NA,NA,NA,NA,NA,"P5"
"66","Iowa State","fbs","Big 12",2014,511953,"Tad Ecby",1,1,11,1,4.3384464165248,4.3384464165248,4.3384464165248,23,23,23,1,1,1,1,1,0,0,0,0.02875,0.02875,1,23,23,NA,NA,NA,NA,NA,NA,NA,NA,NA,NA,NA,NA,"P5"
"66","Iowa State","fbs","Big 12",2014,511969,"Sam B. Richardson",285,9,11,31.6666666666667,33.3412965326076,0.116987005377571,3.70458850362307,1696,5.95087719298246,188.444444444444,0.417543859649123,153,285,0.536842105263158,12,0,0,0,0.434871794871795,0.269206349206349,285,1696,5.95087719298246,90,88,93,82,111,89,111,83,89,111,79,66,"P5"
"66","Iowa State","fbs","Big 12",2014,531222,"Grant Rohach",53,2,11,26.5,-5.36169642129588,-0.101164083420677,-2.68084821064794,283,5.33962264150943,141.5,0.30188679245283,27,53,0.509433962264151,2,0,0,0,0.235833333333333,0.176875,53,283,5.33962264150943,NA,NA,NA,NA,NA,NA,NA,NA,NA,NA,NA,NA,"P5"
"66","Iowa State","fbs","Big 12",2014,545385,"E.J. Bibbs",2,2,11,1,3.69619367131796,1.84809683565898,1.84809683565898,18,9,9,1,2,2,1,2,0,0,0,0.015,0.01125,2,18,9,NA,NA,NA,NA,NA,NA,NA,NA,NA,NA,NA,NA,"P5"
"66","Iowa State","fbs","Big 12",2014,545386,"Holden Kramer",1,1,11,1,-2.70473815302607,-2.70473815302607,-2.70473815302607,0,0,0,0,0,1,0,0,0,0,0,0,0,1,0,0,NA,NA,NA,NA,NA,NA,NA,NA,NA,NA,NA,NA,"P5"
"66","Iowa State","fbs","Big 12",2014,545392,"Tyler Brown",1,1,11,1,2.75704748664322,2.75704748664322,2.75704748664322,11,11,11,1,1,1,1,1,0,0,0,0.01375,0.01375,1,11,11,NA,NA,NA,NA,NA,NA,NA,NA,NA,NA,NA,NA,"P5"
"66","Iowa State","fbs","Big 12",2014,3128390,"Allen Lazard",1,1,11,1,3.82078059847143,3.82078059847143,3.82078059847143,14,14,14,1,1,1,1,1,0,0,0,0.0175,0.0175,1,14,14,NA,NA,NA,NA,NA,NA,NA,NA,NA,NA,NA,NA,"P5"
"68","Boise State","fbs","Mountain West",2014,504908,"Grant Hedrick",355,13,13,27.3076923076923,126.906144328633,0.357482096700374,9.76201110220252,3021,8.50985915492958,232.384615384615,0.507042253521127,257,355,0.723943661971831,11,0,0,0,0.532548076923077,0.266274038461538,355,3021,8.50985915492958,13,25,15,16.5,1,15,13,37,15,13,39,68,"G5"
"68","Boise State","fbs","Mountain West",2014,504915,"Matt Miller",3,2,13,1.5,1.94652506717787,0.648841689059289,0.973262533588933,7,2.33333333333333,3.5,0.333333333333333,1,3,0.333333333333333,1,0,0,0,0.004375,0.00291666666666667,3,7,2.33333333333333,NA,NA,NA,NA,NA,NA,NA,NA,NA,NA,NA,NA,"G5"
"68","Boise State","fbs","Mountain West",2014,504918,"Troy Ware",1,1,13,1,4.27027601422794,4.27027601422794,4.27027601422794,19,19,19,1,1,1,1,1,0,0,0,0.02375,0.02375,1,19,19,NA,NA,NA,NA,NA,NA,NA,NA,NA,NA,NA,NA,"G5"
"68","Boise State","fbs","Mountain West",2014,517330,"Jay Ajayi",1,1,13,1,5.02199284100636,5.02199284100636,5.02199284100636,73,73,73,1,1,1,1,1,0,0,0,0.09125,0.09125,1,73,73,NA,NA,NA,NA,NA,NA,NA,NA,NA,NA,NA,NA,"G5"
"68","Boise State","fbs","Mountain West",2014,531739,"Chaz Anderson",1,1,13,1,3.53399763667207,3.53399763667207,3.53399763667207,36,36,36,1,1,1,1,1,0,0,0,0.045,0.045,1,36,36,NA,NA,NA,NA,NA,NA,NA,NA,NA,NA,NA,NA,"G5"
"68","Boise State","fbs","Mountain West",2014,531761,"Shane Williams-Rhodes",4,4,13,1,12.6748343414937,3.16870858537344,3.16870858537344,106,26.5,26.5,1,4,4,1,4,0,0,0,0.053,0.033125,4,106,26.5,NA,NA,NA,NA,NA,NA,NA,NA,NA,NA,NA,NA,"G5"
"68","Boise State","fbs","Mountain West",2014,546222,"Jake Roh",1,1,13,1,2.81776789792218,2.81776789792218,2.81776789792218,8,8,8,1,1,1,1,1,0,0,0,0.01,0.01,1,8,8,NA,NA,NA,NA,NA,NA,NA,NA,NA,NA,NA,NA,"G5"
"68","Boise State","fbs","Mountain West",2014,546224,"Thomas Sperbeck",5,3,13,1.66666666666667,10.6247930380914,2.12495860761827,3.54159767936378,155,31,51.6666666666667,0.8,4,5,0.8,2,0,0,0,0.0861111111111111,0.0516666666666667,5,155,31,NA,NA,NA,NA,NA,NA,NA,NA,NA,NA,NA,NA,"G5"
"68","Boise State","fbs","Mountain West",2014,546287,"Alec Dhaenens",1,1,13,1,1.70307897054115,1.70307897054115,1.70307897054115,2,2,2,1,1,1,1,1,0,0,0,0.0025,0.0025,1,2,2,NA,NA,NA,NA,NA,NA,NA,NA,NA,NA,NA,NA,"G5"
"68","Boise State","fbs","Mountain West",2014,546288,"Ryan Finley",26,2,13,13,6.12725909125292,0.235663811202035,3.06362954562646,161,6.19230769230769,80.5,0.346153846153846,12,26,0.461538461538462,2,0,0,0,0.134166666666667,0.100625,26,161,6.19230769230769,NA,NA,NA,NA,NA,NA,NA,NA,NA,NA,NA,NA,"G5"
"68","Boise State","fbs","Mountain West",2014,552056,"Terrell Johnson",1,1,13,1,-0.453497083119743,-0.453497083119743,-0.453497083119743,0,0,0,0,0,1,0,0,0,0,0,0,0,1,0,0,NA,NA,NA,NA,NA,NA,NA,NA,NA,NA,NA,NA,"G5"
"68","Boise State","fbs","Mountain West",2014,3127586,"Jeremy McNichols",1,1,13,1,2.34398570252675,2.34398570252675,2.34398570252675,11,11,11,1,1,1,1,1,0,0,0,0.01375,0.01375,1,11,11,NA,NA,NA,NA,NA,NA,NA,NA,NA,NA,NA,NA,"G5"
"70","Idaho","fbs","Sun Belt",2014,531172,"Chad Chalich",62,4,10,15.5,12.2376162434531,0.19738090715247,3.05940406086328,491,7.91935483870968,122.75,0.435483870967742,36,62,0.580645161290323,2,0,0,0,0.204583333333333,0.102291666666667,62,491,7.91935483870968,NA,NA,NA,NA,NA,NA,NA,NA,NA,NA,NA,NA,"G5"
"70","Idaho","fbs","Sun Belt",2014,553235,"Matt Linehan",321,10,10,32.1,79.1655618733665,0.246621688079023,7.91655618733665,2260,7.0404984423676,226,0.439252336448598,195,321,0.607476635514019,10,0,0,0,0.513636363636364,0.2825,321,2260,7.0404984423676,42,43,47,57,51,51,68,43,51,68,48,58,"G5"
"77","Northwestern","fbs","Big Ten",2014,500419,"Trevor Siemian",350,10,11,35,39.3480105414915,0.112422887261404,3.93480105414915,2094,5.98285714285714,209.4,0.44,210,350,0.6,7,0,0,0,0.4580625,0.215558823529412,350,2094,5.98285714285714,81,87,94,56,62.5,62,110,61,62,110,72,83,"P5"
"77","Northwestern","fbs","Big Ten",2014,518323,"Zack Oliver",44,4,11,11,21.1380604875467,0.480410465626062,5.28451512188668,313,7.11363636363636,78.25,0.5,29,44,0.659090909090909,1,0,0,0,0.0978125,0.039125,44,313,7.11363636363636,NA,NA,NA,NA,NA,NA,NA,NA,NA,NA,NA,NA,"P5"
"77","Northwestern","fbs","Big Ten",2014,546734,"Matt Alviti",4,2,11,2,-4.10788244028183,-1.02697061007046,-2.05394122014092,0,0,0,0,2,4,0.5,0,0,0,0,0,0,4,0,0,NA,NA,NA,NA,NA,NA,NA,NA,NA,NA,NA,NA,"P5"
"77","Northwestern","fbs","Big Ten",2014,546836,"Jayme Taylor",1,1,11,1,2.66965461683447,2.66965461683447,2.66965461683447,17,17,17,1,1,1,1,1,0,0,0,0.02125,0.02125,1,17,17,NA,NA,NA,NA,NA,NA,NA,NA,NA,NA,NA,NA,"P5"
"8","Arkansas","fbs","SEC",2014,501264,"Sebastian Tretola",1,1,11,1,3.81885621673063,3.81885621673063,3.81885621673063,6,6,6,1,1,1,1,1,0,0,0,0.0075,0.0075,1,6,6,NA,NA,NA,NA,NA,NA,NA,NA,NA,NA,NA,NA,"P5"
"8","Arkansas","fbs","SEC",2014,515915,"Brandon Allen",299,11,11,27.1818181818182,48.3961699544149,0.16186010018199,4.39965181403772,1833,6.1304347826087,166.636363636364,0.421404682274247,167,299,0.558528428093645,8,0,0,0,0.37030303030303,0.175406698564593,299,1833,6.1304347826087,71,79,79,78,101,80,108,96,80,108,97,102,"P5"
"8","Arkansas","fbs","SEC",2014,535877,"Keon Hatcher",3,3,11,1,9.29652002187095,3.09884000729032,3.09884000729032,45,15,15,1,3,3,1,3,0,0,0,0.028125,0.01875,3,45,15,NA,NA,NA,NA,NA,NA,NA,NA,NA,NA,NA,NA,"P5"
"8","Arkansas","fbs","SEC",2014,535893,"Jonathan Williams",2,2,11,1,2.0109381885618,1.0054690942809,1.0054690942809,23,11.5,11.5,0.5,1,2,0.5,1,0,0,0,0.014375,0.00958333333333333,2,23,11.5,NA,NA,NA,NA,NA,NA,NA,NA,NA,NA,NA,NA,"P5"
"8","Arkansas","fbs","SEC",2014,547205,"Damon Mitchell",1,1,11,1,-0.883426637000586,-0.883426637000586,-0.883426637000586,0,0,0,0,0,1,0,0,0,0,0,0,0,1,0,0,NA,NA,NA,NA,NA,NA,NA,NA,NA,NA,NA,NA,"P5"
"8","Arkansas","fbs","SEC",2014,547206,"Austin Allen",7,3,11,2.33333333333333,1.28277978755153,0.183254255364505,0.427593262517178,81,11.5714285714286,27,0.571428571428571,4,7,0.571428571428571,0,0,0,0,0,0,7,81,11.5714285714286,NA,NA,NA,NA,NA,NA,NA,NA,NA,NA,NA,NA,"P5"
"84","Indiana","fbs","Big Ten",2014,513037,"Nick Stoner",1,1,10,1,2.63781447971689,2.63781447971689,2.63781447971689,13,13,13,1,1,1,1,1,0,0,0,0.01625,0.01625,1,13,13,NA,NA,NA,NA,NA,NA,NA,NA,NA,NA,NA,NA,"P5"
"84","Indiana","fbs","Big Ten",2014,535797,"Nate Boudreau",1,1,10,1,-0.878147757572777,-0.878147757572777,-0.878147757572777,0,0,0,0,0,1,0,0,0,0,0,0,0,1,0,0,NA,NA,NA,NA,NA,NA,NA,NA,NA,NA,NA,NA,"P5"
"84","Indiana","fbs","Big Ten",2014,535825,"Nate Sudfeld",109,4,10,27.25,18.2546996187744,0.167474308429123,4.56367490469359,898,8.23853211009174,224.5,0.486238532110092,74,109,0.678899082568807,5,0,0,0,0.467708333333333,0.311805555555556,109,898,8.23853211009174,NA,NA,NA,NA,NA,NA,NA,NA,NA,NA,NA,NA,"P5"
"84","Indiana","fbs","Big Ten",2014,3128252,"Chris Covington",10,1,10,10,-4.55666982310189,-0.455666982310189,-4.55666982310189,31,3.1,31,0.2,3,10,0.3,0,0,0,0,0,0,10,31,3.1,NA,NA,NA,NA,NA,NA,NA,NA,NA,NA,NA,NA,"P5"
"84","Indiana","fbs","Big Ten",2014,3128254,"Zander Diamont",127,6,10,21.1666666666667,-31.7583268989516,-0.250065566133477,-5.2930544831586,515,4.05511811023622,85.8333333333333,0.31496062992126,64,127,0.503937007874016,1,0,0,0,0.107291666666667,0.0306547619047619,127,515,4.05511811023622,NA,NA,NA,NA,NA,NA,NA,NA,NA,NA,NA,NA,"P5"
"87","Notre Dame","fbs","FBS Independents",2014,515409,"Everett Golson",396,12,12,33,150.953157647618,0.381194842544489,12.5794298039681,3271,8.26010101010101,272.583333333333,0.494949494949495,246,396,0.621212121212121,26,0,0,0,0.656219135802469,0.466260964912281,396,3271,8.26010101010101,8,12,12,20,45,7,19,15,7,19,14,12,"P5"
"87","Notre Dame","fbs","FBS Independents",2014,517617,"Ben Koyack",1,1,12,1,1.74511069500825,1.74511069500825,1.74511069500825,2,2,2,1,1,1,1,1,0,0,0,0.0025,0.0025,1,2,2,NA,NA,NA,NA,NA,NA,NA,NA,NA,NA,NA,NA,"P5"
"87","Notre Dame","fbs","FBS Independents",2014,535958,"C.J. Prosise",1,1,12,1,7.28275401594603,7.28275401594603,7.28275401594603,78,78,78,1,1,1,1,1,0,0,0,0.0975,0.0975,1,78,78,NA,NA,NA,NA,NA,NA,NA,NA,NA,NA,NA,NA,"P5"
"87","Notre Dame","fbs","FBS Independents",2014,550967,"Malik Zaire",20,1,12,20,6.06184277604576,0.303092138802288,6.06184277604576,170,8.5,170,0.4,9,20,0.45,0,0,0,0,0,0,20,170,8.5,NA,NA,NA,NA,NA,NA,NA,NA,NA,NA,NA,NA,"P5"
"9","Arizona State","fbs","Pac-12",2014,504700,"Taylor Kelly",207,8,10,25.875,35.8453716772571,0.173166046750034,4.48067145965714,1597,7.71497584541063,199.625,0.415458937198068,118,207,0.570048309178744,14,0,0,0,0.465791666666667,0.317585227272727,207,1597,7.71497584541063,86,77,74,86,92,97,36,72,97,36,66,41,"P5"
"9","Arizona State","fbs","Pac-12",2014,517393,"Mike Bercovici",102,5,10,20.4,48.046765550761,0.471046721085892,9.6093531101522,883,8.65686274509804,176.6,0.490196078431373,65,102,0.637254901960784,6,0,0,0,0.378428571428571,0.240818181818182,102,883,8.65686274509804,NA,NA,NA,NA,NA,NA,NA,NA,NA,NA,NA,NA,"P5"
"9","Arizona State","fbs","Pac-12",2014,517396,"Gary Chambers",1,1,10,1,2.56372230092497,2.56372230092497,2.56372230092497,7,7,7,1,1,1,1,1,0,0,0,0.00875,0.00875,1,7,7,NA,NA,NA,NA,NA,NA,NA,NA,NA,NA,NA,NA,"P5"
"9","Arizona State","fbs","Pac-12",2014,534754,"D.J. Foster",1,1,10,1,-0.921609186931053,-0.921609186931053,-0.921609186931053,-3,-3,-3,0,1,1,1,0,0,0,0,0,0,1,-3,-3,NA,NA,NA,NA,NA,NA,NA,NA,NA,NA,NA,NA,"P5"
"9","Arizona State","fbs","Pac-12",2014,534761,"Kody Kohl",1,1,10,1,0.683602215555661,0.683602215555661,0.683602215555661,2,2,2,1,1,1,1,1,0,0,0,0.0025,0.0025,1,2,2,NA,NA,NA,NA,NA,NA,NA,NA,NA,NA,NA,NA,"P5"
"9","Arizona State","fbs","Pac-12",2014,546457,"De'Marieya Nelson",1,1,10,1,2.8542758712374,2.8542758712374,2.8542758712374,9,9,9,1,1,1,1,1,0,0,0,0.01125,0.01125,1,9,9,NA,NA,NA,NA,NA,NA,NA,NA,NA,NA,NA,NA,"P5"
"9","Arizona State","fbs","Pac-12",2014,546465,"Jaelen Strong",3,3,10,1,6.89623137515728,2.29874379171909,2.29874379171909,25,8.33333333333333,8.33333333333333,1,3,3,1,3,0,0,0,0.015625,0.0104166666666667,3,25,8.33333333333333,NA,NA,NA,NA,NA,NA,NA,NA,NA,NA,NA,NA,"P5"
"9","Arizona State","fbs","Pac-12",2014,3128800,"Demario Richard",1,1,10,1,4.73924534799306,4.73924534799306,4.73924534799306,7,7,7,1,1,1,1,1,0,0,0,0.00875,0.00875,1,7,7,NA,NA,NA,NA,NA,NA,NA,NA,NA,NA,NA,NA,"P5"
"96","Kentucky","fbs","SEC",2014,530944,"Patrick Towles",344,11,11,31.2727272727273,18.4310343111383,0.0535785881137743,1.67554857373985,2259,6.56686046511628,205.363636363636,0.372093023255814,201,344,0.584302325581395,10,0,0,0,0.466735537190083,0.244480519480519,344,2259,6.56686046511628,105,106,106,109,78,52,86,65,52,86,65,78,"P5"
"96","Kentucky","fbs","SEC",2014,546354,"Reese Phillips",4,2,11,2,-4.65831452319729,-1.16457863079932,-2.32915726159864,0,0,0,0,0,4,0,0,0,0,0,0,0,4,0,0,NA,NA,NA,NA,NA,NA,NA,NA,NA,NA,NA,NA,"P5"
"96","Kentucky","fbs","SEC",2014,551092,"Javess Blue",1,1,11,1,4.33012346837211,4.33012346837211,4.33012346837211,9,9,9,1,1,1,1,1,0,0,0,0.01125,0.01125,1,9,9,NA,NA,NA,NA,NA,NA,NA,NA,NA,NA,NA,NA,"P5"
"96","Kentucky","fbs","SEC",2014,551114,"Ryan Timmons",1,1,11,1,5.06660995840907,5.06660995840907,5.06660995840907,48,48,48,1,1,1,1,1,0,0,0,0.06,0.06,1,48,48,NA,NA,NA,NA,NA,NA,NA,NA,NA,NA,NA,NA,"P5"
"96","Kentucky","fbs","SEC",2014,3126329,"Garrett Johnson",1,1,11,1,0.56864628749001,0.56864628749001,0.56864628749001,11,11,11,1,1,1,1,0,0,0,0,0,0,1,11,11,NA,NA,NA,NA,NA,NA,NA,NA,NA,NA,NA,NA,"P5"
"97","Louisville","fbs","ACC",2014,501524,"Gerald Christian",1,1,11,1,3.27883526801013,3.27883526801013,3.27883526801013,11,11,11,1,1,1,1,1,0,0,0,0.01375,0.01375,1,11,11,NA,NA,NA,NA,NA,NA,NA,NA,NA,NA,NA,NA,"P5"
"97","Louisville","fbs","ACC",2014,511615,"DeVante Parker",3,2,11,1.5,11.9870252858292,3.99567509527639,5.99351264291458,107,35.6666666666667,53.5,1,3,3,1,3,0,0,0,0.1003125,0.08025,3,107,35.6666666666667,NA,NA,NA,NA,NA,NA,NA,NA,NA,NA,NA,NA,"P5"
"97","Louisville","fbs","ACC",2014,511635,"Eli Rogers",2,2,11,1,5.75408687694138,2.87704343847069,2.87704343847069,25,12.5,12.5,1,2,2,1,2,0,0,0,0.0208333333333333,0.015625,2,25,12.5,NA,NA,NA,NA,NA,NA,NA,NA,NA,NA,NA,NA,"P5"
"97","Louisville","fbs","ACC",2014,530357,"Will Gardner",191,7,11,27.2857142857143,36.6874986060561,0.192081144534325,5.24107122943659,1401,7.33507853403141,200.142857142857,0.408376963350785,110,191,0.575916230366492,6,0,0,0,0.428877551020408,0.230934065934066,191,1401,7.33507853403141,84,69,68,93,88,103,57,71,103,57,82,80,"P5"
"97","Louisville","fbs","ACC",2014,545557,"Brett Nelson",3,1,11,3,-2.24443690950903,-0.74814563650301,-2.24443690950903,4,1.33333333333333,4,0,1,3,0.333333333333333,0,0,0,0,0,0,3,4,1.33333333333333,NA,NA,NA,NA,NA,NA,NA,NA,NA,NA,NA,NA,"P5"
"97","Louisville","fbs","ACC",2014,545559,"Kyle Bolin",33,2,11,16.5,16.6959231164161,0.505937064133822,8.34796155820806,328,9.93939393939394,164,0.545454545454545,22,33,0.666666666666667,1,0,0,0,0.205,0.136666666666667,33,328,9.93939393939394,NA,NA,NA,NA,NA,NA,NA,NA,NA,NA,NA,NA,"P5"
"97","Louisville","fbs","ACC",2014,545561,"James Quick",2,1,11,2,10.0952443622948,5.04762218114739,10.0952443622948,111,55.5,111,1,2,2,1,2,0,0,0,0.185,0.185,2,111,55.5,NA,NA,NA,NA,NA,NA,NA,NA,NA,NA,NA,NA,"P5"
"97","Louisville","fbs","ACC",2014,3116642,"Reggie Bonnafon",101,7,11,14.4285714285714,-2.53659814586101,-0.0251148331273367,-0.36237116369443,697,6.9009900990099,99.5714285714286,0.346534653465347,50,101,0.495049504950495,2,0,0,0,0.165952380952381,0.0553174603174603,101,697,6.9009900990099,NA,NA,NA,NA,NA,NA,NA,NA,NA,NA,NA,NA,"P5"
"98","Western Kentucky","fbs","Conference USA",2014,504866,"Brandon Doughty",489,12,12,40.75,213.330820556913,0.436259346742153,17.7775683797427,4237,8.66462167689162,353.083333333333,0.517382413087935,337,489,0.689161554192229,41,0,0,0,0.861691468253968,0.682849842767296,489,4237,8.66462167689162,1,2,7,11,8,1,10,4,1,10,3,3,"G5"
"98","Western Kentucky","fbs","Conference USA",2014,3124776,"Nacarius Fant",1,1,12,1,1.90997392413285,1.90997392413285,1.90997392413285,25,25,25,1,1,1,1,0,0,0,0,0,0,1,25,25,NA,NA,NA,NA,NA,NA,NA,NA,NA,NA,NA,NA,"G5"
"98","Western Kentucky","fbs","Conference USA",2014,3124781,"Troy Jones",4,1,12,4,-0.365862677836381,-0.0914656694590953,-0.365862677836381,11,2.75,11,0.25,2,4,0.5,0,0,0,0,0,0,4,11,2.75,NA,NA,NA,NA,NA,NA,NA,NA,NA,NA,NA,NA,"G5"
"99","LSU","fbs","SEC",2014,517209,"Terrence Magee",1,1,11,1,2.4138127000692,2.4138127000692,2.4138127000692,44,44,44,1,1,1,1,0,0,0,0,0,0,1,44,44,NA,NA,NA,NA,NA,NA,NA,NA,NA,NA,NA,NA,"P5"
"99","LSU","fbs","SEC",2014,520118,"Brad Kragthorpe",1,1,11,1,0.506464186495048,0.506464186495048,0.506464186495048,11,11,11,0,1,1,1,0,0,0,0,0,0,1,11,11,NA,NA,NA,NA,NA,NA,NA,NA,NA,NA,NA,NA,"P5"
"99","LSU","fbs","SEC",2014,534444,"Travin Dural",1,1,11,1,4.82672043989852,4.82672043989852,4.82672043989852,32,32,32,1,1,1,1,1,0,0,0,0.04,0.04,1,32,32,NA,NA,NA,NA,NA,NA,NA,NA,NA,NA,NA,NA,"P5"
"99","LSU","fbs","SEC",2014,545900,"Logan Stokes",1,1,11,1,1.61231603460612,1.61231603460612,1.61231603460612,3,3,3,1,1,1,1,1,0,0,0,0.00375,0.00375,1,3,3,NA,NA,NA,NA,NA,NA,NA,NA,NA,NA,NA,NA,"P5"
"99","LSU","fbs","SEC",2014,546033,"Anthony Jennings",186,11,11,16.9090909090909,5.88243326608739,0.0316259853015451,0.534766660553399,1222,6.56989247311828,111.090909090909,0.344086021505376,94,186,0.505376344086022,4,0,0,0,0.222181818181818,0.074060606060606,186,1222,6.56989247311828,111,111,110,120,117,113,85,120,113,85,120,120,"P5"
"99","LSU","fbs","SEC",2014,559751,"Brandon Harris",37,4,11,9.25,24.4711543927338,0.661382551154968,6.11778859818345,390,10.5405405405405,97.5,0.513513513513513,21,37,0.567567567567568,5,0,0,0,0.203125,0.135416666666667,37,390,10.5405405405405,NA,NA,NA,NA,NA,NA,NA,NA,NA,NA,NA,NA,"P5"
"99","LSU","fbs","SEC",2014,559754,"Malachi Dupre",1,1,11,1,3.42605396611727,3.42605396611727,3.42605396611727,14,14,14,1,1,1,1,1,0,0,0,0.0175,0.0175,1,14,14,NA,NA,NA,NA,NA,NA,NA,NA,NA,NA,NA,NA,"P5"
