"team_id","pos_team","division","conference","season","player_id","receiver_player_name","plays","games","team_games","playsgame","TEPA","EPAplay","EPAgame","yards","yardsplay","yardsgame","success","comp","targets","catchpct","passing_td","fumbles","TEPA_rank","EPAgame_rank","EPAplay_rank","success_rank","catchpct_rank","yards_rank","yardsplay_rank","yardsgame_rank","fbs_class"
"103","Boston College","fbs","ACC",2014,501647,"Josh Bordner",32,11,11,2.90909090909091,14.138987692312,0.441843365384749,1.28536251748291,278,8.6875,25.2727272727273,0.65625,23,32,0.71875,2,1,322,371,247,33,197.5,371.5,231,468,"P5"
"103","Boston College","fbs","ACC",2014,501650,"Jarrett Darmstatter",2,2,11,1,4.57966362669731,2.28983181334866,2.28983181334866,48,24,24,1,2,2,1,0,0,NA,NA,NA,NA,NA,NA,NA,NA,"P5"
"103","Boston College","fbs","ACC",2014,501663,"Shakim Phillips",14,5,11,2.8,9.44950327601698,0.674964519715499,1.8899006552034,186,13.2857142857143,37.2,0.428571428571429,8,14,0.571428571428571,2,0,NA,NA,NA,NA,NA,NA,NA,NA,"P5"
"103","Boston College","fbs","ACC",2014,503970,"Tyler Murphy",3,2,11,1.5,6.29435374972995,2.09811791657665,3.14717687486498,52,17.3333333333333,26,0.666666666666667,2,3,0.666666666666667,2,0,NA,NA,NA,NA,NA,NA,NA,NA,"P5"
"103","Boston College","fbs","ACC",2014,530455,"Dan Crimmins",30,9,11,3.33333333333333,17.9652327367086,0.59884109122362,1.9961369707454,297,9.9,33,0.666666666666667,23,30,0.766666666666667,0,0,256,244,125,27.5,96,348.5,119,362,"P5"
"103","Boston College","fbs","ACC",2014,530457,"David Dudeck",9,5,11,1.8,8.99434205671766,0.999371339635296,1.79886841134353,111,12.3333333333333,22.2,0.777777777777778,9,9,1,0,0,NA,NA,NA,NA,NA,NA,NA,NA,"P5"
"103","Boston College","fbs","ACC",2014,530463,"Bobby Wolford",5,3,11,1.66666666666667,1.86710091263391,0.373420182526782,0.62236697087797,32,6.4,10.6666666666667,0.6,4,5,0.8,0,0,NA,NA,NA,NA,NA,NA,NA,NA,"P5"
"103","Boston College","fbs","ACC",2014,547238,"Myles Willis",1,1,11,1,0.929284699843626,0.929284699843626,0.929284699843626,18,18,18,1,1,1,1,0,0,NA,NA,NA,NA,NA,NA,NA,NA,"P5"
"103","Boston College","fbs","ACC",2014,547240,"Charlie Callinan",18,7,11,2.57142857142857,8.95413881915001,0.497452156619445,1.27916268845,149,8.27777777777778,21.2857142857143,0.611111111111111,13,18,0.722222222222222,1,0,NA,NA,NA,NA,NA,NA,NA,NA,"P5"
"103","Boston College","fbs","ACC",2014,547241,"Tyler Rouse",2,2,11,1,4.33900957759758,2.16950478879879,2.16950478879879,34,17,17,1,2,2,1,0,0,NA,NA,NA,NA,NA,NA,NA,NA,"P5"
"103","Boston College","fbs","ACC",2014,3122792,"Marcus Outlow",9,7,11,1.28571428571429,4.64878111098179,0.516531234553532,0.664111587283113,57,6.33333333333333,8.14285714285714,0.666666666666667,7,9,0.777777777777778,1,0,NA,NA,NA,NA,NA,NA,NA,NA,"P5"
"103","Boston College","fbs","ACC",2014,3122795,"Gabriel McClary",3,2,11,1.5,-0.159891866583034,-0.0532972888610113,-0.079945933291517,12,4,6,0.333333333333333,2,3,0.666666666666667,0,0,NA,NA,NA,NA,NA,NA,NA,NA,"P5"
"103","Boston College","fbs","ACC",2014,3122799,"Jon Hilliman",1,1,11,1,0.0209915534813194,0.0209915534813194,0.0209915534813194,5,5,5,1,1,1,1,0,0,NA,NA,NA,NA,NA,NA,NA,NA,"P5"
"113","Massachusetts","fbs","Mid-American",2014,518802,"Jamal Wilson",7,3,12,2.33333333333333,0.727903225781912,0.103986175111702,0.242634408593971,34,4.85714285714286,11.3333333333333,0.285714285714286,5,7,0.714285714285714,0,0,NA,NA,NA,NA,NA,NA,NA,NA,"G5"
"113","Massachusetts","fbs","Mid-American",2014,520781,"Marken Michel",49,12,12,4.08333333333333,6.05272712972761,0.123525043463829,0.504393927477301,380,7.75510204081633,31.6666666666667,0.448979591836735,30,49,0.612244897959184,1,1,469,496,492,449,452.5,243.5,331,380,"G5"
"113","Massachusetts","fbs","Mid-American",2014,521145,"Jordan Broadnax",2,1,12,2,-0.789637245845909,-0.394818622922955,-0.789637245845909,5,2.5,5,0.5,1,2,0.5,0,0,NA,NA,NA,NA,NA,NA,NA,NA,"G5"
"113","Massachusetts","fbs","Mid-American",2014,521344,"Brandon Howard",7,5,12,1.4,6.50706252867892,0.929580361239845,1.30141250573578,57,8.14285714285714,11.4,0.571428571428571,4,7,0.571428571428571,0,0,NA,NA,NA,NA,NA,NA,NA,NA,"G5"
"113","Massachusetts","fbs","Mid-American",2014,537063,"Tajae Sharpe",132,12,12,11,72.7321128752979,0.551000855115893,6.06100940627482,1281,9.70454545454546,106.75,0.5,85,132,0.643939393939394,7,1,9,16,151,317.5,390,5,133,10,"G5"
"113","Massachusetts","fbs","Mid-American",2014,537071,"Rodney Mills",57,12,12,4.75,24.9748733653703,0.438155673076671,2.08123944711419,489,8.57894736842105,40.75,0.473684210526316,30,57,0.526315789473684,5,0,156,229,249,382,580.5,155,241,244.5,"G5"
"113","Massachusetts","fbs","Mid-American",2014,537087,"Bernard Davis",5,2,12,2.5,-1.39294306345201,-0.278588612690403,-0.696471531726007,20,4,10,0.2,2,5,0.4,0,0,NA,NA,NA,NA,NA,NA,NA,NA,"G5"
"113","Massachusetts","fbs","Mid-American",2014,552645,"Lorenzo Woodley",5,4,12,1.25,4.97475640591414,0.994951281182827,1.24368910147853,60,12,15,0.6,5,5,1,0,0,NA,NA,NA,NA,NA,NA,NA,NA,"G5"
"113","Massachusetts","fbs","Mid-American",2014,552811,"Shadrach Abrokwah",19,6,12,3.16666666666667,-7.5429041321922,-0.396994954325905,-1.2571506886987,78,4.10526315789474,13,0.315789473684211,13,19,0.684210526315789,1,0,NA,NA,NA,NA,NA,NA,NA,NA,"G5"
"113","Massachusetts","fbs","Mid-American",2014,552837,"Shakur Nesmith",12,5,12,2.4,5.6698248195841,0.472485401632009,1.13396496391682,105,8.75,21,0.5,7,12,0.583333333333333,1,0,NA,NA,NA,NA,NA,NA,NA,NA,"G5"
"113","Massachusetts","fbs","Mid-American",2014,3125924,"J.T. Blyden",12,5,12,2.4,-12.2672131028736,-1.0222677585728,-2.45344262057471,40,3.33333333333333,8,0.333333333333333,8,12,0.666666666666667,0,2,NA,NA,NA,NA,NA,NA,NA,NA,"G5"
"113","Massachusetts","fbs","Mid-American",2014,3125940,"Alex Kenney",15,7,12,2.14285714285714,8.52129937783701,0.568086625189134,1.21732848254814,195,13,27.8571428571429,0.466666666666667,10,15,0.666666666666667,1,0,NA,NA,NA,NA,NA,NA,NA,NA,"G5"
"113","Massachusetts","fbs","Mid-American",2014,3125943,"Andrew Libby",8,3,12,2.66666666666667,-4.55879541380759,-0.569849426725948,-1.5195984712692,26,3.25,8.66666666666667,0.25,5,8,0.625,0,0,NA,NA,NA,NA,NA,NA,NA,NA,"G5"
"113","Massachusetts","fbs","Mid-American",2014,3125950,"Jean Sifrin",68,11,12,6.18181818181818,48.5767083451925,0.714363358017536,4.4160643950175,637,9.36764705882353,57.9090909090909,0.573529411764706,41,68,0.602941176470588,6,1,27,45,63,148,473,74,167,103,"G5"
"113","Massachusetts","fbs","Mid-American",2014,3125954,"Matt Tuleja",3,3,12,1,2.68765642315816,0.895885474386054,0.895885474386054,22,7.33333333333333,7.33333333333333,0.666666666666667,3,3,1,1,0,NA,NA,NA,NA,NA,NA,NA,NA,"G5"
"113","Massachusetts","fbs","Mid-American",2014,3125957,"Jalen Williams",33,9,12,3.66666666666667,17.2906441195541,0.523958912713762,1.92118267995046,307,9.3030303030303,34.1111111111111,0.515151515151515,20,33,0.606060606060606,4,0,266,261,173,286.5,467,332.5,173,346,"G5"
"12","Arizona","fbs","Pac-12",2014,504671,"Austin Hill",71,13,13,5.46153846153846,22.6685833958167,0.319275822476292,1.7437371842936,605,8.52112676056338,46.5384615384615,0.464788732394366,45,71,0.633802816901408,4,0,184,300,353,412,410,91,248,189,"P5"
"12","Arizona","fbs","Pac-12",2014,504673,"Terris Jones-Grigsby",12,6,13,2,7.34759240311783,0.612299366926486,1.22459873385297,147,12.25,24.5,0.416666666666667,11,12,0.916666666666667,0,0,NA,NA,NA,NA,NA,NA,NA,NA,"P5"
"12","Arizona","fbs","Pac-12",2014,514097,"Jared Baker",3,1,13,3,-0.237968403505917,-0.0793228011686389,-0.237968403505917,9,3,9,0.333333333333333,3,3,1,0,0,NA,NA,NA,NA,NA,NA,NA,NA,"P5"
"12","Arizona","fbs","Pac-12",2014,514113,"David Richards",33,9,13,3.66666666666667,1.5077666456009,0.0456898983515424,0.167529627288989,210,6.36363636363636,23.3333333333333,0.515151515151515,22,33,0.666666666666667,0,0,530,535,528,286.5,324.5,466,490,497,"P5"
"12","Arizona","fbs","Pac-12",2014,530827,"Trey Griffey",34,11,13,3.09090909090909,20.8540138665671,0.613353349016678,1.89581944241519,339,9.97058823529412,30.8181818181818,0.705882352941177,25,34,0.735294117647059,1,0,212,267,121,11,153.5,289,116,395,"P5"
"12","Arizona","fbs","Pac-12",2014,531078,"Cayleb Jones",107,13,13,8.23076923076923,44.4307423937086,0.415240583118772,3.41774941490066,819,7.65420560747664,63,0.542056074766355,63,107,0.588785046728972,7,1,40,92,268,222,504,36,346,79.5,"P5"
"12","Arizona","fbs","Pac-12",2014,535956,"DaVonte' Neal",49,9,13,5.44444444444444,-5.04184277951481,-0.102894750602343,-0.560204753279423,207,4.22448979591837,23,0.346938775510204,26,49,0.530612244897959,2,0,601,601,588,588,578,470,616,503.5,"P5"
"12","Arizona","fbs","Pac-12",2014,552021,"Samajie Grant",50,12,13,4.16666666666667,33.4009792704219,0.668019585408438,2.78341493920183,513,10.26,42.75,0.64,37,50,0.74,1,0,92,145,78,49,143.5,140,97,224,"P5"
"12","Arizona","fbs","Pac-12",2014,552092,"Nate Phillips",43,9,13,4.77777777777778,0.858158830899929,0.0199571821139518,0.0953509812111032,272,6.32558139534884,30.2222222222222,0.348837209302326,25,43,0.581395348837209,2,0,540,541,542,585,522,385.5,493,406,"P5"
"12","Arizona","fbs","Pac-12",2014,552097,"Anu Solomon",9,5,13,1.8,31.6319798413555,3.51466442681728,6.3263959682711,221,24.5555555555556,44.2,1,9,9,1,8,0,NA,NA,NA,NA,NA,NA,NA,NA,"P5"
"12","Arizona","fbs","Pac-12",2014,3122552,"Jonathan Haden",1,1,13,1,-0.304555001509315,-0.304555001509315,-0.304555001509315,3,3,3,0,1,1,1,0,0,NA,NA,NA,NA,NA,NA,NA,NA,"P5"
"12","Arizona","fbs","Pac-12",2014,3122553,"Tyrell Johnson",18,10,13,1.8,1.96457723939896,0.109143179966609,0.196457723939896,106,5.88888888888889,10.6,0.333333333333333,12,18,0.666666666666667,1,0,NA,NA,NA,NA,NA,NA,NA,NA,"P5"
"12","Arizona","fbs","Pac-12",2014,3134012,"Nick Wilson",14,7,13,2,-4.70732280498147,-0.336237343212963,-0.672474686425925,72,5.14285714285714,10.2857142857143,0.285714285714286,11,14,0.785714285714286,1,0,NA,NA,NA,NA,NA,NA,NA,NA,"P5"
"120","Maryland","fbs","Big Ten",2014,480846,"C.J. Brown",2,2,10,1,0.856128421869867,0.428064210934934,0.428064210934934,33,16.5,16.5,0.5,2,2,1,1,0,NA,NA,NA,NA,NA,NA,NA,NA,"P5"
"120","Maryland","fbs","Big Ten",2014,502918,"Deon Long",64,9,10,7.11111111111111,15.0733623654914,0.235521286960802,1.67481804061015,398,6.21875,44.2222222222222,0.40625,37,64,0.578125,1,0,308,313,417,521,529.5,225,503.5,209,"P5"
"120","Maryland","fbs","Big Ten",2014,516321,"Brandon Ross",18,7,10,2.57142857142857,-8.42769141067058,-0.468205078370588,-1.20395591581008,161,8.94444444444444,23,0.333333333333333,12,18,0.666666666666667,1,2,NA,NA,NA,NA,NA,NA,NA,NA,"P5"
"120","Maryland","fbs","Big Ten",2014,517318,"Marcus Leak",22,6,10,3.66666666666667,18.1092242829177,0.823146558314443,3.01820404715296,227,10.3181818181818,37.8333333333333,0.590909090909091,16,22,0.727272727272727,2,0,254,125,34,108,176.5,446,93,286,"P5"
"120","Maryland","fbs","Big Ten",2014,534242,"Wes Brown",18,9,10,2,3.09043988022669,0.171691104457038,0.343382208914076,107,5.94444444444444,11.8888888888889,0.5,16,18,0.888888888888889,0,0,NA,NA,NA,NA,NA,NA,NA,NA,"P5"
"120","Maryland","fbs","Big Ten",2014,534249,"Stefon Diggs",68,7,10,9.71428571428571,15.1984963507762,0.22350729927612,2.17121376439659,485,7.13235294117647,69.2857142857143,0.485294117647059,40,68,0.588235294117647,3,0,306,208,423,351,507.5,160,408,51,"P5"
"120","Maryland","fbs","Big Ten",2014,534252,"Amba Etta-Tawo",22,5,10,4.4,1.50583470858488,0.0684470322084035,0.301166941716975,204,9.27272727272727,40.8,0.409090909090909,9,22,0.409090909090909,1,0,531,518,518,513,628,474.5,174.5,242,"P5"
"120","Maryland","fbs","Big Ten",2014,534253,"P.J. Gallo",2,2,10,1,2.56634093578197,1.28317046789099,1.28317046789099,13,6.5,6.5,1,2,2,1,1,0,NA,NA,NA,NA,NA,NA,NA,NA,"P5"
"120","Maryland","fbs","Big Ten",2014,534255,"Kenneth Goins Jr.",5,3,10,1.66666666666667,3.67564650310909,0.735129300621819,1.22521550103637,38,7.6,12.6666666666667,0.6,4,5,0.8,0,0,NA,NA,NA,NA,NA,NA,NA,NA,"P5"
"120","Maryland","fbs","Big Ten",2014,534264,"Daniel Adams",3,1,10,3,3.33345681397498,1.11115227132499,3.33345681397498,39,13,39,0.666666666666667,2,3,0.666666666666667,1,0,NA,NA,NA,NA,NA,NA,NA,NA,"P5"
"120","Maryland","fbs","Big Ten",2014,534326,"Albert Reid",5,2,10,2.5,1.77124392873816,0.354248785747632,0.885621964369079,34,6.8,17,0.6,4,5,0.8,0,0,NA,NA,NA,NA,NA,NA,NA,NA,"P5"
"120","Maryland","fbs","Big Ten",2014,534328,"Caleb Rowe",1,1,10,1,1.3284244902657,1.3284244902657,1.3284244902657,4,4,4,1,1,1,1,1,0,NA,NA,NA,NA,NA,NA,NA,NA,"P5"
"120","Maryland","fbs","Big Ten",2014,550814,"Jacquille Veii",27,5,10,5.4,13.5017865904898,0.500066170018141,2.70035731809796,226,8.37037037037037,45.2,0.518518518518518,15,27,0.555555555555556,1,0,334,154,194,280,557,447.5,258,201,"P5"
"120","Maryland","fbs","Big Ten",2014,550819,"Andrew Isaacs",3,2,10,1.5,-2.33699912583158,-0.778999708610527,-1.16849956291579,3,1,1.5,0,2,3,0.666666666666667,0,0,NA,NA,NA,NA,NA,NA,NA,NA,"P5"
"120","Maryland","fbs","Big Ten",2014,550820,"Derrick Hayward",3,2,10,1.5,2.1414885042987,0.713829501432901,1.07074425214935,25,8.33333333333333,12.5,0.333333333333333,2,3,0.666666666666667,0,0,NA,NA,NA,NA,NA,NA,NA,NA,"P5"
"120","Maryland","fbs","Big Ten",2014,3128317,"Juwann Winfree",10,4,10,2.5,12.6753641687246,1.26753641687246,3.16884104218114,114,11.4,28.5,0.8,9,10,0.9,1,0,NA,NA,NA,NA,NA,NA,NA,NA,"P5"
"127","Michigan State","fbs","Big Ten",2014,503194,"Andrew Gleichert",2,1,11,2,-1.06134126992306,-0.530670634961528,-1.06134126992306,12,6,12,0.5,1,2,0.5,0,0,NA,NA,NA,NA,NA,NA,NA,NA,"P5"
"127","Michigan State","fbs","Big Ten",2014,503197,"Nick Hill",6,6,11,1,-1.19105585962612,-0.198509309937686,-0.198509309937686,39,6.5,6.5,0.333333333333333,3,6,0.5,0,0,NA,NA,NA,NA,NA,NA,NA,NA,"P5"
"127","Michigan State","fbs","Big Ten",2014,503202,"Jeremy Langford",16,8,11,2,-4.7235532574749,-0.295222078592181,-0.590444157184362,51,3.1875,6.375,0.25,9,16,0.5625,0,0,NA,NA,NA,NA,NA,NA,NA,NA,"P5"
"127","Michigan State","fbs","Big Ten",2014,503204,"Tony Lippett",89,11,11,8.09090909090909,43.3558443035181,0.487144318017058,3.94144039122892,920,10.3370786516854,83.6363636363636,0.561797752808989,54,89,0.606741573033708,7,0,44,70,214,178,465,18,90,26,"P5"
"127","Michigan State","fbs","Big Ten",2014,503206,"Keith Mumphery",32,10,11,3.2,22.1203103821291,0.691259699441534,2.21203103821291,365,11.40625,36.5,0.625,21,32,0.65625,2,0,189,202,69,60.5,356.5,257,47,304,"P5"
"127","Michigan State","fbs","Big Ten",2014,512423,"DeAnthony Arnett",2,1,11,2,-1.41133920176971,-0.705669600884854,-1.41133920176971,5,2.5,5,0,1,2,0.5,0,0,NA,NA,NA,NA,NA,NA,NA,NA,"P5"
"127","Michigan State","fbs","Big Ten",2014,512705,"Connor Cook",7,3,11,2.33333333333333,25.8274379422367,3.68963399174811,8.60914598074558,79,11.2857142857143,26.3333333333333,1,7,7,1,7,0,NA,NA,NA,NA,NA,NA,NA,NA,"P5"
"127","Michigan State","fbs","Big Ten",2014,512716,"Paul Lang",1,1,11,1,-0.438172770608267,-0.438172770608267,-0.438172770608267,-1,-1,-1,0,1,1,1,0,0,NA,NA,NA,NA,NA,NA,NA,NA,"P5"
"127","Michigan State","fbs","Big Ten",2014,512719,"Trevon Pendleton",1,1,11,1,-0.451045379273959,-0.451045379273959,-0.451045379273959,2,2,2,0,1,1,1,0,0,NA,NA,NA,NA,NA,NA,NA,NA,"P5"
"127","Michigan State","fbs","Big Ten",2014,535580,"Josiah Price",28,8,11,3.5,10.7585132005375,0.38423261430491,1.34481415006719,276,9.85714285714286,34.5,0.535714285714286,18,28,0.642857142857143,3,1,385,358,299,239.5,392.5,373.5,122,339,"P5"
"127","Michigan State","fbs","Big Ten",2014,535854,"Tres Barksdale",2,1,11,2,0.124753718646278,0.0623768593231391,0.124753718646278,16,8,16,0.5,2,2,1,0,0,NA,NA,NA,NA,NA,NA,NA,NA,"P5"
"127","Michigan State","fbs","Big Ten",2014,535857,"Aaron Burbridge",43,10,11,4.3,10.3476568371228,0.240643182258669,1.03476568371228,293,6.81395348837209,29.3,0.511627906976744,24,43,0.558139534883721,1,0,393,415,410,295.5,553,355,443,419,"P5"
"127","Michigan State","fbs","Big Ten",2014,535869,"Macgarrett Kings Jr.",32,10,11,3.2,17.8226085545353,0.556956517329229,1.78226085545353,366,11.4375,36.6,0.5,24,32,0.75,0,0,257,290,145,317.5,117.5,256,44,303,"P5"
"127","Michigan State","fbs","Big Ten",2014,535870,"Jamal Lyles",6,2,11,3,3.92756236071222,0.65459372678537,1.96378118035611,43,7.16666666666667,21.5,0.5,3,6,0.5,0,0,NA,NA,NA,NA,NA,NA,NA,NA,"P5"
"127","Michigan State","fbs","Big Ten",2014,535872,"Monty Madaris",4,3,11,1.33333333333333,1.62874253412182,0.407185633530454,0.542914178040606,43,10.75,14.3333333333333,0.75,4,4,1,0,0,NA,NA,NA,NA,NA,NA,NA,NA,"P5"
"127","Michigan State","fbs","Big Ten",2014,550476,"R.J. Shelton",17,7,11,2.42857142857143,8.58006014844228,0.504709420496605,1.2257228783489,140,8.23529411764706,20,0.588235294117647,12,17,0.705882352941177,0,0,NA,NA,NA,NA,NA,NA,NA,NA,"P5"
"127","Michigan State","fbs","Big Ten",2014,550478,"Delton Williams",2,2,11,1,0.492148922734811,0.246074461367406,0.246074461367406,27,13.5,13.5,0.5,2,2,1,0,0,NA,NA,NA,NA,NA,NA,NA,NA,"P5"
"130","Michigan","fbs","Big Ten",2014,501543,"Devin Gardner",2,2,12,1,5.08211120701336,2.54105560350668,2.54105560350668,61,30.5,30.5,1,2,2,1,1,0,NA,NA,NA,NA,NA,NA,NA,NA,"P5"
"130","Michigan","fbs","Big Ten",2014,511690,"Justice Hayes",16,7,12,2.28571428571429,-8.48709586842351,-0.530443491776469,-1.21244226691764,65,4.0625,9.28571428571429,0.3125,11,16,0.6875,0,0,NA,NA,NA,NA,NA,NA,NA,NA,"P5"
"130","Michigan","fbs","Big Ten",2014,511698,"Joe Kerridge",6,5,12,1.2,7.34946270552026,1.22491045092004,1.46989254110405,53,8.83333333333333,10.6,1,6,6,1,0,0,NA,NA,NA,NA,NA,NA,NA,NA,"P5"
"130","Michigan","fbs","Big Ten",2014,512695,"Keith Heitzman",2,2,12,1,3.72429440818202,1.86214720409101,1.86214720409101,32,16,16,1,2,2,1,1,0,NA,NA,NA,NA,NA,NA,NA,NA,"P5"
"130","Michigan","fbs","Big Ten",2014,535140,"Bo Dever",1,1,12,1,0.949082119150116,0.949082119150116,0.949082119150116,26,26,26,1,1,1,1,0,0,NA,NA,NA,NA,NA,NA,NA,NA,"P5"
"130","Michigan","fbs","Big Ten",2014,535145,"Devin Funchess",98,11,12,8.90909090909091,17.5657421186901,0.179242266517246,1.59688564715365,690,7.04081632653061,62.7272727272727,0.479591836734694,61,98,0.622448979591837,3,0,262,320,457,371,431,54,418,81,"P5"
"130","Michigan","fbs","Big Ten",2014,535146,"Dennis Norfleet",21,8,12,2.625,-2.6665680972885,-0.126979433204214,-0.333321012161062,111,5.28571428571429,13.875,0.428571428571429,15,21,0.714285714285714,0,0,NA,NA,NA,NA,NA,NA,NA,NA,"P5"
"130","Michigan","fbs","Big Ten",2014,535147,"Drake Johnson",2,1,12,2,0.902903716386796,0.451451858193398,0.902903716386796,11,5.5,11,0.5,1,2,0.5,0,0,NA,NA,NA,NA,NA,NA,NA,NA,"P5"
"130","Michigan","fbs","Big Ten",2014,535165,"Amara Darboh",54,11,12,4.90909090909091,19.4725185346636,0.360602195086363,1.77022895769669,473,8.75925925925926,43,0.592592592592593,36,54,0.666666666666667,2,1,232,294,316,106,324.5,171,219,221.5,"P5"
"130","Michigan","fbs","Big Ten",2014,535166,"A.J. Williams",4,3,12,1.33333333333333,0.410918002193161,0.10272950054829,0.13697266739772,33,8.25,11,0.5,4,4,1,0,0,NA,NA,NA,NA,NA,NA,NA,NA,"P5"
"130","Michigan","fbs","Big Ten",2014,535167,"Jehu Chesson",23,7,12,3.28571428571429,4.61917113962577,0.200833527809816,0.65988159137511,154,6.69565217391304,22,0.391304347826087,14,23,0.608695652173913,0,0,489,475,446,540.5,460.5,566.5,457,516,"P5"
"130","Michigan","fbs","Big Ten",2014,546705,"De'Veon Smith",5,3,12,1.66666666666667,-0.301582605715869,-0.0603165211431738,-0.100527535238623,26,5.2,8.66666666666667,0.6,3,5,0.6,0,0,NA,NA,NA,NA,NA,NA,NA,NA,"P5"
"130","Michigan","fbs","Big Ten",2014,546710,"Da'Mario Jones",2,1,12,2,0.051214655961239,0.0256073279806195,0.051214655961239,11,5.5,11,0.5,1,2,0.5,0,0,NA,NA,NA,NA,NA,NA,NA,NA,"P5"
"130","Michigan","fbs","Big Ten",2014,546714,"Derrick Green",3,1,12,3,1.63346392421853,0.544487974739508,1.63346392421853,26,8.66666666666667,26,0.666666666666667,2,3,0.666666666666667,0,0,NA,NA,NA,NA,NA,NA,NA,NA,"P5"
"130","Michigan","fbs","Big Ten",2014,546728,"Khalid Hill",6,4,12,1.5,0.90988983803986,0.151648306339977,0.227472459509965,37,6.16666666666667,9.25,0.5,4,6,0.666666666666667,0,0,NA,NA,NA,NA,NA,NA,NA,NA,"P5"
"130","Michigan","fbs","Big Ten",2014,546731,"Jake Butt",29,9,12,3.22222222222222,1.78756636868369,0.0616402196097824,0.198618485409299,211,7.27586206896552,23.4444444444444,0.551724137931034,21,29,0.724137931034483,2,0,526,528,521,197.5,182.5,464,388.5,493.5,"P5"
"130","Michigan","fbs","Big Ten",2014,3115964,"Freddy Canteen",6,5,12,1.2,1.86172571282098,0.310287618803497,0.372345142564196,22,3.66666666666667,4.4,0.5,5,6,0.833333333333333,1,0,NA,NA,NA,NA,NA,NA,NA,NA,"P5"
"135","Minnesota","fbs","Big Ten",2014,512737,"David Cobb",12,6,11,2,1.61622069024112,0.134685057520094,0.269370115040187,107,8.91666666666667,17.8333333333333,0.5,10,12,0.833333333333333,0,0,NA,NA,NA,NA,NA,NA,NA,NA,"P5"
"135","Minnesota","fbs","Big Ten",2014,512742,"Drew Goodger",1,1,11,1,0.837491321997605,0.837491321997605,0.837491321997605,9,9,9,1,1,1,1,0,0,NA,NA,NA,NA,NA,NA,NA,NA,"P5"
"135","Minnesota","fbs","Big Ten",2014,530719,"Isaac Fruechte",26,8,11,3.25,13.2181565180512,0.508390635309663,1.6522695647564,278,10.6923076923077,34.75,0.576923076923077,15,26,0.576923076923077,1,0,339,314,184,136,531,371.5,72,333,"P5"
"135","Minnesota","fbs","Big Ten",2014,530731,"Mitch Leidner",4,1,11,4,9.89510880827175,2.47377720206794,9.89510880827175,60,15,60,1,4,4,1,4,0,NA,NA,NA,NA,NA,NA,NA,NA,"P5"
"135","Minnesota","fbs","Big Ten",2014,530740,"Lincoln Plsek",4,2,11,2,2.38028354348054,0.595070885870134,1.19014177174027,40,10,20,0.75,3,4,0.75,0,0,NA,NA,NA,NA,NA,NA,NA,NA,"P5"
"135","Minnesota","fbs","Big Ten",2014,530747,"Maxx Williams",47,10,11,4.7,21.6046668452706,0.459673762665332,2.16046668452706,398,8.46808510638298,39.8,0.48936170212766,24,47,0.51063829787234,4,0,201,213,233,340.5,599,225,251,256,"P5"
"135","Minnesota","fbs","Big Ten",2014,545452,"Eric Carter",1,1,11,1,-0.318703566067117,-0.318703566067117,-0.318703566067117,4,4,4,0,1,1,1,0,0,NA,NA,NA,NA,NA,NA,NA,NA,"P5"
"135","Minnesota","fbs","Big Ten",2014,545456,"Berkley Edwards",2,1,11,2,-2.13089739625178,-1.06544869812589,-2.13089739625178,1,0.5,1,0,1,2,0.5,0,0,NA,NA,NA,NA,NA,NA,NA,NA,"P5"
"135","Minnesota","fbs","Big Ten",2014,545462,"Donovahn Jones",18,6,11,3,2.09005367600432,0.116114093111351,0.348342279334053,152,8.44444444444444,25.3333333333333,0.333333333333333,7,18,0.388888888888889,0,0,NA,NA,NA,NA,NA,NA,NA,NA,"P5"
"135","Minnesota","fbs","Big Ten",2014,545480,"Drew Wolitarsky",15,6,11,2.5,6.4939842792818,0.432932285285453,1.08233071321363,106,7.06666666666667,17.6666666666667,0.533333333333333,10,15,0.666666666666667,0,0,NA,NA,NA,NA,NA,NA,NA,NA,"P5"
"135","Minnesota","fbs","Big Ten",2014,3116064,"Brandon Lingen",1,1,11,1,0.957743332027202,0.957743332027202,0.957743332027202,6,6,6,1,1,1,1,0,0,NA,NA,NA,NA,NA,NA,NA,NA,"P5"
"135","Minnesota","fbs","Big Ten",2014,3116076,"Miles Thomas",7,4,11,1.75,7.22610804884536,1.03230114983505,1.80652701221134,37,5.28571428571429,9.25,0.571428571428571,5,7,0.714285714285714,0,0,NA,NA,NA,NA,NA,NA,NA,NA,"P5"
"142","Missouri","fbs","SEC",2014,501518,"Darius White",40,8,12,5,9.22782679937748,0.230695669984437,1.15347834992218,275,6.875,34.375,0.475,26,40,0.65,1,1,413,394,422,379,378,376,436.5,342,"P5"
"142","Missouri","fbs","SEC",2014,501822,"Jimmie Hunt",55,11,12,5,56.3983084585066,1.02542379015467,5.12711895077333,663,12.0545454545455,60.2727272727273,0.545454545454545,36,55,0.654545454545455,6,0,18,25,8,213,368.5,65,24,93,"P5"
"142","Missouri","fbs","SEC",2014,501826,"Marcus Murphy",35,11,12,3.18181818181818,-2.51540091459949,-0.0718685975599854,-0.228672810418135,178,5.08571428571429,16.1818181818182,0.314285714285714,23,35,0.657142857142857,1,1,578,574,577,608,351.5,526.5,577,592,"P5"
"142","Missouri","fbs","SEC",2014,501832,"Bud Sasser",103,12,12,8.58333333333333,51.6982044360723,0.501924314913323,4.30818370300602,887,8.61165048543689,73.9166666666667,0.543689320388349,67,103,0.650485436893204,9,1,24,51,192,220,376,21,239,41,"P5"
"142","Missouri","fbs","SEC",2014,515219,"Wesley Leftwich",4,2,12,2,1.64769929268267,0.411924823170667,0.823849646341333,26,6.5,13,0.25,1,4,0.25,0,0,NA,NA,NA,NA,NA,NA,NA,NA,"P5"
"142","Missouri","fbs","SEC",2014,531373,"Sean Culkin",35,9,12,3.88888888888889,0.751963012691253,0.0214846575054644,0.0835514458545836,173,4.94285714285714,19.2222222222222,0.485714285714286,19,35,0.542857142857143,1,0,542,542,541,349.5,565,535,589,551,"P5"
"142","Missouri","fbs","SEC",2014,531382,"Russell Hansbrough",18,9,12,2,-9.28864156297535,-0.516035642387519,-1.03207128477504,61,3.38888888888889,6.77777777777778,0.277777777777778,10,18,0.555555555555556,0,0,NA,NA,NA,NA,NA,NA,NA,NA,"P5"
"142","Missouri","fbs","SEC",2014,531385,"Maty Mauk",3,3,12,1,2.77543289777851,0.925144299259502,0.925144299259502,21,7,7,0.666666666666667,3,3,1,2,0,NA,NA,NA,NA,NA,NA,NA,NA,"P5"
"142","Missouri","fbs","SEC",2014,537609,"Gavin Otte",2,1,12,2,-2.44829511481928,-1.22414755740964,-2.44829511481928,-3,-1.5,-3,0,1,2,0.5,0,0,NA,NA,NA,NA,NA,NA,NA,NA,"P5"
"142","Missouri","fbs","SEC",2014,550100,"J'Mon Moore",2,1,12,2,3.73355721140105,1.86677860570053,3.73355721140105,33,16.5,33,1,2,2,1,0,0,NA,NA,NA,NA,NA,NA,NA,NA,"P5"
"142","Missouri","fbs","SEC",2014,550104,"Jason Reese",1,1,12,1,0.876333133453155,0.876333133453155,0.876333133453155,12,12,12,1,1,1,1,0,0,NA,NA,NA,NA,NA,NA,NA,NA,"P5"
"142","Missouri","fbs","SEC",2014,3122105,"Nate Brown",4,2,12,2,1.48320721668399,0.370801804170997,0.741603608341993,31,7.75,15.5,0.75,4,4,1,0,0,NA,NA,NA,NA,NA,NA,NA,NA,"P5"
"142","Missouri","fbs","SEC",2014,3122108,"Lawrence Lee",8,2,12,4,-6.16349054543736,-0.77043631817967,-3.08174527271868,13,1.625,6.5,0.125,2,8,0.25,0,0,NA,NA,NA,NA,NA,NA,NA,NA,"P5"
"142","Missouri","fbs","SEC",2014,3122119,"Ish Witter",2,2,12,1,-1.46067753768125,-0.730338768840625,-0.730338768840625,0,0,0,0,0,2,0,0,0,NA,NA,NA,NA,NA,NA,NA,NA,"P5"
"145","Ole Miss","fbs","SEC",2014,500990,"Bo Wallace",6,3,10,2,15.244370060631,2.54072834343851,5.08145668687701,142,23.6666666666667,47.3333333333333,0.833333333333333,5,6,0.833333333333333,5,0,NA,NA,NA,NA,NA,NA,NA,NA,"P5"
"145","Ole Miss","fbs","SEC",2014,504230,"Vince Sanders",44,9,10,4.88888888888889,43.3605830170755,0.985467795842626,4.81784255745284,519,11.7954545454545,57.6666666666667,0.659090909090909,32,44,0.727272727272727,4,0,43,33,13,31,176.5,135,30,104,"P5"
"145","Ole Miss","fbs","SEC",2014,536106,"Jaylen Walton",20,9,10,2.22222222222222,5.55833187753479,0.27791659387674,0.617592430837199,151,7.55,16.7777777777778,0.4,15,20,0.75,2,0,479,482,381,528,117.5,573,354,588.5,"P5"
"145","Ole Miss","fbs","SEC",2014,536195,"Quintavius Burdette",6,4,10,1.5,-0.436252141839011,-0.0727086903065018,-0.109063035459753,28,4.66666666666667,7,0.333333333333333,6,6,1,0,0,NA,NA,NA,NA,NA,NA,NA,NA,"P5"
"145","Ole Miss","fbs","SEC",2014,536197,"Cody Core",40,10,10,4,21.2411565765875,0.531028914414687,2.12411565765875,379,9.475,37.9,0.675,30,40,0.75,3,1,208,220,166,24,117.5,245.5,155,282.5,"P5"
"145","Ole Miss","fbs","SEC",2014,536203,"I'Tavius Mathers",10,6,10,1.66666666666667,-0.98118404776376,-0.098118404776376,-0.163530674627293,38,3.8,6.33333333333333,0.4,5,10,0.5,0,0,NA,NA,NA,NA,NA,NA,NA,NA,"P5"
"145","Ole Miss","fbs","SEC",2014,546217,"Mark Dodson",4,3,10,1.33333333333333,-4.00282154011646,-1.00070538502912,-1.33427384670549,5,1.25,1.66666666666667,0.25,2,4,0.5,0,0,NA,NA,NA,NA,NA,NA,NA,NA,"P5"
"145","Ole Miss","fbs","SEC",2014,550014,"Laquon Treadwell",61,8,10,7.625,29.881221749874,0.48985609426023,3.73515271873425,516,8.45901639344262,64.5,0.524590163934426,40,61,0.655737704918033,3,1,114,78,210,261.5,360,138.5,253,73.5,"P5"
"145","Ole Miss","fbs","SEC",2014,550016,"Jordan Wilkins",2,2,10,1,-0.581551696488215,-0.290775848244107,-0.290775848244107,6,3,3,0.5,1,2,0.5,0,0,NA,NA,NA,NA,NA,NA,NA,NA,"P5"
"145","Ole Miss","fbs","SEC",2014,550110,"Quincy Adeboyejo",26,5,10,5.2,10.0908947268745,0.388111335649021,2.01817894537491,253,9.73076923076923,50.6,0.576923076923077,18,26,0.692307692307692,1,0,396,239,297,136,262,409.5,129.5,155,"P5"
"145","Ole Miss","fbs","SEC",2014,550111,"Trey Bledsoe",1,1,10,1,0.16251136918084,0.16251136918084,0.16251136918084,6,6,6,1,1,1,1,0,0,NA,NA,NA,NA,NA,NA,NA,NA,"P5"
"145","Ole Miss","fbs","SEC",2014,550113,"Eugene Brazley",2,2,10,1,0.256105482433977,0.128052741216989,0.128052741216989,14,7,7,0.5,2,2,1,0,0,NA,NA,NA,NA,NA,NA,NA,NA,"P5"
"145","Ole Miss","fbs","SEC",2014,550117,"Evan Engram",47,8,10,5.875,24.476850837478,0.520784060371872,3.05960635468475,516,10.9787234042553,64.5,0.51063829787234,31,47,0.659574468085106,0,0,161,120,175,298,344,138.5,65,73.5,"P5"
"145","Ole Miss","fbs","SEC",2014,559642,"Jeremy Liggins",2,2,10,1,-0.778421978127352,-0.389210989063676,-0.389210989063676,3,1.5,1.5,0,1,2,0.5,0,0,NA,NA,NA,NA,NA,NA,NA,NA,"P5"
"145","Ole Miss","fbs","SEC",2014,3128741,"Markell Pack",12,5,10,2.4,6.7069976184943,0.558916468207859,1.34139952369886,107,8.91666666666667,21.4,0.583333333333333,8,12,0.666666666666667,0,0,NA,NA,NA,NA,NA,NA,NA,NA,"P5"
"150","Duke","fbs","ACC",2014,501044,"Issac Blakeney",63,11,11,5.72727272727273,23.3354507268753,0.370403979791672,2.12140461153412,476,7.55555555555556,43.2727272727273,0.46031746031746,39,63,0.619047619047619,4,1,174,221,312,425.5,440.5,165.5,353,219,"P5"
"150","Duke","fbs","ACC",2014,501046,"Anthony Boone",5,2,11,2.5,10.2659281779868,2.05318563559735,5.13296408899338,82,16.4,41,0.8,5,5,1,4,0,NA,NA,NA,NA,NA,NA,NA,NA,"P5"
"150","Duke","fbs","ACC",2014,501069,"Josh Snead",14,9,11,1.55555555555556,0.450955820301479,0.0322111300215342,0.0501062022557199,83,5.92857142857143,9.22222222222222,0.5,11,14,0.785714285714286,0,0,NA,NA,NA,NA,NA,NA,NA,NA,"P5"
"150","Duke","fbs","ACC",2014,514092,"David Reeves",14,8,11,1.75,4.69264910687569,0.335189221919692,0.586581138359461,78,5.57142857142857,9.75,0.571428571428571,10,14,0.714285714285714,3,0,NA,NA,NA,NA,NA,NA,NA,NA,"P5"
"150","Duke","fbs","ACC",2014,517452,"Jamison Crowder",117,11,11,10.6363636363636,2.63876698080656,0.0225535639385176,0.239887907346051,717,6.12820512820513,65.1818181818182,0.358974358974359,68,117,0.581196581196581,2,1,516,522,540,580.5,523,48,513,70,"P5"
"150","Duke","fbs","ACC",2014,530275,"Max McCaffrey",47,10,11,4.7,12.4281942178346,0.264429664209248,1.24281942178346,317,6.74468085106383,31.7,0.446808510638298,30,47,0.638297872340426,2,1,355,381,390,453,402,318,450,379,"P5"
"150","Duke","fbs","ACC",2014,530276,"Erich Schneider",9,5,11,1.8,-0.843408078659095,-0.0937120087398995,-0.168681615731819,19,2.11111111111111,3.8,0.444444444444444,6,9,0.666666666666667,1,0,NA,NA,NA,NA,NA,NA,NA,NA,"P5"
"150","Duke","fbs","ACC",2014,530483,"Shaquille Powell",17,7,11,2.42857142857143,5.79975962443415,0.341162330849068,0.828537089204879,93,5.47058823529412,13.2857142857143,0.470588235294118,14,17,0.823529411764706,0,0,NA,NA,NA,NA,NA,NA,NA,NA,"P5"
"150","Duke","fbs","ACC",2014,548031,"Joseph Ajeigbe",1,1,11,1,0.527400353465938,0.527400353465938,0.527400353465938,9,9,9,1,1,1,1,0,0,NA,NA,NA,NA,NA,NA,NA,NA,"P5"
"150","Duke","fbs","ACC",2014,548044,"Terrence Alls",2,1,11,2,0.795776951896018,0.397888475948009,0.795776951896018,14,7,14,0.5,2,2,1,0,0,NA,NA,NA,NA,NA,NA,NA,NA,"P5"
"150","Duke","fbs","ACC",2014,548076,"Johnell Barnes",36,9,11,4,-7.79236976005411,-0.216454715557059,-0.865818862228235,152,4.22222222222222,16.8888888888889,0.388888888888889,18,36,0.5,0,1,617,617,612,543.5,605,570.5,617,586,"P5"
"150","Duke","fbs","ACC",2014,548077,"Ryan Smith",2,1,11,2,-0.861981711169203,-0.430990855584601,-0.861981711169203,0,0,0,0,1,2,0.5,0,0,NA,NA,NA,NA,NA,NA,NA,NA,"P5"
"150","Duke","fbs","ACC",2014,3116563,"Shaun Wilson",21,7,11,3,6.45000021847254,0.307142867546311,0.921428602638934,168,8,24,0.571428571428571,16,21,0.761904761904762,0,0,456,432,362,156,101,541,303,488,"P5"
"151","East Carolina","fbs","American Athletic",2014,500938,"Shane Carden",5,2,11,2.5,10.0902207547191,2.01804415094382,5.04511037735956,52,10.4,26,0.8,5,5,1,4,0,NA,NA,NA,NA,NA,NA,NA,NA,"G5"
"151","East Carolina","fbs","American Athletic",2014,505407,"Justin Hardy",136,11,11,12.3636363636364,73.9746154367927,0.54393099585877,6.72496503970842,1222,8.98529411764706,111.090909090909,0.647058823529412,100,136,0.735294117647059,6,0,8,9,161,40,153.5,6,198,7,"G5"
"151","East Carolina","fbs","American Athletic",2014,514832,"Chris Hairston",10,4,11,2.5,-0.191528122271294,-0.0191528122271294,-0.0478820305678235,43,4.3,10.75,0.5,7,10,0.7,0,0,NA,NA,NA,NA,NA,NA,NA,NA,"G5"
"151","East Carolina","fbs","American Athletic",2014,536602,"Brandon Bishop",1,1,11,1,5.1470456077607,5.1470456077607,5.1470456077607,19,19,19,1,1,1,1,1,0,NA,NA,NA,NA,NA,NA,NA,NA,"G5"
"151","East Carolina","fbs","American Athletic",2014,536612,"Bryce Williams",26,9,11,2.88888888888889,17.6077595261322,0.677221520235854,1.9564177251258,222,8.53846153846154,24.6666666666667,0.576923076923077,16,26,0.615384615384615,3,0,260,252,73,136,448.5,451.5,246,477,"G5"
"151","East Carolina","fbs","American Athletic",2014,545653,"Jonathon Weymann",1,1,11,1,0.324694860193755,0.324694860193755,0.324694860193755,11,11,11,1,1,1,1,0,0,NA,NA,NA,NA,NA,NA,NA,NA,"G5"
"151","East Carolina","fbs","American Athletic",2014,552929,"Breon Allen",33,11,11,3,13.3908940303989,0.405784667587844,1.21735400276353,287,8.6969696969697,26.0909090909091,0.575757575757576,33,33,1,1,0,336,385,278,140,1,358.5,229,455,"G5"
"151","East Carolina","fbs","American Athletic",2014,552937,"Davon Grayson",33,8,11,4.125,0.791743905940855,0.0239922395739653,0.0989679882426069,195,5.90909090909091,24.375,0.333333333333333,19,33,0.575757575757576,0,0,541,540,538,598,532,491.5,528,481,"G5"
"151","East Carolina","fbs","American Athletic",2014,552938,"Marquez Grayson",2,2,11,1,-2.78660393775296,-1.39330196887648,-1.39330196887648,-5,-2.5,-2.5,0,2,2,1,0,0,NA,NA,NA,NA,NA,NA,NA,NA,"G5"
"151","East Carolina","fbs","American Athletic",2014,552951,"Jimmy Williams",23,7,11,3.28571428571429,10.9529738168335,0.476216252905804,1.56471054526193,187,8.1304347826087,26.7142857142857,0.565217391304348,16,23,0.695652173913043,1,0,379,326,220,171,254.5,508.5,288,448,"G5"
"151","East Carolina","fbs","American Athletic",2014,552953,"Cam Worthy",71,9,11,7.88888888888889,44.4780277312246,0.62645109480598,4.94200308124717,839,11.8169014084507,93.2222222222222,0.605633802816901,44,71,0.619718309859155,2,0,39,29,108,87,437,28.5,28,18,"G5"
"151","East Carolina","fbs","American Athletic",2014,3126139,"Anthony Scott",4,2,11,2,-0.358955584891894,-0.0897388962229736,-0.179477792445947,21,5.25,10.5,0.75,4,4,1,0,0,NA,NA,NA,NA,NA,NA,NA,NA,"G5"
"151","East Carolina","fbs","American Athletic",2014,3126145,"Quay Johnson",8,4,11,2,-4.49240460502956,-0.561550575628695,-1.12310115125739,45,5.625,11.25,0.5,7,8,0.875,0,1,NA,NA,NA,NA,NA,NA,NA,NA,"G5"
"151","East Carolina","fbs","American Athletic",2014,3126159,"Terrell Green",2,1,11,2,0.530210229512059,0.26510511475603,0.530210229512059,8,4,8,1,1,2,0.5,0,0,NA,NA,NA,NA,NA,NA,NA,NA,"G5"
"151","East Carolina","fbs","American Athletic",2014,3126160,"Trevon Brown",26,5,11,5.2,18.5558371307491,0.713686043490351,3.71116742614982,247,9.5,49.4,0.5,13,26,0.5,3,0,245,79,64,317.5,605,415.5,153,159.5,"G5"
"152","NC State","fbs","ACC",2014,501169,"Tyler Purvis",11,6,11,1.83333333333333,4.18389802912519,0.380354366284108,0.697316338187532,66,6,11,0.727272727272727,9,11,0.818181818181818,2,0,NA,NA,NA,NA,NA,NA,NA,NA,"P5"
"152","NC State","fbs","ACC",2014,501173,"Bryan Underwood",13,5,11,2.6,-9.0527169375207,-0.696362841347746,-1.81054338750414,33,2.53846153846154,6.6,0.230769230769231,4,13,0.307692307692308,0,0,NA,NA,NA,NA,NA,NA,NA,NA,"P5"
"152","NC State","fbs","ACC",2014,511297,"Tony Creecy",7,4,11,1.75,-0.621172978130882,-0.0887389968758403,-0.155293244532721,16,2.28571428571429,4,0.285714285714286,4,7,0.571428571428571,1,0,NA,NA,NA,NA,NA,NA,NA,NA,"P5"
"152","NC State","fbs","ACC",2014,530502,"David Grinnage",27,9,11,3,29.7586893841364,1.10217368089394,3.30652104268183,305,11.2962962962963,33.8888888888889,0.777777777777778,22,27,0.814814814814815,5,1,115,98,4,2,49.5,335,53,351,"P5"
"152","NC State","fbs","ACC",2014,530517,"Shadrach Thornton",17,7,11,2.42857142857143,11.5232090980116,0.677835829294797,1.64617272828736,133,7.82352941176471,19,0.705882352941177,15,17,0.882352941176471,1,0,NA,NA,NA,NA,NA,NA,NA,NA,"P5"
"152","NC State","fbs","ACC",2014,549930,"Johnathan Alston",33,8,11,4.125,2.14798910151881,0.0650905788339034,0.268498637689851,166,5.03030303030303,20.75,0.424242424242424,18,33,0.545454545454545,1,0,522,520,519,486.5,563.5,546,583,535,"P5"
"152","NC State","fbs","ACC",2014,549932,"Bra'Lon Cherry",34,8,11,4.25,8.88686353914448,0.261378339386602,1.11085794239306,307,9.02941176470588,38.375,0.588235294117647,23,34,0.676470588235294,3,0,420,398,394,112.5,297,332.5,194,275.5,"P5"
"152","NC State","fbs","ACC",2014,549962,"Marquez Valdes-Scantling",32,7,11,4.57142857142857,1.45444281215989,0.0454513378799965,0.20777754459427,189,5.90625,27,0.375,17,32,0.53125,0,0,532,527,529,560,576.5,501,529.5,443,"P5"
"152","NC State","fbs","ACC",2014,3116721,"Jaylen Samuels",3,3,11,1,3.59526542277418,1.19842180759139,1.19842180759139,55,18.3333333333333,18.3333333333333,0.666666666666667,3,3,1,0,0,NA,NA,NA,NA,NA,NA,NA,NA,"P5"
"152","NC State","fbs","ACC",2014,3116723,"NaQuan Brown",2,1,11,2,-0.808779098245028,-0.404389549122514,-0.808779098245028,5,2.5,5,0,1,2,0.5,0,0,NA,NA,NA,NA,NA,NA,NA,NA,"P5"
"152","NC State","fbs","ACC",2014,3116742,"Bo Hines",53,9,11,5.88888888888889,26.3362090772403,0.496909605230948,2.9262454530267,537,10.1320754716981,59.6666666666667,0.547169811320755,42,53,0.792452830188679,1,0,142,133,200,207,70,120,104,95,"P5"
"152","NC State","fbs","ACC",2014,3116745,"Stephen Louis",7,4,11,1.75,4.47215483194993,0.638879261707133,1.11803870798748,66,9.42857142857143,16.5,0.714285714285714,6,7,0.857142857142857,1,0,NA,NA,NA,NA,NA,NA,NA,NA,"P5"
"153","North Carolina","fbs","ACC",2014,516335,"Romar Morris",24,8,11,3,-3.43793914534644,-0.143247464389435,-0.429742393168305,157,6.54166666666667,19.625,0.458333333333333,18,24,0.75,0,0,585,590,596,429,117.5,562,473,544,"P5"
"153","North Carolina","fbs","ACC",2014,516342,"Jack Tabb",29,9,11,3.22222222222222,8.25580315331492,0.284682867355687,0.917311461479436,187,6.44827586206897,20.7777777777778,0.586206896551724,18,29,0.620689655172414,1,0,430,433,376,116,434.5,508.5,482.5,533,"P5"
"153","North Carolina","fbs","ACC",2014,516343,"T.J. Thorpe",27,9,11,3,13.3935338409044,0.496056808922386,1.48817042676716,237,8.77777777777778,26.3333333333333,0.481481481481481,16,27,0.592592592592593,3,0,335,338,201,366.5,491.5,429,217.5,450.5,"P5"
"153","North Carolina","fbs","ACC",2014,516347,"Marquise Williams",3,3,11,1,6.83366467516906,2.27788822505635,2.27788822505635,80,26.6666666666667,26.6666666666667,0.666666666666667,3,3,1,2,0,NA,NA,NA,NA,NA,NA,NA,NA,"P5"
"153","North Carolina","fbs","ACC",2014,518690,"Eric Albright",2,2,11,1,11.570028567004,5.78501428350201,5.78501428350201,96,48,48,1,2,2,1,1,0,NA,NA,NA,NA,NA,NA,NA,NA,"P5"
"153","North Carolina","fbs","ACC",2014,530417,"Quinshad Davis",49,10,11,4.9,45.327957794409,0.925060363151203,4.5327957794409,397,8.10204081632653,39.7,0.63265306122449,35,49,0.714285714285714,6,0,37,42,21,54,206,228,292,257,"P5"
"153","North Carolina","fbs","ACC",2014,530432,"Kendrick Singleton",15,6,11,2.5,4.45757414926131,0.297171609950754,0.742929024876885,105,7,17.5,0.466666666666667,8,15,0.533333333333333,0,0,NA,NA,NA,NA,NA,NA,NA,NA,"P5"
"153","North Carolina","fbs","ACC",2014,530490,"Damien Washington",5,4,11,1.25,4.22820190141561,0.845640380283123,1.0570504753539,54,10.8,13.5,0.8,4,5,0.8,0,0,NA,NA,NA,NA,NA,NA,NA,NA,"P5"
"153","North Carolina","fbs","ACC",2014,540206,"Charles Brunson",1,1,11,1,-0.567337170723413,-0.567337170723413,-0.567337170723413,0,0,0,0,0,1,0,0,0,NA,NA,NA,NA,NA,NA,NA,NA,"P5"
"153","North Carolina","fbs","ACC",2014,540210,"Mack Hollins",55,11,11,5,30.3114339325653,0.551116980592096,2.75558490296048,571,10.3818181818182,51.9090909090909,0.509090909090909,32,55,0.581818181818182,7,0,109,147,150,300,520.5,106,88,143,"P5"
"153","North Carolina","fbs","ACC",2014,545237,"Khris Francis",7,4,11,1.75,-1.82672647672714,-0.260960925246734,-0.456681619181785,28,4,7,0.285714285714286,5,7,0.714285714285714,0,0,NA,NA,NA,NA,NA,NA,NA,NA,"P5"
"153","North Carolina","fbs","ACC",2014,545251,"Bug Howard",45,10,11,4.5,24.7447738846347,0.549883864102993,2.47447738846347,386,8.57777777777778,38.6,0.622222222222222,32,45,0.711111111111111,1,0,158,183,152,65,213.5,238,242,268,"P5"
"153","North Carolina","fbs","ACC",2014,545254,"T.J. Logan",22,9,11,2.44444444444444,0.329619757897111,0.0149827162680505,0.0366244175441234,119,5.40909090909091,13.2222222222222,0.363636363636364,21,22,0.954545454545455,0,0,543,544,543,574.5,2,605.5,560.5,610,"P5"
"153","North Carolina","fbs","ACC",2014,545256,"Ryan Switzer",69,11,11,6.27272727272727,19.2173232783132,0.278511931569756,1.74702938893756,602,8.72463768115942,54.7272727272727,0.391304347826087,46,69,0.666666666666667,3,0,236,299,380,540.5,324.5,94,222,121,"P5"
"153","North Carolina","fbs","ACC",2014,3116680,"Austin Proehl",14,10,11,1.4,8.68844428690744,0.620603163350531,0.868844428690744,104,7.42857142857143,10.4,0.857142857142857,12,14,0.857142857142857,0,0,NA,NA,NA,NA,NA,NA,NA,NA,"P5"
"153","North Carolina","fbs","ACC",2014,3116690,"Elijah Hood",3,3,11,1,-3.0141771910282,-1.00472573034273,-1.00472573034273,-2,-0.666666666666667,-0.666666666666667,0,2,3,0.666666666666667,0,0,NA,NA,NA,NA,NA,NA,NA,NA,"P5"
"154","Wake Forest","fbs","ACC",2014,500546,"Matt James",64,7,11,9.14285714285714,3.6249309107146,0.0566395454799156,0.517847272959228,341,5.328125,48.7142857142857,0.4375,35,64,0.546875,0,0,503,494,524,463.5,562,284,566,167,"P5"
"154","Wake Forest","fbs","ACC",2014,500556,"Brandon Terry",11,3,11,3.66666666666667,1.0466335574234,0.0951485052203089,0.348877852474466,93,8.45454545454546,31,0.454545454545455,7,11,0.636363636363636,1,0,NA,NA,NA,NA,NA,NA,NA,NA,"P5"
"154","Wake Forest","fbs","ACC",2014,501203,"E.J. Scott",64,11,11,5.81818181818182,32.4648555713116,0.507263368301744,2.95135050648288,451,7.046875,41,0.53125,46,64,0.71875,2,0,98,132,185,246.5,197.5,185,417,240,"P5"
"154","Wake Forest","fbs","ACC",2014,515588,"Orville Reynolds",10,5,11,2,-6.85225551153634,-0.685225551153634,-1.37045110230727,15,1.5,3,0.2,8,10,0.8,0,0,NA,NA,NA,NA,NA,NA,NA,NA,"P5"
"154","Wake Forest","fbs","ACC",2014,530345,"Jonathan Williams",1,1,11,1,1.67099916762044,1.67099916762044,1.67099916762044,9,9,9,1,1,1,1,0,0,NA,NA,NA,NA,NA,NA,NA,NA,"P5"
"154","Wake Forest","fbs","ACC",2014,530347,"Jared Crump",43,11,11,3.90909090909091,10.0034397357669,0.232638133389929,0.90940361234245,280,6.51162790697674,25.4545454545455,0.418604651162791,26,43,0.604651162790698,1,0,398,435,421,495.5,470,368,476,465,"P5"
"154","Wake Forest","fbs","ACC",2014,545296,"Dezmond Wortham",7,5,11,1.4,-4.18801047291848,-0.598287210416926,-0.837602094583696,19,2.71428571428571,3.8,0.142857142857143,6,7,0.857142857142857,0,0,NA,NA,NA,NA,NA,NA,NA,NA,"P5"
"154","Wake Forest","fbs","ACC",2014,545319,"Cam Serigne",66,11,11,6,28.6089682220486,0.433469215485585,2.60081529291351,468,7.09090909090909,42.5454545454545,0.545454545454545,49,66,0.742424242424242,5,1,123,166,253,213,135,176.5,411,227,"P5"
"154","Wake Forest","fbs","ACC",2014,3124092,"John Wolford",1,1,11,1,1.08407624311784,1.08407624311784,1.08407624311784,24,24,24,1,1,1,1,0,0,NA,NA,NA,NA,NA,NA,NA,NA,"P5"
"154","Wake Forest","fbs","ACC",2014,3124095,"Isaiah Robinson",9,5,11,1.8,-1.86369958065785,-0.207077731184206,-0.37273991613157,27,3,5.4,0.222222222222222,7,9,0.777777777777778,1,0,NA,NA,NA,NA,NA,NA,NA,NA,"P5"
"154","Wake Forest","fbs","ACC",2014,3124104,"Devin Pike",5,3,11,1.66666666666667,-2.88482576284659,-0.576965152569319,-0.961608587615532,8,1.6,2.66666666666667,0.2,3,5,0.6,0,0,NA,NA,NA,NA,NA,NA,NA,NA,"P5"
"158","Nebraska","fbs","Big Ten",2014,501842,"Kenny Bell",64,11,11,5.81818181818182,23.8154982676847,0.372117160432573,2.16504529706225,670,10.46875,60.9090909090909,0.484375,36,64,0.5625,3,0,166,210,308,355,548.5,64,82,91,"P5"
"158","Nebraska","fbs","Big Ten",2014,512844,"Jamal Turner",2,1,11,2,0.609526392439867,0.304763196219934,0.609526392439867,9,4.5,9,0.5,1,2,0.5,0,0,NA,NA,NA,NA,NA,NA,NA,NA,"P5"
"158","Nebraska","fbs","Big Ten",2014,514508,"Ameer Abdullah",21,7,11,3,5.18321469708595,0.246819747480283,0.740459242440849,112,5.33333333333333,16,0.428571428571429,13,21,0.619047619047619,2,0,487,466,404,481,440.5,613,565,593,"P5"
"158","Nebraska","fbs","Big Ten",2014,514510,"Taariq Allen",9,3,11,3,-1.2961443201269,-0.144016035569656,-0.432048106708968,46,5.11111111111111,15.3333333333333,0.222222222222222,5,9,0.555555555555556,1,0,NA,NA,NA,NA,NA,NA,NA,NA,"P5"
"158","Nebraska","fbs","Big Ten",2014,533270,"Tommy Armstrong Jr.",3,3,11,1,9.15455624576781,3.05151874858927,3.05151874858927,45,15,15,1,3,3,1,3,0,NA,NA,NA,NA,NA,NA,NA,NA,"P5"
"158","Nebraska","fbs","Big Ten",2014,533276,"Sam Cotton",3,3,11,1,6.09039207601745,2.03013069200582,2.03013069200582,41,13.6666666666667,13.6666666666667,1,3,3,1,2,0,NA,NA,NA,NA,NA,NA,NA,NA,"P5"
"158","Nebraska","fbs","Big Ten",2014,533277,"Imani Cross",1,1,11,1,-1.67988458190323,-1.67988458190323,-1.67988458190323,0,0,0,0,0,1,0,0,0,NA,NA,NA,NA,NA,NA,NA,NA,"P5"
"158","Nebraska","fbs","Big Ten",2014,533281,"Trey Foster",1,1,11,1,-0.0271775703127046,-0.0271775703127046,-0.0271775703127046,6,6,6,0,1,1,1,0,0,NA,NA,NA,NA,NA,NA,NA,NA,"P5"
"158","Nebraska","fbs","Big Ten",2014,533285,"Lane Hovey",6,3,11,2,5.6916786439939,0.948613107332317,1.89722621466463,69,11.5,23,0.833333333333333,5,6,0.833333333333333,0,0,NA,NA,NA,NA,NA,NA,NA,NA,"P5"
"158","Nebraska","fbs","Big Ten",2014,533286,"Andy Janovich",1,1,11,1,1.96804164353275,1.96804164353275,1.96804164353275,16,16,16,1,1,1,1,0,0,NA,NA,NA,NA,NA,NA,NA,NA,"P5"
"158","Nebraska","fbs","Big Ten",2014,533292,"Alonzo Moore",27,9,11,3,-5.36204326609789,-0.198594195040663,-0.595782585121988,125,4.62962962962963,13.8888888888889,0.296296296296296,9,27,0.333333333333333,0,0,606,605,609,616.5,630,600,602,609,"P5"
"158","Nebraska","fbs","Big Ten",2014,533297,"Brandon Reilly",5,2,11,2.5,0.211116995173712,0.0422233990347424,0.105558497586856,49,9.8,24.5,0.4,2,5,0.4,0,0,NA,NA,NA,NA,NA,NA,NA,NA,"P5"
"158","Nebraska","fbs","Big Ten",2014,533303,"Jordan Westerkamp",53,11,11,4.81818181818182,33.1399641483071,0.625282342420888,3.01272401348246,605,11.4150943396226,55,0.60377358490566,37,53,0.69811320754717,3,0,94,126,111,89.5,249,91,46,118.5,"P5"
"158","Nebraska","fbs","Big Ten",2014,545589,"Cethan Carter",4,2,11,2,4.47069067467194,1.11767266866799,2.23534533733597,68,17,34,0.75,3,4,0.75,1,0,NA,NA,NA,NA,NA,NA,NA,NA,"P5"
"158","Nebraska","fbs","Big Ten",2014,545615,"Terrell Newby",7,4,11,1.75,-0.914146425459594,-0.130592346494228,-0.228536606364899,40,5.71428571428571,10,0.285714285714286,6,7,0.857142857142857,0,0,NA,NA,NA,NA,NA,NA,NA,NA,"P5"
"158","Nebraska","fbs","Big Ten",2014,548223,"Christian Bailey",1,1,11,1,2.93856536505781,2.93856536505781,2.93856536505781,10,10,10,1,1,1,1,1,0,NA,NA,NA,NA,NA,NA,NA,NA,"P5"
"158","Nebraska","fbs","Big Ten",2014,3121398,"De'Mornay Pierson-El",23,8,11,2.875,-2.35914490750455,-0.102571517717589,-0.294893113438069,202,8.78260869565217,25.25,0.347826086956522,14,23,0.608695652173913,2,2,577,579,587,586.5,460.5,480.5,215,470,"P5"
"164","Rutgers","fbs","Big Ten",2014,502760,"Andrew Turzilli",14,6,11,2.33333333333333,14.4520361342202,1.03228829530144,2.40867268903669,263,18.7857142857143,43.8333333333333,0.5,7,14,0.5,3,0,NA,NA,NA,NA,NA,NA,NA,NA,"P5"
"164","Rutgers","fbs","Big Ten",2014,503831,"Michael Burton",14,9,11,1.55555555555556,5.97210601843791,0.426579001316994,0.66356733538199,118,8.42857142857143,13.1111111111111,0.571428571428571,13,14,0.928571428571429,0,0,NA,NA,NA,NA,NA,NA,NA,NA,"P5"
"164","Rutgers","fbs","Big Ten",2014,518349,"Paul James",4,3,11,1.33333333333333,-2.49204786794137,-0.623011966985342,-0.830682622647122,20,5,6.66666666666667,0.25,2,4,0.5,0,0,NA,NA,NA,NA,NA,NA,NA,NA,"P5"
"164","Rutgers","fbs","Big Ten",2014,518366,"Tyler Kroft",31,8,11,3.875,17.8194802131127,0.574821942358475,2.22743502663909,242,7.80645161290323,30.25,0.612903225806452,22,31,0.709677419354839,0,0,258,201,133,76,217,424.5,326,405,"P5"
"164","Rutgers","fbs","Big Ten",2014,534223,"Tim Gleeson",1,1,11,1,-2.45466135024145,-2.45466135024145,-2.45466135024145,-2,-2,-2,0,1,1,1,0,0,NA,NA,NA,NA,NA,NA,NA,NA,"P5"
"164","Rutgers","fbs","Big Ten",2014,537313,"Leonte Carroo",79,11,11,7.18181818181818,56.5159777660858,0.71539212362134,5.13781616055326,999,12.6455696202532,90.8181818181818,0.607594936708861,51,79,0.645569620253165,9,0,17,24,62,82,385,14,15,20,"P5"
"164","Rutgers","fbs","Big Ten",2014,537314,"Desmon Peoples",8,4,11,2,8.21611341564734,1.02701417695592,2.05402835391183,121,15.125,30.25,0.625,7,8,0.875,0,0,NA,NA,NA,NA,NA,NA,NA,NA,"P5"
"164","Rutgers","fbs","Big Ten",2014,537318,"Carlton Agudosi",4,4,11,1,-0.452465153183151,-0.113116288295788,-0.113116288295788,25,6.25,6.25,0.5,4,4,1,0,0,NA,NA,NA,NA,NA,NA,NA,NA,"P5"
"164","Rutgers","fbs","Big Ten",2014,547533,"Nick Arcidiacono",1,1,11,1,1.06788034043561,1.06788034043561,1.06788034043561,11,11,11,1,1,1,1,0,0,NA,NA,NA,NA,NA,NA,NA,NA,"P5"
"164","Rutgers","fbs","Big Ten",2014,547540,"Matt Flanagan",1,1,11,1,2.69472194278584,2.69472194278584,2.69472194278584,6,6,6,1,1,1,1,0,0,NA,NA,NA,NA,NA,NA,NA,NA,"P5"
"164","Rutgers","fbs","Big Ten",2014,547541,"Justin Goodwin",9,3,11,3,1.54293578559229,0.171437309510255,0.514311928530764,57,6.33333333333333,19,0.444444444444444,9,9,1,0,0,NA,NA,NA,NA,NA,NA,NA,NA,"P5"
"164","Rutgers","fbs","Big Ten",2014,547542,"Janarion Grant",37,8,11,4.625,11.0540163280844,0.298757198056335,1.38175204101055,309,8.35135135135135,38.625,0.432432432432432,21,37,0.567567567567568,0,0,377,352,368,474,538,327,261,267,"P5"
"164","Rutgers","fbs","Big Ten",2014,547556,"Andre Patton",31,5,11,6.2,3.3308668197206,0.107447316765181,0.666173363944119,159,5.12903225806452,31.8,0.387096774193548,17,31,0.548387096774194,2,1,505,474,501,546,561,557.5,574,377,"P5"
"164","Rutgers","fbs","Big Ten",2014,547563,"John Tsimis",20,6,11,3.33333333333333,12.8970194861132,0.644850974305661,2.14950324768554,140,7,23.3333333333333,0.65,15,20,0.75,2,0,NA,NA,NA,NA,NA,NA,NA,NA,"P5"
"164","Rutgers","fbs","Big Ten",2014,3127369,"Josh Hicks",1,1,11,1,-1.08827459853555,-1.08827459853555,-1.08827459853555,0,0,0,0,0,1,0,0,0,NA,NA,NA,NA,NA,NA,NA,NA,"P5"
"164","Rutgers","fbs","Big Ten",2014,3127374,"Robert Martin",2,2,11,1,2.74669033567853,1.37334516783926,1.37334516783926,25,12.5,12.5,0.5,2,2,1,0,0,NA,NA,NA,NA,NA,NA,NA,NA,"P5"
"166","New Mexico State","fbs","Sun Belt",2014,506134,"Jerrel Brown",36,8,10,4.5,25.7986659877055,0.716629610769596,3.22483324846318,341,9.47222222222222,42.625,0.583333333333333,24,36,0.666666666666667,2,0,145,107,61,122.5,324.5,284,157,226,"G5"
"166","New Mexico State","fbs","Sun Belt",2014,506139,"Andrew Dean",5,4,10,1.25,-0.80105686172652,-0.160211372345304,-0.20026421543163,14,2.8,3.5,0.4,4,5,0.8,0,0,NA,NA,NA,NA,NA,NA,NA,NA,"G5"
"166","New Mexico State","fbs","Sun Belt",2014,512786,"Adam Shapiro",35,8,10,4.375,5.43369091684154,0.155248311909758,0.679211364605192,231,6.6,28.875,0.457142857142857,23,35,0.657142857142857,1,1,481,471,473,431,351.5,442,465.5,424.5,"G5"
"166","New Mexico State","fbs","Sun Belt",2014,512789,"Brandon Betancourt",8,7,10,1.14285714285714,-4.60409486107014,-0.575511857633768,-0.657727837295735,5,0.625,0.714285714285714,0.125,4,8,0.5,0,0,NA,NA,NA,NA,NA,NA,NA,NA,"G5"
"166","New Mexico State","fbs","Sun Belt",2014,512797,"Joseph Matthews",45,10,10,4.5,20.2973600027481,0.451052444505513,2.02973600027481,348,7.73333333333333,34.8,0.577777777777778,33,45,0.733333333333333,3,0,218,235,241,132,159,277,334,330.5,"G5"
"166","New Mexico State","fbs","Sun Belt",2014,522923,"Joshua Bowen",55,9,10,6.11111111111111,5.21689328120519,0.0948526051128217,0.579654809022799,320,5.81818181818182,35.5555555555556,0.418181818181818,39,55,0.709090909090909,0,0,486,488,506,497,219.5,313,537,315,"G5"
"166","New Mexico State","fbs","Sun Belt",2014,546203,"Teldrick Morgan",80,9,10,8.88888888888889,38.4783664761002,0.480979580951252,4.27537405290002,652,8.15,72.4444444444444,0.575,59,80,0.7375,2,0,64,56,217,142.5,150,70,285,44,"G5"
"166","New Mexico State","fbs","Sun Belt",2014,546204,"Xavier Hall",2,1,10,2,-0.777925933432535,-0.388962966716268,-0.777925933432535,2,1,2,0,1,2,0.5,0,0,NA,NA,NA,NA,NA,NA,NA,NA,"G5"
"166","New Mexico State","fbs","Sun Belt",2014,546216,"Rayvean Moore",3,1,10,3,0.534948054532888,0.178316018177629,0.534948054532888,15,5,15,0.333333333333333,2,3,0.666666666666667,0,0,NA,NA,NA,NA,NA,NA,NA,NA,"G5"
"166","New Mexico State","fbs","Sun Belt",2014,551153,"Gregory Hogan",36,8,10,4.5,6.32851520291577,0.175792088969882,0.791064400364471,266,7.38888888888889,33.25,0.361111111111111,23,36,0.638888888888889,3,0,462,459,458,576,400,392,371.5,360,"G5"
"166","New Mexico State","fbs","Sun Belt",2014,3124979,"Larry Rose III",20,7,10,2.85714285714286,10.0694795053609,0.503473975268046,1.43849707219442,149,7.45,21.2857142857143,0.55,18,20,0.9,0,0,397,344,189,201,9,575.5,365,525.5,"G5"
"166","New Mexico State","fbs","Sun Belt",2014,3124981,"Tyler Rogers",5,4,10,1.25,17.037594454215,3.407518890843,4.25939861355375,120,24,30,0.8,4,5,0.8,3,0,NA,NA,NA,NA,NA,NA,NA,NA,"G5"
"167","New Mexico","fbs","Mountain West",2014,502920,"Jeric Magnant",18,10,12,1.8,11.8589083974184,0.658828244301022,1.18589083974184,183,10.1666666666667,18.3,0.611111111111111,16,18,0.888888888888889,1,1,NA,NA,NA,NA,NA,NA,NA,NA,"G5"
"167","New Mexico","fbs","Mountain West",2014,533206,"Marquis Bundy",7,5,12,1.4,-0.90316283327257,-0.129023261896081,-0.180632566654514,24,3.42857142857143,4.8,0.142857142857143,5,7,0.714285714285714,0,0,NA,NA,NA,NA,NA,NA,NA,NA,"G5"
"167","New Mexico","fbs","Mountain West",2014,533207,"Chris Edling",1,1,12,1,3.95936581895201,3.95936581895201,3.95936581895201,41,41,41,1,1,1,1,0,0,NA,NA,NA,NA,NA,NA,NA,NA,"G5"
"167","New Mexico","fbs","Mountain West",2014,533214,"Ridge Jones",5,3,12,1.66666666666667,-3.7270620656817,-0.745412413136339,-1.2423540218939,10,2,3.33333333333333,0.2,2,5,0.4,0,0,NA,NA,NA,NA,NA,NA,NA,NA,"G5"
"167","New Mexico","fbs","Mountain West",2014,533220,"Jhurell Pressley",10,5,12,2,-3.76065843110964,-0.376065843110964,-0.752131686221927,64,6.4,12.8,0.3,7,10,0.7,0,0,NA,NA,NA,NA,NA,NA,NA,NA,"G5"
"167","New Mexico","fbs","Mountain West",2014,533228,"Carlos Wiggins",6,5,12,1.2,2.10416569854449,0.350694283090748,0.420833139708897,71,11.8333333333333,14.2,0.333333333333333,2,6,0.333333333333333,1,0,NA,NA,NA,NA,NA,NA,NA,NA,"G5"
"167","New Mexico","fbs","Mountain West",2014,536830,"David Anaya",7,5,12,1.4,4.26277225068199,0.608967464383141,0.852554450136397,91,13,18.2,0.428571428571429,4,7,0.571428571428571,1,0,NA,NA,NA,NA,NA,NA,NA,NA,"G5"
"167","New Mexico","fbs","Mountain West",2014,536843,"Reece White",12,6,12,2,8.94276143594987,0.745230119662489,1.49046023932498,124,10.3333333333333,20.6666666666667,0.583333333333333,8,12,0.666666666666667,1,0,NA,NA,NA,NA,NA,NA,NA,NA,"G5"
"167","New Mexico","fbs","Mountain West",2014,551024,"Tyler Duncan",17,8,12,2.125,19.5692186531688,1.15113050900993,2.4461523316461,256,15.0588235294118,32,0.470588235294118,12,17,0.705882352941177,2,1,NA,NA,NA,NA,NA,NA,NA,NA,"G5"
"167","New Mexico","fbs","Mountain West",2014,551025,"Dameon Gamblin",4,3,12,1.33333333333333,1.7210452345659,0.430261308641475,0.573681744855301,35,8.75,11.6666666666667,0.5,3,4,0.75,0,0,NA,NA,NA,NA,NA,NA,NA,NA,"G5"
"167","New Mexico","fbs","Mountain West",2014,551026,"Teriyon Gipson",17,8,12,2.125,5.79053419415284,0.340619658479579,0.723816774269106,123,7.23529411764706,15.375,0.411764705882353,15,17,0.882352941176471,1,0,NA,NA,NA,NA,NA,NA,NA,NA,"G5"
"167","New Mexico","fbs","Mountain West",2014,551029,"Romell Jordan",1,1,12,1,3.17051771645481,3.17051771645481,3.17051771645481,22,22,22,1,1,1,1,0,0,NA,NA,NA,NA,NA,NA,NA,NA,"G5"
"183","Syracuse","fbs","ACC",2014,503798,"Adrian Flemming",19,7,11,2.71428571428571,-1.35351481226664,-0.071237621698244,-0.193359258895234,97,5.10526315789474,13.8571428571429,0.315789473684211,12,19,0.631578947368421,0,0,NA,NA,NA,NA,NA,NA,NA,NA,"P5"
"183","Syracuse","fbs","ACC",2014,503821,"Jarrod West",61,9,11,6.77777777777778,36.3250974194298,0.595493400318521,4.03612193549219,636,10.4262295081967,70.6666666666667,0.573770491803279,44,61,0.721311475409836,0,0,73,64,126,147,185,75,84,48,"P5"
"183","Syracuse","fbs","ACC",2014,514448,"Jeremiah Kobena",2,1,11,2,-1.14251927346654,-0.57125963673327,-1.14251927346654,3,1.5,3,0,1,2,0.5,0,0,NA,NA,NA,NA,NA,NA,NA,NA,"P5"
"183","Syracuse","fbs","ACC",2014,514452,"Adonis Ameen-Moore",6,4,11,1.5,-4.40134610955099,-0.733557684925164,-1.10033652738775,22,3.66666666666667,5.5,0.333333333333333,5,6,0.833333333333333,0,0,NA,NA,NA,NA,NA,NA,NA,NA,"P5"
"183","Syracuse","fbs","ACC",2014,530645,"Ashton Broyld",16,3,11,5.33333333333333,3.71927790236537,0.232454868897836,1.23975930078846,117,7.3125,39,0.5625,10,16,0.625,0,0,NA,NA,NA,NA,NA,NA,NA,NA,"P5"
"183","Syracuse","fbs","ACC",2014,530653,"Devante McFarlane",7,6,11,1.16666666666667,2.29060592410232,0.327229417728902,0.381767654017053,49,7,8.16666666666667,0.428571428571429,4,7,0.571428571428571,0,0,NA,NA,NA,NA,NA,NA,NA,NA,"P5"
"183","Syracuse","fbs","ACC",2014,530660,"Alvin Cornelius",3,3,11,1,3.27719213755517,1.09239737918506,1.09239737918506,42,14,14,1,3,3,1,0,0,NA,NA,NA,NA,NA,NA,NA,NA,"P5"
"183","Syracuse","fbs","ACC",2014,530661,"Ben Lewis",40,8,11,5,3.01462383789564,0.0753655959473909,0.376827979736955,247,6.175,30.875,0.325,21,40,0.525,1,0,509,510,514,605,582.5,415.5,509,393,"P5"
"183","Syracuse","fbs","ACC",2014,530662,"Josh Parris",11,4,11,2.75,1.33682931636271,0.121529937851156,0.334207329090678,49,4.45454545454545,12.25,0.454545454545455,9,11,0.818181818181818,0,0,NA,NA,NA,NA,NA,NA,NA,NA,"P5"
"183","Syracuse","fbs","ACC",2014,545266,"Sean Avant",3,2,11,1.5,2.05608986971659,0.685363289905529,1.02804493485829,21,7,10.5,1,3,3,1,0,0,NA,NA,NA,NA,NA,NA,NA,NA,"P5"
"183","Syracuse","fbs","ACC",2014,545269,"Brisly Estime",17,3,11,5.66666666666667,6.78551870254688,0.399148158973346,2.26183956751563,139,8.17647058823529,46.3333333333333,0.411764705882353,9,17,0.529411764705882,1,0,NA,NA,NA,NA,NA,NA,NA,NA,"P5"
"183","Syracuse","fbs","ACC",2014,545274,"Darius Kelly",2,2,11,1,-2.31232354775498,-1.15616177387749,-1.15616177387749,0,0,0,0,0,2,0,0,0,NA,NA,NA,NA,NA,NA,NA,NA,"P5"
"183","Syracuse","fbs","ACC",2014,545278,"Kendall Moore",3,2,11,1.5,2.01979784064999,0.673265946883329,1.00989892032499,30,10,15,0.666666666666667,3,3,1,0,0,NA,NA,NA,NA,NA,NA,NA,NA,"P5"
"183","Syracuse","fbs","ACC",2014,3116757,"Prince-Tyson Gulley",27,9,11,3,-9.73068876733055,-0.360395880271502,-1.08118764081451,94,3.48148148148148,10.4444444444444,0.222222222222222,17,27,0.62962962962963,0,0,621,621,624,629,420,625,626,624,"P5"
"183","Syracuse","fbs","ACC",2014,3123992,"Steve Ishmael",32,9,11,3.55555555555556,27.6848353418033,0.865151104431352,3.07609281575592,402,12.5625,44.6666666666667,0.625,25,32,0.78125,3,0,132,113,28,60.5,81.5,221,16,206,"P5"
"183","Syracuse","fbs","ACC",2014,3123996,"Ervin Philips",16,8,11,2,-0.914431136887215,-0.0571519460554509,-0.114303892110902,57,3.5625,7.125,0.3125,15,16,0.9375,0,0,NA,NA,NA,NA,NA,NA,NA,NA,"P5"
"183","Syracuse","fbs","ACC",2014,3124013,"Jamal Custis",5,2,11,2.5,-2.92124667900751,-0.584249335801502,-1.46062333950375,15,3,7.5,0,4,5,0.8,0,0,NA,NA,NA,NA,NA,NA,NA,NA,"P5"
"189","Bowling Green","fbs","Mid-American",2014,503727,"Heath Jackson",37,8,12,4.625,-2.96715485641814,-0.0801933744977876,-0.370894357052267,185,5,23.125,0.513513513513513,25,37,0.675675675675676,0,0,582,582,580,290,299.5,518,585.5,502,"G5"
"189","Bowling Green","fbs","Mid-American",2014,513572,"Herve Coby",6,4,12,1.5,0.672843420640035,0.112140570106673,0.168210855160009,44,7.33333333333333,11,0.5,5,6,0.833333333333333,0,0,NA,NA,NA,NA,NA,NA,NA,NA,"G5"
"189","Bowling Green","fbs","Mid-American",2014,513596,"Ryan Burbrink",88,12,12,7.33333333333333,25.8389590323606,0.293624534458643,2.15324658603005,710,8.06818181818182,59.1666666666667,0.545454545454545,59,88,0.670454545454545,3,0,144,216,369,213,310,49,296,98,"G5"
"189","Bowling Green","fbs","Mid-American",2014,513601,"Chris Pohlman",2,1,12,2,-3.9170747388369,-1.95853736941845,-3.9170747388369,9,4.5,9,0,1,2,0.5,0,0,NA,NA,NA,NA,NA,NA,NA,NA,"G5"
"189","Bowling Green","fbs","Mid-American",2014,531800,"Andre Givens",4,2,12,2,-2.32677921944448,-0.581694804861121,-1.16338960972224,9,2.25,4.5,0,3,4,0.75,0,0,NA,NA,NA,NA,NA,NA,NA,NA,"G5"
"189","Bowling Green","fbs","Mid-American",2014,531801,"James Knapke",1,1,12,1,5.59437343270532,5.59437343270532,5.59437343270532,42,42,42,1,1,1,1,1,0,NA,NA,NA,NA,NA,NA,NA,NA,"G5"
"189","Bowling Green","fbs","Mid-American",2014,536143,"Gehrig Dieter",37,6,12,6.16666666666667,18.4520501935836,0.498704059286042,3.07534169893059,326,8.81081081081081,54.3333333333333,0.567567567567568,25,37,0.675675675675676,0,0,249,114,196,167,299.5,305.5,211,127,"G5"
"189","Bowling Green","fbs","Mid-American",2014,547066,"Ronnie Moore",77,12,12,6.41666666666667,15.9584001199157,0.207251949609295,1.32986667665964,614,7.97402597402597,51.1666666666667,0.415584415584416,48,77,0.623376623376623,5,1,289,361,439,502,428,89,307,149,"G5"
"189","Bowling Green","fbs","Mid-American",2014,547071,"Teo Redding",7,4,12,1.75,-1.23027925434419,-0.175754179192027,-0.307569813586048,59,8.42857142857143,14.75,0.285714285714286,5,7,0.714285714285714,0,0,NA,NA,NA,NA,NA,NA,NA,NA,"G5"
"189","Bowling Green","fbs","Mid-American",2014,547074,"John Klingerman",2,1,12,2,1.58621624415563,0.793108122077817,1.58621624415563,10,5,10,0.5,1,2,0.5,0,0,NA,NA,NA,NA,NA,NA,NA,NA,"G5"
"189","Bowling Green","fbs","Mid-American",2014,547077,"Fred Coppet",8,4,12,2,-4.70342407498757,-0.587928009373447,-1.17585601874689,26,3.25,6.5,0.25,7,8,0.875,0,0,NA,NA,NA,NA,NA,NA,NA,NA,"G5"
"189","Bowling Green","fbs","Mid-American",2014,3125745,"Roger Lewis",113,12,12,9.41666666666667,21.7085400614042,0.192110973994728,1.80904500511702,817,7.23008849557522,68.0833333333333,0.398230088495575,63,113,0.557522123893805,4,0,197,285,451,534,554,37.5,394,58,"G5"
"193","Miami (OH)","fbs","Mid-American",2014,500913,"Andrew Hendrix",2,2,11,1,0.515682693743182,0.257841346871591,0.257841346871591,3,1.5,1.5,0.5,1,2,0.5,1,0,NA,NA,NA,NA,NA,NA,NA,NA,"G5"
"193","Miami (OH)","fbs","Mid-American",2014,514279,"David Frazier",88,10,11,8.8,46.412446285319,0.52741416233317,4.6412446285319,840,9.54545454545454,84,0.488636363636364,51,88,0.579545454545455,4,0,34,38,168,343,525.5,27,149,24,"G5"
"193","Miami (OH)","fbs","Mid-American",2014,514282,"Alvonta Jenkins",2,2,11,1,6.67006531347248,3.33503265673624,3.33503265673624,25,12.5,12.5,1,2,2,1,0,0,NA,NA,NA,NA,NA,NA,NA,NA,"G5"
"193","Miami (OH)","fbs","Mid-American",2014,514290,"Dawan Scott",23,7,11,3.28571428571429,13.0093147541377,0.565622380614685,1.85847353630539,158,6.8695652173913,22.5714285714286,0.565217391304348,17,23,0.739130434782609,4,0,342,272,140,171,147,560,438,510,"G5"
"193","Miami (OH)","fbs","Mid-American",2014,514294,"Spencer Treadwell",1,1,11,1,-1.51437679214073,-1.51437679214073,-1.51437679214073,0,0,0,0,0,1,0,0,0,NA,NA,NA,NA,NA,NA,NA,NA,"G5"
"193","Miami (OH)","fbs","Mid-American",2014,535076,"Sam Shisso",1,1,11,1,1.12723682948464,1.12723682948464,1.12723682948464,10,10,10,1,1,1,1,0,0,NA,NA,NA,NA,NA,NA,NA,NA,"G5"
"193","Miami (OH)","fbs","Mid-American",2014,535081,"Orlando David",1,1,11,1,0.889272497126279,0.889272497126279,0.889272497126279,8,8,8,1,1,1,1,0,0,NA,NA,NA,NA,NA,NA,NA,NA,"G5"
"193","Miami (OH)","fbs","Mid-American",2014,535083,"Spencer McInnis",12,5,11,2.4,4.7461033484963,0.395508612374692,0.949220669699261,92,7.66666666666667,18.4,0.583333333333333,7,12,0.583333333333333,0,0,NA,NA,NA,NA,NA,NA,NA,NA,"G5"
"193","Miami (OH)","fbs","Mid-American",2014,535108,"Rokeem Williams",60,9,11,6.66666666666667,19.3418502374398,0.322364170623996,2.14909447082664,577,9.61666666666667,64.1111111111111,0.45,29,60,0.483333333333333,3,0,234,217,352,446,611.5,104,143,75,"G5"
"193","Miami (OH)","fbs","Mid-American",2014,550214,"Jared Murphy",65,11,11,5.90909090909091,21.64040790113,0.332929352325077,1.96730980919363,533,8.2,48.4545454545455,0.569230769230769,38,65,0.584615384615385,3,0,199,250,346,163,513.5,126.5,278.5,171,"G5"
"193","Miami (OH)","fbs","Mid-American",2014,3125991,"Ryan Smith",5,3,11,1.66666666666667,9.12500907050217,1.82500181410043,3.04166969016739,88,17.6,29.3333333333333,1,5,5,1,0,0,NA,NA,NA,NA,NA,NA,NA,NA,"G5"
"193","Miami (OH)","fbs","Mid-American",2014,3125992,"Sam Martin",30,6,11,5,19.9076504363256,0.663588347877522,3.31794173938761,291,9.7,48.5,0.533333333333333,19,30,0.633333333333333,5,0,224,97,82,243,412,357,134,169.5,"G5"
"193","Miami (OH)","fbs","Mid-American",2014,3140810,"Fred Mcrae Iv",4,1,11,4,-1.63555110645335,-0.408887776613338,-1.63555110645335,12,3,12,0.5,3,4,0.75,0,1,NA,NA,NA,NA,NA,NA,NA,NA,"G5"
"194","Ohio State","fbs","Big Ten",2014,501528,"Rod Smith",2,2,13,1,0.443048630092479,0.221524315046239,0.221524315046239,8,4,4,0.5,1,2,0.5,1,0,NA,NA,NA,NA,NA,NA,NA,NA,"P5"
"194","Ohio State","fbs","Big Ten",2014,513724,"Jeff Greene",2,1,13,2,-5.71970034700195,-2.85985017350097,-5.71970034700195,13,6.5,13,0,1,2,0.5,0,1,NA,NA,NA,NA,NA,NA,NA,NA,"P5"
"194","Ohio State","fbs","Big Ten",2014,514175,"Jeff Heuerman",22,8,13,2.75,14.5780164897296,0.662637113169526,1.8222520612162,207,9.40909090909091,25.875,0.590909090909091,17,22,0.772727272727273,2,0,NA,NA,NA,NA,NA,NA,NA,NA,"P5"
"194","Ohio State","fbs","Big Ten",2014,514181,"Devin Smith",33,12,13,2.75,45.2374403015361,1.37083152428897,3.76978669179467,592,17.9393939393939,49.3333333333333,0.606060606060606,24,33,0.727272727272727,5,0,38,77,2,85,176.5,99,1,161,"P5"
"194","Ohio State","fbs","Big Ten",2014,514182,"Evan Spencer",27,11,13,2.45454545454545,-6.28056955870191,-0.23261368735933,-0.570960868972901,101,3.74074074074074,9.18181818181818,0.333333333333333,12,27,0.444444444444444,1,0,613,602,615,598,622.5,621,622,627,"P5"
"194","Ohio State","fbs","Big Ten",2014,514185,"Nick Vannett",15,8,13,1.875,13.6520745107014,0.910138300713427,1.70650931383768,187,12.4666666666667,23.375,0.866666666666667,14,15,0.933333333333333,3,0,NA,NA,NA,NA,NA,NA,NA,NA,"P5"
"194","Ohio State","fbs","Big Ten",2014,534294,"Cardale Jones",4,1,13,4,7.36417463126697,1.84104365781674,7.36417463126697,125,31.25,125,0.75,3,4,0.75,3,0,NA,NA,NA,NA,NA,NA,NA,NA,"P5"
"194","Ohio State","fbs","Big Ten",2014,534311,"Michael Thomas",55,13,13,4.23076923076923,33.0474966959016,0.600863576289119,2.54211513045397,625,11.3636363636364,48.0769230769231,0.581818181818182,41,55,0.745454545454545,6,1,95,176,124,127,128,82,48.5,173,"P5"
"194","Ohio State","fbs","Big Ten",2014,545624,"J.T. Barrett",10,3,13,3.33333333333333,29.8427493303218,2.98427493303218,9.94758311010728,251,25.1,83.6666666666667,1,10,10,1,10,0,NA,NA,NA,NA,NA,NA,NA,NA,"P5"
"194","Ohio State","fbs","Big Ten",2014,549806,"Marcus Baugh",2,1,13,2,-0.0777378320657645,-0.0388689160328822,-0.0777378320657645,2,1,2,0.5,1,2,0.5,1,0,NA,NA,NA,NA,NA,NA,NA,NA,"P5"
"194","Ohio State","fbs","Big Ten",2014,549811,"Ezekiel Elliott",27,10,13,2.7,5.52922998108842,0.204786295595867,0.552922998108842,203,7.51851851851852,20.3,0.555555555555556,24,27,0.888888888888889,0,0,480,490,443,190.5,12,477,357,538.5,"P5"
"194","Ohio State","fbs","Big Ten",2014,549819,"Jalin Marshall",38,12,13,3.16666666666667,18.6981698509752,0.492057101341453,1.5581808209146,324,8.52631578947368,27,0.552631578947368,26,38,0.684210526315789,4,1,244,327,208,195.5,283.5,309,247,443,"P5"
"194","Ohio State","fbs","Big Ten",2014,549827,"Corey Smith",27,9,13,3,-0.0958563779102548,-0.00355023621889832,-0.010650708656695,174,6.44444444444444,19.3333333333333,0.37037037037037,17,27,0.62962962962963,0,0,554,554,554,564,420,533.5,484,549,"P5"
"194","Ohio State","fbs","Big Ten",2014,549830,"Dontre Wilson",31,9,13,3.44444444444444,9.46371072379297,0.305280991090096,1.05152341375477,276,8.90322580645161,30.6666666666667,0.483870967741935,20,31,0.645161290322581,2,0,406,413,363,357.5,387.5,373.5,205,398,"P5"
"194","Ohio State","fbs","Big Ten",2014,3121409,"Noah Brown",1,1,13,1,0.709337988009147,0.709337988009147,0.709337988009147,9,9,9,1,1,1,1,0,0,NA,NA,NA,NA,NA,NA,NA,NA,"P5"
"194","Ohio State","fbs","Big Ten",2014,3121413,"Johnnie Dixon",1,1,13,1,0,0,0,0,0,0,0,0,1,0,0,0,NA,NA,NA,NA,NA,NA,NA,NA,"P5"
"194","Ohio State","fbs","Big Ten",2014,3121427,"Curtis Samuel",12,8,13,1.5,1.29849563996631,0.108207969997193,0.162311954995789,87,7.25,10.875,0.583333333333333,10,12,0.833333333333333,0,0,NA,NA,NA,NA,NA,NA,NA,NA,"P5"
"195","Ohio","fbs","Mid-American",2014,504586,"Chase Cochran",39,11,11,3.54545454545455,21.5726194422882,0.553144088263799,1.9611472220262,441,11.3076923076923,40.0909090909091,0.512820512820513,20,39,0.512820512820513,1,0,203,251,148,292,597,191,51,254,"G5"
"195","Ohio","fbs","Mid-American",2014,511549,"Kawmae Sawyer",3,2,11,1.5,1.68291122721968,0.560970409073227,0.841455613609841,18,6,9,0.666666666666667,2,3,0.666666666666667,0,0,NA,NA,NA,NA,NA,NA,NA,NA,"G5"
"195","Ohio","fbs","Mid-American",2014,511550,"Landon Smith",23,6,11,3.83333333333333,-1.63291688015171,-0.0709963860935525,-0.272152813358618,113,4.91304347826087,18.8333333333333,0.347826086956522,13,23,0.565217391304348,1,1,572,576,576,586.5,546,612,590,556,"G5"
"195","Ohio","fbs","Mid-American",2014,511552,"Derrius Vick",2,2,11,1,5.43044989770975,2.71522494885487,2.71522494885487,14,7,7,1,2,2,1,2,0,NA,NA,NA,NA,NA,NA,NA,NA,"G5"
"195","Ohio","fbs","Mid-American",2014,518022,"Ian Dixon",5,3,11,1.66666666666667,14.0789205043343,2.81578410086686,4.69297350144476,100,20,33.3333333333333,1,5,5,1,2,0,NA,NA,NA,NA,NA,NA,NA,NA,"G5"
"195","Ohio","fbs","Mid-American",2014,532420,"Tim Edmond",1,1,11,1,-0.511986756491323,-0.511986756491323,-0.511986756491323,10,10,10,0,1,1,1,0,0,NA,NA,NA,NA,NA,NA,NA,NA,"G5"
"195","Ohio","fbs","Mid-American",2014,532425,"Daz'mond Patterson",20,7,11,2.85714285714286,-7.18982461550733,-0.359491230775367,-1.02711780221533,102,5.1,14.5714285714286,0.3,10,20,0.5,0,0,NA,NA,NA,NA,NA,NA,NA,NA,"G5"
"195","Ohio","fbs","Mid-American",2014,532426,"Jordan Reid",30,9,11,3.33333333333333,17.0826732603849,0.569422442012829,1.89807480670943,274,9.13333333333333,30.4444444444444,0.466666666666667,20,30,0.666666666666667,1,0,268,266,138,406,324.5,379.5,188,402,"G5"
"195","Ohio","fbs","Mid-American",2014,532431,"Kendric Smith",7,1,11,7,6.71077315652354,0.958681879503363,6.71077315652354,58,8.28571428571429,58,0.714285714285714,6,7,0.857142857142857,0,0,NA,NA,NA,NA,NA,NA,NA,NA,"G5"
"195","Ohio","fbs","Mid-American",2014,532432,"Sebastian Smith",40,8,11,5,24.5523563800735,0.613808909501837,3.06904454750919,355,8.875,44.375,0.575,28,40,0.7,2,0,159,116,120,142.5,243,269.5,209,208,"G5"
"195","Ohio","fbs","Mid-American",2014,550681,"Dorian Brown",2,2,11,1,0.339393550282618,0.169696775141309,0.169696775141309,9,4.5,4.5,1,2,2,1,0,0,NA,NA,NA,NA,NA,NA,NA,NA,"G5"
"195","Ohio","fbs","Mid-American",2014,550683,"Brendan Cope",26,7,11,3.71428571428571,10.5562153266218,0.406008281793145,1.50803076094597,300,11.5384615384615,42.8571428571429,0.615384615384615,17,26,0.653846153846154,0,0,389,335,277,72,371,344,41,223,"G5"
"195","Ohio","fbs","Mid-American",2014,550693,"Troy Mangen",27,8,11,3.375,0.932849916693449,0.0345499969145722,0.116606239586681,139,5.14814814814815,17.375,0.37037037037037,17,27,0.62962962962963,0,0,538,539,536,564,420,588,572,582,"G5"
"195","Ohio","fbs","Mid-American",2014,3126046,"Aaron Bradley",13,7,11,1.85714285714286,6.44595705288998,0.495842850222306,0.920851007555711,123,9.46153846153846,17.5714285714286,0.538461538461538,10,13,0.769230769230769,0,0,NA,NA,NA,NA,NA,NA,NA,NA,"G5"
"195","Ohio","fbs","Mid-American",2014,3126048,"Herman Brunis",7,2,11,3.5,2.31871044556502,0.331244349366431,1.15935522278251,57,8.14285714285714,28.5,0.714285714285714,5,7,0.714285714285714,0,0,NA,NA,NA,NA,NA,NA,NA,NA,"G5"
"195","Ohio","fbs","Mid-American",2014,3126072,"A.J. Ouellette",23,8,11,2.875,-0.567037854746951,-0.0246538197716066,-0.0708797318433689,118,5.1304347826087,14.75,0.434782608695652,19,23,0.826086956521739,2,0,560,560,566,470,41.5,608,573,605,"G5"
"195","Ohio","fbs","Mid-American",2014,3126079,"Robbie Walker",9,4,11,2.25,3.73183946080887,0.414648828978764,0.932959865202219,76,8.44444444444444,19,0.666666666666667,6,9,0.666666666666667,0,0,NA,NA,NA,NA,NA,NA,NA,NA,"G5"
"195","Ohio","fbs","Mid-American",2014,3126080,"Papi White",1,1,11,1,0.212323352992642,0.212323352992642,0.212323352992642,7,7,7,1,1,1,1,0,0,NA,NA,NA,NA,NA,NA,NA,NA,"G5"
"197","Oklahoma State","fbs","Big 12",2014,501615,"Teddy Johnson",2,1,11,2,1.02000417193457,0.510002085967285,1.02000417193457,8,4,8,0.5,1,2,0.5,1,0,NA,NA,NA,NA,NA,NA,NA,NA,"P5"
"197","Oklahoma State","fbs","Big 12",2014,511231,"David Glidden",51,10,11,5.1,29.1824646894731,0.572205189989668,2.91824646894731,535,10.4901960784314,53.5,0.588235294117647,36,51,0.705882352941177,2,0,118,134,136,112.5,231.5,123.5,81,131,"P5"
"197","Oklahoma State","fbs","Big 12",2014,511251,"Desmond Roland",2,2,11,1,-3.04697977919595,-1.52348988959798,-1.52348988959798,-5,-2.5,-2.5,0,2,2,1,0,0,NA,NA,NA,NA,NA,NA,NA,NA,"P5"
"197","Oklahoma State","fbs","Big 12",2014,511252,"Jeremy Seaton",11,7,11,1.57142857142857,7.40868894041775,0.673517176401614,1.05838413434539,122,11.0909090909091,17.4285714285714,0.636363636363636,9,11,0.818181818181818,0,0,NA,NA,NA,NA,NA,NA,NA,NA,"P5"
"197","Oklahoma State","fbs","Big 12",2014,534645,"Austin Hays",7,3,11,2.33333333333333,-4.47325392012747,-0.639036274303924,-1.49108464004249,26,3.71428571428571,8.66666666666667,0.428571428571429,5,7,0.714285714285714,0,0,NA,NA,NA,NA,NA,NA,NA,NA,"P5"
"197","Oklahoma State","fbs","Big 12",2014,534660,"Jhajuan Seales",26,6,11,4.33333333333333,2.25646474754512,0.0867871056748124,0.376077457924187,204,7.84615384615385,34,0.384615384615385,14,26,0.538461538461538,2,0,521,511,511,548.5,569,474.5,320,349,"P5"
"197","Oklahoma State","fbs","Big 12",2014,534661,"Brandon Sheperd",49,11,11,4.45454545454545,31.0515462845316,0.633705026214931,2.82286784404833,508,10.3673469387755,46.1818181818182,0.551020408163265,30,49,0.612244897959184,3,1,103,141,104,199,452.5,143,89,193,"P5"
"197","Oklahoma State","fbs","Big 12",2014,540257,"Blake Jarwin",6,3,11,2,10.1058881676431,1.68431469460719,3.36862938921437,93,15.5,31,0.666666666666667,4,6,0.666666666666667,1,0,NA,NA,NA,NA,NA,NA,NA,NA,"P5"
"197","Oklahoma State","fbs","Big 12",2014,547253,"Marcell Ateman",30,7,11,4.28571428571429,5.24696195690055,0.174898731896685,0.749565993842935,264,8.8,37.7142857142857,0.5,19,30,0.633333333333333,0,0,485,465,460,317.5,412,396.5,212,290,"P5"
"197","Oklahoma State","fbs","Big 12",2014,547258,"Kameron Doolittle",4,2,11,2,0.701675955813052,0.175418988953263,0.350837977906526,40,10,20,0.25,2,4,0.5,0,0,NA,NA,NA,NA,NA,NA,NA,NA,"P5"
"197","Oklahoma State","fbs","Big 12",2014,3116406,"Tyreek Hill",39,11,11,3.54545454545455,8.52532883649674,0.218598175294788,0.775029894226976,279,7.15384615384615,25.3636363636364,0.435897435897436,30,39,0.769230769230769,1,0,428,461,427,467.5,92,369.5,405,467,"P5"
"197","Oklahoma State","fbs","Big 12",2014,3122430,"Chris Lacy",8,4,11,2,-0.661734628413653,-0.0827168285517066,-0.165433657103413,47,5.875,11.75,0.375,4,8,0.5,0,0,NA,NA,NA,NA,NA,NA,NA,NA,"P5"
"197","Oklahoma State","fbs","Big 12",2014,3122449,"James Washington",57,10,11,5.7,7.89469903120229,0.138503491775479,0.789469903120229,422,7.40350877192982,42.2,0.368421052631579,26,57,0.456140350877193,5,0,433,460,483,567,618,201.5,368,229,"P5"
"2","Auburn","fbs","SEC",2014,504030,"Corey Grant",9,7,11,1.28571428571429,3.9687575933024,0.440973065922489,0.566965370471772,77,8.55555555555556,11,0.444444444444444,8,9,0.888888888888889,0,0,NA,NA,NA,NA,NA,NA,NA,NA,"P5"
"2","Auburn","fbs","SEC",2014,511843,"C.J. Uzomah",14,6,11,2.33333333333333,13.3294564000167,0.95210402857262,2.22157606666945,125,8.92857142857143,20.8333333333333,0.642857142857143,10,14,0.714285714285714,2,0,NA,NA,NA,NA,NA,NA,NA,NA,"P5"
"2","Auburn","fbs","SEC",2014,515945,"Quan Bray",35,10,11,3.5,18.4539570728993,0.527255916368551,1.84539570728993,347,9.91428571428571,34.7,0.571428571428571,28,35,0.8,3,1,248,276,169,156,64,279,118,336,"P5"
"2","Auburn","fbs","SEC",2014,515947,"Brandon Fulse",2,1,11,2,4.34328919068894,2.17164459534447,4.34328919068894,27,13.5,27,1,2,2,1,1,0,NA,NA,NA,NA,NA,NA,NA,NA,"P5"
"2","Auburn","fbs","SEC",2014,515949,"Sammie Coates",61,10,11,6.1,14.1975703795173,0.232747055401923,1.41975703795173,494,8.09836065573771,49.4,0.360655737704918,25,61,0.409836065573771,1,0,321,349,420,577,627,152,293,159.5,"P5"
"2","Auburn","fbs","SEC",2014,530907,"Ricardo Louis",30,11,11,2.72727272727273,10.6119011023548,0.35373003674516,0.964718282032255,195,6.5,17.7272727272727,0.466666666666667,20,30,0.666666666666667,2,0,387,427,325,406,324.5,491.5,478.5,577,"P5"
"2","Auburn","fbs","SEC",2014,536270,"Melvin Ray",7,4,11,1.75,14.1799453931498,2.02570648473569,3.54498634828746,150,21.4285714285714,37.5,0.857142857142857,6,7,0.857142857142857,1,0,NA,NA,NA,NA,NA,NA,NA,NA,"P5"
"2","Auburn","fbs","SEC",2014,546383,"Cameron Artis-Payne",15,9,11,1.66666666666667,5.78013046519331,0.385342031012888,0.642236718354813,129,8.6,14.3333333333333,0.533333333333333,12,15,0.8,0,0,NA,NA,NA,NA,NA,NA,NA,NA,"P5"
"2","Auburn","fbs","SEC",2014,550020,"Tony Stevens",1,1,11,1,1.34617861924148,1.34617861924148,1.34617861924148,22,22,22,1,1,1,1,0,0,NA,NA,NA,NA,NA,NA,NA,NA,"P5"
"2","Auburn","fbs","SEC",2014,550021,"Nick Marshall",8,4,11,2,31.5250907513779,3.94063634392224,7.88127268784449,222,27.75,55.5,1,8,8,1,7,0,NA,NA,NA,NA,NA,NA,NA,NA,"P5"
"2","Auburn","fbs","SEC",2014,550039,"Marcus Davis",13,6,11,2.16666666666667,-6.7630939134168,-0.520237993339754,-1.1271823189028,50,3.84615384615385,8.33333333333333,0.230769230769231,9,13,0.692307692307692,0,0,NA,NA,NA,NA,NA,NA,NA,NA,"P5"
"2","Auburn","fbs","SEC",2014,559704,"Stanton Truitt",2,2,11,1,0.056504644559837,0.0282523222799185,0.0282523222799185,13,6.5,6.5,0.5,2,2,1,0,0,NA,NA,NA,NA,NA,NA,NA,NA,"P5"
"2","Auburn","fbs","SEC",2014,3121583,"Roc Thomas",4,2,11,2,1.24749285691471,0.311873214228677,0.623746428457354,25,6.25,12.5,0.5,4,4,1,0,0,NA,NA,NA,NA,NA,NA,NA,NA,"P5"
"2005","Air Force","fbs","Mountain West",2014,109907,"Jon Lee",3,2,11,1.5,-1.33015028212527,-0.443383427375091,-0.665075141062637,12,4,6,0.333333333333333,2,3,0.666666666666667,0,0,NA,NA,NA,NA,NA,NA,NA,NA,"G5"
"2005","Air Force","fbs","Mountain West",2014,535970,"Marcus Hendricks",1,1,11,1,2.32907077262976,2.32907077262976,2.32907077262976,18,18,18,1,1,1,1,0,0,NA,NA,NA,NA,NA,NA,NA,NA,"G5"
"2005","Air Force","fbs","Mountain West",2014,535972,"Kale Pearson",2,2,11,1,11.8242479915992,5.91212399579958,5.91212399579958,115,57.5,57.5,1,2,2,1,1,0,NA,NA,NA,NA,NA,NA,NA,NA,"G5"
"2005","Air Force","fbs","Mountain West",2014,538421,"Garrett Griffin",21,8,11,2.625,15.4170044524092,0.734143069162344,1.92712555655115,231,11,28.875,0.523809523809524,15,21,0.714285714285714,3,1,300,260,58,264,206,442,63.5,424.5,"G5"
"2005","Air Force","fbs","Mountain West",2014,538425,"Colton Huntsman",1,1,11,1,1.05076659933199,1.05076659933199,1.05076659933199,17,17,17,1,1,1,1,0,0,NA,NA,NA,NA,NA,NA,NA,NA,"G5"
"2005","Air Force","fbs","Mountain West",2014,544097,"Garrett Brown",43,10,11,4.3,35.4599867987429,0.824650855784718,3.54599867987429,502,11.6744186046512,50.2,0.697674418604651,33,43,0.767441860465116,6,1,81,85,32,13,94,147,34,157,"G5"
"2005","Air Force","fbs","Mountain West",2014,544655,"Alex Ludowig",11,4,11,2.75,2.09755808303532,0.190687098457757,0.524389520758831,64,5.81818181818182,16,0.454545454545455,5,11,0.454545454545455,1,0,NA,NA,NA,NA,NA,NA,NA,NA,"G5"
"2005","Air Force","fbs","Mountain West",2014,547345,"Matt Galland",2,2,11,1,1.89507915223914,0.947539576119571,0.947539576119571,37,18.5,18.5,0.5,2,2,1,0,0,NA,NA,NA,NA,NA,NA,NA,NA,"G5"
"2005","Air Force","fbs","Mountain West",2014,547346,"Myles Barnes",2,2,11,1,0.624427110486636,0.312213555243318,0.312213555243318,16,8,8,1,2,2,1,0,0,NA,NA,NA,NA,NA,NA,NA,NA,"G5"
"2005","Air Force","fbs","Mountain West",2014,553610,"Devin Rushing",1,1,11,1,0.849922973866287,0.849922973866287,0.849922973866287,12,12,12,1,1,1,1,0,0,NA,NA,NA,NA,NA,NA,NA,NA,"G5"
"2005","Air Force","fbs","Mountain West",2014,554520,"Jalen Robinette",67,11,11,6.09090909090909,44.2419369359057,0.660327416953816,4.02199426690052,750,11.1940298507463,68.1818181818182,0.507462686567164,39,67,0.582089552238806,4,0,41,66,86,303,519,42,59,57,"G5"
"2005","Air Force","fbs","Mountain West",2014,3124344,"Cody Apfel",1,1,11,1,0.247184952614348,0.247184952614348,0.247184952614348,9,9,9,1,1,1,1,0,0,NA,NA,NA,NA,NA,NA,NA,NA,"G5"
"2005","Air Force","fbs","Mountain West",2014,3124349,"Jacobi Owens",9,7,11,1.28571428571429,-6.42301042602918,-0.713667825114354,-0.917572918004169,8,0.888888888888889,1.14285714285714,0.222222222222222,4,9,0.444444444444444,0,0,NA,NA,NA,NA,NA,NA,NA,NA,"G5"
"2005","Air Force","fbs","Mountain West",2014,3124351,"Shayne Davern",3,3,11,1,-3.05893228603269,-1.01964409534423,-1.01964409534423,3,1,1,0,1,3,0.333333333333333,0,0,NA,NA,NA,NA,NA,NA,NA,NA,"G5"
"2006","Akron","fbs","Mid-American",2014,147386,"Josh Smith",5,1,11,5,-0.286893178573226,-0.0573786357146453,-0.286893178573226,19,3.8,19,0.6,3,5,0.6,0,0,NA,NA,NA,NA,NA,NA,NA,NA,"G5"
"2006","Akron","fbs","Mid-American",2014,501223,"Jerome Lewis",3,3,11,1,1.0834928385557,0.361164279518568,0.361164279518568,24,8,8,0.666666666666667,3,3,1,0,0,NA,NA,NA,NA,NA,NA,NA,NA,"G5"
"2006","Akron","fbs","Mid-American",2014,508708,"Keith Sconiers",18,7,11,2.57142857142857,2.20345375235307,0.122414097352948,0.31477910747901,108,6,15.4285714285714,0.555555555555556,12,18,0.666666666666667,0,0,NA,NA,NA,NA,NA,NA,NA,NA,"G5"
"2006","Akron","fbs","Mid-American",2014,514601,"Zach D'Orazio",97,11,11,8.81818181818182,16.4495787464344,0.169583286045716,1.49541624967586,621,6.4020618556701,56.4545454545455,0.474226804123711,58,97,0.597938144329897,1,0,279,337,464,380,481,85,486,113,"G5"
"2006","Akron","fbs","Mid-American",2014,514620,"Anthony Ritossa",5,4,11,1.25,3.28477206846903,0.656954413693806,0.821193017117257,39,7.8,9.75,0.6,4,5,0.8,2,0,NA,NA,NA,NA,NA,NA,NA,NA,"G5"
"2006","Akron","fbs","Mid-American",2014,514627,"L.T. Smith",67,11,11,6.09090909090909,6.74238802276706,0.100632657056225,0.612944365706097,415,6.19402985074627,37.7272727272727,0.492537313432836,40,67,0.597014925373134,2,1,452,483,505,333,483,208,508,289,"G5"
"2006","Akron","fbs","Mid-American",2014,514634,"Tyler Williams",26,9,11,2.88888888888889,11.2478971871781,0.432611430276081,1.2497663541309,197,7.57692307692308,21.8888888888889,0.576923076923077,19,26,0.730769230769231,0,0,376,379,254,136,164.5,489,350,517,"G5"
"2006","Akron","fbs","Mid-American",2014,531846,"Jatavis Brown",6,1,11,6,0.771606134609391,0.128601022434899,0.771606134609391,34,5.66666666666667,34,0.333333333333333,3,6,0.5,0,0,NA,NA,NA,NA,NA,NA,NA,NA,"G5"
"2006","Akron","fbs","Mid-American",2014,531894,"Imani Davis",29,8,11,3.625,7.91430755750481,0.272907157155338,0.989288444688101,177,6.10344827586207,22.125,0.620689655172414,19,29,0.655172413793103,0,0,432,421,385,66,364.5,528.5,514,514,"G5"
"2006","Akron","fbs","Mid-American",2014,531896,"Wade Edwards",1,1,11,1,0.532585154249072,0.532585154249072,0.532585154249072,9,9,9,1,1,1,1,0,0,NA,NA,NA,NA,NA,NA,NA,NA,"G5"
"2006","Akron","fbs","Mid-American",2014,531903,"Conor Hundley",17,8,11,2.125,-1.58176304142083,-0.0930448847894604,-0.197720380177603,55,3.23529411764706,6.875,0.294117647058824,9,17,0.529411764705882,2,0,NA,NA,NA,NA,NA,NA,NA,NA,"G5"
"2006","Akron","fbs","Mid-American",2014,531904,"Hakeem Lawrence",3,2,11,1.5,0.75323523371704,0.251078411239013,0.37661761685852,19,6.33333333333333,9.5,0.666666666666667,2,3,0.666666666666667,0,0,NA,NA,NA,NA,NA,NA,NA,NA,"G5"
"2006","Akron","fbs","Mid-American",2014,531907,"Andrew Pratt",48,8,11,6,-5.64125516207619,-0.117526149209921,-0.705156895259524,327,6.8125,40.875,0.416666666666667,27,48,0.5625,0,2,610,609,590,500,548.5,304,444,241,"G5"
"2006","Akron","fbs","Mid-American",2014,535899,"D.J. Jones",3,2,11,1.5,-1.06052386019856,-0.353507953399519,-0.530261930099278,7,2.33333333333333,3.5,0.333333333333333,1,3,0.333333333333333,0,0,NA,NA,NA,NA,NA,NA,NA,NA,"G5"
"2006","Akron","fbs","Mid-American",2014,544761,"Nick Bice",3,2,11,1.5,-1.13882806345027,-0.379609354483425,-0.569414031725137,23,7.66666666666667,11.5,0,3,3,1,0,0,NA,NA,NA,NA,NA,NA,NA,NA,"G5"
"2006","Akron","fbs","Mid-American",2014,550340,"Fransohn Bickley",38,8,11,4.75,1.4111439873961,0.0371353680893709,0.176392998424512,264,6.94736842105263,33,0.552631578947368,29,38,0.763157894736842,0,1,534,533,534,195.5,98,396.5,425,362,"G5"
"2006","Akron","fbs","Mid-American",2014,550355,"Mykel Traylor-Bennett",25,6,11,4.16666666666667,7.16696719222381,0.286678687688952,1.1944945320373,167,6.68,27.8333333333333,0.48,13,25,0.52,2,0,446,390,374,369.5,589.5,544,459,433,"G5"
"2006","Akron","fbs","Mid-American",2014,550356,"Austin Wolf",1,1,11,1,1.75146606199702,1.75146606199702,1.75146606199702,14,14,14,1,1,1,1,0,0,NA,NA,NA,NA,NA,NA,NA,NA,"G5"
"201","Oklahoma","fbs","Big 12",2014,501882,"Blake Bell",22,8,12,2.75,12.0772938206947,0.548967900940667,1.50966172758683,209,9.5,26.125,0.636363636363636,14,22,0.636363636363636,3,0,NA,NA,NA,NA,NA,NA,NA,NA,"P5"
"201","Oklahoma","fbs","Big 12",2014,514732,"Aaron Ripkowski",8,5,12,1.6,5.43383045228162,0.679228806535202,1.08676609045632,38,4.75,7.6,0.625,7,8,0.875,1,0,NA,NA,NA,NA,NA,NA,NA,NA,"P5"
"201","Oklahoma","fbs","Big 12",2014,534448,"Sterling Shepard",75,8,12,9.375,37.197498412024,0.495966645493653,4.649687301503,835,11.1333333333333,104.375,0.573333333333333,48,75,0.64,3,0,68,37,202,149.5,397,31.5,61,11,"P5"
"201","Oklahoma","fbs","Big 12",2014,534449,"Trevor Knight",5,3,12,1.66666666666667,16.4036925177165,3.28073850354331,5.46789750590552,139,27.8,46.3333333333333,1,5,5,1,5,0,NA,NA,NA,NA,NA,NA,NA,NA,"P5"
"201","Oklahoma","fbs","Big 12",2014,534450,"Durron Neal",68,11,12,6.18181818181818,11.6991819061054,0.172046792736844,1.06356199146413,499,7.33823529411765,45.3636363636364,0.470588235294118,39,68,0.573529411764706,2,0,369,411,462,393.5,535,148.5,379,197,"P5"
"201","Oklahoma","fbs","Big 12",2014,534464,"Alex Ross",12,8,12,1.5,-1.77013722495771,-0.147511435413142,-0.221267153119714,66,5.5,8.25,0.5,9,12,0.75,0,0,NA,NA,NA,NA,NA,NA,NA,NA,"P5"
"201","Oklahoma","fbs","Big 12",2014,550484,"Austin Bennett",2,1,12,2,0.585323981880774,0.292661990940387,0.585323981880774,19,9.5,19,0.5,1,2,0.5,0,0,NA,NA,NA,NA,NA,NA,NA,NA,"P5"
"201","Oklahoma","fbs","Big 12",2014,550492,"Keith Ford",13,5,12,2.6,14.2445517422484,1.09573474940372,2.84891034844967,140,10.7692307692308,28,0.692307692307692,11,13,0.846153846153846,1,0,NA,NA,NA,NA,NA,NA,NA,NA,"P5"
"201","Oklahoma","fbs","Big 12",2014,550501,"Jordan Smallwood",7,3,12,2.33333333333333,-0.771243478799697,-0.110177639828528,-0.257081159599899,21,3,7,0.285714285714286,3,7,0.428571428571429,0,0,NA,NA,NA,NA,NA,NA,NA,NA,"P5"
"201","Oklahoma","fbs","Big 12",2014,550506,"K.J. Young",29,9,12,3.22222222222222,11.8502837233671,0.408630473219554,1.31669819148523,225,7.75862068965517,25,0.482758620689655,19,29,0.655172413793103,1,1,363,366,276,360.5,364.5,449,329,474.5,"P5"
"201","Oklahoma","fbs","Big 12",2014,3116375,"Dimitri Flowers",7,4,12,1.75,6.26551809469555,0.895074013527936,1.56637952367389,75,10.7142857142857,18.75,0.857142857142857,7,7,1,0,0,NA,NA,NA,NA,NA,NA,NA,NA,"P5"
"201","Oklahoma","fbs","Big 12",2014,3116389,"Samaje Perine",12,8,12,1.5,5.47300409728742,0.456083674773952,0.684125512160928,86,7.16666666666667,10.75,0.666666666666667,12,12,1,0,0,NA,NA,NA,NA,NA,NA,NA,NA,"P5"
"201","Oklahoma","fbs","Big 12",2014,3116390,"Michiah Quick",26,6,12,4.33333333333333,7.85275053814637,0.302028866851783,1.30879175635773,191,7.34615384615385,31.8333333333333,0.461538461538462,18,26,0.692307692307692,1,0,435,369,365,423,262,498.5,377,375,"P5"
"202","Tulsa","fbs","American Athletic",2014,514156,"Zach Epps",3,2,12,1.5,1.50033429821858,0.500111432739526,0.750167149109288,3,1,1.5,0.333333333333333,2,3,0.666666666666667,1,0,NA,NA,NA,NA,NA,NA,NA,NA,"G5"
"202","Tulsa","fbs","American Athletic",2014,514157,"Conner Floyd",25,9,12,2.77777777777778,2.82216561356733,0.112886624542693,0.313573957063037,131,5.24,14.5555555555556,0.44,17,25,0.68,2,0,514,516,497,460,288.5,593,569,607,"G5"
"202","Tulsa","fbs","American Athletic",2014,514158,"Keyarris Garrett",86,10,12,8.6,29.1062857902999,0.338445183608139,2.91062857902999,688,8,68.8,0.465116279069767,45,86,0.523255813953488,4,0,119,135,340,411,585,56,303,54,"G5"
"202","Tulsa","fbs","American Athletic",2014,514162,"Zack Langer",5,4,12,1.25,-1.80354233826561,-0.360708467653122,-0.450885584566403,9,1.8,2.25,0,3,5,0.6,0,0,NA,NA,NA,NA,NA,NA,NA,NA,"G5"
"202","Tulsa","fbs","American Athletic",2014,514171,"Derek Patterson",14,6,12,2.33333333333333,8.50085160359908,0.607203685971363,1.41680860059985,203,14.5,33.8333333333333,0.571428571428571,9,14,0.642857142857143,1,0,NA,NA,NA,NA,NA,NA,NA,NA,"G5"
"202","Tulsa","fbs","American Athletic",2014,514764,"Colby Scott",1,1,12,1,-0.769029939035049,-0.769029939035049,-0.769029939035049,0,0,0,0,1,1,1,0,0,NA,NA,NA,NA,NA,NA,NA,NA,"G5"
"202","Tulsa","fbs","American Athletic",2014,524386,"Mandel Dixon",7,4,12,1.75,3.85632641727039,0.55090377389577,0.964081604317598,53,7.57142857142857,13.25,0.571428571428571,5,7,0.714285714285714,0,0,NA,NA,NA,NA,NA,NA,NA,NA,"G5"
"202","Tulsa","fbs","American Athletic",2014,532273,"Dane Evans",4,3,12,1.33333333333333,11.9798020079566,2.99495050198915,3.99326733598554,47,11.75,15.6666666666667,1,4,4,1,4,0,NA,NA,NA,NA,NA,NA,NA,NA,"G5"
"202","Tulsa","fbs","American Athletic",2014,532274,"James Flanders",8,6,12,1.33333333333333,-0.665134091836816,-0.083141761479602,-0.110855681972803,42,5.25,7,0.5,5,8,0.625,0,0,NA,NA,NA,NA,NA,NA,NA,NA,"G5"
"202","Tulsa","fbs","American Athletic",2014,550737,"Keevan Lucas",142,12,12,11.8333333333333,54.1580149344186,0.381394471369145,4.51316791120155,1159,8.16197183098592,96.5833333333333,0.52112676056338,96,142,0.676056338028169,8,1,20,44,302,269,298,10,284,16,"G5"
"202","Tulsa","fbs","American Athletic",2014,3126273,"D'Angelo Brewer",7,4,12,1.75,2.20117153689984,0.314453076699977,0.55029288422496,64,9.14285714285714,16,0.571428571428571,4,7,0.571428571428571,0,0,NA,NA,NA,NA,NA,NA,NA,NA,"G5"
"202","Tulsa","fbs","American Athletic",2014,3126275,"Nigel Carter",10,3,12,3.33333333333333,-3.64656935064309,-0.364656935064309,-1.21552311688103,24,2.4,8,0.2,3,10,0.3,0,0,NA,NA,NA,NA,NA,NA,NA,NA,"G5"
"202","Tulsa","fbs","American Athletic",2014,3126277,"Tavarreon Dickerson",6,5,12,1.2,-1.0400657052344,-0.173344284205733,-0.208013141046879,23,3.83333333333333,4.6,0.333333333333333,6,6,1,0,0,NA,NA,NA,NA,NA,NA,NA,NA,"G5"
"202","Tulsa","fbs","American Athletic",2014,3126286,"Bishop Louie",28,9,12,3.11111111111111,17.4340311818464,0.622643970780227,1.93711457576071,274,9.78571428571429,30.4444444444444,0.535714285714286,23,28,0.821428571428571,1,0,265,257,113,239.5,45,379.5,126,402,"G5"
"2026","App State","fbs","Sun Belt",2014,499695,"Drew Bailey",1,1,10,1,1.42835582493035,1.42835582493035,1.42835582493035,2,2,2,1,1,1,1,1,0,NA,NA,NA,NA,NA,NA,NA,NA,"G5"
"2026","App State","fbs","Sun Belt",2014,512879,"Bobo Beathard",20,10,10,2,2.12080376217586,0.106040188108793,0.212080376217586,108,5.4,10.8,0.45,12,20,0.6,1,0,523,526,504,446,477,616,562,620,"G5"
"2026","App State","fbs","Sun Belt",2014,533072,"Barrett Burns",13,7,10,1.85714285714286,6.91903610432063,0.532233546486202,0.988433729188661,91,7,13,0.615384615384615,12,13,0.923076923076923,1,1,NA,NA,NA,NA,NA,NA,NA,NA,"G5"
"2026","App State","fbs","Sun Belt",2014,533085,"Malachi Jones",54,10,10,5.4,19.863296613986,0.367838826184926,1.9863296613986,469,8.68518518518519,46.9,0.537037037037037,30,54,0.555555555555556,3,0,226,245,314,235,557,175,232,186,"G5"
"2026","App State","fbs","Sun Belt",2014,533091,"Simms McElfresh",45,10,10,4.5,21.1399789075382,0.469777309056404,2.11399789075382,314,6.97777777777778,31.4,0.555555555555556,33,45,0.733333333333333,2,0,209,223,225,190.5,159,322.5,422.5,383.5,"G5"
"2026","App State","fbs","Sun Belt",2014,539022,"Tacoi Sumler",15,7,10,2.14285714285714,10.8268240495138,0.721788269967584,1.54668914993054,114,7.6,16.2857142857143,0.4,12,15,0.8,2,0,NA,NA,NA,NA,NA,NA,NA,NA,"G5"
"2026","App State","fbs","Sun Belt",2014,548436,"Marcus Cox",21,7,10,3,4.18177747791141,0.199132260852925,0.597396782558773,168,8,24,0.380952380952381,15,21,0.714285714285714,0,0,497,486,448,553,206,541,303,488,"G5"
"2026","App State","fbs","Sun Belt",2014,548445,"Dante Jones",2,1,10,2,1.29477533519056,0.647387667595282,1.29477533519056,25,12.5,25,1,2,2,1,0,0,NA,NA,NA,NA,NA,NA,NA,NA,"G5"
"2026","App State","fbs","Sun Belt",2014,548467,"Terrence Upshaw",8,6,10,1.33333333333333,7.21218470369842,0.901523087962303,1.20203078394974,56,7,9.33333333333333,0.5,7,8,0.875,0,0,NA,NA,NA,NA,NA,NA,NA,NA,"G5"
"2026","App State","fbs","Sun Belt",2014,3123648,"Jaylan Barbour",4,1,10,4,1.16691901102616,0.29172975275654,1.16691901102616,40,10,40,0.25,2,4,0.5,0,0,NA,NA,NA,NA,NA,NA,NA,NA,"G5"
"2026","App State","fbs","Sun Belt",2014,3123673,"Montez McGuire",28,8,10,3.5,16.0275544212496,0.57241265790177,2.00344430265619,303,10.8214285714286,37.875,0.607142857142857,19,28,0.678571428571429,2,0,286,242,135,83,291,339,69,284.5,"G5"
"2026","App State","fbs","Sun Belt",2014,3123674,"Shaedon Meadors",14,6,10,2.33333333333333,12.7943607053545,0.913882907525325,2.13239345089242,197,14.0714285714286,32.8333333333333,0.571428571428571,11,14,0.785714285714286,2,0,NA,NA,NA,NA,NA,NA,NA,NA,"G5"
"2032","Arkansas State","fbs","Sun Belt",2014,501009,"Kenneth Rains",5,4,11,1.25,6.93859946510726,1.38771989302145,1.73464986627682,56,11.2,14,0.8,5,5,1,2,0,NA,NA,NA,NA,NA,NA,NA,NA,"G5"
"2032","Arkansas State","fbs","Sun Belt",2014,515861,"William Boyd",1,1,11,1,-0.779771763575837,-0.779771763575837,-0.779771763575837,-1,-1,-1,0,1,1,1,0,0,NA,NA,NA,NA,NA,NA,NA,NA,"G5"
"2032","Arkansas State","fbs","Sun Belt",2014,515871,"Darion Griswold",26,8,11,3.25,7.15493954458966,0.275189982484218,0.894367443073707,174,6.69230769230769,21.75,0.5,13,26,0.5,1,0,447,441,383,317.5,605,533.5,458,520,"G5"
"2032","Arkansas State","fbs","Sun Belt",2014,515882,"J.D. McKissic",50,8,11,6.25,27.1979652691551,0.543959305383102,3.39974565864438,447,8.94,55.875,0.58,41,50,0.82,0,0,135,94,160,130.5,46.5,186.5,204,115,"G5"
"2032","Arkansas State","fbs","Sun Belt",2014,515892,"Chris Stone",1,1,11,1,4.79845916467483,4.79845916467483,4.79845916467483,24,24,24,1,1,1,1,0,0,NA,NA,NA,NA,NA,NA,NA,NA,"G5"
"2032","Arkansas State","fbs","Sun Belt",2014,517262,"Tyler Trosin",16,7,11,2.28571428571429,6.23801454005251,0.389875908753282,0.891144934293216,112,7,16,0.4375,11,16,0.6875,1,0,NA,NA,NA,NA,NA,NA,NA,NA,"G5"
"2032","Arkansas State","fbs","Sun Belt",2014,537838,"DeKeathan Williams",1,1,11,1,-0.549618482995625,-0.549618482995625,-0.549618482995625,3,3,3,0,1,1,1,0,0,NA,NA,NA,NA,NA,NA,NA,NA,"G5"
"2032","Arkansas State","fbs","Sun Belt",2014,538142,"Luke Ferguson",1,1,11,1,-2.19009748759108,-2.19009748759108,-2.19009748759108,-2,-2,-2,0,1,1,1,0,0,NA,NA,NA,NA,NA,NA,NA,NA,"G5"
"2032","Arkansas State","fbs","Sun Belt",2014,538149,"Michael Gordon",28,9,11,3.11111111111111,0.188453678804454,0.00673048852873049,0.0209392976449393,176,6.28571428571429,19.5555555555556,0.321428571428571,22,28,0.785714285714286,1,0,547,547,546,606,75.5,530.5,496.5,547,"G5"
"2032","Arkansas State","fbs","Sun Belt",2014,538152,"Tres Houston",63,11,11,5.72727272727273,16.6667602046977,0.264551749280917,1.51516001860889,498,7.90476190476191,45.2727272727273,0.53968253968254,41,63,0.650793650793651,1,1,277,333,389,229,375,150,316,200,"G5"
"2032","Arkansas State","fbs","Sun Belt",2014,538156,"Fredi Knighten",8,5,11,1.6,36.2763603453566,4.53454504316958,7.25527206907132,216,27,43.2,1,8,8,1,8,0,NA,NA,NA,NA,NA,NA,NA,NA,"G5"
"2032","Arkansas State","fbs","Sun Belt",2014,538157,"Warren Leapheart",2,2,11,1,2.29362376866421,1.14681188433211,1.14681188433211,4,2,2,1,2,2,1,2,0,NA,NA,NA,NA,NA,NA,NA,NA,"G5"
"2032","Arkansas State","fbs","Sun Belt",2014,545944,"Brandon Cox",23,9,11,2.55555555555556,1.96395124328603,0.085389184490697,0.218216804809559,115,5,12.7777777777778,0.521739130434783,16,23,0.695652173913043,0,0,524,524,512,267.5,254.5,610,585.5,612,"G5"
"2032","Arkansas State","fbs","Sun Belt",2014,545955,"Carl Lee Jr.",2,1,11,2,0.28249740356703,0.141248701783515,0.28249740356703,10,5,10,0.5,2,2,1,0,0,NA,NA,NA,NA,NA,NA,NA,NA,"G5"
"2032","Arkansas State","fbs","Sun Belt",2014,545959,"Booker Mays",21,5,11,4.2,6.07249997313741,0.289166665387496,1.21449999462748,161,7.66666666666667,32.2,0.571428571428571,14,21,0.666666666666667,0,0,468,389,371,156,324.5,553,344,370,"G5"
"2032","Arkansas State","fbs","Sun Belt",2014,545962,"Dijon Paschal",51,11,11,4.63636363636364,33.8847049761999,0.664405979925488,3.08042772510908,525,10.2941176470588,47.7272727272727,0.549019607843137,33,51,0.647058823529412,1,1,88,112,81,203.5,383,130,96,176,"G5"
"2032","Arkansas State","fbs","Sun Belt",2014,554948,"Johnston White",8,3,11,2.66666666666667,-2.76674904849549,-0.345843631061936,-0.92224968283183,27,3.375,9,0.25,6,8,0.75,1,0,NA,NA,NA,NA,NA,NA,NA,NA,"G5"
"2032","Arkansas State","fbs","Sun Belt",2014,3123695,"Brandon Byner",5,5,11,1,0.0749796930885795,0.0149959386177159,0.0149959386177159,38,7.6,7.6,0.6,4,5,0.8,0,0,NA,NA,NA,NA,NA,NA,NA,NA,"G5"
"2032","Arkansas State","fbs","Sun Belt",2014,3123706,"Terrance Hollingsworth",3,2,11,1.5,-1.18803435649208,-0.396011452164028,-0.594017178246042,5,1.66666666666667,2.5,0.333333333333333,1,3,0.333333333333333,0,0,NA,NA,NA,NA,NA,NA,NA,NA,"G5"
"2032","Arkansas State","fbs","Sun Belt",2014,3123714,"Blake Mack",7,3,11,2.33333333333333,2.97702660310072,0.425289514728674,0.992342201033574,66,9.42857142857143,22,0.428571428571429,4,7,0.571428571428571,0,0,NA,NA,NA,NA,NA,NA,NA,NA,"G5"
"2032","Arkansas State","fbs","Sun Belt",2014,3123716,"Daryl Rollins-Davis",4,1,11,4,3.34177556397134,0.835443890992836,3.34177556397134,43,10.75,43,1,4,4,1,0,0,NA,NA,NA,NA,NA,NA,NA,NA,"G5"
"204","Oregon State","fbs","Pac-12",2014,504739,"Jacob Wark",2,2,11,1,1.10674455399597,0.553372276997983,0.553372276997983,29,14.5,14.5,0.5,2,2,1,0,0,NA,NA,NA,NA,NA,NA,NA,NA,"P5"
"204","Oregon State","fbs","Pac-12",2014,504776,"Tyler Anderson",9,6,11,1.5,-3.55625689961351,-0.395139655512613,-0.592709483268919,37,4.11111111111111,6.16666666666667,0.333333333333333,7,9,0.777777777777778,0,1,NA,NA,NA,NA,NA,NA,NA,NA,"P5"
"204","Oregon State","fbs","Pac-12",2014,504780,"Connor Hamlett",37,11,11,3.36363636363636,8.90299277033982,0.240621426225401,0.809362979121802,256,6.91891891891892,23.2727272727273,0.432432432432432,27,37,0.72972972972973,2,0,419,455,411,474,168,405.5,430,498.5,"P5"
"204","Oregon State","fbs","Pac-12",2014,504786,"Sean Mannion",1,1,11,1,6.38019673522809,6.38019673522809,6.38019673522809,72,72,72,1,1,1,1,1,0,NA,NA,NA,NA,NA,NA,NA,NA,"P5"
"204","Oregon State","fbs","Pac-12",2014,513085,"Rahmel Dockery",9,7,11,1.28571428571429,11.3770126583114,1.26411251759016,1.62528752261592,184,20.4444444444444,26.2857142857143,0.666666666666667,7,9,0.777777777777778,1,0,NA,NA,NA,NA,NA,NA,NA,NA,"P5"
"204","Oregon State","fbs","Pac-12",2014,517255,"Richard Mullaney",27,4,11,6.75,4.3281831768359,0.160303080623552,1.08204579420897,161,5.96296296296296,40.25,0.444444444444444,13,27,0.481481481481481,1,0,495,406,470,456.5,614.5,553,522,251,"P5"
"204","Oregon State","fbs","Pac-12",2014,517264,"Terron Ward",39,9,11,4.33333333333333,-15.3276369827776,-0.393016332891733,-1.70307077586418,158,4.05128205128205,17.5555555555556,0.358974358974359,23,39,0.58974358974359,0,0,629,630,627,580.5,502.5,560,618,580,"P5"
"204","Oregon State","fbs","Pac-12",2014,535188,"Chris Brown",9,5,11,1.8,-3.17966792856208,-0.353296436506898,-0.635933585712416,37,4.11111111111111,7.4,0.333333333333333,5,9,0.555555555555556,0,0,NA,NA,NA,NA,NA,NA,NA,NA,"P5"
"204","Oregon State","fbs","Pac-12",2014,535192,"Malik Gilmore",1,1,11,1,3.13861433101253,3.13861433101253,3.13861433101253,15,15,15,1,1,1,1,0,0,NA,NA,NA,NA,NA,NA,NA,NA,"P5"
"204","Oregon State","fbs","Pac-12",2014,535204,"Ricky Ortiz",12,7,11,1.71428571428571,8.75732697709011,0.729777248090843,1.25104671101287,86,7.16666666666667,12.2857142857143,0.833333333333333,11,12,0.916666666666667,0,0,NA,NA,NA,NA,NA,NA,NA,NA,"P5"
"204","Oregon State","fbs","Pac-12",2014,535209,"Caleb Smith",24,9,11,2.66666666666667,-3.01747897134916,-0.125728290472882,-0.335275441261018,156,6.5,17.3333333333333,0.375,16,24,0.666666666666667,1,0,583,580,592,560,324.5,563,478.5,583.5,"P5"
"204","Oregon State","fbs","Pac-12",2014,552109,"Damien Haskins",6,3,11,2,-0.921932314314797,-0.153655385719133,-0.307310771438266,26,4.33333333333333,8.66666666666667,0.333333333333333,3,6,0.5,0,0,NA,NA,NA,NA,NA,NA,NA,NA,"P5"
"204","Oregon State","fbs","Pac-12",2014,552116,"Hunter Jarmon",31,9,11,3.44444444444444,19.3347545840247,0.623701760774991,2.14830606489164,334,10.7741935483871,37.1111111111111,0.451612903225806,20,31,0.645161290322581,1,0,235,218,112,439,387.5,293,70,295,"P5"
"204","Oregon State","fbs","Pac-12",2014,552126,"Jordan Villamin",55,10,11,5.5,25.404410434488,0.461898371536146,2.5404410434488,504,9.16363636363636,50.4,0.545454545454545,33,55,0.6,4,0,151,177,230,213,477,146,184,156,"P5"
"2050","Ball State","fbs","Mid-American",2014,511394,"Horactio Banks",6,4,10,1.5,-3.9207945577219,-0.653465759620316,-0.980198639430474,16,2.66666666666667,4,0.166666666666667,3,6,0.5,0,0,NA,NA,NA,NA,NA,NA,NA,NA,"G5"
"2050","Ball State","fbs","Mid-American",2014,511398,"Dylan Curry",9,6,10,1.5,7.09986211781782,0.788873568646424,1.18331035296964,61,6.77777777777778,10.1666666666667,0.777777777777778,7,9,0.777777777777778,3,0,NA,NA,NA,NA,NA,NA,NA,NA,"G5"
"2050","Ball State","fbs","Mid-American",2014,511399,"Jahwan Edwards",34,9,10,3.77777777777778,-5.41298180736734,-0.15920534727551,-0.601442423040815,236,6.94117647058824,26.2222222222222,0.411764705882353,29,34,0.852941176470588,0,1,607,606,600,507,26,432.5,426,453,"G5"
"2050","Ball State","fbs","Mid-American",2014,511421,"Chris Shillings",32,10,10,3.2,15.8523972225583,0.495387413204946,1.58523972225583,193,6.03125,19.3,0.59375,21,32,0.65625,1,0,293,323,205,101,356.5,496.5,518,550,"G5"
"2050","Ball State","fbs","Mid-American",2014,531542,"Sam Brunner",1,1,10,1,-0.154434283879748,-0.154434283879748,-0.154434283879748,4,4,4,0,1,1,1,0,0,NA,NA,NA,NA,NA,NA,NA,NA,"G5"
"2050","Ball State","fbs","Mid-American",2014,531551,"KeVonn Mabon",63,9,10,7,30.3213577565138,0.481291392960537,3.36903975072376,547,8.68253968253968,60.7777777777778,0.523809523809524,40,63,0.634920634920635,4,1,108,95,216,264,407,116,233,92,"G5"
"2050","Ball State","fbs","Mid-American",2014,546005,"Jack Milas",2,1,10,2,3.06867403995486,1.53433701997743,3.06867403995486,40,20,40,0.5,2,2,1,1,0,NA,NA,NA,NA,NA,NA,NA,NA,"G5"
"2050","Ball State","fbs","Mid-American",2014,3125723,"Darian Green",7,3,10,2.33333333333333,7.01040209012527,1.00148601287504,2.33680069670842,103,14.7142857142857,34.3333333333333,0.857142857142857,7,7,1,0,0,NA,NA,NA,NA,NA,NA,NA,NA,"G5"
"2050","Ball State","fbs","Mid-American",2014,3125724,"Jordan Hogue",6,4,10,1.5,2.94959987720436,0.49159997953406,0.737399969301091,45,7.5,11.25,0.166666666666667,4,6,0.666666666666667,1,0,NA,NA,NA,NA,NA,NA,NA,NA,"G5"
"2050","Ball State","fbs","Mid-American",2014,3125731,"Corey Lacanaria",27,9,10,3,4.01194371339888,0.148590507903662,0.445771523710986,162,6,18,0.518518518518518,20,27,0.740740740740741,1,0,498,501,478,280,141.5,550,519,571.5,"G5"
"2084","Buffalo","fbs","Mid-American",2014,503742,"John Dunmore",5,3,9,1.66666666666667,0.559279501480963,0.111855900296193,0.186426500493654,32,6.4,10.6666666666667,0.8,4,5,0.8,0,0,NA,NA,NA,NA,NA,NA,NA,NA,"G5"
"2084","Buffalo","fbs","Mid-American",2014,503760,"Devon Hughes",55,8,9,6.875,10.7799686364517,0.195999429753668,1.34749607955646,380,6.90909090909091,47.5,0.527272727272727,37,55,0.672727272727273,5,0,384,357,449,255,307,243.5,431.5,177.5,"G5"
"2084","Buffalo","fbs","Mid-American",2014,513613,"Anthone Taylor",20,8,9,2.5,-6.85329052696952,-0.342664526348476,-0.85666131587119,91,4.55,11.375,0.3,14,20,0.7,0,0,614,614,622,614,243,626,608,618,"G5"
"2084","Buffalo","fbs","Mid-American",2014,513614,"Joe Licata",4,1,9,4,12.090021883239,3.02250547080976,12.090021883239,89,22.25,89,1,4,4,1,4,0,NA,NA,NA,NA,NA,NA,NA,NA,"G5"
"2084","Buffalo","fbs","Mid-American",2014,513630,"Kendall Patterson",2,1,9,2,-0.226292860581527,-0.113146430290763,-0.226292860581527,13,6.5,13,0.5,2,2,1,0,0,NA,NA,NA,NA,NA,NA,NA,NA,"G5"
"2084","Buffalo","fbs","Mid-American",2014,513639,"Ron Willoughby",61,9,9,6.77777777777778,30.116287183124,0.493709625952853,3.34625413145822,533,8.73770491803279,59.2222222222222,0.524590163934426,35,61,0.573770491803279,4,0,111,96,206,261.5,533.5,126.5,221,97,"G5"
"2084","Buffalo","fbs","Mid-American",2014,513640,"Matt Weiser",13,5,9,2.6,23.7017734712935,1.82321334394566,4.7403546942587,189,14.5384615384615,37.8,0.769230769230769,11,13,0.846153846153846,2,0,NA,NA,NA,NA,NA,NA,NA,NA,"G5"
"2084","Buffalo","fbs","Mid-American",2014,531953,"Jordan Johnson",4,4,9,1,8.94316014178339,2.23579003544585,2.23579003544585,54,13.5,13.5,1,4,4,1,1,0,NA,NA,NA,NA,NA,NA,NA,NA,"G5"
"2084","Buffalo","fbs","Mid-American",2014,531956,"Marcus McGill",21,5,9,4.2,31.0891341861991,1.48043496124758,6.21782683723982,298,14.1904761904762,59.6,0.761904761904762,17,21,0.80952380952381,3,0,102,14,1,4,53.5,346.5,4,96,"G5"
"2084","Buffalo","fbs","Mid-American",2014,531958,"Devin Campbell",21,8,9,2.625,8.60316642274992,0.40967459155952,1.07539580284374,132,6.28571428571429,16.5,0.333333333333333,19,21,0.904761904761905,2,0,427,407,274,598,8,591,496.5,591,"G5"
"2084","Buffalo","fbs","Mid-American",2014,531970,"Malcolm Robinson",4,3,9,1.33333333333333,7.24001094171256,1.81000273542814,2.41333698057085,31,7.75,10.3333333333333,0.75,3,4,0.75,2,0,NA,NA,NA,NA,NA,NA,NA,NA,"G5"
"2084","Buffalo","fbs","Mid-American",2014,531973,"Mason Schreck",13,5,9,2.6,1.79612855265072,0.138163734819286,0.359225710530144,79,6.07692307692308,15.8,0.384615384615385,9,13,0.692307692307692,0,0,NA,NA,NA,NA,NA,NA,NA,NA,"G5"
"2084","Buffalo","fbs","Mid-American",2014,550990,"Jamarl Eiland",4,3,9,1.33333333333333,9.81330417560219,2.45332604390055,3.2711013918674,89,22.25,29.6666666666667,1,4,4,1,0,0,NA,NA,NA,NA,NA,NA,NA,NA,"G5"
"2084","Buffalo","fbs","Mid-American",2014,550992,"Boise Ross",8,1,9,8,3.36228395361642,0.420285494202053,3.36228395361642,36,4.5,36,0.625,5,8,0.625,0,0,NA,NA,NA,NA,NA,NA,NA,NA,"G5"
"2084","Buffalo","fbs","Mid-American",2014,550993,"Jacob Martinez",33,9,9,3.66666666666667,8.71913321335282,0.264216157980388,0.968792579261424,206,6.24242424242424,22.8888888888889,0.454545454545455,24,33,0.727272727272727,2,0,425,426,391,434.5,176.5,471.5,501,505,"G5"
"21","San Diego State","fbs","Mountain West",2014,502956,"Ezell Ruffin",37,6,11,6.16666666666667,27.6959701666334,0.748539734233336,4.61599502777224,369,9.97297297297297,61.5,0.513513513513513,22,37,0.594594594594595,2,0,131,40,51,290,487,254,115,86,"G5"
"21","San Diego State","fbs","Mountain West",2014,518159,"Larry Clark",19,7,11,2.71428571428571,8.01105592205979,0.421634522213673,1.14443656029426,197,10.3684210526316,28.1428571428571,0.631578947368421,14,19,0.736842105263158,0,0,NA,NA,NA,NA,NA,NA,NA,NA,"G5"
"21","San Diego State","fbs","Mountain West",2014,518161,"Robert Craighead",3,2,11,1.5,3.78753375201118,1.26251125067039,1.89376687600559,40,13.3333333333333,20,1,3,3,1,0,0,NA,NA,NA,NA,NA,NA,NA,NA,"G5"
"21","San Diego State","fbs","Mountain West",2014,518169,"Jemond Hazely",15,8,11,1.875,9.12594249093417,0.608396166062278,1.14074281136677,166,11.0666666666667,20.75,0.6,12,15,0.8,1,0,NA,NA,NA,NA,NA,NA,NA,NA,"G5"
"21","San Diego State","fbs","Mountain West",2014,518180,"Chase Price",21,8,11,2.625,-0.281401514989917,-0.013400072142377,-0.0351751893737396,95,4.52380952380952,11.875,0.476190476190476,13,21,0.619047619047619,0,0,557,557,558,377,440.5,623.5,609,617,"G5"
"21","San Diego State","fbs","Mountain West",2014,518181,"Adam Roberts",15,7,11,2.14285714285714,7.45808128254511,0.497205418836341,1.06544018322073,112,7.46666666666667,16,0.666666666666667,12,15,0.8,1,0,NA,NA,NA,NA,NA,NA,NA,NA,"G5"
"21","San Diego State","fbs","Mountain West",2014,534185,"Lloyd Mills",46,10,11,4.6,5.68138338590507,0.123508334476197,0.568138338590507,307,6.67391304347826,30.7,0.41304347826087,22,46,0.478260869565217,1,0,476,489,494,506,616,332.5,460,397,"G5"
"21","San Diego State","fbs","Mountain West",2014,534388,"Daniel Brunskill",9,3,11,3,0.84984455812671,0.09442717312519,0.28328151937557,31,3.44444444444444,10.3333333333333,0.444444444444444,5,9,0.555555555555556,1,0,NA,NA,NA,NA,NA,NA,NA,NA,"G5"
"21","San Diego State","fbs","Mountain West",2014,534393,"Eric Judge",25,8,11,3.125,24.5465739015213,0.981862956060852,3.06832173769016,388,15.52,48.5,0.6,18,25,0.72,2,0,160,117,15,93.5,191,237,3,169.5,"G5"
"21","San Diego State","fbs","Mountain West",2014,547567,"Chase Favreau",2,1,11,2,1.0639887141814,0.5319943570907,1.0639887141814,42,21,42,0.5,1,2,0.5,0,0,NA,NA,NA,NA,NA,NA,NA,NA,"G5"
"21","San Diego State","fbs","Mountain West",2014,547570,"Quinn Kaehler",3,3,11,1,2.54108161532504,0.847027205108346,0.847027205108346,29,9.66666666666667,9.66666666666667,0.333333333333333,2,3,0.666666666666667,1,0,NA,NA,NA,NA,NA,NA,NA,NA,"G5"
"21","San Diego State","fbs","Mountain West",2014,547571,"Donnel Pumphrey",25,10,11,2.5,-4.07497290379052,-0.162998916151621,-0.407497290379052,87,3.48,8.7,0.4,18,25,0.72,0,0,592,586,601,528,191,627,627,628,"G5"
"21","San Diego State","fbs","Mountain West",2014,3125238,"Dakota Gordon",10,5,11,2,-1.97892080322042,-0.197892080322042,-0.395784160644085,49,4.9,9.8,0.3,6,10,0.6,0,0,NA,NA,NA,NA,NA,NA,NA,NA,"G5"
"21","San Diego State","fbs","Mountain West",2014,3139946,"Mikah Holder",6,3,11,2,2.89995292415147,0.483325487358578,0.966650974717155,53,8.83333333333333,17.6666666666667,0.666666666666667,5,6,0.833333333333333,0,0,NA,NA,NA,NA,NA,NA,NA,NA,"G5"
"2116","UCF","fbs","American Athletic",2014,503526,"Jackie Williams",9,5,11,1.8,2.48235635322843,0.275817372580937,0.496471270645686,56,6.22222222222222,11.2,0.666666666666667,7,9,0.777777777777778,1,0,NA,NA,NA,NA,NA,NA,NA,NA,"G5"
"2116","UCF","fbs","American Athletic",2014,509246,"Josh Reese",48,10,11,4.8,21.3398631084721,0.444580481426502,2.13398631084721,389,8.10416666666667,38.9,0.5625,31,48,0.645833333333333,1,0,206,219,244,176,384,235.5,290,263.5,"G5"
"2116","UCF","fbs","American Athletic",2014,516024,"Kevin Miller",3,2,11,1.5,-0.238520406391116,-0.0795068021303719,-0.119260203195558,13,4.33333333333333,6.5,0.666666666666667,2,3,0.666666666666667,0,0,NA,NA,NA,NA,NA,NA,NA,NA,"G5"
"2116","UCF","fbs","American Athletic",2014,516035,"Cedric Thompson",1,1,11,1,0.202581939910305,0.202581939910305,0.202581939910305,8,8,8,1,1,1,1,0,0,NA,NA,NA,NA,NA,NA,NA,NA,"G5"
"2116","UCF","fbs","American Athletic",2014,516036,"Justin Tukes",5,2,11,2.5,3.44132138669613,0.688264277339227,1.72066069334807,45,9,22.5,0.6,4,5,0.8,0,0,NA,NA,NA,NA,NA,NA,NA,NA,"G5"
"2116","UCF","fbs","American Athletic",2014,516039,"J.J. Worton",48,9,11,5.33333333333333,20.1201678139309,0.419170162790226,2.23557420154787,474,9.875,52.6666666666667,0.520833333333333,34,48,0.708333333333333,3,0,222,199,264,270.5,224.5,168.5,121,139.5,"G5"
"2116","UCF","fbs","American Athletic",2014,518250,"Rannell Hall",58,8,11,7.25,12.5850554251741,0.21698371422714,1.57313192814677,422,7.27586206896552,52.75,0.568965517241379,42,58,0.724137931034483,0,0,351,325,429,164,182.5,201.5,388.5,137,"G5"
"2116","UCF","fbs","American Athletic",2014,531654,"Taylor Oldham",3,2,11,1.5,-0.961897057382315,-0.320632352460772,-0.480948528691158,21,7,10.5,0.333333333333333,2,3,0.666666666666667,0,0,NA,NA,NA,NA,NA,NA,NA,NA,"G5"
"2116","UCF","fbs","American Athletic",2014,531670,"Breshad Perriman",63,11,11,5.72727272727273,46.6973136692658,0.741227201099457,4.24521033356962,687,10.9047619047619,62.4545454545455,0.507936507936508,35,63,0.555555555555556,5,0,32,57,56,302,557,57.5,66,83,"G5"
"2116","UCF","fbs","American Athletic",2014,551181,"Micah Reed",7,2,11,3.5,-0.00600260795153207,-0.000857515421647438,-0.00300130397576603,46,6.57142857142857,23,0.428571428571429,5,7,0.714285714285714,0,0,NA,NA,NA,NA,NA,NA,NA,NA,"G5"
"2116","UCF","fbs","American Athletic",2014,551182,"Dontravious Wilson",17,6,11,2.83333333333333,-5.29378833278231,-0.311399313693077,-0.882298055463719,56,3.29411764705882,9.33333333333333,0.176470588235294,13,17,0.764705882352941,0,0,NA,NA,NA,NA,NA,NA,NA,NA,"G5"
"2116","UCF","fbs","American Athletic",2014,551184,"Justin Holman",7,4,11,1.75,24.0250377938771,3.43214825626815,6.00625944846926,213,30.4285714285714,53.25,0.857142857142857,6,7,0.857142857142857,6,0,NA,NA,NA,NA,NA,NA,NA,NA,"G5"
"2116","UCF","fbs","American Athletic",2014,551187,"William Stanback",13,6,11,2.16666666666667,-2.08891599629545,-0.160685845868881,-0.348152666049242,46,3.53846153846154,7.66666666666667,0.307692307692308,9,13,0.692307692307692,1,0,NA,NA,NA,NA,NA,NA,NA,NA,"G5"
"2116","UCF","fbs","American Athletic",2014,3128452,"Jordan Akins",17,7,11,2.42857142857143,1.56532814364869,0.092078126096982,0.223618306235528,105,6.17647058823529,15,0.529411764705882,10,17,0.588235294117647,0,0,NA,NA,NA,NA,NA,NA,NA,NA,"G5"
"2117","Central Michigan","fbs","Mid-American",2014,504341,"Deon Butler",33,10,11,3.3,21.7137389704568,0.657992090013842,2.17137389704568,355,10.7575757575758,35.5,0.606060606060606,26,33,0.787878787878788,1,0,196,207,88,85,72.5,269.5,71,317.5,"G5"
"2117","Central Michigan","fbs","Mid-American",2014,504353,"Mike Kinville",9,5,11,1.8,-1.21740243158303,-0.135266936842559,-0.243480486316606,43,4.77777777777778,8.6,0.444444444444444,6,9,0.666666666666667,0,0,NA,NA,NA,NA,NA,NA,NA,NA,"G5"
"2117","Central Michigan","fbs","Mid-American",2014,511699,"Thomas Rawls",13,5,11,2.6,-0.273430991513317,-0.0210331531933321,-0.0546861983026635,86,6.61538461538461,17.2,0.384615384615385,8,13,0.615384615384615,0,0,NA,NA,NA,NA,NA,NA,NA,NA,"G5"
"2117","Central Michigan","fbs","Mid-American",2014,512956,"Titus Davis",80,8,11,10,63.6501992246047,0.795627490307559,7.95627490307558,824,10.3,103,0.625,52,80,0.65,8,0,11,4,39,60.5,378,35,95,12,"G5"
"2117","Central Michigan","fbs","Mid-American",2014,512960,"Anthony Garland",1,1,11,1,-0.89875592622736,-0.89875592622736,-0.89875592622736,0,0,0,0,1,1,1,0,0,NA,NA,NA,NA,NA,NA,NA,NA,"G5"
"2117","Central Michigan","fbs","Mid-American",2014,512963,"Jesse Kroll",44,9,11,4.88888888888889,26.8831753269441,0.610981257430548,2.98701948077157,408,9.27272727272727,45.3333333333333,0.613636363636364,29,44,0.659090909090909,3,0,137,130,122,74,346,214,174.5,198.5,"G5"
"2117","Central Michigan","fbs","Mid-American",2014,512967,"Ben McCord",11,8,11,1.375,17.1584852918802,1.55986229926184,2.14481066148503,124,11.2727272727273,15.5,0.818181818181818,10,11,0.909090909090909,3,1,NA,NA,NA,NA,NA,NA,NA,NA,"G5"
"2117","Central Michigan","fbs","Mid-American",2014,512975,"Courtney Williams",16,7,11,2.28571428571429,-2.23098168205573,-0.139436355128483,-0.318711668865104,70,4.375,10,0.4375,7,16,0.4375,0,0,NA,NA,NA,NA,NA,NA,NA,NA,"G5"
"2117","Central Michigan","fbs","Mid-American",2014,531438,"Joe Bacci",12,8,11,1.5,9.45231000747402,0.787692500622835,1.18153875093425,127,10.5833333333333,15.875,0.833333333333333,12,12,1,1,0,NA,NA,NA,NA,NA,NA,NA,NA,"G5"
"2117","Central Michigan","fbs","Mid-American",2014,531451,"Saylor Lavallii",9,7,11,1.28571428571429,-0.777922494903255,-0.0864358327670284,-0.111131784986179,52,5.77777777777778,7.42857142857143,0.444444444444444,9,9,1,0,0,NA,NA,NA,NA,NA,NA,NA,NA,"G5"
"2117","Central Michigan","fbs","Mid-American",2014,531453,"Anthony Rice",26,9,11,2.88888888888889,16.7474525053105,0.644132788665788,1.86082805614561,274,10.5384615384615,30.4444444444444,0.692307692307692,24,26,0.923076923076923,1,1,275,271,97,16,4,379.5,78,402,"G5"
"2117","Central Michigan","fbs","Mid-American",2014,531455,"Cooper Rush",1,1,11,1,2.90271201049497,2.90271201049497,2.90271201049497,8,8,8,1,1,1,1,1,0,NA,NA,NA,NA,NA,NA,NA,NA,"G5"
"2117","Central Michigan","fbs","Mid-American",2014,531458,"Martez Walker",5,4,11,1.25,-2.56009818149512,-0.512019636299023,-0.640024545373779,10,2,2.5,0.2,3,5,0.6,0,0,NA,NA,NA,NA,NA,NA,NA,NA,"G5"
"2117","Central Michigan","fbs","Mid-American",2014,536047,"Maurice Shoemaker-Gilmore",2,1,11,2,2.38632478246818,1.19316239123409,2.38632478246818,14,7,14,1,2,2,1,0,0,NA,NA,NA,NA,NA,NA,NA,NA,"G5"
"2117","Central Michigan","fbs","Mid-American",2014,546533,"Corey Willis",7,2,11,3.5,4.97340655534208,0.710486650763154,2.48670327767104,70,10,35,0.857142857142857,7,7,1,0,0,NA,NA,NA,NA,NA,NA,NA,NA,"G5"
"2117","Central Michigan","fbs","Mid-American",2014,546601,"Mark Chapman",2,1,11,2,-0.283611523950807,-0.141805761975404,-0.283611523950807,9,4.5,9,0.5,1,2,0.5,0,0,NA,NA,NA,NA,NA,NA,NA,NA,"G5"
"2117","Central Michigan","fbs","Mid-American",2014,556187,"Trevor Thomas",1,1,11,1,1.36760085262511,1.36760085262511,1.36760085262511,11,11,11,1,1,1,1,0,0,NA,NA,NA,NA,NA,NA,NA,NA,"G5"
"2117","Central Michigan","fbs","Mid-American",2014,3125801,"Devon Spalding",2,2,11,1,0.127246699316087,0.0636233496580436,0.0636233496580436,6,3,3,0.5,1,2,0.5,0,0,NA,NA,NA,NA,NA,NA,NA,NA,"G5"
"213","Penn State","fbs","Big Ten",2014,518192,"Bill Belton",29,9,12,3.22222222222222,9.25886986231292,0.319271374562515,1.02876331803477,187,6.44827586206897,20.7777777777778,0.586206896551724,23,29,0.793103448275862,1,0,412,419,354,116,69,508.5,482.5,533,"P5"
"213","Penn State","fbs","Big Ten",2014,518196,"Kyle Carter",27,8,12,3.375,-5.02670298682066,-0.186174184697061,-0.628337873352582,123,4.55555555555556,15.375,0.333333333333333,13,27,0.481481481481481,0,0,600,607,604,598,614.5,602.5,607,599.5,"P5"
"213","Penn State","fbs","Big Ten",2014,535598,"Jesse James",52,12,12,4.33333333333333,20.4961696281262,0.394157108233196,1.70801413567718,364,7,30.3333333333333,0.538461538461538,34,52,0.653846153846154,3,0,217,307,291,231,371,258,421,404,"P5"
"213","Penn State","fbs","Big Ten",2014,535602,"Geno Lewis",80,12,12,6.66666666666667,20.5240619462554,0.256550774328193,1.71033849552128,660,8.25,55,0.4625,48,80,0.6,1,0,216,306,397,419.5,477,67,272.5,118.5,"P5"
"213","Penn State","fbs","Big Ten",2014,535604,"Akeel Lynch",11,7,12,1.57142857142857,-1.98645029700354,-0.180586390636685,-0.283778613857648,45,4.09090909090909,6.42857142857143,0.272727272727273,7,11,0.636363636363636,0,0,NA,NA,NA,NA,NA,NA,NA,NA,"P5"
"213","Penn State","fbs","Big Ten",2014,535612,"Brent Wilkerson",2,1,12,2,3.8325706133185,1.91628530665925,3.8325706133185,18,9,18,1,2,2,1,1,0,NA,NA,NA,NA,NA,NA,NA,NA,"P5"
"213","Penn State","fbs","Big Ten",2014,552329,"Christian Hackenberg",2,2,12,1,2.45163000299487,1.22581500149744,1.22581500149744,10,5,5,0.5,1,2,0.5,1,0,NA,NA,NA,NA,NA,NA,NA,NA,"P5"
"213","Penn State","fbs","Big Ten",2014,552330,"DaeSean Hamilton",116,12,12,9.66666666666667,24.3182918908464,0.209640447334883,2.0265243242372,808,6.96551724137931,67.3333333333333,0.491379310344828,72,116,0.620689655172414,0,1,163,237,436,336,434.5,39,424,62,"P5"
"213","Penn State","fbs","Big Ten",2014,3116155,"Saeed Blacknall",13,5,12,2.6,1.99546949759791,0.153497653661377,0.399093899519581,80,6.15384615384615,16,0.461538461538462,9,13,0.692307692307692,1,0,NA,NA,NA,NA,NA,NA,NA,NA,"P5"
"213","Penn State","fbs","Big Ten",2014,3116164,"Mike Gesicki",14,9,12,1.55555555555556,5.39377146036118,0.385269390025799,0.599307940040132,114,8.14285714285714,12.6666666666667,0.571428571428571,11,14,0.785714285714286,0,0,NA,NA,NA,NA,NA,NA,NA,NA,"P5"
"213","Penn State","fbs","Big Ten",2014,3116165,"Chris Godwin",32,12,12,2.66666666666667,-0.914176394113065,-0.0285680123160333,-0.0761813661760888,199,6.21875,16.5833333333333,0.5,19,32,0.59375,1,1,565,563,567,317.5,488,486.5,503.5,590,"P5"
"2132","Cincinnati","fbs","American Athletic",2014,512059,"Alex Chisum",31,10,11,3.1,13.2964018996942,0.428916190312715,1.32964018996942,203,6.54838709677419,20.3,0.516129032258065,20,31,0.645161290322581,2,0,338,362,255,285,387.5,477,472,538.5,"G5"
"2132","Cincinnati","fbs","American Athletic",2014,512073,"Chris Moore",43,10,11,4.3,8.02441684664659,0.186614345270851,0.802441684664659,283,6.58139534883721,28.3,0.418604651162791,22,43,0.511627906976744,2,0,431,457,453,495.5,598,361.5,469,429,"G5"
"2132","Cincinnati","fbs","American Athletic",2014,512074,"Max Morrison",58,11,11,5.27272727272727,33.4331064417113,0.576432869684677,3.03937331288284,445,7.67241379310345,40.4545454545455,0.655172413793103,43,58,0.741379310344828,4,1,91,122,131,35,139.5,188,342,247,"G5"
"2132","Cincinnati","fbs","American Athletic",2014,512086,"Shaq Washington",80,11,11,7.27272727272727,35.992931216709,0.449911640208862,3.27208465606445,598,7.475,54.3636363636364,0.5875,55,80,0.6875,4,0,77,104,242,114,274.5,97,363,126,"G5"
"2132","Cincinnati","fbs","American Athletic",2014,534259,"Gunner Kiel",5,2,11,2.5,28.8489706553291,5.76979413106582,14.4244853276646,306,61.2,153,1,5,5,1,5,0,NA,NA,NA,NA,NA,NA,NA,NA,"G5"
"2132","Cincinnati","fbs","American Athletic",2014,535721,"Nate Cole",15,9,11,1.66666666666667,6.30076091143517,0.420050727429011,0.700084545715019,125,8.33333333333333,13.8888888888889,0.6,12,15,0.8,1,0,NA,NA,NA,NA,NA,NA,NA,NA,"G5"
"2132","Cincinnati","fbs","American Athletic",2014,535724,"DJ Dowdy",5,5,11,1,3.64945706642893,0.729891413285787,0.729891413285787,36,7.2,7.2,0.8,5,5,1,0,0,NA,NA,NA,NA,NA,NA,NA,NA,"G5"
"2132","Cincinnati","fbs","American Athletic",2014,535728,"Tion Green",3,2,11,1.5,0.481038384126853,0.160346128042284,0.240519192063426,15,5,7.5,0.333333333333333,3,3,1,0,0,NA,NA,NA,NA,NA,NA,NA,NA,"G5"
"2132","Cincinnati","fbs","American Athletic",2014,535884,"Mekale McKay",66,11,11,6,41.6125122192593,0.630492609382716,3.7829556562963,673,10.1969696969697,61.1818181818182,0.53030303030303,41,66,0.621212121212121,8,0,54,76,106,248.5,433,62.5,101,89.5,"G5"
"2132","Cincinnati","fbs","American Athletic",2014,552212,"Tyler Cogswell",1,1,11,1,-0.129891530389704,-0.129891530389704,-0.129891530389704,3,3,3,0,1,1,1,0,0,NA,NA,NA,NA,NA,NA,NA,NA,"G5"
"2132","Cincinnati","fbs","American Athletic",2014,552223,"Johnny Holton",40,11,11,3.63636363636364,13.58937018767,0.339734254691751,1.23539728978818,377,9.425,34.2727272727273,0.45,24,40,0.6,3,0,330,383,338,446,477,247.5,160,344,"G5"
"2132","Cincinnati","fbs","American Athletic",2014,552232,"Hosey Williams",3,3,11,1,2.13158056802924,0.710526856009746,0.710526856009746,33,11,11,0.666666666666667,3,3,1,0,0,NA,NA,NA,NA,NA,NA,NA,NA,"G5"
"2132","Cincinnati","fbs","American Athletic",2014,3139033,"Mike Boone",7,4,11,1.75,0.0504420106074468,0.00720600151534954,0.0126105026518617,37,5.28571428571429,9.25,0.428571428571429,5,7,0.714285714285714,0,0,NA,NA,NA,NA,NA,NA,NA,NA,"G5"
"2132","Cincinnati","fbs","American Athletic",2014,3139043,"Casey Gladney",9,5,11,1.8,8.89780678811977,0.988645198679974,1.77956135762395,149,16.5555555555556,29.8,0.555555555555556,7,9,0.777777777777778,1,0,NA,NA,NA,NA,NA,NA,NA,NA,"G5"
"218","Temple","fbs","American Athletic",2014,500971,"Wanemi Omuso",7,5,11,1.4,2.61181758780354,0.373116798257648,0.522363517560708,51,7.28571428571429,10.2,0.714285714285714,6,7,0.857142857142857,0,0,NA,NA,NA,NA,NA,NA,NA,NA,"G5"
"218","Temple","fbs","American Athletic",2014,513398,"Jalen Fitzpatrick",78,11,11,7.09090909090909,15.9090911908712,0.203962707575272,1.44628101735193,632,8.1025641025641,57.4545454545455,0.41025641025641,49,78,0.628205128205128,4,2,292,341,444,509,423,78,291,106,"G5"
"218","Temple","fbs","American Athletic",2014,513403,"Kenneth Harper",29,9,11,3.22222222222222,-1.83601543696362,-0.0633108771366764,-0.20400171521818,141,4.86206896551724,15.6666666666667,0.448275862068966,25,29,0.862068965517241,0,0,574,573,575,450,22,585.5,593,595.5,"G5"
"218","Temple","fbs","American Athletic",2014,513410,"John Christopher",40,8,11,5,1.51418475702004,0.037854618925501,0.189273094627505,194,4.85,24.25,0.45,24,40,0.6,0,0,529,530,532,446,477,494,595,483,"G5"
"218","Temple","fbs","American Athletic",2014,534270,"Nate Hairston",20,4,11,5,-1.07241845388329,-0.0536209226941643,-0.268104613470821,81,4.05,20.25,0.4,12,20,0.6,0,0,NA,NA,NA,NA,NA,NA,NA,NA,"G5"
"218","Temple","fbs","American Athletic",2014,534276,"Romond Deloatch",25,8,11,3.125,11.4806832651536,0.459227330606145,1.4350854081442,169,6.76,21.125,0.56,14,25,0.56,3,0,372,346,234,182,552,538.5,448.5,528,"G5"
"218","Temple","fbs","American Athletic",2014,534337,"Khalif Herbin",11,3,11,3.66666666666667,-9.51697096008824,-0.86517917818984,-3.17232365336275,38,3.45454545454545,12.6666666666667,0.181818181818182,7,11,0.636363636363636,0,1,NA,NA,NA,NA,NA,NA,NA,NA,"G5"
"218","Temple","fbs","American Athletic",2014,534339,"Jamie Gilmore",12,7,11,1.71428571428571,4.21647112661321,0.351372593884434,0.602353018087601,154,12.8333333333333,22,0.5,10,12,0.833333333333333,0,0,NA,NA,NA,NA,NA,NA,NA,NA,"G5"
"218","Temple","fbs","American Athletic",2014,534342,"Brandon Shippen",29,9,11,3.22222222222222,3.16305320077747,0.109070800026809,0.351450355641941,165,5.68965517241379,18.3333333333333,0.310344827586207,12,29,0.413793103448276,1,0,507,513,499,609.5,626,547.5,545,566,"G5"
"218","Temple","fbs","American Athletic",2014,535932,"Colin Thompson",15,6,11,2.5,2.13712904327087,0.142475269551391,0.356188173878479,98,6.53333333333333,16.3333333333333,0.4,11,15,0.733333333333333,0,0,NA,NA,NA,NA,NA,NA,NA,NA,"G5"
"218","Temple","fbs","American Athletic",2014,547197,"Keith Kirkwood",6,3,11,2,-1.85465537547776,-0.309109229246293,-0.618218458492587,32,5.33333333333333,10.6666666666667,0.5,4,6,0.666666666666667,0,0,NA,NA,NA,NA,NA,NA,NA,NA,"G5"
"218","Temple","fbs","American Athletic",2014,549759,"P.J. Walker",4,3,11,1.33333333333333,15.6400611052819,3.91001527632047,5.21335370176063,103,25.75,34.3333333333333,1,4,4,1,3,0,NA,NA,NA,NA,NA,NA,NA,NA,"G5"
"218","Temple","fbs","American Athletic",2014,549766,"Jahad Thomas",18,9,11,2,19.9301852749599,1.10723251527555,2.2144650305511,333,18.5,37,0.555555555555556,12,18,0.666666666666667,0,0,NA,NA,NA,NA,NA,NA,NA,NA,"G5"
"218","Temple","fbs","American Athletic",2014,549775,"Dion Dawkins",1,1,11,1,0.554146234597164,0.554146234597164,0.554146234597164,7,7,7,1,1,1,1,0,0,NA,NA,NA,NA,NA,NA,NA,NA,"G5"
"218","Temple","fbs","American Athletic",2014,552276,"Saledeem Major",1,1,11,1,-0.267224818033014,-0.267224818033014,-0.267224818033014,3,3,3,0,1,1,1,0,0,NA,NA,NA,NA,NA,NA,NA,NA,"G5"
"218","Temple","fbs","American Athletic",2014,3138758,"Brodrick Yancy",10,3,11,3.33333333333333,-4.112244496465,-0.4112244496465,-1.37074816548833,35,3.5,11.6666666666667,0.2,6,10,0.6,0,0,NA,NA,NA,NA,NA,NA,NA,NA,"G5"
"2199","Eastern Michigan","fbs","Mid-American",2014,512981,"Kris Strange",20,6,11,3.33333333333333,19.4526179486072,0.97263089743036,3.24210299143453,179,8.95,29.8333333333333,0.7,14,20,0.7,2,0,NA,NA,NA,NA,NA,NA,NA,NA,"G5"
"2199","Eastern Michigan","fbs","Mid-American",2014,512988,"Ryan Brumfield",21,9,11,2.33333333333333,-7.7629674331645,-0.369665115864976,-0.862551937018278,76,3.61904761904762,8.44444444444444,0.285714285714286,12,21,0.571428571428571,1,0,616,615,625,620,536.5,628,624,629,"G5"
"2199","Eastern Michigan","fbs","Mid-American",2014,512990,"Bronson Hill",13,8,11,1.625,8.33585669880695,0.641219746062073,1.04198208735087,150,11.5384615384615,18.75,0.230769230769231,7,13,0.538461538461538,2,0,NA,NA,NA,NA,NA,NA,NA,NA,"G5"
"2199","Eastern Michigan","fbs","Mid-American",2014,513004,"Tyler Allen",33,9,11,3.66666666666667,1.24763682888825,0.0378071766329772,0.138626314320916,170,5.15151515151515,18.8888888888889,0.333333333333333,16,33,0.484848484848485,2,0,537,537,533,598,610,536.5,571,555,"G5"
"2199","Eastern Michigan","fbs","Mid-American",2014,513005,"David Gibson",25,7,11,3.57142857142857,-5.41688110540907,-0.216675244216363,-0.773840157915582,149,5.96,21.2857142857143,0.24,10,25,0.4,1,0,608,611,613,624,629,575.5,523,525.5,"G5"
"2199","Eastern Michigan","fbs","Mid-American",2014,515898,"Tyreese Russell",50,11,11,4.54545454545455,28.6368367968158,0.572736735936317,2.60334879971053,466,9.32,42.3636363636364,0.54,33,50,0.66,3,2,122,165,134,228,342,179,169,228,"G5"
"2199","Eastern Michigan","fbs","Mid-American",2014,531575,"Dustin Creel",31,6,11,5.16666666666667,0.225671478619641,0.00727972511676262,0.0376119131032736,209,6.74193548387097,34.8333333333333,0.483870967741935,21,31,0.67741935483871,0,1,545,543,544,357.5,294.5,468,451,329,"G5"
"2199","Eastern Michigan","fbs","Mid-American",2014,531583,"Cole Gardner",14,7,11,2,3.35734679185858,0.239810485132755,0.479620970265511,78,5.57142857142857,11.1428571428571,0.428571428571429,8,14,0.571428571428571,0,0,NA,NA,NA,NA,NA,NA,NA,NA,"G5"
"2199","Eastern Michigan","fbs","Mid-American",2014,536053,"Darius Jackson",22,10,11,2.2,9.02285593303287,0.410129815137857,0.902285593303287,126,5.72727272727273,12.6,0.5,15,22,0.681818181818182,2,0,416,438,273,317.5,286,598.5,542,615,"G5"
"2199","Eastern Michigan","fbs","Mid-American",2014,552783,"Jaleel Canty",2,2,11,1,-1.98157937667444,-0.990789688337221,-0.990789688337221,-2,-1,-1,0,1,2,0.5,0,0,NA,NA,NA,NA,NA,NA,NA,NA,"G5"
"2199","Eastern Michigan","fbs","Mid-American",2014,552807,"Austin Stone",1,1,11,1,0.40961842714917,0.40961842714917,0.40961842714917,8,8,8,1,1,1,1,0,0,NA,NA,NA,NA,NA,NA,NA,NA,"G5"
"2199","Eastern Michigan","fbs","Mid-American",2014,556634,"Kray'shawn Brewer",11,4,11,2.75,6.62590080413126,0.602354618557387,1.65647520103281,71,6.45454545454545,17.75,0.636363636363636,9,11,0.818181818181818,0,0,NA,NA,NA,NA,NA,NA,NA,NA,"G5"
"2199","Eastern Michigan","fbs","Mid-American",2014,3125848,"Kenny Jones",4,4,11,1,-0.99530727694244,-0.24882681923561,-0.24882681923561,33,8.25,8.25,0.25,2,4,0.5,0,0,NA,NA,NA,NA,NA,NA,NA,NA,"G5"
"221","Pittsburgh","fbs","ACC",2014,502414,"Kevin Weatherspoon",16,7,10,2.28571428571429,5.19649657109993,0.324781035693746,0.742356653014276,149,9.3125,21.2857142857143,0.5,12,16,0.75,0,0,NA,NA,NA,NA,NA,NA,NA,NA,"P5"
"221","Pittsburgh","fbs","ACC",2014,503395,"Manasseh Garner",21,6,10,3.5,5.86881037608645,0.279467160766021,0.978135062681074,154,7.33333333333333,25.6666666666667,0.571428571428571,12,21,0.571428571428571,2,0,471,422,379,156,536.5,566.5,380.5,460,"P5"
"221","Pittsburgh","fbs","ACC",2014,511640,"Isaac Bennett",13,7,10,1.85714285714286,4.01895078768908,0.309150060591468,0.574135826812726,89,6.84615384615385,12.7142857142857,0.538461538461538,9,13,0.692307692307692,0,0,NA,NA,NA,NA,NA,NA,NA,NA,"P5"
"221","Pittsburgh","fbs","ACC",2014,511651,"Ronald Jones",6,3,10,2,0.136053111224147,0.0226755185373579,0.0453510370747157,39,6.5,13,0.5,5,6,0.833333333333333,0,0,NA,NA,NA,NA,NA,NA,NA,NA,"P5"
"221","Pittsburgh","fbs","ACC",2014,519055,"Trey Anderson",1,1,10,1,5.03119879425844,5.03119879425844,5.03119879425844,35,35,35,1,1,1,1,1,0,NA,NA,NA,NA,NA,NA,NA,NA,"P5"
"221","Pittsburgh","fbs","ACC",2014,530441,"J.P. Holtz",18,6,10,3,13.9240229422839,0.773556830126884,2.32067049038065,147,8.16666666666667,24.5,0.777777777777778,16,18,0.888888888888889,2,0,NA,NA,NA,NA,NA,NA,NA,NA,"P5"
"221","Pittsburgh","fbs","ACC",2014,530450,"Chad Voytik",4,4,10,1,11.952078759493,2.98801968987324,2.98801968987324,97,24.25,24.25,1,4,4,1,3,0,NA,NA,NA,NA,NA,NA,NA,NA,"P5"
"221","Pittsburgh","fbs","ACC",2014,530649,"Dontez Ford",5,2,10,2.5,3.53889462469579,0.707778924939157,1.76944731234789,50,10,25,0.6,3,5,0.6,1,0,NA,NA,NA,NA,NA,NA,NA,NA,"P5"
"221","Pittsburgh","fbs","ACC",2014,546650,"Tyler Boyd",87,10,10,8.7,48.1664388702344,0.553637228393499,4.81664388702344,1016,11.6781609195402,101.6,0.586206896551724,62,87,0.71264367816092,4,1,29,34,146,116,210,12,33,13,"P5"
"221","Pittsburgh","fbs","ACC",2014,546651,"Rachid Ibrahim",11,5,10,2.2,-3.9247665652223,-0.356796960474755,-0.78495331304446,48,4.36363636363636,9.6,0.363636363636364,8,11,0.727272727272727,0,0,NA,NA,NA,NA,NA,NA,NA,NA,"P5"
"221","Pittsburgh","fbs","ACC",2014,546652,"Jaymar Parrish",5,3,10,1.66666666666667,4.08519189457555,0.81703837891511,1.36173063152518,25,5,8.33333333333333,0.8,4,5,0.8,0,0,NA,NA,NA,NA,NA,NA,NA,NA,"P5"
"221","Pittsburgh","fbs","ACC",2014,546653,"James Conner",7,6,10,1.16666666666667,1.68132358628638,0.240189083755197,0.280220597714397,59,8.42857142857143,9.83333333333333,0.428571428571429,4,7,0.571428571428571,0,0,NA,NA,NA,NA,NA,NA,NA,NA,"P5"
"221","Pittsburgh","fbs","ACC",2014,546669,"Scott Orndoff",2,2,10,1,3.01989348751047,1.50994674375524,1.50994674375524,13,6.5,6.5,1,2,2,1,0,0,NA,NA,NA,NA,NA,NA,NA,NA,"P5"
"221","Pittsburgh","fbs","ACC",2014,3123935,"Adonis Jennings",8,5,10,1.6,2.48453637902125,0.310567047377657,0.496907275804251,55,6.875,11,0.625,6,8,0.75,0,0,NA,NA,NA,NA,NA,NA,NA,NA,"P5"
"221","Pittsburgh","fbs","ACC",2014,3123936,"Chris James",1,1,10,1,1.50178948618942,1.50178948618942,1.50178948618942,23,23,23,1,1,1,1,0,0,NA,NA,NA,NA,NA,NA,NA,NA,"P5"
"2226","Florida Atlantic","fbs","Conference USA",2014,505123,"Marcus Cunningham",2,2,9,1,2.66627265081301,1.3331363254065,1.3331363254065,28,14,14,1,2,2,1,0,0,NA,NA,NA,NA,NA,NA,NA,NA,"G5"
"2226","Florida Atlantic","fbs","Conference USA",2014,505126,"Alex Deleon",27,7,9,3.85714285714286,5.70249018428379,0.211203340158659,0.814641454897684,160,5.92592592592593,22.8571428571429,0.481481481481481,16,27,0.592592592592593,2,0,475,451,435,366.5,491.5,555.5,527,506,"G5"
"2226","Florida Atlantic","fbs","Conference USA",2014,505146,"Tony Moore",4,3,9,1.33333333333333,2.7749313167554,0.69373282918885,0.924977105585134,29,7.25,9.66666666666667,0.5,2,4,0.5,0,0,NA,NA,NA,NA,NA,NA,NA,NA,"G5"
"2226","Florida Atlantic","fbs","Conference USA",2014,515601,"William Dukes",22,7,9,3.14285714285714,12.5278408173376,0.569447309878984,1.78969154533395,243,11.0454545454545,34.7142857142857,0.545454545454545,13,22,0.590909090909091,1,1,352,289,137,213,498.5,421.5,62,335,"G5"
"2226","Florida Atlantic","fbs","Conference USA",2014,516463,"Derek Moise",12,5,9,2.4,8.77806653696091,0.731505544746743,1.75561330739218,69,5.75,13.8,0.583333333333333,8,12,0.666666666666667,1,0,NA,NA,NA,NA,NA,NA,NA,NA,"G5"
"2226","Florida Atlantic","fbs","Conference USA",2014,537102,"Jeremy Gaskins",2,2,9,1,-0.874428780673972,-0.437214390336986,-0.437214390336986,12,6,6,0,2,2,1,0,0,NA,NA,NA,NA,NA,NA,NA,NA,"G5"
"2226","Florida Atlantic","fbs","Conference USA",2014,537103,"Martese Jackson",5,2,9,2.5,2.75217201041434,0.550434402082869,1.37608600520717,29,5.8,14.5,0.4,2,5,0.4,0,0,NA,NA,NA,NA,NA,NA,NA,NA,"G5"
"2226","Florida Atlantic","fbs","Conference USA",2014,537112,"Michael Harrop",1,1,9,1,1.97444442257924,1.97444442257924,1.97444442257924,12,12,12,1,1,1,1,0,0,NA,NA,NA,NA,NA,NA,NA,NA,"G5"
"2226","Florida Atlantic","fbs","Conference USA",2014,537404,"Jenson Stoshak",38,8,9,4.75,20.7586395573898,0.546279988352363,2.59482994467373,357,9.39473684210526,44.625,0.473684210526316,23,38,0.605263157894737,2,1,214,167,158,382,469,264.5,165,207,"G5"
"2226","Florida Atlantic","fbs","Conference USA",2014,550871,"Lucky Whitehead",78,9,9,8.66666666666667,15.6388806539655,0.200498469922634,1.73765340599616,569,7.29487179487179,63.2222222222222,0.461538461538462,58,78,0.743589743589744,4,0,295,303,447,423,132,108,386,78,"G5"
"2226","Florida Atlantic","fbs","Conference USA",2014,550872,"DJ Juste",1,1,9,1,0.495566291897269,0.495566291897269,0.495566291897269,10,10,10,1,1,1,1,0,0,NA,NA,NA,NA,NA,NA,NA,NA,"G5"
"2226","Florida Atlantic","fbs","Conference USA",2014,550873,"Greg Hankerson",2,2,9,1,-1.60888117070198,-0.804440585350988,-0.804440585350988,1,0.5,0.5,0,2,2,1,0,0,NA,NA,NA,NA,NA,NA,NA,NA,"G5"
"2226","Florida Atlantic","fbs","Conference USA",2014,550876,"Jaquez Johnson",1,1,9,1,-0.756854088737153,-0.756854088737153,-0.756854088737153,0,0,0,0,1,1,1,0,0,NA,NA,NA,NA,NA,NA,NA,NA,"G5"
"2226","Florida Atlantic","fbs","Conference USA",2014,550882,"Jay Warren",7,6,9,1.16666666666667,-1.54116441037182,-0.220166344338831,-0.256860735061969,26,3.71428571428571,4.33333333333333,0.285714285714286,4,7,0.571428571428571,0,1,NA,NA,NA,NA,NA,NA,NA,NA,"G5"
"2226","Florida Atlantic","fbs","Conference USA",2014,550896,"Kalib Woods",14,3,9,4.66666666666667,9.97731535488623,0.712665382491874,3.32577178496208,153,10.9285714285714,51,0.428571428571429,8,14,0.571428571428571,1,0,NA,NA,NA,NA,NA,NA,NA,NA,"G5"
"2226","Florida Atlantic","fbs","Conference USA",2014,3122732,"Nate Terry",6,3,9,2,4.6518182450294,0.775303040838234,1.55060608167647,55,9.16666666666667,18.3333333333333,0.5,3,6,0.5,1,0,NA,NA,NA,NA,NA,NA,NA,NA,"G5"
"2226","Florida Atlantic","fbs","Conference USA",2014,3122733,"Kamrin Solomon",3,2,9,1.5,-4.0566214420009,-1.35220714733363,-2.02831072100045,28,9.33333333333333,14,0.333333333333333,2,3,0.666666666666667,0,1,NA,NA,NA,NA,NA,NA,NA,NA,"G5"
"2229","Florida International","fbs","Conference USA",2014,480878,"Cory White",2,2,9,1,2.94630052552385,1.47315026276192,1.47315026276192,51,25.5,25.5,0.5,2,2,1,0,0,NA,NA,NA,NA,NA,NA,NA,NA,"G5"
"2229","Florida International","fbs","Conference USA",2014,505647,"Glenn Coleman",36,8,9,4.5,20.269364721779,0.563037908938304,2.53367059022237,372,10.3333333333333,46.5,0.472222222222222,19,36,0.527777777777778,2,0,219,179,143,389,579,252.5,91,190,"G5"
"2229","Florida International","fbs","Conference USA",2014,513571,"Anthon Samuel",1,1,9,1,-0.437925208143785,-0.437925208143785,-0.437925208143785,3,3,3,0,1,1,1,0,0,NA,NA,NA,NA,NA,NA,NA,NA,"G5"
"2229","Florida International","fbs","Conference USA",2014,518818,"Dominique Rhymes",2,1,9,2,-1.06171499174517,-0.530857495872586,-1.06171499174517,19,9.5,19,0.5,1,2,0.5,0,0,NA,NA,NA,NA,NA,NA,NA,NA,"G5"
"2229","Florida International","fbs","Conference USA",2014,518923,"Richard Burrows",4,1,9,4,-1.12579284777984,-0.281448211944959,-1.12579284777984,10,2.5,10,0.25,1,4,0.25,0,0,NA,NA,NA,NA,NA,NA,NA,NA,"G5"
"2229","Florida International","fbs","Conference USA",2014,519984,"Ya'Keem Griner",4,2,9,2,2.89613232046295,0.724033080115738,1.44806616023148,40,10,20,0.5,4,4,1,0,0,NA,NA,NA,NA,NA,NA,NA,NA,"G5"
"2229","Florida International","fbs","Conference USA",2014,519988,"T.J. Lowder",8,2,9,4,-2.00804832976902,-0.251006041221128,-1.00402416488451,38,4.75,19,0.375,4,8,0.5,0,0,NA,NA,NA,NA,NA,NA,NA,NA,"G5"
"2229","Florida International","fbs","Conference USA",2014,519995,"Fred Porter",13,5,9,2.6,-4.3557352923484,-0.335056560949877,-0.871147058469679,55,4.23076923076923,11,0.153846153846154,8,13,0.615384615384615,0,0,NA,NA,NA,NA,NA,NA,NA,NA,"G5"
"2229","Florida International","fbs","Conference USA",2014,519999,"Clinton Taylor",10,6,9,1.66666666666667,11.9398358247567,1.19398358247567,1.98997263745945,86,8.6,14.3333333333333,0.8,9,10,0.9,1,0,NA,NA,NA,NA,NA,NA,NA,NA,"G5"
"2229","Florida International","fbs","Conference USA",2014,522058,"Akil Dan-Fodio",10,6,9,1.66666666666667,3.89255807119128,0.389255807119128,0.64875967853188,65,6.5,10.8333333333333,0.5,9,10,0.9,0,0,NA,NA,NA,NA,NA,NA,NA,NA,"G5"
"2229","Florida International","fbs","Conference USA",2014,536561,"Lamarq Caldwell",1,1,9,1,-0.728702008585832,-0.728702008585832,-0.728702008585832,0,0,0,0,0,1,0,0,0,NA,NA,NA,NA,NA,NA,NA,NA,"G5"
"2229","Florida International","fbs","Conference USA",2014,536573,"De'Andre Jasper",3,1,9,3,-2.51385964090754,-0.837953213635847,-2.51385964090754,5,1.66666666666667,5,0.333333333333333,1,3,0.333333333333333,0,0,NA,NA,NA,NA,NA,NA,NA,NA,"G5"
"2229","Florida International","fbs","Conference USA",2014,551279,"Jonnu Smith",58,9,9,6.44444444444444,20.6001633224041,0.355175229696623,2.28890703582268,477,8.22413793103448,53,0.482758620689655,43,58,0.741379310344828,5,1,215,195,324,360.5,139.5,164,276,135,"G5"
"2229","Florida International","fbs","Conference USA",2014,3128840,"Alex Gardner",8,5,9,1.6,-4.0829259298424,-0.5103657412303,-0.81658518596848,24,3,4.8,0.25,3,8,0.375,0,0,NA,NA,NA,NA,NA,NA,NA,NA,"G5"
"2229","Florida International","fbs","Conference USA",2014,3128843,"Alex McGough",1,1,9,1,6.11565689301899,6.11565689301899,6.11565689301899,22,22,22,1,1,1,1,1,0,NA,NA,NA,NA,NA,NA,NA,NA,"G5"
"2229","Florida International","fbs","Conference USA",2014,3128844,"Dennis Turner",9,4,9,2.25,-5.75248860086474,-0.639165400096082,-1.43812215021619,49,5.44444444444444,12.25,0.333333333333333,6,9,0.666666666666667,0,1,NA,NA,NA,NA,NA,NA,NA,NA,"G5"
"2229","Florida International","fbs","Conference USA",2014,3128846,"Napoleon Maxwell",6,3,9,2,-0.485817595180072,-0.0809695991966787,-0.161939198393357,68,11.3333333333333,22.6666666666667,0.166666666666667,3,6,0.5,1,0,NA,NA,NA,NA,NA,NA,NA,NA,"G5"
"2247","Georgia State","fbs","Sun Belt",2014,506682,"Duvall Smith",6,5,10,1.2,-0.599765962484,-0.0999609937473334,-0.1199531924968,23,3.83333333333333,4.6,0.333333333333333,3,6,0.5,0,0,NA,NA,NA,NA,NA,NA,NA,NA,"G5"
"2247","Georgia State","fbs","Sun Belt",2014,513425,"Ronnie Bell",1,1,10,1,-1.00758929117586,-1.00758929117586,-1.00758929117586,0,0,0,0,0,1,0,0,0,NA,NA,NA,NA,NA,NA,NA,NA,"G5"
"2247","Georgia State","fbs","Sun Belt",2014,513848,"Lynquez Blair",55,8,10,6.875,40.5428840965058,0.737143347209196,5.06786051206322,398,7.23636363636364,49.75,0.545454545454545,41,55,0.745454545454545,5,0,57,26,57,213,128,225,393,158,"G5"
"2247","Georgia State","fbs","Sun Belt",2014,513861,"Nathaniel Minor",3,3,10,1,-0.174655379886974,-0.0582184599623245,-0.0582184599623245,16,5.33333333333333,5.33333333333333,0.666666666666667,3,3,1,0,0,NA,NA,NA,NA,NA,NA,NA,NA,"G5"
"2247","Georgia State","fbs","Sun Belt",2014,514978,"Donovan Harden",77,10,10,7.7,34.203218355007,0.444197640974117,3.4203218355007,653,8.48051948051948,65.3,0.519480519480519,52,77,0.675324675324675,2,1,86,91,245,278,301,68.5,250,69,"G5"
"2247","Georgia State","fbs","Sun Belt",2014,516664,"Joel Ruiz",44,8,10,5.5,18.1490763173492,0.412479007212482,2.26863453966865,323,7.34090909090909,40.375,0.5,29,44,0.659090909090909,1,0,252,196,272,317.5,346,310.5,378,250,"G5"
"2247","Georgia State","fbs","Sun Belt",2014,517433,"Marcus Caffey",9,5,10,1.8,-0.18357440500007,-0.0203971561111189,-0.036714881000014,38,4.22222222222222,7.6,0.444444444444444,8,9,0.888888888888889,0,0,NA,NA,NA,NA,NA,NA,NA,NA,"G5"
"2247","Georgia State","fbs","Sun Belt",2014,537841,"Joel Brooks",1,1,10,1,4.35601836167805,4.35601836167805,4.35601836167805,31,31,31,1,1,1,1,0,0,NA,NA,NA,NA,NA,NA,NA,NA,"G5"
"2247","Georgia State","fbs","Sun Belt",2014,537842,"Dontavis Crocker",2,2,10,1,0.104341349804852,0.0521706749024259,0.0521706749024259,11,5.5,5.5,0.5,1,2,0.5,0,0,NA,NA,NA,NA,NA,NA,NA,NA,"G5"
"2247","Georgia State","fbs","Sun Belt",2014,537870,"Avery Sweeting",13,4,10,3.25,-6.38520648502878,-0.491169729617598,-1.59630162125719,84,6.46153846153846,21,0.307692307692308,6,13,0.461538461538462,0,1,NA,NA,NA,NA,NA,NA,NA,NA,"G5"
"2247","Georgia State","fbs","Sun Belt",2014,545837,"Robert Davis",74,10,10,7.4,25.0463709008444,0.338464471633032,2.50463709008444,572,7.72972972972973,57.2,0.432432432432432,38,74,0.513513513513513,2,0,155,181,339,474,596,105,335,108,"G5"
"2247","Georgia State","fbs","Sun Belt",2014,545840,"Kyler Neal",3,1,10,3,7.55567721625846,2.51855907208615,7.55567721625846,91,30.3333333333333,91,0.666666666666667,3,3,1,0,0,NA,NA,NA,NA,NA,NA,NA,NA,"G5"
"2247","Georgia State","fbs","Sun Belt",2014,545841,"Gerald Howse",4,3,10,1.33333333333333,-1.99379391897253,-0.498448479743133,-0.664597972990845,6,1.5,2,0.25,2,4,0.5,0,0,NA,NA,NA,NA,NA,NA,NA,NA,"G5"
"2247","Georgia State","fbs","Sun Belt",2014,545846,"Keith Rucker",5,2,10,2.5,2.46525105774214,0.493050211548429,1.23262552887107,32,6.4,16,0.8,5,5,1,1,0,NA,NA,NA,NA,NA,NA,NA,NA,"G5"
"2247","Georgia State","fbs","Sun Belt",2014,3124848,"Nick Arbuckle",3,1,10,3,14.9467799193535,4.98225997311785,14.9467799193535,130,43.3333333333333,130,1,3,3,1,3,0,NA,NA,NA,NA,NA,NA,NA,NA,"G5"
"2247","Georgia State","fbs","Sun Belt",2014,3124853,"Glenn Smith",9,4,10,2.25,8.49714202234455,0.944126891371617,2.12428550558614,83,9.22222222222222,20.75,0.555555555555556,7,9,0.777777777777778,1,0,NA,NA,NA,NA,NA,NA,NA,NA,"G5"
"2247","Georgia State","fbs","Sun Belt",2014,3128537,"Todd Boyd",11,3,10,3.66666666666667,7.42469285410456,0.674972077645869,2.47489761803485,114,10.3636363636364,38,0.545454545454545,7,11,0.636363636363636,2,0,NA,NA,NA,NA,NA,NA,NA,NA,"G5"
"228","Clemson","fbs","ACC",2014,501683,"Sam Cooper",2,1,11,2,-2.23893180173,-1.119465900865,-2.23893180173,2,1,2,0,1,2,0.5,0,0,NA,NA,NA,NA,NA,NA,NA,NA,"P5"
"228","Clemson","fbs","ACC",2014,501690,"D.J. Howard",5,4,11,1.25,-4.43112928922072,-0.886225857844145,-1.10778232230518,7,1.4,1.75,0.2,4,5,0.8,0,0,NA,NA,NA,NA,NA,NA,NA,NA,"P5"
"228","Clemson","fbs","ACC",2014,511206,"Adam Humphries",31,11,11,2.81818181818182,0.208981885941765,0.00674135115941177,0.0189983532674332,142,4.58064516129032,12.9090909090909,0.451612903225806,22,31,0.709677419354839,0,0,546,548,545,439,217,584,606,611,"P5"
"228","Clemson","fbs","ACC",2014,511213,"Charone Peake",9,4,11,2.25,2.27888792420293,0.253209769355882,0.569721981050734,67,7.44444444444444,16.75,0.333333333333333,6,9,0.666666666666667,1,0,NA,NA,NA,NA,NA,NA,NA,NA,"P5"
"228","Clemson","fbs","ACC",2014,511216,"Stanton Seckinger",13,7,11,1.85714285714286,0.60750740451179,0.0467313388085992,0.0867867720731128,103,7.92307692307692,14.7142857142857,0.307692307692308,8,13,0.615384615384615,0,0,NA,NA,NA,NA,NA,NA,NA,NA,"P5"
"228","Clemson","fbs","ACC",2014,512052,"Cole Stoudt",1,1,11,1,2.56805264068033,2.56805264068033,2.56805264068033,19,19,19,1,1,1,1,1,0,NA,NA,NA,NA,NA,NA,NA,NA,"P5"
"228","Clemson","fbs","ACC",2014,534578,"Germone Hopper",29,8,11,3.625,6.42557446440396,0.221571533255309,0.803196808050495,293,10.1034482758621,36.625,0.413793103448276,24,29,0.827586206896552,2,0,457,456,426,505,39.5,355,106,302,"P5"
"228","Clemson","fbs","ACC",2014,534592,"Andrew Maass",1,1,11,1,-1.30039021250196,-1.30039021250196,-1.30039021250196,-1,-1,-1,0,1,1,1,0,0,NA,NA,NA,NA,NA,NA,NA,NA,"P5"
"228","Clemson","fbs","ACC",2014,534593,"Jay Jay McCullough",7,4,11,1.75,0.172461305558469,0.0246373293654955,0.0431153263896172,35,5,8.75,0.428571428571429,4,7,0.571428571428571,0,0,NA,NA,NA,NA,NA,NA,NA,NA,"P5"
"228","Clemson","fbs","ACC",2014,537017,"Daniel Rodriguez",1,1,11,1,0.798728002875409,0.798728002875409,0.798728002875409,9,9,9,1,1,1,1,0,0,NA,NA,NA,NA,NA,NA,NA,NA,"P5"
"228","Clemson","fbs","ACC",2014,541013,"C.J. Davidson",10,6,11,1.66666666666667,1.88903209064795,0.188903209064795,0.314838681774659,46,4.6,7.66666666666667,0.4,8,10,0.8,0,0,NA,NA,NA,NA,NA,NA,NA,NA,"P5"
"228","Clemson","fbs","ACC",2014,546633,"Wayne Gallman",29,10,11,2.9,-5.7938297745642,-0.199787233605662,-0.57938297745642,107,3.68965517241379,10.7,0.344827586206897,24,29,0.827586206896552,1,0,611,604,610,589.5,39.5,618,623,622,"P5"
"228","Clemson","fbs","ACC",2014,546644,"Mike Williams",72,10,11,7.2,62.0139382725109,0.861304698229318,6.20139382725109,835,11.5972222222222,83.5,0.583333333333333,44,72,0.611111111111111,5,0,13,15,29,122.5,456,31.5,39,27,"P5"
"228","Clemson","fbs","ACC",2014,546740,"Jordan Leggett",21,7,11,3,5.66570976855877,0.269795703264703,0.80938710979411,131,6.23809523809524,18.7142857142857,0.476190476190476,11,21,0.523809523809524,0,0,477,454,386,377,584,593,502,557.5,"P5"
"228","Clemson","fbs","ACC",2014,551997,"Adrien Dunn",1,1,11,1,1.58019238515443,1.58019238515443,1.58019238515443,17,17,17,1,1,1,1,0,0,NA,NA,NA,NA,NA,NA,NA,NA,"P5"
"228","Clemson","fbs","ACC",2014,3122839,"Artavis Scott",73,10,11,7.3,36.7493162946725,0.503415291707842,3.67493162946725,687,9.41095890410959,68.7,0.561643835616438,62,73,0.849315068493151,5,0,69,80,190,179,31,57.5,163,55,"P5"
"228","Clemson","fbs","ACC",2014,3122840,"Deshaun Watson",1,1,11,1,2.57182123177301,2.57182123177301,2.57182123177301,5,5,5,1,1,1,1,1,0,NA,NA,NA,NA,NA,NA,NA,NA,"P5"
"228","Clemson","fbs","ACC",2014,3122841,"Demarre Kitt",5,3,11,1.66666666666667,0.704283389571887,0.140856677914377,0.234761129857295,31,6.2,10.3333333333333,0.4,4,5,0.8,0,0,NA,NA,NA,NA,NA,NA,NA,NA,"P5"
"228","Clemson","fbs","ACC",2014,3122842,"Adam Choice",7,4,11,1.75,3.58822294386421,0.512603277694887,0.897055735966052,62,8.85714285714286,15.5,0.714285714285714,6,7,0.857142857142857,0,0,NA,NA,NA,NA,NA,NA,NA,NA,"P5"
"2294","Iowa","fbs","Big Ten",2014,500833,"Kevonte Martin-Manley",67,11,11,6.09090909090909,21.7164041123117,0.324125434512115,1.9742185556647,436,6.50746268656716,39.6363636363636,0.462686567164179,41,67,0.611940298507463,2,0,195,249,349,418,454,192,477,258,"P5"
"2294","Iowa","fbs","Big Ten",2014,518380,"Jake Rudock",2,1,11,2,7.97703027432293,3.98851513716147,7.97703027432293,84,42,84,1,2,2,1,2,0,NA,NA,NA,NA,NA,NA,NA,NA,"P5"
"2294","Iowa","fbs","Big Ten",2014,518388,"Mark Weisman",6,5,11,1.2,-0.0670259991567704,-0.0111709998594617,-0.0134051998313541,32,5.33333333333333,6.4,0.5,3,6,0.5,0,0,NA,NA,NA,NA,NA,NA,NA,NA,"P5"
"2294","Iowa","fbs","Big Ten",2014,518390,"Damon Bullock",30,8,11,3.75,16.4665286007577,0.548884286691922,2.05831607509471,246,8.2,30.75,0.466666666666667,28,30,0.933333333333333,0,0,278,231,154,406,3,417,278.5,396,"P5"
"2294","Iowa","fbs","Big Ten",2014,518391,"Jordan Canzeri",7,4,11,1.75,7.17717511743256,1.02531073106179,1.79429377935814,97,13.8571428571429,24.25,0.571428571428571,6,7,0.857142857142857,1,0,NA,NA,NA,NA,NA,NA,NA,NA,"P5"
"2294","Iowa","fbs","Big Ten",2014,518394,"Macon Plewa",6,5,11,1.2,-2.37122981752375,-0.395204969587291,-0.474245963504749,33,5.5,6.6,0.166666666666667,6,6,1,0,0,NA,NA,NA,NA,NA,NA,NA,NA,"P5"
"2294","Iowa","fbs","Big Ten",2014,518412,"Ray Hamilton",24,9,11,2.66666666666667,-3.5313871952488,-0.147141133135367,-0.392376355027645,114,4.75,12.6666666666667,0.333333333333333,14,24,0.583333333333333,2,0,587,585,597,598,516.5,611,598,614,"P5"
"2294","Iowa","fbs","Big Ten",2014,518413,"Jacob Hillyer",14,7,11,2,6.23669022760249,0.445477873400178,0.890955746800355,88,6.28571428571429,12.5714285714286,0.571428571428571,9,14,0.642857142857143,1,0,NA,NA,NA,NA,NA,NA,NA,NA,"P5"
"2294","Iowa","fbs","Big Ten",2014,518414,"Jake Duzey",40,9,11,4.44444444444444,2.88937379183111,0.0722343447957776,0.321041532425678,346,8.65,38.4444444444444,0.4,28,40,0.7,2,1,512,515,516,528,243,280,235,273,"P5"
"2294","Iowa","fbs","Big Ten",2014,535831,"Tevaun Smith",55,11,11,5,21.2685272776423,0.386700495957133,1.93350247978567,521,9.47272727272727,47.3636363636364,0.472727272727273,38,55,0.690909090909091,2,0,207,259,298,386,265,132.5,156,180,"P5"
"2294","Iowa","fbs","Big Ten",2014,535844,"C.J. Beathard",1,1,11,1,5.55399597670825,5.55399597670825,5.55399597670825,24,24,24,1,1,1,1,1,0,NA,NA,NA,NA,NA,NA,NA,NA,"P5"
"2294","Iowa","fbs","Big Ten",2014,545365,"Jonathan Parker",3,2,11,1.5,2.20254252874344,0.734180842914478,1.10127126437172,42,14,21,0.666666666666667,3,3,1,0,0,NA,NA,NA,NA,NA,NA,NA,NA,"P5"
"2294","Iowa","fbs","Big Ten",2014,545367,"Derrick Willies",6,2,11,3,3.25365514684737,0.542275857807895,1.62682757342369,25,4.16666666666667,12.5,0.5,3,6,0.5,1,0,NA,NA,NA,NA,NA,NA,NA,NA,"P5"
"2294","Iowa","fbs","Big Ten",2014,545369,"Andrew Stone",2,1,11,2,0.0535900935489777,0.0267950467744889,0.0535900935489777,9,4.5,9,0.5,1,2,0.5,0,0,NA,NA,NA,NA,NA,NA,NA,NA,"P5"
"2294","Iowa","fbs","Big Ten",2014,545371,"Damond Powell",27,9,11,3,6.88795446353982,0.255109424575549,0.765328273726647,237,8.77777777777778,26.3333333333333,0.407407407407407,16,27,0.592592592592593,1,1,450,463,398,518,491.5,429,217.5,450.5,"P5"
"2294","Iowa","fbs","Big Ten",2014,545373,"LeShun Daniels Jr.",1,1,11,1,-0.981324322166478,-0.981324322166478,-0.981324322166478,0,0,0,0,0,1,0,0,0,NA,NA,NA,NA,NA,NA,NA,NA,"P5"
"2294","Iowa","fbs","Big Ten",2014,545423,"Akrum Wadley",2,1,11,2,-1.05053408747494,-0.525267043737471,-1.05053408747494,-1,-0.5,-1,0,1,2,0.5,0,0,NA,NA,NA,NA,NA,NA,NA,NA,"P5"
"2294","Iowa","fbs","Big Ten",2014,545428,"George Kittle",1,1,11,1,2.57595264103107,2.57595264103107,2.57595264103107,25,25,25,1,1,1,1,0,0,NA,NA,NA,NA,NA,NA,NA,NA,"P5"
"2294","Iowa","fbs","Big Ten",2014,545429,"John Kenny",6,3,11,2,0.233283858250003,0.0388806430416671,0.0777612860833343,27,4.5,9,0.333333333333333,4,6,0.666666666666667,0,0,NA,NA,NA,NA,NA,NA,NA,NA,"P5"
"2294","Iowa","fbs","Big Ten",2014,554889,"Matt VandeBerg",18,7,11,2.57142857142857,11.7218753428878,0.651215296827099,1.67455362041254,222,12.3333333333333,31.7142857142857,0.555555555555556,12,18,0.666666666666667,0,0,NA,NA,NA,NA,NA,NA,NA,NA,"P5"
"23","San José State","fbs","Mountain West",2014,512667,"Daniel Bradbury",7,5,10,1.4,0.229768781531475,0.0328241116473536,0.0459537563062951,29,4.14285714285714,5.8,0.571428571428571,5,7,0.714285714285714,0,0,NA,NA,NA,NA,NA,NA,NA,NA,"G5"
"23","San José State","fbs","Mountain West",2014,512668,"Jabari Carr",35,8,10,4.375,15.4930222927153,0.442657779791865,1.93662778658941,295,8.42857142857143,36.875,0.485714285714286,26,35,0.742857142857143,2,0,299,258,246,349.5,133.5,352,255,300,"G5"
"23","San José State","fbs","Mountain West",2014,512671,"Tyler Ervin",36,9,10,4,15.3342100538492,0.425950279273588,1.70380111709435,264,7.33333333333333,29.3333333333333,0.444444444444444,24,36,0.666666666666667,1,0,303,309,258,456.5,324.5,396.5,380.5,417.5,"G5"
"23","San José State","fbs","Mountain West",2014,512681,"K.C. Pearce",1,1,10,1,0.964182845926873,0.964182845926873,0.964182845926873,8,8,8,1,1,1,1,0,0,NA,NA,NA,NA,NA,NA,NA,NA,"G5"
"23","San José State","fbs","Mountain West",2014,520582,"Chris Kearney",6,3,10,2,4.1375705765055,0.68959509608425,1.3791901921685,50,8.33333333333333,16.6666666666667,0.5,5,6,0.833333333333333,0,0,NA,NA,NA,NA,NA,NA,NA,NA,"G5"
"23","San José State","fbs","Mountain West",2014,536355,"Tim Crawley",43,9,10,4.77777777777778,34.1655035744074,0.794546594753661,3.79616706382305,413,9.6046511627907,45.8888888888889,0.604651162790698,32,43,0.744186046511628,1,0,87,75,40,88,130.5,209.5,144,195,"G5"
"23","San José State","fbs","Mountain West",2014,536357,"Billy Freeman",20,6,10,3.33333333333333,5.26098992838102,0.263049496419051,0.876831654730169,161,8.05,26.8333333333333,0.65,17,20,0.85,1,0,484,445,393,39,29.5,553,298,447,"G5"
"23","San José State","fbs","Mountain West",2014,536362,"Alvin Jelks",1,1,10,1,-0.235321360871743,-0.235321360871743,-0.235321360871743,3,3,3,0,1,1,1,0,0,NA,NA,NA,NA,NA,NA,NA,NA,"G5"
"23","San José State","fbs","Mountain West",2014,536365,"Jarrod Lawson",12,4,10,3,4.32729070976558,0.360607559147132,1.08182267744139,91,7.58333333333333,22.75,0.583333333333333,8,12,0.666666666666667,0,0,NA,NA,NA,NA,NA,NA,NA,NA,"G5"
"23","San José State","fbs","Mountain West",2014,536375,"Shane Smith",1,1,10,1,0.866089052970241,0.866089052970241,0.866089052970241,7,7,7,1,1,1,1,0,0,NA,NA,NA,NA,NA,NA,NA,NA,"G5"
"23","San José State","fbs","Mountain West",2014,536380,"Jordan Thiel",1,1,10,1,-0.0756341560734892,-0.0756341560734892,-0.0756341560734892,5,5,5,0,1,1,1,0,0,NA,NA,NA,NA,NA,NA,NA,NA,"G5"
"23","San José State","fbs","Mountain West",2014,546404,"Brandon Monroe",1,1,10,1,1.90833170621071,1.90833170621071,1.90833170621071,20,20,20,1,1,1,1,0,0,NA,NA,NA,NA,NA,NA,NA,NA,"G5"
"23","San José State","fbs","Mountain West",2014,546407,"Jourdan Soares",4,2,10,2,2.59984183975499,0.649960459938748,1.2999209198775,55,13.75,27.5,0.5,2,4,0.5,0,0,NA,NA,NA,NA,NA,NA,NA,NA,"G5"
"23","San José State","fbs","Mountain West",2014,546413,"Hansell Wilson",42,9,10,4.66666666666667,15.1112994475189,0.359792843988545,1.67903327194654,267,6.35714285714286,29.6666666666667,0.452380952380952,30,42,0.714285714285714,3,0,307,312,319,437,206,390,491,411,"G5"
"23","San José State","fbs","Mountain West",2014,546414,"Tyler Winston",88,10,10,8.8,12.3871268431098,0.140762805035338,1.23871268431098,507,5.76136363636364,50.7,0.431818181818182,60,88,0.681818181818182,1,0,356,382,482,476.5,286,144,540,154,"G5"
"23","San José State","fbs","Mountain West",2014,552073,"Andrew Vollert",23,8,10,2.875,10.556802838961,0.458991427780915,1.31960035487013,284,12.3478260869565,35.5,0.521739130434783,18,23,0.782608695652174,1,0,388,365,235,267.5,79,360,21,317.5,"G5"
"23","San José State","fbs","Mountain West",2014,3125292,"Limihai Hifo",1,1,10,1,-1.06200322622533,-1.06200322622533,-1.06200322622533,0,0,0,0,0,1,0,0,0,NA,NA,NA,NA,NA,NA,NA,NA,"G5"
"2305","Kansas","fbs","Big 12",2014,501554,"Justin McCay",29,10,11,2.9,-5.28239080170784,-0.182151406955443,-0.528239080170784,147,5.06896551724138,14.7,0.275862068965517,16,29,0.551724137931034,1,0,604,599,603,621,560,578,579,606,"P5"
"2305","Kansas","fbs","Big 12",2014,502755,"Jimmay Mundine",58,11,11,5.27272727272727,45.4321340320247,0.783312655724564,4.13019400291134,563,9.70689655172414,51.1818181818182,0.672413793103448,44,58,0.758620689655172,2,0,36,61,42,25,106.5,111,132,148,"P5"
"2305","Kansas","fbs","Big 12",2014,502758,"Trent Smiley",2,2,11,1,7.27002509683339,3.63501254841669,3.63501254841669,29,14.5,14.5,1,2,2,1,1,0,NA,NA,NA,NA,NA,NA,NA,NA,"P5"
"2305","Kansas","fbs","Big 12",2014,504562,"Nick Harwell",64,11,11,5.81818181818182,5.80698476862442,0.0907341370097565,0.527907706238583,423,6.609375,38.4545454545455,0.390625,39,64,0.609375,2,0,473,493,507,542,458,199,464,272,"P5"
"2305","Kansas","fbs","Big 12",2014,513319,"Tony Pierson",25,10,11,2.5,-0.436584407804515,-0.0174633763121806,-0.0436584407804515,108,4.32,10.8,0.36,18,25,0.72,0,0,559,559,560,578.5,191,616,613,620,"P5"
"2305","Kansas","fbs","Big 12",2014,517317,"Nigel King",60,10,11,6,9.51300041557496,0.158550006926249,0.951300041557496,518,8.63333333333333,51.8,0.35,29,60,0.483333333333333,1,0,405,430,471,584,611.5,136,236,146,"P5"
"2305","Kansas","fbs","Big 12",2014,535521,"Michael Cummings",3,2,11,1.5,8.56921217517007,2.85640405839002,4.28460608758504,38,12.6666666666667,19,1,3,3,1,3,0,NA,NA,NA,NA,NA,NA,NA,NA,"P5"
"2305","Kansas","fbs","Big 12",2014,535528,"Tre' Parmalee",4,4,11,1,3.50661915226366,0.876654788065915,0.876654788065915,21,5.25,5.25,0.75,4,4,1,0,0,NA,NA,NA,NA,NA,NA,NA,NA,"P5"
"2305","Kansas","fbs","Big 12",2014,545415,"Rodriguez Coleman",6,3,11,2,0.586819023857895,0.0978031706429825,0.195606341285965,37,6.16666666666667,12.3333333333333,0.5,3,6,0.5,0,0,NA,NA,NA,NA,NA,NA,NA,NA,"P5"
"2305","Kansas","fbs","Big 12",2014,545417,"Montell Cozart",1,1,11,1,-0.331655441388541,-0.331655441388541,-0.331655441388541,5,5,5,0,1,1,1,0,0,NA,NA,NA,NA,NA,NA,NA,NA,"P5"
"2305","Kansas","fbs","Big 12",2014,545487,"Ben Johnson",9,5,11,1.8,0.716776033396969,0.0796417814885521,0.143355206679394,80,8.88888888888889,16,0.555555555555556,8,9,0.888888888888889,0,0,NA,NA,NA,NA,NA,NA,NA,NA,"P5"
"2305","Kansas","fbs","Big 12",2014,3133355,"Corey Avery",26,10,11,2.6,10.9187541879216,0.419952084150832,1.09187541879216,215,8.26923076923077,21.5,0.307692307692308,17,26,0.653846153846154,1,0,381,404,263,611,371,459.5,269,523,"P5"
"2305","Kansas","fbs","Big 12",2014,3133358,"Darious Crawley",2,2,11,1,0.0633854931593187,0.0316927465796594,0.0316927465796594,7,3.5,3.5,0.5,1,2,0.5,0,0,NA,NA,NA,NA,NA,NA,NA,NA,"P5"
"2305","Kansas","fbs","Big 12",2014,3133371,"De'Andre Mann",8,5,11,1.6,1.92362240072364,0.240452800090454,0.384724480144727,48,6,9.6,0.375,7,8,0.875,0,0,NA,NA,NA,NA,NA,NA,NA,NA,"P5"
"2306","Kansas State","fbs","Big 12",2014,501278,"DeMarcus Robinson",6,5,11,1.2,1.52513171505319,0.254188619175531,0.305026343010637,22,3.66666666666667,4.4,0.333333333333333,4,6,0.666666666666667,1,0,NA,NA,NA,NA,NA,NA,NA,NA,"P5"
"2306","Kansas State","fbs","Big 12",2014,501510,"Zach Trujillo",18,9,11,2,23.3925184740755,1.29958435967086,2.59916871934172,360,20,40,0.666666666666667,16,18,0.888888888888889,2,0,NA,NA,NA,NA,NA,NA,NA,NA,"P5"
"2306","Kansas State","fbs","Big 12",2014,515181,"Tyler Lockett",125,11,11,11.3636363636364,97.6435646289309,0.781148517031447,8.87668769353917,1333,10.664,121.181818181818,0.632,91,125,0.728,7,0,1,2,43,55,172,4,73,4,"P5"
"2306","Kansas State","fbs","Big 12",2014,515192,"Curry Sexton",84,11,11,7.63636363636364,58.8054154318762,0.700064469427098,5.34594685744329,937,11.1547619047619,85.1818181818182,0.642857142857143,66,84,0.785714285714286,5,0,15,22,67,44.5,75.5,17,60,23,"P5"
"2306","Kansas State","fbs","Big 12",2014,515199,"Stanton Weber",1,1,11,1,1.65788394518294,1.65788394518294,1.65788394518294,21,21,21,1,1,1,1,0,0,NA,NA,NA,NA,NA,NA,NA,NA,"P5"
"2306","Kansas State","fbs","Big 12",2014,534604,"Deante Burton",28,7,11,4,-5.25894488053865,-0.187819460019237,-0.751277840076949,131,4.67857142857143,18.7142857142857,0.357142857142857,14,28,0.5,0,0,603,610,606,582,605,593,601,557.5,"P5"
"2306","Kansas State","fbs","Big 12",2014,534613,"Glenn Gronkowski",4,3,11,1.33333333333333,-1.17728471941186,-0.294321179852964,-0.392428239803953,11,2.75,3.66666666666667,0.25,2,4,0.5,0,0,NA,NA,NA,NA,NA,NA,NA,NA,"P5"
"2306","Kansas State","fbs","Big 12",2014,534616,"Charles Jones",7,4,11,1.75,-0.409350397652572,-0.0584786282360816,-0.102337599413143,38,5.42857142857143,9.5,0.428571428571429,5,7,0.714285714285714,1,0,NA,NA,NA,NA,NA,NA,NA,NA,"P5"
"2306","Kansas State","fbs","Big 12",2014,550136,"Judah Jones",3,2,11,1.5,2.46594058679732,0.821980195599108,1.23297029339866,41,13.6666666666667,20.5,1,3,3,1,0,0,NA,NA,NA,NA,NA,NA,NA,NA,"P5"
"2306","Kansas State","fbs","Big 12",2014,550158,"Jake Waters",2,1,11,2,8.29515625282558,4.14757812641279,8.29515625282558,71,35.5,71,1,2,2,1,2,0,NA,NA,NA,NA,NA,NA,NA,NA,"P5"
"2306","Kansas State","fbs","Big 12",2014,550597,"Kody Cook",18,8,11,2.25,11.4770709587685,0.637615053264914,1.43463386984606,181,10.0555555555556,22.625,0.666666666666667,14,18,0.777777777777778,0,0,NA,NA,NA,NA,NA,NA,NA,NA,"P5"
"2306","Kansas State","fbs","Big 12",2014,3125060,"Andre Davis",2,2,11,1,2.38582620751242,1.19291310375621,1.19291310375621,14,7,7,1,2,2,1,0,0,NA,NA,NA,NA,NA,NA,NA,NA,"P5"
"2309","Kent State","fbs","Mid-American",2014,504517,"Casey Pierce",89,11,11,8.09090909090909,27.9305298400255,0.313826177977814,2.53913907636595,626,7.03370786516854,56.9090909090909,0.51685393258427,60,89,0.674157303370786,6,1,129,178,357,284,303,81,419,109,"G5"
"2309","Kent State","fbs","Mid-American",2014,514251,"Josh Boyle",34,9,11,3.77777777777778,1.94547234654502,0.057219774898383,0.216163594060558,160,4.70588235294118,17.7777777777778,0.382352941176471,21,34,0.617647058823529,2,0,525,525,523,550.5,445,555.5,600,576,"G5"
"2309","Kent State","fbs","Mid-American",2014,514255,"Chris Humphrey",90,10,11,9,25.8846492711883,0.287607214124314,2.58846492711883,635,7.05555555555556,63.5,0.444444444444444,51,90,0.566666666666667,5,1,143,168,372,456.5,541.5,76,414,77,"G5"
"2309","Kent State","fbs","Mid-American",2014,519225,"Anthony Meray",8,6,11,1.33333333333333,-2.54337861996859,-0.317922327496073,-0.423896436661431,28,3.5,4.66666666666667,0.375,5,8,0.625,0,0,NA,NA,NA,NA,NA,NA,NA,NA,"G5"
"2309","Kent State","fbs","Mid-American",2014,531625,"James Brooks",30,8,11,3.75,14.0542306041812,0.468474353472706,1.75677882552265,283,9.43333333333333,35.375,0.4,16,30,0.533333333333333,1,0,327,298,226,528,574,361.5,159,321,"G5"
"2309","Kent State","fbs","Mid-American",2014,531628,"Charles Chandler",5,2,11,2.5,-1.38556204739191,-0.277112409478381,-0.692781023695953,26,5.2,13,0.4,3,5,0.6,0,0,NA,NA,NA,NA,NA,NA,NA,NA,"G5"
"2309","Kent State","fbs","Mid-American",2014,531872,"William Woods",2,1,11,2,-1.4590302617141,-0.729515130857051,-1.4590302617141,3,1.5,3,0,1,2,0.5,0,0,NA,NA,NA,NA,NA,NA,NA,NA,"G5"
"2309","Kent State","fbs","Mid-American",2014,536075,"Ernest Calhoun",50,11,11,4.54545454545455,16.8178663932971,0.336357327865943,1.5288969448452,319,6.38,29,0.42,33,50,0.66,1,0,274,331,341,492,342,314.5,489,422.5,"G5"
"2309","Kent State","fbs","Mid-American",2014,546031,"Kris White",39,7,11,5.57142857142857,1.2477220471292,0.0319928730033127,0.178246006732742,270,6.92307692307692,38.5714285714286,0.41025641025641,25,39,0.641025641025641,0,0,536,532,537,509,395,387,428.5,269,"G5"
"2309","Kent State","fbs","Mid-American",2014,550339,"Nick Holley",39,11,11,3.54545454545455,-4.75479824082066,-0.121917903610786,-0.432254385529151,199,5.1025641025641,18.0909090909091,0.435897435897436,27,39,0.692307692307692,1,0,598,592,591,467.5,262,486.5,576,569,"G5"
"2309","Kent State","fbs","Mid-American",2014,3125861,"Miles Hibbler",4,3,11,1.33333333333333,-3.83659497004846,-0.959148742512116,-1.27886499001615,0,0,0,0,0,4,0,0,0,NA,NA,NA,NA,NA,NA,NA,NA,"G5"
"2309","Kent State","fbs","Mid-American",2014,3125869,"Steve Nagy",1,1,11,1,-1.4090323486535,-1.4090323486535,-1.4090323486535,1,1,1,0,1,1,1,0,0,NA,NA,NA,NA,NA,NA,NA,NA,"G5"
"2348","Louisiana Tech","fbs","Conference USA",2014,482880,"Sterling Griffin",29,7,11,4.14285714285714,30.0482257237998,1.03614571461378,4.29260367482854,325,11.2068965517241,46.4285714285714,0.689655172413793,22,29,0.758620689655172,2,0,112,53,7,17,106.5,307.5,58,191,"G5"
"2348","Louisiana Tech","fbs","Conference USA",2014,512771,"Tevin King",4,3,11,1.33333333333333,0.670401559427425,0.167600389856856,0.223467186475808,44,11,14.6666666666667,0.5,3,4,0.75,0,0,NA,NA,NA,NA,NA,NA,NA,NA,"G5"
"2348","Louisiana Tech","fbs","Conference USA",2014,517212,"Paul Turner",50,9,11,5.55555555555556,18.972532590963,0.379450651819259,2.10805917677366,435,8.7,48.3333333333333,0.58,36,50,0.72,4,1,242,226,304,130.5,191,193.5,228,172,"G5"
"2348","Louisiana Tech","fbs","Conference USA",2014,518002,"Hunter Lee",40,9,11,4.44444444444444,9.87017463914775,0.246754365978694,1.09668607101642,281,7.025,31.2222222222222,0.55,24,40,0.6,3,0,399,401,406,201,477,366.5,420,387,"G5"
"2348","Louisiana Tech","fbs","Conference USA",2014,518006,"Blake Martin",6,3,11,2,-2.25242546145933,-0.375404243576554,-0.750808487153109,16,2.66666666666667,5.33333333333333,0.166666666666667,4,6,0.666666666666667,0,0,NA,NA,NA,NA,NA,NA,NA,NA,"G5"
"2348","Louisiana Tech","fbs","Conference USA",2014,530696,"Cody Sokol",3,2,11,1.5,-0.0927236672038908,-0.0309078890679636,-0.0463618336019454,15,5,7.5,0.333333333333333,2,3,0.666666666666667,1,0,NA,NA,NA,NA,NA,NA,NA,NA,"G5"
"2348","Louisiana Tech","fbs","Conference USA",2014,531310,"Kenneth Dixon",26,7,11,3.71428571428571,12.3180219511175,0.473770075042981,1.75971742158822,233,8.96153846153846,33.2857142857143,0.538461538461538,20,26,0.769230769230769,4,0,358,297,223,231,92,439.5,201,359,"G5"
"2348","Louisiana Tech","fbs","Conference USA",2014,531319,"Andy McAlindon",1,1,11,1,-2.11325074975313,-2.11325074975313,-2.11325074975313,-1,-1,-1,0,1,1,1,0,0,NA,NA,NA,NA,NA,NA,NA,NA,"G5"
"2348","Louisiana Tech","fbs","Conference USA",2014,536313,"Conner Smith",7,2,11,3.5,3.9614085388919,0.565915505555986,1.98070426944595,42,6,21,0.857142857142857,6,7,0.857142857142857,0,0,NA,NA,NA,NA,NA,NA,NA,NA,"G5"
"2348","Louisiana Tech","fbs","Conference USA",2014,545669,"Carlos Henderson",29,9,11,3.22222222222222,19.6826881254735,0.678713383637016,2.18696534727483,408,14.0689655172414,45.3333333333333,0.551724137931034,19,29,0.655172413793103,4,0,229,205,72,197.5,364.5,214,5,198.5,"G5"
"2348","Louisiana Tech","fbs","Conference USA",2014,545671,"Eddie Johnson",2,1,11,2,-0.196706009742123,-0.0983530048710617,-0.196706009742123,9,4.5,9,0.5,1,2,0.5,0,0,NA,NA,NA,NA,NA,NA,NA,NA,"G5"
"2348","Louisiana Tech","fbs","Conference USA",2014,545677,"Trent Taylor",74,11,11,6.72727272727273,47.6228624689318,0.643552195526105,4.32935113353925,673,9.09459459459459,61.1818181818182,0.540540540540541,54,74,0.72972972972973,7,1,30,48,98,226,168,62.5,189,89.5,"G5"
"2348","Louisiana Tech","fbs","Conference USA",2014,549834,"Terome Grant",4,2,11,2,1.52450519769159,0.381126299422898,0.762252598845797,35,8.75,17.5,0.75,3,4,0.75,0,0,NA,NA,NA,NA,NA,NA,NA,NA,"G5"
"2348","Louisiana Tech","fbs","Conference USA",2014,3122757,"Jarred Craft",4,3,11,1.33333333333333,-1.72638112930459,-0.431595282326148,-0.575460376434864,15,3.75,5,0,2,4,0.5,0,0,NA,NA,NA,NA,NA,NA,NA,NA,"G5"
"2348","Louisiana Tech","fbs","Conference USA",2014,3122760,"Ricky Jones",1,1,11,1,0.657765543556737,0.657765543556737,0.657765543556737,9,9,9,1,1,1,1,0,0,NA,NA,NA,NA,NA,NA,NA,NA,"G5"
"2348","Louisiana Tech","fbs","Conference USA",2014,3122763,"Marcus Gaines",15,5,11,3,1.48175572467867,0.0987837149785782,0.296351144935734,82,5.46666666666667,16.4,0.466666666666667,8,15,0.533333333333333,1,0,NA,NA,NA,NA,NA,NA,NA,NA,"G5"
"2348","Louisiana Tech","fbs","Conference USA",2014,3122765,"Josh Gaston",2,2,11,1,7.24825060676935,3.62412530338467,3.62412530338467,40,20,20,1,2,2,1,1,1,NA,NA,NA,NA,NA,NA,NA,NA,"G5"
"2348","Louisiana Tech","fbs","Conference USA",2014,3122781,"DeJuawn Oliver",2,1,11,2,1.06710880179765,0.533554400898823,1.06710880179765,35,17.5,35,0.5,2,2,1,0,0,NA,NA,NA,NA,NA,NA,NA,NA,"G5"
"2348","Louisiana Tech","fbs","Conference USA",2014,3122784,"Marlon Watts",8,2,11,4,7.84545976433952,0.98068247054244,3.92272988216976,90,11.25,45,0.75,7,8,0.875,0,0,NA,NA,NA,NA,NA,NA,NA,NA,"G5"
"235","Memphis","fbs","American Athletic",2014,501534,"Keiwone Malone",40,11,11,3.63636363636364,17.5149609761486,0.437874024403715,1.59226917964987,408,10.2,37.0909090909091,0.625,34,40,0.85,0,2,263,321,250,60.5,29.5,214,99.5,296,"G5"
"235","Memphis","fbs","American Athletic",2014,501684,"Joe Craig",7,4,11,1.75,-2.33758056856402,-0.333940081223432,-0.584395142141006,32,4.57142857142857,8,0.428571428571429,5,7,0.714285714285714,0,0,NA,NA,NA,NA,NA,NA,NA,NA,"G5"
"235","Memphis","fbs","American Athletic",2014,503360,"Brandon Hayes",13,7,11,1.85714285714286,-7.91583422610684,-0.608910325085141,-1.13083346087241,38,2.92307692307692,5.42857142857143,0.384615384615385,9,13,0.692307692307692,0,0,NA,NA,NA,NA,NA,NA,NA,NA,"G5"
"235","Memphis","fbs","American Athletic",2014,518907,"Alan Cross",32,10,11,3.2,8.77991329843239,0.274372290576012,0.877991329843239,256,8,25.6,0.46875,21,32,0.65625,2,1,423,444,384,399,356.5,405.5,303,463,"G5"
"235","Memphis","fbs","American Athletic",2014,518910,"Tevin Jones",39,11,11,3.54545454545455,8.33853430585408,0.213808571944976,0.758048573259462,399,10.2307692307692,36.2727272727273,0.564102564102564,28,39,0.717948717948718,2,1,429,464,432,173,199.5,222.5,98,306.5,"G5"
"235","Memphis","fbs","American Athletic",2014,534842,"Mose Frazier",47,11,11,4.27272727272727,10.4421930287256,0.222174319760118,0.949290275338688,372,7.91489361702128,33.8181818181818,0.553191489361702,37,47,0.787234042553192,1,0,390,431,425,194,74,252.5,314,352,"G5"
"235","Memphis","fbs","American Athletic",2014,534849,"Paxton Lynch",10,5,11,2,28.3242761019469,2.83242761019469,5.66485522038938,165,16.5,33,0.9,9,10,0.9,9,0,NA,NA,NA,NA,NA,NA,NA,NA,"G5"
"235","Memphis","fbs","American Athletic",2014,534857,"Daniel Montiel",9,3,11,3,10.2970500275767,1.14411666973074,3.43235000919223,107,11.8888888888889,35.6666666666667,0.666666666666667,6,9,0.666666666666667,1,0,NA,NA,NA,NA,NA,NA,NA,NA,"G5"
"235","Memphis","fbs","American Athletic",2014,549508,"Sam Craft",18,5,11,3.6,-1.89520858565428,-0.105289365869682,-0.379041717130856,69,3.83333333333333,13.8,0.333333333333333,12,18,0.666666666666667,0,0,NA,NA,NA,NA,NA,NA,NA,NA,"G5"
"235","Memphis","fbs","American Athletic",2014,549510,"Robert Davis",1,1,11,1,0.506453951980391,0.506453951980391,0.506453951980391,8,8,8,1,1,1,1,0,0,NA,NA,NA,NA,NA,NA,NA,NA,"G5"
"235","Memphis","fbs","American Athletic",2014,549512,"Doroland Dorceus",1,1,11,1,-0.746077941262336,-0.746077941262336,-0.746077941262336,-2,-2,-2,0,1,1,1,0,0,NA,NA,NA,NA,NA,NA,NA,NA,"G5"
"235","Memphis","fbs","American Athletic",2014,549515,"Adrian Henderson",26,9,11,2.88888888888889,-4.35193619617564,-0.167382161391371,-0.483548466241738,194,7.46153846153846,21.5555555555556,0.423076923076923,14,26,0.538461538461538,0,1,596,596,602,489,569,494,364,521.5,"G5"
"235","Memphis","fbs","American Athletic",2014,549632,"Tearris Wallace",1,1,11,1,-0.516696662976752,-0.516696662976752,-0.516696662976752,1,1,1,0,1,1,1,0,0,NA,NA,NA,NA,NA,NA,NA,NA,"G5"
"235","Memphis","fbs","American Athletic",2014,549639,"Robby Young",1,1,11,1,2.00494250015021,2.00494250015021,2.00494250015021,29,29,29,1,1,1,1,1,0,NA,NA,NA,NA,NA,NA,NA,NA,"G5"
"235","Memphis","fbs","American Athletic",2014,3126206,"Greg McKillion",1,1,11,1,0.846002028771947,0.846002028771947,0.846002028771947,8,8,8,1,1,1,1,0,0,NA,NA,NA,NA,NA,NA,NA,NA,"G5"
"235","Memphis","fbs","American Athletic",2014,3126209,"Roderick Proctor",31,9,11,3.44444444444444,11.8344669371349,0.381756997972095,1.31494077079277,245,7.90322580645161,27.2222222222222,0.612903225806452,25,31,0.806451612903226,0,0,364,367,301,76,56.5,418.5,317,440,"G5"
"235","Memphis","fbs","American Athletic",2014,3126211,"Jarvis Cooper",3,3,11,1,-3.03886216616394,-1.01295405538798,-1.01295405538798,2,0.666666666666667,0.666666666666667,0,1,3,0.333333333333333,0,0,NA,NA,NA,NA,NA,NA,NA,NA,"G5"
"235","Memphis","fbs","American Athletic",2014,3126227,"Phil Mayhue",16,6,11,2.66666666666667,14.4523863641162,0.903274147757265,2.40873106068604,198,12.375,33,0.6875,12,16,0.75,1,0,NA,NA,NA,NA,NA,NA,NA,NA,"G5"
"238","Vanderbilt","fbs","SEC",2014,505304,"Davis Dudchock",23,7,11,3.28571428571429,18.0537727956816,0.784946643290502,2.57911039938308,268,11.6521739130435,38.2857142857143,0.608695652173913,17,23,0.739130434782609,1,0,255,170,41,80,147,389,36,279,"P5"
"238","Vanderbilt","fbs","SEC",2014,511340,"Kris Kentera",10,6,11,1.66666666666667,8.67133923531673,0.867133923531673,1.44522320588612,106,10.6,17.6666666666667,0.6,6,10,0.6,0,0,NA,NA,NA,NA,NA,NA,NA,NA,"P5"
"238","Vanderbilt","fbs","SEC",2014,511347,"Steven Scheu",53,11,11,4.81818181818182,37.812296159333,0.713439550176094,3.43748146903027,486,9.16981132075472,44.1818181818182,0.60377358490566,39,53,0.735849056603774,3,0,67,89,65,89.5,152,159,182,211,"P5"
"238","Vanderbilt","fbs","SEC",2014,511348,"Jerron Seymour",2,2,11,1,-1.51447161375637,-0.757235806878186,-0.757235806878186,1,0.5,0.5,0,1,2,0.5,0,0,NA,NA,NA,NA,NA,NA,NA,NA,"P5"
"238","Vanderbilt","fbs","SEC",2014,518556,"Kellen Williams",5,4,11,1.25,0.94225504194546,0.188451008389092,0.235563760486365,29,5.8,7.25,0.6,3,5,0.6,0,0,NA,NA,NA,NA,NA,NA,NA,NA,"P5"
"238","Vanderbilt","fbs","SEC",2014,532000,"Patton Robinette",2,2,11,1,6.82773361732666,3.41386680866333,3.41386680866333,44,22,22,1,2,2,1,2,0,NA,NA,NA,NA,NA,NA,NA,NA,"P5"
"238","Vanderbilt","fbs","SEC",2014,532005,"Trey Wilkins",9,4,11,2.25,-4.40385583019581,-0.489317314466201,-1.10096395754895,51,5.66666666666667,12.75,0.222222222222222,6,9,0.666666666666667,0,0,NA,NA,NA,NA,NA,NA,NA,NA,"P5"
"238","Vanderbilt","fbs","SEC",2014,549971,"Jordan Cunningham",6,2,11,3,-1.3156718319838,-0.219278638663967,-0.657835915991902,27,4.5,13.5,0.5,4,6,0.666666666666667,0,0,NA,NA,NA,NA,NA,NA,NA,NA,"P5"
"238","Vanderbilt","fbs","SEC",2014,549973,"C.J. Duncan",45,10,11,4.5,-3.90919094164563,-0.0868709098143473,-0.390919094164563,314,6.97777777777778,31.4,0.377777777777778,20,45,0.444444444444444,2,1,590,584,583,558,622.5,322.5,422.5,383.5,"P5"
"238","Vanderbilt","fbs","SEC",2014,549975,"Nathan Marcus",7,4,11,1.75,7.10506914137491,1.01500987733927,1.77626728534373,31,4.42857142857143,7.75,0.428571428571429,5,7,0.714285714285714,2,0,NA,NA,NA,NA,NA,NA,NA,NA,"P5"
"238","Vanderbilt","fbs","SEC",2014,549980,"Latevius Rayford",47,10,11,4.7,22.3604103674292,0.475753412072961,2.23604103674292,321,6.82978723404255,32.1,0.574468085106383,33,47,0.702127659574468,1,1,187,198,221,145,239,312,442,371,"P5"
"238","Vanderbilt","fbs","SEC",2014,549981,"Darrius Sims",2,2,11,1,2.01693345265796,1.00846672632898,1.00846672632898,23,11.5,11.5,1,2,2,1,0,0,NA,NA,NA,NA,NA,NA,NA,NA,"P5"
"238","Vanderbilt","fbs","SEC",2014,549984,"Ralph Webb",16,9,11,1.77777777777778,-9.73079185097995,-0.608174490686247,-1.08119909455333,27,1.6875,3,0.125,8,16,0.5,0,0,NA,NA,NA,NA,NA,NA,NA,NA,"P5"
"238","Vanderbilt","fbs","SEC",2014,549989,"Chandler Dorrell",14,7,11,2,5.23376504585937,0.373840360418526,0.747680720837053,109,7.78571428571429,15.5714285714286,0.571428571428571,9,14,0.642857142857143,0,0,NA,NA,NA,NA,NA,NA,NA,NA,"P5"
"238","Vanderbilt","fbs","SEC",2014,3122157,"Wade Freebeck",1,1,11,1,3.08962215238167,3.08962215238167,3.08962215238167,7,7,7,1,1,1,1,1,0,NA,NA,NA,NA,NA,NA,NA,NA,"P5"
"238","Vanderbilt","fbs","SEC",2014,3122166,"Dallas Rivers",4,3,11,1.33333333333333,-2.39872691045133,-0.599681727612832,-0.79957563681711,7,1.75,2.33333333333333,0.25,1,4,0.25,0,0,NA,NA,NA,NA,NA,NA,NA,NA,"P5"
"238","Vanderbilt","fbs","SEC",2014,3122167,"Caleb Scott",12,5,11,2.4,-3.26622122062641,-0.272185101718868,-0.653244244125282,78,6.5,15.6,0.333333333333333,6,12,0.5,0,0,NA,NA,NA,NA,NA,NA,NA,NA,"P5"
"238","Vanderbilt","fbs","SEC",2014,3122168,"Trent Sherfield",1,1,11,1,1.76953910993616,1.76953910993616,1.76953910993616,9,9,9,1,1,1,1,0,0,NA,NA,NA,NA,NA,NA,NA,NA,"P5"
"239","Baylor","fbs","Big 12",2014,480746,"Bryce Petty",6,3,11,2,19.0785121096418,3.17975201827363,6.35950403654725,156,26,52,1,6,6,1,6,0,NA,NA,NA,NA,NA,NA,NA,NA,"P5"
"239","Baylor","fbs","Big 12",2014,502261,"Antwan Goodley",79,9,11,8.77777777777778,23.7527613702343,0.300667865446004,2.63919570780381,698,8.83544303797468,77.5555555555556,0.493670886075949,49,79,0.620253164556962,4,1,170,162,366,331,436,52,210,34,"P5"
"239","Baylor","fbs","Big 12",2014,502274,"Levi Norwood",38,9,11,4.22222222222222,1.69825393300365,0.0446908929737801,0.188694881444849,218,5.73684210526316,24.2222222222222,0.5,27,38,0.710526315789474,0,0,527,531,530,317.5,215,457,541,484,"P5"
"239","Baylor","fbs","Big 12",2014,517284,"Clay Fuller",16,6,11,2.66666666666667,8.86247873059428,0.553904920662143,1.47707978843238,169,10.5625,28.1666666666667,0.625,11,16,0.6875,0,0,NA,NA,NA,NA,NA,NA,NA,NA,"P5"
"239","Baylor","fbs","Big 12",2014,517290,"Jay Lee",50,8,11,6.25,38.3961407206974,0.767922814413949,4.79951759008718,521,10.42,65.125,0.68,37,50,0.74,5,1,65,35,49,22,143.5,132.5,85,71,"P5"
"239","Baylor","fbs","Big 12",2014,530349,"Lynx Hawthorne",16,4,11,4,8.24478974791498,0.515299359244686,2.06119743697874,156,9.75,39,0.5,12,16,0.75,2,0,NA,NA,NA,NA,NA,NA,NA,NA,"P5"
"239","Baylor","fbs","Big 12",2014,535492,"Tre'Von Armstead",4,3,11,1.33333333333333,6.8872803842233,1.72182009605583,2.29576012807443,57,14.25,19,1,4,4,1,1,0,NA,NA,NA,NA,NA,NA,NA,NA,"P5"
"239","Baylor","fbs","Big 12",2014,535495,"Devin Chafin",4,3,11,1.33333333333333,2.69612607208301,0.674031518020752,0.898708690694336,34,8.5,11.3333333333333,0.5,3,4,0.75,0,0,NA,NA,NA,NA,NA,NA,NA,NA,"P5"
"239","Baylor","fbs","Big 12",2014,535497,"Corey Coleman",74,9,11,8.22222222222222,48.3018479909653,0.652727675553585,5.36687199899614,862,11.6486486486486,95.7777777777778,0.608108108108108,54,74,0.72972972972973,7,0,28,20,91,81,168,24,37,17,"P5"
"239","Baylor","fbs","Big 12",2014,535511,"Seth Russell",1,1,11,1,3.48819888919594,3.48819888919594,3.48819888919594,27,27,27,1,1,1,1,1,0,NA,NA,NA,NA,NA,NA,NA,NA,"P5"
"239","Baylor","fbs","Big 12",2014,549854,"Gus Penning",1,1,11,1,-0.510683082443787,-0.510683082443787,-0.510683082443787,2,2,2,0,1,1,1,0,0,NA,NA,NA,NA,NA,NA,NA,NA,"P5"
"239","Baylor","fbs","Big 12",2014,550003,"Johnny Jefferson",1,1,11,1,1.08213528707988,1.08213528707988,1.08213528707988,16,16,16,1,1,1,1,0,0,NA,NA,NA,NA,NA,NA,NA,NA,"P5"
"239","Baylor","fbs","Big 12",2014,550006,"Quan Jones",2,2,11,1,0.860488061462512,0.430244030731256,0.430244030731256,18,9,9,0.5,2,2,1,0,0,NA,NA,NA,NA,NA,NA,NA,NA,"P5"
"239","Baylor","fbs","Big 12",2014,550009,"Shock Linwood",6,4,11,1.5,-1.69086979890303,-0.281811633150505,-0.422717449725757,23,3.83333333333333,5.75,0.166666666666667,4,6,0.666666666666667,0,0,NA,NA,NA,NA,NA,NA,NA,NA,"P5"
"239","Baylor","fbs","Big 12",2014,3124824,"Davion Hall",16,4,11,4,2.75844783635101,0.172402989771938,0.689611959087752,132,8.25,33,0.5625,11,16,0.6875,0,0,NA,NA,NA,NA,NA,NA,NA,NA,"P5"
"239","Baylor","fbs","Big 12",2014,3128348,"KD Cannon",72,11,11,6.54545454545455,14.9124274864875,0.207117048423438,1.35567522604432,601,8.34722222222222,54.6363636363636,0.430555555555556,43,72,0.597222222222222,3,0,310,356,440,479,482,95,262,122,"P5"
"2390","Miami","fbs","ACC",2014,501147,"Clive Walford",49,10,11,4.9,45.7779131704235,0.93424312592701,4.57779131704235,583,11.8979591836735,58.3,0.714285714285714,41,49,0.836734693877551,6,1,35,41,20,7.5,36,102,27,101,"P5"
"2390","Miami","fbs","ACC",2014,517570,"Phillip Dorsett",49,10,11,4.9,35.7585404465832,0.729766131562923,3.57585404465832,676,13.7959183673469,67.6,0.469387755102041,25,49,0.510204081632653,4,0,79,83,59,397,600,60,7,60,"P5"
"2390","Miami","fbs","ACC",2014,530403,"Malcolm Lewis",33,9,11,3.66666666666667,-7.07323814914123,-0.214340549973977,-0.785915349904581,167,5.06060606060606,18.5555555555556,0.333333333333333,20,33,0.606060606060606,1,1,615,612,611,598,467,544,580,561,"P5"
"2390","Miami","fbs","ACC",2014,530409,"Jake O'Donnell",1,1,11,1,0.483813655213527,0.483813655213527,0.483813655213527,10,10,10,1,1,1,1,0,0,NA,NA,NA,NA,NA,NA,NA,NA,"P5"
"2390","Miami","fbs","ACC",2014,530412,"Herb Waters",20,6,11,3.33333333333333,15.3230033083215,0.766150165416075,2.55383388472025,235,11.75,39.1666666666667,0.7,17,20,0.85,1,0,NA,NA,NA,NA,NA,NA,NA,NA,"P5"
"2390","Miami","fbs","ACC",2014,545229,"Standish Dobard",9,4,11,2.25,3.2034445146409,0.355938279404544,0.800861128660225,115,12.7777777777778,28.75,0.555555555555556,6,9,0.666666666666667,0,1,NA,NA,NA,NA,NA,NA,NA,NA,"P5"
"2390","Miami","fbs","ACC",2014,550046,"Stacy Coley",38,10,11,3.8,-13.6146816550308,-0.358281096185021,-1.36146816550308,153,4.02631578947368,15.3,0.236842105263158,19,38,0.5,0,0,627,626,623,625,605,568.5,619,602,"P5"
"2390","Miami","fbs","ACC",2014,550049,"Gus Edwards",2,2,11,1,1.51365944598873,0.756829722994363,0.756829722994363,44,22,22,1,2,2,1,0,0,NA,NA,NA,NA,NA,NA,NA,NA,"P5"
"2390","Miami","fbs","ACC",2014,550055,"Walter Tucker",1,1,11,1,0.354207825135266,0.354207825135266,0.354207825135266,8,8,8,1,1,1,1,0,0,NA,NA,NA,NA,NA,NA,NA,NA,"P5"
"2390","Miami","fbs","ACC",2014,3123042,"Joseph Yearby",9,6,11,1.5,-0.324670942246079,-0.0360745491384532,-0.0541118237076798,64,7.11111111111111,10.6666666666667,0.444444444444444,7,9,0.777777777777778,0,0,NA,NA,NA,NA,NA,NA,NA,NA,"P5"
"2390","Miami","fbs","ACC",2014,3123048,"Brad Kaaya",6,4,11,1.5,24.1926276090985,4.03210460151642,6.04815690227463,231,38.5,57.75,1,6,6,1,6,0,NA,NA,NA,NA,NA,NA,NA,NA,"P5"
"2390","Miami","fbs","ACC",2014,3123075,"Braxton Berrios",28,8,11,3.5,6.82833983076738,0.243869279670263,0.853542478845922,155,5.53571428571429,19.375,0.428571428571429,14,28,0.5,3,0,451,448,408,481,605,564.5,555,548,"P5"
"2393","Middle Tennessee","fbs","Conference USA",2014,501576,"Reggie Whatley",1,1,10,1,-1.97498356696166,-1.97498356696166,-1.97498356696166,-6,-6,-6,0,1,1,1,0,0,NA,NA,NA,NA,NA,NA,NA,NA,"G5"
"2393","Middle Tennessee","fbs","Conference USA",2014,512380,"Christian Collis",12,6,10,2,4.03522465939298,0.336268721616082,0.672537443232163,69,5.75,11.5,0.666666666666667,10,12,0.833333333333333,0,0,NA,NA,NA,NA,NA,NA,NA,NA,"G5"
"2393","Middle Tennessee","fbs","Conference USA",2014,516940,"Chris Perkins",8,4,10,2,7.19162031618567,0.898952539523209,1.79790507904642,106,13.25,26.5,0.625,7,8,0.875,1,0,NA,NA,NA,NA,NA,NA,NA,NA,"G5"
"2393","Middle Tennessee","fbs","Conference USA",2014,517528,"Jeremiah Bryson",12,6,10,2,-1.7531337575899,-0.146094479799158,-0.292188959598317,64,5.33333333333333,10.6666666666667,0.333333333333333,11,12,0.916666666666667,0,0,NA,NA,NA,NA,NA,NA,NA,NA,"G5"
"2393","Middle Tennessee","fbs","Conference USA",2014,517532,"Chase Pennycuff",1,1,10,1,1.19335701324666,1.19335701324666,1.19335701324666,9,9,9,1,1,1,1,0,0,NA,NA,NA,NA,NA,NA,NA,NA,"G5"
"2393","Middle Tennessee","fbs","Conference USA",2014,531589,"Austin Grammer",1,1,10,1,0.701303637363397,0.701303637363397,0.701303637363397,12,12,12,1,1,1,1,0,0,NA,NA,NA,NA,NA,NA,NA,NA,"G5"
"2393","Middle Tennessee","fbs","Conference USA",2014,531590,"Demetrius Frazier",12,4,10,3,8.52206364758119,0.710171970631766,2.1305159118953,118,9.83333333333333,29.5,0.75,11,12,0.916666666666667,0,0,NA,NA,NA,NA,NA,NA,NA,NA,"G5"
"2393","Middle Tennessee","fbs","Conference USA",2014,531592,"Marcus Henry",43,9,10,4.77777777777778,26.9281719212844,0.62623655630894,2.99201910236493,333,7.74418604651163,37,0.511627906976744,30,43,0.697674418604651,3,0,136,128,110,295.5,250,294.5,332,297.5,"G5"
"2393","Middle Tennessee","fbs","Conference USA",2014,531594,"Jordan Parker",13,7,10,1.85714285714286,3.05107358523689,0.234697968095145,0.435867655033842,65,5,9.28571428571429,0.384615384615385,10,13,0.769230769230769,1,1,NA,NA,NA,NA,NA,NA,NA,NA,"G5"
"2393","Middle Tennessee","fbs","Conference USA",2014,531609,"Terry Pettis",20,5,10,4,15.2200537773445,0.761002688867223,3.04401075546889,236,11.8,47.2,0.55,14,20,0.7,1,0,305,121,50,201,243,432.5,29,183,"G5"
"2393","Middle Tennessee","fbs","Conference USA",2014,545681,"Shane Tucker",30,10,10,3,16.3926247329683,0.546420824432276,1.63926247329683,340,11.3333333333333,34,0.533333333333333,23,30,0.766666666666667,3,0,280,316,157,243,96,287,50,349,"G5"
"2393","Middle Tennessee","fbs","Conference USA",2014,545695,"Ed'Marques Batties",46,10,10,4.6,11.4051149739253,0.247937282041853,1.14051149739253,350,7.60869565217391,35,0.456521739130435,32,46,0.695652173913043,2,0,373,395,402,432.5,254.5,274.5,349,328,"G5"
"2393","Middle Tennessee","fbs","Conference USA",2014,545696,"Shannon Smith",10,6,10,1.66666666666667,0.153833380640089,0.0153833380640089,0.0256388967733482,64,6.4,10.6666666666667,0.6,7,10,0.7,0,0,NA,NA,NA,NA,NA,NA,NA,NA,"G5"
"2393","Middle Tennessee","fbs","Conference USA",2014,545697,"Devin Clarke",32,9,10,3.55555555555556,16.9984465380643,0.531201454314508,1.88871628200714,304,9.5,33.7777777777778,0.5,22,32,0.6875,2,0,270,270,165,317.5,274.5,336.5,153,354.5,"G5"
"2393","Middle Tennessee","fbs","Conference USA",2014,3122900,"Tyler Barron",4,4,10,1,4.47524376775749,1.11881094193937,1.11881094193937,50,12.5,12.5,1,4,4,1,0,0,NA,NA,NA,NA,NA,NA,NA,NA,"G5"
"24","Stanford","fbs","Pac-12",2014,505319,"Ricky Seale",1,1,11,1,-0.49424462393392,-0.49424462393392,-0.49424462393392,3,3,3,0,1,1,1,0,0,NA,NA,NA,NA,NA,NA,NA,NA,"P5"
"24","Stanford","fbs","Pac-12",2014,505321,"Jeff Trojan",11,7,11,1.57142857142857,11.0581186375074,1.00528351250067,1.57973123392963,72,6.54545454545455,10.2857142857143,0.727272727272727,11,11,1,0,0,NA,NA,NA,NA,NA,NA,NA,NA,"P5"
"24","Stanford","fbs","Pac-12",2014,505325,"Lee Ward",2,2,11,1,1.20568337073339,0.602841685366693,0.602841685366693,5,2.5,2.5,0.5,2,2,1,1,0,NA,NA,NA,NA,NA,NA,NA,NA,"P5"
"24","Stanford","fbs","Pac-12",2014,511941,"Remound Wright",9,5,11,1.8,2.70625286365786,0.300694762628651,0.541250572731572,61,6.77777777777778,12.2,0.555555555555556,7,9,0.777777777777778,0,0,NA,NA,NA,NA,NA,NA,NA,NA,"P5"
"24","Stanford","fbs","Pac-12",2014,511943,"Kelsey Young",4,4,11,1,0.289749185184481,0.0724372962961203,0.0724372962961203,26,6.5,6.5,0.5,4,4,1,0,0,NA,NA,NA,NA,NA,NA,NA,NA,"P5"
"24","Stanford","fbs","Pac-12",2014,516352,"Devon Cajuste",48,9,11,5.33333333333333,23.786689846097,0.495556038460354,2.64296553845522,473,9.85416666666667,52.5555555555556,0.583333333333333,29,48,0.604166666666667,3,0,169,161,204,122.5,471,171,123,141,"P5"
"24","Stanford","fbs","Pac-12",2014,516357,"Kevin Hogan",2,1,11,2,8.52401243477908,4.26200621738954,8.52401243477908,59,29.5,59,1,2,2,1,2,0,NA,NA,NA,NA,NA,NA,NA,NA,"P5"
"24","Stanford","fbs","Pac-12",2014,516363,"Ty Montgomery",83,10,11,8.3,6.3774222195388,0.0768364122836,0.63774222195388,527,6.34939759036145,52.7,0.469879518072289,56,83,0.674698795180723,2,1,459,479,513,396,302,129,492,138,"P5"
"24","Stanford","fbs","Pac-12",2014,516366,"Jordan Pratt",5,4,11,1.25,4.59597319472168,0.919194638944336,1.14899329868042,58,11.6,14.5,0.6,4,5,0.8,1,0,NA,NA,NA,NA,NA,NA,NA,NA,"P5"
"24","Stanford","fbs","Pac-12",2014,516371,"Patrick Skov",2,2,11,1,0.504847639998684,0.252423819999342,0.252423819999342,16,8,8,0.5,1,2,0.5,0,0,NA,NA,NA,NA,NA,NA,NA,NA,"P5"
"24","Stanford","fbs","Pac-12",2014,516372,"Rollins Stallworth",1,1,11,1,0.737369151601217,0.737369151601217,0.737369151601217,10,10,10,1,1,1,1,0,0,NA,NA,NA,NA,NA,NA,NA,NA,"P5"
"24","Stanford","fbs","Pac-12",2014,535297,"Michael Rector",38,9,11,4.22222222222222,-4.40088870231381,-0.115812860587205,-0.488987633590423,243,6.39473684210526,27,0.368421052631579,20,38,0.526315789473684,0,0,597,597,589,567,580.5,421.5,488,443,"P5"
"24","Stanford","fbs","Pac-12",2014,535298,"Barry Sanders",5,4,11,1.25,-0.731389592693348,-0.14627791853867,-0.182847398173337,23,4.6,5.75,0.6,4,5,0.8,0,0,NA,NA,NA,NA,NA,NA,NA,NA,"P5"
"24","Stanford","fbs","Pac-12",2014,546470,"Eric Cotton",5,5,11,1,9.08611678041424,1.81722335608285,1.81722335608285,110,22,22,1,5,5,1,1,0,NA,NA,NA,NA,NA,NA,NA,NA,"P5"
"24","Stanford","fbs","Pac-12",2014,546471,"Austin Hooper",42,10,11,4.2,13.5884849000736,0.323535354763658,1.35884849000736,351,8.35714285714286,35.1,0.619047619047619,30,42,0.714285714285714,0,2,331,353,351,68,206,273,260,327,"P5"
"24","Stanford","fbs","Pac-12",2014,546474,"Francis Owusu",10,5,11,2,3.6004446981964,0.36004446981964,0.720088939639279,122,12.2,24.4,0.6,10,10,1,0,0,NA,NA,NA,NA,NA,NA,NA,NA,"P5"
"24","Stanford","fbs","Pac-12",2014,546476,"Greg Taboada",8,4,11,2,7.32677895028242,0.915847368785302,1.8316947375706,94,11.75,23.5,0.625,6,8,0.75,2,1,NA,NA,NA,NA,NA,NA,NA,NA,"P5"
"24","Stanford","fbs","Pac-12",2014,3117251,"Christian McCaffrey",15,10,11,1.5,19.756266315668,1.31708442104453,1.9756266315668,200,13.3333333333333,20,0.866666666666667,14,15,0.933333333333333,1,0,NA,NA,NA,NA,NA,NA,NA,NA,"P5"
"242","Rice","fbs","Conference USA",2014,503438,"Mario Hull",40,10,12,4,42.8855595657612,1.07213898914403,4.28855595657612,534,13.35,53.4,0.625,28,40,0.7,6,0,47,54,5,60.5,243,125,9,132,"G5"
"242","Rice","fbs","Conference USA",2014,503448,"Jordan Taylor",67,9,12,7.44444444444444,41.6904771037716,0.622245926921964,4.6322752337524,709,10.5820895522388,78.7777777777778,0.537313432835821,44,67,0.656716417910448,5,0,53,39,114,233,353,50,76,33,"G5"
"242","Rice","fbs","Conference USA",2014,514894,"Driphus Jackson",3,2,12,1.5,8.74706742696165,2.91568914232055,4.37353371348083,55,18.3333333333333,27.5,1,3,3,1,3,0,NA,NA,NA,NA,NA,NA,NA,NA,"G5"
"242","Rice","fbs","Conference USA",2014,536480,"Connor Cella",1,1,12,1,2.7517509707907,2.7517509707907,2.7517509707907,5,5,5,1,1,1,1,1,0,NA,NA,NA,NA,NA,NA,NA,NA,"G5"
"242","Rice","fbs","Conference USA",2014,536482,"Cameron Decell",2,2,12,1,0.500387655963578,0.250193827981789,0.250193827981789,41,20.5,20.5,0.5,2,2,1,0,1,NA,NA,NA,NA,NA,NA,NA,NA,"G5"
"242","Rice","fbs","Conference USA",2014,536483,"Darik Dillard",17,11,12,1.54545454545455,8.14443865178922,0.479084626575836,0.74040351379902,106,6.23529411764706,9.63636363636364,0.470588235294118,15,17,0.882352941176471,1,0,NA,NA,NA,NA,NA,NA,NA,NA,"G5"
"242","Rice","fbs","Conference USA",2014,536486,"Brandon Hamilton",1,1,12,1,0.789666076519641,0.789666076519641,0.789666076519641,18,18,18,1,1,1,1,0,0,NA,NA,NA,NA,NA,NA,NA,NA,"G5"
"242","Rice","fbs","Conference USA",2014,536497,"Dennis Parks",44,8,12,5.5,7.06388514330026,0.160542844165915,0.882985642912532,275,6.25,34.375,0.409090909090909,23,44,0.522727272727273,0,0,448,442,469,513,586,376,499.5,342,"G5"
"242","Rice","fbs","Conference USA",2014,536499,"Darrion Pollard",5,4,12,1.25,-0.0335335190677462,-0.00670670381354923,-0.00838337976693654,24,4.8,6,0.4,2,5,0.4,0,0,NA,NA,NA,NA,NA,NA,NA,NA,"G5"
"242","Rice","fbs","Conference USA",2014,536504,"Luke Turner",13,6,12,2.16666666666667,3.28062213251093,0.252355548654687,0.546770355418488,115,8.84615384615385,19.1666666666667,0.538461538461538,9,13,0.692307692307692,1,0,NA,NA,NA,NA,NA,NA,NA,NA,"G5"
"242","Rice","fbs","Conference USA",2014,536507,"Zach Wright",32,8,12,4,14.1021382184793,0.440691819327478,1.76276727730991,264,8.25,33,0.5625,22,32,0.6875,2,0,325,296,248,176,274.5,396.5,272.5,362,"G5"
"242","Rice","fbs","Conference USA",2014,547720,"Temi Alaka",4,3,12,1.33333333333333,5.92343661949129,1.48085915487282,1.97447887316376,56,14,18.6666666666667,1,4,4,1,0,0,NA,NA,NA,NA,NA,NA,NA,NA,"G5"
"242","Rice","fbs","Conference USA",2014,547728,"Cole Hunt",4,3,12,1.33333333333333,5.24568066091938,1.31142016522985,1.74856022030646,47,11.75,15.6666666666667,1,4,4,1,0,0,NA,NA,NA,NA,NA,NA,NA,NA,"G5"
"242","Rice","fbs","Conference USA",2014,547738,"Robby Wells III",3,2,12,1.5,2.64098115113885,0.880327050379616,1.32049057556942,45,15,22.5,0.666666666666667,3,3,1,0,0,NA,NA,NA,NA,NA,NA,NA,NA,"G5"
"242","Rice","fbs","Conference USA",2014,3123842,"James Mayden",11,5,12,2.2,16.7937761043084,1.52670691857349,3.35875522086168,229,20.8181818181818,45.8,0.545454545454545,7,11,0.636363636363636,3,0,NA,NA,NA,NA,NA,NA,NA,NA,"G5"
"242","Rice","fbs","Conference USA",2014,3123843,"Jowan Davis",13,6,12,2.16666666666667,3.49301017411182,0.268693090316294,0.58216836235197,103,7.92307692307692,17.1666666666667,0.461538461538462,12,13,0.923076923076923,0,0,NA,NA,NA,NA,NA,NA,NA,NA,"G5"
"2426","Navy","fbs","FBS Independents",2014,516198,"Brendan Dudeck",15,5,10,3,5.12129694673258,0.341419796448838,1.02425938934652,92,6.13333333333333,18.4,0.4,9,15,0.6,2,0,NA,NA,NA,NA,NA,NA,NA,NA,"G5"
"2426","Navy","fbs","FBS Independents",2014,516209,"Geoffrey Whiteside",13,8,10,1.625,-6.52494055424749,-0.501918504172884,-0.815617569280937,54,4.15384615384615,6.75,0.153846153846154,5,13,0.384615384615385,0,0,NA,NA,NA,NA,NA,NA,NA,NA,"G5"
"2426","Navy","fbs","FBS Independents",2014,516217,"Quinton Singleton",1,1,10,1,-0.906156614936908,-0.906156614936908,-0.906156614936908,5,5,5,0,1,1,1,0,0,NA,NA,NA,NA,NA,NA,NA,NA,"G5"
"2426","Navy","fbs","FBS Independents",2014,516220,"Noah Copeland",3,3,10,1,4.23910415094958,1.41303471698319,1.41303471698319,49,16.3333333333333,16.3333333333333,0.666666666666667,2,3,0.666666666666667,0,0,NA,NA,NA,NA,NA,NA,NA,NA,"G5"
"2426","Navy","fbs","FBS Independents",2014,516225,"Ryan Williams-Jenkins",4,3,10,1.33333333333333,3.2227827120427,0.805695678010674,1.07426090401423,59,14.75,19.6666666666667,0.5,2,4,0.5,0,0,NA,NA,NA,NA,NA,NA,NA,NA,"G5"
"2426","Navy","fbs","FBS Independents",2014,530560,"Thomas Wilson",1,1,10,1,1.06843829591028,1.06843829591028,1.06843829591028,22,22,22,1,1,1,1,0,0,NA,NA,NA,NA,NA,NA,NA,NA,"G5"
"2426","Navy","fbs","FBS Independents",2014,530568,"Keenan Reynolds",3,1,10,3,4.90331300589976,1.63443766863325,4.90331300589976,38,12.6666666666667,38,0.666666666666667,2,3,0.666666666666667,2,0,NA,NA,NA,NA,NA,NA,NA,NA,"G5"
"2426","Navy","fbs","FBS Independents",2014,530573,"Demond Brown",5,4,10,1.25,5.21449829190555,1.04289965838111,1.30362457297639,104,20.8,26,0.6,4,5,0.8,0,0,NA,NA,NA,NA,NA,NA,NA,NA,"G5"
"2426","Navy","fbs","FBS Independents",2014,530583,"Chris Swain",1,1,10,1,-0.864610303353577,-0.864610303353577,-0.864610303353577,0,0,0,0,0,1,0,0,0,NA,NA,NA,NA,NA,NA,NA,NA,"G5"
"2426","Navy","fbs","FBS Independents",2014,530588,"DeBrandon Sanders",7,4,10,1.75,4.31320188409785,0.616171697728264,1.07830047102446,67,9.57142857142857,16.75,0.285714285714286,2,7,0.285714285714286,1,0,NA,NA,NA,NA,NA,NA,NA,NA,"G5"
"2426","Navy","fbs","FBS Independents",2014,551128,"Calvin Cass Jr.",3,3,10,1,0.0179138478576473,0.00597128261921576,0.00597128261921576,36,12,12,0.666666666666667,2,3,0.666666666666667,0,0,NA,NA,NA,NA,NA,NA,NA,NA,"G5"
"2426","Navy","fbs","FBS Independents",2014,551146,"Jamir Tillman",32,9,10,3.55555555555556,15.3609333700376,0.480029167813674,1.70677037444862,304,9.5,33.7777777777778,0.5,17,32,0.53125,2,0,302,308,219,317.5,576.5,336.5,153,354.5,"G5"
"2426","Navy","fbs","FBS Independents",2014,551212,"Dishan Romine",1,1,10,1,-1.76032946203385,-1.76032946203385,-1.76032946203385,0,0,0,0,0,1,0,0,0,NA,NA,NA,NA,NA,NA,NA,NA,"G5"
"2426","Navy","fbs","FBS Independents",2014,3125183,"Brandon Colon",2,2,10,1,2.19507310884948,1.09753655442474,1.09753655442474,30,15,15,1,2,2,1,0,0,NA,NA,NA,NA,NA,NA,NA,NA,"G5"
"2433","UL Monroe","fbs","Sun Belt",2014,501565,"Pete Thomas",3,3,12,1,2.7132407042094,0.904413568069801,0.904413568069801,44,14.6666666666667,14.6666666666667,0.666666666666667,2,3,0.666666666666667,1,0,NA,NA,NA,NA,NA,NA,NA,NA,"G5"
"2433","UL Monroe","fbs","Sun Belt",2014,505202,"Centarius Donald",32,10,12,3.2,0.110476985657091,0.00345240580178409,0.0110476985657091,189,5.90625,18.9,0.375,21,32,0.65625,0,0,550,551,550,560,356.5,501,529.5,553.5,"G5"
"2433","UL Monroe","fbs","Sun Belt",2014,512345,"Brayle Brown",1,1,12,1,0.335053248169651,0.335053248169651,0.335053248169651,6,6,6,1,1,1,1,0,0,NA,NA,NA,NA,NA,NA,NA,NA,"G5"
"2433","UL Monroe","fbs","Sun Belt",2014,512346,"Tyler Cain",59,12,12,4.91666666666667,-13.9727394937161,-0.236826093113832,-1.16439495780967,273,4.6271186440678,22.75,0.254237288135593,45,59,0.76271186440678,0,0,628,625,616,623,99,383,603,508,"G5"
"2433","UL Monroe","fbs","Sun Belt",2014,512348,"Rashon Ceaser",108,12,12,9,33.542397067977,0.310577750629417,2.79519975566475,827,7.65740740740741,68.9166666666667,0.537037037037037,76,108,0.703703703703704,2,0,90,143,360,235,235,33.5,345,52.5,"G5"
"2433","UL Monroe","fbs","Sun Belt",2014,512362,"Harley Scioneaux",6,3,12,2,-2.11040812317894,-0.351734687196491,-0.703469374392981,22,3.66666666666667,7.33333333333333,0.5,5,6,0.833333333333333,0,0,NA,NA,NA,NA,NA,NA,NA,NA,"G5"
"2433","UL Monroe","fbs","Sun Belt",2014,531492,"Tony Cook",15,4,12,3.75,-2.94863281041275,-0.196575520694183,-0.737158202603187,104,6.93333333333333,26,0.266666666666667,9,15,0.6,0,1,NA,NA,NA,NA,NA,NA,NA,NA,"G5"
"2433","UL Monroe","fbs","Sun Belt",2014,531563,"Ajalen Holley",91,12,12,7.58333333333333,36.735124714304,0.403682689168176,3.06126039285867,827,9.08791208791209,68.9166666666667,0.472527472527473,56,91,0.615384615384615,6,0,70,119,281,387,448.5,33.5,191,52.5,"G5"
"2433","UL Monroe","fbs","Sun Belt",2014,531569,"Alec Osborne",21,7,12,3,1.94754171054741,0.0927400814546384,0.278220244363915,116,5.52380952380952,16.5714285714286,0.571428571428571,17,21,0.80952380952381,1,0,NA,NA,NA,NA,NA,NA,NA,NA,"G5"
"2433","UL Monroe","fbs","Sun Belt",2014,546125,"Kenzee Jackson",131,12,12,10.9166666666667,19.4408892228276,0.148403734525402,1.6200741019023,866,6.61068702290076,72.1666666666667,0.473282442748092,79,131,0.603053435114504,4,3,233,318,479,384,472,23,463,45,"G5"
"2433","UL Monroe","fbs","Sun Belt",2014,546141,"De'Vonte Haggerty",2,2,12,1,0.158522389943967,0.0792611949719837,0.0792611949719837,9,4.5,4.5,0.5,2,2,1,0,0,NA,NA,NA,NA,NA,NA,NA,NA,"G5"
"2433","UL Monroe","fbs","Sun Belt",2014,3124945,"Tyrone Carter",2,2,12,1,1.33675206527963,0.668376032639814,0.668376032639814,17,8.5,8.5,0.5,2,2,1,0,0,NA,NA,NA,NA,NA,NA,NA,NA,"G5"
"2433","UL Monroe","fbs","Sun Belt",2014,3124951,"Kaylon Watson",1,1,12,1,1.42354758934914,1.42354758934914,1.42354758934914,16,16,16,1,1,1,1,0,0,NA,NA,NA,NA,NA,NA,NA,NA,"G5"
"2439","UNLV","fbs","Mountain West",2014,481341,"Marcus Sullivan",25,7,12,3.57142857142857,0.918203616652671,0.0367281446661068,0.131171945236096,169,6.76,24.1428571428571,0.36,13,25,0.52,1,0,539,538,535,578.5,589.5,538.5,448.5,486,"G5"
"2439","UNLV","fbs","Mountain West",2014,502997,"Taylor Barnhill",37,9,12,4.11111111111111,11.5458474276335,0.312049930476582,1.28287193640373,265,7.16216216216216,29.4444444444444,0.513513513513513,27,37,0.72972972972973,1,0,370,373,358,290,168,394,404,416,"G5"
"2439","UNLV","fbs","Mountain West",2014,517172,"Devante Davis",68,7,12,9.71428571428571,16.3401700724768,0.240296618712894,2.33431001035383,578,8.5,82.5714285714286,0.397058823529412,31,68,0.455882352941176,3,0,281,191,412,535,619,103,249,29,"G5"
"2439","UNLV","fbs","Mountain West",2014,517183,"Jake Phillips",5,4,12,1.25,10.3490512552614,2.06981025105227,2.58726281381534,67,13.4,16.75,0.8,5,5,1,0,0,NA,NA,NA,NA,NA,NA,NA,NA,"G5"
"2439","UNLV","fbs","Mountain West",2014,534203,"Maika Mataele",47,12,12,3.91666666666667,23.0445897775369,0.490310420798657,1.92038248146141,342,7.27659574468085,28.5,0.48936170212766,28,47,0.595744680851064,1,0,179,263,209,340.5,485,282,387,427,"G5"
"2439","UNLV","fbs","Mountain West",2014,534207,"Andrew Price",5,1,12,5,-3.45199201591127,-0.690398403182255,-3.45199201591127,14,2.8,14,0.2,1,5,0.2,0,0,NA,NA,NA,NA,NA,NA,NA,NA,"G5"
"2439","UNLV","fbs","Mountain West",2014,534212,"Anthony Williams",34,9,12,3.77777777777778,16.1434772398216,0.4748081541124,1.79371969331351,234,6.88235294117647,26,0.558823529411765,24,34,0.705882352941177,1,0,284,288,222,185,231.5,437,434,456,"G5"
"2439","UNLV","fbs","Mountain West",2014,546290,"Kendal Keys",36,10,12,3.6,14.3631660973101,0.398976836036391,1.43631660973101,301,8.36111111111111,30.1,0.444444444444444,23,36,0.638888888888889,2,0,320,345,287,456.5,400,342,259,407,"G5"
"2439","UNLV","fbs","Mountain West",2014,552513,"Jared Lebowitz",1,1,12,1,5.707058844509,5.707058844509,5.707058844509,40,40,40,1,1,1,1,1,0,NA,NA,NA,NA,NA,NA,NA,NA,"G5"
"2439","UNLV","fbs","Mountain West",2014,552519,"Shaquille Murray-Lawrence",21,7,12,3,-6.80687750485867,-0.324137024040889,-0.972411072122667,131,6.23809523809524,18.7142857142857,0.333333333333333,16,21,0.761904761904762,0,1,NA,NA,NA,NA,NA,NA,NA,NA,"G5"
"2439","UNLV","fbs","Mountain West",2014,552526,"Keith Whitely",26,9,12,2.88888888888889,9.85960998509321,0.379215768657431,1.09551222056591,185,7.11538461538461,20.5555555555556,0.576923076923077,22,26,0.846153846153846,0,0,400,402,305,136,33.5,518,410,536.5,"G5"
"2439","UNLV","fbs","Mountain West",2014,3125315,"Devonte Boyd",89,12,12,7.41666666666667,47.5568216075576,0.534346310197277,3.96306846729647,846,9.50561797752809,70.5,0.528089887640449,59,89,0.662921348314607,2,0,31,67,163,251,339,25,151,49,"G5"
"2439","UNLV","fbs","Mountain West",2014,3125318,"Blake Decker",3,2,12,1.5,6.61328697408636,2.20442899136212,3.30664348704318,29,9.66666666666667,14.5,1,3,3,1,3,0,NA,NA,NA,NA,NA,NA,NA,NA,"G5"
"2439","UNLV","fbs","Mountain West",2014,3125329,"George Naufahu",5,3,12,1.66666666666667,-4.41380131229619,-0.882760262459238,-1.47126710409873,5,1,1.66666666666667,0.2,3,5,0.6,0,0,NA,NA,NA,NA,NA,NA,NA,NA,"G5"
"2440","Nevada","fbs","Mountain West",2014,501241,"Cody Fajardo",5,3,10,1.66666666666667,10.6470782681016,2.12941565362032,3.5490260893672,47,9.4,15.6666666666667,0.8,4,5,0.8,4,0,NA,NA,NA,NA,NA,NA,NA,NA,"G5"
"2440","Nevada","fbs","Mountain West",2014,515746,"Kendall Brock",22,7,10,3.14285714285714,-6.04053026683341,-0.274569557583337,-0.862932895261916,98,4.45454545454545,14,0.318181818181818,11,22,0.5,0,0,612,616,618,607,605,622,611,608,"G5"
"2440","Nevada","fbs","Mountain West",2014,533188,"Jarred Gipson",40,9,10,4.44444444444444,23.7905379693819,0.594763449234548,2.6433931077091,266,6.65,29.5555555555556,0.5,30,40,0.75,4,0,168,160,127,317.5,117.5,392,461,414,"G5"
"2440","Nevada","fbs","Mountain West",2014,533196,"Hasaan Henderson",50,7,10,7.14285714285714,41.1900899246051,0.823801798492103,5.88429856065788,491,9.82,70.1428571428571,0.64,36,50,0.72,3,0,55,17,33,49,191,153.5,124,50,"G5"
"2440","Nevada","fbs","Mountain West",2014,536229,"Richy Turner",72,10,10,7.2,21.5948118004361,0.299927941672724,2.15948118004361,430,5.97222222222222,43,0.416666666666667,42,72,0.583333333333333,3,0,202,214,367,500,516.5,197,520,221.5,"G5"
"2440","Nevada","fbs","Mountain West",2014,546279,"Don Jackson",15,8,10,1.875,4.25902289592031,0.28393485972802,0.532377861990038,141,9.4,17.625,0.333333333333333,11,15,0.733333333333333,0,1,NA,NA,NA,NA,NA,NA,NA,NA,"G5"
"2440","Nevada","fbs","Mountain West",2014,550567,"Jerico Richardson",60,7,10,8.57142857142857,-3.77520618419077,-0.0629201030698462,-0.539315169170111,375,6.25,53.5714285714286,0.5,34,60,0.566666666666667,2,1,589,600,574,317.5,541.5,249,499.5,130,"G5"
"2440","Nevada","fbs","Mountain West",2014,3124608,"James Butler",4,3,10,1.33333333333333,2.45801768102469,0.614504420256173,0.819339227008231,13,3.25,4.33333333333333,0.5,4,4,1,0,1,NA,NA,NA,NA,NA,NA,NA,NA,"G5"
"2440","Nevada","fbs","Mountain West",2014,3124613,"Wyatt Demps",3,2,10,1.5,2.42236265709703,0.807454219032344,1.21118132854852,33,11,16.5,0.666666666666667,2,3,0.666666666666667,0,0,NA,NA,NA,NA,NA,NA,NA,NA,"G5"
"2440","Nevada","fbs","Mountain West",2014,3124637,"Brayden Sanchez",1,1,10,1,0.176512058177156,0.176512058177156,0.176512058177156,7,7,7,1,1,1,1,0,0,NA,NA,NA,NA,NA,NA,NA,NA,"G5"
"245","Texas A&M","fbs","SEC",2014,501035,"Malcome Kennedy",65,9,11,7.22222222222222,9.78983783532067,0.150612889774164,1.08775975948007,467,7.18461538461538,51.8888888888889,0.415384615384615,41,65,0.630769230769231,1,0,402,405,476,503,417,178,397,144,"P5"
"245","Texas A&M","fbs","SEC",2014,517500,"Ben Compton",1,1,11,1,1.43371050006714,1.43371050006714,1.43371050006714,6,6,6,1,1,1,1,0,0,NA,NA,NA,NA,NA,NA,NA,NA,"P5"
"245","Texas A&M","fbs","SEC",2014,532120,"Edward Pope",32,10,11,3.2,20.9629512555497,0.655092226735929,2.09629512555497,312,9.75,31.2,0.65625,25,32,0.78125,2,0,210,228,90,33,81.5,325,128,388,"P5"
"245","Texas A&M","fbs","SEC",2014,532121,"Trey Williams",15,7,11,2.14285714285714,-1.67731595330531,-0.111821063553688,-0.239616564757902,59,3.93333333333333,8.42857142857143,0.4,14,15,0.933333333333333,0,0,NA,NA,NA,NA,NA,NA,NA,NA,"P5"
"245","Texas A&M","fbs","SEC",2014,532122,"Tra Carson",11,7,11,1.57142857142857,-4.0726709582291,-0.370242814384464,-0.581810136889872,58,5.27272727272727,8.28571428571429,0.454545454545455,8,11,0.727272727272727,0,0,NA,NA,NA,NA,NA,NA,NA,NA,"P5"
"245","Texas A&M","fbs","SEC",2014,532123,"Sabian Holmes",20,5,11,4,-0.0712488608488931,-0.00356244304244466,-0.0142497721697786,114,5.7,22.8,0.3,8,20,0.4,1,0,NA,NA,NA,NA,NA,NA,NA,NA,"P5"
"245","Texas A&M","fbs","SEC",2014,532125,"Brandon Williams",11,8,11,1.375,0.625617251393282,0.0568742955812074,0.0782021564241602,65,5.90909090909091,8.125,0.454545454545455,9,11,0.818181818181818,0,0,NA,NA,NA,NA,NA,NA,NA,NA,"P5"
"245","Texas A&M","fbs","SEC",2014,532144,"Boone Niederhofer",33,7,11,4.71428571428571,18.5068214376186,0.560812770836927,2.64383163394551,272,8.24242424242424,38.8571428571429,0.696969696969697,26,33,0.787878787878788,1,0,246,159,144,14,72.5,385.5,274,265,"P5"
"245","Texas A&M","fbs","SEC",2014,546597,"Cameron Clear",5,3,11,1.66666666666667,1.14650759769662,0.229301519539325,0.382169199232208,34,6.8,11.3333333333333,0.8,5,5,1,0,0,NA,NA,NA,NA,NA,NA,NA,NA,"P5"
"245","Texas A&M","fbs","SEC",2014,549865,"Kenny Hill",1,1,11,1,8.15496961731833,8.15496961731833,8.15496961731833,86,86,86,1,1,1,1,1,0,NA,NA,NA,NA,NA,NA,NA,NA,"P5"
"245","Texas A&M","fbs","SEC",2014,549866,"Ricky Seals-Jones",62,9,11,6.88888888888889,4.30059800404973,0.069364483936286,0.477844222672193,397,6.40322580645161,44.1111111111111,0.467741935483871,45,62,0.725806451612903,3,0,496,498,517,401,181,228,485,212.5,"P5"
"245","Texas A&M","fbs","SEC",2014,549869,"Jeremy Tabuyo",7,4,11,1.75,4.33936067334335,0.619908667620479,1.08484016833584,95,13.5714285714286,23.75,0.428571428571429,5,7,0.714285714285714,2,0,NA,NA,NA,NA,NA,NA,NA,NA,"P5"
"245","Texas A&M","fbs","SEC",2014,549870,"James White",2,2,11,1,-1.13296370664131,-0.566481853320656,-0.566481853320656,3,1.5,1.5,0,2,2,1,0,0,NA,NA,NA,NA,NA,NA,NA,NA,"P5"
"245","Texas A&M","fbs","SEC",2014,549873,"LaQuvionte Gonzalez",4,1,11,4,-1.10468038266273,-0.276170095665683,-1.10468038266273,32,8,32,0.5,3,4,0.75,0,0,NA,NA,NA,NA,NA,NA,NA,NA,"P5"
"245","Texas A&M","fbs","SEC",2014,549889,"Kyrion Parker",2,1,11,2,0.993854915203232,0.496927457601616,0.993854915203232,14,7,14,0.5,1,2,0.5,0,0,NA,NA,NA,NA,NA,NA,NA,NA,"P5"
"245","Texas A&M","fbs","SEC",2014,559679,"Speedy Noil",59,10,11,5.9,34.6089746117767,0.586592790030114,3.46089746117767,488,8.27118644067797,48.8,0.593220338983051,40,59,0.677966101694915,5,0,85,88,129,105,293,156.5,268,164.5,"P5"
"245","Texas A&M","fbs","SEC",2014,559681,"Kyle Allen",4,1,11,4,8.74312933934199,2.1857823348355,8.74312933934199,84,21,84,0.75,3,4,0.75,3,0,NA,NA,NA,NA,NA,NA,NA,NA,"P5"
"245","Texas A&M","fbs","SEC",2014,559694,"Josh Reynolds",64,11,11,5.81818181818182,42.9221615047733,0.670658773512083,3.90201468225212,649,10.140625,59,0.546875,42,64,0.65625,10,2,46,72,76,208,356.5,71,103,99,"P5"
"245","Texas A&M","fbs","SEC",2014,3122133,"Frank Iheanacho",1,1,11,1,-0.347966578938307,-0.347966578938307,-0.347966578938307,10,10,10,0,1,1,1,0,0,NA,NA,NA,NA,NA,NA,NA,NA,"P5"
"2459","Northern Illinois","fbs","Mid-American",2014,502538,"Da'Ron Brown",101,12,12,8.41666666666667,36.3667501848804,0.360066833513667,3.0305625154067,911,9.01980198019802,75.9166666666667,0.485148514851485,57,101,0.564356435643564,5,0,72,124,317,352,547,19,196,38,"G5"
"2459","Northern Illinois","fbs","Mid-American",2014,502544,"Akeem Daniels",16,8,12,2,-6.99140910200463,-0.436963068875289,-0.873926137750579,40,2.5,5,0.25,8,16,0.5,0,0,NA,NA,NA,NA,NA,NA,NA,NA,"G5"
"2459","Northern Illinois","fbs","Mid-American",2014,502546,"Luke Eakes",9,7,12,1.28571428571429,-3.4642255805002,-0.384913953388912,-0.494889368642886,69,7.66666666666667,9.85714285714286,0.444444444444444,8,9,0.888888888888889,0,1,NA,NA,NA,NA,NA,NA,NA,NA,"G5"
"2459","Northern Illinois","fbs","Mid-American",2014,502564,"Cameron Stingily",2,2,12,1,-2.44108114881392,-1.22054057440696,-1.22054057440696,-2,-1,-1,0,1,2,0.5,0,1,NA,NA,NA,NA,NA,NA,NA,NA,"G5"
"2459","Northern Illinois","fbs","Mid-American",2014,511594,"Juwan Brescacin",44,9,12,4.88888888888889,17.5780895600802,0.399502035456368,1.95312106223113,348,7.90909090909091,38.6666666666667,0.522727272727273,26,44,0.590909090909091,3,0,261,255,286,266,498.5,277,315,266,"G5"
"2459","Northern Illinois","fbs","Mid-American",2014,511603,"Tommylee Lewis",5,1,12,5,-4.80313387730125,-0.960626775460251,-4.80313387730125,3,0.6,3,0,1,5,0.2,0,0,NA,NA,NA,NA,NA,NA,NA,NA,"G5"
"2459","Northern Illinois","fbs","Mid-American",2014,514244,"Rob Sterling",2,1,12,2,0.430254228560821,0.215127114280411,0.430254228560821,10,5,10,0.5,2,2,1,0,0,NA,NA,NA,NA,NA,NA,NA,NA,"G5"
"2459","Northern Illinois","fbs","Mid-American",2014,532479,"Clayton Glasper",1,1,12,1,1.67399697385175,1.67399697385175,1.67399697385175,11,11,11,1,1,1,1,0,0,NA,NA,NA,NA,NA,NA,NA,NA,"G5"
"2459","Northern Illinois","fbs","Mid-American",2014,532480,"Drew Hare",5,3,12,1.66666666666667,14.1504247685909,2.83008495371818,4.71680825619696,77,15.4,25.6666666666667,1,5,5,1,4,0,NA,NA,NA,NA,NA,NA,NA,NA,"G5"
"2459","Northern Illinois","fbs","Mid-American",2014,532481,"Keith Harris Jr.",2,1,12,2,5.08952830052854,2.54476415026427,5.08952830052854,21,10.5,21,1,2,2,1,1,0,NA,NA,NA,NA,NA,NA,NA,NA,"G5"
"2459","Northern Illinois","fbs","Mid-American",2014,532488,"Desroy Maxwell",10,6,12,1.66666666666667,8.15540236026189,0.815540236026189,1.35923372671031,90,9,15,0.8,9,10,0.9,0,0,NA,NA,NA,NA,NA,NA,NA,NA,"G5"
"2459","Northern Illinois","fbs","Mid-American",2014,547842,"Chad Beebe",27,9,12,3,-0.134870234868328,-0.00499519388401216,-0.0149855816520365,193,7.14814814814815,21.4444444444444,0.444444444444444,18,27,0.666666666666667,0,1,555,555,555,456.5,324.5,496.5,406,524,"G5"
"2459","Northern Illinois","fbs","Mid-American",2014,547843,"Joel Bouagnon",14,6,12,2.33333333333333,1.90966775819071,0.136404839870765,0.318277959698452,69,4.92857142857143,11.5,0.214285714285714,10,14,0.714285714285714,1,0,NA,NA,NA,NA,NA,NA,NA,NA,"G5"
"2459","Northern Illinois","fbs","Mid-American",2014,547854,"Jordan Huff",3,2,12,1.5,-1.73841832988764,-0.579472776629215,-0.869209164943822,3,1,1.5,0,2,3,0.666666666666667,0,0,NA,NA,NA,NA,NA,NA,NA,NA,"G5"
"2459","Northern Illinois","fbs","Mid-American",2014,547867,"Aregeros Turner",44,12,12,3.66666666666667,22.9415560561259,0.521399001275588,1.91179633801049,338,7.68181818181818,28.1666666666667,0.590909090909091,32,44,0.727272727272727,2,0,180,264,174,108,176.5,290.5,341,430,"G5"
"2459","Northern Illinois","fbs","Mid-American",2014,3126002,"Christian Blake",2,1,12,2,2.27138857542043,1.13569428771021,2.27138857542043,14,7,14,1,2,2,1,0,0,NA,NA,NA,NA,NA,NA,NA,NA,"G5"
"2459","Northern Illinois","fbs","Mid-American",2014,3126033,"Ezra Saffold",13,5,12,2.6,2.19332224063071,0.168717095433132,0.438664448126143,59,4.53846153846154,11.8,0.461538461538462,11,13,0.846153846153846,0,0,NA,NA,NA,NA,NA,NA,NA,NA,"G5"
"248","Houston","fbs","American Athletic",2014,500233,"Markeith Ambles",39,11,11,3.54545454545455,31.4112623253882,0.805416982702261,2.85556930230802,447,11.4615384615385,40.6363636363636,0.641025641025641,27,39,0.692307692307692,3,1,101,138,38,47,262,186.5,43,246,"G5"
"248","Houston","fbs","American Athletic",2014,512471,"Kenneth Farrow",20,8,11,2.5,5.005983911527,0.25029919557635,0.625747988940875,101,5.05,12.625,0.45,17,20,0.85,1,0,NA,NA,NA,NA,NA,NA,NA,NA,"G5"
"248","Houston","fbs","American Athletic",2014,512474,"Daniel Spencer",34,4,11,8.5,7.36592736562233,0.216644922518304,1.84148184140558,191,5.61764705882353,47.75,0.294117647058824,20,34,0.588235294117647,2,0,442,277,430,618,507.5,498.5,550,174.5,"G5"
"248","Houston","fbs","American Athletic",2014,512479,"Wayne Beadle",30,8,11,3.75,11.3989112497414,0.379963708324715,1.42486390621768,240,8,30,0.566666666666667,26,30,0.866666666666667,0,0,374,348,303,169,18,427,303,409.5,"G5"
"248","Houston","fbs","American Athletic",2014,536514,"Deontay Greenberry",104,11,11,9.45454545454546,4.54953271472288,0.0437455068723354,0.413593883156625,619,5.95192307692308,56.2727272727273,0.423076923076923,61,104,0.586538461538462,2,1,491,504,531,489,511,86,524,114,"G5"
"248","Houston","fbs","American Athletic",2014,536519,"Ryan Jackson",27,11,11,2.45454545454545,-0.196883657610564,-0.00729198731890976,-0.0178985143282331,140,5.18518518518519,12.7272727272727,0.444444444444444,22,27,0.814814814814815,1,0,556,556,556,456.5,49.5,587,570,613,"G5"
"248","Houston","fbs","American Athletic",2014,545543,"Demarcus Ayers",40,8,11,5,14.3970117844409,0.359925294611021,1.79962647305511,275,6.875,34.375,0.575,28,40,0.7,1,0,319,287,318,142.5,243,376,436.5,342,"G5"
"248","Houston","fbs","American Athletic",2014,545546,"Javin Webb",1,1,11,1,-0.105173775147938,-0.105173775147938,-0.105173775147938,4,4,4,0,1,1,1,0,0,NA,NA,NA,NA,NA,NA,NA,NA,"G5"
"248","Houston","fbs","American Athletic",2014,545552,"Greg Ward Jr.",24,6,11,4,10.8986726497102,0.454111360404592,1.81644544161837,185,7.70833333333333,30.8333333333333,0.458333333333333,17,24,0.708333333333333,4,0,382,283,238,429,224.5,518,338,394,"G5"
"248","Houston","fbs","American Athletic",2014,545553,"Tyler McCloskey",2,2,11,1,1.77806234381532,0.88903117190766,0.88903117190766,16,8,8,1,2,2,1,0,0,NA,NA,NA,NA,NA,NA,NA,NA,"G5"
"248","Houston","fbs","American Athletic",2014,553543,"Derek McLemore",1,1,11,1,0.544290972345812,0.544290972345812,0.544290972345812,7,7,7,1,1,1,1,0,0,NA,NA,NA,NA,NA,NA,NA,NA,"G5"
"248","Houston","fbs","American Athletic",2014,3126197,"Steven Dunbar",22,5,11,4.4,19.7147600121739,0.896125455098815,3.94295200243479,273,12.4090909090909,54.6,0.772727272727273,19,22,0.863636363636364,0,0,227,69,24,3,20.5,383,18,123,"G5"
"2483","Oregon","fbs","Pac-12",2014,504744,"Kenny Bassett",2,1,12,2,2.62239077213227,1.31119538606614,2.62239077213227,36,18,36,1,2,2,1,0,0,NA,NA,NA,NA,NA,NA,NA,NA,"P5"
"2483","Oregon","fbs","Pac-12",2014,504753,"Hroniss Grasu",1,1,12,1,-1.55537564880911,-1.55537564880911,-1.55537564880911,1,1,1,0,1,1,1,0,0,NA,NA,NA,NA,NA,NA,NA,NA,"P5"
"2483","Oregon","fbs","Pac-12",2014,504758,"Keanon Lowe",32,8,12,4,24.766394489597,0.773949827799905,3.09579931119962,303,9.46875,37.875,0.59375,22,32,0.6875,3,0,157,111,46,101,274.5,339,158,284.5,"P5"
"2483","Oregon","fbs","Pac-12",2014,511459,"Marcus Mariota",14,7,12,2,41.5488645821343,2.96777604158102,5.93555208316204,304,21.7142857142857,43.4285714285714,1,14,14,1,14,0,NA,NA,NA,NA,NA,NA,NA,NA,"P5"
"2483","Oregon","fbs","Pac-12",2014,530868,"Evan Baylis",6,3,12,2,0.634862946481063,0.105810491080177,0.211620982160354,45,7.5,15,0.333333333333333,4,6,0.666666666666667,1,0,NA,NA,NA,NA,NA,NA,NA,NA,"P5"
"2483","Oregon","fbs","Pac-12",2014,530869,"Pharaoh Brown",30,8,12,3.75,23.0954180506967,0.769847268356558,2.88692725633709,382,12.7333333333333,47.75,0.633333333333333,22,30,0.733333333333333,4,0,178,136,47,53,159,241.5,14,174.5,"P5"
"2483","Oregon","fbs","Pac-12",2014,530877,"Byron Marshall",75,12,12,6.25,28.7881916729873,0.383842555639831,2.39901597274894,653,8.70666666666667,54.4166666666667,0.493333333333333,52,75,0.693333333333333,2,1,121,188,300,332,259,68.5,227,124,"P5"
"2483","Oregon","fbs","Pac-12",2014,530880,"Dwayne Stanford",44,10,12,4.4,28.3467347682346,0.644243972005332,2.83467347682346,442,10.0454545454545,44.2,0.681818181818182,33,44,0.75,2,0,125,139,96,20,117.5,189.5,111,210,"P5"
"2483","Oregon","fbs","Pac-12",2014,550651,"Devon Allen",54,12,12,4.5,28.0549460926569,0.519536038752906,2.33791217438808,565,10.462962962963,47.0833333333333,0.537037037037037,36,54,0.666666666666667,3,1,127,190,176,235,324.5,109.5,83,185,"P5"
"2483","Oregon","fbs","Pac-12",2014,550654,"Thomas Tyner",9,5,12,1.8,4.08194157449905,0.453549063833227,0.816388314899809,57,6.33333333333333,11.4,0.444444444444444,6,9,0.666666666666667,1,0,NA,NA,NA,NA,NA,NA,NA,NA,"P5"
"2483","Oregon","fbs","Pac-12",2014,550655,"Kani Benoit",1,1,12,1,2.03257791847649,2.03257791847649,2.03257791847649,8,8,8,1,1,1,1,0,0,NA,NA,NA,NA,NA,NA,NA,NA,"P5"
"2483","Oregon","fbs","Pac-12",2014,3122667,"Charles Nelson",22,7,12,3.14285714285714,12.4827810767919,0.567399139854179,1.78325443954171,229,10.4090909090909,32.7142857142857,0.5,15,22,0.681818181818182,4,0,NA,NA,NA,NA,NA,NA,NA,NA,"P5"
"2483","Oregon","fbs","Pac-12",2014,3122668,"Johnathan Loyd",2,1,12,2,0.908871576338576,0.454435788169288,0.908871576338576,13,6.5,13,0.5,2,2,1,0,0,NA,NA,NA,NA,NA,NA,NA,NA,"P5"
"2483","Oregon","fbs","Pac-12",2014,3122672,"Royce Freeman",15,9,12,1.66666666666667,10.4489903722779,0.696599358151857,1.1609989302531,128,8.53333333333333,14.2222222222222,0.533333333333333,13,15,0.866666666666667,1,0,NA,NA,NA,NA,NA,NA,NA,NA,"P5"
"2483","Oregon","fbs","Pac-12",2014,3122688,"Zac Schuller",2,1,12,2,0.239930033806196,0.119965016903098,0.239930033806196,9,4.5,9,0.5,2,2,1,0,0,NA,NA,NA,NA,NA,NA,NA,NA,"P5"
"249","North Texas","fbs","Conference USA",2014,500803,"Reggie Pegram",14,8,10,1.75,-13.7563041707579,-0.982593155054133,-1.71953802134473,3,0.214285714285714,0.375,0,8,14,0.571428571428571,0,0,NA,NA,NA,NA,NA,NA,NA,NA,"G5"
"249","North Texas","fbs","Conference USA",2014,501946,"Darius Terrell",38,9,10,4.22222222222222,13.1712393729899,0.346611562447103,1.46347104144332,282,7.42105263157895,31.3333333333333,0.526315789473684,24,38,0.631578947368421,0,0,340,340,333,257,415,364,367,385,"G5"
"249","North Texas","fbs","Conference USA",2014,515139,"Antoinne Jimmerson",9,5,10,1.8,0.872858700375223,0.0969843000416915,0.174571740075045,66,7.33333333333333,13.2,0.222222222222222,5,9,0.555555555555556,0,0,NA,NA,NA,NA,NA,NA,NA,NA,"G5"
"249","North Texas","fbs","Conference USA",2014,515147,"Andrew McNulty",1,1,10,1,2.30444508250311,2.30444508250311,2.30444508250311,4,4,4,1,1,1,1,1,0,NA,NA,NA,NA,NA,NA,NA,NA,"G5"
"249","North Texas","fbs","Conference USA",2014,515154,"Tanner Smith",1,1,10,1,0.478142392234338,0.478142392234338,0.478142392234338,1,1,1,1,1,1,1,1,0,NA,NA,NA,NA,NA,NA,NA,NA,"G5"
"249","North Texas","fbs","Conference USA",2014,517933,"Marcus Smith",17,7,10,2.42857142857143,17.3618223380904,1.02128366694649,2.48026033401291,143,8.41176470588235,20.4285714285714,0.588235294117647,10,17,0.588235294117647,3,1,NA,NA,NA,NA,NA,NA,NA,NA,"G5"
"249","North Texas","fbs","Conference USA",2014,518382,"John Chelf",5,3,10,1.66666666666667,1.0366565645301,0.20733131290602,0.3455521881767,37,7.4,12.3333333333333,0.6,4,5,0.8,0,0,NA,NA,NA,NA,NA,NA,NA,NA,"G5"
"249","North Texas","fbs","Conference USA",2014,531879,"Carl Caldwell",22,7,10,3.14285714285714,-10.8957928115001,-0.495263309613642,-1.5565418302143,129,5.86363636363636,18.4285714285714,0.272727272727273,13,22,0.590909090909091,0,1,623,629,630,622,498.5,595.5,534,562.5,"G5"
"249","North Texas","fbs","Conference USA",2014,531886,"Carlos Harris",94,10,10,9.4,39.2395607973416,0.417442136141932,3.92395607973416,753,8.01063829787234,75.3,0.531914893617021,59,94,0.627659574468085,2,0,60,71,266,245,425,41,299,39,"G5"
"249","North Texas","fbs","Conference USA",2014,545718,"Erick Evans",1,1,10,1,-1.00214903505817,-1.00214903505817,-1.00214903505817,0,0,0,0,0,1,0,0,0,NA,NA,NA,NA,NA,NA,NA,NA,"G5"
"249","North Texas","fbs","Conference USA",2014,549907,"Darvin Kidsy",29,8,10,3.625,-8.96521509646573,-0.309145348153991,-1.12065188705822,123,4.24137931034483,15.375,0.310344827586207,14,29,0.482758620689655,0,0,619,624,621,609.5,613,602.5,615,599.5,"G5"
"249","North Texas","fbs","Conference USA",2014,549908,"Chris Loving",1,1,10,1,0.994210173286841,0.994210173286841,0.994210173286841,8,8,8,1,1,1,1,0,0,NA,NA,NA,NA,NA,NA,NA,NA,"G5"
"249","North Texas","fbs","Conference USA",2014,549915,"Turner Smiley",18,6,10,3,14.3656121180083,0.798089562111571,2.39426868633471,180,10,30,0.5,11,18,0.611111111111111,1,0,NA,NA,NA,NA,NA,NA,NA,NA,"G5"
"25","California","fbs","Pac-12",2014,516956,"Trevor Davis",33,8,11,4.125,15.5066741362034,0.469899216248589,1.93833426702543,331,10.030303030303,41.375,0.484848484848485,21,33,0.636363636363636,5,1,298,256,224,353,405,298.5,113,236.5,"P5"
"25","California","fbs","Pac-12",2014,516997,"Stephen Anderson",65,10,11,6.5,55.1252514679446,0.848080791814533,5.51252514679446,661,10.1692307692308,66.1,0.6,46,65,0.707692307692308,5,0,19,18,31,93.5,228,66,102,66,"P5"
"25","California","fbs","Pac-12",2014,517016,"Daniel Lasco",40,10,11,4,14.1137595079382,0.352843987698454,1.41137595079382,356,8.9,35.6,0.425,33,40,0.825,2,1,324,350,326,484.5,43,267,206,313.5,"P5"
"25","California","fbs","Pac-12",2014,535178,"Darius Powe",23,8,11,2.875,14.8599382469178,0.646084271605121,1.85749228086472,237,10.304347826087,29.625,0.652173913043478,17,23,0.739130434782609,0,0,311,273,95,38,147,429,94,412,"P5"
"25","California","fbs","Pac-12",2014,535181,"Bryce Treggs",74,11,11,6.72727272727273,30.6044223515371,0.413573275020772,2.7822202137761,535,7.22972972972973,48.6363636363636,0.581081081081081,49,74,0.662162162162162,5,0,106,146,270,128,340,123.5,395,168,"P5"
"25","California","fbs","Pac-12",2014,535263,"Lucus Gingold",1,1,11,1,2.52064644836249,2.52064644836249,2.52064644836249,5,5,5,1,1,1,1,1,0,NA,NA,NA,NA,NA,NA,NA,NA,"P5"
"25","California","fbs","Pac-12",2014,535265,"Chris Harper",72,11,11,6.54545454545455,36.1617342449998,0.50224630895833,3.28743038590907,595,8.26388888888889,54.0909090909091,0.527777777777778,47,72,0.652777777777778,5,0,76,102,191,253,374,98,270,129,"P5"
"25","California","fbs","Pac-12",2014,535270,"Kenny Lawler",73,10,11,7.3,43.2626770603497,0.592639411785612,4.32626770603497,618,8.46575342465753,61.8,0.643835616438356,49,73,0.671232876712329,5,0,45,49,128,43,308.5,87.5,252,84,"P5"
"25","California","fbs","Pac-12",2014,547401,"Jared Goff",2,2,11,1,5.91817317086179,2.9590865854309,2.9590865854309,49,24.5,24.5,1,2,2,1,2,0,NA,NA,NA,NA,NA,NA,NA,NA,"P5"
"25","California","fbs","Pac-12",2014,550296,"Khalfani Muhammad",9,7,11,1.28571428571429,-4.19989190723695,-0.466654656359662,-0.599984558176708,52,5.77777777777778,7.42857142857143,0.111111111111111,5,9,0.555555555555556,0,0,NA,NA,NA,NA,NA,NA,NA,NA,"P5"
"25","California","fbs","Pac-12",2014,3127200,"Tre Watson",1,1,11,1,-0.474762105298317,-0.474762105298317,-0.474762105298317,1,1,1,0,1,1,1,0,0,NA,NA,NA,NA,NA,NA,NA,NA,"P5"
"25","California","fbs","Pac-12",2014,3127207,"Vic Enwere",3,3,11,1,-1.62416915887243,-0.541389719624142,-0.541389719624142,18,6,6,0.333333333333333,2,3,0.666666666666667,0,0,NA,NA,NA,NA,NA,NA,NA,NA,"P5"
"25","California","fbs","Pac-12",2014,3127208,"Matt Rockett",3,2,11,1.5,2.0102098654502,0.670069955150068,1.0051049327251,18,6,9,0.666666666666667,3,3,1,0,0,NA,NA,NA,NA,NA,NA,NA,NA,"P5"
"2509","Purdue","fbs","Big Ten",2014,482359,"Gabe Holmes",30,10,11,3,-4.0874813762254,-0.136249379207513,-0.40874813762254,178,5.93333333333333,17.8,0.366666666666667,17,30,0.566666666666667,2,0,593,587,594,570.5,541.5,526.5,526,575,"P5"
"2509","Purdue","fbs","Big Ten",2014,500799,"Charles Torwudzo",1,1,11,1,0.4830223215773,0.4830223215773,0.4830223215773,13,13,13,1,1,1,1,0,0,NA,NA,NA,NA,NA,NA,NA,NA,"P5"
"2509","Purdue","fbs","Big Ten",2014,500815,"Justin Sinz",40,11,11,3.63636363636364,13.3696004841286,0.334240012103216,1.21541822582988,256,6.4,23.2727272727273,0.575,31,40,0.775,2,0,337,387,344,142.5,86,405.5,487,498.5,"P5"
"2509","Purdue","fbs","Big Ten",2014,514189,"Brandon Cottom",2,2,11,1,2.33927238321751,1.16963619160875,1.16963619160875,7,3.5,3.5,0.5,1,2,0.5,1,0,NA,NA,NA,NA,NA,NA,NA,NA,"P5"
"2509","Purdue","fbs","Big Ten",2014,514194,"Akeem Hunt",60,11,11,5.45454545454545,-16.3383945722466,-0.27230657620411,-1.48530859747696,188,3.13333333333333,17.0909090909091,0.233333333333333,44,60,0.733333333333333,1,1,630,628,617,626,159,504,630,585,"P5"
"2509","Purdue","fbs","Big Ten",2014,514197,"Dolapo Macarthy",10,3,11,3.33333333333333,-1.2303283608265,-0.12303283608265,-0.410109453608833,62,6.2,20.6666666666667,0.4,6,10,0.6,0,0,NA,NA,NA,NA,NA,NA,NA,NA,"P5"
"2509","Purdue","fbs","Big Ten",2014,514200,"Raheem Mostert",21,7,11,3,2.6934063070502,0.128257443192867,0.3847723295786,124,5.90476190476191,17.7142857142857,0.571428571428571,18,21,0.857142857142857,0,1,515,508,489,156,24,601,531,578,"P5"
"2509","Purdue","fbs","Big Ten",2014,534666,"Danny Anthrop",53,8,11,6.625,21.878033159804,0.412793078486867,2.7347541449755,510,9.62264150943396,63.75,0.471698113207547,33,53,0.622641509433962,3,0,191,150,271,391,430,142,140,76,"P5"
"2509","Purdue","fbs","Big Ten",2014,534770,"Austin Appleby",3,3,11,1,14.953112206582,4.98437073552733,4.98437073552733,109,36.3333333333333,36.3333333333333,1,3,3,1,2,0,NA,NA,NA,NA,NA,NA,NA,NA,"P5"
"2509","Purdue","fbs","Big Ten",2014,534789,"B.J. Knauf",17,4,11,4.25,9.30937208961531,0.547610122918548,2.32734302240383,106,6.23529411764706,26.5,0.411764705882353,15,17,0.882352941176471,1,0,NA,NA,NA,NA,NA,NA,NA,NA,"P5"
"2509","Purdue","fbs","Big Ten",2014,534794,"Cameron Posey",30,7,11,4.28571428571429,-2.63368959481649,-0.0877896531605497,-0.37624137068807,146,4.86666666666667,20.8571428571429,0.4,17,30,0.566666666666667,0,0,579,583,584,528,541.5,580,592,531,"P5"
"2509","Purdue","fbs","Big Ten",2014,550172,"Keyante Green",4,3,11,1.33333333333333,-1.87355637309698,-0.468389093274244,-0.624518791032326,11,2.75,3.66666666666667,0.5,2,4,0.5,0,0,NA,NA,NA,NA,NA,NA,NA,NA,"P5"
"2509","Purdue","fbs","Big Ten",2014,550180,"Dan Monteroso",4,1,11,4,-5.63449714565447,-1.40862428641362,-5.63449714565447,4,1,4,0,1,4,0.25,0,0,NA,NA,NA,NA,NA,NA,NA,NA,"P5"
"2509","Purdue","fbs","Big Ten",2014,550190,"DeAngelo Yancey",18,6,11,3,7.07998962635679,0.393332757019822,1.17999827105946,117,6.5,19.5,0.5,8,18,0.444444444444444,2,0,NA,NA,NA,NA,NA,NA,NA,NA,"P5"
"2509","Purdue","fbs","Big Ten",2014,3116193,"Trae Hart",16,4,11,4,-3.89713242937608,-0.243570776836005,-0.974283107344021,80,5,20,0.375,9,16,0.5625,0,0,NA,NA,NA,NA,NA,NA,NA,NA,"P5"
"2509","Purdue","fbs","Big Ten",2014,3116198,"Jordan Jurasevich",1,1,11,1,-0.70734495355102,-0.70734495355102,-0.70734495355102,2,2,2,0,1,1,1,0,0,NA,NA,NA,NA,NA,NA,NA,NA,"P5"
"2509","Purdue","fbs","Big Ten",2014,3116204,"Gregory Phillips",20,6,11,3.33333333333333,7.22922967449091,0.361461483724545,1.20487161241515,151,7.55,25.1666666666667,0.5,10,20,0.5,0,0,NA,NA,NA,NA,NA,NA,NA,NA,"P5"
"251","Texas","fbs","Big 12",2014,501934,"John Harris",94,12,12,7.83333333333333,62.9644645711861,0.669834729480703,5.24703871426551,971,10.3297872340426,80.9166666666667,0.595744680851064,61,94,0.648936170212766,6,1,12,23,77,98,380,15,92,31,"P5"
"251","Texas","fbs","Big 12",2014,511279,"M.J. McFarland",12,8,12,1.5,2.95334153396657,0.246111794497214,0.369167691745821,53,4.41666666666667,6.625,0.666666666666667,11,12,0.916666666666667,2,0,NA,NA,NA,NA,NA,NA,NA,NA,"P5"
"251","Texas","fbs","Big 12",2014,511290,"Jaxon Shipley",84,11,12,7.63636363636364,8.91046836667093,0.10607700436513,0.810042578788266,570,6.78571428571429,51.8181818181818,0.464285714285714,58,84,0.69047619047619,1,2,418,452,503,413.5,266.5,107,447,145,"P5"
"251","Texas","fbs","Big 12",2014,512837,"Malcolm Brown",19,9,12,2.11111111111111,-6.74620039137462,-0.355063178493401,-0.749577821263847,65,3.42105263157895,7.22222222222222,0.315789473684211,15,19,0.789473684210526,0,0,NA,NA,NA,NA,NA,NA,NA,NA,"P5"
"251","Texas","fbs","Big 12",2014,531064,"Alex De La Torre",1,1,12,1,2.08836611436788,2.08836611436788,2.08836611436788,23,23,23,1,1,1,1,0,0,NA,NA,NA,NA,NA,NA,NA,NA,"P5"
"251","Texas","fbs","Big 12",2014,531069,"Johnathan Gray",29,12,12,2.41666666666667,-10.7693203840692,-0.37135587531273,-0.897443365339097,116,4,9.66666666666667,0.379310344827586,19,29,0.655172413793103,0,0,622,619,626,555.5,364.5,609,620,626,"P5"
"251","Texas","fbs","Big 12",2014,531076,"Daje Johnson",4,3,12,1.33333333333333,-3.57486023419878,-0.893715058549696,-1.19162007806626,-7,-1.75,-2.33333333333333,0,2,4,0.5,0,0,NA,NA,NA,NA,NA,NA,NA,NA,"P5"
"251","Texas","fbs","Big 12",2014,531077,"Marcus Johnson",50,12,12,4.16666666666667,-1.22554456461975,-0.0245108912923951,-0.102128713718313,308,6.16,25.6666666666667,0.38,26,50,0.52,1,1,571,567,565,554,589.5,329,510,460,"P5"
"251","Texas","fbs","Big 12",2014,544911,"Ty Templin",1,1,12,1,0.414247123973836,0.414247123973836,0.414247123973836,7,7,7,1,1,1,1,0,0,NA,NA,NA,NA,NA,NA,NA,NA,"P5"
"251","Texas","fbs","Big 12",2014,547337,"Geoff Swaim",15,6,12,2.5,0.250946378180649,0.0167297585453766,0.0418243963634416,70,4.66666666666667,11.6666666666667,0.4,10,15,0.666666666666667,1,0,NA,NA,NA,NA,NA,NA,NA,NA,"P5"
"251","Texas","fbs","Big 12",2014,547338,"Tyrone Swoopes",2,2,12,1,11.7403765645233,5.87018828226163,5.87018828226163,92,46,46,1,2,2,1,2,0,NA,NA,NA,NA,NA,NA,NA,NA,"P5"
"251","Texas","fbs","Big 12",2014,550543,"Jacorey Warrick",9,5,12,1.8,4.8891867641486,0.543242973794289,0.97783735282972,81,9,16.2,0.777777777777778,7,9,0.777777777777778,0,0,NA,NA,NA,NA,NA,NA,NA,NA,"P5"
"251","Texas","fbs","Big 12",2014,3125115,"Armanti Foreman",12,6,12,2,6.24974449186869,0.520812040989058,1.04162408197812,115,9.58333333333333,19.1666666666667,0.5,9,12,0.75,1,0,NA,NA,NA,NA,NA,NA,NA,NA,"P5"
"251","Texas","fbs","Big 12",2014,3125116,"D'Onta Foreman",1,1,12,1,0.272217795406577,0.272217795406577,0.272217795406577,7,7,7,1,1,1,1,0,0,NA,NA,NA,NA,NA,NA,NA,NA,"P5"
"251","Texas","fbs","Big 12",2014,3125122,"Lorenzo Joe",3,3,12,1,1.77083533614913,0.590278445383043,0.590278445383043,36,12,12,0.666666666666667,3,3,1,0,0,NA,NA,NA,NA,NA,NA,NA,NA,"P5"
"251","Texas","fbs","Big 12",2014,3125123,"Dorian Leonard",1,1,12,1,0.594310510084936,0.594310510084936,0.594310510084936,7,7,7,1,1,1,1,0,0,NA,NA,NA,NA,NA,NA,NA,NA,"P5"
"252","BYU","fbs","FBS Independents",2014,381494,"Christian Stewart",5,3,11,1.66666666666667,16.9125169373174,3.38250338746348,5.63750564577247,150,30,50,1,5,5,1,5,0,NA,NA,NA,NA,NA,NA,NA,NA,"G5"
"252","BYU","fbs","FBS Independents",2014,487641,"Mitch Mathews",91,11,11,8.27272727272727,41.9669225900806,0.461174973517369,3.81517478091641,722,7.93406593406593,65.6363636363636,0.56043956043956,59,91,0.648351648351648,5,1,52,74,232,180,381,46,310,67,"G5"
"252","BYU","fbs","FBS Independents",2014,500691,"Jordan Leslie",82,11,11,7.45454545454545,34.7911873219242,0.424282772218588,3.16283521108402,720,8.78048780487805,65.4545454545455,0.451219512195122,51,82,0.621951219512195,4,0,84,109,259,441,432,47,216,68,"G5"
"252","BYU","fbs","FBS Independents",2014,501562,"Ross Apo",1,1,11,1,1.65358378083034,1.65358378083034,1.65358378083034,13,13,13,1,1,1,1,0,0,NA,NA,NA,NA,NA,NA,NA,NA,"G5"
"252","BYU","fbs","FBS Independents",2014,502429,"Algernon Brown",16,5,11,3.2,9.63425593476007,0.602140995922504,1.92685118695201,132,8.25,26.4,0.6875,13,16,0.8125,1,0,NA,NA,NA,NA,NA,NA,NA,NA,"G5"
"252","BYU","fbs","FBS Independents",2014,502447,"Devin Mahina",19,8,11,2.375,6.65645585729868,0.350339781963089,0.832056982162335,138,7.26315789473684,17.25,0.578947368421053,14,19,0.736842105263158,2,0,NA,NA,NA,NA,NA,NA,NA,NA,"G5"
"252","BYU","fbs","FBS Independents",2014,506420,"Keanu Nelson",6,3,11,2,0.132980646519721,0.0221634410866201,0.0443268821732403,35,5.83333333333333,11.6666666666667,0.333333333333333,4,6,0.666666666666667,1,0,NA,NA,NA,NA,NA,NA,NA,NA,"G5"
"252","BYU","fbs","FBS Independents",2014,511441,"Devon Blackmon",12,3,11,4,6.92616235849523,0.577180196541269,2.30872078616508,116,9.66666666666667,38.6666666666667,0.583333333333333,9,12,0.75,0,0,NA,NA,NA,NA,NA,NA,NA,NA,"G5"
"252","BYU","fbs","FBS Independents",2014,515500,"Terenn Houk",25,10,11,2.5,6.27775582724251,0.2511102330897,0.627775582724251,187,7.48,18.7,0.52,17,25,0.68,1,0,463,480,399,274.5,288.5,508.5,362,559,"G5"
"252","BYU","fbs","FBS Independents",2014,518337,"Adam Hine",7,5,11,1.4,2.31201440523518,0.330287772176455,0.462402881047036,32,4.57142857142857,6.4,0.571428571428571,6,7,0.857142857142857,1,0,NA,NA,NA,NA,NA,NA,NA,NA,"G5"
"252","BYU","fbs","FBS Independents",2014,520575,"Kurt Henderson",3,2,11,1.5,3.322420791626,1.10747359720867,1.661210395813,44,14.6666666666667,22,0.666666666666667,2,3,0.666666666666667,0,0,NA,NA,NA,NA,NA,NA,NA,NA,"G5"
"252","BYU","fbs","FBS Independents",2014,530624,"Paul Lasike",25,9,11,2.77777777777778,-3.69608229118818,-0.147843291647527,-0.41067581013202,185,7.4,20.5555555555556,0.4,20,25,0.8,0,0,588,588,598,528,64,518,369.5,536.5,"G5"
"252","BYU","fbs","FBS Independents",2014,536136,"Jamaal Williams",10,5,11,2,-0.906118959928175,-0.0906118959928175,-0.181223791985635,47,4.7,9.4,0.3,8,10,0.8,0,0,NA,NA,NA,NA,NA,NA,NA,NA,"G5"
"252","BYU","fbs","FBS Independents",2014,551050,"Colby Pearson",19,6,11,3.16666666666667,15.6781542102026,0.825166011063293,2.61302570170043,189,9.94736842105263,31.5,0.578947368421053,15,19,0.789473684210526,2,0,NA,NA,NA,NA,NA,NA,NA,NA,"G5"
"252","BYU","fbs","FBS Independents",2014,554838,"Mitchell Juergens",32,9,11,3.55555555555556,15.6124093435516,0.487887791985987,1.73471214928351,313,9.78125,34.7777777777778,0.4375,22,32,0.6875,3,1,296,304,212,463.5,274.5,324,127,332,"G5"
"252","BYU","fbs","FBS Independents",2014,3138838,"Trey Dye",3,2,11,1.5,-1.76227040225872,-0.587423467419575,-0.881135201129362,8,2.66666666666667,4,0,3,3,1,0,0,NA,NA,NA,NA,NA,NA,NA,NA,"G5"
"254","Utah","fbs","Pac-12",2014,503036,"Dres Anderson",30,5,11,6,4.00378915302979,0.133459638434326,0.800757830605958,202,6.73333333333333,40.4,0.366666666666667,17,30,0.566666666666667,3,0,499,458,486,570.5,541.5,480.5,452,248.5,"P5"
"254","Utah","fbs","Pac-12",2014,503054,"Kenneth Scott",59,10,11,5.9,18.2651945800528,0.309579569153437,1.82651945800528,385,6.52542372881356,38.5,0.525423728813559,37,59,0.627118644067797,2,0,251,279,361,259,426,239,474,270.5,"P5"
"254","Utah","fbs","Pac-12",2014,503059,"Westlee Tonga",38,8,11,4.75,13.5567361500855,0.356756214475934,1.69459201876069,298,7.84210526315789,37.25,0.447368421052632,22,38,0.578947368421053,3,0,333,310,321,451.5,527.5,346.5,321,293,"P5"
"254","Utah","fbs","Pac-12",2014,504726,"Kaelin Clay",54,10,11,5.4,-0.949284372199214,-0.0175793402259114,-0.0949284372199214,341,6.31481481481481,34.1,0.462962962962963,35,54,0.648148148148148,3,1,566,566,561,417,382,284,494,347,"P5"
"254","Utah","fbs","Pac-12",2014,514737,"Kendal Thompson",1,1,11,1,3.74245399675553,3.74245399675553,3.74245399675553,42,42,42,1,1,1,1,1,0,NA,NA,NA,NA,NA,NA,NA,NA,"P5"
"254","Utah","fbs","Pac-12",2014,531036,"Delshawn McClellon",3,3,11,1,4.31334912620678,1.43778304206893,1.43778304206893,64,21.3333333333333,21.3333333333333,0.666666666666667,3,3,1,0,0,NA,NA,NA,NA,NA,NA,NA,NA,"P5"
"254","Utah","fbs","Pac-12",2014,531051,"Travis Wilson",3,2,11,1.5,7.61094658360424,2.53698219453475,3.80547329180212,44,14.6666666666667,22,1,3,3,1,3,0,NA,NA,NA,NA,NA,NA,NA,NA,"P5"
"254","Utah","fbs","Pac-12",2014,537727,"Bubba Poole",12,6,11,2,-2.39209268249854,-0.199341056874878,-0.398682113749756,75,6.25,12.5,0.166666666666667,10,12,0.833333333333333,0,0,NA,NA,NA,NA,NA,NA,NA,NA,"P5"
"254","Utah","fbs","Pac-12",2014,550220,"Siale Fakailoatonga",1,1,11,1,0.654299184041995,0.654299184041995,0.654299184041995,26,26,26,1,1,1,1,0,0,NA,NA,NA,NA,NA,NA,NA,NA,"P5"
"254","Utah","fbs","Pac-12",2014,550225,"Andre Lewis",1,1,11,1,3.33860967916331,3.33860967916331,3.33860967916331,45,45,45,1,1,1,1,1,0,NA,NA,NA,NA,NA,NA,NA,NA,"P5"
"254","Utah","fbs","Pac-12",2014,3122866,"Devontae Booker",38,11,11,3.45454545454545,-5.28800636793965,-0.139158062314201,-0.480727851630878,185,4.86842105263158,16.8181818181818,0.394736842105263,34,38,0.894736842105263,0,1,605,595,595,537,10,518,591,587,"P5"
"254","Utah","fbs","Pac-12",2014,3122887,"Kenric Young",1,1,11,1,-1.07622671925418,-1.07622671925418,-1.07622671925418,-1,-1,-1,0,1,1,1,0,0,NA,NA,NA,NA,NA,NA,NA,NA,"P5"
"254","Utah","fbs","Pac-12",2014,3134341,"Jameson Field",1,1,11,1,0.81300091509982,0.81300091509982,0.81300091509982,17,17,17,1,1,1,1,0,0,NA,NA,NA,NA,NA,NA,NA,NA,"P5"
"254","Utah","fbs","Pac-12",2014,3134353,"Tim Patrick",20,7,11,2.85714285714286,0.316420306594503,0.0158210153297251,0.0452029009420718,167,8.35,23.8571428571429,0.6,15,20,0.75,0,1,NA,NA,NA,NA,NA,NA,NA,NA,"P5"
"2567","SMU","fbs","American Athletic",2014,503471,"Kevin Pope",12,3,12,4,-6.98891998504903,-0.582409998754086,-2.32963999501634,24,2,8,0.0833333333333333,7,12,0.583333333333333,0,1,NA,NA,NA,NA,NA,NA,NA,NA,"G5"
"2567","SMU","fbs","American Athletic",2014,503475,"Der'rikk Thompson",65,9,12,7.22222222222222,13.5681690641293,0.208741062525066,1.50757434045881,512,7.87692307692308,56.8888888888889,0.4,31,65,0.476923076923077,1,0,332,336,438,528,617,141,319,110,"G5"
"2567","SMU","fbs","American Athletic",2014,514915,"Darius Joseph",82,10,12,8.2,-11.1174967297623,-0.135579228411735,-1.11174967297623,379,4.6219512195122,37.9,0.378048780487805,54,82,0.658536585365854,2,0,625,623,593,557,349,245.5,604,282.5,"G5"
"2567","SMU","fbs","American Athletic",2014,514921,"K.C. Nlemchi",20,6,12,3.33333333333333,7.01376198803695,0.350688099401847,1.16896033133949,131,6.55,21.8333333333333,0.55,16,20,0.8,0,0,NA,NA,NA,NA,NA,NA,NA,NA,"G5"
"2567","SMU","fbs","American Athletic",2014,519816,"Luke Seeker",5,3,12,1.66666666666667,-3.88501840844696,-0.777003681689392,-1.29500613614899,6,1.2,2,0,3,5,0.6,0,0,NA,NA,NA,NA,NA,NA,NA,NA,"G5"
"2567","SMU","fbs","American Athletic",2014,536149,"Prescott Line",16,10,12,1.6,-6.9836717457324,-0.436479484108275,-0.69836717457324,41,2.5625,4.1,0.1875,10,16,0.625,0,0,NA,NA,NA,NA,NA,NA,NA,NA,"G5"
"2567","SMU","fbs","American Athletic",2014,536154,"Stephen Nelson",35,9,12,3.88888888888889,8.65304014523099,0.247229718435171,0.961448905025666,200,5.71428571428571,22.2222222222222,0.542857142857143,28,35,0.8,0,1,426,429,403,221,64,483.5,543,513,"G5"
"2567","SMU","fbs","American Athletic",2014,536166,"Aaron Stafford",1,1,12,1,-0.038709362306302,-0.038709362306302,-0.038709362306302,6,6,6,0,1,1,1,0,0,NA,NA,NA,NA,NA,NA,NA,NA,"G5"
"2567","SMU","fbs","American Athletic",2014,536167,"Daijuan Stewart",8,4,12,2,0.348560906028159,0.0435701132535198,0.0871402265070397,32,4,8,0.375,5,8,0.625,0,0,NA,NA,NA,NA,NA,NA,NA,NA,"G5"
"2567","SMU","fbs","American Athletic",2014,545339,"Jeremiah Gaines",6,3,12,2,7.84830189390297,1.3080503156505,2.61610063130099,97,16.1666666666667,32.3333333333333,0.666666666666667,4,6,0.666666666666667,1,0,NA,NA,NA,NA,NA,NA,NA,NA,"G5"
"2567","SMU","fbs","American Athletic",2014,545341,"Nate Halverson",25,7,12,3.57142857142857,13.8288192652581,0.553152770610326,1.97554560932259,162,6.48,23.1428571428571,0.48,16,25,0.64,1,0,329,248,147,369.5,397,550,480,501,"G5"
"2567","SMU","fbs","American Athletic",2014,545345,"Cedric Lancaster",19,5,12,3.8,-7.52563686536619,-0.396086150808747,-1.50512737307324,93,4.89473684210526,18.6,0.210526315789474,12,19,0.631578947368421,0,0,NA,NA,NA,NA,NA,NA,NA,NA,"G5"
"2567","SMU","fbs","American Athletic",2014,545347,"Justin Lawler",1,1,12,1,2.59634608774226,2.59634608774226,2.59634608774226,3,3,3,1,1,1,1,1,0,NA,NA,NA,NA,NA,NA,NA,NA,"G5"
"2567","SMU","fbs","American Athletic",2014,545355,"Deion Sanders Jr.",31,7,12,4.42857142857143,7.39936562923428,0.238689213846267,1.05705223274775,188,6.06451612903226,26.8571428571429,0.451612903225806,23,31,0.741935483870968,0,0,441,412,413,439,137,504,515,446,"G5"
"2567","SMU","fbs","American Athletic",2014,3128414,"Darius Durall",5,3,12,1.66666666666667,-3.26272528747852,-0.652545057495703,-1.08757509582617,15,3,5,0,4,5,0.8,0,0,NA,NA,NA,NA,NA,NA,NA,NA,"G5"
"2567","SMU","fbs","American Athletic",2014,3128429,"Courtland Sutton",2,1,12,2,3.81301322141848,1.90650661070924,3.81301322141848,27,13.5,27,1,2,2,1,0,0,NA,NA,NA,NA,NA,NA,NA,NA,"G5"
"2567","SMU","fbs","American Athletic",2014,3128430,"Shelby Walker",13,6,12,2.16666666666667,4.32657887549098,0.332813759653152,0.721096479248497,68,5.23076923076923,11.3333333333333,0.461538461538462,7,13,0.538461538461538,0,0,NA,NA,NA,NA,NA,NA,NA,NA,"G5"
"2567","SMU","fbs","American Athletic",2014,3139669,"Ryheem Malone",12,4,12,3,-6.48124661393531,-0.540103884494609,-1.62031165348383,37,3.08333333333333,9.25,0.416666666666667,5,12,0.416666666666667,0,0,NA,NA,NA,NA,NA,NA,NA,NA,"G5"
"2572","Southern Miss","fbs","Conference USA",2014,503482,"Markese Triplett",51,10,11,5.1,18.9309397870309,0.371194897784919,1.89309397870309,491,9.62745098039216,49.1,0.549019607843137,35,51,0.686274509803922,1,2,243,268,309,203.5,279.5,153.5,139,162,"G5"
"2572","Southern Miss","fbs","Conference USA",2014,512500,"Casey Martin",56,9,11,6.22222222222222,9.83550356785807,0.17563399228318,1.09283372976201,377,6.73214285714286,41.8888888888889,0.482142857142857,42,56,0.75,1,1,401,403,459,363.5,117.5,247.5,453,231,"G5"
"2572","Southern Miss","fbs","Conference USA",2014,514469,"Kyle Foster",17,6,11,2.83333333333333,-3.1225272662716,-0.183678074486565,-0.520421211045267,115,6.76470588235294,19.1666666666667,0.411764705882353,9,17,0.529411764705882,0,0,NA,NA,NA,NA,NA,NA,NA,NA,"G5"
"2572","Southern Miss","fbs","Conference USA",2014,531791,"Jalen Richard",38,7,11,5.42857142857143,0.0920883083017411,0.00242337653425634,0.0131554726145344,184,4.84210526315789,26.2857142857143,0.368421052631579,24,38,0.631578947368421,1,1,551,549,552,567,415,521.5,596,452,"G5"
"2572","Southern Miss","fbs","Conference USA",2014,531792,"Kyle Sloter",2,1,11,2,-1.17141574596211,-0.585707872981053,-1.17141574596211,4,2,4,0.5,1,2,0.5,0,0,NA,NA,NA,NA,NA,NA,NA,NA,"G5"
"2572","Southern Miss","fbs","Conference USA",2014,531796,"D.J. Thompson",24,9,11,2.66666666666667,14.8262135936647,0.617758899736031,1.64735706596275,194,8.08333333333333,21.5555555555556,0.5,18,24,0.75,0,0,312,315,118,317.5,117.5,494,294,521.5,"G5"
"2572","Southern Miss","fbs","Conference USA",2014,532089,"Cole Weeks",1,1,11,1,6.08376865448071,6.08376865448071,6.08376865448071,55,55,55,1,1,1,1,1,0,NA,NA,NA,NA,NA,NA,NA,NA,"G5"
"2572","Southern Miss","fbs","Conference USA",2014,552869,"James Cox",18,7,11,2.57142857142857,14.3152666277339,0.795292590429663,2.04503808967628,184,10.2222222222222,26.2857142857143,0.555555555555556,13,18,0.722222222222222,1,0,NA,NA,NA,NA,NA,NA,NA,NA,"G5"
"2572","Southern Miss","fbs","Conference USA",2014,552882,"George Payne",11,5,11,2.2,8.73961296979383,0.794510269981258,1.74792259395877,109,9.90909090909091,21.8,0.454545454545455,8,11,0.727272727272727,1,0,NA,NA,NA,NA,NA,NA,NA,NA,"G5"
"2572","Southern Miss","fbs","Conference USA",2014,552885,"Marquise Ricard",50,11,11,4.54545454545455,12.2166367020874,0.244332734041749,1.1106033365534,357,7.14,32.4545454545455,0.4,26,50,0.52,1,0,360,399,407,528,589.5,264.5,407,368,"G5"
"2572","Southern Miss","fbs","Conference USA",2014,3123962,"Daythan Davis",12,7,11,1.71428571428571,2.77490750915977,0.231242292429981,0.396415358451396,87,7.25,12.4285714285714,0.5,9,12,0.75,0,0,NA,NA,NA,NA,NA,NA,NA,NA,"G5"
"2572","Southern Miss","fbs","Conference USA",2014,3123969,"Ito Smith",11,6,11,1.83333333333333,1.36165758824226,0.123787053476569,0.226942931373711,61,5.54545454545455,10.1666666666667,0.272727272727273,6,11,0.545454545454545,0,0,NA,NA,NA,NA,NA,NA,NA,NA,"G5"
"2572","Southern Miss","fbs","Conference USA",2014,3123972,"Curtis Mikell",4,2,11,2,2.15520156589333,0.538800391473331,1.07760078294666,33,8.25,16.5,0.75,4,4,1,0,0,NA,NA,NA,NA,NA,NA,NA,NA,"G5"
"2572","Southern Miss","fbs","Conference USA",2014,3123986,"Michael Thomas",58,9,11,6.44444444444444,23.1402142503609,0.398969211213119,2.57113491670677,553,9.53448275862069,61.4444444444444,0.517241379310345,37,58,0.637931034482759,5,1,177,171,288,282.5,403,113,150,87,"G5"
"2572","Southern Miss","fbs","Conference USA",2014,3129224,"Tez Parks",6,3,11,2,-0.522817417245148,-0.0871362362075247,-0.174272472415049,26,4.33333333333333,8.66666666666667,0.5,4,6,0.666666666666667,0,1,NA,NA,NA,NA,NA,NA,NA,NA,"G5"
"2579","South Carolina","fbs","SEC",2014,504279,"Cody Gibson",2,2,11,1,2.1052955069856,1.0526477534928,1.0526477534928,27,13.5,13.5,0.5,1,2,0.5,0,0,NA,NA,NA,NA,NA,NA,NA,NA,"P5"
"2579","South Carolina","fbs","SEC",2014,504284,"Nick Jones",54,11,11,4.90909090909091,27.9669983109084,0.517907376127933,2.54245439190076,483,8.94444444444444,43.9090909090909,0.574074074074074,38,54,0.703703703703704,4,1,128,175,178,146,235,161,203,214,"P5"
"2579","South Carolina","fbs","SEC",2014,504285,"Connor McLaurin",1,1,11,1,-0.928563575886396,-0.928563575886396,-0.928563575886396,0,0,0,0,1,1,1,0,0,NA,NA,NA,NA,NA,NA,NA,NA,"P5"
"2579","South Carolina","fbs","SEC",2014,504295,"Dylan Thompson",7,5,11,1.4,22.465966833359,3.209423833337,4.49319336667179,183,26.1428571428571,36.6,1,7,7,1,6,0,NA,NA,NA,NA,NA,NA,NA,NA,"P5"
"2579","South Carolina","fbs","SEC",2014,515812,"Rory Anderson",39,7,11,5.57142857142857,0.179605840443394,0.00460527796008701,0.0256579772061991,236,6.05128205128205,33.7142857142857,0.41025641025641,21,39,0.538461538461538,1,0,548,546,548,509,569,432.5,516,356,"P5"
"2579","South Carolina","fbs","SEC",2014,515815,"K.J. Brent",6,4,11,1.5,8.89463298569777,1.48243883094963,2.22365824642444,70,11.6666666666667,17.5,0.833333333333333,5,6,0.833333333333333,1,0,NA,NA,NA,NA,NA,NA,NA,NA,"P5"
"2579","South Carolina","fbs","SEC",2014,515818,"Damiere Byrd",33,10,11,3.3,9.09692044305334,0.275664255850101,0.909692044305334,224,6.78787878787879,22.4,0.363636363636364,15,33,0.454545454545455,2,0,415,434,382,574.5,620,450,446,511,"P5"
"2579","South Carolina","fbs","SEC",2014,515819,"Shon Carson",4,3,11,1.33333333333333,2.09610894538536,0.524027236346339,0.698702981795119,33,8.25,11,0.5,4,4,1,0,0,NA,NA,NA,NA,NA,NA,NA,NA,"P5"
"2579","South Carolina","fbs","SEC",2014,515831,"Shamier Jeffery",1,1,11,1,-0.204284191357423,-0.204284191357423,-0.204284191357423,4,4,4,0,1,1,1,0,0,NA,NA,NA,NA,NA,NA,NA,NA,"P5"
"2579","South Carolina","fbs","SEC",2014,517466,"Brandon Wilds",19,9,11,2.11111111111111,1.42789326436896,0.0751522770720506,0.158654807152107,139,7.31578947368421,15.4444444444444,0.526315789473684,16,19,0.842105263157895,1,0,NA,NA,NA,NA,NA,NA,NA,NA,"P5"
"2579","South Carolina","fbs","SEC",2014,535353,"Jerell Adams",21,6,11,3.5,13.0605863890687,0.621932685193747,2.17676439817811,183,8.71428571428571,30.5,0.666666666666667,17,21,0.80952380952381,0,0,341,206,115,27.5,53.5,523,225,399,"P5"
"2579","South Carolina","fbs","SEC",2014,535370,"Shaq Roland",41,8,11,5.125,-3.29156465546221,-0.0802820647673709,-0.411445581932776,282,6.8780487804878,35.25,0.463414634146341,23,41,0.560975609756098,2,1,584,589,581,415.5,550.5,364,435,323,"P5"
"2579","South Carolina","fbs","SEC",2014,545218,"Mike Davis",36,11,11,3.27272727272727,14.0867384310792,0.391298289752201,1.28061258464357,325,9.02777777777778,29.5454545454545,0.472222222222222,29,36,0.805555555555556,1,1,326,376,294,389,58.5,307.5,195,415,"P5"
"2579","South Carolina","fbs","SEC",2014,548155,"David Williams",7,3,11,2.33333333333333,4.40083203092533,0.62869029013219,1.46694401030844,85,12.1428571428571,28.3333333333333,0.428571428571429,6,7,0.857142857142857,0,0,NA,NA,NA,NA,NA,NA,NA,NA,"P5"
"2579","South Carolina","fbs","SEC",2014,548173,"Pharoh Cooper",81,11,11,7.36363636363636,51.9262446029058,0.641064748184022,4.72056769117325,817,10.0864197530864,74.2727272727273,0.567901234567901,54,81,0.666666666666667,6,1,23,36,99,165,324.5,37.5,108,40,"P5"
"258","Virginia","fbs","ACC",2014,501177,"Miles Gooch",38,7,11,5.42857142857143,17.0054456255627,0.447511726988492,2.42934937508039,358,9.42105263157895,51.1428571428571,0.5,24,38,0.631578947368421,1,1,269,186,243,317.5,415,263,161,150,"P5"
"258","Virginia","fbs","ACC",2014,501180,"Kevin Parks",36,10,11,3.6,-2.82945515647486,-0.0785959765687462,-0.282945515647486,175,4.86111111111111,17.5,0.388888888888889,29,36,0.805555555555556,2,0,581,578,578,543.5,58.5,532,594,581,"P5"
"258","Virginia","fbs","ACC",2014,501188,"Khalek Shepherd",17,9,11,1.88888888888889,1.44268621449472,0.0848638949702774,0.160298468277191,75,4.41176470588235,8.33333333333333,0.352941176470588,13,17,0.764705882352941,3,0,NA,NA,NA,NA,NA,NA,NA,NA,"P5"
"258","Virginia","fbs","ACC",2014,501204,"Zachary Swanson",18,8,11,2.25,16.9828874802795,0.943493748904416,2.12286093503494,185,10.2777777777778,23.125,0.666666666666667,14,18,0.777777777777778,2,0,NA,NA,NA,NA,NA,NA,NA,NA,"P5"
"258","Virginia","fbs","ACC",2014,511361,"David Watford",2,2,11,1,-0.750871096075096,-0.375435548037548,-0.375435548037548,7,3.5,3.5,0.5,1,2,0.5,0,0,NA,NA,NA,NA,NA,NA,NA,NA,"P5"
"258","Virginia","fbs","ACC",2014,511362,"Darius Jennings",31,10,11,3.1,30.7460474123714,0.991807981044237,3.07460474123714,404,13.0322580645161,40.4,0.580645161290323,21,31,0.67741935483871,0,0,104,115,12,129,294.5,219.5,10,248.5,"P5"
"258","Virginia","fbs","ACC",2014,511390,"Rob Burns",1,1,11,1,0.505727327114477,0.505727327114477,0.505727327114477,8,8,8,1,1,1,1,0,0,NA,NA,NA,NA,NA,NA,NA,NA,"P5"
"258","Virginia","fbs","ACC",2014,530521,"Greyson Lambert",4,2,11,2,10.1896205133274,2.54740512833185,5.09481025666369,77,19.25,38.5,1,4,4,1,3,0,NA,NA,NA,NA,NA,NA,NA,NA,"P5"
"258","Virginia","fbs","ACC",2014,535548,"Matt Johns",2,1,11,2,8.96163144442829,4.48081572221415,8.96163144442829,52,26,52,1,2,2,1,2,0,NA,NA,NA,NA,NA,NA,NA,NA,"P5"
"258","Virginia","fbs","ACC",2014,535618,"Canaan Severin",56,11,11,5.09090909090909,21.7935472851027,0.389170487233976,1.98123157137297,522,9.32142857142857,47.4545454545455,0.571428571428571,39,56,0.696428571428571,2,1,194,247,296,156,252,131,168,179,"P5"
"258","Virginia","fbs","ACC",2014,535620,"Kyle Dockins",7,5,11,1.4,5.79437382369878,0.827767689099825,1.15887476473976,37,5.28571428571429,7.4,0.571428571428571,4,7,0.571428571428571,1,0,NA,NA,NA,NA,NA,NA,NA,NA,"P5"
"258","Virginia","fbs","ACC",2014,548045,"Taquan Mizzell",44,11,11,4,5.96289349831122,0.1355203067798,0.542081227119201,245,5.56818181818182,22.2727272727273,0.431818181818182,34,44,0.772727272727273,0,0,470,491,484,476.5,88,418.5,553,512,"P5"
"258","Virginia","fbs","ACC",2014,548047,"Andre Levrone",27,7,11,3.85714285714286,-1.63952032891024,-0.0607229751448237,-0.23421718984432,199,7.37037037037037,28.4285714285714,0.407407407407407,12,27,0.444444444444444,0,0,573,575,573,518,622.5,486.5,374,428,"P5"
"258","Virginia","fbs","ACC",2014,548050,"Daniel Hamm",1,1,11,1,1.04075823298467,1.04075823298467,1.04075823298467,10,10,10,1,1,1,1,0,0,NA,NA,NA,NA,NA,NA,NA,NA,"P5"
"258","Virginia","fbs","ACC",2014,548054,"Connor Wingo-Reeves",3,3,11,1,1.70011691390625,0.566705637968751,0.566705637968751,25,8.33333333333333,8.33333333333333,1,3,3,1,0,0,NA,NA,NA,NA,NA,NA,NA,NA,"P5"
"258","Virginia","fbs","ACC",2014,548066,"Keeon Johnson",13,6,11,2.16666666666667,4.05228604387446,0.311714311067266,0.67538100731241,140,10.7692307692308,23.3333333333333,0.615384615384615,12,13,0.923076923076923,0,0,NA,NA,NA,NA,NA,NA,NA,NA,"P5"
"258","Virginia","fbs","ACC",2014,3124028,"Doni Dowling",19,7,11,2.71428571428571,-3.3625072875006,-0.17697406776319,-0.480358183928657,121,6.36842105263158,17.2857142857143,0.315789473684211,15,19,0.789473684210526,0,0,NA,NA,NA,NA,NA,NA,NA,NA,"P5"
"259","Virginia Tech","fbs","ACC",2014,501210,"Willie Byrn",51,10,11,5.1,2.85497293672791,0.0559798615044689,0.285497293672791,319,6.25490196078431,31.9,0.470588235294118,40,51,0.784313725490196,0,1,513,519,525,393.5,77.5,314.5,498,374,"P5"
"259","Virginia Tech","fbs","ACC",2014,514481,"Michael Brewer",1,1,11,1,0.241889667331563,0.241889667331563,0.241889667331563,5,5,5,1,1,1,1,0,0,NA,NA,NA,NA,NA,NA,NA,NA,"P5"
"259","Virginia Tech","fbs","ACC",2014,515565,"Demitri Knowles",2,1,11,2,2.45535145365489,1.22767572682744,2.45535145365489,17,8.5,17,1,2,2,1,0,0,NA,NA,NA,NA,NA,NA,NA,NA,"P5"
"259","Virginia Tech","fbs","ACC",2014,515567,"Ryan Malleck",23,6,11,3.83333333333333,9.28354078220198,0.403632207921825,1.54725679703366,151,6.56521739130435,25.1666666666667,0.434782608695652,19,23,0.826086956521739,1,0,409,328,282,470,41.5,573,471,472,"P5"
"259","Virginia Tech","fbs","ACC",2014,515576,"Josh Trimble",1,1,11,1,-1.57017930851327,-1.57017930851327,-1.57017930851327,10,10,10,0,1,1,1,0,0,NA,NA,NA,NA,NA,NA,NA,NA,"P5"
"259","Virginia Tech","fbs","ACC",2014,530318,"Joshua Stanford",9,4,11,2.25,1.12579854012238,0.125088726680265,0.281449635030596,48,5.33333333333333,12,0.444444444444444,5,9,0.555555555555556,0,0,NA,NA,NA,NA,NA,NA,NA,NA,"P5"
"259","Virginia Tech","fbs","ACC",2014,530522,"J.C. Coleman",3,3,11,1,-2.94300212323497,-0.98100070774499,-0.98100070774499,0,0,0,0,2,3,0.666666666666667,0,0,NA,NA,NA,NA,NA,NA,NA,NA,"P5"
"259","Virginia Tech","fbs","ACC",2014,530527,"Joel Caleb",5,4,11,1.25,-2.0290323215797,-0.40580646431594,-0.507258080394925,58,11.6,14.5,0.8,5,5,1,0,1,NA,NA,NA,NA,NA,NA,NA,NA,"P5"
"259","Virginia Tech","fbs","ACC",2014,530531,"Trey Edmunds",1,1,11,1,-1.33641068732114,-1.33641068732114,-1.33641068732114,-3,-3,-3,0,1,1,1,0,0,NA,NA,NA,NA,NA,NA,NA,NA,"P5"
"259","Virginia Tech","fbs","ACC",2014,530542,"Donovan Riley",1,1,11,1,2.36823652965325,2.36823652965325,2.36823652965325,9,9,9,1,1,1,1,0,0,NA,NA,NA,NA,NA,NA,NA,NA,"P5"
"259","Virginia Tech","fbs","ACC",2014,547020,"Kalvin Cline",1,1,11,1,-0.574999032348171,-0.574999032348171,-0.574999032348171,3,3,3,0,1,1,1,0,0,NA,NA,NA,NA,NA,NA,NA,NA,"P5"
"259","Virginia Tech","fbs","ACC",2014,547022,"Bucky Hodges",56,11,11,5.09090909090909,22.4156557522973,0.400279567005309,2.03778688657248,479,8.55357142857143,43.5454545454545,0.482142857142857,36,56,0.642857142857143,6,0,186,233,283,363.5,392.5,163,244,217,"P5"
"259","Virginia Tech","fbs","ACC",2014,547026,"Deon Newsome",7,4,11,1.75,-2.31299224031148,-0.33042746290164,-0.57824806007787,19,2.71428571428571,4.75,0.285714285714286,7,7,1,0,0,NA,NA,NA,NA,NA,NA,NA,NA,"P5"
"259","Virginia Tech","fbs","ACC",2014,547028,"Sam Rogers",25,9,11,2.77777777777778,15.5134956036428,0.620539824145711,1.72372173373809,211,8.44,23.4444444444444,0.52,19,25,0.76,1,0,297,305,116,274.5,104,464,254,493.5,"P5"
"259","Virginia Tech","fbs","ACC",2014,3116775,"Marshawn Williams",4,3,11,1.33333333333333,-2.20232602928438,-0.550581507321095,-0.734108676428126,18,4.5,6,0.25,4,4,1,0,0,NA,NA,NA,NA,NA,NA,NA,NA,"P5"
"259","Virginia Tech","fbs","ACC",2014,3124069,"Isaiah Ford",75,11,11,6.81818181818182,49.6961955665557,0.66261594088741,4.51783596059598,622,8.29333333333333,56.5454545454545,0.573333333333333,49,75,0.653333333333333,5,0,26,43,83,149.5,373,84,264,112,"P5"
"259","Virginia Tech","fbs","ACC",2014,3124079,"Cam Phillips",48,9,11,5.33333333333333,19.0458150548781,0.396787813643294,2.11620167276423,412,8.58333333333333,45.7777777777778,0.583333333333333,35,48,0.729166666666667,3,1,240,222,289,122.5,171,211,240,196,"P5"
"26","UCLA","fbs","Pac-12",2014,511982,"Brett Hundley",13,7,11,1.85714285714286,51.171977721502,3.93630597857708,7.31028253164314,503,38.6923076923077,71.8571428571429,1,13,13,1,12,0,NA,NA,NA,NA,NA,NA,NA,NA,"P5"
"26","UCLA","fbs","Pac-12",2014,511983,"Devin Lucien",32,10,11,3.2,3.95248233352725,0.123515072922726,0.395248233352725,177,5.53125,17.7,0.4375,24,32,0.75,1,0,500,506,493,463.5,117.5,528.5,556,579,"P5"
"26","UCLA","fbs","Pac-12",2014,511984,"Steven Manfro",2,1,11,2,-2.27219253114146,-1.13609626557073,-2.27219253114146,-4,-2,-4,0,1,2,0.5,0,0,NA,NA,NA,NA,NA,NA,NA,NA,"P5"
"26","UCLA","fbs","Pac-12",2014,518128,"Tyler Scott",2,2,11,1,-1.49181549566717,-0.745907747833586,-0.745907747833586,18,9,9,0,2,2,1,0,0,NA,NA,NA,NA,NA,NA,NA,NA,"P5"
"26","UCLA","fbs","Pac-12",2014,518129,"Logan Sweet",1,1,11,1,-0.423037434897267,-0.423037434897267,-0.423037434897267,2,2,2,0,1,1,1,0,0,NA,NA,NA,NA,NA,NA,NA,NA,"P5"
"26","UCLA","fbs","Pac-12",2014,530972,"Ahmaad Harris",3,3,11,1,-0.132899838909202,-0.0442999463030673,-0.0442999463030673,23,7.66666666666667,7.66666666666667,0.666666666666667,3,3,1,0,0,NA,NA,NA,NA,NA,NA,NA,NA,"P5"
"26","UCLA","fbs","Pac-12",2014,530974,"Nate Iese",14,6,11,2.33333333333333,1.27399628883547,0.090999734916819,0.212332714805911,68,4.85714285714286,11.3333333333333,0.571428571428571,10,14,0.714285714285714,1,0,NA,NA,NA,NA,NA,NA,NA,NA,"P5"
"26","UCLA","fbs","Pac-12",2014,530981,"Jordan Payton",78,11,11,7.09090909090909,33.3459299156175,0.427511921995096,3.03144817414704,644,8.25641025641026,58.5454545454545,0.615384615384615,56,78,0.717948717948718,3,0,93,123,256,72,199.5,72,271,100,"P5"
"26","UCLA","fbs","Pac-12",2014,530982,"Paul Perkins",30,10,11,3,4.5851644881598,0.152838816271993,0.45851644881598,186,6.2,18.6,0.433333333333333,24,30,0.8,1,1,490,499,475,472,64,513.5,506.5,560,"P5"
"26","UCLA","fbs","Pac-12",2014,530988,"Kenneth Walker",1,1,11,1,0.146432928014681,0.146432928014681,0.146432928014681,8,8,8,1,1,1,1,0,0,NA,NA,NA,NA,NA,NA,NA,NA,"P5"
"26","UCLA","fbs","Pac-12",2014,547596,"Thomas Duarte",25,8,11,3.125,19.4950861812753,0.77980344725101,2.43688577265941,307,12.28,38.375,0.68,19,25,0.76,0,0,231,185,44,22,104,332.5,23,275.5,"P5"
"26","UCLA","fbs","Pac-12",2014,547604,"Myles Jack",1,1,11,1,0.506095391342433,0.506095391342433,0.506095391342433,8,8,8,1,1,1,1,0,0,NA,NA,NA,NA,NA,NA,NA,NA,"P5"
"26","UCLA","fbs","Pac-12",2014,547616,"Eldridge Massington",32,10,11,3.2,17.4344266277101,0.54482583211594,1.74344266277101,234,7.3125,23.4,0.59375,22,32,0.6875,0,0,264,301,159,101,274.5,437,385,495,"P5"
"26","UCLA","fbs","Pac-12",2014,3117415,"Mossi Johnson",25,8,11,3.125,16.8497229224398,0.673988916897592,2.10621536530498,206,8.24,25.75,0.64,20,25,0.8,0,0,273,227,74,49,64,471.5,275,458,"P5"
"26","UCLA","fbs","Pac-12",2014,3134305,"Nate Starks",8,5,11,1.6,-2.24619319566408,-0.280774149458011,-0.449238639132817,53,6.625,10.6,0.5,7,8,0.875,0,0,NA,NA,NA,NA,NA,NA,NA,NA,"P5"
"2628","TCU","fbs","Big 12",2014,512843,"Aaron Green",19,7,11,2.71428571428571,4.74155451925288,0.24955550101331,0.677364931321841,120,6.31578947368421,17.1428571428571,0.473684210526316,17,19,0.894736842105263,1,0,NA,NA,NA,NA,NA,NA,NA,NA,"P5"
"2628","TCU","fbs","Big 12",2014,516301,"Josh Doctson",88,11,11,8,35.6369005706596,0.404964779212041,3.23971823369633,689,7.82954545454545,62.6363636363636,0.534090909090909,51,88,0.579545454545455,4,1,80,106,280,241,525.5,55,324,82,"P5"
"2628","TCU","fbs","Big 12",2014,517127,"Trevone Boykin",17,6,11,2.83333333333333,60.6974963536473,3.57044096197925,10.1162493922746,628,36.9411764705882,104.666666666667,0.941176470588235,16,17,0.941176470588235,16,0,NA,NA,NA,NA,NA,NA,NA,NA,"P5"
"2628","TCU","fbs","Big 12",2014,517133,"David Porter",37,9,11,4.11111111111111,7.8487483700728,0.212128334326292,0.872083152230312,317,8.56756756756757,35.2222222222222,0.567567567567568,30,37,0.810810810810811,1,1,436,446,434,167,52,318,243,324.5,"P5"
"2628","TCU","fbs","Big 12",2014,517151,"Cliff Murphy",1,1,11,1,1.09305932538903,1.09305932538903,1.09305932538903,8,8,8,1,1,1,1,0,0,NA,NA,NA,NA,NA,NA,NA,NA,"P5"
"2628","TCU","fbs","Big 12",2014,531229,"Jordan Moore",2,1,11,2,-0.818762420354613,-0.409381210177306,-0.818762420354613,3,1.5,3,0.5,2,2,1,0,0,NA,NA,NA,NA,NA,NA,NA,NA,"P5"
"2628","TCU","fbs","Big 12",2014,531231,"Kolby Listenbee",63,11,11,5.72727272727273,14.7009720228238,0.233348762267044,1.33645200207489,633,10.047619047619,57.5454545454545,0.476190476190476,35,63,0.555555555555556,1,0,315,360,419,377,557,77,109.5,105,"P5"
"2628","TCU","fbs","Big 12",2014,531236,"B.J. Catalon",20,6,11,3.33333333333333,-8.09502447402092,-0.404751223701046,-1.34917074567015,111,5.55,18.5,0.25,10,20,0.5,0,0,NA,NA,NA,NA,NA,NA,NA,NA,"P5"
"2628","TCU","fbs","Big 12",2014,537183,"Ja'Juan Story",19,10,11,1.9,3.82820555061104,0.201484502663739,0.382820555061104,125,6.57894736842105,12.5,0.578947368421053,14,19,0.736842105263158,1,0,NA,NA,NA,NA,NA,NA,NA,NA,"P5"
"2628","TCU","fbs","Big 12",2014,537191,"Phil Taylor",1,1,11,1,-0.644804599258038,-0.644804599258038,-0.644804599258038,5,5,5,0,1,1,1,0,0,NA,NA,NA,NA,NA,NA,NA,NA,"P5"
"2628","TCU","fbs","Big 12",2014,545512,"Kyle Hicks",12,6,11,2,4.83161576583014,0.402634647152512,0.805269294305023,116,9.66666666666667,19.3333333333333,0.583333333333333,11,12,0.916666666666667,0,0,NA,NA,NA,NA,NA,NA,NA,NA,"P5"
"2628","TCU","fbs","Big 12",2014,545514,"Cameron Echols-Luper",12,6,11,2,-0.931417296733294,-0.0776181080611078,-0.155236216122216,57,4.75,9.5,0.416666666666667,8,12,0.666666666666667,0,0,NA,NA,NA,NA,NA,NA,NA,NA,"P5"
"2628","TCU","fbs","Big 12",2014,545518,"Ty Slanina",33,9,11,3.66666666666667,13.9217369218773,0.421870815814465,1.54685965798637,250,7.57575757575758,27.7777777777778,0.606060606060606,22,33,0.666666666666667,1,0,328,329,260,85,324.5,412,351,434.5,"P5"
"2628","TCU","fbs","Big 12",2014,545522,"Charlie Reid",2,1,11,2,2.55334456954732,1.27667228477366,2.55334456954732,36,18,36,1,2,2,1,1,0,NA,NA,NA,NA,NA,NA,NA,NA,"P5"
"2628","TCU","fbs","Big 12",2014,3116415,"Emanuel Porter",13,7,11,1.85714285714286,0.845217972707645,0.0650167671313573,0.120745424672521,114,8.76923076923077,16.2857142857143,0.461538461538462,8,13,0.615384615384615,0,0,NA,NA,NA,NA,NA,NA,NA,NA,"P5"
"2628","TCU","fbs","Big 12",2014,3116432,"Daniel Walsh",1,1,11,1,-0.0816101804746294,-0.0816101804746294,-0.0816101804746294,5,5,5,0,1,1,1,0,0,NA,NA,NA,NA,NA,NA,NA,NA,"P5"
"2628","TCU","fbs","Big 12",2014,3116446,"Desmon White",11,6,11,1.83333333333333,2.40399082763045,0.218544620693677,0.400665137938408,95,8.63636363636364,15.8333333333333,0.545454545454545,10,11,0.909090909090909,1,0,NA,NA,NA,NA,NA,NA,NA,NA,"P5"
"2633","Tennessee","fbs","SEC",2014,512424,"Justin Worley",3,1,11,3,6.46344749837054,2.15448249945685,6.46344749837054,41,13.6666666666667,41,1,3,3,1,3,0,NA,NA,NA,NA,NA,NA,NA,NA,"P5"
"2633","Tennessee","fbs","SEC",2014,512426,"Devrin Young",4,3,11,1.33333333333333,-0.129605274129649,-0.0324013185324122,-0.0432017580432162,21,5.25,7,0.5,3,4,0.75,0,0,NA,NA,NA,NA,NA,NA,NA,NA,"P5"
"2633","Tennessee","fbs","SEC",2014,512453,"Brendan Downs",1,1,11,1,-1.61663395044015,-1.61663395044015,-1.61663395044015,0,0,0,0,0,1,0,0,0,NA,NA,NA,NA,NA,NA,NA,NA,"P5"
"2633","Tennessee","fbs","SEC",2014,512454,"Alex Ellis",8,5,11,1.6,9.48427623458672,1.18553452932334,1.89685524691734,115,14.375,23,0.75,6,8,0.75,1,0,NA,NA,NA,NA,NA,NA,NA,NA,"P5"
"2633","Tennessee","fbs","SEC",2014,517323,"Justus Pickett",2,1,11,2,-1.34048881754919,-0.670244408774595,-1.34048881754919,3,1.5,3,0,1,2,0.5,0,0,NA,NA,NA,NA,NA,NA,NA,NA,"P5"
"2633","Tennessee","fbs","SEC",2014,517470,"Marlin Lane",13,9,11,1.44444444444444,-3.63056048206445,-0.279273883235727,-0.403395609118273,78,6,8.66666666666667,0.230769230769231,11,13,0.846153846153846,0,0,NA,NA,NA,NA,NA,NA,NA,NA,"P5"
"2633","Tennessee","fbs","SEC",2014,532069,"Jason Croom",20,6,11,3.33333333333333,13.0526095267797,0.652630476338986,2.17543492112995,177,8.85,29.5,0.6,14,20,0.7,3,0,NA,NA,NA,NA,NA,NA,NA,NA,"P5"
"2633","Tennessee","fbs","SEC",2014,546536,"Marquez North",41,7,11,5.85714285714286,20.9133999163358,0.510082924788677,2.98762855947654,294,7.17073170731707,42,0.51219512195122,26,41,0.634146341463415,3,0,211,129,182,293,408.5,353,401,230,"P5"
"2633","Tennessee","fbs","SEC",2014,546537,"Ryan Jenkins",1,1,11,1,1.10595636623646,1.10595636623646,1.10595636623646,6,6,6,1,1,1,1,0,0,NA,NA,NA,NA,NA,NA,NA,NA,"P5"
"2633","Tennessee","fbs","SEC",2014,546540,"Joshua Dobbs",5,2,11,2.5,16.111593524297,3.2223187048594,8.05579676214849,107,21.4,53.5,1,5,5,1,5,0,NA,NA,NA,NA,NA,NA,NA,NA,"P5"
"2633","Tennessee","fbs","SEC",2014,546546,"Josh Walker Smith",14,3,11,4.66666666666667,6.40262053831799,0.457330038451285,2.134206846106,135,9.64285714285714,45,0.5,10,14,0.714285714285714,1,0,NA,NA,NA,NA,NA,NA,NA,NA,"P5"
"2633","Tennessee","fbs","SEC",2014,546559,"Johnathon Johnson",7,4,11,1.75,-0.351874212324909,-0.0502677446178442,-0.0879685530812274,63,9,15.75,0.285714285714286,5,7,0.714285714285714,0,0,NA,NA,NA,NA,NA,NA,NA,NA,"P5"
"2633","Tennessee","fbs","SEC",2014,559716,"Jalen Hurd",38,9,11,4.22222222222222,6.19937955373011,0.163141567203424,0.688819950414457,205,5.39473684210526,22.7777777777778,0.447368421052632,31,38,0.815789473684211,1,0,466,470,465,451.5,48,473,563,507,"P5"
"2633","Tennessee","fbs","SEC",2014,559718,"Josh Malone",40,8,11,5,2.50258370073301,0.0625645925183253,0.312822962591626,218,5.45,27.25,0.4,21,40,0.525,0,0,517,517,520,528,582.5,457,558,439,"P5"
"2633","Tennessee","fbs","SEC",2014,559723,"Von Pearson",32,9,11,3.55555555555556,3.40640551857581,0.106450172455494,0.378489502063979,244,7.625,27.1111111111111,0.46875,25,32,0.78125,0,0,504,509,502,399,81.5,420,348,441,"P5"
"2633","Tennessee","fbs","SEC",2014,559744,"Jashon Robertson",1,1,11,1,-1.58482053877156,-1.58482053877156,-1.58482053877156,2,2,2,0,1,1,1,0,0,NA,NA,NA,NA,NA,NA,NA,NA,"P5"
"2633","Tennessee","fbs","SEC",2014,559747,"Daniel Helm",7,5,11,1.4,-1.68413930044529,-0.240591328635041,-0.336827860089057,38,5.42857142857143,7.6,0.285714285714286,6,7,0.857142857142857,0,0,NA,NA,NA,NA,NA,NA,NA,NA,"P5"
"2633","Tennessee","fbs","SEC",2014,559748,"Ethan Wolf",27,8,11,3.375,5.6504047059841,0.209274248369782,0.706300588248013,187,6.92592592592593,23.375,0.518518518518518,20,27,0.740740740740741,0,0,478,469,437,280,141.5,508.5,427,496,"P5"
"2633","Tennessee","fbs","SEC",2014,3122122,"Alton Howard",6,1,11,6,-0.00598822276649758,-0.000998037127749596,-0.00598822276649758,30,5,30,0.333333333333333,3,6,0.5,0,0,NA,NA,NA,NA,NA,NA,NA,NA,"P5"
"2636","UTSA","fbs","Conference USA",2014,517744,"Earon Holmes",4,2,12,2,-0.209386195096835,-0.0523465487742088,-0.104693097548418,14,3.5,7,0.5,2,4,0.5,0,0,NA,NA,NA,NA,NA,NA,NA,NA,"G5"
"2636","UTSA","fbs","Conference USA",2014,517745,"Kenny Bias",9,4,12,2.25,5.56459442079085,0.618288268976761,1.39114860519771,105,11.6666666666667,26.25,0.555555555555556,7,9,0.777777777777778,2,0,NA,NA,NA,NA,NA,NA,NA,NA,"G5"
"2636","UTSA","fbs","Conference USA",2014,517748,"Cole Hubble",21,9,12,2.33333333333333,4.04555838192988,0.192645637234756,0.449506486881098,170,8.09523809523809,18.8888888888889,0.476190476190476,11,21,0.523809523809524,0,0,NA,NA,NA,NA,NA,NA,NA,NA,"G5"
"2636","UTSA","fbs","Conference USA",2014,517750,"Josiah Monroe",15,8,12,1.875,3.99923410112978,0.266615606741985,0.499904262641222,85,5.66666666666667,10.625,0.533333333333333,12,15,0.8,0,0,NA,NA,NA,NA,NA,NA,NA,NA,"G5"
"2636","UTSA","fbs","Conference USA",2014,517752,"Sean Hesler",2,1,12,2,-2.13823343191379,-1.06911671595689,-2.13823343191379,-4,-2,-4,0,2,2,1,0,0,NA,NA,NA,NA,NA,NA,NA,NA,"G5"
"2636","UTSA","fbs","Conference USA",2014,517753,"Kenny Harrison",27,9,12,3,9.30799613666989,0.34474059765444,1.03422179296332,221,8.18518518518519,24.5555555555556,0.407407407407407,17,27,0.62962962962963,2,0,408,416,334,518,420,454,281,478,"G5"
"2636","UTSA","fbs","Conference USA",2014,517761,"Nate Shaw",1,1,12,1,1.85702098279587,1.85702098279587,1.85702098279587,13,13,13,1,1,1,1,0,0,NA,NA,NA,NA,NA,NA,NA,NA,"G5"
"2636","UTSA","fbs","Conference USA",2014,517783,"Nate Leonard",1,1,12,1,-0.683764962714472,-0.683764962714472,-0.683764962714472,0,0,0,0,1,1,1,0,0,NA,NA,NA,NA,NA,NA,NA,NA,"G5"
"2636","UTSA","fbs","Conference USA",2014,517795,"Kam Jones",39,8,12,4.875,-3.44661474039784,-0.088374736933278,-0.43082684254973,186,4.76923076923077,23.25,0.333333333333333,26,39,0.666666666666667,0,0,586,591,585,598,324.5,513.5,597,500,"G5"
"2636","UTSA","fbs","Conference USA",2014,517800,"Brandon Armstrong",18,7,12,2.57142857142857,4.07989194048734,0.226660663360408,0.582841705783906,131,7.27777777777778,18.7142857142857,0.555555555555556,13,18,0.722222222222222,0,0,NA,NA,NA,NA,NA,NA,NA,NA,"G5"
"2636","UTSA","fbs","Conference USA",2014,517803,"Marcellus Mack",32,10,12,3.2,10.3666788049028,0.323958712653211,1.03666788049028,279,8.71875,27.9,0.59375,22,32,0.6875,1,0,392,414,350,101,274.5,369.5,223,432,"G5"
"2636","UTSA","fbs","Conference USA",2014,517805,"David Glasco II",12,6,12,2,-7.69781460488986,-0.641484550407489,-1.28296910081498,18,1.5,3,0.166666666666667,5,12,0.416666666666667,0,0,NA,NA,NA,NA,NA,NA,NA,NA,"G5"
"2636","UTSA","fbs","Conference USA",2014,517815,"David Morgan II",25,7,12,3.57142857142857,25.5421575049545,1.02168630019818,3.64887964356493,255,10.2,36.4285714285714,0.76,20,25,0.8,1,0,150,81,9,5,64,408,99.5,305,"G5"
"2636","UTSA","fbs","Conference USA",2014,517817,"Brandon Freeman",2,1,12,2,0.0150437648375098,0.0075218824187549,0.0150437648375098,10,5,10,0.5,2,2,1,0,0,NA,NA,NA,NA,NA,NA,NA,NA,"G5"
"2636","UTSA","fbs","Conference USA",2014,517819,"Seth Grubb",5,3,12,1.66666666666667,5.32552022226854,1.06510404445371,1.77517340742285,76,15.2,25.3333333333333,0.6,3,5,0.6,0,0,NA,NA,NA,NA,NA,NA,NA,NA,"G5"
"2636","UTSA","fbs","Conference USA",2014,535990,"Aaron Grubb",31,10,12,3.1,1.69373738661222,0.0546366898907166,0.169373738661222,202,6.51612903225806,20.2,0.419354838709677,23,31,0.741935483870968,0,0,528,534,526,494,137,480.5,475,540,"G5"
"2636","UTSA","fbs","Conference USA",2014,536003,"Trevor Stevens",1,1,12,1,1.92288842642427,1.92288842642427,1.92288842642427,9,9,9,1,1,1,1,0,0,NA,NA,NA,NA,NA,NA,NA,NA,"G5"
"2636","UTSA","fbs","Conference USA",2014,543412,"Miles Lerch",8,4,12,2,1.85383024523426,0.231728780654283,0.463457561308566,68,8.5,17,0.5,6,8,0.75,0,0,NA,NA,NA,NA,NA,NA,NA,NA,"G5"
"2636","UTSA","fbs","Conference USA",2014,545736,"Jarveon Williams",14,6,12,2.33333333333333,2.72928818644077,0.194949156174341,0.454881364406795,70,5,11.6666666666667,0.428571428571429,12,14,0.857142857142857,0,0,NA,NA,NA,NA,NA,NA,NA,NA,"G5"
"2636","UTSA","fbs","Conference USA",2014,3124042,"Kerry Thomas Jr.",18,4,12,4.5,6.94613988227291,0.385896660126273,1.73653497056823,162,9,40.5,0.444444444444444,10,18,0.555555555555556,2,0,NA,NA,NA,NA,NA,NA,NA,NA,"G5"
"2636","UTSA","fbs","Conference USA",2014,3124056,"Brady Jones",9,2,12,4.5,-4.14929210762531,-0.461032456402812,-2.07464605381266,35,3.88888888888889,17.5,0.222222222222222,5,9,0.555555555555556,0,0,NA,NA,NA,NA,NA,NA,NA,NA,"G5"
"2638","UTEP","fbs","Conference USA",2014,500571,"Jameill Showers",5,4,12,1.25,16.7765761935117,3.35531523870234,4.19414404837793,117,23.4,29.25,1,5,5,1,5,0,NA,NA,NA,NA,NA,NA,NA,NA,"G5"
"2638","UTEP","fbs","Conference USA",2014,500672,"Josh Bell",12,4,12,3,0.153366870668932,0.0127805725557444,0.0383417176672331,61,5.08333333333333,15.25,0.333333333333333,8,12,0.666666666666667,0,0,NA,NA,NA,NA,NA,NA,NA,NA,"G5"
"2638","UTEP","fbs","Conference USA",2014,500679,"Katrae Ford",7,4,12,1.75,0.159868274278217,0.0228383248968881,0.0399670685695541,38,5.42857142857143,9.5,0.571428571428571,4,7,0.571428571428571,0,0,NA,NA,NA,NA,NA,NA,NA,NA,"G5"
"2638","UTEP","fbs","Conference USA",2014,500711,"Eric Tomlinson",25,7,12,3.57142857142857,2.921162673879,0.11684650695516,0.417308953411285,126,5.04,18,0.52,18,25,0.72,1,1,510,503,496,274.5,191,598.5,581,571.5,"G5"
"2638","UTEP","fbs","Conference USA",2014,511560,"Malcolm Trail",4,3,12,1.33333333333333,2.76758722757651,0.691896806894128,0.922529075858838,64,16,21.3333333333333,0.5,3,4,0.75,0,0,NA,NA,NA,NA,NA,NA,NA,NA,"G5"
"2638","UTEP","fbs","Conference USA",2014,521247,"Damian Payne",1,1,12,1,-0.170429253075892,-0.170429253075892,-0.170429253075892,0,0,0,0,0,1,0,0,0,NA,NA,NA,NA,NA,NA,NA,NA,"G5"
"2638","UTEP","fbs","Conference USA",2014,531469,"Autrey Golden",44,12,12,3.66666666666667,-0.859877913312161,-0.0195426798480037,-0.0716564927760134,221,5.02272727272727,18.4166666666667,0.409090909090909,29,44,0.659090909090909,0,0,564,561,562,513,346,454,584,564,"G5"
"2638","UTEP","fbs","Conference USA",2014,534882,"Jeremiah Laufasa",1,1,12,1,2.77518138447417,2.77518138447417,2.77518138447417,30,30,30,1,1,1,1,0,0,NA,NA,NA,NA,NA,NA,NA,NA,"G5"
"2638","UTEP","fbs","Conference USA",2014,536542,"Ian Hamilton",45,11,12,4.09090909090909,23.1903824048179,0.515341831218176,2.10821658225618,506,11.2444444444444,46,0.466666666666667,24,45,0.533333333333333,2,0,176,225,179,406,574,145,56,194,"G5"
"2638","UTEP","fbs","Conference USA",2014,536547,"Jarrad Shaw",19,5,12,3.8,8.07421157626497,0.424958504013946,1.61484231525299,164,8.63157894736842,32.8,0.473684210526316,12,19,0.631578947368421,1,0,NA,NA,NA,NA,NA,NA,NA,NA,"G5"
"2638","UTEP","fbs","Conference USA",2014,536548,"Jaquan White",5,3,12,1.66666666666667,7.44548278056196,1.48909655611239,2.48182759352065,95,19,31.6666666666667,0.4,4,5,0.8,1,0,NA,NA,NA,NA,NA,NA,NA,NA,"G5"
"2638","UTEP","fbs","Conference USA",2014,545833,"Aaron Jones",35,9,12,3.88888888888889,-0.828634652595435,-0.023675275788441,-0.0920705169550484,199,5.68571428571429,22.1111111111111,0.371428571428571,26,35,0.742857142857143,2,1,562,565,564,562,133.5,486.5,546,515,"G5"
"2638","UTEP","fbs","Conference USA",2014,545834,"Darrin Laufasa",4,3,12,1.33333333333333,-2.23260551252385,-0.558151378130963,-0.744201837507951,9,2.25,3,0.25,3,4,0.75,0,0,NA,NA,NA,NA,NA,NA,NA,NA,"G5"
"2638","UTEP","fbs","Conference USA",2014,546110,"Cole Rogers",1,1,12,1,1.49116262844324,1.49116262844324,1.49116262844324,9,9,9,1,1,1,1,0,0,NA,NA,NA,NA,NA,NA,NA,NA,"G5"
"2638","UTEP","fbs","Conference USA",2014,3124722,"Tyler Batson",1,1,12,1,0.665111070887075,0.665111070887075,0.665111070887075,11,11,11,1,1,1,1,0,0,NA,NA,NA,NA,NA,NA,NA,NA,"G5"
"264","Washington","fbs","Pac-12",2014,499789,"DiAndre Campbell",30,10,11,3,-2.78567188473767,-0.0928557294912557,-0.278567188473767,218,7.26666666666667,21.8,0.466666666666667,22,30,0.733333333333333,1,1,580,577,586,406,159,457,391,519,"P5"
"264","Washington","fbs","Pac-12",2014,499791,"Deontae Cooper",14,6,11,2.33333333333333,9.18088992911356,0.65577785207954,1.53014832151893,127,9.07142857142857,21.1666666666667,0.642857142857143,14,14,1,0,0,NA,NA,NA,NA,NA,NA,NA,NA,"P5"
"264","Washington","fbs","Pac-12",2014,499798,"Michael Hartvigson",5,4,11,1.25,2.42184460858375,0.484368921716751,0.605461152145938,45,9,11.25,0.6,4,5,0.8,0,0,NA,NA,NA,NA,NA,NA,NA,NA,"P5"
"264","Washington","fbs","Pac-12",2014,513050,"Marvin Hall",4,3,11,1.33333333333333,2.62553890523595,0.656384726308988,0.87517963507865,39,9.75,13,0.75,4,4,1,0,0,NA,NA,NA,NA,NA,NA,NA,NA,"P5"
"264","Washington","fbs","Pac-12",2014,513058,"Joshua Perkins",27,8,11,3.375,21.7939367372865,0.807182842121723,2.72424209216081,297,11,37.125,0.703703703703704,23,27,0.851851851851852,3,0,193,151,37,12,27.5,348.5,63.5,294,"P5"
"264","Washington","fbs","Pac-12",2014,513075,"Kasen Williams",16,5,11,3.2,7.00905175728943,0.438065734830589,1.40181035145789,86,5.375,17.2,0.625,11,16,0.6875,2,0,NA,NA,NA,NA,NA,NA,NA,NA,"P5"
"264","Washington","fbs","Pac-12",2014,535324,"Jaydon Mickens",53,11,11,4.81818181818182,29.9537428655545,0.565164959727443,2.72306753323222,457,8.62264150943396,41.5454545454545,0.584905660377358,45,53,0.849056603773585,3,1,113,152,141,119,32,184,238,234,"P5"
"264","Washington","fbs","Pac-12",2014,535325,"Cyler Miles",3,3,11,1,3.70807820077766,1.23602606692589,1.23602606692589,5,1.66666666666667,1.66666666666667,0.333333333333333,2,3,0.666666666666667,1,0,NA,NA,NA,NA,NA,NA,NA,NA,"P5"
"264","Washington","fbs","Pac-12",2014,535328,"Kendyl Taylor",18,8,11,2.25,8.4679545884919,0.470441921582883,1.05849432356149,131,7.27777777777778,16.375,0.444444444444444,16,18,0.888888888888889,2,0,NA,NA,NA,NA,NA,NA,NA,NA,"P5"
"264","Washington","fbs","Pac-12",2014,535329,"Shaq Thompson",6,2,11,3,-1.70518094781153,-0.284196824635255,-0.852590473905765,56,9.33333333333333,28,0.333333333333333,4,6,0.666666666666667,0,0,NA,NA,NA,NA,NA,NA,NA,NA,"P5"
"264","Washington","fbs","Pac-12",2014,542080,"Dwayne Washington",15,7,11,2.14285714285714,-2.89545360350378,-0.193030240233585,-0.413636229071969,63,4.2,9,0.2,10,15,0.666666666666667,0,1,NA,NA,NA,NA,NA,NA,NA,NA,"P5"
"264","Washington","fbs","Pac-12",2014,550316,"Lavon Coleman",12,5,11,2.4,-7.98611086134728,-0.665509238445607,-1.59722217226946,35,2.91666666666667,7,0.166666666666667,9,12,0.75,0,0,NA,NA,NA,NA,NA,NA,NA,NA,"P5"
"264","Washington","fbs","Pac-12",2014,550319,"Darrell Daniels",6,3,11,2,3.41456951249381,0.569094918748969,1.13818983749794,107,17.8333333333333,35.6666666666667,0.5,5,6,0.833333333333333,1,0,NA,NA,NA,NA,NA,NA,NA,NA,"P5"
"264","Washington","fbs","Pac-12",2014,550330,"John Ross",21,7,11,3,7.51856751806895,0.35802702466995,1.07408107400985,221,10.5238095238095,31.5714285714286,0.333333333333333,13,21,0.619047619047619,2,0,440,408,320,598,440.5,454,79,381,"P5"
"264","Washington","fbs","Pac-12",2014,3127300,"Brayden Lenius",11,5,11,2.2,-0.141149671253155,-0.0128317882957414,-0.028229934250631,56,5.09090909090909,11.2,0.272727272727273,7,11,0.636363636363636,0,0,NA,NA,NA,NA,NA,NA,NA,NA,"P5"
"264","Washington","fbs","Pac-12",2014,3127306,"Dante Pettis",24,8,11,3,16.1164250191539,0.671517709131413,2.01455312739424,233,9.70833333333333,29.125,0.625,15,24,0.625,1,0,285,241,75,60.5,427,439.5,131,420,"P5"
"2641","Texas Tech","fbs","Big 12",2014,514486,"Jordan Davis",10,2,11,5,0.505483992171331,0.0505483992171331,0.252741996085665,62,6.2,31,0.5,5,10,0.5,0,0,NA,NA,NA,NA,NA,NA,NA,NA,"P5"
"2641","Texas Tech","fbs","Big 12",2014,514493,"Jakeem Grant",90,11,11,8.18181818181818,30.1926403740064,0.335473781933404,2.74478548854603,838,9.31111111111111,76.1818181818182,0.466666666666667,59,90,0.655555555555556,6,1,110,148,343,406,361,30,171,37,"P5"
"2641","Texas Tech","fbs","Big 12",2014,515796,"Bradley Marquez",79,11,11,7.18181818181818,20.7855878949577,0.26310870753111,1.88959889954161,520,6.58227848101266,47.2727272727273,0.417721518987342,48,79,0.607594936708861,2,0,213,269,392,498,463,134,468,182,"P5"
"2641","Texas Tech","fbs","Big 12",2014,515805,"DeAndre Washington",37,11,11,3.36363636363636,-5.62046916626385,-0.151904572061185,-0.510951742387623,269,7.27027027027027,24.4545454545455,0.351351351351351,27,37,0.72972972972973,1,1,609,598,599,583,168,388,390,480,"P5"
"2641","Texas Tech","fbs","Big 12",2014,515808,"Kenny Williams",6,5,11,1.2,5.24075953410494,0.873459922350823,1.04815190682099,51,8.5,10.2,0.666666666666667,6,6,1,0,1,NA,NA,NA,NA,NA,NA,NA,NA,"P5"
"2641","Texas Tech","fbs","Big 12",2014,517742,"Brad Pearson",6,4,11,1.5,2.22087006007411,0.370145010012352,0.555217515018528,38,6.33333333333333,9.5,0.5,6,6,1,0,0,NA,NA,NA,NA,NA,NA,NA,NA,"P5"
"2641","Texas Tech","fbs","Big 12",2014,550364,"Dylan Cantrell",28,10,11,2.8,11.7743505260565,0.420512518787731,1.17743505260565,259,9.25,25.9,0.571428571428571,17,28,0.607142857142857,0,1,367,392,262,156,464,403,177,457,"P5"
"2641","Texas Tech","fbs","Big 12",2014,550366,"Rodney Hall",1,1,11,1,-1.40661717671247,-1.40661717671247,-1.40661717671247,0,0,0,0,1,1,1,0,0,NA,NA,NA,NA,NA,NA,NA,NA,"P5"
"2641","Texas Tech","fbs","Big 12",2014,550381,"D.J. Polite-Bray",12,5,11,2.4,-2.18264870177866,-0.181887391814888,-0.436529740355732,57,4.75,11.4,0.416666666666667,7,12,0.583333333333333,1,1,NA,NA,NA,NA,NA,NA,NA,NA,"P5"
"2641","Texas Tech","fbs","Big 12",2014,550386,"Davis Webb",8,3,11,2.66666666666667,22.8588063316023,2.85735079145029,7.61960211053411,154,19.25,51.3333333333333,0.875,8,8,1,7,0,NA,NA,NA,NA,NA,NA,NA,NA,"P5"
"2641","Texas Tech","fbs","Big 12",2014,3139456,"Cameron Batson",12,7,11,1.71428571428571,-0.497080651280293,-0.0414233876066911,-0.0710115216114705,41,3.41666666666667,5.85714285714286,0.416666666666667,9,12,0.75,0,0,NA,NA,NA,NA,NA,NA,NA,NA,"P5"
"2641","Texas Tech","fbs","Big 12",2014,3139474,"Devin Lauderdale",31,9,11,3.44444444444444,29.5212291493598,0.952297714495477,3.28013657215109,395,12.741935483871,43.8888888888889,0.645161290322581,25,31,0.806451612903226,4,0,117,103,17,41,56.5,230,13,215,"P5"
"2641","Texas Tech","fbs","Big 12",2014,3139477,"Patrick Mahomes",10,4,11,2.5,45.804641901958,4.5804641901958,11.4511604754895,342,34.2,85.5,1,10,10,1,10,0,NA,NA,NA,NA,NA,NA,NA,NA,"P5"
"2641","Texas Tech","fbs","Big 12",2014,3139484,"Ian Sadler",36,7,11,5.14285714285714,16.8556746989831,0.468213186082863,2.40795352842615,330,9.16666666666667,47.1428571428571,0.527777777777778,22,36,0.611111111111111,1,0,271,187,227,253,456,301.5,183,184,"P5"
"2641","Texas Tech","fbs","Big 12",2014,3139485,"Justin Stockton",11,9,11,1.22222222222222,-3.01826617208485,-0.274387833825895,-0.335362908009428,59,5.36363636363636,6.55555555555556,0.363636363636364,10,11,0.909090909090909,1,1,NA,NA,NA,NA,NA,NA,NA,NA,"P5"
"2649","Toledo","fbs","Mid-American",2014,504635,"Dwight Macon",24,7,10,3.42857142857143,12.7116992722029,0.529654136341786,1.81595703888612,159,6.625,22.7142857142857,0.625,17,24,0.708333333333333,1,0,348,284,167,60.5,224.5,557.5,462,509,"G5"
"2649","Toledo","fbs","Mid-American",2014,513386,"Justin Olack",25,7,10,3.57142857142857,22.8955565484512,0.915822261938048,3.27079379263589,263,10.52,37.5714285714286,0.56,16,25,0.64,2,0,182,105,22,182,397,399,80,291,"G5"
"2649","Toledo","fbs","Mid-American",2014,513388,"Zach Rogers",6,3,10,2,2.79578841811265,0.465964736352108,0.931929472704216,42,7,14,0.833333333333333,5,6,0.833333333333333,0,1,NA,NA,NA,NA,NA,NA,NA,NA,"G5"
"2649","Toledo","fbs","Mid-American",2014,513394,"Kishon Wilcher",18,7,10,2.57142857142857,17.0201691170376,0.945564950946534,2.43145273100537,216,12,30.8571428571429,0.611111111111111,11,18,0.611111111111111,2,0,NA,NA,NA,NA,NA,NA,NA,NA,"G5"
"2649","Toledo","fbs","Mid-American",2014,532448,"Marc Remy",6,5,10,1.2,4.81545945681732,0.80257657613622,0.963091891363463,46,7.66666666666667,9.2,0.666666666666667,6,6,1,1,0,NA,NA,NA,NA,NA,NA,NA,NA,"G5"
"2649","Toledo","fbs","Mid-American",2014,532450,"Damion Jones-Moore",4,3,10,1.33333333333333,2.82883256473498,0.707208141183746,0.942944188244994,40,10,13.3333333333333,0.75,4,4,1,0,0,NA,NA,NA,NA,NA,NA,NA,NA,"G5"
"2649","Toledo","fbs","Mid-American",2014,532466,"Alex Zmolik",9,3,10,3,4.25728726792721,0.473031918658579,1.41909575597574,99,11,33,0.666666666666667,6,9,0.666666666666667,0,0,NA,NA,NA,NA,NA,NA,NA,NA,"G5"
"2649","Toledo","fbs","Mid-American",2014,532637,"Corey Jones",76,10,10,7.6,20.2310879251664,0.266198525331137,2.02310879251664,630,8.28947368421053,63,0.486842105263158,57,76,0.75,4,0,221,238,387,346,117.5,79,265,79.5,"G5"
"2649","Toledo","fbs","Mid-American",2014,536086,"Alonzo Russell",64,10,10,6.4,40.6709749679896,0.635483983874838,4.06709749679896,600,9.375,60,0.484375,37,64,0.578125,7,0,56,62,103,355,529.5,96,166,94,"G5"
"2649","Toledo","fbs","Mid-American",2014,545910,"Logan Woodside",2,2,10,1,-2.3020930213014,-1.1510465106507,-1.1510465106507,0,0,0,0,0,2,0,0,0,NA,NA,NA,NA,NA,NA,NA,NA,"G5"
"2649","Toledo","fbs","Mid-American",2014,552745,"Kareem Hunt",11,5,10,2.2,-2.78777169880253,-0.25343379080023,-0.557554339760506,39,3.54545454545455,7.8,0.454545454545455,8,11,0.727272727272727,0,0,NA,NA,NA,NA,NA,NA,NA,NA,"G5"
"2649","Toledo","fbs","Mid-American",2014,552851,"Michael Roberts",4,2,10,2,7.60111267221441,1.9002781680536,3.80055633610721,65,16.25,32.5,0.75,4,4,1,2,0,NA,NA,NA,NA,NA,NA,NA,NA,"G5"
"2649","Toledo","fbs","Mid-American",2014,3126095,"Jon'Vea Johnson",2,1,10,2,-0.448733322954676,-0.224366661477338,-0.448733322954676,1,0.5,1,0,1,2,0.5,0,0,NA,NA,NA,NA,NA,NA,NA,NA,"G5"
"2649","Toledo","fbs","Mid-American",2014,3126113,"Terry Swanson",10,4,10,2.5,-0.734612096229938,-0.0734612096229938,-0.183653024057485,59,5.9,14.75,0.4,8,10,0.8,0,0,NA,NA,NA,NA,NA,NA,NA,NA,"G5"
"2649","Toledo","fbs","Mid-American",2014,3126115,"Cody Thompson",5,4,10,1.25,0.723885735741539,0.144777147148308,0.180971433935385,34,6.8,8.5,0.6,4,5,0.8,0,0,NA,NA,NA,NA,NA,NA,NA,NA,"G5"
"265","Washington State","fbs","Pac-12",2014,504818,"Rickey Galvin",50,9,11,5.55555555555556,11.7730085528536,0.235460171057072,1.30811206142818,359,7.18,39.8888888888889,0.52,33,50,0.66,3,0,368,370,418,274.5,342,261.5,399,255,"P5"
"265","Washington State","fbs","Pac-12",2014,504843,"Kristoff Williams",3,1,11,3,-0.717667309540325,-0.239222436513442,-0.717667309540325,36,12,36,0.666666666666667,2,3,0.666666666666667,0,0,NA,NA,NA,NA,NA,NA,NA,NA,"P5"
"265","Washington State","fbs","Pac-12",2014,513098,"Marcus Mason",2,1,11,2,-1.15342358799851,-0.576711793999253,-1.15342358799851,2,1,2,0,1,2,0.5,0,0,NA,NA,NA,NA,NA,NA,NA,NA,"P5"
"265","Washington State","fbs","Pac-12",2014,513104,"Isiah Myers",99,11,11,9,28.2281762311404,0.285133093243843,2.56619783919458,745,7.52525252525253,67.7272727272727,0.525252525252525,67,99,0.676767676767677,9,0,126,173,375,260,296,44,356,59,"P5"
"265","Washington State","fbs","Pac-12",2014,513120,"Dom Williams",55,10,11,5.5,49.9219679536452,0.90767214461173,4.99219679536452,544,9.89090909090909,54.4,0.563636363636364,39,55,0.709090909090909,7,0,25,28,23,174,219.5,117,120,125,"P5"
"265","Washington State","fbs","Pac-12",2014,534883,"Drew Loftus",1,1,11,1,0.283198732590127,0.283198732590127,0.283198732590127,6,6,6,1,1,1,1,0,0,NA,NA,NA,NA,NA,NA,NA,NA,"P5"
"265","Washington State","fbs","Pac-12",2014,534897,"Theron West",18,7,11,2.57142857142857,3.33350722197721,0.185194845665401,0.476215317425316,143,7.94444444444444,20.4285714285714,0.611111111111111,17,18,0.944444444444444,0,0,NA,NA,NA,NA,NA,NA,NA,NA,"P5"
"265","Washington State","fbs","Pac-12",2014,541207,"Tyler Baker",41,5,11,8.2,15.9777200462006,0.389700488931722,3.19554400924012,308,7.51219512195122,61.6,0.585365853658537,27,41,0.658536585365854,2,0,287,108,295,118,349,329,359,85,"P5"
"265","Washington State","fbs","Pac-12",2014,546882,"Robert Lewis",48,10,11,4.8,16.8526982503118,0.351097880214829,1.68526982503118,344,7.16666666666667,34.4,0.520833333333333,37,48,0.770833333333333,2,0,272,311,329,270.5,90,281,402.5,340,"P5"
"265","Washington State","fbs","Pac-12",2014,550624,"River Cracraft",87,8,11,10.875,40.1592138391377,0.461600159070548,5.01990172989221,682,7.83908045977012,85.25,0.540229885057471,60,87,0.689655172413793,7,0,58,27,231,227,268.5,59,322,22,"P5"
"265","Washington State","fbs","Pac-12",2014,550634,"Vince Mayle",150,11,11,13.6363636363636,75.1358565320564,0.500905710213709,6.83053241200513,1449,9.66,131.727272727273,0.52,101,150,0.673333333333333,8,1,7,7,193,274.5,304,1,136,2,"P5"
"265","Washington State","fbs","Pac-12",2014,550637,"Jamal Morrow",65,11,11,5.90909090909091,-1.92539416177837,-0.0296214486427442,-0.175035832888943,399,6.13846153846154,36.2727272727273,0.430769230769231,58,65,0.892307692307692,0,1,575,572,568,478,11,222.5,511,306.5,"P5"
"265","Washington State","fbs","Pac-12",2014,550647,"Gerard Wicks",21,7,11,3,-4.0044789674316,-0.1906894746396,-0.572068423918801,72,3.42857142857143,10.2857142857143,0.333333333333333,15,21,0.714285714285714,0,0,591,603,608,598,206,629,628,625,"P5"
"265","Washington State","fbs","Pac-12",2014,552050,"John Thompson",1,1,11,1,0.607982782104469,0.607982782104469,0.607982782104469,5,5,5,1,1,1,1,0,0,NA,NA,NA,NA,NA,NA,NA,NA,"P5"
"265","Washington State","fbs","Pac-12",2014,3122977,"Calvin Green",14,6,11,2.33333333333333,-4.22480546004554,-0.301771818574681,-0.704134243340923,44,3.14285714285714,7.33333333333333,0.214285714285714,10,14,0.714285714285714,0,0,NA,NA,NA,NA,NA,NA,NA,NA,"P5"
"2653","Troy","fbs","Sun Belt",2014,505255,"Khary Franklin",14,6,11,2.33333333333333,3.55282836252822,0.253773454466301,0.59213806042137,133,9.5,22.1666666666667,0.571428571428571,14,14,1,0,0,NA,NA,NA,NA,NA,NA,NA,NA,"G5"
"2653","Troy","fbs","Sun Belt",2014,505259,"B.J. Chitty",21,8,11,2.625,7.19019645704395,0.342390307478284,0.898774557130494,143,6.80952380952381,17.875,0.523809523809524,18,21,0.857142857142857,1,1,445,440,335,264,24,582.5,445,574,"G5"
"2653","Troy","fbs","Sun Belt",2014,515163,"K.D. Edenfield",26,9,11,2.88888888888889,-0.348047302644953,-0.0133864347171136,-0.0386719225161059,138,5.30769230769231,15.3333333333333,0.384615384615385,19,26,0.730769230769231,0,1,558,558,557,548.5,164.5,589,567,601,"G5"
"2653","Troy","fbs","Sun Belt",2014,515179,"Cameron Peterson",2,1,11,2,2.21349397842499,1.10674698921249,2.21349397842499,18,9,18,1,2,2,1,0,0,NA,NA,NA,NA,NA,NA,NA,NA,"G5"
"2653","Troy","fbs","Sun Belt",2014,517962,"Bryan Holmes",41,10,11,4.1,26.509072490506,0.646562743670877,2.65090724905059,435,10.609756097561,43.5,0.439024390243902,31,41,0.75609756097561,5,0,139,157,93,461,108,193.5,74,218,"G5"
"2653","Troy","fbs","Sun Belt",2014,517963,"Trey Page",6,4,11,1.5,9.46349498281342,1.57724916380224,2.36587374570336,64,10.6666666666667,16,0.666666666666667,5,6,0.833333333333333,0,0,NA,NA,NA,NA,NA,NA,NA,NA,"G5"
"2653","Troy","fbs","Sun Belt",2014,517985,"Chandler Worthy",58,11,11,5.27272727272727,6.38138455672443,0.110023871667663,0.58012586879313,340,5.86206896551724,30.9090909090909,0.379310344827586,38,58,0.655172413793103,3,0,458,487,498,555.5,364.5,287,535,392,"G5"
"2653","Troy","fbs","Sun Belt",2014,517987,"Tommy Blevins",2,1,11,2,-2.67432807023007,-1.33716403511504,-2.67432807023007,40,20,40,0.5,2,2,1,0,1,NA,NA,NA,NA,NA,NA,NA,NA,"G5"
"2653","Troy","fbs","Sun Belt",2014,521329,"Jarvis Bentley",10,6,11,1.66666666666667,-0.897024336870757,-0.0897024336870757,-0.149504056145126,49,4.9,8.16666666666667,0.5,8,10,0.8,0,0,NA,NA,NA,NA,NA,NA,NA,NA,"G5"
"2653","Troy","fbs","Sun Belt",2014,531721,"Brandon Burks",22,7,11,3.14285714285714,-1.22291239686995,-0.0555869271304522,-0.174701770981421,109,4.95454545454545,15.5714285714286,0.5,19,22,0.863636363636364,0,0,570,571,572,317.5,20.5,614,587,597,"G5"
"2653","Troy","fbs","Sun Belt",2014,531735,"Brandon Brooks",6,4,11,1.5,1.62481535235312,0.27080255872552,0.406203838088279,55,9.16666666666667,13.75,0.5,4,6,0.666666666666667,0,0,NA,NA,NA,NA,NA,NA,NA,NA,"G5"
"2653","Troy","fbs","Sun Belt",2014,546150,"Kinderick Dent",9,4,11,2.25,0.469227623064817,0.0521364025627575,0.117306905766204,83,9.22222222222222,20.75,0.555555555555556,6,9,0.666666666666667,0,1,NA,NA,NA,NA,NA,NA,NA,NA,"G5"
"2653","Troy","fbs","Sun Belt",2014,551061,"Josh Anderson",3,3,11,1,1.46086320567451,0.486954401891505,0.486954401891505,28,9.33333333333333,9.33333333333333,0.333333333333333,3,3,1,0,0,NA,NA,NA,NA,NA,NA,NA,NA,"G5"
"2653","Troy","fbs","Sun Belt",2014,551063,"Jordan Chunn",6,5,11,1.2,-1.00347483353648,-0.167245805589414,-0.200694966707297,20,3.33333333333333,4,0.5,4,6,0.666666666666667,0,0,NA,NA,NA,NA,NA,NA,NA,NA,"G5"
"2653","Troy","fbs","Sun Belt",2014,551070,"Jalen Harris",7,5,11,1.4,0.672747407696802,0.0961067725281145,0.13454948153936,58,8.28571428571429,11.6,0.428571428571429,6,7,0.857142857142857,0,0,NA,NA,NA,NA,NA,NA,NA,NA,"G5"
"2653","Troy","fbs","Sun Belt",2014,551077,"Tim Longmire",3,3,11,1,2.65108481593476,0.88369493864492,0.88369493864492,30,10,10,1,3,3,1,0,0,NA,NA,NA,NA,NA,NA,NA,NA,"G5"
"2653","Troy","fbs","Sun Belt",2014,551085,"Clark Quisenberry",3,2,11,1.5,5.14003083387609,1.71334361129203,2.57001541693805,44,14.6666666666667,22,0.666666666666667,3,3,1,0,0,NA,NA,NA,NA,NA,NA,NA,NA,"G5"
"2653","Troy","fbs","Sun Belt",2014,3125460,"Dontreal Pruitt",1,1,11,1,3.20382186541207,3.20382186541207,3.20382186541207,8,8,8,1,1,1,1,1,0,NA,NA,NA,NA,NA,NA,NA,NA,"G5"
"2653","Troy","fbs","Sun Belt",2014,3125461,"John Johnson",7,4,11,1.75,0.325706907650842,0.0465295582358346,0.0814267269127106,27,3.85714285714286,6.75,0.285714285714286,7,7,1,0,0,NA,NA,NA,NA,NA,NA,NA,NA,"G5"
"2653","Troy","fbs","Sun Belt",2014,3125464,"Teddy Ruben",21,8,11,2.625,7.78915890471428,0.370912328795918,0.973644863089285,212,10.0952380952381,26.5,0.571428571428571,15,21,0.714285714285714,1,0,438,423,311,156,206,462,107,449,"G5"
"2653","Troy","fbs","Sun Belt",2014,3125465,"Emanuel Thompson",3,3,11,1,3.66642936001471,1.2221431200049,1.2221431200049,28,9.33333333333333,9.33333333333333,0.666666666666667,3,3,1,0,0,NA,NA,NA,NA,NA,NA,NA,NA,"G5"
"2653","Troy","fbs","Sun Belt",2014,3125469,"Nyck Young",4,2,11,2,-4.86491935216399,-1.216229838041,-2.43245967608199,15,3.75,7.5,0.25,3,4,0.75,0,0,NA,NA,NA,NA,NA,NA,NA,NA,"G5"
"2655","Tulane","fbs","American Athletic",2014,505990,"Matt Marfisi",2,2,11,1,1.51071175920601,0.755355879603006,0.755355879603006,17,8.5,8.5,1,2,2,1,0,0,NA,NA,NA,NA,NA,NA,NA,NA,"G5"
"2655","Tulane","fbs","American Athletic",2014,514778,"Danté Butler",19,10,11,1.9,8.60224338959886,0.45274965208415,0.860224338959886,150,7.89473684210526,15,0.473684210526316,17,19,0.894736842105263,1,0,NA,NA,NA,NA,NA,NA,NA,NA,"G5"
"2655","Tulane","fbs","American Athletic",2014,514781,"Xavier Rush",21,6,11,3.5,3.2420494296069,0.154383306171757,0.54034157160115,211,10.047619047619,35.1666666666667,0.333333333333333,13,21,0.619047619047619,2,0,506,492,474,598,440.5,464,109.5,326,"G5"
"2655","Tulane","fbs","American Athletic",2014,514788,"Justyn Shackleford",55,10,11,5.5,21.6256988365719,0.393194524301308,2.16256988365719,389,7.07272727272727,38.9,0.545454545454545,32,55,0.581818181818182,1,1,200,212,292,213,520.5,235.5,413,263.5,"G5"
"2655","Tulane","fbs","American Athletic",2014,532179,"Devon Breaux",12,6,11,2,1.35108881824631,0.112590734853859,0.225181469707719,60,5,10,0.416666666666667,7,12,0.583333333333333,0,0,NA,NA,NA,NA,NA,NA,NA,NA,"G5"
"2655","Tulane","fbs","American Athletic",2014,532182,"Lazedrick Thompson",2,2,11,1,-0.932717469072712,-0.466358734536356,-0.466358734536356,4,2,2,0,1,2,0.5,0,0,NA,NA,NA,NA,NA,NA,NA,NA,"G5"
"2655","Tulane","fbs","American Athletic",2014,545757,"Tanner Lee",3,1,11,3,10.78758836344,3.59586278781334,10.78758836344,84,28,84,1,3,3,1,3,0,NA,NA,NA,NA,NA,NA,NA,NA,"G5"
"2655","Tulane","fbs","American Athletic",2014,545762,"Sherman Badie",30,10,11,3,-9.17681192952891,-0.305893730984297,-0.917681192952891,106,3.53333333333333,10.6,0.3,22,30,0.733333333333333,0,0,620,620,620,614,159,619,625,623,"G5"
"2655","Tulane","fbs","American Athletic",2014,3126244,"Teddy Veal",60,11,11,5.45454545454545,5.3698131520171,0.0894968858669516,0.488164832001554,350,5.83333333333333,31.8181818181818,0.4,36,60,0.6,0,0,483,497,509,528,477,274.5,536,376,"G5"
"2655","Tulane","fbs","American Athletic",2014,3126246,"Dontrell Hilliard",32,9,11,3.55555555555556,2.33095603254316,0.0728423760169738,0.258995114727018,180,5.625,20,0.46875,29,32,0.90625,0,0,520,521,515,399,7,524.5,549,541,"G5"
"2655","Tulane","fbs","American Athletic",2014,3126247,"Leondre James",20,8,11,2.5,2.40676420049104,0.120338210024552,0.30084552506138,144,7.2,18,0.5,13,20,0.65,0,0,NA,NA,NA,NA,NA,NA,NA,NA,"G5"
"2655","Tulane","fbs","American Athletic",2014,3126250,"Trey Scott",12,7,11,1.71428571428571,-0.692175903905222,-0.0576813253254352,-0.0988822719864603,76,6.33333333333333,10.8571428571429,0.416666666666667,9,12,0.75,0,0,NA,NA,NA,NA,NA,NA,NA,NA,"G5"
"2655","Tulane","fbs","American Athletic",2014,3126264,"Terren Encalade",26,7,11,3.71428571428571,8.74153281833556,0.336212800705214,1.24879040261937,235,9.03846153846154,33.5714285714286,0.653846153846154,20,26,0.769230769230769,0,0,424,380,342,36.5,92,435,193,358,"G5"
"2711","Western Michigan","fbs","Mid-American",2014,500428,"Dareyon Chance",7,4,10,1.75,-3.26236398221081,-0.466051997458687,-0.815590995552703,15,2.14285714285714,3.75,0.142857142857143,4,7,0.571428571428571,0,0,NA,NA,NA,NA,NA,NA,NA,NA,"G5"
"2711","Western Michigan","fbs","Mid-American",2014,513362,"Eric Boyden",11,6,10,1.83333333333333,3.03459277315887,0.27587207028717,0.505765462193144,60,5.45454545454545,10,0.454545454545455,10,11,0.909090909090909,1,0,NA,NA,NA,NA,NA,NA,NA,NA,"G5"
"2711","Western Michigan","fbs","Mid-American",2014,516646,"Kendrick Roberts",17,6,10,2.83333333333333,10.0509521752026,0.59123248089427,1.6751586958671,177,10.4117647058824,29.5,0.588235294117647,13,17,0.764705882352941,1,0,NA,NA,NA,NA,NA,NA,NA,NA,"G5"
"2711","Western Michigan","fbs","Mid-American",2014,532660,"Taylor Moton",1,1,10,1,-2.04316310776298,-2.04316310776298,-2.04316310776298,-7,-7,-7,0,1,1,1,0,1,NA,NA,NA,NA,NA,NA,NA,NA,"G5"
"2711","Western Michigan","fbs","Mid-American",2014,532661,"Daniel Braverman",68,10,10,6.8,42.1372690652395,0.61966572154764,4.21372690652395,707,10.3970588235294,70.7,0.544117647058823,57,68,0.838235294117647,6,0,51,60,117,219,35,51,86,47,"G5"
"2711","Western Michigan","fbs","Mid-American",2014,532662,"Michael Henry",7,3,10,2.33333333333333,-0.735440905388062,-0.105062986484009,-0.245146968462687,62,8.85714285714286,20.6666666666667,0.571428571428571,4,7,0.571428571428571,0,0,NA,NA,NA,NA,NA,NA,NA,NA,"G5"
"2711","Western Michigan","fbs","Mid-American",2014,545923,"Corey Davis",79,9,10,8.77777777777778,76.2213502103856,0.964827217852982,8.46903891226507,1009,12.7721518987342,112.111111111111,0.620253164556962,56,79,0.708860759493671,11,0,6,3,16,67,221,13,12,5,"G5"
"2711","Western Michigan","fbs","Mid-American",2014,545927,"Fabian Johnson",2,2,10,1,2.87179246548751,1.43589623274376,1.43589623274376,32,16,16,1,2,2,1,0,0,NA,NA,NA,NA,NA,NA,NA,NA,"G5"
"2711","Western Michigan","fbs","Mid-American",2014,545930,"Darius Phillips",25,8,10,3.125,18.1376453996385,0.725505815985541,2.26720567495482,308,12.32,38.5,0.52,18,25,0.72,1,1,253,197,60,274.5,191,329,22,270.5,"G5"
"2711","Western Michigan","fbs","Mid-American",2014,3129453,"Jarvion Franklin",14,7,10,2,1.73449659754191,0.123892614110136,0.247785228220273,120,8.57142857142857,17.1428571428571,0.571428571428571,11,14,0.785714285714286,1,0,NA,NA,NA,NA,NA,NA,NA,NA,"G5"
"275","Wisconsin","fbs","Big Ten",2014,503392,"Kyle Costigan",1,1,12,1,-1.45203861379599,-1.45203861379599,-1.45203861379599,-5,-5,-5,0,1,1,1,0,0,NA,NA,NA,NA,NA,NA,NA,NA,"P5"
"275","Wisconsin","fbs","Big Ten",2014,514209,"Sam Arneson",32,12,12,2.66666666666667,15.9340307211968,0.497938460037401,1.32783589343307,262,8.1875,21.8333333333333,0.59375,22,32,0.6875,3,0,290,363,198,101,274.5,400.5,280,518,"P5"
"275","Wisconsin","fbs","Big Ten",2014,514214,"Kenzel Doe",24,9,12,2.66666666666667,6.88919702275939,0.287049875948308,0.765466335862155,187,7.79166666666667,20.7777777777778,0.541666666666667,16,24,0.666666666666667,1,0,449,462,373,224,324.5,508.5,327,533,"P5"
"275","Wisconsin","fbs","Big Ten",2014,514216,"Jordan Fredrick",13,7,12,1.85714285714286,7.79072498267677,0.599286537128982,1.11296071181097,117,9,16.7142857142857,0.538461538461538,12,13,0.923076923076923,0,0,NA,NA,NA,NA,NA,NA,NA,NA,"P5"
"275","Wisconsin","fbs","Big Ten",2014,514218,"Melvin Gordon",19,11,12,1.72727272727273,0.285219618467509,0.015011558866711,0.025929056224319,102,5.36842105263158,9.27272727272727,0.421052631578947,12,19,0.631578947368421,1,0,NA,NA,NA,NA,NA,NA,NA,NA,"P5"
"275","Wisconsin","fbs","Big Ten",2014,514230,"Joel Stave",3,2,12,1.5,10.0294859397129,3.3431619799043,5.01474296985645,41,13.6666666666667,20.5,1,3,3,1,3,0,NA,NA,NA,NA,NA,NA,NA,NA,"P5"
"275","Wisconsin","fbs","Big Ten",2014,514233,"Austin Traylor",3,3,12,1,2.20603544056922,0.735345146856407,0.735345146856407,24,8,8,0.666666666666667,3,3,1,0,2,NA,NA,NA,NA,NA,NA,NA,NA,"P5"
"275","Wisconsin","fbs","Big Ten",2014,534809,"Alex Erickson",74,11,12,6.72727272727273,15.7079988966465,0.212270255360087,1.42799989969513,603,8.14864864864865,54.8181818181818,0.472972972972973,40,74,0.540540540540541,1,0,294,347,433,385,567,93,286,120,"P5"
"275","Wisconsin","fbs","Big Ten",2014,534816,"Reggie Love",5,2,12,2.5,-3.40815925793701,-0.681631851587402,-1.7040796289685,15,3,7.5,0.2,2,5,0.4,0,0,NA,NA,NA,NA,NA,NA,NA,NA,"P5"
"275","Wisconsin","fbs","Big Ten",2014,546845,"Corey Clement",10,7,12,1.42857142857143,-0.784476596599492,-0.0784476596599492,-0.112068085228499,73,7.3,10.4285714285714,0.3,9,10,0.9,0,0,NA,NA,NA,NA,NA,NA,NA,NA,"P5"
"275","Wisconsin","fbs","Big Ten",2014,546849,"Troy Fumagalli",19,10,12,1.9,14.4242899295139,0.75917315418494,1.44242899295139,159,8.36842105263158,15.9,0.526315789473684,11,19,0.578947368421053,0,0,NA,NA,NA,NA,NA,NA,NA,NA,"P5"
"275","Wisconsin","fbs","Big Ten",2014,546867,"Robert Wheelwright",1,1,12,1,2.50845880810689,2.50845880810689,2.50845880810689,17,17,17,1,1,1,1,1,0,NA,NA,NA,NA,NA,NA,NA,NA,"P5"
"275","Wisconsin","fbs","Big Ten",2014,550839,"Austin Ramesh",2,2,12,1,2.37874122545457,1.18937061272728,1.18937061272728,15,7.5,7.5,1,2,2,1,0,0,NA,NA,NA,NA,NA,NA,NA,NA,"P5"
"275","Wisconsin","fbs","Big Ten",2014,3121560,"George Rushing",6,4,12,1.5,-0.549921910693317,-0.0916536517822195,-0.137480477673329,52,8.66666666666667,13,0.5,4,6,0.666666666666667,0,0,NA,NA,NA,NA,NA,NA,NA,NA,"P5"
"275","Wisconsin","fbs","Big Ten",2014,3121561,"Krenwick Sanders",1,1,12,1,1.48185429058792,1.48185429058792,1.48185429058792,10,10,10,1,1,1,1,0,0,NA,NA,NA,NA,NA,NA,NA,NA,"P5"
"2751","Wyoming","fbs","Mountain West",2014,516309,"Keenan Montgomery",2,1,11,2,-2.10743647575918,-1.05371823787959,-2.10743647575918,4,2,4,0,1,2,0.5,0,0,NA,NA,NA,NA,NA,NA,NA,NA,"G5"
"2751","Wyoming","fbs","Mountain West",2014,516311,"Trey Norman",3,3,11,1,0.124393858153906,0.0414646193846353,0.0414646193846353,19,6.33333333333333,6.33333333333333,0.333333333333333,3,3,1,0,0,NA,NA,NA,NA,NA,NA,NA,NA,"G5"
"2751","Wyoming","fbs","Mountain West",2014,520520,"Colby Kirkegaard",2,1,11,2,7.04649967507277,3.52324983753638,7.04649967507277,30,15,30,1,2,2,1,2,0,NA,NA,NA,NA,NA,NA,NA,NA,"G5"
"2751","Wyoming","fbs","Mountain West",2014,534232,"D.J. May",7,4,11,1.75,9.2149923412864,1.31642747732663,2.3037480853216,110,15.7142857142857,27.5,0.714285714285714,5,7,0.714285714285714,1,0,NA,NA,NA,NA,NA,NA,NA,NA,"G5"
"2751","Wyoming","fbs","Mountain West",2014,534233,"Eric Nzeocha",9,5,11,1.8,6.53561084430297,0.72617898270033,1.30712216886059,65,7.22222222222222,13,0.666666666666667,8,9,0.888888888888889,0,0,NA,NA,NA,NA,NA,NA,NA,NA,"G5"
"2751","Wyoming","fbs","Mountain West",2014,534240,"Shaun Wick",14,7,11,2,-9.20911038882583,-0.657793599201845,-1.31558719840369,59,4.21428571428571,8.42857142857143,0.142857142857143,9,14,0.642857142857143,0,0,NA,NA,NA,NA,NA,NA,NA,NA,"G5"
"2751","Wyoming","fbs","Mountain West",2014,536845,"Jalen Claiborne",65,11,11,5.90909090909091,42.6243348200752,0.655758997231926,3.87493952909775,565,8.69230769230769,51.3636363636364,0.553846153846154,38,65,0.584615384615385,3,1,49,73,89,193,513.5,109.5,230,147,"G5"
"2751","Wyoming","fbs","Mountain West",2014,536854,"Jake Maulhardt",33,10,11,3.3,15.2772811241075,0.462947912851742,1.52772811241075,273,8.27272727272727,27.3,0.545454545454545,21,33,0.636363636363636,1,0,304,332,229,213,405,383,267,438,"G5"
"2751","Wyoming","fbs","Mountain West",2014,546491,"Tanner Gentry",46,11,11,4.18181818181818,14.9172874195475,0.324288856946685,1.35611703814068,393,8.54347826086956,35.7272727272727,0.478260869565217,28,46,0.608695652173913,1,0,309,355,348,374,460.5,231,245,311,"G5"
"2751","Wyoming","fbs","Mountain West",2014,546496,"J.D. Krill",7,4,11,1.75,7.7580656359128,1.10829509084469,1.9395164089782,38,5.42857142857143,9.5,0.714285714285714,6,7,0.857142857142857,2,0,NA,NA,NA,NA,NA,NA,NA,NA,"G5"
"2751","Wyoming","fbs","Mountain West",2014,546510,"Omar Stover",1,1,11,1,-0.323178175512412,-0.323178175512412,-0.323178175512412,-1,-1,-1,0,1,1,1,0,0,NA,NA,NA,NA,NA,NA,NA,NA,"G5"
"2751","Wyoming","fbs","Mountain West",2014,546511,"Joshua Tapscott",2,2,11,1,0.432188990643469,0.216094495321735,0.216094495321735,10,5,5,0.5,1,2,0.5,0,0,NA,NA,NA,NA,NA,NA,NA,NA,"G5"
"2751","Wyoming","fbs","Mountain West",2014,552726,"Drew Van Maanen",2,2,11,1,0.473221776357503,0.236610888178752,0.236610888178752,25,12.5,12.5,0.5,2,2,1,0,0,NA,NA,NA,NA,NA,NA,NA,NA,"G5"
"2751","Wyoming","fbs","Mountain West",2014,3125403,"Brian Hill",16,5,11,3.2,1.75277958512263,0.109548724070165,0.350555917024527,199,12.4375,39.8,0.5,12,16,0.75,0,1,NA,NA,NA,NA,NA,NA,NA,NA,"G5"
"2751","Wyoming","fbs","Mountain West",2014,3125404,"Jacob Hollister",20,8,11,2.5,23.5848776168155,1.17924388084077,2.94810970210193,244,12.2,30.5,0.65,17,20,0.85,2,0,NA,NA,NA,NA,NA,NA,NA,NA,"G5"
"2751","Wyoming","fbs","Mountain West",2014,3139367,"Jordan Ellis",2,2,11,1,2.83876777947499,1.4193838897375,1.4193838897375,28,14,14,1,2,2,1,0,0,NA,NA,NA,NA,NA,NA,NA,NA,"G5"
"276","Marshall","fbs","Conference USA",2014,503260,"Demetrius Evans",2,1,11,2,1.23203822886598,0.61601911443299,1.23203822886598,22,11,22,0.5,2,2,1,0,0,NA,NA,NA,NA,NA,NA,NA,NA,"G5"
"276","Marshall","fbs","Conference USA",2014,518264,"Remi Watson",3,3,11,1,2.24940063248206,0.749800210827355,0.749800210827355,20,6.66666666666667,6.66666666666667,0.333333333333333,2,3,0.666666666666667,0,0,NA,NA,NA,NA,NA,NA,NA,NA,"G5"
"276","Marshall","fbs","Conference USA",2014,518265,"Davonte Allen",24,5,11,4.8,32.6174774235054,1.35906155931272,6.52349548470108,429,17.875,85.8,0.708333333333333,17,24,0.708333333333333,4,0,96,10,3,10,224.5,198,2,21,"G5"
"276","Marshall","fbs","Conference USA",2014,518267,"Rakeem Cato",1,1,11,1,2.09709453803148,2.09709453803148,2.09709453803148,6,6,6,1,1,1,1,1,0,NA,NA,NA,NA,NA,NA,NA,NA,"G5"
"276","Marshall","fbs","Conference USA",2014,518274,"Tommy Shuler",92,11,11,8.36363636363636,38.0800629139408,0.413913727325443,3.46182390126734,805,8.75,73.1818181818182,0.597826086956522,66,92,0.717391304347826,6,1,66,87,269,96,201,40,220,42,"G5"
"276","Marshall","fbs","Conference USA",2014,518296,"Craig Wilkins",21,8,11,2.625,9.12380043697306,0.434466687474907,1.14047505462163,202,9.61904761904762,25.25,0.714285714285714,16,21,0.761904761904762,2,1,414,396,251,7.5,101,480.5,141.5,470,"G5"
"276","Marshall","fbs","Conference USA",2014,518298,"Eric Frohnapfel",41,11,11,3.72727272727273,28.9206059233155,0.705380632275988,2.62914599302868,382,9.31707317073171,34.7272727272727,0.634146341463415,33,41,0.804878048780488,5,0,120,163,66,52,60,241.5,170,334,"G5"
"276","Marshall","fbs","Conference USA",2014,535464,"Steward Butler",2,2,11,1,-0.448142465121439,-0.224071232560719,-0.224071232560719,15,7.5,7.5,0.5,2,2,1,0,0,NA,NA,NA,NA,NA,NA,NA,NA,"G5"
"276","Marshall","fbs","Conference USA",2014,535467,"Deandre Reaves",3,2,11,1.5,-3.75558590186146,-1.25186196728715,-1.87779295093073,23,7.66666666666667,11.5,0.333333333333333,2,3,0.666666666666667,0,1,NA,NA,NA,NA,NA,NA,NA,NA,"G5"
"276","Marshall","fbs","Conference USA",2014,535473,"Devon Johnson",7,5,11,1.4,10.930895630755,1.56155651867929,2.18617912615101,121,17.2857142857143,24.2,0.857142857142857,6,7,0.857142857142857,2,0,NA,NA,NA,NA,NA,NA,NA,NA,"G5"
"276","Marshall","fbs","Conference USA",2014,552661,"Justin Hunt",11,4,11,2.75,2.21361503414337,0.20123773037667,0.553403758535844,107,9.72727272727273,26.75,0.545454545454545,6,11,0.545454545454545,0,0,NA,NA,NA,NA,NA,NA,NA,NA,"G5"
"276","Marshall","fbs","Conference USA",2014,552734,"Josh Knight",2,1,11,2,0.120412007883462,0.0602060039417311,0.120412007883462,6,3,6,0.5,1,2,0.5,0,0,NA,NA,NA,NA,NA,NA,NA,NA,"G5"
"276","Marshall","fbs","Conference USA",2014,3139421,"Hyleck Foster",20,6,11,3.33333333333333,15.9851322846414,0.799256614232068,2.66418871410689,206,10.3,34.3333333333333,0.7,16,20,0.8,2,0,NA,NA,NA,NA,NA,NA,NA,NA,"G5"
"276","Marshall","fbs","Conference USA",2014,3139424,"Angelo Jean-Louis",36,10,11,3.6,17.7365600208711,0.492682222801974,1.77365600208711,431,11.9722222222222,43.1,0.416666666666667,16,36,0.444444444444444,4,0,259,293,207,500,622.5,195.5,25,220,"G5"
"276","Marshall","fbs","Conference USA",2014,3139425,"Deon-Tay McManus",34,8,11,4.25,21.3975401354738,0.629339415749228,2.67469251693422,326,9.58823529411765,40.75,0.558823529411765,21,34,0.617647058823529,4,0,205,155,107,185,445,305.5,147,244.5,"G5"
"276","Marshall","fbs","Conference USA",2014,3139447,"Ryan Yurachek",19,8,11,2.375,11.3672550776755,0.598276583035555,1.42090688470944,136,7.15789473684211,17,0.684210526315789,15,19,0.789473684210526,2,0,NA,NA,NA,NA,NA,NA,NA,NA,"G5"
"277","West Virginia","fbs","Big 12",2014,183814,"Cody Clay",5,5,11,1,3.14643424525358,0.629286849050715,0.629286849050715,53,10.6,10.6,1,5,5,1,0,0,NA,NA,NA,NA,NA,NA,NA,NA,"P5"
"277","West Virginia","fbs","Big 12",2014,501098,"Clint Trickett",1,1,11,1,2.53262920057949,2.53262920057949,2.53262920057949,23,23,23,1,1,1,1,1,0,NA,NA,NA,NA,NA,NA,NA,NA,"P5"
"277","West Virginia","fbs","Big 12",2014,513325,"Dreamius Smith",11,5,11,2.2,-7.33164107429117,-0.666512824935561,-1.46632821485823,29,2.63636363636364,5.8,0.272727272727273,9,11,0.818181818181818,0,0,NA,NA,NA,NA,NA,NA,NA,NA,"P5"
"277","West Virginia","fbs","Big 12",2014,518139,"Dustin Garrison",2,2,11,1,1.05134668761196,0.525673343805981,0.525673343805981,15,7.5,7.5,0.5,2,2,1,0,0,NA,NA,NA,NA,NA,NA,NA,NA,"P5"
"277","West Virginia","fbs","Big 12",2014,518249,"Andrew Buie",9,4,11,2.25,-2.34775102637287,-0.260861225152541,-0.586937756593217,71,7.88888888888889,17.75,0.444444444444444,6,9,0.666666666666667,0,0,NA,NA,NA,NA,NA,NA,NA,NA,"P5"
"277","West Virginia","fbs","Big 12",2014,530315,"Vernon Davis",2,1,11,2,2.0060239547784,1.0030119773892,2.0060239547784,26,13,26,0.5,1,2,0.5,0,0,NA,NA,NA,NA,NA,NA,NA,NA,"P5"
"277","West Virginia","fbs","Big 12",2014,530449,"Rushel Shell",16,8,11,2,0.974343881760151,0.0608964926100094,0.121792985220019,84,5.25,10.5,0.5,15,16,0.9375,0,0,NA,NA,NA,NA,NA,NA,NA,NA,"P5"
"277","West Virginia","fbs","Big 12",2014,534518,"Jordan Thompson",53,10,11,5.3,25.6532112242401,0.484022853287548,2.56532112242401,462,8.71698113207547,46.2,0.641509433962264,41,53,0.773584905660377,1,0,148,174,215,46,87,180,224,192,"P5"
"277","West Virginia","fbs","Big 12",2014,546034,"Shelton Gibson",2,1,11,2,-2.1241908915277,-1.06209544576385,-2.1241908915277,4,2,4,0,1,2,0.5,0,0,NA,NA,NA,NA,NA,NA,NA,NA,"P5"
"277","West Virginia","fbs","Big 12",2014,546045,"Daikiel Shorts",34,8,11,4.25,22.6633883601153,0.666570245885745,2.83292354501442,302,8.88235294117647,37.75,0.558823529411765,20,34,0.588235294117647,2,0,185,140,79,185,507.5,341,208,288,"P5"
"277","West Virginia","fbs","Big 12",2014,546046,"Wendell Smallwood",36,11,11,3.27272727272727,9.38464681348223,0.26068463370784,0.853149710316566,266,7.38888888888889,24.1818181818182,0.333333333333333,27,36,0.75,0,0,407,449,395,598,117.5,392,371.5,485,"P5"
"277","West Virginia","fbs","Big 12",2014,546051,"Elijah Wellman",3,2,11,1.5,-0.395473140157461,-0.131824380052487,-0.197736570078731,9,3,4.5,0.333333333333333,2,3,0.666666666666667,0,0,NA,NA,NA,NA,NA,NA,NA,NA,"P5"
"277","West Virginia","fbs","Big 12",2014,546052,"Kevin White",132,11,11,12,59.8575653799938,0.453466404393892,5.44159685272671,1217,9.21969696969697,110.636363636364,0.53030303030303,92,132,0.696969696969697,9,0,14,19,239,248.5,251,7,180,8,"P5"
"277","West Virginia","fbs","Big 12",2014,550507,"Mario Alford",96,11,11,8.72727272727273,22.8794328152711,0.238327425159074,2.07994843775192,844,8.79166666666667,76.7272727272727,0.395833333333333,56,96,0.583333333333333,8,1,183,230,414,536,516.5,26,213,36,"P5"
"278","Fresno State","fbs","Mountain West",2014,13223,"Justin Johnson",6,3,12,2,4.93886319513169,0.823143865855281,1.64628773171056,52,8.66666666666667,17.3333333333333,0.833333333333333,5,6,0.833333333333333,1,0,NA,NA,NA,NA,NA,NA,NA,NA,"G5"
"278","Fresno State","fbs","Mountain West",2014,500577,"LeKendrick Williams",9,4,12,2.25,-5.3982639337596,-0.599807103751067,-1.3495659834399,16,1.77777777777778,4,0.222222222222222,5,9,0.555555555555556,0,0,NA,NA,NA,NA,NA,NA,NA,NA,"G5"
"278","Fresno State","fbs","Mountain West",2014,502454,"Josh Quezada",34,10,12,3.4,6.20984230373056,0.182642420697958,0.620984230373056,196,5.76470588235294,19.6,0.382352941176471,28,34,0.823529411764706,1,0,464,481,455,550.5,44,490,539,545,"G5"
"278","Fresno State","fbs","Mountain West",2014,504930,"Josh Harper",120,12,12,10,58.4759399118468,0.48729949926539,4.8729949926539,952,7.93333333333333,79.3333333333333,0.541666666666667,80,120,0.666666666666667,4,0,16,32,213,224,324.5,16,311,32,"G5"
"278","Fresno State","fbs","Mountain West",2014,504943,"Greg Watson",41,10,12,4.1,25.6774894594487,0.626280230718261,2.56774894594487,300,7.31707317073171,30,0.536585365853659,29,41,0.707317073170732,3,0,147,172,109,237,229,344,383,409.5,"G5"
"278","Fresno State","fbs","Mountain West",2014,517548,"Malique Micenheimer",10,3,12,3.33333333333333,-0.487071795955883,-0.0487071795955882,-0.162357265318628,48,4.8,16,0.3,7,10,0.7,1,0,NA,NA,NA,NA,NA,NA,NA,NA,"G5"
"278","Fresno State","fbs","Mountain West",2014,517557,"Dillon Root",13,5,12,2.6,2.85884679200523,0.21991129169271,0.571769358401046,84,6.46153846153846,16.8,0.461538461538462,8,13,0.615384615384615,0,0,NA,NA,NA,NA,NA,NA,NA,NA,"G5"
"278","Fresno State","fbs","Mountain West",2014,532969,"Aaron Peck",46,10,12,4.6,11.3525996963422,0.246795645572656,1.13525996963422,348,7.56521739130435,34.8,0.456521739130435,28,46,0.608695652173913,1,0,375,397,405,432.5,460.5,277,352,330.5,"G5"
"278","Fresno State","fbs","Mountain West",2014,532974,"Marteze Waller",30,10,12,3,-8.91346286349274,-0.297115428783091,-0.891346286349274,119,3.96666666666667,11.9,0.3,25,30,0.833333333333333,0,0,618,618,619,614,37,605.5,621,616,"G5"
"278","Fresno State","fbs","Mountain West",2014,546271,"Brian Burrell",6,3,12,2,18.614074383018,3.102345730503,6.204691461006,145,24.1666666666667,48.3333333333333,1,6,6,1,6,0,NA,NA,NA,NA,NA,NA,NA,NA,"G5"
"278","Fresno State","fbs","Mountain West",2014,550578,"Jeff Camilli",1,1,12,1,-1.65131453477036,-1.65131453477036,-1.65131453477036,3,3,3,0,1,1,1,0,0,NA,NA,NA,NA,NA,NA,NA,NA,"G5"
"278","Fresno State","fbs","Mountain West",2014,550588,"Delvon Hardaway",28,7,12,4,14.1251937659807,0.504471205927883,2.01788482371153,222,7.92857142857143,31.7142857142857,0.571428571428571,19,28,0.678571428571429,1,0,323,240,187,156,291,451.5,312,378,"G5"
"278","Fresno State","fbs","Mountain West",2014,550592,"Dontel James",1,1,12,1,0.211071801006944,0.211071801006944,0.211071801006944,8,8,8,1,1,1,1,0,0,NA,NA,NA,NA,NA,NA,NA,NA,"G5"
"278","Fresno State","fbs","Mountain West",2014,552062,"Da'Mari Scott",13,5,12,2.6,0.902453933744618,0.0694195333649706,0.180490786748924,112,8.61538461538461,22.4,0.461538461538462,6,13,0.461538461538462,0,0,NA,NA,NA,NA,NA,NA,NA,NA,"G5"
"278","Fresno State","fbs","Mountain West",2014,3124545,"Chad Olsen",15,4,12,3.75,9.02427753578574,0.601618502385716,2.25606938394643,141,9.4,35.25,0.533333333333333,11,15,0.733333333333333,3,1,NA,NA,NA,NA,NA,NA,NA,NA,"G5"
"290","Georgia Southern","fbs","Sun Belt",2014,505851,"Devin Scott",5,4,11,1.25,0.0553801240861486,0.0110760248172297,0.0138450310215371,35,7,8.75,0.4,5,5,1,0,0,NA,NA,NA,NA,NA,NA,NA,NA,"G5"
"290","Georgia Southern","fbs","Sun Belt",2014,505853,"Kentrellis Showers",22,8,11,2.75,14.6278620275206,0.664902819432753,1.82848275344007,250,11.3636363636364,31.25,0.5,13,22,0.590909090909091,1,0,316,278,80,317.5,498.5,412,48.5,386,"G5"
"290","Georgia Southern","fbs","Sun Belt",2014,512954,"Zach Walker",30,7,11,4.28571428571429,11.0317831629555,0.367726105431849,1.57596902327935,242,8.06666666666667,34.5714285714286,0.5,20,30,0.666666666666667,0,1,378,324,315,317.5,324.5,424.5,297,337.5,"G5"
"290","Georgia Southern","fbs","Sun Belt",2014,532946,"Montay Crockett",4,3,11,1.33333333333333,4.87583381916899,1.21895845479225,1.625277939723,72,18,24,0.75,3,4,0.75,0,0,NA,NA,NA,NA,NA,NA,NA,NA,"G5"
"290","Georgia Southern","fbs","Sun Belt",2014,538155,"Derek Keaton",6,5,11,1.2,1.07513636125541,0.179189393542568,0.215027272251082,42,7,8.4,0.5,5,6,0.833333333333333,0,0,NA,NA,NA,NA,NA,NA,NA,NA,"G5"
"290","Georgia Southern","fbs","Sun Belt",2014,538521,"Nardo Govan",1,1,11,1,1.1803244632404,1.1803244632404,1.1803244632404,8,8,8,1,1,1,1,0,0,NA,NA,NA,NA,NA,NA,NA,NA,"G5"
"290","Georgia Southern","fbs","Sun Belt",2014,549314,"Matt Breida",10,5,11,2,7.66514936500036,0.766514936500036,1.53302987300007,97,9.7,19.4,0.7,8,10,0.8,1,0,NA,NA,NA,NA,NA,NA,NA,NA,"G5"
"290","Georgia Southern","fbs","Sun Belt",2014,3123738,"Myles Campbell",1,1,11,1,-0.592046737859745,-0.592046737859745,-0.592046737859745,0,0,0,0,1,1,1,0,0,NA,NA,NA,NA,NA,NA,NA,NA,"G5"
"290","Georgia Southern","fbs","Sun Belt",2014,3123751,"Ryan Longoria",2,1,11,2,-0.482344219028905,-0.241172109514453,-0.482344219028905,8,4,8,0.5,1,2,0.5,0,0,NA,NA,NA,NA,NA,NA,NA,NA,"G5"
"295","Old Dominion","fbs","Conference USA",2014,513949,"Taylor Heinicke",6,4,10,1.5,12.0357112009486,2.00595186682477,3.00892780023716,63,10.5,15.75,0.833333333333333,5,6,0.833333333333333,4,0,NA,NA,NA,NA,NA,NA,NA,NA,"G5"
"295","Old Dominion","fbs","Conference USA",2014,513961,"Antonio Vaughan",72,10,10,7.2,64.2776234259812,0.892744769805294,6.42776234259812,839,11.6527777777778,83.9,0.541666666666667,48,72,0.666666666666667,10,0,10,12,25,224,324.5,28.5,35,25,"G5"
"295","Old Dominion","fbs","Conference USA",2014,534739,"Zach Pascal",74,10,10,7.4,12.6034943762402,0.170317491570814,1.26034943762402,555,7.5,55.5,0.486486486486487,43,74,0.581081081081081,4,0,350,378,463,347.5,524,112,361,116,"G5"
"295","Old Dominion","fbs","Conference USA",2014,535113,"David Washington",49,10,10,4.9,22.2881155022878,0.454859500046689,2.22881155022878,473,9.6530612244898,47.3,0.612244897959184,37,49,0.755102040816326,1,1,188,200,237,78,109.5,171,137,181,"G5"
"295","Old Dominion","fbs","Conference USA",2014,536567,"Nick England",11,6,10,1.83333333333333,10.2866463432259,0.935149667565992,1.71444105720432,138,12.5454545454545,23,0.545454545454545,8,11,0.727272727272727,1,0,NA,NA,NA,NA,NA,NA,NA,NA,"G5"
"295","Old Dominion","fbs","Conference USA",2014,553047,"Cam Boyd",2,2,10,1,-1.02880416246808,-0.514402081234041,-0.514402081234041,0,0,0,0,0,2,0,0,0,NA,NA,NA,NA,NA,NA,NA,NA,"G5"
"295","Old Dominion","fbs","Conference USA",2014,553060,"Gerard Johnson",27,8,10,3.375,-0.981359389631377,-0.0363466440604214,-0.122669923703922,147,5.44444444444444,18.375,0.407407407407407,23,27,0.851851851851852,0,0,567,568,569,518,27.5,578,559,565,"G5"
"295","Old Dominion","fbs","Conference USA",2014,553072,"Melvin Vaughn",39,6,10,6.5,25.6902147268155,0.65872345453373,4.28170245446924,293,7.51282051282051,48.8333333333333,0.615384615384615,26,39,0.666666666666667,3,0,146,55,87,72,324.5,355,358,163,"G5"
"295","Old Dominion","fbs","Conference USA",2014,3123205,"Vincent Lowe",16,5,10,3.2,-4.06856374524775,-0.254285234077984,-0.81371274904955,64,4,12.8,0.4375,11,16,0.6875,0,0,NA,NA,NA,NA,NA,NA,NA,NA,"G5"
"295","Old Dominion","fbs","Conference USA",2014,3123212,"Ray Lawry",16,7,10,2.28571428571429,7.29436577409143,0.455897860880714,1.04205225344163,123,7.6875,17.5714285714286,0.625,13,16,0.8125,0,0,NA,NA,NA,NA,NA,NA,NA,NA,"G5"
"295","Old Dominion","fbs","Conference USA",2014,3123226,"Jonathan Duhart",8,6,10,1.33333333333333,10.3587485213779,1.29484356517223,1.72645808689631,127,15.875,21.1666666666667,0.75,7,8,0.875,0,0,NA,NA,NA,NA,NA,NA,NA,NA,"G5"
"295","Old Dominion","fbs","Conference USA",2014,3123229,"Marques Little",9,6,10,1.5,7.00997819372779,0.778886465969755,1.16832969895463,82,9.11111111111111,13.6666666666667,0.666666666666667,9,9,1,2,0,NA,NA,NA,NA,NA,NA,NA,NA,"G5"
"30","USC","fbs","Pac-12",2014,500247,"Soma Vainuku",1,1,12,1,-0.454791098074761,-0.454791098074761,-0.454791098074761,0,0,0,0,0,1,0,0,0,NA,NA,NA,NA,NA,NA,NA,NA,"P5"
"30","USC","fbs","Pac-12",2014,500253,"Randall Telfer",20,8,12,2.5,8.81812066538538,0.440906033269269,1.10226508317317,155,7.75,19.375,0.55,17,20,0.85,0,0,NA,NA,NA,NA,NA,NA,NA,NA,"P5"
"30","USC","fbs","Pac-12",2014,512842,"George Farmer",26,9,12,2.88888888888889,12.9871412882466,0.499505434163329,1.44301569869406,231,8.88461538461539,25.6666666666667,0.576923076923077,22,26,0.846153846153846,2,0,343,342,195,136,33.5,442,207,460,"P5"
"30","USC","fbs","Pac-12",2014,513329,"Cody Kessler",10,5,12,2,26.6889398224352,2.66889398224352,5.33778796448705,172,17.2,34.4,1,10,10,1,10,0,NA,NA,NA,NA,NA,NA,NA,NA,"P5"
"30","USC","fbs","Pac-12",2014,513339,"Javorius Allen",51,11,12,4.63636363636364,21.4966473948753,0.421502890095593,1.95424067226139,442,8.66666666666667,40.1818181818182,0.450980392156863,40,51,0.784313725490196,1,0,204,254,261,442.5,77.5,189.5,234,252,"P5"
"30","USC","fbs","Pac-12",2014,517201,"Victor Blackwell",4,1,12,4,3.87405302678314,0.968513256695786,3.87405302678314,64,16,64,0.75,4,4,1,0,0,NA,NA,NA,NA,NA,NA,NA,NA,"P5"
"30","USC","fbs","Pac-12",2014,530996,"Jahleel Pinner",2,1,12,2,-1.62920869802724,-0.81460434901362,-1.62920869802724,3,1.5,3,0,1,2,0.5,0,0,NA,NA,NA,NA,NA,NA,NA,NA,"P5"
"30","USC","fbs","Pac-12",2014,531009,"Darreus Rogers",25,9,12,2.77777777777778,25.379876850691,1.01519507402764,2.81998631674345,229,9.16,25.4444444444444,0.6,18,25,0.72,3,0,152,142,10,93.5,191,444.5,185,466,"P5"
"30","USC","fbs","Pac-12",2014,531010,"Nelson Agholor",123,12,12,10.25,78.2292818818002,0.636010421803254,6.51910682348335,1186,9.64227642276423,98.8333333333333,0.59349593495935,95,123,0.772357723577236,9,0,4,11,101,104,89,8,138,14,"P5"
"30","USC","fbs","Pac-12",2014,546418,"Justin Davis",17,9,12,1.88888888888889,1.62805860499519,0.0957681532350111,0.180895400555021,90,5.29411764705882,10,0.470588235294118,12,17,0.705882352941177,1,1,NA,NA,NA,NA,NA,NA,NA,NA,"P5"
"30","USC","fbs","Pac-12",2014,3120347,"Adoree' Jackson",7,4,12,1.75,3.76821462292798,0.538316374703997,0.942053655731994,49,7,12.25,0.428571428571429,6,7,0.857142857142857,1,0,NA,NA,NA,NA,NA,NA,NA,NA,"P5"
"30","USC","fbs","Pac-12",2014,3120350,"Bryce Dixon",18,6,12,3,9.66565037917308,0.536980576620727,1.61094172986218,154,8.55555555555556,25.6666666666667,0.5,10,18,0.555555555555556,3,0,NA,NA,NA,NA,NA,NA,NA,NA,"P5"
"30","USC","fbs","Pac-12",2014,3120353,"Ajene Harris",5,2,12,2.5,0.9509314653712,0.19018629307424,0.4754657326856,38,7.6,19,0.6,4,5,0.8,0,0,NA,NA,NA,NA,NA,NA,NA,NA,"P5"
"309","Louisiana","fbs","Sun Belt",2014,503922,"Terrance Broadway",4,4,11,1,8.90193212654333,2.22548303163583,2.22548303163583,92,23,23,0.75,4,4,1,3,0,NA,NA,NA,NA,NA,NA,NA,NA,"G5"
"309","Louisiana","fbs","Sun Belt",2014,505168,"James Butler",41,9,11,4.55555555555556,19.7128673943591,0.480801643764856,2.19031859937323,397,9.68292682926829,44.1111111111111,0.609756097560976,27,41,0.658536585365854,0,0,228,204,218,79,349,228,135,212.5,"G5"
"309","Louisiana","fbs","Sun Belt",2014,512325,"Alonzo Harris",6,5,11,1.2,-4.51515537545981,-0.752525895909969,-0.903031075091963,17,2.83333333333333,3.4,0,5,6,0.833333333333333,0,0,NA,NA,NA,NA,NA,NA,NA,NA,"G5"
"309","Louisiana","fbs","Sun Belt",2014,512334,"Larry Pettis",16,7,11,2.28571428571429,4.81762468220587,0.301101542637867,0.688232097457982,118,7.375,16.8571428571429,0.625,15,16,0.9375,0,1,NA,NA,NA,NA,NA,NA,NA,NA,"G5"
"309","Louisiana","fbs","Sun Belt",2014,512337,"Effrem Reed",5,3,11,1.66666666666667,1.9365662983746,0.387313259674921,0.645522099458201,44,8.8,14.6666666666667,0.2,5,5,1,1,0,NA,NA,NA,NA,NA,NA,NA,NA,"G5"
"309","Louisiana","fbs","Sun Belt",2014,512339,"Jamal Robinson",13,2,11,6.5,13.1761585338087,1.01355065644683,6.58807926690437,129,9.92307692307692,64.5,0.692307692307692,9,13,0.692307692307692,1,0,NA,NA,NA,NA,NA,NA,NA,NA,"G5"
"309","Louisiana","fbs","Sun Belt",2014,514789,"Evan Tatford",2,2,11,1,5.21529702384082,2.60764851192041,2.60764851192041,26,13,13,1,2,2,1,0,0,NA,NA,NA,NA,NA,NA,NA,NA,"G5"
"309","Louisiana","fbs","Sun Belt",2014,518088,"Torrey Pierce",6,3,11,2,-0.236904636609296,-0.0394841061015493,-0.0789682122030987,39,6.5,13,0.5,6,6,1,0,0,NA,NA,NA,NA,NA,NA,NA,NA,"G5"
"309","Louisiana","fbs","Sun Belt",2014,531425,"Jared Johnson",12,4,11,3,5.01898929968745,0.418249108307288,1.25474732492186,72,6,18,0.666666666666667,8,12,0.666666666666667,2,0,NA,NA,NA,NA,NA,NA,NA,NA,"G5"
"309","Louisiana","fbs","Sun Belt",2014,536320,"Al Riles",43,10,11,4.3,8.81603432360809,0.205024054037397,0.881603432360809,296,6.88372093023256,29.6,0.511627906976744,31,43,0.720930232558139,1,0,422,443,441,295.5,186,350.5,433,413,"G5"
"309","Louisiana","fbs","Sun Belt",2014,545809,"Elijah McGuire",49,11,11,4.45454545454545,10.7070107445164,0.218510423357478,0.973364613137854,352,7.18367346938776,32,0.510204081632653,39,49,0.795918367346939,1,0,386,425,428,299,68,272,398,372.5,"G5"
"309","Louisiana","fbs","Sun Belt",2014,545810,"Devin Scott",7,4,11,1.75,5.77726186306959,0.825323123295656,1.4443154657674,79,11.2857142857143,19.75,0.571428571428571,4,7,0.571428571428571,0,0,NA,NA,NA,NA,NA,NA,NA,NA,"G5"
"309","Louisiana","fbs","Sun Belt",2014,546098,"Nick Byrne",3,2,11,1.5,-0.835302830731871,-0.278434276910624,-0.417651415365935,12,4,6,0.666666666666667,2,3,0.666666666666667,0,0,NA,NA,NA,NA,NA,NA,NA,NA,"G5"
"309","Louisiana","fbs","Sun Belt",2014,3124917,"C.J. Bates",12,7,11,1.71428571428571,12.1585797808482,1.01321498173735,1.7369399686926,135,11.25,19.2857142857143,0.583333333333333,10,12,0.833333333333333,0,0,NA,NA,NA,NA,NA,NA,NA,NA,"G5"
"309","Louisiana","fbs","Sun Belt",2014,3124919,"Gabe Fuselier",24,8,11,3,10.8558335284401,0.452326397018336,1.35697919105501,158,6.58333333333333,19.75,0.458333333333333,21,24,0.875,1,0,383,354,240,429,15.5,560,467,543,"G5"
"326","Texas State","fbs","Sun Belt",2014,500311,"Terrence Franks",17,8,11,2.125,1.6158866062784,0.0950521533104943,0.2019858257848,109,6.41176470588235,13.625,0.294117647058824,10,17,0.588235294117647,2,0,NA,NA,NA,NA,NA,NA,NA,NA,"G5"
"326","Texas State","fbs","Sun Belt",2014,500333,"David Lewis",4,2,11,2,2.7960007390244,0.699000184756101,1.3980003695122,33,8.25,16.5,0.75,4,4,1,0,0,NA,NA,NA,NA,NA,NA,NA,NA,"G5"
"326","Texas State","fbs","Sun Belt",2014,515416,"Jafus Gaines",23,6,11,3.83333333333333,3.04084686473339,0.132210733249278,0.506807810788898,165,7.17391304347826,27.5,0.478260869565217,17,23,0.739130434782609,1,0,508,495,487,374,147,547.5,400,437,"G5"
"326","Texas State","fbs","Sun Belt",2014,515854,"Bradley Miller",57,11,11,5.18181818181818,23.8147288726248,0.417802260923242,2.1649753520568,390,6.84210526315789,35.4545454545455,0.508771929824561,41,57,0.719298245614035,1,0,167,211,265,301,196,234,441,319,"G5"
"326","Texas State","fbs","Sun Belt",2014,520522,"Ben Ijah",41,11,11,3.72727272727273,-0.802445521249392,-0.0195718419816925,-0.0729495928408538,234,5.70731707317073,21.2727272727273,0.365853658536585,23,41,0.560975609756098,2,0,561,562,563,573,550.5,437,544,527,"G5"
"326","Texas State","fbs","Sun Belt",2014,532251,"Robert Lowe",28,8,11,3.5,8.87588316190499,0.316995827210892,1.10948539523812,184,6.57142857142857,23,0.5,21,28,0.75,1,0,421,400,355,317.5,117.5,521.5,470,503.5,"G5"
"326","Texas State","fbs","Sun Belt",2014,532259,"Brandon Smith",51,9,11,5.66666666666667,12.0752269801265,0.236769156473069,1.34169188668073,406,7.96078431372549,45.1111111111111,0.470588235294118,35,51,0.686274509803922,1,0,362,359,415,393.5,279.5,218,308,202,"G5"
"326","Texas State","fbs","Sun Belt",2014,548232,"C.J. Best",49,11,11,4.45454545454545,2.41772805410081,0.0493413888592002,0.21979345946371,274,5.59183673469388,24.9090909090909,0.387755102040816,34,49,0.693877551020408,1,0,518,523,527,545,258,379.5,552,476,"G5"
"326","Texas State","fbs","Sun Belt",2014,548233,"Ryan Carden",10,5,11,2,19.0495305994406,1.90495305994406,3.80990611988813,161,16.1,32.2,1,10,10,1,1,0,NA,NA,NA,NA,NA,NA,NA,NA,"G5"
"326","Texas State","fbs","Sun Belt",2014,548237,"Brice Gunter",4,3,11,1.33333333333333,2.92316594207669,0.730791485519174,0.974388647358898,51,12.75,17,0.75,3,4,0.75,0,0,NA,NA,NA,NA,NA,NA,NA,NA,"G5"
"326","Texas State","fbs","Sun Belt",2014,548240,"Tyler Jones",3,2,11,1.5,12.9484841357039,4.31616137856798,6.47424206785197,105,35,52.5,1,3,3,1,3,0,NA,NA,NA,NA,NA,NA,NA,NA,"G5"
"326","Texas State","fbs","Sun Belt",2014,548242,"Demun Mercer",12,4,11,3,-10.7456465314548,-0.895470544287899,-2.6864116328637,36,3,9,0.25,7,12,0.583333333333333,0,1,NA,NA,NA,NA,NA,NA,NA,NA,"G5"
"326","Texas State","fbs","Sun Belt",2014,548246,"Lawrence White",10,4,11,2.5,10.7619534125501,1.07619534125501,2.69048835313752,141,14.1,35.25,0.8,8,10,0.8,3,0,NA,NA,NA,NA,NA,NA,NA,NA,"G5"
"326","Texas State","fbs","Sun Belt",2014,3125429,"Randy Price",5,3,11,1.66666666666667,1.35639028400895,0.27127805680179,0.452130094669651,30,6,10,1,5,5,1,0,0,NA,NA,NA,NA,NA,NA,NA,NA,"G5"
"328","Utah State","fbs","Mountain West",2014,381477,"Jefferson Court",7,3,12,2.33333333333333,1.74962298809595,0.249946141156564,0.58320766269865,16,2.28571428571429,5.33333333333333,0.714285714285714,5,7,0.714285714285714,3,0,NA,NA,NA,NA,NA,NA,NA,NA,"G5"
"328","Utah State","fbs","Mountain West",2014,505063,"Joe Hill",10,6,12,1.66666666666667,4.38456856196517,0.438456856196517,0.730761426994195,148,14.8,24.6666666666667,0.4,7,10,0.7,1,0,NA,NA,NA,NA,NA,NA,NA,NA,"G5"
"328","Utah State","fbs","Mountain West",2014,505076,"Tyler Weese",1,1,12,1,1.46657641226974,1.46657641226974,1.46657641226974,16,16,16,1,1,1,1,0,0,NA,NA,NA,NA,NA,NA,NA,NA,"G5"
"328","Utah State","fbs","Mountain West",2014,512806,"Chuckie Keeton",1,1,12,1,4.40984174412052,4.40984174412052,4.40984174412052,37,37,37,1,1,1,1,1,0,NA,NA,NA,NA,NA,NA,NA,NA,"G5"
"328","Utah State","fbs","Mountain West",2014,514590,"Brandon Swindall",8,1,12,8,-2.51610517588097,-0.314513146985122,-2.51610517588097,37,4.625,37,0.25,5,8,0.625,0,0,NA,NA,NA,NA,NA,NA,NA,NA,"G5"
"328","Utah State","fbs","Mountain West",2014,534515,"Devonte Robinson",33,9,12,3.66666666666667,5.37888638252362,0.16299655704617,0.597654042502625,226,6.84848484848485,25.1111111111111,0.454545454545455,24,33,0.727272727272727,2,0,482,485,466,434.5,176.5,447.5,439,473,"G5"
"328","Utah State","fbs","Mountain West",2014,550724,"Ronald Butler",38,12,12,3.16666666666667,35.9561723918005,0.946215062942118,2.99634769931671,471,12.3947368421053,39.25,0.684210526315789,35,38,0.921052631578947,2,0,78,127,18,18.5,5,173.5,19,260.5,"G5"
"328","Utah State","fbs","Mountain West",2014,550726,"Rashad Hall",4,3,12,1.33333333333333,-3.37865691326351,-0.844664228315877,-1.12621897108784,0,0,0,0,1,4,0.25,0,0,NA,NA,NA,NA,NA,NA,NA,NA,"G5"
"328","Utah State","fbs","Mountain West",2014,550729,"Hayden Weichers",11,5,12,2.2,3.46890207852105,0.315354734411005,0.693780415704211,84,7.63636363636364,16.8,0.636363636363636,9,11,0.818181818181818,0,0,NA,NA,NA,NA,NA,NA,NA,NA,"G5"
"328","Utah State","fbs","Mountain West",2014,550797,"Kennedy Williams",5,4,12,1.25,-5.225958651637,-1.0451917303274,-1.30648966290925,34,6.8,8.5,0,4,5,0.8,0,1,NA,NA,NA,NA,NA,NA,NA,NA,"G5"
"328","Utah State","fbs","Mountain West",2014,550807,"Wyatt Houston",22,8,12,2.75,10.8382432403589,0.492647420016314,1.35478040504486,161,7.31818181818182,20.125,0.590909090909091,17,22,0.772727272727273,2,0,NA,NA,NA,NA,NA,NA,NA,NA,"G5"
"328","Utah State","fbs","Mountain West",2014,3125354,"Hunter Sharp",93,12,12,7.75,32.5778063235163,0.350298992725981,2.71481719362635,876,9.41935483870968,73,0.462365591397849,62,93,0.666666666666667,6,0,97,153,330,421,324.5,22,162,43,"G5"
"328","Utah State","fbs","Mountain West",2014,3125355,"JoJo Natson",63,11,12,5.72727272727273,-4.99771434439845,-0.0793287991174357,-0.454337667672586,391,6.20634920634921,35.5454545454545,0.301587301587302,42,63,0.666666666666667,2,0,599,593,579,612,324.5,232.5,505,316,"G5"
"328","Utah State","fbs","Mountain West",2014,3125361,"LaJuan Hunt",8,5,12,1.6,3.90458774414986,0.488073468018732,0.780917548829971,73,9.125,14.6,0.5,8,8,1,1,0,NA,NA,NA,NA,NA,NA,NA,NA,"G5"
"328","Utah State","fbs","Mountain West",2014,3125383,"Damoun Patterson",3,1,12,3,-1.32039352097211,-0.440131173657371,-1.32039352097211,9,3,9,0.333333333333333,2,3,0.666666666666667,0,0,NA,NA,NA,NA,NA,NA,NA,NA,"G5"
"333","Alabama","fbs","SEC",2014,501545,"Brian Vogler",5,4,12,1.25,1.92181974214367,0.384363948428734,0.480454935535917,18,3.6,4.5,0.8,4,5,0.8,1,0,NA,NA,NA,NA,NA,NA,NA,NA,"P5"
"333","Alabama","fbs","SEC",2014,504027,"Jalston Fowler",13,8,12,1.625,5.4537024285471,0.4195155714267,0.681712803568387,115,8.84615384615385,14.375,0.692307692307692,9,13,0.692307692307692,2,0,NA,NA,NA,NA,NA,NA,NA,NA,"P5"
"333","Alabama","fbs","SEC",2014,504052,"Blake Sims",9,4,12,2.25,34.8521598467254,3.87246220519171,8.71303996168134,309,34.3333333333333,77.25,1,9,9,1,9,0,NA,NA,NA,NA,NA,NA,NA,NA,"P5"
"333","Alabama","fbs","SEC",2014,504057,"DeAndrew White",54,9,12,6,18.4472746608726,0.341616197423567,2.0496971845414,420,7.77777777777778,46.6666666666667,0.5,33,54,0.611111111111111,1,0,250,232,336,317.5,456,204.5,328,187,"P5"
"333","Alabama","fbs","SEC",2014,513131,"Christion Jones",26,9,12,2.88888888888889,10.4029041783726,0.400111699168178,1.1558782420414,253,9.73076923076923,28.1111111111111,0.653846153846154,18,26,0.692307692307692,1,0,391,393,284,36.5,262,409.5,129.5,431,"P5"
"333","Alabama","fbs","SEC",2014,534401,"Michael Nysewander",1,1,12,1,0.437335870315645,0.437335870315645,0.437335870315645,9,9,9,1,1,1,1,0,0,NA,NA,NA,NA,NA,NA,NA,NA,"P5"
"333","Alabama","fbs","SEC",2014,534409,"T.J. Yeldon",21,10,12,2.1,2.17102871614269,0.103382319816318,0.217102871614269,158,7.52380952380952,15.8,0.476190476190476,14,21,0.666666666666667,0,0,NA,NA,NA,NA,NA,NA,NA,NA,"P5"
"333","Alabama","fbs","SEC",2014,534457,"Chris Black",7,4,12,1.75,7.32923166635421,1.04703309519346,1.83230791658855,77,11,19.25,1,7,7,1,0,0,NA,NA,NA,NA,NA,NA,NA,NA,"P5"
"333","Alabama","fbs","SEC",2014,534458,"Amari Cooper",149,12,12,12.4166666666667,84.1860557665892,0.565007085681807,7.01550464721577,1335,8.95973154362416,111.25,0.570469798657718,106,149,0.711409395973154,8,0,3,5,142,162,212,3,202,6,"P5"
"333","Alabama","fbs","SEC",2014,534667,"Ty Flournoy-Smith",2,2,12,1,2.0790700823936,1.0395350411968,1.0395350411968,18,9,9,0.5,2,2,1,1,0,NA,NA,NA,NA,NA,NA,NA,NA,"P5"
"333","Alabama","fbs","SEC",2014,535744,"Kenyan Drake",5,4,12,1.25,13.1125042275349,2.62250084550699,3.27812605688373,145,29,36.25,0.8,4,5,0.8,2,0,NA,NA,NA,NA,NA,NA,NA,NA,"P5"
"333","Alabama","fbs","SEC",2014,546368,"Derrick Henry",5,4,12,1.25,6.39526973140738,1.27905394628148,1.59881743285184,70,14,17.5,0.4,2,5,0.4,1,0,NA,NA,NA,NA,NA,NA,NA,NA,"P5"
"333","Alabama","fbs","SEC",2014,546370,"O.J. Howard",18,7,12,2.57142857142857,12.5485285999998,0.697140477777767,1.79264694285712,213,11.8333333333333,30.4285714285714,0.611111111111111,13,18,0.722222222222222,0,0,NA,NA,NA,NA,NA,NA,NA,NA,"P5"
"333","Alabama","fbs","SEC",2014,551293,"Robert Foster",2,2,12,1,-0.952345500407144,-0.476172750203572,-0.476172750203572,4,2,2,0,2,2,1,0,0,NA,NA,NA,NA,NA,NA,NA,NA,"P5"
"333","Alabama","fbs","SEC",2014,551307,"ArDarius Stewart",9,4,12,2.25,3.3445660909898,0.371618454554422,0.83614152274745,98,10.8888888888889,24.5,0.555555555555556,7,9,0.777777777777778,0,0,NA,NA,NA,NA,NA,NA,NA,NA,"P5"
"333","Alabama","fbs","SEC",2014,559702,"Cam Sims",7,2,12,3.5,-1.86697205231995,-0.266710293188564,-0.933486026159974,29,4.14285714285714,14.5,0.428571428571429,4,7,0.571428571428571,0,0,NA,NA,NA,NA,NA,NA,NA,NA,"P5"
"344","Mississippi State","fbs","SEC",2014,504243,"Jameon Lewis",42,8,11,5.25,7.26029686310301,0.172864211026262,0.907537107887876,331,7.88095238095238,41.375,0.5,29,42,0.69047619047619,2,0,443,436,461,317.5,266.5,298.5,318,236.5,"P5"
"344","Mississippi State","fbs","SEC",2014,504245,"Brandon Hill",3,3,11,1,7.00851948279009,2.33617316093003,2.33617316093003,57,19,19,1,3,3,1,1,0,NA,NA,NA,NA,NA,NA,NA,NA,"P5"
"344","Mississippi State","fbs","SEC",2014,504248,"Nick Griffin",7,6,11,1.16666666666667,-3.01956291568163,-0.431366130811662,-0.503260485946938,50,7.14285714285714,8.33333333333333,0.571428571428571,4,7,0.571428571428571,0,0,NA,NA,NA,NA,NA,NA,NA,NA,"P5"
"344","Mississippi State","fbs","SEC",2014,504267,"Malcolm Johnson",31,10,11,3.1,26.4665630532361,0.853760098491486,2.64665630532361,328,10.5806451612903,32.8,0.709677419354839,22,31,0.709677419354839,3,1,140,158,30,9,217,303,77,366,"P5"
"344","Mississippi State","fbs","SEC",2014,504268,"Robert Johnson",17,7,11,2.42857142857143,7.50326429640334,0.441368488023726,1.07189489948619,179,10.5294117647059,25.5714285714286,0.470588235294118,10,17,0.588235294117647,1,0,NA,NA,NA,NA,NA,NA,NA,NA,"P5"
"344","Mississippi State","fbs","SEC",2014,512030,"Dak Prescott",3,3,11,1,8.71251321327575,2.90417107109192,2.90417107109191,69,23,23,1,3,3,1,2,0,NA,NA,NA,NA,NA,NA,NA,NA,"P5"
"344","Mississippi State","fbs","SEC",2014,512032,"Josh Robinson",36,11,11,3.27272727272727,14.4000821860625,0.400002282946182,1.30909838055114,361,10.0277777777778,32.8181818181818,0.527777777777778,27,36,0.75,1,1,318,368,285,253,117.5,259,114,365,"P5"
"344","Mississippi State","fbs","SEC",2014,514707,"Joe Morrow",11,4,11,2.75,11.9801520170871,1.0891047288261,2.99503800427176,149,13.5454545454545,37.25,0.818181818181818,9,11,0.818181818181818,3,0,NA,NA,NA,NA,NA,NA,NA,NA,"P5"
"344","Mississippi State","fbs","SEC",2014,531356,"Brandon Holloway",4,4,11,1,-3.7860692883642,-0.946517322091051,-0.946517322091051,10,2.5,2.5,0,4,4,1,0,0,NA,NA,NA,NA,NA,NA,NA,NA,"P5"
"344","Mississippi State","fbs","SEC",2014,531357,"Fred Brown",20,7,11,2.85714285714286,11.2491623175797,0.562458115878986,1.60702318822567,256,12.8,36.5714285714286,0.6,13,20,0.65,1,0,NA,NA,NA,NA,NA,NA,NA,NA,"P5"
"344","Mississippi State","fbs","SEC",2014,531360,"Gus Walley",3,2,11,1.5,2.92338408858696,0.974461362862319,1.46169204429348,42,14,21,0.666666666666667,3,3,1,1,1,NA,NA,NA,NA,NA,NA,NA,NA,"P5"
"344","Mississippi State","fbs","SEC",2014,546607,"Gabe Myles",23,7,11,3.28571428571429,-1.0247504117902,-0.0445543657300088,-0.146392915970029,128,5.56521739130435,18.2857142857143,0.478260869565217,17,23,0.739130434782609,0,0,568,569,571,374,147,597,554,567,"P5"
"344","Mississippi State","fbs","SEC",2014,546611,"Ashton Shumpert",3,3,11,1,0.90161994810361,0.300539982701203,0.300539982701203,18,6,6,0.666666666666667,3,3,1,0,0,NA,NA,NA,NA,NA,NA,NA,NA,"P5"
"344","Mississippi State","fbs","SEC",2014,546621,"De'Runnya Wilson",56,9,11,6.22222222222222,38.7888011889392,0.692657164088201,4.30986679877103,517,9.23214285714286,57.4444444444444,0.589285714285714,36,56,0.642857142857143,5,0,62,50,68,110.5,392.5,137,179,107,"P5"
"344","Mississippi State","fbs","SEC",2014,546622,"Fred Ross",32,9,11,3.55555555555556,23.9292802884205,0.74779000901314,2.65880892093561,367,11.46875,40.7777777777778,0.65625,24,32,0.75,3,0,164,156,52,33,117.5,255,42,243,"P5"
"344","Mississippi State","fbs","SEC",2014,559676,"Jamoral Graham",8,4,11,2,-1.96270422653344,-0.24533802831668,-0.490676056633361,34,4.25,8.5,0.25,4,8,0.5,0,0,NA,NA,NA,NA,NA,NA,NA,NA,"P5"
"349","Army","fbs","FBS Independents",2014,515360,"Angel Santiago",1,1,9,1,-0.291115189866454,-0.291115189866454,-0.291115189866454,0,0,0,0,0,1,0,0,0,NA,NA,NA,NA,NA,NA,NA,NA,"G5"
"349","Army","fbs","FBS Independents",2014,515366,"Tony Giovannelli",7,5,9,1.4,1.06950349261635,0.152786213230907,0.213900698523269,57,8.14285714285714,11.4,0.428571428571429,4,7,0.571428571428571,0,1,NA,NA,NA,NA,NA,NA,NA,NA,"G5"
"349","Army","fbs","FBS Independents",2014,515369,"Terry Baggett",4,2,9,2,-1.0387572053949,-0.259689301348726,-0.519378602697451,7,1.75,3.5,0.25,1,4,0.25,0,0,NA,NA,NA,NA,NA,NA,NA,NA,"G5"
"349","Army","fbs","FBS Independents",2014,515371,"Larry Dixon",2,2,9,1,-1.49122894175041,-0.745614470875207,-0.745614470875207,2,1,1,0,2,2,1,0,0,NA,NA,NA,NA,NA,NA,NA,NA,"G5"
"349","Army","fbs","FBS Independents",2014,535647,"Kelvin White",7,4,9,1.75,-3.42904205786815,-0.489863151124021,-0.857260514467037,29,4.14285714285714,7.25,0.285714285714286,5,7,0.714285714285714,0,0,NA,NA,NA,NA,NA,NA,NA,NA,"G5"
"349","Army","fbs","FBS Independents",2014,535686,"DeAndre Bell",1,1,9,1,-2.37660922747668,-2.37660922747668,-2.37660922747668,-4,-4,-4,0,1,1,1,0,0,NA,NA,NA,NA,NA,NA,NA,NA,"G5"
"349","Army","fbs","FBS Independents",2014,550766,"Joe Walker",5,3,9,1.66666666666667,-0.109938926643677,-0.0219877853287354,-0.0366463088812257,52,10.4,17.3333333333333,0.6,3,5,0.6,0,0,NA,NA,NA,NA,NA,NA,NA,NA,"G5"
"349","Army","fbs","FBS Independents",2014,550926,"Edgar Poe",7,5,9,1.4,11.5000853089619,1.6428693298517,2.30001706179238,156,22.2857142857143,31.2,0.857142857142857,6,7,0.857142857142857,0,0,NA,NA,NA,NA,NA,NA,NA,NA,"G5"
"349","Army","fbs","FBS Independents",2014,550928,"Xavier Moss",9,3,9,3,4.65276363803895,0.516973737559883,1.55092121267965,27,3,9,0.333333333333333,4,9,0.444444444444444,2,0,NA,NA,NA,NA,NA,NA,NA,NA,"G5"
"356","Illinois","fbs","Big Ten",2014,502905,"Martize Barr",24,8,11,3,12.8109162373759,0.533788176557329,1.60136452967199,209,8.70833333333333,26.125,0.625,17,24,0.708333333333333,2,0,346,319,164,60.5,224.5,468,226,454,"P5"
"356","Illinois","fbs","Big Ten",2014,515453,"Jon Davis",13,7,11,1.85714285714286,8.78362067907414,0.675663129159549,1.25480295415345,113,8.69230769230769,16.1428571428571,0.692307692307692,10,13,0.769230769230769,1,0,NA,NA,NA,NA,NA,NA,NA,NA,"P5"
"356","Illinois","fbs","Big Ten",2014,515455,"Donovonn Young",19,7,11,2.71428571428571,-7.19752363460091,-0.378817033400048,-1.02821766208584,85,4.47368421052632,12.1428571428571,0.315789473684211,17,19,0.894736842105263,0,0,NA,NA,NA,NA,NA,NA,NA,NA,"P5"
"356","Illinois","fbs","Big Ten",2014,515457,"Josh Ferguson",50,11,11,4.54545454545455,4.51165455514954,0.0902330911029908,0.410150414104504,335,6.7,30.4545454545455,0.42,41,50,0.82,1,1,493,505,508,492,46.5,292,455,400,"P5"
"356","Illinois","fbs","Big Ten",2014,515471,"Matt LaCosse",22,6,11,3.66666666666667,5.84097737905451,0.265498971775205,0.973496229842418,104,4.72727272727273,17.3333333333333,0.409090909090909,13,22,0.590909090909091,3,0,472,424,388,513,498.5,620,599,583.5,"P5"
"356","Illinois","fbs","Big Ten",2014,530669,"Justin Hardee",23,6,11,3.83333333333333,17.1485816006787,0.745590504377333,2.85809693344644,214,9.30434782608696,35.6666666666667,0.565217391304348,16,23,0.695652173913043,1,0,267,137,54,171,254.5,461,172,312,"P5"
"356","Illinois","fbs","Big Ten",2014,530670,"Devin Church",4,3,11,1.33333333333333,-1.10642818899267,-0.276607047248167,-0.36880939633089,21,5.25,7,0.25,3,4,0.75,0,0,NA,NA,NA,NA,NA,NA,NA,NA,"P5"
"356","Illinois","fbs","Big Ten",2014,546063,"Marchie Murdock",1,1,11,1,0.61595111060478,0.61595111060478,0.61595111060478,17,17,17,1,1,1,1,0,0,NA,NA,NA,NA,NA,NA,NA,NA,"P5"
"356","Illinois","fbs","Big Ten",2014,546086,"Tyler White",3,2,11,1.5,1.46152474311503,0.487174914371678,0.730762371557517,17,5.66666666666667,8.5,0.333333333333333,2,3,0.666666666666667,1,0,NA,NA,NA,NA,NA,NA,NA,NA,"P5"
"356","Illinois","fbs","Big Ten",2014,3115913,"Geronimo Allison",47,9,11,5.22222222222222,32.3261691692493,0.687790833388283,3.59179657436103,476,10.1276595744681,52.8888888888889,0.617021276595745,34,47,0.723404255319149,5,0,99,82,70,70,184,165.5,105,136,"P5"
"356","Illinois","fbs","Big Ten",2014,3115915,"Mike Dudek",90,11,11,8.18181818181818,46.6362662906659,0.518180736562954,4.23966057187872,904,10.0444444444444,82.1818181818182,0.544444444444444,66,90,0.733333333333333,4,0,33,59,177,218,159,20,112,30,"P5"
"356","Illinois","fbs","Big Ten",2014,3115928,"Malik Turner",19,6,11,3.16666666666667,5.54132575984082,0.291648724202148,0.923554293306803,126,6.63157894736842,21,0.473684210526316,14,19,0.736842105263158,1,0,NA,NA,NA,NA,NA,NA,NA,NA,"P5"
"36","Colorado State","fbs","Mountain West",2014,502870,"Kivon Cartwright",1,1,10,1,1.60821078164973,1.60821078164973,1.60821078164973,22,22,22,1,1,1,1,0,0,NA,NA,NA,NA,NA,NA,NA,NA,"G5"
"36","Colorado State","fbs","Mountain West",2014,515534,"Charles Lovett",29,10,10,2.9,21.6543186904574,0.74670064449853,2.16543186904574,359,12.3793103448276,35.9,0.482758620689655,19,29,0.655172413793103,2,0,198,209,53,360.5,364.5,261.5,20,309,"G5"
"36","Colorado State","fbs","Mountain West",2014,515908,"Dee Hart",22,10,10,2.2,8.99786901580044,0.408994046172747,0.899786901580044,152,6.90909090909091,15.2,0.5,15,22,0.681818181818182,2,0,417,439,275,317.5,286,570.5,431.5,603,"G5"
"36","Colorado State","fbs","Mountain West",2014,532679,"Joe Hansley",36,8,10,4.5,31.6877539384797,0.880215387179992,3.96096924230996,407,11.3055555555556,50.875,0.555555555555556,25,36,0.694444444444444,2,0,100,68,26,190.5,257,216.5,52,152.5,"G5"
"36","Colorado State","fbs","Mountain West",2014,532687,"Jasen Oden Jr.",5,4,10,1.25,1.00557975716863,0.201115951433726,0.251394939292157,17,3.4,4.25,0.6,3,5,0.6,1,0,NA,NA,NA,NA,NA,NA,NA,NA,"G5"
"36","Colorado State","fbs","Mountain West",2014,532689,"Nolan Peralta",4,2,10,2,1.96898648057984,0.492246620144961,0.984493240289922,30,7.5,15,0.75,3,4,0.75,0,0,NA,NA,NA,NA,NA,NA,NA,NA,"G5"
"36","Colorado State","fbs","Mountain West",2014,532696,"Jordon Vaden",8,3,10,2.66666666666667,0.354424538826626,0.0443030673533282,0.118141512942208,39,4.875,13,0.5,4,8,0.5,0,0,NA,NA,NA,NA,NA,NA,NA,NA,"G5"
"36","Colorado State","fbs","Mountain West",2014,532698,"Jordan White",2,2,10,1,2.92097331442586,1.46048665721293,1.46048665721293,16,8,8,1,2,2,1,0,0,NA,NA,NA,NA,NA,NA,NA,NA,"G5"
"36","Colorado State","fbs","Mountain West",2014,546244,"Rashard Higgins",98,9,10,10.8888888888889,96.3374058873574,0.983034753952627,10.7041562097064,1350,13.7755102040816,150,0.642857142857143,74,98,0.755102040816326,14,0,2,1,14,44.5,109.5,2,8,1,"G5"
"36","Colorado State","fbs","Mountain West",2014,546250,"Sammie Long IV",1,1,10,1,-0.107836002606418,-0.107836002606418,-0.107836002606418,6,6,6,0,1,1,1,0,0,NA,NA,NA,NA,NA,NA,NA,NA,"G5"
"36","Colorado State","fbs","Mountain West",2014,546252,"Elroy Masters Jr.",7,3,10,2.33333333333333,3.29799283456844,0.471141833509777,1.09933094485615,44,6.28571428571429,14.6666666666667,0.428571428571429,5,7,0.714285714285714,1,0,NA,NA,NA,NA,NA,NA,NA,NA,"G5"
"36","Colorado State","fbs","Mountain West",2014,546270,"Xavier Williams",34,9,10,3.77777777777778,22.1133295117083,0.650392044462008,2.45703661241203,353,10.3823529411765,39.2222222222222,0.617647058823529,24,34,0.705882352941177,3,0,190,184,92,69,231.5,271,87,262,"G5"
"36","Colorado State","fbs","Mountain West",2014,550428,"Eric Williams",1,1,10,1,0.102992977987397,0.102992977987397,0.102992977987397,9,9,9,1,1,1,1,0,0,NA,NA,NA,NA,NA,NA,NA,NA,"G5"
"36","Colorado State","fbs","Mountain West",2014,3124393,"Deionte Gaines",9,6,10,1.5,1.76964830565881,0.196627589517646,0.294941384276469,57,6.33333333333333,9.5,0.333333333333333,8,9,0.888888888888889,0,0,NA,NA,NA,NA,NA,NA,NA,NA,"G5"
"36","Colorado State","fbs","Mountain West",2014,3124397,"Treyous Jarrells",10,6,10,1.66666666666667,3.18877872511091,0.318877872511091,0.531463120851818,65,6.5,10.8333333333333,0.6,7,10,0.7,0,0,NA,NA,NA,NA,NA,NA,NA,NA,"G5"
"36","Colorado State","fbs","Mountain West",2014,3124514,"Jack Spady",2,1,10,2,-3.03679895573124,-1.51839947786562,-3.03679895573124,-2,-1,-2,0,1,2,0.5,0,0,NA,NA,NA,NA,NA,NA,NA,NA,"G5"
"36","Colorado State","fbs","Mountain West",2014,3124519,"Steven Walker",32,9,10,3.55555555555556,12.9627977464974,0.405087429578044,1.44031086072193,250,7.8125,27.7777777777778,0.53125,26,32,0.8125,3,0,344,343,279,246.5,51,412,325,434.5,"G5"
"38","Colorado","fbs","Pac-12",2014,500465,"Tony Jones",30,9,12,3.33333333333333,0.114878011487161,0.00382926704957203,0.0127642234985734,151,5.03333333333333,16.7777777777778,0.366666666666667,24,30,0.8,0,0,549,550,549,570.5,64,573,582,588.5,"P5"
"38","Colorado","fbs","Pac-12",2014,500475,"Kyle Slavin",12,7,12,1.71428571428571,14.2494141875459,1.18745118229549,2.03563059822085,99,8.25,14.1428571428571,0.833333333333333,10,12,0.833333333333333,0,0,NA,NA,NA,NA,NA,NA,NA,NA,"P5"
"38","Colorado","fbs","Pac-12",2014,511433,"Nelson Spruce",145,12,12,12.0833333333333,76.442164624806,0.527187342240041,6.3701803854005,1171,8.07586206896552,97.5833333333333,0.558620689655172,104,145,0.717241379310345,12,0,5,13,170,187,202,9,295,15,"P5"
"38","Colorado","fbs","Pac-12",2014,513732,"Malcolm Creer",2,1,12,2,-1.60928646051632,-0.804643230258159,-1.60928646051632,7,3.5,7,0,2,2,1,0,0,NA,NA,NA,NA,NA,NA,NA,NA,"P5"
"38","Colorado","fbs","Pac-12",2014,513736,"D.D. Goodson",51,9,12,5.66666666666667,9.26692415747269,0.181704395244563,1.02965823971919,373,7.31372549019608,41.4444444444444,0.450980392156863,36,51,0.705882352941177,1,0,411,418,456,442.5,231.5,251,384,235,"P5"
"38","Colorado","fbs","Pac-12",2014,513743,"Tyler McCulloch",35,9,12,3.88888888888889,36.5544398589451,1.04441256739843,4.06160442877168,419,11.9714285714286,46.5555555555556,0.8,30,35,0.857142857142857,2,0,71,63,6,1,24,206,26,188,"P5"
"38","Colorado","fbs","Pac-12",2014,535774,"Sean Irwin",9,4,12,2.25,5.112069757219,0.568007750802111,1.27801743930475,67,7.44444444444444,16.75,0.666666666666667,7,9,0.777777777777778,1,0,NA,NA,NA,NA,NA,NA,NA,NA,"P5"
"38","Colorado","fbs","Pac-12",2014,535778,"Christian Powell",16,7,12,2.28571428571429,-5.46776020915514,-0.341735013072197,-0.781108601307878,64,4,9.14285714285714,0.1875,12,16,0.75,0,0,NA,NA,NA,NA,NA,NA,NA,NA,"P5"
"38","Colorado","fbs","Pac-12",2014,550267,"George Frazier",6,4,12,1.5,7.25590681682761,1.2093178028046,1.8139767042069,35,5.83333333333333,8.75,0.833333333333333,5,6,0.833333333333333,3,0,NA,NA,NA,NA,NA,NA,NA,NA,"P5"
"38","Colorado","fbs","Pac-12",2014,550277,"Phillip Lindsay",14,8,12,1.75,8.53723461218255,0.609802472298753,1.06715432652282,118,8.42857142857143,14.75,0.571428571428571,14,14,1,0,0,NA,NA,NA,NA,NA,NA,NA,NA,"P5"
"38","Colorado","fbs","Pac-12",2014,550278,"Sefo Liufau",2,2,12,1,7.1798140179365,3.58990700896825,3.58990700896825,82,41,41,1,2,2,1,2,0,NA,NA,NA,NA,NA,NA,NA,NA,"P5"
"38","Colorado","fbs","Pac-12",2014,550667,"Michael Adkins II",16,8,12,2,-2.28990270105177,-0.143118918815736,-0.286237837631472,60,3.75,7.5,0.375,11,16,0.6875,0,0,NA,NA,NA,NA,NA,NA,NA,NA,"P5"
"38","Colorado","fbs","Pac-12",2014,550669,"Bryce Bobo",30,9,12,3.33333333333333,16.2177114341071,0.540590381136904,1.80196793712301,215,7.16666666666667,23.8888888888889,0.533333333333333,23,30,0.766666666666667,3,0,283,286,162,243,96,459.5,402.5,490,"P5"
"38","Colorado","fbs","Pac-12",2014,3122607,"Shay Fields",73,12,12,6.08333333333333,7.89405958105164,0.108137802480159,0.65783829842097,411,5.63013698630137,34.25,0.479452054794521,49,73,0.671232876712329,3,0,434,476,500,372,308.5,212,548,345,"P5"
"38","Colorado","fbs","Pac-12",2014,3122620,"Donovan Lee",19,7,12,2.71428571428571,-0.40510241434257,-0.0213211797022405,-0.0578717734775099,78,4.10526315789474,11.1428571428571,0.473684210526316,13,19,0.684210526315789,1,0,NA,NA,NA,NA,NA,NA,NA,NA,"P5"
"41","UConn","fbs","American Athletic",2014,502295,"Geremy Davis",55,8,10,6.875,27.4114942884706,0.49839080524492,3.42643678605883,407,7.4,50.875,0.490909090909091,36,55,0.654545454545455,2,0,134,90,197,338,368.5,216.5,369.5,152.5,"G5"
"41","UConn","fbs","American Athletic",2014,512090,"Kamal Abrams",5,1,10,5,5.84775569029264,1.16955113805853,5.84775569029264,38,7.6,38,0.6,3,5,0.6,0,0,NA,NA,NA,NA,NA,NA,NA,NA,"G5"
"41","UConn","fbs","American Athletic",2014,512099,"Max DeLorenzo",3,2,10,1.5,0.879391715076493,0.293130571692164,0.439695857538247,26,8.66666666666667,13,0.666666666666667,3,3,1,0,0,NA,NA,NA,NA,NA,NA,NA,NA,"G5"
"41","UConn","fbs","American Athletic",2014,512100,"Deshon Foxx",44,8,10,5.5,6.47661201312711,0.147195727571071,0.809576501640888,360,8.18181818181818,45,0.409090909090909,26,44,0.590909090909091,1,0,455,453,480,513,498.5,260,282,204,"G5"
"41","UConn","fbs","American Athletic",2014,512107,"Sean McQuillan",19,6,10,3.16666666666667,10.9436774125316,0.575983021712189,1.82394623542193,147,7.73684210526316,24.5,0.684210526315789,15,19,0.789473684210526,1,0,380,280,132,18.5,71,578,333,479,"G5"
"41","UConn","fbs","American Athletic",2014,533234,"Jazzmar Clax",4,3,10,1.33333333333333,-0.82437794063951,-0.206094485159877,-0.274792646879837,14,3.5,4.66666666666667,0.25,3,4,0.75,0,0,NA,NA,NA,NA,NA,NA,NA,NA,"G5"
"41","UConn","fbs","American Athletic",2014,533264,"Chandler Whitmer",1,1,10,1,4.67881689557467,4.67881689557467,4.67881689557467,32,32,32,1,1,1,1,1,0,NA,NA,NA,NA,NA,NA,NA,NA,"G5"
"41","UConn","fbs","American Athletic",2014,546675,"Tim Boyle",1,1,10,1,6.51156934833858,6.51156934833858,6.51156934833858,39,39,39,1,1,1,1,1,0,NA,NA,NA,NA,NA,NA,NA,NA,"G5"
"41","UConn","fbs","American Athletic",2014,546676,"Dhameer Bradley",22,5,10,4.4,-4.1129172716873,-0.186950785076696,-0.822583454337461,95,4.31818181818182,19,0.227272727272727,14,22,0.636363636363636,0,0,594,613,605,627,405,623.5,614,552,"G5"
"41","UConn","fbs","American Athletic",2014,546688,"Brian Lemelle",5,3,10,1.66666666666667,-0.0280778367350557,-0.00561556734701113,-0.00935927891168522,27,5.4,9,0.4,5,5,1,0,0,NA,NA,NA,NA,NA,NA,NA,NA,"G5"
"41","UConn","fbs","American Athletic",2014,546689,"Thomas Lucas",9,3,10,3,8.71210306659853,0.968011451844281,2.90403435553284,122,13.5555555555556,40.6666666666667,0.444444444444444,9,9,1,0,0,NA,NA,NA,NA,NA,NA,NA,NA,"G5"
"41","UConn","fbs","American Athletic",2014,546693,"Tommy Myers",2,2,10,1,-0.755036813947536,-0.377518406973768,-0.377518406973768,8,4,4,0,2,2,1,0,0,NA,NA,NA,NA,NA,NA,NA,NA,"G5"
"41","UConn","fbs","American Athletic",2014,546700,"Noel Thomas",34,7,10,4.85714285714286,6.34367530014852,0.186578685298486,0.906239328592645,242,7.11764705882353,34.5714285714286,0.529411764705882,20,34,0.588235294117647,3,0,461,437,454,250,507.5,424.5,409,337.5,"G5"
"41","UConn","fbs","American Athletic",2014,3125891,"Alec Bloom",3,2,10,1.5,7.66343505907979,2.5544783530266,3.83171752953989,40,13.3333333333333,20,1,3,3,1,1,0,NA,NA,NA,NA,NA,NA,NA,NA,"G5"
"41","UConn","fbs","American Athletic",2014,3125902,"Ron Johnson",4,3,10,1.33333333333333,-1.69920603622702,-0.424801509056756,-0.566402012075675,20,5,6.66666666666667,0.25,3,4,0.75,0,0,NA,NA,NA,NA,NA,NA,NA,NA,"G5"
"41","UConn","fbs","American Athletic",2014,3125907,"Arkeel Newsome",12,6,10,2,-0.585448933794449,-0.0487874111495374,-0.0975748222990748,120,10,20,0.333333333333333,9,12,0.75,1,1,NA,NA,NA,NA,NA,NA,NA,NA,"G5"
"5","UAB","fbs","Conference USA",2014,503640,"D.J. Vinson",14,7,10,2,-2.99929277430595,-0.214235198164711,-0.428470396329421,57,4.07142857142857,8.14285714285714,0.285714285714286,12,14,0.857142857142857,0,0,NA,NA,NA,NA,NA,NA,NA,NA,"G5"
"5","UAB","fbs","Conference USA",2014,503643,"Nolen Smith",2,2,10,1,3.68857361978451,1.84428680989226,1.84428680989226,13,6.5,6.5,0.5,2,2,1,0,0,NA,NA,NA,NA,NA,NA,NA,NA,"G5"
"5","UAB","fbs","Conference USA",2014,504073,"Maudrecus Humphrey",33,9,10,3.66666666666667,7.80345220982341,0.236468248782528,0.867050245535934,262,7.93939393939394,29.1111111111111,0.424242424242424,22,33,0.666666666666667,0,0,437,447,416,486.5,324.5,400.5,309,421,"G5"
"5","UAB","fbs","Conference USA",2014,518057,"Darius Powell",7,4,10,1.75,0.777636244647816,0.111090892092545,0.194409061161954,34,4.85714285714286,8.5,0.714285714285714,6,7,0.857142857142857,0,0,NA,NA,NA,NA,NA,NA,NA,NA,"G5"
"5","UAB","fbs","Conference USA",2014,518235,"Kennard Backman",37,10,10,3.7,20.2691619559029,0.547815187997377,2.02691619559029,310,8.37837837837838,31,0.567567567567568,32,37,0.864864864864865,3,0,220,236,155,167,19,326,257,390,"G5"
"5","UAB","fbs","Conference USA",2014,534552,"Nyiakki Height",12,6,10,2,7.79347586253435,0.649456321877863,1.29891264375573,96,8,16,0.583333333333333,9,12,0.75,1,0,NA,NA,NA,NA,NA,NA,NA,NA,"G5"
"5","UAB","fbs","Conference USA",2014,535753,"Josh Magee",27,9,10,3,23.6285594848991,0.875131832774039,2.62539549832212,318,11.7777777777778,35.3333333333333,0.481481481481481,16,27,0.592592592592593,3,0,172,164,27,366.5,491.5,316,31,322,"G5"
"5","UAB","fbs","Conference USA",2014,552904,"Jordan Howard",8,5,10,1.6,5.41769838627524,0.677212298284404,1.08353967725505,51,6.375,10.2,0.75,7,8,0.875,1,0,NA,NA,NA,NA,NA,NA,NA,NA,"G5"
"5","UAB","fbs","Conference USA",2014,552922,"Jamari Staples",15,5,10,3,10.9202901108318,0.728019340722122,2.18405802216637,190,12.6666666666667,38,0.6,9,15,0.6,1,0,NA,NA,NA,NA,NA,NA,NA,NA,"G5"
"5","UAB","fbs","Conference USA",2014,554834,"Tristan Henderson",5,3,10,1.66666666666667,6.47281062865339,1.29456212573068,2.15760354288446,50,10,16.6666666666667,0.8,5,5,1,1,0,NA,NA,NA,NA,NA,NA,NA,NA,"G5"
"5","UAB","fbs","Conference USA",2014,3129249,"Cody Clements",1,1,10,1,2.20854804544981,2.20854804544981,2.20854804544981,4,4,4,1,1,1,1,1,0,NA,NA,NA,NA,NA,NA,NA,NA,"G5"
"5","UAB","fbs","Conference USA",2014,3129253,"Gerald Everett",19,6,10,3.16666666666667,12.9256349511921,0.680296576378532,2.15427249186535,186,9.78947368421053,31,0.526315789473684,14,19,0.736842105263158,1,1,345,215,71,257,151,513.5,125,390,"G5"
"5","UAB","fbs","Conference USA",2014,3129266,"Quincy Perdue",2,2,10,1,7.05798268382872,3.52899134191436,3.52899134191436,82,41,41,1,2,2,1,1,0,NA,NA,NA,NA,NA,NA,NA,NA,"G5"
"52","Florida State","fbs","ACC",2014,501082,"Jarred Haggins",1,1,12,1,0.763847445466111,0.763847445466111,0.763847445466111,18,18,18,1,1,1,1,0,0,NA,NA,NA,NA,NA,NA,NA,NA,"P5"
"52","Florida State","fbs","ACC",2014,501553,"Christian Green",10,4,12,2.5,6.33068341099321,0.633068341099321,1.5826708527483,120,12,30,0.6,6,10,0.6,1,0,NA,NA,NA,NA,NA,NA,NA,NA,"P5"
"52","Florida State","fbs","ACC",2014,517377,"Nick O'Leary",60,10,12,6,35.1285509627884,0.585475849379806,3.51285509627884,488,8.13333333333333,48.8,0.583333333333333,40,60,0.666666666666667,3,0,82,86,130,122.5,324.5,156.5,287,164.5,"P5"
"52","Florida State","fbs","ACC",2014,517390,"Karlos Williams",26,10,12,2.6,3.87795194159951,0.149151997753827,0.387795194159951,180,6.92307692307692,18,0.538461538461538,21,26,0.807692307692308,0,0,501,507,477,231,55,524.5,428.5,571.5,"P5"
"52","Florida State","fbs","ACC",2014,530302,"Mario Pender",9,5,12,1.8,0.872490581226642,0.0969433979140713,0.174498116245328,43,4.77777777777778,8.6,0.555555555555556,8,9,0.888888888888889,1,0,NA,NA,NA,NA,NA,NA,NA,NA,"P5"
"52","Florida State","fbs","ACC",2014,530308,"Jameis Winston",10,6,12,1.66666666666667,46.2074059758044,4.62074059758044,7.70123432930074,371,37.1,61.8333333333333,1,10,10,1,10,0,NA,NA,NA,NA,NA,NA,NA,NA,"P5"
"52","Florida State","fbs","ACC",2014,546812,"Freddie Stevenson",5,4,12,1.25,-2.7220513746746,-0.54441027493492,-0.68051284366865,7,1.4,1.75,0,3,5,0.6,0,0,NA,NA,NA,NA,NA,NA,NA,NA,"P5"
"52","Florida State","fbs","ACC",2014,546817,"Jesus Wilson",57,11,12,5.18181818181818,20.050903783169,0.351770241809983,1.82280943483355,420,7.36842105263158,38.1818181818182,0.491228070175439,34,57,0.596491228070175,3,0,223,281,328,337,484,204.5,375,280,"P5"
"52","Florida State","fbs","ACC",2014,3116593,"Dalvin Cook",21,8,12,2.625,14.6567995503026,0.697942835728697,1.83209994378783,179,8.52380952380952,22.375,0.714285714285714,19,21,0.904761904761905,0,0,NA,NA,NA,NA,NA,NA,NA,NA,"P5"
"52","Florida State","fbs","ACC",2014,3122920,"Ryan Izzo",1,1,12,1,-0.330056432477827,-0.330056432477827,-0.330056432477827,7,7,7,0,1,1,1,0,0,NA,NA,NA,NA,NA,NA,NA,NA,"P5"
"52","Florida State","fbs","ACC",2014,3122926,"Ermon Lane",11,4,12,2.75,7.11185916030403,0.64653265093673,1.77796479007601,161,14.6363636363636,40.25,0.545454545454545,7,11,0.636363636363636,0,0,NA,NA,NA,NA,NA,NA,NA,NA,"P5"
"52","Florida State","fbs","ACC",2014,3122935,"Travis Rudolph",45,9,12,5,6.08289543819309,0.135175454182069,0.675877270910344,332,7.37777777777778,36.8888888888889,0.466666666666667,30,45,0.666666666666667,1,0,467,472,485,406,324.5,296,373,299,"P5"
"57","Florida","fbs","SEC",2014,480211,"Andre Debose",5,2,10,2.5,-3.05034258604478,-0.610068517208956,-1.52517129302239,-3,-0.6,-1.5,0,1,5,0.2,0,0,NA,NA,NA,NA,NA,NA,NA,NA,"P5"
"57","Florida","fbs","SEC",2014,501523,"Mack Brown",5,3,10,1.66666666666667,-0.936868602909,-0.1873737205818,-0.312289534303,21,4.2,7,0.4,4,5,0.8,0,0,NA,NA,NA,NA,NA,NA,NA,NA,"P5"
"57","Florida","fbs","SEC",2014,503960,"Quinton Dunbar",30,6,10,5,3.83073270277501,0.1276910900925,0.638455450462503,229,7.63333333333333,38.1666666666667,0.366666666666667,16,30,0.533333333333333,0,0,502,478,490,570.5,574,444.5,347,281,"P5"
"57","Florida","fbs","SEC",2014,511885,"Clay Burton",22,6,10,3.66666666666667,6.20412799223544,0.282005817828884,1.03402133203924,119,5.40909090909091,19.8333333333333,0.545454545454545,16,22,0.727272727272727,1,1,465,417,377,213,176.5,605.5,560.5,542,"P5"
"57","Florida","fbs","SEC",2014,512204,"Valdez Showers",4,2,10,2,0.612620732808439,0.15315518320211,0.30631036640422,31,7.75,15.5,0.25,2,4,0.5,1,0,NA,NA,NA,NA,NA,NA,NA,NA,"P5"
"57","Florida","fbs","SEC",2014,512209,"Tevin Westbrook",9,5,10,1.8,9.34521395708629,1.03835710634292,1.86904279141726,81,9,16.2,0.777777777777778,8,9,0.888888888888889,2,0,NA,NA,NA,NA,NA,NA,NA,NA,"P5"
"57","Florida","fbs","SEC",2014,530929,"Latroy Pittman",20,9,10,2.22222222222222,6.49950534616882,0.324975267308441,0.722167260685425,141,7.05,15.6666666666667,0.5,13,20,0.65,0,0,454,467,347,317.5,378,585.5,416,595.5,"P5"
"57","Florida","fbs","SEC",2014,535916,"Mark Herndon",1,1,10,1,3.6802520311696,3.6802520311696,3.6802520311696,78,78,78,1,1,1,1,1,0,NA,NA,NA,NA,NA,NA,NA,NA,"P5"
"57","Florida","fbs","SEC",2014,535917,"Matt Jones",19,9,10,2.11111111111111,-4.28211648388752,-0.225374551783554,-0.475790720431947,65,3.42105263157895,7.22222222222222,0.210526315789474,11,19,0.578947368421053,1,1,595,594,614,630,527.5,630,629,630,"P5"
"57","Florida","fbs","SEC",2014,546314,"Demarcus Robinson",68,9,10,7.55555555555556,26.6213821747649,0.391490914334777,2.95793135275165,639,9.39705882352941,71,0.5,42,68,0.617647058823529,4,0,138,131,293,317.5,445,73,164,46,"P5"
"57","Florida","fbs","SEC",2014,546318,"Kelvin Taylor",5,5,10,1,-6.72914302317095,-1.34582860463419,-1.34582860463419,-8,-1.6,-1.6,0,2,5,0.4,0,0,NA,NA,NA,NA,NA,NA,NA,NA,"P5"
"57","Florida","fbs","SEC",2014,551318,"Ahmad Fulwood",16,4,10,4,-0.953944108062125,-0.0596215067538828,-0.238486027015531,119,7.4375,29.75,0.4375,10,16,0.625,0,0,NA,NA,NA,NA,NA,NA,NA,NA,"P5"
"57","Florida","fbs","SEC",2014,551334,"Chris Thompson",1,1,10,1,0.867436496479531,0.867436496479531,0.867436496479531,12,12,12,1,1,1,1,0,0,NA,NA,NA,NA,NA,NA,NA,NA,"P5"
"57","Florida","fbs","SEC",2014,559559,"Brandon Powell",17,6,10,2.83333333333333,4.92862860764539,0.289919329861494,0.821438101274232,127,7.47058823529412,21.1666666666667,0.529411764705882,12,17,0.705882352941177,0,0,NA,NA,NA,NA,NA,NA,NA,NA,"P5"
"57","Florida","fbs","SEC",2014,3121661,"C.J. Worton",2,2,10,1,0.246576732137098,0.123288366068549,0.123288366068549,12,6,6,0.5,2,2,1,0,0,NA,NA,NA,NA,NA,NA,NA,NA,"P5"
"58","South Florida","fbs","American Athletic",2014,503124,"Deonte Welch",40,10,11,4,-0.0459694715906017,-0.00114923678976504,-0.00459694715906017,236,5.9,23.6,0.425,20,40,0.5,0,0,553,553,553,484.5,605,432.5,532,491,"G5"
"58","South Florida","fbs","American Athletic",2014,504751,"Eric Dungy",1,1,11,1,0.382845305157875,0.382845305157875,0.382845305157875,7,7,7,1,1,1,1,0,0,NA,NA,NA,NA,NA,NA,NA,NA,"G5"
"58","South Florida","fbs","American Athletic",2014,514744,"Andre Davis",60,7,11,8.57142857142857,30.5771695623748,0.509619492706247,4.36816708033926,540,9,77.1428571428571,0.466666666666667,34,60,0.566666666666667,6,1,107,46,183,406,541.5,118,197,35,"G5"
"58","South Florida","fbs","American Athletic",2014,514758,"Mike McFarland",43,10,11,4.3,16.2527883829226,0.377971822858665,1.62527883829226,315,7.32558139534884,31.5,0.511627906976744,27,43,0.627906976744186,0,0,282,317,306,295.5,424,321,382,382,"G5"
"58","South Florida","fbs","American Athletic",2014,516571,"Tye Turner",1,1,11,1,1.49291311562913,1.49291311562913,1.49291311562913,10,10,10,1,1,1,1,0,1,NA,NA,NA,NA,NA,NA,NA,NA,"G5"
"58","South Florida","fbs","American Athletic",2014,536031,"Sean Price",20,7,11,2.85714285714286,10.3764784628464,0.518823923142318,1.48235406612091,175,8.75,25,0.6,13,20,0.65,0,0,NA,NA,NA,NA,NA,NA,NA,NA,"G5"
"58","South Florida","fbs","American Athletic",2014,539215,"Steven Bench",1,1,11,1,5.46660668180995,5.46660668180995,5.46660668180995,9,9,9,1,1,1,1,1,0,NA,NA,NA,NA,NA,NA,NA,NA,"G5"
"58","South Florida","fbs","American Athletic",2014,549800,"Kennard Swanson",20,9,11,2.22222222222222,9.3116878343422,0.46558439171711,1.03463198159358,206,10.3,22.8888888888889,0.6,13,20,0.65,0,1,NA,NA,NA,NA,NA,NA,NA,NA,"G5"
"58","South Florida","fbs","American Athletic",2014,549802,"Darius Tice",9,6,11,1.5,4.5464205366663,0.505157837407367,0.75773675611105,68,7.55555555555556,11.3333333333333,0.777777777777778,8,9,0.888888888888889,0,0,NA,NA,NA,NA,NA,NA,NA,NA,"G5"
"58","South Florida","fbs","American Athletic",2014,552748,"Rodney Adams",33,8,11,4.125,12.357065295694,0.374456524111939,1.54463316196175,256,7.75757575757576,32,0.333333333333333,20,33,0.606060606060606,2,0,357,330,307,598,467,405.5,330,372.5,"G5"
"58","South Florida","fbs","American Athletic",2014,3139585,"Ryeshene Bronson",3,2,11,1.5,6.38684695741082,2.12894898580361,3.19342347870541,85,28.3333333333333,42.5,0.666666666666667,3,3,1,1,0,NA,NA,NA,NA,NA,NA,NA,NA,"G5"
"58","South Florida","fbs","American Athletic",2014,3139602,"D'Ernest Johnson",9,5,11,1.8,10.2806715918403,1.14229684353781,2.05613431836805,107,11.8888888888889,21.4,0.777777777777778,8,9,0.888888888888889,1,0,NA,NA,NA,NA,NA,NA,NA,NA,"G5"
"58","South Florida","fbs","American Athletic",2014,3139605,"Marlon Mack",29,10,11,2.9,4.54899034110243,0.156861735900084,0.454899034110243,155,5.3448275862069,15.5,0.517241379310345,20,29,0.689655172413793,0,0,492,500,472,282.5,268.5,564.5,564,598,"G5"
"59","Georgia Tech","fbs","ACC",2014,500212,"B.J. Bostic",5,3,12,1.66666666666667,-1.23367421395599,-0.246734842791197,-0.411224737985328,37,7.4,12.3333333333333,0.4,2,5,0.4,0,0,NA,NA,NA,NA,NA,NA,NA,NA,"P5"
"59","Georgia Tech","fbs","ACC",2014,500215,"Synjyn Days",3,3,12,1,3.70781615685981,1.23593871895327,1.23593871895327,33,11,11,0.666666666666667,3,3,1,1,0,NA,NA,NA,NA,NA,NA,NA,NA,"P5"
"59","Georgia Tech","fbs","ACC",2014,500218,"Deon Hill",12,7,12,1.71428571428571,13.7821542059751,1.14851285049792,1.96887917228215,178,14.8333333333333,25.4285714285714,0.583333333333333,10,12,0.833333333333333,1,0,NA,NA,NA,NA,NA,NA,NA,NA,"P5"
"59","Georgia Tech","fbs","ACC",2014,500226,"Charles Perkins",5,5,12,1,6.16720001728501,1.233440003457,1.233440003457,84,16.8,16.8,0.4,3,5,0.6,1,0,NA,NA,NA,NA,NA,NA,NA,NA,"P5"
"59","Georgia Tech","fbs","ACC",2014,500231,"Tony Zenon",9,6,12,1.5,11.7752237681755,1.30835819646394,1.96253729469591,91,10.1111111111111,15.1666666666667,0.555555555555556,5,9,0.555555555555556,1,0,NA,NA,NA,NA,NA,NA,NA,NA,"P5"
"59","Georgia Tech","fbs","ACC",2014,512366,"Tim Byerly",1,1,12,1,0.943440455080458,0.943440455080458,0.943440455080458,15,15,15,1,1,1,1,0,0,NA,NA,NA,NA,NA,NA,NA,NA,"P5"
"59","Georgia Tech","fbs","ACC",2014,513703,"Zach Laskey",8,5,12,1.6,2.0402356643722,0.255029458046524,0.408047132874439,49,6.125,9.8,0.375,6,8,0.75,1,0,NA,NA,NA,NA,NA,NA,NA,NA,"P5"
"59","Georgia Tech","fbs","ACC",2014,513727,"Darren Waller",31,9,12,3.44444444444444,15.9275983736811,0.513793495925197,1.76973315263123,296,9.54838709677419,32.8888888888889,0.612903225806452,19,31,0.612903225806452,3,0,291,295,181,76,451,350.5,148,364,"P5"
"59","Georgia Tech","fbs","ACC",2014,517037,"Corey Dennis",1,1,12,1,1.21281578456737,1.21281578456737,1.21281578456737,7,7,7,1,1,1,1,0,1,NA,NA,NA,NA,NA,NA,NA,NA,"P5"
"59","Georgia Tech","fbs","ACC",2014,517040,"Broderick Snoddy",2,2,12,1,0.312200156881264,0.156100078440632,0.156100078440632,35,17.5,17.5,0.5,2,2,1,0,0,NA,NA,NA,NA,NA,NA,NA,NA,"P5"
"59","Georgia Tech","fbs","ACC",2014,531103,"Dennis Andrews",1,1,12,1,-1.10333042329623,-1.10333042329623,-1.10333042329623,0,0,0,0,0,1,0,0,0,NA,NA,NA,NA,NA,NA,NA,NA,"P5"
"59","Georgia Tech","fbs","ACC",2014,531104,"Justin Thomas",3,3,12,1,13.4661661428863,4.48872204762876,4.48872204762876,63,21,21,1,3,3,1,3,0,NA,NA,NA,NA,NA,NA,NA,NA,"P5"
"59","Georgia Tech","fbs","ACC",2014,551569,"Antonio Messick",1,1,12,1,3.08659373602535,3.08659373602535,3.08659373602535,16,16,16,1,1,1,1,1,0,NA,NA,NA,NA,NA,NA,NA,NA,"P5"
"59","Georgia Tech","fbs","ACC",2014,551571,"DeAndre Smelter",49,9,12,5.44444444444444,36.3250138323926,0.741326812905972,4.03611264804363,552,11.265306122449,61.3333333333333,0.571428571428571,29,49,0.591836734693878,4,0,74,65,55,156,495,114.5,55,88,"P5"
"6","South Alabama","fbs","Sun Belt",2014,507211,"Brandon Bridge",1,1,11,1,4.65547049953142,4.65547049953142,4.65547049953142,45,45,45,1,1,1,1,1,0,NA,NA,NA,NA,NA,NA,NA,NA,"G5"
"6","South Alabama","fbs","Sun Belt",2014,508159,"Kendall Houston",5,4,11,1.25,-0.809006409955712,-0.161801281991142,-0.202251602488928,18,3.6,4.5,0.4,5,5,1,0,0,NA,NA,NA,NA,NA,NA,NA,NA,"G5"
"6","South Alabama","fbs","Sun Belt",2014,508163,"T.J. Glover",2,2,11,1,-1.20580385673996,-0.60290192836998,-0.60290192836998,3,1.5,1.5,0,2,2,1,0,0,NA,NA,NA,NA,NA,NA,NA,NA,"G5"
"6","South Alabama","fbs","Sun Belt",2014,508177,"Jereme Jones",55,11,11,5,7.2355195577531,0.131554901050056,0.657774505250282,282,5.12727272727273,25.6363636363636,0.381818181818182,30,55,0.545454545454545,2,0,444,477,488,552,563.5,364,575,462,"G5"
"6","South Alabama","fbs","Sun Belt",2014,508209,"Ryan Onkka",1,1,11,1,1.0114554829732,1.0114554829732,1.0114554829732,9,9,9,1,1,1,1,0,0,NA,NA,NA,NA,NA,NA,NA,NA,"G5"
"6","South Alabama","fbs","Sun Belt",2014,513138,"Marvin Shinn",14,5,11,2.8,10.0972901053469,0.721235007524777,2.01945802106938,173,12.3571428571429,34.6,0.5,7,14,0.5,0,0,NA,NA,NA,NA,NA,NA,NA,NA,"G5"
"6","South Alabama","fbs","Sun Belt",2014,519703,"Danny Woodson",35,8,11,4.375,19.8788246940992,0.567966419831406,2.4848530867624,260,7.42857142857143,32.5,0.628571428571429,24,35,0.685714285714286,4,0,225,182,139,56,281.5,402,366,367,"G5"
"6","South Alabama","fbs","Sun Belt",2014,532160,"Cameron Broadnax",13,6,11,2.16666666666667,2.21902117406484,0.170693936466526,0.36983686234414,95,7.30769230769231,15.8333333333333,0.538461538461538,10,13,0.769230769230769,0,0,NA,NA,NA,NA,NA,NA,NA,NA,"G5"
"6","South Alabama","fbs","Sun Belt",2014,532169,"Wes Saxton",27,7,11,3.85714285714286,2.34786951008655,0.0869581300032057,0.335409930012365,137,5.07407407407407,19.5714285714286,0.407407407407407,17,27,0.62962962962963,0,0,519,514,510,518,420,590,578,546,"G5"
"6","South Alabama","fbs","Sun Belt",2014,532170,"Terrance Timmons",14,8,11,1.75,-1.01049793055504,-0.0721784236110741,-0.12631224131938,87,6.21428571428571,10.875,0.357142857142857,9,14,0.642857142857143,0,0,NA,NA,NA,NA,NA,NA,NA,NA,"G5"
"6","South Alabama","fbs","Sun Belt",2014,546744,"Shavarez Smith",69,11,11,6.27272727272727,36.2848199030679,0.525866955116927,3.298619991188,624,9.04347826086956,56.7272727272727,0.536231884057971,43,69,0.623188405797101,7,1,75,100,172,238,429,83,192,111,"G5"
"6","South Alabama","fbs","Sun Belt",2014,546747,"Jay Jones",6,4,11,1.5,1.17539311432935,0.195898852388224,0.293848278582336,48,8,12,0.666666666666667,6,6,1,0,0,NA,NA,NA,NA,NA,NA,NA,NA,"G5"
"6","South Alabama","fbs","Sun Belt",2014,546764,"Xavier Johnson",6,4,11,1.5,-2.53822380836936,-0.423037301394893,-0.634555952092339,13,2.16666666666667,3.25,0.333333333333333,4,6,0.666666666666667,0,0,NA,NA,NA,NA,NA,NA,NA,NA,"G5"
"6","South Alabama","fbs","Sun Belt",2014,3125253,"Braedon Bowman",24,8,11,3,12.0877636812277,0.503656820051154,1.51097046015346,188,7.83333333333333,23.5,0.583333333333333,17,24,0.708333333333333,0,1,361,334,188,122.5,224.5,504,323,492,"G5"
"6","South Alabama","fbs","Sun Belt",2014,3125255,"Hunter Vaughn",1,1,11,1,3.09237869406681,3.09237869406681,3.09237869406681,28,28,28,1,1,1,1,1,0,NA,NA,NA,NA,NA,NA,NA,NA,"G5"
"6","South Alabama","fbs","Sun Belt",2014,3125257,"Claude Garrett",9,5,11,1.8,5.15649648253493,0.572944053614993,1.03129929650699,73,8.11111111111111,14.6,0.666666666666667,6,9,0.666666666666667,0,0,NA,NA,NA,NA,NA,NA,NA,NA,"G5"
"61","Georgia","fbs","SEC",2014,503986,"Michael Bennett",45,9,11,5,16.7014327179985,0.371142949288854,1.85571474644427,331,7.35555555555556,36.7777777777778,0.644444444444444,33,45,0.733333333333333,4,2,276,274,310,42,159,298.5,376,301,"P5"
"61","Georgia","fbs","SEC",2014,503997,"Michael Erdman",1,1,11,1,-0.951625763496401,-0.951625763496401,-0.951625763496401,4,4,4,0,1,1,1,0,0,NA,NA,NA,NA,NA,NA,NA,NA,"P5"
"61","Georgia","fbs","SEC",2014,504004,"Hutson Mason",5,2,11,2.5,14.838972939044,2.9677945878088,7.419486469522,55,11,27.5,1,5,5,1,5,0,NA,NA,NA,NA,NA,NA,NA,NA,"P5"
"61","Georgia","fbs","SEC",2014,512176,"Taylor Maxey",1,1,11,1,0.101561431576177,0.101561431576177,0.101561431576177,6,6,6,1,1,1,1,0,0,NA,NA,NA,NA,NA,NA,NA,NA,"P5"
"61","Georgia","fbs","SEC",2014,512178,"Malcolm Mitchell",37,7,11,5.28571428571429,9.27689678012931,0.250726940003495,1.3252709685899,203,5.48648648648649,29,0.486486486486487,26,37,0.702702702702703,1,0,410,364,400,347.5,237.5,477,557,422.5,"P5"
"61","Georgia","fbs","SEC",2014,512182,"Jay Rome",10,5,11,2,3.06015525192559,0.306015525192559,0.612031050385118,59,5.9,11.8,0.6,10,10,1,1,0,NA,NA,NA,NA,NA,NA,NA,NA,"P5"
"61","Georgia","fbs","SEC",2014,513146,"Chris Conley",42,11,11,3.81818181818182,25.6497966103628,0.610709443103876,2.33179969185116,480,11.4285714285714,43.6363636363636,0.547619047619048,26,42,0.619047619047619,3,1,149,192,123,206,440.5,162,45,216,"P5"
"61","Georgia","fbs","SEC",2014,530937,"Keith Marshall",3,2,11,1.5,-2.92861093951164,-0.976203646503878,-1.46430546975582,-5,-1.66666666666667,-2.5,0,1,3,0.333333333333333,0,0,NA,NA,NA,NA,NA,NA,NA,NA,"P5"
"61","Georgia","fbs","SEC",2014,534671,"Quayvon Hicks",4,4,11,1,0.0207434453595202,0.00518586133988005,0.00518586133988005,22,5.5,5.5,0.5,3,4,0.75,0,0,NA,NA,NA,NA,NA,NA,NA,NA,"P5"
"61","Georgia","fbs","SEC",2014,534682,"Blake Tibbs",2,2,11,1,0.45525650203828,0.22762825101914,0.22762825101914,25,12.5,12.5,0.5,2,2,1,0,0,NA,NA,NA,NA,NA,NA,NA,NA,"P5"
"61","Georgia","fbs","SEC",2014,534683,"Kenneth Towns",5,4,11,1.25,4.49062181133378,0.898124362266755,1.12265545283344,31,6.2,7.75,0.6,4,5,0.8,1,0,NA,NA,NA,NA,NA,NA,NA,NA,"P5"
"61","Georgia","fbs","SEC",2014,546327,"Jordan Davis",1,1,11,1,2.08833012463548,2.08833012463548,2.08833012463548,24,24,24,1,1,1,1,0,0,NA,NA,NA,NA,NA,NA,NA,NA,"P5"
"61","Georgia","fbs","SEC",2014,546328,"Reggie Davis",7,5,11,1.4,4.94806203106489,0.706866004437842,0.989612406212979,63,9,12.6,0.857142857142857,6,7,0.857142857142857,0,0,NA,NA,NA,NA,NA,NA,NA,NA,"P5"
"61","Georgia","fbs","SEC",2014,546329,"Brendan Douglas",1,1,11,1,0.304531146350305,0.304531146350305,0.304531146350305,0,0,0,1,0,1,0,0,0,NA,NA,NA,NA,NA,NA,NA,NA,"P5"
"61","Georgia","fbs","SEC",2014,546345,"Brice Ramsey",1,1,11,1,2.00979331027096,2.00979331027096,2.00979331027096,8,8,8,1,1,1,1,1,0,NA,NA,NA,NA,NA,NA,NA,NA,"P5"
"61","Georgia","fbs","SEC",2014,546347,"Jonathon Rumph",6,2,11,3,9.26877881397968,1.54479646899661,4.63438940698984,109,18.1666666666667,54.5,0.833333333333333,6,6,1,0,0,NA,NA,NA,NA,NA,NA,NA,NA,"P5"
"61","Georgia","fbs","SEC",2014,3128720,"Nick Chubb",20,7,11,2.85714285714286,19.8580990889262,0.992904954446308,2.83687129841802,213,10.65,30.4285714285714,0.7,18,20,0.9,2,1,NA,NA,NA,NA,NA,NA,NA,NA,"P5"
"61","Georgia","fbs","SEC",2014,3128721,"Sony Michel",7,4,11,1.75,5.54940826549972,0.792772609357103,1.38735206637493,74,10.5714285714286,18.5,0.714285714285714,6,7,0.857142857142857,1,0,NA,NA,NA,NA,NA,NA,NA,NA,"P5"
"61","Georgia","fbs","SEC",2014,3128723,"Jeb Blazevich",16,8,11,2,9.84529097452314,0.615330685907696,1.23066137181539,218,13.625,27.25,0.75,13,16,0.8125,0,0,NA,NA,NA,NA,NA,NA,NA,NA,"P5"
"61","Georgia","fbs","SEC",2014,3128724,"Isaiah McKenzie",10,5,11,2,2.19608735074464,0.219608735074464,0.439217470148927,67,6.7,13.4,0.4,6,10,0.6,0,0,NA,NA,NA,NA,NA,NA,NA,NA,"P5"
"61","Georgia","fbs","SEC",2014,3128725,"Shakenneth Williams",3,1,11,3,0.728719587097667,0.242906529032556,0.728719587097667,35,11.6666666666667,35,0.333333333333333,1,3,0.333333333333333,0,0,NA,NA,NA,NA,NA,NA,NA,NA,"P5"
"62","Hawai'i","fbs","Mountain West",2014,482644,"Jordan Pu'u-Robinson",5,3,10,1.66666666666667,1.36111675682588,0.272223351365176,0.453705585608627,41,8.2,13.6666666666667,0.6,5,5,1,0,0,NA,NA,NA,NA,NA,NA,NA,NA,"G5"
"62","Hawai'i","fbs","Mountain West",2014,504955,"Joey Iosefa",12,5,10,2.4,-2.37038303771457,-0.197531919809547,-0.474076607542913,76,6.33333333333333,15.2,0.25,9,12,0.75,0,0,NA,NA,NA,NA,NA,NA,NA,NA,"G5"
"62","Hawai'i","fbs","Mountain West",2014,504978,"Donnie King Jr.",15,4,10,3.75,11.2337071563499,0.748913810423328,2.80842678908748,135,9,33.75,0.533333333333333,9,15,0.6,1,0,NA,NA,NA,NA,NA,NA,NA,NA,"G5"
"62","Hawai'i","fbs","Mountain West",2014,516282,"Quinton Pedroza",83,8,10,10.375,10.2731410608061,0.123772783865134,1.28414263260076,536,6.45783132530121,67,0.385542168674699,43,83,0.518072289156627,3,2,394,372,491,547,593,121.5,481,65,"G5"
"62","Hawai'i","fbs","Mountain West",2014,516948,"Justin Vele",12,7,10,1.71428571428571,0.260275463546106,0.0216896219621755,0.0371822090780151,55,4.58333333333333,7.85714285714286,0.5,10,12,0.833333333333333,1,0,NA,NA,NA,NA,NA,NA,NA,NA,"G5"
"62","Hawai'i","fbs","Mountain West",2014,519570,"Scott Harding",50,8,10,6.25,10.2495001367302,0.204990002734604,1.28118751709128,330,6.6,41.25,0.42,25,50,0.5,3,1,395,375,442,492,605,301.5,465.5,239,"G5"
"62","Hawai'i","fbs","Mountain West",2014,532976,"Ikaika Woolsey",3,3,10,1,5.94714843300854,1.98238281100285,1.98238281100285,20,6.66666666666667,6.66666666666667,0.333333333333333,1,3,0.333333333333333,1,0,NA,NA,NA,NA,NA,NA,NA,NA,"G5"
"62","Hawai'i","fbs","Mountain West",2014,536237,"TJ Taimatuia",1,1,10,1,-1.97247153419865,-1.97247153419865,-1.97247153419865,0,0,0,0,1,1,1,0,0,NA,NA,NA,NA,NA,NA,NA,NA,"G5"
"62","Hawai'i","fbs","Mountain West",2014,536240,"Steven Lakalaka",9,4,10,2.25,3.80911179927687,0.423234644364097,0.952277949819218,52,5.77777777777778,13,0.333333333333333,5,9,0.555555555555556,0,0,NA,NA,NA,NA,NA,NA,NA,NA,"G5"
"62","Hawai'i","fbs","Mountain West",2014,536256,"Leo Koloamatangi",1,1,10,1,-0.317883438750694,-0.317883438750694,-0.317883438750694,1,1,1,0,1,1,1,0,0,NA,NA,NA,NA,NA,NA,NA,NA,"G5"
"62","Hawai'i","fbs","Mountain West",2014,536261,"Harold Moleni",7,4,10,1.75,3.43299416305881,0.49042773757983,0.858248540764702,42,6,10.5,0.571428571428571,7,7,1,2,1,NA,NA,NA,NA,NA,NA,NA,NA,"G5"
"62","Hawai'i","fbs","Mountain West",2014,547170,"Keelan Ewaliko",8,6,10,1.33333333333333,4.89175098505301,0.611468873131626,0.815291830842168,139,17.375,23.1666666666667,0.375,4,8,0.5,0,0,NA,NA,NA,NA,NA,NA,NA,NA,"G5"
"62","Hawai'i","fbs","Mountain West",2014,547172,"Diocemy Saint Juste",3,3,10,1,-3.96263345012021,-1.32087781670674,-1.32087781670674,-1,-0.333333333333333,-0.333333333333333,0,1,3,0.333333333333333,0,0,NA,NA,NA,NA,NA,NA,NA,NA,"G5"
"62","Hawai'i","fbs","Mountain West",2014,547193,"Ammon Barker",18,6,10,3,2.86006611215192,0.158892561786218,0.476677685358653,113,6.27777777777778,18.8333333333333,0.333333333333333,7,18,0.388888888888889,0,0,NA,NA,NA,NA,NA,NA,NA,NA,"G5"
"62","Hawai'i","fbs","Mountain West",2014,547195,"Marcus Kemp",80,9,10,8.88888888888889,23.23547463514,0.29044343293925,2.58171940390444,618,7.725,68.6666666666667,0.4625,43,80,0.5375,2,0,175,169,370,419.5,571,87.5,336,56,"G5"
"66","Iowa State","fbs","Big 12",2014,502093,"Jarvis West",64,9,11,7.11111111111111,1.44536029295565,0.022583754577432,0.160595588106183,317,4.953125,35.2222222222222,0.4375,42,64,0.65625,0,0,533,536,539,463.5,356.5,318,588,324.5,"P5"
"66","Iowa State","fbs","Big 12",2014,511953,"Tad Ecby",15,6,11,2.5,11.6957662560723,0.779717750404821,1.94929437601205,213,14.2,35.5,0.4,7,15,0.466666666666667,2,0,NA,NA,NA,NA,NA,NA,NA,NA,"P5"
"66","Iowa State","fbs","Big 12",2014,511963,"Brett Medders",4,1,11,4,2.49510641106862,0.623776602767155,2.49510641106862,27,6.75,27,0.5,3,4,0.75,0,0,NA,NA,NA,NA,NA,NA,NA,NA,"P5"
"66","Iowa State","fbs","Big 12",2014,511969,"Sam B. Richardson",6,3,11,2,17.6034289245265,2.93390482075441,5.86780964150883,83,13.8333333333333,27.6666666666667,1,6,6,1,6,0,NA,NA,NA,NA,NA,NA,NA,NA,"P5"
"66","Iowa State","fbs","Big 12",2014,531135,"Daniel Burton",1,1,11,1,-1.86605908543502,-1.86605908543502,-1.86605908543502,-12,-12,-12,0,1,1,1,0,0,NA,NA,NA,NA,NA,NA,NA,NA,"P5"
"66","Iowa State","fbs","Big 12",2014,531137,"Dondre Daley",22,6,11,3.66666666666667,9.53713143191784,0.433505974178084,1.58952190531964,176,8,29.3333333333333,0.590909090909091,16,22,0.727272727272727,1,0,404,322,252,108,176.5,530.5,303,417.5,"P5"
"66","Iowa State","fbs","Big 12",2014,531142,"P.J. Harris",6,2,11,3,3.13340228483887,0.522233714139812,1.56670114241944,33,5.5,16.5,0.666666666666667,5,6,0.833333333333333,0,0,NA,NA,NA,NA,NA,NA,NA,NA,"P5"
"66","Iowa State","fbs","Big 12",2014,536028,"D'Vario Montgomery",63,9,11,7,38.7172955583424,0.614560246957815,4.30192172870471,605,9.6031746031746,67.2222222222222,0.634920634920635,44,63,0.698412698412698,2,0,63,52,119,51,248,91,146,63,"P5"
"66","Iowa State","fbs","Big 12",2014,545379,"Aaron Wimberly",37,10,11,3.7,4.36204476769683,0.117893101829644,0.436204476769683,209,5.64864864864865,20.9,0.459459459459459,26,37,0.702702702702703,1,0,494,502,495,427,237.5,468,547,529,"P5"
"66","Iowa State","fbs","Big 12",2014,545385,"E.J. Bibbs",59,9,11,6.55555555555556,27.5536714115101,0.467011379856103,3.06151904572334,356,6.03389830508475,39.5555555555556,0.491525423728814,42,59,0.711864406779661,6,0,133,118,228,335,211,267,517,259,"P5"
"66","Iowa State","fbs","Big 12",2014,545387,"Brandon Harris",1,1,11,1,-0.388800209892979,-0.388800209892979,-0.388800209892979,1,1,1,0,1,1,1,0,0,NA,NA,NA,NA,NA,NA,NA,NA,"P5"
"66","Iowa State","fbs","Big 12",2014,545392,"Tyler Brown",2,1,11,2,0.148997197219429,0.0744985986097143,0.148997197219429,12,6,12,0.5,2,2,1,0,0,NA,NA,NA,NA,NA,NA,NA,NA,"P5"
"66","Iowa State","fbs","Big 12",2014,3128390,"Allen Lazard",76,11,11,6.90909090909091,25.3206598988816,0.333166577616863,2.3018781726256,536,7.05263157894737,48.7272727272727,0.473684210526316,43,76,0.565789473684211,2,1,153,193,345,382,545,121.5,415,166,"P5"
"66","Iowa State","fbs","Big 12",2014,3128397,"Jauan Wesley",19,5,11,3.8,-3.45987063129491,-0.18209845427868,-0.691974126258983,107,5.63157894736842,21.4,0.315789473684211,10,19,0.526315789473684,0,0,NA,NA,NA,NA,NA,NA,NA,NA,"P5"
"66","Iowa State","fbs","Big 12",2014,3128400,"Martinez Syria",1,1,11,1,-0.431376973476916,-0.431376973476916,-0.431376973476916,6,6,6,0,1,1,1,0,0,NA,NA,NA,NA,NA,NA,NA,NA,"P5"
"68","Boise State","fbs","Mountain West",2014,504908,"Grant Hedrick",14,6,13,2.33333333333333,45.5572664689901,3.25409046207072,7.59287774483169,388,27.7142857142857,64.6666666666667,1,14,14,1,13,0,NA,NA,NA,NA,NA,NA,NA,NA,"G5"
"68","Boise State","fbs","Mountain West",2014,504910,"Holden Huff",12,7,13,1.71428571428571,3.97676542181472,0.33139711848456,0.568109345973531,121,10.0833333333333,17.2857142857143,0.666666666666667,9,12,0.75,0,1,NA,NA,NA,NA,NA,NA,NA,NA,"G5"
"68","Boise State","fbs","Mountain West",2014,504915,"Matt Miller",36,5,13,7.2,33.8707558406518,0.940854328906995,6.77415116813036,461,12.8055555555556,92.2,0.722222222222222,28,36,0.777777777777778,3,0,89,8,19,6,84.5,181.5,11,19,"G5"
"68","Boise State","fbs","Mountain West",2014,504918,"Troy Ware",10,6,13,1.66666666666667,7.67900742992938,0.767900742992938,1.2798345716549,114,11.4,19,0.9,10,10,1,0,0,NA,NA,NA,NA,NA,NA,NA,NA,"G5"
"68","Boise State","fbs","Mountain West",2014,517330,"Jay Ajayi",48,12,13,4,23.4540268456037,0.48862555928341,1.95450223713364,461,9.60416666666667,38.4166666666667,0.5625,44,48,0.916666666666667,3,2,173,253,211,176,6,181.5,145,274,"G5"
"68","Boise State","fbs","Mountain West",2014,517334,"Dallas Burroughs",27,8,13,3.375,-5.13564224589456,-0.190208972070169,-0.64195528073682,119,4.40740740740741,14.875,0.296296296296296,14,27,0.518518518518518,0,0,602,608,607,616.5,592,605.5,612,604,"G5"
"68","Boise State","fbs","Mountain West",2014,531739,"Chaz Anderson",29,9,13,3.22222222222222,7.52550100896349,0.259500034791844,0.836166778773721,340,11.7241379310345,37.7777777777778,0.344827586206897,17,29,0.586206896551724,0,0,439,450,396,589.5,512,287,32,287,"G5"
"68","Boise State","fbs","Mountain West",2014,531747,"Jack Fields",1,1,13,1,0.547432953008245,0.547432953008245,0.547432953008245,8,8,8,1,1,1,1,0,0,NA,NA,NA,NA,NA,NA,NA,NA,"G5"
"68","Boise State","fbs","Mountain West",2014,531761,"Shane Williams-Rhodes",70,12,13,5.83333333333333,24.4076115351578,0.348680164787968,2.03396762792981,471,6.72857142857143,39.25,0.514285714285714,62,70,0.885714285714286,3,0,162,234,331,288,13,173.5,454,260.5,"G5"
"68","Boise State","fbs","Mountain West",2014,546222,"Jake Roh",43,13,13,3.30769230769231,23.6308132369095,0.549553796207197,1.81775486437765,391,9.09302325581395,30.0769230769231,0.488372093023256,32,43,0.744186046511628,1,0,171,282,153,344,130.5,232.5,190,408,"G5"
"68","Boise State","fbs","Mountain West",2014,546224,"Thomas Sperbeck",54,9,13,6,44.2336541922942,0.819141744301744,4.91485046581046,585,10.8333333333333,65,0.666666666666667,38,54,0.703703703703704,2,0,42,30,35,27.5,235,101,67,72,"G5"
"68","Boise State","fbs","Mountain West",2014,546287,"Alec Dhaenens",1,1,13,1,0.820023237583668,0.820023237583668,0.820023237583668,2,2,2,1,1,1,1,1,0,NA,NA,NA,NA,NA,NA,NA,NA,"G5"
"68","Boise State","fbs","Mountain West",2014,3127586,"Jeremy McNichols",15,6,13,2.5,3.46095432051563,0.230730288034375,0.576825720085938,138,9.2,23,0.533333333333333,14,15,0.933333333333333,0,0,NA,NA,NA,NA,NA,NA,NA,NA,"G5"
"70","Idaho","fbs","Sun Belt",2014,504983,"Justin Podrabsky",52,10,10,5.2,18.5044599793442,0.355854999602773,1.85044599793442,356,6.84615384615385,35.6,0.557692307692308,35,52,0.673076923076923,1,0,247,275,322,188,305.5,267,440,313.5,"G5"
"70","Idaho","fbs","Sun Belt",2014,516980,"Jared Klingenberg",1,1,10,1,0.0866442354097257,0.0866442354097257,0.0866442354097257,10,10,10,1,1,1,1,0,0,NA,NA,NA,NA,NA,NA,NA,NA,"G5"
"70","Idaho","fbs","Sun Belt",2014,517182,"Elijhaa Penny",12,8,10,1.5,8.70114660692726,0.725095550577272,1.08764332586591,96,8,12,0.583333333333333,10,12,0.833333333333333,1,0,NA,NA,NA,NA,NA,NA,NA,NA,"G5"
"70","Idaho","fbs","Sun Belt",2014,517948,"Jake Manley",4,3,10,1.33333333333333,-1.68348093589682,-0.420870233974206,-0.561160311965607,20,5,6.66666666666667,0.5,4,4,1,0,0,NA,NA,NA,NA,NA,NA,NA,NA,"G5"
"70","Idaho","fbs","Sun Belt",2014,531186,"Deon Watson",56,9,10,6.22222222222222,12.4775764224015,0.222813864685741,1.38639738026683,333,5.94642857142857,37,0.464285714285714,36,56,0.642857142857143,1,0,353,351,424,413.5,392.5,294.5,525,297.5,"G5"
"70","Idaho","fbs","Sun Belt",2014,546186,"Jerrel Brown",2,2,10,1,-1.63370934096568,-0.816854670482841,-0.816854670482841,2,1,1,0,1,2,0.5,0,0,NA,NA,NA,NA,NA,NA,NA,NA,"G5"
"70","Idaho","fbs","Sun Belt",2014,546190,"Kristoffer Olugbode",8,4,10,2,12.8394987768533,1.60493734710666,3.20987469421332,74,9.25,18.5,0.875,8,8,1,0,0,NA,NA,NA,NA,NA,NA,NA,NA,"G5"
"70","Idaho","fbs","Sun Belt",2014,553239,"Joshua McCain",102,10,10,10.2,53.6444781784704,0.52592625665167,5.36444781784704,1080,10.5882352941176,108,0.490196078431373,68,102,0.666666666666667,8,1,22,21,171,339,324.5,11,75,9,"G5"
"70","Idaho","fbs","Sun Belt",2014,553241,"Richard Montgomery",61,9,10,6.77777777777778,18.9985944236312,0.311452367600511,2.11095493595902,468,7.67213114754098,52,0.426229508196721,42,61,0.688524590163934,1,0,241,224,359,483,270,176.5,343,142,"G5"
"70","Idaho","fbs","Sun Belt",2014,553248,"Jacob Sannon",25,7,10,3.57142857142857,19.2104148465613,0.768416593862452,2.74434497808019,248,9.92,35.4285714285714,0.68,19,25,0.76,0,0,237,149,48,22,104,414,117,320,"G5"
"70","Idaho","fbs","Sun Belt",2014,3124911,"David Ungerer",10,3,10,3.33333333333333,0.419535547893379,0.0419535547893379,0.139845182631126,64,6.4,21.3333333333333,0.5,7,10,0.7,0,0,NA,NA,NA,NA,NA,NA,NA,NA,"G5"
"77","Northwestern","fbs","Big Ten",2014,500254,"Kyle Prater",67,10,11,6.7,27.9023967781044,0.416453683255289,2.79023967781044,531,7.92537313432836,53.1,0.582089552238806,50,67,0.746268656716418,2,2,130,144,267,126,126,128,313,134,"P5"
"77","Northwestern","fbs","Big Ten",2014,500410,"Tim Hanrahan",2,2,11,1,0.404642828564862,0.202321414282431,0.202321414282431,11,5.5,5.5,0.5,2,2,1,0,0,NA,NA,NA,NA,NA,NA,NA,NA,"P5"
"77","Northwestern","fbs","Big Ten",2014,500412,"Tony Jones",61,10,11,6.1,14.760176068071,0.241970099476574,1.4760176068071,323,5.29508196721311,32.3,0.491803278688525,35,61,0.573770491803279,1,0,314,339,409,334,533.5,310.5,568,369,"P5"
"77","Northwestern","fbs","Big Ten",2014,500419,"Trevor Siemian",1,1,11,1,2.66965461683447,2.66965461683447,2.66965461683447,17,17,17,1,1,1,1,1,0,NA,NA,NA,NA,NA,NA,NA,NA,"P5"
"77","Northwestern","fbs","Big Ten",2014,518185,"Mark Szott",2,2,11,1,1.66543061258519,0.832715306292593,0.832715306292593,29,14.5,14.5,1,2,2,1,0,0,NA,NA,NA,NA,NA,NA,NA,NA,"P5"
"77","Northwestern","fbs","Big Ten",2014,518189,"Pierre Youngblood-Ary",4,2,11,2,6.64663930972097,1.66165982743024,3.32331965486048,41,10.25,20.5,1,4,4,1,0,0,NA,NA,NA,NA,NA,NA,NA,NA,"P5"
"77","Northwestern","fbs","Big Ten",2014,518311,"Cameron Dickerson",39,8,11,4.875,9.73457731050073,0.249604546423096,1.21682216381259,300,7.69230769230769,37.5,0.487179487179487,23,39,0.58974358974359,1,1,403,386,401,345,502.5,344,340,292,"P5"
"77","Northwestern","fbs","Big Ten",2014,518316,"Treyvon Green",10,7,11,1.42857142857143,4.16485469343398,0.416485469343398,0.594979241919141,68,6.8,9.71428571428571,0.7,9,10,0.9,1,0,NA,NA,NA,NA,NA,NA,NA,NA,"P5"
"77","Northwestern","fbs","Big Ten",2014,518343,"Miles Shuler",30,6,11,5,5.77165860168656,0.192388620056219,0.961943100281094,186,6.2,31,0.466666666666667,22,30,0.733333333333333,0,0,474,428,450,406,159,513.5,506.5,390,"P5"
"77","Northwestern","fbs","Big Ten",2014,533307,"Stephen Buckley",4,2,11,2,-0.711261381681663,-0.177815345420416,-0.355630690840832,23,5.75,11.5,0.25,2,4,0.5,0,0,NA,NA,NA,NA,NA,NA,NA,NA,"P5"
"77","Northwestern","fbs","Big Ten",2014,533308,"Austin Carr",8,6,11,1.33333333333333,3.84158926383475,0.480198657979343,0.640264877305791,90,11.25,15,0.5,6,8,0.75,0,0,NA,NA,NA,NA,NA,NA,NA,NA,"P5"
"77","Northwestern","fbs","Big Ten",2014,533319,"Mike McHugh",15,7,11,2.14285714285714,8.7940299312159,0.58626866208106,1.2562899901737,115,7.66666666666667,16.4285714285714,0.4,9,15,0.6,0,0,NA,NA,NA,NA,NA,NA,NA,NA,"P5"
"77","Northwestern","fbs","Big Ten",2014,533331,"Andrew Scanlan",1,1,11,1,-1.39916919822026,-1.39916919822026,-1.39916919822026,5,5,5,0,1,1,1,0,0,NA,NA,NA,NA,NA,NA,NA,NA,"P5"
"77","Northwestern","fbs","Big Ten",2014,546829,"Warren Long",6,4,11,1.5,-2.69287118667769,-0.448811864446281,-0.673217796669422,26,4.33333333333333,6.5,0.333333333333333,5,6,0.833333333333333,0,0,NA,NA,NA,NA,NA,NA,NA,NA,"P5"
"77","Northwestern","fbs","Big Ten",2014,546836,"Jayme Taylor",6,5,11,1.2,0.985645380583674,0.164274230097279,0.197129076116735,36,6,7.2,0.333333333333333,6,6,1,0,0,NA,NA,NA,NA,NA,NA,NA,NA,"P5"
"77","Northwestern","fbs","Big Ten",2014,3116132,"Garrett Dickerson",3,2,11,1.5,1.08398128850139,0.361327096167131,0.541990644250697,16,5.33333333333333,8,0.666666666666667,2,3,0.666666666666667,0,0,NA,NA,NA,NA,NA,NA,NA,NA,"P5"
"77","Northwestern","fbs","Big Ten",2014,3116136,"Justin Jackson",23,10,11,2.3,12.6970198384565,0.552044340802454,1.26970198384565,189,8.21739130434783,18.9,0.695652173913043,20,23,0.869565217391304,1,0,349,377,149,15,17,501,277,553.5,"P5"
"77","Northwestern","fbs","Big Ten",2014,3116145,"Solomon Vault",8,5,11,1.6,1.48341823875157,0.185427279843946,0.296683647750314,28,3.5,5.6,0.375,5,8,0.625,0,0,NA,NA,NA,NA,NA,NA,NA,NA,"P5"
"8","Arkansas","fbs","SEC",2014,515915,"Brandon Allen",6,5,11,1.2,21.1168443486648,3.5194740581108,4.22336886973296,166,27.6666666666667,33.2,1,6,6,1,6,0,NA,NA,NA,NA,NA,NA,NA,NA,"P5"
"8","Arkansas","fbs","SEC",2014,515941,"Kody Walker",4,2,11,2,-5.57810364329871,-1.39452591082468,-2.78905182164935,14,3.5,7,0.25,3,4,0.75,0,1,NA,NA,NA,NA,NA,NA,NA,NA,"P5"
"8","Arkansas","fbs","SEC",2014,517510,"Alan D'Appollonio",1,1,11,1,3.81885621673063,3.81885621673063,3.81885621673063,6,6,6,1,1,1,1,1,0,NA,NA,NA,NA,NA,NA,NA,NA,"P5"
"8","Arkansas","fbs","SEC",2014,535877,"Keon Hatcher",63,11,11,5.72727272727273,11.8066781262289,0.187407589305221,1.07333437511172,422,6.6984126984127,38.3636363636364,0.46031746031746,35,63,0.555555555555556,1,0,365,409,452,425.5,557,201.5,456,277.5,"P5"
"8","Arkansas","fbs","SEC",2014,535889,"Jeremy Sprinkle",10,7,11,1.42857142857143,3.69250194541713,0.369250194541713,0.527500277916733,84,8.4,12,0.6,7,10,0.7,1,0,NA,NA,NA,NA,NA,NA,NA,NA,"P5"
"8","Arkansas","fbs","SEC",2014,535893,"Jonathan Williams",13,7,11,1.85714285714286,-0.26509354251595,-0.0203918109627653,-0.0378705060737071,42,3.23076923076923,6,0.307692307692308,10,13,0.769230769230769,1,1,NA,NA,NA,NA,NA,NA,NA,NA,"P5"
"8","Arkansas","fbs","SEC",2014,535894,"Demetrius Wilson",29,7,11,4.14285714285714,4.67911555977762,0.161348812406125,0.668445079968231,168,5.79310344827586,24,0.482758620689655,15,29,0.517241379310345,0,0,488,473,467,360.5,594,541,538,488,"P5"
"8","Arkansas","fbs","SEC",2014,547203,"Alex Collins",6,5,11,1.2,-4.47493879916696,-0.745823133194493,-0.894987759833391,9,1.5,1.8,0,3,6,0.5,0,0,NA,NA,NA,NA,NA,NA,NA,NA,"P5"
"8","Arkansas","fbs","SEC",2014,547215,"Patrick Arinze",3,3,11,1,1.35965483304327,0.453218277681091,0.453218277681091,19,6.33333333333333,6.33333333333333,0.666666666666667,3,3,1,0,0,NA,NA,NA,NA,NA,NA,NA,NA,"P5"
"8","Arkansas","fbs","SEC",2014,547216,"Korliss Marshall",6,3,11,2,2.7570685384556,0.459511423075933,0.919022846151866,37,6.16666666666667,12.3333333333333,0.5,6,6,1,0,0,NA,NA,NA,NA,NA,NA,NA,NA,"P5"
"8","Arkansas","fbs","SEC",2014,547232,"Drew Morgan",9,5,11,1.8,5.23394955912119,0.581549951013466,1.04678991182424,126,14,25.2,0.666666666666667,7,9,0.777777777777778,0,0,NA,NA,NA,NA,NA,NA,NA,NA,"P5"
"8","Arkansas","fbs","SEC",2014,547233,"Hunter Henry",52,10,11,5.2,42.4240888206612,0.815847861935793,4.24240888206612,475,9.13461538461539,47.5,0.596153846153846,35,52,0.673076923076923,2,0,50,58,36,97,305.5,167,187,177.5,"P5"
"8","Arkansas","fbs","SEC",2014,559629,"Jared Cornelius",20,6,11,3.33333333333333,9.57764093299326,0.478882046649663,1.59627348883221,145,7.25,24.1666666666667,0.55,13,20,0.65,1,0,NA,NA,NA,NA,NA,NA,NA,NA,"P5"
"8","Arkansas","fbs","SEC",2014,559632,"Cody Hollister",16,6,11,2.66666666666667,8.94452330561907,0.559032706601192,1.49075388426985,130,8.125,21.6666666666667,0.5625,12,16,0.75,0,0,NA,NA,NA,NA,NA,NA,NA,NA,"P5"
"8","Arkansas","fbs","SEC",2014,3128686,"Josh Williams",2,1,11,2,-3.78216288534809,-1.89108144267404,-3.78216288534809,0,0,0,0,0,2,0,0,0,NA,NA,NA,NA,NA,NA,NA,NA,"P5"
"8","Arkansas","fbs","SEC",2014,3128695,"Kendrick Edwards",4,3,11,1.33333333333333,4.60188547484804,1.15047136871201,1.53396182494935,46,11.5,15.3333333333333,0.75,3,4,0.75,1,0,NA,NA,NA,NA,NA,NA,NA,NA,"P5"
"84","Indiana","fbs","Big Ten",2014,499639,"Isaiah Roundtree",8,2,10,4,1.07353119133621,0.134191398917027,0.536765595668107,34,4.25,17,0.625,7,8,0.875,0,0,NA,NA,NA,NA,NA,NA,NA,NA,"P5"
"84","Indiana","fbs","Big Ten",2014,513035,"D'Angelo Roberts",9,4,10,2.25,-0.039432926179911,-0.00438143624221233,-0.00985823154497775,53,5.88888888888889,13.25,0.555555555555556,8,9,0.888888888888889,0,0,NA,NA,NA,NA,NA,NA,NA,NA,"P5"
"84","Indiana","fbs","Big Ten",2014,513037,"Nick Stoner",26,6,10,4.33333333333333,-2.09699085030497,-0.080653494242499,-0.349498475050829,153,5.88461538461539,25.5,0.423076923076923,16,26,0.615384615384615,0,0,576,581,582,489,448.5,568.5,533,464,"P5"
"84","Indiana","fbs","Big Ten",2014,513039,"Shane Wynn",73,10,10,7.3,22.928924716783,0.314094859134014,2.2928924716783,674,9.23287671232877,67.4,0.506849315068493,51,73,0.698630136986301,3,0,181,194,356,304,247,61,178,61,"P5"
"84","Indiana","fbs","Big Ten",2014,514100,"Michael Cooper",4,2,10,2,-0.352108168138644,-0.0880270420346611,-0.176054084069322,25,6.25,12.5,0.5,2,4,0.5,0,0,NA,NA,NA,NA,NA,NA,NA,NA,"P5"
"84","Indiana","fbs","Big Ten",2014,535801,"Tevin Coleman",31,9,10,3.44444444444444,-13.0266330165968,-0.420213968277317,-1.44740366851076,143,4.61290322580645,15.8888888888889,0.225806451612903,23,31,0.741935483870968,0,0,626,627,628,628,137,582.5,605,594,"P5"
"84","Indiana","fbs","Big Ten",2014,535803,"Anthony Corsaro",4,2,10,2,6.11758540716662,1.52939635179165,3.05879270358331,27,6.75,13.5,0.75,4,4,1,0,0,NA,NA,NA,NA,NA,NA,NA,NA,"P5"
"84","Indiana","fbs","Big Ten",2014,535812,"Ricky Jones",5,3,10,1.66666666666667,1.74865779011101,0.349731558022202,0.582885930037003,45,9,15,0.4,2,5,0.4,0,0,NA,NA,NA,NA,NA,NA,NA,NA,"P5"
"84","Indiana","fbs","Big Ten",2014,535825,"Nate Sudfeld",1,1,10,1,2.63781447971689,2.63781447971689,2.63781447971689,13,13,13,1,1,1,1,1,0,NA,NA,NA,NA,NA,NA,NA,NA,"P5"
"84","Indiana","fbs","Big Ten",2014,541613,"Andre Booker",1,1,10,1,1.46733199292926,1.46733199292926,1.46733199292926,21,21,21,1,1,1,1,0,0,NA,NA,NA,NA,NA,NA,NA,NA,"P5"
"84","Indiana","fbs","Big Ten",2014,3128248,"Dominique Booth",10,3,10,3.33333333333333,1.16538051015957,0.116538051015957,0.38846017005319,65,6.5,21.6666666666667,0.6,7,10,0.7,0,0,NA,NA,NA,NA,NA,NA,NA,NA,"P5"
"84","Indiana","fbs","Big Ten",2014,3128257,"Jordan Fuchs",3,3,10,1,5.13286068971675,1.71095356323892,1.71095356323892,31,10.3333333333333,10.3333333333333,0.666666666666667,3,3,1,1,0,NA,NA,NA,NA,NA,NA,NA,NA,"P5"
"84","Indiana","fbs","Big Ten",2014,3128260,"J-Shun Harris II",20,8,10,2.5,2.91282642449054,0.145641321224527,0.364103303061317,145,7.25,18.125,0.5,14,20,0.7,2,0,511,512,481,317.5,243,581,392,568,"P5"
"84","Indiana","fbs","Big Ten",2014,3128267,"Devine Redding",1,1,10,1,-0.878147757572777,-0.878147757572777,-0.878147757572777,0,0,0,0,0,1,0,0,0,NA,NA,NA,NA,NA,NA,NA,NA,"P5"
"87","Notre Dame","fbs","FBS Independents",2014,513343,"Amir Carlisle",31,8,12,3.875,15.3638825808144,0.495609115510141,1.9204853226018,287,9.25806451612903,35.875,0.548387096774194,20,31,0.645161290322581,3,0,301,262,203,205,387.5,358.5,176,310,"P5"
"87","Notre Dame","fbs","FBS Independents",2014,515409,"Everett Golson",3,1,12,3,10.0814026348825,3.36046754496082,10.0814026348825,84,28,84,1,3,3,1,3,0,NA,NA,NA,NA,NA,NA,NA,NA,"P5"
"87","Notre Dame","fbs","FBS Independents",2014,517617,"Ben Koyack",42,12,12,3.5,14.5819280612826,0.347188763363872,1.21516067177355,303,7.21428571428571,25.25,0.571428571428571,28,42,0.666666666666667,1,1,317,388,332,156,324.5,339,396,470,"P5"
"87","Notre Dame","fbs","FBS Independents",2014,517623,"Cam McDaniel",10,6,12,1.66666666666667,3.4845194474701,0.34845194474701,0.580753241245017,76,7.6,12.6666666666667,0.7,9,10,0.9,0,0,NA,NA,NA,NA,NA,NA,NA,NA,"P5"
"87","Notre Dame","fbs","FBS Independents",2014,535947,"Chris Brown",60,12,12,5,12.2211217638015,0.203685362730025,1.01842681365012,499,8.31666666666667,41.5833333333333,0.45,35,60,0.583333333333333,1,0,359,420,445,446,516.5,148.5,263,233,"P5"
"87","Notre Dame","fbs","FBS Independents",2014,535958,"C.J. Prosise",42,12,12,3.5,14.8065360006137,0.352536571443184,1.23387800005114,404,9.61904761904762,33.6666666666667,0.404761904761905,25,42,0.595238095238095,1,0,313,384,327,522,486,219.5,141.5,357,"P5"
"87","Notre Dame","fbs","FBS Independents",2014,550938,"Greg Bryant",5,3,12,1.66666666666667,4.37408926997606,0.874817853995212,1.45802975665869,50,10,16.6666666666667,0.8,5,5,1,0,0,NA,NA,NA,NA,NA,NA,NA,NA,"P5"
"87","Notre Dame","fbs","FBS Independents",2014,550944,"Tarean Folston",20,9,12,2.22222222222222,11.6960734672791,0.584803673363957,1.29956371858657,178,8.9,19.7777777777778,0.6,15,20,0.75,1,0,NA,NA,NA,NA,NA,NA,NA,NA,"P5"
"87","Notre Dame","fbs","FBS Independents",2014,550947,"Torii Hunter Jr.",7,5,12,1.4,6.13762823541376,0.876804033630537,1.22752564708275,65,9.28571428571429,13,0.857142857142857,7,7,1,1,0,NA,NA,NA,NA,NA,NA,NA,NA,"P5"
"87","Notre Dame","fbs","FBS Independents",2014,550962,"Corey Robinson",60,12,12,5,39.6475937753865,0.660793229589774,3.30396614794887,539,8.98333333333333,44.9166666666667,0.6,40,60,0.666666666666667,5,1,59,99,85,93.5,324.5,119,199,205,"P5"
"87","Notre Dame","fbs","FBS Independents",2014,550966,"Durham Smythe",1,1,12,1,1.2702080380544,1.2702080380544,1.2702080380544,7,7,7,1,1,1,1,0,0,NA,NA,NA,NA,NA,NA,NA,NA,"P5"
"9","Arizona State","fbs","Pac-12",2014,504700,"Taylor Kelly",5,3,10,1.66666666666667,14.1991990240753,2.83983980481506,4.73306634135844,39,7.8,13,1,5,5,1,5,0,NA,NA,NA,NA,NA,NA,NA,NA,"P5"
"9","Arizona State","fbs","Pac-12",2014,504702,"Deantre Lewis",8,5,10,1.6,-1.11144729498036,-0.138930911872545,-0.222289458996072,82,10.25,16.4,0.5,7,8,0.875,0,0,NA,NA,NA,NA,NA,NA,NA,NA,"P5"
"9","Arizona State","fbs","Pac-12",2014,517393,"Mike Bercovici",2,1,10,2,3.53787808679306,1.76893904339653,3.53787808679306,11,5.5,11,1,2,2,1,2,0,NA,NA,NA,NA,NA,NA,NA,NA,"P5"
"9","Arizona State","fbs","Pac-12",2014,517396,"Gary Chambers",6,3,10,2,8.33457162307172,1.38909527051195,2.77819054102391,130,21.6666666666667,43.3333333333333,0.833333333333333,5,6,0.833333333333333,0,0,NA,NA,NA,NA,NA,NA,NA,NA,"P5"
"9","Arizona State","fbs","Pac-12",2014,534754,"D.J. Foster",64,10,10,6.4,25.2550868101276,0.394610731408244,2.52550868101276,552,8.625,55.2,0.484375,50,64,0.78125,3,0,154,180,290,355,81.5,114.5,237,117,"P5"
"9","Arizona State","fbs","Pac-12",2014,534755,"Frederick Gammage",11,6,10,1.83333333333333,3.80274332210409,0.345703938373099,0.633790553684016,71,6.45454545454545,11.8333333333333,0.454545454545455,9,11,0.818181818181818,1,0,NA,NA,NA,NA,NA,NA,NA,NA,"P5"
"9","Arizona State","fbs","Pac-12",2014,534761,"Kody Kohl",13,6,10,2.16666666666667,11.2462691760739,0.865097628928764,1.87437819601232,123,9.46153846153846,20.5,0.615384615384615,10,13,0.769230769230769,2,0,NA,NA,NA,NA,NA,NA,NA,NA,"P5"
"9","Arizona State","fbs","Pac-12",2014,546444,"Ellis Jefferson",3,2,10,1.5,5.38235231822797,1.79411743940932,2.69117615911399,64,21.3333333333333,32,1,3,3,1,0,0,NA,NA,NA,NA,NA,NA,NA,NA,"P5"
"9","Arizona State","fbs","Pac-12",2014,546449,"Ronald Lewis",1,1,10,1,0.458610905349441,0.458610905349441,0.458610905349441,6,6,6,1,1,1,1,0,0,NA,NA,NA,NA,NA,NA,NA,NA,"P5"
"9","Arizona State","fbs","Pac-12",2014,546457,"De'Marieya Nelson",11,7,10,1.57142857142857,5.19080082046127,0.471890983678297,0.74154297435161,82,7.45454545454545,11.7142857142857,0.727272727272727,10,11,0.909090909090909,0,0,NA,NA,NA,NA,NA,NA,NA,NA,"P5"
"9","Arizona State","fbs","Pac-12",2014,546463,"Cameron Smith",45,9,10,5,28.4259372970968,0.63168749549104,3.1584374774552,487,10.8222222222222,54.1111111111111,0.488888888888889,32,45,0.711111111111111,5,0,124,110,105,342,213.5,158,68,128,"P5"
"9","Arizona State","fbs","Pac-12",2014,546465,"Jaelen Strong",85,9,10,9.44444444444444,38.9681235158454,0.458448511951122,4.3297915017606,747,8.78823529411765,83,0.470588235294118,50,85,0.588235294117647,7,0,61,47,236,393.5,507.5,43,214,28,"P5"
"9","Arizona State","fbs","Pac-12",2014,3128774,"Kalen Ballage",2,2,10,1,2.00898491688656,1.00449245844328,1.00449245844328,35,17.5,17.5,0.5,2,2,1,1,0,NA,NA,NA,NA,NA,NA,NA,NA,"P5"
"9","Arizona State","fbs","Pac-12",2014,3128800,"Demario Richard",9,4,10,2.25,5.79129295290761,0.643476994767512,1.4478232382269,98,10.8888888888889,24.5,0.555555555555556,5,9,0.555555555555556,1,0,NA,NA,NA,NA,NA,NA,NA,NA,"P5"
"96","Kentucky","fbs","SEC",2014,501858,"Braylon Heard",24,10,11,2.4,-11.0401918479516,-0.460007993664651,-1.10401918479516,108,4.5,10.8,0.291666666666667,21,24,0.875,0,0,624,622,629,619,15.5,616,610,620,"P5"
"96","Kentucky","fbs","SEC",2014,504155,"Ronnie Shields",2,1,11,2,-0.483670748483697,-0.241835374241848,-0.483670748483697,11,5.5,11,0.5,1,2,0.5,0,0,NA,NA,NA,NA,NA,NA,NA,NA,"P5"
"96","Kentucky","fbs","SEC",2014,517207,"Darrell Warren",2,2,11,1,4.25082460793865,2.12541230396932,2.12541230396932,15,7.5,7.5,1,2,2,1,0,0,NA,NA,NA,NA,NA,NA,NA,NA,"P5"
"96","Kentucky","fbs","SEC",2014,517426,"Demarco Robinson",52,11,11,4.72727272727273,19.164562156467,0.368549272239749,1.74223292331518,422,8.11538461538461,38.3636363636364,0.461538461538462,32,52,0.615384615384615,1,0,238,302,313,423,448.5,201.5,289,277.5,"P5"
"96","Kentucky","fbs","SEC",2014,530944,"Patrick Towles",3,3,11,1,9.96537971427118,3.32179323809039,3.32179323809039,68,22.6666666666667,22.6666666666667,1,3,3,1,2,0,NA,NA,NA,NA,NA,NA,NA,NA,"P5"
"96","Kentucky","fbs","SEC",2014,546387,"Steven Borden",1,1,11,1,-0.65601849771226,-0.65601849771226,-0.65601849771226,1,1,1,0,1,1,1,0,0,NA,NA,NA,NA,NA,NA,NA,NA,"P5"
"96","Kentucky","fbs","SEC",2014,551092,"Javess Blue",38,9,11,4.22222222222222,29.6049762986297,0.779078323648149,3.28944181095885,474,12.4736842105263,52.6666666666667,0.526315789473684,26,38,0.684210526315789,4,0,116,101,45,257,283.5,168.5,17,139.5,"P5"
"96","Kentucky","fbs","SEC",2014,551099,"Joey Herrick",9,5,11,1.8,11.9120503623711,1.32356115137456,2.38241007247422,104,11.5555555555556,20.8,0.666666666666667,7,9,0.777777777777778,0,0,NA,NA,NA,NA,NA,NA,NA,NA,"P5"
"96","Kentucky","fbs","SEC",2014,551103,"Jojo Kemp",4,3,11,1.33333333333333,-3.90239316402081,-0.975598291005203,-1.30079772134027,12,3,4,0,3,4,0.75,0,0,NA,NA,NA,NA,NA,NA,NA,NA,"P5"
"96","Kentucky","fbs","SEC",2014,551114,"Ryan Timmons",55,10,11,5.5,11.7813976997583,0.214207230904696,1.17813976997583,413,7.50909090909091,41.3,0.436363636363636,41,55,0.745454545454545,1,0,366,391,431,466,128,209.5,360,238,"P5"
"96","Kentucky","fbs","SEC",2014,559620,"Mikel Horton",3,3,11,1,-3.75597791016529,-1.25199263672176,-1.25199263672176,-2,-0.666666666666667,-0.666666666666667,0,2,3,0.666666666666667,0,1,NA,NA,NA,NA,NA,NA,NA,NA,"P5"
"96","Kentucky","fbs","SEC",2014,559628,"T.V. Williams",3,3,11,1,-0.380004927621106,-0.126668309207035,-0.126668309207035,19,6.33333333333333,6.33333333333333,0.333333333333333,2,3,0.666666666666667,0,0,NA,NA,NA,NA,NA,NA,NA,NA,"P5"
"96","Kentucky","fbs","SEC",2014,3126325,"Dorian Baker",27,7,11,3.85714285714286,0.0696818536994814,0.00258080939627709,0.00995455052849735,170,6.2962962962963,24.2857142857143,0.481481481481481,16,27,0.592592592592593,1,0,552,552,551,366.5,491.5,536.5,495,482,"P5"
"96","Kentucky","fbs","SEC",2014,3126329,"Garrett Johnson",27,9,11,3,11.5359926830655,0.427258988261686,1.28177696478506,242,8.96296296296296,26.8888888888889,0.37037037037037,18,27,0.666666666666667,2,0,371,374,257,564,324.5,424.5,200,445,"P5"
"96","Kentucky","fbs","SEC",2014,3126338,"Stanley Williams",20,8,11,2.5,4.09101493449261,0.20455074672463,0.511376866811576,137,6.85,17.125,0.55,16,20,0.8,0,1,NA,NA,NA,NA,NA,NA,NA,NA,"P5"
"96","Kentucky","fbs","SEC",2014,3126339,"Blake Bone",23,7,11,3.28571428571429,1.33426272124953,0.058011422663023,0.190608960178504,129,5.60869565217391,18.4285714285714,0.434782608695652,12,23,0.521739130434783,1,0,535,529,522,470,587,595.5,551,562.5,"P5"
"96","Kentucky","fbs","SEC",2014,3133566,"Charles Walker",1,1,11,1,-0.172005453694149,-0.172005453694149,-0.172005453694149,4,4,4,0,1,1,1,0,0,NA,NA,NA,NA,NA,NA,NA,NA,"P5"
"97","Louisville","fbs","ACC",2014,500362,"Michaelee Harris",11,7,11,1.57142857142857,0.780174743865199,0.0709249767150181,0.111453534837886,73,6.63636363636364,10.4285714285714,0.363636363636364,7,11,0.636363636363636,0,0,NA,NA,NA,NA,NA,NA,NA,NA,"P5"
"97","Louisville","fbs","ACC",2014,500365,"Dominique Brown",13,4,11,3.25,1.63986434294298,0.126143410995614,0.409966085735744,80,6.15384615384615,20,0.384615384615385,6,13,0.461538461538462,0,0,NA,NA,NA,NA,NA,NA,NA,NA,"P5"
"97","Louisville","fbs","ACC",2014,501524,"Gerald Christian",41,11,11,3.72727272727273,6.60447553415156,0.161084769125648,0.60040686674105,316,7.70731707317073,28.7272727272727,0.463414634146341,26,41,0.634146341463415,2,1,453,484,468,415.5,408.5,320,339,426,"P5"
"97","Louisville","fbs","ACC",2014,504101,"Michael Dyer",5,5,11,1,-1.27496025918456,-0.254992051836912,-0.254992051836912,31,6.2,6.2,0.2,2,5,0.4,0,0,NA,NA,NA,NA,NA,NA,NA,NA,"P5"
"97","Louisville","fbs","ACC",2014,504320,"Matt Milton",2,1,11,2,3.51675322575668,1.75837661287834,3.51675322575668,51,25.5,51,1,2,2,1,0,0,NA,NA,NA,NA,NA,NA,NA,NA,"P5"
"97","Louisville","fbs","ACC",2014,511615,"DeVante Parker",54,5,11,10.8,34.8903222497136,0.6461170786984,6.97806444994272,628,11.6296296296296,125.6,0.555555555555556,32,54,0.592592592592593,2,0,83,6,94,190.5,491.5,80,38,3,"P5"
"97","Louisville","fbs","ACC",2014,511635,"Eli Rogers",61,11,11,5.54545454545455,-0.844667401511819,-0.013847006582161,-0.0767879455919835,374,6.13114754098361,34,0.344262295081967,33,61,0.540983606557377,1,0,563,564,559,591,566,250,512,349,"P5"
"97","Louisville","fbs","ACC",2014,530357,"Will Gardner",4,3,11,1.33333333333333,16.4349012932706,4.10872532331764,5.47830043109019,135,33.75,45,1,4,4,1,4,0,NA,NA,NA,NA,NA,NA,NA,NA,"P5"
"97","Louisville","fbs","ACC",2014,530360,"Brandon Radcliff",10,5,11,2,2.40855758029214,0.240855758029214,0.481711516058428,83,8.3,16.6,0.3,5,10,0.5,0,0,NA,NA,NA,NA,NA,NA,NA,NA,"P5"
"97","Louisville","fbs","ACC",2014,530369,"Lamar Atkins",1,1,11,1,1.04791866085471,1.04791866085471,1.04791866085471,9,9,9,1,1,1,1,0,0,NA,NA,NA,NA,NA,NA,NA,NA,"P5"
"97","Louisville","fbs","ACC",2014,545559,"Kyle Bolin",2,1,11,2,7.07211938328371,3.53605969164186,7.07211938328371,78,39,78,1,2,2,1,2,0,NA,NA,NA,NA,NA,NA,NA,NA,"P5"
"97","Louisville","fbs","ACC",2014,545561,"James Quick",51,9,11,5.66666666666667,0.280089719474295,0.0054919552838097,0.0311210799415883,384,7.52941176470588,42.6666666666667,0.392156862745098,30,51,0.588235294117647,1,0,544,545,547,539,507.5,240,355,225,"P5"
"97","Louisville","fbs","ACC",2014,545580,"Keith Towbridge",5,3,11,1.66666666666667,6.32886362455154,1.26577272491031,2.10962120818385,72,14.4,24,0.8,5,5,1,0,0,NA,NA,NA,NA,NA,NA,NA,NA,"P5"
"97","Louisville","fbs","ACC",2014,545582,"Kai De La Cruz",25,8,11,3.125,15.9763143130969,0.639052572523877,1.99703928913711,200,8,25,0.56,18,25,0.72,1,0,288,243,100,182,191,483.5,303,474.5,"P5"
"97","Louisville","fbs","ACC",2014,3116642,"Reggie Bonnafon",2,1,11,2,7.60817111652119,3.80408555826059,7.60817111652119,41,20.5,41,1,2,2,1,2,0,NA,NA,NA,NA,NA,NA,NA,NA,"P5"
"97","Louisville","fbs","ACC",2014,3116659,"Charles Standberry",9,6,11,1.5,6.03975075921227,0.671083417690252,1.00662512653538,51,5.66666666666667,8.5,0.555555555555556,6,9,0.666666666666667,2,0,NA,NA,NA,NA,NA,NA,NA,NA,"P5"
"97","Louisville","fbs","ACC",2014,3147892,"Kai Dela Cruz",3,1,11,3,1.67896544778068,0.559655149260227,1.67896544778068,41,13.6666666666667,41,0.666666666666667,3,3,1,0,0,NA,NA,NA,NA,NA,NA,NA,NA,"P5"
"98","Western Kentucky","fbs","Conference USA",2014,504872,"Joel German",36,12,12,3,12.801922696985,0.355608963805138,1.06682689141541,331,9.19444444444444,27.5833333333333,0.472222222222222,23,36,0.638888888888889,3,0,347,410,323,389,400,298.5,181,436,"G5"
"98","Western Kentucky","fbs","Conference USA",2014,504891,"Willie McNeal",70,11,12,6.36363636363636,19.5646910571763,0.27949558653109,1.77860827792512,496,7.08571428571429,45.0909090909091,0.414285714285714,48,70,0.685714285714286,7,0,230,291,378,504,281.5,151,412,203,"G5"
"98","Western Kentucky","fbs","Conference USA",2014,515708,"Tyler Higbee",20,5,12,4,18.0950045007078,0.90475022503539,3.61900090014156,226,11.3,45.2,0.6,14,20,0.7,4,0,NA,NA,NA,NA,NA,NA,NA,NA,"G5"
"98","Western Kentucky","fbs","Conference USA",2014,515726,"Mitchell Henry",36,10,12,3.6,23.8290684880563,0.661918569112674,2.38290684880563,416,11.5555555555556,41.6,0.666666666666667,28,36,0.777777777777778,2,1,165,189,84,27.5,84.5,207,40,232,"G5"
"98","Western Kentucky","fbs","Conference USA",2014,515727,"Tim Gorski",1,1,12,1,1.73380015395562,1.73380015395562,1.73380015395562,25,25,25,1,1,1,1,0,0,NA,NA,NA,NA,NA,NA,NA,NA,"G5"
"98","Western Kentucky","fbs","Conference USA",2014,536440,"Anthony Wales",17,8,12,2.125,4.43703899587452,0.261002293874972,0.554629874484315,115,6.76470588235294,14.375,0.529411764705882,14,17,0.823529411764706,0,0,NA,NA,NA,NA,NA,NA,NA,NA,"G5"
"98","Western Kentucky","fbs","Conference USA",2014,536443,"Darmontre Warr",1,1,12,1,-1.20695023602167,-1.20695023602167,-1.20695023602167,0,0,0,0,0,1,0,0,0,NA,NA,NA,NA,NA,NA,NA,NA,"G5"
"98","Western Kentucky","fbs","Conference USA",2014,536444,"Leon Allen",52,12,12,4.33333333333333,26.3395870075562,0.50653051937608,2.19496558396301,431,8.28846153846154,35.9166666666667,0.576923076923077,46,52,0.884615384615385,3,1,141,203,186,136,14,195.5,266,308,"G5"
"98","Western Kentucky","fbs","Conference USA",2014,546167,"Lonnie Turner",1,1,12,1,-0.518985053632207,-0.518985053632207,-0.518985053632207,1,1,1,0,1,1,1,0,0,NA,NA,NA,NA,NA,NA,NA,NA,"G5"
"98","Western Kentucky","fbs","Conference USA",2014,552775,"Taywan Taylor",53,11,12,4.81818181818182,53.7116394103168,1.01342715868522,4.8828763100288,739,13.9433962264151,67.1818181818182,0.660377358490566,44,53,0.830188679245283,7,0,21,31,11,30,38,45,6,64,"G5"
"98","Western Kentucky","fbs","Conference USA",2014,552777,"Kylen Towner",1,1,12,1,-0.810841756665538,-0.810841756665538,-0.810841756665538,-3,-3,-3,0,1,1,1,0,1,NA,NA,NA,NA,NA,NA,NA,NA,"G5"
"98","Western Kentucky","fbs","Conference USA",2014,552967,"Nicholas Norris",30,10,12,3,19.0682568511833,0.63560856170611,1.90682568511833,338,11.2666666666667,33.8,0.5,19,30,0.633333333333333,2,0,239,265,102,317.5,412,290.5,54,353,"G5"
"98","Western Kentucky","fbs","Conference USA",2014,3124776,"Nacarius Fant",1,1,12,1,-0.372737199361856,-0.372737199361856,-0.372737199361856,3,3,3,0,1,1,1,0,0,NA,NA,NA,NA,NA,NA,NA,NA,"G5"
"98","Western Kentucky","fbs","Conference USA",2014,3124785,"Antwane Grant",56,9,12,6.22222222222222,30.6539387762443,0.547391763861505,3.40599319736048,458,8.17857142857143,50.8888888888889,0.589285714285714,38,56,0.678571428571429,4,1,105,93,156,110.5,291,183,283,151,"G5"
"98","Western Kentucky","fbs","Conference USA",2014,3124788,"Jared Dangerfield",83,12,12,6.91666666666667,42.760380964722,0.515185312827976,3.5633650803935,697,8.39759036144578,58.0833333333333,0.602409638554217,62,83,0.746987951807229,9,1,48,84,180,91,125,53,256,102,"G5"
"99","LSU","fbs","SEC",2014,501529,"Travis Dickson",9,7,11,1.28571428571429,-5.0046152977194,-0.556068366413266,-0.714945042531342,60,6.66666666666667,8.57142857142857,0.333333333333333,7,9,0.777777777777778,0,1,NA,NA,NA,NA,NA,NA,NA,NA,"P5"
"99","LSU","fbs","SEC",2014,504175,"Connor Neighbors",5,3,11,1.66666666666667,2.01477711562394,0.402955423124787,0.671592371874646,27,5.4,9,0.4,4,5,0.8,0,0,NA,NA,NA,NA,NA,NA,NA,NA,"P5"
"99","LSU","fbs","SEC",2014,517209,"Terrence Magee",21,9,11,2.33333333333333,6.37720442397234,0.30367640114154,0.708578269330259,162,7.71428571428571,18,0.428571428571429,16,21,0.761904761904762,0,0,460,468,364,481,101,550,337,571.5,"P5"
"99","LSU","fbs","SEC",2014,517214,"Kenny Hilliard",4,3,11,1.33333333333333,1.5160706850408,0.379017671260201,0.505356895013601,35,8.75,11.6666666666667,0.75,4,4,1,0,0,NA,NA,NA,NA,NA,NA,NA,NA,"P5"
"99","LSU","fbs","SEC",2014,534444,"Travin Dural",64,11,11,5.81818181818182,21.802356098664,0.340661814041626,1.98203237260582,586,9.15625,53.2727272727273,0.453125,33,64,0.515625,3,0,192,246,337,436,595,100,186,133,"P5"
"99","LSU","fbs","SEC",2014,545891,"Melvin Jones",5,2,11,2.5,2.60567409831585,0.52113481966317,1.30283704915792,22,4.4,11,0.6,5,5,1,1,0,NA,NA,NA,NA,NA,NA,NA,NA,"P5"
"99","LSU","fbs","SEC",2014,545902,"John Diarse",16,6,11,2.66666666666667,19.177677320544,1.198604832534,3.19627955342401,169,10.5625,28.1666666666667,0.5625,11,16,0.6875,2,0,NA,NA,NA,NA,NA,NA,NA,NA,"P5"
"99","LSU","fbs","SEC",2014,546033,"Anthony Jennings",3,3,11,1,9.86509044062191,3.2883634802073,3.2883634802073,49,16.3333333333333,16.3333333333333,1,3,3,1,3,0,NA,NA,NA,NA,NA,NA,NA,NA,"P5"
"99","LSU","fbs","SEC",2014,559594,"Darrel Williams",7,5,11,1.4,3.13742732430104,0.448203903471578,0.627485464860209,63,9,12.6,0.714285714285714,6,7,0.857142857142857,0,0,NA,NA,NA,NA,NA,NA,NA,NA,"P5"
"99","LSU","fbs","SEC",2014,559752,"Leonard Fournette",7,5,11,1.4,0.844155070752136,0.120593581536019,0.168831014150427,95,13.5714285714286,19,0.428571428571429,5,7,0.714285714285714,0,0,NA,NA,NA,NA,NA,NA,NA,NA,"P5"
"99","LSU","fbs","SEC",2014,559753,"Trey Quinn",28,8,11,3.5,-1.2208655460804,-0.0436023409314427,-0.15260819326005,167,5.96428571428571,20.875,0.392857142857143,15,28,0.535714285714286,0,0,569,570,570,538,572,544,521,530,"P5"
"99","LSU","fbs","SEC",2014,559754,"Malachi Dupre",25,7,11,3.57142857142857,12.4307966804703,0.497231867218813,1.77582809721005,281,11.24,40.1428571428571,0.4,11,25,0.44,3,0,354,292,199,528,625,366.5,57,253,"P5"
